"FSC-A","FSC-H","FSC-W","SSC-A","SSC-H","SSC-W","BL1-A","BL1-H","BL1-W","BL3-A","BL3-H","BL3-W","Event","VL1-A","VL1-H","VL1-W","Time"
535,1023,0,328,1023,0,465,322,305,351,331,305,305,775,752,305,0
511,1023,0,380,1023,0,471,327,305,375,338,305,305,790,770,305,0
433,1023,0,406,1023,0,444,323,305,372,329,305,305,769,757,305,0
420,1023,0,212,1023,0,454,321,305,319,328,305,305,742,731,305,0
533,1023,0,274,1023,0,484,324,305,369,332,305,306,726,712,305,0
498,1023,0,403,1023,0,458,325,305,353,331,305,306,791,774,305,0
405,656,0,295,1023,0,566,353,305,490,368,305,306,452,366,305,0
352,1023,0,211,1023,0,431,316,305,236,317,305,306,681,669,305,0
659,1023,0,388,1023,0,711,646,305,497,398,305,306,740,716,305,0
454,1023,0,322,1023,0,498,324,305,386,339,305,306,745,730,305,0
738,1023,0,406,1023,0,464,328,305,374,340,305,306,797,760,305,0
487,1023,0,425,1023,0,508,325,305,408,336,305,306,751,723,305,0
482,1023,0,280,1023,0,485,322,305,334,323,305,307,752,723,305,0
405,1023,0,227,1023,0,414,316,305,328,317,305,307,700,685,305,0
360,1023,0,245,1023,0,478,326,305,312,316,305,307,735,727,305,0
397,1023,0,230,1023,0,458,321,305,299,328,305,307,695,688,305,0
477,1023,0,449,1023,0,490,323,305,396,341,305,307,740,718,305,0
565,1023,0,342,1023,0,446,316,305,369,339,305,307,746,730,305,0
323,1023,0,221,1023,0,356,312,305,293,317,305,307,682,674,305,0
370,1023,0,254,1023,0,422,318,305,321,322,305,307,682,673,305,0
316,1023,0,164,1023,0,0,310,305,0,313,305,307,663,648,305,9
394,1023,0,319,1023,0,475,328,305,328,328,305,307,707,697,305,9
380,1023,0,170,1023,0,367,315,305,347,335,305,308,377,348,305,9
353,1023,0,215,1023,0,444,321,305,306,323,305,308,719,711,305,9
668,1023,0,506,1023,0,503,327,305,400,333,305,308,779,739,305,9
473,1023,0,333,1023,0,493,333,305,371,332,305,308,715,696,305,9
433,1023,0,302,1023,0,492,328,305,382,342,305,308,718,708,305,9
684,1023,0,489,1023,0,502,334,305,433,342,305,308,785,743,305,9
407,1023,0,254,1023,0,422,317,305,267,317,305,308,729,718,305,9
669,1023,0,614,1023,0,487,331,305,404,342,305,308,808,785,305,9
442,1023,0,410,1023,0,473,323,305,362,331,305,308,737,713,305,9
396,1023,0,268,1023,0,483,322,305,362,326,305,308,712,696,305,9
545,1023,0,480,1023,0,695,635,305,465,386,305,308,764,748,305,9
762,1023,0,514,1023,0,511,328,305,432,337,305,308,773,697,305,9
584,1023,0,312,1023,0,546,333,305,422,338,305,308,821,797,305,9
364,1023,0,131,773,0,430,313,305,210,320,305,309,661,649,305,9
483,1023,0,308,1023,0,828,838,305,617,578,305,309,698,688,305,9
477,1023,0,352,1023,0,553,371,305,365,328,305,309,714,697,305,9
371,1023,0,272,1023,0,477,326,305,357,329,305,309,713,697,305,9
567,1023,0,305,1023,0,506,333,305,385,338,305,309,771,759,305,9
413,1023,0,186,1023,0,424,317,305,288,323,305,309,693,686,305,9
496,1023,0,270,1023,0,472,325,305,365,331,305,309,710,691,305,9
487,1023,0,208,1023,0,447,318,305,335,320,305,309,729,710,305,18
434,1023,0,185,1023,0,413,317,305,286,322,305,310,686,664,305,18
391,1023,0,182,1023,0,423,316,305,299,321,305,310,722,706,305,18
563,1023,0,176,1023,0,612,486,305,376,338,305,310,736,729,305,18
376,1023,0,157,1023,0,413,318,305,311,320,305,310,697,668,305,18
369,1023,0,152,970,0,433,317,305,296,321,305,310,690,675,305,18
513,1023,0,315,1023,0,492,331,305,336,325,305,310,699,675,305,18
428,1023,0,335,1023,0,500,323,305,393,335,305,310,740,731,305,18
643,1023,0,360,1023,0,463,323,305,374,323,305,310,730,714,305,18
456,1023,0,240,1023,0,425,322,305,377,337,305,310,720,699,305,18
483,1023,0,461,1023,0,487,324,305,401,333,305,310,771,746,305,18
698,1023,0,490,1023,0,477,322,305,392,331,305,310,791,713,305,18
647,1023,0,386,1023,0,489,323,305,408,344,305,310,750,729,305,18
800,1023,0,538,1023,0,572,337,305,470,344,305,310,835,783,305,18
385,1023,0,225,1023,0,344,312,305,253,314,305,310,737,723,305,18
517,1023,0,364,1023,0,446,323,305,369,336,305,310,753,739,305,18
476,1023,0,129,956,0,467,318,305,371,336,305,310,701,693,305,18
447,1023,0,330,1023,0,439,321,305,311,317,305,311,726,713,305,18
435,1023,0,272,1023,0,436,316,305,324,329,305,311,729,723,305,18
447,1023,0,285,1023,0,478,323,305,285,320,305,311,708,682,305,18
521,1023,0,337,1023,0,484,329,305,403,339,305,311,693,669,305,18
365,1023,0,328,1023,0,448,320,305,316,323,305,311,763,754,305,18
440,1023,0,284,1023,0,428,317,305,299,317,305,311,755,745,305,18
482,1023,0,249,1023,0,427,318,305,331,324,305,311,741,719,305,18
622,1023,0,384,1023,0,488,328,305,356,329,305,311,742,718,305,18
308,1023,0,118,863,0,419,318,305,279,314,305,311,656,649,305,18
403,1023,0,189,1023,0,474,325,305,331,325,305,311,702,687,305,27
396,1023,0,229,1023,0,467,318,305,331,325,305,311,701,691,305,27
458,1023,0,270,1023,0,449,316,305,338,330,305,311,703,694,305,27
416,1023,0,320,1023,0,468,333,305,375,331,305,311,704,680,305,27
456,1023,0,341,1023,0,462,325,305,384,342,305,312,749,736,305,27
600,1023,0,243,1023,0,473,320,305,368,329,305,312,772,747,305,27
524,1023,0,367,1023,0,461,320,305,333,321,305,312,782,760,305,27
573,1023,0,470,1023,0,555,367,305,387,337,305,312,761,738,305,27
489,1023,0,359,1023,0,442,319,305,354,324,305,312,740,728,305,27
334,1023,0,196,1023,0,397,316,305,275,315,305,312,673,665,305,27
485,1023,0,208,1023,0,429,317,305,333,323,305,312,735,718,305,27
477,1023,0,399,1023,0,522,358,305,297,333,305,312,753,739,305,27
435,1023,0,313,1023,0,396,317,305,331,341,305,312,725,714,305,27
372,1023,0,208,1023,0,453,316,305,359,336,305,312,685,676,305,27
331,1023,0,233,1023,0,398,316,305,251,323,305,313,692,680,305,27
390,1023,0,347,1023,0,487,324,305,374,336,305,313,747,733,305,27
386,1023,0,289,1023,0,468,321,305,387,348,305,313,708,696,305,27
395,1023,0,289,1023,0,455,323,305,355,333,305,313,714,698,305,27
479,1023,0,320,1023,0,451,319,305,326,327,305,313,746,730,305,27
414,1023,0,183,1023,0,649,551,305,399,350,305,313,669,656,305,27
577,1023,0,387,1023,0,474,323,305,391,341,305,313,705,679,305,36
531,1023,0,400,1023,0,479,325,305,313,327,305,313,747,727,305,36
458,1023,0,304,1023,0,465,322,305,330,322,305,313,715,693,305,36
465,1023,0,332,1023,0,471,325,305,338,329,305,313,717,701,305,36
409,1023,0,264,1023,0,457,320,305,280,319,305,313,736,712,305,36
378,1023,0,189,1023,0,453,320,305,324,325,305,314,678,661,305,36
601,1023,0,546,1023,0,499,321,305,402,335,305,314,779,729,305,36
391,1023,0,373,1023,0,407,319,305,154,323,305,314,739,724,305,36
395,1023,0,223,1023,0,473,319,305,269,318,305,314,692,679,305,36
608,1023,0,365,1023,0,672,578,305,448,363,305,314,762,744,305,36
445,1023,0,159,1023,0,460,320,305,274,320,305,314,723,710,305,36
388,1023,0,211,1023,0,459,317,305,394,338,305,314,709,693,305,36
413,1023,0,175,1023,0,467,320,305,347,327,305,314,688,675,305,36
432,1023,0,228,1023,0,401,316,305,275,321,305,315,704,692,305,36
639,1023,0,421,1023,0,450,326,305,351,329,305,315,766,753,305,36
349,1023,0,204,1023,0,456,321,305,261,314,305,315,659,650,305,36
339,1023,0,185,1023,0,448,319,305,212,318,305,315,681,671,305,45
522,1023,0,375,1023,0,460,326,305,322,329,305,315,748,721,305,45
418,1023,0,271,1023,0,464,323,305,336,333,305,315,717,707,305,45
430,1023,0,155,1023,0,220,314,305,0,316,305,315,672,656,305,45
563,1023,0,402,1023,0,458,321,305,312,323,305,315,767,753,305,45
415,1023,0,205,1023,0,405,317,305,310,316,305,315,683,653,305,45
492,1023,0,297,1023,0,490,342,305,394,355,305,315,679,658,305,45
446,1023,0,193,1023,0,441,324,305,346,332,305,315,677,672,305,45
348,1023,0,180,1023,0,360,314,305,289,321,305,315,706,699,305,45
514,1023,0,323,1023,0,459,323,305,371,330,305,315,766,750,305,45
408,1023,0,247,1023,0,450,320,305,321,322,305,315,693,676,305,45
467,1023,0,327,1023,0,591,427,305,379,339,305,315,724,712,305,45
448,1023,0,264,1023,0,462,325,305,368,336,305,315,717,700,305,45
391,1023,0,222,1023,0,447,318,305,258,320,305,315,665,644,305,45
307,1023,0,187,1023,0,331,312,305,314,319,305,316,681,668,305,45
647,1023,0,315,1023,0,443,322,305,402,347,305,316,770,753,305,45
444,1023,0,439,1023,0,496,328,305,386,337,305,316,774,764,305,45
307,1023,0,250,1023,0,475,320,305,373,335,305,316,691,682,305,45
573,1023,0,232,1023,0,456,320,305,353,327,305,316,765,750,305,45
449,1023,0,327,1023,0,500,333,305,407,359,305,316,728,714,305,45
229,928,0,196,1023,0,440,322,305,327,330,305,316,707,691,305,45
566,1023,0,160,1016,0,573,417,305,319,331,305,316,718,691,305,45
501,1023,0,266,1023,0,479,321,305,360,328,305,316,764,735,305,45
309,1023,0,264,1023,0,494,325,305,390,338,305,316,692,672,305,45
454,1023,0,478,1023,0,476,328,305,349,326,305,316,774,762,305,45
422,1023,0,286,1023,0,481,324,305,367,334,305,316,700,681,305,45
529,1023,0,270,1023,0,458,318,305,298,317,305,317,742,709,305,45
433,1023,0,353,1023,0,512,336,305,393,331,305,317,722,707,305,45
314,1023,0,171,1023,0,461,320,305,332,325,305,317,683,676,305,54
626,1023,0,328,1023,0,481,325,305,371,334,305,317,796,765,305,54
405,1023,0,176,1023,0,447,324,305,261,318,305,317,727,716,305,54
431,1023,0,260,1023,0,434,322,305,317,324,305,317,747,722,305,54
429,1023,0,242,1023,0,460,322,305,276,319,305,317,677,656,305,54
364,1023,0,254,1023,0,461,323,305,363,338,305,317,715,703,305,54
435,1023,0,464,1023,0,467,324,305,331,323,305,317,756,736,305,54
498,1023,0,310,1023,0,496,325,305,393,336,305,317,741,724,305,54
459,1023,0,328,1023,0,495,331,305,366,331,305,317,718,698,305,54
498,1023,0,358,1023,0,475,321,305,338,327,305,317,740,724,305,54
579,1023,0,213,1023,0,476,326,305,380,328,305,318,677,661,305,54
526,1023,0,422,1023,0,497,324,305,377,337,305,318,774,754,305,54
378,1023,0,191,1023,0,381,311,305,299,322,305,318,726,702,305,54
460,1023,0,238,1023,0,473,321,305,276,322,305,318,714,696,305,54
521,1023,0,350,1023,0,486,322,305,372,331,305,318,705,694,305,54
450,1023,0,322,1023,0,473,326,305,366,333,305,318,756,740,305,54
384,1023,0,151,1023,0,427,317,305,311,320,305,318,680,664,305,54
389,1023,0,171,1023,0,433,318,305,319,322,305,318,707,691,305,54
536,1023,0,262,1023,0,409,321,305,368,330,305,318,737,724,305,54
523,1023,0,362,1023,0,447,317,305,330,323,305,319,749,726,305,63
358,1023,0,213,1023,0,434,316,305,313,325,305,319,693,673,305,63
394,1023,0,174,1023,0,443,319,305,327,325,305,319,713,698,305,63
414,1023,0,184,1023,0,437,320,305,347,324,305,319,683,675,305,63
351,1023,0,188,1023,0,411,316,305,182,315,305,319,682,668,305,63
373,1023,0,155,1023,0,465,319,305,296,316,305,319,670,658,305,63
531,1023,0,454,1023,0,441,330,305,360,333,305,319,783,752,305,63
781,1023,0,434,1023,0,507,328,305,401,331,305,319,772,718,305,63
462,1023,0,148,990,0,435,321,305,301,317,305,319,680,665,305,63
482,1023,0,282,1023,0,455,327,305,347,331,305,319,734,709,305,63
507,1023,0,377,1023,0,469,328,305,368,330,305,320,748,726,305,63
404,1023,0,245,1023,0,321,316,305,0,314,305,320,726,714,305,63
454,1023,0,349,1023,0,454,327,305,348,330,305,320,756,747,305,63
496,1023,0,335,1023,0,459,321,305,354,334,305,320,743,726,305,63
530,1023,0,385,1023,0,453,323,305,341,328,305,320,761,749,305,63
441,1023,0,312,1023,0,426,317,305,328,322,305,320,735,720,305,63
328,1023,0,163,1023,0,476,326,305,268,321,305,320,662,649,305,63
462,1023,0,291,1023,0,473,324,305,343,320,305,320,697,679,305,63
474,1023,0,264,1023,0,478,326,305,357,327,305,320,697,676,305,63
477,1023,0,329,1023,0,465,330,305,322,325,305,320,714,693,305,63
580,1023,0,316,1023,0,434,320,305,344,336,305,321,693,674,305,63
579,1023,0,284,1023,0,555,371,305,375,339,305,321,724,703,305,63
508,1023,0,398,1023,0,543,367,305,417,351,305,321,751,736,305,72
392,1023,0,210,1023,0,423,318,305,314,320,305,321,697,685,305,72
393,1023,0,205,1023,0,455,322,305,338,328,305,321,683,676,305,72
333,1023,0,234,1023,0,434,319,305,320,316,305,321,709,696,305,72
380,1023,0,229,1023,0,427,315,305,323,317,305,321,736,729,305,72
665,1023,0,279,1023,0,467,321,305,335,325,305,321,755,737,305,72
318,1023,0,262,1023,0,319,313,305,227,314,305,321,722,709,305,72
669,1023,0,451,1023,0,460,321,305,383,336,305,321,736,691,305,72
488,1023,0,218,1023,0,788,776,305,569,498,305,321,723,703,305,72
745,1023,0,399,1023,0,466,321,305,388,335,305,321,712,687,305,72
621,1023,0,334,1023,0,858,867,305,670,630,305,322,788,772,305,72
592,1023,0,417,1023,0,449,325,305,339,321,305,322,757,722,305,72
623,1023,0,411,1023,0,493,339,305,404,347,305,322,788,756,305,72
253,1023,0,311,1023,0,339,312,305,340,334,305,322,628,619,305,72
416,1023,0,295,1023,0,476,323,305,348,328,305,322,705,692,305,72
560,1023,0,335,1023,0,482,323,305,358,330,305,322,742,715,305,72
451,1023,0,331,1023,0,472,320,305,408,343,305,322,745,731,305,72
403,1023,0,202,1023,0,465,321,305,334,326,305,322,686,674,305,72
475,1023,0,443,1023,0,474,323,305,338,329,305,322,740,722,305,81
401,1023,0,279,1023,0,417,322,305,280,319,305,323,708,701,305,81
569,1023,0,288,1023,0,454,320,305,336,322,305,323,725,704,305,81
517,1023,0,382,1023,0,501,331,305,361,329,305,323,732,707,305,81
340,1023,0,240,1023,0,547,329,305,394,324,305,323,744,733,305,90
349,1023,0,186,1023,0,695,616,305,504,383,305,324,653,610,305,90
503,1023,0,285,1023,0,0,305,305,0,305,305,324,667,668,305,90
467,1023,0,320,1023,0,0,305,305,0,310,305,324,743,729,305,90
570,1023,0,289,1023,0,550,368,305,445,352,305,324,725,707,305,90
285,1023,0,263,1023,0,352,323,305,331,327,305,324,707,696,305,90
586,1023,0,560,1023,0,472,323,305,327,330,305,324,771,756,305,90
664,1023,0,423,1023,0,525,328,305,400,334,305,324,767,706,305,90
550,1023,0,302,1023,0,527,336,305,410,333,305,324,747,677,305,90
319,1003,0,167,973,0,473,320,305,328,328,305,324,662,642,305,90
496,1023,0,384,1023,0,710,654,305,470,389,305,325,723,695,305,90
417,1023,0,120,736,0,469,326,305,342,323,305,325,678,640,305,90
318,1019,0,116,690,0,482,320,305,343,317,305,325,630,606,305,90
444,1023,0,272,1023,0,799,780,305,588,512,305,325,680,654,305,90
372,1023,0,178,1023,0,0,310,305,170,317,305,325,737,716,305,90
297,1023,0,149,1000,0,424,316,305,258,319,305,325,670,657,305,90
473,1023,0,193,1023,0,398,321,305,401,346,305,325,709,689,305,90
279,895,0,157,967,0,417,320,305,271,320,305,325,667,647,305,90
428,1023,0,303,1023,0,435,319,305,320,324,305,325,733,718,305,90
384,1023,0,195,1023,0,408,317,305,336,324,305,326,676,654,305,90
470,1023,0,271,1023,0,433,322,305,338,329,305,326,742,724,305,90
460,1023,0,254,1023,0,444,323,305,395,352,305,326,707,698,305,90
372,1023,0,203,1023,0,394,314,305,303,319,305,326,675,661,305,90
338,1023,0,207,1023,0,545,359,305,378,333,305,326,706,676,305,90
758,1023,0,609,1023,0,523,338,305,420,341,305,326,796,725,305,90
395,1023,0,448,1023,0,489,329,305,404,351,305,326,766,752,305,90
446,1023,0,226,1023,0,481,324,305,352,328,305,326,750,747,305,90
397,1023,0,224,1023,0,451,314,305,322,318,305,326,697,681,305,90
506,1023,0,217,1023,0,465,318,305,468,383,305,326,651,630,305,90
370,1023,0,258,1023,0,435,319,305,309,319,305,326,726,701,305,90
494,1023,0,387,1023,0,471,320,305,337,327,305,326,750,736,305,90
524,1023,0,290,1023,0,476,331,305,374,331,305,326,735,710,305,90
369,1023,0,229,1023,0,436,320,305,284,322,305,326,733,721,305,90
560,1023,0,443,1023,0,489,327,305,379,329,305,326,756,732,305,90
522,1023,0,386,1023,0,458,323,305,351,341,305,326,727,708,305,90
385,1023,0,203,1023,0,317,317,305,270,327,305,326,723,718,305,90
349,1023,0,209,1023,0,427,317,305,303,316,305,327,677,664,305,90
622,1023,0,335,1023,0,479,322,305,377,338,305,327,688,675,305,90
372,1023,0,258,1023,0,453,325,305,352,338,305,327,686,671,305,90
505,1023,0,359,1023,0,471,323,305,333,328,305,327,731,711,305,90
386,1023,0,248,1023,0,439,317,305,344,328,305,327,741,729,305,90
450,1023,0,340,1023,0,487,328,305,385,333,305,327,709,692,305,90
585,1023,0,536,1023,0,482,327,305,394,345,305,327,772,754,305,90
430,1023,0,256,1023,0,317,317,305,263,317,305,327,733,708,305,90
397,1023,0,157,1023,0,440,320,305,265,317,305,327,671,644,305,90
345,1023,0,229,1023,0,463,319,305,263,316,305,327,743,733,305,90
470,1023,0,288,1023,0,611,467,305,389,343,305,327,656,640,305,99
395,1023,0,218,1023,0,649,545,305,529,399,305,327,692,670,305,99
374,1023,0,235,1023,0,456,319,305,292,319,305,327,691,675,305,99
465,1023,0,261,1023,0,505,325,305,387,330,305,328,700,682,305,99
340,1023,0,267,1023,0,443,321,305,292,317,305,328,690,680,305,99
637,1023,0,408,1023,0,469,325,305,342,326,305,328,794,766,305,99
533,1023,0,419,1023,0,470,324,305,379,333,305,328,760,745,305,99
705,1023,0,602,1023,0,516,341,305,401,341,305,328,781,746,305,99
497,1023,0,193,1023,0,457,323,305,351,329,305,328,730,717,305,99
518,1023,0,461,1023,0,652,557,305,442,378,305,328,742,700,305,99
413,1023,0,224,1023,0,456,320,305,266,319,305,329,732,714,305,99
520,1023,0,340,1023,0,649,524,305,433,350,305,329,741,729,305,99
470,1023,0,411,1023,0,463,324,305,379,334,305,329,753,726,305,99
724,1023,0,333,1023,0,493,335,305,376,340,305,329,785,767,305,99
445,1023,0,422,1023,0,468,321,305,346,329,305,329,775,758,305,99
311,1023,0,168,1023,0,420,319,305,269,325,305,329,677,667,305,99
696,1023,0,377,1023,0,502,324,305,418,336,305,329,727,668,305,99
389,1023,0,241,1023,0,456,323,305,279,316,305,329,717,702,305,99
483,1023,0,293,1023,0,464,322,305,369,330,305,329,714,698,305,99
681,1023,0,494,1023,0,461,324,305,345,325,305,329,798,770,305,108
427,1023,0,287,1023,0,447,323,305,337,323,305,330,740,721,305,108
579,1023,0,453,1023,0,508,324,305,410,345,305,330,760,732,305,108
581,1023,0,384,1023,0,497,335,305,368,337,305,330,756,723,305,108
584,1023,0,425,1023,0,453,322,305,336,326,305,330,759,709,305,108
631,1023,0,488,1023,0,511,337,305,403,342,305,330,745,718,305,108
494,1023,0,182,1023,0,321,316,305,246,323,305,330,711,691,305,108
490,1023,0,376,1023,0,477,325,305,372,334,305,330,732,713,305,108
582,1023,0,437,1023,0,482,326,305,362,331,305,330,756,731,305,108
405,1023,0,220,1023,0,665,587,305,417,360,305,330,688,674,305,108
406,1023,0,304,1023,0,349,315,305,302,329,305,330,721,711,305,108
492,1023,0,242,1023,0,394,318,305,326,329,305,331,690,674,305,108
551,1023,0,257,1023,0,471,323,305,339,328,305,331,765,748,305,108
479,1023,0,158,1023,0,645,537,305,396,349,305,331,715,695,305,108
479,1023,0,344,1023,0,459,327,305,356,329,305,331,772,761,305,108
406,1023,0,286,1023,0,457,324,305,296,320,305,331,741,721,305,108
560,1023,0,166,1023,0,462,321,305,333,319,305,331,702,680,305,108
488,1023,0,176,1023,0,775,758,305,532,468,305,331,704,690,305,108
788,1023,0,446,1023,0,487,327,305,372,325,305,331,807,772,305,108
443,1023,0,220,1023,0,474,322,305,354,325,305,331,723,705,305,108
417,1023,0,348,1023,0,450,319,305,379,343,305,331,724,709,305,108
539,1023,0,362,1023,0,718,655,305,503,404,305,331,724,703,305,108
388,1023,0,448,1023,0,441,323,305,369,341,305,332,650,621,305,117
507,1023,0,352,1023,0,474,331,305,349,331,305,332,703,691,305,117
527,1023,0,299,1023,0,405,321,305,287,326,305,332,701,670,305,117
657,1023,0,343,1023,0,527,348,305,360,337,305,332,726,708,305,117
499,1023,0,272,1023,0,425,319,305,251,320,305,332,710,690,305,117
636,1023,0,300,1023,0,444,320,305,347,329,305,332,686,660,305,117
572,1023,0,311,1023,0,464,326,305,362,329,305,332,732,710,305,117
439,1023,0,237,1023,0,400,317,305,292,325,305,332,716,697,305,117
450,1023,0,292,1023,0,0,314,305,281,322,305,332,721,704,305,117
507,1023,0,344,1023,0,467,321,305,358,327,305,332,759,741,305,117
597,1023,0,541,1023,0,503,330,305,407,354,305,332,761,726,305,117
779,1023,0,590,1023,0,513,342,305,400,331,305,332,783,732,305,117
492,1023,0,208,1023,0,403,322,305,325,328,305,332,744,723,305,117
382,1023,0,179,1023,0,398,319,305,217,314,305,333,694,680,305,117
386,1023,0,218,1023,0,423,323,305,451,382,305,333,698,683,305,117
513,1023,0,434,1023,0,447,321,305,333,326,305,333,746,722,305,117
441,1023,0,319,1023,0,414,317,305,313,322,305,333,725,714,305,117
484,1023,0,206,1023,0,472,321,305,344,325,305,333,698,676,305,117
497,1023,0,283,1023,0,468,325,305,363,332,305,333,731,713,305,117
589,1023,0,481,1023,0,504,341,305,374,332,305,333,775,749,305,117
691,1023,0,500,1023,0,477,333,305,397,346,305,333,793,775,305,117
409,1023,0,307,1023,0,484,328,305,361,334,305,333,699,683,305,117
409,1023,0,239,1023,0,421,316,305,305,327,305,333,693,675,305,117
547,1023,0,364,1023,0,500,325,305,364,329,305,333,710,696,305,117
489,1023,0,276,1023,0,436,318,305,316,318,305,333,721,701,305,117
359,1023,0,229,1023,0,352,314,305,198,314,305,333,697,679,305,117
440,1023,0,137,872,0,450,319,305,171,313,305,334,674,654,305,117
297,993,0,172,1023,0,411,321,305,306,327,305,334,694,684,305,117
485,1023,0,286,1023,0,461,319,305,380,337,305,334,666,641,305,117
396,1023,0,239,1023,0,401,317,305,342,328,305,334,716,706,305,117
432,1023,0,216,1023,0,482,323,305,352,325,305,334,702,690,305,117
379,1006,0,359,1023,0,859,833,305,662,569,305,334,772,761,305,126
571,1023,0,344,1023,0,430,321,305,347,321,305,334,711,693,305,126
429,1023,0,299,1023,0,453,319,305,330,322,305,334,729,716,305,126
497,1023,0,391,1023,0,436,318,305,361,325,305,334,747,730,305,126
393,1023,0,198,1023,0,388,319,305,277,321,305,334,703,688,305,126
305,1023,0,162,1023,0,400,317,305,259,316,305,334,669,657,305,126
598,1023,0,451,1023,0,604,441,305,438,356,305,334,752,736,305,126
461,1023,0,407,1023,0,440,320,305,327,330,305,334,751,750,305,126
445,1023,0,171,1023,0,472,323,305,343,324,305,334,756,742,305,126
401,1023,0,162,1023,0,365,318,305,324,327,305,334,701,686,305,126
526,1023,0,281,1023,0,430,319,305,317,323,305,334,787,760,305,126
333,1023,0,199,1023,0,424,316,305,301,318,305,335,694,684,305,126
310,1023,0,230,1023,0,562,391,305,487,414,305,335,391,357,305,126
685,1023,0,378,1023,0,592,426,305,352,331,305,335,726,660,305,126
369,1023,0,205,1023,0,441,319,305,336,322,305,335,666,648,305,126
581,1023,0,525,1023,0,468,324,305,387,331,305,335,773,751,305,126
372,1023,0,330,1023,0,377,316,305,283,323,305,335,743,727,305,126
502,1023,0,320,1023,0,470,323,305,337,327,305,335,767,745,305,126
499,1023,0,364,1023,0,464,326,305,337,329,305,335,736,722,305,126
644,1023,0,416,1023,0,484,323,305,381,330,305,335,706,663,305,126
313,1023,0,281,1023,0,470,326,305,287,327,305,336,715,694,305,126
292,1023,0,240,1023,0,502,323,305,343,321,305,336,695,673,305,126
528,1023,0,363,1023,0,466,332,305,437,358,305,336,772,751,305,126
398,1023,0,206,1023,0,328,316,305,426,362,305,336,699,688,305,135
451,1023,0,396,1023,0,476,324,305,337,321,305,336,738,719,305,135
522,1023,0,254,1023,0,488,322,305,357,321,305,336,719,685,305,135
554,1023,0,276,1023,0,445,320,305,409,357,305,336,721,707,305,135
370,1023,0,302,1023,0,522,350,305,336,327,305,336,709,693,305,135
412,1023,0,210,1023,0,439,320,305,282,321,305,336,697,687,305,135
409,1023,0,222,1023,0,530,353,305,376,338,305,336,716,707,305,135
612,1023,0,456,1023,0,453,326,305,360,324,305,336,800,787,305,135
543,1023,0,306,1023,0,427,323,305,293,319,305,336,745,725,305,135
596,1023,0,387,1023,0,475,326,305,371,329,305,336,757,727,305,135
486,1023,0,356,1023,0,453,327,305,315,327,305,337,742,724,305,135
434,1023,0,159,1023,0,185,316,305,265,322,305,337,689,679,305,135
449,1023,0,271,1023,0,425,319,305,272,321,305,337,695,685,305,135
557,1023,0,506,1023,0,503,327,305,378,329,305,337,772,753,305,135
404,1023,0,205,1023,0,434,318,305,296,317,305,337,709,692,305,135
529,1023,0,374,1023,0,485,327,305,391,340,305,337,739,717,305,135
359,1023,0,261,1023,0,457,322,305,318,321,305,337,723,711,305,135
427,1023,0,351,1023,0,504,326,305,371,325,305,337,742,723,305,135
527,1023,0,334,1023,0,675,584,305,453,369,305,337,747,729,305,135
700,1023,0,474,1023,0,498,327,305,393,334,305,337,794,774,305,135
702,1023,0,602,1023,0,542,338,305,439,348,305,338,780,730,305,135
591,1023,0,205,1023,0,428,319,305,277,324,305,338,714,692,305,135
453,1023,0,305,1023,0,465,317,305,335,325,305,338,685,663,305,135
573,1023,0,320,1023,0,483,321,305,378,329,305,338,740,719,305,135
481,1023,0,308,1023,0,465,322,305,354,328,305,338,721,700,305,135
579,1023,0,406,1023,0,504,338,305,400,337,305,338,753,731,305,144
435,1023,0,384,1023,0,390,321,305,327,334,305,338,729,714,305,144
504,1023,0,170,985,0,269,314,305,254,327,305,338,740,724,305,144
644,1023,0,309,1023,0,475,321,305,332,322,305,338,748,724,305,144
627,1023,0,375,1023,0,459,324,305,383,334,305,338,730,706,305,144
380,1023,0,273,1023,0,445,317,305,317,322,305,339,722,709,305,144
479,1023,0,313,1023,0,455,319,305,359,327,305,339,712,696,305,144
400,1023,0,208,1023,0,404,315,305,309,315,305,339,701,674,305,144
432,1023,0,155,1023,0,359,313,305,290,320,305,339,685,673,305,144
406,1023,0,241,1023,0,453,321,305,318,324,305,339,708,676,305,144
363,1023,0,121,775,0,457,324,305,284,325,305,339,676,660,305,144
405,1023,0,200,1023,0,458,316,305,275,316,305,339,675,659,305,144
724,1023,0,473,1023,0,496,329,305,372,330,305,339,781,723,305,144
488,1023,0,310,1023,0,589,428,305,354,335,305,339,671,652,305,144
473,1023,0,296,1023,0,418,320,305,338,324,305,339,740,724,305,144
479,1023,0,193,1023,0,615,471,305,357,334,305,340,689,677,305,144
428,1023,0,288,1023,0,440,320,305,316,330,305,340,752,735,305,144
517,1023,0,359,1023,0,486,324,305,349,322,305,340,716,702,305,144
443,1023,0,264,1023,0,433,325,305,354,326,305,340,706,680,305,153
512,1023,0,334,1023,0,484,327,305,364,330,305,340,725,701,305,153
531,1023,0,340,1023,0,537,367,305,312,326,305,340,717,702,305,153
425,1023,0,317,1023,0,454,322,305,280,320,305,340,739,729,305,153
656,1023,0,561,1023,0,500,332,305,406,347,305,340,813,765,305,153
520,1023,0,426,1023,0,458,320,305,349,333,305,340,736,726,305,153
362,1023,0,241,1023,0,407,319,305,336,327,305,341,732,714,305,153
413,1023,0,255,1023,0,380,318,305,238,318,305,341,692,678,305,153
495,1023,0,360,1023,0,437,315,305,343,324,305,341,741,721,305,153
467,1023,0,249,1023,0,447,318,305,324,323,305,341,724,704,305,153
758,1023,0,505,1023,0,501,335,305,411,336,305,341,812,748,305,153
737,1023,0,484,1023,0,809,798,305,590,522,305,341,727,696,305,153
405,1023,0,245,1023,0,323,320,305,325,326,305,341,713,697,305,153
329,1023,0,162,1023,0,463,320,305,292,318,305,341,672,645,305,153
473,1023,0,234,1023,0,457,319,305,419,355,305,341,702,688,305,153
371,1023,0,238,1023,0,456,326,305,352,325,305,341,696,675,305,153
367,1023,0,175,1023,0,406,318,305,305,320,305,341,703,686,305,153
792,1023,0,522,1023,0,492,328,305,397,334,305,342,787,750,305,153
572,1023,0,308,1023,0,447,319,305,339,322,305,342,739,709,305,153
351,1023,0,246,1023,0,415,316,305,306,319,305,342,688,672,305,162
426,1023,0,337,1023,0,475,321,305,302,317,305,342,728,707,305,162
419,1023,0,182,1023,0,365,317,305,272,324,305,342,650,631,305,162
416,1023,0,163,1023,0,463,326,305,306,325,305,342,674,657,305,162
589,1023,0,226,1023,0,462,320,305,307,324,305,342,708,678,305,162
482,1023,0,261,1023,0,379,317,305,315,323,305,342,729,712,305,162
534,1023,0,194,1023,0,469,322,305,322,321,305,343,724,704,305,162
345,1023,0,251,1023,0,414,316,305,296,316,305,343,701,696,305,162
407,1023,0,184,1023,0,433,315,305,227,318,305,343,712,701,305,162
449,1023,0,261,1023,0,338,323,305,0,323,305,343,737,712,305,162
496,1023,0,318,1023,0,470,319,305,358,323,305,343,740,722,305,162
481,1023,0,346,1023,0,494,333,305,411,341,305,343,729,716,305,162
401,1023,0,231,1023,0,407,316,305,289,319,305,343,704,680,305,162
672,1023,0,509,1023,0,473,327,305,355,329,305,343,790,757,305,162
457,1023,0,252,1023,0,446,317,305,301,317,305,343,672,649,305,162
369,1023,0,253,1023,0,462,323,305,302,323,305,343,699,688,305,162
408,1023,0,366,1023,0,436,319,305,296,325,305,344,740,725,305,162
451,1023,0,292,1023,0,508,325,305,387,331,305,344,707,677,305,162
531,1023,0,253,1023,0,464,324,305,349,326,305,344,696,673,305,162
376,1023,0,172,1023,0,0,312,305,208,314,305,344,671,654,305,162
442,1023,0,225,1023,0,707,652,305,462,387,305,344,690,676,305,162
453,1023,0,392,1023,0,506,329,305,390,336,305,344,725,696,305,162
392,1023,0,304,1023,0,478,330,305,390,345,305,344,741,728,305,171
463,1023,0,297,1023,0,449,319,305,335,324,305,344,734,718,305,171
368,1023,0,229,1023,0,443,317,305,315,320,305,344,675,652,305,171
585,1023,0,482,1023,0,454,328,305,358,330,305,344,785,754,305,171
343,1023,0,213,1023,0,466,320,305,346,323,305,344,708,697,305,171
442,1023,0,208,1023,0,465,322,305,336,324,305,344,688,677,305,171
542,1023,0,264,1023,0,675,583,305,428,360,305,345,707,684,305,171
503,1023,0,307,1023,0,433,319,305,251,323,305,345,732,719,305,171
417,1023,0,205,1023,0,458,320,305,294,328,305,345,688,665,305,171
548,1023,0,501,1023,0,502,329,305,389,338,305,345,774,758,305,171
649,1023,0,483,1023,0,506,332,305,435,352,305,345,768,752,305,171
600,1023,0,421,1023,0,478,326,305,365,333,305,345,780,760,305,171
467,1023,0,181,1023,0,400,313,305,200,314,305,345,755,733,305,171
552,1023,0,187,1023,0,765,719,305,530,440,305,345,778,763,305,171
393,1023,0,253,1023,0,449,320,305,350,331,305,346,737,730,305,171
785,1023,0,486,1023,0,530,345,305,403,333,305,346,775,755,305,171
682,1023,0,587,1023,0,552,345,305,497,362,305,346,810,789,305,171
478,1023,0,326,1023,0,448,323,305,366,334,305,346,726,708,305,171
480,1023,0,248,1023,0,446,318,305,316,322,305,346,709,696,305,171
384,1023,0,187,1023,0,374,314,305,286,316,305,346,717,705,305,171
447,1023,0,241,1023,0,232,314,305,294,325,305,346,703,690,305,171
490,1023,0,291,1023,0,481,322,305,346,325,305,346,724,712,305,171
360,1023,0,206,1023,0,535,359,305,344,326,305,346,668,651,305,171
441,1023,0,221,1023,0,386,320,305,294,319,305,346,681,671,305,171
801,1023,0,374,1023,0,509,335,305,417,349,305,346,779,712,305,171
510,1023,0,282,1023,0,484,328,305,348,328,305,346,714,695,305,171
743,1023,0,413,1023,0,487,327,305,408,341,305,346,771,739,305,171
509,1023,0,378,1023,0,482,338,305,377,339,305,346,748,728,305,171
338,1023,0,163,1023,0,432,318,305,254,317,305,346,641,626,305,171
561,1023,0,281,1023,0,470,318,305,341,318,305,346,719,696,305,171
390,1023,0,355,1023,0,463,323,305,337,332,305,347,781,762,305,180
337,1023,0,122,884,0,460,322,305,309,324,305,347,700,689,305,180
431,1023,0,321,1023,0,442,320,305,325,327,305,347,776,757,305,180
631,1023,0,499,1023,0,672,592,305,445,370,305,347,722,695,305,180
519,1023,0,303,1023,0,494,326,305,394,343,305,347,749,728,305,180
621,1023,0,379,1023,0,492,332,305,373,331,305,347,758,728,305,180
678,1023,0,498,1023,0,501,333,305,388,332,305,347,772,749,305,180
333,1023,0,192,1023,0,479,333,305,309,329,305,347,679,670,305,180
493,1023,0,384,1023,0,514,331,305,371,329,305,347,713,688,305,180
489,1023,0,249,1023,0,446,321,305,338,326,305,347,688,669,305,180
520,1023,0,232,1023,0,480,322,305,397,350,305,348,717,698,305,180
584,1023,0,426,1023,0,506,330,305,411,345,305,348,763,745,305,180
556,1023,0,321,1023,0,443,325,305,343,325,305,348,707,670,305,180
495,1023,0,253,1023,0,450,323,305,352,345,305,348,738,722,305,180
309,1023,0,173,1023,0,443,315,305,312,321,305,348,691,681,305,180
461,1023,0,205,1023,0,439,321,305,334,324,305,348,722,706,305,180
492,1023,0,144,962,0,401,314,305,168,312,305,348,702,690,305,189
365,1023,0,203,1023,0,376,314,305,284,322,305,348,670,659,305,189
550,1023,0,175,1023,0,471,330,305,352,338,305,348,709,685,305,189
422,1023,0,223,1023,0,410,316,305,309,317,305,348,688,675,305,189
760,1023,0,533,1023,0,496,331,305,407,339,305,348,823,785,305,189
493,1023,0,295,1023,0,473,323,305,301,317,305,349,741,722,305,189
360,1023,0,185,1023,0,471,324,305,253,321,305,349,690,673,305,189
483,1023,0,260,1023,0,440,318,305,365,335,305,349,714,701,305,189
528,1023,0,287,1023,0,791,781,305,572,507,305,349,750,733,305,189
397,1023,0,239,1023,0,468,320,305,356,330,305,349,712,689,305,189
363,1023,0,191,1023,0,390,318,305,299,320,305,349,707,693,305,189
529,1023,0,220,1023,0,459,325,305,358,340,305,349,762,745,305,189
448,1023,0,169,1023,0,454,323,305,315,324,305,349,747,729,305,189
485,1023,0,272,1023,0,476,328,305,345,326,305,349,733,708,305,189
509,1023,0,273,1023,0,468,325,305,366,335,305,349,720,670,305,189
467,1023,0,251,1023,0,444,318,305,315,326,305,349,712,693,305,189
508,1023,0,217,1023,0,435,318,305,322,322,305,349,695,680,305,189
618,1023,0,353,1023,0,496,325,305,350,329,305,349,749,675,305,189
400,1023,0,242,1023,0,472,326,305,356,329,305,349,697,686,305,189
391,1023,0,264,1023,0,426,322,305,344,328,305,349,681,667,305,189
475,1023,0,238,1023,0,594,444,305,413,348,305,350,745,713,305,189
400,1023,0,224,1023,0,439,316,305,349,332,305,350,691,681,305,189
558,1023,0,371,1023,0,471,327,305,350,325,305,350,715,697,305,189
388,1023,0,210,1023,0,448,317,305,272,324,305,350,684,671,305,189
364,1023,0,222,1023,0,478,331,305,254,324,305,350,711,685,305,189
485,1023,0,225,1023,0,393,321,305,266,324,305,350,723,708,305,189
465,1023,0,334,1023,0,450,321,305,352,328,305,350,744,717,305,189
676,1023,0,360,1023,0,469,322,305,417,339,305,350,742,694,305,189
340,1023,0,226,1023,0,460,320,305,341,332,305,350,731,716,305,189
692,1023,0,526,1023,0,514,334,305,441,352,305,350,775,739,305,189
468,1023,0,305,1023,0,381,317,305,315,320,305,350,732,714,305,198
426,1023,0,294,1023,0,483,323,305,350,328,305,350,765,738,305,198
434,1023,0,253,1023,0,440,320,305,323,325,305,350,722,709,305,198
539,1023,0,298,1023,0,462,326,305,290,319,305,350,719,709,305,198
427,1023,0,428,1023,0,470,324,305,377,338,305,351,735,728,305,198
532,1023,0,426,1023,0,486,321,305,364,327,305,351,768,750,305,198
643,1023,0,464,1023,0,476,322,305,358,333,305,351,751,725,305,198
620,1023,0,396,1023,0,482,329,305,371,336,305,351,805,784,305,198
546,1023,0,339,1023,0,455,318,305,332,325,305,351,742,720,305,198
438,1023,0,351,1023,0,650,545,305,430,364,305,351,745,734,305,198
328,1023,0,205,1023,0,375,316,305,244,312,305,351,685,676,305,198
387,1023,0,275,1023,0,466,321,305,335,321,305,351,710,694,305,198
440,1023,0,274,1023,0,547,374,305,356,334,305,351,701,685,305,198
414,1023,0,236,1023,0,413,317,305,321,322,305,351,746,730,305,198
736,1023,0,510,1023,0,515,337,305,433,359,305,351,764,738,305,198
401,1023,0,246,1023,0,425,317,305,360,328,305,352,689,674,305,198
403,1023,0,188,1023,0,495,323,305,365,335,305,352,694,671,305,198
432,1023,0,316,1023,0,495,323,305,326,325,305,352,726,712,305,198
635,1023,0,317,1023,0,455,316,305,322,324,305,352,700,650,305,198
470,1023,0,287,1023,0,436,320,305,357,324,305,352,711,692,305,198
474,1023,0,429,1023,0,473,329,305,367,330,305,352,765,750,305,207
581,1023,0,248,1023,0,415,322,305,347,333,305,352,723,709,305,207
286,956,0,356,1023,0,389,312,305,223,311,305,352,325,320,305,207
252,735,0,185,1008,0,0,305,305,0,305,305,353,675,653,305,207
300,944,0,222,1023,0,0,305,305,0,305,305,353,633,622,305,207
556,1023,0,375,1023,0,429,322,305,331,328,305,353,764,747,305,207
426,1023,0,250,1023,0,463,325,305,334,320,305,353,709,691,305,207
317,796,0,128,782,0,471,323,305,251,320,305,353,632,589,305,207
337,1023,0,191,1023,0,386,320,305,273,321,305,353,680,669,305,207
363,959,0,202,1023,0,497,328,305,371,327,305,353,699,671,305,207
399,1023,0,168,1023,0,468,323,305,321,326,305,353,720,698,305,207
395,1023,0,163,1023,0,420,319,305,245,315,305,353,751,736,305,207
429,1023,0,217,1023,0,0,314,305,0,314,305,354,743,726,305,207
322,1023,0,377,1023,0,554,385,305,476,400,305,354,409,376,305,207
378,1023,0,188,1023,0,286,311,305,296,323,305,354,681,671,305,207
555,1023,0,374,1023,0,485,322,305,377,338,305,354,751,732,305,207
790,1023,0,512,1023,0,428,325,305,389,340,305,354,797,729,305,207
520,1023,0,300,1023,0,510,324,305,379,333,305,354,701,670,305,207
303,959,0,149,858,0,471,323,305,358,328,305,354,669,646,305,216
293,848,0,204,1023,0,481,323,305,335,324,305,354,663,633,305,216
430,1023,0,170,1023,0,421,314,305,269,324,305,354,680,664,305,216
355,1023,0,133,941,0,413,315,305,338,321,305,354,659,650,305,216
616,1023,0,523,1023,0,482,330,305,340,330,305,354,780,762,305,216
533,1023,0,266,1023,0,512,343,305,321,331,305,355,710,685,305,216
524,1023,0,266,1023,0,489,326,305,366,324,305,355,715,690,305,216
343,1023,0,202,1023,0,410,316,305,296,327,305,355,673,661,305,216
430,1023,0,369,1023,0,473,330,305,384,340,305,355,776,757,305,216
429,1023,0,171,1023,0,0,313,305,216,314,305,355,704,687,305,216
534,1023,0,427,1023,0,465,326,305,360,340,305,355,734,715,305,216
588,1023,0,499,1023,0,478,326,305,334,324,305,355,799,780,305,216
761,1023,0,567,1023,0,496,332,305,398,335,305,356,797,780,305,216
553,1023,0,294,1023,0,488,323,305,380,333,305,356,716,692,305,216
683,1023,0,487,1023,0,533,342,305,387,339,305,356,764,729,305,216
470,1023,0,228,1023,0,454,326,305,340,324,305,356,707,701,305,216
383,1023,0,231,1023,0,408,319,305,341,324,305,356,714,706,305,216
403,1023,0,199,1023,0,493,320,305,363,323,305,356,750,741,305,216
440,1023,0,327,1023,0,452,320,305,336,330,305,356,734,712,305,216
480,1023,0,253,1023,0,427,317,305,0,311,305,356,705,690,305,216
325,1023,0,219,1023,0,449,322,305,333,319,305,356,719,707,305,225
447,1023,0,208,1023,0,375,318,305,275,318,305,356,718,698,305,225
495,1023,0,332,1023,0,651,540,305,390,348,305,356,720,700,305,225
508,1023,0,254,1023,0,425,321,305,304,321,305,357,695,660,305,225
448,1023,0,222,1023,0,430,315,305,311,323,305,357,713,696,305,225
418,1023,0,291,1023,0,439,325,305,362,336,305,357,715,703,305,225
554,1023,0,314,1023,0,424,317,305,325,322,305,357,725,716,305,225
458,1023,0,377,1023,0,486,330,305,364,337,305,357,746,730,305,225
411,1023,0,213,1023,0,428,323,305,339,329,305,357,694,680,305,225
488,1023,0,238,1023,0,440,323,305,328,328,305,357,716,712,305,225
446,1023,0,338,1023,0,687,616,305,444,366,305,357,722,713,305,225
374,1023,0,249,1023,0,437,320,305,309,328,305,357,692,678,305,225
426,1023,0,156,1003,0,398,315,305,255,315,305,357,733,722,305,225
687,1023,0,392,1023,0,506,331,305,385,336,305,357,783,754,305,225
444,1023,0,243,1023,0,460,321,305,360,330,305,357,719,700,305,225
524,1023,0,164,988,0,0,313,305,299,325,305,357,683,662,305,225
453,1023,0,343,1023,0,482,324,305,371,330,305,357,733,718,305,225
400,1023,0,367,1023,0,458,325,305,316,328,305,357,771,749,305,225
622,1023,0,338,1023,0,486,327,305,313,326,305,357,748,741,305,225
449,1023,0,171,1023,0,469,321,305,333,325,305,358,687,670,305,234
558,1023,0,438,1023,0,467,325,305,382,337,305,358,791,773,305,234
520,1023,0,458,1023,0,459,323,305,360,331,305,358,733,711,305,234
533,1023,0,400,1023,0,469,326,305,355,327,305,358,725,706,305,234
716,1023,0,424,1023,0,489,333,305,388,334,305,359,790,759,305,234
384,1023,0,278,1023,0,463,321,305,326,318,305,359,713,701,305,234
588,1023,0,428,1023,0,466,325,305,359,334,305,359,805,787,305,234
361,1023,0,221,1023,0,464,319,305,346,322,305,359,716,707,305,234
752,1023,0,542,1023,0,474,329,305,380,327,305,359,768,745,305,234
438,1023,0,158,968,0,0,309,305,233,316,305,359,704,689,305,234
510,1023,0,330,1023,0,488,324,305,358,329,305,359,716,691,305,234
452,1023,0,346,1023,0,464,324,305,374,337,305,359,726,708,305,234
436,1023,0,325,1023,0,642,532,305,379,334,305,359,717,695,305,234
532,1023,0,307,1023,0,447,320,305,335,326,305,359,749,729,305,234
354,1023,0,232,1023,0,433,320,305,282,320,305,359,689,671,305,234
745,1023,0,411,1023,0,455,323,305,363,329,305,359,771,714,305,234
586,1023,0,462,1023,0,831,820,305,626,561,305,359,745,723,305,234
595,1023,0,429,1023,0,475,325,305,366,336,305,360,756,730,305,234
585,1023,0,322,1023,0,647,524,305,438,364,305,360,728,700,305,234
410,1023,0,220,1023,0,424,317,305,284,320,305,360,730,714,305,234
574,1023,0,464,1023,0,480,321,305,379,327,305,360,715,685,305,234
303,1023,0,181,1023,0,649,550,305,423,354,305,360,704,692,305,234
335,1023,0,267,1023,0,473,325,305,286,319,305,360,719,700,305,234
354,1023,0,234,1023,0,363,312,305,237,314,305,360,701,685,305,234
503,1023,0,342,1023,0,437,328,305,351,334,305,360,707,686,305,243
726,1023,0,518,1023,0,498,330,305,439,348,305,360,770,733,305,243
371,1023,0,158,1023,0,273,314,305,98,314,305,360,688,670,305,243
530,1023,0,198,1023,0,527,363,305,332,333,305,360,703,689,305,243
447,1023,0,321,1023,0,470,323,305,336,325,305,360,726,712,305,243
481,1023,0,251,1023,0,541,371,305,401,347,305,361,698,684,305,243
667,1023,0,482,1023,0,576,385,305,422,346,305,361,752,735,305,243
567,1023,0,310,1023,0,461,321,305,364,334,305,361,707,703,305,243
438,1023,0,262,1023,0,673,593,305,434,367,305,361,715,695,305,243
511,1023,0,308,1023,0,454,322,305,355,333,305,361,728,712,305,243
338,1023,0,241,1023,0,656,566,305,380,348,305,361,678,670,305,243
439,1023,0,453,1023,0,459,322,305,349,328,305,361,793,775,305,243
466,1023,0,241,1023,0,439,322,305,268,317,305,361,731,719,305,243
658,1023,0,402,1023,0,500,328,305,396,340,305,361,795,775,305,243
352,1023,0,127,825,0,438,317,305,292,320,305,361,671,650,305,243
510,1023,0,309,1023,0,444,322,305,309,328,305,361,726,711,305,243
419,1023,0,296,1023,0,488,328,305,349,322,305,361,649,628,305,243
466,1023,0,253,1023,0,481,325,305,318,319,305,362,719,697,305,243
481,1023,0,301,1023,0,477,323,305,381,340,305,362,725,719,305,252
581,1023,0,355,1023,0,859,866,305,662,616,305,362,727,705,305,252
470,1023,0,286,1023,0,463,322,305,350,327,305,362,768,753,305,252
492,1023,0,273,1023,0,315,318,305,225,321,305,362,730,711,305,252
402,1023,0,241,1023,0,604,454,305,410,351,305,362,722,696,305,252
483,1023,0,297,1023,0,470,326,305,324,333,305,362,736,722,305,252
536,1023,0,335,1023,0,469,325,305,326,328,305,363,773,754,305,252
474,1023,0,419,1023,0,496,324,305,447,355,305,363,758,731,305,252
430,1023,0,287,1023,0,471,326,305,369,333,305,363,713,697,305,252
429,1023,0,290,1023,0,474,326,305,338,330,305,363,708,688,305,252
352,1023,0,269,1023,0,702,648,305,450,378,305,363,694,678,305,252
392,1023,0,233,1023,0,514,346,305,287,322,305,363,702,693,305,252
477,1023,0,339,1023,0,455,324,305,341,326,305,363,718,692,305,252
502,1023,0,276,1023,0,401,316,305,257,320,305,363,752,734,305,252
415,1023,0,292,1023,0,484,328,305,358,335,305,363,719,703,305,252
583,1023,0,432,1023,0,466,321,305,366,331,305,363,794,777,305,252
355,1023,0,197,1023,0,441,322,305,303,315,305,364,665,654,305,252
363,1023,0,282,1023,0,370,313,305,320,327,305,364,696,684,305,252
513,1023,0,212,1023,0,401,316,305,276,322,305,364,703,685,305,252
464,1023,0,308,1023,0,447,323,305,304,327,305,364,711,696,305,252
592,1023,0,347,1023,0,490,327,305,366,331,305,364,757,733,305,252
489,1023,0,238,1023,0,500,330,305,366,330,305,364,727,702,305,252
546,1023,0,174,1023,0,445,324,305,283,320,305,364,729,714,305,252
514,1023,0,321,1023,0,452,317,305,341,334,305,364,710,689,305,252
573,1023,0,457,1023,0,484,324,305,392,337,305,364,798,775,305,252
478,1023,0,267,1023,0,479,319,305,335,323,305,364,712,697,305,260
459,1023,0,197,1023,0,264,313,305,277,321,305,364,695,676,305,260
443,1023,0,351,1023,0,456,323,305,337,334,305,364,717,697,305,260
485,1023,0,317,1023,0,644,525,305,402,343,305,365,716,703,305,260
429,1023,0,317,1023,0,501,332,305,393,340,305,365,729,705,305,260
492,1023,0,331,1023,0,466,322,305,382,335,305,365,751,737,305,260
741,1023,0,602,1023,0,487,332,305,363,334,305,365,784,759,305,260
423,1023,0,206,1023,0,537,361,305,296,321,305,365,688,674,305,260
525,1023,0,396,1023,0,512,327,305,410,338,305,365,808,786,305,260
509,1023,0,319,1023,0,482,325,305,400,341,305,365,716,702,305,260
323,1023,0,341,1023,0,610,486,305,483,425,305,365,380,367,305,260
411,1023,0,271,1023,0,616,475,305,412,356,305,365,729,713,305,260
557,1023,0,368,1023,0,471,323,305,319,333,305,365,771,759,305,260
327,1023,0,126,910,0,408,316,305,445,377,305,365,741,731,305,260
442,1023,0,336,1023,0,425,321,305,348,322,305,366,706,686,305,260
462,1023,0,302,1023,0,464,324,305,332,329,305,366,762,748,305,260
448,1023,0,372,1023,0,468,319,305,354,329,305,366,730,714,305,260
332,1023,0,178,1023,0,411,314,305,331,322,305,366,686,677,305,260
413,1023,0,214,1023,0,451,318,305,316,325,305,366,649,627,305,260
542,1023,0,301,1023,0,772,747,305,543,467,305,366,742,718,305,260
482,1023,0,406,1023,0,432,319,305,311,326,305,366,734,716,305,260
626,1023,0,204,1023,0,495,324,305,360,323,305,366,695,670,305,260
522,1023,0,213,1023,0,423,320,305,309,321,305,366,762,740,305,269
372,1023,0,170,1023,0,427,318,305,263,320,305,366,704,695,305,269
470,1023,0,304,1023,0,417,320,305,362,334,305,366,758,743,305,269
405,1023,0,107,782,0,374,317,305,299,319,305,367,651,627,305,269
430,1023,0,305,1023,0,492,320,305,358,327,305,367,707,686,305,269
376,1023,0,223,1023,0,419,315,305,304,317,305,367,711,701,305,269
419,1023,0,280,1023,0,564,400,305,371,335,305,367,705,686,305,269
599,1023,0,454,1023,0,487,329,305,338,335,305,367,773,752,305,269
384,1023,0,304,1023,0,451,319,305,333,322,305,367,732,716,305,269
527,1023,0,355,1023,0,506,327,305,362,328,305,367,759,728,305,269
649,1023,0,428,1023,0,470,321,305,360,325,305,367,706,644,305,269
533,1023,0,332,1023,0,453,322,305,291,329,305,367,726,715,305,269
278,1023,0,254,1023,0,476,325,305,309,323,305,367,656,628,305,269
385,1023,0,279,1023,0,431,319,305,275,321,305,367,713,703,305,269
491,1023,0,343,1023,0,470,328,305,351,324,305,368,775,760,305,269
521,1023,0,229,1023,0,442,323,305,355,321,305,368,740,716,305,269
722,1023,0,564,1023,0,563,382,305,411,341,305,368,772,715,305,278
484,1023,0,282,1023,0,469,322,305,350,326,305,368,770,748,305,278
559,1023,0,297,1023,0,436,312,305,309,323,305,368,708,661,305,278
432,1023,0,194,1023,0,442,323,305,322,330,305,368,696,690,305,278
503,1023,0,286,1023,0,472,323,305,361,337,305,369,714,697,305,278
439,1023,0,265,1023,0,497,333,305,361,335,305,369,707,690,305,278
627,1023,0,518,1023,0,467,323,305,360,325,305,369,781,765,305,278
599,1023,0,369,1023,0,476,330,305,356,335,305,369,772,757,305,278
538,1023,0,241,1023,0,500,332,305,355,334,305,369,717,694,305,278
423,1023,0,248,1023,0,471,327,305,347,332,305,369,744,729,305,278
664,1023,0,330,1023,0,497,324,305,356,330,305,369,813,798,305,278
530,1023,0,320,1023,0,502,325,305,390,336,305,369,724,697,305,278
569,1023,0,225,1023,0,742,679,305,534,426,305,369,707,642,305,278
333,1023,0,346,1023,0,457,320,305,387,331,305,369,757,746,305,278
633,1023,0,259,1023,0,475,322,305,402,334,305,369,729,700,305,278
525,1023,0,449,1023,0,496,336,305,426,361,305,369,807,798,305,278
506,1023,0,333,1023,0,494,322,305,354,333,305,369,728,704,305,278
264,974,0,193,1023,0,375,314,305,0,313,305,369,671,663,305,278
394,1023,0,270,1023,0,417,321,305,305,322,305,370,709,698,305,278
460,1023,0,284,1023,0,474,322,305,359,335,305,370,725,709,305,278
516,1023,0,381,1023,0,516,331,305,404,333,305,370,786,771,305,278
518,1023,0,422,1023,0,569,386,305,397,334,305,370,768,743,305,278
487,1023,0,276,1023,0,424,316,305,282,316,305,370,729,718,305,278
419,1023,0,223,1023,0,468,325,305,303,316,305,370,688,673,305,278
545,1023,0,395,1023,0,777,747,305,563,483,305,370,743,730,305,278
728,1023,0,478,1023,0,509,336,305,409,340,305,370,767,738,305,287
364,1023,0,194,1023,0,345,315,305,253,319,305,370,713,697,305,287
514,1023,0,241,1023,0,477,332,305,349,330,305,370,729,715,305,287
376,1023,0,321,1023,0,432,323,305,348,326,305,370,727,715,305,287
651,1023,0,553,1023,0,673,589,305,469,369,305,371,762,720,305,287
439,1023,0,222,1023,0,462,320,305,333,328,305,371,702,684,305,287
368,1023,0,180,1023,0,443,319,305,333,321,305,371,669,653,305,287
668,1023,0,348,1023,0,496,333,305,387,332,305,371,749,707,305,287
326,1023,0,183,1023,0,426,322,305,315,323,305,371,702,690,305,287
435,1023,0,307,1023,0,470,322,305,373,331,305,372,711,692,305,287
407,1023,0,447,1023,0,502,332,305,389,336,305,372,759,738,305,287
487,1023,0,278,1023,0,454,322,305,385,337,305,372,704,689,305,287
381,1023,0,133,933,0,440,316,305,340,326,305,372,714,695,305,296
605,1023,0,212,1023,0,590,420,305,378,331,305,372,753,726,305,296
442,1023,0,242,1023,0,462,331,305,340,342,305,372,699,687,305,296
725,1023,0,566,1023,0,520,338,305,398,343,305,372,766,738,305,296
348,1023,0,201,1023,0,408,314,305,393,354,305,372,709,700,305,296
453,1023,0,317,1023,0,737,703,305,498,422,305,372,682,660,305,296
402,1023,0,281,1023,0,437,323,305,306,317,305,372,733,721,305,296
558,1023,0,270,1023,0,496,336,305,399,353,305,372,756,740,305,296
446,1023,0,342,1023,0,361,321,305,270,322,305,372,757,742,305,296
425,1023,0,138,902,0,423,320,305,291,317,305,373,672,663,305,296
566,1023,0,380,1023,0,451,320,305,351,330,305,373,788,767,305,296
455,1023,0,304,1023,0,464,323,305,306,321,305,373,735,709,305,296
632,1023,0,216,1023,0,402,320,305,308,321,305,373,715,694,305,296
453,1023,0,343,1023,0,465,324,305,352,340,305,373,735,723,305,296
367,1023,0,171,1023,0,434,322,305,209,317,305,373,685,674,305,296
416,1023,0,202,1023,0,439,324,305,299,321,305,373,684,670,305,296
321,1023,0,107,885,0,413,318,305,324,324,305,373,732,728,305,296
668,1023,0,356,1023,0,502,330,305,324,324,305,373,741,702,305,296
504,1023,0,283,1023,0,422,316,305,246,317,305,373,706,686,305,296
463,1023,0,287,1023,0,446,326,305,331,330,305,373,684,666,305,296
464,1023,0,213,1023,0,468,324,305,262,317,305,373,701,685,305,305
366,1023,0,233,1023,0,477,326,305,249,318,305,374,693,681,305,305
541,1023,0,380,1023,0,742,700,305,504,415,305,374,725,712,305,305
359,1023,0,233,1023,0,434,314,305,338,328,305,374,708,694,305,305
628,1023,0,508,1023,0,475,320,305,342,327,305,374,753,744,305,305
346,1023,0,239,1023,0,417,317,305,301,322,305,374,702,687,305,305
436,1023,0,293,1023,0,489,336,305,295,320,305,374,716,704,305,305
565,1023,0,274,1023,0,467,320,305,351,331,305,374,736,722,305,305
426,1023,0,316,1023,0,469,329,305,325,329,305,374,731,712,305,305
523,1023,0,399,1023,0,628,387,305,522,357,305,376,744,708,305,323
516,1023,0,476,1023,0,465,324,305,404,337,305,376,753,741,305,323
297,1023,0,277,1023,0,446,320,305,337,322,305,376,706,691,305,323
566,1023,0,402,1023,0,504,336,305,361,341,305,376,720,667,305,332
491,1023,0,395,1023,0,619,481,305,403,343,305,376,740,719,305,332
553,1023,0,374,1023,0,510,332,305,384,337,305,376,705,684,305,332
452,1023,0,334,1023,0,506,330,305,370,328,305,376,772,758,305,332
422,1023,0,246,1023,0,449,318,305,233,320,305,376,699,688,305,332
509,1023,0,228,1023,0,440,320,305,271,317,305,376,739,724,305,332
415,1023,0,435,1023,0,556,347,305,406,337,305,376,758,740,305,332
506,1023,0,415,1023,0,412,314,305,313,323,305,376,754,737,305,332
285,864,0,173,973,0,492,332,305,247,321,305,377,684,653,305,332
635,1023,0,454,1023,0,510,330,305,399,340,305,377,766,744,305,332
475,1023,0,157,1023,0,448,316,305,287,330,305,377,687,651,305,332
483,1023,0,269,1023,0,453,319,305,405,357,305,377,716,697,305,332
292,892,0,141,762,0,498,327,305,298,324,305,377,651,628,305,332
432,1023,0,274,1023,0,522,340,305,349,330,305,377,705,690,305,332
285,841,0,187,996,0,480,326,305,334,324,305,377,678,653,305,332
539,1023,0,406,1023,0,487,335,305,413,348,305,377,734,727,305,332
299,893,0,192,1023,0,495,328,305,369,325,305,377,667,633,305,332
579,1023,0,198,1023,0,695,621,305,460,388,305,377,718,690,305,332
557,1023,0,207,1020,0,513,330,305,392,336,305,377,686,647,305,332
621,1023,0,446,1023,0,411,317,305,333,331,305,377,747,719,305,332
377,1023,0,220,1023,0,472,333,305,354,332,305,377,709,693,305,332
522,1023,0,321,1023,0,492,331,305,364,339,305,377,711,684,305,332
542,1023,0,397,1023,0,507,321,305,377,328,305,378,755,737,305,332
396,1023,0,222,1023,0,471,329,305,356,323,305,378,700,673,305,332
614,1023,0,473,1023,0,504,327,305,381,333,305,378,761,742,305,332
363,1023,0,306,1023,0,428,316,305,322,322,305,378,723,707,305,332
403,1023,0,218,1023,0,408,319,305,315,324,305,378,737,724,305,332
391,1023,0,187,1023,0,454,321,305,360,322,305,378,715,701,305,332
414,1023,0,234,1023,0,483,325,305,362,337,305,378,675,668,305,332
612,1023,0,523,1023,0,826,806,305,614,536,305,378,792,781,305,332
544,1023,0,543,1023,0,449,323,305,335,331,305,378,789,770,305,332
452,1023,0,303,1023,0,490,325,305,363,338,305,378,703,687,305,332
629,1023,0,350,1023,0,505,327,305,412,332,305,379,767,746,305,332
519,1023,0,192,1023,0,474,325,305,334,327,305,379,782,769,305,332
395,1023,0,234,1023,0,477,323,305,316,323,305,379,720,703,305,332
420,1023,0,245,1023,0,447,323,305,292,319,305,379,695,685,305,332
503,1023,0,165,1023,0,381,315,305,359,326,305,379,678,653,305,332
661,1023,0,282,1023,0,476,323,305,373,331,305,379,711,637,305,332
463,1023,0,356,1023,0,427,323,305,342,328,305,379,723,709,305,332
491,1023,0,363,1023,0,484,326,305,380,330,305,379,751,728,305,332
523,1023,0,199,1023,0,287,314,305,264,316,305,379,719,706,305,332
544,1023,0,144,980,0,465,324,305,361,337,305,380,708,676,305,332
322,1023,0,257,1023,0,455,315,305,327,330,305,380,741,741,305,332
517,1023,0,301,1023,0,387,315,305,291,322,305,380,724,700,305,332
475,1023,0,428,1023,0,484,320,305,365,327,305,380,729,701,305,332
558,1023,0,297,1023,0,440,322,305,308,324,305,380,744,717,305,332
396,1023,0,222,1023,0,435,316,305,312,326,305,380,705,687,305,332
512,1023,0,332,1023,0,430,328,305,329,324,305,380,747,725,305,332
232,750,0,175,1023,0,537,364,305,371,332,305,380,917,893,305,332
516,1023,0,387,1023,0,460,324,305,332,322,305,380,728,725,305,332
360,1023,0,192,1023,0,449,324,305,372,332,305,381,718,703,305,332
543,1023,0,373,1023,0,449,322,305,373,333,305,381,785,765,305,341
313,1023,0,121,967,0,0,313,305,293,322,305,381,690,680,305,341
435,1023,0,264,1023,0,453,320,305,367,335,305,381,700,689,305,341
518,1023,0,353,1023,0,466,321,305,315,320,305,381,722,701,305,341
503,1023,0,308,1023,0,455,324,305,335,336,305,381,716,687,305,341
381,1023,0,196,1023,0,411,314,305,242,316,305,381,708,697,305,341
569,1023,0,289,1023,0,422,320,305,274,319,305,381,733,719,305,341
489,1023,0,215,1023,0,497,324,305,398,339,305,382,748,734,305,341
294,1023,0,196,1023,0,557,383,305,492,416,305,382,395,358,305,341
423,1023,0,266,1023,0,426,319,305,271,317,305,382,722,707,305,341
574,1023,0,411,1023,0,506,332,305,352,329,305,382,799,778,305,341
374,1023,0,295,1023,0,413,313,305,286,318,305,382,732,717,305,341
386,1023,0,254,1023,0,429,317,305,294,331,305,382,742,730,305,341
436,1023,0,353,1023,0,447,318,305,460,384,305,382,753,744,305,341
554,1023,0,271,1023,0,441,322,305,340,333,305,382,759,738,305,341
428,1023,0,275,1023,0,455,323,305,307,326,305,382,694,675,305,341
830,1023,0,536,1023,0,509,333,305,415,337,305,382,773,710,305,341
330,1023,0,230,1023,0,0,316,305,262,317,305,383,679,663,305,341
651,1023,0,290,1023,0,427,320,305,364,335,305,383,754,731,305,341
567,1023,0,322,1023,0,426,321,305,302,319,305,383,776,764,305,341
359,1023,0,215,1023,0,394,318,305,280,315,305,383,714,698,305,341
521,1023,0,179,1023,0,425,320,305,337,332,305,383,769,753,305,350
381,1023,0,183,1023,0,482,318,305,314,323,305,383,575,552,305,350
514,1023,0,284,1023,0,408,318,305,330,331,305,383,731,708,305,350
417,1023,0,318,1023,0,456,319,305,296,321,305,383,736,719,305,350
722,1023,0,364,1023,0,475,331,305,372,333,305,383,798,776,305,350
474,1023,0,418,1023,0,487,328,305,378,340,305,383,769,763,305,350
379,1023,0,116,813,0,375,315,305,278,321,305,384,637,623,305,350
690,1023,0,501,1023,0,499,334,305,422,346,305,384,743,711,305,350
516,1023,0,361,1023,0,468,323,305,331,321,305,384,769,751,305,350
577,1023,0,253,1023,0,431,319,305,343,331,305,384,750,728,305,350
495,1023,0,245,1023,0,472,324,305,256,320,305,384,503,458,305,350
758,1023,0,577,1023,0,877,891,305,686,647,305,384,762,744,305,350
395,1023,0,178,1023,0,400,317,305,253,318,305,384,726,712,305,350
597,1023,0,309,1023,0,500,342,305,405,348,305,384,704,689,305,350
368,1023,0,209,1023,0,407,316,305,334,322,305,384,694,672,305,350
473,1023,0,299,1023,0,392,316,305,329,325,305,384,704,679,305,350
468,1023,0,250,1023,0,487,322,305,338,318,305,384,713,703,305,350
595,1023,0,425,1023,0,484,330,305,369,339,305,384,763,734,305,350
399,1023,0,191,1023,0,472,324,305,345,325,305,385,689,671,305,350
403,1023,0,226,1023,0,458,319,305,377,336,305,385,721,707,305,350
601,1023,0,411,1023,0,516,332,305,384,334,305,385,754,739,305,350
409,1023,0,116,803,0,383,318,305,354,337,305,385,685,666,305,350
621,1023,0,347,1023,0,463,325,305,368,332,305,385,813,801,305,350
436,1023,0,264,1023,0,721,679,305,478,399,305,385,677,664,305,350
430,1023,0,183,1023,0,482,321,305,345,323,305,385,735,720,305,359
617,1023,0,512,1023,0,495,333,305,411,346,305,385,790,756,305,359
437,1023,0,175,1023,0,352,314,305,257,318,305,385,714,695,305,359
327,1023,0,210,1023,0,430,314,305,295,318,305,385,684,672,305,359
388,1023,0,214,1023,0,438,319,305,286,318,305,385,694,682,305,359
437,1023,0,204,1023,0,409,319,305,274,320,305,385,705,690,305,359
403,1023,0,207,1023,0,459,327,305,358,328,305,385,694,681,305,359
387,1023,0,194,1023,0,415,321,305,282,317,305,386,653,642,305,359
483,1023,0,319,1023,0,457,323,305,362,338,305,386,740,721,305,359
414,1023,0,241,1023,0,462,319,305,346,319,305,386,749,738,305,359
388,1023,0,228,1023,0,470,323,305,329,323,305,386,690,668,305,359
464,1023,0,251,1023,0,444,320,305,259,319,305,386,692,678,305,359
398,1023,0,142,1003,0,445,319,305,339,318,305,386,639,630,305,359
255,746,0,300,1023,0,398,320,305,423,353,305,386,389,366,305,359
494,1023,0,269,1023,0,432,320,305,328,323,305,386,709,688,305,359
504,1023,0,269,1023,0,486,327,305,374,340,305,386,721,700,305,359
401,1023,0,266,1023,0,353,318,305,294,322,305,386,727,718,305,359
361,1023,0,222,1023,0,460,322,305,331,324,305,386,688,654,305,359
238,1023,0,180,1023,0,483,323,305,351,334,305,386,680,670,305,359
389,1023,0,241,1023,0,535,387,305,333,327,305,386,669,656,305,359
437,1023,0,335,1023,0,500,326,305,378,336,305,386,728,706,305,359
517,1023,0,420,1023,0,829,795,305,624,525,305,387,757,743,305,359
402,1023,0,175,1023,0,437,317,305,284,322,305,387,674,654,305,359
525,1023,0,223,1023,0,539,377,305,390,330,305,387,721,699,305,359
511,1023,0,190,1023,0,352,317,305,301,323,305,387,715,698,305,359
458,1023,0,222,1023,0,522,346,305,383,329,305,387,706,685,305,368
422,1023,0,245,1023,0,403,319,305,318,325,305,387,737,722,305,368
316,1023,0,125,909,0,417,317,305,299,320,305,387,611,598,305,368
369,1023,0,204,1023,0,535,368,305,294,323,305,387,693,664,305,368
485,1023,0,335,1023,0,566,392,305,405,343,305,387,733,723,305,368
381,1023,0,220,1023,0,404,320,305,250,316,305,387,705,684,305,368
482,1023,0,213,1023,0,451,321,305,397,349,305,387,710,707,305,368
569,1023,0,347,1023,0,461,328,305,438,368,305,387,764,758,305,368
376,1023,0,224,1023,0,449,319,305,298,324,305,387,696,685,305,368
581,1023,0,283,1023,0,503,326,305,367,331,305,388,742,725,305,368
381,1023,0,242,1023,0,430,321,305,336,328,305,388,721,710,305,368
300,1023,0,236,1023,0,361,315,305,130,317,305,388,671,663,305,368
468,1023,0,324,1023,0,480,322,305,366,332,305,388,729,704,305,368
450,1023,0,235,1023,0,346,315,305,206,318,305,388,707,671,305,368
649,1023,0,336,1023,0,470,322,305,376,328,305,388,765,730,305,377
429,1023,0,350,1023,0,473,325,305,387,339,305,388,736,717,305,377
644,1023,0,402,1023,0,522,332,305,401,333,305,388,737,704,305,377
537,1023,0,209,1023,0,0,313,305,254,320,305,388,767,750,305,377
452,1023,0,262,1023,0,449,323,305,315,328,305,388,716,701,305,377
468,1023,0,393,1023,0,452,319,305,342,330,305,389,752,739,305,377
642,1023,0,215,1023,0,458,318,305,435,359,305,389,763,749,305,377
483,1023,0,236,1023,0,470,321,305,354,329,305,389,668,644,305,377
543,1023,0,390,1023,0,481,322,305,279,318,305,389,763,760,305,377
463,1023,0,221,1023,0,464,326,305,363,329,305,389,698,677,305,377
351,1023,0,185,1023,0,418,316,305,244,318,305,389,682,661,305,377
508,1023,0,332,1023,0,454,321,305,314,323,305,389,720,706,305,377
524,1023,0,236,1023,0,484,322,305,354,320,305,389,761,742,305,377
373,1023,0,284,1023,0,393,319,305,240,318,305,389,747,727,305,377
422,1023,0,359,1023,0,482,329,305,362,335,305,389,727,712,305,377
500,1023,0,217,1023,0,342,317,305,297,328,305,389,771,759,305,377
332,1023,0,209,1023,0,321,313,305,228,312,305,389,695,685,305,377
440,1023,0,212,1023,0,469,320,305,322,317,305,389,702,682,305,377
414,1023,0,126,863,0,398,320,305,205,317,305,389,681,667,305,377
383,1023,0,233,1023,0,465,328,305,293,324,305,389,661,639,305,377
617,1023,0,297,1023,0,459,325,305,332,326,305,389,745,722,305,377
642,1023,0,353,1023,0,499,325,305,382,329,305,389,752,714,305,377
356,1023,0,232,1023,0,445,317,305,303,320,305,389,711,700,305,377
384,1023,0,212,1023,0,405,316,305,275,314,305,389,701,685,305,377
547,1023,0,405,1023,0,659,553,305,418,358,305,390,727,712,305,377
436,1023,0,245,1023,0,397,318,305,336,319,305,390,716,697,305,377
338,1023,0,191,1023,0,479,320,305,349,327,305,390,687,675,305,377
458,1023,0,143,895,0,470,323,305,267,315,305,390,683,672,305,377
543,1023,0,360,1023,0,490,323,305,359,325,305,390,748,727,305,377
491,1023,0,379,1023,0,386,320,305,318,320,305,390,726,699,305,377
424,1023,0,239,1023,0,474,322,305,324,322,305,390,718,703,305,377
434,1023,0,155,1022,0,406,315,305,293,318,305,390,696,683,305,386
431,1023,0,273,1023,0,470,324,305,403,348,305,390,703,681,305,386
531,1023,0,246,1023,0,457,321,305,371,344,305,390,744,713,305,386
802,1023,0,583,1023,0,516,333,305,428,354,305,390,798,750,305,386
426,1023,0,119,849,0,444,320,305,315,321,305,390,681,671,305,386
464,1023,0,305,1023,0,486,328,305,335,331,305,390,741,722,305,386
491,1023,0,299,1023,0,497,327,305,367,328,305,391,668,644,305,386
266,916,0,138,896,0,459,320,305,463,387,305,391,350,343,305,386
799,1023,0,354,1023,0,491,327,305,458,346,305,391,768,688,305,386
531,1023,0,429,1023,0,483,330,305,413,350,305,391,799,781,305,386
645,1023,0,292,1023,0,535,341,305,387,324,305,391,719,695,305,386
702,1023,0,415,1023,0,511,327,305,382,326,305,391,775,745,305,386
307,1023,0,183,1023,0,467,319,305,348,329,305,391,687,668,305,386
471,1023,0,329,1023,0,417,319,305,321,329,305,391,720,702,305,386
449,1023,0,188,1023,0,500,325,305,411,329,305,391,695,670,305,386
536,1023,0,378,1023,0,493,323,305,372,330,305,392,786,760,305,386
331,955,0,159,1023,0,423,316,305,249,321,305,392,674,665,305,386
303,1023,0,185,1023,0,455,319,305,294,326,305,392,653,641,305,386
367,1023,0,152,1023,0,457,320,305,376,338,305,392,683,672,305,386
373,1023,0,214,1023,0,359,314,305,276,319,305,392,690,682,305,386
836,1023,0,432,1023,0,517,330,305,391,331,305,392,779,711,305,386
481,1023,0,331,1023,0,0,306,305,0,319,305,392,735,728,305,395
520,1023,0,344,1023,0,485,325,305,379,336,305,392,727,704,305,395
416,1023,0,196,1023,0,415,320,305,299,324,305,392,734,721,305,395
480,1023,0,340,1023,0,432,325,305,360,338,305,392,731,710,305,395
382,1023,0,360,1023,0,477,322,305,376,334,305,392,738,725,305,395
773,1023,0,393,1023,0,537,330,305,410,327,305,393,744,677,305,395
482,1023,0,256,1023,0,473,318,305,356,326,305,393,710,694,305,395
454,1023,0,270,1023,0,651,558,305,433,370,305,393,708,693,305,395
376,1023,0,233,1023,0,417,316,305,291,329,305,393,719,709,305,395
317,1023,0,264,1023,0,417,321,305,335,320,305,393,766,754,305,395
510,1023,0,210,1023,0,512,324,305,374,333,305,393,708,691,305,395
371,1023,0,121,888,0,467,320,305,305,322,305,393,669,646,305,395
780,1023,0,567,1023,0,674,539,305,476,360,305,393,758,702,305,395
382,1023,0,227,1023,0,0,317,305,255,319,305,393,683,664,305,395
384,1023,0,206,1023,0,464,326,305,319,324,305,393,695,684,305,395
459,1023,0,185,1023,0,466,327,305,354,326,305,393,706,690,305,395
475,1023,0,252,1023,0,469,324,305,320,325,305,393,711,689,305,395
333,1023,0,204,1023,0,368,314,305,264,315,305,393,659,650,305,395
414,1023,0,263,1023,0,349,314,305,244,316,305,394,701,684,305,395
353,1023,0,144,1023,0,150,311,305,163,315,305,394,707,699,305,395
530,1023,0,334,1023,0,471,323,305,349,329,305,394,766,745,305,395
524,1023,0,165,1023,0,453,320,305,306,323,305,394,709,696,305,395
469,1023,0,331,1023,0,501,325,305,356,327,305,394,741,727,305,395
434,1023,0,277,1023,0,420,315,305,355,329,305,394,705,693,305,395
411,1023,0,302,1023,0,432,321,305,327,330,305,394,723,708,305,395
547,1023,0,419,1023,0,495,328,305,361,326,305,394,778,756,305,395
532,1023,0,289,1023,0,467,324,305,350,324,305,394,705,691,305,395
568,1023,0,395,1023,0,470,323,305,374,337,305,394,744,711,305,404
411,1023,0,201,1023,0,449,316,305,283,318,305,394,749,735,305,404
449,1023,0,173,1023,0,337,314,305,207,314,305,395,693,676,305,404
402,1023,0,238,1023,0,459,323,305,295,321,305,395,725,709,305,404
482,1023,0,198,1023,0,444,321,305,342,326,305,395,718,703,305,404
560,1023,0,330,1023,0,472,323,305,361,330,305,395,774,741,305,404
416,1023,0,186,1023,0,446,323,305,326,332,305,395,701,688,305,404
493,1023,0,269,1023,0,467,324,305,319,327,305,395,721,699,305,404
478,1023,0,261,1023,0,451,320,305,363,333,305,395,705,683,305,404
415,1023,0,197,1023,0,447,317,305,305,321,305,395,700,684,305,404
444,1023,0,276,1023,0,383,316,305,282,322,305,395,701,692,305,404
447,1023,0,171,1023,0,419,317,305,252,314,305,395,655,634,305,404
754,1023,0,528,1023,0,477,328,305,399,345,305,395,773,744,305,404
368,1023,0,296,1023,0,498,323,305,366,327,305,395,740,725,305,404
390,1023,0,264,1023,0,393,317,305,311,317,305,396,708,686,305,404
465,1023,0,272,1023,0,412,319,305,299,326,305,396,702,683,305,404
396,1023,0,248,1023,0,405,318,305,248,318,305,396,702,687,305,413
479,1023,0,217,1023,0,459,321,305,291,319,305,396,704,682,305,413
398,1023,0,267,1023,0,470,323,305,340,333,305,396,694,671,305,413
590,1023,0,333,1023,0,554,337,305,494,364,305,396,732,658,305,413
753,1023,0,462,1023,0,515,335,305,399,334,305,396,733,670,305,413
488,1023,0,330,1023,0,464,326,305,336,338,305,396,740,720,305,413
489,1023,0,371,1023,0,487,326,305,343,332,305,396,776,758,305,413
704,1023,0,479,1023,0,525,347,305,403,345,305,396,763,744,305,413
549,1023,0,325,1023,0,477,324,305,397,343,305,396,725,710,305,413
557,1023,0,415,1023,0,512,328,305,181,322,305,397,757,739,305,413
716,1023,0,404,1023,0,480,324,305,348,330,305,397,555,517,305,413
342,1023,0,166,1023,0,501,325,305,361,330,305,397,680,659,305,413
487,1023,0,183,1023,0,433,317,305,341,327,305,397,684,660,305,413
405,1023,0,118,890,0,403,316,305,309,326,305,397,643,631,305,422
438,1023,0,366,1023,0,392,317,305,267,321,305,397,728,728,305,422
338,1023,0,148,1023,0,302,313,305,284,316,305,397,664,658,305,422
484,1023,0,263,1023,0,418,327,305,373,353,305,397,718,700,305,422
380,1023,0,258,1023,0,494,330,305,333,322,305,397,693,677,305,422
491,1023,0,418,1023,0,428,318,305,375,340,305,398,790,770,305,422
462,1023,0,247,1023,0,458,318,305,338,336,305,398,703,688,305,422
566,1023,0,229,1023,0,464,324,305,367,328,305,398,762,730,305,422
385,1023,0,205,1023,0,421,318,305,250,318,305,398,687,675,305,422
533,1023,0,184,1023,0,704,646,305,468,392,305,398,710,701,305,422
724,1023,0,431,1023,0,490,323,305,366,330,305,398,758,714,305,422
698,1023,0,396,1023,0,480,325,305,397,330,305,398,776,756,305,422
672,1023,0,442,1023,0,493,328,305,375,328,305,399,787,715,305,431
496,1023,0,325,1023,0,647,544,305,413,356,305,399,726,710,305,431
442,1023,0,341,1023,0,472,322,305,369,322,305,399,774,760,305,431
446,1023,0,294,1023,0,428,315,305,300,318,305,399,779,758,305,431
370,1023,0,216,1023,0,382,315,305,294,323,305,399,703,683,305,431
505,1023,0,387,1023,0,472,330,305,360,330,305,399,779,762,305,431
404,1023,0,337,1023,0,610,458,305,395,346,305,399,743,729,305,431
415,1023,0,146,962,0,441,318,305,294,315,305,399,710,697,305,431
389,1023,0,250,1023,0,449,324,305,301,323,305,399,656,639,305,431
393,1023,0,226,1023,0,441,322,305,306,326,305,399,691,675,305,431
589,1023,0,384,1023,0,458,329,305,399,340,305,399,824,811,305,431
532,1023,0,432,1023,0,501,329,305,377,335,305,399,793,771,305,431
409,1023,0,236,1023,0,485,321,305,375,331,305,399,712,690,305,431
445,1023,0,312,1023,0,461,329,305,389,349,305,399,697,684,305,431
485,1023,0,366,1023,0,491,327,305,346,326,305,400,715,697,305,431
572,1023,0,313,1023,0,416,323,305,370,328,305,400,730,715,305,431
429,1023,0,271,1023,0,443,321,305,332,322,305,400,708,691,305,431
377,1023,0,211,1023,0,393,317,305,0,311,305,400,709,689,305,431
403,1023,0,229,1023,0,416,318,305,278,325,305,400,708,696,305,431
477,1023,0,265,1023,0,429,319,305,267,323,305,400,748,737,305,431
635,1023,0,324,1023,0,489,332,305,396,352,305,400,755,740,305,431
528,1023,0,334,1023,0,457,321,305,348,327,305,400,693,684,305,431
411,1023,0,387,1023,0,529,335,305,407,343,305,400,749,731,305,431
606,1023,0,406,1023,0,572,347,305,426,329,305,400,778,710,305,431
601,1023,0,311,1023,0,483,329,305,299,326,305,400,761,748,305,431
451,1023,0,267,1023,0,455,316,305,316,324,305,400,697,681,305,431
479,1023,0,233,1023,0,497,327,305,374,333,305,400,667,657,305,431
512,1023,0,327,1023,0,486,320,305,359,330,305,400,731,718,305,431
411,1023,0,352,1023,0,601,452,305,408,355,305,401,778,760,305,431
439,1023,0,238,1023,0,449,317,305,314,322,305,401,744,727,305,431
563,1023,0,446,1023,0,482,330,305,412,350,305,401,761,746,305,431
565,1023,0,166,1023,0,0,314,305,0,319,305,401,704,696,305,440
501,1023,0,352,1023,0,493,332,305,342,333,305,401,723,704,305,440
494,1023,0,478,1023,0,476,322,305,391,341,305,401,778,764,305,440
445,1023,0,340,1023,0,412,319,305,287,327,305,401,733,715,305,440
356,1023,0,176,1023,0,460,319,305,328,324,305,401,700,682,305,440
354,1023,0,197,1023,0,440,316,305,366,330,305,401,668,642,305,440
387,1023,0,284,1023,0,441,321,305,363,344,305,401,748,728,305,440
628,1023,0,415,1023,0,442,321,305,368,335,305,401,733,691,305,440
441,1023,0,290,1023,0,389,318,305,306,322,305,402,754,736,305,440
350,1023,0,259,1023,0,741,698,305,505,417,305,402,747,735,305,440
780,1023,0,578,1023,0,506,329,305,410,341,305,402,817,766,305,440
640,1023,0,475,1023,0,484,320,305,377,325,305,402,788,754,305,440
530,1023,0,445,1023,0,451,322,305,337,329,305,402,732,724,305,440
347,1023,0,329,1023,0,494,333,305,425,354,305,402,442,387,305,440
752,1023,0,458,1023,0,550,363,305,403,336,305,402,782,758,305,440
519,1023,0,286,1023,0,500,325,305,360,329,305,402,789,768,305,440
584,1023,0,331,1023,0,478,320,305,428,354,305,402,696,664,305,440
457,1023,0,233,1023,0,455,321,305,392,339,305,403,716,705,305,440
676,1023,0,448,1023,0,486,321,305,377,326,305,403,792,737,305,449
415,1023,0,189,1023,0,473,322,305,369,345,305,403,639,627,305,449
362,1023,0,247,1023,0,438,324,305,187,318,305,403,644,631,305,449
460,1023,0,201,1023,0,461,319,305,325,320,305,403,727,707,305,449
402,1023,0,225,1023,0,313,310,305,247,311,305,403,660,648,305,449
376,1023,0,146,1004,0,420,318,305,336,327,305,403,673,663,305,449
367,1023,0,109,883,0,428,317,305,318,315,305,403,664,638,305,449
400,1023,0,140,937,0,453,319,305,325,323,305,404,653,638,305,449
418,1023,0,158,1023,0,368,312,305,263,321,305,404,696,687,305,458
376,1023,0,218,1023,0,442,317,305,352,335,305,404,690,677,305,458
261,931,0,171,1023,0,433,320,305,185,311,305,404,638,627,305,458
402,1023,0,343,1023,0,451,323,305,326,328,305,405,738,724,305,467
340,1023,0,204,1023,0,349,313,305,300,321,305,405,707,703,305,467
483,1023,0,277,1023,0,444,320,305,319,327,305,405,738,725,305,467
311,1023,0,137,1023,0,455,321,305,268,315,305,405,722,719,305,467
736,1023,0,379,1023,0,584,353,305,474,357,305,405,766,691,305,476
356,1023,0,203,1023,0,558,335,305,431,332,305,405,716,684,305,476
333,1023,0,197,1023,0,442,312,305,189,313,305,405,675,665,305,476
359,1023,0,205,1023,0,443,319,305,185,310,305,405,699,691,305,476
449,1023,0,239,1023,0,344,315,305,292,321,305,405,705,683,305,476
385,1021,0,184,942,0,639,390,305,479,337,305,405,730,701,305,476
399,1023,0,247,1023,0,613,397,305,489,350,305,405,704,665,305,476
499,1023,0,139,1023,0,604,358,305,486,359,305,406,727,700,305,476
319,1023,0,166,992,0,611,365,305,492,349,305,406,704,672,305,476
511,930,0,346,1023,0,0,312,305,250,323,305,406,723,641,305,476
302,1023,0,191,1023,0,0,305,305,0,360,305,406,79,305,305,476
582,1023,0,350,1023,0,0,305,305,0,305,305,406,685,705,305,476
445,1023,0,192,1023,0,0,305,305,0,305,305,407,697,712,305,476
657,1023,0,444,1023,0,853,833,305,649,572,305,407,794,781,305,476
587,1023,0,430,1023,0,0,308,305,191,325,305,407,771,755,305,476
353,1023,0,328,1023,0,620,372,305,492,346,305,407,721,705,305,476
612,1023,0,465,1023,0,509,327,305,391,327,305,407,780,763,305,476
386,1023,0,234,1023,0,446,322,305,323,331,305,407,692,684,305,476
398,1023,0,286,1023,0,478,322,305,324,325,305,407,703,682,305,476
587,1023,0,206,1023,0,409,320,305,398,358,305,407,667,627,305,476
471,1023,0,433,1023,0,714,658,305,481,404,305,407,713,686,305,476
451,1023,0,302,1023,0,455,317,305,352,326,305,407,764,746,305,476
553,1023,0,368,1023,0,514,323,305,377,323,305,407,770,749,305,476
537,1023,0,295,1023,0,440,321,305,333,326,305,408,802,776,305,476
731,1023,0,415,1023,0,559,333,305,480,346,305,408,755,700,305,476
406,1023,0,297,1023,0,591,348,305,489,350,305,408,746,720,305,476
423,1023,0,301,1023,0,448,324,305,302,321,305,408,742,727,305,476
512,1023,0,290,1023,0,471,327,305,334,334,305,408,752,741,305,476
389,1023,0,266,1023,0,473,323,305,348,326,305,409,727,712,305,476
352,1023,0,209,1023,0,426,313,305,319,318,305,409,703,689,305,476
773,1023,0,342,1023,0,486,330,305,337,326,305,409,792,781,305,476
483,1023,0,453,1023,0,792,744,305,577,464,305,409,726,700,305,476
443,1023,0,380,1023,0,474,329,305,365,334,305,409,782,768,305,476
369,1023,0,213,1023,0,446,318,305,316,319,305,409,690,676,305,476
396,1023,0,201,1023,0,418,316,305,254,315,305,409,734,720,305,476
503,1023,0,164,1023,0,483,323,305,309,323,305,409,689,669,305,485
361,1023,0,271,1023,0,441,318,305,332,329,305,409,746,736,305,485
815,1023,0,451,1023,0,510,330,305,403,332,305,409,779,710,305,485
426,1023,0,167,1023,0,479,322,305,296,323,305,409,688,671,305,485
723,1023,0,480,1023,0,477,319,305,361,321,305,409,781,761,305,485
343,1023,0,189,1023,0,405,318,305,245,313,305,410,725,714,305,485
561,1023,0,434,1023,0,489,330,305,390,353,305,410,770,762,305,485
306,1023,0,220,1023,0,507,348,305,325,322,305,410,691,675,305,485
686,1023,0,427,1023,0,511,328,305,395,341,305,410,809,791,305,485
519,1023,0,330,1023,0,782,761,305,566,492,305,410,751,728,305,485
502,1023,0,431,1023,0,488,330,305,369,336,305,410,730,713,305,485
529,1023,0,303,1023,0,740,694,305,505,410,305,410,728,709,305,485
428,1023,0,189,1023,0,449,318,305,402,340,305,410,710,700,305,485
501,1023,0,289,1023,0,445,321,305,349,326,305,411,747,728,305,485
501,1023,0,467,1023,0,560,358,305,419,350,305,411,760,736,305,485
397,1023,0,252,1023,0,531,334,305,445,332,305,411,731,711,305,485
418,1023,0,261,1023,0,402,314,305,344,335,305,411,742,733,305,494
509,1023,0,266,1023,0,491,325,305,363,326,305,411,731,710,305,494
447,1023,0,268,1023,0,432,319,305,331,325,305,411,721,712,305,494
515,1023,0,257,1023,0,470,324,305,301,327,305,411,714,694,305,494
482,1023,0,271,1023,0,480,332,305,363,338,305,411,737,723,305,494
613,1023,0,322,1023,0,486,326,305,379,335,305,412,796,779,305,494
375,1023,0,232,1023,0,414,317,305,329,323,305,412,722,705,305,494
557,1023,0,323,1023,0,520,364,305,459,398,305,412,722,711,305,494
494,1023,0,224,1023,0,309,322,305,256,322,305,412,735,717,305,494
479,1023,0,191,1023,0,346,315,305,314,328,305,412,692,677,305,494
594,1023,0,436,1023,0,494,334,305,352,324,305,412,756,709,305,494
521,1023,0,241,1023,0,459,330,305,331,335,305,412,757,744,305,494
607,1023,0,395,1023,0,658,554,305,433,351,305,412,761,733,305,494
415,1023,0,201,1023,0,467,320,305,247,318,305,412,707,701,305,494
457,1023,0,308,1023,0,386,315,305,335,333,305,412,730,719,305,494
476,1023,0,327,1023,0,478,326,305,343,326,305,412,726,709,305,494
410,1023,0,230,1023,0,484,325,305,236,318,305,412,679,663,305,494
604,1023,0,359,1023,0,476,325,305,345,325,305,413,718,696,305,503
308,1023,0,138,975,0,0,313,305,270,320,305,413,649,639,305,503
768,1023,0,463,1023,0,537,328,305,392,329,305,413,789,713,305,503
600,1023,0,318,1023,0,537,349,305,412,348,305,413,739,718,305,503
422,1023,0,231,1023,0,474,322,305,286,317,305,413,682,667,305,503
375,1023,0,239,1023,0,476,326,305,196,312,305,413,687,676,305,503
390,1023,0,228,1023,0,296,316,305,250,318,305,413,706,695,305,503
355,1023,0,191,1023,0,428,319,305,124,317,305,413,661,644,305,503
469,1023,0,349,1023,0,499,330,305,320,325,305,413,787,774,305,503
521,1023,0,218,1023,0,443,326,305,369,332,305,413,757,739,305,503
451,1023,0,206,1023,0,451,321,305,310,320,305,413,706,698,305,503
378,1023,0,252,1023,0,472,322,305,328,328,305,414,701,689,305,503
282,577,0,281,1023,0,0,309,305,189,310,305,414,309,320,305,503
493,1023,0,383,1023,0,460,324,305,354,328,305,414,783,767,305,503
530,1023,0,207,1023,0,490,330,305,406,345,305,414,692,666,305,503
606,1023,0,409,1023,0,473,325,305,323,324,305,414,726,710,305,503
454,1023,0,319,1023,0,449,319,305,337,332,305,414,734,714,305,503
698,1023,0,389,1023,0,517,334,305,418,333,305,414,756,694,305,503
517,1023,0,367,1023,0,481,323,305,352,336,305,414,760,747,305,503
777,1023,0,335,1023,0,729,657,305,512,400,305,414,752,726,305,512
461,1023,0,252,1023,0,425,322,305,327,320,305,414,669,648,305,512
499,1023,0,304,1023,0,495,325,305,377,334,305,414,751,733,305,512
380,1023,0,176,1023,0,383,313,305,232,315,305,415,724,715,305,512
391,1023,0,180,1023,0,471,325,305,375,327,305,415,684,675,305,512
356,1023,0,191,1023,0,462,319,305,302,322,305,415,685,675,305,512
453,1023,0,302,1023,0,445,319,305,299,317,305,415,746,726,305,512
502,1023,0,311,1023,0,440,320,305,343,326,305,415,737,714,305,512
480,1023,0,340,1023,0,486,322,305,347,324,305,415,698,687,305,512
451,1023,0,289,1023,0,454,317,305,344,326,305,415,734,720,305,512
322,1023,0,261,1023,0,455,324,305,357,328,305,415,710,696,305,512
361,1023,0,192,1023,0,468,323,305,350,326,305,415,683,669,305,512
575,1023,0,202,1023,0,452,324,305,335,324,305,415,725,702,305,512
664,1023,0,365,1023,0,498,332,305,407,340,305,415,743,692,305,512
403,1023,0,282,1023,0,485,325,305,317,317,305,415,714,705,305,512
463,1023,0,259,1023,0,741,710,305,493,420,305,415,674,652,305,512
453,1023,0,145,880,0,450,318,305,300,317,305,415,672,649,305,512
336,1023,0,226,1023,0,463,322,305,295,321,305,416,687,680,305,512
332,1023,0,228,1023,0,507,352,305,323,326,305,416,680,673,305,512
461,1023,0,331,1023,0,469,326,305,453,360,305,416,676,666,305,512
435,1023,0,317,1023,0,440,321,305,304,322,305,416,768,752,305,512
488,1023,0,341,1023,0,496,326,305,364,332,305,416,733,711,305,512
295,691,0,330,1023,0,569,373,305,385,326,305,416,710,626,305,512
538,1023,0,366,1023,0,498,327,305,380,336,305,416,751,731,305,512
401,1023,0,252,1023,0,433,319,305,289,318,305,416,712,692,305,512
578,1023,0,537,1023,0,487,333,305,366,333,305,416,795,780,305,521
570,1023,0,329,1023,0,456,325,305,363,334,305,416,695,677,305,521
420,1023,0,243,1023,0,602,450,305,376,340,305,416,729,715,305,521
374,1023,0,166,1023,0,445,320,305,337,323,305,416,711,700,305,521
513,1023,0,364,1023,0,473,332,305,381,332,305,416,685,662,305,521
547,1023,0,381,1023,0,480,327,305,358,332,305,416,748,725,305,521
450,1023,0,240,1023,0,253,313,305,287,320,305,417,744,723,305,521
394,1023,0,422,1023,0,511,331,305,419,347,305,417,759,741,305,521
409,1023,0,380,1023,0,464,324,305,386,340,305,417,767,756,305,521
373,1023,0,228,1023,0,491,334,305,263,316,305,417,666,650,305,521
377,1023,0,253,1023,0,417,317,305,303,314,305,417,710,699,305,521
459,1023,0,306,1023,0,486,327,305,327,330,305,417,759,741,305,521
635,1023,0,305,1023,0,459,324,305,369,330,305,417,741,721,305,521
417,1023,0,249,1023,0,404,318,305,302,326,305,417,687,671,305,521
578,1023,0,290,1023,0,484,324,305,388,340,305,417,686,672,305,521
418,1023,0,266,1023,0,444,317,305,291,319,305,418,721,708,305,530
531,1023,0,342,1023,0,478,323,305,342,331,305,418,751,733,305,530
524,1023,0,342,1023,0,411,319,305,334,323,305,418,748,720,305,530
448,1023,0,259,1023,0,539,370,305,336,334,305,418,706,694,305,530
440,1023,0,221,1023,0,478,323,305,331,325,305,418,705,687,305,530
534,1023,0,304,1023,0,435,329,305,333,325,305,418,807,794,305,530
404,1023,0,215,1023,0,466,324,305,261,320,305,418,696,675,305,530
469,1023,0,231,1023,0,392,320,305,307,322,305,418,706,689,305,530
372,1023,0,205,1023,0,0,315,305,335,327,305,418,678,660,305,530
364,1023,0,253,1023,0,405,318,305,303,323,305,418,719,707,305,530
596,1023,0,336,1023,0,463,323,305,381,338,305,418,687,663,305,530
549,1023,0,307,1023,0,502,338,305,376,339,305,418,715,691,305,530
500,1023,0,280,1023,0,492,328,305,365,332,305,418,705,685,305,530
577,1023,0,504,1023,0,518,331,305,406,334,305,418,788,746,305,530
279,1023,0,197,1023,0,460,321,305,324,324,305,418,693,680,305,530
517,1023,0,431,1023,0,475,328,305,375,333,305,418,752,727,305,530
495,1023,0,252,1023,0,471,318,305,313,325,305,418,776,762,305,530
532,1023,0,140,1023,0,455,324,305,344,322,305,419,694,682,305,530
398,1023,0,291,1023,0,423,319,305,300,330,305,419,730,716,305,530
537,1023,0,498,1023,0,465,328,305,400,343,305,419,760,736,305,530
448,1023,0,199,1023,0,469,321,305,334,327,305,419,716,699,305,539
417,1023,0,141,982,0,458,319,305,297,323,305,419,737,723,305,539
625,1023,0,401,1023,0,464,321,305,366,328,305,419,756,725,305,539
427,1023,0,335,1023,0,478,326,305,369,336,305,419,710,689,305,539
415,1023,0,238,1023,0,497,338,305,365,340,305,419,697,681,305,539
643,1023,0,465,1023,0,486,323,305,352,325,305,419,776,751,305,539
591,1023,0,489,1023,0,503,332,305,394,341,305,419,767,724,305,539
535,1023,0,256,1023,0,457,325,305,362,339,305,420,723,684,305,539
491,1023,0,244,1023,0,468,323,305,307,319,305,420,709,694,305,539
392,1023,0,165,1023,0,432,317,305,288,321,305,420,682,664,305,539
696,1023,0,496,1023,0,477,333,305,386,336,305,420,747,732,305,539
401,1023,0,166,1023,0,0,305,305,0,305,305,420,694,688,305,539
558,1023,0,332,1023,0,0,313,305,0,321,305,420,690,617,305,539
375,1023,0,252,1023,0,498,322,305,327,328,305,420,698,686,305,539
356,1023,0,201,1023,0,421,319,305,180,314,305,420,684,681,305,539
762,1023,0,375,1023,0,483,319,305,378,326,305,420,717,637,305,548
450,1023,0,322,1023,0,486,329,305,347,326,305,420,722,696,305,548
327,1023,0,222,1023,0,476,321,305,340,329,305,420,705,697,305,548
379,1023,0,214,1023,0,534,360,305,412,350,305,420,730,714,305,548
563,1023,0,414,1023,0,469,318,305,380,340,305,420,792,779,305,548
639,1023,0,450,1023,0,615,451,305,420,342,305,420,723,685,305,548
415,1023,0,248,1023,0,441,318,305,349,331,305,420,713,702,305,548
393,1023,0,254,1023,0,454,322,305,332,329,305,421,703,690,305,548
727,1023,0,406,1023,0,678,608,305,461,363,305,421,750,666,305,548
407,1023,0,432,1023,0,480,344,305,391,349,305,421,794,747,305,548
525,1023,0,441,1023,0,511,336,305,395,345,305,421,772,754,305,548
461,1023,0,319,1023,0,737,704,305,496,419,305,421,726,708,305,548
491,1023,0,342,1023,0,426,322,305,293,323,305,421,712,695,305,548
494,1023,0,233,1023,0,483,323,305,363,324,305,421,705,686,305,548
369,1023,0,193,1023,0,460,319,305,221,317,305,421,688,675,305,548
637,1023,0,486,1023,0,465,330,305,385,331,305,422,808,792,305,557
745,1023,0,544,1023,0,488,324,305,391,329,305,422,795,772,305,557
454,1023,0,271,1023,0,420,316,305,352,324,305,422,711,699,305,557
317,1023,0,201,1023,0,427,319,305,293,324,305,422,713,690,305,557
450,1023,0,300,1023,0,494,337,305,357,334,305,422,736,724,305,557
503,1023,0,328,1023,0,434,324,305,314,327,305,422,716,702,305,557
527,1023,0,402,1023,0,486,333,305,432,353,305,422,748,729,305,557
481,1023,0,301,1023,0,678,594,305,430,373,305,422,697,682,305,557
428,1023,0,272,1023,0,484,323,305,329,320,305,422,768,758,305,557
302,1023,0,222,1023,0,780,756,305,562,485,305,423,752,741,305,557
335,1023,0,169,1023,0,399,319,305,309,330,305,423,692,669,305,557
436,1023,0,331,1023,0,469,321,305,358,330,305,423,724,701,305,557
413,1023,0,322,1023,0,431,318,305,374,342,305,423,724,713,305,566
418,1023,0,284,1023,0,343,316,305,329,326,305,423,726,706,305,566
464,1023,0,411,1023,0,466,324,305,353,329,305,423,758,735,305,566
389,1023,0,264,1023,0,415,317,305,344,322,305,423,714,699,305,566
342,1023,0,196,1023,0,377,316,305,288,323,305,423,670,652,305,566
454,1023,0,288,1023,0,479,320,305,358,321,305,423,721,702,305,566
350,949,0,169,868,0,478,317,305,318,326,305,423,704,679,305,566
385,1023,0,168,894,0,482,322,305,360,325,305,424,687,644,305,566
380,1023,0,256,1023,0,479,339,305,274,317,305,424,685,671,305,566
444,1023,0,258,1023,0,455,322,305,318,327,305,424,741,724,305,566
456,1023,0,138,975,0,387,316,305,288,314,305,424,678,667,305,566
534,1023,0,149,1000,0,488,327,305,340,336,305,424,673,649,305,566
505,1023,0,357,1023,0,442,321,305,364,335,305,424,775,762,305,566
480,1023,0,249,1023,0,583,412,305,379,340,305,424,727,706,305,566
266,852,0,184,1023,0,567,390,305,323,325,305,424,509,459,305,566
595,1023,0,202,1023,0,490,324,305,334,326,305,424,695,674,305,566
317,903,0,246,1023,0,429,326,305,377,343,305,424,680,650,305,566
555,1023,0,407,1023,0,487,327,305,308,329,305,424,803,779,305,566
568,1023,0,412,1023,0,487,327,305,352,324,305,425,760,741,305,566
485,1023,0,398,1023,0,483,329,305,356,330,305,425,776,763,305,566
385,1023,0,209,1023,0,402,321,305,324,324,305,425,728,723,305,566
417,1023,0,272,1023,0,480,323,305,318,320,305,425,734,721,305,566
537,1023,0,364,1023,0,466,324,305,413,358,305,425,757,739,305,575
724,1023,0,546,1023,0,515,345,305,399,339,305,425,811,784,305,575
440,1023,0,327,1023,0,462,322,305,346,325,305,425,749,735,305,575
478,1023,0,369,1023,0,510,337,305,355,328,305,425,763,748,305,575
518,1023,0,319,1023,0,413,317,305,316,325,305,425,720,698,305,575
379,1023,0,111,769,0,444,318,305,284,318,305,426,671,659,305,575
408,1023,0,267,1023,0,439,319,305,249,316,305,426,727,708,305,575
361,1023,0,159,1023,0,579,427,305,310,328,305,426,669,655,305,575
719,1023,0,502,1023,0,490,323,305,398,330,305,426,771,737,305,575
406,1023,0,265,1023,0,498,326,305,352,333,305,426,724,712,305,575
334,1023,0,213,1023,0,440,319,305,309,323,305,426,691,674,305,575
439,1023,0,257,1023,0,381,315,305,242,313,305,426,716,694,305,575
518,1023,0,221,1023,0,372,316,305,313,329,305,426,790,771,305,575
502,1023,0,310,1023,0,477,326,305,308,329,305,426,748,733,305,575
745,1023,0,446,1023,0,493,328,305,371,327,305,426,761,691,305,575
644,1023,0,479,1023,0,490,331,305,380,333,305,426,797,770,305,575
817,1023,0,499,1023,0,521,333,305,416,343,305,426,809,778,305,575
506,1023,0,347,1023,0,564,370,305,416,343,305,426,728,707,305,575
477,1023,0,177,1023,0,417,316,305,332,324,305,426,690,678,305,575
532,1023,0,422,1023,0,483,330,305,324,325,305,426,783,769,305,575
287,1023,0,242,1023,0,465,328,305,444,381,305,426,369,367,305,575
415,1023,0,233,1023,0,485,325,305,352,327,305,426,704,690,305,584
454,1023,0,177,1023,0,632,509,305,405,365,305,427,709,688,305,584
389,1023,0,258,1023,0,712,669,305,460,387,305,427,668,656,305,584
452,1023,0,291,1023,0,459,320,305,355,329,305,427,751,739,305,584
514,1023,0,296,1023,0,387,316,305,249,317,305,427,764,739,305,584
664,1023,0,535,1023,0,505,331,305,404,339,305,427,765,747,305,584
422,1023,0,169,1023,0,495,318,305,351,321,305,427,682,667,305,584
411,1023,0,253,1023,0,347,318,305,271,325,305,427,711,691,305,584
427,1023,0,208,1023,0,462,323,305,362,327,305,427,695,678,305,584
332,1023,0,287,1023,0,350,316,305,286,329,305,427,661,645,305,584
565,1023,0,341,1023,0,502,332,305,379,335,305,427,738,718,305,584
349,1023,0,198,1023,0,426,324,305,291,327,305,427,673,663,305,584
343,1023,0,173,1023,0,0,312,305,0,315,305,427,667,654,305,584
404,1023,0,229,1023,0,385,317,305,254,314,305,427,713,696,305,584
348,1023,0,200,1023,0,451,321,305,285,318,305,427,669,652,305,584
436,1023,0,373,1023,0,485,336,305,330,333,305,427,692,679,305,584
438,1023,0,360,1023,0,504,331,305,387,344,305,427,748,735,305,584
441,1023,0,257,1023,0,462,322,305,332,324,305,427,686,668,305,584
404,1023,0,290,1023,0,470,325,305,343,324,305,427,687,673,305,584
306,854,0,334,1023,0,805,770,305,596,498,305,427,758,744,305,584
412,1023,0,143,923,0,380,313,305,32,320,305,428,706,693,305,584
499,1023,0,291,1023,0,419,317,305,311,320,305,428,766,752,305,584
460,1023,0,401,1023,0,474,329,305,364,337,305,428,744,729,305,584
534,1023,0,210,1023,0,679,601,305,363,355,305,428,669,649,305,584
537,1023,0,309,1023,0,461,320,305,164,323,305,428,732,717,305,584
536,1023,0,346,1023,0,488,332,305,379,341,305,428,747,730,305,584
390,1023,0,214,1023,0,407,314,305,270,321,305,428,694,675,305,584
506,1023,0,205,1023,0,434,317,305,370,328,305,428,723,700,305,584
409,1023,0,223,1023,0,465,325,305,241,316,305,428,682,669,305,584
503,1023,0,328,1023,0,456,322,305,310,322,305,428,692,672,305,584
684,1023,0,281,1023,0,434,322,305,293,321,305,428,732,701,305,593
519,1023,0,432,1023,0,736,691,305,511,418,305,428,765,745,305,593
478,1023,0,261,1023,0,471,321,305,263,320,305,428,763,743,305,593
453,1023,0,187,1023,0,503,329,305,347,327,305,429,713,688,305,593
425,1023,0,269,1023,0,480,320,305,356,321,305,429,719,712,305,593
399,1023,0,251,1023,0,417,317,305,247,317,305,429,730,714,305,593
480,1023,0,282,1023,0,463,328,305,346,329,305,429,718,705,305,593
374,1023,0,264,1023,0,481,325,305,306,318,305,429,707,689,305,593
401,1023,0,242,1023,0,428,317,305,271,317,305,429,725,710,305,593
547,1023,0,356,1023,0,480,327,305,388,337,305,429,718,709,305,593
499,1023,0,282,1023,0,468,319,305,312,320,305,429,747,726,305,593
422,1023,0,279,1023,0,459,324,305,360,331,305,429,714,700,305,593
507,1023,0,317,1023,0,470,323,305,333,320,305,429,741,725,305,593
372,1023,0,329,1023,0,494,332,305,383,339,305,429,690,679,305,593
448,1023,0,222,1023,0,484,320,305,327,327,305,429,697,685,305,593
542,1023,0,389,1023,0,462,331,305,347,332,305,429,737,712,305,593
518,1023,0,323,1023,0,452,324,305,394,336,305,429,725,710,305,593
433,1023,0,228,1023,0,472,324,305,306,318,305,429,490,442,305,593
473,1023,0,298,1023,0,392,320,305,261,318,305,429,717,697,305,593
378,1023,0,215,1023,0,818,822,305,597,552,305,429,688,664,305,602
591,1023,0,405,1023,0,404,317,305,285,321,305,429,784,770,305,602
534,1023,0,518,1023,0,487,327,305,389,332,305,429,765,744,305,602
382,1023,0,205,1023,0,405,317,305,299,319,305,430,666,650,305,602
455,1023,0,260,1023,0,398,315,305,229,314,305,430,711,693,305,602
457,887,0,481,1023,0,477,321,305,326,320,305,430,336,334,305,602
645,1023,0,400,1023,0,487,331,305,367,330,305,430,754,716,305,602
314,1023,0,179,1023,0,349,316,305,214,315,305,430,646,632,305,602
462,1023,0,391,1023,0,453,320,305,344,330,305,430,781,764,305,602
329,1023,0,200,1023,0,380,315,305,247,314,305,430,678,665,305,602
620,1023,0,565,1023,0,497,330,305,408,343,305,430,786,768,305,602
557,1023,0,360,1023,0,478,326,305,376,335,305,430,794,776,305,602
461,1023,0,272,1023,0,451,319,305,298,328,305,430,705,691,305,602
462,1023,0,377,1023,0,428,315,305,368,333,305,430,752,732,305,602
431,1023,0,264,1023,0,457,323,305,337,321,305,430,697,684,305,602
458,1023,0,382,1023,0,483,325,305,333,327,305,430,729,714,305,602
468,1023,0,284,1023,0,457,320,305,303,322,305,431,720,695,305,602
351,1023,0,181,1023,0,431,317,305,335,321,305,431,694,681,305,602
408,1023,0,244,1023,0,430,321,305,338,328,305,431,691,679,305,602
437,1023,0,279,1023,0,414,324,305,298,327,305,431,750,736,305,602
523,1023,0,449,1023,0,706,646,305,478,386,305,431,745,731,305,602
784,1023,0,514,1023,0,500,328,305,352,321,305,431,770,694,305,602
407,1023,0,265,1023,0,432,318,305,344,326,305,431,689,681,305,602
396,1023,0,271,1023,0,441,321,305,234,325,305,431,747,737,305,602
752,1023,0,520,1023,0,578,395,305,431,348,305,431,810,775,305,602
610,1023,0,335,1023,0,496,327,305,364,324,305,431,741,726,305,602
412,1023,0,262,1023,0,458,319,305,250,329,305,431,705,687,305,602
476,1023,0,351,1023,0,426,317,305,310,328,305,431,758,729,305,611
556,1023,0,232,1023,0,526,354,305,361,336,305,431,691,671,305,611
337,1023,0,193,1023,0,653,558,305,397,343,305,431,702,687,305,611
417,1023,0,248,1023,0,459,321,305,287,317,305,432,687,663,305,611
500,1023,0,230,1023,0,433,316,305,324,322,305,432,708,688,305,611
491,1023,0,263,1023,0,431,316,305,337,328,305,432,717,686,305,611
397,1023,0,274,1023,0,572,406,305,352,333,305,432,698,678,305,611
461,1023,0,146,952,0,456,321,305,328,329,305,432,699,688,305,611
482,1023,0,309,1023,0,415,319,305,327,323,305,432,732,719,305,611
701,1023,0,380,1023,0,483,332,305,373,337,305,433,782,710,305,620
479,1023,0,290,1023,0,460,328,305,336,328,305,433,696,677,305,620
674,1023,0,558,1023,0,483,327,305,406,354,305,433,788,769,305,620
565,1023,0,257,1023,0,469,330,305,371,337,305,433,747,719,305,620
384,1023,0,206,1023,0,409,318,305,205,323,305,433,712,694,305,620
427,1023,0,259,1023,0,485,326,305,349,322,305,433,700,687,305,620
349,1023,0,253,1023,0,434,320,305,319,324,305,433,713,701,305,620
538,1023,0,413,1023,0,512,340,305,408,352,305,433,758,728,305,620
363,1023,0,257,1023,0,446,321,305,297,325,305,433,699,685,305,620
358,1023,0,296,1023,0,0,313,305,238,317,305,433,720,709,305,620
375,1023,0,188,1023,0,440,319,305,320,323,305,433,670,660,305,620
608,1023,0,317,1023,0,452,324,305,296,330,305,433,773,757,305,620
384,1023,0,125,902,0,353,312,305,332,321,305,433,676,663,305,620
531,1023,0,290,1023,0,503,327,305,374,325,305,434,732,711,305,620
379,1023,0,221,1023,0,461,322,305,340,324,305,434,742,728,305,620
507,1023,0,486,1023,0,499,329,305,391,342,305,434,788,759,305,620
534,1023,0,401,1023,0,547,366,305,382,336,305,434,747,728,305,620
492,1023,0,280,1023,0,482,327,305,301,328,305,434,710,694,305,620
627,1023,0,322,1023,0,499,323,305,403,343,305,434,744,715,305,620
447,1023,0,270,1023,0,505,325,305,329,320,305,434,717,703,305,629
553,1023,0,218,1023,0,455,321,305,323,320,305,434,706,684,305,629
376,1023,0,204,1023,0,452,318,305,272,317,305,434,712,695,305,629
502,1023,0,253,1023,0,0,311,305,211,316,305,434,707,686,305,629
512,1023,0,328,1023,0,481,323,305,298,318,305,434,729,711,305,629
518,1023,0,271,1023,0,447,319,305,319,325,305,434,715,686,305,629
486,1023,0,322,1023,0,396,317,305,311,326,305,435,740,727,305,629
514,1023,0,390,1023,0,458,321,305,365,340,305,435,731,714,305,629
612,1023,0,350,1023,0,470,327,305,380,333,305,435,764,742,305,629
478,1023,0,366,1023,0,420,324,305,427,364,305,435,746,720,305,629
434,1023,0,212,1023,0,0,311,305,0,308,305,435,697,684,305,638
499,1023,0,262,1023,0,253,313,305,0,313,305,435,722,699,305,638
345,939,0,181,852,0,663,522,305,516,366,305,435,694,648,305,638
406,1023,0,138,835,0,0,307,305,0,305,305,435,656,650,305,638
393,1023,0,164,1023,0,508,339,305,323,330,305,435,728,718,305,638
571,1023,0,400,1023,0,472,327,305,370,338,305,435,784,767,305,638
557,1023,0,183,1023,0,473,321,305,292,326,305,436,677,646,305,638
471,1023,0,213,1023,0,421,322,305,337,330,305,436,708,684,305,638
499,1023,0,211,1023,0,463,318,305,322,319,305,436,701,687,305,638
591,1023,0,396,1023,0,481,325,305,380,337,305,436,731,707,305,638
550,1023,0,289,1023,0,479,325,305,377,334,305,436,779,765,305,638
374,1023,0,375,1023,0,487,325,305,349,327,305,436,775,761,305,638
500,1023,0,189,925,0,519,327,305,361,325,305,436,683,647,305,638
333,1023,0,148,988,0,406,322,305,307,327,305,436,671,644,305,638
426,1023,0,260,1023,0,509,333,305,380,336,305,436,676,650,305,638
448,1023,0,322,1023,0,454,327,305,351,332,305,436,748,724,305,638
418,1023,0,211,1023,0,437,322,305,304,323,305,436,731,715,305,638
393,1023,0,242,1023,0,425,321,305,309,323,305,436,741,726,305,638
524,1023,0,427,1023,0,491,325,305,380,332,305,436,758,732,305,638
391,1023,0,365,1023,0,463,329,305,357,336,305,436,773,751,305,638
412,1023,0,228,1023,0,480,328,305,377,338,305,436,703,685,305,638
431,1023,0,317,1023,0,552,387,305,362,336,305,437,714,699,305,638
385,1023,0,236,1023,0,433,322,305,293,317,305,437,706,696,305,638
534,1023,0,383,1023,0,493,322,305,405,344,305,437,781,766,305,638
497,1023,0,201,1023,0,514,341,305,345,331,305,437,687,671,305,638
540,1023,0,318,1023,0,485,321,305,337,328,305,437,775,748,305,638
476,1023,0,295,1023,0,451,317,305,325,315,305,437,722,705,305,638
361,1023,0,200,1023,0,484,321,305,313,323,305,437,707,684,305,638
369,1023,0,217,1023,0,404,318,305,242,317,305,437,679,662,305,638
445,1023,0,267,1023,0,485,323,305,365,325,305,437,713,686,305,638
454,1023,0,272,1023,0,654,556,305,389,345,305,438,725,713,305,647
660,1023,0,436,1023,0,520,330,305,388,332,305,438,782,768,305,647
414,1023,0,255,1023,0,557,335,305,412,328,305,438,694,673,305,647
408,1023,0,274,1023,0,418,317,305,331,328,305,438,747,730,305,647
472,1023,0,335,1023,0,507,321,305,394,330,305,438,750,734,305,647
286,1023,0,233,1023,0,369,316,305,301,326,305,438,687,681,305,647
492,1023,0,404,1023,0,501,328,305,380,329,305,438,756,741,305,647
387,1023,0,225,1023,0,443,315,305,289,321,305,438,703,686,305,647
393,1023,0,315,1023,0,402,317,305,288,321,305,438,733,717,305,647
482,1023,0,230,1023,0,466,324,305,296,318,305,438,753,738,305,647
443,1023,0,251,1023,0,357,313,305,333,329,305,439,688,668,305,647
415,1023,0,296,1023,0,377,319,305,337,329,305,439,747,729,305,647
425,1023,0,287,1023,0,468,320,305,306,326,305,439,759,746,305,647
404,1023,0,277,1023,0,460,320,305,353,331,305,439,685,660,305,647
632,1023,0,438,1023,0,471,327,305,377,340,305,439,724,655,305,647
494,1023,0,369,1023,0,469,324,305,325,325,305,439,731,716,305,647
545,1023,0,187,1023,0,467,324,305,405,343,305,439,645,617,305,647
480,1023,0,297,1023,0,438,321,305,336,321,305,439,755,745,305,647
404,1023,0,342,1023,0,462,321,305,350,326,305,439,752,731,305,647
480,1023,0,351,1023,0,452,322,305,309,321,305,439,721,697,305,647
630,1023,0,546,1023,0,505,336,305,385,334,305,439,828,802,305,647
511,1023,0,306,1023,0,472,324,305,352,332,305,439,735,719,305,647
398,1023,0,205,1023,0,466,319,305,338,324,305,439,672,643,305,647
582,1023,0,483,1023,0,482,328,305,369,328,305,439,745,721,305,647
433,1023,0,231,1023,0,489,327,305,337,330,305,439,701,691,305,647
390,1023,0,296,1023,0,470,320,305,346,321,305,439,767,755,305,647
465,1023,0,310,1023,0,457,319,305,310,318,305,439,691,678,305,647
447,1023,0,277,1023,0,408,318,305,258,317,305,439,687,665,305,647
422,1023,0,264,1023,0,459,318,305,331,319,305,440,715,693,305,647
426,1023,0,259,1023,0,405,319,305,296,323,305,440,729,705,305,647
302,1023,0,216,1023,0,402,318,305,278,321,305,440,726,718,305,656
716,1023,0,301,1023,0,483,327,305,413,348,305,440,834,830,305,656
514,1023,0,371,1023,0,490,325,305,363,330,305,440,739,715,305,656
614,1023,0,329,1023,0,515,338,305,397,333,305,440,736,717,305,656
359,1023,0,185,1023,0,472,321,305,296,315,305,440,692,678,305,656
609,1023,0,292,1023,0,500,328,305,445,362,305,440,747,722,305,656
434,1023,0,272,1023,0,430,321,305,342,326,305,440,721,706,305,656
454,1023,0,263,1023,0,483,322,305,303,326,305,441,733,710,305,656
433,1023,0,173,1023,0,396,318,305,286,322,305,441,752,738,305,656
592,1023,0,383,1023,0,472,324,305,387,332,305,441,775,749,305,656
390,1023,0,193,1023,0,248,315,305,237,314,305,441,667,646,305,656
473,1023,0,314,1023,0,446,326,305,321,324,305,441,765,753,305,656
347,1023,0,160,1023,0,476,323,305,310,319,305,441,658,646,305,656
437,1023,0,272,1023,0,497,331,305,347,332,305,441,714,700,305,656
414,1023,0,175,1023,0,374,313,305,235,320,305,441,394,378,305,656
815,1023,0,540,1023,0,476,329,305,406,336,305,441,787,753,305,665
528,1023,0,322,1023,0,476,325,305,371,330,305,441,738,714,305,665
359,1023,0,165,1023,0,271,310,305,0,312,305,441,689,677,305,665
516,1023,0,266,1023,0,516,329,305,379,330,305,441,715,708,305,665
396,1023,0,287,1023,0,0,307,305,271,337,305,442,716,707,305,665
490,1023,0,260,1023,0,490,327,305,369,335,305,442,737,721,305,665
788,1023,0,506,1023,0,720,651,305,500,389,305,442,778,754,305,665
360,1023,0,178,917,0,473,318,305,350,320,305,442,623,598,305,665
574,1023,0,410,1023,0,496,326,305,386,336,305,442,768,744,305,665
501,1023,0,234,1023,0,454,321,305,336,323,305,442,715,694,305,674
755,1023,0,488,1023,0,435,326,305,454,371,305,442,705,677,305,674
453,1023,0,349,1023,0,505,334,305,343,335,305,442,742,703,305,674
439,1023,0,236,1023,0,441,318,305,281,319,305,443,727,708,305,674
461,1023,0,328,1023,0,514,339,305,392,344,305,443,751,724,305,674
739,1023,0,377,1023,0,490,328,305,362,331,305,443,795,773,305,674
366,1023,0,221,1023,0,468,317,305,337,319,305,443,695,687,305,674
505,1023,0,183,1023,0,489,329,305,356,324,305,443,715,696,305,674
474,1023,0,226,1023,0,638,501,305,424,353,305,443,717,692,305,674
397,1023,0,194,1023,0,544,362,305,339,331,305,443,674,660,305,674
427,1023,0,302,1023,0,589,428,305,408,353,305,443,717,701,305,674
320,1023,0,205,1023,0,461,317,305,328,317,305,443,652,635,305,674
400,1023,0,299,1023,0,453,318,305,336,331,305,443,670,651,305,674
791,1023,0,366,1023,0,475,319,305,402,325,305,443,764,707,305,674
842,1023,0,441,1023,0,502,326,305,374,325,305,443,784,744,305,674
308,1023,0,140,950,0,435,319,305,347,335,305,443,712,701,305,674
438,1023,0,363,1023,0,427,314,305,313,325,305,443,777,766,305,683
504,1023,0,302,1023,0,0,305,305,0,309,305,444,801,786,305,683
557,1023,0,462,1023,0,0,311,305,0,311,305,444,760,749,305,683
500,1023,0,361,1023,0,456,322,305,370,336,305,444,739,722,305,683
480,1023,0,304,1023,0,367,311,305,315,321,305,444,714,695,305,683
484,1023,0,433,1023,0,460,318,305,371,323,305,444,744,728,305,683
574,1023,0,453,1023,0,474,320,305,354,331,305,444,747,732,305,683
531,1023,0,436,1023,0,612,470,305,411,345,305,444,756,740,305,683
583,1023,0,469,1023,0,825,818,305,609,542,305,444,733,711,305,683
249,995,0,245,1023,0,568,425,305,481,420,305,444,388,379,305,683
465,1023,0,228,1023,0,462,324,305,391,343,305,444,739,708,305,683
468,1023,0,303,1023,0,464,321,305,354,335,305,444,735,716,305,683
378,1023,0,218,1023,0,465,323,305,323,320,305,444,722,714,305,683
562,1023,0,457,1023,0,509,334,305,395,337,305,445,799,778,305,683
431,1023,0,345,1023,0,498,325,305,386,337,305,445,747,731,305,683
318,1023,0,198,1023,0,0,315,305,289,320,305,445,677,669,305,683
509,1023,0,364,1023,0,460,325,305,371,334,305,445,760,739,305,683
429,1023,0,272,1023,0,450,321,305,341,326,305,445,713,698,305,683
522,1023,0,312,1023,0,449,320,305,356,329,305,445,715,702,305,683
471,1023,0,384,1023,0,528,361,305,352,330,305,445,757,745,305,683
418,1023,0,254,1023,0,423,320,305,298,323,305,445,694,683,305,683
648,1023,0,369,1023,0,479,325,305,412,342,305,445,760,736,305,683
476,1023,0,264,1023,0,723,681,305,481,408,305,446,726,711,305,692
311,1023,0,142,1001,0,0,310,305,141,309,305,446,691,677,305,692
550,1023,0,311,1023,0,437,321,305,373,343,305,446,703,697,305,692
446,1023,0,232,1023,0,466,321,305,302,324,305,446,710,691,305,692
587,1023,0,420,1023,0,484,323,305,365,328,305,446,764,743,305,692
536,1023,0,224,1023,0,398,315,305,0,309,305,446,727,708,305,692
756,1023,0,487,1023,0,529,326,305,332,319,305,446,766,665,305,692
445,1023,0,317,1023,0,466,319,305,269,317,305,446,768,756,305,692
370,1023,0,233,1023,0,506,325,305,430,349,305,446,715,698,305,692
356,1023,0,118,730,0,504,325,305,334,325,305,446,675,660,305,692
574,1023,0,218,1023,0,501,327,305,373,330,305,446,757,738,305,692
475,1023,0,231,1023,0,439,320,305,345,322,305,446,729,714,305,692
586,1023,0,255,977,0,478,324,305,373,327,305,446,747,709,305,692
788,1023,0,470,1023,0,439,321,305,382,338,305,446,736,684,305,692
249,1023,0,147,1023,0,484,343,305,436,391,305,446,341,338,305,692
395,1023,0,299,1023,0,444,318,305,273,318,305,446,695,680,305,692
457,1023,0,393,1023,0,477,325,305,366,332,305,446,664,647,305,692
403,1023,0,192,1023,0,487,325,305,309,323,305,446,699,671,305,692
354,1023,0,190,1023,0,433,318,305,257,318,305,446,671,655,305,692
482,1023,0,454,1023,0,533,351,305,409,344,305,447,762,742,305,692
436,1023,0,216,1023,0,445,321,305,437,367,305,447,664,645,305,692
485,1023,0,330,1023,0,450,320,305,363,328,305,447,731,719,305,692
420,1023,0,314,1023,0,474,326,305,326,324,305,447,705,693,305,692
417,1023,0,287,1023,0,458,321,305,361,330,305,447,688,671,305,692
721,1023,0,416,1023,0,509,338,305,460,370,305,447,802,784,305,692
510,1023,0,383,1023,0,461,325,305,361,325,305,447,714,713,305,692
440,1023,0,326,1023,0,513,330,305,389,330,305,447,730,712,305,692
334,1023,0,230,1023,0,0,314,305,287,321,305,447,695,685,305,701
433,1023,0,224,1023,0,460,326,305,365,338,305,447,686,668,305,701
331,1023,0,195,1023,0,471,323,305,334,336,305,447,672,666,305,701
516,1023,0,368,1023,0,481,322,305,358,329,305,447,762,748,305,701
522,1023,0,499,1023,0,466,325,305,382,336,305,447,756,743,305,701
523,1023,0,219,1023,0,476,321,305,363,331,305,447,715,691,305,701
403,1023,0,270,1023,0,395,317,305,267,323,305,447,744,732,305,701
463,1023,0,272,1023,0,766,744,305,535,457,305,447,718,700,305,701
440,1023,0,268,1023,0,475,320,305,362,320,305,447,706,695,305,701
450,1023,0,305,1023,0,468,322,305,334,320,305,447,735,712,305,701
672,1023,0,287,1023,0,419,321,305,339,335,305,448,781,755,305,701
757,1023,0,557,1023,0,479,322,305,370,330,305,448,794,722,305,701
567,1023,0,161,1023,0,504,333,305,380,328,305,448,695,650,305,701
351,1023,0,244,1023,0,407,316,305,269,316,305,448,696,680,305,701
563,1023,0,496,1023,0,484,330,305,381,340,305,448,778,756,305,701
635,1023,0,355,1023,0,511,334,305,462,369,305,448,680,654,305,701
391,1023,0,287,1023,0,457,322,305,343,329,305,448,725,707,305,701
668,1023,0,476,1023,0,496,325,305,401,333,305,448,806,769,305,701
490,1023,0,283,1023,0,430,317,305,291,327,305,448,725,709,305,701
464,1023,0,284,1023,0,389,314,305,311,328,305,448,687,673,305,701
351,1023,0,156,1007,0,438,318,305,223,317,305,448,704,690,305,701
501,1023,0,283,1023,0,407,320,305,292,318,305,448,736,720,305,701
589,1023,0,203,1023,0,450,317,305,366,326,305,448,716,701,305,701
409,1023,0,192,1023,0,444,317,305,354,328,305,448,719,710,305,701
340,1023,0,192,1023,0,459,317,305,310,316,305,449,679,664,305,710
387,1023,0,210,1023,0,399,311,305,365,344,305,449,719,700,305,710
448,1023,0,371,1023,0,509,340,305,374,332,305,449,734,720,305,710
315,920,0,295,1023,0,553,373,305,478,397,305,449,450,397,305,710
411,1023,0,300,1023,0,410,315,305,259,318,305,449,731,718,305,710
716,1023,0,591,1023,0,478,331,305,387,342,305,449,812,794,305,710
494,1023,0,269,1023,0,451,319,305,350,330,305,449,678,662,305,710
378,1023,0,237,1023,0,491,321,305,345,320,305,449,685,671,305,710
269,1023,0,208,1023,0,457,323,305,312,325,305,449,678,669,305,710
464,1023,0,276,1023,0,485,329,305,351,329,305,449,722,707,305,710
317,1023,0,112,800,0,394,313,305,171,312,305,449,361,355,305,710
507,1023,0,460,1023,0,547,363,305,397,342,305,449,731,715,305,710
394,1023,0,170,1023,0,498,340,305,329,329,305,449,693,676,305,710
532,1023,0,339,1023,0,485,324,305,356,325,305,449,749,717,305,710
357,1023,0,211,1023,0,633,528,305,361,338,305,449,688,673,305,710
573,1023,0,374,1023,0,498,332,305,409,348,305,449,764,749,305,710
317,1023,0,246,1023,0,428,319,305,327,331,305,449,741,731,305,710
416,1023,0,247,1023,0,466,319,305,330,326,305,449,700,681,305,710
376,1023,0,219,1023,0,434,318,305,232,321,305,449,724,702,305,710
712,1023,0,445,1023,0,481,322,305,385,332,305,449,762,693,305,710
523,1023,0,304,1023,0,489,329,305,342,332,305,449,739,717,305,710
709,1023,0,318,1023,0,488,327,305,396,339,305,450,711,689,305,710
477,1023,0,334,1023,0,447,322,305,368,334,305,450,769,751,305,710
418,1023,0,276,1023,0,406,317,305,291,318,305,450,686,675,305,710
431,1023,0,271,1023,0,440,319,305,294,319,305,450,719,706,305,710
455,1023,0,481,1023,0,485,321,305,366,331,305,450,757,740,305,710
720,1023,0,476,1023,0,474,324,305,399,342,305,450,800,743,305,710
412,1023,0,256,1023,0,495,339,305,303,326,305,450,723,696,305,710
496,1023,0,369,1023,0,437,319,305,308,315,305,450,782,762,305,710
370,1023,0,240,1023,0,356,312,305,285,318,305,450,715,704,305,710
420,1023,0,239,1023,0,466,316,305,368,338,305,450,713,695,305,719
454,1023,0,389,1023,0,469,324,305,337,324,305,450,743,732,305,719
802,1023,0,524,1023,0,536,340,305,466,358,305,450,750,679,305,719
346,1023,0,228,1023,0,397,318,305,268,324,305,450,711,701,305,719
545,1023,0,433,1023,0,475,320,305,372,325,305,450,762,751,305,719
461,1023,0,133,990,0,481,322,305,313,319,305,450,716,709,305,719
470,1023,0,464,1023,0,505,332,305,414,351,305,450,794,776,305,719
455,1023,0,239,1023,0,250,315,305,272,314,305,450,719,706,305,719
400,1023,0,276,1023,0,457,315,305,300,321,305,450,724,715,305,719
590,1023,0,359,1023,0,484,318,305,348,323,305,451,729,711,305,719
416,1023,0,339,1023,0,450,320,305,323,323,305,451,746,730,305,719
377,1023,0,243,1023,0,470,322,305,309,325,305,451,689,679,305,719
459,1023,0,209,1023,0,434,319,305,268,323,305,451,717,698,305,719
361,1023,0,152,1003,0,377,313,305,175,313,305,451,678,663,305,719
362,1023,0,262,1023,0,367,316,305,264,321,305,451,680,671,305,719
681,1023,0,340,1023,0,507,331,305,425,350,305,451,695,675,305,719
546,1023,0,446,1023,0,472,329,305,390,337,305,452,740,723,305,719
396,1023,0,289,1023,0,804,807,305,578,530,305,452,707,694,305,719
476,1023,0,310,1023,0,415,318,305,326,322,305,452,755,740,305,719
371,1023,0,226,1023,0,548,372,305,367,334,305,452,698,685,305,719
519,1023,0,257,1023,0,423,318,305,350,335,305,452,764,748,305,719
427,1023,0,239,1023,0,472,327,305,465,390,305,452,689,669,305,719
510,1023,0,319,1023,0,481,326,305,381,335,305,452,719,709,305,719
338,1023,0,222,1023,0,422,314,305,243,317,305,452,729,715,305,719
642,1023,0,347,1023,0,484,326,305,370,333,305,452,760,735,305,728
682,1023,0,347,1023,0,495,326,305,364,331,305,452,709,692,305,728
408,1023,0,342,1023,0,459,320,305,343,332,305,452,732,716,305,728
530,1023,0,312,1023,0,430,323,305,365,333,305,452,725,695,305,728
638,1023,0,600,1023,0,505,335,305,381,332,305,452,795,775,305,728
460,1023,0,307,1023,0,443,320,305,273,321,305,452,729,708,305,728
459,1023,0,240,1023,0,430,315,305,297,318,305,452,732,715,305,728
442,1023,0,245,1023,0,479,322,305,383,334,305,453,745,724,305,728
472,1023,0,367,1023,0,472,324,305,361,330,305,453,715,703,305,728
449,1023,0,326,1023,0,479,323,305,388,340,305,453,726,713,305,728
572,1023,0,415,1023,0,486,323,305,339,325,305,453,730,711,305,728
462,1023,0,303,1023,0,483,322,305,357,324,305,453,729,715,305,728
501,1023,0,518,1023,0,462,324,305,366,325,305,453,754,735,305,728
562,1023,0,335,1023,0,534,341,305,382,330,305,453,691,665,305,728
378,1023,0,228,1023,0,461,315,305,321,315,305,453,699,675,305,728
481,1023,0,350,1023,0,489,320,305,390,331,305,453,632,603,305,728
438,1023,0,269,1023,0,418,316,305,323,319,305,453,654,631,305,728
546,1023,0,325,1023,0,503,337,305,444,371,305,453,712,696,305,728
651,1023,0,524,1023,0,526,336,305,414,343,305,453,787,764,305,728
325,1023,0,260,1023,0,462,319,305,347,326,305,453,735,720,305,728
477,1023,0,380,1023,0,471,320,305,366,328,305,453,746,733,305,728
428,1023,0,280,1023,0,458,325,305,354,327,305,453,749,736,305,728
241,901,0,196,1023,0,413,316,305,306,321,305,453,723,713,305,728
419,1023,0,123,757,0,211,311,305,192,314,305,453,711,703,305,728
447,1023,0,282,1023,0,480,325,305,348,326,305,453,754,738,305,728
801,1023,0,387,1023,0,466,327,305,376,334,305,454,800,777,305,728
735,1023,0,388,1023,0,490,330,305,420,340,305,454,768,724,305,728
320,1023,0,214,1023,0,439,317,305,313,317,305,454,697,685,305,728
766,1023,0,565,1023,0,509,330,305,372,327,305,454,792,735,305,728
382,1023,0,245,1023,0,460,319,305,304,323,305,454,689,673,305,737
517,1023,0,285,1023,0,446,318,305,318,320,305,454,750,728,305,737
358,1023,0,225,1023,0,339,317,305,203,314,305,454,702,685,305,737
522,1023,0,339,1023,0,487,322,305,367,333,305,454,792,777,305,737
351,1023,0,140,943,0,0,310,305,278,330,305,454,693,683,305,737
366,1023,0,210,1023,0,349,314,305,291,320,305,454,710,697,305,737
383,1023,0,239,1023,0,486,322,305,331,329,305,454,727,719,305,737
588,1023,0,190,1023,0,526,361,305,365,338,305,454,736,719,305,737
231,924,0,228,1023,0,450,319,305,425,367,305,454,639,629,305,737
360,1023,0,147,1000,0,344,315,305,191,312,305,455,669,653,305,737
480,1023,0,267,1023,0,461,318,305,325,324,305,455,721,702,305,737
397,1023,0,324,1023,0,640,534,305,420,354,305,455,718,703,305,737
612,1023,0,342,1023,0,442,316,305,325,335,305,455,780,762,305,737
721,1023,0,498,1023,0,522,333,305,410,334,305,455,780,736,305,737
415,1023,0,253,1023,0,489,328,305,337,325,305,455,749,724,305,737
481,1023,0,365,1023,0,459,318,305,334,327,305,455,734,717,305,737
469,1023,0,189,1023,0,460,322,305,288,324,305,455,754,744,305,737
442,1023,0,220,1023,0,374,316,305,265,324,305,455,704,682,305,737
461,1023,0,252,1023,0,485,322,305,365,329,305,455,714,694,305,746
363,1023,0,261,1023,0,413,316,305,375,331,305,455,723,713,305,746
426,1023,0,285,1023,0,436,318,305,288,318,305,455,723,711,305,746
426,1023,0,201,1023,0,425,316,305,298,322,305,455,689,674,305,746
595,1023,0,194,1023,0,434,320,305,355,332,305,455,727,709,305,746
745,1023,0,521,1023,0,527,334,305,386,327,305,455,780,717,305,746
787,1023,0,562,1023,0,483,329,305,421,345,305,456,788,753,305,746
392,1023,0,226,1023,0,422,315,305,323,325,305,456,693,681,305,746
274,1004,0,261,1023,0,669,596,305,421,368,305,456,694,682,305,746
414,1023,0,287,1023,0,491,332,305,359,334,305,456,719,704,305,746
413,1023,0,258,1023,0,0,316,305,0,313,305,456,694,671,305,746
462,1023,0,209,1023,0,0,312,305,0,315,305,456,694,682,305,746
297,1023,0,142,1023,0,0,309,305,310,323,305,456,677,665,305,755
648,1023,0,405,1023,0,538,336,305,414,332,305,456,759,676,305,755
245,1016,0,175,1023,0,531,377,305,488,434,305,456,383,364,305,755
448,1023,0,224,1023,0,449,325,305,296,327,305,457,683,664,305,755
479,1023,0,473,1023,0,474,326,305,411,347,305,457,790,774,305,755
432,1023,0,222,1023,0,468,321,305,361,332,305,457,710,701,305,755
443,1023,0,228,1023,0,449,321,305,370,326,305,457,734,724,305,764
486,1023,0,310,1023,0,479,325,305,343,329,305,457,746,732,305,764
446,1023,0,448,1023,0,456,325,305,437,365,305,457,747,726,305,764
552,1023,0,234,1023,0,448,329,305,368,340,305,457,699,673,305,764
464,1023,0,323,1023,0,448,323,305,318,324,305,457,731,710,305,764
480,1023,0,370,1023,0,482,320,305,323,322,305,457,755,737,305,764
522,1023,0,408,1023,0,793,746,305,575,473,305,457,791,777,305,764
379,1023,0,411,1023,0,751,732,305,519,451,305,458,757,747,305,764
384,1023,0,255,1023,0,490,325,305,278,318,305,458,746,735,305,764
611,1023,0,476,1023,0,489,326,305,402,334,305,458,778,747,305,764
362,1023,0,197,1023,0,457,319,305,307,317,305,458,704,692,305,764
530,1023,0,338,1023,0,441,321,305,365,332,305,458,739,725,305,764
383,1023,0,215,1023,0,377,320,305,304,329,305,458,681,660,305,764
446,1023,0,283,1023,0,462,321,305,355,327,305,458,688,673,305,764
419,1023,0,264,1023,0,458,323,305,321,328,305,458,731,715,305,764
384,1023,0,230,1023,0,471,321,305,381,333,305,458,672,658,305,764
535,1023,0,348,1023,0,459,327,305,347,329,305,458,728,716,305,764
610,1023,0,404,1023,0,544,351,305,413,344,305,458,739,715,305,764
501,1023,0,380,1023,0,433,322,305,336,328,305,458,725,712,305,764
369,1023,0,236,1023,0,461,320,305,268,319,305,458,734,720,305,764
391,1023,0,298,1023,0,423,324,305,299,326,305,458,714,704,305,764
409,1023,0,366,1023,0,499,341,305,367,337,305,458,722,711,305,764
532,1023,0,251,1023,0,568,379,305,361,332,305,459,722,695,305,772
431,1023,0,247,1023,0,466,325,305,323,328,305,459,702,688,305,772
414,1023,0,185,1023,0,353,314,305,245,315,305,459,725,704,305,772
484,1023,0,373,1023,0,466,323,305,347,329,305,459,728,712,305,772
479,1023,0,278,1023,0,389,317,305,217,317,305,459,706,695,305,772
406,1023,0,234,1023,0,454,320,305,332,322,305,459,687,664,305,772
578,1023,0,218,1023,0,594,434,305,390,342,305,459,711,697,305,772
500,1023,0,449,1023,0,435,318,305,328,325,305,459,734,720,305,772
528,1023,0,179,1023,0,458,318,305,344,330,305,459,706,689,305,772
735,1023,0,576,1023,0,494,329,305,389,333,305,459,782,758,305,772
344,1023,0,218,1023,0,435,316,305,286,314,305,459,666,655,305,772
620,1023,0,418,1023,0,505,341,305,418,364,305,459,816,786,305,772
602,1023,0,272,1023,0,471,330,305,452,379,305,459,706,673,305,772
525,1023,0,373,1023,0,518,334,305,446,366,305,459,749,729,305,772
628,1023,0,487,1023,0,479,325,305,379,333,305,459,789,739,305,772
378,1023,0,156,1023,0,443,324,305,322,329,305,460,698,680,305,772
393,1023,0,396,1023,0,449,324,305,360,331,305,460,757,747,305,772
518,1023,0,287,1023,0,561,370,305,378,336,305,460,729,704,305,772
438,1023,0,272,1023,0,530,354,305,362,335,305,460,693,678,305,772
382,1023,0,253,1023,0,445,319,305,343,326,305,460,700,687,305,772
419,1023,0,288,1023,0,479,323,305,356,334,305,460,721,706,305,772
631,1023,0,386,1023,0,484,328,305,390,337,305,460,734,715,305,772
327,1023,0,144,1017,0,250,310,305,259,316,305,460,643,637,305,772
443,1023,0,294,1023,0,533,360,305,305,327,305,460,725,702,305,772
379,1023,0,172,1023,0,425,318,305,260,323,305,460,691,682,305,772
444,1023,0,176,1023,0,442,317,305,307,321,305,460,712,703,305,772
757,1023,0,381,1023,0,482,325,305,367,331,305,460,768,713,305,772
544,1023,0,272,1023,0,505,325,305,404,346,305,460,768,756,305,781
775,1023,0,532,1023,0,513,326,305,360,330,305,460,788,734,305,781
431,1023,0,239,1023,0,456,321,305,250,320,305,460,690,676,305,781
498,1023,0,335,1023,0,461,323,305,366,324,305,461,749,727,305,781
495,1023,0,451,1023,0,466,326,305,358,337,305,461,793,772,305,781
550,1023,0,230,1023,0,509,331,305,390,333,305,461,731,708,305,781
415,1023,0,271,1023,0,437,321,305,313,320,305,461,733,719,305,781
600,1023,0,328,1023,0,496,323,305,350,327,305,461,739,714,305,781
457,1023,0,166,1023,0,417,318,305,330,317,305,461,748,737,305,781
484,1023,0,379,1023,0,469,324,305,319,325,305,461,756,739,305,781
519,1023,0,510,1023,0,469,332,305,385,332,305,461,788,772,305,781
500,1023,0,360,1023,0,418,319,305,402,353,305,461,721,707,305,781
412,1023,0,183,1023,0,431,321,305,332,328,305,461,718,703,305,781
424,1023,0,217,1023,0,419,317,305,326,320,305,461,672,663,305,781
328,1023,0,227,1023,0,504,353,305,475,412,305,461,398,377,305,790
557,1023,0,220,1023,0,472,323,305,395,353,305,462,711,702,305,790
371,1023,0,236,1023,0,457,322,305,345,326,305,462,724,709,305,790
563,1023,0,379,1023,0,490,321,305,382,330,305,462,780,761,305,790
593,1023,0,375,1023,0,486,331,305,347,330,305,462,795,775,305,790
386,1023,0,271,1023,0,708,658,305,462,389,305,462,708,692,305,790
454,1023,0,259,1023,0,450,321,305,402,346,305,462,720,700,305,790
462,1023,0,337,1023,0,490,325,305,324,325,305,462,743,728,305,790
423,1023,0,227,1023,0,405,318,305,287,318,305,462,676,659,305,790
344,1023,0,234,1023,0,406,314,305,303,321,305,462,713,705,305,790
417,1023,0,321,1023,0,640,536,305,401,347,305,462,724,701,305,790
395,1023,0,205,1023,0,425,318,305,357,334,305,462,705,689,305,790
400,1023,0,245,1023,0,477,328,305,265,315,305,462,689,678,305,790
402,1023,0,239,1023,0,457,322,305,351,324,305,462,690,674,305,790
542,1023,0,450,1023,0,475,324,305,377,336,305,463,745,720,305,790
566,1023,0,327,1023,0,449,317,305,327,326,305,463,732,711,305,790
345,1023,0,299,1023,0,461,320,305,346,326,305,463,739,722,305,799
539,1023,0,256,1023,0,492,331,305,370,333,305,463,721,696,305,799
595,1023,0,402,1023,0,500,327,305,457,355,305,463,782,762,305,799
292,1023,0,162,1023,0,348,317,305,253,311,305,463,650,632,305,799
251,1023,0,207,1023,0,557,403,305,501,451,305,463,394,372,305,799
394,1023,0,260,1023,0,689,627,305,412,361,305,463,705,692,305,799
446,1023,0,135,891,0,461,319,305,326,322,305,463,690,674,305,799
410,1023,0,266,1023,0,459,329,305,407,358,305,464,717,703,305,808
291,1020,0,152,1023,0,453,319,305,452,388,305,464,354,340,305,808
578,1023,0,554,1023,0,634,505,305,414,362,305,464,779,752,305,808
393,1023,0,226,1023,0,419,318,305,300,323,305,464,695,680,305,808
504,1023,0,301,1023,0,470,328,305,386,345,305,464,755,721,305,808
399,1023,0,228,1023,0,435,318,305,330,330,305,465,717,704,305,808
445,1023,0,223,1023,0,474,329,305,379,340,305,465,711,690,305,808
479,1023,0,448,1023,0,494,329,305,360,325,305,465,753,730,305,808
481,1023,0,314,1023,0,478,326,305,379,326,305,465,703,696,305,808
654,1023,0,607,1023,0,595,350,305,499,343,305,465,842,770,305,817
390,1023,0,253,1023,0,388,316,305,290,317,305,465,697,677,305,817
342,1023,0,207,1023,0,441,315,305,345,332,305,465,700,687,305,817
309,1023,0,211,1023,0,437,323,305,329,322,305,465,694,677,305,817
646,1023,0,428,1023,0,478,322,305,347,323,305,465,721,684,305,817
460,1023,0,253,1023,0,456,319,305,405,348,305,465,680,664,305,817
480,1023,0,297,1023,0,467,326,305,322,320,305,465,745,731,305,817
474,1023,0,281,1023,0,473,322,305,338,328,305,465,735,714,305,817
381,1023,0,299,1023,0,420,314,305,306,329,305,465,704,683,305,817
542,1023,0,220,1023,0,0,313,305,249,313,305,465,727,711,305,817
465,1023,0,218,1023,0,557,392,305,355,333,305,465,717,703,305,817
664,1023,0,246,1023,0,853,856,305,646,595,305,465,735,714,305,817
324,1023,0,146,1023,0,476,330,305,319,325,305,465,689,678,305,817
553,1023,0,364,1023,0,464,322,305,367,332,305,465,687,652,305,817
494,1023,0,260,1023,0,409,318,305,258,324,305,465,720,701,305,817
280,1023,0,131,1023,0,443,317,305,0,314,305,465,723,719,305,817
412,1023,0,232,1023,0,424,321,305,312,325,305,465,719,711,305,817
444,1023,0,315,1023,0,447,316,305,316,325,305,465,729,712,305,817
493,1023,0,248,1023,0,535,354,305,331,326,305,466,711,695,305,817
442,1023,0,269,1023,0,465,321,305,338,329,305,466,733,711,305,817
451,1023,0,203,1023,0,456,322,305,369,339,305,466,701,678,305,817
521,1023,0,349,1023,0,502,326,305,395,339,305,466,710,691,305,817
452,1023,0,319,1023,0,457,318,305,367,327,305,466,745,728,305,817
357,1023,0,174,1023,0,399,317,305,246,316,305,466,705,693,305,817
415,1023,0,277,1023,0,456,323,305,369,333,305,466,604,589,305,817
379,1023,0,152,1023,0,435,319,305,289,322,305,466,736,726,305,817
559,1023,0,397,1023,0,626,498,305,412,352,305,466,744,721,305,817
357,1023,0,165,1023,0,284,314,305,212,315,305,466,668,654,305,817
388,1023,0,237,1023,0,452,320,305,371,337,305,466,698,684,305,826
387,1023,0,239,1023,0,480,331,305,301,319,305,466,685,674,305,826
432,1023,0,234,1023,0,499,324,305,371,328,305,467,710,691,305,826
383,1023,0,347,1023,0,470,323,305,346,327,305,467,772,759,305,826
463,1023,0,322,1023,0,453,319,305,309,328,305,467,719,696,305,826
412,1023,0,320,1023,0,450,320,305,358,332,305,467,757,740,305,826
407,1023,0,227,1023,0,468,325,305,320,330,305,467,723,713,305,826
356,1023,0,204,1023,0,406,317,305,255,316,305,467,725,715,305,826
359,1023,0,278,1023,0,403,316,305,262,319,305,467,714,691,305,826
445,1023,0,234,1023,0,452,323,305,365,325,305,467,736,710,305,826
349,1023,0,305,1023,0,342,313,305,282,319,305,467,750,736,305,826
348,1023,0,198,1023,0,397,316,305,280,318,305,467,699,682,305,826
434,1023,0,263,1023,0,437,319,305,316,324,305,467,695,679,305,826
487,1023,0,212,1023,0,412,317,305,358,338,305,467,752,733,305,826
359,1023,0,260,1023,0,405,314,305,356,334,305,467,712,700,305,826
563,1023,0,331,1023,0,478,324,305,328,324,305,468,747,714,305,835
470,1023,0,295,1023,0,490,324,305,345,327,305,468,698,673,305,835
622,1023,0,599,1023,0,470,329,305,384,336,305,468,790,766,305,835
299,1023,0,157,1023,0,448,315,305,357,331,305,468,695,688,305,835
277,1023,0,178,1023,0,440,317,305,300,321,305,468,649,642,305,835
579,1023,0,251,1023,0,460,318,305,294,326,305,468,736,685,305,835
387,1023,0,182,1023,0,439,316,305,270,319,305,468,734,715,305,835
356,1023,0,310,1023,0,471,326,305,365,335,305,468,704,695,305,835
560,1023,0,382,1023,0,625,468,305,424,357,305,468,741,717,305,835
655,1023,0,473,1023,0,469,322,305,334,337,305,468,775,755,305,835
550,1023,0,348,1023,0,467,326,305,384,346,305,468,726,706,305,835
625,1023,0,390,1023,0,479,330,305,353,328,305,468,758,735,305,835
424,1023,0,146,842,0,418,313,305,264,314,305,468,722,703,305,835
550,1023,0,311,1023,0,489,331,305,357,335,305,468,707,700,305,835
442,1023,0,292,1023,0,450,318,305,326,320,305,469,706,691,305,844
407,1023,0,213,1023,0,488,331,305,359,329,305,469,703,688,305,844
480,1023,0,231,1023,0,465,316,305,312,316,305,469,713,700,305,844
340,1023,0,215,1023,0,394,316,305,386,336,305,469,693,679,305,844
476,1023,0,318,1023,0,436,321,305,311,329,305,469,746,734,305,844
362,1023,0,226,1023,0,436,319,305,409,351,305,469,709,699,305,844
539,1023,0,323,1023,0,545,365,305,387,332,305,469,738,715,305,844
461,1023,0,258,1023,0,444,317,305,333,330,305,469,731,709,305,844
730,1023,0,304,1023,0,508,329,305,328,329,305,469,724,695,305,844
262,756,0,195,1023,0,564,376,305,477,391,305,469,358,340,305,844
522,1023,0,299,1023,0,484,331,305,367,336,305,469,715,693,305,853
538,1023,0,322,1023,0,456,323,305,334,322,305,470,735,714,305,853
360,1023,0,213,1023,0,414,313,305,278,317,305,470,702,683,305,853
347,1023,0,133,921,0,437,314,305,163,311,305,470,641,623,305,853
449,1023,0,239,1023,0,540,379,305,306,326,305,470,720,708,305,853
302,1023,0,202,1023,0,383,312,305,0,313,305,470,685,672,305,853
415,1023,0,316,1023,0,472,327,305,435,363,305,470,701,679,305,853
409,1023,0,193,1023,0,475,319,305,344,325,305,470,711,692,305,853
621,1023,0,391,1023,0,502,332,305,417,353,305,470,739,719,305,853
527,1023,0,351,1023,0,464,327,305,340,328,305,470,736,719,305,853
608,1023,0,325,1023,0,458,321,305,325,320,305,470,693,647,305,853
459,1023,0,232,1023,0,420,321,305,279,321,305,470,696,680,305,853
413,1023,0,349,1023,0,435,321,305,333,330,305,470,753,735,305,853
536,1023,0,379,1023,0,686,599,305,447,360,305,470,729,701,305,853
441,1023,0,348,1023,0,479,319,305,398,340,305,470,700,688,305,853
509,1023,0,302,1023,0,506,326,305,387,333,305,470,759,741,305,853
445,1023,0,229,1023,0,495,329,305,364,332,305,470,712,696,305,853
406,1023,0,206,1023,0,452,323,305,309,318,305,470,734,716,305,853
559,1023,0,255,1023,0,462,327,305,367,343,305,470,680,668,305,853
369,1023,0,443,1023,0,422,325,305,453,391,305,470,766,754,305,862
371,1023,0,239,1023,0,485,336,305,374,328,305,471,691,680,305,862
424,1023,0,216,1023,0,441,318,305,324,328,305,471,759,756,305,862
413,1023,0,241,1023,0,440,323,305,338,325,305,471,706,691,305,862
565,1023,0,286,1023,0,484,341,305,387,345,305,471,736,722,305,862
510,1023,0,211,1023,0,478,323,305,362,332,305,471,715,698,305,862
312,1023,0,154,1023,0,372,313,305,236,319,305,471,694,681,305,862
619,1023,0,423,1023,0,434,324,305,338,321,305,471,762,742,305,862
263,858,0,188,1023,0,487,323,305,434,356,305,471,334,325,305,862
657,1023,0,483,1023,0,636,508,305,422,345,305,471,783,738,305,862
372,1023,0,189,1023,0,447,323,305,349,332,305,471,675,658,305,862
484,1023,0,229,1023,0,466,326,305,460,365,305,471,659,633,305,862
390,1023,0,236,1023,0,490,323,305,330,322,305,471,742,729,305,862
400,1023,0,231,1023,0,488,326,305,347,322,305,471,657,637,305,862
374,1023,0,202,1023,0,441,318,305,249,320,305,471,713,699,305,862
622,1023,0,314,1023,0,491,331,305,360,327,305,471,725,690,305,862
373,1023,0,210,1023,0,443,319,305,347,329,305,471,681,662,305,871
308,1023,0,222,1023,0,378,317,305,309,320,305,472,696,686,305,871
426,1023,0,288,1023,0,468,323,305,337,325,305,472,746,733,305,871
452,1023,0,397,1023,0,446,319,305,324,327,305,472,768,745,305,871
470,1023,0,209,1023,0,465,320,305,310,327,305,472,717,697,305,871
556,1023,0,336,1023,0,669,577,305,445,362,305,472,725,705,305,871
510,1023,0,262,1023,0,470,336,305,442,364,305,472,664,645,305,871
318,1023,0,176,1023,0,483,323,305,310,322,305,472,655,635,305,871
420,1023,0,284,1023,0,576,406,305,392,333,305,472,731,719,305,871
543,1023,0,159,1023,0,665,550,305,436,360,305,472,696,677,305,871
529,1023,0,396,1023,0,485,326,305,376,335,305,472,750,731,305,871
497,1023,0,162,1023,0,439,321,305,346,331,305,472,713,697,305,871
759,1023,0,362,1023,0,559,391,305,379,327,305,472,759,686,305,871
469,1023,0,361,1023,0,769,741,305,547,468,305,472,747,729,305,871
557,1023,0,238,1023,0,478,319,305,373,337,305,472,759,736,305,871
589,1023,0,235,1023,0,409,313,305,0,308,305,472,302,316,305,871
364,1023,0,270,1023,0,434,316,305,280,317,305,472,720,699,305,871
411,1023,0,320,1023,0,521,343,305,358,324,305,472,726,694,305,871
396,1023,0,267,1023,0,396,317,305,277,320,305,472,707,695,305,871
333,1023,0,178,1023,0,453,316,305,243,315,305,473,688,674,305,871
347,1023,0,230,1023,0,472,322,305,307,319,305,473,694,685,305,880
515,1023,0,449,1023,0,500,322,305,396,334,305,473,753,733,305,880
403,1023,0,243,1023,0,403,314,305,263,317,305,473,707,691,305,880
493,1023,0,415,1023,0,553,374,305,404,346,305,473,713,690,305,880
355,1023,0,243,1023,0,527,330,305,395,336,305,473,703,688,305,880
275,1023,0,196,1023,0,476,316,305,313,319,305,473,693,685,305,880
332,1023,0,138,886,0,441,317,305,333,325,305,473,699,688,305,880
387,1023,0,192,1023,0,453,319,305,322,322,305,473,713,704,305,880
419,1023,0,231,1023,0,468,318,305,278,317,305,473,686,669,305,880
449,1023,0,265,1023,0,481,324,305,338,325,305,474,728,710,305,889
464,1023,0,232,1023,0,452,317,305,342,324,305,474,717,704,305,889
553,1023,0,308,1023,0,502,328,305,398,340,305,474,747,716,305,889
440,1023,0,208,1023,0,433,315,305,318,318,305,474,753,739,305,889
452,1023,0,296,1023,0,417,314,305,286,321,305,474,687,667,305,889
474,1023,0,419,1023,0,439,318,305,380,353,305,475,617,600,305,898
827,1023,0,429,1023,0,503,329,305,359,330,305,475,768,713,305,898
603,1023,0,527,1023,0,848,840,305,641,577,305,475,757,739,305,898
429,1023,0,235,1023,0,488,322,305,356,321,305,475,733,720,305,898
491,1023,0,263,1023,0,431,318,305,344,331,305,475,704,683,305,898
466,1023,0,249,1023,0,453,320,305,326,318,305,475,726,711,305,898
507,1023,0,310,1023,0,502,343,305,280,324,305,475,711,692,305,898
350,1023,0,197,1023,0,506,352,305,293,323,305,475,694,687,305,898
405,1023,0,227,1023,0,477,323,305,308,317,305,475,699,679,305,898
291,1023,0,275,1023,0,374,318,305,272,317,305,475,714,703,305,907
530,1023,0,471,1023,0,710,664,305,494,401,305,475,748,730,305,907
368,1023,0,178,1023,0,441,321,305,335,324,305,475,695,682,305,907
556,1023,0,251,1023,0,869,890,305,670,643,305,475,736,727,305,907
394,1023,0,237,1023,0,343,317,305,202,315,305,475,718,700,305,907
438,1023,0,320,1023,0,453,321,305,338,329,305,475,771,754,305,907
437,1023,0,179,1023,0,516,344,305,338,327,305,475,694,673,305,907
343,1023,0,337,1023,0,449,319,305,241,320,305,476,723,702,305,907
469,1023,0,242,1023,0,441,317,305,291,319,305,476,751,735,305,907
490,1023,0,326,1023,0,489,324,305,379,338,305,476,734,715,305,907
280,1023,0,297,1023,0,532,366,305,479,412,305,476,385,355,305,916
542,1023,0,307,1023,0,600,434,305,396,336,305,476,701,675,305,916
364,1023,0,222,1023,0,455,323,305,296,323,305,476,712,700,305,916
477,1023,0,241,1023,0,489,325,305,358,330,305,476,734,714,305,916
449,1023,0,395,1023,0,481,334,305,354,335,305,476,733,714,305,916
393,1023,0,267,1023,0,556,384,305,354,327,305,476,705,695,305,916
362,1023,0,116,888,0,435,319,305,242,320,305,476,720,713,305,916
329,1023,0,278,1023,0,362,312,305,310,318,305,476,700,691,305,916
470,1023,0,274,1023,0,495,324,305,369,325,305,476,725,691,305,916
476,1023,0,168,1023,0,351,317,305,254,322,305,477,690,675,305,916
534,1023,0,264,1023,0,479,325,305,364,329,305,477,749,742,305,916
331,1023,0,217,1023,0,447,319,305,342,322,305,477,701,690,305,916
468,1023,0,373,1023,0,495,326,305,377,337,305,477,757,740,305,925
392,1023,0,221,1023,0,458,325,305,301,321,305,477,679,663,305,925
631,1023,0,285,1023,0,476,321,305,379,333,305,477,744,723,305,925
403,1023,0,166,1023,0,353,315,305,261,315,305,477,691,676,305,925
481,1023,0,355,1023,0,430,321,305,380,338,305,477,737,720,305,925
547,1023,0,320,1023,0,451,327,305,356,335,305,477,738,728,305,925
434,1023,0,253,1023,0,441,317,305,316,329,305,477,732,714,305,925
377,1023,0,264,1023,0,439,318,305,300,323,305,477,725,713,305,925
385,1023,0,244,1023,0,477,320,305,270,313,305,477,712,701,305,925
471,1023,0,244,1023,0,449,322,305,298,318,305,478,660,635,305,925
473,1023,0,280,1023,0,463,328,305,309,320,305,478,709,692,305,925
412,1023,0,166,1023,0,420,318,305,272,316,305,478,698,686,305,925
481,1023,0,346,1023,0,520,333,305,378,333,305,478,724,701,305,925
515,1023,0,239,1023,0,416,317,305,338,327,305,478,699,681,305,925
605,1023,0,221,1023,0,403,316,305,312,320,305,478,714,690,305,925
541,1023,0,282,1023,0,499,327,305,385,328,305,478,758,742,305,934
401,1023,0,164,1023,0,493,320,305,262,315,305,478,678,665,305,934
577,1023,0,459,1023,0,521,339,305,418,351,305,478,762,724,305,934
470,1023,0,245,1023,0,598,435,305,396,339,305,478,718,693,305,934
492,1023,0,333,1023,0,446,318,305,357,325,305,478,748,717,305,934
496,1023,0,229,1023,0,440,318,305,299,328,305,478,715,701,305,934
475,1023,0,166,1023,0,420,319,305,257,324,305,479,693,683,305,934
356,1023,0,196,1023,0,275,312,305,217,314,305,479,698,685,305,934
380,1023,0,267,1023,0,480,335,305,344,333,305,479,712,691,305,943
602,1023,0,461,1023,0,692,609,305,468,373,305,479,769,747,305,943
408,1023,0,260,1023,0,451,320,305,334,324,305,479,713,699,305,943
392,1023,0,208,1023,0,459,321,305,285,322,305,479,712,700,305,943
561,1023,0,185,1023,0,556,390,305,376,341,305,479,751,720,305,943
470,1023,0,200,1023,0,415,321,305,290,319,305,479,722,711,305,943
341,1023,0,216,1023,0,465,317,305,351,331,305,479,705,692,305,952
411,1023,0,248,1023,0,440,320,305,297,320,305,479,717,702,305,952
451,1023,0,277,1023,0,464,319,305,317,319,305,479,730,710,305,952
434,1023,0,368,1023,0,482,326,305,348,327,305,480,730,708,305,961
321,1023,0,121,911,0,589,445,305,432,374,305,480,375,360,305,961
403,1023,0,182,1023,0,431,318,305,346,325,305,480,686,676,305,961
361,1023,0,234,1023,0,442,317,305,367,321,305,480,708,688,305,961
421,1023,0,237,1023,0,469,331,305,368,342,305,480,701,687,305,961
476,1023,0,373,1023,0,466,324,305,375,333,305,480,745,738,305,961
464,1023,0,385,1023,0,499,328,305,389,338,305,480,759,743,305,961
489,1023,0,375,1023,0,514,326,305,384,328,305,480,731,697,305,961
528,1023,0,330,1023,0,528,350,305,466,375,305,481,683,655,305,961
814,1023,0,560,1023,0,522,323,305,428,332,305,481,797,756,305,961
607,1023,0,369,1023,0,487,330,305,402,340,305,481,690,641,305,961
540,1023,0,252,1023,0,480,320,305,341,317,305,481,732,710,305,961
422,1023,0,282,1023,0,510,324,305,384,323,305,481,724,702,305,970
248,1018,0,208,1023,0,455,331,305,407,361,305,481,357,346,305,970
451,1023,0,279,1023,0,579,419,305,379,339,305,481,698,686,305,970
437,1023,0,318,1023,0,475,323,305,353,326,305,481,728,712,305,970
477,1023,0,414,1023,0,478,322,305,364,331,305,481,757,740,305,970
370,1023,0,228,1023,0,460,317,305,324,319,305,482,708,697,305,970
368,1023,0,151,980,0,410,315,305,285,318,305,482,675,664,305,970
241,885,0,290,1023,0,420,319,305,400,351,305,482,361,353,305,970
398,1023,0,327,1023,0,485,333,305,345,333,305,482,721,690,305,970
397,1023,0,226,1023,0,389,313,305,357,328,305,482,742,734,305,970
500,1023,0,335,1023,0,518,341,305,329,320,305,482,676,660,305,970
316,1023,0,216,1023,0,417,317,305,336,329,305,482,708,694,305,970
579,1023,0,529,1023,0,532,348,305,444,360,305,482,765,739,305,970
566,1023,0,224,1023,0,484,322,305,350,328,305,482,682,646,305,970
468,1023,0,249,1023,0,636,513,305,398,350,305,482,701,680,305,970
425,1023,0,231,1023,0,447,317,305,361,338,305,482,688,680,305,979
420,1023,0,317,1023,0,486,323,305,404,344,305,482,728,707,305,979
414,1023,0,267,1023,0,427,319,305,270,324,305,482,700,685,305,979
575,1023,0,286,1023,0,455,323,305,351,328,305,482,770,751,305,979
557,1023,0,253,1023,0,463,323,305,348,333,305,482,731,681,305,979
637,1023,0,357,1023,0,570,391,305,466,383,305,483,747,719,305,979
481,1023,0,281,1023,0,485,323,305,368,323,305,483,691,675,305,979
508,1023,0,284,1023,0,455,325,305,353,324,305,483,725,708,305,979
421,1023,0,318,1023,0,493,321,305,403,342,305,483,710,691,305,979
477,1023,0,343,1023,0,498,325,305,387,336,305,483,771,755,305,979
450,1023,0,268,1023,0,0,312,305,244,322,305,483,746,729,305,988
450,1023,0,246,1023,0,469,320,305,320,326,305,483,702,680,305,988
237,993,0,204,1023,0,505,353,305,464,404,305,483,350,347,305,988
324,1023,0,181,1023,0,425,313,305,287,326,305,483,675,658,305,988
343,1023,0,263,1023,0,460,320,305,365,339,305,483,709,695,305,988
337,1023,0,259,1023,0,447,321,305,452,379,305,483,713,697,305,988
421,1023,0,222,1023,0,391,314,305,264,319,305,483,731,712,305,988
543,1023,0,188,1023,0,652,535,305,423,359,305,484,741,688,305,988
437,1023,0,228,1023,0,481,321,305,361,332,305,484,678,666,305,997
338,1023,0,162,1023,0,377,318,305,216,316,305,484,681,669,305,997
402,1023,0,172,1023,0,649,554,305,402,355,305,484,704,691,305,997
389,1023,0,215,1023,0,371,316,305,321,321,305,484,717,706,305,997
284,1023,0,297,1023,0,454,323,305,332,329,305,484,752,750,305,997
336,1023,0,245,1023,0,592,451,305,367,334,305,484,657,640,305,997
377,1023,0,255,1023,0,425,319,305,346,323,305,484,716,702,305,997
478,1023,0,194,1023,0,457,320,305,265,318,305,484,742,730,305,997
552,1023,0,241,1023,0,448,328,305,368,333,305,484,719,704,305,997
479,1023,0,276,1023,0,558,371,305,421,349,305,484,710,680,305,997
483,1023,0,338,1023,0,498,329,305,365,329,305,485,715,699,305,1006
437,1023,0,293,1023,0,352,315,305,307,317,305,485,712,703,305,1006
444,1023,0,245,1023,0,438,318,305,290,319,305,485,751,741,305,1006
389,1023,0,218,1023,0,417,317,305,294,317,305,485,685,670,305,1006
476,1023,0,355,1023,0,459,325,305,343,332,305,485,743,728,305,1006
723,1023,0,518,1023,0,486,325,305,384,329,305,485,781,744,305,1015
351,1023,0,204,1023,0,468,323,305,327,318,305,485,684,672,305,1015
477,1023,0,337,1023,0,543,371,305,367,336,305,485,731,715,305,1015
526,1023,0,177,1023,0,432,320,305,323,322,305,485,761,741,305,1015
528,1023,0,146,896,0,442,322,305,335,325,305,486,726,716,305,1015
265,878,0,186,1023,0,548,365,305,488,409,305,486,403,361,305,1015
327,1023,0,255,1023,0,435,325,305,356,336,305,486,690,681,305,1015
587,1023,0,356,1023,0,515,329,305,392,329,305,486,771,752,305,1015
715,1023,0,361,1023,0,779,774,305,564,496,305,486,750,687,305,1015
701,1023,0,450,1023,0,581,345,305,459,332,305,486,771,692,305,1015
282,1023,0,269,1023,0,363,319,305,362,344,305,486,755,743,305,1015
449,1023,0,378,1023,0,465,320,305,358,330,305,486,784,760,305,1015
411,1023,0,232,1023,0,395,322,305,251,322,305,486,726,717,305,1015
