"FSC-A","FSC-H","FSC-W","SSC-A","SSC-H","SSC-W","BL1-A","BL1-H","BL1-W","BL3-A","BL3-H","BL3-W","Event","VL1-A","VL1-H","VL1-W","Time"
717,1023,0,544,1023,0,472,321,305,352,331,305,305,717,652,305,0
481,1023,0,283,1023,0,460,324,305,291,316,305,305,695,683,305,0
474,1023,0,424,1023,0,445,325,305,361,326,305,305,684,672,305,0
490,1023,0,237,1023,0,428,315,305,317,325,305,305,687,664,305,0
456,1023,0,275,1023,0,444,321,305,334,327,305,305,614,595,305,0
595,1023,0,223,1023,0,460,322,305,361,332,305,306,673,647,305,0
337,1023,0,211,1023,0,391,312,305,297,316,305,306,647,634,305,0
337,1023,0,130,872,0,364,311,305,260,322,305,306,642,627,305,10
560,1023,0,251,1023,0,0,305,305,0,305,305,307,547,593,305,10
423,1023,0,252,1023,0,0,309,305,0,305,305,307,636,639,305,10
441,1023,0,172,1023,0,0,314,305,0,310,305,307,669,655,305,10
568,1023,0,275,941,0,0,310,305,0,312,305,307,663,581,305,10
491,1007,0,160,718,0,0,306,305,0,309,305,307,535,506,305,10
305,999,0,124,804,0,0,311,305,0,314,305,307,577,573,305,10
290,1023,0,142,912,0,0,311,305,0,315,305,307,611,592,305,10
425,1023,0,170,921,0,464,321,305,307,323,305,307,616,598,305,10
715,1023,0,411,1023,0,494,327,305,440,350,305,307,734,664,305,10
301,1023,0,224,1023,0,450,320,305,358,321,305,307,616,598,305,10
463,1023,0,240,1023,0,414,315,305,106,313,305,307,669,656,305,10
516,1023,0,240,1023,0,475,323,305,372,330,305,307,653,632,305,10
345,1023,0,160,923,0,469,325,305,368,325,305,307,641,607,305,10
385,993,0,288,1023,0,473,319,305,386,331,305,307,650,618,305,10
357,953,0,192,925,0,494,323,305,366,325,305,307,665,623,305,10
481,1023,0,159,846,0,484,320,305,366,330,305,307,614,578,305,10
242,928,0,152,903,0,466,319,305,347,318,305,307,625,605,305,10
405,1023,0,222,1023,0,435,318,305,334,324,305,307,554,536,305,10
345,903,0,119,638,0,431,316,305,327,328,305,308,573,547,305,10
399,1023,0,220,1023,0,440,320,305,338,330,305,308,724,695,305,10
600,1023,0,200,1023,0,460,314,305,390,333,305,308,655,607,305,10
503,1023,0,274,1023,0,390,317,305,335,324,305,308,646,614,305,10
665,1023,0,330,1023,0,478,315,305,327,321,305,308,698,632,305,10
458,1023,0,287,1023,0,408,319,305,293,320,305,308,670,658,305,10
568,1023,0,254,1023,0,355,315,305,268,325,305,308,682,602,305,10
301,1023,0,154,1023,0,420,315,305,302,320,305,308,625,614,305,10
388,1023,0,251,1023,0,482,320,305,368,327,305,308,625,607,305,10
467,1023,0,367,1023,0,486,324,305,415,340,305,308,716,696,305,10
708,1023,0,294,1023,0,458,318,305,350,325,305,308,699,615,305,10
364,1023,0,160,900,0,304,314,305,211,312,305,308,608,578,305,10
479,826,0,164,651,0,402,316,305,309,320,305,308,552,492,305,10
463,1023,0,296,1023,0,450,319,305,352,326,305,308,729,718,305,10
790,1023,0,416,1023,0,466,321,305,358,326,305,308,703,665,305,10
447,1023,0,288,1023,0,483,319,305,357,328,305,308,705,682,305,10
252,1023,0,214,1023,0,396,318,305,223,315,305,309,675,655,305,10
568,1023,0,365,1023,0,480,325,305,364,332,305,309,669,626,305,10
457,1023,0,175,863,0,446,319,305,300,317,305,309,607,562,305,10
314,1023,0,256,1023,0,464,323,305,353,325,305,309,696,669,305,10
569,1023,0,403,1023,0,441,322,305,371,340,305,309,746,730,305,10
674,1023,0,300,1023,0,464,316,305,302,315,305,309,637,603,305,10
747,1023,0,327,1023,0,500,320,305,365,323,305,309,716,668,305,10
355,1023,0,232,1023,0,430,315,305,257,322,305,309,670,655,305,10
370,1023,0,268,1023,0,440,323,305,381,339,305,309,682,664,305,10
289,1023,0,124,935,0,391,315,305,294,319,305,309,600,584,305,10
409,1023,0,215,1023,0,408,317,305,338,326,305,309,702,690,305,10
442,1023,0,210,1023,0,408,316,305,300,316,305,309,663,647,305,10
353,1023,0,212,1023,0,425,315,305,328,324,305,309,651,628,305,10
366,1023,0,205,1023,0,424,315,305,307,327,305,309,672,657,305,10
273,934,0,151,974,0,413,317,305,266,320,305,309,603,581,305,10
789,1023,0,458,1023,0,485,318,305,387,322,305,309,752,704,305,10
331,1023,0,155,899,0,446,318,305,360,318,305,309,632,612,305,10
514,1023,0,227,1023,0,433,313,305,328,323,305,309,628,604,305,10
380,1023,0,219,1023,0,402,317,305,216,320,305,309,688,678,305,10
377,1023,0,199,1023,0,438,313,305,363,322,305,309,611,587,305,10
426,1023,0,122,705,0,433,315,305,303,320,305,310,615,583,305,10
592,1023,0,334,1023,0,456,323,305,382,338,305,310,759,740,305,10
419,1023,0,260,1023,0,448,317,305,332,320,305,310,636,614,305,10
681,1023,0,550,1023,0,516,329,305,421,337,305,310,723,662,305,10
614,1023,0,258,795,0,488,314,305,395,325,305,310,724,639,305,10
534,1023,0,255,1023,0,455,320,305,361,339,305,310,675,663,305,10
371,1023,0,191,1023,0,371,316,305,225,317,305,310,663,651,305,10
351,1023,0,143,869,0,390,314,305,308,320,305,310,580,546,305,10
376,1023,0,176,1023,0,405,319,305,267,319,305,310,650,636,305,10
369,1023,0,184,1023,0,454,314,305,261,320,305,310,717,705,305,10
354,1023,0,177,1023,0,385,311,305,311,322,305,310,678,668,305,10
496,1023,0,231,1023,0,447,321,305,391,330,305,310,696,667,305,10
349,1023,0,222,1023,0,393,316,305,199,314,305,310,635,615,305,10
311,1023,0,177,1023,0,374,313,305,308,329,305,310,659,652,305,10
335,1023,0,116,705,0,391,313,305,195,314,305,310,648,623,305,10
261,715,0,190,1017,0,424,315,305,240,317,305,310,653,630,305,10
270,868,0,178,1023,0,430,319,305,74,315,305,310,691,673,305,10
666,1023,0,403,1023,0,464,318,305,372,327,305,310,745,672,305,10
350,1023,0,179,1023,0,436,312,305,331,316,305,311,662,644,305,10
351,929,0,145,827,0,440,315,305,209,312,305,311,514,495,305,10
364,1023,0,165,898,0,376,312,305,222,315,305,311,589,572,305,10
570,1023,0,253,1023,0,410,321,305,308,325,305,311,695,676,305,10
432,1023,0,258,1023,0,418,322,305,325,326,305,311,713,701,305,10
430,1023,0,297,1023,0,439,321,305,349,333,305,311,702,694,305,10
330,933,0,169,859,0,418,318,305,334,325,305,311,623,600,305,10
423,1023,0,208,1023,0,435,314,305,328,326,305,311,662,644,305,10
455,1023,0,268,1023,0,444,318,305,337,334,305,311,688,673,305,10
563,1023,0,301,1023,0,444,318,305,378,330,305,311,630,601,305,10
296,1023,0,114,749,0,436,317,305,336,327,305,311,596,580,305,10
478,1023,0,260,1023,0,433,320,305,326,331,305,311,663,650,305,10
380,1023,0,207,1023,0,435,322,305,303,321,305,311,601,579,305,10
560,1023,0,180,829,0,465,319,305,354,318,305,311,662,619,305,10
421,1023,0,249,1023,0,389,311,305,309,318,305,311,702,690,305,10
411,816,0,153,664,0,443,313,305,356,324,305,311,605,547,305,10
311,1023,0,138,877,0,403,315,305,247,318,305,311,639,616,305,10
367,1023,0,186,1023,0,428,314,305,329,323,305,311,674,650,305,10
381,1023,0,312,1023,0,423,323,305,353,326,305,311,650,613,305,10
543,1023,0,353,1023,0,446,324,305,319,319,305,311,645,624,305,10
523,1023,0,361,1023,0,434,318,305,365,327,305,312,673,638,305,10
570,1023,0,310,1023,0,475,329,305,382,345,305,312,777,750,305,10
296,943,0,116,715,0,328,312,305,295,322,305,312,557,536,305,10
342,877,0,146,728,0,465,317,305,316,317,305,312,655,631,305,10
430,1023,0,169,944,0,455,321,305,370,333,305,312,614,596,305,10
567,1023,0,263,1023,0,459,320,305,324,322,305,312,713,699,305,10
490,1023,0,242,1023,0,382,312,305,318,318,305,312,653,631,305,10
265,809,0,134,750,0,365,317,305,223,322,305,312,608,586,305,10
547,1023,0,190,682,0,479,316,305,340,322,305,312,674,602,305,10
514,1023,0,305,1023,0,437,317,305,298,322,305,312,698,684,305,10
478,1023,0,185,1023,0,452,318,305,291,322,305,312,663,635,305,10
542,1023,0,229,1023,0,453,321,305,373,333,305,312,643,615,305,10
349,1023,0,118,765,0,465,323,305,310,331,305,312,629,608,305,10
555,999,0,250,844,0,424,319,305,352,325,305,312,653,618,305,10
443,1023,0,392,1023,0,445,327,305,383,336,305,312,717,699,305,10
301,1023,0,205,1023,0,366,316,305,366,334,305,312,653,641,305,10
694,1023,0,367,1023,0,502,324,305,378,329,305,312,714,616,305,10
635,850,0,361,1023,0,509,321,305,390,319,305,312,749,649,305,10
311,923,0,180,1019,0,277,314,305,282,321,305,312,642,623,305,10
502,1023,0,244,1023,0,466,324,305,343,331,305,312,677,658,305,10
418,1023,0,211,1023,0,373,317,305,321,327,305,312,634,612,305,10
269,809,0,207,1023,0,418,320,305,326,320,305,312,635,608,305,10
419,1023,0,256,1023,0,449,315,305,289,318,305,312,705,684,305,10
259,799,0,138,760,0,442,315,305,283,319,305,313,635,620,305,10
468,1023,0,323,1023,0,429,313,305,313,326,305,313,650,625,305,10
373,932,0,190,859,0,420,313,305,304,317,305,313,642,596,305,10
574,1023,0,309,1023,0,466,325,305,345,331,305,313,732,716,305,10
352,1023,0,311,1023,0,415,319,305,333,325,305,313,657,629,305,10
754,1023,0,302,1023,0,484,329,305,406,345,305,313,683,649,305,10
384,1023,0,173,1023,0,416,319,305,318,323,305,313,658,628,305,10
713,1023,0,381,1023,0,459,321,305,385,338,305,313,729,705,305,10
699,1023,0,251,1023,0,447,326,305,368,335,305,313,659,629,305,10
412,1023,0,329,1023,0,485,328,305,419,360,305,313,741,705,305,10
786,987,0,468,1023,0,500,320,305,405,326,305,313,722,624,305,10
773,1023,0,534,1023,0,475,321,305,407,327,305,313,748,671,305,10
802,1023,0,415,1023,0,450,323,305,371,329,305,313,713,650,305,10
327,959,0,103,533,0,308,311,305,233,317,305,313,575,540,305,10
294,908,0,131,730,0,409,318,305,268,317,305,313,602,571,305,10
524,1023,0,223,1023,0,458,323,305,386,338,305,313,684,663,305,10
325,1023,0,180,1023,0,416,316,305,297,328,305,313,615,605,305,10
256,869,0,225,1023,0,389,315,305,328,323,305,313,627,601,305,10
386,1023,0,447,1023,0,466,322,305,382,340,305,313,736,722,305,10
346,858,0,241,1023,0,456,326,305,356,328,305,313,646,621,305,10
618,1023,0,194,1023,0,452,323,305,366,334,305,314,723,702,305,10
419,1023,0,202,1011,0,442,324,305,340,326,305,314,663,627,305,10
678,1023,0,390,1023,0,489,331,305,385,340,305,314,749,726,305,10
400,1023,0,198,1023,0,407,314,305,226,319,305,314,691,679,305,10
330,1023,0,143,983,0,442,317,305,301,320,305,314,661,636,305,10
398,989,0,213,1023,0,430,318,305,229,322,305,314,676,648,305,10
307,992,0,164,976,0,437,320,305,345,322,305,314,592,557,305,10
418,1023,0,228,1023,0,448,314,305,293,322,305,314,658,645,305,10
259,843,0,133,814,0,409,312,305,300,317,305,314,586,555,305,10
469,1023,0,347,1023,0,414,315,305,352,331,305,314,775,760,305,10
385,1023,0,238,1023,0,441,314,305,302,316,305,314,680,667,305,10
401,1023,0,262,1023,0,491,331,305,330,327,305,314,641,630,305,10
443,1023,0,375,1023,0,438,318,305,328,328,305,314,711,695,305,10
592,1023,0,405,1023,0,493,334,305,410,349,305,314,731,700,305,10
462,882,0,125,533,0,352,313,305,69,311,305,314,467,439,305,10
651,1023,0,365,1023,0,442,317,305,361,320,305,314,729,657,305,10
499,1023,0,310,1023,0,477,321,305,351,320,305,314,688,672,305,10
566,1023,0,250,1006,0,409,314,305,339,322,305,314,678,662,305,10
348,1014,0,173,1009,0,416,321,305,311,324,305,315,579,564,305,10
326,1023,0,164,943,0,407,310,305,293,318,305,315,623,597,305,10
623,1023,0,496,1023,0,464,323,305,377,334,305,315,751,733,305,10
543,1023,0,371,1023,0,396,312,305,339,320,305,315,691,675,305,10
412,1023,0,249,1023,0,460,320,305,452,353,305,315,678,658,305,10
562,1023,0,251,1023,0,458,322,305,371,340,305,315,677,655,305,10
373,1023,0,249,1023,0,405,317,305,277,322,305,315,636,623,305,10
685,1023,0,409,1023,0,458,318,305,386,330,305,315,709,629,305,10
463,1023,0,265,1023,0,469,321,305,342,328,305,315,672,641,305,10
495,1023,0,250,1023,0,436,316,305,341,321,305,315,714,699,305,10
582,1023,0,329,1023,0,454,320,305,350,326,305,315,683,670,305,10
585,1023,0,445,1023,0,498,331,305,372,331,305,315,706,681,305,10
424,1023,0,299,1023,0,472,319,305,336,320,305,315,662,647,305,10
325,1023,0,226,1023,0,420,318,305,380,335,305,315,666,652,305,10
332,1023,0,348,1023,0,430,324,305,369,331,305,315,708,690,305,10
351,1023,0,202,1023,0,390,315,305,284,314,305,315,644,623,305,20
368,1023,0,326,1023,0,436,321,305,269,318,305,315,579,557,305,20
860,1023,0,497,1023,0,483,318,305,377,325,305,315,757,698,305,20
770,1023,0,422,1023,0,428,314,305,332,316,305,315,707,639,305,20
338,836,0,120,592,0,439,322,305,248,322,305,315,640,611,305,20
388,1023,0,173,1023,0,0,309,305,230,314,305,315,653,632,305,20
319,1023,0,193,1023,0,414,315,305,255,319,305,315,636,624,305,20
559,1023,0,276,1023,0,428,317,305,340,333,305,315,687,667,305,20
504,1023,0,317,1023,0,446,317,305,297,321,305,315,723,707,305,20
472,1023,0,292,1023,0,396,321,305,300,323,305,316,703,686,305,20
531,1023,0,304,1023,0,480,318,305,360,331,305,316,706,679,305,20
376,1023,0,247,1023,0,464,319,305,325,326,305,316,648,636,305,20
353,831,0,261,1023,0,452,328,305,402,345,305,316,747,683,305,20
604,1023,0,293,1023,0,449,315,305,339,322,305,316,681,668,305,20
324,1023,0,320,1023,0,414,324,305,323,325,305,316,742,730,305,20
532,1023,0,158,976,0,395,317,305,288,328,305,316,665,651,305,20
356,1023,0,206,1023,0,382,313,305,289,316,305,316,555,533,305,20
430,1023,0,286,1023,0,456,325,305,333,325,305,316,723,700,305,20
428,1023,0,172,1023,0,403,316,305,302,327,305,316,669,657,305,20
425,1023,0,199,1023,0,411,315,305,339,318,305,316,565,547,305,20
434,1023,0,225,1023,0,405,314,305,329,322,305,316,697,685,305,20
308,1023,0,127,866,0,427,321,305,302,318,305,316,583,579,305,20
289,914,0,152,935,0,459,323,305,311,317,305,316,444,404,305,20
295,859,0,251,1023,0,408,317,305,360,323,305,316,723,698,305,20
695,1023,0,294,1023,0,454,317,305,309,319,305,316,658,634,305,20
292,1023,0,187,1023,0,377,313,305,247,319,305,316,626,615,305,20
471,1023,0,337,1023,0,452,319,305,322,321,305,316,731,699,305,20
505,1023,0,302,1023,0,402,317,305,347,326,305,316,688,659,305,20
226,865,0,206,1023,0,354,313,305,336,324,305,316,610,589,305,20
530,1023,0,318,1023,0,448,319,305,348,336,305,316,711,690,305,20
609,1023,0,350,1023,0,483,323,305,395,337,305,317,763,739,305,20
448,1023,0,222,1023,0,433,313,305,290,326,305,317,704,687,305,20
333,1023,0,210,1023,0,432,311,305,242,320,305,317,520,493,305,20
424,1023,0,344,1023,0,450,317,305,320,318,305,317,680,662,305,20
373,1023,0,296,1023,0,457,318,305,353,325,305,317,586,567,305,20
609,1023,0,551,1023,0,478,323,305,359,327,305,317,781,757,305,20
392,1023,0,299,1023,0,473,323,305,365,331,305,317,697,677,305,20
504,1023,0,292,1023,0,469,320,305,393,338,305,317,689,666,305,20
411,1023,0,290,1023,0,480,332,305,356,328,305,317,598,577,305,20
713,1023,0,363,1023,0,497,330,305,348,321,305,317,710,665,305,20
340,1023,0,224,1023,0,373,313,305,307,320,305,317,699,686,305,20
360,1023,0,217,1023,0,404,315,305,305,315,305,317,664,647,305,20
431,1023,0,248,1023,0,428,315,305,273,320,305,317,656,635,305,20
345,1023,0,182,1023,0,436,320,305,275,321,305,317,620,599,305,20
583,1023,0,495,1023,0,477,325,305,374,337,305,317,697,675,305,20
432,1023,0,406,1023,0,449,320,305,360,327,305,317,742,717,305,20
484,1023,0,333,1023,0,448,316,305,353,330,305,317,700,685,305,20
442,1023,0,282,1023,0,467,335,305,399,360,305,317,685,673,305,20
425,1023,0,354,1023,0,465,329,305,365,339,305,317,738,715,305,20
469,1023,0,266,1023,0,437,315,305,299,319,305,317,574,547,305,20
450,1023,0,198,1023,0,467,325,305,292,324,305,317,652,631,305,20
469,1023,0,218,1023,0,446,321,305,409,337,305,317,629,601,305,20
257,856,0,162,928,0,451,319,305,261,320,305,317,604,579,305,20
511,1023,0,299,1023,0,382,318,305,345,334,305,317,770,753,305,20
602,1023,0,388,1023,0,496,333,305,425,355,305,317,744,700,305,20
508,1023,0,275,1023,0,462,322,305,326,323,305,318,671,651,305,20
289,763,0,147,800,0,445,319,305,303,317,305,318,653,633,305,20
541,1023,0,345,1023,0,441,315,305,301,327,305,318,761,734,305,20
351,1023,0,219,1023,0,399,315,305,313,319,305,318,640,634,305,20
654,1023,0,346,1023,0,453,321,305,329,325,305,318,737,713,305,20
482,1023,0,267,1023,0,478,330,305,357,333,305,318,658,634,305,20
440,1023,0,322,1023,0,461,321,305,344,328,305,318,655,634,305,20
465,1023,0,380,1023,0,433,317,305,323,321,305,318,734,720,305,20
386,946,0,212,917,0,468,322,305,358,328,305,318,571,486,305,20
399,1023,0,199,1023,0,380,315,305,305,320,305,318,656,627,305,20
565,1023,0,247,1023,0,454,318,305,330,328,305,318,705,684,305,20
456,1023,0,152,1023,0,443,322,305,310,328,305,318,565,544,305,20
411,1023,0,199,1023,0,381,312,305,272,319,305,318,631,621,305,20
580,1023,0,276,1023,0,344,313,305,303,317,305,318,742,731,305,20
444,1023,0,200,1023,0,469,322,305,357,329,305,318,698,679,305,20
594,1023,0,234,1023,0,404,325,305,274,319,305,318,642,613,305,20
566,1023,0,251,1023,0,375,311,305,301,318,305,318,682,665,305,20
725,1023,0,496,1023,0,455,325,305,363,339,305,318,673,643,305,20
361,1023,0,196,1023,0,425,315,305,279,324,305,318,660,647,305,20
445,1023,0,278,1023,0,364,318,305,347,326,305,318,659,643,305,20
392,1023,0,270,1023,0,451,320,305,297,326,305,318,690,677,305,20
521,1023,0,258,1023,0,471,324,305,345,321,305,318,745,725,305,20
528,1023,0,489,1023,0,476,335,305,441,381,305,318,874,848,305,20
359,1023,0,232,1023,0,463,318,305,382,325,305,318,669,657,305,20
536,1023,0,380,1023,0,438,316,305,348,326,305,319,731,712,305,20
389,1023,0,221,1023,0,412,319,305,309,320,305,319,626,607,305,20
526,1023,0,315,1023,0,451,323,305,373,329,305,319,707,695,305,20
473,1023,0,385,1023,0,460,328,305,374,335,305,319,702,690,305,20
418,1023,0,256,1023,0,396,314,305,266,324,305,319,691,675,305,20
472,1023,0,198,1023,0,464,319,305,296,317,305,319,691,675,305,20
380,1023,0,321,1023,0,413,317,305,320,321,305,319,644,620,305,20
535,1023,0,246,1023,0,426,318,305,294,317,305,319,591,570,305,20
532,1023,0,186,835,0,454,320,305,317,319,305,319,685,664,305,20
440,1023,0,293,1023,0,483,321,305,378,329,305,319,678,654,305,20
483,1023,0,309,1023,0,446,322,305,336,329,305,319,685,658,305,20
325,1023,0,137,878,0,410,313,305,312,322,305,319,594,574,305,20
531,1023,0,339,1023,0,429,319,305,354,339,305,319,642,620,305,20
395,1023,0,284,1023,0,403,313,305,332,320,305,319,663,649,305,20
496,1023,0,238,1023,0,458,320,305,317,328,305,319,719,705,305,20
511,1023,0,305,1023,0,425,315,305,348,322,305,319,639,618,305,20
499,1023,0,352,1023,0,427,316,305,348,329,305,319,696,679,305,20
409,1023,0,316,1023,0,438,319,305,308,324,305,319,675,657,305,20
727,1023,0,457,1023,0,469,324,305,376,329,305,319,722,693,305,20
518,1023,0,321,1023,0,463,321,305,365,334,305,319,708,681,305,20
510,1023,0,306,1023,0,435,314,305,362,324,305,319,726,705,305,20
678,1023,0,383,1023,0,439,321,305,386,333,305,319,725,694,305,20
367,1023,0,259,1023,0,436,317,305,270,316,305,320,681,669,305,20
623,1023,0,267,1023,0,473,320,305,396,344,305,320,705,680,305,20
514,1023,0,199,1023,0,453,323,305,378,334,305,320,685,667,305,20
470,1023,0,349,1023,0,452,327,305,345,331,305,320,715,701,305,20
455,1023,0,148,835,0,417,315,305,334,325,305,320,663,647,305,20
470,1023,0,277,1023,0,456,319,305,313,329,305,320,747,733,305,20
393,1023,0,252,1023,0,296,315,305,277,321,305,320,688,671,305,20
303,1023,0,154,1023,0,426,320,305,259,320,305,320,642,630,305,20
420,1023,0,240,1023,0,439,316,305,338,320,305,320,729,714,305,20
425,1023,0,352,1023,0,434,319,305,365,336,305,320,726,713,305,20
456,1023,0,272,1023,0,415,321,305,310,328,305,320,697,676,305,20
813,1023,0,478,1023,0,491,325,305,401,332,305,320,716,691,305,20
453,1023,0,262,1023,0,419,316,305,311,324,305,320,671,659,305,20
287,1023,0,139,1023,0,405,311,305,342,325,305,320,646,627,305,20
554,1023,0,238,1023,0,354,319,305,234,322,305,320,673,666,305,20
452,1023,0,386,1023,0,465,329,305,330,340,305,320,648,606,305,20
482,1023,0,296,1023,0,441,321,305,330,318,305,320,690,666,305,20
599,1023,0,206,1023,0,455,322,305,324,328,305,320,704,688,305,20
355,1023,0,131,914,0,0,314,305,253,318,305,320,563,542,305,20
557,1023,0,258,1023,0,402,315,305,338,319,305,320,638,614,305,20
332,1023,0,405,1023,0,463,322,305,410,342,305,320,708,687,305,20
458,1023,0,316,1023,0,464,328,305,397,356,305,320,738,718,305,20
375,1023,0,150,995,0,435,318,305,254,321,305,320,640,617,305,20
686,1023,0,318,1023,0,467,322,305,358,330,305,320,702,685,305,20
551,1023,0,405,1023,0,460,318,305,346,332,305,321,710,666,305,20
429,1023,0,211,1023,0,431,317,305,308,321,305,321,660,642,305,20
504,1023,0,466,1023,0,446,325,305,373,334,305,321,727,714,305,20
601,1023,0,378,1023,0,483,323,305,378,333,305,321,707,687,305,20
728,1023,0,396,1023,0,439,325,305,332,325,305,321,722,685,305,20
456,1023,0,224,1023,0,424,316,305,295,316,305,321,678,665,305,20
466,1023,0,210,1023,0,430,317,305,328,320,305,321,671,658,305,20
305,1023,0,215,1023,0,426,317,305,331,322,305,321,616,595,305,20
367,1023,0,198,1023,0,361,316,305,279,322,305,321,647,621,305,20
477,1023,0,326,1023,0,453,321,305,345,324,305,321,708,680,305,20
569,1023,0,452,1023,0,456,328,305,375,334,305,321,683,660,305,20
606,1023,0,504,1023,0,477,320,305,381,329,305,321,768,742,305,20
520,1023,0,330,1023,0,419,327,305,358,342,305,321,723,710,305,20
404,1023,0,187,1023,0,463,317,305,365,327,305,321,665,654,305,20
550,1023,0,192,1023,0,440,320,305,309,327,305,321,675,648,305,20
305,1023,0,248,1023,0,428,315,305,301,326,305,321,696,684,305,20
308,1023,0,248,1023,0,436,315,305,319,326,305,321,695,684,305,20
597,1023,0,277,1023,0,419,318,305,310,317,305,321,714,693,305,20
695,1023,0,518,1023,0,512,330,305,427,343,305,321,757,697,305,20
399,1023,0,363,1023,0,466,322,305,328,326,305,322,718,701,305,20
400,1023,0,280,1023,0,444,316,305,352,332,305,322,680,665,305,20
389,1023,0,202,1023,0,457,318,305,381,333,305,322,656,634,305,20
501,1023,0,308,1023,0,456,321,305,367,331,305,322,710,694,305,20
740,1023,0,435,1023,0,470,320,305,330,327,305,322,718,655,305,20
503,1023,0,250,1023,0,400,324,305,321,331,305,322,669,656,305,20
405,1023,0,265,1023,0,375,312,305,295,318,305,322,689,682,305,20
292,1023,0,191,1023,0,417,316,305,273,323,305,322,663,659,305,20
535,1023,0,318,1023,0,472,329,305,381,343,305,322,721,707,305,20
403,1023,0,318,1023,0,421,318,305,301,322,305,322,682,667,305,20
431,1023,0,231,1023,0,463,319,305,372,331,305,322,708,694,305,20
481,1023,0,356,1023,0,430,318,305,339,327,305,322,689,656,305,20
763,1023,0,588,1023,0,475,322,305,381,328,305,322,759,711,305,20
312,1023,0,226,1023,0,438,321,305,277,324,305,322,625,617,305,20
602,1023,0,300,1023,0,464,322,305,371,334,305,322,696,659,305,20
388,1023,0,204,1023,0,383,316,305,286,321,305,322,668,652,305,20
648,1023,0,431,1023,0,422,315,305,298,316,305,322,733,706,305,20
419,1023,0,219,1023,0,452,318,305,327,323,305,322,730,716,305,20
515,1023,0,304,1023,0,431,316,305,283,322,305,323,711,689,305,20
583,1023,0,299,1023,0,449,320,305,364,335,305,323,701,668,305,20
637,1023,0,247,1023,0,451,329,305,345,331,305,323,705,681,305,20
474,1023,0,191,1023,0,406,316,305,177,318,305,323,641,615,305,20
515,1023,0,209,1023,0,348,314,305,306,323,305,323,683,667,305,20
594,1023,0,331,1023,0,313,314,305,165,314,305,323,697,669,305,20
437,1023,0,265,1023,0,397,314,305,261,316,305,323,688,675,305,30
381,1023,0,209,1023,0,425,317,305,318,323,305,323,658,640,305,30
489,1023,0,332,1023,0,387,321,305,331,334,305,323,687,635,305,30
655,1023,0,347,1023,0,450,316,305,316,322,305,323,707,688,305,30
477,1023,0,230,1023,0,428,321,305,254,323,305,323,668,658,305,30
429,1023,0,362,1023,0,487,324,305,353,329,305,323,703,687,305,30
327,1023,0,194,1023,0,440,315,305,224,315,305,323,640,634,305,30
429,1023,0,478,1023,0,429,321,305,301,332,305,323,691,663,305,30
335,1023,0,233,1023,0,398,317,305,294,319,305,323,665,645,305,30
690,1023,0,495,1023,0,487,326,305,406,341,305,323,730,678,305,30
422,1023,0,382,1023,0,447,319,305,351,329,305,323,666,646,305,30
375,1023,0,196,1023,0,463,321,305,291,314,305,323,622,608,305,30
831,1023,0,515,1023,0,499,335,305,396,347,305,323,785,745,305,30
377,1023,0,442,1023,0,457,321,305,363,334,305,323,662,637,305,30
392,1023,0,120,998,0,398,312,305,369,344,305,324,713,703,305,30
713,1023,0,448,1023,0,477,326,305,383,335,305,324,725,701,305,30
459,1023,0,320,1023,0,518,327,305,406,332,305,324,712,688,305,30
405,1023,0,212,1023,0,294,315,305,261,319,305,324,697,683,305,30
795,1023,0,562,1023,0,523,335,305,443,349,305,324,766,705,305,30
629,1023,0,530,1023,0,482,325,305,420,348,305,324,766,728,305,30
352,1023,0,295,1023,0,457,328,305,380,337,305,324,705,687,305,30
537,1023,0,297,1023,0,452,319,305,352,326,305,324,685,665,305,30
371,1023,0,189,1023,0,442,318,305,321,321,305,324,658,644,305,30
448,1023,0,264,1023,0,430,316,305,340,329,305,324,693,674,305,30
559,1023,0,294,1023,0,386,316,305,326,329,305,324,693,677,305,30
388,1023,0,219,1023,0,381,314,305,222,316,305,324,646,636,305,30
411,1023,0,205,1023,0,405,311,305,289,321,305,324,688,675,305,30
375,1023,0,274,1023,0,477,318,305,384,329,305,324,646,620,305,30
380,1023,0,253,1023,0,418,315,305,270,325,305,324,704,690,305,30
580,1023,0,213,1023,0,350,315,305,340,330,305,324,708,680,305,30
487,1023,0,295,1023,0,425,320,305,340,327,305,324,746,730,305,30
421,1023,0,246,1023,0,379,313,305,226,314,305,324,677,648,305,30
358,1023,0,248,1023,0,391,316,305,300,320,305,324,671,662,305,30
502,1023,0,374,1023,0,455,317,305,348,324,305,324,724,709,305,30
440,1023,0,279,1023,0,446,319,305,290,325,305,324,704,682,305,30
508,1023,0,194,1023,0,466,321,305,338,324,305,325,660,637,305,30
413,1023,0,211,1023,0,359,314,305,258,318,305,325,649,643,305,30
549,1023,0,191,1023,0,372,313,305,276,324,305,325,670,655,305,30
420,1023,0,204,1023,0,375,316,305,347,329,305,325,687,673,305,30
287,1023,0,244,1023,0,417,320,305,289,318,305,325,640,628,305,30
427,1023,0,397,1023,0,435,324,305,334,329,305,325,702,678,305,30
419,1023,0,266,1023,0,391,318,305,318,325,305,325,618,600,305,30
488,1023,0,317,1023,0,467,324,305,381,339,305,325,738,718,305,30
449,1023,0,235,1023,0,433,315,305,307,327,305,325,685,671,305,30
394,1023,0,220,1023,0,424,317,305,318,319,305,325,661,646,305,30
660,1023,0,317,1023,0,431,320,305,348,336,305,325,780,760,305,30
394,1023,0,269,1023,0,440,321,305,366,333,305,325,683,673,305,30
477,1023,0,295,1023,0,454,316,305,367,324,305,325,704,696,305,30
473,1023,0,315,1023,0,437,321,305,363,329,305,325,724,711,305,30
518,1023,0,209,1023,0,440,319,305,356,322,305,325,684,652,305,30
346,1023,0,186,1023,0,386,315,305,281,323,305,325,707,693,305,30
611,1023,0,355,1023,0,339,314,305,350,329,305,325,674,652,305,30
443,1023,0,296,1023,0,454,324,305,330,321,305,325,743,731,305,30
511,1023,0,224,1023,0,412,315,305,294,327,305,325,683,665,305,30
570,1023,0,406,1023,0,471,322,305,334,328,305,325,693,649,305,30
549,1023,0,248,1023,0,357,317,305,281,327,305,325,718,705,305,30
465,1023,0,270,1023,0,394,324,305,249,324,305,325,716,695,305,30
412,1023,0,206,1023,0,389,318,305,330,331,305,326,634,624,305,30
524,1023,0,320,1023,0,415,314,305,321,321,305,326,697,677,305,30
374,1023,0,266,1023,0,421,320,305,339,330,305,326,703,694,305,30
459,1023,0,225,1023,0,421,319,305,315,320,305,326,684,659,305,30
589,1023,0,335,1023,0,424,315,305,314,320,305,326,773,751,305,30
341,1023,0,176,1023,0,310,309,305,299,322,305,326,588,560,305,30
432,1023,0,313,1023,0,456,319,305,340,330,305,326,685,667,305,30
610,1023,0,202,1023,0,450,318,305,282,325,305,326,713,695,305,30
436,1023,0,223,1023,0,460,317,305,313,317,305,326,651,630,305,30
478,1023,0,305,1023,0,410,315,305,314,321,305,326,693,678,305,30
388,1023,0,291,1023,0,426,318,305,366,325,305,326,671,655,305,30
508,1023,0,201,1023,0,459,327,305,357,331,305,326,698,679,305,30
687,1023,0,578,1023,0,526,342,305,424,357,305,326,723,703,305,30
540,1023,0,313,1023,0,459,321,305,357,327,305,326,695,676,305,30
563,1023,0,354,1023,0,463,323,305,347,329,305,326,690,665,305,30
464,1023,0,181,1023,0,369,316,305,241,322,305,326,667,654,305,30
517,1023,0,259,1023,0,418,313,305,243,323,305,326,673,656,305,30
343,1023,0,195,1023,0,340,311,305,284,320,305,326,699,686,305,30
504,1023,0,208,1023,0,445,316,305,343,324,305,326,683,665,305,30
465,1023,0,376,1023,0,479,323,305,373,331,305,326,711,688,305,30
509,1023,0,400,1023,0,477,322,305,376,332,305,326,702,689,305,30
498,1023,0,300,1023,0,435,316,305,337,328,305,326,735,711,305,30
363,1023,0,200,1023,0,456,319,305,324,324,305,327,680,662,305,30
638,1023,0,382,1023,0,467,321,305,384,333,305,327,755,737,305,30
518,1023,0,247,1023,0,448,319,305,318,327,305,327,694,676,305,30
473,1023,0,293,1023,0,408,315,305,323,322,305,327,689,665,305,30
575,1023,0,214,1023,0,438,312,305,303,319,305,327,681,655,305,30
518,1023,0,231,1023,0,424,314,305,363,323,305,327,693,668,305,30
763,1023,0,572,1023,0,481,324,305,395,329,305,327,804,767,305,30
428,1023,0,229,1023,0,411,316,305,173,315,305,327,623,609,305,30
389,1023,0,234,1023,0,455,321,305,360,333,305,327,654,637,305,30
445,1023,0,185,1023,0,398,317,305,329,323,305,327,690,671,305,30
506,1023,0,278,1023,0,378,314,305,356,333,305,327,699,681,305,30
477,1023,0,384,1023,0,401,316,305,321,318,305,327,698,680,305,30
562,1023,0,190,1023,0,427,322,305,343,330,305,327,642,615,305,30
676,1023,0,345,1023,0,430,315,305,320,333,305,327,689,634,305,30
339,1023,0,290,1023,0,423,318,305,309,325,305,327,659,648,305,30
351,1023,0,157,1023,0,475,321,305,365,332,305,327,584,551,305,30
413,1023,0,391,1023,0,446,323,305,367,328,305,327,695,671,305,30
476,1023,0,280,1023,0,420,317,305,320,322,305,327,692,669,305,30
466,1023,0,310,1023,0,458,322,305,372,333,305,327,694,680,305,30
450,1023,0,263,1023,0,441,317,305,278,321,305,327,701,687,305,30
489,1023,0,313,1023,0,418,314,305,310,326,305,327,727,706,305,30
440,1023,0,241,1023,0,414,316,305,313,322,305,327,705,685,305,30
417,1023,0,229,1023,0,422,318,305,296,318,305,327,689,657,305,30
370,1023,0,204,1023,0,400,317,305,330,327,305,328,673,662,305,30
518,1023,0,305,1023,0,402,318,305,345,327,305,328,645,625,305,30
567,1023,0,347,1023,0,433,319,305,352,332,305,328,720,697,305,30
455,1023,0,161,1023,0,436,319,305,437,369,305,328,650,637,305,30
361,1023,0,388,1023,0,462,323,305,312,329,305,328,629,603,305,30
402,1023,0,201,1023,0,415,314,305,249,316,305,328,686,663,305,30
619,1023,0,262,1023,0,404,319,305,320,321,305,328,682,663,305,30
453,1023,0,342,1023,0,431,322,305,349,329,305,328,719,701,305,30
727,1023,0,439,1023,0,441,322,305,385,336,305,328,712,675,305,30
331,1023,0,193,1023,0,386,315,305,136,312,305,328,645,634,305,30
533,1023,0,164,1023,0,387,313,305,335,327,305,328,708,681,305,30
289,1023,0,240,1023,0,438,317,305,334,328,305,328,586,561,305,30
796,1023,0,495,1023,0,459,324,305,368,328,305,328,695,623,305,30
401,1023,0,312,1023,0,439,321,305,299,325,305,328,737,723,305,30
494,1023,0,192,940,0,439,315,305,339,328,305,328,653,635,305,30
401,1023,0,249,1023,0,451,318,305,315,320,305,328,651,632,305,30
288,1023,0,346,1023,0,471,330,305,369,337,305,328,729,708,305,30
657,1023,0,351,1023,0,504,332,305,404,340,305,328,710,684,305,30
394,1023,0,241,1023,0,422,318,305,296,317,305,328,646,637,305,30
349,1023,0,179,1023,0,399,314,305,241,314,305,328,718,712,305,30
391,1023,0,221,1023,0,437,318,305,300,329,305,328,686,670,305,30
540,1023,0,280,1023,0,418,314,305,309,319,305,329,688,663,305,30
488,1023,0,354,1023,0,476,329,305,392,342,305,329,709,685,305,30
392,1023,0,159,1009,0,236,315,305,322,321,305,329,624,605,305,30
744,1023,0,432,1023,0,481,326,305,370,330,305,329,758,702,305,30
367,1023,0,197,1023,0,422,319,305,274,315,305,329,714,704,305,30
438,1023,0,361,1023,0,428,318,305,321,325,305,329,697,683,305,30
695,1023,0,367,1023,0,446,321,305,374,329,305,329,698,624,305,30
461,1023,0,263,1023,0,387,315,305,339,327,305,329,690,678,305,30
508,1023,0,289,1023,0,413,315,305,345,327,305,329,713,696,305,30
489,1023,0,367,1023,0,453,320,305,318,326,305,329,733,709,305,30
559,1023,0,489,1023,0,482,327,305,360,336,305,329,725,707,305,30
445,1023,0,259,1023,0,433,322,305,363,333,305,329,671,652,305,30
421,1023,0,242,1023,0,387,318,305,287,326,305,329,699,687,305,30
706,1023,0,379,1023,0,442,319,305,352,333,305,329,776,759,305,30
449,1023,0,306,1023,0,431,317,305,301,332,305,329,625,590,305,30
475,1023,0,264,1023,0,426,318,305,303,318,305,329,674,665,305,30
522,1023,0,259,1023,0,440,321,305,278,320,305,329,727,711,305,30
383,1023,0,210,1023,0,393,313,305,295,321,305,329,678,664,305,30
718,1023,0,330,1023,0,471,323,305,418,342,305,329,709,669,305,30
518,1023,0,422,1023,0,482,327,305,366,332,305,329,681,655,305,30
625,1023,0,340,1023,0,426,318,305,340,331,305,329,759,736,305,30
403,1023,0,220,1023,0,448,320,305,348,322,305,329,675,663,305,30
599,1023,0,383,1023,0,399,316,305,338,327,305,329,752,738,305,30
509,1023,0,307,1023,0,421,312,305,287,318,305,329,686,654,305,30
544,1023,0,449,1023,0,495,326,305,395,339,305,330,732,709,305,30
448,1023,0,220,1023,0,436,315,305,374,335,305,330,697,682,305,30
577,1023,0,201,1023,0,458,321,305,368,325,305,330,667,649,305,30
447,1023,0,295,1023,0,420,315,305,335,326,305,330,705,685,305,30
432,1023,0,199,1023,0,427,319,305,247,314,305,330,658,645,305,30
438,1023,0,259,1023,0,453,320,305,368,331,305,330,689,676,305,30
373,1023,0,257,1023,0,461,322,305,341,327,305,330,666,638,305,30
401,1023,0,195,1023,0,400,316,305,257,319,305,330,668,651,305,30
680,1023,0,322,1023,0,477,323,305,313,322,305,330,689,672,305,30
828,1023,0,549,1023,0,501,328,305,412,338,305,330,743,659,305,30
313,1023,0,401,1023,0,470,321,305,344,326,305,330,769,754,305,30
634,1023,0,321,1023,0,447,320,305,325,325,305,330,648,594,305,30
762,1023,0,529,1023,0,465,323,305,403,339,305,330,804,782,305,30
533,1023,0,216,1023,0,383,316,305,262,327,305,330,694,674,305,30
410,1023,0,276,1023,0,472,327,305,361,333,305,330,684,664,305,30
526,1023,0,256,1023,0,452,322,305,359,332,305,330,730,707,305,30
475,1023,0,374,1023,0,393,313,305,311,319,305,330,753,732,305,30
544,1023,0,370,1023,0,427,317,305,334,333,305,330,692,674,305,30
386,1023,0,287,1023,0,457,320,305,344,325,305,330,658,635,305,30
494,1023,0,283,1023,0,422,320,305,318,331,305,330,703,691,305,30
361,1023,0,230,1023,0,428,320,305,316,321,305,330,537,512,305,30
502,1023,0,358,1023,0,427,330,305,352,341,305,330,658,635,305,30
424,1023,0,205,1023,0,391,318,305,0,312,305,331,707,696,305,30
358,1023,0,372,1023,0,444,320,305,378,340,305,331,701,688,305,30
489,1023,0,196,1023,0,398,316,305,337,320,305,331,638,616,305,30
577,1023,0,170,1023,0,436,319,305,315,324,305,331,675,659,305,40
378,1023,0,271,1023,0,441,315,305,322,320,305,331,652,639,305,40
399,1023,0,244,1023,0,384,312,305,112,317,305,331,724,716,305,40
578,1023,0,334,1023,0,425,316,305,359,326,305,331,686,618,305,40
302,975,0,165,990,0,452,318,305,319,319,305,331,641,614,305,40
306,1023,0,181,1023,0,404,313,305,277,316,305,331,685,672,305,40
536,1023,0,205,1023,0,417,314,305,325,322,305,331,691,656,305,40
357,1023,0,273,1023,0,444,316,305,336,328,305,331,744,735,305,40
547,1023,0,382,1023,0,459,323,305,355,335,305,331,766,751,305,40
341,1023,0,192,1023,0,373,319,305,312,327,305,331,715,701,305,40
415,1023,0,252,1023,0,435,328,305,331,331,305,331,662,643,305,40
502,1023,0,279,1023,0,446,322,305,372,329,305,331,649,618,305,40
500,1023,0,287,1023,0,455,317,305,256,317,305,331,718,699,305,40
443,1023,0,218,1023,0,436,315,305,322,325,305,331,682,660,305,40
656,1023,0,427,1023,0,424,323,305,402,344,305,331,718,702,305,40
471,1023,0,495,1023,0,447,318,305,354,325,305,331,702,692,305,40
320,1023,0,230,1023,0,437,314,305,302,319,305,331,705,694,305,40
583,1023,0,198,1023,0,427,318,305,314,319,305,331,645,610,305,40
730,1023,0,364,1023,0,476,320,305,448,361,305,332,703,696,305,40
559,1023,0,307,1023,0,450,324,305,367,328,305,332,695,669,305,40
389,1023,0,184,1023,0,402,317,305,306,319,305,332,624,618,305,40
606,1023,0,366,1023,0,448,325,305,323,324,305,332,726,702,305,40
508,1023,0,257,1023,0,404,316,305,324,329,305,332,732,715,305,40
479,1023,0,454,1023,0,460,324,305,348,335,305,332,769,753,305,40
429,1023,0,205,1023,0,450,322,305,304,323,305,332,685,667,305,40
438,1023,0,299,1023,0,442,322,305,354,334,305,332,675,659,305,40
428,1023,0,198,1023,0,421,316,305,287,321,305,332,662,650,305,40
467,1023,0,199,1023,0,475,321,305,389,338,305,332,687,675,305,40
534,1023,0,206,1023,0,415,320,305,330,328,305,332,668,646,305,40
621,1023,0,293,1023,0,430,317,305,344,333,305,332,647,619,305,40
368,1023,0,171,1023,0,354,310,305,261,314,305,332,623,613,305,40
314,1023,0,165,1023,0,439,317,305,329,326,305,332,653,644,305,40
393,1023,0,232,1023,0,452,318,305,340,324,305,332,606,590,305,40
547,1023,0,334,1023,0,463,316,305,278,316,305,332,670,640,305,40
453,1023,0,163,964,0,410,319,305,324,321,305,332,642,620,305,40
422,1023,0,483,1023,0,410,322,305,364,332,305,332,702,682,305,40
600,1023,0,321,1023,0,477,326,305,392,335,305,332,633,601,305,40
501,1023,0,283,1023,0,514,330,305,360,323,305,332,728,713,305,40
397,1023,0,360,1023,0,417,319,305,346,330,305,332,762,740,305,40
388,1023,0,310,1023,0,466,321,305,380,329,305,332,761,744,305,40
263,1023,0,258,1023,0,386,313,305,259,313,305,333,681,673,305,40
454,1023,0,270,1023,0,0,311,305,275,324,305,333,760,733,305,40
291,1023,0,262,1023,0,390,313,305,287,320,305,333,663,651,305,40
420,1023,0,174,1023,0,399,314,305,320,321,305,333,682,666,305,40
404,1023,0,197,1019,0,383,310,305,320,318,305,333,668,655,305,40
417,1023,0,174,1023,0,448,322,305,366,332,305,333,661,645,305,40
634,1023,0,356,1023,0,475,329,305,374,336,305,333,721,695,305,40
289,1023,0,187,1023,0,415,318,305,329,320,305,333,680,663,305,40
380,1023,0,207,1023,0,433,321,305,355,333,305,333,662,653,305,40
556,1023,0,366,1023,0,407,314,305,307,320,305,333,668,646,305,40
591,1023,0,285,1023,0,499,325,305,384,329,305,333,705,640,305,40
534,1023,0,314,1023,0,450,326,305,356,331,305,333,648,615,305,40
382,1023,0,233,1023,0,427,314,305,309,328,305,333,663,649,305,40
484,1023,0,357,1023,0,411,320,305,334,326,305,333,684,665,305,40
439,1023,0,226,1023,0,430,317,305,320,320,305,333,677,664,305,40
442,1023,0,207,1023,0,441,315,305,296,316,305,333,694,682,305,40
333,1023,0,191,1023,0,412,313,305,288,319,305,333,632,625,305,40
375,1023,0,250,1023,0,391,318,305,326,326,305,333,659,626,305,40
572,1023,0,309,1023,0,427,320,305,341,335,305,333,672,657,305,40
505,1023,0,292,1023,0,466,316,305,336,325,305,333,715,696,305,40
368,1023,0,209,1023,0,424,319,305,262,318,305,333,675,665,305,40
577,1023,0,411,1023,0,454,318,305,327,322,305,333,765,749,305,40
702,1023,0,396,1023,0,477,327,305,369,337,305,334,717,703,305,40
378,1023,0,258,1023,0,468,319,305,321,324,305,334,702,690,305,40
450,1023,0,340,1023,0,493,321,305,405,331,305,334,716,696,305,40
403,1023,0,293,1023,0,421,320,305,293,326,305,334,716,716,305,40
536,1023,0,291,1023,0,466,322,305,380,333,305,334,647,625,305,40
457,1023,0,353,1023,0,452,318,305,343,328,305,334,725,707,305,40
503,1023,0,381,1023,0,458,325,305,346,329,305,334,678,654,305,40
432,1023,0,239,1023,0,432,318,305,308,320,305,334,669,653,305,40
588,1023,0,346,1023,0,450,322,305,377,344,305,334,744,721,305,40
467,1023,0,326,1023,0,460,324,305,342,325,305,334,689,659,305,40
554,1023,0,387,1023,0,428,322,305,363,331,305,334,759,747,305,40
566,1023,0,258,1023,0,441,318,305,346,327,305,334,616,600,305,40
478,1023,0,267,1023,0,390,313,305,280,322,305,334,647,625,305,40
396,1023,0,225,1023,0,454,316,305,284,314,305,334,652,639,305,40
568,1023,0,334,1023,0,418,321,305,338,327,305,334,703,648,305,40
356,1023,0,177,1023,0,428,318,305,254,315,305,334,549,531,305,40
593,1023,0,362,1023,0,464,318,305,313,318,305,334,730,700,305,40
527,1023,0,400,1023,0,456,326,305,338,330,305,334,718,695,305,40
593,1023,0,272,1023,0,481,327,305,350,334,305,334,672,632,305,40
659,1023,0,215,1023,0,475,325,305,387,343,305,335,728,712,305,40
487,1023,0,314,1023,0,458,321,305,356,332,305,335,720,704,305,40
419,1023,0,222,1023,0,0,315,305,290,319,305,335,618,602,305,40
394,1023,0,176,1023,0,393,319,305,283,321,305,335,643,618,305,40
451,1023,0,258,1023,0,294,315,305,328,338,305,335,708,695,305,40
367,1023,0,206,1023,0,430,315,305,257,318,305,335,682,676,305,40
443,1023,0,422,1023,0,501,332,305,382,337,305,335,724,701,305,40
420,1023,0,242,1023,0,371,316,305,283,317,305,335,701,693,305,40
321,1023,0,198,1023,0,411,319,305,318,330,305,335,660,648,305,40
496,1023,0,298,1023,0,415,316,305,344,326,305,335,668,649,305,40
372,1023,0,198,1023,0,367,312,305,298,319,305,335,568,542,305,40
501,1023,0,362,1023,0,426,318,305,353,329,305,335,732,715,305,40
349,1023,0,169,1023,0,429,314,305,259,316,305,335,697,682,305,40
527,1023,0,379,1023,0,517,365,305,439,373,305,335,760,733,305,40
613,1023,0,233,1023,0,378,311,305,349,330,305,335,681,651,305,40
300,1023,0,195,1023,0,417,317,305,279,316,305,335,626,607,305,40
405,1023,0,169,1023,0,423,318,305,273,326,305,335,642,633,305,40
701,1023,0,516,1023,0,497,324,305,375,330,305,336,751,725,305,40
389,1023,0,280,1023,0,411,318,305,296,323,305,336,674,660,305,40
417,1023,0,217,1023,0,439,319,305,306,322,305,336,572,550,305,40
378,1023,0,272,1023,0,462,319,305,320,329,305,336,703,687,305,40
568,1023,0,358,1023,0,468,323,305,316,329,305,336,684,668,305,40
570,1023,0,308,1023,0,445,317,305,343,333,305,336,691,668,305,40
430,1023,0,180,1023,0,393,313,305,236,319,305,336,616,604,305,40
363,1023,0,225,1023,0,445,321,305,301,324,305,336,618,600,305,40
469,1023,0,295,1023,0,436,321,305,339,329,305,336,696,664,305,40
421,1023,0,299,1023,0,411,323,305,292,325,305,336,712,694,305,40
570,1023,0,327,1023,0,456,318,305,290,325,305,336,717,681,305,40
516,1023,0,338,1023,0,453,318,305,340,319,305,336,756,734,305,40
516,1023,0,288,1023,0,426,328,305,357,335,305,336,734,718,305,40
556,1023,0,262,1023,0,470,319,305,359,325,305,336,681,662,305,40
619,1023,0,363,1023,0,447,317,305,325,319,305,336,678,629,305,40
601,1023,0,320,1023,0,474,326,305,382,336,305,336,714,693,305,40
506,1023,0,236,1023,0,427,318,305,352,327,305,336,704,679,305,40
693,1023,0,478,1023,0,453,323,305,378,330,305,336,734,709,305,40
550,1023,0,299,1023,0,391,318,305,265,325,305,336,696,679,305,40
460,1023,0,273,1023,0,435,317,305,317,323,305,336,685,669,305,40
666,1023,0,345,1023,0,455,315,305,333,322,305,337,684,602,305,40
538,1023,0,232,1023,0,439,318,305,333,324,305,337,706,688,305,40
560,1023,0,259,1023,0,391,319,305,346,322,305,337,736,727,305,40
515,1023,0,320,1023,0,418,316,305,277,319,305,337,671,605,305,40
340,1023,0,166,1023,0,405,314,305,274,315,305,337,670,660,305,40
382,1023,0,189,1023,0,431,318,305,144,316,305,337,665,647,305,40
496,1023,0,312,1023,0,456,326,305,355,335,305,337,698,681,305,40
374,1023,0,269,1023,0,429,315,305,290,315,305,337,676,659,305,40
484,1023,0,286,1023,0,474,317,305,374,326,305,337,696,667,305,40
429,1023,0,204,1023,0,404,315,305,322,319,305,337,585,568,305,40
680,1023,0,409,1023,0,444,314,305,258,322,305,337,733,655,305,40
667,1023,0,564,1023,0,480,324,305,362,341,305,337,782,730,305,40
435,1023,0,299,1023,0,422,319,305,329,321,305,337,728,714,305,40
529,1023,0,566,1023,0,494,335,305,392,346,305,337,693,671,305,40
507,1023,0,144,837,0,413,314,305,240,317,305,337,641,624,305,40
438,1023,0,345,1023,0,406,314,305,328,326,305,337,704,687,305,40
316,1023,0,204,1023,0,421,319,305,271,321,305,337,622,613,305,40
432,1023,0,375,1023,0,479,324,305,400,332,305,337,673,649,305,40
613,1023,0,366,1023,0,463,323,305,384,332,305,337,719,699,305,40
326,1023,0,153,993,0,411,319,305,311,320,305,338,658,645,305,40
777,1023,0,546,1023,0,487,320,305,368,328,305,338,787,742,305,40
408,1023,0,252,1023,0,442,319,305,320,324,305,338,711,687,305,40
739,1023,0,376,1023,0,428,317,305,393,331,305,338,653,625,305,40
538,1023,0,382,1023,0,463,324,305,370,329,305,338,690,663,305,40
660,1023,0,332,1023,0,454,323,305,330,319,305,338,689,672,305,50
524,1023,0,437,1023,0,445,320,305,373,330,305,338,745,724,305,50
726,1023,0,511,1023,0,490,322,305,392,326,305,338,736,674,305,50
424,1023,0,249,1023,0,449,316,305,275,324,305,338,684,666,305,50
366,1023,0,198,1023,0,385,314,305,291,317,305,338,649,635,305,50
474,1023,0,413,1023,0,403,320,305,353,325,305,338,677,652,305,50
466,1023,0,286,1023,0,410,314,305,0,319,305,338,673,660,305,50
555,1023,0,300,1023,0,414,322,305,309,328,305,338,764,742,305,50
349,1023,0,215,1023,0,432,323,305,346,326,305,338,672,660,305,50
372,1023,0,202,1023,0,457,321,305,365,336,305,338,621,593,305,50
501,1023,0,311,1023,0,457,315,305,294,317,305,338,738,728,305,50
359,1023,0,453,1023,0,411,325,305,415,360,305,338,767,752,305,50
417,1023,0,194,1023,0,421,321,305,365,326,305,338,680,656,305,50
574,1023,0,378,1023,0,416,320,305,342,327,305,338,720,689,305,50
689,1023,0,292,1023,0,483,322,305,340,331,305,338,712,689,305,50
440,1023,0,210,1023,0,474,326,305,302,322,305,338,648,629,305,50
307,1023,0,244,1023,0,466,319,305,357,329,305,339,622,605,305,50
658,1023,0,408,1023,0,482,323,305,379,329,305,339,741,682,305,50
484,1023,0,182,1023,0,436,317,305,367,333,305,339,649,628,305,50
486,1023,0,256,1023,0,428,316,305,332,322,305,339,727,708,305,50
388,1023,0,169,1023,0,421,316,305,285,321,305,339,643,628,305,50
389,1023,0,292,1023,0,446,320,305,341,321,305,339,661,649,305,50
480,1023,0,326,1023,0,430,317,305,349,329,305,339,694,662,305,50
505,1023,0,255,1023,0,442,317,305,320,327,305,339,710,685,305,50
496,1023,0,355,1023,0,492,330,305,437,349,305,339,728,708,305,50
430,1023,0,259,1023,0,460,324,305,303,322,305,339,651,631,305,50
527,1023,0,287,1023,0,462,318,305,325,324,305,339,713,700,305,50
691,1023,0,242,1020,0,440,318,305,353,325,305,339,682,640,305,50
752,1023,0,419,1023,0,487,326,305,366,328,305,339,729,658,305,50
500,1023,0,424,1023,0,462,327,305,357,332,305,339,740,721,305,50
347,1023,0,261,1023,0,449,322,305,345,332,305,339,706,692,305,50
477,1023,0,283,1023,0,454,322,305,348,323,305,340,685,668,305,50
375,1023,0,220,1023,0,363,318,305,295,324,305,340,649,640,305,50
359,1023,0,170,1023,0,329,317,305,260,314,305,340,612,599,305,50
341,1023,0,141,956,0,375,314,305,267,317,305,340,634,619,305,50
561,1023,0,313,1023,0,457,322,305,310,319,305,340,692,675,305,50
424,1023,0,282,1023,0,388,316,305,327,325,305,340,696,676,305,50
420,1023,0,210,1023,0,365,315,305,176,315,305,340,615,601,305,50
643,1023,0,496,1023,0,475,323,305,388,328,305,340,744,672,305,50
523,1023,0,279,1023,0,454,320,305,328,329,305,340,688,669,305,50
648,1023,0,346,1023,0,472,328,305,367,332,305,340,698,674,305,50
467,1023,0,255,1023,0,411,315,305,298,323,305,340,633,621,305,50
439,1023,0,266,1023,0,433,323,305,336,328,305,340,653,633,305,50
517,1023,0,330,1023,0,0,311,305,347,330,305,340,717,695,305,50
533,1023,0,362,1023,0,451,320,305,375,337,305,340,735,713,305,50
421,1023,0,206,1023,0,439,318,305,320,320,305,340,607,591,305,50
432,1023,0,219,1023,0,453,319,305,344,332,305,340,697,676,305,50
496,1023,0,260,1023,0,463,321,305,403,343,305,340,676,663,305,50
431,1023,0,232,1023,0,0,313,305,267,315,305,340,637,616,305,50
449,1023,0,223,1023,0,429,316,305,361,325,305,340,701,685,305,50
409,1023,0,191,1023,0,400,322,305,307,326,305,340,644,637,305,50
304,1023,0,256,1023,0,458,324,305,349,329,305,340,661,646,305,50
372,1023,0,291,1023,0,424,316,305,339,328,305,341,719,707,305,50
421,1023,0,446,1023,0,470,325,305,343,333,305,341,683,651,305,50
447,1023,0,200,1023,0,366,313,305,293,319,305,341,639,631,305,50
452,1023,0,429,1023,0,459,322,305,395,344,305,341,761,750,305,50
479,1023,0,290,1023,0,475,322,305,358,328,305,341,672,651,305,50
358,1023,0,266,1023,0,432,322,305,325,326,305,341,679,661,305,50
338,1023,0,288,1023,0,429,319,305,306,328,305,341,675,661,305,50
437,1023,0,255,1023,0,440,324,305,356,341,305,341,686,670,305,50
523,1023,0,347,1023,0,448,322,305,343,330,305,341,693,678,305,50
352,1023,0,197,1023,0,429,318,305,340,328,305,341,660,645,305,50
443,1023,0,221,1023,0,386,317,305,343,331,305,341,663,649,305,50
427,1023,0,223,1023,0,447,317,305,247,320,305,341,676,669,305,50
621,1023,0,377,1023,0,444,320,305,345,333,305,341,762,740,305,50
366,1023,0,296,1023,0,426,316,305,437,355,305,341,651,633,305,50
506,1023,0,217,1023,0,413,325,305,348,335,305,341,670,663,305,50
303,1023,0,182,1023,0,429,314,305,329,318,305,341,645,628,305,50
554,1023,0,317,1023,0,397,316,305,279,323,305,341,598,580,305,50
622,1023,0,418,1023,0,437,319,305,344,326,305,341,664,638,305,50
622,1023,0,461,1023,0,467,320,305,357,333,305,341,763,731,305,50
390,1023,0,193,1023,0,386,312,305,303,324,305,341,642,628,305,50
489,1023,0,384,1023,0,488,323,305,345,330,305,341,728,707,305,50
582,1023,0,323,1023,0,492,322,305,377,331,305,341,699,675,305,50
426,1023,0,219,1023,0,425,313,305,320,322,305,342,669,654,305,50
488,1023,0,344,1023,0,423,317,305,361,329,305,342,709,692,305,50
389,1023,0,442,1023,0,429,323,305,365,335,305,342,767,749,305,50
392,1023,0,225,1023,0,442,320,305,270,315,305,342,666,658,305,50
524,1023,0,304,1023,0,426,318,305,320,330,305,342,703,677,305,50
436,1023,0,170,1023,0,401,314,305,320,321,305,342,638,623,305,50
470,1023,0,257,1023,0,353,314,305,289,321,305,342,673,653,305,50
549,1023,0,280,1023,0,431,320,305,292,319,305,342,704,679,305,50
486,1023,0,227,1023,0,422,316,305,366,333,305,342,686,671,305,50
454,1023,0,360,1023,0,356,313,305,293,321,305,342,687,666,305,50
507,1023,0,184,1011,0,427,320,305,332,321,305,342,674,657,305,50
414,1023,0,212,1023,0,449,323,305,361,331,305,342,654,644,305,50
498,1023,0,323,1023,0,422,317,305,258,316,305,342,656,643,305,50
460,1023,0,407,1023,0,480,334,305,372,338,305,342,728,709,305,50
483,1023,0,315,1023,0,409,315,305,294,322,305,342,694,682,305,50
476,1023,0,281,1023,0,473,325,305,333,320,305,342,703,692,305,50
613,1023,0,474,1023,0,494,332,305,481,393,305,342,745,726,305,50
428,1023,0,472,1023,0,488,329,305,408,345,305,342,744,718,305,50
695,1023,0,395,1023,0,467,324,305,327,327,305,342,698,646,305,50
539,1023,0,273,1023,0,445,322,305,340,336,305,342,749,733,305,50
445,1023,0,212,1023,0,408,313,305,268,315,305,342,646,622,305,50
665,1023,0,253,1023,0,451,317,305,376,326,305,342,695,662,305,50
476,1023,0,192,1023,0,379,318,305,353,325,305,342,673,666,305,50
396,1023,0,264,1023,0,447,318,305,305,330,305,342,718,702,305,50
552,1023,0,226,1023,0,464,325,305,353,331,305,342,601,581,305,50
448,1023,0,352,1023,0,437,317,305,273,322,305,343,692,664,305,50
549,1023,0,385,1023,0,481,329,305,390,345,305,343,704,678,305,50
553,1023,0,353,1023,0,457,329,305,348,329,305,343,728,710,305,50
509,1023,0,332,1023,0,393,312,305,305,325,305,343,714,697,305,50
402,1023,0,220,1023,0,461,322,305,335,325,305,343,656,628,305,50
336,1023,0,217,1023,0,427,315,305,311,321,305,343,678,666,305,50
452,1023,0,274,1023,0,401,321,305,315,321,305,343,700,678,305,50
745,1023,0,328,1023,0,449,319,305,368,323,305,343,676,577,305,50
668,1023,0,605,1023,0,508,326,305,421,334,305,343,781,719,305,50
270,1023,0,197,1023,0,467,324,305,367,323,305,343,597,580,305,50
403,1023,0,265,1023,0,415,323,305,258,324,305,343,699,689,305,50
347,1023,0,229,1023,0,439,319,305,0,316,305,343,673,660,305,50
686,1023,0,455,1023,0,459,323,305,330,326,305,343,702,652,305,50
626,1023,0,277,1023,0,433,314,305,255,317,305,343,596,569,305,50
465,1023,0,203,1023,0,439,322,305,310,326,305,343,704,684,305,50
539,1023,0,269,1023,0,435,319,305,241,317,305,343,719,699,305,50
476,1023,0,196,1023,0,394,313,305,293,322,305,343,581,570,305,50
481,1023,0,437,1023,0,453,321,305,310,329,305,343,703,686,305,50
525,1023,0,138,802,0,386,319,305,282,316,305,343,671,640,305,50
533,1023,0,245,1023,0,450,323,305,325,324,305,343,694,679,305,50
407,1023,0,201,1023,0,0,311,305,203,314,305,343,669,652,305,50
456,1023,0,326,1023,0,430,320,305,221,324,305,343,737,721,305,50
489,1023,0,417,1023,0,478,328,305,372,338,305,343,793,774,305,50
488,1023,0,236,1023,0,416,314,305,316,324,305,343,660,646,305,50
572,1023,0,394,1023,0,436,321,305,290,326,305,344,724,705,305,50
501,1023,0,272,1023,0,425,314,305,279,323,305,344,624,604,305,50
721,1023,0,379,1023,0,493,325,305,359,330,305,344,726,654,305,50
551,1023,0,183,1023,0,458,319,305,420,355,305,344,740,717,305,50
517,1023,0,168,846,0,481,319,305,317,316,305,344,608,584,305,50
460,1023,0,345,1023,0,445,317,305,362,324,305,344,694,674,305,50
405,1023,0,230,1023,0,357,315,305,323,323,305,344,669,654,305,50
443,1023,0,204,1023,0,379,316,305,331,324,305,344,673,656,305,50
457,1023,0,157,898,0,463,319,305,316,325,305,344,650,614,305,50
412,1023,0,269,1023,0,406,319,305,328,326,305,344,643,630,305,50
357,1023,0,203,1023,0,408,313,305,328,317,305,344,603,573,305,50
383,1023,0,261,1023,0,512,328,305,411,346,305,344,653,627,305,50
484,1023,0,385,1023,0,454,321,305,342,332,305,344,715,690,305,50
318,1023,0,192,1023,0,368,311,305,250,316,305,344,632,614,305,50
418,1023,0,328,1023,0,469,323,305,352,333,305,344,739,725,305,50
375,1023,0,181,1023,0,462,316,305,324,318,305,344,662,651,305,50
593,1023,0,347,1023,0,465,322,305,340,327,305,344,674,659,305,50
391,1023,0,219,1023,0,449,316,305,299,322,305,344,667,652,305,50
666,1023,0,376,1023,0,444,320,305,338,329,305,344,802,775,305,50
372,1023,0,204,1023,0,453,323,305,311,324,305,344,638,620,305,50
518,1023,0,287,1023,0,462,322,305,312,327,305,345,747,740,305,50
746,1023,0,506,1023,0,487,327,305,377,332,305,345,729,650,305,50
497,1023,0,307,1023,0,456,321,305,310,322,305,345,695,680,305,60
484,1023,0,495,1023,0,459,325,305,390,341,305,345,706,684,305,60
584,1023,0,171,1023,0,451,315,305,312,324,305,345,646,619,305,60
333,1023,0,187,1023,0,421,315,305,299,324,305,345,582,564,305,60
604,1023,0,221,1023,0,452,321,305,344,336,305,345,701,678,305,60
361,1023,0,114,783,0,338,312,305,186,312,305,345,688,667,305,60
704,1023,0,465,1023,0,466,320,305,333,322,305,345,683,604,305,60
434,1023,0,215,1023,0,438,317,305,311,326,305,345,643,629,305,60
419,1023,0,225,1023,0,463,326,305,350,332,305,345,653,632,305,60
360,1023,0,209,1023,0,378,313,305,294,319,305,345,642,631,305,60
289,1023,0,125,877,0,389,318,305,330,322,305,345,585,562,305,60
399,1023,0,299,1023,0,460,317,305,294,321,305,345,683,666,305,60
613,1023,0,214,1023,0,468,326,305,432,372,305,345,710,683,305,60
412,1023,0,271,1023,0,420,316,305,313,321,305,345,686,666,305,60
532,1023,0,356,1023,0,430,321,305,362,332,305,345,761,743,305,60
532,1023,0,287,1023,0,417,316,305,391,349,305,345,703,672,305,60
384,1023,0,212,1023,0,408,318,305,233,321,305,345,610,596,305,60
505,1023,0,390,1023,0,449,317,305,342,332,305,345,733,717,305,60
463,1023,0,330,1023,0,466,328,305,342,327,305,345,721,703,305,60
599,1023,0,304,1023,0,462,321,305,368,330,305,345,634,616,305,60
576,1023,0,308,1023,0,450,320,305,368,345,305,346,694,663,305,60
522,1023,0,259,1023,0,440,321,305,343,332,305,346,644,630,305,60
445,1023,0,249,1023,0,329,312,305,330,326,305,346,682,662,305,60
605,1023,0,471,1023,0,480,325,305,395,342,305,346,765,745,305,60
398,1023,0,214,1023,0,373,318,305,262,315,305,346,641,633,305,60
463,1023,0,239,1023,0,444,319,305,343,325,305,346,708,664,305,60
368,1023,0,219,1023,0,430,319,305,329,326,305,346,653,642,305,60
544,1023,0,456,1023,0,481,324,305,386,340,305,346,733,710,305,60
413,1023,0,251,1023,0,447,316,305,278,319,305,346,682,668,305,60
467,1023,0,448,1023,0,477,319,305,375,331,305,346,719,691,305,60
441,1023,0,274,1023,0,456,323,305,344,332,305,346,678,653,305,60
567,1023,0,405,1023,0,478,320,305,366,331,305,346,729,685,305,60
381,1023,0,104,813,0,428,315,305,278,323,305,346,678,671,305,60
374,1023,0,311,1023,0,476,329,305,361,340,305,346,734,720,305,60
300,1023,0,226,1023,0,367,310,305,297,320,305,346,629,613,305,60
540,1023,0,410,1023,0,491,327,305,401,334,305,346,760,749,305,60
543,1023,0,272,1023,0,437,321,305,334,334,305,346,665,635,305,60
473,1023,0,230,1023,0,429,317,305,328,328,305,346,646,619,305,60
413,1023,0,296,1023,0,435,316,305,363,333,305,346,709,690,305,60
540,1023,0,289,1023,0,460,324,305,346,333,305,346,675,657,305,60
439,1023,0,292,1023,0,381,317,305,362,332,305,346,696,677,305,60
286,1023,0,242,1023,0,425,319,305,266,321,305,346,638,624,305,60
385,1023,0,175,1023,0,409,314,305,295,322,305,346,591,554,305,60
304,1023,0,212,1023,0,406,315,305,306,319,305,347,647,631,305,60
701,1023,0,433,1023,0,475,321,305,389,329,305,347,712,681,305,60
418,1023,0,208,1023,0,411,316,305,322,327,305,347,645,626,305,60
302,1023,0,176,1023,0,403,319,305,236,318,305,347,658,651,305,60
425,1023,0,231,1023,0,422,315,305,292,324,305,347,717,704,305,60
325,1023,0,322,1023,0,465,325,305,382,346,305,347,684,666,305,60
617,1023,0,497,1023,0,478,324,305,364,336,305,347,725,708,305,60
520,1023,0,301,1023,0,453,326,305,387,336,305,347,757,743,305,60
528,1023,0,469,1023,0,451,321,305,376,337,305,347,683,663,305,60
437,1023,0,245,1023,0,429,314,305,299,316,305,347,673,663,305,60
665,1023,0,345,1023,0,485,330,305,457,364,305,347,707,684,305,60
465,1023,0,286,1023,0,447,320,305,368,338,305,347,693,678,305,60
656,1023,0,413,1023,0,461,325,305,385,333,305,347,726,706,305,60
451,1023,0,325,1023,0,352,318,305,333,331,305,347,704,693,305,60
656,1023,0,276,1023,0,427,321,305,380,336,305,347,670,638,305,60
584,1023,0,283,1023,0,428,323,305,345,332,305,347,710,683,305,60
596,1023,0,400,1023,0,426,318,305,335,331,305,347,685,666,305,60
444,1023,0,262,1023,0,439,316,305,360,325,305,347,709,693,305,60
451,1023,0,260,1023,0,426,314,305,293,324,305,347,637,606,305,60
400,1023,0,313,1023,0,391,315,305,291,325,305,347,703,692,305,60
380,1023,0,280,1023,0,430,316,305,337,323,305,347,662,644,305,60
562,1023,0,306,1023,0,471,327,305,351,329,305,347,688,660,305,60
562,1023,0,323,1023,0,438,315,305,328,325,305,347,748,738,305,60
435,1023,0,398,1023,0,481,326,305,394,337,305,347,712,692,305,60
729,1023,0,304,1023,0,455,326,305,359,339,305,347,713,669,305,60
499,1023,0,292,1023,0,418,316,305,240,316,305,347,724,700,305,60
470,1023,0,297,1023,0,418,314,305,335,328,305,348,609,568,305,60
567,1023,0,322,1023,0,461,322,305,307,327,305,348,724,707,305,60
400,1023,0,269,1023,0,395,315,305,294,318,305,348,698,677,305,60
400,1023,0,252,1023,0,471,325,305,396,337,305,348,630,598,305,60
564,1023,0,377,1023,0,462,319,305,358,325,305,348,701,665,305,60
415,1023,0,215,1023,0,419,316,305,266,330,305,348,654,638,305,60
438,1023,0,202,1023,0,476,322,305,365,332,305,348,667,655,305,60
550,1023,0,260,1023,0,426,317,305,256,314,305,348,721,703,305,60
291,1023,0,190,1023,0,322,311,305,248,319,305,348,676,666,305,60
429,1023,0,262,1023,0,457,319,305,339,318,305,348,647,629,305,60
362,1023,0,184,1023,0,389,316,305,265,323,305,348,669,652,305,60
386,1023,0,419,1023,0,458,323,305,272,321,305,348,741,724,305,60
712,1023,0,511,1023,0,449,323,305,358,334,305,348,724,699,305,60
377,1023,0,222,1023,0,421,315,305,339,322,305,348,673,662,305,60
543,1023,0,211,1023,0,435,320,305,453,373,305,348,706,687,305,60
422,1023,0,295,1023,0,459,322,305,347,331,305,348,700,686,305,60
387,1023,0,108,748,0,394,314,305,294,313,305,348,585,570,305,60
313,1023,0,127,936,0,353,314,305,279,316,305,348,598,589,305,60
531,1023,0,296,1023,0,400,315,305,292,317,305,348,692,667,305,60
656,1023,0,337,1023,0,450,316,305,355,318,305,348,685,663,305,60
485,1023,0,338,1023,0,468,325,305,341,336,305,348,682,654,305,60
625,1023,0,318,1023,0,427,319,305,332,327,305,348,687,673,305,60
475,1023,0,348,1023,0,426,324,305,353,336,305,349,711,677,305,60
402,1023,0,229,1023,0,383,318,305,269,323,305,349,664,651,305,60
540,1023,0,528,1023,0,470,331,305,397,339,305,349,768,738,305,60
790,1023,0,471,1023,0,500,329,305,419,347,305,349,749,693,305,60
407,1023,0,173,1023,0,289,316,305,281,319,305,349,684,669,305,60
421,1023,0,168,1023,0,463,319,305,350,327,305,349,668,659,305,60
473,1023,0,248,1023,0,398,316,305,297,313,305,349,645,630,305,60
465,1023,0,287,1023,0,391,315,305,330,321,305,349,699,680,305,60
434,1023,0,248,1023,0,449,316,305,319,323,305,349,671,659,305,60
426,1023,0,252,1023,0,380,318,305,259,321,305,349,682,666,305,60
485,1023,0,203,1023,0,434,319,305,368,333,305,349,688,674,305,60
579,1023,0,456,1023,0,448,322,305,298,323,305,349,726,692,305,60
445,1023,0,258,1023,0,441,316,305,286,316,305,349,666,651,305,60
412,1023,0,179,1023,0,381,312,305,305,323,305,349,682,671,305,60
516,1023,0,350,1023,0,458,330,305,385,350,305,349,679,661,305,60
582,1023,0,395,1023,0,458,326,305,371,337,305,349,705,660,305,60
448,1023,0,421,1023,0,444,320,305,356,334,305,349,674,644,305,60
370,1023,0,270,1023,0,471,324,305,349,324,305,349,726,714,305,60
388,1023,0,206,1023,0,423,316,305,295,324,305,349,737,724,305,60
539,1023,0,404,1023,0,469,322,305,345,326,305,349,693,671,305,60
372,1023,0,163,1023,0,157,310,305,173,316,305,349,665,659,305,60
317,1023,0,109,879,0,388,313,305,429,363,305,349,378,345,305,60
729,1023,0,479,1023,0,511,320,305,394,323,305,350,772,703,305,60
435,1023,0,267,1023,0,481,325,305,374,339,305,350,691,675,305,60
661,1023,0,585,1023,0,477,325,305,390,339,305,350,715,630,305,60
384,1023,0,220,1023,0,417,317,305,276,323,305,350,614,594,305,60
347,1023,0,211,1023,0,374,313,305,199,316,305,350,624,612,305,60
504,1023,0,350,1023,0,464,322,305,352,329,305,350,767,756,305,60
462,1023,0,403,1023,0,458,322,305,385,336,305,350,700,686,305,60
332,1023,0,196,1023,0,412,322,305,326,329,305,350,570,559,305,60
504,1023,0,286,1023,0,454,319,305,323,328,305,350,643,625,305,60
544,1023,0,371,1023,0,467,323,305,350,337,305,350,732,714,305,70
522,1023,0,361,1023,0,469,316,305,314,326,305,350,699,674,305,70
333,1023,0,279,1023,0,479,329,305,408,342,305,350,717,697,305,70
349,1023,0,148,969,0,439,320,305,315,322,305,350,628,600,305,70
548,1023,0,367,1023,0,452,319,305,333,327,305,350,682,641,305,70
412,1023,0,226,1023,0,442,317,305,352,324,305,350,671,650,305,70
430,1023,0,222,1023,0,422,315,305,144,313,305,350,702,692,305,70
620,1023,0,386,1023,0,437,317,305,336,331,305,350,732,695,305,70
496,1023,0,233,1023,0,439,320,305,332,334,305,350,696,682,305,70
421,1023,0,278,1023,0,373,315,305,315,325,305,350,733,720,305,70
400,1023,0,205,1023,0,443,317,305,345,326,305,350,691,663,305,70
402,1023,0,186,1023,0,378,311,305,258,315,305,351,613,599,305,70
436,1023,0,194,1023,0,419,314,305,323,328,305,351,662,648,305,70
562,1023,0,377,1023,0,464,326,305,380,339,305,351,752,730,305,70
554,1023,0,249,1023,0,450,319,305,308,320,305,351,664,646,305,70
394,1023,0,193,1023,0,420,315,305,295,318,305,351,662,649,305,70
372,1023,0,176,1023,0,417,313,305,277,315,305,351,619,604,305,70
464,1023,0,349,1023,0,437,315,305,372,331,305,351,665,651,305,70
487,1023,0,431,1023,0,449,320,305,364,333,305,351,716,693,305,70
521,1023,0,265,1023,0,424,315,305,324,329,305,351,694,683,305,70
526,1023,0,186,1023,0,423,315,305,338,324,305,351,680,666,305,70
419,1023,0,243,1023,0,433,323,305,347,327,305,351,674,661,305,70
473,1023,0,393,1023,0,475,323,305,394,338,305,351,736,715,305,70
370,1023,0,252,1023,0,453,320,305,277,322,305,351,666,654,305,70
530,1023,0,218,1023,0,446,324,305,341,323,305,351,649,625,305,70
456,1023,0,272,1023,0,404,315,305,282,320,305,351,668,660,305,70
339,1023,0,155,1023,0,442,318,305,288,316,305,351,590,577,305,70
319,1023,0,149,1023,0,430,320,305,320,326,305,351,626,612,305,70
411,1023,0,345,1023,0,409,317,305,280,319,305,351,685,662,305,70
382,1023,0,218,1023,0,406,318,305,301,325,305,351,682,667,305,70
683,1023,0,330,1023,0,453,319,305,312,320,305,351,720,649,305,70
390,1023,0,216,1023,0,443,319,305,290,319,305,351,669,657,305,70
516,1023,0,378,1023,0,458,323,305,402,342,305,351,738,723,305,70
320,1023,0,149,1023,0,415,318,305,297,320,305,351,627,615,305,70
342,1023,0,180,1023,0,445,322,305,334,329,305,352,721,711,305,70
418,1023,0,251,1023,0,445,319,305,211,315,305,352,698,679,305,70
368,1023,0,200,1023,0,416,315,305,276,320,305,352,694,681,305,70
512,1023,0,300,1023,0,404,321,305,363,332,305,352,645,629,305,70
524,1023,0,279,1023,0,441,323,305,328,330,305,352,682,646,305,70
476,1023,0,254,1023,0,455,317,305,335,322,305,352,687,660,305,70
483,1023,0,284,1023,0,450,318,305,325,326,305,352,701,668,305,70
501,1023,0,199,1023,0,448,322,305,295,322,305,352,661,644,305,70
609,1023,0,555,1023,0,449,321,305,399,342,305,352,723,661,305,70
472,1023,0,441,1023,0,467,325,305,362,336,305,352,646,631,305,70
412,1023,0,344,1023,0,477,323,305,321,320,305,352,684,656,305,70
538,1023,0,185,987,0,421,315,305,196,311,305,352,617,600,305,70
452,1023,0,258,1023,0,440,318,305,339,327,305,352,684,671,305,70
381,1023,0,360,1023,0,459,327,305,376,335,305,352,719,705,305,70
595,1023,0,311,1023,0,425,323,305,338,328,305,352,705,682,305,70
434,1023,0,233,1023,0,468,319,305,331,325,305,352,629,610,305,70
642,1023,0,206,1023,0,447,319,305,367,328,305,352,692,664,305,70
280,1023,0,201,1023,0,457,323,305,336,329,305,352,659,647,305,70
494,1023,0,290,1023,0,447,317,305,240,316,305,352,734,717,305,70
315,1023,0,179,1023,0,442,317,305,303,318,305,352,651,634,305,70
444,1023,0,228,1023,0,344,313,305,306,315,305,352,670,658,305,70
329,1023,0,162,1023,0,365,316,305,206,313,305,352,660,643,305,70
442,1023,0,188,1023,0,364,312,305,274,313,305,352,635,618,305,70
392,1023,0,244,1023,0,498,322,305,432,333,305,353,677,652,305,70
268,1023,0,261,1023,0,446,320,305,271,317,305,353,720,713,305,70
419,1023,0,187,1023,0,433,317,305,280,321,305,353,637,612,305,70
467,1023,0,258,1023,0,432,314,305,327,321,305,353,685,647,305,70
328,1023,0,233,1023,0,461,319,305,339,332,305,353,680,663,305,70
476,1023,0,426,1023,0,452,318,305,333,322,305,353,714,709,305,70
390,1023,0,217,1023,0,394,320,305,284,321,305,353,633,599,305,70
318,1023,0,249,1023,0,433,315,305,313,320,305,353,720,708,305,70
406,1023,0,364,1023,0,496,337,305,369,333,305,353,677,655,305,70
323,1023,0,355,1023,0,443,323,305,349,329,305,353,707,690,305,70
425,1023,0,226,1023,0,421,316,305,366,332,305,353,713,697,305,70
488,1023,0,389,1023,0,508,330,305,406,336,305,353,699,675,305,70
346,1023,0,184,1023,0,462,317,305,358,326,305,353,651,635,305,70
656,1023,0,395,1023,0,495,332,305,392,339,305,353,713,657,305,70
714,1023,0,496,1023,0,488,319,305,408,326,305,353,763,704,305,70
447,1023,0,381,1023,0,459,324,305,369,335,305,353,706,692,305,70
424,1023,0,213,1023,0,440,317,305,257,314,305,353,613,592,305,70
479,1023,0,375,1023,0,446,320,305,360,333,305,353,663,641,305,70
450,1023,0,249,1023,0,324,311,305,309,317,305,353,649,627,305,70
278,1023,0,148,1023,0,377,315,305,208,316,305,353,692,680,305,70
705,1023,0,345,1023,0,432,316,305,339,334,305,353,745,710,305,70
596,1023,0,360,1023,0,486,327,305,389,337,305,354,757,715,305,70
431,1023,0,185,1023,0,423,312,305,345,324,305,354,677,662,305,70
362,1023,0,288,1023,0,423,315,305,315,321,305,354,716,705,305,70
718,1023,0,396,1023,0,459,323,305,358,331,305,354,770,709,305,70
412,1023,0,287,1023,0,435,324,305,347,334,305,354,694,680,305,70
651,1023,0,386,1023,0,467,324,305,362,331,305,354,729,703,305,70
368,1023,0,329,1023,0,454,324,305,362,335,305,354,734,723,305,70
498,1023,0,224,1023,0,424,313,305,287,320,305,354,675,643,305,70
403,1023,0,175,1023,0,398,313,305,302,318,305,354,671,655,305,70
444,1023,0,211,1023,0,457,323,305,332,321,305,354,626,610,305,70
465,1023,0,267,1023,0,448,323,305,338,336,305,354,661,650,305,70
582,1023,0,314,1023,0,430,320,305,341,325,305,354,726,705,305,70
446,1023,0,294,1023,0,410,315,305,305,323,305,354,694,672,305,70
842,1023,0,440,1023,0,478,328,305,385,331,305,354,707,651,305,70
476,1023,0,245,1023,0,384,316,305,296,324,305,354,713,685,305,70
500,1023,0,350,1023,0,440,318,305,342,325,305,354,709,687,305,70
525,1023,0,366,1023,0,446,318,305,344,330,305,354,669,639,305,70
377,1023,0,166,1023,0,347,312,305,326,323,305,354,613,596,305,70
377,1023,0,194,1023,0,440,316,305,307,320,305,354,633,612,305,70
355,1023,0,177,1023,0,392,314,305,285,319,305,354,601,598,305,70
514,1023,0,358,1023,0,446,315,305,317,327,305,354,740,730,305,70
441,1023,0,227,1023,0,433,315,305,314,320,305,354,639,624,305,70
480,1023,0,263,1023,0,454,315,305,282,317,305,354,666,644,305,70
436,1023,0,195,1023,0,418,320,305,346,329,305,354,632,621,305,70
468,1023,0,370,1023,0,463,323,305,362,326,305,355,643,621,305,70
815,1023,0,480,1023,0,492,325,305,452,351,305,355,769,709,305,70
372,1023,0,223,1023,0,423,316,305,339,325,305,355,673,643,305,70
433,1023,0,302,1023,0,424,320,305,327,325,305,355,550,522,305,70
387,1023,0,136,847,0,374,311,305,221,316,305,355,641,621,305,70
360,1023,0,208,1023,0,430,325,305,290,321,305,355,630,611,305,70
499,1023,0,221,1023,0,428,315,305,328,321,305,355,645,632,305,70
449,1023,0,244,1023,0,438,318,305,316,324,305,355,720,711,305,70
842,1023,0,446,1023,0,506,340,305,451,364,305,355,744,689,305,70
339,1023,0,150,1023,0,0,312,305,270,319,305,355,620,608,305,70
624,1023,0,324,1023,0,437,317,305,283,319,305,355,683,657,305,70
438,1023,0,440,1023,0,466,325,305,346,333,305,355,772,754,305,70
410,1023,0,184,1023,0,420,322,305,229,322,305,355,611,590,305,70
458,1023,0,356,1023,0,435,322,305,354,334,305,355,755,726,305,70
833,1023,0,428,1023,0,511,324,305,394,328,305,355,712,625,305,70
455,1023,0,419,1023,0,481,331,305,373,345,305,355,730,724,305,70
528,1023,0,284,1023,0,452,326,305,381,334,305,355,694,683,305,70
392,1023,0,225,1023,0,423,317,305,290,321,305,355,600,582,305,70
558,1023,0,298,1023,0,417,321,305,342,322,305,355,688,669,305,70
602,1023,0,434,1023,0,475,329,305,369,331,305,355,720,708,305,70
466,1023,0,397,1023,0,453,321,305,291,329,305,355,694,681,305,70
480,1023,0,249,1023,0,455,318,305,321,325,305,355,677,662,305,70
644,1023,0,601,1023,0,458,321,305,370,330,305,356,739,724,305,70
626,1023,0,329,1023,0,465,320,305,388,335,305,356,704,680,305,70
378,1023,0,182,1023,0,445,318,305,288,318,305,356,622,608,305,70
776,1023,0,412,1023,0,475,321,305,320,329,305,356,735,665,305,70
515,1023,0,248,1023,0,412,313,305,203,318,305,356,675,658,305,70
704,1023,0,601,1023,0,477,327,305,377,328,305,356,740,700,305,70
484,1023,0,144,768,0,464,321,305,380,329,305,356,700,690,305,70
542,1023,0,369,1023,0,473,325,305,356,326,305,356,654,628,305,70
576,1023,0,444,1023,0,474,319,305,337,324,305,356,748,716,305,70
479,1023,0,329,1023,0,438,317,305,361,323,305,356,707,691,305,70
509,1023,0,280,1023,0,446,316,305,290,316,305,356,706,682,305,70
520,1023,0,196,1023,0,456,317,305,301,324,305,356,678,640,305,70
478,1023,0,283,1023,0,417,316,305,307,326,305,356,696,684,305,80
571,1023,0,340,1023,0,470,327,305,352,338,305,356,751,729,305,80
383,1023,0,222,1023,0,317,311,305,235,323,305,356,638,614,305,80
352,1023,0,231,1023,0,422,316,305,290,319,305,356,668,657,305,80
481,1023,0,416,1023,0,494,333,305,413,347,305,356,692,676,305,80
367,1023,0,237,1023,0,412,316,305,328,324,305,356,678,660,305,80
418,1023,0,244,1023,0,419,319,305,343,333,305,356,668,657,305,80
728,1023,0,591,1023,0,492,325,305,407,340,305,357,704,681,305,80
292,1023,0,137,1019,0,455,321,305,332,318,305,357,655,646,305,80
436,1023,0,225,1023,0,382,313,305,279,318,305,357,716,703,305,80
527,1023,0,362,1023,0,471,324,305,367,331,305,357,723,708,305,80
730,1023,0,449,1023,0,482,323,305,360,330,305,357,703,637,305,80
469,1023,0,365,1023,0,492,328,305,389,334,305,357,708,694,305,80
242,1023,0,158,1023,0,387,310,305,288,313,305,357,619,613,305,80
781,1023,0,434,1023,0,496,329,305,417,343,305,357,734,684,305,80
548,1023,0,228,1023,0,458,319,305,303,322,305,357,698,675,305,80
412,1023,0,233,1023,0,416,320,305,282,316,305,357,617,594,305,80
425,1023,0,253,1023,0,422,315,305,318,329,305,357,689,670,305,80
386,1023,0,196,1023,0,406,319,305,275,321,305,357,651,619,305,80
405,1023,0,234,1023,0,381,315,305,338,328,305,357,659,639,305,80
623,1023,0,354,1023,0,437,315,305,345,324,305,357,682,664,305,80
456,1023,0,254,1023,0,430,322,305,326,325,305,357,641,630,305,80
342,1023,0,246,1023,0,448,320,305,345,328,305,357,669,652,305,80
377,1023,0,235,1023,0,401,320,305,324,324,305,357,694,687,305,80
556,1023,0,201,1023,0,422,319,305,342,327,305,357,690,662,305,80
490,1023,0,265,1023,0,448,321,305,334,327,305,357,686,665,305,80
382,1023,0,230,1023,0,427,326,305,348,333,305,357,669,660,305,80
622,1023,0,382,1023,0,455,320,305,318,328,305,357,724,702,305,80
414,1023,0,209,1023,0,437,317,305,294,320,305,357,664,648,305,80
442,1023,0,387,1023,0,468,326,305,404,348,305,357,739,727,305,80
443,1023,0,355,1023,0,450,318,305,311,318,305,357,697,681,305,80
428,1023,0,255,1023,0,443,318,305,319,325,305,358,665,649,305,80
502,1023,0,295,1023,0,474,328,305,379,346,305,358,665,643,305,80
620,1023,0,353,1023,0,484,329,305,374,339,305,358,714,692,305,80
702,1023,0,326,1023,0,455,321,305,353,330,305,358,701,676,305,80
628,1023,0,431,1023,0,500,329,305,454,361,305,358,738,710,305,80
623,1023,0,315,1023,0,444,321,305,380,338,305,358,700,681,305,80
534,1023,0,229,1023,0,408,316,305,281,318,305,358,674,665,305,80
370,1023,0,174,1023,0,377,314,305,313,318,305,358,618,611,305,80
574,1023,0,280,1023,0,471,324,305,378,339,305,358,718,695,305,80
443,1023,0,218,1023,0,379,312,305,251,314,305,358,670,650,305,80
509,1023,0,201,1023,0,446,316,305,256,316,305,358,682,670,305,80
500,1023,0,240,1023,0,502,338,305,344,332,305,358,718,707,305,80
349,1023,0,247,1023,0,448,316,305,370,322,305,358,720,706,305,80
367,1023,0,152,1018,0,0,313,305,264,315,305,358,650,642,305,80
379,1023,0,204,1023,0,403,319,305,287,317,305,358,681,670,305,80
561,1023,0,413,1023,0,457,320,305,321,326,305,358,734,680,305,80
510,1023,0,423,1023,0,493,330,305,374,331,305,359,697,674,305,80
463,1023,0,219,1023,0,419,318,305,276,325,305,359,648,635,305,80
457,1023,0,283,1023,0,451,320,305,329,329,305,359,701,691,305,80
500,1023,0,244,1023,0,435,316,305,315,319,305,359,608,580,305,80
622,1023,0,237,1023,0,469,320,305,306,321,305,359,688,641,305,80
538,1023,0,208,1023,0,437,317,305,297,323,305,359,666,637,305,80
419,1023,0,267,1023,0,433,313,305,309,326,305,359,679,671,305,80
571,1023,0,340,1023,0,462,321,305,365,334,305,359,705,688,305,80
465,1023,0,288,1023,0,481,325,305,391,337,305,359,636,597,305,80
564,1023,0,223,1023,0,436,316,305,315,322,305,359,682,667,305,80
737,1023,0,413,1023,0,481,329,305,397,342,305,359,791,763,305,80
427,993,0,221,1005,0,402,314,305,304,318,305,359,700,685,305,80
568,1023,0,298,1023,0,434,318,305,359,341,305,359,731,718,305,80
427,1023,0,241,1023,0,391,313,305,308,326,305,359,556,535,305,80
458,1023,0,195,1023,0,446,320,305,287,317,305,359,676,661,305,80
363,1023,0,201,1023,0,424,315,305,311,317,305,359,669,661,305,80
725,1023,0,273,1023,0,443,322,305,344,334,305,359,665,640,305,80
570,1023,0,272,1023,0,458,323,305,365,324,305,359,644,626,305,80
480,1023,0,205,1023,0,422,318,305,209,319,305,359,724,707,305,80
618,1023,0,318,1023,0,475,326,305,419,350,305,359,694,660,305,80
340,1023,0,200,1023,0,395,324,305,321,328,305,359,709,699,305,80
448,1023,0,252,1023,0,403,314,305,315,324,305,360,680,667,305,80
424,1023,0,229,1023,0,377,316,305,377,339,305,360,682,672,305,80
540,1023,0,270,1023,0,444,316,305,339,325,305,360,719,695,305,80
380,1023,0,244,1023,0,467,315,305,343,327,305,360,679,664,305,80
520,1023,0,289,1023,0,482,325,305,386,333,305,360,711,679,305,80
635,1023,0,318,1023,0,426,324,305,358,331,305,360,714,698,305,80
433,1023,0,221,1023,0,416,316,305,299,327,305,360,673,658,305,80
531,1023,0,283,1023,0,435,316,305,345,324,305,360,687,663,305,80
497,1023,0,249,1023,0,460,323,305,349,330,305,360,706,692,305,80
412,1023,0,216,1023,0,449,325,305,343,324,305,360,688,674,305,90
398,1023,0,297,1023,0,430,317,305,278,316,305,360,722,706,305,90
469,1023,0,279,1023,0,462,324,305,336,324,305,360,766,747,305,90
488,1023,0,365,1023,0,430,315,305,277,322,305,360,679,665,305,90
679,1023,0,314,1023,0,480,322,305,365,333,305,360,621,583,305,90
528,1023,0,277,1023,0,445,321,305,306,319,305,360,704,692,305,90
447,1023,0,207,1023,0,398,317,305,347,326,305,360,680,652,305,90
586,1023,0,324,1023,0,463,320,305,291,323,305,360,700,669,305,90
737,1023,0,317,1023,0,466,321,305,371,340,305,361,722,699,305,90
844,1023,0,474,1023,0,471,323,305,354,323,305,361,705,646,305,90
731,1023,0,344,1023,0,469,321,305,354,329,305,361,741,723,305,90
407,1023,0,207,1023,0,460,318,305,352,321,305,361,644,628,305,90
400,1023,0,276,1023,0,439,320,305,373,329,305,361,681,661,305,90
576,1023,0,187,951,0,443,317,305,373,333,305,361,622,595,305,90
313,1023,0,225,1023,0,401,320,305,324,321,305,361,654,639,305,90
418,1023,0,313,1023,0,433,316,305,356,323,305,361,707,683,305,90
552,1023,0,192,1023,0,437,320,305,350,328,305,361,686,668,305,90
385,1023,0,218,1023,0,530,328,305,461,344,305,361,691,660,305,90
659,1023,0,377,1023,0,559,339,305,495,348,305,361,745,699,305,90
533,1023,0,402,1023,0,379,315,305,259,324,305,361,733,677,305,90
461,1023,0,188,938,0,427,314,305,340,316,305,361,607,582,305,90
481,1023,0,177,925,0,423,317,305,236,321,305,361,697,675,305,90
529,1023,0,201,984,0,475,319,305,343,315,305,361,635,606,305,90
750,1023,0,541,1023,0,508,328,305,416,331,305,361,836,784,305,90
376,1023,0,383,1023,0,495,326,305,414,335,305,361,722,699,305,90
628,1023,0,233,1023,0,543,335,305,469,342,305,361,704,671,305,90
462,1023,0,294,1023,0,492,321,305,362,324,305,361,699,664,305,90
338,1023,0,239,1023,0,463,321,305,338,325,305,362,726,714,305,90
314,982,0,179,1023,0,422,316,305,276,316,305,362,687,663,305,90
601,1023,0,400,1023,0,462,321,305,381,340,305,362,755,723,305,90
487,1023,0,409,1023,0,443,319,305,343,332,305,362,689,672,305,90
637,1023,0,425,1023,0,454,322,305,376,327,305,362,783,690,305,90
466,1023,0,296,1023,0,415,314,305,349,321,305,362,674,646,305,90
481,1023,0,228,1023,0,402,316,305,316,328,305,362,690,665,305,90
500,1023,0,255,1023,0,417,315,305,352,328,305,362,687,664,305,90
410,1023,0,201,1023,0,397,316,305,296,324,305,362,696,664,305,90
557,1023,0,392,1023,0,430,318,305,321,327,305,362,711,690,305,90
284,1023,0,205,1023,0,362,316,305,0,307,305,362,733,725,305,90
384,1023,0,232,1023,0,431,315,305,347,326,305,362,710,700,305,90
474,1023,0,257,1023,0,0,311,305,312,313,305,363,689,669,305,90
345,1023,0,331,1023,0,471,318,305,362,319,305,363,715,698,305,90
437,1023,0,119,788,0,387,313,305,343,318,305,363,626,607,305,90
525,1023,0,267,1023,0,445,318,305,337,329,305,363,655,640,305,90
589,1023,0,285,1023,0,412,317,305,313,324,305,363,694,655,305,90
391,1023,0,231,1023,0,427,316,305,284,320,305,363,648,636,305,90
348,1023,0,255,1023,0,463,326,305,357,335,305,363,694,679,305,90
330,1023,0,223,1023,0,430,316,305,269,319,305,363,653,637,305,90
444,1023,0,303,1023,0,444,321,305,338,323,305,363,693,680,305,90
634,1023,0,265,1023,0,480,324,305,324,324,305,363,751,741,305,90
522,1023,0,366,1023,0,453,321,305,343,328,305,363,748,732,305,90
395,1023,0,192,1023,0,373,315,305,185,314,305,363,659,638,305,90
487,1023,0,356,1023,0,445,317,305,360,332,305,363,724,710,305,90
352,1023,0,235,1023,0,405,313,305,321,325,305,363,724,713,305,90
513,1023,0,544,1023,0,455,321,305,386,332,305,363,747,732,305,90
662,1023,0,401,1023,0,485,323,305,388,330,305,363,709,639,305,90
339,1023,0,174,1023,0,421,316,305,306,320,305,363,614,597,305,90
388,1023,0,255,1023,0,352,316,305,265,317,305,363,691,681,305,90
480,1023,0,178,946,0,424,315,305,15,311,305,363,666,640,305,90
463,1023,0,213,1023,0,445,316,305,359,330,305,363,637,632,305,90
511,1023,0,450,1023,0,484,320,305,336,327,305,363,704,679,305,90
463,1023,0,391,1023,0,425,316,305,307,324,305,363,722,710,305,90
480,1023,0,319,1023,0,457,323,305,309,329,305,364,650,632,305,90
381,1023,0,298,1023,0,452,318,305,368,328,305,364,677,651,305,90
390,1023,0,227,1023,0,455,317,305,350,328,305,364,701,690,305,90
642,1023,0,325,1023,0,456,318,305,380,325,305,364,743,683,305,90
400,1023,0,299,1023,0,417,317,305,339,325,305,364,563,538,305,90
386,1023,0,247,1023,0,416,316,305,340,329,305,364,681,669,305,90
392,1023,0,263,1023,0,438,317,305,359,331,305,364,641,625,305,90
462,1023,0,225,1023,0,453,324,305,338,322,305,364,618,589,305,90
389,1023,0,190,1023,0,431,316,305,346,325,305,364,695,663,305,90
481,1023,0,302,1023,0,457,326,305,379,336,305,364,710,699,305,90
241,860,0,180,1023,0,446,319,305,337,329,305,364,682,661,305,90
556,1023,0,469,1023,0,494,331,305,380,332,305,364,770,754,305,90
309,1023,0,135,928,0,445,315,305,210,314,305,364,622,605,305,90
303,1023,0,173,1023,0,416,319,305,252,316,305,364,623,611,305,90
562,1023,0,224,1023,0,435,315,305,321,323,305,364,651,612,305,90
354,1023,0,125,723,0,438,317,305,335,325,305,364,666,645,305,90
519,1023,0,302,1023,0,400,317,305,329,324,305,364,698,680,305,90
482,1023,0,322,1023,0,434,319,305,369,341,305,364,709,698,305,90
457,1023,0,165,976,0,422,322,305,316,330,305,364,645,627,305,90
445,1023,0,192,1023,0,433,317,305,329,324,305,364,662,651,305,90
330,1023,0,246,1023,0,429,315,305,337,322,305,364,670,655,305,90
428,1023,0,393,1023,0,453,318,305,377,330,305,365,657,642,305,90
481,1023,0,322,1023,0,445,324,305,367,332,305,365,716,702,305,90
355,1023,0,211,1023,0,372,311,305,317,325,305,365,675,644,305,90
262,984,0,183,1023,0,497,346,305,479,408,305,365,385,369,305,90
605,1023,0,403,1023,0,459,320,305,340,328,305,365,701,685,305,90
705,1023,0,311,1023,0,424,314,305,301,323,305,365,718,690,305,90
527,1023,0,270,1023,0,431,319,305,354,327,305,365,688,669,305,90
614,1023,0,281,1023,0,480,324,305,351,326,305,365,707,688,305,90
498,1023,0,244,1023,0,410,313,305,267,318,305,365,732,722,305,90
352,1023,0,202,1023,0,419,313,305,268,314,305,365,698,684,305,90
428,1023,0,243,1023,0,463,318,305,326,331,305,365,734,725,305,90
596,1023,0,336,1023,0,458,322,305,344,332,305,365,717,695,305,90
367,1023,0,190,1023,0,434,317,305,339,330,305,365,533,506,305,90
526,1023,0,186,1023,0,406,318,305,312,325,305,365,684,663,305,90
603,1023,0,375,1023,0,483,321,305,358,331,305,365,739,723,305,90
476,1023,0,274,1023,0,377,315,305,293,319,305,365,705,680,305,90
408,1023,0,242,1023,0,413,318,305,254,316,305,365,659,643,305,90
344,1023,0,211,1023,0,422,317,305,344,329,305,365,640,623,305,90
273,1023,0,153,1023,0,462,327,305,332,331,305,365,657,645,305,90
337,1023,0,192,1023,0,419,313,305,349,326,305,365,691,682,305,90
501,1023,0,228,1023,0,349,311,305,245,317,305,365,692,681,305,90
365,1023,0,175,1023,0,340,316,305,205,318,305,365,668,658,305,90
444,1023,0,227,1023,0,407,317,305,326,322,305,366,685,671,305,90
685,1023,0,425,1023,0,471,322,305,352,326,305,366,749,688,305,90
390,1023,0,160,1023,0,426,314,305,286,315,305,366,667,652,305,90
632,1023,0,352,1023,0,464,324,305,380,330,305,366,685,666,305,90
631,1023,0,518,1023,0,483,320,305,386,332,305,366,689,667,305,90
254,1007,0,170,1023,0,403,314,305,235,315,305,366,595,581,305,90
532,1023,0,296,1023,0,447,319,305,340,319,305,366,685,654,305,90
485,1023,0,284,1023,0,423,316,305,336,325,305,366,708,695,305,90
439,1023,0,315,1023,0,435,314,305,276,324,305,366,698,681,305,90
443,1023,0,311,1023,0,408,317,305,288,325,305,366,659,643,305,90
428,1023,0,273,1023,0,377,315,305,152,312,305,366,690,680,305,90
471,1023,0,188,1023,0,411,324,305,359,336,305,366,706,692,305,90
417,1023,0,252,1023,0,428,316,305,226,323,305,366,670,656,305,90
530,1023,0,273,1023,0,467,319,305,325,327,305,366,708,685,305,90
355,1023,0,240,1023,0,453,315,305,317,314,305,366,678,670,305,90
456,1023,0,367,1023,0,470,322,305,398,343,305,366,731,721,305,90
713,1023,0,596,1023,0,477,322,305,408,339,305,366,751,678,305,90
657,1023,0,370,1023,0,481,321,305,363,322,305,366,747,682,305,90
461,1023,0,269,1023,0,412,313,305,141,314,305,366,661,650,305,90
406,1023,0,209,1023,0,447,320,305,408,352,305,366,675,655,305,90
489,1023,0,250,1023,0,446,314,305,305,324,305,366,733,717,305,90
380,1023,0,147,995,0,366,316,305,237,313,305,366,652,641,305,90
770,1023,0,502,1023,0,472,326,305,380,327,305,366,712,625,305,90
520,1023,0,235,1023,0,474,323,305,365,330,305,366,700,676,305,90
519,1023,0,303,1023,0,450,324,305,325,326,305,366,697,674,305,90
451,1023,0,259,1023,0,397,317,305,322,318,305,367,673,663,305,90
382,1023,0,223,1023,0,407,318,305,294,323,305,367,689,676,305,90
317,1023,0,182,1023,0,383,318,305,287,328,305,367,634,623,305,90
367,1023,0,212,1023,0,347,315,305,277,321,305,367,649,629,305,90
420,1023,0,154,1018,0,388,313,305,242,319,305,367,638,630,305,90
669,1023,0,310,1023,0,445,316,305,348,318,305,367,661,590,305,90
592,1023,0,379,1023,0,438,320,305,329,323,305,367,677,642,305,90
440,1023,0,241,1023,0,418,315,305,314,318,305,367,711,698,305,90
477,1023,0,282,1023,0,426,317,305,351,333,305,367,666,652,305,90
648,1023,0,309,1023,0,475,326,305,360,328,305,367,649,615,305,90
378,1023,0,150,975,0,392,311,305,315,319,305,367,659,632,305,90
426,1023,0,161,1023,0,422,316,305,307,322,305,367,671,655,305,90
392,1023,0,187,1023,0,420,316,305,154,311,305,367,649,636,305,90
496,1023,0,312,1023,0,444,318,305,414,352,305,367,647,622,305,90
462,1023,0,259,1023,0,425,323,305,273,327,305,367,704,697,305,90
282,1023,0,118,953,0,427,315,305,195,315,305,367,559,550,305,90
391,1023,0,319,1023,0,442,319,305,331,323,305,367,702,689,305,90
466,1023,0,264,1023,0,448,320,305,373,331,305,367,672,656,305,90
387,1023,0,236,1023,0,444,317,305,270,314,305,367,677,660,305,90
583,1023,0,321,1023,0,456,322,305,350,325,305,367,637,598,305,90
481,1023,0,234,1023,0,423,320,305,327,323,305,367,624,607,305,90
474,1023,0,290,1023,0,382,315,305,289,317,305,367,693,678,305,90
539,1023,0,320,1023,0,475,321,305,401,327,305,368,674,627,305,90
653,1023,0,485,1023,0,538,347,305,459,372,305,368,761,735,305,90
647,1023,0,413,1023,0,475,330,305,382,346,305,368,789,776,305,90
542,1023,0,375,1023,0,446,317,305,302,318,305,368,653,623,305,90
524,1023,0,221,1023,0,454,320,305,359,325,305,368,651,634,305,100
464,1023,0,354,1023,0,409,322,305,331,332,305,368,740,731,305,100
596,1023,0,237,1023,0,430,315,305,316,323,305,368,661,647,305,100
594,1023,0,275,1023,0,424,312,305,348,328,305,368,697,672,305,100
630,1023,0,260,1023,0,488,322,305,397,333,305,368,711,682,305,100
529,1023,0,213,1023,0,428,316,305,322,320,305,368,696,674,305,100
361,1023,0,179,1023,0,399,312,305,271,313,305,368,646,628,305,100
311,1023,0,159,1023,0,443,316,305,259,315,305,368,602,583,305,100
398,1023,0,194,1023,0,0,310,305,272,318,305,368,657,643,305,100
368,1023,0,111,729,0,354,311,305,305,317,305,368,632,616,305,100
433,1023,0,293,1023,0,445,319,305,332,332,305,368,741,725,305,100
571,1023,0,295,1023,0,466,321,305,386,329,305,368,699,675,305,100
410,1023,0,246,1023,0,429,316,305,263,321,305,368,644,630,305,100
521,1023,0,304,1023,0,451,319,305,365,333,305,368,746,731,305,100
336,1023,0,294,1023,0,459,327,305,350,330,305,368,668,651,305,100
418,1023,0,169,1023,0,429,322,305,321,328,305,369,652,639,305,100
322,1023,0,234,1023,0,332,316,305,269,322,305,369,656,650,305,100
358,1023,0,159,1023,0,418,314,305,290,319,305,369,653,633,305,100
392,1023,0,152,933,0,420,313,305,304,322,305,369,646,617,305,100
529,1023,0,331,1023,0,454,324,305,357,337,305,369,727,711,305,100
502,1023,0,275,1023,0,451,322,305,335,328,305,369,703,689,305,100
415,1023,0,197,1023,0,445,316,305,303,318,305,369,683,670,305,100
426,1023,0,348,1023,0,445,319,305,402,351,305,369,696,671,305,100
404,1023,0,249,1023,0,416,317,305,263,318,305,369,709,695,305,100
343,1023,0,160,1023,0,387,314,305,267,319,305,369,617,604,305,100
438,1023,0,337,1023,0,439,323,305,285,321,305,369,661,638,305,100
555,1023,0,404,1023,0,423,321,305,312,325,305,369,721,701,305,100
353,1023,0,239,1023,0,420,317,305,347,328,305,369,654,637,305,100
366,1023,0,235,1023,0,429,321,305,312,325,305,369,681,667,305,100
456,1023,0,261,1023,0,442,318,305,280,321,305,369,679,665,305,100
350,1023,0,194,1023,0,368,314,305,321,316,305,369,698,686,305,100
522,1023,0,391,1023,0,463,318,305,361,331,305,369,748,728,305,100
379,1023,0,244,1023,0,400,315,305,267,325,305,369,679,649,305,100
778,1023,0,440,1023,0,446,323,305,340,334,305,369,681,649,305,100
518,1023,0,316,1023,0,460,318,305,306,325,305,369,725,695,305,100
605,1023,0,396,1023,0,445,319,305,351,330,305,369,758,723,305,100
466,1023,0,177,1023,0,408,311,305,283,315,305,369,639,615,305,100
479,1023,0,278,1023,0,469,326,305,328,328,305,370,670,655,305,100
468,1023,0,200,1023,0,400,310,305,291,315,305,370,636,621,305,100
448,1023,0,226,1023,0,436,319,305,286,321,305,370,705,681,305,100
632,1023,0,422,1023,0,491,328,305,386,334,305,370,717,702,305,100
472,1023,0,195,1023,0,413,321,305,236,322,305,370,649,629,305,100
484,1023,0,256,1023,0,419,319,305,356,333,305,370,679,664,305,100
593,1023,0,270,1023,0,461,315,305,349,326,305,370,713,689,305,100
598,1023,0,303,1023,0,468,326,305,319,327,305,370,706,673,305,100
548,1023,0,258,1023,0,0,314,305,302,321,305,370,675,658,305,100
495,1023,0,235,1023,0,410,321,305,317,323,305,370,710,682,305,100
391,1023,0,289,1023,0,441,315,305,329,322,305,370,636,619,305,100
448,1023,0,337,1023,0,436,318,305,385,337,305,370,674,656,305,100
396,1023,0,132,946,0,401,312,305,308,318,305,370,595,576,305,100
369,1023,0,252,1023,0,471,323,305,345,320,305,370,670,653,305,100
773,1023,0,449,1023,0,496,324,305,407,330,305,370,738,675,305,100
600,1023,0,272,1023,0,449,318,305,313,321,305,370,700,674,305,100
514,1023,0,369,1023,0,447,316,305,300,321,305,370,617,547,305,100
645,1023,0,346,1023,0,451,327,305,372,327,305,370,718,694,305,100
534,1023,0,262,1023,0,460,322,305,345,328,305,370,664,650,305,100
541,1023,0,249,1023,0,427,312,305,344,326,305,370,698,677,305,100
368,1023,0,187,1023,0,413,316,305,307,327,305,370,675,662,305,100
541,1023,0,561,1023,0,486,331,305,396,348,305,370,742,717,305,100
426,1023,0,329,1023,0,437,325,305,330,330,305,370,700,685,305,100
318,1023,0,165,1023,0,401,315,305,266,315,305,370,693,679,305,100
410,1023,0,339,1023,0,451,317,305,337,328,305,371,664,646,305,100
446,1023,0,179,1023,0,466,317,305,347,331,305,371,667,641,305,100
347,1023,0,189,1023,0,395,315,305,331,321,305,371,674,658,305,100
344,1023,0,181,1023,0,0,312,305,176,312,305,371,604,585,305,100
614,1023,0,475,1023,0,481,332,305,392,344,305,371,736,713,305,100
488,1023,0,332,1023,0,409,316,305,295,324,305,371,670,650,305,100
426,1023,0,258,1023,0,454,323,305,365,330,305,371,678,657,305,100
464,1023,0,181,1023,0,448,314,305,228,317,305,371,727,714,305,100
594,1023,0,361,1023,0,447,317,305,338,327,305,371,682,651,305,100
407,1023,0,201,1023,0,426,316,305,235,321,305,371,659,638,305,100
489,1023,0,224,1023,0,420,314,305,326,330,305,371,715,703,305,100
459,1023,0,309,1023,0,436,316,305,320,324,305,371,664,650,305,100
499,1023,0,208,1023,0,455,317,305,362,334,305,371,642,628,305,100
528,1023,0,323,1023,0,463,326,305,345,328,305,371,664,645,305,100
343,1023,0,177,1023,0,448,319,305,345,323,305,371,662,637,305,100
580,1023,0,300,1023,0,475,324,305,397,344,305,371,682,658,305,100
629,1023,0,327,1023,0,444,318,305,290,319,305,371,635,607,305,100
460,1023,0,416,1023,0,473,322,305,396,343,305,372,778,769,305,100
541,1023,0,393,1023,0,435,327,305,419,363,305,372,715,686,305,100
802,1023,0,430,1023,0,483,319,305,416,336,305,372,723,668,305,100
456,1023,0,340,1023,0,446,318,305,312,326,305,372,695,661,305,100
483,1023,0,181,1023,0,438,318,305,319,323,305,372,681,667,305,100
424,1023,0,304,1023,0,355,312,305,297,319,305,372,681,662,305,100
318,1023,0,172,1023,0,380,314,305,289,323,305,372,620,602,305,100
498,1023,0,435,1023,0,461,317,305,361,326,305,372,720,696,305,100
655,1023,0,443,1023,0,484,323,305,379,326,305,372,710,648,305,100
425,1023,0,180,1023,0,458,315,305,259,321,305,372,677,670,305,100
398,1023,0,230,1023,0,401,315,305,325,317,305,372,628,612,305,100
518,1023,0,486,1023,0,471,326,305,350,333,305,372,748,730,305,100
490,1023,0,316,1023,0,465,325,305,279,322,305,372,684,665,305,100
348,1023,0,195,1023,0,407,317,305,252,317,305,372,590,569,305,100
761,1023,0,381,1023,0,472,324,305,385,338,305,372,724,690,305,100
309,1023,0,176,1023,0,359,313,305,282,315,305,372,596,590,305,100
347,1023,0,426,1023,0,390,313,305,260,318,305,372,694,675,305,100
596,1023,0,563,1023,0,474,325,305,401,339,305,372,751,728,305,100
414,1023,0,231,1023,0,389,315,305,281,318,305,372,661,644,305,100
630,1023,0,396,1023,0,440,324,305,353,328,305,372,718,700,305,100
444,1023,0,291,1023,0,417,315,305,262,317,305,372,686,676,305,100
504,1023,0,356,1023,0,395,319,305,319,324,305,373,612,590,305,100
377,1023,0,218,1023,0,426,321,305,338,328,305,373,703,691,305,100
670,1023,0,263,1023,0,423,322,305,322,325,305,373,691,672,305,100
449,1023,0,296,1023,0,373,312,305,289,322,305,373,689,668,305,100
427,1023,0,299,1023,0,441,319,305,380,337,305,373,605,597,305,100
511,1023,0,308,1023,0,441,317,305,350,331,305,373,631,610,305,100
497,1023,0,403,1023,0,453,320,305,337,325,305,373,657,636,305,100
491,1023,0,343,1023,0,416,317,305,360,331,305,373,670,648,305,100
510,1023,0,257,1023,0,439,316,305,334,321,305,373,655,621,305,100
359,1023,0,254,1023,0,415,315,305,341,325,305,373,656,646,305,100
455,1023,0,475,1023,0,486,330,305,402,335,305,373,757,735,305,110
298,1023,0,310,1023,0,289,314,305,397,344,305,373,687,676,305,110
370,1023,0,215,1023,0,416,316,305,165,319,305,373,635,622,305,110
380,1023,0,177,1023,0,386,314,305,309,329,305,373,675,653,305,110
418,1023,0,262,1023,0,394,314,305,307,322,305,373,620,597,305,110
352,1023,0,198,1023,0,422,312,305,281,323,305,373,626,607,305,110
472,1023,0,269,1023,0,415,319,305,364,333,305,373,702,689,305,110
460,1023,0,273,1023,0,416,315,305,332,329,305,373,699,669,305,110
393,1023,0,297,1023,0,477,326,305,336,335,305,373,616,599,305,110
368,1023,0,199,1023,0,0,309,305,209,312,305,373,682,673,305,110
438,1023,0,254,1023,0,420,316,305,317,322,305,373,669,650,305,110
539,1023,0,291,1023,0,443,318,305,273,321,305,374,753,743,305,110
459,1023,0,369,1023,0,449,320,305,339,325,305,374,680,661,305,110
338,1023,0,211,1023,0,428,314,305,332,325,305,374,638,634,305,110
532,1023,0,317,1023,0,427,323,305,322,332,305,374,677,664,305,110
541,1023,0,247,1023,0,444,319,305,335,331,305,374,668,654,305,110
400,1023,0,286,1023,0,427,317,305,263,320,305,374,740,730,305,110
312,1023,0,226,1023,0,409,314,305,307,324,305,374,676,661,305,110
477,1023,0,430,1023,0,490,326,305,417,346,305,374,589,557,305,110
524,1023,0,311,1023,0,456,317,305,316,323,305,374,668,640,305,110
462,1023,0,212,1023,0,484,322,305,346,327,305,374,691,673,305,110
667,1023,0,557,1023,0,496,323,305,389,330,305,374,789,762,305,110
502,1023,0,316,1023,0,462,318,305,352,330,305,374,665,642,305,110
414,1023,0,174,1023,0,445,314,305,326,324,305,374,675,661,305,110
408,1023,0,239,1023,0,447,316,305,329,320,305,374,711,694,305,110
612,1023,0,357,1023,0,486,322,305,416,346,305,374,688,665,305,110
784,1023,0,563,1023,0,458,324,305,380,321,305,374,766,737,305,110
376,1023,0,213,1023,0,294,313,305,107,310,305,374,620,603,305,110
514,1023,0,286,1023,0,472,320,305,358,335,305,374,674,648,305,110
681,1023,0,236,1023,0,472,327,305,379,337,305,374,703,679,305,110
596,1023,0,372,1023,0,460,324,305,372,329,305,374,667,626,305,110
602,1023,0,343,1023,0,442,319,305,345,327,305,374,746,728,305,110
586,1023,0,384,1023,0,462,321,305,337,329,305,374,759,740,305,110
739,1023,0,530,1023,0,489,325,305,364,338,305,374,757,717,305,110
751,1023,0,462,1023,0,464,323,305,369,330,305,374,763,722,305,110
373,1023,0,171,1023,0,386,312,305,0,310,305,375,622,605,305,110
390,1023,0,168,1002,0,404,317,305,223,311,305,375,570,551,305,110
587,1023,0,246,1023,0,457,317,305,280,320,305,375,658,635,305,110
309,1023,0,152,1023,0,368,312,305,327,317,305,375,659,640,305,110
416,1023,0,179,1023,0,383,315,305,287,322,305,375,686,675,305,110
466,1023,0,304,1023,0,464,325,305,358,332,305,375,730,715,305,110
515,1023,0,266,1023,0,415,318,305,296,319,305,375,639,619,305,110
349,1023,0,182,1023,0,400,318,305,98,310,305,375,651,635,305,110
461,1023,0,470,1023,0,486,327,305,445,376,305,375,745,723,305,110
531,1023,0,194,1023,0,418,315,305,337,322,305,375,630,608,305,120
531,1023,0,347,1023,0,460,318,305,376,325,305,375,666,658,305,120
606,1023,0,260,1023,0,422,317,305,317,324,305,375,701,694,305,120
413,1023,0,313,1023,0,442,317,305,331,321,305,375,695,686,305,120
364,1023,0,269,1023,0,411,315,305,393,336,305,375,717,705,305,120
376,1023,0,228,1023,0,489,322,305,350,328,305,375,662,637,305,120
344,1023,0,250,1023,0,501,326,305,399,331,305,375,659,620,305,120
591,1023,0,376,1023,0,495,320,305,397,331,305,375,710,672,305,120
367,1023,0,270,1023,0,509,327,305,408,336,305,376,682,655,305,120
334,1023,0,261,1023,0,505,330,305,376,338,305,376,664,651,305,120
263,842,0,168,953,0,518,331,305,444,335,305,376,624,568,305,120
436,996,0,137,750,0,597,343,305,506,342,305,376,643,581,305,120
518,1023,0,254,1023,0,572,339,305,478,334,305,376,680,643,305,120
589,1023,0,293,1023,0,545,338,305,384,336,305,376,745,722,305,120
430,1023,0,169,1023,0,0,305,305,0,305,305,376,649,643,305,120
411,1023,0,249,1023,0,0,305,305,0,307,305,376,651,638,305,120
520,1023,0,174,978,0,0,309,305,0,315,305,376,670,630,305,120
541,1023,0,377,1023,0,321,315,305,278,320,305,376,685,669,305,120
509,1023,0,268,1023,0,430,313,305,299,323,305,377,684,667,305,120
554,1023,0,271,1023,0,464,322,305,357,325,305,377,733,707,305,120
408,1023,0,205,1023,0,356,313,305,233,316,305,377,588,569,305,120
463,1023,0,189,1023,0,419,318,305,315,325,305,377,656,641,305,120
502,1023,0,301,1023,0,393,319,305,300,322,305,377,688,677,305,120
476,1023,0,252,1023,0,438,317,305,314,320,305,377,684,662,305,120
448,1023,0,300,1023,0,392,315,305,329,326,305,377,661,642,305,120
708,1023,0,280,1023,0,478,324,305,398,334,305,377,683,654,305,120
581,1023,0,287,1023,0,461,320,305,320,320,305,377,757,735,305,120
322,1023,0,175,1023,0,441,316,305,214,318,305,377,604,595,305,120
343,1023,0,120,881,0,427,319,305,324,327,305,377,695,683,305,120
642,1023,0,372,1023,0,467,325,305,360,340,305,377,727,709,305,120
466,1023,0,244,1023,0,461,321,305,296,319,305,377,660,646,305,120
431,1023,0,263,1023,0,463,324,305,354,322,305,377,672,657,305,120
418,1023,0,209,1023,0,436,316,305,364,330,305,377,709,690,305,120
421,1023,0,266,1023,0,428,316,305,318,325,305,377,692,678,305,120
482,1023,0,188,973,0,457,317,305,358,325,305,377,648,624,305,120
703,1023,0,405,1023,0,477,321,305,440,347,305,377,725,660,305,120
459,1023,0,346,1023,0,459,325,305,324,333,305,377,718,707,305,120
406,1023,0,422,1023,0,444,319,305,331,329,305,377,761,747,305,120
497,1023,0,246,1023,0,420,315,305,334,321,305,377,619,598,305,120
809,1023,0,396,1023,0,436,318,305,341,323,305,378,732,667,305,120
463,1023,0,332,1023,0,442,317,305,343,332,305,378,745,732,305,120
452,1023,0,401,1023,0,474,327,305,380,341,305,378,692,671,305,120
324,1023,0,214,1023,0,417,315,305,235,322,305,378,632,611,305,120
516,1023,0,287,1023,0,423,320,305,272,318,305,378,710,685,305,120
326,1023,0,193,1023,0,442,315,305,250,312,305,378,635,623,305,120
769,1023,0,317,1023,0,477,332,305,412,349,305,378,770,734,305,120
601,1023,0,442,1023,0,450,324,305,357,328,305,378,693,669,305,120
470,1023,0,403,1023,0,447,322,305,419,351,305,378,702,683,305,120
481,1023,0,171,1023,0,368,312,305,307,321,305,378,662,638,305,120
415,1023,0,227,1023,0,411,318,305,294,328,305,378,632,599,305,120
480,1023,0,230,1023,0,452,323,305,329,328,305,378,666,642,305,120
734,1023,0,469,1023,0,511,334,305,415,342,305,378,750,694,305,120
370,1023,0,266,1023,0,383,315,305,327,327,305,378,649,638,305,120
337,1023,0,156,1023,0,412,315,305,253,315,305,378,642,635,305,120
521,1023,0,152,810,0,418,315,305,181,317,305,378,668,645,305,120
523,1023,0,264,1023,0,436,316,305,392,350,305,378,711,696,305,120
663,1023,0,510,1023,0,501,328,305,409,338,305,378,726,697,305,120
368,1023,0,254,1023,0,446,318,305,368,326,305,378,695,674,305,120
619,1023,0,394,1023,0,491,325,305,391,324,305,378,749,677,305,120
433,1023,0,224,1023,0,444,324,305,338,319,305,378,715,705,305,120
373,1023,0,221,1023,0,442,314,305,333,325,305,378,607,586,305,120
308,1023,0,199,1023,0,389,312,305,272,321,305,379,654,642,305,120
448,1023,0,334,1023,0,457,325,305,360,331,305,379,719,701,305,120
379,1023,0,289,1023,0,460,319,305,388,336,305,379,685,662,305,120
414,1023,0,234,1023,0,419,315,305,252,314,305,379,667,644,305,120
542,1023,0,345,1023,0,479,330,305,387,344,305,379,735,704,305,120
836,1023,0,497,1023,0,481,323,305,388,332,305,379,713,636,305,120
460,1023,0,262,1023,0,425,317,305,347,326,305,379,641,622,305,120
382,1023,0,208,1023,0,436,315,305,278,316,305,379,670,658,305,120
567,1023,0,301,1023,0,487,329,305,413,347,305,379,709,686,305,120
524,1023,0,328,1023,0,483,328,305,363,323,305,379,724,708,305,120
384,1023,0,241,1023,0,424,314,305,208,319,305,379,675,672,305,120
659,1023,0,585,1023,0,492,328,305,420,345,305,379,686,666,305,120
348,1023,0,184,1023,0,366,312,305,270,317,305,379,638,627,305,120
594,1023,0,455,1023,0,441,316,305,335,323,305,379,691,677,305,120
483,1023,0,209,1023,0,444,320,305,328,328,305,379,668,645,305,120
476,1023,0,197,1023,0,447,326,305,352,327,305,379,634,608,305,120
545,1023,0,422,1023,0,483,328,305,408,344,305,379,770,749,305,120
447,1023,0,204,1023,0,441,319,305,315,324,305,379,696,676,305,120
674,1023,0,423,1023,0,454,321,305,346,327,305,379,732,709,305,120
311,1023,0,173,1023,0,397,316,305,299,321,305,380,636,626,305,120
725,1023,0,492,1023,0,482,322,305,404,337,305,380,731,683,305,120
328,1023,0,250,1023,0,435,318,305,279,317,305,380,678,671,305,120
370,1023,0,135,951,0,365,310,305,241,317,305,380,637,623,305,120
435,1023,0,243,1023,0,433,316,305,349,326,305,380,658,635,305,120
658,1023,0,220,1023,0,443,319,305,356,335,305,380,639,617,305,120
563,1023,0,277,1023,0,439,317,305,335,329,305,380,691,652,305,120
393,1023,0,145,991,0,415,316,305,356,337,305,380,628,601,305,120
318,1023,0,160,1023,0,340,311,305,209,316,305,380,638,631,305,120
504,1023,0,406,1023,0,449,320,305,350,324,305,380,674,628,305,120
858,1023,0,491,1023,0,466,322,305,376,323,305,380,759,684,305,120
520,1023,0,214,1023,0,443,321,305,294,324,305,380,678,648,305,120
371,1023,0,152,1014,0,331,311,305,254,317,305,380,653,640,305,120
444,1023,0,260,1023,0,465,325,305,357,324,305,380,681,660,305,120
392,1023,0,257,1023,0,472,326,305,361,325,305,380,696,674,305,120
614,1023,0,336,1023,0,405,321,305,371,338,305,380,689,664,305,120
526,1023,0,379,1023,0,451,318,305,264,321,305,380,685,667,305,120
480,1023,0,218,1023,0,483,333,305,390,337,305,380,698,685,305,120
369,1023,0,157,1023,0,439,318,305,198,318,305,380,610,596,305,120
354,1023,0,160,1023,0,376,311,305,222,318,305,380,697,677,305,120
437,1023,0,197,1023,0,431,318,305,275,320,305,380,666,651,305,120
356,1023,0,228,1023,0,453,320,305,293,315,305,380,695,684,305,120
405,1023,0,223,1023,0,461,322,305,328,326,305,380,657,647,305,120
413,1023,0,232,1023,0,417,312,305,260,313,305,380,687,672,305,120
418,1023,0,234,1023,0,428,324,305,285,318,305,380,692,680,305,120
603,1023,0,531,1023,0,473,329,305,364,334,305,380,737,692,305,120
585,1023,0,338,1023,0,401,316,305,334,322,305,380,680,666,305,120
470,1023,0,248,1023,0,475,316,305,356,325,305,380,742,722,305,120
420,1023,0,216,1023,0,438,318,305,341,331,305,381,661,646,305,120
582,1023,0,250,1023,0,463,319,305,355,328,305,381,722,714,305,120
334,1023,0,170,1023,0,458,323,305,308,327,305,381,689,680,305,120
406,1023,0,274,1023,0,427,321,305,286,318,305,381,663,641,305,120
685,1023,0,583,1023,0,480,325,305,380,329,305,381,786,770,305,120
258,1023,0,155,1023,0,367,311,305,298,319,305,381,655,643,305,120
776,1023,0,485,1023,0,456,324,305,356,329,305,381,699,656,305,120
584,1023,0,479,1023,0,479,324,305,372,329,305,381,736,672,305,120
342,1023,0,221,1023,0,375,314,305,255,320,305,381,635,619,305,120
575,1023,0,352,1023,0,432,326,305,364,346,305,381,756,738,305,120
494,1023,0,172,958,0,0,310,305,274,315,305,381,666,638,305,120
428,1023,0,195,1023,0,383,312,305,217,315,305,381,656,630,305,120
763,1023,0,465,1023,0,482,322,305,443,349,305,381,715,632,305,120
462,1023,0,372,1023,0,480,326,305,394,330,305,381,720,689,305,120
645,1023,0,376,1023,0,433,318,305,322,322,305,381,715,672,305,120
563,1023,0,197,950,0,467,315,305,347,322,305,381,685,657,305,120
424,1023,0,264,1023,0,441,317,305,355,323,305,381,664,649,305,120
591,1023,0,280,1023,0,413,317,305,222,315,305,381,713,673,305,120
580,1023,0,272,1023,0,453,319,305,311,326,305,381,733,709,305,120
452,1023,0,235,1023,0,447,319,305,352,334,305,381,634,619,305,120
644,1023,0,262,1023,0,457,325,305,350,321,305,381,733,719,305,120
467,1023,0,201,1023,0,370,309,305,284,321,305,381,645,633,305,120
436,1023,0,179,804,0,416,317,305,336,324,305,382,667,641,305,120
333,1023,0,116,799,0,430,316,305,254,322,305,382,594,577,305,120
562,1023,0,186,1023,0,295,319,305,276,321,305,382,712,678,305,120
387,1023,0,192,1023,0,409,313,305,293,321,305,382,663,643,305,120
563,1023,0,219,1023,0,438,313,305,318,318,305,382,628,605,305,120
494,1023,0,254,1023,0,400,316,305,338,323,305,382,696,668,305,120
500,1023,0,190,1023,0,454,324,305,336,331,305,382,651,623,305,120
347,1023,0,243,1023,0,432,320,305,330,328,305,382,695,683,305,131
310,1023,0,152,1023,0,376,316,305,244,321,305,382,609,593,305,131
306,1023,0,128,828,0,465,319,305,337,321,305,382,610,583,305,131
433,1023,0,205,1023,0,459,321,305,309,325,305,382,656,645,305,131
616,1023,0,302,1023,0,470,326,305,392,336,305,382,721,701,305,131
364,1023,0,221,1023,0,432,318,305,343,320,305,382,660,628,305,131
512,1023,0,157,908,0,413,315,305,323,330,305,382,696,681,305,131
533,1023,0,277,1023,0,425,317,305,332,325,305,382,682,665,305,131
528,1023,0,205,1023,0,313,312,305,248,318,305,382,653,640,305,131
456,1023,0,246,1023,0,403,318,305,304,323,305,382,672,660,305,131
639,1023,0,207,984,0,449,319,305,313,320,305,382,666,632,305,131
654,1023,0,391,1023,0,474,320,305,365,328,305,382,710,688,305,131
646,1023,0,345,1023,0,442,318,305,337,324,305,382,670,641,305,131
467,1023,0,184,1023,0,472,319,305,226,315,305,382,641,624,305,131
643,1023,0,310,1023,0,460,320,305,379,333,305,382,725,673,305,131
694,1023,0,373,1023,0,456,322,305,386,333,305,382,720,676,305,131
374,1023,0,167,1023,0,110,312,305,196,315,305,382,606,586,305,131
490,1023,0,187,1023,0,425,318,305,357,323,305,382,629,598,305,131
430,1023,0,198,1023,0,421,314,305,152,319,305,382,623,594,305,131
346,1023,0,190,1023,0,413,313,305,282,315,305,382,623,612,305,131
524,1023,0,220,1023,0,444,319,305,209,321,305,382,664,639,305,131
430,1023,0,364,1023,0,480,319,305,368,330,305,383,720,702,305,131
834,1023,0,497,1023,0,475,318,305,395,326,305,383,747,693,305,131
553,1023,0,404,1023,0,460,321,305,396,338,305,383,744,723,305,131
389,1023,0,195,1023,0,298,311,305,272,321,305,383,661,651,305,131
625,1023,0,297,1023,0,452,317,305,356,327,305,383,645,617,305,131
524,1023,0,190,1023,0,427,313,305,235,317,305,383,683,649,305,131
790,1023,0,431,1023,0,486,328,305,399,333,305,383,753,687,305,131
405,1023,0,234,1023,0,433,319,305,360,328,305,383,711,698,305,131
414,1023,0,182,1023,0,463,321,305,378,328,305,383,675,652,305,131
501,1023,0,285,1023,0,488,318,305,409,329,305,383,683,656,305,131
682,1023,0,360,1023,0,529,334,305,443,340,305,383,722,675,305,131
264,775,0,195,948,0,536,332,305,408,336,305,383,655,618,305,131
451,1023,0,180,988,0,535,331,305,360,320,305,383,676,646,305,131
620,1023,0,250,1023,0,0,305,305,0,306,305,383,646,623,305,131
316,1023,0,215,1023,0,0,313,305,0,307,305,383,665,650,305,131
526,1023,0,467,1023,0,422,323,305,344,337,305,383,723,712,305,131
551,1023,0,237,1023,0,437,314,305,312,320,305,384,637,615,305,131
377,1023,0,209,1023,0,417,315,305,270,319,305,384,614,598,305,131
459,1023,0,227,1023,0,447,321,305,308,320,305,384,646,625,305,131
618,1023,0,380,1023,0,436,325,305,375,332,305,384,671,643,305,131
474,1023,0,260,1023,0,440,323,305,332,327,305,384,688,672,305,131
428,1023,0,238,1023,0,448,318,305,236,320,305,384,672,660,305,131
512,1023,0,319,1023,0,448,321,305,443,378,305,384,670,651,305,131
444,1023,0,210,1023,0,448,314,305,240,317,305,384,574,558,305,131
475,1023,0,252,1023,0,443,325,305,306,322,305,384,702,684,305,131
578,1023,0,227,1023,0,452,316,305,320,320,305,384,654,634,305,131
404,1023,0,169,1023,0,414,314,305,297,325,305,384,697,687,305,131
315,1023,0,177,1023,0,426,313,305,248,311,305,384,617,611,305,131
483,1023,0,398,1023,0,460,325,305,357,333,305,384,717,703,305,131
575,1023,0,222,1023,0,477,325,305,357,333,305,384,670,657,305,131
403,1023,0,224,1023,0,425,319,305,288,319,305,384,692,681,305,131
474,1023,0,247,1023,0,443,316,305,310,322,305,384,638,619,305,131
801,1023,0,391,1023,0,487,327,305,382,341,305,384,724,709,305,131
444,1023,0,337,1023,0,459,317,305,338,331,305,385,705,684,305,131
558,1023,0,239,1023,0,435,323,305,382,323,305,385,696,664,305,131
513,1023,0,337,1023,0,463,318,305,362,327,305,385,673,656,305,131
596,1023,0,395,1023,0,459,319,305,375,343,305,385,702,639,305,131
613,1023,0,334,1023,0,478,319,305,368,323,305,385,663,631,305,131
525,1023,0,258,1023,0,455,322,305,370,345,305,385,728,706,305,131
525,1023,0,423,1023,0,488,329,305,403,344,305,385,745,728,305,131
436,1023,0,271,1023,0,422,320,305,320,327,305,385,685,673,305,131
487,1023,0,254,1023,0,447,319,305,313,317,305,385,677,656,305,131
460,1023,0,350,1023,0,455,317,305,344,326,305,385,733,719,305,131
427,1023,0,337,1023,0,460,321,305,384,339,305,385,713,695,305,131
318,1023,0,212,1023,0,427,316,305,288,323,305,385,679,671,305,131
335,1023,0,178,1023,0,442,314,305,224,310,305,385,678,668,305,131
608,1023,0,188,1023,0,436,319,305,370,330,305,385,641,617,305,131
395,1023,0,148,859,0,437,317,305,363,329,305,385,646,623,305,131
414,1023,0,324,1023,0,451,321,305,355,332,305,385,655,628,305,131
581,1023,0,366,1023,0,441,320,305,386,340,305,385,700,669,305,131
476,1023,0,217,1021,0,417,315,305,330,318,305,385,577,558,305,131
572,1023,0,431,1023,0,468,323,305,350,330,305,386,669,641,305,131
458,1023,0,466,1023,0,462,323,305,387,339,305,386,725,698,305,131
664,1023,0,370,1023,0,478,325,305,387,334,305,386,776,759,305,131
383,1023,0,236,1023,0,402,312,305,314,324,305,386,692,683,305,131
608,1023,0,239,1023,0,444,319,305,332,332,305,386,667,657,305,131
506,1023,0,195,1009,0,436,317,305,314,323,305,386,656,642,305,131
318,1023,0,161,1023,0,352,312,305,169,312,305,386,579,555,305,131
567,1023,0,242,1023,0,405,315,305,246,314,305,386,676,659,305,131
415,1023,0,168,1023,0,419,314,305,286,317,305,386,660,644,305,131
583,1023,0,203,1023,0,432,319,305,336,337,305,386,677,645,305,131
559,1023,0,162,1023,0,448,318,305,338,322,305,386,639,623,305,131
514,1023,0,337,1023,0,437,323,305,359,334,305,386,741,724,305,131
545,1023,0,573,1023,0,449,323,305,377,336,305,386,685,658,305,131
417,1023,0,209,1023,0,279,317,305,313,331,305,386,678,663,305,131
475,1023,0,231,1023,0,441,321,305,329,325,305,386,667,651,305,131
469,1023,0,212,1023,0,393,314,305,324,319,305,386,631,613,305,131
418,1023,0,231,1023,0,380,312,305,197,316,305,386,624,595,305,131
483,1023,0,231,1023,0,399,317,305,288,315,305,386,686,665,305,131
427,1023,0,212,1023,0,363,312,305,263,321,305,386,640,625,305,131
415,1023,0,353,1023,0,435,322,305,365,338,305,386,724,708,305,131
532,1023,0,287,1023,0,382,315,305,314,324,305,386,693,669,305,131
461,1023,0,328,1023,0,441,319,305,356,332,305,386,682,663,305,131
659,1023,0,278,1023,0,455,318,305,326,323,305,386,643,612,305,131
312,1023,0,146,941,0,0,311,305,246,316,305,387,654,647,305,131
542,1023,0,361,1023,0,479,326,305,347,334,305,387,636,608,305,131
535,1023,0,288,1023,0,421,318,305,321,333,305,387,715,700,305,131
407,1023,0,188,1023,0,408,317,305,287,318,305,387,604,592,305,131
573,1023,0,226,1023,0,371,318,305,319,323,305,387,693,659,305,131
389,1023,0,190,1023,0,467,321,305,334,330,305,387,615,604,305,131
375,1023,0,253,1023,0,401,317,305,322,322,305,387,724,713,305,131
741,1023,0,295,1023,0,459,322,305,365,332,305,387,667,638,305,131
429,1023,0,322,1023,0,437,324,305,374,333,305,387,660,647,305,131
572,1023,0,392,1023,0,467,325,305,368,331,305,387,701,675,305,131
521,1023,0,255,1023,0,441,318,305,297,327,305,387,634,612,305,131
471,1023,0,225,1023,0,438,317,305,353,325,305,387,691,681,305,131
409,1023,0,212,1023,0,416,317,305,253,316,305,387,649,629,305,131
529,1023,0,425,1023,0,441,320,305,338,327,305,387,699,677,305,131
479,1023,0,291,1023,0,419,317,305,330,327,305,387,692,676,305,131
322,1023,0,114,772,0,395,315,305,220,316,305,387,438,429,305,131
569,1023,0,403,1023,0,441,317,305,304,327,305,387,726,687,305,131
623,1023,0,194,1023,0,413,313,305,270,321,305,387,640,607,305,131
531,1023,0,227,1023,0,448,317,305,337,330,305,387,693,671,305,131
396,1023,0,214,1023,0,444,319,305,320,318,305,387,635,623,305,131
581,1023,0,454,1023,0,464,324,305,396,340,305,388,711,686,305,131
396,1023,0,285,1023,0,433,319,305,309,321,305,388,654,637,305,141
516,1023,0,242,1023,0,426,317,305,274,317,305,388,669,653,305,141
404,1023,0,267,1023,0,409,318,305,282,323,305,388,672,649,305,141
438,1023,0,237,1023,0,434,319,305,323,322,305,388,701,688,305,141
407,1023,0,232,1023,0,442,319,305,322,318,305,388,664,637,305,141
564,1023,0,394,1023,0,447,329,305,346,338,305,388,775,752,305,141
406,1023,0,281,1023,0,424,317,305,328,327,305,388,660,640,305,141
595,1023,0,335,1023,0,462,321,305,371,326,305,388,737,714,305,141
381,1023,0,322,1023,0,435,323,305,316,323,305,388,708,698,305,141
516,1023,0,492,1023,0,450,326,305,354,335,305,388,751,737,305,141
398,1023,0,167,1023,0,389,312,305,229,315,305,388,581,565,305,141
459,1023,0,313,1023,0,476,324,305,354,329,305,388,695,677,305,141
321,1023,0,261,1023,0,444,316,305,268,319,305,388,690,675,305,141
357,1023,0,132,851,0,0,310,305,253,314,305,388,569,550,305,141
421,1023,0,251,1023,0,435,324,305,344,329,305,388,677,669,305,141
434,1023,0,209,1023,0,457,323,305,365,343,305,388,679,659,305,141
450,1023,0,187,1023,0,411,315,305,286,321,305,388,688,668,305,141
591,1023,0,396,1023,0,481,325,305,405,344,305,388,737,720,305,141
334,1023,0,251,1023,0,410,314,305,285,323,305,388,639,628,305,141
509,1023,0,348,1023,0,425,318,305,292,329,305,388,709,693,305,141
466,1023,0,271,1023,0,427,321,305,315,324,305,388,690,676,305,141
434,1023,0,210,1023,0,402,314,305,259,322,305,388,636,624,305,141
499,1023,0,372,1023,0,396,322,305,349,332,305,388,711,690,305,141
369,1023,0,281,1023,0,450,318,305,328,320,305,389,695,683,305,141
724,1023,0,502,1023,0,459,322,305,373,330,305,389,728,679,305,141
374,1023,0,198,1023,0,443,320,305,340,319,305,389,661,649,305,141
361,1023,0,201,1023,0,385,315,305,279,315,305,389,631,620,305,141
686,1023,0,460,1023,0,474,326,305,396,330,305,389,751,688,305,141
282,1023,0,209,1023,0,384,311,305,159,318,305,389,677,668,305,141
341,1023,0,144,968,0,378,316,305,255,313,305,389,593,580,305,141
568,1023,0,260,1023,0,402,320,305,319,327,305,389,614,606,305,141
565,1023,0,272,1023,0,475,319,305,381,332,305,389,725,701,305,141
558,1023,0,314,1023,0,421,317,305,364,329,305,389,740,712,305,141
489,1023,0,239,1023,0,404,315,305,333,333,305,389,684,667,305,141
691,1023,0,366,1023,0,457,321,305,406,338,305,389,720,698,305,141
417,1023,0,464,1023,0,435,319,305,344,327,305,389,680,662,305,141
293,1023,0,197,1023,0,367,314,305,255,317,305,389,630,616,305,141
468,1023,0,201,1023,0,431,319,305,321,325,305,389,703,668,305,141
508,1023,0,323,1023,0,444,314,305,347,323,305,389,696,686,305,141
451,1023,0,269,1023,0,425,313,305,357,321,305,389,641,629,305,141
456,1023,0,171,900,0,424,319,305,329,319,305,389,700,677,305,141
497,1023,0,239,1023,0,329,315,305,335,325,305,389,673,651,305,141
529,1023,0,409,1023,0,463,323,305,370,328,305,389,727,698,305,141
467,1023,0,183,1023,0,416,315,305,314,317,305,389,647,637,305,141
379,1023,0,281,1023,0,428,316,305,288,317,305,389,661,648,305,141
522,1023,0,352,1023,0,520,340,305,437,358,305,389,712,688,305,141
622,1023,0,320,1023,0,440,323,305,361,324,305,389,695,613,305,141
374,1023,0,176,1023,0,372,316,305,250,318,305,389,605,587,305,141
746,1023,0,401,1023,0,488,327,305,384,326,305,389,753,685,305,141
441,1023,0,164,1023,0,449,318,305,348,322,305,390,649,638,305,141
406,1023,0,197,1023,0,449,316,305,281,320,305,390,671,660,305,141
569,1023,0,291,1023,0,469,321,305,359,330,305,390,666,649,305,141
483,1023,0,173,1023,0,425,314,305,291,322,305,390,680,670,305,141
519,1023,0,225,1023,0,421,312,305,367,328,305,390,676,656,305,141
710,1023,0,375,1023,0,435,319,305,349,329,305,390,690,673,305,141
380,1023,0,263,1023,0,438,320,305,299,319,305,390,706,697,305,141
518,1023,0,242,1023,0,449,317,305,277,320,305,390,675,658,305,141
630,1023,0,210,1023,0,463,318,305,354,330,305,390,670,623,305,141
499,1023,0,523,1023,0,499,336,305,437,361,305,390,742,724,305,141
432,1023,0,191,1023,0,413,315,305,330,324,305,390,685,660,305,141
786,1023,0,417,1023,0,480,320,305,375,326,305,390,713,681,305,141
440,1023,0,197,1023,0,444,317,305,334,323,305,390,649,630,305,141
740,1023,0,523,1023,0,517,331,305,395,334,305,390,743,681,305,141
447,1023,0,391,1023,0,456,323,305,345,330,305,390,721,713,305,141
390,1023,0,227,1023,0,426,316,305,296,312,305,390,700,687,305,141
432,1023,0,204,1023,0,390,313,305,233,323,305,390,643,614,305,141
384,1023,0,274,1023,0,448,319,305,354,331,305,390,698,676,305,141
329,1023,0,329,1023,0,457,323,305,378,327,305,390,659,642,305,141
314,1023,0,199,1023,0,496,327,305,378,329,305,390,632,621,305,141
353,1023,0,281,1023,0,491,322,305,410,333,305,390,697,677,305,141
541,1023,0,323,1023,0,436,316,305,302,323,305,391,708,690,305,141
350,1023,0,234,1023,0,353,315,305,211,315,305,391,629,615,305,141
480,1023,0,169,1023,0,417,313,305,345,331,305,391,600,580,305,141
423,1023,0,172,1023,0,443,316,305,302,319,305,391,602,589,305,141
355,1023,0,348,1023,0,445,324,305,397,338,305,391,696,684,305,141
478,1023,0,287,1023,0,457,321,305,386,331,305,391,620,602,305,141
667,1023,0,338,1023,0,469,320,305,388,329,305,391,716,701,305,141
440,1023,0,224,1023,0,460,319,305,263,318,305,391,710,692,305,141
827,1023,0,465,1023,0,486,329,305,384,328,305,391,734,668,305,141
314,1023,0,344,1023,0,487,325,305,329,327,305,391,635,608,305,141
528,1023,0,230,1023,0,394,314,305,287,317,305,391,634,611,305,141
343,1023,0,288,1023,0,414,318,305,272,318,305,391,693,686,305,141
270,1023,0,161,1023,0,430,313,305,324,318,305,391,627,620,305,141
665,1023,0,353,1023,0,482,323,305,321,326,305,391,641,601,305,141
380,1023,0,192,1023,0,326,310,305,90,311,305,391,683,665,305,141
554,1023,0,289,1023,0,406,317,305,358,333,305,391,678,651,305,141
385,1023,0,192,1023,0,434,320,305,303,328,305,391,658,641,305,141
695,1023,0,495,1023,0,487,327,305,362,327,305,391,756,721,305,141
350,1023,0,208,1023,0,491,330,305,333,324,305,391,672,657,305,141
434,1023,0,389,1023,0,464,321,305,344,331,305,391,662,642,305,141
526,1023,0,314,1023,0,449,318,305,387,333,305,391,583,555,305,141
449,1023,0,255,1023,0,440,323,305,313,321,305,391,729,711,305,141
415,1023,0,283,1023,0,405,319,305,335,324,305,392,657,646,305,141
551,1023,0,321,1023,0,453,322,305,435,347,305,392,667,638,305,141
555,1023,0,383,1023,0,484,323,305,359,330,305,392,726,710,305,141
357,1023,0,216,1023,0,429,318,305,291,321,305,392,703,691,305,141
497,1023,0,304,1023,0,480,321,305,362,325,305,392,690,671,305,141
534,1023,0,411,1023,0,451,320,305,315,323,305,392,760,756,305,141
499,1023,0,376,1023,0,456,323,305,341,335,305,392,716,698,305,141
394,1023,0,258,1023,0,448,318,305,323,327,305,392,616,599,305,141
477,1023,0,214,1023,0,396,313,305,314,319,305,392,669,652,305,141
438,1023,0,266,1023,0,454,317,305,313,319,305,392,697,680,305,141
399,1023,0,323,1023,0,486,325,305,366,334,305,392,699,674,305,141
492,1023,0,279,1023,0,450,316,305,368,325,305,392,650,631,305,141
478,1023,0,309,1023,0,456,323,305,346,330,305,392,743,725,305,141
354,1023,0,204,1023,0,427,313,305,326,322,305,392,652,639,305,141
383,1023,0,134,888,0,396,313,305,259,315,305,392,652,637,305,141
354,1023,0,158,1023,0,382,313,305,294,316,305,392,631,618,305,141
483,1023,0,351,1023,0,430,321,305,277,329,305,392,736,723,305,151
442,1023,0,226,1023,0,433,316,305,338,322,305,392,622,603,305,151
654,1023,0,398,1023,0,444,321,305,353,322,305,392,711,687,305,151
475,1023,0,281,1023,0,430,320,305,328,325,305,392,691,673,305,151
499,1023,0,335,1023,0,439,319,305,313,326,305,393,719,706,305,151
453,1023,0,157,1023,0,408,313,305,274,320,305,393,559,541,305,151
539,1023,0,292,1023,0,424,317,305,341,328,305,393,667,644,305,151
461,1023,0,338,1023,0,470,329,305,391,342,305,393,709,689,305,151
378,1023,0,290,1023,0,484,320,305,357,332,305,393,714,703,305,151
673,1023,0,431,1023,0,496,320,305,395,334,305,393,770,713,305,151
449,1023,0,411,1023,0,493,322,305,397,328,305,393,734,714,305,151
395,1023,0,268,1023,0,453,321,305,294,324,305,393,727,713,305,151
509,1023,0,221,1023,0,447,320,305,292,323,305,393,652,635,305,151
434,1023,0,281,1023,0,458,319,305,327,321,305,393,691,681,305,151
437,1023,0,321,1023,0,445,317,305,348,322,305,393,681,662,305,151
481,1023,0,240,1023,0,427,317,305,332,320,305,393,660,632,305,151
509,1023,0,264,1023,0,396,315,305,323,324,305,393,653,639,305,151
506,1023,0,325,1023,0,412,317,305,352,332,305,393,732,708,305,151
547,1023,0,308,1023,0,443,317,305,345,321,305,393,690,669,305,151
513,1023,0,243,1023,0,412,313,305,319,320,305,393,678,660,305,151
802,1023,0,497,1023,0,509,328,305,434,345,305,393,756,720,305,151
575,1023,0,409,1023,0,495,326,305,404,338,305,393,703,680,305,151
552,1023,0,304,1023,0,470,318,305,367,329,305,393,730,687,305,151
542,1023,0,263,1023,0,412,315,305,340,329,305,393,700,674,305,151
377,1023,0,200,1023,0,413,314,305,339,328,305,393,667,645,305,151
502,1023,0,328,1023,0,434,316,305,331,324,305,393,604,579,305,151
366,1023,0,118,775,0,404,315,305,276,314,305,393,618,606,305,151
466,1023,0,227,1023,0,423,318,305,336,326,305,393,647,626,305,151
495,1023,0,257,1023,0,463,318,305,350,323,305,393,651,629,305,151
404,1023,0,282,1023,0,463,323,305,368,333,305,393,663,641,305,151
456,1023,0,303,1023,0,398,314,305,310,323,305,394,696,684,305,151
401,1023,0,340,1023,0,458,320,305,340,324,305,394,710,694,305,151
533,1023,0,389,1023,0,484,320,305,350,327,305,394,710,689,305,151
462,1023,0,308,1023,0,421,318,305,313,328,305,394,660,637,305,151
481,1023,0,438,1023,0,438,319,305,259,316,305,394,675,651,305,151
620,1023,0,220,1023,0,387,314,305,305,325,305,394,672,649,305,151
619,1023,0,201,1023,0,455,317,305,336,325,305,394,628,588,305,151
541,1023,0,246,1023,0,397,314,305,329,325,305,394,682,650,305,151
473,1023,0,187,1023,0,429,313,305,314,321,305,394,654,639,305,151
830,1023,0,445,1023,0,500,329,305,474,371,305,394,741,721,305,151
335,1023,0,189,1023,0,422,315,305,316,325,305,394,557,550,305,151
674,1023,0,390,1023,0,457,316,305,328,322,305,394,732,689,305,151
341,1023,0,259,1023,0,447,318,305,338,326,305,394,693,682,305,151
413,1023,0,181,1023,0,505,329,305,275,316,305,394,680,664,305,151
510,1023,0,458,1023,0,470,323,305,315,321,305,394,702,689,305,151
365,1023,0,206,1023,0,429,319,305,283,322,305,394,664,649,305,161
349,1023,0,192,1023,0,380,311,305,84,312,305,394,700,690,305,161
380,1023,0,205,1023,0,432,317,305,257,319,305,394,660,640,305,161
398,1023,0,180,1023,0,142,310,305,217,314,305,394,658,623,305,161
481,1023,0,261,1023,0,383,314,305,313,320,305,394,675,660,305,161
506,1023,0,317,1023,0,446,324,305,336,326,305,394,704,687,305,161
665,1023,0,327,1023,0,447,323,305,334,327,305,394,719,711,305,161
318,1023,0,185,1023,0,408,320,305,268,317,305,395,644,622,305,161
715,1023,0,404,1023,0,495,323,305,349,321,305,395,734,705,305,161
584,1023,0,337,1023,0,434,316,305,362,334,305,395,681,634,305,161
406,1023,0,269,1023,0,450,322,305,355,329,305,395,648,630,305,161
484,1023,0,269,1023,0,409,318,305,248,321,305,395,722,685,305,161
383,1023,0,141,1013,0,0,305,305,0,305,305,395,627,629,305,161
808,1023,0,577,1023,0,0,314,305,0,311,305,395,801,765,305,161
394,1023,0,250,1023,0,0,305,305,0,305,305,395,731,722,305,161
502,1023,0,227,1023,0,453,319,305,308,325,305,395,643,620,305,161
577,1023,0,351,1023,0,445,319,305,358,332,305,395,686,659,305,161
373,1023,0,200,1023,0,442,314,305,352,317,305,395,679,667,305,161
520,1023,0,232,1023,0,480,330,305,352,335,305,395,666,645,305,161
393,1023,0,268,1023,0,435,321,305,324,316,305,395,740,731,305,161
666,1023,0,277,1023,0,447,315,305,301,322,305,395,688,660,305,161
470,1023,0,170,1023,0,432,319,305,296,325,305,395,601,576,305,161
406,1023,0,258,1023,0,407,318,305,326,324,305,395,694,683,305,161
474,1023,0,341,1023,0,476,324,305,364,324,305,395,673,656,305,161
407,1023,0,382,1023,0,479,321,305,323,329,305,395,672,654,305,161
356,1023,0,259,1023,0,414,313,305,277,316,305,395,662,652,305,161
457,1023,0,256,1023,0,433,317,305,343,330,305,395,731,709,305,161
298,1023,0,174,1023,0,428,320,305,330,326,305,395,666,652,305,161
510,1023,0,255,1023,0,419,316,305,304,322,305,395,741,726,305,161
688,1023,0,319,1023,0,453,314,305,332,318,305,395,720,638,305,161
575,1023,0,296,1023,0,441,323,305,355,334,305,396,736,714,305,161
477,1023,0,330,1023,0,429,325,305,340,334,305,396,752,729,305,161
528,1023,0,248,1023,0,430,318,305,341,329,305,396,705,682,305,161
738,1023,0,524,1023,0,464,319,305,386,329,305,396,759,719,305,161
382,1023,0,191,1023,0,452,317,305,323,317,305,396,600,589,305,161
429,1023,0,160,991,0,371,314,305,268,321,305,396,643,610,305,161
516,1023,0,305,1023,0,462,318,305,372,326,305,396,763,749,305,161
496,1023,0,291,1023,0,428,317,305,299,318,305,396,718,691,305,161
597,1023,0,336,1023,0,448,325,305,355,333,305,396,743,728,305,161
611,1023,0,371,1023,0,431,321,305,326,329,305,396,721,685,305,161
445,1023,0,181,1023,0,424,318,305,255,322,305,396,581,560,305,161
368,1023,0,228,1023,0,413,324,305,340,331,305,396,657,643,305,161
565,1023,0,267,1023,0,439,318,305,309,331,305,396,727,705,305,161
535,1023,0,278,1023,0,478,323,305,368,330,305,396,717,695,305,161
354,1023,0,195,1023,0,417,319,305,203,318,305,396,580,564,305,161
462,1023,0,157,1023,0,430,316,305,283,321,305,396,649,635,305,161
410,1023,0,256,1023,0,374,314,305,276,326,305,396,676,659,305,161
436,1023,0,209,1023,0,426,321,305,279,318,305,396,661,648,305,161
586,1023,0,227,999,0,414,314,305,346,322,305,396,687,647,305,161
547,1023,0,181,1023,0,462,322,305,342,325,305,396,637,617,305,161
381,1023,0,209,1023,0,411,314,305,323,324,305,396,522,488,305,161
503,1023,0,315,1023,0,412,315,305,318,325,305,396,685,672,305,161
688,1023,0,373,1023,0,448,327,305,376,336,305,396,748,715,305,161
549,1023,0,196,1023,0,407,317,305,294,321,305,396,539,509,305,161
347,1023,0,258,1023,0,427,320,305,323,326,305,397,641,629,305,161
622,1023,0,385,1023,0,469,320,305,361,328,305,397,675,660,305,161
436,1023,0,213,1023,0,441,321,305,344,324,305,397,698,682,305,161
644,1023,0,216,968,0,442,320,305,372,322,305,397,692,661,305,161
613,1023,0,183,1023,0,468,324,305,370,349,305,397,611,574,305,161
588,1023,0,403,1023,0,485,322,305,355,322,305,397,732,710,305,161
632,1023,0,355,1023,0,461,319,305,344,327,305,397,692,591,305,161
720,1023,0,513,1023,0,480,328,305,388,331,305,397,754,713,305,161
558,1023,0,271,1023,0,442,317,305,311,321,305,397,652,630,305,161
486,1023,0,209,1023,0,348,317,305,322,327,305,397,709,699,305,161
443,1023,0,387,1023,0,539,376,305,331,330,305,397,640,623,305,161
841,1023,0,480,1023,0,506,325,305,423,333,305,397,756,688,305,161
363,1023,0,134,896,0,444,317,305,294,317,305,397,633,620,305,161
615,1023,0,579,1023,0,521,350,305,449,362,305,397,782,760,305,161
366,1023,0,293,1023,0,416,317,305,294,319,305,397,660,637,305,161
623,1023,0,352,1023,0,491,329,305,406,336,305,397,732,708,305,161
594,1023,0,441,1023,0,428,319,305,357,334,305,397,696,648,305,161
565,1023,0,197,1016,0,327,314,305,273,320,305,397,720,708,305,161
664,1023,0,262,1023,0,429,316,305,365,330,305,397,708,687,305,161
412,1023,0,190,1023,0,429,316,305,343,321,305,397,655,640,305,161
366,1023,0,192,1023,0,386,311,305,346,320,305,397,604,586,305,161
587,1023,0,344,1023,0,485,318,305,394,329,305,397,635,565,305,161
680,1023,0,444,1023,0,412,318,305,389,329,305,397,748,666,305,161
507,1023,0,384,1023,0,459,328,305,368,336,305,397,697,680,305,161
617,1023,0,279,1023,0,467,321,305,331,328,305,397,684,649,305,161
810,1023,0,569,1023,0,510,323,305,413,328,305,398,734,639,305,161
535,1023,0,445,1023,0,438,319,305,357,330,305,398,724,713,305,161
532,1023,0,228,1023,0,433,315,305,315,319,305,398,678,648,305,161
519,1023,0,232,1023,0,461,320,305,367,331,305,398,707,681,305,161
692,1023,0,357,1023,0,464,317,305,344,324,305,398,724,653,305,161
560,1023,0,292,1023,0,449,323,305,359,328,305,398,619,593,305,161
576,1023,0,288,1023,0,433,314,305,278,320,305,398,654,635,305,161
405,1023,0,257,1023,0,396,313,305,257,314,305,398,672,660,305,161
383,1023,0,188,1023,0,414,317,305,243,315,305,398,648,633,305,161
386,1023,0,254,1023,0,430,316,305,295,318,305,398,706,698,305,161
621,1023,0,444,1023,0,467,318,305,365,329,305,398,727,707,305,161
555,1023,0,287,1023,0,424,318,305,343,320,305,398,698,637,305,161
411,1023,0,238,1023,0,389,312,305,280,317,305,398,706,692,305,161
422,1023,0,253,1023,0,423,316,305,307,319,305,398,697,683,305,161
424,1023,0,162,963,0,412,313,305,297,317,305,398,662,646,305,161
388,1023,0,207,1023,0,463,322,305,380,333,305,398,715,704,305,161
480,1023,0,399,1023,0,468,321,305,336,331,305,398,768,755,305,161
478,1023,0,391,1023,0,467,319,305,390,341,305,398,730,710,305,161
468,1023,0,183,1023,0,382,314,305,301,316,305,398,654,624,305,161
491,1023,0,164,1023,0,414,314,305,275,316,305,398,612,584,305,161
400,1023,0,232,1023,0,402,320,305,336,324,305,398,642,626,305,161
460,1023,0,399,1023,0,416,322,305,323,326,305,398,710,695,305,161
571,1023,0,354,1023,0,485,322,305,367,325,305,398,735,711,305,161
775,1023,0,371,1023,0,484,320,305,334,325,305,398,724,664,305,161
389,1023,0,229,1023,0,471,318,305,380,332,305,399,673,640,305,161
543,1023,0,204,991,0,420,314,305,293,319,305,399,605,594,305,161
450,1023,0,205,1023,0,420,316,305,317,323,305,399,674,652,305,161
383,1023,0,268,1023,0,419,319,305,392,335,305,399,662,643,305,161
384,1023,0,283,1023,0,437,317,305,361,322,305,399,681,661,305,161
378,1023,0,201,1023,0,434,321,305,258,316,305,399,642,620,305,161
748,1023,0,453,1023,0,522,322,305,431,328,305,399,723,668,305,161
563,1023,0,257,1023,0,474,321,305,384,327,305,399,683,597,305,161
355,1023,0,354,1023,0,478,324,305,386,328,305,399,706,692,305,161
335,1023,0,211,1023,0,449,320,305,350,336,305,399,595,581,305,161
387,1023,0,204,1023,0,427,316,305,321,326,305,399,674,657,305,161
369,1023,0,308,1023,0,427,318,305,334,327,305,399,707,695,305,161
527,1023,0,399,1023,0,448,322,305,329,328,305,399,692,675,305,161
471,1023,0,262,1023,0,418,315,305,304,320,305,399,728,714,305,161
639,1023,0,453,1023,0,431,323,305,308,327,305,399,780,761,305,161
708,1023,0,577,1023,0,497,324,305,399,332,305,399,725,694,305,161
399,1023,0,250,1023,0,467,324,305,328,327,305,399,686,677,305,161
469,1023,0,268,1023,0,419,314,305,300,321,305,399,650,638,305,161
395,1023,0,149,991,0,395,319,305,322,321,305,399,627,606,305,161
633,1023,0,302,1023,0,445,326,305,360,328,305,399,718,688,305,161
662,1023,0,288,1023,0,445,322,305,360,326,305,400,720,694,305,161
523,1023,0,189,944,0,0,312,305,269,317,305,400,624,584,305,161
388,1023,0,244,1023,0,470,320,305,378,332,305,400,699,685,305,161
494,1023,0,185,1023,0,421,314,305,314,324,305,400,645,617,305,161
390,1023,0,178,1023,0,405,312,305,228,323,305,400,641,626,305,161
325,1023,0,151,1006,0,362,316,305,303,325,305,400,601,578,305,161
359,1023,0,186,1023,0,424,317,305,291,321,305,400,635,624,305,161
373,1023,0,259,1023,0,424,316,305,305,325,305,400,623,593,305,161
499,1023,0,218,1023,0,451,319,305,359,329,305,400,648,629,305,161
387,1023,0,221,1023,0,442,319,305,232,316,305,400,678,664,305,161
419,1023,0,270,1023,0,477,323,305,327,329,305,400,664,646,305,161
572,1023,0,249,1023,0,445,322,305,355,328,305,400,701,679,305,161
352,1023,0,204,1023,0,458,324,305,321,332,305,400,661,652,305,161
505,1023,0,220,1023,0,468,321,305,356,326,305,400,683,656,305,161
317,1023,0,218,1023,0,404,317,305,320,326,305,400,605,590,305,161
402,1023,0,210,1023,0,420,319,305,307,323,305,400,675,653,305,161
564,1023,0,269,1023,0,463,322,305,354,334,305,400,728,710,305,161
487,1023,0,199,1023,0,397,313,305,315,320,305,400,647,627,305,161
423,1023,0,167,897,0,377,312,305,348,330,305,400,660,625,305,161
542,1023,0,221,1023,0,428,323,305,310,326,305,400,673,645,305,161
495,1023,0,349,1023,0,469,324,305,368,334,305,400,734,719,305,161
512,1023,0,351,1023,0,470,328,305,362,334,305,400,734,707,305,161
422,1023,0,224,1023,0,456,318,305,366,333,305,400,671,651,305,161
485,1023,0,247,1023,0,362,315,305,291,327,305,400,678,647,305,161
489,1023,0,231,1023,0,468,323,305,341,327,305,400,702,687,305,161
428,1023,0,236,1023,0,455,320,305,349,326,305,400,638,614,305,161
514,1023,0,219,1023,0,349,314,305,295,321,305,401,598,573,305,161
560,1023,0,303,1023,0,487,322,305,425,343,305,401,716,693,305,161
668,1023,0,319,1023,0,465,324,305,432,350,305,401,707,674,305,161
393,1023,0,182,1023,0,479,322,305,322,327,305,401,687,666,305,161
371,1023,0,226,1023,0,407,315,305,297,323,305,401,682,668,305,161
316,1023,0,158,1023,0,411,312,305,221,314,305,401,593,574,305,161
739,1023,0,466,1023,0,506,330,305,440,337,305,401,742,689,305,161
446,1023,0,216,1023,0,383,314,305,275,319,305,401,617,605,305,161
772,1023,0,408,1023,0,453,325,305,366,332,305,401,801,769,305,161
426,1023,0,323,1023,0,413,317,305,182,316,305,401,708,696,305,161
413,1023,0,228,1023,0,438,322,305,358,337,305,401,653,632,305,161
379,1023,0,202,1023,0,428,313,305,316,318,305,401,606,595,305,161
471,1023,0,519,1023,0,489,326,305,387,330,305,401,705,687,305,161
362,1023,0,227,1023,0,444,318,305,352,326,305,401,691,671,305,161
407,1023,0,250,1023,0,440,320,305,351,327,305,401,579,564,305,161
580,1023,0,336,1023,0,454,324,305,366,333,305,401,644,624,305,161
502,1023,0,402,1023,0,468,321,305,323,329,305,401,785,763,305,161
461,1023,0,127,783,0,445,320,305,298,318,305,401,688,664,305,161
407,1023,0,304,1023,0,428,316,305,363,330,305,401,696,681,305,161
331,1023,0,143,892,0,425,319,305,312,326,305,401,656,633,305,161
530,1023,0,397,1023,0,447,319,305,330,323,305,402,674,656,305,161
533,1023,0,274,1023,0,453,319,305,368,335,305,402,724,715,305,161
363,1023,0,312,1023,0,454,317,305,346,327,305,402,711,701,305,161
622,1023,0,290,1023,0,383,314,305,308,319,305,402,694,671,305,161
377,1023,0,191,1023,0,387,312,305,254,314,305,402,690,678,305,161
443,1023,0,147,920,0,366,312,305,339,331,305,402,659,642,305,161
418,1023,0,208,1023,0,388,319,305,275,316,305,402,610,603,305,161
401,1023,0,206,1023,0,408,316,305,296,321,305,402,670,655,305,161
426,1023,0,205,1023,0,406,316,305,193,318,305,402,645,624,305,161
518,1023,0,156,896,0,399,313,305,273,316,305,402,579,557,305,161
471,1023,0,206,1023,0,408,322,305,324,327,305,402,720,700,305,161
457,1023,0,200,1023,0,435,317,305,325,327,305,402,712,690,305,161
491,1023,0,193,1023,0,467,323,305,353,333,305,402,690,672,305,161
413,1023,0,252,1023,0,352,310,305,195,317,305,402,674,668,305,161
424,1023,0,221,1023,0,434,319,305,289,320,305,402,678,658,305,161
514,1023,0,351,1023,0,486,331,305,391,337,305,402,727,702,305,161
353,1023,0,205,1023,0,405,312,305,0,314,305,402,680,669,305,161
577,1023,0,294,1023,0,448,317,305,329,321,305,402,752,734,305,161
471,1023,0,314,1023,0,442,316,305,321,322,305,402,668,646,305,161
563,1023,0,272,1023,0,394,318,305,373,338,305,402,727,705,305,161
564,1023,0,331,1023,0,472,322,305,380,339,305,402,721,691,305,161
513,1023,0,222,1023,0,458,324,305,391,341,305,402,687,657,305,161
663,1023,0,245,1023,0,434,323,305,317,327,305,402,693,677,305,161
511,1023,0,225,1023,0,443,318,305,317,324,305,402,672,632,305,161
469,1023,0,250,1023,0,423,321,305,348,335,305,402,676,651,305,161
367,1023,0,167,1023,0,386,311,305,264,313,305,402,598,587,305,161
391,1023,0,212,1023,0,449,321,305,277,317,305,403,630,612,305,161
454,1023,0,431,1023,0,467,321,305,381,340,305,403,729,713,305,161
472,1023,0,204,1023,0,438,315,305,346,334,305,403,673,663,305,161
483,1023,0,218,1023,0,412,314,305,280,319,305,403,625,595,305,161
582,1023,0,312,1023,0,477,326,305,370,337,305,403,725,714,305,161
478,1023,0,225,1023,0,439,322,305,343,332,305,403,661,644,305,161
495,1023,0,278,1023,0,454,320,305,372,332,305,403,703,677,305,161
357,1023,0,165,1023,0,0,311,305,226,314,305,403,604,585,305,171
443,1023,0,207,1023,0,433,317,305,307,320,305,403,672,657,305,171
401,1023,0,235,1023,0,433,317,305,299,323,305,403,657,648,305,171
431,1023,0,230,1023,0,335,313,305,296,318,305,403,674,661,305,171
372,1023,0,249,1023,0,439,320,305,333,329,305,403,683,671,305,171
423,1023,0,216,1023,0,368,318,305,339,328,305,403,692,681,305,171
373,1023,0,308,1023,0,417,312,305,322,326,305,403,672,651,305,171
810,1023,0,450,1023,0,495,324,305,384,325,305,403,744,684,305,171
536,1023,0,331,1023,0,444,320,305,257,320,305,403,716,694,305,171
507,1023,0,374,1023,0,474,328,305,379,334,305,403,731,709,305,171
411,1023,0,213,1023,0,399,316,305,315,317,305,403,686,676,305,171
736,1023,0,449,1023,0,477,323,305,383,329,305,403,754,738,305,171
405,1023,0,196,1023,0,478,319,305,370,330,305,403,640,619,305,171
285,1023,0,287,1023,0,457,317,305,343,322,305,403,720,712,305,171
347,1023,0,188,1023,0,420,318,305,303,325,305,403,664,652,305,171
321,1023,0,276,1023,0,398,314,305,314,325,305,403,602,583,305,171
525,1023,0,185,1023,0,388,313,305,273,317,305,403,683,667,305,171
409,1023,0,359,1023,0,472,328,305,362,339,305,403,724,710,305,171
506,1023,0,255,1023,0,434,326,305,359,337,305,404,626,601,305,171
497,1023,0,246,1023,0,463,319,305,311,320,305,404,661,639,305,171
358,1023,0,196,1023,0,383,313,305,251,312,305,404,627,612,305,171
496,1023,0,146,948,0,453,317,305,380,329,305,404,598,557,305,171
356,1023,0,223,1023,0,441,314,305,316,326,305,404,733,727,305,171
701,1023,0,473,1023,0,485,330,305,389,337,305,404,766,733,305,171
323,1023,0,178,1023,0,421,317,305,344,325,305,404,654,633,305,171
377,1023,0,169,1023,0,375,315,305,261,318,305,404,601,595,305,171
465,1023,0,313,1023,0,433,318,305,335,329,305,404,712,697,305,171
354,1023,0,164,1023,0,422,314,305,222,317,305,404,660,644,305,171
452,1023,0,404,1023,0,429,319,305,354,328,305,404,693,676,305,171
627,1023,0,343,1023,0,459,323,305,339,324,305,404,727,709,305,171
415,1023,0,190,1023,0,415,317,305,341,332,305,404,611,591,305,171
371,1023,0,218,1023,0,446,322,305,288,322,305,404,651,638,305,171
466,1023,0,303,1023,0,471,319,305,436,358,305,404,693,675,305,171
528,1023,0,241,1023,0,389,322,305,273,319,305,404,701,665,305,171
506,1023,0,362,1023,0,441,321,305,354,331,305,404,718,701,305,171
537,1023,0,375,1023,0,487,327,305,412,340,305,404,763,741,305,171
400,1023,0,279,1023,0,466,325,305,377,330,305,404,655,625,305,171
526,1023,0,236,1023,0,461,327,305,369,346,305,404,608,587,305,171
643,1023,0,486,1023,0,455,325,305,359,338,305,404,711,690,305,171
637,1023,0,511,1023,0,461,323,305,329,328,305,404,728,670,305,171
382,1023,0,225,1023,0,432,316,305,264,315,305,404,649,638,305,171
448,1023,0,206,1023,0,362,314,305,315,317,305,404,610,589,305,171
478,1023,0,195,1023,0,470,326,305,250,322,305,404,641,617,305,171
405,1023,0,204,1023,0,430,317,305,273,315,305,405,673,664,305,171
365,1023,0,241,1023,0,446,317,305,332,318,305,405,681,665,305,171
534,1023,0,391,1023,0,476,328,305,361,331,305,405,676,650,305,171
393,1023,0,373,1023,0,477,321,305,329,321,305,405,662,641,305,171
300,1023,0,251,1023,0,446,319,305,352,319,305,405,647,633,305,171
530,1023,0,350,1023,0,455,325,305,366,331,305,405,794,771,305,171
579,1023,0,404,1023,0,442,321,305,358,327,305,405,709,688,305,171
375,1023,0,205,1023,0,412,321,305,222,315,305,405,659,645,305,171
384,1023,0,188,1023,0,435,314,305,283,319,305,405,620,608,305,171
416,1023,0,391,1023,0,461,321,305,324,331,305,405,708,690,305,171
481,1023,0,327,1023,0,457,315,305,320,319,305,405,709,696,305,171
534,1023,0,311,1023,0,469,320,305,339,326,305,405,677,646,305,171
402,1023,0,196,1023,0,445,316,305,352,325,305,405,568,541,305,171
388,1023,0,265,1023,0,478,320,305,378,335,305,405,758,739,305,171
386,1023,0,187,1023,0,475,320,305,341,322,305,405,682,662,305,171
336,1023,0,156,1023,0,382,312,305,288,316,305,405,591,579,305,171
326,1023,0,266,1023,0,438,319,305,342,327,305,405,665,653,305,171
366,1023,0,232,1023,0,471,320,305,306,318,305,405,657,638,305,171
276,1023,0,222,1023,0,443,316,305,328,327,305,405,610,599,305,171
542,1023,0,468,1023,0,495,323,305,401,333,305,405,715,656,305,171
448,1023,0,223,1023,0,420,316,305,259,319,305,405,616,594,305,171
422,1023,0,290,1023,0,410,313,305,318,325,305,405,657,631,305,171
262,1012,0,232,1023,0,357,312,305,276,316,305,405,678,663,305,171
396,1023,0,234,1023,0,412,317,305,271,318,305,405,717,704,305,171
430,1023,0,220,1023,0,402,318,305,318,322,305,406,675,659,305,171
576,1023,0,360,1023,0,438,318,305,290,323,305,406,690,653,305,171
467,1023,0,243,1023,0,421,319,305,278,320,305,406,701,679,305,171
594,1023,0,241,1023,0,429,318,305,334,323,305,406,661,619,305,171
393,1023,0,147,958,0,461,318,305,324,315,305,406,637,614,305,171
454,1023,0,195,1023,0,450,317,305,307,321,305,406,678,665,305,171
676,1023,0,511,1023,0,475,324,305,390,335,305,406,688,628,305,171
755,1023,0,398,1023,0,458,322,305,331,326,305,406,648,624,305,171
465,1023,0,243,1023,0,440,315,305,324,324,305,406,682,672,305,171
339,1023,0,219,1023,0,449,319,305,331,330,305,406,668,653,305,171
481,1023,0,202,1023,0,358,313,305,342,325,305,406,593,567,305,171
589,1023,0,314,1023,0,412,321,305,320,326,305,406,709,677,305,171
347,1023,0,262,1023,0,422,318,305,288,322,305,406,686,677,305,171
591,1023,0,350,1023,0,448,317,305,374,326,305,406,668,626,305,171
417,1023,0,193,1023,0,360,313,305,266,315,305,406,649,632,305,171
798,1023,0,441,1023,0,468,323,305,363,335,305,406,737,716,305,171
433,1023,0,302,1023,0,451,319,305,343,322,305,406,675,647,305,171
763,1023,0,584,1023,0,452,319,305,364,327,305,406,776,735,305,171
683,1023,0,450,1023,0,473,322,305,403,338,305,406,737,715,305,171
456,1023,0,299,1023,0,434,322,305,365,333,305,406,734,709,305,171
293,1023,0,159,1023,0,383,314,305,305,319,305,406,603,597,305,171
537,1023,0,236,1023,0,403,318,305,374,337,305,406,756,727,305,171
499,1023,0,189,1023,0,413,320,305,338,327,305,406,654,639,305,171
556,1023,0,223,1023,0,404,315,305,291,324,305,406,694,677,305,171
434,1023,0,286,1023,0,387,313,305,329,317,305,407,670,655,305,171
624,1023,0,396,1023,0,462,324,305,390,335,305,407,698,672,305,171
395,1023,0,243,1023,0,428,316,305,321,334,305,407,636,622,305,171
444,1023,0,391,1023,0,420,317,305,286,321,305,407,677,663,305,171
520,1023,0,316,1023,0,439,319,305,267,319,305,407,672,657,305,171
574,1023,0,340,1023,0,408,320,305,338,332,305,407,657,613,305,171
446,1023,0,387,1023,0,384,314,305,324,329,305,407,699,674,305,171
799,1023,0,487,1023,0,511,328,305,402,330,305,407,721,697,305,171
683,1023,0,418,1023,0,468,319,305,410,332,305,407,760,692,305,171
511,1023,0,251,1023,0,416,315,305,287,316,305,407,674,655,305,171
488,1023,0,244,1023,0,456,323,305,346,331,305,407,673,661,305,171
759,1023,0,580,1023,0,490,319,305,396,326,305,407,757,679,305,171
403,1023,0,166,1011,0,427,317,305,267,319,305,407,630,610,305,171
478,1023,0,278,1023,0,399,316,305,352,327,305,407,749,732,305,171
343,1023,0,175,1023,0,446,318,305,232,318,305,407,655,645,305,171
353,1023,0,385,1023,0,428,320,305,327,322,305,407,655,634,305,171
503,1023,0,325,1023,0,416,313,305,340,332,305,407,742,717,305,171
429,1023,0,304,1023,0,459,323,305,378,335,305,407,680,658,305,171
676,1023,0,301,1023,0,430,313,305,369,320,305,407,674,646,305,171
361,1023,0,171,1023,0,327,310,305,225,319,305,407,572,560,305,171
519,1023,0,294,1023,0,441,316,305,352,325,305,407,611,584,305,171
474,1023,0,264,1023,0,403,313,305,297,326,305,407,671,651,305,171
551,1023,0,432,1023,0,483,326,305,403,341,305,408,743,727,305,171
385,1023,0,265,1023,0,438,324,305,355,332,305,408,656,627,305,171
452,1023,0,218,1023,0,430,312,305,312,318,305,408,644,630,305,171
742,1023,0,487,1023,0,473,322,305,396,335,305,408,760,725,305,171
536,1023,0,215,1023,0,432,317,305,348,327,305,408,678,662,305,171
364,1023,0,236,1023,0,382,319,305,271,315,305,408,648,637,305,171
463,1023,0,298,1023,0,449,322,305,329,331,305,408,750,735,305,171
605,1023,0,364,1023,0,473,318,305,338,325,305,408,735,722,305,171
415,1023,0,179,1023,0,416,314,305,318,316,305,408,641,611,305,171
468,1023,0,288,1023,0,440,315,305,282,322,305,408,670,655,305,171
674,1023,0,344,1023,0,443,319,305,350,326,305,408,698,655,305,171
448,1023,0,254,1023,0,442,321,305,303,327,305,408,661,634,305,171
560,1023,0,387,1023,0,430,319,305,373,340,305,408,741,713,305,171
400,1023,0,206,1023,0,197,310,305,287,315,305,408,623,615,305,171
445,1023,0,364,1023,0,469,326,305,351,330,305,408,718,704,305,171
321,1023,0,144,1023,0,410,314,305,315,320,305,408,616,600,305,181
356,1023,0,209,1023,0,404,316,305,257,321,305,408,643,629,305,181
449,1023,0,237,1023,0,434,318,305,317,327,305,408,666,644,305,181
586,1023,0,320,1023,0,473,323,305,363,338,305,408,717,701,305,181
290,989,0,230,1023,0,413,319,305,315,324,305,408,664,655,305,181
419,1023,0,216,1023,0,409,315,305,331,327,305,408,691,674,305,181
545,1023,0,331,1023,0,456,319,305,270,325,305,408,744,719,305,181
488,1023,0,337,1023,0,441,316,305,339,328,305,408,708,690,305,181
482,1023,0,331,1023,0,432,320,305,330,326,305,408,721,708,305,181
362,1023,0,189,1023,0,447,319,305,261,314,305,408,666,659,305,181
316,1023,0,199,1023,0,317,314,305,232,313,305,408,690,677,305,181
413,1023,0,217,1023,0,408,311,305,281,321,305,409,644,635,305,181
448,1023,0,186,1023,0,409,314,305,318,327,305,409,654,639,305,181
481,1023,0,359,1023,0,476,321,305,384,334,305,409,675,646,305,181
370,1023,0,184,1023,0,422,317,305,301,317,305,409,711,698,305,181
406,1023,0,199,1023,0,269,314,305,271,315,305,409,647,639,305,181
668,1023,0,480,1023,0,464,322,305,378,331,305,409,729,707,305,181
282,965,0,328,1023,0,404,316,305,246,321,305,409,757,733,305,181
369,1023,0,213,1023,0,416,315,305,280,319,305,409,646,632,305,181
456,1023,0,397,1023,0,459,320,305,367,330,305,409,721,707,305,181
328,1023,0,220,1023,0,395,313,305,331,325,305,409,560,541,305,181
592,1023,0,323,1023,0,433,319,305,377,342,305,409,703,683,305,181
457,1023,0,251,1023,0,441,321,305,342,331,305,409,698,685,305,181
536,1023,0,313,1023,0,425,320,305,286,326,305,409,685,671,305,181
586,1023,0,185,1023,0,429,318,305,323,322,305,409,683,657,305,181
424,1023,0,233,1023,0,378,312,305,163,315,305,409,675,665,305,181
409,1023,0,272,1023,0,469,327,305,369,332,305,409,691,670,305,181
404,1023,0,330,1023,0,400,316,305,326,321,305,409,675,654,305,181
451,1023,0,424,1023,0,459,320,305,327,325,305,409,681,661,305,181
534,1023,0,240,1023,0,372,318,305,336,329,305,409,650,618,305,181
539,1023,0,211,1023,0,470,321,305,342,327,305,409,699,678,305,181
317,1023,0,240,1023,0,439,314,305,246,317,305,409,720,709,305,181
392,1023,0,266,1023,0,410,319,305,314,324,305,409,663,645,305,181
388,1023,0,230,1023,0,421,317,305,226,319,305,409,658,640,305,181
376,1023,0,252,1023,0,150,315,305,291,318,305,409,633,623,305,181
614,1023,0,533,1023,0,500,330,305,410,345,305,409,758,733,305,181
665,1023,0,215,1023,0,470,325,305,359,341,305,410,693,655,305,181
526,1023,0,352,1023,0,439,319,305,318,323,305,410,656,642,305,181
360,1023,0,206,1023,0,349,312,305,275,317,305,410,657,645,305,181
533,1023,0,351,1023,0,443,318,305,329,326,305,410,724,698,305,181
417,1023,0,235,1023,0,439,320,305,304,327,305,410,650,633,305,181
572,1023,0,197,1023,0,485,321,305,362,328,305,410,654,637,305,181
513,1023,0,400,1023,0,447,321,305,349,328,305,410,686,665,305,181
415,1023,0,167,1023,0,394,313,305,273,313,305,410,625,602,305,181
683,1023,0,454,1023,0,487,328,305,368,331,305,410,783,767,305,181
593,1023,0,322,1023,0,450,322,305,336,320,305,410,688,668,305,181
467,1023,0,175,1023,0,374,311,305,278,317,305,410,670,659,305,181
527,1023,0,253,1023,0,421,318,305,299,320,305,410,698,673,305,181
428,1023,0,284,1023,0,423,319,305,351,329,305,410,661,644,305,181
475,1023,0,362,1023,0,430,323,305,320,326,305,410,714,691,305,181
581,1023,0,255,1023,0,437,324,305,343,329,305,410,686,653,305,181
469,1023,0,233,1023,0,425,320,305,335,323,305,410,663,645,305,181
384,1023,0,171,1023,0,430,315,305,305,323,305,410,649,641,305,181
448,1023,0,311,1023,0,427,315,305,350,325,305,410,655,632,305,181
454,1023,0,239,1023,0,418,314,305,324,317,305,410,608,570,305,181
620,1023,0,278,1023,0,443,315,305,375,325,305,410,696,675,305,181
383,1023,0,216,1023,0,444,319,305,282,324,305,410,669,663,305,181
515,1023,0,293,1023,0,453,323,305,397,332,305,410,687,662,305,181
377,1023,0,186,1023,0,433,315,305,260,316,305,410,622,601,305,181
354,1023,0,269,1023,0,461,321,305,322,331,305,410,686,673,305,181
576,1023,0,448,1023,0,458,327,305,374,336,305,410,710,695,305,181
691,1023,0,571,1023,0,472,322,305,407,335,305,411,763,726,305,181
390,1023,0,249,1023,0,455,317,305,335,329,305,411,641,629,305,181
434,1023,0,219,1023,0,442,318,305,236,319,305,411,676,658,305,181
325,1023,0,269,1023,0,433,316,305,315,318,305,411,698,684,305,181
431,1023,0,236,1023,0,451,323,305,333,328,305,411,644,623,305,181
338,1023,0,276,1023,0,449,321,305,327,322,305,411,687,670,305,181
395,1023,0,230,1023,0,447,315,305,276,319,305,411,683,668,305,191
577,1023,0,399,1023,0,476,323,305,392,339,305,411,743,710,305,191
452,1023,0,277,1023,0,399,321,305,298,326,305,411,695,681,305,191
665,1023,0,243,1023,0,466,320,305,398,333,305,411,714,692,305,191
482,1023,0,306,1023,0,443,321,305,360,328,305,411,719,696,305,191
356,1023,0,210,1023,0,423,315,305,256,318,305,411,728,718,305,191
531,1023,0,276,1023,0,409,319,305,373,331,305,411,711,694,305,191
666,1023,0,241,1023,0,442,318,305,353,329,305,411,713,692,305,191
600,1023,0,246,1023,0,437,317,305,330,322,305,411,654,614,305,191
428,1023,0,430,1023,0,397,321,305,301,324,305,411,679,666,305,191
393,1023,0,132,827,0,434,315,305,258,315,305,411,626,609,305,191
422,1023,0,268,1023,0,430,318,305,330,329,305,411,683,663,305,191
415,1023,0,258,1023,0,495,328,305,402,329,305,411,676,651,305,191
373,1023,0,310,1023,0,456,318,305,345,329,305,411,667,649,305,191
786,1023,0,348,1023,0,449,316,305,407,343,305,411,754,726,305,191
486,1023,0,247,1023,0,401,313,305,285,322,305,412,627,602,305,191
379,1023,0,215,1023,0,352,312,305,277,317,305,412,657,635,305,191
457,1023,0,234,1023,0,355,312,305,286,318,305,412,687,673,305,191
754,1023,0,439,1023,0,474,317,305,346,321,305,412,739,656,305,191
380,1023,0,274,1023,0,422,330,305,381,342,305,412,736,723,305,191
371,1023,0,227,1023,0,359,312,305,209,318,305,412,669,658,305,191
344,1023,0,207,1023,0,426,317,305,356,329,305,412,688,678,305,191
461,1023,0,298,1023,0,408,315,305,331,325,305,412,702,681,305,191
397,1023,0,329,1023,0,401,317,305,316,329,305,412,676,669,305,191
510,1023,0,236,1023,0,397,313,305,220,313,305,412,586,567,305,201
525,1023,0,215,1023,0,472,321,305,310,317,305,412,584,566,305,201
543,1023,0,331,1023,0,549,335,305,395,327,305,412,707,682,305,201
673,1023,0,266,1023,0,544,327,305,484,345,305,412,652,586,305,201
494,1023,0,501,1023,0,547,338,305,496,361,305,412,765,734,305,201
435,1023,0,259,1023,0,584,345,305,462,339,305,413,706,622,305,201
407,1023,0,361,1023,0,432,317,305,0,305,305,413,703,690,305,201
330,1023,0,330,1023,0,346,310,305,0,311,305,413,732,721,305,201
288,1023,0,370,1023,0,481,323,305,0,329,305,413,692,673,305,201
540,1023,0,147,775,0,0,310,305,0,305,305,413,522,515,305,201
520,1023,0,321,1023,0,355,311,305,0,309,305,413,591,581,305,201
446,1023,0,385,1023,0,487,319,305,0,315,305,413,707,692,305,201
759,1023,0,412,1023,0,482,324,305,240,322,305,413,715,685,305,201
492,1023,0,453,1023,0,501,319,305,259,313,305,413,692,652,305,201
381,1023,0,308,1023,0,547,332,305,460,344,305,413,697,673,305,201
786,1023,0,446,1023,0,523,327,305,382,328,305,413,753,692,305,201
705,1023,0,533,1023,0,556,346,305,440,344,305,413,724,659,305,201
652,1023,0,307,1023,0,588,342,305,501,335,305,413,726,620,305,201
737,1023,0,360,1023,0,0,305,305,0,305,305,414,595,582,305,201
546,1023,0,280,1023,0,0,305,305,0,305,305,414,603,630,305,201
352,1023,0,134,1015,0,0,305,305,0,305,305,414,420,543,305,201
390,868,0,263,1023,0,0,305,305,0,305,305,414,552,600,305,201
279,867,0,122,808,0,0,305,305,0,305,305,414,517,575,305,201
307,950,0,196,1023,0,0,313,305,0,306,305,414,588,584,305,201
418,802,0,265,973,0,379,316,305,352,326,305,414,720,637,305,201
429,1023,0,220,1023,0,424,321,305,324,323,305,414,700,689,305,201
484,1023,0,290,1023,0,449,320,305,369,337,305,414,681,670,305,201
598,1023,0,305,1023,0,513,328,305,484,378,305,414,734,710,305,201
510,1023,0,278,1023,0,464,319,305,345,327,305,414,751,735,305,201
463,1023,0,203,1023,0,388,312,305,284,315,305,414,621,603,305,201
523,1023,0,404,1023,0,431,315,305,312,319,305,414,715,641,305,201
392,1023,0,213,1023,0,461,315,305,326,329,305,414,641,627,305,201
403,1023,0,302,1023,0,426,321,305,349,335,305,414,690,676,305,201
666,1023,0,452,1023,0,479,325,305,379,342,305,415,716,696,305,201
349,1023,0,319,1023,0,448,326,305,364,338,305,415,682,676,305,201
423,1023,0,230,1023,0,459,318,305,297,321,305,415,635,623,305,201
516,1023,0,414,1023,0,491,336,305,411,352,305,415,693,671,305,201
318,1023,0,189,1023,0,422,318,305,324,330,305,415,647,623,305,201
497,1023,0,236,1023,0,446,317,305,360,330,305,415,616,590,305,201
655,1023,0,513,1023,0,485,328,305,404,345,305,415,735,698,305,201
416,1023,0,216,1023,0,460,327,305,370,330,305,415,661,642,305,201
528,1023,0,361,1023,0,479,326,305,397,336,305,415,717,686,305,201
416,1023,0,183,1023,0,338,313,305,169,313,305,415,574,558,305,201
545,1023,0,409,1023,0,430,324,305,333,326,305,415,654,628,305,201
360,1023,0,282,1023,0,434,316,305,277,324,305,415,682,656,305,201
453,1023,0,316,1023,0,463,317,305,323,329,305,415,660,646,305,201
418,1023,0,305,1023,0,436,319,305,339,334,305,415,714,706,305,201
437,1023,0,312,1023,0,408,312,305,363,334,305,415,712,687,305,201
472,1023,0,356,1023,0,418,320,305,335,323,305,415,666,653,305,201
413,1023,0,248,1023,0,390,313,305,228,323,305,415,677,663,305,201
591,1023,0,555,1023,0,466,326,305,372,336,305,415,736,712,305,201
433,1023,0,363,1023,0,432,322,305,350,332,305,415,667,652,305,201
478,1023,0,278,1023,0,387,317,305,306,318,305,415,666,644,305,201
804,1023,0,479,1023,0,485,328,305,388,333,305,415,708,627,305,201
520,1023,0,274,1023,0,425,317,305,343,326,305,415,714,692,305,201
588,1023,0,281,1023,0,462,320,305,321,320,305,416,702,661,305,201
335,1023,0,236,1023,0,430,314,305,350,327,305,416,639,610,305,201
426,1023,0,237,1023,0,353,316,305,263,315,305,416,642,628,305,201
412,1023,0,200,1023,0,382,316,305,287,321,305,416,564,547,305,201
505,1023,0,266,1023,0,458,320,305,360,332,305,416,693,671,305,201
580,1023,0,332,1023,0,444,322,305,343,332,305,416,722,708,305,201
286,1023,0,157,1023,0,376,312,305,220,316,305,416,588,578,305,201
407,980,0,234,1023,0,407,313,305,324,320,305,416,619,582,305,201
576,1023,0,312,1023,0,445,319,305,358,326,305,416,643,602,305,201
398,1023,0,213,1023,0,309,316,305,338,328,305,416,630,609,305,201
707,1023,0,440,1023,0,427,317,305,313,324,305,416,742,675,305,201
484,1023,0,356,1023,0,464,320,305,342,329,305,416,671,642,305,201
634,1023,0,260,1023,0,441,326,305,381,336,305,416,713,698,305,201
565,1023,0,377,1023,0,422,316,305,310,321,305,416,720,703,305,201
423,1023,0,234,1023,0,454,317,305,350,326,305,416,599,586,305,201
428,1023,0,216,1023,0,429,314,305,159,317,305,416,696,688,305,201
308,1023,0,189,1023,0,486,324,305,374,326,305,416,642,617,305,201
388,1023,0,235,1023,0,322,312,305,179,311,305,416,673,660,305,201
394,1023,0,206,1023,0,432,318,305,299,313,305,416,654,638,305,201
402,1023,0,225,1023,0,422,317,305,315,324,305,416,609,592,305,201
481,1023,0,505,1023,0,472,327,305,388,333,305,416,737,714,305,201
505,1023,0,161,1023,0,442,319,305,328,322,305,416,664,647,305,201
398,1023,0,183,1023,0,422,318,305,247,319,305,416,632,616,305,201
615,1023,0,500,1023,0,455,324,305,369,328,305,416,758,729,305,201
326,1023,0,235,1023,0,466,316,305,333,321,305,417,607,592,305,201
370,1023,0,178,1023,0,454,315,305,303,314,305,417,638,626,305,201
502,1023,0,274,1023,0,426,316,305,280,316,305,417,654,640,305,201
351,1023,0,166,1023,0,385,314,305,0,314,305,417,620,596,305,201
661,1023,0,292,1023,0,433,316,305,317,321,305,417,695,675,305,201
544,1023,0,307,1023,0,447,318,305,317,325,305,417,594,549,305,201
329,1023,0,161,1023,0,426,315,305,0,317,305,417,614,600,305,201
540,1023,0,323,1023,0,430,321,305,354,326,305,417,684,667,305,201
544,1023,0,286,1023,0,432,319,305,336,321,305,417,700,682,305,201
524,1023,0,238,1023,0,393,318,305,286,315,305,417,669,637,305,201
683,1023,0,353,1023,0,473,324,305,434,340,305,417,714,640,305,201
555,1023,0,291,1023,0,443,319,305,280,315,305,417,690,665,305,201
590,1023,0,280,1023,0,422,317,305,246,317,305,417,755,746,305,201
271,972,0,151,1013,0,389,317,305,268,320,305,417,587,572,305,201
477,1023,0,329,1023,0,456,326,305,390,337,305,417,727,701,305,201
374,1023,0,219,1023,0,419,316,305,317,334,305,417,671,663,305,201
405,824,0,144,699,0,0,315,305,251,316,305,417,606,572,305,201
488,1023,0,441,1023,0,430,319,305,333,324,305,417,659,621,305,201
611,1023,0,353,1023,0,432,324,305,356,327,305,417,711,690,305,201
490,1023,0,224,1023,0,451,316,305,327,326,305,417,694,682,305,201
481,1023,0,253,1023,0,459,319,305,339,322,305,417,629,608,305,201
511,1023,0,251,1023,0,398,313,305,329,326,305,417,692,665,305,201
542,1023,0,228,1023,0,479,327,305,387,345,305,417,636,617,305,201
369,1023,0,179,954,0,388,313,305,0,310,305,417,650,642,305,201
555,1023,0,365,1023,0,491,326,305,410,347,305,417,714,690,305,201
505,1023,0,280,1023,0,459,317,305,350,325,305,417,699,687,305,201
375,1023,0,173,1023,0,432,315,305,354,326,305,417,660,648,305,201
422,1023,0,279,1023,0,452,320,305,295,320,305,418,728,720,305,201
460,1023,0,163,1019,0,430,316,305,283,321,305,418,642,619,305,201
381,1023,0,253,1023,0,370,316,305,323,328,305,418,631,621,305,201
486,1023,0,205,1011,0,424,316,305,331,324,305,418,635,609,305,201
743,1023,0,537,1023,0,498,330,305,406,334,305,418,746,726,305,201
486,1023,0,353,1023,0,482,326,305,346,326,305,418,738,717,305,201
520,1023,0,207,1023,0,436,321,305,302,336,305,418,695,685,305,201
278,1023,0,138,987,0,377,312,305,254,321,305,418,611,593,305,201
507,1023,0,304,1023,0,427,318,305,270,322,305,418,716,703,305,201
378,1023,0,264,1023,0,437,315,305,308,320,305,418,700,678,305,201
618,1023,0,453,1023,0,497,320,305,356,328,305,418,719,649,305,201
399,1023,0,198,1023,0,438,315,305,291,321,305,418,666,637,305,201
363,1023,0,197,1023,0,458,319,305,313,331,305,418,680,669,305,201
600,1023,0,343,1023,0,381,319,305,373,331,305,418,673,654,305,201
469,1023,0,408,1023,0,454,324,305,400,354,305,418,696,670,305,201
601,1023,0,483,1023,0,475,321,305,395,332,305,418,697,675,305,201
374,1023,0,441,1023,0,430,321,305,316,325,305,418,737,733,305,201
484,1023,0,249,1023,0,414,314,305,226,318,305,418,693,671,305,201
509,1023,0,410,1023,0,444,328,305,333,333,305,418,705,687,305,201
527,1023,0,301,1023,0,473,323,305,419,347,305,419,696,673,305,201
334,1023,0,139,779,0,396,315,305,265,316,305,419,627,600,305,201
485,1023,0,329,1023,0,455,318,305,332,315,305,419,668,646,305,201
340,1023,0,176,981,0,412,317,305,286,322,305,419,671,657,305,201
447,1023,0,250,1023,0,433,318,305,265,324,305,419,636,608,305,201
645,1023,0,350,1023,0,449,319,305,364,335,305,419,702,683,305,201
381,1023,0,207,1023,0,407,313,305,292,316,305,419,588,569,305,201
591,1023,0,480,1023,0,491,332,305,420,352,305,419,724,700,305,201
537,1023,0,344,1023,0,486,322,305,370,327,305,419,694,663,305,201
442,1023,0,288,1023,0,422,320,305,347,332,305,419,706,693,305,201
479,1023,0,486,1023,0,466,322,305,376,340,305,419,722,709,305,201
593,1023,0,418,1023,0,444,319,305,310,327,305,419,747,733,305,201
717,1023,0,308,1023,0,448,321,305,405,340,305,419,797,776,305,201
423,1023,0,171,969,0,416,315,305,301,321,305,419,633,620,305,201
312,1023,0,221,1023,0,436,316,305,335,323,305,419,617,607,305,201
503,1023,0,160,873,0,424,317,305,310,322,305,419,597,551,305,201
654,1023,0,325,1023,0,444,318,305,341,330,305,419,655,616,305,201
499,1023,0,260,1023,0,455,318,305,339,316,305,419,607,592,305,201
633,1023,0,417,1023,0,472,320,305,383,327,305,419,704,658,305,201
445,1023,0,219,1023,0,430,319,305,350,329,305,419,684,665,305,201
442,1023,0,496,1023,0,475,325,305,363,340,305,419,732,718,305,201
441,1023,0,194,1023,0,446,316,305,341,323,305,419,654,636,305,201
637,1023,0,306,1023,0,412,318,305,355,329,305,419,593,566,305,201
446,1023,0,282,1023,0,381,316,305,313,323,305,419,677,659,305,201
464,1023,0,428,1023,0,469,321,305,348,328,305,419,730,722,305,201
472,1023,0,227,1023,0,445,318,305,246,314,305,419,661,643,305,201
659,1023,0,408,1023,0,491,331,305,392,348,305,419,748,732,305,201
469,1023,0,453,1023,0,453,322,305,332,330,305,419,714,698,305,201
442,1023,0,215,1023,0,400,316,305,278,320,305,419,626,603,305,201
424,1023,0,225,1023,0,433,315,305,348,330,305,420,711,701,305,201
525,1023,0,217,1023,0,461,322,305,365,333,305,420,673,650,305,201
422,1023,0,273,1023,0,441,317,305,326,320,305,420,624,602,305,201
557,1023,0,496,1023,0,480,332,305,364,331,305,420,707,678,305,201
487,1023,0,258,1023,0,451,322,305,373,336,305,420,715,696,305,201
451,1023,0,297,1023,0,475,320,305,379,331,305,420,651,628,305,201
486,1023,0,225,1023,0,400,319,305,268,317,305,420,622,593,305,201
373,1023,0,233,1023,0,450,319,305,339,329,305,420,649,635,305,201
405,1023,0,140,940,0,392,315,305,177,312,305,420,606,599,305,201
567,1023,0,262,1023,0,444,323,305,314,323,305,420,703,683,305,201
545,1023,0,261,1023,0,359,311,305,314,319,305,420,610,590,305,201
506,1023,0,347,1023,0,485,334,305,425,362,305,420,714,688,305,201
564,1023,0,293,1023,0,387,320,305,349,337,305,420,675,659,305,201
371,1023,0,240,1023,0,428,317,305,218,319,305,420,698,687,305,201
505,1023,0,281,1023,0,437,320,305,365,339,305,420,721,697,305,211
814,1023,0,510,1023,0,469,327,305,390,339,305,420,763,694,305,211
490,1023,0,309,1023,0,427,321,305,308,327,305,420,709,687,305,211
426,1023,0,164,1023,0,396,314,305,236,313,305,420,647,628,305,211
372,1023,0,183,1023,0,392,314,305,258,318,305,420,650,638,305,211
450,1023,0,288,1023,0,422,317,305,291,329,305,420,689,677,305,211
540,1023,0,207,1023,0,451,314,305,403,328,305,420,692,671,305,211
471,1023,0,267,1023,0,447,317,305,268,319,305,420,649,624,305,211
651,1023,0,345,1023,0,418,319,305,380,348,305,420,690,673,305,211
548,1023,0,413,1023,0,473,328,305,368,332,305,421,650,619,305,211
317,1023,0,231,1023,0,459,318,305,342,326,305,421,647,638,305,211
477,1023,0,298,1023,0,484,332,305,376,334,305,421,711,687,305,211
487,1023,0,258,1023,0,469,321,305,328,322,305,421,714,688,305,211
564,1023,0,203,823,0,441,319,305,325,319,305,421,615,593,305,211
583,1023,0,257,1023,0,402,315,305,280,315,305,421,638,615,305,211
335,1023,0,203,1023,0,377,311,305,290,316,305,421,616,605,305,211
403,1023,0,309,1023,0,463,319,305,280,317,305,421,751,736,305,211
439,1023,0,363,1023,0,423,317,305,373,335,305,421,706,679,305,211
386,1023,0,220,1023,0,416,312,305,322,326,305,421,635,619,305,211
345,1023,0,256,1023,0,435,314,305,377,336,305,421,706,699,305,211
484,1023,0,215,1023,0,434,320,305,299,320,305,421,667,648,305,211
506,1023,0,149,1023,0,435,317,305,339,325,305,421,709,696,305,211
381,1023,0,227,1023,0,439,316,305,312,324,305,421,661,646,305,211
444,1023,0,326,1023,0,446,322,305,347,337,305,421,719,701,305,211
378,1023,0,369,1023,0,440,324,305,340,327,305,421,735,720,305,211
609,1023,0,365,1023,0,448,321,305,344,328,305,421,737,699,305,211
497,1023,0,255,1023,0,403,316,305,318,323,305,421,704,689,305,211
311,1023,0,214,1023,0,391,319,305,305,325,305,421,633,622,305,211
469,1023,0,343,1023,0,452,323,305,264,320,305,421,715,693,305,211
471,1023,0,454,1023,0,454,319,305,331,330,305,421,730,700,305,211
388,1023,0,222,1023,0,431,320,305,307,329,305,421,665,650,305,211
475,1023,0,222,1023,0,409,316,305,352,327,305,421,673,650,305,211
432,1023,0,207,1023,0,417,315,305,289,318,305,421,677,657,305,211
428,1023,0,215,1023,0,386,315,305,300,316,305,422,675,662,305,211
403,1023,0,445,1023,0,440,322,305,346,330,305,422,755,734,305,211
831,1023,0,478,1023,0,480,323,305,382,340,305,422,762,710,305,211
390,1023,0,185,935,0,422,314,305,273,320,305,422,625,604,305,211
510,1023,0,281,1023,0,471,330,305,384,339,305,422,747,724,305,211
368,1023,0,196,1023,0,440,321,305,350,321,305,422,601,586,305,211
555,1023,0,293,1023,0,427,319,305,305,332,305,422,678,659,305,211
772,1023,0,592,1023,0,458,322,305,404,335,305,422,771,730,305,211
396,1023,0,286,1023,0,453,317,305,312,331,305,422,720,701,305,211
422,1023,0,257,1023,0,430,317,305,353,326,305,422,705,689,305,211
414,1023,0,480,1023,0,477,324,305,310,324,305,422,795,781,305,211
371,1023,0,249,1023,0,0,310,305,283,317,305,422,665,651,305,211
341,1023,0,188,1023,0,384,313,305,248,313,305,422,617,604,305,211
513,1023,0,207,1023,0,386,314,305,220,320,305,422,673,647,305,211
405,1023,0,175,1023,0,428,320,305,189,317,305,422,639,623,305,211
502,1023,0,400,1023,0,432,324,305,367,334,305,422,709,688,305,211
425,1023,0,328,1023,0,430,320,305,342,336,305,422,723,696,305,211
551,1023,0,338,1023,0,448,322,305,313,325,305,422,682,653,305,211
503,1023,0,158,833,0,412,315,305,263,317,305,422,656,635,305,211
441,1023,0,241,1023,0,418,321,305,315,320,305,422,716,705,305,211
443,1023,0,239,1023,0,431,313,305,226,315,305,422,683,667,305,211
427,1023,0,269,1023,0,426,316,305,279,319,305,422,658,640,305,211
761,1023,0,317,1023,0,412,317,305,350,321,305,423,674,648,305,211
530,1023,0,300,1023,0,444,318,305,381,336,305,423,626,600,305,211
693,1023,0,387,1023,0,468,332,305,397,342,305,423,755,731,305,211
392,1023,0,293,1023,0,461,318,305,360,327,305,423,755,739,305,211
535,1023,0,315,1023,0,408,315,305,264,324,305,423,757,755,305,211
387,1023,0,183,1023,0,373,312,305,212,313,305,423,631,610,305,211
535,1023,0,262,1023,0,441,315,305,294,321,305,423,690,656,305,211
413,1023,0,234,1023,0,462,320,305,353,321,305,423,683,667,305,211
515,1023,0,282,1023,0,462,323,305,323,325,305,423,681,666,305,211
515,1023,0,163,1023,0,441,317,305,329,320,305,423,676,657,305,211
472,1023,0,264,1023,0,438,320,305,369,326,305,423,660,638,305,211
405,1023,0,311,1023,0,478,326,305,349,332,305,423,691,675,305,211
459,1023,0,528,1023,0,449,316,305,330,323,305,423,685,665,305,211
409,1023,0,264,1023,0,391,315,305,279,316,305,423,621,613,305,211
446,1023,0,286,1023,0,458,320,305,355,333,305,423,660,643,305,211
834,1023,0,507,1023,0,485,323,305,412,339,305,423,761,694,305,211
819,1023,0,423,1023,0,447,318,305,382,322,305,423,723,652,305,211
356,1023,0,180,1023,0,391,311,305,110,311,305,423,597,581,305,211
323,1023,0,144,1023,0,322,312,305,277,319,305,423,593,587,305,211
844,1023,0,446,1023,0,502,334,305,423,356,305,423,741,711,305,211
347,1023,0,247,1023,0,470,323,305,381,334,305,424,723,711,305,211
377,1023,0,223,1023,0,393,314,305,309,321,305,424,691,676,305,211
362,1023,0,219,1023,0,420,313,305,253,314,305,424,669,660,305,211
626,1023,0,400,1023,0,449,322,305,345,329,305,424,706,678,305,211
381,1023,0,151,944,0,393,315,305,219,313,305,424,650,633,305,211
448,1023,0,249,1023,0,424,315,305,340,331,305,424,703,684,305,211
622,1023,0,373,1023,0,395,317,305,333,324,305,424,698,653,305,211
517,1023,0,237,1023,0,429,316,305,320,328,305,424,687,674,305,211
696,1023,0,457,1023,0,503,329,305,399,338,305,424,714,690,305,211
277,1023,0,249,1023,0,467,323,305,329,329,305,424,663,654,305,211
303,1023,0,259,1023,0,473,318,305,284,318,305,424,669,655,305,211
373,1023,0,347,1023,0,448,321,305,318,330,305,424,732,714,305,211
235,1023,0,184,1023,0,414,312,305,287,317,305,424,647,638,305,211
379,1023,0,368,1023,0,465,327,305,327,332,305,424,710,688,305,211
427,1023,0,318,1023,0,480,316,305,372,325,305,424,714,701,305,211
811,1023,0,523,1023,0,489,322,305,330,324,305,424,733,663,305,211
383,1023,0,201,1023,0,442,315,305,371,328,305,424,690,679,305,211
679,1023,0,463,1023,0,481,320,305,394,333,305,424,753,689,305,211
537,1023,0,251,1023,0,425,318,305,320,326,305,424,721,708,305,211
308,1023,0,111,728,0,431,312,305,293,318,305,424,588,567,305,211
451,1023,0,337,1023,0,405,316,305,328,327,305,424,664,651,305,211
421,1023,0,264,1023,0,391,322,305,295,317,305,424,729,715,305,211
631,1023,0,459,1023,0,461,325,305,347,329,305,424,713,689,305,211
470,1023,0,207,1023,0,453,320,305,277,323,305,424,695,686,305,211
496,1023,0,294,1023,0,417,316,305,334,321,305,424,666,639,305,211
624,1023,0,482,1023,0,489,331,305,405,343,305,424,752,705,305,211
511,1023,0,221,1023,0,371,319,305,342,327,305,424,643,624,305,211
510,1023,0,215,1023,0,437,317,305,371,326,305,424,706,693,305,211
569,1023,0,410,1023,0,488,324,305,394,339,305,425,714,636,305,211
392,1023,0,271,1023,0,495,329,305,402,327,305,425,714,696,305,211
443,1023,0,309,1023,0,393,318,305,319,323,305,425,699,686,305,211
452,1023,0,256,1023,0,440,320,305,276,321,305,425,659,638,305,211
458,1023,0,257,1023,0,397,313,305,309,320,305,425,726,715,305,211
697,1023,0,365,1023,0,450,319,305,370,332,305,425,690,639,305,211
492,1023,0,332,1023,0,493,338,305,439,371,305,425,722,701,305,211
584,1023,0,314,1023,0,454,320,305,340,330,305,425,705,686,305,211
624,1023,0,242,1023,0,452,321,305,353,329,305,425,674,655,305,211
428,1023,0,253,1023,0,470,318,305,332,322,305,425,631,618,305,211
819,1023,0,525,1023,0,489,325,305,437,351,305,425,767,742,305,211
388,1023,0,186,1023,0,480,319,305,458,371,305,425,622,595,305,211
417,1023,0,193,992,0,432,313,305,304,315,305,425,677,651,305,211
374,1023,0,326,1023,0,440,323,305,337,325,305,425,538,499,305,211
543,1023,0,231,1023,0,410,315,305,296,320,305,425,656,634,305,221
352,1023,0,188,1023,0,388,312,305,324,325,305,425,660,656,305,221
509,1023,0,217,1023,0,463,322,305,336,323,305,425,655,643,305,221
589,1023,0,271,1023,0,415,316,305,357,325,305,425,702,685,305,221
374,1023,0,185,1023,0,401,315,305,330,320,305,425,613,596,305,221
453,1023,0,277,1023,0,449,321,305,353,326,305,425,679,661,305,221
352,1023,0,280,1023,0,388,311,305,206,313,305,425,638,614,305,221
532,1023,0,168,1023,0,0,310,305,291,323,305,425,700,685,305,221
578,1023,0,377,1023,0,488,329,305,358,333,305,425,745,723,305,221
308,1023,0,229,1023,0,415,318,305,308,326,305,425,646,632,305,221
609,1023,0,293,1023,0,446,318,305,420,362,305,425,717,684,305,221
653,1023,0,394,1023,0,429,320,305,371,324,305,425,702,672,305,221
725,1023,0,449,1023,0,508,328,305,410,343,305,425,781,764,305,221
410,1023,0,215,1023,0,443,316,305,0,310,305,426,668,652,305,221
500,1023,0,274,1023,0,433,317,305,285,318,305,426,692,669,305,221
396,1023,0,268,1023,0,427,316,305,321,328,305,426,702,684,305,221
458,1023,0,272,1023,0,387,313,305,223,314,305,426,684,664,305,221
427,1023,0,233,1023,0,459,321,305,341,325,305,426,631,608,305,221
401,1023,0,229,1023,0,324,316,305,227,318,305,426,617,607,305,221
439,1023,0,181,1023,0,385,319,305,203,316,305,426,666,646,305,221
432,1023,0,185,1023,0,430,314,305,327,318,305,426,647,633,305,221
528,1023,0,265,1023,0,474,322,305,365,337,305,426,675,655,305,221
418,1023,0,135,787,0,412,314,305,291,314,305,426,622,601,305,221
486,1023,0,285,1023,0,474,317,305,365,328,305,426,673,657,305,221
431,1023,0,480,1023,0,518,344,305,447,361,305,426,768,748,305,221
435,1023,0,180,1023,0,429,317,305,365,332,305,426,646,629,305,221
317,1023,0,219,1023,0,422,316,305,318,323,305,426,616,596,305,221
495,1023,0,308,1023,0,454,326,305,345,329,305,426,667,648,305,221
469,1023,0,154,984,0,456,323,305,325,322,305,426,651,618,305,221
442,1023,0,257,1023,0,478,327,305,358,326,305,426,633,608,305,221
549,1023,0,370,1023,0,455,325,305,370,338,305,426,737,714,305,221
417,1023,0,194,1023,0,417,314,305,232,319,305,426,736,718,305,221
399,1023,0,221,1023,0,405,316,305,272,323,305,426,689,678,305,221
548,1023,0,284,1023,0,490,332,305,387,346,305,426,682,667,305,221
703,1023,0,462,1023,0,440,316,305,331,318,305,426,731,653,305,221
708,1023,0,380,1023,0,483,325,305,390,346,305,426,738,674,305,221
744,1023,0,298,1023,0,455,325,305,394,344,305,427,718,680,305,221
432,1023,0,221,1023,0,425,312,305,313,322,305,427,617,600,305,221
397,1023,0,162,1023,0,315,311,305,184,314,305,427,633,621,305,221
651,1023,0,299,1023,0,436,322,305,337,332,305,427,659,627,305,221
462,1023,0,267,1023,0,431,317,305,286,317,305,427,616,602,305,221
670,1023,0,432,1023,0,463,323,305,374,326,305,427,696,671,305,221
425,1023,0,236,1023,0,442,324,305,339,321,305,427,686,666,305,221
535,1023,0,280,1023,0,417,316,305,313,330,305,427,677,615,305,221
805,1023,0,361,1023,0,451,318,305,357,323,305,427,710,672,305,221
706,1023,0,421,1023,0,465,320,305,357,323,305,427,771,711,305,221
533,1023,0,308,1023,0,455,321,305,269,322,305,427,668,651,305,221
443,1023,0,193,1023,0,379,314,305,208,316,305,427,691,680,305,221
548,1023,0,331,1023,0,486,318,305,437,355,305,427,745,718,305,221
437,1023,0,303,1023,0,425,318,305,309,326,305,427,699,677,305,221
615,1023,0,467,1023,0,484,326,305,388,336,305,427,711,687,305,221
322,1023,0,204,1023,0,429,316,305,297,324,305,427,634,625,305,221
406,1023,0,177,1023,0,411,317,305,327,335,305,427,679,671,305,221
516,1023,0,414,1023,0,468,317,305,247,322,305,427,697,692,305,221
473,1023,0,187,1023,0,420,320,305,354,322,305,427,587,552,305,221
315,1023,0,280,1023,0,458,326,305,312,326,305,427,665,642,305,221
574,1023,0,314,1023,0,430,316,305,257,322,305,427,636,619,305,221
442,1023,0,313,1023,0,401,317,305,327,331,305,427,661,638,305,221
665,1023,0,372,1023,0,477,323,305,372,336,305,427,742,716,305,221
480,1023,0,242,1023,0,423,318,305,335,327,305,427,638,624,305,221
319,1023,0,205,1023,0,456,321,305,261,322,305,427,631,618,305,221
391,1023,0,222,1023,0,413,314,305,317,323,305,427,686,669,305,221
459,1023,0,142,723,0,290,310,305,271,314,305,427,658,639,305,221
446,1023,0,269,1023,0,0,313,305,254,315,305,427,713,696,305,221
475,1023,0,282,1023,0,430,315,305,337,319,305,427,643,617,305,221
462,1023,0,279,1023,0,449,321,305,339,327,305,427,702,677,305,221
381,1023,0,248,1023,0,415,314,305,291,318,305,427,648,617,305,221
364,1023,0,182,1023,0,0,311,305,0,311,305,428,580,560,305,221
488,1023,0,209,1023,0,355,310,305,249,316,305,428,651,621,305,221
479,1023,0,286,1023,0,424,314,305,302,318,305,428,669,656,305,221
500,1023,0,177,1023,0,405,315,305,292,325,305,428,682,668,305,221
441,1023,0,232,1023,0,459,318,305,373,335,305,428,667,653,305,221
524,1023,0,208,1023,0,434,313,305,317,326,305,428,723,707,305,221
515,1023,0,329,1023,0,476,322,305,345,327,305,428,697,678,305,221
471,1023,0,325,1023,0,474,330,305,418,355,305,428,698,675,305,221
477,1023,0,304,1023,0,456,318,305,320,323,305,428,693,670,305,221
460,1023,0,209,1023,0,426,318,305,300,321,305,428,658,648,305,221
527,1023,0,345,1023,0,473,322,305,352,331,305,428,709,676,305,221
656,1023,0,350,1023,0,484,323,305,357,330,305,428,678,643,305,221
472,1023,0,184,1023,0,427,323,305,365,335,305,428,642,624,305,221
460,1023,0,241,1023,0,433,318,305,320,325,305,428,733,721,305,221
663,1023,0,382,1023,0,442,321,305,353,327,305,428,712,691,305,221
447,1023,0,329,1023,0,427,321,305,338,330,305,428,694,673,305,221
504,1023,0,257,1023,0,435,316,305,341,326,305,428,687,664,305,221
520,1023,0,260,1023,0,453,324,305,383,333,305,428,683,654,305,221
427,1023,0,204,1023,0,428,313,305,333,316,305,428,689,670,305,221
566,1023,0,436,1023,0,0,311,305,0,309,305,429,713,691,305,221
437,1023,0,283,1023,0,0,305,305,0,307,305,429,627,619,305,221
502,1023,0,207,1023,0,386,314,305,0,316,305,429,700,684,305,221
370,1023,0,182,1023,0,406,318,305,275,320,305,429,666,658,305,221
390,1023,0,172,1023,0,412,320,305,312,331,305,429,619,605,305,221
336,1023,0,207,1023,0,432,317,305,345,318,305,429,649,631,305,231
453,1023,0,231,1023,0,427,317,305,360,324,305,429,689,672,305,231
523,1023,0,507,1023,0,480,332,305,405,353,305,429,737,719,305,231
586,1023,0,241,1023,0,467,319,305,377,327,305,429,644,623,305,231
350,1023,0,227,1023,0,347,314,305,281,315,305,429,688,679,305,231
396,1023,0,150,930,0,442,319,305,214,321,305,429,622,593,305,231
602,1023,0,336,1023,0,461,324,305,384,340,305,429,719,677,305,231
554,1023,0,281,1023,0,482,327,305,370,336,305,429,688,667,305,231
691,1023,0,462,1023,0,485,324,305,430,350,305,429,728,707,305,231
252,1023,0,161,1023,0,452,315,305,363,330,305,429,610,589,305,231
510,1023,0,437,1023,0,486,328,305,390,337,305,429,680,645,305,231
377,1023,0,245,1023,0,434,314,305,276,318,305,429,631,627,305,231
555,1023,0,288,1023,0,422,315,305,345,321,305,429,697,683,305,231
688,1023,0,326,1023,0,430,315,305,305,325,305,429,718,703,305,231
517,1023,0,261,1023,0,476,330,305,366,336,305,429,718,686,305,231
477,1023,0,325,1023,0,484,329,305,335,329,305,429,659,629,305,231
414,1023,0,309,1023,0,489,318,305,327,324,305,429,652,629,305,231
673,1023,0,386,1023,0,481,330,305,401,339,305,429,733,718,305,231
443,1023,0,259,1023,0,454,324,305,318,327,305,430,643,626,305,231
660,1023,0,517,1023,0,488,324,305,371,330,305,430,734,658,305,231
556,1023,0,334,1023,0,472,319,305,388,336,305,430,692,674,305,231
509,1023,0,347,1023,0,415,318,305,275,321,305,430,743,726,305,231
393,1023,0,290,1023,0,457,324,305,351,332,305,430,674,659,305,231
469,1023,0,339,1023,0,409,319,305,335,337,305,430,704,688,305,231
443,1023,0,255,1023,0,401,311,305,299,319,305,430,702,688,305,231
290,1023,0,219,1023,0,399,314,305,318,325,305,430,601,570,305,231
476,1023,0,237,1023,0,443,323,305,328,327,305,430,708,691,305,231
484,1023,0,236,1023,0,452,327,305,308,321,305,430,648,616,305,231
443,1023,0,266,1023,0,478,326,305,337,327,305,430,694,673,305,231
420,1023,0,359,1023,0,408,319,305,334,324,305,430,644,628,305,231
484,1023,0,220,1023,0,421,316,305,311,325,305,430,630,613,305,231
481,1023,0,334,1023,0,462,317,305,393,344,305,430,687,674,305,231
347,1023,0,211,1023,0,435,318,305,284,322,305,430,668,647,305,231
452,1023,0,168,1023,0,390,312,305,276,317,305,430,662,644,305,231
652,1023,0,291,1023,0,428,320,305,325,322,305,430,687,667,305,231
338,1023,0,310,1023,0,446,323,305,344,328,305,430,636,626,305,231
453,1023,0,314,1023,0,475,320,305,338,324,305,430,666,647,305,231
440,1023,0,222,1023,0,493,317,305,347,319,305,430,657,632,305,231
469,1023,0,403,1023,0,471,324,305,374,329,305,430,672,647,305,231
575,1023,0,395,1023,0,463,319,305,341,326,305,430,669,636,305,231
483,1023,0,398,1023,0,477,319,305,352,327,305,430,728,707,305,231
732,1023,0,349,1023,0,434,317,305,383,333,305,430,709,675,305,231
516,1023,0,154,777,0,385,312,305,299,316,305,431,664,654,305,231
361,1023,0,155,976,0,0,309,305,228,320,305,431,633,623,305,231
693,1023,0,309,1023,0,565,334,305,451,337,305,431,664,631,305,231
232,1023,0,263,1023,0,504,323,305,0,311,305,431,679,666,305,231
515,1023,0,408,1023,0,469,324,305,0,319,305,431,741,720,305,231
566,1023,0,318,1023,0,0,309,305,0,306,305,431,702,696,305,231
593,1023,0,202,1023,0,473,320,305,398,341,305,431,655,634,305,231
278,817,0,213,1023,0,435,323,305,433,361,305,431,368,340,305,231
456,1023,0,291,1023,0,398,318,305,244,319,305,431,717,695,305,231
530,1023,0,306,1023,0,435,318,305,343,329,305,431,716,694,305,231
501,1023,0,314,1023,0,491,327,305,389,341,305,431,713,711,305,231
476,1023,0,216,1023,0,415,315,305,314,322,305,431,699,691,305,231
425,1023,0,247,1023,0,483,327,305,336,328,305,431,678,655,305,231
579,1023,0,456,1023,0,482,326,305,394,340,305,431,759,734,305,231
530,1023,0,215,1023,0,465,323,305,352,324,305,431,651,620,305,231
562,1023,0,274,1023,0,444,323,305,348,333,305,431,655,622,305,231
296,1019,0,172,1023,0,433,314,305,332,327,305,431,632,613,305,231
665,1023,0,280,1023,0,499,336,305,411,344,305,431,726,682,305,231
578,1023,0,236,1023,0,435,319,305,317,327,305,431,636,611,305,231
647,1023,0,290,1023,0,494,328,305,410,343,305,431,736,707,305,231
465,1023,0,188,1023,0,441,319,305,288,322,305,432,610,587,305,231
613,1023,0,194,1023,0,468,326,305,347,333,305,432,675,657,305,231
261,1023,0,212,1023,0,474,335,305,448,390,305,432,398,356,305,231
497,1023,0,345,1023,0,432,318,305,355,323,305,432,687,669,305,231
442,1023,0,260,1023,0,433,319,305,327,321,305,432,666,643,305,231
434,1023,0,297,1023,0,452,319,305,350,336,305,432,646,621,305,231
362,1023,0,208,1023,0,410,314,305,301,323,305,432,624,600,305,231
432,1023,0,186,1015,0,448,321,305,221,315,305,432,653,637,305,231
398,1023,0,219,1023,0,472,323,305,357,323,305,432,670,651,305,231
417,1023,0,293,1023,0,504,329,305,414,342,305,432,723,701,305,231
547,1023,0,296,1023,0,453,322,305,367,335,305,432,710,691,305,231
492,1023,0,238,1023,0,421,314,305,315,317,305,432,690,674,305,231
386,1023,0,257,1023,0,441,324,305,323,326,305,432,678,652,305,231
417,1023,0,186,1023,0,379,314,305,248,318,305,432,678,662,305,231
462,1023,0,263,1023,0,473,329,305,356,332,305,432,662,650,305,231
431,1023,0,342,1023,0,472,324,305,302,329,305,432,705,682,305,231
302,1023,0,180,1023,0,435,317,305,305,327,305,432,665,647,305,231
375,1023,0,252,1023,0,453,315,305,323,325,305,432,687,674,305,231
420,1023,0,253,1023,0,426,317,305,338,325,305,432,578,564,305,231
444,1023,0,176,1023,0,428,319,305,290,320,305,432,669,651,305,231
427,1023,0,180,1023,0,421,317,305,279,327,305,432,632,606,305,231
357,1023,0,224,1023,0,412,315,305,223,321,305,432,670,660,305,231
384,1023,0,227,1023,0,396,310,305,213,323,305,433,646,636,305,231
394,1023,0,186,1023,0,404,315,305,313,326,305,433,646,632,305,231
343,1023,0,220,1023,0,417,320,305,328,326,305,433,666,644,305,231
483,1023,0,215,1023,0,442,314,305,304,319,305,433,698,682,305,231
479,1023,0,231,1023,0,317,318,305,280,320,305,433,626,607,305,231
441,1023,0,112,832,0,408,317,305,317,332,305,433,672,668,305,231
406,1023,0,179,1023,0,437,317,305,318,322,305,433,628,596,305,231
482,1023,0,246,1023,0,457,324,305,303,324,305,433,663,649,305,231
476,1023,0,211,1023,0,420,315,305,293,316,305,433,682,660,305,231
329,1023,0,208,1023,0,440,320,305,344,333,305,433,745,730,305,231
472,1023,0,272,1023,0,457,324,305,388,348,305,433,697,679,305,231
606,1023,0,303,1023,0,437,322,305,355,333,305,433,763,727,305,231
537,1023,0,260,1023,0,470,319,305,342,324,305,433,599,557,305,231
540,1023,0,242,1023,0,470,321,305,329,320,305,433,654,609,305,231
631,1023,0,474,1023,0,492,318,305,378,335,305,433,711,662,305,231
544,1023,0,405,1023,0,495,329,305,400,332,305,433,751,733,305,231
536,1023,0,204,1023,0,416,314,305,315,323,305,433,697,667,305,231
333,1023,0,200,1023,0,436,322,305,341,320,305,433,679,669,305,231
385,1023,0,178,1023,0,397,313,305,317,325,305,433,623,614,305,231
615,1023,0,288,1023,0,468,321,305,286,326,305,433,639,610,305,231
408,1023,0,166,1023,0,375,316,305,243,318,305,433,588,566,305,231
538,1023,0,205,1023,0,433,317,305,332,330,305,433,633,606,305,231
602,1023,0,323,1023,0,438,318,305,324,329,305,434,700,688,305,231
526,1023,0,353,1023,0,442,318,305,342,332,305,434,695,667,305,231
439,1023,0,340,1023,0,474,329,305,378,340,305,434,773,760,305,231
299,1023,0,153,1023,0,420,312,305,267,317,305,434,648,635,305,231
557,1023,0,260,1023,0,459,329,305,342,336,305,434,659,644,305,231
394,1023,0,260,1023,0,445,319,305,348,325,305,434,751,721,305,231
341,1023,0,308,1023,0,450,320,305,347,331,305,434,689,681,305,231
395,1023,0,271,1023,0,458,321,305,319,329,305,434,675,652,305,231
345,1023,0,198,1023,0,486,331,305,341,332,305,434,662,639,305,231
704,1023,0,334,1023,0,427,316,305,306,322,305,434,713,696,305,231
519,1023,0,334,1023,0,482,326,305,460,367,305,434,694,673,305,231
470,1023,0,263,1023,0,465,316,305,353,321,305,434,584,544,305,231
405,1023,0,280,1023,0,407,315,305,313,319,305,434,647,629,305,231
449,1023,0,212,1023,0,367,313,305,341,322,305,434,642,613,305,241
698,1023,0,596,1023,0,482,326,305,409,345,305,434,787,755,305,241
601,1023,0,370,1023,0,442,319,305,363,329,305,434,740,729,305,241
421,1023,0,218,1023,0,419,313,305,237,319,305,434,654,638,305,241
617,1023,0,294,1023,0,450,318,305,364,324,305,434,684,637,305,241
582,1023,0,305,1023,0,442,319,305,380,325,305,434,694,668,305,241
431,1023,0,367,1023,0,429,324,305,271,327,305,434,737,728,305,241
428,1023,0,145,860,0,447,317,305,322,322,305,434,637,612,305,241
567,1023,0,297,1023,0,440,315,305,296,324,305,434,675,654,305,241
388,1023,0,147,863,0,393,312,305,248,316,305,434,580,563,305,241
481,1023,0,446,1023,0,457,327,305,394,332,305,434,757,742,305,241
325,1023,0,308,1023,0,411,321,305,315,325,305,434,670,653,305,241
483,1023,0,182,821,0,435,316,305,347,322,305,435,598,576,305,241
440,1023,0,263,1023,0,406,313,305,268,323,305,435,682,658,305,241
422,1023,0,255,1023,0,466,325,305,391,342,305,435,700,677,305,241
357,1023,0,219,1023,0,422,317,305,335,326,305,435,636,621,305,241
790,1023,0,481,1023,0,478,319,305,379,320,305,435,739,674,305,241
591,1023,0,346,1023,0,436,316,305,352,327,305,435,721,699,305,241
490,1023,0,260,1023,0,450,321,305,365,341,305,435,631,583,305,241
344,1023,0,182,1023,0,349,314,305,257,316,305,435,543,540,305,241
472,1023,0,266,1023,0,454,321,305,351,324,305,435,611,560,305,241
431,1023,0,316,1023,0,461,323,305,368,337,305,435,690,674,305,241
529,1023,0,299,1023,0,434,317,305,332,321,305,435,685,661,305,241
354,1023,0,162,1023,0,396,319,305,320,321,305,435,618,600,305,241
390,924,0,308,1023,0,441,321,305,357,330,305,435,651,606,305,241
333,1007,0,168,941,0,446,314,305,314,318,305,435,557,529,305,241
333,1023,0,229,1023,0,414,317,305,268,321,305,435,668,647,305,241
741,1023,0,374,1023,0,481,329,305,409,340,305,435,762,744,305,241
832,1023,0,459,1023,0,476,324,305,391,339,305,435,737,659,305,241
438,1023,0,208,1023,0,416,317,305,339,321,305,435,677,652,305,241
434,1023,0,251,1023,0,402,314,305,324,319,305,435,641,621,305,241
468,1023,0,235,1023,0,377,313,305,0,313,305,435,711,688,305,241
486,1023,0,448,1023,0,488,336,305,394,340,305,435,734,713,305,241
402,1023,0,252,1023,0,447,317,305,342,330,305,435,701,679,305,241
403,1023,0,145,920,0,255,313,305,278,316,305,435,532,519,305,241
845,1023,0,537,1023,0,468,318,305,395,327,305,435,750,696,305,241
774,1023,0,336,1023,0,459,322,305,347,325,305,435,665,644,305,241
341,1023,0,264,1023,0,394,317,305,302,322,305,435,679,669,305,241
648,1023,0,399,1023,0,453,323,305,397,329,305,435,698,632,305,241
592,1023,0,323,1023,0,465,324,305,296,321,305,435,682,665,305,241
476,1023,0,248,1023,0,427,321,305,303,331,305,435,712,701,305,241
606,1023,0,350,1023,0,442,323,305,332,323,305,436,664,637,305,241
452,1023,0,306,1023,0,460,322,305,341,335,305,436,691,671,305,241
368,1023,0,171,1023,0,0,307,305,149,316,305,436,512,482,305,241
478,1023,0,216,1023,0,364,315,305,301,321,305,436,694,685,305,241
361,1023,0,209,1023,0,421,315,305,337,324,305,436,696,685,305,241
598,1023,0,364,1023,0,469,323,305,372,328,305,436,703,680,305,241
486,1023,0,253,1023,0,444,317,305,340,327,305,436,698,674,305,241
499,1023,0,211,1023,0,384,314,305,314,323,305,436,638,607,305,241
290,1023,0,189,1023,0,392,316,305,324,327,305,436,701,692,305,241
461,1023,0,191,1023,0,337,311,305,320,316,305,436,601,582,305,241
367,1023,0,160,1023,0,433,312,305,322,328,305,436,650,630,305,241
441,1023,0,318,1023,0,489,338,305,470,403,305,436,633,621,305,241
464,1023,0,189,1023,0,465,318,305,333,333,305,436,630,613,305,241
642,1023,0,554,1023,0,496,336,305,418,343,305,436,775,756,305,241
489,1023,0,356,1023,0,464,327,305,390,332,305,436,729,707,305,241
380,1023,0,167,1023,0,396,313,305,286,327,305,436,657,640,305,241
324,1023,0,183,1023,0,421,312,305,334,320,305,436,705,696,305,241
424,1023,0,161,1023,0,401,311,305,299,321,305,436,602,582,305,241
465,1023,0,217,1023,0,353,312,305,241,315,305,436,675,664,305,241
417,1023,0,177,1023,0,416,318,305,234,316,305,436,662,637,305,241
288,1023,0,204,1023,0,368,314,305,149,313,305,436,645,636,305,241
471,1023,0,367,1023,0,448,334,305,289,322,305,436,740,723,305,241
427,1023,0,264,1023,0,419,315,305,307,319,305,436,654,643,305,241
376,1023,0,331,1023,0,381,317,305,296,323,305,436,754,736,305,241
352,1023,0,293,1023,0,455,323,305,330,329,305,437,666,644,305,241
385,1023,0,212,1023,0,406,314,305,247,319,305,437,599,587,305,241
440,1023,0,297,1023,0,431,321,305,342,323,305,437,736,719,305,241
779,1023,0,410,1023,0,460,321,305,404,345,305,437,721,691,305,241
330,1023,0,217,1023,0,367,313,305,302,320,305,437,649,640,305,241
505,1023,0,140,955,0,351,313,305,321,323,305,437,740,723,305,241
450,1023,0,206,1023,0,410,314,305,305,318,305,437,672,658,305,241
380,1023,0,270,1023,0,451,320,305,363,330,305,437,667,653,305,241
591,1023,0,252,1023,0,443,319,305,371,327,305,437,657,628,305,241
428,1023,0,273,1023,0,447,321,305,304,328,305,437,667,655,305,241
357,1023,0,192,1023,0,211,316,305,254,317,305,437,639,624,305,241
552,1023,0,229,1023,0,435,318,305,277,322,305,437,676,641,305,241
549,1023,0,172,1023,0,448,320,305,327,326,305,437,661,647,305,241
559,1023,0,313,1023,0,487,327,305,364,334,305,437,708,683,305,241
370,1023,0,222,1023,0,424,312,305,254,316,305,437,619,607,305,241
297,1023,0,151,1023,0,401,315,305,306,320,305,437,589,571,305,241
413,1023,0,267,1023,0,386,313,305,310,321,305,437,649,629,305,241
264,1023,0,203,1023,0,425,316,305,312,321,305,437,647,638,305,241
550,1023,0,159,962,0,401,316,305,326,323,305,437,669,628,305,241
505,1023,0,205,1023,0,437,323,305,330,321,305,437,683,661,305,241
398,1023,0,150,1018,0,0,310,305,196,317,305,437,638,612,305,241
403,1023,0,289,1023,0,446,319,305,350,333,305,437,713,697,305,241
336,1023,0,191,1023,0,294,310,305,291,319,305,437,720,715,305,241
498,1023,0,393,1023,0,440,317,305,322,324,305,437,658,632,305,241
489,1023,0,198,1023,0,424,315,305,290,325,305,437,656,643,305,241
470,1023,0,252,1023,0,433,320,305,325,331,305,437,607,583,305,241
544,1023,0,195,1023,0,449,316,305,333,323,305,437,658,635,305,241
396,1023,0,292,1023,0,319,318,305,336,326,305,437,654,627,305,241
459,1023,0,252,1023,0,443,319,305,248,316,305,438,687,670,305,241
331,1023,0,340,1023,0,452,318,305,359,331,305,438,704,691,305,241
391,1023,0,184,1023,0,424,316,305,225,315,305,438,608,591,305,241
402,1023,0,259,1023,0,417,319,305,348,321,305,438,672,648,305,241
344,1023,0,225,1023,0,439,321,305,333,333,305,438,669,651,305,241
458,1023,0,234,1023,0,409,317,305,303,323,305,438,646,620,305,241
494,1023,0,308,1023,0,450,321,305,322,328,305,438,626,598,305,241
422,1023,0,184,1023,0,406,316,305,315,323,305,438,644,625,305,241
538,1023,0,193,1023,0,447,320,305,326,324,305,438,691,663,305,241
333,1023,0,292,1023,0,434,322,305,398,336,305,438,696,680,305,241
565,1023,0,483,1023,0,487,328,305,402,343,305,438,749,722,305,241
511,1023,0,313,1023,0,448,317,305,358,329,305,438,666,642,305,241
448,1023,0,322,1023,0,443,318,305,318,321,305,438,710,696,305,241
424,1023,0,285,1023,0,438,321,305,329,330,305,438,620,605,305,241
544,1023,0,289,1023,0,441,317,305,298,314,305,438,648,626,305,241
530,1023,0,320,1023,0,436,321,305,327,319,305,438,736,713,305,241
337,1023,0,206,1023,0,403,318,305,249,317,305,438,605,593,305,241
423,1023,0,217,1023,0,391,316,305,313,317,305,438,646,616,305,241
813,1023,0,464,1023,0,442,318,305,367,325,305,438,719,675,305,241
555,1023,0,249,1023,0,427,318,305,308,318,305,438,682,656,305,241
414,1023,0,219,1023,0,388,313,305,237,325,305,438,682,664,305,241
777,1023,0,528,1023,0,490,334,305,412,350,305,438,723,701,305,241
708,1023,0,286,1023,0,473,323,305,332,330,305,438,715,695,305,241
391,1023,0,222,1023,0,416,313,305,295,319,305,438,684,656,305,241
584,1023,0,444,1023,0,472,326,305,387,341,305,438,738,712,305,241
570,1023,0,343,1023,0,468,327,305,359,331,305,438,725,708,305,241
317,1023,0,237,1023,0,420,314,305,266,317,305,438,701,691,305,241
588,1023,0,427,1023,0,489,335,305,317,325,305,439,762,699,305,241
569,1023,0,261,1023,0,463,324,305,335,327,305,439,715,696,305,241
826,1023,0,465,1023,0,460,320,305,368,329,305,439,709,615,305,251
419,1023,0,381,1023,0,463,326,305,377,345,305,439,756,730,305,251
455,1023,0,410,1023,0,451,320,305,378,338,305,439,719,702,305,251
480,1023,0,518,1023,0,465,321,305,388,335,305,439,755,738,305,251
386,1023,0,211,1023,0,359,315,305,272,316,305,439,654,643,305,251
479,1023,0,266,1023,0,458,317,305,360,325,305,439,692,676,305,251
376,1023,0,189,1023,0,424,322,305,327,323,305,439,659,642,305,251
441,1023,0,175,1023,0,375,316,305,356,325,305,439,643,621,305,251
348,1023,0,286,1023,0,415,313,305,281,322,305,439,672,657,305,251
335,1023,0,194,1023,0,415,317,305,26,315,305,439,620,610,305,251
387,1023,0,206,1023,0,441,314,305,301,321,305,439,632,597,305,251
589,1023,0,283,1023,0,438,320,305,348,325,305,439,722,693,305,251
468,1023,0,240,1023,0,470,320,305,332,317,305,439,657,624,305,251
471,1023,0,323,1023,0,447,322,305,456,387,305,439,720,709,305,251
526,1023,0,282,1023,0,466,326,305,343,323,305,439,669,640,305,251
677,1023,0,604,1023,0,478,331,305,405,344,305,439,761,706,305,251
412,1023,0,283,1023,0,413,316,305,273,318,305,439,677,663,305,251
377,1023,0,214,1023,0,419,318,305,274,319,305,439,654,638,305,251
418,1023,0,228,1023,0,445,316,305,336,321,305,440,663,644,305,251
714,1023,0,377,1023,0,415,317,305,322,326,305,440,698,678,305,251
460,1023,0,243,1023,0,433,318,305,322,327,305,440,673,648,305,251
482,1023,0,358,1023,0,425,318,305,324,325,305,440,727,703,305,251
359,1023,0,240,1023,0,391,313,305,283,315,305,440,646,638,305,251
706,1023,0,325,1023,0,438,329,305,354,330,305,440,704,681,305,251
382,1023,0,285,1023,0,401,314,305,271,317,305,440,735,723,305,251
360,1023,0,379,1023,0,455,323,305,283,325,305,440,679,666,305,251
451,1023,0,264,1023,0,406,318,305,353,331,305,440,668,642,305,251
406,1023,0,180,1023,0,434,315,305,329,320,305,440,653,633,305,251
440,1023,0,266,1023,0,409,317,305,352,334,305,440,691,681,305,251
350,1023,0,195,1023,0,428,321,305,350,337,305,440,674,656,305,251
498,1023,0,351,1023,0,431,318,305,334,329,305,440,663,639,305,251
372,1023,0,156,1015,0,368,315,305,343,331,305,440,686,671,305,251
415,1023,0,333,1023,0,479,336,305,391,345,305,440,713,700,305,251
338,1023,0,262,1023,0,425,316,305,320,317,305,440,643,628,305,251
497,1023,0,269,1023,0,452,315,305,322,321,305,440,687,674,305,251
356,1023,0,202,1023,0,432,315,305,298,319,305,440,678,664,305,251
383,1023,0,351,1023,0,378,317,305,304,321,305,440,645,615,305,251
473,1023,0,428,1023,0,431,320,305,323,319,305,440,725,701,305,251
410,1023,0,366,1023,0,475,323,305,353,332,305,440,712,695,305,251
374,1023,0,210,1023,0,433,317,305,332,325,305,440,641,620,305,251
461,1023,0,329,1023,0,417,321,305,256,318,305,440,721,708,305,251
410,1023,0,212,1023,0,394,314,305,292,319,305,440,702,691,305,251
344,1023,0,266,1023,0,484,321,305,404,335,305,440,700,683,305,251
483,1023,0,303,1023,0,498,325,305,390,331,305,440,682,644,305,251
359,1023,0,175,1014,0,417,311,305,345,323,305,441,664,648,305,251
361,1023,0,188,1023,0,458,317,305,336,318,305,441,651,630,305,251
456,1023,0,360,1023,0,472,324,305,324,333,305,441,750,734,305,251
632,1023,0,278,1023,0,462,322,305,326,322,305,441,696,670,305,251
383,1023,0,197,1023,0,398,314,305,312,319,305,441,597,587,305,251
493,1023,0,331,1023,0,441,321,305,333,329,305,441,719,702,305,251
393,1023,0,191,1023,0,454,314,305,337,328,305,441,654,640,305,251
457,1023,0,331,1023,0,426,319,305,309,326,305,441,661,649,305,251
444,1023,0,288,1023,0,409,315,305,366,324,305,441,715,683,305,251
444,1023,0,241,1023,0,455,322,305,376,334,305,441,668,652,305,251
581,1023,0,345,1023,0,417,317,305,280,322,305,441,758,740,305,251
450,1023,0,210,1023,0,408,317,305,312,320,305,441,697,684,305,251
508,1023,0,473,1023,0,477,324,305,383,333,305,441,719,692,305,251
447,1023,0,219,1023,0,362,316,305,285,317,305,441,691,660,305,251
328,1023,0,301,1023,0,295,314,305,0,313,305,441,639,629,305,251
444,1023,0,171,975,0,0,313,305,223,323,305,441,628,615,305,251
647,1023,0,282,1023,0,472,320,305,366,337,305,441,687,653,305,251
499,1023,0,256,1023,0,372,311,305,292,323,305,441,679,667,305,251
588,1023,0,335,1023,0,483,334,305,410,344,305,441,676,648,305,251
524,1023,0,388,1023,0,444,315,305,316,322,305,441,727,693,305,251
349,1023,0,186,1023,0,380,311,305,233,313,305,441,674,660,305,251
575,1023,0,332,1023,0,417,319,305,294,322,305,441,731,702,305,251
459,1023,0,356,1023,0,479,322,305,334,324,305,441,674,653,305,251
434,1023,0,310,1023,0,452,317,305,282,329,305,441,721,704,305,251
390,1023,0,264,1023,0,433,319,305,279,322,305,441,674,655,305,251
494,1023,0,314,1023,0,444,321,305,322,327,305,442,724,705,305,251
384,1023,0,330,1023,0,415,320,305,326,324,305,442,679,665,305,251
616,1023,0,342,1023,0,412,319,305,347,339,305,442,739,724,305,251
382,1023,0,183,1023,0,381,313,305,106,314,305,442,627,604,305,251
641,1023,0,366,1023,0,460,325,305,370,337,305,442,720,701,305,251
768,1023,0,377,1023,0,457,315,305,352,319,305,442,717,678,305,251
338,1023,0,255,1023,0,413,318,305,297,327,305,442,704,690,305,251
527,1023,0,199,1023,0,441,313,305,328,324,305,442,645,633,305,251
368,1023,0,218,1023,0,350,314,305,221,316,305,442,694,677,305,251
510,1023,0,382,1023,0,441,321,305,296,322,305,442,677,648,305,251
458,1023,0,253,1023,0,388,310,305,264,316,305,442,707,690,305,251
386,1023,0,188,1023,0,405,321,305,271,318,305,442,656,639,305,251
407,1023,0,162,1023,0,377,312,305,330,321,305,442,637,606,305,251
542,1023,0,170,938,0,439,320,305,291,327,305,442,651,631,305,251
296,1023,0,163,1023,0,391,311,305,291,318,305,442,629,624,305,251
490,1023,0,160,1023,0,434,323,305,334,335,305,442,703,686,305,251
495,1023,0,254,1023,0,426,319,305,301,324,305,442,695,685,305,251
429,1023,0,173,1023,0,430,315,305,289,320,305,442,675,661,305,251
536,1023,0,265,1023,0,456,320,305,354,331,305,442,696,682,305,251
495,1023,0,518,1023,0,487,329,305,470,384,305,442,708,684,305,251
417,1023,0,412,1023,0,453,322,305,348,329,305,442,698,675,305,251
569,1023,0,477,1023,0,473,321,305,387,328,305,442,766,741,305,251
321,1023,0,149,957,0,436,316,305,334,321,305,442,654,640,305,251
280,1023,0,169,1023,0,426,313,305,301,325,305,442,671,653,305,251
450,1023,0,192,1023,0,477,320,305,317,325,305,443,481,451,305,251
477,1023,0,251,1023,0,420,317,305,226,316,305,443,654,638,305,251
442,1023,0,228,1023,0,348,314,305,301,317,305,443,646,632,305,251
370,1023,0,274,1023,0,406,317,305,288,322,305,443,619,592,305,251
538,1023,0,349,1023,0,410,318,305,308,326,305,443,776,758,305,251
426,1023,0,255,1023,0,451,318,305,248,318,305,443,646,628,305,251
501,1023,0,231,1023,0,338,314,305,324,327,305,443,657,628,305,251
554,1023,0,385,1023,0,456,319,305,314,328,305,443,755,737,305,251
357,1023,0,259,1023,0,375,311,305,317,321,305,443,665,649,305,251
310,1023,0,187,1023,0,422,314,305,315,316,305,443,669,658,305,251
782,1023,0,491,1023,0,501,333,305,410,348,305,443,759,690,305,261
457,1023,0,268,1023,0,442,320,305,333,330,305,443,679,656,305,261
433,1023,0,402,1023,0,426,318,305,335,322,305,443,717,694,305,261
558,1023,0,209,1023,0,450,319,305,317,320,305,443,623,605,305,261
750,1023,0,492,1023,0,457,316,305,356,324,305,443,724,693,305,261
392,1023,0,226,1023,0,440,313,305,214,317,305,443,555,532,305,261
535,1023,0,304,1023,0,429,318,305,281,325,305,443,709,691,305,261
459,1023,0,250,1023,0,424,317,305,303,322,305,443,649,636,305,261
591,1023,0,330,1023,0,463,323,305,362,330,305,443,723,705,305,261
801,1023,0,485,1023,0,501,328,305,376,328,305,443,744,686,305,261
377,1023,0,235,1023,0,405,315,305,267,313,305,443,665,648,305,261
573,1023,0,428,1023,0,473,322,305,344,330,305,443,733,725,305,261
481,1023,0,275,1023,0,472,325,305,361,333,305,443,674,653,305,261
636,1023,0,521,1023,0,471,323,305,365,328,305,443,722,690,305,261
688,1023,0,422,1023,0,480,326,305,412,346,305,443,736,696,305,261
364,1023,0,209,1023,0,371,314,305,288,317,305,443,601,581,305,261
418,1023,0,256,1023,0,431,318,305,325,329,305,443,593,579,305,261
542,1023,0,244,1023,0,411,315,305,280,318,305,443,653,635,305,261
392,1023,0,142,973,0,419,313,305,284,324,305,444,650,636,305,261
396,1023,0,249,1023,0,456,318,305,300,321,305,444,709,696,305,261
410,1023,0,233,1023,0,423,320,305,325,320,305,444,663,656,305,261
645,1023,0,275,1023,0,469,326,305,391,342,305,444,699,668,305,261
466,1023,0,279,1023,0,437,319,305,284,317,305,444,690,677,305,261
431,1023,0,204,1023,0,0,313,305,124,316,305,444,657,641,305,261
504,1023,0,264,1023,0,419,318,305,322,325,305,444,664,651,305,261
619,1023,0,274,1023,0,397,314,305,266,320,305,444,710,673,305,261
487,1023,0,199,1023,0,391,317,305,321,317,305,444,672,647,305,261
559,1023,0,422,1023,0,449,325,305,367,331,305,444,684,659,305,261
387,1023,0,266,1023,0,476,321,305,390,351,305,444,661,651,305,261
442,1023,0,389,1023,0,437,320,305,335,330,305,444,747,734,305,261
539,1023,0,202,1023,0,481,325,305,366,329,305,444,672,634,305,261
414,1023,0,209,1023,0,391,316,305,307,321,305,444,634,619,305,261
410,1023,0,228,1023,0,451,316,305,347,323,305,444,684,668,305,261
428,1023,0,259,1023,0,354,312,305,274,319,305,444,691,676,305,261
348,1023,0,188,1023,0,422,313,305,281,322,305,444,664,651,305,261
438,1023,0,265,1023,0,423,319,305,291,325,305,444,726,717,305,261
353,1023,0,233,1023,0,433,317,305,302,323,305,444,688,674,305,261
427,1023,0,234,1023,0,381,313,305,222,314,305,444,731,720,305,261
414,1023,0,223,1023,0,396,313,305,227,315,305,444,691,669,305,261
397,1023,0,309,1023,0,478,332,305,362,331,305,444,691,675,305,261
358,1023,0,182,1023,0,417,315,305,185,316,305,444,641,626,305,261
443,1023,0,330,1023,0,424,323,305,368,330,305,444,667,628,305,261
501,1023,0,257,1023,0,445,323,305,313,321,305,444,696,674,305,261
553,1023,0,216,1023,0,325,316,305,272,319,305,444,656,645,305,261
489,1023,0,231,1023,0,430,320,305,401,338,305,445,652,634,305,261
477,1023,0,212,1023,0,417,315,305,365,333,305,445,798,792,305,261
326,1023,0,167,1023,0,416,316,305,212,318,305,445,600,585,305,261
415,1023,0,179,1023,0,394,316,305,286,321,305,445,648,626,305,261
353,1023,0,106,720,0,385,311,305,294,320,305,445,664,658,305,261
680,1023,0,532,1023,0,451,324,305,366,333,305,445,745,729,305,261
344,1023,0,258,1023,0,424,315,305,272,317,305,445,657,642,305,261
593,1023,0,237,1023,0,417,316,305,326,322,305,445,676,657,305,261
591,1023,0,318,1023,0,408,324,305,306,322,305,445,652,620,305,261
576,1023,0,269,1023,0,412,316,305,341,332,305,445,647,611,305,261
433,1023,0,235,1023,0,451,317,305,299,318,305,445,659,637,305,261
472,1023,0,209,1023,0,459,316,305,313,324,305,445,495,470,305,261
750,1023,0,444,1023,0,472,320,305,396,328,305,445,768,697,305,261
473,1023,0,155,769,0,420,313,305,301,326,305,445,693,638,305,261
457,1023,0,268,1023,0,402,312,305,249,317,305,445,720,696,305,261
414,1023,0,424,1023,0,459,318,305,359,324,305,445,686,668,305,261
485,1023,0,270,1023,0,444,317,305,286,319,305,445,648,634,305,261
566,1023,0,242,1023,0,432,315,305,319,326,305,445,714,704,305,261
381,1023,0,284,1023,0,441,321,305,290,326,305,445,726,717,305,261
304,1023,0,218,1023,0,378,314,305,315,329,305,445,687,675,305,261
737,1023,0,437,1023,0,450,322,305,333,331,305,445,676,598,305,261
481,1023,0,232,1023,0,357,317,305,290,315,305,445,624,588,305,261
615,1023,0,406,1023,0,478,325,305,388,340,305,445,717,693,305,261
374,1023,0,340,1023,0,405,318,305,294,330,305,445,634,611,305,261
441,1023,0,172,1023,0,471,319,305,350,325,305,445,629,607,305,261
537,1023,0,286,1023,0,442,317,305,356,322,305,446,697,680,305,261
349,1023,0,212,1023,0,432,319,305,343,332,305,446,655,638,305,261
430,1023,0,268,1023,0,451,323,305,398,351,305,446,690,678,305,261
618,1023,0,285,1023,0,442,317,305,306,323,305,446,665,588,305,261
322,1023,0,157,1023,0,422,316,305,354,337,305,446,572,540,305,261
442,1023,0,307,1023,0,433,319,305,358,331,305,446,637,619,305,261
317,1023,0,251,1023,0,439,317,305,342,327,305,446,649,630,305,261
521,1023,0,191,1023,0,408,316,305,405,352,305,446,643,620,305,261
528,1023,0,305,1023,0,411,318,305,304,326,305,446,680,659,305,261
419,1023,0,222,1023,0,447,321,305,267,319,305,446,671,645,305,261
440,1023,0,222,1023,0,486,319,305,314,326,305,446,677,666,305,261
641,1023,0,336,1023,0,454,324,305,378,339,305,446,694,675,305,261
439,1023,0,377,1023,0,450,316,305,330,326,305,446,686,666,305,261
590,1023,0,379,1023,0,477,326,305,384,336,305,446,711,694,305,261
384,1023,0,288,1023,0,477,325,305,401,341,305,446,661,650,305,261
562,1023,0,343,1023,0,445,319,305,324,324,305,446,673,625,305,261
481,1023,0,365,1023,0,340,314,305,340,323,305,446,689,676,305,261
388,1023,0,245,1023,0,444,319,305,246,315,305,446,708,702,305,261
427,1023,0,265,1023,0,459,318,305,336,323,305,446,673,655,305,261
324,1023,0,184,1023,0,405,315,305,241,316,305,446,620,600,305,261
709,1023,0,333,1023,0,440,326,305,338,330,305,446,735,702,305,261
479,1023,0,277,1023,0,467,324,305,317,322,305,446,679,665,305,261
374,1023,0,218,1023,0,380,316,305,41,313,305,446,633,620,305,261
549,1023,0,361,1023,0,410,320,305,350,328,305,446,705,691,305,261
736,1023,0,301,1023,0,447,317,305,370,328,305,447,702,652,305,261
525,1023,0,330,1023,0,443,316,305,334,327,305,447,681,665,305,261
451,1023,0,204,1023,0,455,319,305,322,317,305,447,615,592,305,261
325,1023,0,191,1023,0,336,310,305,222,314,305,447,597,572,305,261
601,1023,0,218,1023,0,455,324,305,324,318,305,447,702,684,305,261
369,1023,0,235,1023,0,418,316,305,171,316,305,447,628,612,305,261
372,1023,0,231,1023,0,411,313,305,323,323,305,447,635,624,305,261
365,1023,0,164,1023,0,352,314,305,235,313,305,447,587,573,305,261
541,1023,0,380,1023,0,440,322,305,330,332,305,447,690,676,305,271
453,1023,0,209,991,0,440,315,305,337,320,305,447,605,570,305,271
426,1023,0,123,799,0,464,315,305,324,320,305,447,600,585,305,271
666,1023,0,325,1023,0,422,320,305,347,327,305,447,676,649,305,271
617,1023,0,210,1023,0,442,314,305,294,321,305,447,652,629,305,271
549,1023,0,211,1023,0,418,321,305,276,319,305,447,609,583,305,271
465,1023,0,219,1023,0,407,314,305,326,323,305,447,665,652,305,271
472,1023,0,284,1023,0,451,318,305,321,324,305,447,674,641,305,271
512,1023,0,318,1023,0,429,323,305,319,322,305,447,678,659,305,271
383,1023,0,358,1023,0,451,317,305,330,321,305,447,710,691,305,271
412,1023,0,324,1023,0,479,329,305,392,343,305,447,690,672,305,271
654,1023,0,481,1023,0,480,332,305,393,344,305,447,747,733,305,271
302,1023,0,244,1023,0,446,318,305,427,356,305,447,703,689,305,271
527,1023,0,348,1023,0,455,323,305,350,335,305,447,659,643,305,271
528,1023,0,291,1023,0,450,324,305,287,323,305,447,687,663,305,271
581,1023,0,283,1023,0,416,323,305,286,324,305,447,653,636,305,271
273,1023,0,173,1023,0,391,314,305,265,322,305,447,538,527,305,271
531,1023,0,328,1023,0,470,325,305,322,321,305,447,676,661,305,271
324,1023,0,210,1023,0,416,313,305,249,314,305,447,599,580,305,271
601,1023,0,444,1023,0,464,322,305,327,325,305,447,738,700,305,271
282,1023,0,222,1023,0,361,313,305,307,325,305,448,586,581,305,271
474,1023,0,259,1023,0,466,320,305,271,325,305,448,607,575,305,271
403,1023,0,256,1023,0,386,318,305,301,323,305,448,716,700,305,271
507,1023,0,295,1023,0,381,312,305,284,324,305,448,664,650,305,271
469,1023,0,299,1023,0,423,317,305,319,324,305,448,714,694,305,271
619,1023,0,280,1023,0,482,331,305,407,350,305,448,698,677,305,271
467,1023,0,255,1023,0,450,319,305,312,319,305,448,706,690,305,271
638,1023,0,214,1023,0,440,322,305,398,339,305,448,700,674,305,271
589,1023,0,344,1023,0,453,322,305,357,337,305,448,790,773,305,271
417,1023,0,172,1023,0,407,315,305,313,325,305,448,687,674,305,271
464,1023,0,213,1023,0,431,318,305,294,322,305,448,683,663,305,271
597,1023,0,448,1023,0,413,315,305,261,323,305,448,732,711,305,271
459,1023,0,198,1023,0,415,318,305,281,323,305,448,651,620,305,271
656,1023,0,433,1023,0,472,326,305,391,328,305,448,749,716,305,271
612,1023,0,375,1023,0,440,328,305,355,330,305,448,677,660,305,271
576,1023,0,465,1023,0,451,323,305,308,323,305,448,761,746,305,271
744,1023,0,485,1023,0,475,322,305,341,322,305,448,704,636,305,271
338,1023,0,210,1023,0,469,315,305,358,324,305,448,664,650,305,271
635,1023,0,352,1023,0,459,318,305,336,324,305,448,693,670,305,271
428,1023,0,285,1023,0,452,321,305,322,319,305,448,679,665,305,271
475,1023,0,314,1023,0,406,315,305,263,320,305,448,751,737,305,271
349,1023,0,207,1023,0,370,314,305,203,313,305,448,641,627,305,271
472,1023,0,310,1023,0,410,319,305,327,325,305,448,638,616,305,271
471,1023,0,255,1023,0,359,313,305,113,315,305,449,720,698,305,271
519,1023,0,295,1023,0,457,317,305,322,326,305,449,704,686,305,271
436,1023,0,251,1023,0,340,315,305,177,315,305,449,641,624,305,271
429,1023,0,255,1023,0,408,315,305,311,324,305,449,672,655,305,271
452,1023,0,217,1023,0,396,314,305,240,317,305,449,630,621,305,271
485,1023,0,287,1023,0,406,316,305,307,320,305,449,719,706,305,271
425,1023,0,252,1023,0,463,321,305,314,317,305,449,685,670,305,271
393,1023,0,148,970,0,390,315,305,330,324,305,449,784,772,305,271
400,1023,0,278,1023,0,442,317,305,272,323,305,449,668,656,305,271
351,1023,0,210,1023,0,394,316,305,301,324,305,449,652,636,305,271
370,1023,0,345,1023,0,473,326,305,321,329,305,449,743,725,305,271
346,1023,0,235,1023,0,452,323,305,329,330,305,449,677,667,305,271
340,1023,0,215,1023,0,458,320,305,335,325,305,449,701,689,305,271
561,1023,0,321,1023,0,468,321,305,395,342,305,449,721,700,305,271
479,1023,0,133,761,0,418,314,305,339,322,305,449,594,569,305,271
659,1023,0,577,1023,0,504,329,305,368,327,305,449,710,628,305,271
463,1023,0,212,1023,0,430,321,305,320,328,305,449,662,643,305,271
489,1023,0,282,1023,0,442,321,305,314,325,305,449,659,630,305,271
671,1023,0,289,1023,0,500,334,305,435,360,305,449,718,686,305,271
461,1023,0,312,1023,0,471,322,305,340,330,305,449,722,698,305,271
387,1023,0,162,961,0,418,316,305,317,316,305,449,648,633,305,271
485,1023,0,423,1023,0,486,320,305,373,327,305,449,773,738,305,271
430,1023,0,247,1023,0,446,320,305,322,326,305,449,674,660,305,271
621,1023,0,354,1023,0,463,323,305,381,336,305,449,704,678,305,271
335,1023,0,276,1023,0,383,317,305,177,320,305,449,676,665,305,271
584,1023,0,420,1023,0,458,325,305,352,335,305,449,720,703,305,271
599,1023,0,322,1023,0,472,321,305,349,322,305,449,708,686,305,271
466,1023,0,263,1023,0,280,311,305,276,319,305,449,689,674,305,271
488,1023,0,352,1023,0,449,317,305,209,320,305,449,709,697,305,271
397,1023,0,253,1023,0,466,321,305,350,326,305,449,669,648,305,271
443,1023,0,268,1023,0,474,320,305,388,326,305,449,760,737,305,271
640,1023,0,389,1023,0,409,318,305,316,325,305,450,711,693,305,271
676,1023,0,432,1023,0,455,323,305,387,337,305,450,722,696,305,271
430,1023,0,258,1023,0,436,314,305,301,320,305,450,758,747,305,271
356,1023,0,223,1023,0,398,315,305,246,322,305,450,635,624,305,271
633,1023,0,443,1023,0,464,327,305,323,329,305,450,819,792,305,271
386,1023,0,285,1023,0,346,319,305,297,324,305,450,715,699,305,271
480,1023,0,275,1023,0,429,315,305,317,326,305,450,683,677,305,271
785,1023,0,465,1023,0,469,323,305,384,338,305,450,705,646,305,271
467,1023,0,171,1023,0,444,317,305,337,330,305,450,657,633,305,271
600,1023,0,404,1023,0,460,325,305,371,325,305,450,701,683,305,271
656,1023,0,558,1023,0,502,339,305,475,408,305,450,726,703,305,271
327,1023,0,201,1023,0,456,321,305,291,318,305,450,680,669,305,271
435,1023,0,338,1023,0,449,316,305,345,326,305,450,728,699,305,271
414,1023,0,151,931,0,393,315,305,237,317,305,450,692,683,305,271
489,1023,0,285,1023,0,444,320,305,338,330,305,450,677,661,305,271
427,1023,0,287,1023,0,432,321,305,330,327,305,450,664,651,305,271
377,1023,0,225,1023,0,411,314,305,284,320,305,450,628,610,305,271
459,1023,0,300,1023,0,442,318,305,334,324,305,450,736,718,305,271
429,1023,0,247,1023,0,439,318,305,347,323,305,450,689,671,305,271
514,1023,0,268,1023,0,444,319,305,379,335,305,450,718,696,305,271
538,1023,0,227,1023,0,454,316,305,333,324,305,450,696,674,305,271
538,1023,0,388,1023,0,457,323,305,392,336,305,450,743,726,305,271
364,1023,0,188,1023,0,414,314,305,264,319,305,450,658,640,305,271
345,1023,0,174,1023,0,388,315,305,171,316,305,450,645,629,305,271
558,1023,0,266,1023,0,480,326,305,339,323,305,450,705,674,305,271
532,1023,0,316,1023,0,483,322,305,402,331,305,450,742,722,305,271
485,1023,0,310,1023,0,445,320,305,443,362,305,450,740,692,305,271
370,1023,0,198,1023,0,277,311,305,260,318,305,451,653,639,305,271
425,1023,0,357,1023,0,469,328,305,387,342,305,451,687,672,305,271
398,1023,0,238,1023,0,478,324,305,322,320,305,451,668,654,305,271
796,1023,0,545,1023,0,492,341,305,400,354,305,451,748,692,305,271
403,1023,0,213,1023,0,408,319,305,278,320,305,451,676,659,305,271
836,1023,0,446,1023,0,474,331,305,400,340,305,451,739,689,305,271
448,1023,0,271,1023,0,457,317,305,270,317,305,451,736,717,305,281
599,1023,0,292,1023,0,475,323,305,385,334,305,451,688,661,305,281
361,1023,0,171,1023,0,468,316,305,293,317,305,451,610,600,305,281
356,1023,0,286,1023,0,458,321,305,341,323,305,451,690,676,305,281
431,1023,0,228,1023,0,337,311,305,262,320,305,451,635,612,305,281
432,1023,0,270,1023,0,436,320,305,342,326,305,451,624,606,305,281
411,1023,0,304,1023,0,455,321,305,362,330,305,451,676,663,305,281
482,1023,0,367,1023,0,499,337,305,344,333,305,451,697,677,305,281
592,1023,0,394,1023,0,483,327,305,370,336,305,451,781,767,305,281
359,1023,0,231,1023,0,394,316,305,254,318,305,451,662,655,305,281
361,1023,0,247,1023,0,436,322,305,329,323,305,451,685,667,305,281
390,1023,0,247,1023,0,438,316,305,318,325,305,451,687,668,305,281
392,1023,0,270,1023,0,470,321,305,318,327,305,451,649,633,305,281
382,1023,0,223,1023,0,437,319,305,334,327,305,451,692,681,305,281
372,1023,0,259,1023,0,414,317,305,313,319,305,451,609,593,305,281
402,1023,0,195,1023,0,393,316,305,310,320,305,451,638,625,305,281
549,1023,0,416,1023,0,379,315,305,279,322,305,451,750,726,305,281
459,1023,0,291,1023,0,445,321,305,351,326,305,451,685,663,305,281
456,1023,0,230,1023,0,447,317,305,304,324,305,451,606,585,305,281
756,1023,0,457,1023,0,473,323,305,383,328,305,452,722,690,305,281
587,1023,0,426,1023,0,466,327,305,339,334,305,452,746,703,305,281
489,1023,0,209,1023,0,415,320,305,306,320,305,452,664,649,305,281
452,1023,0,259,1023,0,459,323,305,286,326,305,452,661,653,305,281
396,1023,0,184,1023,0,330,314,305,345,326,305,452,624,606,305,281
332,1023,0,136,852,0,344,312,305,270,315,305,452,593,568,305,281
482,1023,0,202,1023,0,309,316,305,300,324,305,452,670,651,305,281
377,1023,0,189,1023,0,415,312,305,308,317,305,452,666,651,305,281
687,1023,0,373,1023,0,477,323,305,346,330,305,452,694,669,305,281
608,1023,0,355,1023,0,405,316,305,311,325,305,452,719,699,305,281
457,1023,0,296,1023,0,418,317,305,351,329,305,452,689,658,305,281
642,1023,0,240,1023,0,454,321,305,321,319,305,452,683,665,305,281
613,1023,0,215,1023,0,468,322,305,335,333,305,452,642,621,305,281
375,1023,0,396,1023,0,411,314,305,284,322,305,452,668,647,305,281
634,1023,0,368,1023,0,410,319,305,351,327,305,452,676,636,305,281
637,1023,0,289,1023,0,440,323,305,354,328,305,452,701,674,305,281
445,1023,0,253,1023,0,372,316,305,271,318,305,452,659,638,305,281
577,1023,0,194,1023,0,426,316,305,368,328,305,452,652,617,305,281
453,1023,0,129,932,0,409,315,305,237,323,305,452,649,632,305,281
392,1023,0,252,1023,0,440,315,305,273,322,305,452,652,643,305,281
433,1023,0,205,1023,0,450,319,305,350,328,305,452,605,569,305,281
482,1023,0,250,1023,0,343,315,305,266,325,305,452,682,663,305,281
460,1023,0,253,1023,0,450,324,305,356,337,305,452,694,666,305,281
464,1023,0,210,1023,0,444,317,305,391,343,305,452,661,641,305,281
465,1023,0,238,1023,0,422,315,305,338,323,305,452,657,635,305,281
519,1023,0,409,1023,0,475,325,305,349,325,305,452,733,697,305,281
346,1023,0,182,1023,0,434,319,305,320,321,305,453,631,615,305,281
490,1023,0,264,1023,0,461,325,305,358,323,305,453,680,663,305,281
504,1023,0,203,1023,0,463,319,305,363,331,305,453,653,627,305,281
604,1023,0,236,1023,0,435,316,305,309,321,305,453,672,653,305,281
382,1023,0,213,1023,0,309,311,305,297,323,305,453,684,655,305,281
561,1023,0,283,1023,0,464,331,305,404,349,305,453,699,658,305,281
778,1023,0,567,1023,0,499,331,305,431,348,305,453,688,654,305,281
406,1023,0,221,1023,0,405,319,305,316,318,305,453,646,638,305,281
422,1023,0,431,1023,0,462,320,305,305,325,305,453,729,712,305,281
511,1023,0,209,1023,0,440,313,305,307,320,305,453,644,617,305,281
526,1023,0,242,1023,0,391,316,305,293,318,305,453,666,653,305,281
640,1023,0,473,1023,0,473,325,305,392,340,305,453,804,782,305,281
419,1023,0,367,1023,0,422,315,305,341,334,305,453,677,667,305,281
680,1023,0,430,1023,0,495,326,305,377,331,305,453,705,685,305,281
526,1023,0,307,1023,0,487,325,305,367,329,305,453,737,719,305,281
463,1023,0,219,1023,0,421,315,305,294,319,305,453,645,628,305,281
375,1023,0,190,1023,0,383,321,305,271,321,305,453,626,610,305,281
492,1023,0,214,1023,0,424,313,305,293,314,305,453,638,600,305,281
357,1023,0,149,1004,0,409,321,305,283,317,305,453,647,627,305,281
527,1023,0,297,1023,0,448,322,305,336,332,305,453,709,684,305,281
565,1023,0,492,1023,0,486,334,305,406,349,305,453,727,710,305,281
502,1023,0,202,1023,0,438,319,305,316,318,305,453,579,556,305,281
401,1023,0,226,1023,0,403,317,305,307,325,305,453,579,554,305,281
370,1023,0,171,1023,0,379,313,305,301,317,305,453,640,620,305,281
451,1023,0,356,1023,0,456,324,305,326,324,305,453,745,728,305,281
776,1023,0,423,1023,0,464,328,305,348,333,305,453,741,723,305,281
558,1023,0,286,1023,0,421,316,305,291,323,305,453,711,696,305,281
445,1023,0,335,1023,0,437,318,305,296,321,305,453,708,692,305,281
565,1023,0,357,1023,0,452,318,305,292,318,305,453,692,664,305,281
400,1023,0,170,1023,0,357,314,305,272,326,305,453,641,628,305,281
538,1023,0,327,1023,0,414,319,305,345,330,305,453,701,687,305,281
401,1023,0,193,1023,0,404,313,305,325,320,305,453,637,611,305,281
377,1023,0,216,1023,0,440,316,305,274,314,305,454,676,660,305,281
507,1023,0,212,1023,0,473,326,305,340,328,305,454,666,655,305,281
386,1023,0,294,1023,0,301,319,305,277,319,305,454,745,728,305,281
466,1023,0,277,1023,0,428,312,305,272,316,305,454,703,684,305,281
460,1023,0,234,1023,0,398,314,305,306,316,305,454,670,646,305,281
383,1023,0,225,1023,0,453,320,305,299,326,305,454,717,703,305,281
317,1023,0,249,1023,0,362,316,305,331,328,305,454,667,655,305,281
371,1023,0,214,1023,0,425,323,305,330,320,305,454,639,624,305,281
430,1023,0,176,1023,0,451,318,305,327,321,305,454,619,597,305,281
411,1023,0,259,1023,0,424,321,305,285,327,305,454,633,622,305,281
506,1023,0,368,1023,0,443,324,305,333,328,305,454,728,714,305,281
686,1023,0,421,1023,0,463,326,305,404,335,305,454,700,672,305,281
478,1023,0,311,1023,0,469,319,305,313,321,305,454,617,598,305,281
620,1023,0,348,1023,0,451,317,305,318,317,305,454,729,706,305,281
408,1023,0,213,1023,0,444,320,305,333,336,305,454,638,621,305,281
541,1023,0,255,1023,0,484,323,305,357,332,305,454,697,673,305,281
420,1023,0,215,1023,0,344,311,305,224,314,305,454,677,649,305,281
427,1023,0,328,1023,0,422,319,305,310,323,305,454,727,715,305,281
445,1023,0,258,1023,0,444,318,305,311,328,305,454,674,648,305,281
386,1023,0,205,1023,0,0,313,305,254,323,305,454,652,637,305,281
366,1023,0,199,1023,0,420,315,305,312,329,305,454,658,642,305,291
443,1023,0,278,1023,0,455,316,305,323,328,305,454,636,624,305,291
408,1023,0,207,1023,0,413,314,305,217,316,305,454,650,633,305,291
385,1023,0,230,1023,0,418,312,305,291,324,305,454,687,676,305,291
558,1023,0,337,1023,0,429,318,305,338,328,305,454,681,630,305,291
474,1023,0,185,1023,0,402,318,305,289,317,305,454,693,675,305,291
563,1023,0,314,1023,0,405,315,305,339,331,305,455,717,695,305,291
492,1023,0,319,1023,0,472,323,305,175,319,305,455,696,676,305,291
468,1023,0,212,1023,0,462,331,305,321,323,305,455,717,709,305,291
498,1023,0,250,1023,0,418,318,305,179,316,305,455,701,681,305,291
610,1023,0,425,1023,0,458,325,305,308,325,305,455,694,659,305,291
380,1023,0,321,1023,0,365,314,305,325,325,305,455,673,656,305,291
426,1023,0,308,1023,0,464,320,305,296,320,305,455,682,657,305,291
664,1023,0,405,1023,0,474,326,305,337,325,305,455,760,731,305,291
375,1023,0,342,1023,0,420,313,305,296,320,305,455,700,678,305,291
435,1023,0,245,1023,0,424,318,305,277,322,305,455,687,674,305,291
405,1023,0,187,1023,0,377,315,305,331,330,305,455,724,709,305,291
342,1023,0,163,1023,0,381,314,305,246,324,305,455,671,657,305,291
457,1023,0,276,1023,0,463,322,305,323,325,305,455,747,732,305,291
580,1023,0,338,1023,0,430,317,305,370,337,305,455,697,679,305,291
431,1023,0,214,1023,0,448,320,305,356,327,305,455,676,655,305,291
363,1023,0,238,1023,0,444,315,305,318,320,305,455,641,623,305,291
660,1023,0,537,1023,0,480,324,305,386,336,305,455,734,695,305,291
413,1023,0,200,1023,0,394,316,305,320,317,305,455,646,627,305,291
387,1023,0,230,1023,0,407,314,305,294,319,305,455,703,691,305,291
419,1023,0,306,1023,0,456,330,305,304,326,305,455,733,721,305,291
531,1023,0,447,1023,0,463,326,305,357,329,305,455,716,699,305,291
575,1023,0,358,1023,0,448,329,305,391,354,305,455,698,674,305,291
420,1023,0,126,863,0,418,319,305,311,322,305,455,624,594,305,291
392,1023,0,244,1023,0,448,318,305,322,326,305,455,736,731,305,291
651,1023,0,402,1023,0,468,321,305,392,344,305,455,739,708,305,291
382,1023,0,186,1023,0,407,315,305,345,323,305,455,692,677,305,291
460,1023,0,489,1023,0,430,319,305,350,325,305,455,726,700,305,291
409,1023,0,283,1023,0,419,316,305,318,322,305,456,673,655,305,291
425,1023,0,334,1023,0,429,323,305,285,328,305,456,688,669,305,291
368,1023,0,195,1023,0,421,318,305,273,323,305,456,623,608,305,291
399,1023,0,185,1023,0,425,315,305,254,315,305,456,687,661,305,291
466,1023,0,257,1023,0,434,319,305,278,326,305,456,671,653,305,291
491,1023,0,253,1023,0,437,324,305,378,341,305,456,670,650,305,291
355,1023,0,213,1023,0,448,318,305,330,319,305,456,689,671,305,291
587,1023,0,306,1023,0,464,318,305,368,326,305,456,731,716,305,291
477,1023,0,289,1023,0,454,323,305,340,327,305,456,664,646,305,291
452,1023,0,350,1023,0,461,323,305,322,324,305,456,717,693,305,291
478,1023,0,340,1023,0,471,322,305,338,322,305,456,734,717,305,291
347,1023,0,199,1023,0,436,321,305,158,316,305,456,692,674,305,291
490,1023,0,219,1023,0,438,313,305,285,317,305,456,701,689,305,291
366,1023,0,172,1023,0,378,313,305,210,314,305,456,627,612,305,291
456,1023,0,321,1023,0,459,326,305,351,330,305,456,723,707,305,291
801,1023,0,508,1023,0,501,331,305,388,331,305,456,747,678,305,291
418,1023,0,176,1023,0,429,319,305,391,338,305,456,445,412,305,291
713,1023,0,389,1023,0,467,332,305,359,339,305,456,733,706,305,291
461,1023,0,249,1023,0,407,314,305,326,324,305,456,677,665,305,291
593,1023,0,231,1023,0,458,318,305,316,325,305,456,656,614,305,291
693,1023,0,313,1023,0,416,317,305,327,324,305,456,693,635,305,291
524,1023,0,273,1023,0,342,319,305,279,318,305,456,654,638,305,291
485,1023,0,290,1023,0,401,316,305,320,326,305,456,699,677,305,291
488,1023,0,380,1023,0,442,318,305,369,337,305,456,727,705,305,291
423,1023,0,223,1023,0,384,315,305,150,314,305,456,667,645,305,291
449,1023,0,171,1023,0,460,326,305,389,357,305,456,594,579,305,291
616,1023,0,371,1023,0,455,323,305,340,326,305,456,719,699,305,291
478,1023,0,384,1023,0,431,322,305,346,325,305,456,709,676,305,291
452,1023,0,292,1023,0,418,319,305,353,332,305,456,613,593,305,291
350,1023,0,358,1023,0,414,321,305,322,329,305,456,727,710,305,291
442,1023,0,221,1023,0,431,316,305,324,321,305,457,639,623,305,291
367,1023,0,209,1023,0,382,312,305,275,317,305,457,655,648,305,291
501,1023,0,294,1023,0,480,330,305,392,342,305,457,744,726,305,291
382,1023,0,160,1023,0,385,317,305,284,315,305,457,620,611,305,291
510,1023,0,251,1023,0,431,323,305,315,323,305,457,689,674,305,291
380,1023,0,216,1023,0,428,314,305,306,316,305,457,626,614,305,291
443,1023,0,237,1023,0,436,314,305,323,322,305,457,666,647,305,291
427,1023,0,257,1023,0,418,314,305,323,331,305,457,688,669,305,291
361,1023,0,210,1023,0,397,314,305,297,316,305,457,629,616,305,291
438,1023,0,428,1023,0,480,325,305,390,342,305,457,712,696,305,291
367,1023,0,286,1023,0,478,328,305,368,335,305,457,729,713,305,291
628,1023,0,217,1023,0,437,319,305,350,323,305,457,681,637,305,291
406,1023,0,269,1023,0,466,326,305,359,326,305,457,738,724,305,291
226,894,0,238,1023,0,425,319,305,309,316,305,457,667,657,305,291
558,1023,0,470,1023,0,452,319,305,386,330,305,457,682,655,305,291
695,1023,0,452,1023,0,488,322,305,347,324,305,457,790,722,305,291
291,1023,0,176,1023,0,439,320,305,278,315,305,457,643,634,305,291
582,1023,0,340,1023,0,439,323,305,357,328,305,457,714,698,305,291
553,1023,0,318,1023,0,457,321,305,351,328,305,457,678,659,305,291
357,1023,0,185,1023,0,429,319,305,255,313,305,457,654,639,305,291
425,1023,0,225,1023,0,373,314,305,272,321,305,457,637,615,305,291
524,1023,0,241,1023,0,424,314,305,303,322,305,457,612,574,305,291
543,1023,0,287,1023,0,425,317,305,283,320,305,457,658,630,305,291
381,1023,0,189,1023,0,412,317,305,304,317,305,457,644,632,305,291
582,1023,0,359,1023,0,437,320,305,318,323,305,457,727,700,305,291
600,1023,0,319,1023,0,480,330,305,370,335,305,457,651,625,305,291
402,1023,0,301,1023,0,423,321,305,394,352,305,457,713,702,305,291
364,1023,0,229,1023,0,470,317,305,362,321,305,457,679,663,305,291
282,1023,0,235,1023,0,376,318,305,298,321,305,458,634,622,305,291
408,1023,0,190,1023,0,445,317,305,313,331,305,458,661,633,305,291
411,1023,0,334,1023,0,417,321,305,322,331,305,458,714,702,305,291
451,1023,0,200,1023,0,470,330,305,311,327,305,458,619,597,305,291
628,1023,0,325,1023,0,465,320,305,355,328,305,458,728,704,305,291
490,1023,0,311,1023,0,464,327,305,407,348,305,458,736,718,305,291
390,1023,0,260,1023,0,368,312,305,324,325,305,458,681,665,305,291
401,1023,0,368,1023,0,454,321,305,297,331,305,458,704,693,305,291
638,1023,0,310,1023,0,442,320,305,314,329,305,458,742,722,305,291
352,1023,0,322,1023,0,438,322,305,374,335,305,458,714,700,305,291
466,1023,0,317,1023,0,434,323,305,360,337,305,458,679,649,305,291
483,1023,0,307,1023,0,436,316,305,294,332,305,458,692,668,305,291
393,1023,0,320,1023,0,449,323,305,341,327,305,458,663,636,305,291
395,1023,0,197,1023,0,261,315,305,293,327,305,458,658,637,305,291
417,1023,0,232,1023,0,467,319,305,333,332,305,458,676,657,305,291
462,1023,0,273,1023,0,430,318,305,335,331,305,458,662,649,305,291
397,1023,0,360,1023,0,454,326,305,331,320,305,458,658,638,305,291
324,1023,0,159,1023,0,354,310,305,311,315,305,458,654,644,305,291
649,1023,0,449,1023,0,465,322,305,357,336,305,458,755,739,305,291
477,1023,0,245,1023,0,452,315,305,343,321,305,458,652,639,305,291
444,1023,0,155,885,0,377,315,305,230,318,305,458,659,637,305,291
443,1023,0,232,1023,0,454,320,305,341,329,305,458,626,597,305,291
597,1023,0,394,1023,0,460,321,305,289,319,305,458,737,719,305,291
447,1023,0,253,1023,0,455,315,305,311,322,305,458,655,636,305,291
459,1023,0,292,1023,0,411,314,305,328,326,305,458,564,539,305,291
437,1023,0,199,1023,0,424,316,305,315,321,305,458,640,622,305,291
574,1023,0,411,1023,0,509,329,305,419,344,305,458,742,722,305,291
478,1023,0,229,1023,0,434,322,305,324,327,305,458,708,688,305,291
701,1023,0,536,1023,0,494,333,305,423,356,305,458,738,690,305,291
500,1023,0,306,1023,0,470,324,305,352,334,305,458,687,673,305,291
532,1023,0,339,1023,0,414,320,305,350,327,305,459,716,705,305,291
618,1023,0,278,1023,0,458,320,305,375,335,305,459,721,701,305,291
533,1023,0,237,1023,0,437,316,305,291,317,305,459,659,634,305,291
486,1023,0,246,1023,0,429,319,305,295,329,305,459,654,634,305,291
401,1023,0,239,1023,0,405,316,305,302,319,305,459,645,635,305,301
503,1023,0,330,1023,0,451,321,305,316,323,305,459,670,626,305,301
466,1023,0,289,1023,0,449,320,305,326,323,305,459,689,681,305,301
678,1023,0,383,1023,0,448,314,305,337,326,305,459,738,707,305,301
377,1023,0,217,1023,0,434,315,305,283,324,305,459,626,619,305,301
803,1023,0,539,1023,0,478,327,305,426,350,305,459,776,723,305,301
507,1023,0,282,1023,0,399,316,305,257,317,305,459,716,701,305,301
587,1023,0,203,1023,0,429,317,305,310,325,305,459,632,614,305,301
363,1023,0,203,1023,0,420,318,305,305,327,305,459,668,658,305,301
382,1023,0,164,968,0,445,319,305,251,315,305,459,589,577,305,301
570,1023,0,294,1023,0,444,326,305,367,340,305,459,739,723,305,301
404,1023,0,224,1023,0,437,313,305,333,322,305,459,677,662,305,301
513,1023,0,288,1023,0,400,316,305,297,317,305,459,672,656,305,301
718,1023,0,425,1023,0,479,321,305,360,331,305,459,718,655,305,301
402,1023,0,375,1023,0,450,316,305,345,327,305,459,663,640,305,301
357,1023,0,211,1023,0,449,320,305,348,328,305,459,687,678,305,301
452,1023,0,418,1023,0,436,321,305,303,327,305,459,696,677,305,301
491,1023,0,218,1023,0,378,312,305,289,317,305,459,643,620,305,301
459,1023,0,244,1023,0,425,316,305,298,323,305,459,649,639,305,301
377,1023,0,212,1023,0,447,322,305,286,324,305,459,669,660,305,301
620,1023,0,463,1023,0,470,323,305,346,325,305,459,736,713,305,301
327,1023,0,178,1023,0,424,319,305,291,323,305,459,640,625,305,301
498,1023,0,315,1023,0,465,320,305,315,330,305,459,680,651,305,301
413,1023,0,262,1023,0,440,318,305,399,343,305,459,718,688,305,301
346,1023,0,167,1023,0,319,312,305,269,320,305,459,651,633,305,301
413,1023,0,187,1023,0,434,318,305,308,319,305,459,659,645,305,301
367,1023,0,164,1023,0,432,315,305,266,314,305,459,622,612,305,301
472,1023,0,313,1023,0,466,327,305,403,351,305,459,628,604,305,301
320,1023,0,179,1023,0,294,309,305,250,320,305,459,609,590,305,301
444,1023,0,236,1023,0,388,313,305,325,327,305,460,658,641,305,301
558,1023,0,385,1023,0,449,321,305,378,338,305,460,693,667,305,301
482,1023,0,395,1023,0,431,321,305,339,326,305,460,674,652,305,301
409,1023,0,349,1023,0,411,316,305,315,328,305,460,642,637,305,301
551,1023,0,286,1023,0,463,322,305,357,337,305,460,662,636,305,301
267,1019,0,256,1023,0,413,313,305,308,324,305,460,616,600,305,301
464,1023,0,255,1023,0,424,317,305,182,323,305,460,663,636,305,301
548,1023,0,250,1023,0,367,314,305,356,329,305,460,679,669,305,301
436,1023,0,284,1023,0,418,316,305,402,347,305,460,674,660,305,301
543,1023,0,376,1023,0,485,322,305,366,327,305,460,716,695,305,301
581,1023,0,285,1023,0,456,317,305,345,321,305,460,683,659,305,301
407,1023,0,180,1023,0,312,309,305,292,322,305,460,617,602,305,301
395,1023,0,294,1023,0,405,317,305,361,330,305,460,684,665,305,301
409,1023,0,217,1023,0,434,317,305,285,315,305,460,631,607,305,301
776,1023,0,594,1023,0,496,334,305,404,347,305,460,742,691,305,301
605,1023,0,198,1023,0,368,316,305,384,337,305,460,662,642,305,301
624,1023,0,214,839,0,444,313,305,318,320,305,460,613,573,305,301
646,1023,0,453,1023,0,478,324,305,375,333,305,460,731,706,305,301
311,1023,0,184,1023,0,443,314,305,240,314,305,460,570,554,305,301
473,1023,0,303,1023,0,437,319,305,321,318,305,460,650,634,305,301
436,1023,0,295,1023,0,458,322,305,344,330,305,460,683,671,305,301
459,1023,0,301,1023,0,439,320,305,327,327,305,460,686,666,305,301
530,1023,0,186,1023,0,449,320,305,316,320,305,460,636,601,305,301
523,1023,0,346,1023,0,451,324,305,205,321,305,460,675,657,305,301
439,1023,0,228,1023,0,435,313,305,298,318,305,460,665,650,305,301
375,1023,0,219,1023,0,433,313,305,276,318,305,461,651,637,305,301
424,1023,0,216,1023,0,455,315,305,336,334,305,461,682,668,305,301
583,1023,0,264,1023,0,432,317,305,287,325,305,461,657,638,305,301
575,1023,0,334,1023,0,447,318,305,336,324,305,461,692,668,305,301
368,1023,0,207,1023,0,378,314,305,232,316,305,461,659,633,305,301
763,1023,0,564,1023,0,512,325,305,399,332,305,461,781,747,305,301
500,1023,0,238,1023,0,458,317,305,316,322,305,461,639,612,305,301
458,1023,0,255,1023,0,458,319,305,346,329,305,461,692,676,305,301
430,1023,0,211,1023,0,452,326,305,335,330,305,461,628,617,305,301
482,1023,0,305,1023,0,429,317,305,360,330,305,461,718,687,305,301
404,1023,0,268,1023,0,395,316,305,261,321,305,461,646,633,305,301
451,1023,0,248,1023,0,375,313,305,280,320,305,461,680,667,305,301
622,1023,0,308,1023,0,484,338,305,403,362,305,461,739,722,305,301
535,1023,0,351,1023,0,442,318,305,319,319,305,461,733,718,305,301
310,1023,0,191,1023,0,408,317,305,320,327,305,461,678,675,305,301
579,1023,0,491,1023,0,460,324,305,354,330,305,461,773,752,305,301
572,1023,0,333,1023,0,440,322,305,326,324,305,461,678,657,305,301
540,1023,0,376,1023,0,474,324,305,389,340,305,461,700,674,305,301
396,1023,0,188,1023,0,405,314,305,246,316,305,461,682,660,305,301
471,1023,0,375,1023,0,477,318,305,367,333,305,461,749,737,305,301
511,1023,0,239,1023,0,474,323,305,321,325,305,461,708,684,305,301
377,1023,0,169,1023,0,412,318,305,313,319,305,461,682,667,305,301
480,1023,0,242,1023,0,426,318,305,328,321,305,461,706,691,305,301
559,1023,0,308,1023,0,430,318,305,265,322,305,461,663,641,305,301
420,1023,0,223,1023,0,431,319,305,327,329,305,461,655,646,305,301
597,1023,0,454,1023,0,473,320,305,361,324,305,461,726,682,305,301
317,1023,0,181,1023,0,422,316,305,246,316,305,462,642,625,305,301
656,1023,0,319,1023,0,477,327,305,398,338,305,462,719,696,305,301
569,1023,0,464,1023,0,458,326,305,361,334,305,462,753,729,305,301
513,1023,0,266,1023,0,427,314,305,306,319,305,462,693,668,305,301
600,1023,0,292,1023,0,454,318,305,347,329,305,462,693,680,305,301
563,1023,0,306,1023,0,468,325,305,330,331,305,462,760,734,305,301
292,1023,0,185,1023,0,422,318,305,251,314,305,462,664,654,305,301
396,1023,0,261,1023,0,405,312,305,216,315,305,462,674,652,305,311
379,1023,0,181,1023,0,397,317,305,231,315,305,462,595,585,305,311
462,1023,0,235,1023,0,453,316,305,342,326,305,462,694,683,305,311
467,1023,0,254,1023,0,405,317,305,342,329,305,462,674,661,305,311
589,1023,0,453,1023,0,498,333,305,403,341,305,462,707,685,305,311
510,1023,0,292,1023,0,421,317,305,308,331,305,462,683,659,305,311
376,1023,0,262,1023,0,370,312,305,229,313,305,462,652,636,305,311
413,1023,0,356,1023,0,479,328,305,395,343,305,462,710,701,305,311
485,1023,0,180,1023,0,430,319,305,329,320,305,462,636,622,305,311
476,1023,0,373,1023,0,464,317,305,325,323,305,462,754,738,305,311
661,1023,0,370,1023,0,498,329,305,377,335,305,462,701,681,305,311
322,1023,0,174,1023,0,423,314,305,292,318,305,462,670,660,305,311
609,1023,0,438,1023,0,459,321,305,358,334,305,462,729,707,305,311
452,1023,0,258,1023,0,402,320,305,281,326,305,462,729,715,305,311
792,1023,0,371,1023,0,476,332,305,399,344,305,462,695,665,305,311
518,1023,0,359,1023,0,482,321,305,332,327,305,462,684,666,305,311
442,1023,0,204,1023,0,442,317,305,332,332,305,462,608,586,305,311
328,1023,0,198,1023,0,427,316,305,338,324,305,462,652,646,305,311
532,1023,0,360,1023,0,429,318,305,255,318,305,462,708,686,305,311
371,1023,0,175,1023,0,397,314,305,275,317,305,462,637,621,305,311
400,1023,0,246,1023,0,385,316,305,209,313,305,462,627,617,305,311
697,1023,0,521,1023,0,473,324,305,379,334,305,462,748,717,305,311
457,1023,0,277,1023,0,436,321,305,365,337,305,462,702,688,305,311
571,1023,0,404,1023,0,442,321,305,383,341,305,463,745,726,305,311
427,1023,0,178,1023,0,361,311,305,251,317,305,463,600,578,305,311
406,1023,0,240,1023,0,447,315,305,328,318,305,463,666,648,305,311
524,1023,0,352,1023,0,456,324,305,320,323,305,463,664,643,305,311
363,1023,0,261,1023,0,391,316,305,338,328,305,463,676,667,305,311
448,1023,0,177,1023,0,427,318,305,253,314,305,463,614,597,305,311
373,1023,0,313,1023,0,456,319,305,330,330,305,463,673,657,305,311
460,1023,0,207,1023,0,408,314,305,275,320,305,463,656,638,305,311
453,1023,0,284,1023,0,474,329,305,368,332,305,463,659,645,305,311
410,1023,0,277,1023,0,431,320,305,383,342,305,463,666,646,305,311
302,1023,0,202,1023,0,418,313,305,337,322,305,463,635,617,305,311
351,1023,0,314,1023,0,441,317,305,321,327,305,463,701,683,305,311
410,1023,0,298,1023,0,454,319,305,388,328,305,463,703,681,305,311
504,1023,0,279,1023,0,441,325,305,362,337,305,463,704,691,305,311
534,1023,0,336,1023,0,426,319,305,262,323,305,463,735,713,305,311
385,1023,0,184,1023,0,437,315,305,196,318,305,463,630,605,305,311
477,1023,0,197,1023,0,422,315,305,300,322,305,463,672,659,305,311
455,1023,0,311,1023,0,436,319,305,354,330,305,463,681,659,305,311
466,1023,0,312,1023,0,441,319,305,318,319,305,463,690,673,305,311
434,1023,0,223,1023,0,342,317,305,311,317,305,463,652,629,305,311
470,1023,0,454,1023,0,464,322,305,361,330,305,463,718,700,305,311
471,1023,0,216,1023,0,455,320,305,307,320,305,463,656,635,305,311
445,1023,0,189,1023,0,398,313,305,309,324,305,463,642,633,305,311
427,1023,0,219,1023,0,372,317,305,244,321,305,463,627,608,305,311
840,1023,0,530,1023,0,484,323,305,403,336,305,463,764,690,305,311
530,1023,0,427,1023,0,420,322,305,368,335,305,463,732,714,305,311
400,1023,0,228,1023,0,406,315,305,306,318,305,463,672,648,305,311
475,1023,0,285,1023,0,398,315,305,140,316,305,464,677,658,305,311
807,1023,0,502,1023,0,511,333,305,431,345,305,464,780,764,305,311
840,1023,0,462,1023,0,467,321,305,345,323,305,464,676,600,305,311
363,1023,0,164,1023,0,367,316,305,251,322,305,464,601,589,305,311
674,1023,0,311,1023,0,454,328,305,393,340,305,464,707,689,305,321
431,1023,0,205,1023,0,384,318,305,274,317,305,464,680,666,305,321
521,1023,0,333,1023,0,446,322,305,347,331,305,464,708,698,305,321
530,1023,0,162,982,0,382,317,305,335,320,305,464,642,615,305,321
450,1023,0,402,1023,0,462,322,305,346,328,305,464,665,651,305,321
405,1023,0,212,1023,0,402,318,305,306,325,305,464,636,616,305,321
602,1023,0,396,1023,0,446,320,305,314,326,305,464,685,641,305,321
530,1023,0,262,1023,0,417,317,305,284,319,305,464,678,661,305,321
766,1023,0,436,1023,0,478,321,305,397,325,305,464,740,709,305,321
406,1023,0,257,1023,0,419,314,305,295,320,305,464,675,666,305,321
416,1023,0,225,1023,0,433,316,305,308,330,305,464,636,619,305,321
548,1023,0,221,1023,0,449,320,305,339,325,305,464,685,670,305,321
518,1023,0,405,1023,0,443,318,305,371,329,305,464,697,673,305,321
482,1023,0,240,1023,0,402,314,305,257,316,305,464,707,686,305,321
353,1023,0,214,1023,0,408,317,305,302,319,305,464,673,654,305,321
665,1023,0,311,1023,0,441,319,305,351,322,305,464,675,656,305,321
351,1023,0,199,1023,0,0,312,305,267,312,305,464,649,639,305,321
424,1023,0,276,1023,0,466,316,305,376,339,305,464,708,696,305,321
563,1023,0,405,1023,0,470,326,305,374,340,305,464,736,716,305,321
514,1023,0,475,1023,0,479,326,305,387,333,305,464,710,683,305,321
446,1023,0,260,1023,0,405,316,305,343,324,305,464,692,672,305,321
340,1023,0,182,1023,0,385,315,305,353,329,305,465,639,625,305,321
341,1023,0,141,1023,0,429,312,305,213,313,305,465,628,614,305,321
393,1023,0,263,1023,0,403,314,305,273,317,305,465,690,681,305,321
507,1023,0,223,1023,0,423,318,305,290,318,305,465,601,577,305,321
478,1023,0,255,1023,0,468,326,305,387,350,305,465,723,707,305,321
443,1023,0,292,1023,0,441,319,305,344,333,305,465,661,646,305,321
675,1023,0,381,1023,0,447,321,305,366,330,305,465,742,670,305,321
487,1023,0,279,1023,0,456,317,305,361,328,305,465,668,655,305,321
319,1023,0,185,1023,0,429,313,305,294,316,305,465,477,470,305,321
269,1023,0,181,1023,0,357,315,305,254,317,305,465,590,580,305,321
728,1023,0,539,1023,0,493,327,305,373,327,305,465,802,746,305,321
298,985,0,258,1023,0,439,322,305,308,318,305,465,621,598,305,321
608,1023,0,260,1023,0,492,323,305,369,321,305,465,685,657,305,321
368,1023,0,204,1023,0,423,316,305,272,316,305,465,630,612,305,321
386,1023,0,137,1006,0,370,313,305,282,319,305,465,631,618,305,321
539,1023,0,369,1023,0,460,321,305,360,336,305,465,743,726,305,321
283,1023,0,185,1023,0,440,316,305,291,324,305,465,635,628,305,321
581,1023,0,346,1023,0,450,322,305,333,323,305,465,694,679,305,321
395,1023,0,225,1023,0,253,313,305,300,319,305,465,633,620,305,321
558,1023,0,453,1023,0,483,325,305,383,332,305,465,742,726,305,321
431,1023,0,266,1023,0,435,317,305,299,321,305,465,683,662,305,321
456,1023,0,242,1023,0,371,314,305,275,323,305,465,667,653,305,331
404,1023,0,243,1023,0,462,323,305,342,335,305,465,686,665,305,331
407,1023,0,208,1023,0,428,319,305,301,317,305,465,681,670,305,331
525,1023,0,210,1023,0,458,320,305,366,333,305,465,673,653,305,331
337,1023,0,336,1023,0,506,325,305,410,341,305,466,769,758,305,331
315,1023,0,191,1023,0,441,315,305,372,328,305,466,678,657,305,331
733,1023,0,487,1023,0,465,321,305,350,327,305,466,738,668,305,331
498,1023,0,331,1023,0,503,341,305,432,361,305,466,653,624,305,331
378,1023,0,234,1023,0,411,314,305,324,320,305,466,667,644,305,331
536,1023,0,246,1023,0,450,322,305,349,326,305,466,685,661,305,331
417,1023,0,479,1023,0,439,315,305,345,331,305,466,654,637,305,331
337,1023,0,348,1023,0,454,323,305,392,333,305,466,730,712,305,331
356,1023,0,195,1023,0,430,315,305,0,316,305,466,636,625,305,331
379,1023,0,175,1023,0,372,315,305,284,317,305,466,661,653,305,331
424,1023,0,311,1023,0,464,320,305,350,326,305,466,766,749,305,331
398,1023,0,239,1023,0,432,322,305,283,322,305,466,695,675,305,331
517,1023,0,398,1023,0,455,324,305,359,330,305,466,739,710,305,331
472,1023,0,373,1023,0,438,317,305,359,325,305,466,698,681,305,331
547,1023,0,217,1023,0,429,323,305,397,345,305,466,655,630,305,331
508,1023,0,353,1023,0,439,319,305,328,323,305,466,720,697,305,331
379,1023,0,286,1023,0,452,318,305,320,320,305,466,646,631,305,331
456,1023,0,206,1023,0,471,319,305,358,321,305,466,685,651,305,331
487,1023,0,374,1023,0,434,316,305,337,329,305,466,757,738,305,331
474,1023,0,297,1023,0,464,321,305,334,325,305,466,714,697,305,331
485,1023,0,229,1023,0,462,321,305,323,332,305,466,685,659,305,331
314,1023,0,276,1023,0,429,318,305,288,322,305,466,747,735,305,331
394,1023,0,242,1023,0,441,326,305,331,330,305,466,683,665,305,331
315,1023,0,159,1023,0,353,313,305,232,314,305,466,612,593,305,331
314,1023,0,269,1023,0,423,315,305,365,331,305,466,704,693,305,331
600,1023,0,493,1023,0,446,317,305,366,324,305,466,778,760,305,331
572,1023,0,354,1023,0,456,319,305,358,339,305,466,718,689,305,331
430,1023,0,214,1023,0,398,316,305,333,321,305,466,650,624,305,331
511,1023,0,389,1023,0,467,322,305,377,344,305,466,668,651,305,331
489,1023,0,235,1023,0,465,317,305,362,332,305,466,628,606,305,331
283,1023,0,203,1023,0,447,314,305,349,320,305,467,509,480,305,331
460,1023,0,242,1023,0,453,321,305,350,331,305,467,683,671,305,331
378,1023,0,215,1023,0,464,325,305,401,337,305,467,664,650,305,331
371,1023,0,308,1023,0,513,335,305,379,324,305,467,701,673,305,331
441,1023,0,396,1023,0,479,325,305,347,325,305,467,755,726,305,331
457,1023,0,167,1023,0,430,317,305,275,323,305,467,589,569,305,331
571,1023,0,203,947,0,435,317,305,302,319,305,467,701,687,305,331
440,1023,0,294,1023,0,442,321,305,330,332,305,467,700,684,305,331
504,1023,0,315,1023,0,422,319,305,277,325,305,467,702,687,305,331
707,1023,0,527,1023,0,474,322,305,362,331,305,467,708,632,305,331
484,1023,0,263,1023,0,373,312,305,258,315,305,467,711,696,305,331
476,1023,0,287,1023,0,448,324,305,333,334,305,467,699,670,305,331
457,1023,0,199,1023,0,361,318,305,327,323,305,467,654,639,305,331
413,1023,0,210,1023,0,456,323,305,361,328,305,467,659,636,305,331
257,1023,0,244,1023,0,459,321,305,374,322,305,467,648,635,305,331
514,1023,0,308,1023,0,415,319,305,368,340,305,467,709,682,305,331
427,1023,0,156,1023,0,415,316,305,356,327,305,467,653,640,305,331
307,1023,0,283,1023,0,435,316,305,314,319,305,467,682,673,305,331
685,1023,0,542,1023,0,470,316,305,350,319,305,467,730,639,305,331
406,1023,0,285,1023,0,458,322,305,365,323,305,467,669,649,305,331
694,1023,0,526,1023,0,482,324,305,402,333,305,467,743,678,305,331
537,1023,0,334,1023,0,481,318,305,356,331,305,467,699,685,305,331
349,1023,0,180,1023,0,437,318,305,320,315,305,467,640,612,305,331
419,1023,0,196,1023,0,356,314,305,212,311,305,468,584,565,305,331
704,1023,0,366,1023,0,473,322,305,381,336,305,468,706,672,305,331
604,1023,0,243,1023,0,446,327,305,364,343,305,468,693,672,305,331
397,1023,0,180,1023,0,439,322,305,318,325,305,468,668,659,305,331
384,1023,0,222,1023,0,446,322,305,283,321,305,468,725,703,305,331
347,1023,0,109,748,0,403,310,305,207,318,305,468,619,599,305,331
347,1023,0,185,1023,0,365,316,305,199,313,305,468,603,596,305,331
549,1023,0,457,1023,0,437,326,305,348,331,305,468,781,755,305,331
525,1023,0,256,1023,0,420,318,305,347,317,305,468,735,703,305,331
586,1023,0,289,1023,0,452,324,305,343,341,305,468,750,733,305,331
398,1023,0,184,1023,0,371,311,305,193,322,305,468,662,648,305,331
384,1023,0,245,1023,0,419,316,305,278,325,305,468,659,641,305,331
697,1023,0,314,1023,0,483,325,305,408,338,305,468,725,701,305,331
391,1023,0,174,1023,0,319,314,305,289,322,305,468,615,604,305,331
476,1023,0,348,1023,0,481,328,305,376,336,305,468,677,653,305,331
464,1023,0,326,1023,0,438,315,305,312,328,305,468,707,690,305,331
559,1023,0,335,1023,0,463,325,305,384,333,305,468,676,623,305,331
523,1023,0,210,1023,0,424,320,305,263,324,305,468,721,709,305,331
645,1023,0,488,1023,0,496,326,305,384,340,305,468,729,702,305,331
476,1023,0,230,1023,0,491,323,305,379,321,305,468,608,579,305,331
715,1023,0,294,1023,0,444,315,305,329,332,305,468,654,643,305,331
328,1023,0,294,1023,0,408,319,305,319,318,305,468,699,678,305,331
461,1023,0,263,1023,0,437,323,305,330,324,305,468,713,690,305,331
459,1023,0,280,1023,0,456,322,305,359,322,305,468,691,660,305,331
425,1023,0,336,1023,0,460,319,305,365,333,305,468,699,677,305,331
471,1023,0,204,1023,0,447,318,305,327,324,305,468,658,643,305,331
636,1023,0,266,1023,0,466,323,305,404,342,305,468,706,668,305,331
412,1023,0,274,1023,0,394,319,305,340,327,305,468,731,712,305,331
409,1023,0,198,1023,0,425,314,305,329,319,305,468,687,669,305,331
477,1023,0,307,1023,0,422,319,305,330,330,305,468,708,692,305,331
411,1023,0,182,1023,0,382,314,305,229,317,305,468,692,683,305,331
678,1023,0,412,1023,0,450,319,305,323,324,305,468,690,649,305,331
359,1023,0,255,1023,0,464,325,305,323,326,305,468,693,683,305,331
386,1023,0,214,1023,0,407,320,305,251,316,305,469,621,609,305,331
402,1023,0,222,1023,0,377,311,305,253,317,305,469,657,644,305,331
599,1023,0,318,1023,0,437,317,305,374,328,305,469,683,651,305,331
471,1023,0,216,1023,0,425,313,305,302,325,305,469,653,636,305,331
507,1023,0,362,1023,0,434,320,305,296,328,305,469,701,687,305,331
524,1023,0,359,1023,0,428,324,305,344,332,305,469,690,672,305,331
544,1023,0,210,1023,0,399,313,305,326,326,305,469,713,696,305,331
625,1023,0,385,1023,0,449,317,305,366,328,305,469,702,685,305,331
577,1023,0,361,1023,0,471,326,305,399,341,305,469,730,703,305,331
576,1023,0,301,1023,0,445,322,305,354,334,305,469,747,729,305,331
343,1023,0,262,1023,0,408,315,305,296,332,305,469,714,704,305,331
514,1023,0,266,1023,0,451,319,305,340,329,305,469,690,671,305,331
473,1023,0,299,1023,0,392,313,305,246,315,305,469,671,650,305,331
483,1023,0,212,1023,0,401,318,305,296,318,305,469,625,600,305,331
461,1023,0,252,1023,0,421,319,305,253,314,305,469,664,651,305,331
384,1023,0,307,1023,0,492,319,305,376,321,305,469,607,579,305,341
786,1023,0,508,1023,0,535,328,305,448,336,305,469,778,707,305,341
459,1023,0,368,1023,0,450,322,305,359,334,305,469,700,652,305,341
567,1023,0,343,1023,0,505,329,305,390,330,305,469,705,643,305,341
475,1023,0,331,1023,0,543,337,305,449,343,305,469,696,672,305,341
438,1023,0,268,1023,0,462,316,305,152,316,305,469,725,714,305,341
553,1023,0,332,1023,0,487,320,305,418,328,305,469,718,676,305,341
537,1023,0,321,1023,0,0,314,305,0,315,305,469,680,668,305,341
777,1023,0,349,1023,0,461,322,305,333,335,305,469,723,697,305,341
365,1023,0,128,965,0,399,315,305,248,318,305,470,694,684,305,341
511,1023,0,295,1023,0,462,318,305,315,317,305,470,724,699,305,341
294,1023,0,133,887,0,420,316,305,249,318,305,470,617,598,305,341
554,1023,0,308,1023,0,400,317,305,315,321,305,470,725,710,305,341
475,1023,0,239,1023,0,438,320,305,344,328,305,470,680,650,305,341
406,1023,0,208,1023,0,419,316,305,311,322,305,470,671,651,305,341
576,1023,0,293,1023,0,474,324,305,382,341,305,470,687,673,305,341
662,1023,0,231,1023,0,440,320,305,294,325,305,470,693,668,305,341
468,1023,0,330,1023,0,459,318,305,332,327,305,470,659,634,305,341
482,1023,0,291,1023,0,477,321,305,388,336,305,470,741,723,305,341
402,1023,0,292,1023,0,447,329,305,362,333,305,470,652,643,305,341
489,1023,0,251,1023,0,446,313,305,231,314,305,470,721,701,305,341
488,1023,0,238,1023,0,457,322,305,346,331,305,470,576,540,305,341
421,1023,0,375,1023,0,478,332,305,390,346,305,470,712,689,305,341
396,1023,0,264,1023,0,368,316,305,166,319,305,470,631,616,305,341
434,1023,0,323,1023,0,472,322,305,340,326,305,470,692,675,305,341
362,1023,0,266,1023,0,425,320,305,342,333,305,470,686,677,305,341
502,1023,0,234,1023,0,325,316,305,317,321,305,470,688,670,305,341
337,1023,0,133,893,0,416,312,305,276,314,305,470,570,548,305,341
556,1023,0,373,1023,0,445,319,305,359,333,305,470,694,666,305,341
443,1023,0,380,1023,0,400,315,305,289,327,305,470,718,701,305,341
715,1023,0,555,1023,0,445,325,305,367,334,305,470,720,678,305,341
805,1023,0,463,1023,0,509,325,305,399,324,305,470,754,687,305,341
282,1023,0,215,1023,0,479,328,305,339,328,305,470,644,631,305,341
388,1023,0,207,1023,0,415,314,305,265,318,305,470,617,598,305,341
463,1023,0,340,1023,0,434,314,305,310,317,305,470,727,704,305,341
409,1023,0,207,1023,0,365,313,305,226,317,305,471,640,623,305,341
557,1023,0,398,1023,0,465,316,305,370,325,305,471,772,758,305,341
536,1023,0,216,1023,0,410,316,305,327,323,305,471,667,647,305,341
427,1023,0,268,1023,0,425,313,305,343,325,305,471,670,661,305,341
539,1023,0,298,1023,0,409,318,305,344,327,305,471,705,694,305,341
360,1023,0,204,1023,0,449,315,305,337,321,305,471,642,610,305,341
493,1023,0,331,1023,0,479,325,305,344,334,305,471,729,715,305,341
517,1023,0,209,991,0,423,316,305,340,320,305,471,693,673,305,341
497,1023,0,318,1023,0,459,324,305,357,337,305,471,703,685,305,341
524,1023,0,285,1023,0,492,334,305,386,353,305,471,686,668,305,341
414,1023,0,238,1023,0,457,320,305,319,326,305,471,691,681,305,341
585,1023,0,290,1023,0,452,322,305,348,329,305,471,633,618,305,341
453,1023,0,317,1023,0,421,316,305,358,328,305,471,694,681,305,341
385,1023,0,260,1023,0,402,313,305,270,318,305,471,676,661,305,341
404,1023,0,244,1023,0,424,317,305,346,335,305,471,665,647,305,341
698,1023,0,472,1023,0,518,335,305,426,352,305,471,718,682,305,341
400,1023,0,255,1023,0,466,327,305,387,333,305,471,673,650,305,341
382,1023,0,315,1023,0,405,319,305,252,327,305,471,694,676,305,341
551,1023,0,264,1023,0,416,315,305,282,320,305,471,684,647,305,341
606,1023,0,334,1023,0,423,314,305,325,326,305,471,706,677,305,341
712,1023,0,562,1023,0,473,327,305,390,334,305,471,766,738,305,341
537,1023,0,209,1023,0,445,319,305,325,322,305,471,658,644,305,341
486,1023,0,292,1023,0,441,320,305,297,324,305,471,678,666,305,341
563,1023,0,235,1023,0,451,317,305,326,325,305,471,674,657,305,341
411,1023,0,304,1023,0,430,321,305,353,337,305,472,732,714,305,341
544,1023,0,373,1023,0,455,327,305,360,341,305,472,698,681,305,341
598,1023,0,311,1023,0,458,328,305,374,345,305,472,731,714,305,341
640,1023,0,498,1023,0,490,329,305,407,348,305,472,714,705,305,341
422,1023,0,202,1023,0,250,313,305,287,324,305,472,729,713,305,341
599,1023,0,374,1023,0,456,328,305,327,328,305,472,673,655,305,341
566,1023,0,449,1023,0,458,325,305,334,332,305,472,723,702,305,341
451,1023,0,264,1023,0,431,314,305,338,330,305,472,674,663,305,341
347,1023,0,237,1023,0,402,311,305,302,324,305,472,688,678,305,341
510,1023,0,231,1023,0,413,317,305,298,320,305,472,703,687,305,341
396,1023,0,410,1023,0,475,321,305,374,334,305,472,646,628,305,341
392,1023,0,220,1023,0,414,311,305,144,312,305,472,646,639,305,341
399,1023,0,265,1023,0,446,321,305,296,322,305,472,686,673,305,341
416,1023,0,236,1023,0,396,315,305,245,318,305,472,702,694,305,341
381,1023,0,231,1023,0,378,312,305,374,334,305,472,660,642,305,341
526,1023,0,363,1023,0,456,326,305,345,331,305,472,741,724,305,341
508,1023,0,312,1023,0,419,323,305,323,325,305,472,680,659,305,341
369,1023,0,195,1023,0,439,316,305,292,323,305,472,677,665,305,341
362,1023,0,160,996,0,332,315,305,271,318,305,472,639,622,305,341
359,1023,0,233,1023,0,467,320,305,337,322,305,472,705,695,305,341
484,1023,0,463,1023,0,455,319,305,338,322,305,472,743,723,305,341
602,1023,0,280,1023,0,396,317,305,262,321,305,472,690,675,305,341
496,1023,0,314,1023,0,474,319,305,381,329,305,472,712,691,305,341
502,1023,0,358,1023,0,470,321,305,376,330,305,472,718,706,305,341
323,1023,0,153,1023,0,0,314,305,47,315,305,472,656,646,305,341
451,1023,0,345,1023,0,348,314,305,271,324,305,472,746,736,305,341
418,1023,0,196,1023,0,374,318,305,317,320,305,472,629,614,305,341
480,1023,0,250,1023,0,498,323,305,417,336,305,472,667,642,305,341
615,1023,0,478,1023,0,548,353,305,463,374,305,472,740,714,305,341
484,1023,0,357,1023,0,496,325,305,417,338,305,472,734,712,305,341
504,1023,0,359,1023,0,506,323,305,408,344,305,472,715,691,305,341
813,1023,0,527,1023,0,442,321,305,354,333,305,473,772,740,305,341
536,1023,0,315,1023,0,0,315,305,0,310,305,473,695,687,305,341
281,962,0,145,867,0,322,310,305,0,315,305,473,612,597,305,341
486,1023,0,386,1023,0,505,333,305,394,341,305,473,756,736,305,341
532,1023,0,249,1023,0,0,313,305,0,326,305,473,682,681,305,341
495,1023,0,368,1023,0,0,317,305,259,334,305,473,702,688,305,341
384,1023,0,196,1023,0,433,318,305,324,330,305,473,666,658,305,341
403,1023,0,167,1023,0,388,315,305,242,320,305,473,638,623,305,341
420,1023,0,202,1023,0,431,314,305,336,325,305,473,666,647,305,341
538,1023,0,224,1023,0,480,324,305,375,335,305,473,703,680,305,341
298,1023,0,159,1023,0,339,311,305,238,312,305,473,610,598,305,341
432,1023,0,216,1023,0,395,315,305,324,322,305,473,582,561,305,341
519,1023,0,153,1021,0,407,315,305,329,333,305,473,677,666,305,341
387,1023,0,190,1023,0,417,318,305,266,318,305,473,660,639,305,341
537,1023,0,541,1023,0,455,321,305,374,332,305,473,723,709,305,341
583,1023,0,346,1023,0,444,322,305,348,329,305,474,699,681,305,341
378,1023,0,192,1023,0,409,316,305,302,322,305,474,642,632,305,341
587,1023,0,480,1023,0,482,329,305,375,334,305,474,819,806,305,341
402,1023,0,289,1023,0,444,323,305,322,322,305,474,694,675,305,341
451,1023,0,217,1023,0,415,318,305,311,329,305,474,644,634,305,341
417,1023,0,329,1023,0,434,320,305,295,326,305,474,731,718,305,341
511,1023,0,232,1023,0,425,320,305,308,321,305,474,685,669,305,341
566,1023,0,276,1023,0,407,320,305,306,321,305,474,676,656,305,341
388,1023,0,183,1023,0,432,317,305,307,320,305,474,621,601,305,341
458,1023,0,297,1023,0,487,323,305,437,343,305,474,700,672,305,341
618,1023,0,468,1023,0,456,318,305,355,330,305,474,747,732,305,341
610,1023,0,346,1023,0,431,319,305,353,323,305,474,630,580,305,341
462,1023,0,202,1023,0,393,314,305,263,319,305,474,655,635,305,341
479,1023,0,257,1023,0,415,315,305,281,320,305,474,684,666,305,341
524,1023,0,317,1023,0,471,323,305,401,329,305,474,687,671,305,341
373,1023,0,214,1023,0,391,315,305,264,319,305,474,658,634,305,341
475,1023,0,235,1023,0,368,314,305,272,314,305,474,677,663,305,341
440,1023,0,175,1023,0,456,320,305,363,344,305,474,691,674,305,341
343,1023,0,188,1023,0,433,316,305,295,326,305,474,635,625,305,341
346,1023,0,188,1023,0,407,319,305,245,317,305,474,635,622,305,341
562,1023,0,307,1023,0,473,318,305,315,319,305,474,708,680,305,341
648,1023,0,529,1023,0,486,330,305,432,344,305,474,758,724,305,341
440,1023,0,235,1023,0,412,322,305,317,324,305,474,662,638,305,341
521,1023,0,309,1023,0,447,321,305,376,333,305,474,684,659,305,341
594,1023,0,201,1023,0,404,319,305,315,319,305,474,647,623,305,341
392,1023,0,168,1014,0,400,317,305,291,316,305,474,619,589,305,351
408,1023,0,257,1023,0,472,319,305,376,332,305,474,652,630,305,351
465,1023,0,224,1023,0,409,313,305,261,313,305,474,643,629,305,351
463,1023,0,276,1023,0,434,319,305,305,327,305,474,755,739,305,351
449,1023,0,322,1023,0,427,319,305,323,318,305,474,733,716,305,351
493,1023,0,222,1023,0,400,323,305,294,324,305,474,634,605,305,351
352,1023,0,428,1023,0,445,322,305,338,333,305,474,611,586,305,351
789,1023,0,542,1023,0,501,342,305,419,356,305,474,743,724,305,351
440,1023,0,397,1023,0,365,315,305,201,313,305,475,683,661,305,351
385,1023,0,229,1023,0,437,315,305,266,316,305,475,491,460,305,351
262,1023,0,171,1023,0,426,320,305,322,329,305,475,703,696,305,351
386,1023,0,178,1023,0,369,317,305,186,314,305,475,625,612,305,351
545,1023,0,286,1023,0,457,317,305,253,315,305,475,706,684,305,351
321,1023,0,198,1023,0,335,312,305,267,318,305,475,636,622,305,351
548,1023,0,260,1023,0,461,317,305,359,332,305,475,721,700,305,351
412,1023,0,215,1023,0,430,318,305,248,327,305,475,709,682,305,351
442,1023,0,293,1023,0,375,318,305,335,324,305,475,672,658,305,351
507,1023,0,317,1023,0,406,316,305,323,321,305,475,721,707,305,351
467,1023,0,179,1023,0,430,319,305,322,335,305,475,683,672,305,351
309,1023,0,174,1023,0,390,317,305,232,318,305,475,655,646,305,351
397,1023,0,220,1023,0,368,311,305,269,316,305,475,699,690,305,351
367,1023,0,234,1023,0,418,319,305,314,318,305,475,641,625,305,351
457,1023,0,205,1023,0,430,315,305,291,321,305,475,674,662,305,351
331,1023,0,199,1023,0,401,313,305,296,319,305,475,605,584,305,351
552,1023,0,461,1023,0,447,326,305,341,327,305,475,714,702,305,351
596,1023,0,332,1023,0,444,316,305,338,326,305,475,717,689,305,351
319,1023,0,172,1023,0,371,312,305,255,321,305,475,629,609,305,351
565,1023,0,259,1023,0,390,316,305,235,323,305,475,625,612,305,351
604,1023,0,234,1023,0,382,311,305,294,316,305,476,571,496,305,351
380,1023,0,334,1023,0,434,320,305,254,319,305,476,750,739,305,351
487,1023,0,180,1023,0,439,320,305,275,318,305,476,670,636,305,351
800,1023,0,468,1023,0,460,315,305,349,324,305,476,732,648,305,351
576,1023,0,378,1023,0,480,321,305,411,351,305,476,738,704,305,351
349,1023,0,211,1023,0,466,324,305,341,323,305,476,731,717,305,351
409,1023,0,291,1023,0,491,325,305,410,349,305,476,709,687,305,351
734,1023,0,404,1023,0,481,322,305,369,325,305,476,773,695,305,351
739,1023,0,508,1023,0,520,332,305,429,350,305,476,750,673,305,351
511,1023,0,309,1023,0,389,315,305,321,322,305,476,713,682,305,351
603,1023,0,286,1023,0,481,323,305,333,322,305,476,742,711,305,351
589,1023,0,258,1023,0,525,327,305,456,338,305,476,707,680,305,351
663,1023,0,250,1023,0,537,330,305,421,338,305,476,675,633,305,351
496,1023,0,269,1023,0,520,326,305,395,325,305,476,697,677,305,351
434,1023,0,263,1023,0,398,314,305,0,313,305,476,704,691,305,351
372,1023,0,267,1023,0,322,315,305,271,323,305,476,729,723,305,351
261,1023,0,170,1023,0,428,313,305,289,313,305,476,674,665,305,351
413,1023,0,309,1023,0,400,318,305,251,316,305,476,659,638,305,351
480,1023,0,211,1023,0,302,314,305,215,319,305,476,694,681,305,351
348,1023,0,253,1023,0,411,316,305,251,318,305,476,722,708,305,351
613,1023,0,537,1023,0,487,329,305,376,339,305,476,748,700,305,351
589,1023,0,319,1023,0,445,313,305,309,319,305,476,724,694,305,351
547,1023,0,350,1023,0,440,322,305,297,327,305,476,719,708,305,351
559,1023,0,409,1023,0,458,321,305,374,330,305,476,703,673,305,351
456,1023,0,244,1023,0,435,320,305,318,324,305,476,704,688,305,351
340,1023,0,319,1023,0,437,320,305,318,320,305,476,692,670,305,351
559,1023,0,256,1023,0,429,320,305,308,327,305,476,708,686,305,351
574,1023,0,356,1023,0,455,317,305,365,329,305,477,692,676,305,351
417,1023,0,296,1023,0,410,317,305,161,323,305,477,692,680,305,351
525,1023,0,354,1023,0,0,309,305,112,320,305,477,674,661,305,351
371,1023,0,318,1023,0,0,317,305,0,314,305,477,704,696,305,351
647,1023,0,323,1023,0,0,318,305,0,326,305,477,744,736,305,351
622,1023,0,336,1023,0,478,324,305,374,331,305,477,721,692,305,351
372,1023,0,265,1023,0,452,320,305,320,320,305,477,669,658,305,351
334,1023,0,224,1023,0,419,316,305,283,319,305,477,628,615,305,351
535,1023,0,357,1023,0,450,318,305,362,328,305,477,680,664,305,351
533,1023,0,544,1023,0,456,322,305,377,336,305,477,778,761,305,351
482,1023,0,182,1023,0,420,313,305,220,315,305,477,642,621,305,351
517,1023,0,324,1023,0,371,315,305,297,323,305,477,729,712,305,351
476,1023,0,234,1023,0,441,316,305,268,323,305,477,627,592,305,351
496,1023,0,314,1023,0,389,316,305,339,333,305,477,730,717,305,351
548,1023,0,443,1023,0,493,327,305,372,337,305,477,748,731,305,351
597,1023,0,379,1023,0,495,322,305,388,331,305,477,718,676,305,351
416,1023,0,271,1023,0,443,314,305,346,326,305,477,635,615,305,351
421,1023,0,210,1023,0,433,316,305,327,323,305,477,711,700,305,351
672,1023,0,333,1023,0,478,324,305,373,337,305,477,731,712,305,351
369,1023,0,234,1023,0,345,314,305,306,321,305,477,632,615,305,351
503,1023,0,251,1023,0,370,316,305,346,327,305,477,695,678,305,351
447,1023,0,218,1023,0,429,320,305,238,321,305,477,617,603,305,351
507,1023,0,295,1023,0,476,316,305,374,332,305,477,699,677,305,351
555,1023,0,336,1023,0,460,323,305,367,344,305,477,695,670,305,351
264,957,0,275,1023,0,397,319,305,0,317,305,477,705,691,305,351
478,1023,0,239,1023,0,0,313,305,0,305,305,477,576,560,305,351
404,1023,0,170,1023,0,393,315,305,212,311,305,477,630,615,305,351
579,1023,0,343,1023,0,459,318,305,361,338,305,477,708,690,305,351
766,1023,0,384,1023,0,477,326,305,375,335,305,477,737,724,305,351
358,1023,0,299,1023,0,462,322,305,363,340,305,477,663,646,305,351
446,1023,0,214,1023,0,424,319,305,257,320,305,477,653,645,305,351
321,1023,0,245,1023,0,410,318,305,299,325,305,478,731,721,305,351
614,1023,0,348,1023,0,411,316,305,351,338,305,478,728,695,305,351
552,1023,0,437,1023,0,476,326,305,381,335,305,478,753,732,305,361
701,1023,0,470,1023,0,529,332,305,392,329,305,478,716,666,305,361
259,1023,0,205,1023,0,471,317,305,372,324,305,478,683,669,305,361
315,1023,0,301,1023,0,464,322,305,354,321,305,478,658,636,305,361
488,1023,0,281,1023,0,458,321,305,341,334,305,478,735,716,305,361
459,1023,0,209,1023,0,429,318,305,341,323,305,478,656,635,305,361
459,1023,0,284,1023,0,445,320,305,284,316,305,478,662,646,305,361
367,1023,0,182,1023,0,416,315,305,306,320,305,478,651,634,305,361
400,1023,0,231,1023,0,0,311,305,251,317,305,478,692,677,305,361
354,1023,0,155,1023,0,428,319,305,290,321,305,478,627,610,305,361
424,1023,0,176,1023,0,385,315,305,156,315,305,478,689,673,305,361
367,1023,0,295,1023,0,413,318,305,308,319,305,478,654,636,305,361
471,1023,0,238,1023,0,448,319,305,333,326,305,478,685,669,305,361
378,1023,0,280,1023,0,455,319,305,303,329,305,478,648,637,305,361
435,1023,0,265,1023,0,439,316,305,370,330,305,478,714,701,305,361
697,1023,0,458,1023,0,488,328,305,451,367,305,478,688,623,305,361
541,1023,0,278,1023,0,441,320,305,316,327,305,478,698,667,305,361
485,1023,0,358,1023,0,449,324,305,347,334,305,478,732,710,305,361
454,1023,0,275,1023,0,452,315,305,313,322,305,478,694,673,305,361
476,1023,0,368,1023,0,444,320,305,317,327,305,478,688,672,305,361
581,1023,0,320,1023,0,447,320,305,316,323,305,478,632,612,305,361
470,1023,0,360,1023,0,436,321,305,353,332,305,478,709,689,305,361
292,1023,0,200,1023,0,458,317,305,345,324,305,478,656,643,305,361
357,1023,0,196,1023,0,448,320,305,345,337,305,478,627,614,305,361
448,1023,0,199,1023,0,0,309,305,249,315,305,478,639,630,305,361
470,1023,0,248,1023,0,341,312,305,259,320,305,478,568,541,305,361
460,1023,0,329,1023,0,444,317,305,352,325,305,478,750,737,305,361
708,1023,0,339,1023,0,466,317,305,352,328,305,478,698,677,305,361
436,1023,0,282,1023,0,437,316,305,339,324,305,478,714,704,305,361
558,1023,0,260,1023,0,469,319,305,408,340,305,478,664,643,305,361
393,1023,0,255,1023,0,405,317,305,311,321,305,478,674,649,305,361
306,1023,0,171,1023,0,419,314,305,224,316,305,479,627,613,305,361
468,1023,0,268,1023,0,389,316,305,201,317,305,479,748,734,305,361
545,1023,0,285,1023,0,460,320,305,363,330,305,479,717,689,305,361
280,1023,0,237,1023,0,452,315,305,286,319,305,479,615,605,305,361
449,1023,0,349,1023,0,455,319,305,316,327,305,479,744,729,305,361
481,1023,0,210,1023,0,429,321,305,321,324,305,479,686,667,305,361
421,1023,0,212,1023,0,445,315,305,298,323,305,479,657,639,305,361
347,1023,0,249,1023,0,375,317,305,291,316,305,479,678,667,305,361
473,1023,0,318,1023,0,398,318,305,290,325,305,479,679,663,305,361
565,1023,0,321,1023,0,448,322,305,291,318,305,479,647,560,305,361
523,1023,0,298,1023,0,417,319,305,330,329,305,479,571,548,305,361
387,1023,0,190,1023,0,410,313,305,242,322,305,479,639,630,305,361
408,1023,0,252,1023,0,443,327,305,373,335,305,479,699,679,305,361
524,1023,0,205,1023,0,403,313,305,223,321,305,479,704,691,305,361
501,1023,0,279,1023,0,463,324,305,365,336,305,479,701,688,305,361
658,1023,0,482,1023,0,498,327,305,374,337,305,479,676,607,305,361
476,1023,0,315,1023,0,452,323,305,345,328,305,479,694,676,305,361
653,1023,0,325,1023,0,440,317,305,359,320,305,479,697,680,305,361
372,1023,0,195,1023,0,452,322,305,339,326,305,479,669,641,305,361
425,1023,0,171,1023,0,464,320,305,346,328,305,479,664,651,305,361
477,1023,0,218,1023,0,428,315,305,266,315,305,479,685,670,305,361
443,1023,0,240,1023,0,458,322,305,374,336,305,479,720,711,305,361
307,1023,0,217,1023,0,481,317,305,401,328,305,479,694,678,305,361
314,1023,0,169,1023,0,446,317,305,347,320,305,479,632,614,305,361
459,1023,0,515,1023,0,461,321,305,294,326,305,479,774,758,305,361
375,1023,0,187,1023,0,420,313,305,308,316,305,479,663,658,305,361
386,1023,0,208,1023,0,434,316,305,314,325,305,479,597,583,305,361
685,1023,0,358,1023,0,506,333,305,395,339,305,479,730,711,305,361
767,1023,0,602,1023,0,480,327,305,384,341,305,479,749,698,305,361
508,1023,0,280,1023,0,422,314,305,325,320,305,480,696,681,305,361
399,1023,0,212,1023,0,340,316,305,259,321,305,480,703,687,305,361
591,1023,0,222,1023,0,453,322,305,331,333,305,480,648,633,305,361
487,1023,0,260,1023,0,403,313,305,250,318,305,480,603,579,305,361
578,1023,0,340,1023,0,449,317,305,310,320,305,480,739,727,305,361
375,1023,0,248,1023,0,380,315,305,224,317,305,480,686,677,305,361
400,1023,0,358,1023,0,416,319,305,310,326,305,480,711,702,305,361
593,1023,0,449,1023,0,478,327,305,359,331,305,480,735,720,305,361
342,1023,0,224,1023,0,425,313,305,312,321,305,480,672,661,305,361
586,1023,0,401,1023,0,493,323,305,379,326,305,480,748,730,305,361
504,1023,0,309,1023,0,458,316,305,322,330,305,480,771,750,305,361
417,1023,0,276,1023,0,430,318,305,278,321,305,480,704,694,305,361
412,1023,0,321,1023,0,404,316,305,275,316,305,480,668,651,305,361
372,1023,0,170,1023,0,406,313,305,322,320,305,480,647,634,305,361
481,1023,0,144,934,0,402,314,305,271,319,305,480,606,586,305,361
351,1023,0,197,1023,0,445,318,305,303,316,305,480,664,646,305,361
514,1023,0,218,1023,0,404,318,305,315,317,305,480,702,681,305,361
322,1023,0,272,1023,0,460,319,305,359,323,305,480,680,670,305,361
577,1023,0,349,1023,0,488,338,305,395,348,305,480,718,690,305,361
663,1023,0,264,1023,0,470,322,305,384,333,305,480,714,681,305,361
623,1023,0,385,1023,0,477,322,305,345,323,305,480,782,765,305,361
371,1023,0,241,1023,0,433,322,305,292,325,305,480,673,660,305,361
354,1023,0,229,1023,0,440,315,305,230,319,305,480,647,634,305,361
483,1023,0,284,1023,0,418,314,305,362,323,305,480,665,645,305,361
337,1023,0,259,1023,0,431,320,305,309,330,305,480,729,721,305,361
451,1023,0,325,1023,0,485,331,305,359,331,305,480,718,700,305,361
633,1023,0,326,1023,0,468,331,305,349,323,305,480,743,717,305,361
433,1023,0,269,1023,0,360,314,305,329,321,305,480,706,685,305,361
478,1023,0,397,1023,0,431,314,305,283,319,305,480,710,688,305,361
589,1023,0,248,1023,0,469,320,305,359,331,305,480,688,667,305,361
442,1023,0,357,1023,0,375,317,305,272,319,305,480,702,684,305,361
415,1023,0,270,1023,0,445,320,305,333,319,305,480,696,680,305,361
486,1023,0,215,1023,0,441,318,305,326,329,305,481,656,632,305,371
491,1023,0,224,1023,0,455,321,305,319,322,305,481,661,640,305,371
408,1023,0,188,1023,0,433,322,305,346,327,305,481,647,624,305,371
513,1023,0,312,1023,0,448,320,305,357,322,305,481,690,674,305,371
421,1023,0,414,1023,0,443,323,305,272,323,305,481,729,716,305,371
413,1023,0,219,1023,0,281,312,305,295,320,305,481,619,599,305,371
438,1023,0,240,1023,0,442,319,305,324,325,305,481,682,668,305,371
839,1023,0,430,1023,0,471,320,305,364,325,305,481,689,595,305,371
559,1023,0,222,1023,0,418,318,305,352,340,305,481,684,671,305,371
439,1023,0,167,995,0,446,315,305,312,323,305,481,670,658,305,371
480,1023,0,307,1023,0,442,321,305,366,337,305,481,725,704,305,371
400,1023,0,278,1023,0,411,315,305,293,326,305,481,713,699,305,371
446,1023,0,316,1023,0,467,325,305,367,331,305,481,687,664,305,371
442,1023,0,243,1023,0,406,319,305,348,331,305,481,684,667,305,371
384,1023,0,281,1023,0,445,319,305,284,323,305,481,730,721,305,371
383,1023,0,201,1023,0,427,316,305,324,322,305,481,679,667,305,371
504,1023,0,280,1023,0,472,319,305,398,328,305,481,638,616,305,371
401,1023,0,256,1023,0,403,318,305,285,321,305,481,709,701,305,371
472,1023,0,225,1023,0,454,319,305,345,322,305,481,693,678,305,371
313,1023,0,242,1023,0,444,319,305,307,317,305,481,677,662,305,371
310,1023,0,254,1023,0,378,314,305,256,319,305,481,701,690,305,371
353,1023,0,227,1023,0,427,318,305,358,330,305,481,646,634,305,371
734,1023,0,355,1023,0,451,322,305,381,330,305,481,725,687,305,371
529,1023,0,170,1023,0,468,322,305,363,333,305,481,662,645,305,371
472,1023,0,265,1023,0,465,323,305,368,338,305,481,675,663,305,371
449,1023,0,250,1023,0,457,317,305,357,323,305,481,665,647,305,371
368,1023,0,215,1023,0,455,317,305,340,325,305,481,603,591,305,371
473,1023,0,301,1023,0,405,321,305,339,328,305,481,678,660,305,371
455,1023,0,245,1023,0,453,323,305,347,328,305,481,708,693,305,371
691,1023,0,409,1023,0,463,325,305,333,327,305,481,718,698,305,371
340,1023,0,281,1023,0,462,320,305,303,319,305,481,675,657,305,371
380,1023,0,253,1023,0,467,319,305,369,327,305,481,601,578,305,371
402,1023,0,270,1023,0,364,318,305,336,327,305,481,701,687,305,371
503,1023,0,279,1023,0,429,321,305,335,323,305,481,657,634,305,371
406,1023,0,219,1023,0,439,312,305,318,319,305,481,561,530,305,371
528,1023,0,370,1023,0,465,323,305,363,325,305,481,776,763,305,371
298,1023,0,202,1023,0,444,318,305,252,319,305,481,598,583,305,371
391,1023,0,201,1023,0,403,316,305,256,317,305,481,634,620,305,371
262,1023,0,182,1023,0,449,319,305,316,317,305,481,625,621,305,371
417,1023,0,363,1023,0,426,317,305,352,338,305,482,715,703,305,371
435,1023,0,262,1023,0,258,312,305,274,320,305,482,654,639,305,371
450,1023,0,356,1023,0,491,324,305,402,346,305,482,725,700,305,371
342,1023,0,219,1023,0,384,314,305,183,316,305,482,635,627,305,371
378,1023,0,206,1023,0,426,317,305,309,327,305,482,665,654,305,371
494,1023,0,260,1023,0,415,315,305,333,323,305,482,717,697,305,371
433,1023,0,203,1023,0,440,319,305,327,321,305,482,703,693,305,371
421,1023,0,173,1023,0,397,312,305,280,319,305,482,666,656,305,371
533,1023,0,303,1023,0,449,323,305,311,325,305,482,686,613,305,371
410,1023,0,213,1023,0,378,314,305,295,317,305,482,643,620,305,371
594,1023,0,403,1023,0,489,323,305,413,348,305,482,722,698,305,371
631,1023,0,309,1023,0,474,327,305,348,331,305,482,670,651,305,371
347,1023,0,186,1023,0,403,314,305,253,316,305,482,666,654,305,371
441,1023,0,214,1023,0,440,316,305,261,323,305,482,659,646,305,371
578,1023,0,364,1023,0,482,332,305,387,350,305,482,731,713,305,371
539,1023,0,315,1023,0,435,326,305,350,336,305,482,796,777,305,371
325,1023,0,219,1023,0,164,310,305,295,316,305,482,651,636,305,371
387,1023,0,253,1023,0,342,316,305,302,320,305,482,649,634,305,371
475,1023,0,308,1023,0,449,320,305,284,322,305,482,748,737,305,371
599,1023,0,348,1023,0,424,323,305,334,325,305,482,724,699,305,371
452,1023,0,344,1023,0,419,319,305,323,325,305,482,687,668,305,371
425,1023,0,211,1023,0,425,315,305,316,324,305,482,677,661,305,371
527,1023,0,179,980,0,355,315,305,254,319,305,482,682,673,305,371
441,1023,0,372,1023,0,475,332,305,391,355,305,482,660,637,305,371
578,1023,0,225,1023,0,451,319,305,290,324,305,482,678,665,305,371
448,1023,0,255,1023,0,410,315,305,335,328,305,482,684,668,305,371
386,1023,0,300,1023,0,448,320,305,324,325,305,482,726,715,305,371
411,1023,0,449,1023,0,421,315,305,254,320,305,482,615,599,305,371
387,1023,0,304,1023,0,339,315,305,324,326,305,482,689,663,305,371
406,1023,0,340,1023,0,446,319,305,365,330,305,482,699,683,305,371
611,1023,0,373,1023,0,461,323,305,321,327,305,482,751,741,305,371
838,1023,0,503,1023,0,464,321,305,367,321,305,482,755,701,305,371
500,1023,0,239,1023,0,460,319,305,344,334,305,483,705,686,305,371
423,1023,0,209,1023,0,401,317,305,288,319,305,483,684,665,305,371
780,1023,0,369,1023,0,473,327,305,346,335,305,483,743,717,305,371
454,1023,0,241,1023,0,426,328,305,385,346,305,483,702,681,305,371
685,1023,0,392,1023,0,490,322,305,340,325,305,483,710,648,305,371
479,1023,0,399,1023,0,478,330,305,364,336,305,483,712,693,305,371
380,1023,0,240,1023,0,413,314,305,307,323,305,483,708,692,305,371
630,1023,0,272,1023,0,425,316,305,319,321,305,483,704,674,305,371
405,1023,0,166,1023,0,432,314,305,303,324,305,483,612,594,305,371
486,1023,0,308,1023,0,440,317,305,332,322,305,483,662,638,305,371
497,1023,0,333,1023,0,448,321,305,346,333,305,483,748,735,305,371
670,1023,0,423,1023,0,432,319,305,307,335,305,483,738,703,305,371
645,1023,0,388,1023,0,498,328,305,399,335,305,483,725,698,305,371
747,1023,0,573,1023,0,498,326,305,410,330,305,483,790,711,305,371
524,1023,0,272,1023,0,444,320,305,324,325,305,483,679,664,305,371
546,1023,0,348,1023,0,420,318,305,360,328,305,483,720,699,305,371
364,1023,0,209,1023,0,403,313,305,286,315,305,483,668,652,305,371
414,1023,0,335,1023,0,441,318,305,350,326,305,483,737,723,305,371
536,1023,0,213,1023,0,422,315,305,308,321,305,483,681,655,305,371
781,1023,0,469,1023,0,470,316,305,358,325,305,483,743,673,305,371
507,1023,0,185,1015,0,462,321,305,370,319,305,483,674,635,305,371
561,1023,0,578,1023,0,502,332,305,422,355,305,483,763,721,305,371
368,1023,0,168,1023,0,409,315,305,256,314,305,483,651,642,305,371
297,1023,0,206,1023,0,436,318,305,286,322,305,483,659,637,305,371
434,1023,0,188,1023,0,448,317,305,296,322,305,483,639,615,305,371
410,1023,0,191,1023,0,407,313,305,305,316,305,483,685,667,305,371
377,1023,0,269,1023,0,300,311,305,226,313,305,483,658,640,305,371
477,1023,0,184,1023,0,436,320,305,329,328,305,483,650,630,305,371
453,1023,0,314,1023,0,409,315,305,297,320,305,483,679,667,305,371
540,1023,0,253,1023,0,390,313,305,367,333,305,483,666,621,305,371
592,1023,0,353,1023,0,418,317,305,332,320,305,484,649,606,305,371
371,1023,0,157,999,0,415,317,305,302,325,305,484,587,580,305,371
334,1023,0,153,1023,0,385,312,305,229,314,305,484,594,587,305,371
310,1023,0,177,1023,0,401,315,305,228,319,305,484,632,609,305,371
613,1023,0,321,1023,0,440,316,305,395,330,305,484,674,654,305,371
736,1023,0,335,1023,0,520,324,305,410,327,305,484,692,647,305,371
427,1023,0,301,1023,0,447,322,305,347,324,305,484,650,628,305,371
351,1023,0,216,1023,0,402,316,305,289,320,305,484,566,549,305,371
460,1023,0,241,1023,0,433,318,305,305,319,305,484,624,618,305,371
264,977,0,179,1023,0,365,315,305,270,313,305,484,650,641,305,371
499,1023,0,324,1023,0,466,325,305,390,346,305,484,705,688,305,371
518,1023,0,240,1023,0,408,313,305,262,318,305,484,671,650,305,371
292,1023,0,197,1023,0,399,314,305,283,317,305,484,645,639,305,371
502,1023,0,334,1023,0,436,318,305,342,322,305,484,672,654,305,371
415,1023,0,247,1023,0,325,312,305,230,312,305,484,697,683,305,371
407,1023,0,427,1023,0,460,324,305,409,352,305,484,727,704,305,371
612,1023,0,460,1023,0,445,319,305,361,326,305,484,749,727,305,371
407,1023,0,207,1023,0,387,313,305,297,317,305,484,668,660,305,371
412,1023,0,176,1023,0,431,313,305,241,314,305,484,646,639,305,381
336,1023,0,147,1023,0,381,312,305,277,317,305,484,584,570,305,381
535,1023,0,512,1023,0,478,327,305,397,342,305,484,717,671,305,381
494,1023,0,312,1023,0,489,326,305,402,339,305,484,723,705,305,381
591,1023,0,330,1023,0,429,313,305,345,321,305,484,700,664,305,381
667,1023,0,396,1023,0,476,320,305,322,318,305,484,729,712,305,381
393,1023,0,258,1023,0,473,323,305,375,331,305,484,694,679,305,381
403,1023,0,271,1023,0,403,316,305,336,327,305,484,668,653,305,381
449,1023,0,241,1023,0,429,315,305,276,316,305,484,710,696,305,381
422,1023,0,357,1023,0,442,318,305,314,318,305,484,704,691,305,381
774,1023,0,373,1023,0,498,337,305,425,354,305,484,719,689,305,381
560,1023,0,335,1023,0,473,321,305,334,327,305,484,689,670,305,381
511,1023,0,345,1023,0,456,321,305,354,327,305,484,610,577,305,381
444,1023,0,235,1023,0,427,316,305,319,324,305,484,667,643,305,381
551,1023,0,292,1023,0,435,315,305,313,323,305,484,657,632,305,381
389,1023,0,265,1023,0,434,319,305,312,325,305,484,691,679,305,381
457,1023,0,351,1023,0,430,323,305,309,325,305,484,701,678,305,381
538,1023,0,408,1023,0,466,328,305,421,356,305,485,708,690,305,381
390,1023,0,286,1023,0,441,319,305,317,321,305,485,707,693,305,381
449,1023,0,168,1023,0,413,324,305,294,330,305,485,634,616,305,381
419,1023,0,324,1023,0,447,324,305,290,327,305,485,732,719,305,381
378,1023,0,387,1023,0,440,319,305,320,322,305,485,718,705,305,381
395,1023,0,181,1023,0,394,313,305,192,317,305,485,639,623,305,381
506,1023,0,240,1023,0,359,314,305,283,318,305,485,689,681,305,381
403,1023,0,257,1023,0,397,314,305,272,317,305,485,639,622,305,381
485,1023,0,279,1023,0,457,322,305,349,326,305,485,653,634,305,381
460,1023,0,232,1023,0,439,323,305,339,323,305,485,728,721,305,381
397,1023,0,286,1023,0,445,320,305,364,330,305,485,627,605,305,381
529,1023,0,406,1023,0,460,320,305,289,321,305,485,735,721,305,381
388,1023,0,178,1023,0,421,318,305,232,318,305,485,596,575,305,381
424,1023,0,212,1023,0,397,317,305,259,318,305,485,719,708,305,381
441,1023,0,368,1023,0,496,332,305,401,338,305,485,691,679,305,381
413,1023,0,235,1023,0,422,319,305,336,325,305,485,688,673,305,381
438,1023,0,191,1023,0,442,316,305,308,320,305,485,634,611,305,381
501,1023,0,360,1023,0,449,322,305,356,335,305,485,715,695,305,381
468,1023,0,264,1023,0,423,321,305,362,330,305,485,685,666,305,381
469,1023,0,248,1023,0,425,317,305,261,314,305,485,646,627,305,381
393,1023,0,180,1023,0,420,312,305,195,319,305,485,684,653,305,381
596,1023,0,213,1023,0,426,322,305,260,315,305,485,592,555,305,381
550,1023,0,280,1023,0,461,322,305,359,335,305,485,723,687,305,381
392,1023,0,238,1023,0,425,318,305,340,328,305,485,663,644,305,381
752,1023,0,499,1023,0,476,321,305,424,337,305,485,763,698,305,381
441,1023,0,245,1023,0,325,317,305,193,315,305,485,702,684,305,381
770,1023,0,422,1023,0,468,319,305,355,328,305,485,738,704,305,381
400,1023,0,204,1023,0,383,314,305,247,319,305,485,652,644,305,381
453,1023,0,225,1023,0,439,314,305,362,340,305,485,660,646,305,381
382,1023,0,296,1023,0,431,319,305,286,316,305,485,741,726,305,381
582,1023,0,288,1023,0,437,320,305,314,323,305,485,757,744,305,381
431,1023,0,172,1023,0,396,317,305,311,320,305,486,656,638,305,381
569,1023,0,427,1023,0,472,321,305,352,327,305,486,750,729,305,381
447,1023,0,301,1023,0,446,326,305,376,338,305,486,660,643,305,381
486,1023,0,266,1023,0,449,319,305,338,324,305,486,701,686,305,381
378,1023,0,209,1023,0,447,321,305,267,318,305,486,680,657,305,381
436,1023,0,188,1023,0,418,312,305,429,363,305,486,429,391,305,381
722,1023,0,322,1023,0,425,323,305,360,326,305,486,706,634,305,381
398,1023,0,167,1023,0,416,317,305,310,324,305,486,659,640,305,381
460,1023,0,291,1023,0,459,326,305,346,330,305,486,732,711,305,381
380,1023,0,159,1023,0,433,318,305,294,320,305,486,637,620,305,381
475,1023,0,369,1023,0,424,317,305,339,332,305,486,732,714,305,381
421,1023,0,145,913,0,436,317,305,281,320,305,486,668,649,305,381
600,1023,0,280,1023,0,429,319,305,338,325,305,486,674,657,305,381
414,1023,0,226,1023,0,443,317,305,288,318,305,486,658,642,305,381
504,1023,0,362,1023,0,418,317,305,316,324,305,486,685,658,305,381
441,1023,0,263,1023,0,471,321,305,347,319,305,486,667,650,305,381
473,1023,0,378,1023,0,451,323,305,340,326,305,486,577,548,305,381
632,1023,0,212,1023,0,474,323,305,377,330,305,486,698,677,305,381
617,1023,0,335,1023,0,418,314,305,328,324,305,486,703,686,305,381
273,1023,0,261,1023,0,399,316,305,288,320,305,486,666,653,305,381
530,1023,0,195,1023,0,455,320,305,327,337,305,486,675,663,305,381
420,1023,0,266,1023,0,439,318,305,346,333,305,486,697,680,305,392
364,1023,0,218,1023,0,410,317,305,350,328,305,486,683,664,305,392
436,1023,0,206,1023,0,403,319,305,299,319,305,486,680,662,305,392
433,1023,0,252,1023,0,440,317,305,226,321,305,486,703,692,305,392
296,1023,0,169,1023,0,319,311,305,255,317,305,486,599,591,305,392
360,1023,0,172,1023,0,0,307,305,303,319,305,487,605,599,305,392
650,1023,0,367,1023,0,475,323,305,342,328,305,487,689,661,305,392
404,1023,0,270,1023,0,440,315,305,342,326,305,487,692,677,305,392
514,1023,0,232,1023,0,430,317,305,304,320,305,487,600,581,305,392
426,1023,0,249,1023,0,387,313,305,306,323,305,487,646,629,305,392
488,1023,0,238,1023,0,398,319,305,296,319,305,487,650,630,305,392
368,1023,0,188,1023,0,353,315,305,333,322,305,487,616,601,305,392
377,1023,0,187,1023,0,445,322,305,262,315,305,487,571,557,305,392
439,1023,0,220,1023,0,450,318,305,311,328,305,487,632,617,305,392
363,1023,0,270,1023,0,511,358,305,446,391,305,487,672,664,305,392
426,1023,0,307,1023,0,453,320,305,360,336,305,487,701,690,305,392
398,1023,0,246,1023,0,421,320,305,301,323,305,487,662,655,305,392
464,1023,0,148,1023,0,395,312,305,139,314,305,487,738,725,305,392
647,1023,0,302,1023,0,432,319,305,373,337,305,487,662,647,305,392
349,1023,0,180,1023,0,386,313,305,279,316,305,487,666,656,305,392
368,1023,0,257,1023,0,468,320,305,335,320,305,487,662,648,305,392
404,1023,0,280,1023,0,444,316,305,286,320,305,487,641,622,305,392
343,1023,0,304,1023,0,470,319,305,294,327,305,487,666,649,305,392
371,1023,0,201,1023,0,451,322,305,202,320,305,487,664,657,305,392
288,1023,0,195,1023,0,281,319,305,296,326,305,487,670,659,305,392
462,1023,0,271,1023,0,443,318,305,312,325,305,487,700,686,305,392
695,1023,0,282,1023,0,434,314,305,352,323,305,487,635,624,305,392
610,1023,0,329,1023,0,453,323,305,376,331,305,487,725,703,305,392
526,1023,0,176,801,0,424,317,305,286,314,305,487,670,623,305,392
397,1023,0,181,1023,0,408,315,305,326,318,305,487,655,644,305,392
578,1023,0,342,1023,0,421,320,305,284,325,305,487,687,660,305,392
426,1023,0,225,1023,0,430,316,305,335,330,305,487,659,647,305,392
534,1023,0,318,1023,0,443,321,305,283,322,305,487,706,688,305,392
447,1023,0,242,1023,0,383,318,305,247,321,305,488,656,637,305,392
625,1023,0,399,1023,0,439,323,305,378,331,305,488,783,768,305,392
486,1023,0,291,1023,0,436,317,305,303,322,305,488,696,675,305,392
386,1023,0,231,1023,0,383,319,305,302,330,305,488,632,606,305,392
537,1023,0,272,1023,0,467,320,305,294,327,305,488,664,636,305,392
515,1023,0,329,1023,0,473,321,305,283,322,305,488,717,700,305,392
499,1023,0,321,1023,0,442,317,305,286,320,305,488,682,664,305,392
773,1023,0,454,1023,0,476,326,305,391,346,305,488,753,721,305,392
401,1023,0,220,1023,0,441,321,305,355,332,305,488,661,641,305,392
419,1023,0,194,1023,0,0,310,305,0,315,305,488,607,600,305,392
573,1023,0,501,1023,0,484,335,305,381,342,305,488,759,742,305,392
404,1023,0,307,1023,0,439,322,305,289,322,305,488,700,695,305,392
465,1023,0,331,1023,0,437,322,305,340,334,305,488,677,662,305,392
593,1023,0,413,1023,0,446,320,305,333,329,305,488,618,540,305,392
334,1023,0,211,1023,0,432,316,305,301,322,305,488,650,641,305,392
465,1023,0,250,1023,0,463,319,305,366,332,305,488,686,670,305,392
558,1023,0,264,1023,0,467,322,305,320,328,305,488,676,639,305,392
354,1023,0,207,1023,0,404,313,305,318,324,305,488,626,614,305,392
338,1023,0,259,1023,0,436,317,305,347,319,305,488,664,642,305,392
299,1023,0,238,1023,0,404,319,305,371,333,305,488,668,654,305,392
542,1023,0,558,1023,0,479,326,305,392,341,305,488,795,777,305,392
534,1023,0,251,1023,0,418,322,305,399,346,305,488,709,681,305,392
687,1023,0,440,1023,0,485,327,305,371,334,305,488,747,693,305,392
437,1023,0,267,1023,0,426,314,305,243,320,305,488,567,530,305,392
281,1003,0,138,980,0,488,322,305,144,316,305,488,556,539,305,392
431,1023,0,235,1023,0,415,318,305,302,325,305,488,697,683,305,392
464,1023,0,228,1023,0,428,319,305,326,321,305,488,675,659,305,402
541,1023,0,190,1023,0,447,322,305,333,329,305,488,643,618,305,402
531,1023,0,266,1023,0,445,316,305,328,324,305,488,701,691,305,402
397,1023,0,225,1023,0,455,320,305,365,325,305,488,674,655,305,402
562,1023,0,272,1023,0,450,317,305,364,328,305,488,672,648,305,402
443,1023,0,361,1023,0,446,319,305,364,331,305,488,718,700,305,402
480,1023,0,295,1023,0,472,329,305,369,333,305,488,666,642,305,402
324,1023,0,217,1023,0,418,316,305,297,320,305,488,621,604,305,402
812,1023,0,515,1023,0,492,325,305,376,337,305,488,765,736,305,402
534,1023,0,235,1023,0,428,318,305,350,333,305,488,713,697,305,402
474,1023,0,188,1023,0,407,315,305,278,314,305,489,703,689,305,402
350,1023,0,364,1023,0,437,319,305,366,328,305,489,704,687,305,402
339,1023,0,163,1023,0,426,313,305,351,326,305,489,665,646,305,402
401,1023,0,354,1023,0,452,320,305,365,336,305,489,714,700,305,402
819,1023,0,517,1023,0,482,325,305,415,330,305,489,766,698,305,402
374,1023,0,234,1023,0,359,314,305,242,318,305,489,665,648,305,402
526,1023,0,325,1023,0,418,313,305,325,331,305,489,724,709,305,402
650,1023,0,263,1023,0,464,320,305,354,325,305,489,695,674,305,402
408,1023,0,277,1023,0,456,320,305,345,332,305,489,698,685,305,402
416,1023,0,232,1023,0,437,319,305,323,323,305,489,681,669,305,402
488,1023,0,251,1023,0,458,318,305,321,322,305,489,653,633,305,402
398,1023,0,365,1023,0,447,322,305,356,324,305,489,733,719,305,402
810,1023,0,523,1023,0,511,321,305,414,337,305,489,766,683,305,402
461,1023,0,240,1023,0,450,315,305,249,317,305,489,682,669,305,402
487,1023,0,233,1023,0,433,317,305,322,322,305,489,704,683,305,402
523,1023,0,318,1023,0,453,320,305,334,331,305,489,708,690,305,402
508,1023,0,291,1023,0,465,325,305,355,322,305,489,688,611,305,402
408,1023,0,231,1023,0,390,314,305,316,320,305,489,680,668,305,402
456,1023,0,198,1023,0,372,312,305,154,314,305,489,650,629,305,402
427,1023,0,155,1005,0,379,314,305,318,325,305,489,651,608,305,402
486,1023,0,233,1023,0,446,321,305,384,342,305,489,722,693,305,402
470,1023,0,279,1023,0,442,320,305,364,333,305,489,703,691,305,402
468,1023,0,331,1023,0,424,318,305,288,323,305,489,696,683,305,402
481,1023,0,184,1023,0,401,316,305,257,317,305,489,608,586,305,402
807,1023,0,457,1023,0,486,321,305,351,327,305,489,738,673,305,402
349,1023,0,302,1023,0,480,324,305,300,322,305,489,647,625,305,402
414,1023,0,250,1023,0,443,318,305,348,327,305,489,640,621,305,402
368,1023,0,167,1023,0,250,313,305,259,316,305,489,642,628,305,402
536,1023,0,311,1023,0,487,319,305,343,320,305,489,740,712,305,402
391,1023,0,214,1023,0,460,323,305,339,325,305,489,655,638,305,402
560,1023,0,305,1023,0,420,329,305,333,331,305,489,724,712,305,402
427,1023,0,219,1023,0,463,323,305,363,329,305,489,660,644,305,402
848,1023,0,443,1023,0,447,319,305,391,342,305,489,750,687,305,402
484,1023,0,199,1023,0,403,315,305,317,323,305,489,625,605,305,402
422,1023,0,286,1023,0,415,314,305,322,324,305,489,648,633,305,402
484,1023,0,190,1023,0,509,326,305,423,341,305,489,692,664,305,402
336,991,0,142,851,0,512,321,305,389,327,305,489,594,567,305,402
387,1023,0,244,1023,0,557,333,305,478,340,305,490,701,673,305,402
267,1023,0,235,1023,0,461,324,305,374,330,305,490,621,604,305,402
358,1023,0,322,1023,0,476,317,305,359,322,305,490,718,699,305,402
525,1023,0,326,1023,0,488,320,305,390,336,305,490,677,649,305,402
582,1023,0,249,951,0,571,328,305,492,343,305,490,707,631,305,402
597,1023,0,301,1023,0,408,317,305,325,333,305,490,757,726,305,402
495,1023,0,298,1023,0,489,323,305,415,342,305,490,709,681,305,402
321,1023,0,138,817,0,0,309,305,0,308,305,490,631,620,305,402
344,1023,0,225,1023,0,0,312,305,0,315,305,490,643,631,305,402
278,1023,0,201,1023,0,429,316,305,386,330,305,490,632,617,305,402
420,1023,0,192,1023,0,429,317,305,358,331,305,490,683,670,305,402
309,1023,0,114,752,0,380,313,305,337,325,305,490,627,617,305,402
453,1023,0,202,1023,0,440,319,305,284,324,305,490,660,642,305,402
608,1023,0,299,1023,0,444,323,305,341,322,305,490,631,605,305,402
325,1023,0,171,1006,0,375,315,305,318,321,305,490,629,608,305,402
449,1023,0,279,1023,0,423,317,305,282,321,305,490,677,663,305,402
385,1023,0,304,1023,0,433,320,305,363,330,305,490,679,664,305,402
456,1023,0,342,1023,0,469,319,305,356,330,305,490,712,700,305,402
767,1023,0,367,1023,0,484,321,305,346,326,305,490,720,643,305,402
389,1023,0,229,1023,0,440,321,305,316,325,305,490,647,624,305,402
492,1023,0,321,1023,0,435,320,305,387,329,305,490,730,710,305,402
856,1023,0,495,1023,0,472,320,305,379,332,305,491,768,719,305,402
349,1023,0,99,606,0,446,316,305,302,321,305,491,576,547,305,402
455,1023,0,345,1023,0,438,319,305,329,330,305,491,749,728,305,402
310,1023,0,193,1023,0,456,325,305,331,333,305,491,368,346,305,402
354,1023,0,209,1023,0,433,317,305,246,322,305,491,653,634,305,402
454,1023,0,293,1023,0,405,316,305,342,323,305,491,690,676,305,402
415,1023,0,334,1023,0,479,322,305,350,321,305,491,695,676,305,402
411,1023,0,237,1023,0,382,311,305,293,319,305,491,661,644,305,402
473,1023,0,287,1023,0,447,323,305,348,331,305,491,691,670,305,402
406,1023,0,296,1023,0,436,315,305,307,324,305,491,637,606,305,402
410,1023,0,339,1023,0,449,321,305,331,331,305,491,701,689,305,402
572,1023,0,453,1023,0,480,320,305,333,337,305,491,733,719,305,402
404,1023,0,218,1023,0,323,312,305,271,322,305,491,550,538,305,402
366,1023,0,212,1023,0,443,321,305,207,319,305,491,666,656,305,402
358,1023,0,222,1023,0,424,313,305,305,327,305,491,645,627,305,402
404,1023,0,245,1023,0,418,320,305,327,331,305,491,633,617,305,402
425,1023,0,151,927,0,404,317,305,316,317,305,491,579,550,305,402
538,1023,0,506,1023,0,455,321,305,368,331,305,491,744,725,305,402
352,1023,0,145,1023,0,391,312,305,294,316,305,491,637,627,305,402
454,1023,0,406,1023,0,390,321,305,333,324,305,491,692,679,305,402
473,1023,0,206,1023,0,448,319,305,307,324,305,491,687,663,305,402
492,1023,0,313,1023,0,0,309,305,252,322,305,491,726,701,305,402
567,1023,0,401,1023,0,483,327,305,348,331,305,491,732,709,305,402
332,1023,0,182,1023,0,459,317,305,317,320,305,491,600,573,305,402
440,1023,0,242,1023,0,316,316,305,0,319,305,491,700,684,305,402
595,1023,0,365,1023,0,483,323,305,365,329,305,491,696,646,305,402
482,1023,0,250,1023,0,442,316,305,308,318,305,491,691,671,305,402
515,1023,0,426,1023,0,440,316,305,321,327,305,491,781,766,305,402
490,1023,0,337,1023,0,453,322,305,294,321,305,491,727,708,305,402
589,1023,0,263,1023,0,445,318,305,330,318,305,491,700,680,305,402
543,1023,0,271,1023,0,413,325,305,342,327,305,491,646,620,305,402
604,1023,0,284,1023,0,478,321,305,379,326,305,491,668,653,305,402
365,1023,0,276,1023,0,455,319,305,345,326,305,491,670,656,305,402
550,1023,0,305,1023,0,433,320,305,300,323,305,492,702,679,305,402
365,1023,0,161,1023,0,413,311,305,265,317,305,492,651,626,305,402
467,1023,0,247,1023,0,449,318,305,319,322,305,492,693,668,305,402
617,1023,0,456,1023,0,495,331,305,376,331,305,492,753,709,305,402
577,1023,0,358,1023,0,445,319,305,347,327,305,492,674,645,305,402
526,1023,0,348,1023,0,447,320,305,358,333,305,492,733,711,305,402
423,1023,0,282,1023,0,401,315,305,263,320,305,492,739,722,305,402
475,1023,0,242,1023,0,435,316,305,293,318,305,492,686,667,305,402
399,1023,0,179,1023,0,403,314,305,299,318,305,492,649,635,305,402
388,1023,0,226,1023,0,307,317,305,244,317,305,492,699,689,305,402
434,1023,0,172,1023,0,379,312,305,303,322,305,492,490,469,305,402
326,1023,0,201,1023,0,434,323,305,342,332,305,492,699,687,305,402
611,1023,0,260,1023,0,438,317,305,269,318,305,492,677,657,305,402
296,1023,0,170,1023,0,451,318,305,292,321,305,492,611,595,305,402
265,1023,0,200,1023,0,452,313,305,336,317,305,492,615,597,305,412
380,1023,0,176,1023,0,352,310,305,299,319,305,492,650,628,305,412
414,1023,0,378,1023,0,470,322,305,321,331,305,492,681,665,305,412
498,1023,0,436,1023,0,463,323,305,356,329,305,492,697,669,305,412
531,1023,0,206,1023,0,453,325,305,299,327,305,492,733,721,305,412
419,1023,0,245,1023,0,399,312,305,49,318,305,492,648,631,305,412
633,1023,0,336,1023,0,472,320,305,346,319,305,492,734,666,305,412
384,1023,0,245,1023,0,469,317,305,374,334,305,492,685,676,305,412
420,1023,0,274,1023,0,467,326,305,388,335,305,492,719,699,305,412
414,1023,0,220,1023,0,440,321,305,300,326,305,492,677,655,305,412
405,1023,0,220,1023,0,384,314,305,359,326,305,492,645,621,305,412
709,1023,0,332,1023,0,474,321,305,366,321,305,492,723,686,305,412
277,1023,0,221,1023,0,435,319,305,344,320,305,492,608,593,305,412
372,1023,0,211,1023,0,341,313,305,277,323,305,492,657,644,305,412
398,1023,0,257,1023,0,397,322,305,322,327,305,492,649,635,305,412
641,1023,0,270,1023,0,487,325,305,391,333,305,493,687,654,305,412
505,1023,0,281,1023,0,442,317,305,425,360,305,493,690,666,305,412
562,1023,0,389,1023,0,468,321,305,355,328,305,493,685,652,305,412
396,1023,0,281,1023,0,397,314,305,281,316,305,493,701,684,305,412
473,1023,0,341,1023,0,424,320,305,338,324,305,493,715,707,305,412
383,1023,0,204,1023,0,454,323,305,320,325,305,493,662,647,305,412
360,1023,0,162,1023,0,355,314,305,236,314,305,493,636,621,305,412
458,1023,0,209,1023,0,367,313,305,298,319,305,493,683,661,305,412
379,1023,0,302,1023,0,433,321,305,361,332,305,493,705,694,305,412
602,1023,0,307,1023,0,401,314,305,322,322,305,493,654,618,305,412
356,1023,0,193,1023,0,437,313,305,342,322,305,493,658,641,305,412
541,1023,0,294,1023,0,475,323,305,375,340,305,493,710,681,305,412
712,1023,0,571,1023,0,471,327,305,381,337,305,493,715,645,305,412
407,1023,0,249,1023,0,438,314,305,342,330,305,493,653,638,305,412
509,1023,0,162,1023,0,122,315,305,226,318,305,493,653,626,305,412
562,1023,0,218,1023,0,422,318,305,313,320,305,493,721,707,305,412
530,1023,0,298,1023,0,427,318,305,310,320,305,493,655,634,305,412
535,1023,0,263,1023,0,431,318,305,289,325,305,493,684,667,305,412
405,1023,0,221,1023,0,353,317,305,283,324,305,493,687,668,305,412
620,1023,0,346,1023,0,445,318,305,402,329,305,493,747,731,305,412
480,1023,0,219,1023,0,447,323,305,302,322,305,493,650,629,305,412
406,1023,0,274,1023,0,438,317,305,347,329,305,493,711,686,305,412
390,1023,0,182,982,0,414,315,305,0,311,305,493,593,580,305,412
585,1023,0,404,1023,0,472,318,305,367,325,305,493,705,676,305,412
233,949,0,213,1023,0,483,339,305,474,416,305,493,385,361,305,412
646,1023,0,235,1023,0,401,316,305,316,326,305,493,644,623,305,412
607,1023,0,358,1023,0,428,319,305,373,345,305,493,770,746,305,412
514,1023,0,330,1023,0,434,318,305,273,320,305,493,676,659,305,412
517,1023,0,156,1017,0,415,317,305,315,325,305,493,638,622,305,412
540,1023,0,328,1023,0,504,327,305,367,333,305,493,722,696,305,412
447,1023,0,203,1023,0,391,316,305,271,319,305,493,632,621,305,412
412,1023,0,279,1023,0,430,320,305,336,323,305,493,709,698,305,412
294,1023,0,170,1023,0,357,314,305,262,324,305,494,633,618,305,412
513,1023,0,249,1023,0,434,321,305,360,331,305,494,685,659,305,412
374,1023,0,190,1023,0,400,315,305,333,326,305,494,596,573,305,412
475,1023,0,242,1023,0,400,317,305,244,319,305,494,600,586,305,412
554,1023,0,386,1023,0,471,325,305,432,374,305,494,717,676,305,412
532,1023,0,158,1015,0,430,318,305,365,334,305,494,676,655,305,412
477,1023,0,226,1023,0,347,316,305,303,317,305,494,638,614,305,412
459,1023,0,221,1023,0,411,315,305,266,316,305,494,605,590,305,412
430,1023,0,180,1023,0,401,314,305,248,316,305,494,650,636,305,412
603,1023,0,179,1023,0,453,319,305,393,345,305,494,711,694,305,412
508,1023,0,288,1023,0,473,327,305,328,336,305,494,717,703,305,412
394,1023,0,191,1023,0,404,316,305,292,323,305,494,637,617,305,412
455,1023,0,298,1023,0,439,320,305,275,324,305,494,663,634,305,412
470,1023,0,253,1023,0,408,321,305,339,338,305,494,659,642,305,412
501,1023,0,346,1023,0,483,323,305,395,338,305,494,707,687,305,412
529,1023,0,502,1023,0,464,322,305,385,336,305,494,715,691,305,412
503,1023,0,320,1023,0,439,322,305,351,332,305,494,765,750,305,412
433,1023,0,265,1023,0,469,319,305,333,327,305,494,683,668,305,412
376,1023,0,222,1023,0,431,319,305,305,321,305,494,666,654,305,412
639,1023,0,382,1023,0,396,313,305,343,326,305,494,703,649,305,412
673,1023,0,433,1023,0,458,322,305,344,324,305,494,734,708,305,412
655,1023,0,363,1023,0,443,325,305,350,329,305,494,713,689,305,412
366,1023,0,195,1023,0,399,316,305,299,318,305,494,640,621,305,412
811,1023,0,386,1023,0,439,318,305,338,322,305,494,704,668,305,412
519,1023,0,189,1023,0,302,314,305,296,322,305,494,658,648,305,412
384,1023,0,232,1023,0,464,321,305,327,328,305,495,698,683,305,412
377,1023,0,312,1023,0,437,317,305,300,322,305,495,659,636,305,412
503,1023,0,289,1023,0,447,316,305,320,322,305,495,717,709,305,412
503,1023,0,548,1023,0,468,327,305,371,334,305,495,791,773,305,412
573,1023,0,322,1023,0,433,323,305,333,327,305,495,719,698,305,412
394,1023,0,222,1023,0,433,316,305,325,330,305,495,669,655,305,412
576,1023,0,378,1023,0,461,323,305,299,326,305,495,688,668,305,412
621,1023,0,329,1023,0,475,327,305,318,331,305,495,738,715,305,412
506,1023,0,240,1023,0,414,321,305,310,320,305,495,621,608,305,412
792,1023,0,559,1023,0,493,328,305,416,337,305,495,755,716,305,412
426,1023,0,200,1023,0,445,314,305,295,322,305,495,638,618,305,412
669,1023,0,324,1023,0,461,323,305,358,336,305,495,733,715,305,412
380,1023,0,227,1023,0,387,312,305,193,312,305,495,635,624,305,412
642,1023,0,236,1023,0,446,318,305,280,314,305,495,644,619,305,412
474,1023,0,246,1023,0,439,321,305,354,337,305,495,662,642,305,412
440,1023,0,159,1001,0,425,320,305,184,321,305,495,635,624,305,412
593,1023,0,406,1023,0,449,318,305,371,326,305,495,727,664,305,412
362,1023,0,259,1023,0,417,318,305,304,327,305,495,672,657,305,422
422,1023,0,221,1023,0,413,315,305,274,320,305,495,677,666,305,422
425,1023,0,243,1023,0,424,322,305,267,313,305,495,725,708,305,422
756,1023,0,389,1023,0,468,326,305,358,326,305,495,709,675,305,422
641,1023,0,368,1023,0,437,324,305,358,329,305,495,737,714,305,422
491,1023,0,257,1023,0,448,327,305,334,323,305,495,711,696,305,422
366,1023,0,189,1023,0,405,318,305,305,328,305,495,678,667,305,422
447,1023,0,267,1023,0,441,322,305,330,327,305,495,640,625,305,422
287,1023,0,170,1023,0,455,320,305,343,330,305,495,647,641,305,422
681,1023,0,330,1023,0,397,319,305,342,331,305,495,674,649,305,422
457,1023,0,225,1023,0,456,322,305,364,329,305,495,717,703,305,422
367,1023,0,182,1023,0,410,318,305,295,319,305,495,684,671,305,422
641,1023,0,342,1023,0,474,327,305,362,335,305,495,705,685,305,422
332,1023,0,282,1023,0,458,319,305,346,325,305,495,662,646,305,422
400,1023,0,238,1023,0,398,315,305,308,324,305,495,702,692,305,422
415,1023,0,245,1023,0,431,314,305,343,326,305,495,738,729,305,422
552,1023,0,319,1023,0,446,322,305,326,329,305,495,690,676,305,422
428,1023,0,286,1023,0,459,323,305,341,326,305,495,678,661,305,422
320,1023,0,172,1023,0,432,321,305,348,326,305,496,627,601,305,422
488,1023,0,323,1023,0,476,335,305,404,347,305,496,668,651,305,422
376,1023,0,229,1023,0,403,317,305,0,311,305,496,592,578,305,422
612,1023,0,271,1023,0,448,317,305,332,316,305,496,659,638,305,422
395,1023,0,216,1023,0,387,314,305,238,314,305,496,710,696,305,422
513,1023,0,219,1023,0,415,314,305,314,317,305,496,657,641,305,422
557,1023,0,329,1023,0,435,316,305,287,318,305,496,703,677,305,422
586,1023,0,172,1023,0,403,317,305,326,323,305,496,654,637,305,422
461,1023,0,270,1023,0,445,319,305,326,327,305,496,671,648,305,422
441,1023,0,224,1023,0,423,316,305,326,318,305,496,641,625,305,422
405,1023,0,284,1023,0,351,314,305,318,324,305,496,737,727,305,422
741,1023,0,305,1023,0,493,328,305,423,341,305,496,703,669,305,422
558,1023,0,479,1023,0,493,318,305,428,326,305,496,748,684,305,422
345,939,0,200,1018,0,426,312,305,303,318,305,496,608,584,305,422
454,1023,0,298,1023,0,451,315,305,366,328,305,496,711,690,305,422
764,1023,0,415,1023,0,450,323,305,328,327,305,496,660,613,305,422
515,1023,0,344,1023,0,423,322,305,340,332,305,496,669,648,305,422
460,1023,0,321,1023,0,484,327,305,348,337,305,496,712,693,305,422
682,1023,0,454,1023,0,484,336,305,407,352,305,496,771,765,305,422
287,1023,0,162,1023,0,416,320,305,336,322,305,496,661,647,305,422
499,1023,0,275,1023,0,414,319,305,323,317,305,496,688,671,305,422
447,1023,0,193,1023,0,390,311,305,294,318,305,496,674,653,305,422
550,1023,0,219,1023,0,444,313,305,291,320,305,496,700,680,305,422
730,1023,0,402,1023,0,485,318,305,356,327,305,496,673,623,305,422
267,1023,0,129,939,0,0,311,305,276,320,305,496,611,601,305,422
354,1023,0,170,1023,0,0,312,305,207,315,305,496,653,640,305,422
797,1023,0,497,1023,0,488,322,305,431,355,305,496,792,743,305,422
520,1023,0,281,1023,0,452,322,305,334,327,305,496,703,677,305,422
837,1023,0,533,1023,0,479,323,305,361,323,305,496,722,629,305,422
549,1023,0,309,1023,0,381,315,305,260,324,305,497,705,679,305,422
602,1023,0,341,1023,0,482,322,305,358,324,305,497,706,678,305,422
633,1023,0,282,1023,0,424,315,305,337,323,305,497,693,674,305,422
335,1023,0,233,1023,0,411,317,305,282,317,305,497,648,641,305,422
406,1023,0,160,992,0,391,312,305,289,318,305,497,609,588,305,422
757,1023,0,441,1023,0,472,316,305,404,326,305,497,785,731,305,422
622,1023,0,303,1023,0,443,319,305,362,327,305,497,689,664,305,422
392,1023,0,289,1023,0,423,320,305,360,335,305,497,750,736,305,422
401,1023,0,326,1023,0,465,322,305,330,328,305,497,711,703,305,422
386,1023,0,324,1023,0,421,318,305,317,319,305,497,681,671,305,422
403,1023,0,240,1023,0,430,320,305,284,319,305,497,627,623,305,422
523,1023,0,267,1023,0,443,314,305,309,321,305,497,678,667,305,422
437,1023,0,230,1023,0,446,322,305,338,329,305,497,700,690,305,422
513,1023,0,377,1023,0,473,332,305,390,345,305,497,722,699,305,422
387,1023,0,188,1023,0,369,310,305,315,324,305,497,607,597,305,422
436,1023,0,212,1023,0,426,319,305,292,316,305,497,709,694,305,422
425,1023,0,252,1023,0,422,317,305,312,323,305,497,733,721,305,422
528,1023,0,278,1023,0,427,315,305,405,356,305,497,627,623,305,422
752,1023,0,405,1023,0,461,323,305,362,331,305,497,738,709,305,422
504,1023,0,193,1023,0,461,322,305,364,331,305,497,716,695,305,422
728,1023,0,397,1023,0,473,326,305,402,332,305,497,699,661,305,422
509,1023,0,204,1023,0,452,318,305,352,321,305,497,587,554,305,422
351,1023,0,209,1023,0,425,320,305,290,319,305,497,666,643,305,422
482,1023,0,291,1023,0,432,321,305,369,336,305,497,656,632,305,422
385,1023,0,212,1023,0,453,320,305,356,334,305,497,665,646,305,422
244,956,0,228,1023,0,386,312,305,237,314,305,497,691,685,305,422
511,1023,0,554,1023,0,453,324,305,361,330,305,497,726,707,305,422
729,1023,0,312,1023,0,477,324,305,387,328,305,497,720,695,305,422
587,1023,0,405,1023,0,488,328,305,412,341,305,497,684,618,305,422
535,1023,0,237,1023,0,459,323,305,404,341,305,497,671,655,305,422
464,1023,0,240,1023,0,435,318,305,360,326,305,497,668,640,305,422
482,1023,0,268,1023,0,427,323,305,284,324,305,497,736,721,305,422
492,1023,0,317,1023,0,480,323,305,334,326,305,497,734,714,305,422
519,1023,0,173,1023,0,416,318,305,354,332,305,497,691,666,305,422
599,1023,0,524,1023,0,461,323,305,388,340,305,497,746,725,305,422
435,1023,0,237,1023,0,447,317,305,345,331,305,497,651,632,305,422
393,1023,0,181,1023,0,452,317,305,321,327,305,497,673,657,305,422
483,1023,0,186,1023,0,366,317,305,255,314,305,497,665,648,305,422
632,1023,0,340,1023,0,409,321,305,254,322,305,497,715,703,305,422
430,1023,0,269,1023,0,416,319,305,345,327,305,497,675,660,305,432
444,1023,0,263,1023,0,447,316,305,357,326,305,498,688,674,305,432
561,1023,0,309,1023,0,374,317,305,278,328,305,498,651,634,305,432
678,1023,0,318,1023,0,471,325,305,397,336,305,498,682,661,305,432
521,1023,0,191,1023,0,433,315,305,316,317,305,498,655,639,305,432
702,1023,0,454,1023,0,448,320,305,309,329,305,498,719,697,305,432
351,1023,0,143,965,0,407,313,305,58,312,305,498,557,544,305,432
533,1023,0,235,1023,0,451,324,305,341,324,305,498,672,654,305,432
815,1023,0,375,1023,0,469,329,305,384,340,305,498,710,677,305,432
765,1023,0,470,1023,0,487,315,305,392,323,305,498,746,681,305,432
327,1023,0,180,1023,0,398,313,305,186,311,305,498,619,609,305,432
606,1023,0,483,1023,0,481,329,305,402,332,305,498,781,763,305,432
427,1023,0,274,1023,0,392,313,305,280,323,305,498,693,676,305,432
580,1023,0,344,1023,0,441,316,305,339,323,305,498,683,657,305,432
500,1023,0,299,1023,0,396,320,305,207,320,305,498,690,667,305,432
433,1023,0,253,1023,0,364,314,305,315,317,305,498,677,667,305,432
369,1023,0,194,1023,0,334,311,305,328,324,305,498,671,656,305,432
475,1023,0,197,1023,0,419,316,305,280,315,305,498,689,669,305,432
534,1023,0,352,1023,0,458,326,305,388,344,305,498,731,713,305,432
667,1023,0,321,1023,0,434,318,305,314,324,305,498,637,613,305,432
453,1023,0,192,1023,0,456,316,305,291,318,305,498,659,644,305,432
350,1023,0,188,1023,0,402,313,305,224,311,305,498,682,666,305,432
577,1023,0,446,1023,0,447,325,305,379,336,305,498,729,706,305,432
512,1023,0,294,1023,0,427,324,305,333,329,305,498,707,687,305,432
520,1023,0,163,1023,0,406,316,305,290,322,305,498,623,591,305,432
389,1023,0,205,1023,0,342,312,305,294,320,305,498,621,606,305,432
444,1023,0,257,1023,0,424,317,305,361,334,305,498,673,663,305,432
842,1023,0,483,1023,0,442,320,305,367,331,305,498,750,690,305,432
641,1023,0,242,1023,0,462,320,305,360,326,305,498,638,613,305,432
691,1023,0,483,1023,0,459,324,305,366,331,305,498,787,766,305,432
269,1023,0,207,1023,0,416,313,305,258,311,305,498,605,593,305,432
493,1023,0,266,1023,0,419,316,305,296,321,305,498,687,672,305,432
353,1023,0,148,989,0,360,310,305,206,315,305,498,514,493,305,432
525,1023,0,281,1023,0,383,313,305,326,327,305,498,712,702,305,432
631,1023,0,471,1023,0,474,324,305,371,334,305,498,689,653,305,432
339,1023,0,177,1023,0,406,316,305,241,319,305,498,677,669,305,432
438,1023,0,230,1023,0,446,323,305,207,319,305,498,655,633,305,432
559,1023,0,381,1023,0,465,322,305,328,330,305,499,633,576,305,432
576,1023,0,247,1023,0,454,316,305,345,323,305,499,690,643,305,432
440,1023,0,212,1023,0,346,315,305,322,323,305,499,657,647,305,432
284,1023,0,191,1023,0,419,318,305,320,327,305,499,611,599,305,432
331,1023,0,192,1023,0,401,319,305,316,325,305,499,695,683,305,432
403,1023,0,216,1023,0,442,315,305,263,316,305,499,619,602,305,432
394,1023,0,183,1023,0,0,315,305,318,331,305,499,682,675,305,432
472,1023,0,231,1023,0,372,314,305,312,318,305,499,633,615,305,432
397,1023,0,207,1023,0,385,314,305,313,320,305,499,640,621,305,432
372,1023,0,226,1023,0,417,322,305,270,324,305,499,697,682,305,432
330,1023,0,204,1023,0,454,318,305,293,325,305,499,737,725,305,432
454,1023,0,368,1023,0,444,319,305,273,316,305,499,723,701,305,432
671,1023,0,367,1023,0,424,314,305,350,319,305,499,705,630,305,432
702,1023,0,450,1023,0,461,325,305,350,331,305,499,757,722,305,432
424,1023,0,185,1023,0,397,317,305,323,330,305,499,666,650,305,432
565,1023,0,364,1023,0,418,313,305,338,329,305,499,655,626,305,432
465,1023,0,240,1023,0,398,317,305,212,315,305,499,627,606,305,432
514,1023,0,298,1023,0,455,320,305,334,334,305,499,739,722,305,432
501,1023,0,235,1023,0,414,314,305,291,321,305,499,648,632,305,432
419,1023,0,308,1023,0,398,321,305,345,325,305,499,687,663,305,432
519,1023,0,217,1023,0,418,314,305,342,324,305,499,692,680,305,432
428,1023,0,202,1023,0,449,315,305,316,322,305,499,711,698,305,432
431,1023,0,210,1023,0,370,314,305,257,316,305,499,688,670,305,432
446,1023,0,224,1023,0,449,324,305,371,323,305,499,668,649,305,432
528,1023,0,399,1023,0,446,330,305,372,342,305,499,692,674,305,432
300,1023,0,241,1023,0,454,316,305,358,324,305,499,661,653,305,432
407,1023,0,290,1023,0,402,313,305,254,317,305,499,694,678,305,432
416,1023,0,199,1023,0,362,311,305,225,313,305,499,655,643,305,432
434,1023,0,227,1023,0,437,316,305,276,315,305,499,690,673,305,432
469,1023,0,420,1023,0,457,323,305,332,320,305,499,702,687,305,432
636,1023,0,330,1023,0,430,315,305,336,324,305,499,665,637,305,432
540,1023,0,318,1023,0,399,318,305,341,324,305,499,666,647,305,432
401,1023,0,254,1023,0,401,314,305,312,324,305,499,683,674,305,432
467,1023,0,242,1023,0,427,315,305,266,317,305,499,688,670,305,432
389,1023,0,192,1023,0,0,314,305,254,316,305,499,673,642,305,432
463,1023,0,283,1023,0,439,325,305,351,328,305,499,635,611,305,432
429,1023,0,317,1023,0,458,319,305,358,322,305,499,684,663,305,432
676,1023,0,381,1023,0,464,320,305,356,323,305,499,694,645,305,432
624,1023,0,265,1023,0,458,322,305,380,333,305,499,679,655,305,432
280,979,0,143,1006,0,336,311,305,194,312,305,500,584,570,305,432
612,1023,0,490,1023,0,474,322,305,372,327,305,500,791,772,305,432
530,1023,0,274,1023,0,451,320,305,336,321,305,500,749,732,305,432
431,1023,0,299,1023,0,465,323,305,359,324,305,500,704,693,305,432
409,1023,0,200,1023,0,375,317,305,242,322,305,500,689,678,305,432
476,1023,0,181,1023,0,417,315,305,308,323,305,500,645,631,305,432
632,1023,0,415,1023,0,454,324,305,351,333,305,500,706,684,305,432
489,1023,0,253,1023,0,451,319,305,355,331,305,500,637,624,305,432
450,1023,0,193,1023,0,399,310,305,288,317,305,500,672,661,305,432
470,1023,0,236,1023,0,423,316,305,261,322,305,500,644,621,305,432
487,1023,0,323,1023,0,451,317,305,362,340,305,500,751,729,305,432
593,1023,0,243,1023,0,397,319,305,318,329,305,500,661,633,305,432
333,1023,0,224,1023,0,463,321,305,314,329,305,500,570,553,305,432
365,1023,0,211,1023,0,365,312,305,320,319,305,500,700,685,305,432
485,1023,0,290,1023,0,424,313,305,268,319,305,500,683,665,305,442
542,1023,0,280,1023,0,430,315,305,359,325,305,500,685,665,305,442
484,1023,0,364,1023,0,466,324,305,417,350,305,500,692,670,305,442
404,1023,0,180,1023,0,401,314,305,312,327,305,500,631,611,305,442
599,1023,0,259,1023,0,414,314,305,314,319,305,500,738,722,305,442
601,1023,0,326,1023,0,509,338,305,435,366,305,500,709,683,305,442
395,1023,0,231,1023,0,385,314,305,321,321,305,500,721,706,305,442
639,1023,0,472,1023,0,469,330,305,399,341,305,500,707,674,305,442
555,1023,0,344,1023,0,466,322,305,364,322,305,500,667,641,305,442
329,1023,0,183,1023,0,346,311,305,193,315,305,500,630,622,305,442
371,1023,0,185,1023,0,335,311,305,207,315,305,500,669,658,305,442
473,1023,0,290,1023,0,440,314,305,256,324,305,500,678,667,305,442
281,1023,0,202,1023,0,408,315,305,243,315,305,500,713,703,305,442
387,1023,0,218,1023,0,394,316,305,288,324,305,500,665,658,305,442
489,1023,0,239,1023,0,400,314,305,310,321,305,500,623,590,305,442
558,1023,0,259,1023,0,446,319,305,377,340,305,500,696,670,305,442
341,1023,0,190,1023,0,431,316,305,287,318,305,500,561,541,305,442
393,1023,0,282,1023,0,443,320,305,330,328,305,500,680,665,305,442
521,1023,0,370,1023,0,440,318,305,333,333,305,500,709,668,305,442
540,1023,0,376,1023,0,475,323,305,378,336,305,500,718,703,305,442
293,1023,0,222,1023,0,413,319,305,275,324,305,500,658,647,305,442
626,1023,0,401,1023,0,516,334,305,420,343,305,500,685,657,305,442
701,1023,0,609,1023,0,531,339,305,418,349,305,501,783,721,305,442
756,1023,0,493,1023,0,526,324,305,438,329,305,501,739,665,305,442
719,1023,0,362,1023,0,454,320,305,352,319,305,501,737,717,305,442
424,1023,0,297,1023,0,430,321,305,323,325,305,501,679,665,305,442
350,1023,0,210,1023,0,446,319,305,352,327,305,501,666,639,305,442
426,1023,0,186,1023,0,402,315,305,298,323,305,501,667,636,305,442
584,1023,0,254,1023,0,454,319,305,362,328,305,501,702,680,305,442
393,1023,0,159,1023,0,421,314,305,294,320,305,501,667,657,305,442
787,1023,0,422,1023,0,497,332,305,430,347,305,501,749,729,305,442
541,1023,0,258,1023,0,453,318,305,364,329,305,501,694,664,305,442
393,1023,0,215,1023,0,437,316,305,213,318,305,501,651,622,305,442
475,1023,0,309,1023,0,438,320,305,334,322,305,501,727,715,305,442
518,1023,0,178,1023,0,380,318,305,321,325,305,501,644,626,305,442
606,1023,0,328,1023,0,470,320,305,319,323,305,501,704,658,305,442
377,1023,0,189,1023,0,404,315,305,241,315,305,501,683,671,305,442
478,1023,0,232,1023,0,414,318,305,312,321,305,501,661,648,305,442
681,1023,0,331,1023,0,466,323,305,279,321,305,501,724,699,305,442
473,1023,0,292,1023,0,455,320,305,299,326,305,501,674,658,305,442
432,1023,0,234,1023,0,412,316,305,282,318,305,501,647,622,305,442
612,1023,0,306,1023,0,435,317,305,339,324,305,501,722,708,305,442
508,1023,0,442,1023,0,449,323,305,347,340,305,501,710,690,305,442
254,1021,0,166,1023,0,405,313,305,270,317,305,501,647,642,305,442
485,1023,0,523,1023,0,509,327,305,382,336,305,501,739,712,305,442
552,1023,0,297,1023,0,494,328,305,413,336,305,501,684,650,305,442
383,1023,0,268,1023,0,467,322,305,355,329,305,501,702,687,305,442
500,1023,0,503,1023,0,478,322,305,362,325,305,501,765,749,305,442
392,1023,0,198,1023,0,448,318,305,277,326,305,501,604,595,305,442
413,1023,0,195,1023,0,432,318,305,372,330,305,501,649,631,305,442
551,1023,0,270,1023,0,518,322,305,412,326,305,501,713,696,305,442
558,1023,0,221,1023,0,413,320,305,341,331,305,501,696,673,305,442
380,1023,0,331,1023,0,405,312,305,273,321,305,501,730,715,305,442
418,1023,0,292,1023,0,416,318,305,281,327,305,501,688,659,305,442
588,1023,0,394,1023,0,489,330,305,399,343,305,501,767,746,305,442
694,1023,0,511,1023,0,482,322,305,407,334,305,501,773,752,305,442
487,1023,0,340,1023,0,491,331,305,415,354,305,501,737,707,305,442
388,1023,0,244,1023,0,381,315,305,262,316,305,501,663,643,305,442
260,962,0,316,1023,0,463,324,305,440,372,305,501,363,343,305,442
336,1023,0,219,1023,0,441,319,305,328,320,305,501,661,651,305,442
540,1023,0,242,1023,0,442,327,305,370,336,305,502,710,695,305,442
327,1023,0,148,1023,0,443,319,305,309,318,305,502,640,624,305,442
805,1023,0,356,1023,0,476,320,305,353,326,305,502,740,675,305,442
369,1023,0,182,1023,0,418,318,305,278,317,305,502,641,624,305,442
450,1023,0,234,1023,0,395,315,305,218,316,305,502,666,646,305,442
356,1023,0,209,1023,0,372,313,305,293,324,305,502,674,661,305,442
433,1023,0,246,1023,0,420,318,305,257,319,305,502,697,686,305,442
504,1023,0,274,1023,0,401,314,305,359,327,305,502,680,658,305,442
371,1023,0,230,1023,0,397,313,305,273,314,305,502,656,639,305,442
317,1023,0,286,1023,0,412,318,305,242,314,305,502,646,632,305,442
319,1023,0,204,1023,0,440,314,305,315,320,305,502,615,599,305,442
516,1023,0,310,1023,0,415,314,305,345,328,305,502,694,673,305,442
351,1023,0,146,1023,0,433,316,305,341,321,305,502,617,591,305,442
397,1023,0,234,1023,0,437,318,305,320,325,305,502,691,679,305,442
455,1023,0,309,1023,0,447,323,305,354,337,305,502,687,668,305,442
312,1023,0,229,1023,0,437,317,305,342,321,305,502,661,649,305,442
565,1023,0,439,1023,0,449,320,305,369,329,305,502,770,756,305,442
438,1023,0,234,1023,0,359,311,305,334,323,305,502,690,681,305,442
355,1023,0,175,1023,0,257,313,305,220,319,305,502,652,632,305,452
507,1023,0,255,1023,0,406,313,305,278,314,305,502,677,658,305,452
397,1023,0,226,1023,0,391,315,305,276,317,305,502,691,677,305,452
411,1023,0,235,1023,0,418,319,305,240,319,305,502,653,629,305,452
412,1023,0,355,1023,0,472,322,305,379,329,305,502,715,697,305,452
544,1023,0,297,1023,0,464,325,305,369,339,305,502,739,719,305,452
430,1023,0,234,1023,0,342,316,305,225,316,305,502,650,634,305,452
449,1023,0,194,1023,0,363,318,305,291,315,305,502,639,619,305,452
407,1023,0,221,1023,0,427,320,305,269,312,305,502,700,679,305,452
611,1023,0,304,1023,0,475,324,305,378,334,305,502,693,668,305,452
464,1023,0,232,1023,0,465,319,305,287,321,305,502,556,531,305,452
457,1023,0,279,1023,0,425,321,305,283,320,305,503,666,640,305,452
430,1023,0,347,1023,0,453,325,305,338,326,305,503,740,725,305,452
459,1023,0,285,1023,0,352,314,305,348,329,305,503,681,658,305,452
533,1023,0,172,1023,0,438,320,305,289,319,305,503,644,623,305,452
449,1023,0,214,1023,0,363,319,305,291,315,305,503,668,640,305,452
378,1023,0,253,1023,0,466,328,305,296,326,305,503,722,708,305,452
420,1023,0,237,1023,0,376,317,305,304,322,305,503,713,702,305,452
463,1023,0,342,1023,0,427,316,305,331,320,305,503,722,699,305,452
489,1023,0,266,1023,0,422,318,305,288,320,305,503,670,646,305,452
480,1023,0,323,1023,0,419,317,305,286,320,305,503,685,613,305,452
518,1023,0,299,1023,0,458,324,305,331,335,305,503,690,661,305,452
306,1023,0,196,1023,0,432,320,305,314,318,305,503,613,591,305,452
437,1023,0,281,1023,0,377,314,305,266,318,305,503,683,668,305,452
600,1023,0,461,1023,0,475,321,305,392,328,305,503,748,694,305,452
482,1023,0,266,1023,0,462,320,305,328,325,305,503,677,652,305,452
376,1023,0,237,1023,0,319,321,305,257,320,305,503,655,638,305,452
537,1023,0,315,1023,0,452,320,305,296,320,305,503,674,651,305,452
516,1023,0,257,1023,0,444,313,305,310,322,305,503,662,648,305,452
544,1023,0,307,1023,0,421,323,305,297,332,305,503,655,640,305,452
424,1023,0,226,1023,0,415,313,305,277,316,305,503,673,656,305,452
812,1023,0,493,1023,0,482,330,305,401,340,305,503,752,709,305,452
617,1023,0,269,1023,0,428,316,305,358,329,305,503,717,700,305,452
338,1023,0,258,1023,0,346,314,305,343,336,305,503,696,682,305,452
446,1023,0,416,1023,0,464,327,305,398,345,305,503,770,753,305,452
414,1023,0,295,1023,0,480,323,305,290,321,305,503,723,706,305,452
484,1023,0,251,1023,0,451,317,305,313,324,305,503,664,643,305,452
504,1023,0,273,1023,0,435,317,305,345,326,305,503,655,639,305,452
381,1023,0,155,1016,0,396,314,305,223,314,305,504,591,569,305,462
381,1023,0,250,1023,0,382,310,305,121,313,305,504,648,630,305,462
423,1023,0,224,1023,0,404,320,305,217,313,305,504,696,683,305,462
339,1023,0,111,779,0,336,310,305,263,319,305,504,620,602,305,462
454,1023,0,226,1023,0,417,317,305,286,320,305,504,712,700,305,462
503,1023,0,268,1023,0,436,314,305,324,324,305,504,634,622,305,462
649,1023,0,560,1023,0,475,326,305,389,339,305,504,734,716,305,462
269,1023,0,214,1023,0,381,316,305,306,320,305,504,629,617,305,462
520,1023,0,399,1023,0,450,320,305,347,329,305,504,680,656,305,462
531,1023,0,333,1023,0,437,314,305,345,322,305,504,708,679,305,462
574,1023,0,457,1023,0,429,321,305,380,336,305,504,710,660,305,462
426,1023,0,405,1023,0,471,326,305,342,331,305,504,638,613,305,462
415,1023,0,283,1023,0,469,324,305,342,329,305,504,714,698,305,462
366,1023,0,164,1023,0,396,313,305,288,319,305,504,630,613,305,462
418,1023,0,204,1023,0,405,316,305,272,319,305,504,607,596,305,462
379,1023,0,365,1023,0,456,319,305,307,326,305,504,665,646,305,462
342,1023,0,286,1023,0,445,319,305,358,325,305,504,689,676,305,462
626,1023,0,390,1023,0,390,321,305,295,326,305,504,778,760,305,472
437,1023,0,281,1023,0,408,322,305,273,322,305,504,684,673,305,472
489,1023,0,361,1023,0,445,321,305,360,331,305,504,684,664,305,472
591,1023,0,360,1023,0,442,319,305,390,334,305,504,741,723,305,472
558,1023,0,351,1023,0,455,327,305,357,333,305,504,756,736,305,472
410,1023,0,180,1023,0,371,316,305,233,324,305,504,690,679,305,472
467,1023,0,211,1023,0,434,320,305,363,331,305,504,675,653,305,472
553,1023,0,326,1023,0,413,312,305,351,317,305,504,660,625,305,472
423,1023,0,294,1023,0,465,321,305,331,321,305,504,681,665,305,472
328,1023,0,252,1023,0,423,311,305,279,320,305,504,670,648,305,472
330,1023,0,135,848,0,420,315,305,187,314,305,504,595,571,305,472
582,1023,0,218,1023,0,451,321,305,323,321,305,504,688,669,305,472
490,1023,0,233,1023,0,435,318,305,356,325,305,504,644,600,305,472
570,1023,0,201,1023,0,413,313,305,243,313,305,504,657,610,305,472
669,1023,0,301,1023,0,476,332,305,409,346,305,505,669,642,305,472
272,1023,0,190,1023,0,425,317,305,342,333,305,505,644,629,305,472
330,1023,0,298,1023,0,465,328,305,296,322,305,505,651,629,305,472
332,1023,0,188,1023,0,359,312,305,306,320,305,505,522,500,305,472
443,1023,0,273,1023,0,434,314,305,329,325,305,505,574,555,305,472
575,1023,0,267,1023,0,431,317,305,309,321,305,505,684,663,305,472
547,1023,0,363,1023,0,490,327,305,387,331,305,505,718,690,305,472
442,1023,0,245,1023,0,418,313,305,354,325,305,505,710,702,305,472
360,1023,0,193,1023,0,433,314,305,315,317,305,505,638,619,305,472
375,1023,0,246,1023,0,383,313,305,265,312,305,505,631,619,305,472
469,1023,0,164,797,0,515,322,305,417,338,305,505,652,613,305,472
439,1023,0,137,772,0,498,316,305,426,329,305,505,660,622,305,472
667,1023,0,256,1023,0,552,328,305,465,341,305,506,738,697,305,472
476,1023,0,224,1023,0,0,305,305,0,305,305,506,616,625,305,472
523,1023,0,213,1023,0,0,310,305,0,310,305,506,579,580,305,472
519,1023,0,375,1023,0,453,322,305,335,325,305,506,708,678,305,472
472,1023,0,307,1023,0,434,318,305,321,325,305,506,721,704,305,472
356,1023,0,176,1023,0,391,313,305,260,317,305,506,649,639,305,472
471,1023,0,218,1023,0,432,321,305,317,333,305,506,702,682,305,472
490,1023,0,233,1023,0,469,319,305,342,325,305,506,671,650,305,472
445,1023,0,218,1023,0,443,316,305,334,321,305,506,655,634,305,472
394,1023,0,242,1023,0,436,317,305,219,314,305,506,711,699,305,472
342,1023,0,173,1023,0,409,316,305,200,320,305,506,643,627,305,472
385,1023,0,181,1023,0,413,317,305,290,318,305,506,652,640,305,472
315,1023,0,237,1023,0,448,318,305,295,319,305,506,699,685,305,472
547,1023,0,388,1023,0,471,320,305,376,332,305,506,724,705,305,472
638,1023,0,450,1023,0,456,323,305,378,334,305,506,676,652,305,472
516,1023,0,248,1023,0,454,315,305,363,328,305,506,717,702,305,472
622,1023,0,438,1023,0,471,334,305,412,356,305,506,679,651,305,472
316,1023,0,189,1023,0,374,311,305,280,318,305,506,640,629,305,472
478,1023,0,214,1023,0,403,315,305,275,325,305,506,640,623,305,472
400,1023,0,318,1023,0,472,322,305,326,320,305,506,700,676,305,472
601,1023,0,222,1023,0,415,316,305,306,325,305,506,626,596,305,472
462,1023,0,206,1023,0,464,322,305,326,327,305,506,693,676,305,472
684,1023,0,292,1023,0,481,328,305,386,333,305,506,658,625,305,472
655,1023,0,555,1023,0,508,334,305,379,333,305,506,744,696,305,472
494,1023,0,289,1023,0,401,320,305,271,325,305,506,708,691,305,472
424,1023,0,224,1023,0,453,319,305,228,320,305,506,644,627,305,472
517,1023,0,227,1023,0,393,313,305,304,328,305,507,687,675,305,472
316,1023,0,181,1023,0,388,311,305,271,316,305,507,644,629,305,472
374,1023,0,141,922,0,384,316,305,315,321,305,507,572,550,305,472
476,1023,0,253,1023,0,446,319,305,299,321,305,507,733,717,305,472
430,1023,0,250,1023,0,377,313,305,290,320,305,507,655,637,305,472
549,1023,0,322,1023,0,430,316,305,350,329,305,507,718,693,305,472
659,1023,0,437,1023,0,475,323,305,347,331,305,507,744,730,305,472
432,1023,0,253,1023,0,481,332,305,407,350,305,507,703,685,305,472
475,1023,0,196,1023,0,414,316,305,326,325,305,507,635,620,305,472
721,1023,0,393,1023,0,517,323,305,422,332,305,507,723,631,305,472
790,1023,0,452,1023,0,435,325,305,347,331,305,507,781,706,305,472
566,1023,0,300,1023,0,465,332,305,387,352,305,507,682,660,305,472
611,1023,0,275,1023,0,426,316,305,305,323,305,507,665,643,305,472
447,1023,0,214,1023,0,410,317,305,327,325,305,507,656,640,305,472
506,1023,0,249,1023,0,438,314,305,326,317,305,507,701,688,305,482
510,1023,0,317,1023,0,454,318,305,301,321,305,507,712,697,305,482
706,1023,0,291,1023,0,429,313,305,336,322,305,507,703,668,305,482
471,1023,0,268,1023,0,424,316,305,294,320,305,507,624,607,305,482
532,1023,0,372,1023,0,459,323,305,341,326,305,507,666,636,305,482
305,1023,0,185,1023,0,384,313,305,263,315,305,507,608,588,305,482
541,1023,0,515,1023,0,480,327,305,399,339,305,507,740,716,305,482
424,1023,0,314,1023,0,473,325,305,330,330,305,507,659,636,305,482
383,1023,0,252,1023,0,446,321,305,274,319,305,507,714,702,305,482
388,1023,0,195,1023,0,466,323,305,365,341,305,507,691,682,305,482
445,1023,0,160,1023,0,445,318,305,297,326,305,507,572,546,305,482
387,1023,0,195,1023,0,433,315,305,306,316,305,507,608,591,305,482
474,1023,0,272,1023,0,430,318,305,301,324,305,507,665,640,305,482
375,1023,0,353,1023,0,446,313,305,306,318,305,507,691,677,305,482
458,1023,0,177,971,0,467,322,305,326,327,305,507,681,656,305,482
503,1023,0,341,1023,0,438,321,305,359,343,305,507,681,671,305,482
555,1023,0,175,1023,0,441,319,305,347,336,305,508,651,630,305,482
367,1023,0,242,1023,0,423,318,305,346,328,305,508,626,598,305,482
574,1023,0,400,1023,0,483,320,305,338,329,305,508,726,694,305,482
497,1023,0,267,1023,0,480,330,305,423,349,305,508,761,745,305,482
373,1023,0,174,1023,0,402,314,305,93,312,305,508,659,646,305,482
492,1023,0,231,1023,0,420,323,305,341,332,305,508,719,704,305,482
401,1023,0,295,1023,0,463,324,305,341,333,305,508,729,711,305,482
479,1023,0,261,1023,0,299,312,305,161,313,305,508,669,655,305,482
630,1023,0,531,1023,0,502,331,305,414,343,305,508,712,670,305,482
416,1023,0,254,1023,0,458,322,305,333,331,305,508,673,656,305,482
373,1023,0,314,1023,0,414,313,305,388,330,305,508,716,706,305,482
423,1023,0,155,909,0,404,320,305,328,325,305,508,577,552,305,482
819,1023,0,467,1023,0,487,333,305,398,337,305,508,712,630,305,482
544,1023,0,283,1023,0,440,319,305,252,326,305,508,706,675,305,482
484,1023,0,248,1023,0,443,317,305,322,324,305,508,662,646,305,482
475,1023,0,209,1023,0,411,316,305,264,321,305,508,653,635,305,482
473,1023,0,195,1023,0,447,317,305,338,329,305,508,645,616,305,482
609,1023,0,192,1023,0,455,317,305,338,327,305,508,686,668,305,482
363,1023,0,121,731,0,434,319,305,319,330,305,508,602,585,305,482
465,1023,0,261,1023,0,472,323,305,350,323,305,508,646,624,305,482
485,1023,0,146,1023,0,431,316,305,351,333,305,508,668,646,305,482
472,1023,0,434,1023,0,462,324,305,363,330,305,508,695,678,305,482
456,1023,0,183,1023,0,442,316,305,343,325,305,508,689,672,305,482
565,1023,0,265,1023,0,463,320,305,314,321,305,508,656,643,305,482
646,1023,0,223,1023,0,426,318,305,347,324,305,508,674,645,305,482
575,1023,0,292,1023,0,429,317,305,240,321,305,508,690,671,305,482
281,1023,0,212,1023,0,419,315,305,351,324,305,508,634,626,305,482
606,1023,0,341,1023,0,478,319,305,432,348,305,508,680,634,305,482
691,1023,0,547,1023,0,483,324,305,386,340,305,508,755,732,305,482
259,1023,0,221,1023,0,507,323,305,422,332,305,509,737,726,305,482
451,1023,0,225,1023,0,396,314,305,326,322,305,509,663,641,305,482
370,1023,0,260,1023,0,429,319,305,312,322,305,509,698,686,305,482
644,1023,0,441,1023,0,400,316,305,351,324,305,509,746,709,305,482
459,1023,0,234,1023,0,405,312,305,156,316,305,509,617,602,305,482
470,1023,0,310,1023,0,455,321,305,358,336,305,509,674,659,305,482
480,1023,0,228,1023,0,454,321,305,301,324,305,509,654,627,305,482
647,1023,0,357,1023,0,428,317,305,332,329,305,509,710,671,305,482
337,1023,0,187,1023,0,436,315,305,350,319,305,509,590,565,305,482
540,1023,0,265,1023,0,411,315,305,317,319,305,509,701,676,305,482
415,1023,0,403,1023,0,462,331,305,377,337,305,509,656,652,305,482
442,1023,0,285,1023,0,487,330,305,370,339,305,509,706,691,305,482
647,1023,0,559,1023,0,493,329,305,387,341,305,509,788,772,305,482
487,1023,0,423,1023,0,454,321,305,367,331,305,509,700,680,305,482
694,1023,0,475,1023,0,480,323,305,411,340,305,509,738,719,305,482
528,1023,0,206,1023,0,422,316,305,295,318,305,509,664,650,305,482
398,1023,0,203,1023,0,362,310,305,260,315,305,509,661,647,305,482
402,1023,0,236,1023,0,416,315,305,301,320,305,509,685,669,305,482
518,1023,0,349,1023,0,437,323,305,315,323,305,509,688,674,305,482
601,1023,0,340,1023,0,424,315,305,349,327,305,509,697,677,305,482
402,1023,0,387,1023,0,470,328,305,396,351,305,509,744,728,305,482
672,1023,0,245,1023,0,428,319,305,334,325,305,509,617,592,305,482
453,1023,0,285,1023,0,437,319,305,311,326,305,509,721,703,305,482
492,1023,0,377,1023,0,438,320,305,318,325,305,509,681,662,305,482
505,1023,0,223,1023,0,437,317,305,324,319,305,509,643,627,305,482
424,1023,0,265,1023,0,442,324,305,302,323,305,509,665,656,305,482
425,1023,0,232,1023,0,425,319,305,302,318,305,509,644,621,305,482
505,1023,0,233,1023,0,421,314,305,348,329,305,509,702,683,305,482
611,1023,0,233,1023,0,448,320,305,319,319,305,509,693,637,305,482
547,1023,0,332,1023,0,459,321,305,366,330,305,509,712,698,305,482
491,1023,0,226,1023,0,438,319,305,326,324,305,509,614,594,305,482
365,1023,0,357,1023,0,440,324,305,291,324,305,509,695,682,305,482
383,1023,0,237,1023,0,374,315,305,275,314,305,509,730,727,305,482
376,1023,0,206,1023,0,416,315,305,280,316,305,509,608,593,305,482
380,1023,0,236,1023,0,377,316,305,310,321,305,509,656,645,305,482
322,1023,0,163,1023,0,422,320,305,72,314,305,509,539,515,305,482
454,1023,0,250,1023,0,407,319,305,191,321,305,509,662,647,305,482
492,1023,0,180,1023,0,403,314,305,242,317,305,509,640,623,305,482
622,1023,0,591,1023,0,485,324,305,396,339,305,509,770,746,305,482
616,1023,0,506,1023,0,498,325,305,426,339,305,509,741,674,305,492
461,1023,0,203,1023,0,415,321,305,332,327,305,510,666,633,305,492
459,1023,0,304,1023,0,426,311,305,340,316,305,510,735,718,305,492
281,1023,0,236,1023,0,434,317,305,339,320,305,510,712,699,305,492
473,1023,0,286,1023,0,405,316,305,290,324,305,510,608,584,305,492
488,1023,0,284,1023,0,459,325,305,337,323,305,510,676,662,305,492
395,1023,0,176,1023,0,336,314,305,244,319,305,510,639,620,305,492
508,1023,0,247,1023,0,374,318,305,335,322,305,510,698,677,305,492
389,1023,0,176,1023,0,396,314,305,304,319,305,510,623,608,305,492
418,1023,0,174,1023,0,426,319,305,300,320,305,510,654,634,305,492
388,1023,0,252,1023,0,451,318,305,371,330,305,510,655,637,305,492
286,1023,0,204,1023,0,386,318,305,201,314,305,510,646,629,305,492
434,1023,0,209,1023,0,387,320,305,273,319,305,510,672,646,305,492
478,1023,0,223,1023,0,322,317,305,342,321,305,510,589,556,305,492
316,987,0,152,998,0,453,315,305,60,311,305,510,614,596,305,492
435,1023,0,333,1023,0,439,327,305,361,336,305,510,697,681,305,492
329,1023,0,184,1023,0,325,316,305,304,326,305,510,561,545,305,492
356,1023,0,223,1023,0,405,316,305,246,315,305,510,612,592,305,492
548,1023,0,261,1023,0,435,319,305,331,321,305,510,675,656,305,492
494,1023,0,319,1023,0,460,319,305,342,327,305,510,709,686,305,492
486,1023,0,309,1023,0,378,313,305,299,324,305,510,637,617,305,492
257,1023,0,194,1023,0,446,315,305,303,322,305,510,651,642,305,492
460,1023,0,335,1023,0,437,319,305,344,327,305,510,683,673,305,492
342,1023,0,257,1023,0,447,316,305,261,321,305,510,663,653,305,492
460,1023,0,399,1023,0,451,323,305,362,330,305,510,645,613,305,492
509,1023,0,467,1023,0,507,328,305,418,341,305,510,758,734,305,492
568,1023,0,448,1023,0,516,329,305,427,335,305,510,762,705,305,492
477,1023,0,202,1023,0,457,317,305,333,323,305,510,628,618,305,492
575,1023,0,521,1023,0,462,327,305,369,334,305,510,707,689,305,492
468,1023,0,226,1023,0,429,314,305,339,321,305,510,676,650,305,492
559,1023,0,373,1023,0,459,322,305,394,336,305,510,702,674,305,492
443,1023,0,211,1023,0,330,314,305,327,316,305,510,683,669,305,492
385,1023,0,252,1023,0,422,321,305,245,318,305,510,694,689,305,492
427,1023,0,244,1023,0,407,316,305,309,323,305,510,683,667,305,492
404,1023,0,224,1023,0,440,320,305,326,326,305,510,659,644,305,492
701,1023,0,362,1023,0,493,324,305,401,331,305,510,724,707,305,492
631,1023,0,440,1023,0,455,324,305,362,331,305,510,726,705,305,492
450,1023,0,265,1023,0,432,313,305,312,319,305,511,656,631,305,492
385,1023,0,263,1023,0,402,315,305,317,321,305,511,730,719,305,492
434,1023,0,318,1023,0,406,313,305,300,315,305,511,625,602,305,492
480,1023,0,183,1023,0,454,322,305,343,335,305,511,703,697,305,492
441,1023,0,292,1023,0,449,318,305,330,326,305,511,666,649,305,492
373,1023,0,242,1023,0,382,314,305,315,321,305,511,683,661,305,492
380,1023,0,188,1023,0,325,314,305,280,325,305,511,675,662,305,492
378,1023,0,187,1023,0,461,316,305,277,321,305,511,667,647,305,492
432,1023,0,249,1023,0,463,324,305,340,331,305,511,710,686,305,492
292,1023,0,190,1023,0,444,316,305,212,314,305,511,608,591,305,492
526,1023,0,245,1023,0,448,323,305,320,321,305,511,665,647,305,492
585,1023,0,350,1023,0,448,321,305,326,329,305,511,719,695,305,492
406,1023,0,151,964,0,462,317,305,348,321,305,511,673,656,305,492
483,1023,0,249,1023,0,454,324,305,374,337,305,511,702,689,305,492
369,1023,0,296,1023,0,441,322,305,362,331,305,511,719,703,305,492
510,1023,0,287,1023,0,443,320,305,335,327,305,511,648,626,305,492
509,1023,0,434,1023,0,470,322,305,376,336,305,511,650,623,305,492
584,1023,0,391,1023,0,440,321,305,324,323,305,511,674,646,305,492
487,1023,0,186,1023,0,418,320,305,299,319,305,511,656,629,305,492
451,1023,0,194,1023,0,395,317,305,299,324,305,511,649,634,305,492
402,1023,0,246,1023,0,394,316,305,209,315,305,511,690,678,305,492
424,1023,0,127,868,0,434,317,305,337,335,305,511,671,651,305,492
454,1023,0,271,1023,0,444,323,305,334,324,305,511,695,677,305,492
442,1023,0,147,1000,0,427,315,305,302,316,305,511,630,615,305,492
796,1023,0,429,1023,0,476,323,305,404,335,305,511,722,689,305,492
447,1023,0,241,1023,0,457,316,305,290,316,305,511,673,648,305,492
609,1023,0,433,1023,0,483,323,305,394,339,305,511,763,733,305,492
747,1023,0,461,1023,0,464,320,305,361,327,305,511,739,675,305,492
439,1023,0,199,1023,0,432,315,305,332,321,305,511,652,632,305,492
401,1023,0,307,1023,0,460,319,305,351,332,305,511,697,684,305,492
518,1023,0,349,1023,0,459,324,305,352,338,305,511,675,652,305,492
427,1023,0,208,1023,0,390,318,305,298,320,305,511,637,606,305,492
420,1023,0,212,1023,0,450,317,305,325,328,305,511,656,642,305,492
466,1023,0,234,1023,0,448,316,305,382,339,305,511,707,686,305,492
473,1023,0,213,1023,0,405,320,305,333,325,305,511,633,622,305,492
408,1023,0,198,1023,0,362,314,305,281,313,305,511,617,595,305,492
446,1023,0,256,1023,0,430,314,305,327,326,305,511,676,659,305,492
367,1023,0,205,1023,0,429,321,305,318,325,305,511,653,630,305,492
379,1023,0,220,1023,0,358,314,305,274,319,305,511,693,680,305,492
635,1023,0,382,1023,0,472,324,305,317,320,305,512,719,697,305,492
406,1023,0,299,1023,0,455,325,305,314,329,305,512,720,706,305,492
731,1023,0,389,1023,0,449,315,305,341,328,305,512,720,695,305,492
770,1023,0,536,1023,0,528,342,305,481,415,305,512,682,652,305,492
433,1023,0,210,1023,0,421,319,305,317,321,305,512,642,623,305,492
466,1023,0,327,1023,0,401,318,305,274,326,305,512,700,683,305,492
458,1023,0,229,1023,0,452,327,305,362,336,305,512,737,727,305,492
473,1023,0,325,1023,0,522,336,305,380,332,305,512,742,727,305,492
683,1023,0,296,1023,0,464,322,305,345,327,305,512,718,698,305,492
379,1023,0,209,1023,0,419,327,305,325,334,305,512,669,661,305,492
586,1023,0,419,1023,0,472,326,305,338,323,305,512,730,704,305,492
575,1023,0,284,1023,0,461,322,305,378,339,305,512,716,698,305,492
559,1023,0,337,1023,0,451,318,305,308,322,305,512,675,659,305,492
346,1023,0,173,1023,0,422,318,305,237,314,305,512,667,655,305,492
501,1023,0,276,1023,0,456,322,305,279,322,305,512,731,720,305,492
349,1023,0,217,1023,0,276,314,305,305,320,305,512,703,690,305,492
470,1023,0,256,1023,0,387,320,305,273,322,305,512,665,650,305,502
363,1023,0,194,1023,0,227,310,305,162,313,305,512,662,643,305,502
467,1023,0,234,1023,0,428,319,305,290,323,305,512,648,628,305,502
567,1023,0,272,1023,0,449,321,305,342,325,305,512,739,709,305,502
511,1023,0,250,1023,0,433,318,305,360,325,305,512,698,675,305,502
378,1023,0,263,1023,0,421,317,305,259,320,305,512,690,668,305,502
482,1023,0,309,1023,0,405,316,305,333,323,305,512,665,638,305,502
526,1023,0,325,1023,0,471,326,305,379,328,305,512,706,684,305,502
424,1023,0,251,1023,0,453,321,305,336,323,305,512,671,653,305,502
378,1023,0,181,1023,0,383,316,305,254,318,305,512,616,606,305,502
561,1023,0,338,1023,0,465,317,305,359,326,305,512,730,707,305,502
454,1023,0,241,1023,0,440,317,305,298,321,305,512,699,686,305,502
462,1023,0,409,1023,0,398,321,305,332,328,305,512,742,731,305,502
407,1023,0,251,1023,0,430,317,305,263,314,305,512,673,658,305,502
512,1023,0,239,1023,0,401,318,305,318,321,305,512,652,627,305,502
516,1023,0,321,1023,0,448,318,305,400,338,305,512,735,710,305,502
431,1023,0,333,1023,0,430,315,305,371,322,305,512,702,689,305,502
463,1023,0,278,1023,0,445,319,305,302,317,305,512,639,609,305,502
475,1023,0,310,1023,0,448,320,305,349,328,305,512,725,714,305,502
511,1023,0,241,1023,0,464,325,305,331,326,305,512,671,645,305,502
408,1023,0,134,831,0,343,314,305,181,317,305,512,690,676,305,502
447,1023,0,397,1023,0,444,322,305,308,320,305,512,712,693,305,502
695,1023,0,388,1023,0,524,328,305,374,327,305,512,725,709,305,502
402,1023,0,286,1023,0,354,314,305,322,319,305,513,707,696,305,502
505,1023,0,184,1023,0,444,315,305,368,333,305,513,646,622,305,502
430,1023,0,227,1023,0,397,314,305,280,322,305,513,719,702,305,502
296,1023,0,245,1023,0,452,325,305,315,321,305,513,633,618,305,502
417,1023,0,178,1023,0,430,321,305,306,320,305,513,677,664,305,502
567,1023,0,386,1023,0,417,317,305,327,326,305,513,672,640,305,502
384,1023,0,242,1023,0,430,314,305,305,316,305,513,700,684,305,502
598,1023,0,337,1023,0,432,315,305,336,322,305,513,679,660,305,502
477,1023,0,182,1023,0,369,310,305,302,320,305,513,689,681,305,502
604,1023,0,227,1023,0,430,319,305,239,322,305,513,610,598,305,502
385,1023,0,154,931,0,344,312,305,256,320,305,513,658,648,305,502
454,1023,0,212,1023,0,0,312,305,189,318,305,513,710,694,305,502
505,1023,0,250,1023,0,383,316,305,330,328,305,513,589,553,305,502
362,1023,0,198,1023,0,412,315,305,149,314,305,513,653,640,305,502
442,1023,0,204,1023,0,436,318,305,372,334,305,513,694,682,305,502
622,1023,0,545,1023,0,455,316,305,306,319,305,513,741,708,305,502
550,1023,0,540,1023,0,506,330,305,433,354,305,513,738,692,305,502
588,1023,0,551,1023,0,489,327,305,378,333,305,513,753,732,305,502
371,1023,0,268,1023,0,440,320,305,323,327,305,513,687,671,305,502
358,1023,0,300,1023,0,418,318,305,315,317,305,513,669,661,305,502
410,1023,0,221,1023,0,430,319,305,291,319,305,513,717,706,305,502
650,1023,0,455,1023,0,456,323,305,381,341,305,513,721,699,305,502
436,1023,0,283,1023,0,404,316,305,305,324,305,513,689,664,305,502
333,1023,0,201,1023,0,317,314,305,328,328,305,513,642,633,305,502
669,1023,0,525,1023,0,468,329,305,393,343,305,513,791,757,305,502
574,1023,0,411,1023,0,486,326,305,375,333,305,513,734,716,305,502
429,1023,0,253,1023,0,455,321,305,374,333,305,513,715,694,305,502
455,1023,0,196,1023,0,399,315,305,220,318,305,513,697,685,305,502
541,1023,0,320,1023,0,445,324,305,326,329,305,513,709,692,305,502
422,1023,0,328,1023,0,465,320,305,433,338,305,513,693,674,305,502
525,1023,0,308,1023,0,314,314,305,274,320,305,513,694,681,305,502
427,1023,0,182,1023,0,317,314,305,301,331,305,513,683,667,305,502
524,1023,0,249,1023,0,416,316,305,323,326,305,513,710,694,305,502
340,1023,0,145,1023,0,308,313,305,230,323,305,513,645,630,305,502
478,1023,0,317,1023,0,446,318,305,315,328,305,513,706,686,305,502
562,1023,0,285,1023,0,445,322,305,373,333,305,513,741,726,305,502
524,1023,0,322,1023,0,450,320,305,395,348,305,513,721,700,305,502
443,1023,0,332,1023,0,439,321,305,291,325,305,513,742,725,305,502
369,1023,0,279,1023,0,432,326,305,337,333,305,513,658,647,305,502
509,1023,0,276,1023,0,438,317,305,383,339,305,513,732,703,305,502
537,1023,0,303,1023,0,399,316,305,230,323,305,513,680,653,305,502
342,1023,0,195,1023,0,409,319,305,203,320,305,513,651,638,305,502
538,1023,0,228,1023,0,449,320,305,335,325,305,514,711,680,305,502
567,1023,0,290,1023,0,457,321,305,386,330,305,514,717,702,305,502
432,1023,0,210,1023,0,337,312,305,287,317,305,514,661,647,305,502
519,1023,0,337,1023,0,442,318,305,305,327,305,514,651,634,305,502
632,1023,0,549,1023,0,451,325,305,370,328,305,514,745,733,305,502
645,1023,0,373,1023,0,440,320,305,341,327,305,514,691,672,305,502
433,1023,0,449,1023,0,462,325,305,392,347,305,514,746,728,305,502
489,1023,0,385,1023,0,492,332,305,425,355,305,514,726,706,305,502
383,1023,0,187,1023,0,413,321,305,327,326,305,514,705,685,305,502
680,1023,0,467,1023,0,502,323,305,410,330,305,514,768,701,305,502
543,1023,0,296,1023,0,441,321,305,344,328,305,514,664,624,305,502
508,1023,0,347,1023,0,470,321,305,379,330,305,514,694,630,305,502
656,1023,0,264,1023,0,359,313,305,280,323,305,514,710,679,305,502
411,1023,0,191,1023,0,369,312,305,299,319,305,514,627,614,305,502
379,1023,0,225,1023,0,409,321,305,303,320,305,514,674,661,305,502
434,1023,0,216,1023,0,406,319,305,355,323,305,514,621,590,305,502
482,1023,0,299,1023,0,412,320,305,248,320,305,514,680,668,305,502
365,1023,0,177,1023,0,383,312,305,265,322,305,514,665,646,305,502
518,1023,0,201,1023,0,382,313,305,267,315,305,514,690,678,305,512
410,1023,0,354,1023,0,476,327,305,383,327,305,514,694,663,305,512
500,1023,0,265,1023,0,0,314,305,292,318,305,514,672,635,305,512
592,1023,0,382,1023,0,449,319,305,357,328,305,514,734,717,305,512
509,1023,0,292,1023,0,431,316,305,318,321,305,514,669,653,305,512
305,1023,0,186,1023,0,412,318,305,283,317,305,514,599,584,305,512
404,1023,0,259,1023,0,392,317,305,268,320,305,514,649,637,305,512
358,1023,0,214,1023,0,427,315,305,312,321,305,514,659,634,305,512
619,1023,0,505,1023,0,482,330,305,355,333,305,514,763,749,305,512
527,1023,0,267,1023,0,425,318,305,305,329,305,514,708,696,305,512
690,1023,0,303,1023,0,444,321,305,365,334,305,514,648,618,305,512
700,1023,0,468,1023,0,485,324,305,329,327,305,514,679,626,305,512
434,1023,0,235,1023,0,436,319,305,279,322,305,514,702,687,305,512
516,1023,0,264,1023,0,424,320,305,327,323,305,514,672,646,305,512
459,1023,0,173,1023,0,372,311,305,232,319,305,514,642,620,305,512
456,1023,0,249,1023,0,420,319,305,305,329,305,514,676,666,305,512
394,1023,0,289,1023,0,404,314,305,276,320,305,514,697,676,305,512
550,1023,0,177,1023,0,430,314,305,302,318,305,514,633,613,305,512
527,1023,0,273,1023,0,444,315,305,329,320,305,514,663,641,305,512
509,1023,0,206,1023,0,441,319,305,373,333,305,515,691,665,305,512
486,1023,0,289,1023,0,434,317,305,343,320,305,515,639,599,305,512
510,1023,0,338,1023,0,432,321,305,377,345,305,515,655,636,305,512
413,1023,0,213,1023,0,447,320,305,314,322,305,515,663,652,305,512
445,1023,0,221,1023,0,445,317,305,255,328,305,515,701,690,305,512
387,1023,0,243,1023,0,350,313,305,263,313,305,515,681,670,305,512
502,1023,0,231,1023,0,381,318,305,252,320,305,515,655,639,305,512
498,1023,0,329,1023,0,395,322,305,354,329,305,515,730,711,305,512
561,1023,0,410,1023,0,459,323,305,359,332,305,515,711,684,305,512
755,1023,0,469,1023,0,488,325,305,402,342,305,515,766,730,305,512
592,1023,0,188,1023,0,434,326,305,367,335,305,515,682,664,305,512
400,1023,0,236,1023,0,448,315,305,229,314,305,515,656,642,305,512
452,1023,0,247,1023,0,468,322,305,340,323,305,515,712,693,305,512
258,906,0,142,1000,0,453,322,305,303,325,305,515,633,624,305,512
432,1023,0,202,1023,0,440,316,305,301,322,305,515,644,627,305,512
527,1023,0,398,1023,0,461,326,305,312,331,305,515,711,692,305,512
485,1023,0,308,1023,0,470,328,305,373,338,305,515,711,699,305,512
404,1023,0,291,1023,0,450,320,305,342,327,305,515,676,660,305,512
718,1023,0,319,1023,0,441,320,305,426,345,305,515,695,620,305,512
343,1023,0,222,1023,0,406,313,305,302,321,305,515,635,624,305,512
497,1023,0,239,1023,0,405,315,305,291,322,305,515,715,694,305,512
540,1023,0,254,1023,0,0,313,305,124,312,305,515,646,634,305,512
574,1023,0,361,1023,0,410,317,305,331,325,305,515,697,635,305,512
457,1023,0,284,1023,0,456,325,305,366,335,305,515,653,636,305,512
439,1023,0,170,1023,0,367,312,305,291,322,305,515,630,623,305,512
398,1023,0,295,1023,0,400,318,305,344,331,305,515,665,647,305,512
547,1023,0,212,1023,0,428,315,305,332,321,305,515,703,686,305,512
464,1023,0,304,1023,0,403,316,305,221,320,305,515,676,647,305,512
440,1023,0,258,1023,0,383,316,305,298,318,305,515,650,639,305,512
672,1023,0,614,1023,0,463,323,305,397,338,305,515,759,730,305,512
376,1023,0,330,1023,0,477,324,305,380,325,305,515,709,701,305,512
548,1023,0,410,1023,0,477,327,305,365,330,305,515,747,729,305,512
456,1023,0,232,1023,0,421,313,305,230,321,305,515,673,661,305,512
581,1023,0,340,1023,0,401,315,305,307,325,305,515,710,685,305,512
788,1023,0,510,1023,0,474,318,305,380,322,305,515,752,673,305,512
489,1023,0,352,1023,0,349,312,305,323,328,305,515,708,692,305,512
363,1023,0,246,1023,0,289,311,305,278,323,305,515,687,667,305,512
469,1023,0,219,1023,0,423,314,305,265,315,305,515,654,636,305,512
409,1023,0,175,1023,0,438,321,305,324,322,305,515,682,675,305,512
532,1023,0,230,1023,0,391,314,305,298,317,305,515,690,653,305,512
435,1023,0,235,1023,0,408,314,305,294,314,305,515,717,704,305,512
355,1023,0,204,1023,0,442,316,305,313,317,305,515,663,652,305,512
325,1023,0,243,1023,0,447,318,305,342,324,305,515,706,688,305,512
493,1023,0,335,1023,0,409,315,305,301,321,305,515,676,648,305,512
454,1023,0,238,1023,0,405,318,305,282,331,305,516,718,695,305,512
459,1023,0,283,1023,0,452,317,305,334,328,305,516,708,690,305,512
363,1023,0,224,1023,0,413,318,305,317,323,305,516,630,611,305,512
733,1023,0,568,1023,0,463,325,305,392,331,305,516,761,741,305,512
427,1023,0,201,1023,0,425,319,305,305,323,305,516,659,643,305,512
415,1023,0,281,1023,0,464,324,305,294,330,305,516,712,694,305,512
542,1023,0,176,1023,0,425,318,305,371,332,305,516,709,687,305,512
286,1023,0,204,1023,0,375,310,305,301,318,305,516,605,583,305,512
430,1023,0,254,1023,0,348,315,305,322,324,305,516,674,654,305,512
478,1023,0,241,1023,0,460,320,305,364,330,305,516,668,639,305,512
410,1023,0,184,1023,0,417,314,305,296,319,305,516,632,611,305,512
501,1023,0,331,1023,0,437,320,305,336,321,305,516,705,687,305,512
383,1023,0,213,1023,0,434,315,305,254,317,305,516,668,644,305,512
504,1023,0,152,966,0,454,319,305,202,321,305,516,645,621,305,512
339,1023,0,218,1023,0,420,314,305,329,324,305,516,726,716,305,512
516,1023,0,257,1023,0,428,319,305,299,319,305,516,678,656,305,512
306,1023,0,192,1023,0,402,318,305,229,316,305,516,626,616,305,512
455,1023,0,378,1023,0,436,318,305,354,336,305,516,695,668,305,512
503,1023,0,247,1023,0,442,318,305,431,354,305,516,679,655,305,522
325,1023,0,195,1023,0,442,315,305,268,318,305,516,668,654,305,522
426,1023,0,199,1023,0,429,315,305,335,319,305,516,690,678,305,522
435,1023,0,328,1023,0,448,323,305,348,327,305,516,677,660,305,522
654,1023,0,440,1023,0,468,322,305,375,335,305,516,742,723,305,522
345,1023,0,136,952,0,325,314,305,326,324,305,516,682,669,305,522
411,1023,0,150,973,0,428,317,305,323,321,305,516,628,611,305,522
401,1023,0,169,1023,0,444,317,305,303,321,305,516,627,604,305,522
549,1023,0,301,1023,0,429,318,305,318,324,305,516,691,670,305,522
597,1023,0,342,1023,0,472,327,305,372,329,305,516,752,734,305,522
465,1023,0,270,1023,0,398,313,305,342,326,305,516,666,651,305,522
449,1023,0,211,1023,0,314,316,305,327,324,305,516,647,632,305,522
395,1023,0,136,927,0,380,314,305,306,316,305,516,583,568,305,522
371,1023,0,163,1023,0,409,314,305,271,322,305,516,646,628,305,522
282,1023,0,290,1023,0,414,320,305,272,323,305,516,759,752,305,522
572,1023,0,396,1023,0,436,322,305,314,325,305,516,709,679,305,522
445,1023,0,183,1023,0,421,316,305,311,317,305,517,665,649,305,522
467,1023,0,246,1023,0,442,318,305,326,331,305,517,723,709,305,522
453,1023,0,243,1023,0,402,313,305,252,316,305,517,736,717,305,522
446,1023,0,251,1023,0,425,319,305,258,321,305,517,685,664,305,522
356,1023,0,271,1023,0,398,315,305,339,322,305,517,669,653,305,522
522,1023,0,325,1023,0,442,318,305,357,329,305,517,751,738,305,522
346,1023,0,178,1023,0,426,321,305,330,329,305,517,624,621,305,522
386,1023,0,198,1023,0,285,315,305,291,318,305,517,681,668,305,522
298,1023,0,164,1023,0,438,318,305,129,316,305,517,573,565,305,522
506,1023,0,229,1023,0,425,317,305,0,313,305,517,707,684,305,522
519,1023,0,244,1023,0,409,316,305,338,322,305,517,657,637,305,522
715,1023,0,335,1023,0,467,325,305,355,329,305,517,684,660,305,522
414,1023,0,244,1023,0,439,314,305,269,320,305,517,676,655,305,522
580,1023,0,204,1023,0,445,315,305,359,325,305,517,641,605,305,522
517,1023,0,327,1023,0,428,324,305,313,328,305,517,717,701,305,522
679,1023,0,351,1023,0,448,326,305,352,342,305,517,714,697,305,522
603,1023,0,410,1023,0,436,316,305,329,324,305,517,748,728,305,522
602,1023,0,349,1023,0,461,324,305,352,330,305,517,730,713,305,522
624,1023,0,404,1023,0,472,320,305,342,334,305,517,762,740,305,522
399,1023,0,216,1023,0,418,315,305,285,326,305,517,667,650,305,522
604,1023,0,370,1023,0,477,322,305,387,335,305,517,711,688,305,522
536,1023,0,290,1023,0,469,323,305,371,328,305,517,728,706,305,522
340,1023,0,359,1023,0,461,319,305,303,321,305,517,701,688,305,522
373,1023,0,156,1023,0,366,312,305,268,316,305,517,675,670,305,522
438,1023,0,270,1023,0,423,316,305,260,317,305,517,747,730,305,522
478,1023,0,234,1023,0,433,314,305,257,324,305,517,664,649,305,522
596,1023,0,364,1023,0,464,318,305,354,332,305,517,671,644,305,522
505,1023,0,306,1023,0,473,329,305,395,336,305,517,705,691,305,522
708,1023,0,392,1023,0,478,325,305,354,324,305,517,734,673,305,522
395,1023,0,201,1023,0,419,316,305,233,313,305,517,678,672,305,522
363,1023,0,184,1023,0,421,315,305,300,319,305,518,662,648,305,522
421,1023,0,251,1023,0,440,318,305,337,323,305,518,714,699,305,522
603,1023,0,403,1023,0,413,315,305,329,325,305,518,716,671,305,522
403,1023,0,220,1023,0,433,318,305,296,322,305,518,653,629,305,532
610,1023,0,300,1023,0,471,320,305,335,325,305,518,701,671,305,532
570,1023,0,352,1023,0,446,320,305,297,323,305,518,686,670,305,532
334,1023,0,197,1023,0,471,320,305,360,322,305,518,669,644,305,532
460,1023,0,272,1023,0,430,314,305,267,320,305,518,707,685,305,532
487,1023,0,339,1023,0,431,321,305,322,335,305,518,703,692,305,532
302,1023,0,163,1023,0,370,313,305,257,316,305,518,586,571,305,532
441,1023,0,312,1023,0,446,317,305,340,326,305,518,680,661,305,532
702,1023,0,395,1023,0,461,320,305,382,332,305,518,712,687,305,532
344,1023,0,299,1023,0,424,320,305,283,316,305,518,738,725,305,532
554,1023,0,309,1023,0,463,322,305,387,338,305,518,716,691,305,532
390,1023,0,341,1023,0,483,323,305,392,330,305,518,713,696,305,532
353,1023,0,186,1023,0,414,315,305,314,319,305,518,674,650,305,532
500,1023,0,154,898,0,403,315,305,261,316,305,518,562,535,305,532
496,1023,0,220,1023,0,471,320,305,376,327,305,518,665,645,305,532
668,1023,0,240,1023,0,441,313,305,274,320,305,518,657,636,305,532
305,1023,0,201,1023,0,405,317,305,291,323,305,518,687,672,305,532
339,1023,0,168,1023,0,378,312,305,205,317,305,518,651,636,305,532
357,1023,0,236,1023,0,447,318,305,281,327,305,518,657,650,305,532
519,1023,0,399,1023,0,394,320,305,365,337,305,518,663,649,305,532
509,1023,0,259,1023,0,429,317,305,332,325,305,518,678,660,305,532
414,1023,0,234,1023,0,451,321,305,318,316,305,518,656,642,305,532
474,1023,0,288,1023,0,463,322,305,316,333,305,518,653,630,305,532
762,1023,0,391,1023,0,470,323,305,347,333,305,518,740,704,305,532
443,1023,0,194,1023,0,471,319,305,309,321,305,518,681,651,305,532
525,1023,0,315,1023,0,452,328,305,371,335,305,518,752,732,305,532
327,1023,0,186,1023,0,422,316,305,272,321,305,518,653,644,305,532
327,1023,0,258,1023,0,385,315,305,338,326,305,518,661,648,305,532
353,1023,0,238,1023,0,397,318,305,343,324,305,518,647,631,305,532
692,1023,0,587,1023,0,472,321,305,364,328,305,518,761,701,305,532
354,1023,0,277,1023,0,463,318,305,324,328,305,518,716,702,305,532
400,1023,0,201,1023,0,431,321,305,287,318,305,519,512,495,305,532
484,1023,0,279,1023,0,365,317,305,295,319,305,519,655,630,305,532
336,1023,0,202,1023,0,371,314,305,158,314,305,519,592,583,305,532
543,1023,0,236,1023,0,438,318,305,273,319,305,519,673,650,305,532
625,1023,0,275,1023,0,460,319,305,332,327,305,519,745,729,305,532
414,1023,0,239,1023,0,416,319,305,304,331,305,519,680,670,305,532
409,1023,0,244,1023,0,442,321,305,350,331,305,519,675,659,305,532
659,1023,0,293,1023,0,479,325,305,373,336,305,519,697,651,305,532
620,1023,0,435,1023,0,476,324,305,385,330,305,519,718,695,305,532
405,1023,0,169,1023,0,437,316,305,259,314,305,519,655,640,305,532
453,1023,0,247,1023,0,440,323,305,371,337,305,519,715,695,305,532
564,1023,0,341,1023,0,470,326,305,334,336,305,519,719,703,305,532
541,1023,0,310,1023,0,424,317,305,329,323,305,519,681,652,305,532
525,1023,0,306,1023,0,397,318,305,324,322,305,519,656,640,305,532
518,1023,0,254,1023,0,417,314,305,333,330,305,519,681,657,305,532
583,1023,0,365,1023,0,495,330,305,352,333,305,519,725,705,305,532
492,1023,0,318,1023,0,477,329,305,384,343,305,519,677,658,305,532
519,1023,0,391,1023,0,470,331,305,379,338,305,519,709,683,305,532
337,1023,0,301,1023,0,468,327,305,414,357,305,519,736,720,305,532
821,1023,0,446,1023,0,489,318,305,423,326,305,519,734,650,305,532
467,1023,0,209,1023,0,372,311,305,317,315,305,519,676,642,305,532
441,1023,0,241,1023,0,397,318,305,0,316,305,519,675,657,305,532
408,1023,0,241,1023,0,456,322,305,343,322,305,519,703,689,305,532
489,1023,0,345,1023,0,452,322,305,341,327,305,519,707,681,305,532
440,1023,0,242,1023,0,448,319,305,307,323,305,519,641,627,305,532
442,1023,0,278,1023,0,441,322,305,351,320,305,519,684,673,305,532
449,1023,0,293,1023,0,447,320,305,361,329,305,519,693,680,305,532
389,1023,0,226,1023,0,369,315,305,278,317,305,519,677,657,305,532
562,1023,0,263,1023,0,437,321,305,325,325,305,519,751,737,305,532
335,1023,0,192,1023,0,405,316,305,282,321,305,519,695,687,305,532
452,1023,0,356,1023,0,461,318,305,292,327,305,519,711,686,305,532
793,1023,0,422,1023,0,467,322,305,367,331,305,519,721,643,305,532
494,1023,0,256,1023,0,435,318,305,321,322,305,519,680,663,305,542
650,1023,0,313,1023,0,448,320,305,363,332,305,519,724,700,305,542
425,1023,0,176,1023,0,465,322,305,340,322,305,519,645,628,305,542
639,1023,0,356,1023,0,438,318,305,334,327,305,519,720,689,305,542
378,1023,0,211,1023,0,271,310,305,316,322,305,519,631,613,305,542
438,1023,0,285,1023,0,457,321,305,314,321,305,519,671,645,305,542
443,1023,0,356,1023,0,446,319,305,335,324,305,519,693,675,305,542
402,1023,0,249,1023,0,405,320,305,302,320,305,519,676,648,305,542
350,1023,0,180,1023,0,357,316,305,28,314,305,520,615,591,305,542
702,1023,0,438,1023,0,497,329,305,421,334,305,520,736,671,305,542
439,1023,0,296,1023,0,442,325,305,353,327,305,520,685,667,305,542
514,1023,0,325,1023,0,472,321,305,333,319,305,520,723,713,305,542
577,1023,0,264,1023,0,445,322,305,239,317,305,520,581,553,305,542
385,1023,0,268,1023,0,430,314,305,269,320,305,520,616,598,305,542
360,1023,0,151,1023,0,416,313,305,261,317,305,520,617,602,305,542
373,1023,0,228,1023,0,412,316,305,331,323,305,520,672,660,305,542
570,1023,0,257,1023,0,448,325,305,350,325,305,520,658,648,305,542
460,1023,0,288,1023,0,447,323,305,364,337,305,520,748,730,305,542
860,1023,0,499,1023,0,498,322,305,401,328,305,520,713,640,305,542
375,1023,0,186,1023,0,424,316,305,291,320,305,520,635,614,305,542
463,1023,0,251,1023,0,489,327,305,402,345,305,520,693,654,305,542
421,1023,0,322,1023,0,459,320,305,366,325,305,520,712,693,305,542
435,1023,0,264,1023,0,408,317,305,325,317,305,520,722,698,305,542
260,1023,0,155,1023,0,421,313,305,301,319,305,520,607,598,305,542
485,1023,0,274,1023,0,391,312,305,317,320,305,520,682,655,305,542
453,1023,0,281,1023,0,442,320,305,308,319,305,520,674,658,305,542
367,1023,0,162,1004,0,429,315,305,252,317,305,520,614,594,305,542
824,1023,0,420,1023,0,508,335,305,368,338,305,520,715,635,305,542
448,1023,0,244,1023,0,466,317,305,356,328,305,520,734,714,305,542
318,1023,0,258,1023,0,476,322,305,361,326,305,520,721,711,305,542
684,1023,0,528,1023,0,511,321,305,425,329,305,520,736,671,305,542
557,1023,0,325,1023,0,444,326,305,367,339,305,520,747,734,305,542
552,1023,0,421,1023,0,491,322,305,385,336,305,520,707,670,305,542
436,1023,0,149,920,0,438,316,305,280,316,305,520,659,649,305,542
462,1023,0,299,1023,0,431,319,305,317,328,305,520,701,690,305,542
483,1023,0,264,1023,0,403,319,305,303,328,305,520,647,637,305,542
385,1023,0,225,1023,0,411,312,305,277,321,305,520,701,684,305,542
439,1023,0,203,1023,0,445,319,305,312,327,305,520,710,706,305,542
469,1023,0,254,1023,0,438,320,305,315,323,305,520,664,649,305,542
364,1023,0,209,1023,0,381,313,305,261,320,305,520,614,594,305,542
357,1023,0,184,1023,0,380,314,305,257,316,305,520,668,653,305,542
378,1023,0,230,1023,0,382,313,305,250,319,305,520,697,681,305,542
634,1023,0,277,1023,0,417,315,305,353,326,305,520,715,679,305,542
619,1023,0,271,1023,0,455,321,305,400,340,305,520,682,653,305,542
381,1023,0,190,1023,0,399,314,305,269,317,305,520,662,644,305,542
390,1023,0,205,1023,0,317,314,305,207,316,305,520,646,619,305,542
531,1023,0,283,1023,0,428,315,305,310,316,305,520,703,694,305,542
535,1023,0,294,1023,0,426,315,305,271,320,305,520,719,700,305,542
383,1023,0,148,871,0,0,314,305,257,312,305,521,619,609,305,542
448,1023,0,195,1023,0,428,314,305,253,320,305,521,681,669,305,542
573,1023,0,222,1023,0,451,319,305,376,330,305,521,665,643,305,542
511,1023,0,270,1023,0,450,318,305,317,319,305,521,690,666,305,542
333,1023,0,150,974,0,423,319,305,295,323,305,521,624,599,305,542
421,1023,0,262,1023,0,409,317,305,325,327,305,521,667,657,305,542
792,1023,0,410,1023,0,464,323,305,372,339,305,521,754,695,305,542
318,1023,0,109,725,0,344,312,305,273,323,305,521,596,588,305,542
425,1023,0,223,1023,0,372,317,305,190,316,305,521,689,678,305,542
477,1023,0,231,1023,0,436,316,305,282,319,305,521,654,642,305,542
451,1023,0,182,1023,0,444,319,305,302,320,305,521,668,649,305,542
643,1023,0,296,1023,0,486,327,305,390,339,305,521,710,683,305,542
819,1023,0,460,1023,0,458,320,305,380,324,305,521,763,719,305,542
390,1023,0,171,1023,0,451,313,305,280,313,305,521,629,614,305,542
413,1023,0,191,1023,0,405,311,305,91,312,305,521,658,631,305,542
417,1023,0,182,1023,0,453,318,305,291,320,305,521,692,676,305,542
580,1023,0,278,1023,0,480,325,305,370,332,305,521,676,653,305,542
588,1023,0,219,949,0,469,319,305,372,326,305,521,668,637,305,542
460,1023,0,203,1023,0,432,320,305,276,312,305,521,663,612,305,542
626,1023,0,246,1023,0,400,318,305,287,320,305,521,667,652,305,542
562,1023,0,356,1023,0,462,320,305,355,337,305,521,673,652,305,542
706,1023,0,377,1023,0,443,318,305,376,334,305,521,721,694,305,542
464,1023,0,231,1023,0,420,315,305,320,323,305,521,683,662,305,542
512,1023,0,357,1023,0,477,325,305,343,322,305,521,685,667,305,542
414,1023,0,175,1001,0,504,323,305,372,321,305,521,694,669,305,542
378,1023,0,334,1023,0,0,318,305,0,316,305,521,711,681,305,542
395,1023,0,205,1023,0,453,321,305,348,328,305,521,681,665,305,542
409,1023,0,216,1023,0,422,320,305,326,332,305,521,659,645,305,542
389,1023,0,186,1023,0,404,315,305,306,322,305,521,737,727,305,542
515,1023,0,208,1023,0,369,318,305,289,324,305,521,687,664,305,542
444,1023,0,225,1023,0,433,314,305,326,323,305,521,714,698,305,542
436,1023,0,187,1023,0,419,314,305,305,326,305,521,649,623,305,542
426,1023,0,238,1023,0,386,318,305,318,316,305,522,642,616,305,542
443,1023,0,176,1023,0,371,316,305,282,318,305,522,580,564,305,542
380,1023,0,213,1023,0,428,314,305,257,318,305,522,593,572,305,542
411,1023,0,240,1023,0,481,318,305,363,327,305,522,678,655,305,542
456,1023,0,275,1023,0,388,313,305,224,314,305,522,663,648,305,542
479,1023,0,379,1023,0,435,323,305,344,330,305,522,720,705,305,552
395,1023,0,224,1023,0,462,322,305,317,322,305,522,648,620,305,552
415,1023,0,212,1023,0,394,316,305,183,313,305,522,626,598,305,552
533,1023,0,272,1023,0,420,317,305,356,334,305,522,689,673,305,552
619,1023,0,316,1023,0,426,313,305,334,325,305,522,731,708,305,552
295,1023,0,177,1023,0,416,316,305,298,324,305,522,638,623,305,552
468,1023,0,311,1023,0,450,320,305,354,321,305,522,713,682,305,552
553,1023,0,410,1023,0,442,325,305,382,331,305,522,672,655,305,552
513,1023,0,308,1023,0,446,322,305,321,327,305,522,707,682,305,552
785,1023,0,570,1023,0,507,329,305,421,348,305,522,800,774,305,552
415,1023,0,236,1023,0,480,320,305,383,330,305,522,696,678,305,552
398,1023,0,177,988,0,407,317,305,263,317,305,522,658,641,305,552
521,1023,0,258,1023,0,433,313,305,358,320,305,522,675,661,305,552
592,1023,0,325,1023,0,441,318,305,352,334,305,522,711,690,305,552
344,1023,0,300,1023,0,431,323,305,350,330,305,522,744,733,305,552
367,1023,0,261,1023,0,416,320,305,358,337,305,522,659,644,305,552
478,1023,0,325,1023,0,429,320,305,338,331,305,522,721,701,305,552
549,1023,0,531,1023,0,474,325,305,389,335,305,522,777,766,305,552
769,1023,0,455,1023,0,500,321,305,421,338,305,522,719,674,305,552
439,1023,0,315,1023,0,460,322,305,363,330,305,522,729,714,305,552
323,1023,0,254,1023,0,429,320,305,254,320,305,522,689,680,305,552
506,1023,0,317,1023,0,452,319,305,343,330,305,522,715,701,305,552
272,1023,0,148,1023,0,415,315,305,288,320,305,522,581,569,305,552
375,1023,0,187,1023,0,455,320,305,275,314,305,522,705,696,305,552
316,1023,0,187,1023,0,348,313,305,301,320,305,522,665,648,305,552
552,1023,0,381,1023,0,427,318,305,347,325,305,522,695,664,305,552
505,1023,0,242,1023,0,429,315,305,268,317,305,522,649,619,305,552
390,1023,0,205,1023,0,436,313,305,271,322,305,522,581,567,305,552
509,1023,0,244,1023,0,436,316,305,259,318,305,522,659,629,305,552
529,1023,0,366,1023,0,426,321,305,363,335,305,523,690,676,305,552
411,1023,0,253,1023,0,384,317,305,301,316,305,523,704,691,305,552
609,1023,0,251,1023,0,445,318,305,305,320,305,523,689,647,305,552
482,1023,0,345,1023,0,456,320,305,375,328,305,523,704,684,305,552
283,1023,0,169,1023,0,418,316,305,273,321,305,523,717,704,305,552
389,1023,0,315,1023,0,445,321,305,314,325,305,523,728,711,305,552
393,1023,0,249,1023,0,428,314,305,287,319,305,523,666,646,305,562
344,1023,0,233,1023,0,382,313,305,96,313,305,523,678,666,305,562
646,1023,0,549,1023,0,501,328,305,452,355,305,523,761,738,305,562
488,1023,0,198,1023,0,464,320,305,341,334,305,523,671,659,305,562
391,1023,0,309,1023,0,400,313,305,362,331,305,523,706,691,305,562
369,1023,0,216,1023,0,393,316,305,296,318,305,523,643,626,305,562
431,1023,0,266,1023,0,456,317,305,309,323,305,523,706,693,305,562
553,1023,0,243,1023,0,459,317,305,322,322,305,523,675,642,305,562
575,1023,0,257,1023,0,417,313,305,308,324,305,523,679,658,305,562
449,1023,0,209,1023,0,374,317,305,395,347,305,523,678,672,305,562
359,1023,0,196,1023,0,409,316,305,264,318,305,523,680,666,305,562
465,1023,0,184,1023,0,461,330,305,305,329,305,523,669,646,305,562
395,1023,0,231,1023,0,427,315,305,337,325,305,523,684,668,305,562
547,1023,0,248,1023,0,444,318,305,347,332,305,523,655,635,305,562
525,1023,0,373,1023,0,458,331,305,364,336,305,523,676,659,305,562
479,1023,0,313,1023,0,390,323,305,298,324,305,523,723,712,305,562
492,1023,0,409,1023,0,431,320,305,381,336,305,523,693,665,305,562
371,1023,0,226,1023,0,433,318,305,350,326,305,523,636,624,305,562
338,1023,0,226,1023,0,446,322,305,343,329,305,523,618,609,305,562
516,1023,0,347,1023,0,444,322,305,330,328,305,523,707,684,305,562
377,1023,0,275,1023,0,421,319,305,256,323,305,523,696,674,305,562
353,1023,0,294,1023,0,417,319,305,349,332,305,523,670,655,305,562
556,1023,0,345,1023,0,449,323,305,323,341,305,523,720,694,305,562
405,1023,0,203,1023,0,447,321,305,257,315,305,523,638,620,305,562
445,1023,0,221,1023,0,413,318,305,321,323,305,523,677,660,305,562
497,1023,0,318,1023,0,497,332,305,324,331,305,523,667,654,305,562
609,1023,0,364,1023,0,437,320,305,339,327,305,523,743,676,305,562
440,1023,0,297,1023,0,430,317,305,336,323,305,523,681,667,305,562
407,1023,0,132,789,0,450,321,305,273,318,305,524,550,527,305,562
539,1023,0,379,1023,0,459,320,305,359,329,305,524,682,663,305,562
243,921,0,169,1023,0,455,319,305,333,321,305,524,581,560,305,562
330,1023,0,274,1023,0,374,310,305,281,318,305,524,714,705,305,562
263,1023,0,195,1023,0,442,317,305,275,315,305,524,630,617,305,562
319,1023,0,397,1023,0,444,325,305,359,337,305,524,695,676,305,562
304,1023,0,141,974,0,286,313,305,293,316,305,524,633,622,305,562
381,1023,0,310,1023,0,0,311,305,292,318,305,524,654,642,305,562
378,1023,0,237,1023,0,411,312,305,261,315,305,524,682,666,305,562
441,1023,0,235,1023,0,433,316,305,312,329,305,524,652,627,305,562
548,1023,0,325,1023,0,438,321,305,357,326,305,524,729,710,305,562
565,1023,0,312,1023,0,409,319,305,339,326,305,524,701,682,305,572
451,1023,0,209,1023,0,409,318,305,238,320,305,524,740,729,305,572
385,1023,0,214,1023,0,336,317,305,150,317,305,524,661,647,305,572
533,1023,0,244,1023,0,456,318,305,339,323,305,524,708,692,305,572
442,1023,0,187,1023,0,325,313,305,272,321,305,524,651,633,305,572
495,1023,0,186,1011,0,448,318,305,330,325,305,524,660,646,305,572
472,1023,0,258,1023,0,450,320,305,355,338,305,524,700,688,305,572
576,1023,0,239,1023,0,428,318,305,284,320,305,524,703,685,305,572
373,1023,0,354,1023,0,449,326,305,351,330,305,524,681,662,305,572
504,1023,0,472,1023,0,475,322,305,379,333,305,524,723,706,305,572
524,1023,0,281,1023,0,467,325,305,374,332,305,524,708,693,305,572
428,1023,0,237,1023,0,457,323,305,351,321,305,524,723,701,305,572
453,1023,0,270,1023,0,406,318,305,296,328,305,524,681,662,305,572
363,1023,0,387,1023,0,468,328,305,341,326,305,524,713,697,305,572
556,1023,0,284,1023,0,429,317,305,333,324,305,524,712,698,305,572
466,1023,0,154,1023,0,391,314,305,281,324,305,524,614,595,305,572
479,1023,0,202,1023,0,422,315,305,324,325,305,524,633,620,305,572
497,1023,0,234,1023,0,392,312,305,385,336,305,524,725,714,305,572
470,1023,0,241,1023,0,389,310,305,189,314,305,524,684,670,305,572
417,1023,0,233,1023,0,417,317,305,304,329,305,524,653,641,305,572
625,1023,0,462,1023,0,479,326,305,380,334,305,524,759,722,305,572
559,1023,0,275,1023,0,443,320,305,371,325,305,524,730,712,305,572
445,1023,0,243,1023,0,443,320,305,357,334,305,524,631,615,305,572
389,1023,0,170,1023,0,406,312,305,302,325,305,524,693,665,305,572
383,1023,0,257,1023,0,449,320,305,334,324,305,524,618,603,305,572
744,1023,0,522,1023,0,469,317,305,357,331,305,524,734,693,305,572
530,1023,0,302,1023,0,418,312,305,303,318,305,524,714,697,305,572
583,1023,0,226,1023,0,430,315,305,299,325,305,524,688,667,305,572
752,1023,0,462,1023,0,472,324,305,364,329,305,525,749,711,305,572
340,1023,0,173,1023,0,461,319,305,305,320,305,525,660,649,305,572
520,1023,0,149,898,0,370,318,305,249,323,305,525,577,554,305,572
396,1023,0,182,1023,0,419,316,305,285,316,305,525,642,625,305,572
482,1023,0,259,1023,0,430,318,305,341,328,305,525,655,642,305,572
526,1023,0,387,1023,0,463,321,305,398,331,305,525,534,507,305,572
742,1023,0,361,1023,0,446,320,305,339,326,305,525,740,710,305,572
585,1023,0,473,1023,0,447,325,305,365,336,305,525,771,762,305,572
287,1023,0,151,1013,0,433,316,305,315,323,305,525,541,523,305,572
365,1023,0,218,1023,0,428,316,305,301,325,305,525,638,623,305,572
429,1023,0,360,1023,0,472,322,305,350,325,305,525,697,697,305,572
823,1023,0,530,1023,0,512,324,305,423,335,305,525,742,671,305,572
424,1023,0,343,1023,0,438,316,305,366,327,305,525,691,664,305,572
617,1023,0,365,1023,0,455,316,305,389,332,305,525,745,724,305,572
521,1023,0,293,1023,0,427,315,305,376,325,305,525,698,671,305,572
491,1023,0,208,1023,0,467,322,305,361,329,305,525,679,659,305,572
417,1023,0,226,1023,0,440,320,305,343,327,305,525,661,643,305,572
674,1023,0,469,1023,0,477,325,305,369,331,305,525,698,611,305,572
298,1023,0,294,1023,0,500,323,305,413,334,305,525,714,691,305,572
389,1023,0,180,1023,0,419,315,305,297,329,305,525,624,613,305,572
453,1023,0,179,1023,0,418,319,305,354,327,305,525,663,642,305,572
424,1023,0,287,1023,0,449,320,305,348,333,305,525,742,730,305,572
322,1023,0,173,1023,0,376,310,305,0,311,305,525,332,321,305,572
330,1023,0,164,1023,0,368,317,305,274,323,305,525,635,622,305,572
320,1023,0,168,1023,0,360,310,305,230,316,305,525,669,660,305,572
683,1023,0,335,1023,0,488,332,305,403,346,305,525,752,734,305,572
379,1023,0,155,1023,0,381,315,305,204,318,305,525,564,549,305,572
749,1023,0,441,1023,0,449,317,305,363,333,305,525,746,696,305,572
303,1023,0,226,1023,0,441,319,305,371,330,305,525,658,647,305,572
542,1023,0,294,1023,0,423,319,305,321,322,305,525,674,661,305,572
410,1023,0,161,960,0,412,318,305,332,321,305,525,591,573,305,572
359,1023,0,243,1023,0,403,313,305,268,319,305,525,652,638,305,572
518,995,0,251,1023,0,365,312,305,338,315,305,525,714,701,305,582
624,1023,0,292,1023,0,420,315,305,334,332,305,525,677,667,305,582
508,1023,0,236,1023,0,373,316,305,267,317,305,525,701,682,305,582
582,1023,0,255,1023,0,498,328,305,384,336,305,525,653,627,305,582
354,1023,0,222,1023,0,443,320,305,337,324,305,525,634,618,305,582
452,1023,0,343,1023,0,413,316,305,330,319,305,525,729,712,305,582
449,1023,0,447,1023,0,457,326,305,377,340,305,525,771,752,305,582
351,1023,0,325,1023,0,424,320,305,341,334,305,525,684,673,305,582
434,1023,0,148,909,0,372,313,305,184,315,305,525,673,663,305,582
477,1023,0,410,1023,0,464,330,305,389,344,305,525,743,716,305,582
513,1023,0,255,1023,0,430,319,305,359,327,305,526,676,652,305,582
421,1023,0,197,1023,0,424,313,305,305,321,305,526,669,652,305,582
516,1023,0,209,1023,0,440,316,305,375,332,305,526,689,652,305,582
507,1023,0,208,1023,0,0,312,305,0,311,305,526,612,594,305,582
654,1023,0,210,1023,0,513,323,305,420,331,305,526,686,668,305,582
664,1023,0,499,1023,0,0,310,305,0,305,305,526,717,681,305,582
549,1023,0,258,1023,0,0,305,305,0,308,305,526,689,689,305,582
421,1023,0,492,1023,0,475,322,305,380,334,305,526,735,712,305,582
274,1023,0,174,1023,0,457,319,305,338,324,305,526,629,615,305,582
467,1023,0,454,1023,0,475,325,305,411,345,305,526,726,709,305,582
627,1023,0,279,1023,0,467,324,305,377,325,305,526,705,679,305,582
513,1023,0,342,1023,0,551,332,305,491,345,305,526,704,676,305,582
388,1023,0,211,1023,0,448,321,305,321,324,305,526,689,671,305,582
705,1023,0,553,1023,0,472,323,305,402,339,305,526,726,681,305,582
634,1023,0,370,1023,0,461,316,305,377,330,305,527,666,632,305,582
348,1023,0,178,1023,0,330,312,305,133,316,305,527,593,570,305,582
313,1023,0,274,1023,0,443,322,305,360,337,305,527,713,697,305,582
487,1023,0,324,1023,0,390,319,305,326,328,305,527,711,693,305,582
421,1023,0,165,1023,0,395,316,305,376,345,305,527,669,655,305,582
471,1023,0,453,1023,0,481,333,305,411,345,305,527,694,669,305,582
435,1023,0,291,1023,0,439,323,305,356,337,305,527,709,693,305,582
533,1023,0,412,1023,0,450,320,305,351,321,305,527,684,666,305,582
335,1023,0,230,1023,0,376,311,305,241,321,305,527,675,662,305,582
440,1023,0,231,1023,0,441,319,305,393,329,305,527,694,672,305,582
591,1023,0,287,1023,0,425,314,305,350,321,305,527,730,699,305,582
539,1023,0,312,1023,0,422,322,305,351,326,305,527,697,681,305,582
429,1023,0,241,1023,0,439,316,305,229,316,305,527,653,637,305,582
533,1023,0,217,1023,0,429,322,305,309,325,305,527,688,671,305,582
398,1023,0,205,1023,0,437,318,305,330,322,305,527,693,673,305,582
541,1023,0,195,891,0,374,311,305,254,315,305,527,591,561,305,582
363,1023,0,236,1023,0,424,321,305,300,330,305,527,647,643,305,582
435,1023,0,166,1023,0,338,310,305,154,313,305,527,658,637,305,582
420,1023,0,237,1023,0,431,322,305,294,330,305,527,659,645,305,582
281,1023,0,151,1023,0,445,317,305,305,329,305,527,607,594,305,582
484,1023,0,330,1023,0,428,315,305,311,320,305,527,705,692,305,582
802,1023,0,555,1023,0,470,320,305,366,328,305,527,721,654,305,582
392,1023,0,229,1023,0,438,318,305,307,323,305,527,666,648,305,582
533,1023,0,315,1023,0,447,319,305,338,321,305,527,699,673,305,582
396,1023,0,434,1023,0,380,313,305,286,327,305,527,745,731,305,582
428,1023,0,247,1023,0,389,316,305,303,323,305,527,674,661,305,582
498,1023,0,437,1023,0,465,318,305,329,328,305,527,744,731,305,582
452,1023,0,290,1023,0,417,316,305,257,321,305,527,670,652,305,582
635,1023,0,435,1023,0,449,323,305,363,334,305,527,771,753,305,582
352,1023,0,335,1023,0,421,317,305,311,325,305,527,718,709,305,582
385,1023,0,319,1023,0,448,322,305,300,319,305,527,717,700,305,582
506,1023,0,541,1023,0,457,328,305,360,335,305,527,744,725,305,582
470,1023,0,273,1023,0,433,315,305,297,314,305,527,675,664,305,582
503,1023,0,153,1023,0,461,325,305,357,333,305,527,653,628,305,582
368,1023,0,175,1023,0,433,319,305,330,328,305,527,638,633,305,582
515,1023,0,382,1023,0,463,320,305,355,328,305,527,767,750,305,582
500,1023,0,180,730,0,211,309,305,205,315,305,527,623,599,305,582
371,1023,0,198,1023,0,331,310,305,199,318,305,527,660,642,305,582
555,1023,0,320,1023,0,433,317,305,292,318,305,527,642,569,305,582
477,1023,0,482,1023,0,460,326,305,360,334,305,527,671,640,305,582
451,1023,0,208,1023,0,388,316,305,312,328,305,527,650,636,305,582
661,1023,0,242,1023,0,439,318,305,340,330,305,527,683,661,305,582
287,1023,0,167,1023,0,430,316,305,265,319,305,527,692,681,305,582
328,1023,0,195,1023,0,419,316,305,320,320,305,528,644,632,305,582
345,1023,0,177,1023,0,418,313,305,297,321,305,528,623,612,305,582
474,1023,0,230,1023,0,469,323,305,357,334,305,528,673,658,305,582
690,1023,0,444,1023,0,441,318,305,334,319,305,528,743,723,305,582
569,1023,0,181,1023,0,393,314,305,249,322,305,528,672,658,305,582
483,1023,0,204,1023,0,422,316,305,346,326,305,528,717,693,305,582
390,1023,0,243,1023,0,401,313,305,312,322,305,528,667,654,305,582
477,1023,0,335,1023,0,443,317,305,289,318,305,528,720,700,305,582
291,1023,0,164,1023,0,415,318,305,238,317,305,528,625,619,305,582
560,1023,0,355,1023,0,460,323,305,311,328,305,528,704,684,305,582
515,1023,0,267,1023,0,436,320,305,306,321,305,528,628,547,305,582
741,1023,0,486,1023,0,466,328,305,346,330,305,528,724,704,305,582
454,1023,0,215,1023,0,460,321,305,357,333,305,528,557,523,305,582
561,1023,0,373,1023,0,431,320,305,285,323,305,528,771,752,305,582
454,1023,0,288,1023,0,393,315,305,358,335,305,528,427,409,305,582
516,1023,0,446,1023,0,466,320,305,372,334,305,528,764,745,305,582
332,1023,0,187,1023,0,418,316,305,286,318,305,528,658,642,305,582
366,1023,0,178,1023,0,373,313,305,231,313,305,528,654,640,305,582
742,1023,0,508,1023,0,473,322,305,407,329,305,528,702,646,305,582
465,1023,0,234,1023,0,357,316,305,284,313,305,528,644,617,305,582
431,1023,0,184,1023,0,420,319,305,316,321,305,528,638,611,305,582
404,1023,0,202,1023,0,453,317,305,299,318,305,528,635,623,305,582
406,1023,0,138,910,0,344,312,305,266,323,305,528,674,662,305,582
456,1023,0,180,1023,0,401,318,305,351,331,305,528,630,612,305,582
539,1023,0,219,1023,0,384,314,305,293,319,305,528,612,583,305,582
527,1023,0,323,1023,0,431,317,305,266,317,305,528,710,692,305,582
704,1023,0,269,1023,0,460,321,305,376,331,305,528,679,647,305,582
362,1023,0,174,1023,0,386,317,305,260,314,305,528,641,630,305,582
398,1023,0,297,1023,0,418,316,305,337,322,305,528,750,736,305,582
541,1023,0,251,1023,0,446,318,305,313,323,305,528,684,665,305,582
406,1023,0,227,1023,0,415,319,305,311,323,305,528,666,649,305,582
353,1023,0,169,1023,0,417,315,305,175,313,305,528,616,604,305,582
402,1023,0,192,1023,0,343,311,305,296,319,305,528,638,619,305,582
516,1023,0,364,1023,0,411,316,305,306,327,305,528,706,681,305,582
418,1023,0,186,1023,0,438,319,305,311,322,305,528,625,617,305,582
518,1023,0,263,1023,0,466,317,305,302,320,305,528,706,690,305,582
439,1023,0,288,1023,0,441,317,305,308,319,305,528,712,685,305,582
390,1023,0,211,1023,0,361,311,305,226,323,305,528,705,686,305,582
461,1023,0,193,1023,0,452,321,305,344,330,305,528,688,668,305,582
438,1023,0,226,1023,0,476,315,305,349,324,305,528,667,640,305,582
530,1023,0,358,1023,0,427,318,305,350,323,305,528,678,658,305,582
327,1023,0,186,1023,0,423,316,305,256,312,305,528,653,644,305,582
388,1023,0,174,950,0,416,317,305,323,319,305,528,598,582,305,582
594,1023,0,337,1023,0,483,329,305,358,332,305,528,750,727,305,582
418,1023,0,185,1023,0,435,317,305,250,313,305,528,684,668,305,582
496,1023,0,290,1023,0,460,322,305,346,335,305,528,692,672,305,582
442,1023,0,220,1023,0,399,311,305,268,315,305,528,642,621,305,582
560,1023,0,416,1023,0,450,325,305,345,334,305,528,707,689,305,582
324,1023,0,248,1023,0,449,315,305,315,323,305,528,657,648,305,582
712,1023,0,261,1023,0,416,320,305,351,330,305,529,658,630,305,582
579,1023,0,352,1023,0,428,317,305,365,328,305,529,745,724,305,582
438,1023,0,168,1001,0,429,314,305,211,315,305,529,529,495,305,582
438,1023,0,279,1023,0,480,328,305,349,334,305,529,646,615,305,582
570,1023,0,202,1023,0,466,319,305,344,324,305,529,687,667,305,582
438,1023,0,197,1023,0,391,319,305,311,324,305,529,626,616,305,582
351,1023,0,153,1023,0,428,317,305,264,317,305,529,603,594,305,582
331,1023,0,274,1023,0,394,312,305,296,320,305,529,685,672,305,582
329,1023,0,194,1023,0,377,318,305,297,314,305,529,568,545,305,582
498,1023,0,315,1023,0,430,317,305,350,324,305,529,682,663,305,592
489,1023,0,167,1023,0,407,314,305,331,324,305,529,651,643,305,592
400,1023,0,298,1023,0,382,318,305,360,335,305,529,681,661,305,592
358,1023,0,191,1023,0,412,316,305,302,316,305,529,656,638,305,592
559,1023,0,316,1023,0,478,323,305,387,334,305,529,729,710,305,592
338,1023,0,155,1023,0,332,315,305,285,325,305,529,650,635,305,592
388,1023,0,328,1023,0,463,326,305,359,331,305,529,699,681,305,592
514,1023,0,189,1021,0,369,312,305,266,318,305,529,559,549,305,592
505,1023,0,231,1023,0,402,320,305,255,322,305,529,709,694,305,592
476,1023,0,269,1023,0,457,316,305,294,323,305,529,682,666,305,592
270,1023,0,149,1023,0,375,312,305,198,313,305,529,625,621,305,592
393,1023,0,258,1023,0,423,321,305,344,325,305,529,659,636,305,592
412,1023,0,271,1023,0,428,318,305,322,320,305,529,702,685,305,592
421,1023,0,419,1023,0,456,329,305,344,329,305,529,728,709,305,592
422,1023,0,302,1023,0,479,329,305,362,330,305,529,679,658,305,592
509,1023,0,320,1023,0,456,321,305,343,325,305,529,721,703,305,592
374,1023,0,249,1023,0,411,317,305,250,321,305,529,593,580,305,592
372,1023,0,225,1023,0,388,311,305,248,314,305,529,638,624,305,592
455,1023,0,270,1023,0,411,321,305,275,320,305,529,739,720,305,592
449,1023,0,255,1023,0,445,324,305,346,333,305,529,687,669,305,592
457,1023,0,355,1023,0,433,318,305,320,323,305,529,713,699,305,592
590,1023,0,394,1023,0,500,329,305,269,318,305,529,720,703,305,592
378,1023,0,268,1023,0,460,323,305,305,322,305,529,696,685,305,592
491,1023,0,232,1023,0,427,321,305,273,324,305,529,719,703,305,592
402,1023,0,295,1023,0,454,319,305,330,329,305,529,727,703,305,592
635,1023,0,368,1023,0,454,320,305,322,327,305,529,695,659,305,592
501,1023,0,287,1023,0,492,336,305,455,393,305,529,651,625,305,592
712,1023,0,359,1023,0,469,321,305,374,339,305,529,770,750,305,592
507,1023,0,516,1023,0,451,320,305,367,334,305,529,727,710,305,592
498,1023,0,191,1023,0,413,317,305,267,320,305,529,614,602,305,592
424,1023,0,271,1023,0,340,315,305,298,323,305,529,667,653,305,592
717,1023,0,465,1023,0,480,336,305,359,345,305,529,762,734,305,592
446,1023,0,280,1023,0,399,314,305,320,326,305,529,695,669,305,592
495,1023,0,247,1023,0,383,317,305,180,319,305,529,672,624,305,592
398,1023,0,184,1023,0,423,315,305,275,317,305,529,718,706,305,592
441,1023,0,233,1023,0,391,316,305,287,322,305,529,670,656,305,592
496,1023,0,274,1023,0,420,319,305,294,329,305,530,667,651,305,592
636,1023,0,293,1023,0,431,321,305,354,329,305,530,736,719,305,592
398,1023,0,240,1023,0,466,321,305,328,329,305,530,675,654,305,592
651,1023,0,251,1023,0,400,313,305,265,317,305,530,738,718,305,592
432,1023,0,298,1023,0,438,315,305,369,331,305,530,684,667,305,592
459,1023,0,349,1023,0,439,317,305,296,323,305,530,706,690,305,592
389,1023,0,202,1023,0,455,314,305,302,327,305,530,684,674,305,592
378,1023,0,218,1023,0,454,321,305,267,319,305,530,657,641,305,592
550,1023,0,332,1023,0,475,324,305,341,324,305,530,702,677,305,592
374,1023,0,241,1023,0,400,313,305,275,321,305,530,670,651,305,592
449,1023,0,279,1023,0,452,319,305,317,325,305,530,693,682,305,592
469,1023,0,267,1023,0,456,317,305,326,322,305,530,679,666,305,592
526,1023,0,362,1023,0,420,319,305,353,332,305,530,720,707,305,592
429,1023,0,236,1023,0,426,318,305,242,319,305,530,665,658,305,592
468,1023,0,274,1023,0,372,312,305,284,317,305,530,696,672,305,592
421,1023,0,171,1023,0,388,312,305,315,326,305,530,671,643,305,592
420,1023,0,218,1023,0,411,316,305,318,319,305,530,696,678,305,592
411,1023,0,216,1023,0,418,319,305,305,324,305,530,670,659,305,592
574,1023,0,318,1023,0,412,317,305,365,325,305,530,767,748,305,592
440,1023,0,479,1023,0,427,323,305,338,329,305,530,677,666,305,592
775,1023,0,505,1023,0,511,332,305,433,338,305,530,787,711,305,592
564,1023,0,206,961,0,437,317,305,317,322,305,530,659,640,305,592
428,1023,0,195,1023,0,467,320,305,350,326,305,530,659,645,305,592
472,1023,0,224,1023,0,421,316,305,335,324,305,530,722,710,305,592
363,1023,0,203,1023,0,451,320,305,318,324,305,530,677,664,305,592
674,1023,0,577,1023,0,495,326,305,432,348,305,530,763,676,305,592
481,1023,0,278,1023,0,407,316,305,312,324,305,530,622,601,305,592
414,1023,0,228,1023,0,425,317,305,329,326,305,530,670,656,305,592
377,1023,0,327,1023,0,445,322,305,326,323,305,530,684,670,305,592
553,1023,0,324,1023,0,437,317,305,345,323,305,530,726,715,305,592
386,1023,0,205,1023,0,421,318,305,306,327,305,530,715,701,305,592
476,1023,0,305,1023,0,380,320,305,279,315,305,530,734,710,305,592
445,1023,0,490,1023,0,422,320,305,350,330,305,530,721,694,305,592
429,1023,0,246,1023,0,399,317,305,248,320,305,530,635,622,305,592
410,1023,0,372,1023,0,448,322,305,353,334,305,530,756,733,305,592
715,1023,0,354,1023,0,477,325,305,357,330,305,530,694,667,305,592
559,1023,0,362,1023,0,489,329,305,375,336,305,530,748,728,305,592
448,1023,0,211,1023,0,387,314,305,261,319,305,530,677,664,305,592
765,1023,0,319,1023,0,482,318,305,362,323,305,530,654,634,305,592
488,1023,0,408,1023,0,410,319,305,350,332,305,530,713,692,305,592
436,1023,0,249,1023,0,413,317,305,215,319,305,530,724,718,305,592
798,1023,0,493,1023,0,462,324,305,394,329,305,530,708,632,305,592
306,1023,0,246,1023,0,364,318,305,282,322,305,530,646,627,305,592
243,1018,0,208,1023,0,483,345,305,477,406,305,530,368,348,305,592
447,1023,0,198,1023,0,471,320,305,378,332,305,530,697,681,305,592
440,1023,0,306,1023,0,416,315,305,326,322,305,530,662,640,305,592
514,1023,0,238,1023,0,451,319,305,299,322,305,531,708,695,305,592
480,1023,0,342,1023,0,386,312,305,314,322,305,531,731,715,305,592
574,1023,0,346,1023,0,455,318,305,364,331,305,531,635,609,305,592
547,1023,0,187,1023,0,460,320,305,307,319,305,531,649,627,305,592
742,1023,0,442,1023,0,466,326,305,398,332,305,531,777,700,305,592
529,1023,0,293,1023,0,442,321,305,374,332,305,531,675,645,305,592
471,1023,0,232,1023,0,442,320,305,309,321,305,531,690,664,305,592
548,1023,0,347,1023,0,475,323,305,368,328,305,531,718,704,305,592
530,1023,0,248,1023,0,462,322,305,319,331,305,531,614,602,305,592
342,1023,0,217,1023,0,447,316,305,296,320,305,531,657,646,305,592
277,1023,0,183,1023,0,453,315,305,308,320,305,531,652,636,305,592
547,1023,0,298,1023,0,465,325,305,323,320,305,531,682,660,305,592
488,1023,0,217,1023,0,425,318,305,297,318,305,531,697,687,305,592
526,1023,0,336,1023,0,456,325,305,398,348,305,531,660,633,305,592
481,1023,0,266,1023,0,449,324,305,359,338,305,531,684,663,305,592
473,1023,0,227,1023,0,425,320,305,293,314,305,531,683,668,305,592
355,1023,0,143,946,0,392,315,305,249,319,305,531,613,597,305,592
633,1023,0,288,1023,0,479,319,305,415,341,305,531,692,673,305,592
580,1023,0,460,1023,0,499,331,305,438,351,305,531,729,706,305,592
471,1023,0,216,1023,0,442,319,305,305,323,305,531,650,640,305,592
427,1023,0,208,1023,0,405,318,305,319,326,305,531,669,648,305,592
486,1023,0,181,1023,0,420,314,305,316,325,305,531,672,644,305,592
406,1023,0,274,1023,0,417,315,305,282,324,305,531,723,709,305,592
467,1023,0,254,1023,0,422,320,305,322,324,305,531,688,671,305,592
343,1023,0,258,1023,0,400,319,305,296,323,305,531,642,629,305,602
499,1023,0,217,1023,0,340,313,305,189,314,305,531,646,624,305,602
398,1023,0,165,1023,0,432,319,305,309,330,305,531,589,564,305,602
337,1023,0,248,1023,0,439,315,305,302,324,305,531,639,631,305,602
565,1023,0,371,1023,0,472,322,305,384,334,305,531,781,767,305,602
628,1023,0,447,1023,0,415,316,305,290,315,305,531,714,700,305,602
412,1023,0,152,909,0,411,319,305,271,319,305,531,678,666,305,602
413,1023,0,345,1023,0,449,320,305,339,328,305,531,726,711,305,602
823,1023,0,543,1023,0,472,320,305,351,321,305,531,771,719,305,602
448,1023,0,218,1023,0,464,320,305,375,327,305,531,699,676,305,602
348,1023,0,251,1023,0,302,312,305,232,315,305,531,718,703,305,602
315,1023,0,215,1023,0,403,315,305,246,313,305,531,677,665,305,602
622,1023,0,321,1023,0,418,320,305,370,328,305,531,710,696,305,602
330,1023,0,252,1023,0,431,317,305,321,320,305,531,702,682,305,602
500,1023,0,266,1023,0,412,319,305,316,319,305,531,764,750,305,602
380,1023,0,298,1023,0,457,317,305,298,319,305,531,741,728,305,602
554,1023,0,309,1023,0,415,315,305,311,326,305,531,662,645,305,602
395,1023,0,193,1023,0,418,316,305,310,322,305,531,681,666,305,602
420,1023,0,222,1023,0,377,315,305,283,320,305,531,699,690,305,602
434,1023,0,208,1023,0,392,313,305,359,322,305,531,680,656,305,602
410,1023,0,239,1023,0,425,315,305,303,319,305,531,696,681,305,602
356,1023,0,210,1023,0,368,319,305,220,316,305,531,610,595,305,602
774,1023,0,477,1023,0,410,316,305,348,322,305,531,743,708,305,602
415,1023,0,309,1023,0,448,317,305,325,325,305,531,712,680,305,602
469,1023,0,365,1023,0,454,322,305,354,330,305,531,678,656,305,602
418,1023,0,153,971,0,424,320,305,310,319,305,531,645,629,305,602
484,1023,0,310,1023,0,463,328,305,324,333,305,532,746,732,305,602
597,1023,0,446,1023,0,479,325,305,432,356,305,532,729,710,305,602
381,1023,0,171,1023,0,421,315,305,259,318,305,532,647,612,305,602
422,1023,0,237,1023,0,405,316,305,190,313,305,532,661,646,305,602
333,1023,0,124,911,0,376,314,305,327,325,305,532,570,558,305,602
564,1023,0,327,1023,0,417,314,305,349,325,305,532,727,710,305,602
782,1023,0,419,1023,0,448,324,305,383,329,305,532,694,655,305,602
433,1023,0,347,1023,0,448,320,305,322,319,305,532,736,717,305,602
443,1023,0,364,1023,0,425,317,305,328,330,305,532,737,726,305,602
448,1023,0,348,1023,0,429,317,305,331,324,305,532,687,658,305,602
382,1023,0,210,1023,0,406,316,305,308,322,305,532,699,676,305,602
358,1023,0,285,1023,0,446,323,305,435,380,305,532,706,691,305,602
550,1023,0,394,1023,0,476,323,305,409,338,305,532,748,728,305,602
706,1023,0,430,1023,0,469,319,305,361,326,305,532,752,725,305,602
595,1023,0,250,1023,0,474,328,305,393,338,305,532,701,682,305,602
490,1023,0,151,1023,0,452,322,305,375,347,305,532,688,665,305,602
749,1023,0,381,1023,0,415,313,305,353,322,305,532,696,628,305,602
404,1023,0,226,1023,0,433,318,305,297,319,305,532,683,667,305,602
408,1023,0,204,1023,0,452,316,305,320,323,305,532,633,613,305,602
452,1023,0,232,1023,0,462,322,305,322,324,305,532,657,637,305,602
484,1023,0,209,1023,0,416,316,305,78,317,305,532,662,640,305,602
327,1023,0,305,1023,0,449,318,305,352,331,305,532,687,672,305,602
511,1023,0,383,1023,0,438,324,305,348,334,305,532,767,752,305,602
376,1023,0,152,892,0,410,315,305,280,316,305,532,616,596,305,602
504,1023,0,302,1023,0,431,321,305,340,327,305,532,693,669,305,602
527,1023,0,288,1023,0,401,316,305,330,326,305,532,635,619,305,602
629,1023,0,254,1023,0,433,319,305,332,321,305,532,667,619,305,602
348,1023,0,175,1023,0,332,314,305,267,320,305,532,656,646,305,602
454,1023,0,272,1023,0,375,310,305,297,324,305,532,718,700,305,602
388,1023,0,176,1023,0,408,314,305,300,320,305,532,682,667,305,602
492,1023,0,198,1023,0,381,315,305,321,322,305,532,642,623,305,602
490,1023,0,299,1023,0,473,320,305,338,326,305,532,709,693,305,602
558,1023,0,382,1023,0,436,320,305,305,322,305,532,704,693,305,602
749,1023,0,302,1023,0,479,326,305,397,326,305,532,667,636,305,602
408,1023,0,240,1023,0,387,313,305,241,321,305,532,720,705,305,602
598,1023,0,185,1023,0,403,314,305,336,323,305,532,626,582,305,602
452,1023,0,298,1023,0,438,319,305,348,331,305,532,661,645,305,602
536,1023,0,313,1023,0,444,323,305,286,321,305,532,703,681,305,602
447,1023,0,232,1023,0,475,323,305,340,330,305,532,682,668,305,602
705,1023,0,432,1023,0,489,321,305,356,323,305,532,712,646,305,602
444,1023,0,302,1023,0,473,322,305,376,343,305,532,707,683,305,602
434,1023,0,225,1023,0,423,313,305,300,321,305,532,696,682,305,602
305,1023,0,222,1023,0,413,319,305,303,324,305,532,595,574,305,602
538,1023,0,342,1023,0,477,324,305,382,336,305,533,725,704,305,602
468,1023,0,394,1023,0,473,325,305,339,330,305,533,726,706,305,602
576,1023,0,241,1023,0,448,318,305,376,338,305,533,686,663,305,602
651,1023,0,516,1023,0,490,332,305,371,334,305,533,791,765,305,602
471,1023,0,228,1023,0,422,316,305,333,320,305,533,665,650,305,602
545,1023,0,369,1023,0,450,319,305,339,322,305,533,706,684,305,602
509,1023,0,234,1023,0,440,316,305,299,324,305,533,642,621,305,602
527,1023,0,283,1023,0,459,321,305,355,344,305,533,708,697,305,602
599,1023,0,577,1023,0,484,333,305,420,356,305,533,722,704,305,602
500,1023,0,360,1023,0,467,319,305,344,324,305,533,744,716,305,602
349,1023,0,266,1023,0,431,317,305,280,317,305,533,678,661,305,602
580,1023,0,370,1023,0,459,318,305,360,329,305,533,718,704,305,602
476,1023,0,226,1023,0,371,315,305,247,318,305,533,727,718,305,602
406,1023,0,228,1023,0,441,315,305,271,322,305,533,668,654,305,602
550,1023,0,349,1023,0,442,319,305,359,332,305,533,724,707,305,602
456,1023,0,304,1023,0,419,313,305,313,318,305,533,693,677,305,602
408,1023,0,201,1023,0,463,321,305,320,317,305,533,693,681,305,602
414,1023,0,309,1023,0,421,317,305,283,321,305,533,655,648,305,602
389,1023,0,252,1023,0,435,321,305,260,326,305,533,633,610,305,602
480,1023,0,234,1023,0,397,312,305,306,320,305,533,700,688,305,602
356,1023,0,166,1023,0,437,320,305,354,330,305,533,681,670,305,602
506,1023,0,291,1023,0,495,325,305,370,328,305,533,678,661,305,602
782,1023,0,548,1023,0,526,326,305,452,340,305,533,746,688,305,602
715,1023,0,448,1023,0,485,315,305,425,326,305,533,720,646,305,602
385,1023,0,217,1023,0,425,313,305,309,322,305,533,707,679,305,602
325,1023,0,167,1023,0,386,316,305,303,322,305,533,666,654,305,602
340,1023,0,224,1023,0,436,317,305,326,320,305,533,669,658,305,602
551,1023,0,298,1023,0,415,318,305,314,319,305,533,683,668,305,602
620,1023,0,267,1023,0,473,331,305,389,346,305,533,764,748,305,602
670,1023,0,358,1023,0,485,323,305,369,327,305,533,738,685,305,602
775,1023,0,392,1023,0,499,321,305,387,326,305,533,712,640,305,602
453,1023,0,278,1023,0,391,318,305,296,322,305,533,712,698,305,602
675,1023,0,441,1023,0,544,326,305,425,327,305,533,755,671,305,612
407,1023,0,287,1023,0,465,318,305,366,321,305,533,689,666,305,612
450,1023,0,310,1023,0,444,320,305,359,323,305,533,713,693,305,612
757,1023,0,355,1023,0,460,324,305,407,348,305,533,750,727,305,612
450,1023,0,279,1023,0,440,317,305,326,323,305,533,676,649,305,612
443,1023,0,232,1023,0,388,317,305,308,319,305,533,683,662,305,612
377,1023,0,242,1023,0,440,314,305,311,320,305,534,657,638,305,612
377,1023,0,282,1023,0,296,311,305,241,316,305,534,733,719,305,612
490,1023,0,239,1023,0,402,316,305,280,317,305,534,710,685,305,612
400,1023,0,277,1023,0,424,316,305,343,329,305,534,717,701,305,612
622,1023,0,322,1023,0,445,315,305,320,328,305,534,744,684,305,612
530,1023,0,329,1023,0,383,318,305,276,330,305,534,762,745,305,612
628,1023,0,423,1023,0,485,325,305,386,345,305,534,746,730,305,612
399,1023,0,144,922,0,294,307,305,271,320,305,534,646,628,305,612
357,1023,0,143,1003,0,424,321,305,277,317,305,534,652,639,305,612
674,1023,0,415,1023,0,455,325,305,383,331,305,534,679,661,305,612
323,1023,0,262,1023,0,328,317,305,278,320,305,534,676,669,305,612
485,1023,0,175,1023,0,445,318,305,332,332,305,534,677,665,305,612
362,1023,0,189,1023,0,442,321,305,299,329,305,534,663,650,305,612
343,1023,0,167,1023,0,399,315,305,292,318,305,534,655,638,305,612
428,1023,0,301,1023,0,439,320,305,341,329,305,534,669,649,305,612
323,1023,0,203,1023,0,378,317,305,309,318,305,534,652,642,305,612
419,1023,0,207,1023,0,422,316,305,262,318,305,534,677,658,305,612
432,1023,0,242,1023,0,431,319,305,361,337,305,534,668,652,305,612
620,1023,0,406,1023,0,466,328,305,373,340,305,534,703,681,305,612
615,1023,0,417,1023,0,451,329,305,362,338,305,534,750,732,305,612
333,1023,0,293,1023,0,443,323,305,307,327,305,534,688,676,305,612
497,1023,0,191,1023,0,452,315,305,316,316,305,534,580,548,305,612
468,1023,0,364,1023,0,476,318,305,376,329,305,534,681,660,305,612
337,1023,0,247,1023,0,450,321,305,328,324,305,534,620,610,305,612
558,1023,0,273,1023,0,418,313,305,332,327,305,534,693,675,305,612
575,1023,0,236,1023,0,487,326,305,361,332,305,534,683,666,305,612
483,1023,0,247,1023,0,420,317,305,335,333,305,534,682,667,305,612
486,1023,0,226,1023,0,469,326,305,357,333,305,534,715,693,305,612
464,1023,0,241,1023,0,387,312,305,252,318,305,534,639,625,305,612
753,1023,0,409,1023,0,499,326,305,337,321,305,534,729,688,305,612
600,1023,0,306,1023,0,462,317,305,347,323,305,534,697,660,305,612
527,1023,0,229,1023,0,450,319,305,315,320,305,534,681,665,305,612
486,1023,0,223,1023,0,393,311,305,296,316,305,534,622,607,305,612
429,1023,0,262,1023,0,423,315,305,296,324,305,534,702,697,305,612
525,1023,0,343,1023,0,491,326,305,378,336,305,534,736,711,305,612
559,1023,0,347,1023,0,437,322,305,366,336,305,534,729,717,305,612
347,1023,0,239,1023,0,446,317,305,355,334,305,534,703,688,305,612
480,1023,0,312,1023,0,452,325,305,348,328,305,534,663,643,305,612
385,1023,0,271,1023,0,397,315,305,206,310,305,534,757,747,305,612
481,1023,0,342,1023,0,447,321,305,331,326,305,534,724,702,305,612
440,1023,0,379,1023,0,443,322,305,283,316,305,534,722,703,305,612
320,1023,0,275,1023,0,461,318,305,354,335,305,534,670,657,305,612
451,1023,0,258,1023,0,443,315,305,293,315,305,534,648,629,305,612
442,1023,0,212,1023,0,425,318,305,316,323,305,535,663,645,305,612
459,1023,0,228,1023,0,360,313,305,313,319,305,535,628,607,305,612
371,1023,0,195,1023,0,372,312,305,270,321,305,535,569,543,305,612
542,1023,0,314,1023,0,455,319,305,351,324,305,535,715,680,305,612
568,1023,0,255,1023,0,464,321,305,414,342,305,535,699,675,305,612
336,1023,0,285,1023,0,460,322,305,325,325,305,535,694,679,305,612
454,1023,0,304,1023,0,441,320,305,375,330,305,535,744,735,305,612
457,1023,0,273,1023,0,380,314,305,319,324,305,535,738,709,305,612
457,1023,0,368,1023,0,427,319,305,276,326,305,535,728,711,305,612
469,1023,0,290,1023,0,462,321,305,355,333,305,535,682,665,305,612
425,1023,0,166,1023,0,363,312,305,312,318,305,535,666,654,305,612
343,1023,0,283,1023,0,398,313,305,277,314,305,535,705,691,305,612
426,1023,0,161,1023,0,431,318,305,307,319,305,535,635,615,305,612
518,1023,0,185,1023,0,439,319,305,281,322,305,535,659,642,305,612
388,1023,0,180,1023,0,394,312,305,298,319,305,535,629,606,305,612
483,1023,0,313,1023,0,437,320,305,303,326,305,535,698,679,305,612
409,1023,0,245,1023,0,451,320,305,338,325,305,535,694,681,305,612
433,1023,0,373,1023,0,462,323,305,332,327,305,535,704,687,305,612
430,1023,0,205,1023,0,295,312,305,302,317,305,535,682,670,305,612
376,1023,0,209,1023,0,393,312,305,345,327,305,535,680,666,305,612
499,1023,0,275,1023,0,454,323,305,383,342,305,535,698,669,305,612
372,1023,0,219,1023,0,461,322,305,292,322,305,535,649,635,305,612
327,1023,0,247,1023,0,294,312,305,231,313,305,535,653,633,305,612
317,1023,0,201,1023,0,258,312,305,103,313,305,535,671,667,305,612
537,1023,0,312,1023,0,435,321,305,338,320,305,535,721,709,305,612
470,1023,0,295,1023,0,461,318,305,329,324,305,535,713,695,305,612
574,1023,0,362,1023,0,489,324,305,303,329,305,535,715,676,305,612
472,1023,0,186,1023,0,453,324,305,343,331,305,535,659,649,305,612
483,1023,0,309,1023,0,409,321,305,333,326,305,535,696,683,305,612
537,1023,0,338,1023,0,449,323,305,338,329,305,535,732,716,305,612
364,1023,0,196,1023,0,410,312,305,333,324,305,535,644,629,305,612
427,1023,0,242,1023,0,488,324,305,349,322,305,535,690,668,305,612
268,1023,0,230,1023,0,485,321,305,364,328,305,535,668,648,305,612
711,1023,0,412,1023,0,450,317,305,355,326,305,535,730,677,305,612
467,1023,0,192,1023,0,436,320,305,344,325,305,535,665,643,305,612
567,1023,0,252,1023,0,477,326,305,367,337,305,535,674,658,305,612
407,1023,0,126,768,0,394,313,305,288,317,305,535,618,611,305,612
437,1023,0,252,1023,0,438,319,305,360,331,305,535,640,611,305,612
389,971,0,173,1023,0,388,313,305,239,314,305,535,611,588,305,612
413,1023,0,327,1023,0,459,324,305,349,330,305,535,682,667,305,612
510,1023,0,365,1023,0,449,327,305,373,337,305,535,662,650,305,612
488,1023,0,239,1023,0,428,321,305,259,319,305,535,713,700,305,612
464,1023,0,247,1023,0,470,319,305,351,323,305,535,721,699,305,612
342,1023,0,234,1023,0,429,316,305,299,321,305,536,644,618,305,612
547,1023,0,250,1023,0,392,314,305,266,314,305,536,678,663,305,612
566,1023,0,429,1023,0,460,321,305,334,327,305,536,792,773,305,612
400,1023,0,247,1023,0,417,315,305,291,324,305,536,659,636,305,612
596,1023,0,181,906,0,446,316,305,336,320,305,536,638,598,305,612
456,1023,0,226,1023,0,392,311,305,254,319,305,536,715,697,305,612
275,1019,0,154,1023,0,439,318,305,267,315,305,536,610,596,305,612
407,1023,0,253,1023,0,448,317,305,318,320,305,536,623,615,305,612
436,1023,0,206,1023,0,433,316,305,317,324,305,536,691,678,305,612
496,1023,0,279,1023,0,390,312,305,275,320,305,536,622,578,305,612
430,1023,0,305,1023,0,429,316,305,310,324,305,536,704,689,305,612
438,1023,0,330,1023,0,440,317,305,280,319,305,536,722,708,305,622
565,1023,0,268,1023,0,366,316,305,293,325,305,536,695,653,305,622
458,1023,0,211,1023,0,405,315,305,264,318,305,536,644,631,305,622
506,1023,0,271,1023,0,435,320,305,327,328,305,536,708,689,305,622
780,1023,0,434,1023,0,490,326,305,395,337,305,536,725,683,305,622
453,1023,0,416,1023,0,479,324,305,384,341,305,536,780,760,305,622
510,1023,0,238,1023,0,432,324,305,346,332,305,536,741,721,305,622
441,1023,0,172,1023,0,438,317,305,283,318,305,536,629,608,305,622
355,1023,0,291,1023,0,420,319,305,236,319,305,536,696,678,305,622
393,1023,0,294,1023,0,451,319,305,345,331,305,536,722,709,305,622
372,1023,0,222,1023,0,294,312,305,302,322,305,536,672,653,305,622
424,1023,0,190,1023,0,425,316,305,229,318,305,536,653,643,305,622
619,1023,0,362,1023,0,460,323,305,371,327,305,536,701,685,305,622
421,1023,0,174,1023,0,425,316,305,280,323,305,536,649,635,305,622
736,1023,0,499,1023,0,481,324,305,397,329,305,536,721,680,305,622
340,1023,0,186,1023,0,391,317,305,223,322,305,536,610,601,305,622
533,1023,0,429,1023,0,451,323,305,315,328,305,536,752,732,305,622
576,1023,0,325,1023,0,487,336,305,389,346,305,536,701,682,305,622
432,1023,0,280,1023,0,440,324,305,316,326,305,536,732,721,305,622
510,1023,0,353,1023,0,479,319,305,382,324,305,536,681,669,305,622
409,1023,0,288,1023,0,440,318,305,326,324,305,536,657,642,305,622
552,1023,0,219,1023,0,424,321,305,360,330,305,536,710,695,305,622
613,1023,0,514,1023,0,506,331,305,403,355,305,536,743,689,305,622
731,1023,0,618,1023,0,484,327,305,427,340,305,536,768,752,305,622
446,1023,0,188,1023,0,410,312,305,252,319,305,536,659,641,305,622
393,1023,0,210,1023,0,361,315,305,333,326,305,536,608,583,305,622
386,1023,0,184,1023,0,394,315,305,255,315,305,536,639,623,305,622
404,1023,0,318,1023,0,459,315,305,248,320,305,536,702,693,305,622
433,1023,0,196,1023,0,463,325,305,361,330,305,536,660,633,305,622
778,1023,0,607,1023,0,497,324,305,392,346,305,536,791,745,305,622
459,1023,0,250,1023,0,424,316,305,334,317,305,536,712,696,305,622
835,1023,0,513,1023,0,469,317,305,365,323,305,536,733,646,305,622
665,1023,0,392,1023,0,489,323,305,388,336,305,536,715,694,305,622
609,1023,0,260,1023,0,427,315,305,331,327,305,536,664,631,305,622
413,1023,0,210,1023,0,433,314,305,312,323,305,536,667,657,305,622
405,1023,0,290,1023,0,437,319,305,303,322,305,537,720,706,305,622
435,1023,0,225,1023,0,390,318,305,193,314,305,537,676,659,305,622
652,1023,0,424,1023,0,416,316,305,305,319,305,537,732,718,305,622
409,1023,0,196,1023,0,396,317,305,288,319,305,537,643,626,305,622
551,1023,0,377,1023,0,516,334,305,384,329,305,537,708,656,305,622
382,1023,0,293,1023,0,478,323,305,381,335,305,537,699,681,305,622
388,1023,0,219,1023,0,461,319,305,340,327,305,537,676,658,305,622
449,1023,0,263,1023,0,440,317,305,305,326,305,537,661,651,305,622
356,1023,0,183,1023,0,371,316,305,290,319,305,537,621,593,305,622
542,1023,0,391,1023,0,484,323,305,399,338,305,537,734,710,305,622
622,1023,0,367,1023,0,432,320,305,317,329,305,537,767,743,305,622
383,1023,0,267,1023,0,461,327,305,378,334,305,537,633,616,305,622
507,1023,0,528,1023,0,474,325,305,359,336,305,537,730,712,305,622
507,1023,0,286,1023,0,405,318,305,321,325,305,537,651,612,305,622
411,1023,0,227,1023,0,336,314,305,326,326,305,537,669,660,305,622
445,1023,0,475,1023,0,458,318,305,347,330,305,537,708,680,305,622
377,1023,0,218,1023,0,424,319,305,293,326,305,537,704,693,305,622
808,1023,0,526,1023,0,480,320,305,365,324,305,537,766,687,305,622
397,1023,0,153,994,0,374,313,305,258,313,305,537,618,589,305,622
572,1023,0,198,981,0,401,316,305,208,316,305,537,646,628,305,622
452,1023,0,198,1023,0,423,323,305,298,326,305,537,633,616,305,622
434,1023,0,306,1023,0,394,315,305,312,323,305,537,676,659,305,622
435,1023,0,209,1023,0,444,319,305,330,333,305,537,642,621,305,622
548,1023,0,271,1023,0,443,320,305,294,319,305,537,720,703,305,622
379,1023,0,229,1023,0,455,320,305,275,320,305,537,645,635,305,622
426,1023,0,224,1023,0,454,315,305,283,319,305,537,614,591,305,622
532,1023,0,313,1023,0,484,326,305,320,330,305,537,742,724,305,622
487,1023,0,210,1023,0,433,316,305,353,323,305,537,681,664,305,622
636,1023,0,350,1023,0,482,324,305,361,333,305,537,733,689,305,622
367,1023,0,169,1023,0,418,316,305,241,314,305,537,594,574,305,622
430,1023,0,178,1023,0,408,315,305,251,316,305,537,676,655,305,622
437,1023,0,351,1023,0,449,317,305,304,327,305,537,693,663,305,622
408,1023,0,155,965,0,404,315,305,287,328,305,537,636,619,305,622
631,1023,0,215,1023,0,434,315,305,330,318,305,537,571,543,305,622
551,1023,0,330,1023,0,384,317,305,312,318,305,537,720,702,305,622
691,1023,0,328,1023,0,484,325,305,399,343,305,537,716,696,305,622
573,1023,0,240,1023,0,455,316,305,374,331,305,537,682,662,305,622
421,1023,0,108,767,0,402,314,305,310,319,305,537,637,629,305,622
485,1023,0,289,1023,0,434,319,305,322,325,305,538,611,593,305,622
539,1023,0,241,1023,0,440,323,305,351,327,305,538,705,682,305,622
431,1023,0,410,1023,0,453,319,305,346,327,305,538,699,673,305,622
399,1023,0,280,1023,0,435,319,305,287,322,305,538,695,679,305,622
393,1023,0,238,1023,0,421,315,305,269,318,305,538,655,640,305,622
449,1023,0,252,1023,0,454,323,305,329,337,305,538,637,607,305,622
456,1023,0,290,1023,0,444,331,305,355,347,305,538,670,655,305,622
551,1023,0,276,1023,0,429,316,305,302,325,305,538,704,679,305,622
388,1023,0,295,1023,0,393,316,305,301,324,305,538,673,655,305,622
586,1023,0,374,1023,0,453,323,305,317,322,305,538,681,669,305,622
641,1023,0,288,1023,0,451,321,305,370,329,305,538,683,654,305,622
422,1023,0,285,1023,0,453,318,305,318,324,305,538,690,680,305,632
546,1023,0,353,1023,0,473,319,305,365,328,305,538,710,680,305,632
376,1023,0,215,1023,0,475,322,305,333,322,305,538,674,660,305,632
552,1023,0,262,1023,0,449,319,305,337,325,305,538,699,685,305,632
565,1023,0,317,1023,0,460,323,305,358,334,305,538,720,699,305,632
469,1023,0,446,1023,0,451,320,305,321,328,305,538,783,766,305,632
454,1023,0,214,1023,0,389,312,305,234,313,305,538,693,669,305,632
346,1023,0,213,1023,0,411,313,305,289,322,305,538,653,642,305,632
825,1023,0,559,1023,0,509,332,305,390,339,305,538,720,677,305,632
381,1023,0,225,1023,0,469,317,305,355,325,305,538,689,668,305,632
692,1023,0,399,1023,0,491,324,305,392,330,305,538,725,649,305,632
558,1023,0,326,1023,0,492,333,305,403,341,305,538,671,652,305,632
366,1023,0,213,1023,0,418,315,305,250,321,305,538,669,658,305,632
590,1023,0,268,1023,0,401,316,305,311,323,305,538,689,651,305,632
653,1023,0,227,1023,0,443,315,305,344,324,305,538,688,650,305,632
604,1023,0,426,1023,0,464,328,305,432,378,305,538,785,768,305,632
476,1023,0,310,1023,0,479,323,305,382,323,305,538,722,707,305,632
449,1023,0,251,1023,0,421,319,305,294,325,305,538,683,661,305,632
516,1023,0,267,1023,0,466,328,305,381,341,305,538,660,642,305,632
519,1023,0,363,1023,0,432,323,305,378,340,305,538,706,688,305,632
539,1023,0,389,1023,0,457,319,305,364,331,305,538,770,752,305,632
280,1023,0,162,1023,0,415,313,305,309,323,305,538,626,606,305,632
496,1023,0,330,1023,0,436,314,305,312,324,305,538,688,661,305,632
509,1023,0,258,1023,0,440,319,305,369,341,305,538,730,715,305,632
429,1023,0,168,1023,0,405,314,305,184,315,305,538,659,647,305,632
343,1023,0,179,1023,0,412,318,305,225,311,305,538,600,582,305,632
534,1023,0,397,1023,0,450,329,305,382,337,305,538,720,700,305,632
365,1023,0,283,1023,0,454,319,305,369,331,305,538,663,646,305,632
466,1023,0,320,1023,0,435,317,305,348,329,305,538,700,685,305,632
313,1023,0,243,1023,0,440,317,305,289,323,305,538,556,541,305,632
394,1023,0,239,1023,0,444,317,305,313,321,305,538,701,690,305,632
598,1023,0,274,1023,0,429,323,305,332,329,305,538,669,644,305,632
464,1023,0,355,1023,0,480,327,305,380,333,305,538,708,683,305,632
498,1023,0,230,1023,0,396,313,305,238,314,305,538,712,679,305,632
390,1023,0,228,1023,0,422,313,305,312,317,305,538,671,650,305,632
530,1023,0,359,1023,0,466,328,305,355,337,305,539,723,695,305,632
398,1023,0,282,1023,0,405,319,305,334,329,305,539,719,695,305,632
349,1023,0,178,1023,0,350,314,305,301,318,305,539,631,618,305,632
647,1023,0,419,1023,0,453,321,305,349,320,305,539,729,696,305,632
496,1023,0,187,1023,0,432,319,305,283,323,305,539,666,638,305,632
486,1023,0,217,1023,0,455,318,305,268,318,305,539,636,617,305,632
337,1023,0,240,1023,0,431,315,305,330,325,305,539,698,688,305,632
463,1023,0,422,1023,0,450,323,305,342,328,305,539,713,701,305,632
450,1023,0,239,1023,0,449,319,305,374,327,305,539,655,634,305,632
482,1023,0,272,1023,0,485,327,305,373,331,305,539,649,631,305,632
514,1023,0,367,1023,0,441,324,305,350,340,305,539,698,674,305,632
486,1023,0,232,1023,0,432,321,305,320,322,305,539,711,690,305,632
572,1023,0,270,1023,0,419,315,305,281,320,305,539,717,697,305,632
389,1023,0,363,1023,0,474,329,305,349,335,305,539,737,724,305,632
505,1023,0,210,1023,0,422,317,305,260,326,305,539,682,667,305,632
693,1023,0,346,1023,0,477,324,305,337,328,305,539,724,699,305,632
395,1023,0,194,1023,0,420,314,305,328,320,305,539,634,609,305,632
568,1023,0,311,1023,0,445,325,305,299,322,305,539,699,681,305,632
488,1023,0,268,1023,0,456,326,305,330,326,305,539,643,618,305,632
642,1023,0,509,1023,0,449,317,305,370,333,305,539,776,754,305,632
680,1023,0,375,1023,0,464,328,305,399,339,305,539,701,671,305,632
553,1023,0,304,1023,0,388,315,305,230,318,305,539,760,743,305,632
329,1023,0,306,1023,0,466,319,305,309,324,305,539,709,697,305,632
641,1023,0,539,1023,0,487,335,305,388,343,305,539,744,686,305,632
372,1023,0,194,1023,0,401,312,305,228,317,305,539,651,634,305,632
550,1023,0,417,1023,0,449,320,305,363,323,305,539,719,696,305,632
459,1023,0,322,1023,0,460,317,305,351,324,305,539,708,682,305,632
396,1023,0,158,998,0,402,312,305,281,316,305,539,544,516,305,632
422,1023,0,233,1023,0,440,320,305,330,326,305,539,609,589,305,632
428,1023,0,281,1023,0,427,314,305,136,312,305,539,685,669,305,632
424,1023,0,312,1023,0,466,321,305,329,326,305,539,728,714,305,632
414,1023,0,272,1023,0,421,320,305,328,322,305,539,707,698,305,632
645,1023,0,344,1023,0,467,319,305,408,334,305,539,641,605,305,632
261,1023,0,223,1023,0,461,321,305,380,335,305,539,638,628,305,632
472,1023,0,221,1023,0,462,314,305,330,321,305,539,673,657,305,632
327,1023,0,244,1023,0,448,317,305,351,330,305,539,613,600,305,632
510,1023,0,474,1023,0,472,325,305,376,338,305,539,794,756,305,632
417,1023,0,212,1023,0,401,314,305,298,322,305,539,525,496,305,632
594,1023,0,413,1023,0,464,325,305,364,333,305,539,767,742,305,632
382,1023,0,193,1023,0,389,312,305,102,314,305,539,665,659,305,632
345,1023,0,196,1023,0,387,312,305,305,323,305,539,672,662,305,632
470,1023,0,203,1023,0,386,314,305,223,315,305,539,707,688,305,632
364,1023,0,331,1023,0,460,317,305,322,320,305,539,701,679,305,632
353,1023,0,208,1023,0,450,317,305,336,330,305,539,641,622,305,632
627,1023,0,527,1023,0,483,326,305,416,347,305,539,779,764,305,632
470,1023,0,257,1023,0,437,317,305,333,316,305,539,701,692,305,632
467,1023,0,328,1023,0,443,324,305,355,332,305,539,699,671,305,632
448,1023,0,230,1023,0,432,324,305,324,326,305,539,678,660,305,632
588,1023,0,281,1023,0,417,318,305,259,318,305,539,687,659,305,632
637,1023,0,324,1023,0,475,321,305,340,320,305,539,714,635,305,632
435,1023,0,315,1023,0,415,313,305,275,323,305,540,664,648,305,632
412,1023,0,225,1023,0,418,324,305,303,323,305,540,674,657,305,632
479,1023,0,251,1023,0,406,318,305,303,325,305,540,730,714,305,632
304,1023,0,217,1023,0,421,313,305,295,318,305,540,621,607,305,632
430,1023,0,299,1023,0,413,325,305,316,331,305,540,682,667,305,632
474,1023,0,266,1023,0,427,318,305,317,324,305,540,638,628,305,632
389,1023,0,240,1023,0,446,321,305,315,323,305,540,704,693,305,632
386,1023,0,221,1023,0,405,315,305,341,322,305,540,709,692,305,632
566,1023,0,406,1023,0,469,322,305,383,335,305,540,711,692,305,632
334,1023,0,188,1023,0,400,314,305,238,324,305,540,608,586,305,632
425,1023,0,371,1023,0,452,322,305,366,331,305,540,696,681,305,632
608,1023,0,349,1023,0,436,320,305,377,331,305,540,685,601,305,632
432,1023,0,346,1023,0,444,319,305,312,320,305,540,707,688,305,632
603,1023,0,485,1023,0,501,329,305,409,345,305,540,772,749,305,632
430,1023,0,302,1023,0,441,320,305,322,329,305,540,689,667,305,632
424,1023,0,246,1023,0,433,318,305,351,329,305,540,704,688,305,632
447,1023,0,162,1023,0,463,317,305,333,320,305,540,652,635,305,632
528,1023,0,314,1023,0,454,321,305,346,327,305,540,721,706,305,632
376,1023,0,250,1023,0,401,315,305,191,320,305,540,649,634,305,632
271,1023,0,158,1023,0,420,315,305,295,316,305,540,598,590,305,632
578,1023,0,427,1023,0,472,327,305,362,327,305,540,738,714,305,643
456,1023,0,188,1023,0,0,312,305,98,312,305,540,628,602,305,643
286,1023,0,219,1023,0,421,313,305,319,322,305,540,699,696,305,643
388,1023,0,226,1023,0,397,314,305,270,320,305,540,627,609,305,643
387,1023,0,241,1023,0,434,317,305,328,324,305,540,681,669,305,643
607,1023,0,337,1023,0,440,321,305,297,326,305,540,668,635,305,643
400,1023,0,239,1023,0,436,317,305,281,321,305,540,690,673,305,643
523,1023,0,424,1023,0,419,317,305,304,326,305,540,733,703,305,643
481,1023,0,239,1023,0,446,319,305,350,328,305,540,671,651,305,643
683,1023,0,440,1023,0,463,325,305,335,328,305,540,713,695,305,643
510,1023,0,279,1023,0,464,322,305,373,329,305,540,694,675,305,643
386,1023,0,209,1023,0,460,320,305,313,319,305,540,664,649,305,643
479,1023,0,405,1023,0,449,321,305,356,330,305,540,750,726,305,643
492,1023,0,212,1023,0,427,316,305,333,318,305,540,675,658,305,643
499,1023,0,258,1023,0,415,314,305,286,316,305,540,685,672,305,643
437,1023,0,331,1023,0,436,316,305,320,326,305,540,682,661,305,643
439,1023,0,258,1023,0,449,318,305,311,324,305,540,651,626,305,643
395,1023,0,167,873,0,382,321,305,321,315,305,540,518,454,305,643
548,1023,0,369,1023,0,459,319,305,366,327,305,540,701,679,305,643
827,1023,0,527,1023,0,486,330,305,392,349,305,540,774,737,305,643
461,1023,0,265,1023,0,430,317,305,347,330,305,540,687,672,305,643
341,1023,0,215,1023,0,405,317,305,298,316,305,540,656,639,305,643
760,1023,0,507,1023,0,508,329,305,485,395,305,540,765,695,305,643
489,1023,0,223,1023,0,409,320,305,292,316,305,540,667,657,305,643
554,1023,0,269,1023,0,446,316,305,324,327,305,540,692,682,305,643
405,1023,0,249,1023,0,429,320,305,296,322,305,540,690,675,305,643
526,1023,0,352,1023,0,411,318,305,337,325,305,540,740,708,305,643
460,1023,0,419,1023,0,414,318,305,355,332,305,540,699,672,305,643
265,1023,0,175,1023,0,311,310,305,184,314,305,541,617,612,305,643
759,1023,0,580,1023,0,499,325,305,400,339,305,541,798,770,305,643
402,1023,0,147,943,0,372,314,305,206,316,305,541,636,620,305,643
394,1023,0,304,1023,0,433,314,305,259,317,305,541,634,608,305,643
338,1023,0,140,986,0,378,312,305,311,324,305,541,648,639,305,643
349,1023,0,180,1023,0,365,310,305,289,316,305,541,605,583,305,643
432,1023,0,212,1023,0,442,319,305,232,326,305,541,714,690,305,643
395,1023,0,228,1023,0,269,314,305,118,313,305,541,647,639,305,643
481,1023,0,256,1023,0,375,316,305,214,319,305,541,625,613,305,643
440,1023,0,297,1023,0,388,312,305,326,326,305,541,689,666,305,643
550,1023,0,315,1023,0,463,319,305,262,322,305,541,617,581,305,643
657,1023,0,506,1023,0,473,326,305,405,339,305,541,715,695,305,643
440,1023,0,220,1023,0,416,317,305,350,331,305,541,735,722,305,643
452,1023,0,294,1023,0,430,317,305,253,325,305,541,704,682,305,643
365,1023,0,168,1023,0,366,314,305,299,318,305,541,674,660,305,643
390,1023,0,241,1023,0,397,317,305,308,323,305,541,698,678,305,643
381,1023,0,278,1023,0,421,316,305,319,325,305,541,648,638,305,643
482,1023,0,211,1023,0,447,314,305,300,318,305,541,661,627,305,643
433,1023,0,260,1023,0,425,317,305,347,328,305,541,691,663,305,643
422,1023,0,284,1023,0,450,321,305,319,320,305,541,652,640,305,643
361,1023,0,188,1023,0,391,313,305,187,318,305,541,633,619,305,643
547,1023,0,254,1023,0,423,321,305,423,363,305,541,711,693,305,643
751,1023,0,461,1023,0,495,327,305,409,337,305,541,764,697,305,643
520,1023,0,391,1023,0,443,323,305,357,333,305,541,689,671,305,643
435,1023,0,210,1023,0,391,320,305,239,316,305,541,673,662,305,643
401,1023,0,324,1023,0,426,314,305,140,315,305,541,706,688,305,643
616,1023,0,384,1023,0,436,319,305,309,325,305,541,730,713,305,643
355,1023,0,205,1023,0,432,315,305,336,324,305,541,674,649,305,643
400,1023,0,227,1023,0,405,315,305,283,325,305,541,697,676,305,643
583,1023,0,369,1023,0,428,314,305,285,314,305,541,703,683,305,643
796,1023,0,548,1023,0,523,336,305,399,327,305,541,784,720,305,643
404,1023,0,378,1023,0,501,330,305,395,332,305,541,725,707,305,643
247,1023,0,248,1023,0,448,318,305,337,323,305,541,646,624,305,643
383,1023,0,196,1023,0,383,314,305,289,331,305,541,654,640,305,643
394,1023,0,216,1023,0,427,319,305,333,326,305,541,706,694,305,643
419,1023,0,224,1023,0,432,315,305,289,321,305,541,643,627,305,643
405,1023,0,238,1023,0,414,316,305,340,326,305,541,653,631,305,643
477,1023,0,267,1023,0,421,315,305,219,316,305,541,700,685,305,643
572,1023,0,345,1023,0,470,330,305,355,333,305,541,691,661,305,643
442,1023,0,209,1023,0,424,318,305,288,318,305,541,633,606,305,643
410,1023,0,239,1023,0,387,312,305,274,314,305,541,667,650,305,643
394,1023,0,270,1023,0,413,314,305,331,323,305,541,639,618,305,643
321,1023,0,231,1023,0,424,316,305,209,316,305,541,676,669,305,643
309,1023,0,161,1023,0,314,315,305,273,313,305,541,603,590,305,643
413,1023,0,234,1023,0,437,321,305,257,320,305,542,620,599,305,643
417,1023,0,247,1023,0,440,323,305,317,327,305,542,710,691,305,643
441,1023,0,284,1023,0,397,312,305,318,330,305,542,699,657,305,643
761,1023,0,479,1023,0,499,334,305,395,344,305,542,749,717,305,653
830,1023,0,520,1023,0,464,322,305,410,337,305,542,753,676,305,653
427,1023,0,346,1023,0,442,320,305,278,322,305,542,699,671,305,653
402,1023,0,190,1023,0,418,316,305,263,320,305,542,683,673,305,653
394,1023,0,119,829,0,298,316,305,266,319,305,542,618,605,305,653
529,1023,0,249,1023,0,457,326,305,268,325,305,542,690,661,305,653
471,1023,0,239,1023,0,449,318,305,259,318,305,542,612,601,305,653
366,1023,0,246,1023,0,424,318,305,328,325,305,542,655,644,305,653
517,1023,0,242,1023,0,449,317,305,366,333,305,542,677,656,305,653
451,1023,0,223,1023,0,434,316,305,285,315,305,542,590,565,305,653
453,1023,0,207,1023,0,424,315,305,193,313,305,542,612,586,305,653
522,1023,0,195,1023,0,396,312,305,312,319,305,542,626,600,305,653
359,1023,0,372,1023,0,446,325,305,336,330,305,542,682,665,305,653
560,1023,0,315,1023,0,457,323,305,309,327,305,542,670,654,305,653
429,1023,0,346,1023,0,431,320,305,319,323,305,542,739,722,305,653
498,1023,0,216,1023,0,388,315,305,288,324,305,542,695,656,305,653
727,1023,0,341,1023,0,431,318,305,358,323,305,542,699,655,305,653
402,1023,0,176,1023,0,386,313,305,233,314,305,542,656,643,305,653
406,1023,0,200,1023,0,395,318,305,288,317,305,542,616,602,305,653
671,1023,0,320,1023,0,413,313,305,331,328,305,542,705,679,305,653
343,1023,0,283,1023,0,437,326,305,332,327,305,542,648,628,305,653
687,1023,0,351,1023,0,483,326,305,366,332,305,542,690,670,305,653
791,1023,0,388,1023,0,477,321,305,360,319,305,542,713,653,305,653
376,1023,0,209,1023,0,408,316,305,254,315,305,542,674,659,305,653
409,1023,0,207,1023,0,380,316,305,287,330,305,542,622,610,305,653
463,1023,0,257,1023,0,426,318,305,320,319,305,542,676,655,305,653
352,1023,0,220,1023,0,448,315,305,211,315,305,542,653,640,305,653
483,1023,0,404,1023,0,450,323,305,344,333,305,542,693,683,305,653
462,1023,0,239,1023,0,413,312,305,258,321,305,542,667,641,305,653
615,1023,0,274,1023,0,420,322,305,329,325,305,542,703,690,305,653
363,1023,0,188,1023,0,401,313,305,298,325,305,542,629,610,305,653
384,1023,0,287,1023,0,364,315,305,298,329,305,542,657,634,305,653
575,1023,0,301,1023,0,432,317,305,348,331,305,542,700,682,305,653
380,1023,0,157,1023,0,427,315,305,302,315,305,542,655,646,305,653
333,1023,0,236,1023,0,424,316,305,272,320,305,542,618,600,305,653
415,1023,0,260,1023,0,435,319,305,238,318,305,542,656,635,305,653
484,1023,0,303,1023,0,441,320,305,334,327,305,542,699,683,305,653
486,1023,0,269,1023,0,476,322,305,381,327,305,542,677,653,305,653
397,1023,0,303,1023,0,430,318,305,316,326,305,542,673,655,305,653
542,1023,0,284,1023,0,450,317,305,353,326,305,542,665,639,305,653
405,1023,0,289,1023,0,459,322,305,311,325,305,542,657,633,305,653
500,1023,0,256,1023,0,471,320,305,373,330,305,542,719,705,305,653
340,1023,0,184,1023,0,386,316,305,286,319,305,542,654,647,305,653
392,1023,0,221,1023,0,255,313,305,286,318,305,543,661,648,305,653
424,1023,0,298,1023,0,450,318,305,347,329,305,543,759,751,305,653
456,1023,0,191,1023,0,393,315,305,264,319,305,543,666,642,305,653
400,1023,0,296,1023,0,431,323,305,344,325,305,543,694,676,305,653
430,1023,0,175,1013,0,422,315,305,185,315,305,543,635,614,305,653
397,1023,0,292,1023,0,448,322,305,347,322,305,543,771,759,305,653
738,1023,0,472,1023,0,474,317,305,409,334,305,543,765,702,305,653
726,1023,0,598,1023,0,481,328,305,363,332,305,543,728,665,305,653
482,1023,0,280,1023,0,475,325,305,388,332,305,543,678,665,305,653
464,1023,0,215,1023,0,413,316,305,338,324,305,543,666,659,305,653
358,1023,0,390,1023,0,435,320,305,324,323,305,543,709,697,305,653
370,1023,0,251,1023,0,359,313,305,270,323,305,543,662,647,305,653
777,1023,0,444,1023,0,457,321,305,358,326,305,543,712,631,305,653
810,1023,0,478,1023,0,451,318,305,408,339,305,543,766,737,305,653
417,1023,0,216,1023,0,434,318,305,72,318,305,543,657,646,305,653
451,1023,0,152,996,0,403,314,305,246,314,305,543,627,608,305,653
438,1023,0,211,1023,0,388,313,305,257,318,305,543,682,653,305,653
507,1023,0,275,1023,0,419,323,305,255,324,305,543,660,638,305,653
427,1023,0,201,1023,0,410,317,305,293,322,305,543,690,676,305,653
470,1023,0,212,1018,0,396,314,305,258,315,305,543,627,606,305,653
262,961,0,226,1023,0,392,317,305,285,322,305,543,675,665,305,653
434,1023,0,248,1023,0,452,322,305,313,319,305,543,662,637,305,653
348,1023,0,173,1023,0,372,312,305,284,321,305,543,635,608,305,653
536,1023,0,273,1023,0,470,319,305,352,324,305,543,685,662,305,653
517,1023,0,168,1023,0,446,318,305,269,317,305,543,659,639,305,653
464,1023,0,210,1023,0,428,315,305,307,320,305,543,646,625,305,653
456,1023,0,252,1023,0,381,321,305,326,327,305,543,656,644,305,653
392,1023,0,201,1023,0,387,316,305,312,321,305,543,639,626,305,653
512,1023,0,259,1023,0,438,319,305,153,319,305,543,625,592,305,653
444,1023,0,234,1023,0,418,323,305,249,317,305,543,636,612,305,653
282,1023,0,188,1023,0,393,315,305,163,312,305,543,681,676,305,653
505,1023,0,326,1023,0,424,319,305,304,321,305,543,709,682,305,653
433,1023,0,212,1023,0,384,312,305,299,319,305,543,645,633,305,653
360,1023,0,257,1023,0,432,323,305,331,330,305,543,672,658,305,653
315,1023,0,265,1023,0,443,321,305,301,321,305,543,694,671,305,653
467,1023,0,245,1023,0,449,312,305,326,326,305,543,693,680,305,653
575,1023,0,317,1023,0,442,318,305,366,331,305,543,687,651,305,653
549,1023,0,308,1023,0,449,321,305,326,321,305,543,692,668,305,653
465,1023,0,220,1023,0,433,319,305,297,322,305,543,683,670,305,653
322,1023,0,278,1023,0,511,328,305,364,325,305,543,730,711,305,653
683,1023,0,470,1023,0,556,330,305,465,331,305,543,735,630,305,653
654,1023,0,407,1023,0,460,325,305,351,334,305,543,678,651,305,653
516,1023,0,217,1023,0,379,312,305,255,315,305,543,655,615,305,653
526,1023,0,273,1023,0,454,320,305,302,327,305,543,716,700,305,653
459,1023,0,246,1023,0,296,311,305,293,318,305,544,671,655,305,653
504,1023,0,236,1023,0,369,315,305,346,330,305,544,694,667,305,653
666,1023,0,495,1023,0,476,323,305,396,341,305,544,750,728,305,663
467,1023,0,359,1023,0,465,320,305,329,321,305,544,715,697,305,663
439,1023,0,250,1023,0,403,313,305,290,315,305,544,722,708,305,663
321,1023,0,179,1023,0,447,317,305,316,320,305,544,597,570,305,663
604,1023,0,272,1023,0,463,323,305,342,327,305,544,674,650,305,663
496,1023,0,225,1023,0,436,315,305,292,326,305,544,689,672,305,663
488,1023,0,304,1023,0,458,321,305,368,332,305,544,683,661,305,663
363,1023,0,250,1023,0,428,317,305,291,318,305,544,667,652,305,663
373,1023,0,293,1023,0,464,326,305,364,329,305,544,718,706,305,663
394,1023,0,270,1023,0,413,315,305,252,319,305,544,720,702,305,663
410,1023,0,247,1023,0,468,325,305,318,325,305,544,724,716,305,663
463,1023,0,236,1023,0,443,315,305,278,320,305,544,674,646,305,663
430,1023,0,258,1023,0,415,317,305,238,316,305,544,695,684,305,663
296,1023,0,203,1023,0,418,316,305,251,321,305,544,625,607,305,663
382,1023,0,254,1023,0,348,318,305,298,328,305,544,659,643,305,663
411,1023,0,159,1023,0,438,319,305,219,316,305,544,634,628,305,663
466,1023,0,279,1023,0,405,321,305,336,326,305,544,669,635,305,663
355,1023,0,246,1023,0,394,319,305,295,324,305,544,645,631,305,663
631,1023,0,439,1023,0,483,326,305,362,339,305,544,743,728,305,663
587,1023,0,360,1023,0,448,319,305,326,327,305,544,687,663,305,663
486,1023,0,289,1023,0,435,322,305,326,328,305,544,702,684,305,663
354,1023,0,254,1023,0,426,319,305,236,320,305,544,685,665,305,663
533,1023,0,276,1023,0,436,322,305,283,326,305,544,671,654,305,663
794,1023,0,548,1023,0,482,321,305,385,336,305,544,805,762,305,663
408,1023,0,276,1023,0,483,325,305,352,322,305,544,700,690,305,663
444,1023,0,345,1023,0,457,324,305,320,323,305,544,727,707,305,663
441,1023,0,129,765,0,348,316,305,200,319,305,544,629,610,305,663
290,1023,0,282,1023,0,338,312,305,322,324,305,544,718,702,305,663
477,1023,0,259,1023,0,433,320,305,309,328,305,544,700,678,305,663
514,1023,0,284,1023,0,419,319,305,316,324,305,544,718,698,305,663
506,1023,0,250,1023,0,438,315,305,339,320,305,544,671,646,305,663
354,1023,0,169,1023,0,376,315,305,239,317,305,544,626,617,305,663
564,1023,0,254,1023,0,432,317,305,291,316,305,544,623,597,305,663
312,1023,0,176,1023,0,338,315,305,285,316,305,544,618,603,305,663
422,1023,0,251,1023,0,401,314,305,334,321,305,544,687,666,305,663
376,1023,0,210,1023,0,306,316,305,246,318,305,544,698,674,305,663
474,1023,0,280,1023,0,415,321,305,261,323,305,544,722,710,305,663
387,1023,0,192,1023,0,417,316,305,294,322,305,544,662,645,305,663
460,1023,0,267,1023,0,419,320,305,305,320,305,544,622,604,305,663
600,1023,0,434,1023,0,482,333,305,416,362,305,544,744,725,305,663
410,1023,0,189,1023,0,367,314,305,288,317,305,544,688,673,305,663
562,1023,0,267,1023,0,437,319,305,325,322,305,544,620,599,305,663
523,1023,0,351,1023,0,440,319,305,360,331,305,544,720,704,305,663
564,1023,0,303,1023,0,460,319,305,358,318,305,544,702,648,305,663
314,1023,0,185,1023,0,410,314,305,285,315,305,544,624,608,305,663
563,1023,0,338,1023,0,427,325,305,339,331,305,544,740,718,305,663
562,1023,0,382,1023,0,467,318,305,339,321,305,544,719,702,305,663
467,1023,0,293,1023,0,455,317,305,307,315,305,544,667,653,305,663
336,1023,0,214,1023,0,430,315,305,270,318,305,545,621,602,305,663
467,1023,0,216,1023,0,421,313,305,342,318,305,545,635,608,305,663
346,1023,0,301,1023,0,481,320,305,347,321,305,545,645,620,305,663
437,1023,0,167,911,0,415,317,305,266,324,305,545,568,548,305,663
499,1023,0,299,1023,0,480,325,305,348,329,305,545,759,741,305,663
743,1023,0,518,1023,0,517,323,305,439,336,305,545,769,710,305,663
387,1023,0,272,1023,0,390,318,305,291,319,305,545,672,656,305,663
308,1023,0,172,1023,0,433,317,305,310,316,305,545,618,602,305,663
753,1023,0,345,1023,0,518,346,305,440,358,305,545,736,715,305,663
441,1023,0,175,1023,0,434,315,305,309,319,305,545,710,698,305,663
379,1023,0,300,1023,0,447,321,305,343,328,305,545,703,690,305,663
402,1023,0,213,1023,0,390,317,305,331,330,305,545,675,657,305,663
564,1023,0,263,1023,0,417,318,305,326,324,305,545,626,612,305,663
491,1023,0,256,1023,0,390,315,305,290,326,305,545,685,658,305,663
329,1023,0,220,1023,0,415,315,305,280,317,305,545,670,661,305,663
446,1023,0,248,1023,0,439,317,305,290,315,305,545,656,635,305,663
363,1023,0,208,1023,0,441,319,305,326,319,305,545,662,645,305,663
393,1023,0,178,1023,0,471,318,305,347,319,305,545,653,640,305,663
538,1023,0,238,1023,0,478,322,305,373,327,305,545,733,714,305,663
304,1023,0,188,1023,0,508,321,305,396,327,305,545,615,586,305,663
338,1023,0,275,1023,0,417,317,305,284,315,305,545,726,706,305,663
435,1023,0,259,1023,0,424,317,305,313,323,305,545,680,666,305,663
671,1023,0,467,1023,0,457,326,305,377,333,305,545,781,759,305,663
742,1023,0,503,1023,0,444,318,305,387,334,305,545,728,705,305,663
392,1023,0,230,1023,0,458,322,305,333,325,305,545,631,617,305,663
540,1023,0,471,1023,0,448,324,305,374,334,305,545,744,720,305,663
383,1023,0,270,1023,0,415,313,305,308,328,305,545,663,645,305,663
376,1023,0,209,1023,0,319,311,305,298,320,305,545,657,646,305,663
443,1023,0,244,1023,0,443,319,305,323,324,305,545,732,714,305,663
470,1023,0,375,1023,0,412,314,305,390,338,305,545,714,697,305,663
454,1023,0,430,1023,0,421,324,305,345,337,305,545,720,706,305,663
396,1023,0,281,1023,0,389,314,305,251,318,305,545,681,658,305,663
544,1023,0,374,1023,0,455,324,305,360,327,305,545,780,763,305,663
557,1023,0,249,1023,0,405,318,305,304,324,305,545,654,633,305,663
293,1023,0,150,1023,0,450,321,305,345,334,305,545,352,355,305,663
762,1023,0,332,1023,0,482,318,305,327,319,305,545,717,638,305,663
510,1023,0,235,1023,0,421,316,305,328,323,305,545,691,660,305,663
463,1023,0,199,1023,0,387,312,305,309,318,305,545,654,627,305,663
358,1023,0,246,1023,0,470,324,305,363,326,305,545,659,640,305,663
444,1023,0,266,1023,0,434,319,305,337,326,305,545,671,655,305,663
515,1023,0,341,1023,0,476,322,305,375,338,305,545,657,630,305,663
358,1023,0,306,1023,0,434,324,305,357,329,305,545,678,656,305,663
381,1023,0,164,1023,0,408,313,305,273,320,305,545,677,665,305,663
355,1023,0,214,1023,0,410,320,305,346,330,305,545,728,710,305,663
469,1023,0,253,1023,0,407,316,305,335,323,305,545,641,618,305,663
326,1023,0,179,1023,0,437,314,305,337,322,305,545,705,692,305,663
433,1023,0,196,1023,0,435,314,305,336,328,305,545,620,603,305,663
259,1023,0,218,1023,0,367,313,305,259,319,305,545,589,574,305,663
577,1023,0,364,1023,0,480,325,305,387,338,305,546,610,572,305,663
687,1023,0,492,1023,0,485,322,305,401,337,305,546,706,682,305,663
405,1023,0,305,1023,0,462,317,305,348,326,305,546,696,671,305,663
476,1023,0,284,1023,0,449,319,305,361,333,305,546,699,678,305,663
539,1023,0,399,1023,0,402,315,305,368,329,305,546,739,713,305,663
549,1023,0,288,1023,0,416,313,305,302,315,305,546,699,689,305,663
440,1023,0,256,1023,0,185,315,305,234,317,305,546,696,682,305,663
585,1023,0,331,1023,0,458,318,305,355,327,305,546,740,713,305,663
539,1023,0,320,1023,0,470,323,305,304,324,305,546,704,668,305,663
554,1023,0,479,1023,0,448,320,305,326,329,305,546,719,693,305,663
395,1023,0,201,1023,0,412,318,305,202,315,305,546,646,632,305,663
375,1023,0,277,1023,0,402,320,305,242,320,305,546,685,674,305,663
389,1023,0,136,863,0,427,320,305,350,321,305,546,630,607,305,663
480,1023,0,308,1023,0,458,318,305,321,321,305,546,685,669,305,673
507,1023,0,350,1023,0,502,329,305,415,336,305,546,714,686,305,673
469,1023,0,294,1023,0,443,318,305,290,324,305,546,689,665,305,673
513,1023,0,271,1023,0,417,316,305,314,326,305,546,711,685,305,673
433,1023,0,229,1023,0,450,323,305,310,323,305,546,633,615,305,673
284,1023,0,278,1023,0,484,324,305,363,333,305,546,670,654,305,673
566,1023,0,325,1023,0,409,320,305,365,333,305,546,716,703,305,673
337,1023,0,298,1023,0,420,315,305,305,324,305,546,699,681,305,673
407,1023,0,171,1023,0,365,313,305,299,319,305,546,735,726,305,673
416,1023,0,251,1023,0,423,318,305,283,319,305,546,714,700,305,673
563,1023,0,379,1023,0,473,325,305,362,336,305,546,681,660,305,673
406,1023,0,304,1023,0,427,313,305,330,329,305,546,659,646,305,673
506,1023,0,265,1023,0,466,321,305,357,337,305,546,690,673,305,673
367,1023,0,259,1023,0,447,322,305,367,330,305,546,665,647,305,673
595,1023,0,428,1023,0,480,323,305,393,338,305,546,741,717,305,673
475,1023,0,154,1023,0,440,316,305,229,314,305,546,644,629,305,673
788,1023,0,444,1023,0,483,330,305,379,341,305,546,704,668,305,673
386,1023,0,180,1023,0,418,314,305,159,312,305,546,663,645,305,673
450,1023,0,279,1023,0,476,325,305,362,331,305,546,748,732,305,673
439,1023,0,439,1023,0,457,324,305,363,332,305,546,725,711,305,673
546,1023,0,309,1023,0,488,329,305,368,333,305,546,698,678,305,673
461,1023,0,266,1023,0,434,316,305,322,323,305,546,632,605,305,673
478,1023,0,313,1023,0,453,325,305,344,331,305,546,741,725,305,673
415,1023,0,283,1023,0,380,320,305,338,329,305,546,715,694,305,673
462,1023,0,266,1023,0,407,317,305,317,325,305,546,627,607,305,673
489,1023,0,243,1023,0,434,317,305,344,324,305,546,638,606,305,673
458,1023,0,219,1023,0,430,315,305,302,320,305,546,652,630,305,673
544,1023,0,230,1023,0,443,316,305,373,326,305,546,720,706,305,673
622,1023,0,429,1023,0,461,327,305,368,342,305,546,731,699,305,673
737,1023,0,298,1023,0,485,320,305,405,329,305,546,695,642,305,673
425,1023,0,330,1023,0,449,322,305,303,322,305,546,690,671,305,673
555,1023,0,232,1023,0,412,319,305,318,322,305,546,652,636,305,673
317,1023,0,179,1023,0,397,317,305,233,321,305,546,634,620,305,673
587,1023,0,290,1023,0,441,329,305,335,345,305,546,681,665,305,673
493,1023,0,176,885,0,389,320,305,309,324,305,546,646,626,305,673
513,1023,0,217,1023,0,440,316,305,333,323,305,546,689,681,305,673
450,1023,0,507,1023,0,447,318,305,385,336,305,547,800,776,305,673
506,1023,0,297,1023,0,397,315,305,340,326,305,547,687,663,305,673
486,1023,0,297,1023,0,381,320,305,348,332,305,547,674,659,305,673
576,1023,0,403,1023,0,424,318,305,399,334,305,547,729,709,305,673
424,1023,0,198,1023,0,398,319,305,321,325,305,547,562,546,305,673
554,1023,0,258,1023,0,453,323,305,354,327,305,547,731,714,305,673
401,1023,0,258,1023,0,424,316,305,329,320,305,547,657,649,305,673
462,1023,0,215,1023,0,408,316,305,299,321,305,547,647,625,305,673
321,1023,0,179,1023,0,441,313,305,306,322,305,547,574,558,305,673
431,1023,0,241,1023,0,437,320,305,310,323,305,547,704,694,305,673
609,1023,0,343,1023,0,463,320,305,339,326,305,547,576,548,305,673
398,1023,0,186,1023,0,428,316,305,263,320,305,547,667,658,305,673
308,1023,0,167,1023,0,335,311,305,304,321,305,547,559,551,305,673
356,1023,0,255,1023,0,417,317,305,288,319,305,547,728,716,305,673
576,1023,0,381,1023,0,462,319,305,358,331,305,547,710,677,305,673
386,1023,0,217,1023,0,393,318,305,332,327,305,547,676,666,305,673
495,1023,0,311,1023,0,460,319,305,353,326,305,547,763,753,305,673
432,1023,0,235,1023,0,450,316,305,298,316,305,547,632,611,305,673
324,1023,0,220,1023,0,420,314,305,289,318,305,547,669,660,305,673
487,1023,0,176,1023,0,450,318,305,315,320,305,547,662,644,305,673
491,1023,0,255,1023,0,456,322,305,367,329,305,547,706,687,305,673
479,1023,0,205,1023,0,380,314,305,338,320,305,547,664,646,305,673
506,1023,0,200,1023,0,413,317,305,303,322,305,547,658,640,305,673
825,1023,0,442,1023,0,465,321,305,338,336,305,547,722,705,305,673
529,1023,0,238,1023,0,382,314,305,332,317,305,547,617,587,305,673
683,1023,0,249,1023,0,401,313,305,333,322,305,547,691,659,305,673
610,1023,0,384,1023,0,441,320,305,366,328,305,547,708,689,305,673
492,1023,0,237,1023,0,401,317,305,304,323,305,547,737,722,305,673
450,1023,0,260,1023,0,430,320,305,324,325,305,547,717,700,305,673
575,1023,0,291,1023,0,439,322,305,324,320,305,547,689,675,305,673
549,1023,0,237,1023,0,465,325,305,391,346,305,547,695,676,305,683
427,1023,0,313,1023,0,448,325,305,326,328,305,547,739,722,305,683
451,1023,0,255,1023,0,449,318,305,326,331,305,547,647,627,305,683
477,1023,0,220,1023,0,453,315,305,321,326,305,547,666,630,305,683
443,1023,0,274,1023,0,341,312,305,177,314,305,547,649,634,305,683
424,1023,0,215,1023,0,415,314,305,263,319,305,547,616,598,305,683
647,1023,0,421,1023,0,496,325,305,398,335,305,547,747,726,305,683
344,1023,0,172,1023,0,381,313,305,257,318,305,548,658,647,305,683
342,1023,0,226,1023,0,424,317,305,315,320,305,548,652,640,305,683
331,1023,0,183,1023,0,408,316,305,260,317,305,548,657,649,305,683
405,1023,0,220,1023,0,431,315,305,326,319,305,548,608,585,305,683
427,1023,0,179,1023,0,361,314,305,269,318,305,548,699,685,305,683
530,1023,0,384,1023,0,471,324,305,376,332,305,548,690,668,305,683
367,1023,0,246,1023,0,441,313,305,323,325,305,548,708,694,305,683
441,1023,0,230,1023,0,487,325,305,387,340,305,548,696,681,305,683
433,1023,0,329,1023,0,475,321,305,349,329,305,548,708,692,305,683
442,1023,0,158,980,0,437,325,305,352,324,305,548,650,626,305,683
449,1023,0,215,1023,0,402,313,305,315,329,305,548,681,671,305,683
352,1023,0,192,1023,0,424,319,305,293,319,305,548,665,652,305,683
427,1023,0,223,1023,0,465,324,305,316,321,305,548,666,654,305,683
596,1023,0,552,1023,0,491,327,305,407,335,305,548,799,768,305,683
355,1023,0,240,1023,0,464,326,305,340,333,305,548,740,728,305,683
488,1023,0,295,1023,0,417,315,305,264,318,305,548,672,645,305,683
443,1023,0,198,1023,0,385,312,305,307,321,305,548,627,603,305,683
372,1023,0,219,1023,0,358,318,305,306,329,305,548,656,642,305,683
470,1023,0,284,1023,0,403,314,305,171,317,305,548,613,592,305,683
339,1023,0,194,1023,0,424,313,305,279,315,305,548,652,631,305,683
635,1023,0,372,1023,0,444,324,305,315,323,305,548,727,701,305,683
495,1023,0,435,1023,0,491,330,305,463,378,305,548,740,726,305,683
394,1023,0,175,1023,0,303,312,305,301,317,305,548,547,517,305,683
509,1023,0,171,978,0,402,315,305,323,324,305,548,653,634,305,693
667,1023,0,237,1023,0,433,323,305,336,321,305,548,636,602,305,693
550,1023,0,341,1023,0,422,318,305,301,319,305,548,687,660,305,703
637,1023,0,500,1023,0,556,344,305,472,339,305,548,788,758,305,703
448,1023,0,330,1023,0,564,340,305,482,344,305,548,647,598,305,703
393,952,0,185,964,0,553,330,305,450,334,305,549,657,608,305,703
421,787,0,271,1023,0,563,331,305,497,346,305,549,645,552,305,703
433,1023,0,168,1023,0,510,327,305,424,337,305,549,680,652,305,703
404,1023,0,158,985,0,0,314,305,0,316,305,549,551,547,305,703
422,1023,0,229,1023,0,0,305,305,0,305,305,549,672,667,305,703
313,1023,0,131,925,0,413,315,305,301,319,305,549,604,586,305,703
342,1023,0,177,1023,0,0,305,305,0,305,305,549,633,625,305,703
246,1023,0,241,1023,0,426,317,305,0,305,305,549,411,522,305,703
537,1023,0,388,1023,0,346,316,305,0,315,305,549,676,585,305,703
606,1023,0,292,1023,0,486,323,305,441,337,305,549,697,663,305,703
444,1023,0,337,1023,0,545,331,305,488,352,305,549,734,700,305,703
302,1023,0,208,1023,0,509,323,305,430,335,305,549,681,648,305,703
371,1023,0,129,749,0,376,319,305,296,321,305,549,624,601,305,703
429,1023,0,493,1023,0,515,329,305,421,334,305,549,737,709,305,703
361,1023,0,204,976,0,503,324,305,419,327,305,549,690,641,305,703
479,1023,0,188,1023,0,455,317,305,373,328,305,549,642,596,305,703
401,1023,0,305,1023,0,427,319,305,337,320,305,549,684,674,305,703
327,1023,0,178,1023,0,381,313,305,224,320,305,549,654,631,305,703
396,1023,0,307,1023,0,390,318,305,353,336,305,550,690,676,305,703
344,1023,0,188,1023,0,377,311,305,229,319,305,550,628,617,305,703
618,1023,0,320,1023,0,426,324,305,345,327,305,550,768,760,305,703
578,1023,0,281,1023,0,395,316,305,356,330,305,550,698,667,305,703
488,1023,0,296,1023,0,435,316,305,353,326,305,550,649,625,305,703
501,1023,0,307,1023,0,472,326,305,360,330,305,550,726,709,305,703
516,1023,0,291,1023,0,389,314,305,255,319,305,550,727,703,305,703
622,1023,0,349,1023,0,467,319,305,374,332,305,550,697,656,305,703
747,1023,0,488,1023,0,489,320,305,392,324,305,550,747,695,305,703
473,1023,0,324,1023,0,465,320,305,401,329,305,550,759,736,305,703
373,1023,0,214,1023,0,429,317,305,283,315,305,550,616,587,305,703
745,1023,0,612,1023,0,507,325,305,393,333,305,550,783,727,305,703
369,1023,0,161,1023,0,363,314,305,212,316,305,550,717,712,305,703
496,1023,0,230,1023,0,403,314,305,241,317,305,550,626,608,305,703
570,1023,0,322,1023,0,430,322,305,277,318,305,550,684,662,305,703
764,1023,0,528,1023,0,493,326,305,418,341,305,550,738,667,305,703
525,1023,0,286,1023,0,449,316,305,367,325,305,550,671,640,305,703
647,1023,0,303,1023,0,473,320,305,375,333,305,550,659,619,305,703
776,1023,0,481,1023,0,466,318,305,344,322,305,550,720,646,305,703
458,1023,0,168,825,0,469,322,305,313,321,305,550,656,622,305,703
366,1023,0,244,1023,0,306,310,305,252,317,305,550,600,584,305,703
743,1023,0,452,1023,0,474,319,305,362,323,305,550,719,704,305,703
290,1023,0,208,1023,0,403,313,305,232,311,305,550,611,600,305,703
461,1023,0,260,1023,0,427,317,305,326,321,305,550,603,587,305,703
726,1023,0,419,1023,0,439,316,305,342,328,305,550,689,661,305,703
540,1023,0,476,1023,0,463,324,305,363,345,305,550,743,730,305,703
602,1023,0,340,1023,0,446,322,305,77,323,305,550,687,663,305,703
571,1023,0,395,1023,0,419,323,305,232,327,305,550,709,686,305,703
444,1023,0,342,1023,0,440,320,305,319,325,305,550,744,730,305,703
558,1023,0,318,1023,0,453,322,305,378,336,305,550,736,720,305,703
593,1023,0,450,1023,0,489,327,305,466,375,305,550,756,736,305,703
515,1023,0,209,1023,0,463,317,305,356,324,305,550,635,620,305,703
528,1023,0,430,1023,0,470,325,305,380,336,305,550,742,729,305,703
302,1023,0,197,1023,0,418,315,305,335,322,305,551,690,672,305,703
670,1023,0,396,1023,0,484,329,305,423,350,305,551,703,680,305,703
365,1023,0,228,1023,0,405,316,305,203,316,305,551,677,664,305,703
472,1023,0,242,1023,0,403,316,305,311,321,305,551,678,669,305,703
372,1023,0,238,1023,0,441,322,305,307,323,305,551,626,605,305,703
304,1023,0,219,1023,0,339,311,305,314,323,305,551,614,610,305,703
472,1023,0,272,1023,0,447,321,305,305,324,305,551,685,669,305,703
394,1023,0,178,1023,0,454,318,305,298,313,305,551,657,639,305,703
400,1023,0,246,1023,0,416,315,305,302,326,305,551,695,681,305,703
568,1023,0,372,1023,0,464,318,305,311,321,305,551,733,711,305,703
432,1023,0,300,1023,0,440,325,305,348,325,305,551,704,691,305,703
417,1023,0,239,1023,0,445,315,305,253,315,305,551,638,621,305,703
611,1023,0,571,1023,0,505,329,305,413,341,305,551,775,745,305,703
525,1023,0,307,1023,0,432,319,305,332,329,305,551,693,678,305,703
635,1023,0,541,1023,0,452,321,305,362,332,305,551,762,747,305,703
498,1023,0,379,1023,0,476,321,305,367,325,305,551,711,673,305,703
478,1023,0,303,1023,0,439,317,305,362,345,305,551,696,666,305,703
666,1023,0,280,1023,0,532,330,305,492,348,305,551,709,682,305,703
365,1023,0,312,1023,0,536,329,305,474,343,305,551,712,692,305,703
717,1023,0,397,1023,0,426,318,305,334,327,305,551,758,741,305,703
389,1023,0,268,1023,0,450,318,305,338,328,305,551,681,662,305,703
452,1023,0,413,1023,0,450,327,305,384,341,305,551,729,712,305,703
607,1023,0,354,1023,0,437,313,305,329,318,305,551,678,656,305,703
441,1023,0,231,1023,0,411,320,305,341,322,305,551,628,609,305,703
486,1023,0,241,1023,0,440,319,305,297,323,305,551,700,676,305,703
470,1023,0,323,1023,0,459,325,305,335,329,305,551,748,724,305,703
765,1023,0,396,1023,0,462,318,305,362,328,305,551,784,758,305,703
493,1023,0,293,1023,0,456,319,305,340,330,305,551,655,634,305,703
540,1023,0,251,1023,0,446,316,305,329,322,305,551,686,654,305,703
452,1023,0,207,1023,0,443,316,305,340,323,305,551,605,575,305,703
544,1023,0,223,1021,0,417,313,305,241,314,305,551,661,626,305,703
576,1023,0,401,1023,0,446,317,305,334,331,305,551,756,727,305,703
698,1023,0,318,1023,0,348,317,305,331,322,305,551,688,645,305,703
347,1023,0,237,1023,0,373,312,305,267,321,305,551,662,641,305,703
462,1023,0,229,1023,0,427,320,305,346,330,305,551,684,661,305,703
558,1023,0,247,1023,0,424,317,305,298,321,305,551,630,606,305,703
474,1023,0,285,1023,0,412,314,305,306,316,305,551,674,657,305,703
501,1023,0,190,1023,0,438,320,305,423,348,305,551,666,645,305,703
654,1023,0,434,1023,0,450,320,305,316,322,305,551,709,690,305,703
373,1023,0,189,1023,0,427,317,305,312,322,305,551,641,629,305,703
403,1023,0,181,1023,0,197,310,305,216,317,305,551,609,594,305,703
328,1023,0,259,1023,0,462,325,305,353,339,305,551,704,692,305,703
589,1023,0,259,950,0,416,314,305,317,319,305,551,597,566,305,703
552,1023,0,319,1023,0,437,320,305,352,331,305,551,721,695,305,703
463,1023,0,456,1023,0,455,320,305,382,333,305,551,725,702,305,703
695,1023,0,577,1023,0,465,320,305,365,326,305,551,757,686,305,713
371,1023,0,195,1023,0,393,312,305,256,312,305,551,518,506,305,713
507,1023,0,338,1023,0,455,323,305,366,336,305,552,692,665,305,713
510,1023,0,246,1023,0,386,313,305,261,315,305,552,658,632,305,713
410,1023,0,314,1023,0,457,324,305,356,328,305,552,673,647,305,713
446,1023,0,342,1023,0,410,318,305,361,334,305,552,690,661,305,713
344,1023,0,197,1023,0,375,320,305,297,320,305,552,623,607,305,713
357,1023,0,177,992,0,398,312,305,299,318,305,552,632,610,305,713
345,1023,0,228,1023,0,389,315,305,305,318,305,552,645,631,305,713
496,1023,0,303,1023,0,419,320,305,333,325,305,552,663,647,305,713
478,1023,0,332,1023,0,466,326,305,338,336,305,552,664,638,305,713
683,1023,0,279,1023,0,425,312,305,261,319,305,552,553,516,305,713
579,1023,0,311,1023,0,418,320,305,286,318,305,552,665,635,305,713
453,1023,0,282,1023,0,447,321,305,360,330,305,552,670,651,305,713
562,1023,0,279,1023,0,477,321,305,329,321,305,552,679,635,305,713
568,1023,0,294,1023,0,434,316,305,363,333,305,552,711,699,305,713
333,1023,0,320,1023,0,463,322,305,399,338,305,552,706,690,305,713
442,1023,0,181,951,0,258,311,305,290,313,305,552,550,522,305,713
425,1023,0,236,1023,0,428,314,305,318,317,305,552,666,642,305,713
388,1023,0,228,1023,0,409,314,305,245,323,305,552,687,676,305,713
360,1023,0,237,1023,0,439,316,305,356,334,305,552,657,650,305,713
491,1023,0,309,1023,0,467,327,305,353,340,305,552,669,645,305,713
429,1023,0,223,1023,0,471,323,305,345,330,305,552,652,623,305,713
425,1023,0,222,1023,0,421,315,305,314,318,305,552,545,519,305,713
687,1023,0,365,1023,0,483,328,305,403,334,305,552,722,685,305,713
604,1023,0,352,1023,0,432,323,305,346,328,305,552,690,637,305,713
507,1023,0,324,1023,0,416,319,305,329,326,305,552,700,675,305,713
330,1023,0,228,1023,0,405,314,305,280,320,305,552,634,627,305,713
562,1023,0,342,1023,0,408,317,305,315,329,305,552,645,559,305,713
432,1023,0,182,1023,0,440,322,305,341,333,305,552,674,659,305,713
433,1023,0,262,1023,0,459,322,305,355,330,305,552,686,668,305,713
764,1023,0,378,1023,0,449,317,305,354,325,305,552,717,671,305,713
547,1023,0,214,992,0,452,324,305,369,329,305,552,639,604,305,713
458,1023,0,233,1023,0,458,319,305,318,328,305,552,626,604,305,713
775,1023,0,456,1023,0,471,324,305,344,330,305,552,695,643,305,713
471,1023,0,254,1023,0,417,319,305,288,321,305,552,662,641,305,713
504,1023,0,270,1023,0,418,318,305,303,321,305,552,658,634,305,713
446,1023,0,256,1023,0,434,321,305,352,335,305,552,678,659,305,713
444,1023,0,213,1023,0,455,318,305,326,316,305,552,656,625,305,713
547,1023,0,302,1023,0,440,316,305,372,322,305,552,653,610,305,713
397,1023,0,193,1023,0,365,310,305,278,327,305,552,658,642,305,713
308,1023,0,164,1023,0,443,319,305,301,325,305,552,644,631,305,713
596,1023,0,319,1023,0,438,317,305,290,323,305,552,715,686,305,713
329,1023,0,185,1023,0,420,314,305,284,323,305,552,543,529,305,713
475,1023,0,494,1023,0,483,327,305,396,341,305,552,717,698,305,713
792,1023,0,524,1023,0,498,333,305,406,346,305,552,824,774,305,713
386,1023,0,203,1023,0,487,325,305,354,328,305,552,625,611,305,713
647,1023,0,397,1023,0,469,320,305,379,337,305,552,744,686,305,713
296,857,0,284,1023,0,435,320,305,357,335,305,552,688,667,305,713
408,1023,0,274,1023,0,432,317,305,303,323,305,552,704,684,305,713
310,1023,0,175,1023,0,428,315,305,314,318,305,552,599,578,305,713
556,1023,0,525,1023,0,482,328,305,399,330,305,552,755,736,305,713
665,1023,0,252,1023,0,489,332,305,410,341,305,552,700,661,305,713
519,1023,0,322,1023,0,409,321,305,374,333,305,552,635,612,305,713
408,1023,0,222,1023,0,360,316,305,293,318,305,552,673,665,305,713
298,709,0,371,1023,0,455,317,305,255,317,305,553,541,514,305,713
494,1023,0,201,1023,0,398,320,305,310,323,305,553,670,652,305,713
385,1023,0,225,1023,0,416,317,305,322,323,305,553,641,625,305,713
539,1023,0,388,1023,0,476,329,305,390,336,305,553,744,730,305,713
641,1023,0,377,1023,0,463,322,305,347,323,305,553,748,745,305,713
647,1023,0,425,1023,0,472,325,305,344,331,305,553,733,667,305,713
360,1023,0,226,1023,0,424,315,305,344,325,305,553,666,648,305,713
355,1023,0,194,1023,0,461,325,305,354,331,305,553,695,684,305,713
464,1023,0,201,1023,0,433,317,305,325,323,305,553,659,646,305,713
321,1023,0,176,1023,0,452,318,305,306,319,305,553,652,636,305,713
569,1023,0,258,1023,0,558,331,305,481,341,305,553,692,648,305,713
357,1023,0,216,1023,0,545,333,305,481,347,305,553,689,649,305,713
296,1023,0,227,1023,0,567,346,305,506,353,305,553,731,704,305,713
630,1023,0,390,1023,0,542,332,305,424,333,305,553,711,637,305,713
448,1023,0,261,1023,0,542,335,305,480,360,305,553,727,713,305,713
405,1023,0,246,1023,0,415,318,305,328,325,305,553,637,608,305,713
419,1023,0,239,1023,0,453,318,305,347,331,305,553,745,725,305,713
520,1023,0,255,1023,0,472,324,305,379,331,305,553,652,629,305,713
747,1023,0,526,1023,0,485,326,305,417,350,305,553,750,737,305,713
710,1023,0,431,1023,0,484,323,305,411,344,305,553,756,704,305,713
457,1023,0,401,1023,0,496,327,305,416,343,305,553,681,660,305,713
334,1023,0,201,1023,0,294,313,305,0,316,305,553,601,599,305,713
379,1023,0,272,1023,0,459,321,305,331,329,305,553,695,686,305,713
381,1023,0,294,1023,0,434,322,305,399,347,305,553,690,676,305,713
435,1023,0,197,1023,0,374,312,305,238,319,305,553,642,616,305,713
334,1023,0,293,1023,0,430,315,305,285,320,305,553,641,629,305,713
523,1023,0,221,1023,0,436,320,305,337,325,305,553,697,666,305,713
612,1023,0,457,1023,0,446,320,305,333,327,305,553,725,704,305,713
461,1023,0,202,1023,0,447,317,305,276,314,305,553,682,660,305,713
401,1023,0,171,1007,0,389,318,305,343,320,305,553,688,659,305,713
402,1023,0,227,1023,0,416,315,305,310,317,305,553,680,667,305,713
578,1023,0,341,1023,0,445,320,305,355,337,305,553,721,705,305,713
514,1023,0,326,1023,0,493,336,305,405,344,305,553,713,688,305,713
448,1023,0,275,1023,0,450,324,305,342,323,305,553,727,719,305,713
474,1023,0,307,1023,0,448,320,305,342,332,305,553,692,663,305,713
378,1023,0,175,1023,0,397,315,305,283,320,305,553,662,644,305,713
357,1023,0,156,893,0,443,317,305,288,316,305,553,666,638,305,713
629,1023,0,309,1023,0,468,320,305,338,324,305,553,705,671,305,713
479,1023,0,195,1023,0,448,321,305,328,327,305,553,671,660,305,713
342,1023,0,228,1023,0,443,320,305,360,338,305,553,729,720,305,713
407,1023,0,216,1023,0,428,315,305,331,324,305,553,649,629,305,713
372,1023,0,181,1023,0,434,314,305,259,316,305,553,648,622,305,713
337,1023,0,323,1023,0,446,326,305,344,334,305,553,761,748,305,713
375,1023,0,206,1023,0,443,317,305,252,319,305,553,709,704,305,713
497,1023,0,160,938,0,383,314,305,286,319,305,553,649,628,305,713
520,1023,0,255,1023,0,446,320,305,343,323,305,553,654,629,305,713
572,1023,0,325,1023,0,467,317,305,352,328,305,553,708,683,305,713
392,1023,0,165,1023,0,435,315,305,234,315,305,554,655,644,305,713
327,1023,0,210,1023,0,457,322,305,317,318,305,554,645,618,305,713
354,1023,0,331,1023,0,423,315,305,284,323,305,554,638,625,305,713
521,1023,0,219,1023,0,425,314,305,280,321,305,554,686,664,305,713
413,1023,0,175,1023,0,413,314,305,319,332,305,554,665,653,305,713
489,1023,0,256,1023,0,422,314,305,322,329,305,554,693,659,305,713
557,1023,0,351,1023,0,433,321,305,302,325,305,554,739,718,305,713
450,1023,0,293,1023,0,455,316,305,425,336,305,554,671,650,305,713
538,1023,0,311,1023,0,499,325,305,477,349,305,554,658,616,305,713
383,1023,0,354,1023,0,449,316,305,320,317,305,554,658,649,305,713
422,1023,0,229,1023,0,421,316,305,364,332,305,554,688,671,305,713
448,1023,0,284,1023,0,427,320,305,297,321,305,554,713,697,305,713
673,1023,0,368,1023,0,449,321,305,374,336,305,554,716,696,305,713
754,1023,0,533,1023,0,501,320,305,381,332,305,554,774,718,305,713
458,1023,0,511,1023,0,514,335,305,396,340,305,554,800,767,305,713
309,1023,0,220,1023,0,403,314,305,327,321,305,554,685,665,305,713
428,1023,0,366,1023,0,455,325,305,343,322,305,554,662,629,305,713
397,1023,0,170,1023,0,407,315,305,164,314,305,554,639,629,305,713
291,950,0,222,1023,0,424,315,305,305,318,305,554,645,632,305,713
434,1023,0,244,1023,0,460,321,305,297,317,305,554,710,698,305,713
404,1023,0,234,1023,0,441,316,305,288,316,305,554,598,579,305,713
470,1023,0,247,1023,0,421,318,305,307,318,305,554,644,625,305,713
587,1023,0,407,1023,0,464,323,305,311,328,305,554,767,754,305,713
692,1023,0,423,1023,0,471,319,305,289,321,305,554,761,732,305,713
360,1023,0,135,920,0,423,319,305,319,323,305,554,613,592,305,723
635,1023,0,404,1023,0,431,319,305,353,330,305,554,744,720,305,723
426,1023,0,234,1023,0,440,322,305,330,326,305,554,638,614,305,723
741,1023,0,565,1023,0,500,330,305,417,335,305,554,772,708,305,723
380,1023,0,202,1023,0,426,316,305,281,318,305,554,638,621,305,723
369,1023,0,200,1023,0,449,318,305,341,326,305,554,664,655,305,723
464,1023,0,234,1023,0,403,315,305,276,317,305,554,671,661,305,723
579,1023,0,379,1023,0,469,320,305,346,331,305,554,768,746,305,723
350,1023,0,221,1023,0,421,318,305,322,325,305,554,696,688,305,723
507,1023,0,138,913,0,480,333,305,311,333,305,554,607,583,305,723
588,1023,0,371,1023,0,462,326,305,357,338,305,554,750,728,305,723
378,1023,0,199,1023,0,380,313,305,154,311,305,554,669,660,305,723
341,1023,0,217,1023,0,387,314,305,289,319,305,554,632,609,305,723
307,1023,0,212,1023,0,405,314,305,302,319,305,554,651,630,305,723
313,1023,0,214,1023,0,476,323,305,335,322,305,554,684,668,305,723
588,1023,0,270,1023,0,380,316,305,310,317,305,554,652,629,305,723
391,1023,0,187,1023,0,438,319,305,300,322,305,554,629,615,305,723
509,1023,0,343,1023,0,431,316,305,269,318,305,554,683,652,305,723
529,1023,0,387,1023,0,465,323,305,344,324,305,554,708,684,305,723
400,1023,0,237,1023,0,386,316,305,294,321,305,554,691,682,305,723
434,1023,0,340,1023,0,459,324,305,312,329,305,554,702,685,305,723
277,1023,0,175,1023,0,409,314,305,224,320,305,554,563,543,305,723
504,1023,0,206,1023,0,429,317,305,276,318,305,554,624,591,305,723
269,1018,0,136,936,0,349,310,305,261,315,305,554,597,583,305,723
496,1023,0,351,1023,0,472,322,305,357,333,305,554,648,630,305,723
413,1023,0,171,1023,0,451,319,305,334,330,305,554,622,609,305,723
618,1023,0,289,1023,0,494,325,305,387,336,305,554,717,698,305,723
521,1023,0,303,1023,0,446,320,305,324,320,305,554,697,662,305,723
395,1023,0,220,1023,0,428,316,305,312,319,305,555,647,634,305,723
597,1023,0,184,1023,0,448,318,305,350,334,305,555,689,676,305,723
326,1023,0,286,1023,0,471,321,305,357,324,305,555,673,649,305,723
485,1023,0,230,1023,0,351,311,305,289,319,305,555,587,562,305,723
419,1023,0,253,1023,0,426,317,305,324,319,305,555,709,696,305,723
293,1023,0,203,1023,0,399,319,305,332,327,305,555,773,770,305,723
483,1023,0,271,1023,0,413,320,305,296,325,305,555,671,651,305,723
609,1023,0,244,1023,0,415,316,305,256,321,305,555,660,636,305,723
418,1023,0,208,1023,0,460,320,305,345,320,305,555,650,632,305,723
535,1023,0,395,1023,0,467,323,305,388,340,305,555,739,727,305,723
424,1023,0,240,1023,0,439,320,305,333,325,305,555,675,656,305,723
480,1023,0,263,1023,0,427,322,305,374,336,305,555,710,696,305,723
783,1023,0,498,1023,0,512,332,305,429,345,305,555,778,747,305,723
476,1023,0,361,1023,0,406,314,305,0,322,305,555,692,665,305,723
414,1023,0,276,1023,0,449,320,305,337,320,305,555,727,703,305,723
327,1023,0,251,1023,0,445,319,305,331,325,305,555,673,664,305,723
562,1023,0,245,1023,0,392,316,305,286,321,305,555,692,672,305,723
297,1023,0,220,1023,0,380,312,305,260,315,305,555,642,622,305,723
476,1023,0,341,1023,0,476,327,305,354,333,305,555,699,679,305,723
464,1023,0,339,1023,0,413,317,305,330,329,305,555,684,655,305,723
435,1023,0,433,1023,0,462,320,305,379,336,305,555,593,562,305,723
560,1023,0,265,1023,0,485,319,305,395,335,305,555,649,611,305,723
624,1023,0,383,1023,0,481,331,305,375,335,305,555,754,741,305,723
427,1023,0,308,1023,0,396,322,305,308,320,305,555,671,656,305,723
448,1023,0,229,1023,0,385,315,305,310,325,305,555,704,690,305,723
304,1023,0,187,1023,0,424,314,305,255,313,305,555,639,627,305,723
443,1023,0,248,1023,0,471,320,305,292,320,305,555,674,655,305,723
485,1023,0,331,1023,0,390,315,305,293,321,305,555,705,689,305,723
719,1023,0,428,1023,0,510,336,305,432,358,305,555,758,731,305,723
410,1023,0,221,1023,0,438,316,305,333,319,305,555,632,604,305,723
583,1023,0,309,1023,0,473,322,305,367,330,305,555,690,667,305,723
692,1023,0,276,1023,0,402,320,305,297,322,305,555,717,688,305,723
476,1023,0,329,1023,0,383,317,305,327,326,305,555,688,673,305,723
307,1023,0,251,1023,0,443,321,305,337,328,305,555,642,625,305,723
333,1023,0,245,1023,0,336,313,305,232,315,305,555,716,707,305,723
601,1023,0,322,1023,0,442,314,305,371,330,305,555,679,660,305,723
387,1023,0,263,1023,0,410,321,305,304,319,305,555,665,658,305,723
618,1023,0,379,1023,0,422,317,305,349,325,305,555,743,722,305,723
472,1023,0,161,1023,0,457,318,305,288,320,305,555,578,551,305,723
638,1023,0,396,1023,0,470,321,305,291,320,305,555,727,703,305,723
524,1023,0,347,1023,0,399,317,305,316,325,305,555,749,733,305,723
619,1023,0,519,1023,0,478,328,305,371,343,305,555,717,694,305,723
466,1023,0,306,1023,0,411,317,305,339,321,305,555,712,685,305,723
503,1023,0,290,1023,0,434,318,305,288,315,305,555,672,650,305,723
541,1023,0,383,1023,0,399,315,305,292,328,305,555,740,724,305,723
353,1023,0,203,1023,0,341,314,305,0,311,305,555,625,608,305,723
553,1023,0,359,1023,0,461,322,305,344,323,305,555,718,692,305,723
718,1023,0,473,1023,0,499,324,305,459,360,305,555,721,701,305,723
511,1023,0,264,1023,0,520,332,305,419,344,305,556,663,621,305,723
319,1023,0,236,1023,0,384,313,305,324,322,305,556,646,630,305,723
606,1023,0,463,1023,0,475,330,305,300,325,305,556,796,778,305,723
407,1023,0,285,1023,0,422,317,305,324,331,305,556,670,653,305,723
437,1023,0,289,1023,0,0,316,305,257,325,305,556,685,671,305,723
451,1023,0,194,1023,0,352,314,305,311,325,305,556,657,643,305,723
446,1023,0,219,1023,0,424,311,305,262,318,305,556,650,625,305,723
557,1023,0,314,1023,0,436,321,305,357,334,305,556,673,656,305,733
431,1023,0,132,874,0,405,314,305,232,315,305,556,663,641,305,733
288,1014,0,231,1023,0,418,313,305,247,315,305,556,654,636,305,733
441,1023,0,218,1023,0,401,315,305,294,326,305,556,710,696,305,733
444,1023,0,381,1023,0,480,324,305,378,336,305,556,682,669,305,733
257,1023,0,192,1023,0,442,315,305,318,321,305,556,617,606,305,733
472,1023,0,222,1023,0,415,315,305,361,326,305,556,678,660,305,733
386,1023,0,349,1023,0,446,325,305,390,340,305,556,682,666,305,733
455,1023,0,229,1023,0,448,317,305,336,322,305,556,704,682,305,733
559,1023,0,341,1023,0,464,323,305,359,325,305,556,660,632,305,733
698,1023,0,439,1023,0,468,318,305,344,327,305,556,737,712,305,733
403,1023,0,311,1023,0,373,313,305,241,318,305,556,706,698,305,733
501,1023,0,498,1023,0,467,325,305,342,331,305,556,727,707,305,733
428,1023,0,174,1023,0,330,311,305,313,327,305,556,661,648,305,733
336,1023,0,253,1023,0,464,319,305,393,334,305,556,677,656,305,733
550,1023,0,452,1023,0,452,319,305,336,329,305,556,726,702,305,733
328,1023,0,150,1023,0,418,316,305,261,326,305,556,655,641,305,733
440,1023,0,228,1023,0,345,313,305,292,323,305,556,708,690,305,733
368,1023,0,192,1023,0,431,321,305,235,318,305,556,607,586,305,733
341,1023,0,107,762,0,420,318,305,275,325,305,556,553,536,305,733
511,1023,0,133,937,0,409,318,305,313,324,305,556,688,669,305,733
618,1023,0,272,1023,0,428,319,305,326,322,305,556,687,669,305,733
411,1023,0,231,1023,0,464,322,305,352,332,305,556,675,656,305,733
434,1023,0,388,1023,0,410,328,305,339,331,305,556,693,680,305,733
394,1023,0,233,1023,0,422,315,305,298,323,305,556,676,654,305,733
430,1023,0,189,1023,0,294,310,305,227,322,305,556,666,653,305,733
413,1023,0,190,1023,0,403,315,305,296,321,305,556,646,630,305,733
578,1023,0,287,1023,0,374,312,305,269,317,305,556,677,645,305,733
401,1023,0,330,1023,0,410,318,305,317,324,305,556,705,686,305,733
387,1023,0,207,1023,0,281,311,305,264,315,305,556,663,649,305,733
440,1023,0,210,1023,0,363,312,305,233,315,305,556,618,603,305,733
469,1023,0,244,1023,0,423,318,305,315,324,305,556,697,676,305,733
543,1023,0,320,1023,0,445,322,305,334,331,305,556,669,644,305,733
477,1023,0,268,1023,0,466,320,305,347,326,305,556,697,679,305,733
393,1023,0,172,1023,0,397,312,305,163,314,305,556,591,580,305,733
366,1023,0,268,1023,0,423,317,305,328,327,305,556,696,684,305,733
444,1023,0,132,777,0,411,314,305,199,317,305,556,611,583,305,733
272,1023,0,146,1020,0,419,316,305,172,317,305,556,643,631,305,733
719,1023,0,566,1023,0,493,332,305,411,348,305,556,730,714,305,733
563,1023,0,388,1023,0,446,320,305,382,334,305,556,738,704,305,733
784,1023,0,442,1023,0,514,334,305,397,340,305,556,681,595,305,733
470,1023,0,147,792,0,446,318,305,260,321,305,556,673,663,305,733
459,1023,0,290,1023,0,454,318,305,320,330,305,556,659,640,305,733
365,1023,0,217,1023,0,401,314,305,243,315,305,556,613,599,305,733
518,1023,0,266,1023,0,414,316,305,269,320,305,556,724,709,305,733
544,1023,0,337,1023,0,460,320,305,344,324,305,557,723,705,305,733
408,1023,0,341,1023,0,433,319,305,331,332,305,557,710,692,305,733
413,1023,0,279,1023,0,461,322,305,261,319,305,557,682,669,305,733
470,1023,0,284,1023,0,393,314,305,348,323,305,557,700,673,305,733
342,1023,0,231,1023,0,364,314,305,288,317,305,557,599,585,305,733
462,1023,0,307,1023,0,442,316,305,366,325,305,557,688,671,305,733
394,1023,0,208,1023,0,433,319,305,318,323,305,557,659,635,305,733
337,1023,0,187,1023,0,375,312,305,281,318,305,557,666,646,305,733
737,1023,0,502,1023,0,488,325,305,402,341,305,557,775,735,305,733
534,1023,0,306,1023,0,449,314,305,298,327,305,557,663,646,305,733
735,1023,0,306,1023,0,448,321,305,314,326,305,557,720,696,305,733
373,1023,0,169,1023,0,387,317,305,342,333,305,557,592,569,305,733
551,1023,0,414,1023,0,511,325,305,456,339,305,557,728,705,305,733
571,1023,0,180,802,0,427,314,305,271,317,305,557,634,583,305,733
439,1023,0,225,1023,0,469,322,305,355,328,305,557,704,690,305,733
388,1023,0,219,1023,0,342,310,305,0,313,305,557,686,675,305,733
569,1023,0,438,1023,0,461,320,305,362,332,305,557,729,708,305,733
320,1023,0,183,1023,0,436,315,305,423,349,305,557,703,697,305,733
395,1023,0,255,1023,0,442,318,305,329,333,305,557,713,697,305,733
347,1023,0,213,1023,0,434,316,305,295,316,305,557,608,593,305,733
484,1023,0,237,1023,0,387,313,305,261,314,305,557,688,669,305,733
361,1023,0,205,1023,0,344,310,305,253,319,305,557,665,650,305,733
332,1023,0,177,1023,0,396,314,305,302,325,305,557,675,657,305,733
615,1023,0,497,1023,0,457,327,305,376,337,305,557,790,764,305,733
414,1023,0,266,1023,0,453,326,305,308,324,305,557,688,665,305,733
332,1023,0,298,1023,0,483,325,305,425,353,305,557,711,695,305,733
834,1023,0,440,1023,0,469,322,305,376,325,305,557,773,724,305,733
434,1023,0,283,1023,0,438,313,305,308,319,305,557,707,695,305,733
565,1023,0,245,1023,0,439,318,305,346,323,305,557,688,667,305,733
362,1023,0,143,983,0,402,311,305,309,316,305,557,580,560,305,733
394,1023,0,192,1023,0,454,315,305,342,324,305,557,656,644,305,733
647,1023,0,429,1023,0,458,325,305,387,339,305,557,624,603,305,733
543,1023,0,222,1023,0,405,316,305,306,319,305,557,618,583,305,733
417,1023,0,229,1023,0,397,314,305,367,326,305,557,686,670,305,733
515,1023,0,295,1023,0,397,315,305,303,325,305,557,685,657,305,733
441,1023,0,380,1023,0,463,329,305,399,353,305,557,744,721,305,733
378,1023,0,203,1023,0,447,315,305,289,318,305,557,677,661,305,743
253,1020,0,181,1023,0,412,315,305,268,312,305,557,610,597,305,743
427,1023,0,320,1023,0,449,319,305,297,323,305,557,696,681,305,743
410,1023,0,274,1023,0,484,322,305,374,329,305,557,676,649,305,743
620,1023,0,242,1023,0,439,317,305,307,325,305,557,707,691,305,743
533,1023,0,499,1023,0,467,320,305,390,333,305,557,756,734,305,743
383,1023,0,283,1023,0,422,319,305,308,320,305,557,682,654,305,743
420,1023,0,225,1023,0,429,316,305,265,314,305,557,650,636,305,743
442,1023,0,331,1023,0,451,317,305,291,323,305,557,675,658,305,743
445,1023,0,350,1023,0,466,321,305,463,390,305,557,771,758,305,743
465,1023,0,349,1023,0,453,320,305,363,329,305,558,720,703,305,743
468,1023,0,225,1023,0,390,314,305,326,320,305,558,649,624,305,743
273,1023,0,155,1023,0,440,316,305,310,320,305,558,627,615,305,743
444,1023,0,241,1023,0,451,314,305,279,317,305,558,651,634,305,743
782,1023,0,557,1023,0,498,333,305,411,338,305,558,738,714,305,743
590,1023,0,185,1023,0,446,325,305,374,335,305,558,708,689,305,743
533,1023,0,279,1023,0,201,312,305,253,317,305,558,663,637,305,743
371,1023,0,202,1023,0,422,312,305,354,326,305,558,708,688,305,743
495,1023,0,387,1023,0,453,320,305,357,336,305,558,731,711,305,743
505,1023,0,145,998,0,440,315,305,352,319,305,558,689,672,305,743
472,1023,0,255,1023,0,415,313,305,314,330,305,558,708,691,305,743
521,1023,0,343,1023,0,451,320,305,357,328,305,558,749,727,305,743
554,1023,0,272,1023,0,439,317,305,314,319,305,558,671,656,305,743
576,1023,0,536,1023,0,491,324,305,434,356,305,558,794,779,305,743
811,1023,0,523,1023,0,478,325,305,366,328,305,558,754,719,305,743
344,1023,0,195,1023,0,396,312,305,330,324,305,558,664,651,305,743
463,1023,0,258,1023,0,432,324,305,347,328,305,558,706,686,305,743
373,1023,0,215,1023,0,447,321,305,298,316,305,558,657,647,305,743
425,1023,0,227,1023,0,418,318,305,285,326,305,558,672,659,305,743
431,1023,0,258,1023,0,344,313,305,217,320,305,558,691,674,305,743
668,1023,0,326,1023,0,449,317,305,371,324,305,558,684,647,305,743
474,1023,0,265,1023,0,430,318,305,340,327,305,558,682,671,305,743
406,1023,0,220,1023,0,409,316,305,338,325,305,558,654,635,305,743
447,1023,0,228,1023,0,468,324,305,328,328,305,558,696,681,305,743
340,1023,0,180,1023,0,410,313,305,281,315,305,558,635,627,305,743
596,1023,0,364,1023,0,446,320,305,326,324,305,558,772,759,305,743
442,1023,0,321,1023,0,465,320,305,372,332,305,558,733,714,305,743
406,1023,0,131,832,0,403,310,305,282,313,305,558,672,662,305,743
510,1023,0,237,1023,0,431,320,305,354,326,305,558,660,626,305,743
594,1023,0,351,1023,0,435,317,305,302,322,305,558,703,675,305,743
519,1023,0,412,1023,0,468,329,305,382,336,305,558,722,700,305,743
409,1023,0,224,1023,0,441,321,305,328,324,305,558,687,664,305,743
653,1023,0,451,1023,0,490,329,305,391,340,305,558,673,649,305,743
323,1023,0,219,1023,0,481,323,305,315,317,305,558,692,674,305,743
837,1023,0,528,1023,0,506,330,305,482,360,305,558,779,716,305,743
507,1023,0,366,1023,0,447,320,305,326,325,305,558,719,698,305,743
783,1023,0,378,1023,0,461,326,305,367,329,305,558,694,656,305,743
449,1023,0,445,1023,0,452,322,305,313,320,305,558,729,704,305,743
410,1023,0,458,1023,0,470,326,305,383,343,305,558,748,732,305,743
281,933,0,144,931,0,406,313,305,298,315,305,558,604,587,305,743
439,1023,0,317,1023,0,439,318,305,320,327,305,558,673,660,305,743
390,1023,0,189,1023,0,439,312,305,272,312,305,558,657,644,305,743
527,1023,0,289,1023,0,415,318,305,235,321,305,558,703,687,305,743
547,1023,0,283,1023,0,0,309,305,282,320,305,558,700,684,305,743
355,1023,0,202,1023,0,417,314,305,299,317,305,558,644,623,305,743
369,1023,0,147,1023,0,408,314,305,317,315,305,558,669,655,305,743
365,1023,0,302,1023,0,404,317,305,286,322,305,558,681,670,305,743
467,1023,0,212,1023,0,422,317,305,315,322,305,558,646,626,305,743
418,1023,0,160,1023,0,397,316,305,282,313,305,558,620,605,305,743
574,1023,0,408,1023,0,485,330,305,384,341,305,558,696,635,305,743
356,1023,0,368,1023,0,468,328,305,381,335,305,558,672,658,305,743
458,1023,0,266,1023,0,426,319,305,325,327,305,558,622,601,305,743
458,1023,0,222,1023,0,438,314,305,286,322,305,558,708,692,305,743
723,1023,0,452,1023,0,483,322,305,353,323,305,558,759,689,305,743
386,1023,0,214,1023,0,432,316,305,291,319,305,558,654,644,305,743
453,1023,0,206,1023,0,402,312,305,279,317,305,558,607,588,305,743
404,1023,0,223,1023,0,371,315,305,342,331,305,558,653,634,305,743
450,1023,0,241,1023,0,452,319,305,354,332,305,559,658,641,305,743
602,1023,0,240,1023,0,468,318,305,354,322,305,559,668,638,305,743
435,1023,0,309,1023,0,467,322,305,381,326,305,559,703,680,305,743
521,1023,0,292,1023,0,413,318,305,329,334,305,559,726,710,305,743
428,1023,0,245,1023,0,377,313,305,330,320,305,559,693,683,305,743
498,1023,0,264,1023,0,417,321,305,334,328,305,559,710,689,305,743
411,1023,0,252,1023,0,450,318,305,189,319,305,559,656,643,305,743
482,1023,0,229,1023,0,458,319,305,354,330,305,559,688,665,305,743
663,1023,0,300,1023,0,459,320,305,307,322,305,559,688,655,305,743
448,1023,0,297,1023,0,412,315,305,369,329,305,559,683,645,305,753
546,1023,0,332,1023,0,436,314,305,316,318,305,559,738,729,305,753
499,1023,0,189,1023,0,389,314,305,254,315,305,559,697,677,305,753
615,1023,0,303,1023,0,440,317,305,369,331,305,559,701,686,305,753
497,1023,0,229,1023,0,457,318,305,324,329,305,559,688,669,305,753
543,1023,0,210,1023,0,443,314,305,334,323,305,559,697,677,305,753
362,1023,0,217,1023,0,365,313,305,250,314,305,559,671,658,305,753
657,1023,0,318,1023,0,463,323,305,401,341,305,559,693,661,305,753
329,1023,0,204,1023,0,454,321,305,322,332,305,559,685,675,305,753
548,1023,0,235,1023,0,457,317,305,340,324,305,559,677,654,305,753
393,1023,0,154,1023,0,401,318,305,245,321,305,559,616,594,305,753
465,1023,0,330,1023,0,454,321,305,340,327,305,559,699,678,305,753
464,1023,0,302,1023,0,473,324,305,394,346,305,559,634,613,305,753
682,1023,0,508,1023,0,487,327,305,470,364,305,559,735,700,305,753
351,1023,0,209,1023,0,430,319,305,248,316,305,559,625,604,305,753
505,1023,0,201,1023,0,415,313,305,315,323,305,559,663,645,305,753
462,1023,0,229,1023,0,441,315,305,267,318,305,559,592,565,305,753
462,1023,0,248,1023,0,442,318,305,342,326,305,559,648,633,305,753
456,1023,0,189,1023,0,439,313,305,290,315,305,559,673,659,305,753
473,1023,0,230,1023,0,389,316,305,318,328,305,559,678,663,305,753
438,1023,0,252,1023,0,414,314,305,265,314,305,559,676,669,305,753
592,1023,0,171,897,0,430,317,305,348,322,305,559,693,682,305,753
550,1023,0,275,1023,0,427,315,305,272,317,305,559,616,598,305,753
446,1023,0,201,1023,0,440,321,305,269,321,305,559,685,667,305,753
342,1023,0,193,1023,0,433,319,305,338,327,305,559,639,625,305,753
412,1023,0,250,1023,0,399,314,305,253,317,305,559,671,637,305,753
308,1023,0,191,1023,0,381,314,305,255,314,305,559,621,614,305,753
320,1023,0,212,1023,0,357,311,305,335,321,305,559,625,608,305,753
411,1023,0,259,1023,0,419,315,305,274,316,305,559,666,658,305,753
377,1023,0,205,1023,0,426,319,305,303,326,305,559,647,625,305,753
502,1023,0,354,1023,0,457,320,305,362,335,305,559,712,691,305,753
473,1023,0,136,982,0,371,319,305,296,323,305,559,659,640,305,753
574,1023,0,252,1023,0,424,315,305,311,322,305,559,698,668,305,753
459,1023,0,306,1023,0,440,322,305,320,323,305,559,703,682,305,753
602,1023,0,384,1023,0,473,324,305,366,331,305,559,750,727,305,753
390,1023,0,230,1023,0,446,317,305,289,317,305,559,661,653,305,753
362,1023,0,190,1023,0,423,316,305,245,320,305,559,622,603,305,753
429,1023,0,307,1023,0,325,312,305,268,316,305,559,667,648,305,753
370,1023,0,229,1023,0,366,315,305,228,320,305,559,664,645,305,753
398,1023,0,190,1023,0,387,312,305,316,323,305,559,605,585,305,753
576,1023,0,373,1023,0,470,320,305,360,328,305,559,737,711,305,753
388,1023,0,191,1023,0,400,312,305,285,325,305,559,710,703,305,753
434,1023,0,267,1023,0,394,320,305,319,324,305,560,655,641,305,753
339,1023,0,148,1013,0,379,316,305,0,313,305,560,633,620,305,753
397,1023,0,161,1023,0,404,314,305,279,319,305,560,523,511,305,753
333,1023,0,213,1023,0,447,316,305,275,319,305,560,651,634,305,753
706,1023,0,435,1023,0,472,324,305,381,329,305,560,753,668,305,753
556,1023,0,257,1023,0,398,313,305,297,326,305,560,634,610,305,753
744,1023,0,354,1023,0,448,314,305,283,316,305,560,688,631,305,753
347,1023,0,190,1023,0,409,319,305,283,322,305,560,672,657,305,763
517,1023,0,364,1023,0,441,322,305,311,328,305,560,699,668,305,763
419,1023,0,263,1023,0,379,315,305,350,324,305,560,671,656,305,763
474,1023,0,392,1023,0,433,319,305,309,328,305,560,691,682,305,763
376,1023,0,236,1023,0,424,320,305,199,321,305,560,675,661,305,763
443,1023,0,272,1023,0,452,320,305,331,328,305,560,650,637,305,763
396,1023,0,193,1023,0,403,315,305,287,322,305,560,588,566,305,763
595,1023,0,319,1023,0,454,316,305,313,318,305,560,749,722,305,763
576,1023,0,410,1023,0,462,324,305,364,335,305,560,718,697,305,763
398,1023,0,235,1023,0,446,317,305,284,320,305,560,679,663,305,763
421,1023,0,221,1023,0,386,311,305,301,318,305,560,634,627,305,763
339,1023,0,211,1023,0,403,316,305,276,321,305,560,707,692,305,763
357,1023,0,198,1023,0,440,320,305,339,324,305,560,663,654,305,763
392,1023,0,241,1023,0,431,317,305,269,320,305,560,705,693,305,763
420,1023,0,268,1023,0,462,319,305,343,330,305,560,714,693,305,763
330,1023,0,228,1023,0,452,321,305,368,342,305,560,649,639,305,763
529,1023,0,392,1023,0,462,329,305,352,336,305,560,680,657,305,763
373,1023,0,209,1023,0,428,314,305,285,315,305,560,613,601,305,763
462,1023,0,288,1023,0,441,319,305,362,329,305,560,720,701,305,763
615,1023,0,363,1023,0,466,327,305,375,336,305,560,722,689,305,763
656,1023,0,374,1023,0,461,319,305,336,322,305,560,708,680,305,763
429,1023,0,351,1023,0,420,315,305,248,315,305,560,671,658,305,763
455,1023,0,308,1023,0,422,318,305,344,338,305,560,742,724,305,763
488,1023,0,149,1023,0,423,315,305,310,326,305,560,679,672,305,763
469,1023,0,232,1023,0,424,318,305,320,322,305,560,638,616,305,773
756,1023,0,478,1023,0,487,324,305,398,343,305,560,707,660,305,773
411,1023,0,220,1023,0,430,313,305,330,323,305,560,627,613,305,773
540,1023,0,183,1023,0,481,321,305,312,335,305,560,678,656,305,773
432,1023,0,295,1023,0,456,320,305,277,319,305,560,701,684,305,773
548,1023,0,273,1023,0,386,316,305,330,325,305,560,731,717,305,773
679,1023,0,474,1023,0,503,328,305,389,330,305,560,724,687,305,773
557,1023,0,182,1023,0,411,318,305,321,323,305,560,669,650,305,773
549,1023,0,220,1023,0,435,318,305,354,327,305,560,677,650,305,773
407,1023,0,310,1023,0,439,318,305,335,329,305,560,593,576,305,773
505,1023,0,203,1023,0,410,321,305,273,316,305,561,713,690,305,773
438,1023,0,294,1023,0,421,315,305,311,319,305,561,709,697,305,773
342,1023,0,175,1023,0,425,317,305,303,320,305,561,628,613,305,773
444,1023,0,195,1023,0,403,314,305,297,326,305,561,708,694,305,773
382,1023,0,217,1023,0,299,312,305,211,310,305,561,651,640,305,773
459,1023,0,247,1023,0,430,314,305,298,321,305,561,692,676,305,773
288,1023,0,182,1023,0,393,311,305,266,317,305,561,630,617,305,773
293,1013,0,168,1003,0,201,310,305,225,313,305,561,609,592,305,773
470,1023,0,236,1023,0,428,323,305,290,318,305,561,710,690,305,773
336,1023,0,175,1023,0,424,314,305,295,320,305,561,680,667,305,773
427,1023,0,190,1023,0,393,314,305,206,315,305,561,611,600,305,773
410,1023,0,220,1023,0,439,323,305,245,319,305,561,647,620,305,773
536,1023,0,354,1023,0,421,317,305,339,324,305,561,663,647,305,773
515,1023,0,324,1023,0,450,325,305,355,337,305,561,724,705,305,773
414,1023,0,240,1023,0,418,316,305,330,328,305,561,716,703,305,773
497,1023,0,284,1023,0,440,314,305,263,314,305,561,681,655,305,773
256,1023,0,237,1023,0,445,321,305,281,327,305,561,673,660,305,773
453,1023,0,296,1023,0,414,317,305,307,320,305,561,682,665,305,773
505,1023,0,234,1023,0,417,317,305,285,321,305,561,719,707,305,773
444,1023,0,329,1023,0,448,319,305,324,327,305,561,654,633,305,773
434,957,0,187,967,0,420,312,305,296,313,305,561,624,583,305,773
345,1023,0,123,735,0,425,313,305,263,313,305,561,636,623,305,773
401,1023,0,189,1023,0,401,313,305,331,325,305,561,700,683,305,773
430,1023,0,391,1023,0,441,318,305,361,335,305,561,681,654,305,773
346,1023,0,153,979,0,437,315,305,296,321,305,561,657,639,305,773
522,1023,0,251,1023,0,456,318,305,318,325,305,561,638,623,305,773
514,1023,0,185,1023,0,442,317,305,300,323,305,561,690,676,305,773
514,1023,0,278,1023,0,447,316,305,294,318,305,561,684,653,305,773
411,1023,0,256,1023,0,418,318,305,255,319,305,561,693,684,305,773
405,1023,0,215,1023,0,430,322,305,337,335,305,561,679,668,305,773
441,1023,0,238,1023,0,439,318,305,307,321,305,561,688,666,305,773
469,1023,0,228,1023,0,386,314,305,337,326,305,561,659,642,305,773
591,1023,0,372,1023,0,508,323,305,390,337,305,561,700,663,305,773
602,1023,0,340,1023,0,437,319,305,368,334,305,561,745,721,305,773
613,1023,0,444,1023,0,486,328,305,384,337,305,561,730,707,305,773
363,1023,0,180,1023,0,313,309,305,228,318,305,561,626,608,305,773
408,1023,0,196,1023,0,437,322,305,269,324,305,561,678,664,305,783
553,1023,0,248,1023,0,418,322,305,299,321,305,561,660,640,305,783
427,1023,0,243,1023,0,409,318,305,348,319,305,561,662,641,305,783
553,1023,0,456,1023,0,464,321,305,327,326,305,561,763,732,305,783
652,1023,0,423,1023,0,500,334,305,415,339,305,561,661,626,305,783
549,1023,0,389,1023,0,480,326,305,343,321,305,561,703,642,305,783
589,1023,0,249,1023,0,497,329,305,350,321,305,562,655,637,305,783
522,1023,0,461,1023,0,435,321,305,328,323,305,562,726,719,305,783
392,1023,0,175,1023,0,423,319,305,301,323,305,562,660,643,305,783
724,1023,0,436,1023,0,455,317,305,374,326,305,562,728,657,305,783
391,1023,0,200,1023,0,470,318,305,330,325,305,562,643,614,305,783
424,1023,0,186,921,0,500,324,305,258,316,305,562,487,470,305,783
313,1023,0,361,1023,0,457,316,305,340,324,305,562,623,603,305,783
390,1023,0,222,1023,0,428,321,305,277,317,305,562,654,646,305,783
429,1023,0,220,1023,0,197,312,305,252,317,305,562,661,645,305,783
427,1023,0,221,1023,0,0,316,305,253,315,305,562,714,695,305,783
367,1023,0,277,1023,0,399,313,305,195,319,305,562,665,654,305,783
719,1023,0,584,1023,0,485,327,305,394,343,305,562,803,780,305,783
444,1023,0,245,1023,0,423,316,305,331,332,305,562,693,670,305,783
438,1023,0,238,1023,0,445,319,305,309,324,305,562,659,637,305,783
396,1023,0,259,1023,0,427,316,305,325,322,305,562,651,638,305,783
466,1023,0,206,1008,0,432,316,305,352,331,305,562,666,641,305,783
476,1023,0,342,1023,0,467,323,305,369,331,305,562,736,718,305,783
497,1023,0,288,1023,0,457,317,305,354,328,305,562,620,592,305,783
741,1023,0,442,1023,0,458,320,305,387,329,305,562,722,695,305,783
397,1023,0,249,1023,0,425,319,305,308,322,305,562,610,593,305,783
678,1023,0,329,1023,0,498,329,305,417,339,305,562,728,708,305,783
445,1023,0,262,1023,0,455,324,305,350,325,305,562,695,683,305,783
610,1023,0,392,1023,0,478,330,305,399,342,305,562,729,716,305,783
402,1023,0,275,1023,0,374,312,305,246,315,305,562,668,650,305,783
493,1023,0,336,1023,0,448,321,305,304,318,305,562,698,676,305,783
551,1023,0,349,1023,0,464,321,305,366,331,305,562,716,695,305,783
683,1023,0,609,1023,0,505,338,305,447,361,305,562,756,720,305,783
345,1023,0,174,1023,0,369,313,305,276,317,305,562,619,604,305,783
436,1023,0,306,1023,0,458,324,305,337,330,305,562,686,654,305,783
436,1023,0,219,1023,0,444,318,305,320,323,305,562,672,659,305,783
528,1023,0,322,1023,0,488,332,305,362,331,305,562,672,651,305,783
406,1023,0,214,1023,0,438,321,305,296,317,305,562,673,652,305,783
416,1023,0,242,1023,0,309,310,305,332,320,305,562,680,656,305,783
487,1023,0,304,1023,0,428,320,305,330,325,305,562,701,683,305,783
517,1023,0,238,1023,0,340,318,305,273,316,305,562,691,663,305,783
422,1023,0,309,1023,0,386,314,305,303,320,305,562,631,614,305,783
411,1023,0,474,1023,0,466,326,305,365,340,305,562,722,698,305,783
437,1023,0,243,1023,0,429,314,305,298,323,305,562,686,659,305,783
344,1023,0,216,1023,0,405,314,305,0,310,305,562,691,678,305,783
577,1023,0,306,1023,0,463,321,305,390,335,305,562,750,729,305,783
592,1023,0,223,1023,0,482,325,305,369,331,305,562,698,678,305,783
527,1023,0,248,1023,0,461,317,305,322,321,305,562,685,672,305,783
394,1023,0,236,1023,0,412,320,305,330,324,305,562,692,679,305,783
514,1023,0,306,1023,0,440,317,305,330,318,305,562,667,646,305,783
676,1023,0,401,1023,0,461,318,305,333,324,305,562,724,657,305,783
380,1023,0,233,1023,0,453,318,305,363,331,305,562,691,676,305,783
465,1023,0,249,1023,0,421,317,305,284,322,305,562,675,648,305,783
471,1023,0,221,1023,0,250,310,305,283,317,305,562,653,618,305,783
552,1023,0,308,1023,0,453,327,305,339,337,305,562,666,644,305,783
440,1023,0,212,1023,0,426,311,305,203,314,305,562,671,660,305,783
588,1023,0,398,1023,0,401,315,305,316,316,305,562,719,697,305,783
325,1023,0,250,1023,0,397,317,305,231,319,305,562,658,646,305,783
458,1023,0,209,1023,0,479,322,305,324,320,305,562,638,617,305,783
620,1023,0,479,1023,0,479,325,305,361,333,305,562,737,708,305,783
353,1023,0,259,1023,0,391,313,305,306,318,305,562,720,707,305,783
533,1023,0,317,1023,0,458,325,305,341,332,305,562,685,667,305,783
495,1023,0,333,1023,0,461,321,305,338,332,305,562,733,716,305,783
357,1023,0,337,1023,0,397,315,305,348,327,305,562,722,696,305,783
658,1023,0,222,1023,0,476,328,305,385,345,305,562,707,684,305,783
495,1023,0,267,1023,0,454,319,305,466,371,305,562,735,720,305,783
365,1023,0,289,1023,0,451,324,305,318,324,305,562,659,646,305,783
581,1023,0,362,1023,0,464,319,305,317,321,305,562,763,742,305,783
638,1023,0,371,1023,0,435,323,305,354,331,305,563,762,740,305,783
318,1023,0,190,1023,0,351,312,305,305,330,305,563,617,601,305,783
431,1023,0,250,1023,0,415,314,305,299,320,305,563,655,622,305,783
514,1023,0,402,1023,0,431,320,305,330,327,305,563,723,699,305,783
440,1023,0,264,1023,0,457,317,305,361,324,305,563,708,692,305,783
389,1023,0,224,1023,0,432,319,305,363,323,305,563,642,620,305,783
535,1023,0,326,1023,0,465,325,305,400,348,305,563,719,696,305,783
497,1023,0,337,1023,0,486,331,305,383,342,305,563,768,752,305,783
412,1023,0,246,1023,0,461,317,305,322,322,305,563,670,655,305,783
497,1023,0,321,1023,0,365,316,305,316,325,305,563,683,666,305,783
737,1023,0,489,1023,0,488,324,305,404,337,305,563,754,713,305,783
428,1023,0,211,1023,0,445,324,305,269,327,305,563,661,647,305,783
540,1023,0,336,1023,0,454,322,305,337,330,305,563,734,715,305,783
382,1023,0,218,1023,0,411,313,305,263,315,305,563,667,643,305,783
441,1023,0,267,1023,0,452,315,305,313,323,305,563,713,699,305,783
403,1023,0,223,1023,0,298,316,305,263,325,305,563,686,667,305,783
593,1023,0,286,1023,0,434,317,305,323,327,305,563,665,653,305,783
488,1023,0,417,1023,0,452,323,305,391,341,305,563,761,736,305,783
526,1023,0,261,1023,0,420,320,305,291,324,305,563,717,692,305,783
574,1023,0,355,1023,0,466,327,305,316,332,305,563,759,747,305,783
445,1023,0,325,1023,0,375,313,305,265,321,305,563,761,741,305,783
246,1003,0,179,1023,0,458,334,305,439,384,305,563,371,341,305,783
483,1023,0,177,1023,0,389,320,305,330,332,305,563,681,667,305,783
387,1023,0,235,1023,0,431,318,305,345,333,305,563,680,667,305,783
310,1023,0,216,1023,0,428,317,305,287,316,305,563,623,606,305,783
621,1023,0,344,1023,0,440,317,305,302,327,305,563,682,660,305,783
420,1023,0,292,1023,0,434,317,305,356,334,305,563,640,630,305,783
470,1023,0,306,1023,0,463,321,305,346,327,305,563,670,650,305,783
632,1023,0,377,1023,0,442,321,305,352,334,305,563,728,708,305,783
429,1023,0,333,1023,0,431,318,305,352,324,305,563,669,651,305,783
448,1023,0,320,1023,0,439,315,305,285,317,305,563,742,720,305,783
346,1023,0,221,1023,0,380,315,305,300,320,305,563,654,633,305,783
526,1023,0,282,1023,0,434,318,305,314,324,305,563,742,718,305,783
438,1023,0,264,1023,0,430,317,305,336,326,305,563,649,638,305,783
457,1023,0,347,1023,0,443,322,305,347,332,305,563,739,721,305,783
487,1023,0,308,1023,0,448,316,305,334,325,305,563,631,610,305,783
667,1023,0,281,1023,0,430,319,305,333,321,305,563,687,660,305,783
471,1023,0,252,1023,0,354,316,305,314,321,305,563,703,685,305,783
520,1023,0,355,1023,0,437,319,305,354,327,305,563,721,690,305,783
375,1023,0,240,1023,0,415,315,305,311,326,305,563,684,671,305,783
843,1023,0,471,1023,0,501,325,305,384,328,305,563,754,684,305,783
515,1023,0,230,1023,0,394,314,305,305,320,305,563,684,659,305,783
548,1023,0,235,1023,0,452,319,305,310,323,305,563,671,654,305,783
439,1023,0,284,1023,0,468,324,305,336,323,305,563,740,721,305,783
476,1023,0,432,1023,0,458,324,305,357,333,305,563,679,656,305,783
338,1023,0,153,1015,0,110,311,305,276,315,305,563,621,604,305,783
377,1023,0,222,1023,0,437,316,305,301,318,305,563,643,630,305,783
424,1023,0,223,1023,0,410,316,305,318,320,305,563,678,657,305,783
609,1023,0,283,1023,0,432,317,305,283,322,305,563,689,671,305,793
465,1023,0,207,1023,0,393,316,305,320,325,305,563,643,624,305,793
449,1023,0,221,1023,0,425,315,305,295,325,305,563,686,675,305,793
349,1023,0,208,1023,0,452,323,305,328,327,305,563,704,689,305,793
427,1023,0,196,1023,0,374,313,305,220,316,305,563,705,695,305,793
331,1023,0,176,1023,0,427,314,305,302,319,305,563,649,633,305,793
457,1023,0,265,1023,0,449,315,305,419,339,305,563,697,676,305,793
451,1023,0,272,1023,0,446,324,305,395,342,305,563,693,667,305,793
440,1023,0,256,1023,0,445,318,305,344,324,305,563,688,676,305,793
507,1023,0,292,1023,0,327,315,305,250,317,305,563,694,663,305,793
364,1023,0,250,1023,0,412,314,305,246,322,305,563,653,622,305,793
504,1023,0,391,1023,0,463,320,305,369,332,305,563,704,668,305,793
505,1023,0,324,1023,0,389,313,305,264,311,305,563,675,649,305,793
578,1023,0,262,1023,0,457,322,305,365,331,305,563,789,777,305,793
493,1023,0,376,1023,0,463,321,305,378,330,305,563,721,689,305,793
433,1023,0,297,1023,0,474,321,305,402,335,305,563,680,654,305,793
459,1023,0,351,1023,0,470,323,305,354,339,305,563,692,675,305,793
436,1023,0,216,1023,0,414,317,305,322,322,305,563,679,658,305,793
819,1023,0,480,1023,0,503,320,305,417,326,305,563,739,663,305,793
701,1023,0,527,1023,0,495,337,305,405,363,305,564,688,659,305,793
344,1023,0,191,1023,0,381,316,305,307,316,305,564,674,659,305,793
470,1023,0,440,1023,0,458,319,305,315,323,305,564,722,705,305,793
467,1023,0,212,1023,0,419,319,305,279,320,305,564,661,650,305,793
449,1023,0,358,1023,0,427,316,305,288,321,305,564,767,753,305,793
421,1023,0,181,1023,0,383,316,305,321,316,305,564,609,595,305,793
357,1023,0,241,1023,0,426,315,305,253,319,305,564,692,676,305,793
403,1023,0,180,1023,0,379,315,305,270,322,305,564,606,593,305,793
501,1023,0,242,1023,0,455,321,305,364,329,305,564,705,692,305,793
409,1023,0,242,1023,0,441,318,305,340,334,305,564,693,680,305,793
385,1023,0,199,1023,0,339,313,305,286,317,305,564,640,615,305,793
563,1023,0,339,1023,0,466,320,305,372,333,305,564,741,726,305,793
337,1023,0,212,1023,0,409,313,305,243,319,305,564,679,669,305,793
628,1023,0,321,1023,0,452,318,305,283,316,305,564,727,650,305,793
447,1023,0,206,1023,0,396,316,305,332,335,305,564,699,688,305,793
385,1023,0,219,1023,0,391,320,305,277,316,305,564,658,642,305,793
637,1023,0,323,1023,0,433,319,305,354,327,305,564,672,645,305,793
413,1023,0,214,1023,0,426,315,305,268,316,305,564,720,699,305,793
405,1023,0,277,1023,0,413,315,305,298,321,305,564,545,515,305,793
379,1023,0,233,1023,0,364,315,305,356,335,305,564,678,665,305,793
453,1023,0,226,1023,0,409,317,305,318,324,305,564,751,741,305,793
412,1023,0,221,1023,0,448,317,305,305,321,305,564,678,668,305,793
394,1023,0,333,1023,0,502,327,305,408,339,305,564,735,712,305,793
387,1023,0,469,1023,0,467,324,305,374,336,305,564,706,680,305,793
673,1023,0,292,1023,0,510,340,305,425,362,305,564,744,714,305,793
494,1023,0,281,1023,0,438,321,305,355,327,305,564,678,651,305,793
483,1023,0,455,1023,0,446,322,305,378,347,305,564,749,732,305,793
459,1023,0,291,1023,0,433,322,305,340,321,305,564,672,657,305,793
622,1023,0,282,1023,0,444,316,305,358,329,305,564,675,658,305,793
398,1023,0,406,1023,0,483,334,305,378,338,305,564,700,692,305,793
656,1023,0,226,1023,0,459,319,305,372,328,305,564,666,631,305,793
422,1023,0,152,908,0,511,324,305,428,338,305,564,685,648,305,793
410,1023,0,459,1023,0,460,321,305,350,324,305,564,779,763,305,793
594,1023,0,266,1023,0,604,357,305,467,352,305,564,677,638,305,793
547,1023,0,296,1023,0,463,318,305,365,327,305,564,670,638,305,793
545,1023,0,275,1023,0,490,327,305,383,337,305,564,686,651,305,793
627,1023,0,283,1012,0,481,318,305,396,330,305,564,708,613,305,793
626,1023,0,220,1023,0,319,313,305,0,308,305,564,717,702,305,793
380,1023,0,364,1023,0,0,305,305,0,319,305,564,658,638,305,793
787,1023,0,468,1023,0,0,305,305,0,309,305,565,664,639,305,793
537,1023,0,246,1023,0,460,325,305,352,320,305,565,715,698,305,793
511,1023,0,207,1023,0,419,318,305,350,327,305,565,663,622,305,793
358,1023,0,226,1023,0,431,313,305,283,318,305,565,652,637,305,793
470,1023,0,251,1023,0,461,326,305,384,335,305,565,670,655,305,793
397,1023,0,223,1023,0,440,317,305,303,318,305,565,698,678,305,793
332,1023,0,216,1023,0,406,316,305,315,324,305,565,649,633,305,793
343,972,0,235,1023,0,438,317,305,379,341,305,565,362,342,305,793
426,1023,0,229,1023,0,0,308,305,272,318,305,565,673,641,305,793
430,1023,0,247,1023,0,408,315,305,294,325,305,565,672,650,305,793
505,1023,0,237,1023,0,432,318,305,324,322,305,565,708,694,305,793
562,1023,0,388,1023,0,458,322,305,349,324,305,565,708,680,305,793
443,1023,0,209,1023,0,416,312,305,287,321,305,565,587,568,305,793
498,1023,0,278,1023,0,437,320,305,270,327,305,565,674,651,305,793
401,1023,0,225,1023,0,458,319,305,241,319,305,565,660,651,305,793
482,1023,0,315,1023,0,476,327,305,338,336,305,565,686,667,305,793
391,1023,0,251,1023,0,428,319,305,327,319,305,565,656,641,305,803
739,1023,0,353,1023,0,481,329,305,393,339,305,565,722,686,305,803
465,1023,0,230,1023,0,401,312,305,270,319,305,565,693,678,305,803
328,1023,0,143,984,0,434,315,305,284,318,305,565,633,622,305,803
438,1023,0,236,1023,0,400,314,305,310,317,305,565,553,538,305,803
345,1023,0,234,1023,0,418,313,305,316,319,305,565,713,694,305,803
343,1023,0,167,1023,0,442,320,305,300,316,305,565,659,648,305,803
591,1023,0,329,1023,0,486,328,305,383,345,305,565,688,664,305,803
325,1023,0,392,1023,0,427,320,305,370,343,305,565,699,682,305,803
469,1023,0,234,1023,0,427,319,305,298,318,305,565,694,672,305,803
495,1023,0,235,1023,0,416,317,305,314,317,305,565,650,638,305,803
405,1023,0,416,1023,0,425,317,305,321,328,305,565,663,634,305,803
415,1023,0,246,1023,0,537,337,305,367,331,305,565,674,651,305,803
651,1023,0,593,1023,0,532,327,305,407,334,305,565,672,658,305,803
249,927,0,265,1023,0,491,319,305,324,322,305,565,726,710,305,803
816,1023,0,548,1023,0,514,320,305,438,333,305,565,748,650,305,803
438,1023,0,195,1023,0,460,315,305,288,318,305,565,696,682,305,803
441,1023,0,421,1023,0,464,326,305,352,331,305,565,768,742,305,803
402,1023,0,250,1023,0,487,326,305,373,336,305,565,675,643,305,803
406,1023,0,161,1023,0,450,315,305,320,324,305,565,680,670,305,803
384,1023,0,241,1023,0,285,313,305,303,319,305,565,656,639,305,803
431,1023,0,359,1023,0,448,319,305,333,324,305,565,719,703,305,803
443,1023,0,122,900,0,362,313,305,250,317,305,565,668,652,305,803
486,1023,0,358,1023,0,424,319,305,331,322,305,566,732,713,305,803
538,1023,0,261,1023,0,405,316,305,351,329,305,566,677,653,305,803
279,1023,0,302,1023,0,509,324,305,414,326,305,566,692,660,305,803
363,1023,0,245,1023,0,466,320,305,354,322,305,566,654,636,305,803
514,1023,0,458,1023,0,518,327,305,438,352,305,566,755,721,305,803
441,1023,0,197,1023,0,453,320,305,260,319,305,566,628,592,305,803
294,1023,0,235,1023,0,410,315,305,212,318,305,566,661,649,305,803
451,1023,0,289,1023,0,418,314,305,265,313,305,566,714,687,305,803
291,1023,0,151,1023,0,292,311,305,241,316,305,566,515,492,305,803
449,1023,0,252,1023,0,457,325,305,366,325,305,566,659,636,305,803
509,1023,0,176,1023,0,425,317,305,319,321,305,566,626,595,305,803
569,1023,0,367,1023,0,370,313,305,288,327,305,566,705,681,305,803
570,1023,0,384,1023,0,443,319,305,354,323,305,566,755,730,305,803
387,1023,0,206,1023,0,401,315,305,311,318,305,566,658,645,305,803
582,1023,0,361,1023,0,424,320,305,351,330,305,566,736,723,305,803
431,1023,0,276,1023,0,349,320,305,269,325,305,566,679,658,305,803
417,1023,0,253,1023,0,433,314,305,289,326,305,566,677,667,305,803
526,1023,0,276,1023,0,435,312,305,257,318,305,566,699,679,305,803
390,1023,0,255,1023,0,465,322,305,347,332,305,566,686,674,305,803
357,1023,0,150,953,0,420,313,305,288,315,305,566,606,592,305,803
553,1023,0,422,1023,0,480,329,305,366,340,305,566,729,712,305,803
303,1023,0,178,1023,0,397,316,305,297,316,305,566,650,632,305,803
422,1023,0,178,1023,0,435,314,305,270,319,305,566,684,661,305,803
505,1023,0,278,1023,0,419,314,305,316,316,305,566,657,638,305,803
322,1023,0,317,1023,0,408,323,305,318,330,305,566,726,715,305,803
667,1023,0,352,1023,0,474,322,305,402,347,305,566,711,664,305,803
508,1023,0,344,1023,0,458,326,305,343,328,305,566,699,679,305,803
235,888,0,259,1023,0,462,320,305,367,334,305,566,355,337,305,803
778,1023,0,536,1023,0,488,326,305,406,341,305,566,779,737,305,803
469,1023,0,115,861,0,418,313,305,255,319,305,566,651,626,305,803
489,1023,0,234,1023,0,444,319,305,343,323,305,566,691,686,305,803
269,1023,0,180,1023,0,298,311,305,66,314,305,566,634,628,305,803
482,1023,0,224,1023,0,428,318,305,253,316,305,566,704,687,305,803
373,1023,0,196,1023,0,423,317,305,311,322,305,566,686,670,305,803
480,1023,0,273,1023,0,428,318,305,323,327,305,566,713,695,305,803
359,1023,0,174,1023,0,396,311,305,326,323,305,566,580,561,305,803
340,1023,0,213,1023,0,413,318,305,302,318,305,566,647,629,305,803
513,1023,0,297,1023,0,451,319,305,329,326,305,566,708,694,305,803
481,1023,0,235,1023,0,461,320,305,328,329,305,566,674,660,305,803
580,1023,0,227,1023,0,417,317,305,312,325,305,566,681,658,305,803
423,1023,0,310,1023,0,441,319,305,347,332,305,566,653,643,305,803
484,1023,0,230,1023,0,0,312,305,276,316,305,566,646,619,305,803
588,1023,0,288,1023,0,438,318,305,329,323,305,566,678,646,305,803
371,1023,0,234,1023,0,458,320,305,359,328,305,566,641,610,305,803
580,1023,0,310,1023,0,470,324,305,354,328,305,566,681,646,305,803
452,1023,0,203,1023,0,436,319,305,406,358,305,566,663,641,305,803
371,1023,0,201,1023,0,408,313,305,284,320,305,566,687,676,305,803
389,1023,0,166,1023,0,443,318,305,321,321,305,566,618,603,305,803
481,1023,0,236,1023,0,360,317,305,278,321,305,566,622,603,305,803
549,1023,0,191,1023,0,336,315,305,293,319,305,566,648,635,305,803
395,1023,0,321,1023,0,458,321,305,348,325,305,566,674,651,305,803
384,1023,0,196,1023,0,413,318,305,223,315,305,566,660,647,305,803
362,1023,0,235,1023,0,477,328,305,368,331,305,567,688,664,305,803
362,1023,0,200,1023,0,379,311,305,267,316,305,567,657,645,305,803
476,1023,0,126,727,0,376,314,305,293,320,305,567,635,620,305,803
653,1023,0,241,1023,0,365,320,305,303,323,305,567,677,658,305,803
643,1023,0,420,1023,0,491,323,305,372,336,305,567,763,743,305,813
604,1023,0,364,1023,0,481,321,305,346,324,305,567,672,649,305,813
541,1023,0,235,1023,0,443,319,305,370,336,305,567,695,668,305,813
558,1023,0,303,1023,0,435,319,305,318,325,305,567,695,673,305,813
481,1023,0,248,1023,0,407,314,305,309,322,305,567,666,647,305,813
614,1023,0,405,1023,0,460,320,305,398,340,305,567,717,703,305,813
552,1023,0,230,1023,0,467,323,305,326,333,305,567,676,655,305,813
490,1023,0,274,1023,0,392,319,305,310,324,305,567,689,674,305,813
499,1023,0,285,1023,0,430,317,305,283,326,305,567,622,600,305,813
349,1023,0,159,1023,0,359,314,305,152,313,305,567,623,605,305,813
383,1023,0,247,1023,0,323,317,305,330,322,305,567,646,628,305,813
449,1023,0,261,1023,0,386,317,305,294,323,305,567,689,673,305,813
627,1023,0,363,1023,0,420,315,305,295,321,305,567,757,728,305,813
439,1023,0,209,1023,0,425,321,305,270,325,305,567,706,685,305,813
439,1023,0,222,1023,0,387,314,305,338,324,305,567,663,646,305,813
415,1023,0,237,1023,0,465,321,305,334,332,305,567,704,692,305,813
493,1023,0,299,1023,0,402,314,305,353,328,305,567,656,631,305,813
441,1023,0,295,1023,0,468,326,305,349,332,305,567,701,690,305,813
431,1023,0,252,1023,0,436,317,305,343,335,305,567,647,635,305,813
533,1023,0,397,1023,0,462,322,305,395,343,305,567,697,681,305,813
522,1023,0,400,1023,0,425,321,305,340,325,305,567,734,724,305,813
453,1023,0,334,1023,0,413,317,305,203,317,305,567,614,596,305,813
362,1023,0,196,1023,0,457,324,305,348,329,305,567,580,568,305,813
396,1023,0,191,1023,0,0,311,305,281,316,305,567,687,675,305,813
413,1023,0,191,1023,0,422,320,305,371,338,305,567,656,643,305,813
374,1023,0,234,1023,0,435,316,305,287,324,305,567,620,602,305,813
382,1023,0,335,1023,0,470,324,305,372,339,305,567,686,665,305,813
474,1023,0,230,1023,0,424,319,305,306,319,305,567,666,637,305,813
412,1023,0,173,849,0,417,314,305,317,315,305,567,647,623,305,813
598,1023,0,292,1023,0,460,321,305,314,328,305,567,690,666,305,813
501,1023,0,179,926,0,435,313,305,286,313,305,567,662,627,305,813
426,1023,0,274,1023,0,427,317,305,303,323,305,567,678,665,305,813
412,1023,0,231,1023,0,459,320,305,349,324,305,567,627,609,305,813
539,1023,0,203,999,0,460,320,305,338,322,305,567,664,638,305,813
467,1023,0,316,1023,0,458,322,305,341,331,305,567,688,672,305,813
454,1023,0,227,1023,0,432,315,305,298,318,305,567,590,556,305,813
604,1023,0,304,1023,0,446,319,305,377,335,305,567,656,629,305,813
351,1023,0,161,1023,0,375,315,305,314,323,305,567,644,634,305,813
510,1023,0,260,1023,0,420,315,305,328,322,305,567,687,663,305,813
510,1023,0,292,1023,0,517,332,305,481,359,305,567,717,680,305,813
494,1023,0,312,1023,0,458,322,305,347,333,305,567,721,690,305,813
245,1004,0,205,1023,0,355,310,305,303,316,305,567,615,607,305,813
518,1023,0,198,1023,0,421,314,305,288,322,305,568,668,645,305,823
486,1023,0,286,1023,0,347,318,305,366,337,305,568,708,696,305,823
354,1023,0,120,796,0,0,312,305,0,310,305,568,572,558,305,833
597,1023,0,252,1023,0,406,316,305,314,317,305,568,644,609,305,833
323,1023,0,207,1023,0,435,323,305,301,326,305,568,690,677,305,833
559,1023,0,282,1023,0,420,317,305,290,318,305,568,634,583,305,833
418,1023,0,191,1023,0,493,321,305,382,328,305,568,569,539,305,833
618,1023,0,362,1023,0,477,324,305,385,329,305,568,705,683,305,833
463,1023,0,367,1023,0,533,328,305,444,338,305,568,695,675,305,833
579,1023,0,218,1023,0,537,329,305,474,343,305,568,732,705,305,833
320,1023,0,382,1023,0,527,327,305,433,337,305,568,759,740,305,833
356,1023,0,413,1023,0,578,350,305,506,360,305,568,717,684,305,833
325,1023,0,327,1023,0,589,355,305,503,349,305,568,687,643,305,833
527,1023,0,357,1023,0,0,305,305,0,308,305,568,692,675,305,833
701,1023,0,437,1023,0,0,313,305,0,316,305,568,717,664,305,833
333,1023,0,207,1023,0,453,319,305,269,319,305,568,657,635,305,833
330,1023,0,201,1023,0,486,321,305,409,328,305,568,654,619,305,833
338,1023,0,204,1023,0,445,317,305,316,323,305,568,648,630,305,833
340,1023,0,147,877,0,417,318,305,264,318,305,568,586,564,305,833
792,1023,0,528,1023,0,525,328,305,420,326,305,568,756,688,305,833
335,1023,0,167,1023,0,440,314,305,329,320,305,568,596,574,305,833
625,915,0,253,772,0,501,324,305,401,326,305,568,722,690,305,833
459,1023,0,287,1023,0,507,323,305,430,337,305,568,694,654,305,833
531,1023,0,234,1023,0,466,318,305,347,322,305,568,670,641,305,833
460,1023,0,207,1023,0,396,314,305,200,314,305,568,682,671,305,833
628,1023,0,266,1023,0,411,315,305,253,319,305,568,664,636,305,833
323,965,0,155,860,0,440,316,305,331,320,305,568,612,579,305,833
557,1023,0,430,1023,0,458,318,305,355,331,305,569,698,678,305,833
522,1023,0,226,1023,0,469,321,305,318,323,305,569,697,682,305,833
722,1023,0,298,1023,0,480,321,305,371,328,305,569,748,731,305,833
378,1023,0,256,1023,0,457,322,305,334,328,305,569,696,684,305,833
748,1023,0,538,1023,0,481,324,305,393,332,305,569,737,662,305,833
580,1023,0,474,1023,0,464,320,305,391,335,305,569,674,618,305,833
465,1023,0,412,1023,0,428,322,305,356,332,305,569,685,672,305,833
448,1023,0,300,1023,0,481,323,305,362,325,305,569,699,684,305,833
301,1023,0,185,1023,0,435,316,305,327,322,305,569,683,673,305,833
634,1023,0,384,1023,0,448,320,305,334,323,305,569,752,687,305,833
445,1023,0,244,1023,0,450,318,305,314,325,305,569,715,699,305,833
494,1023,0,234,1023,0,457,317,305,343,326,305,569,656,629,305,833
538,1023,0,358,1023,0,435,315,305,322,316,305,569,686,670,305,833
533,1023,0,224,1023,0,445,322,305,334,329,305,569,694,682,305,833
458,1023,0,235,1023,0,435,323,305,270,319,305,569,728,699,305,833
442,1023,0,350,1023,0,434,314,305,335,324,305,569,715,704,305,833
679,1023,0,427,1023,0,492,332,305,359,337,305,569,677,656,305,833
426,1023,0,280,1023,0,442,320,305,336,326,305,569,686,674,305,833
749,1023,0,408,1023,0,469,315,305,360,320,305,569,714,628,305,833
528,1023,0,227,1023,0,443,321,305,353,330,305,569,691,665,305,833
271,953,0,144,945,0,435,315,305,278,316,305,569,617,593,305,833
571,1023,0,440,1023,0,486,329,305,407,357,305,569,711,684,305,833
470,1023,0,220,1023,0,418,313,305,326,324,305,569,704,692,305,833
788,1023,0,542,1023,0,508,332,305,410,337,305,569,793,755,305,833
358,1023,0,186,1023,0,357,314,305,317,321,305,569,656,638,305,833
544,1023,0,340,1023,0,485,325,305,364,339,305,569,766,751,305,833
516,1023,0,375,1023,0,508,328,305,467,385,305,569,719,713,305,833
505,1023,0,229,1023,0,452,316,305,328,322,305,569,710,684,305,833
514,1023,0,274,1023,0,480,323,305,414,355,305,569,660,646,305,833
341,1023,0,213,1023,0,395,316,305,307,323,305,569,653,633,305,833
331,1023,0,207,1023,0,396,314,305,250,315,305,569,644,637,305,833
459,1023,0,343,1023,0,450,321,305,344,321,305,569,690,674,305,833
576,1023,0,496,1023,0,472,320,305,329,325,305,569,731,705,305,833
337,1023,0,277,1023,0,415,316,305,282,319,305,569,608,590,305,833
512,1023,0,293,1023,0,433,315,305,331,320,305,569,676,651,305,843
309,1023,0,162,1023,0,452,321,305,337,323,305,569,659,644,305,843
525,1023,0,424,1023,0,475,325,305,370,333,305,569,704,682,305,843
518,1023,0,467,1023,0,470,320,305,382,341,305,569,704,689,305,843
493,1023,0,335,1023,0,434,321,305,321,328,305,569,723,698,305,843
399,1023,0,369,1023,0,458,323,305,355,326,305,569,688,677,305,843
435,1023,0,326,1023,0,453,323,305,318,333,305,569,696,681,305,843
358,1023,0,242,1023,0,397,314,305,306,319,305,569,629,617,305,843
664,1023,0,308,1023,0,464,323,305,308,326,305,569,725,700,305,843
384,1023,0,375,1023,0,452,319,305,336,320,305,569,689,671,305,843
698,1023,0,312,1023,0,448,316,305,351,323,305,569,734,708,305,843
414,1023,0,339,1023,0,468,323,305,343,327,305,569,711,693,305,843
503,1023,0,234,1023,0,418,324,305,374,344,305,569,706,687,305,843
416,1023,0,228,1023,0,433,320,305,283,328,305,569,645,626,305,843
561,1023,0,308,1023,0,476,324,305,358,331,305,569,679,648,305,843
492,1023,0,236,1023,0,462,325,305,364,326,305,569,693,681,305,843
584,1023,0,572,1023,0,534,341,305,413,338,305,570,777,763,305,843
249,1023,0,251,1023,0,452,321,305,348,321,305,570,676,649,305,843
829,1023,0,484,1023,0,469,322,305,358,328,305,570,717,674,305,843
655,1023,0,294,1023,0,462,320,305,360,329,305,570,675,648,305,843
720,1023,0,380,1023,0,479,320,305,363,323,305,570,740,674,305,843
418,1023,0,330,1023,0,372,317,305,294,322,305,570,720,709,305,843
403,1023,0,362,1023,0,414,318,305,301,316,305,570,685,672,305,843
458,1023,0,159,1013,0,440,315,305,225,315,305,570,703,695,305,843
705,1023,0,363,1023,0,517,320,305,387,323,305,570,721,661,305,843
359,1023,0,163,1023,0,427,319,305,249,314,305,570,696,684,305,843
403,1023,0,229,1023,0,454,322,305,312,321,305,570,708,694,305,843
428,1023,0,362,1023,0,440,322,305,381,337,305,570,741,714,305,843
419,1023,0,155,1021,0,450,313,305,311,321,305,570,656,637,305,843
227,902,0,198,1023,0,443,318,305,318,324,305,570,678,667,305,843
503,1023,0,266,1023,0,335,313,305,335,319,305,570,604,577,305,843
407,1023,0,347,1023,0,400,315,305,265,320,305,570,754,743,305,843
574,1023,0,441,1023,0,469,328,305,343,323,305,570,728,710,305,843
385,1023,0,233,1023,0,406,312,305,276,321,305,570,649,634,305,843
594,1023,0,468,1023,0,461,326,305,382,337,305,570,801,777,305,843
390,1023,0,259,1023,0,397,317,305,286,322,305,570,662,648,305,843
561,1023,0,495,1023,0,472,327,305,402,343,305,570,686,662,305,843
563,1023,0,450,1023,0,455,323,305,302,325,305,570,728,693,305,843
518,1023,0,327,1023,0,454,320,305,276,321,305,570,769,743,305,843
398,1023,0,200,1023,0,257,311,305,272,315,305,570,625,610,305,843
510,1023,0,353,1023,0,446,321,305,352,333,305,570,687,667,305,843
361,1023,0,227,1023,0,416,314,305,284,321,305,570,654,633,305,843
338,1023,0,236,1023,0,455,322,305,299,325,305,570,669,655,305,843
629,1023,0,269,1023,0,445,316,305,383,329,305,570,702,681,305,843
425,1023,0,206,1023,0,329,309,305,182,314,305,570,676,656,305,843
609,1023,0,231,1023,0,406,313,305,337,322,305,570,690,672,305,843
443,1023,0,199,1023,0,428,318,305,280,318,305,570,676,661,305,843
509,1023,0,150,1023,0,439,315,305,316,323,305,570,634,618,305,843
519,1023,0,329,1023,0,469,326,305,374,343,305,570,715,700,305,843
437,1023,0,274,1023,0,332,311,305,328,318,305,570,673,653,305,843
397,1023,0,186,1023,0,417,318,305,297,319,305,570,667,648,305,843
511,1023,0,324,1023,0,471,326,305,328,326,305,570,678,653,305,843
410,1023,0,226,1023,0,412,315,305,291,324,305,570,664,653,305,843
533,1023,0,328,1023,0,422,315,305,319,324,305,570,728,711,305,843
496,1023,0,344,1023,0,325,316,305,325,332,305,570,708,698,305,843
477,1023,0,270,1023,0,394,316,305,260,314,305,570,732,718,305,843
527,1023,0,271,1023,0,484,330,305,363,335,305,570,651,627,305,843
556,1023,0,239,1023,0,441,316,305,316,318,305,570,616,585,305,843
378,1023,0,339,1023,0,437,317,305,320,320,305,570,677,651,305,843
817,1023,0,418,1023,0,449,322,305,351,338,305,570,783,764,305,843
423,1023,0,261,1023,0,415,316,305,301,316,305,570,746,735,305,843
451,1023,0,221,1023,0,452,323,305,346,333,305,570,732,723,305,843
640,1023,0,603,1023,0,485,328,305,388,335,305,570,731,705,305,843
713,1023,0,308,1023,0,488,323,305,405,335,305,570,701,660,305,843
397,1023,0,227,1023,0,473,322,305,355,327,305,570,725,710,305,843
473,1023,0,123,733,0,394,315,305,244,317,305,570,525,506,305,843
448,1023,0,162,1023,0,330,314,305,293,320,305,570,614,592,305,843
507,1023,0,337,1023,0,485,322,305,399,330,305,570,723,708,305,843
532,1023,0,252,1023,0,432,318,305,256,315,305,570,654,633,305,843
419,1023,0,253,1023,0,415,317,305,331,322,305,570,650,628,305,843
448,1023,0,282,1023,0,469,320,305,321,325,305,570,685,673,305,843
495,1023,0,222,1023,0,345,312,305,265,318,305,570,681,673,305,843
631,1023,0,235,1023,0,387,319,305,364,334,305,570,656,624,305,843
427,1023,0,250,1023,0,431,322,305,320,322,305,571,657,640,305,843
510,1023,0,240,1023,0,0,315,305,146,318,305,571,683,665,305,843
530,1023,0,283,1023,0,434,314,305,282,322,305,571,677,660,305,843
628,1023,0,465,1023,0,418,317,305,349,324,305,571,756,721,305,843
301,1023,0,151,1023,0,354,313,305,264,316,305,571,586,579,305,843
317,1023,0,314,1023,0,411,316,305,310,318,305,571,667,656,305,843
535,1023,0,414,1023,0,434,317,305,337,324,305,571,769,755,305,843
672,1023,0,578,1023,0,477,326,305,372,337,305,571,746,729,305,843
413,1023,0,421,1023,0,450,324,305,330,324,305,571,752,742,305,843
428,1023,0,169,1023,0,405,318,305,304,324,305,571,648,626,305,843
555,1023,0,303,1023,0,473,323,305,389,338,305,571,736,712,305,843
411,1023,0,205,1023,0,404,317,305,223,318,305,571,706,696,305,843
279,1023,0,171,1023,0,333,314,305,0,313,305,571,620,613,305,843
387,1023,0,211,1023,0,430,314,305,193,316,305,571,699,691,305,843
414,1023,0,204,1023,0,378,316,305,250,321,305,571,605,590,305,853
419,1023,0,239,1023,0,388,318,305,261,318,305,571,627,618,305,853
525,1023,0,212,1023,0,451,322,305,345,334,305,571,703,679,305,853
482,1023,0,253,1023,0,424,316,305,313,324,305,571,688,677,305,853
725,1023,0,613,1023,0,473,329,305,409,349,305,571,797,780,305,853
350,1023,0,186,1023,0,413,313,305,338,324,305,571,689,676,305,853
439,1023,0,238,1023,0,454,318,305,358,326,305,571,665,649,305,853
536,1023,0,273,1023,0,466,321,305,356,323,305,571,673,639,305,853
511,1023,0,250,1023,0,475,323,305,349,326,305,571,713,699,305,853
380,1023,0,208,1023,0,435,315,305,316,326,305,571,677,670,305,853
350,1023,0,429,1023,0,492,331,305,352,329,305,571,732,717,305,853
431,1023,0,214,1023,0,416,316,305,241,313,305,571,699,684,305,853
464,1023,0,161,955,0,375,312,305,259,315,305,571,639,618,305,853
347,1023,0,256,1023,0,461,318,305,364,328,305,571,656,642,305,853
653,1023,0,498,1023,0,475,333,305,401,351,305,571,731,668,305,853
327,1023,0,241,1023,0,443,320,305,312,321,305,571,590,572,305,853
539,1023,0,332,1023,0,468,320,305,358,325,305,571,699,678,305,853
351,1023,0,173,1023,0,369,312,305,257,319,305,571,650,638,305,853
397,1023,0,225,1023,0,361,313,305,305,320,305,571,706,696,305,853
520,1023,0,216,1023,0,386,314,305,294,317,305,571,715,692,305,853
501,1023,0,344,1023,0,451,318,305,320,327,305,571,668,647,305,853
408,1023,0,231,1023,0,387,317,305,300,316,305,571,664,645,305,853
474,1023,0,415,1023,0,462,322,305,370,330,305,571,732,719,305,853
493,1023,0,241,1023,0,413,321,305,331,320,305,571,703,685,305,853
493,1023,0,377,1023,0,383,313,305,331,322,305,571,699,686,305,853
422,1023,0,309,1023,0,438,320,305,312,322,305,571,697,687,305,853
396,1023,0,244,1023,0,449,326,305,320,331,305,571,660,641,305,853
419,1023,0,225,1023,0,393,313,305,365,336,305,571,618,608,305,853
320,1023,0,123,813,0,354,314,305,203,318,305,571,612,600,305,853
373,1023,0,209,1023,0,404,311,305,236,317,305,571,705,678,305,853
321,1023,0,161,1023,0,412,312,305,287,320,305,571,645,631,305,853
498,1023,0,308,1023,0,393,318,305,332,327,305,571,698,673,305,853
309,1023,0,130,924,0,305,312,305,210,316,305,571,585,578,305,853
343,1023,0,176,1023,0,405,314,305,216,315,305,571,511,498,305,853
701,1023,0,300,1023,0,377,317,305,206,318,305,571,720,705,305,853
621,1023,0,339,1023,0,427,318,305,342,329,305,571,724,700,305,853
461,1023,0,334,1023,0,444,327,305,347,333,305,571,728,715,305,853
473,1023,0,287,1023,0,468,323,305,375,339,305,571,712,685,305,853
388,1023,0,219,1023,0,443,319,305,314,327,305,571,662,654,305,853
531,1023,0,253,1023,0,438,317,305,264,322,305,571,717,700,305,853
425,1023,0,165,994,0,358,313,305,288,319,305,571,672,650,305,853
333,1023,0,221,1023,0,380,321,305,231,320,305,572,655,638,305,853
458,1023,0,227,1023,0,364,315,305,188,320,305,572,636,617,305,853
340,1023,0,194,1023,0,444,321,305,280,314,305,572,655,641,305,853
526,1023,0,349,1023,0,449,322,305,354,332,305,572,746,731,305,853
362,1023,0,206,1023,0,397,312,305,183,311,305,572,648,635,305,853
506,1023,0,262,1023,0,443,316,305,329,324,305,572,657,637,305,853
315,1023,0,179,1023,0,441,316,305,250,314,305,572,602,587,305,853
536,1023,0,301,1023,0,429,319,305,323,327,305,572,662,647,305,853
631,1023,0,326,1023,0,466,321,305,363,326,305,572,712,697,305,853
538,1023,0,371,1023,0,440,317,305,351,322,305,572,722,693,305,853
531,1023,0,359,1023,0,489,321,305,366,323,305,572,738,723,305,863
342,1023,0,256,1023,0,505,322,305,397,332,305,572,654,637,305,863
298,1023,0,270,1023,0,496,327,305,343,327,305,572,733,719,305,863
607,1023,0,504,1023,0,500,321,305,419,336,305,572,759,683,305,863
416,1023,0,208,984,0,502,322,305,376,321,305,572,645,609,305,863
419,1023,0,319,1023,0,466,324,305,365,329,305,572,728,709,305,863
350,1023,0,228,1023,0,426,321,305,329,330,305,572,677,668,305,863
600,1023,0,342,1023,0,446,324,305,344,332,305,572,721,700,305,863
448,1023,0,276,1023,0,401,314,305,274,323,305,572,698,691,305,863
544,1023,0,331,1023,0,410,318,305,353,327,305,572,669,653,305,863
416,1023,0,240,1023,0,481,322,305,333,317,305,572,660,637,305,863
446,1023,0,325,1023,0,406,321,305,319,325,305,572,691,665,305,863
419,1023,0,178,1023,0,142,318,305,272,316,305,572,476,442,305,863
442,1023,0,240,1023,0,383,311,305,220,315,305,572,699,684,305,863
462,1023,0,426,1023,0,477,323,305,409,343,305,572,687,662,305,863
496,1023,0,275,1023,0,475,317,305,377,326,305,572,709,694,305,863
415,1023,0,180,1023,0,0,310,305,247,318,305,572,646,630,305,863
353,1023,0,169,1016,0,312,316,305,252,317,305,572,685,672,305,863
458,1023,0,282,1023,0,475,321,305,334,327,305,572,671,649,305,863
419,1023,0,173,1023,0,420,316,305,281,324,305,572,656,647,305,863
442,1023,0,384,1023,0,455,314,305,356,325,305,572,719,701,305,863
571,1023,0,357,1023,0,475,319,305,322,320,305,572,631,606,305,863
476,1023,0,286,1023,0,438,316,305,394,335,305,572,739,726,305,863
559,1023,0,253,1023,0,434,314,305,93,314,305,572,695,677,305,863
431,1023,0,228,1023,0,471,323,305,381,339,305,572,670,656,305,863
371,1023,0,220,1023,0,391,312,305,290,319,305,572,674,658,305,863
297,1023,0,155,1023,0,383,315,305,283,318,305,572,616,610,305,863
539,1023,0,334,1023,0,455,321,305,296,324,305,572,727,708,305,863
848,1023,0,524,1023,0,459,322,305,356,321,305,572,763,718,305,863
578,1023,0,479,1023,0,535,331,305,475,341,305,572,789,702,305,863
774,1023,0,544,1023,0,525,324,305,445,340,305,572,763,706,305,863
403,1023,0,174,1023,0,271,313,305,207,315,305,572,682,657,305,863
435,1023,0,278,1023,0,400,314,305,335,322,305,572,673,657,305,863
390,1023,0,176,1023,0,405,314,305,276,315,305,572,584,568,305,863
471,1023,0,288,1023,0,446,325,305,382,346,305,572,694,673,305,863
489,1023,0,311,1023,0,448,316,305,367,339,305,573,698,652,305,863
466,1023,0,330,1023,0,341,317,305,321,326,305,573,668,654,305,863
659,1023,0,327,1023,0,467,318,305,350,323,305,573,738,707,305,863
461,1023,0,324,1023,0,469,321,305,336,327,305,573,719,699,305,863
628,1023,0,234,1023,0,457,317,305,344,327,305,573,695,659,305,863
505,1023,0,206,1023,0,401,318,305,283,317,305,573,708,696,305,863
330,1023,0,193,1023,0,323,312,305,255,315,305,573,603,592,305,863
388,1023,0,237,1023,0,412,319,305,288,320,305,573,687,666,305,863
507,1023,0,365,1023,0,445,319,305,350,326,305,573,776,757,305,863
288,1023,0,149,1023,0,417,313,305,241,314,305,573,641,633,305,863
382,1023,0,128,874,0,361,312,305,128,313,305,573,473,469,305,863
372,1023,0,238,1023,0,434,319,305,327,327,305,573,646,632,305,863
443,1023,0,321,1023,0,440,320,305,325,327,305,573,691,675,305,863
658,1023,0,508,1023,0,496,330,305,419,339,305,573,741,662,305,863
252,950,0,243,1023,0,415,318,305,331,331,305,573,639,623,305,863
346,1023,0,247,1023,0,437,323,305,361,333,305,573,677,658,305,863
361,1023,0,163,1023,0,395,315,305,229,314,305,573,576,556,305,863
440,1023,0,237,1023,0,422,316,305,283,323,305,573,640,623,305,863
442,1023,0,372,1023,0,451,322,305,379,342,305,573,735,716,305,863
286,1023,0,238,1023,0,477,333,305,458,389,305,573,371,346,305,863
434,1023,0,335,1023,0,461,316,305,345,323,305,573,732,714,305,863
455,1023,0,182,1023,0,410,316,305,278,321,305,573,659,651,305,863
519,1023,0,286,1023,0,427,322,305,350,328,305,573,680,663,305,863
500,1023,0,436,1023,0,453,320,305,338,324,305,573,755,734,305,863
459,1023,0,186,1023,0,385,312,305,262,324,305,573,695,678,305,863
626,1023,0,272,1023,0,425,316,305,329,320,305,573,685,654,305,863
624,1023,0,386,1023,0,476,333,305,377,346,305,573,697,677,305,863
629,1023,0,294,1023,0,442,316,305,257,321,305,573,747,729,305,863
717,1023,0,443,1023,0,446,316,305,347,325,305,573,765,711,305,863
576,1023,0,198,1023,0,417,316,305,313,320,305,573,661,644,305,863
414,1023,0,423,1023,0,430,323,305,355,330,305,573,704,683,305,863
320,1023,0,124,912,0,358,313,305,95,315,305,573,638,627,305,863
472,1023,0,344,1023,0,500,327,305,386,338,305,573,728,711,305,863
382,1023,0,217,1023,0,414,315,305,314,325,305,573,676,664,305,863
392,1023,0,227,1023,0,373,316,305,302,323,305,573,684,675,305,863
514,1023,0,262,1023,0,432,318,305,295,320,305,573,664,640,305,873
482,1023,0,306,1023,0,414,316,305,278,319,305,573,721,706,305,873
454,1023,0,200,1023,0,424,317,305,305,326,305,573,692,677,305,873
383,1023,0,247,1023,0,409,313,305,307,318,305,573,667,658,305,873
490,1023,0,405,1023,0,432,319,305,366,337,305,573,745,730,305,873
453,1023,0,362,1023,0,473,321,305,357,337,305,573,712,684,305,873
495,1023,0,245,1023,0,389,315,305,305,322,305,573,683,665,305,873
545,1023,0,356,1023,0,473,319,305,356,329,305,573,768,753,305,873
357,1023,0,180,1023,0,400,314,305,263,320,305,573,642,629,305,873
559,1023,0,402,1023,0,429,324,305,243,320,305,573,715,692,305,873
449,1023,0,299,1023,0,450,320,305,360,331,305,573,679,663,305,873
361,1023,0,205,1023,0,454,323,305,294,321,305,573,670,652,305,873
504,1023,0,233,1023,0,442,319,305,342,330,305,573,668,643,305,873
375,1023,0,219,1023,0,403,315,305,307,322,305,573,603,592,305,873
328,1023,0,228,1023,0,413,317,305,150,320,305,573,660,651,305,873
687,1023,0,450,1023,0,453,320,305,400,334,305,573,742,725,305,873
534,1023,0,308,1023,0,450,321,305,358,342,305,573,701,685,305,873
444,1023,0,273,1023,0,460,322,305,365,338,305,573,726,711,305,873
505,1023,0,391,1023,0,442,322,305,350,326,305,573,717,700,305,873
326,1023,0,273,1023,0,461,322,305,303,326,305,573,609,575,305,873
367,1023,0,217,1023,0,344,318,305,299,315,305,573,666,652,305,873
526,1023,0,531,1023,0,496,331,305,379,334,305,573,719,705,305,873
457,1023,0,251,1023,0,421,315,305,311,322,305,573,738,712,305,873
430,1023,0,255,1023,0,472,323,305,370,335,305,573,712,690,305,873
463,1023,0,342,1023,0,486,324,305,405,343,305,574,699,679,305,873
282,1023,0,199,1023,0,466,319,305,358,324,305,574,666,643,305,873
488,1023,0,307,1023,0,463,326,305,305,325,305,574,675,653,305,873
359,1023,0,196,1023,0,432,320,305,338,330,305,574,670,647,305,873
374,1023,0,255,1023,0,422,319,305,340,327,305,574,700,685,305,873
420,1023,0,232,1023,0,431,315,305,289,319,305,574,676,652,305,873
672,1023,0,326,1023,0,475,321,305,290,320,305,574,733,717,305,873
380,1023,0,190,1023,0,435,317,305,286,321,305,574,645,636,305,873
838,1023,0,459,1023,0,489,323,305,402,341,305,574,734,651,305,873
396,1023,0,224,1023,0,419,312,305,292,320,305,574,660,643,305,873
360,1023,0,175,1023,0,437,319,305,316,326,305,574,576,565,305,873
587,1023,0,364,1023,0,465,323,305,344,332,305,574,720,695,305,873
291,1023,0,245,1023,0,414,313,305,272,315,305,574,656,644,305,873
354,1023,0,223,1023,0,408,310,305,223,319,305,574,640,628,305,873
421,1023,0,204,1023,0,388,312,305,243,316,305,574,603,590,305,873
423,1023,0,226,1023,0,408,319,305,255,320,305,574,609,594,305,873
371,1023,0,194,1023,0,409,316,305,276,318,305,574,669,655,305,873
426,1023,0,194,1023,0,445,324,305,346,323,305,574,614,601,305,873
356,1023,0,207,1023,0,359,313,305,286,326,305,574,622,600,305,873
422,1023,0,198,1023,0,460,327,305,355,326,305,574,668,656,305,873
530,1023,0,260,1023,0,478,322,305,358,327,305,574,714,695,305,873
503,1023,0,232,1023,0,429,318,305,326,329,305,574,665,646,305,873
714,1023,0,392,1023,0,472,317,305,405,327,305,574,723,643,305,873
449,1023,0,203,1023,0,455,317,305,294,322,305,574,607,590,305,883
380,1023,0,242,1023,0,408,321,305,319,322,305,574,694,675,305,883
530,1023,0,336,1023,0,441,326,305,332,337,305,574,694,679,305,883
493,1023,0,212,1023,0,448,318,305,307,324,305,574,675,648,305,883
453,1023,0,302,1023,0,431,321,305,347,325,305,574,711,694,305,883
603,1023,0,455,1023,0,489,329,305,401,344,305,574,729,696,305,883
643,1023,0,337,1023,0,479,326,305,392,350,305,574,729,715,305,883
557,1023,0,259,1023,0,471,318,305,284,321,305,574,671,658,305,883
520,1023,0,201,1023,0,445,325,305,315,324,305,574,670,646,305,883
631,1023,0,327,1023,0,467,327,305,387,333,305,574,741,715,305,883
635,1023,0,284,1023,0,427,318,305,338,327,305,574,657,623,305,883
707,1023,0,297,1023,0,476,323,305,382,326,305,574,690,655,305,883
370,1023,0,183,1023,0,439,316,305,331,323,305,574,642,633,305,883
650,1023,0,323,1023,0,504,322,305,376,328,305,574,688,652,305,883
524,1023,0,316,1023,0,0,310,305,263,318,305,574,622,582,305,883
379,1023,0,224,1023,0,377,316,305,242,317,305,574,688,683,305,883
530,1023,0,227,1023,0,456,322,305,390,340,305,574,690,673,305,883
431,1023,0,260,1023,0,377,317,305,277,325,305,575,640,613,305,883
474,1023,0,202,1023,0,319,315,305,279,316,305,575,620,609,305,883
652,1023,0,479,1023,0,495,330,305,370,327,305,575,722,697,305,883
514,1023,0,332,1023,0,443,323,305,425,358,305,575,697,677,305,883
372,1023,0,211,1023,0,336,310,305,296,322,305,575,623,610,305,883
525,1023,0,217,1023,0,346,312,305,321,317,305,575,722,701,305,883
395,1023,0,250,1023,0,372,316,305,257,324,305,575,653,642,305,893
447,1023,0,209,1023,0,422,316,305,305,324,305,575,632,617,305,893
533,1023,0,332,1023,0,464,320,305,350,335,305,575,718,704,305,893
521,1023,0,299,1023,0,445,320,305,322,328,305,575,761,736,305,893
524,1023,0,349,1023,0,427,316,305,320,319,305,575,740,712,305,893
465,1023,0,176,1023,0,441,318,305,308,315,305,575,640,616,305,893
410,1023,0,219,1023,0,422,318,305,324,325,305,575,650,641,305,893
443,1023,0,264,1023,0,479,321,305,350,327,305,575,718,703,305,893
416,1023,0,243,1023,0,436,318,305,312,321,305,575,649,632,305,893
488,1023,0,315,1023,0,453,317,305,329,326,305,575,715,693,305,893
463,1023,0,259,1023,0,357,315,305,295,316,305,575,770,759,305,893
386,1023,0,221,1023,0,431,316,305,275,321,305,575,666,644,305,893
485,1023,0,339,1023,0,448,327,305,365,338,305,575,694,674,305,893
444,1023,0,219,1023,0,350,314,305,280,318,305,575,685,664,305,893
696,1023,0,299,1023,0,453,317,305,356,330,305,575,678,649,305,893
604,1023,0,331,1023,0,411,314,305,323,319,305,575,688,664,305,893
392,1023,0,267,1023,0,425,317,305,320,323,305,575,707,695,305,893
430,1023,0,171,1023,0,483,325,305,341,325,305,575,741,725,305,893
348,1023,0,174,1023,0,447,318,305,327,321,305,575,640,625,305,893
451,1023,0,214,1023,0,439,317,305,339,331,305,575,669,652,305,893
453,1023,0,290,1023,0,425,318,305,336,326,305,575,696,681,305,893
529,1023,0,310,1023,0,433,318,305,347,323,305,575,684,662,305,893
577,1023,0,267,1023,0,482,317,305,341,317,305,575,739,714,305,893
755,1023,0,354,1023,0,484,321,305,394,332,305,575,712,625,305,893
429,1023,0,230,1023,0,426,320,305,297,328,305,575,696,660,305,893
597,1023,0,246,1023,0,461,329,305,371,335,305,575,702,685,305,893
565,1023,0,228,1023,0,447,320,305,331,326,305,575,676,656,305,893
442,1023,0,202,1023,0,438,318,305,276,323,305,575,630,610,305,893
460,1023,0,170,1023,0,415,312,305,259,318,305,575,675,664,305,904
400,1023,0,346,1023,0,403,317,305,291,325,305,575,738,726,305,904
418,1023,0,226,1023,0,427,316,305,269,321,305,575,672,653,305,904
441,1023,0,288,1023,0,405,317,305,303,325,305,575,698,686,305,904
516,1023,0,331,1023,0,418,319,305,295,323,305,575,683,662,305,904
696,1023,0,394,1023,0,456,321,305,363,332,305,575,757,739,305,904
604,1023,0,541,1023,0,428,323,305,351,332,305,575,764,742,305,904
502,1023,0,278,1023,0,461,322,305,364,336,305,575,693,663,305,904
358,1023,0,270,1023,0,385,317,305,301,325,305,575,649,638,305,904
308,1023,0,292,1023,0,434,318,305,341,327,305,575,660,647,305,904
343,1023,0,191,1023,0,435,316,305,303,317,305,575,649,623,305,904
558,1023,0,283,1023,0,497,321,305,341,322,305,575,681,642,305,904
354,1023,0,259,1023,0,453,325,305,357,333,305,576,728,710,305,904
670,1023,0,391,1023,0,456,320,305,366,327,305,576,706,680,305,904
423,1023,0,222,1023,0,437,312,305,302,317,305,576,648,613,305,904
324,1023,0,176,1023,0,550,333,305,493,350,305,576,694,673,305,904
580,1023,0,358,1023,0,0,305,305,0,310,305,576,768,737,305,904
448,1023,0,291,1023,0,449,318,305,311,327,305,576,715,700,305,904
614,1023,0,285,1023,0,412,315,305,302,319,305,576,688,651,305,904
416,1023,0,270,1023,0,406,314,305,241,321,305,576,662,651,305,904
532,1023,0,447,1023,0,496,324,305,407,337,305,576,744,723,305,904
552,1023,0,217,941,0,402,314,305,339,327,305,576,670,659,305,904
458,1023,0,189,1023,0,452,318,305,356,335,305,576,645,633,305,904
693,1023,0,376,1023,0,439,321,305,372,331,305,576,673,644,305,904
255,1023,0,176,1023,0,373,317,305,255,317,305,576,638,630,305,904
409,1023,0,250,1023,0,458,322,305,332,331,305,576,686,672,305,904
428,1023,0,303,1023,0,453,326,305,321,325,305,576,723,702,305,904
398,1023,0,277,1023,0,427,319,305,283,318,305,576,701,693,305,904
489,1023,0,328,1023,0,430,313,305,222,315,305,576,662,645,305,904
585,1023,0,325,1023,0,450,322,305,382,330,305,576,722,690,305,904
333,1023,0,144,1023,0,261,313,305,176,314,305,576,595,585,305,904
759,1023,0,475,1023,0,474,329,305,354,323,305,576,751,731,305,904
394,1023,0,236,1023,0,463,325,305,369,328,305,576,713,703,305,904
654,1023,0,247,1023,0,443,317,305,346,339,305,576,729,711,305,904
460,1023,0,324,1023,0,441,324,305,295,325,305,576,681,662,305,904
451,1023,0,372,1023,0,431,318,305,260,318,305,576,738,728,305,904
359,1023,0,172,1023,0,408,313,305,232,313,305,576,594,576,305,904
358,1023,0,271,1023,0,421,316,305,232,315,305,576,657,651,305,904
473,1023,0,430,1023,0,442,321,305,351,331,305,576,750,740,305,904
363,1023,0,209,1023,0,408,315,305,304,321,305,576,616,599,305,904
502,1023,0,344,1023,0,465,320,305,403,346,305,576,718,696,305,904
446,1023,0,244,1023,0,449,322,305,320,328,305,576,690,670,305,904
373,1023,0,187,1023,0,361,313,305,264,311,305,576,575,568,305,904
722,1023,0,465,1023,0,456,325,305,386,341,305,576,767,743,305,904
416,1023,0,231,1023,0,471,319,305,320,329,305,576,670,651,305,904
547,1023,0,411,1023,0,442,317,305,342,328,305,576,728,697,305,904
369,1023,0,206,1023,0,413,317,305,320,316,305,576,686,677,305,904
332,1023,0,207,1023,0,424,315,305,390,332,305,576,642,621,305,904
418,1023,0,230,1023,0,423,316,305,283,323,305,576,676,660,305,904
476,1023,0,234,1023,0,491,323,305,304,316,305,576,668,643,305,904
444,1023,0,193,1023,0,382,317,305,334,330,305,576,699,678,305,904
414,1023,0,225,1023,0,452,320,305,297,327,305,576,704,693,305,904
393,1023,0,238,1023,0,476,333,305,316,322,305,576,686,673,305,904
597,1023,0,358,1023,0,484,329,305,378,336,305,576,751,730,305,904
322,1023,0,255,1023,0,371,311,305,199,319,305,576,675,668,305,904
393,1023,0,211,1023,0,386,315,305,339,323,305,576,612,600,305,904
382,1023,0,203,1023,0,451,321,305,338,325,305,576,611,590,305,904
353,1023,0,250,1023,0,455,321,305,354,333,305,576,640,619,305,904
423,1023,0,243,1023,0,474,326,305,367,338,305,576,696,675,305,904
376,1023,0,282,1023,0,418,316,305,316,334,305,576,717,706,305,904
442,1023,0,327,1023,0,456,327,305,339,339,305,576,704,675,305,904
717,1023,0,367,1023,0,457,320,305,331,327,305,576,693,660,305,904
504,1023,0,242,1023,0,385,314,305,203,320,305,576,353,350,305,914
447,1023,0,239,1023,0,398,313,305,275,313,305,577,689,673,305,914
606,1023,0,353,1023,0,437,322,305,299,327,305,577,683,645,305,914
493,1023,0,282,1023,0,482,323,305,357,335,305,577,691,676,305,914
369,1023,0,243,1023,0,458,322,305,346,324,305,577,696,680,305,914
579,1023,0,164,1005,0,471,327,305,361,333,305,577,654,634,305,914
454,1023,0,202,1023,0,455,328,305,307,332,305,577,636,616,305,914
437,1023,0,298,1023,0,432,321,305,334,331,305,577,702,686,305,914
544,1023,0,261,1023,0,440,321,305,318,321,305,577,708,683,305,914
503,1023,0,295,1023,0,476,325,305,350,329,305,577,693,670,305,914
447,1023,0,178,1023,0,332,311,305,257,316,305,577,736,731,305,914
376,1023,0,234,1023,0,448,323,305,365,330,305,577,612,591,305,914
614,1023,0,245,1023,0,457,318,305,351,328,305,577,598,549,305,914
366,1023,0,220,1023,0,427,319,305,248,320,305,577,675,661,305,914
390,1023,0,235,1023,0,433,319,305,227,317,305,577,616,600,305,914
507,1023,0,248,1023,0,452,321,305,361,328,305,577,692,668,305,914
392,1023,0,222,1023,0,463,323,305,352,338,305,577,680,663,305,914
391,1023,0,195,1023,0,424,317,305,283,320,305,577,666,656,305,914
402,1023,0,180,1023,0,365,316,305,250,317,305,577,681,672,305,914
486,1023,0,292,1023,0,476,319,305,336,322,305,577,721,701,305,914
475,1023,0,209,1023,0,469,319,305,339,326,305,577,601,574,305,914
421,1023,0,278,1023,0,432,317,305,287,318,305,577,724,701,305,914
731,1023,0,480,1023,0,494,324,305,414,347,305,577,759,740,305,914
439,1023,0,238,1023,0,330,316,305,250,317,305,577,673,658,305,914
681,1023,0,531,1023,0,461,328,305,422,345,305,577,773,710,305,914
340,1023,0,203,1023,0,358,313,305,276,317,305,577,673,661,305,914
398,1023,0,247,1023,0,352,313,305,265,323,305,577,708,692,305,914
483,1023,0,243,1023,0,429,314,305,308,323,305,577,561,530,305,914
557,1023,0,255,1023,0,428,319,305,390,331,305,577,689,670,305,914
818,1023,0,581,1023,0,501,324,305,407,335,305,577,764,727,305,914
554,1023,0,262,1023,0,535,337,305,394,334,305,577,718,694,305,914
836,1023,0,469,1023,0,472,318,305,376,326,305,577,750,672,305,914
442,1023,0,315,1023,0,417,317,305,351,327,305,577,680,646,305,914
330,1023,0,249,1023,0,377,312,305,201,317,305,577,659,652,305,914
349,1023,0,169,1023,0,425,318,305,303,319,305,577,582,568,305,914
336,1023,0,184,1023,0,413,315,305,357,334,305,577,666,656,305,914
407,1023,0,250,1023,0,450,316,305,351,323,305,577,654,642,305,914
424,1023,0,239,1023,0,424,315,305,331,321,305,577,665,647,305,914
308,1023,0,141,1003,0,397,312,305,298,319,305,577,592,562,305,914
708,1023,0,416,1023,0,493,331,305,444,360,305,577,766,721,305,914
463,1023,0,276,1023,0,448,320,305,330,329,305,577,724,708,305,924
349,1023,0,172,1023,0,341,310,305,228,314,305,577,657,639,305,924
321,1023,0,121,901,0,421,321,305,285,321,305,577,617,606,305,924
525,1023,0,279,1023,0,445,322,305,413,338,305,577,690,659,305,924
525,1023,0,330,1023,0,450,321,305,342,325,305,577,705,681,305,924
425,1023,0,217,1023,0,425,313,305,315,319,305,577,676,659,305,924
644,1023,0,308,1023,0,436,315,305,311,317,305,577,638,618,305,924
333,1023,0,345,1023,0,434,323,305,341,334,305,577,695,672,305,924
421,1023,0,321,1023,0,463,328,305,393,358,305,577,690,680,305,924
346,1023,0,181,1023,0,440,315,305,320,330,305,578,643,626,305,924
503,1023,0,251,1023,0,401,315,305,276,318,305,578,581,543,305,924
343,1023,0,211,1023,0,431,316,305,300,325,305,578,637,618,305,924
487,1023,0,339,1023,0,463,319,305,355,333,305,578,738,706,305,924
410,1023,0,190,1023,0,403,321,305,313,324,305,578,631,619,305,924
681,1023,0,284,1023,0,450,322,305,290,322,305,578,685,666,305,924
533,1023,0,247,1023,0,402,324,305,335,328,305,578,656,634,305,924
586,1023,0,371,1023,0,471,324,305,351,330,305,578,712,686,305,924
342,1023,0,165,1023,0,395,314,305,311,318,305,578,582,564,305,924
647,1023,0,272,1023,0,453,321,305,354,325,305,578,690,660,305,924
369,1023,0,259,1023,0,401,317,305,178,318,305,578,682,668,305,924
582,1023,0,378,1023,0,502,340,305,472,392,305,578,719,688,305,924
551,1023,0,255,1023,0,441,319,305,351,330,305,578,671,647,305,924
566,1023,0,376,1023,0,461,322,305,356,335,305,578,732,715,305,924
317,1023,0,190,1023,0,408,313,305,309,321,305,578,650,641,305,924
336,1023,0,240,1023,0,469,323,305,284,320,305,578,695,678,305,924
401,1023,0,314,1023,0,427,317,305,316,326,305,578,669,657,305,924
340,1023,0,213,1023,0,376,312,305,220,315,305,578,548,532,305,924
687,1023,0,364,1023,0,427,317,305,330,323,305,578,652,603,305,924
353,1023,0,204,1023,0,411,318,305,325,320,305,578,696,686,305,924
493,1023,0,331,1023,0,448,324,305,298,322,305,578,698,678,305,924
397,1023,0,272,1023,0,468,320,305,368,333,305,578,727,711,305,924
446,1023,0,250,1023,0,412,315,305,287,321,305,578,659,645,305,924
569,1023,0,182,1023,0,441,317,305,339,331,305,578,680,660,305,924
429,1023,0,377,1023,0,421,323,305,346,325,305,578,707,697,305,924
385,1023,0,235,1023,0,379,316,305,311,322,305,578,653,625,305,924
358,1023,0,272,1023,0,500,331,305,419,351,305,578,693,675,305,924
293,1023,0,178,1023,0,430,319,305,245,322,305,578,691,678,305,934
402,1023,0,186,1023,0,339,314,305,310,323,305,578,668,656,305,934
307,1023,0,194,1023,0,418,323,305,350,325,305,578,653,640,305,934
448,1023,0,205,1023,0,441,318,305,298,325,305,578,733,719,305,934
538,1023,0,312,1023,0,423,318,305,369,332,305,578,680,665,305,934
504,1023,0,244,1023,0,398,317,305,287,323,305,578,701,678,305,934
381,1023,0,290,1023,0,391,315,305,270,314,305,578,763,747,305,934
774,1023,0,437,1023,0,499,327,305,401,337,305,578,736,674,305,934
411,1023,0,152,984,0,447,319,305,352,326,305,578,640,623,305,934
527,1023,0,237,1023,0,441,321,305,357,321,305,578,681,664,305,934
417,1023,0,277,1023,0,448,317,305,347,331,305,578,706,688,305,934
447,1023,0,160,1023,0,476,322,305,308,325,305,578,688,675,305,934
697,1023,0,450,1023,0,486,326,305,378,331,305,578,733,681,305,934
303,1023,0,127,864,0,380,314,305,243,313,305,578,602,586,305,934
504,1023,0,375,1023,0,437,319,305,312,324,305,578,768,749,305,934
471,1023,0,296,1023,0,453,320,305,326,321,305,578,697,681,305,934
464,1023,0,254,1023,0,427,319,305,332,331,305,578,698,683,305,934
397,1023,0,217,1023,0,348,315,305,297,319,305,578,705,691,305,934
392,1023,0,178,1023,0,346,316,305,258,320,305,578,661,643,305,934
733,1023,0,530,1023,0,461,325,305,414,344,305,578,755,682,305,934
422,1023,0,199,1009,0,425,318,305,360,328,305,579,665,631,305,934
354,1023,0,265,1023,0,424,314,305,308,321,305,579,694,677,305,934
482,1023,0,259,1023,0,398,316,305,346,331,305,579,690,678,305,934
482,1023,0,290,1023,0,448,314,305,355,326,305,579,638,618,305,934
441,1023,0,401,1023,0,436,325,305,340,331,305,579,706,697,305,934
374,1023,0,267,1023,0,425,313,305,305,323,305,579,674,659,305,934
393,1023,0,244,1023,0,397,314,305,329,328,305,579,698,677,305,934
552,1023,0,335,1023,0,440,318,305,330,330,305,579,709,685,305,934
468,1023,0,302,1023,0,443,321,305,309,323,305,579,765,751,305,934
457,1023,0,228,1023,0,373,314,305,320,323,305,579,710,699,305,934
573,1023,0,291,1023,0,455,317,305,341,321,305,579,720,703,305,934
257,1023,0,164,1023,0,367,315,305,289,316,305,579,620,613,305,934
402,1023,0,184,1023,0,470,320,305,345,327,305,579,707,687,305,934
564,1023,0,372,1023,0,477,325,305,367,335,305,579,743,714,305,934
430,1023,0,155,903,0,399,311,305,321,317,305,579,673,653,305,934
513,1023,0,277,1023,0,450,322,305,329,320,305,579,685,669,305,934
585,1023,0,326,1023,0,447,318,305,299,320,305,579,725,689,305,934
442,1023,0,187,1023,0,417,316,305,306,326,305,579,666,656,305,934
535,1023,0,310,1023,0,360,315,305,258,323,305,579,691,614,305,934
423,1023,0,187,1023,0,394,315,305,297,317,305,579,651,635,305,934
401,1023,0,245,1023,0,403,314,305,315,318,305,579,730,722,305,934
518,1023,0,294,1023,0,357,316,305,295,322,305,579,680,655,305,934
370,1023,0,177,1023,0,441,322,305,262,315,305,579,607,597,305,934
462,1023,0,259,1023,0,451,319,305,338,322,305,579,654,636,305,934
482,1023,0,294,1023,0,433,317,305,168,318,305,579,680,656,305,934
452,1023,0,258,1023,0,428,317,305,294,319,305,579,728,708,305,944
415,1023,0,173,972,0,404,314,305,322,318,305,579,687,669,305,944
422,1023,0,177,1023,0,374,316,305,276,321,305,579,676,662,305,944
497,1023,0,193,1023,0,428,319,305,365,334,305,579,680,660,305,944
490,1023,0,184,1023,0,241,312,305,191,323,305,579,679,629,305,944
392,1023,0,189,1023,0,343,313,305,299,319,305,579,640,615,305,944
507,1023,0,288,1023,0,471,319,305,354,328,305,579,624,598,305,944
486,1023,0,314,1023,0,477,329,305,421,355,305,579,734,715,305,944
418,1023,0,148,992,0,295,312,305,220,317,305,579,634,626,305,944
402,1023,0,274,1023,0,460,320,305,306,321,305,579,705,685,305,944
439,1023,0,200,1023,0,448,318,305,299,322,305,579,729,716,305,944
445,1023,0,350,1023,0,440,320,305,333,324,305,579,691,680,305,944
374,1023,0,175,1023,0,368,312,305,249,318,305,579,676,663,305,944
312,1023,0,138,993,0,382,313,305,230,316,305,579,600,587,305,944
456,1023,0,351,1023,0,434,321,305,336,336,305,579,711,699,305,944
497,1023,0,323,1023,0,460,324,305,360,340,305,579,703,681,305,944
554,1023,0,390,1023,0,470,322,305,367,335,305,579,684,665,305,944
392,1023,0,203,1023,0,0,318,305,327,322,305,579,685,671,305,944
601,1023,0,281,1023,0,466,328,305,352,329,305,579,713,695,305,944
497,1023,0,283,1023,0,428,319,305,282,318,305,579,759,734,305,944
546,1023,0,246,1023,0,438,319,305,336,326,305,579,699,682,305,944
496,1023,0,267,1023,0,473,322,305,367,326,305,579,639,606,305,944
332,1023,0,248,1023,0,421,314,305,286,321,305,579,620,605,305,944
477,1023,0,156,1023,0,391,315,305,327,325,305,579,677,653,305,944
456,1023,0,235,1023,0,380,314,305,283,318,305,579,688,678,305,944
575,1023,0,258,1023,0,453,318,305,339,325,305,579,737,699,305,944
293,1023,0,211,1023,0,439,318,305,436,365,305,579,658,640,305,944
624,1023,0,263,1023,0,468,319,305,394,339,305,579,699,659,305,944
421,1023,0,372,1023,0,453,318,305,353,330,305,579,738,723,305,944
600,1023,0,424,1023,0,474,323,305,343,333,305,579,743,698,305,944
414,1023,0,249,1023,0,426,318,305,299,323,305,579,640,625,305,944
383,1023,0,185,1023,0,441,316,305,365,327,305,579,672,655,305,944
659,1023,0,248,1023,0,466,319,305,345,334,305,579,713,697,305,944
605,1023,0,280,1023,0,430,320,305,331,329,305,580,717,699,305,944
424,1023,0,336,1023,0,472,321,305,307,322,305,580,703,685,305,944
263,946,0,184,1023,0,451,317,305,337,316,305,580,644,627,305,944
292,1023,0,208,1023,0,484,323,305,348,323,305,580,670,656,305,944
274,1023,0,235,1023,0,447,316,305,314,320,305,580,674,655,305,944
543,1023,0,454,1023,0,522,330,305,433,335,305,580,745,683,305,944
596,1023,0,351,1023,0,421,314,305,315,324,305,580,724,680,305,944
249,991,0,212,1023,0,422,312,305,324,322,305,580,629,615,305,944
333,1023,0,201,1023,0,375,316,305,244,315,305,580,661,648,305,944
486,1023,0,221,1023,0,460,322,305,367,321,305,580,674,651,305,944
510,1023,0,237,1023,0,328,309,305,0,313,305,580,630,609,305,944
463,1023,0,329,1023,0,416,317,305,325,328,305,580,720,701,305,944
504,1023,0,237,1023,0,397,313,305,343,321,305,580,679,655,305,944
398,1023,0,205,1023,0,399,317,305,295,319,305,580,613,594,305,944
453,1023,0,277,1023,0,482,328,305,390,341,305,580,696,673,305,954
512,1023,0,274,1023,0,473,326,305,336,330,305,580,714,683,305,954
809,1023,0,401,1023,0,470,322,305,390,321,305,580,718,633,305,954
447,1023,0,230,1023,0,394,314,305,299,320,305,580,678,658,305,954
325,1023,0,168,1023,0,431,316,305,226,314,305,580,617,601,305,954
575,1023,0,457,1023,0,448,326,305,354,334,305,580,688,666,305,954
564,1023,0,244,1023,0,453,320,305,391,333,305,580,549,509,305,954
377,1023,0,231,1023,0,408,316,305,327,327,305,580,693,671,305,954
296,1015,0,225,1023,0,368,312,305,331,321,305,580,616,586,305,954
515,1023,0,284,1023,0,416,315,305,291,320,305,580,672,658,305,954
418,1023,0,199,1023,0,440,315,305,282,318,305,580,659,629,305,954
396,1023,0,324,1023,0,377,318,305,294,326,305,580,677,645,305,954
629,1023,0,404,1023,0,457,319,305,308,323,305,580,716,695,305,954
570,1023,0,383,1023,0,375,319,305,224,324,305,580,733,717,305,954
499,1023,0,292,1023,0,391,318,305,336,332,305,580,704,689,305,954
693,1023,0,312,1023,0,481,324,305,306,323,305,580,671,642,305,954
343,1023,0,272,1023,0,511,324,305,421,338,305,580,628,591,305,954
604,1023,0,284,1023,0,472,324,305,364,327,305,580,709,685,305,954
453,1023,0,251,1023,0,446,321,305,333,324,305,580,690,672,305,954
490,1023,0,236,1023,0,410,313,305,266,318,305,580,664,635,305,954
477,1023,0,222,1023,0,391,323,305,340,320,305,580,670,649,305,954
584,1023,0,342,1023,0,464,324,305,367,332,305,580,722,706,305,954
444,1023,0,211,1023,0,448,321,305,336,326,305,580,652,635,305,954
342,1023,0,204,1023,0,413,319,305,320,323,305,580,692,682,305,954
450,1023,0,143,795,0,350,314,305,319,320,305,580,589,571,305,954
438,1023,0,182,1023,0,438,318,305,245,313,305,580,572,550,305,954
353,1023,0,219,1023,0,390,313,305,268,316,305,580,675,663,305,954
548,1023,0,358,1023,0,375,315,305,275,322,305,580,674,649,305,954
354,1023,0,160,1023,0,364,312,305,301,325,305,580,653,643,305,954
663,1023,0,410,1023,0,456,318,305,374,328,305,580,738,688,305,954
362,1023,0,214,1023,0,369,311,305,230,319,305,581,732,722,305,954
378,1023,0,210,1023,0,332,314,305,0,314,305,581,672,656,305,954
466,1023,0,416,1023,0,453,321,305,341,330,305,581,687,662,305,954
733,1023,0,608,1023,0,488,326,305,419,335,305,581,760,679,305,954
422,1023,0,271,1023,0,458,317,305,345,322,305,581,657,640,305,954
627,1023,0,311,1023,0,412,320,305,363,335,305,581,710,676,305,954
374,1023,0,184,1003,0,444,314,305,275,324,305,581,575,551,305,954
367,1023,0,214,1023,0,404,317,305,325,330,305,581,670,658,305,954
314,1023,0,269,1023,0,400,316,305,272,318,305,581,657,642,305,964
463,1023,0,291,1023,0,440,319,305,301,323,305,581,674,653,305,964
389,1023,0,223,1023,0,402,317,305,252,324,305,581,690,672,305,964
429,1023,0,248,1023,0,440,318,305,332,327,305,581,637,624,305,964
623,1023,0,198,903,0,463,317,305,431,333,305,581,589,529,305,964
351,1023,0,188,1023,0,415,315,305,13,310,305,581,657,650,305,964
752,1023,0,491,1023,0,476,319,305,387,331,305,581,723,636,305,964
480,1023,0,245,1023,0,468,324,305,336,319,305,581,661,641,305,964
323,1023,0,216,1023,0,446,315,305,315,322,305,581,638,610,305,964
570,1023,0,235,1023,0,397,314,305,302,321,305,581,650,629,305,964
413,1023,0,195,1023,0,438,316,305,343,323,305,581,699,685,305,964
448,1023,0,241,1023,0,395,313,305,327,323,305,581,687,644,305,964
520,1023,0,342,1023,0,467,319,305,366,330,305,581,689,663,305,964
286,1023,0,196,1023,0,392,319,305,246,312,305,581,661,652,305,964
546,1023,0,384,1023,0,490,323,305,359,326,305,581,709,677,305,964
662,1023,0,507,1023,0,491,327,305,352,331,305,581,778,754,305,964
433,1023,0,252,1023,0,336,313,305,271,320,305,581,695,676,305,964
455,1023,0,231,1023,0,437,320,305,304,323,305,581,664,655,305,964
833,1023,0,403,1023,0,442,320,305,285,317,305,581,705,644,305,964
488,1023,0,329,1023,0,475,322,305,395,340,305,581,678,664,305,964
460,1023,0,281,1023,0,451,322,305,325,324,305,581,722,711,305,964
482,1023,0,285,1023,0,472,324,305,386,344,305,581,728,717,305,964
317,1023,0,143,1023,0,446,319,305,269,320,305,581,660,646,305,964
336,1023,0,174,1023,0,411,312,305,236,316,305,581,600,582,305,964
277,1023,0,171,1023,0,357,315,305,197,315,305,581,591,582,305,964
442,1023,0,216,1023,0,420,320,305,332,324,305,581,689,676,305,964
367,1023,0,158,1013,0,413,322,305,226,319,305,581,642,637,305,964
476,1023,0,217,1023,0,404,319,305,330,324,305,581,667,657,305,964
574,1023,0,257,1023,0,475,329,305,407,346,305,581,671,651,305,964
620,1023,0,233,1023,0,457,319,305,363,325,305,581,691,662,305,964
415,1023,0,242,1023,0,430,317,305,324,328,305,581,706,691,305,964
810,1023,0,438,1023,0,489,320,305,404,333,305,581,745,663,305,964
246,1003,0,219,1023,0,449,319,305,290,319,305,581,629,616,305,964
418,1023,0,231,1023,0,380,313,305,222,320,305,581,718,703,305,964
532,1023,0,179,1017,0,431,317,305,291,320,305,581,675,656,305,964
454,1023,0,171,995,0,433,315,305,254,317,305,581,568,536,305,964
540,1023,0,407,1023,0,442,325,305,380,333,305,581,666,636,305,964
343,1023,0,177,1023,0,409,312,305,267,318,305,581,634,619,305,964
349,1023,0,160,1023,0,420,318,305,335,331,305,581,642,619,305,964
498,1023,0,330,1023,0,456,320,305,368,330,305,581,753,738,305,964
466,1023,0,272,1023,0,410,320,305,299,326,305,581,665,653,305,964
657,1023,0,380,1023,0,455,321,305,336,331,305,581,693,657,305,964
501,1023,0,250,1023,0,454,319,305,357,335,305,581,735,712,305,964
559,1023,0,308,1023,0,451,329,305,363,341,305,581,702,671,305,964
348,1023,0,174,1023,0,327,310,305,307,318,305,581,595,579,305,964
402,1023,0,272,1023,0,451,321,305,323,321,305,581,711,696,305,964
364,1023,0,198,1023,0,338,310,305,264,317,305,581,653,634,305,964
469,1023,0,187,1023,0,401,316,305,259,318,305,581,622,607,305,964
382,1023,0,166,1023,0,465,319,305,298,320,305,581,641,619,305,964
306,1023,0,245,1023,0,442,315,305,337,327,305,581,681,664,305,964
451,1023,0,434,1023,0,466,327,305,355,338,305,581,753,737,305,964
801,1023,0,493,1023,0,484,319,305,383,328,305,581,742,664,305,964
454,1023,0,193,1023,0,457,317,305,314,323,305,581,648,634,305,964
375,1023,0,258,1023,0,392,319,305,371,337,305,581,662,655,305,964
542,1023,0,217,1023,0,438,320,305,350,333,305,581,700,684,305,964
550,1023,0,358,1023,0,482,322,305,364,333,305,581,720,707,305,964
795,1023,0,508,1023,0,502,326,305,397,326,305,581,761,675,305,964
460,1023,0,215,1023,0,475,317,305,368,322,305,581,706,687,305,964
399,1023,0,320,1023,0,454,320,305,376,336,305,581,705,689,305,964
710,1023,0,567,1023,0,458,323,305,373,333,305,581,755,732,305,964
420,1023,0,180,987,0,403,314,305,255,318,305,582,556,535,305,964
437,1023,0,220,1023,0,398,317,305,323,319,305,582,666,636,305,974
585,1023,0,282,1023,0,426,320,305,365,329,305,582,712,691,305,974
420,1023,0,187,1023,0,381,314,305,302,317,305,582,641,623,305,974
391,1023,0,111,802,0,445,320,305,328,328,305,582,672,666,305,974
536,1023,0,391,1023,0,477,321,305,225,324,305,582,684,658,305,974
433,1023,0,266,1023,0,438,317,305,309,324,305,582,675,663,305,974
599,1023,0,306,1023,0,453,320,305,304,319,305,582,689,636,305,974
492,1023,0,273,1023,0,448,319,305,377,340,305,582,696,677,305,974
750,1023,0,418,1023,0,464,319,305,380,327,305,582,739,653,305,974
465,1023,0,399,1023,0,474,332,305,398,338,305,582,742,724,305,974
392,1023,0,345,1023,0,477,325,305,319,329,305,582,707,690,305,974
419,1023,0,195,1023,0,428,315,305,257,322,305,582,596,582,305,974
372,1023,0,264,1023,0,405,311,305,317,320,305,582,589,562,305,974
385,1023,0,228,1023,0,350,316,305,298,327,305,582,670,653,305,974
514,1023,0,269,1023,0,438,317,305,338,323,305,582,701,679,305,974
423,1023,0,247,1023,0,450,316,305,320,328,305,582,712,693,305,974
401,1023,0,372,1023,0,456,322,305,330,330,305,582,781,760,305,974
532,1023,0,228,1023,0,465,327,305,312,328,305,582,760,749,305,974
480,1023,0,338,1023,0,441,315,305,333,326,305,582,719,696,305,974
414,1023,0,227,1023,0,440,320,305,359,331,305,582,677,656,305,974
488,1023,0,207,1023,0,438,318,305,368,333,305,582,652,625,305,974
513,1023,0,176,1023,0,431,323,305,361,338,305,582,705,677,305,974
390,1023,0,223,1023,0,424,319,305,239,319,305,582,667,649,305,974
812,1023,0,529,1023,0,488,332,305,373,329,305,582,738,681,305,974
354,1023,0,190,1023,0,142,313,305,171,318,305,582,566,551,305,974
277,1023,0,131,928,0,430,316,305,315,318,305,582,621,609,305,974
350,1023,0,196,1023,0,420,312,305,175,314,305,582,649,633,305,974
662,1023,0,372,1023,0,491,326,305,365,328,305,582,737,660,305,974
461,1023,0,229,1023,0,516,326,305,343,330,305,582,652,633,305,974
567,1023,0,295,1023,0,417,319,305,367,335,305,582,705,689,305,974
424,1023,0,268,1023,0,409,316,305,329,329,305,582,711,686,305,974
654,1023,0,412,1023,0,468,331,305,356,338,305,582,704,674,305,974
691,1023,0,609,1023,0,497,332,305,408,346,305,582,771,723,305,974
323,1023,0,108,868,0,360,315,305,198,316,305,582,456,440,305,974
599,1023,0,441,1023,0,471,330,305,384,336,305,582,702,674,305,974
421,1023,0,285,1023,0,437,319,305,343,320,305,582,628,613,305,974
466,1023,0,243,1023,0,435,318,305,321,323,305,582,689,668,305,974
841,1023,0,485,1023,0,469,318,305,380,327,305,582,739,669,305,974
450,1023,0,388,1023,0,473,325,305,357,326,305,582,713,698,305,984
294,1023,0,367,1023,0,495,322,305,406,334,305,582,725,712,305,984
490,1023,0,277,1023,0,407,318,305,306,325,305,582,705,690,305,984
347,1023,0,211,1023,0,414,317,305,304,321,305,582,629,612,305,984
360,1023,0,200,1023,0,432,314,305,312,320,305,582,662,652,305,984
418,1023,0,195,1023,0,0,311,305,227,318,305,582,658,643,305,984
426,1023,0,287,1023,0,412,316,305,285,316,305,582,648,626,305,984
342,1023,0,127,890,0,448,316,305,329,328,305,582,633,625,305,984
453,1023,0,235,1023,0,430,320,305,323,321,305,582,710,696,305,984
341,1023,0,162,1023,0,412,313,305,206,318,305,582,647,633,305,984
758,1023,0,555,1023,0,490,324,305,405,336,305,582,724,642,305,984
455,1023,0,275,1023,0,417,324,305,301,319,305,582,712,695,305,984
522,1023,0,332,1023,0,488,334,305,404,344,305,582,703,684,305,984
448,1023,0,308,1023,0,460,317,305,343,323,305,583,718,697,305,984
533,1023,0,260,1023,0,412,316,305,323,325,305,583,583,564,305,984
302,1023,0,147,1023,0,472,319,305,372,329,305,583,632,610,305,984
600,1023,0,276,1023,0,367,313,305,293,320,305,583,683,663,305,984
440,1023,0,234,1023,0,441,312,305,313,319,305,583,711,699,305,984
473,1023,0,262,1023,0,439,314,305,343,328,305,583,714,701,305,984
710,1023,0,440,1023,0,467,317,305,420,336,305,583,765,717,305,984
354,1023,0,276,1023,0,415,318,305,331,329,305,583,693,677,305,984
430,1023,0,255,1023,0,431,320,305,272,319,305,583,704,689,305,984
720,1023,0,395,1023,0,481,321,305,363,329,305,583,764,705,305,984
499,1023,0,301,1023,0,436,319,305,276,323,305,583,690,672,305,984
788,1023,0,564,1023,0,489,327,305,419,343,305,583,767,716,305,984
665,1023,0,499,1023,0,498,323,305,376,327,305,583,746,709,305,984
401,1023,0,248,1023,0,381,312,305,283,317,305,583,662,644,305,984
377,1023,0,209,1023,0,430,320,305,292,320,305,583,691,668,305,984
655,1023,0,582,1023,0,540,337,305,460,353,305,583,760,736,305,984
644,1023,0,263,1023,0,465,328,305,357,342,305,583,752,740,305,984
301,1023,0,194,1023,0,443,319,305,322,327,305,583,714,704,305,984
671,1023,0,482,1023,0,493,326,305,394,336,305,583,764,720,305,984
502,1023,0,148,902,0,403,314,305,329,324,305,583,682,665,305,984
435,1023,0,193,1023,0,401,314,305,271,319,305,583,640,628,305,984
475,1023,0,254,1023,0,494,326,305,409,334,305,583,704,662,305,984
427,1023,0,306,1023,0,471,332,305,310,326,305,583,707,683,305,984
488,1023,0,214,1023,0,481,331,305,431,358,305,583,685,659,305,984
344,1023,0,157,1023,0,0,309,305,174,317,305,583,556,540,305,984
476,1023,0,307,1023,0,451,326,305,366,332,305,583,714,702,305,984
428,1023,0,300,1023,0,418,314,305,333,324,305,583,686,669,305,984
383,1023,0,234,1023,0,422,316,305,196,318,305,583,702,686,305,984
531,1023,0,314,1023,0,452,319,305,296,324,305,583,724,711,305,994
558,1023,0,339,1023,0,448,318,305,348,329,305,583,697,674,305,994
437,1023,0,300,1023,0,464,316,305,289,320,305,583,658,642,305,994
659,1023,0,369,1023,0,454,317,305,291,326,305,583,651,620,305,994
379,1023,0,198,1023,0,404,313,305,323,326,305,583,681,670,305,994
512,1023,0,272,1023,0,295,314,305,294,320,305,583,652,639,305,994
771,1023,0,444,1023,0,486,323,305,406,333,305,583,751,699,305,994
359,1023,0,221,1023,0,355,311,305,278,320,305,583,670,662,305,994
429,1023,0,242,1023,0,411,315,305,296,316,305,583,643,625,305,994
371,1023,0,232,1023,0,467,327,305,351,327,305,583,695,679,305,994
394,1023,0,216,1023,0,417,316,305,270,316,305,583,696,680,305,994
406,1023,0,310,1023,0,474,330,305,385,341,305,583,713,688,305,994
508,1023,0,412,1023,0,452,320,305,361,324,305,583,661,639,305,994
483,1023,0,283,1023,0,426,316,305,308,322,305,583,620,581,305,994
351,1023,0,205,1023,0,391,313,305,307,319,305,583,668,655,305,994
706,1023,0,426,1023,0,472,322,305,389,339,305,583,751,711,305,994
831,1023,0,404,1023,0,500,323,305,404,327,305,583,742,687,305,994
522,1023,0,200,1023,0,436,317,305,328,323,305,583,651,634,305,994
629,1023,0,352,1023,0,498,328,305,426,344,305,583,693,651,305,994
845,1023,0,542,1023,0,469,328,305,387,337,305,583,742,710,305,994
578,1023,0,426,1023,0,480,323,305,402,339,305,583,704,679,305,994
471,1023,0,346,1023,0,445,317,305,361,325,305,583,682,649,305,994
467,1023,0,275,1023,0,394,316,305,346,332,305,583,705,693,305,994
812,1023,0,402,1023,0,454,321,305,321,323,305,583,739,709,305,994
691,1023,0,343,1023,0,469,321,305,361,333,305,583,759,737,305,994
454,1023,0,239,1023,0,396,313,305,319,326,305,583,684,670,305,994
464,1023,0,151,900,0,419,313,305,214,317,305,583,667,654,305,994
459,1023,0,284,1023,0,447,321,305,346,335,305,583,694,669,305,994
348,1023,0,176,1023,0,414,315,305,273,320,305,584,526,490,305,994
406,1023,0,198,1023,0,447,317,305,188,317,305,584,646,626,305,994
477,1023,0,127,889,0,352,312,305,319,325,305,584,669,629,305,994
398,1023,0,222,1023,0,418,319,305,292,316,305,584,660,646,305,994
543,1023,0,259,1023,0,395,315,305,300,328,305,584,673,657,305,994
358,1023,0,305,1023,0,459,324,305,378,336,305,584,687,674,305,994
400,1023,0,212,1023,0,440,318,305,280,322,305,584,688,678,305,994
495,1023,0,190,1023,0,453,327,305,306,326,305,584,558,529,305,994
354,1023,0,227,1023,0,450,324,305,300,323,305,584,672,657,305,994
414,1023,0,239,1023,0,395,313,305,221,314,305,584,697,678,305,994
540,1023,0,287,1023,0,430,318,305,325,330,305,584,705,690,305,994
364,1023,0,293,1023,0,448,325,305,330,334,305,584,679,662,305,994
418,1023,0,190,1023,0,399,314,305,338,321,305,584,651,627,305,994
515,1023,0,308,1023,0,444,322,305,453,376,305,584,754,737,305,994
446,1023,0,255,1023,0,362,314,305,245,318,305,584,573,559,305,994
400,1023,0,228,1023,0,412,314,305,285,318,305,584,668,654,305,994
423,1023,0,226,1023,0,450,320,305,319,329,305,584,678,663,305,1004
459,1023,0,214,1023,0,340,313,305,290,315,305,584,649,629,305,1004
475,1023,0,320,1023,0,452,322,305,312,318,305,584,750,729,305,1004
552,1023,0,297,1023,0,465,323,305,349,330,305,584,717,703,305,1004
467,1023,0,255,1023,0,423,317,305,210,316,305,584,713,697,305,1004
368,1023,0,216,1023,0,408,316,305,279,323,305,584,657,645,305,1004
559,1023,0,215,1023,0,468,330,305,368,350,305,584,680,657,305,1004
540,1023,0,359,1023,0,440,315,305,338,328,305,584,708,679,305,1004
460,1023,0,272,1023,0,449,315,305,367,336,305,584,690,662,305,1004
527,1023,0,356,1023,0,503,329,305,396,343,305,584,732,719,305,1004
534,1023,0,356,1023,0,503,331,305,430,341,305,584,714,693,305,1004
382,1023,0,206,1023,0,437,321,305,347,320,305,584,637,618,305,1004
485,1023,0,270,1023,0,503,327,305,358,339,305,584,697,673,305,1004
688,1023,0,511,1023,0,539,341,305,451,355,305,584,767,716,305,1004
423,1023,0,239,1023,0,439,318,305,333,326,305,584,651,643,305,1004
356,1023,0,228,1023,0,411,318,305,247,316,305,584,675,660,305,1004
636,1023,0,197,1023,0,425,316,305,339,334,305,584,693,672,305,1004
373,1023,0,228,1023,0,387,317,305,262,316,305,584,673,662,305,1004
449,1023,0,229,1023,0,423,317,305,314,329,305,584,704,695,305,1004
340,1023,0,237,1023,0,416,321,305,316,329,305,584,739,733,305,1004
497,1023,0,243,1023,0,422,317,305,220,316,305,584,705,684,305,1004
415,1023,0,247,1023,0,442,325,305,354,326,305,584,730,712,305,1004
379,1023,0,304,1023,0,387,314,305,318,319,305,584,699,681,305,1004
460,1023,0,236,1023,0,441,316,305,326,319,305,584,661,650,305,1004
813,1023,0,477,1023,0,466,326,305,358,329,305,584,745,669,305,1004
413,1023,0,215,1023,0,408,311,305,327,327,305,584,640,623,305,1004
788,1023,0,422,1023,0,487,326,305,400,344,305,584,740,703,305,1004
279,1023,0,221,1023,0,519,329,305,419,333,305,584,670,643,305,1004
442,1023,0,291,1023,0,468,321,305,372,330,305,584,718,689,305,1004
522,1023,0,282,1023,0,362,310,305,278,320,305,584,687,665,305,1004
665,1023,0,321,1023,0,461,318,305,356,330,305,584,681,663,305,1004
411,1023,0,183,1023,0,442,319,305,310,324,305,584,711,703,305,1004
560,1023,0,207,1023,0,452,320,305,309,324,305,584,660,632,305,1004
475,1023,0,138,880,0,450,316,305,187,321,305,584,681,647,305,1004
648,1023,0,249,968,0,407,311,305,279,314,305,584,677,638,305,1004
374,1023,0,211,1023,0,331,312,305,233,316,305,584,689,674,305,1004
373,1023,0,189,1023,0,390,312,305,302,317,305,584,615,605,305,1004
338,1023,0,171,1023,0,430,318,305,280,320,305,584,577,568,305,1004
434,1023,0,235,1023,0,444,319,305,296,321,305,584,681,657,305,1004
377,1023,0,206,1023,0,431,319,305,337,324,305,584,604,589,305,1014
384,1023,0,197,1023,0,380,310,305,265,318,305,584,660,648,305,1014
654,1023,0,371,1023,0,456,324,305,368,340,305,584,744,715,305,1014
485,1023,0,222,1023,0,368,312,305,253,313,305,584,553,531,305,1014
382,1023,0,207,1023,0,422,314,305,308,319,305,585,598,585,305,1014
377,1023,0,262,1023,0,434,317,305,326,320,305,585,712,700,305,1014
403,1023,0,265,1023,0,424,324,305,329,327,305,585,711,701,305,1014
534,1023,0,345,1023,0,463,320,305,395,339,305,585,703,682,305,1014
495,1023,0,220,920,0,536,331,305,444,337,305,585,691,661,305,1014
375,1023,0,185,1023,0,402,315,305,196,315,305,585,646,631,305,1014
330,1023,0,216,1023,0,376,313,305,285,317,305,585,628,619,305,1014
396,1023,0,215,1023,0,413,316,305,266,323,305,585,668,650,305,1014
579,1023,0,207,1023,0,444,317,305,320,326,305,585,658,623,305,1014
394,1023,0,217,1023,0,437,321,305,254,316,305,585,679,662,305,1014
377,1023,0,184,1023,0,0,310,305,126,313,305,585,660,648,305,1014
474,1023,0,187,1023,0,395,316,305,241,319,305,585,636,622,305,1014
426,1023,0,188,1023,0,418,314,305,288,319,305,585,735,724,305,1014
439,1023,0,250,1023,0,421,316,305,307,319,305,585,674,661,305,1014
480,1023,0,239,1023,0,476,332,305,380,351,305,585,706,690,305,1014
476,1023,0,311,1023,0,464,326,305,323,324,305,585,672,646,305,1014
332,1023,0,147,947,0,383,319,305,318,324,305,585,649,633,305,1014
503,1023,0,199,1023,0,450,318,305,338,324,305,585,668,653,305,1014
392,1023,0,206,1023,0,311,311,305,263,318,305,585,674,661,305,1014
416,1023,0,298,1023,0,461,322,305,347,335,305,585,692,676,305,1014
610,1023,0,291,1023,0,455,320,305,359,328,305,585,733,720,305,1014
402,1023,0,233,1023,0,391,312,305,287,319,305,585,662,640,305,1014
590,1023,0,219,1023,0,430,317,305,320,325,305,585,665,647,305,1014
472,1023,0,271,1023,0,423,314,305,340,328,305,585,665,647,305,1014
407,1023,0,348,1023,0,447,319,305,317,323,305,585,669,652,305,1014
359,1023,0,193,1023,0,367,319,305,265,319,305,585,674,659,305,1014
458,1023,0,238,1023,0,429,323,305,271,320,305,585,655,631,305,1014
409,1023,0,364,1023,0,458,324,305,336,328,305,585,658,640,305,1014
532,1023,0,214,1023,0,406,316,305,303,318,305,585,685,665,305,1014
440,1023,0,291,1023,0,406,315,305,268,320,305,585,681,662,305,1014
579,1023,0,338,1023,0,480,323,305,408,345,305,585,741,724,305,1014
832,1023,0,454,1023,0,487,335,305,397,342,305,585,734,690,305,1014
563,1023,0,232,1023,0,439,317,305,303,322,305,585,668,648,305,1014
377,1023,0,237,1023,0,459,322,305,326,322,305,585,655,638,305,1014
279,1023,0,133,806,0,467,320,305,373,330,305,585,666,630,305,1014
800,1023,0,468,1023,0,447,321,305,360,336,305,585,738,707,305,1014
387,1023,0,216,1023,0,402,314,305,230,314,305,585,674,665,305,1014
388,1023,0,180,1023,0,428,319,305,295,323,305,585,683,663,305,1014
276,1023,0,133,1005,0,417,317,305,235,316,305,585,550,531,305,1014
421,1023,0,211,1023,0,427,314,305,363,326,305,585,672,647,305,1014
340,1023,0,210,1023,0,406,317,305,270,317,305,585,629,625,305,1014
397,1023,0,256,1023,0,480,323,305,397,350,305,585,750,738,305,1014
413,1023,0,211,1023,0,448,315,305,280,322,305,585,690,671,305,1014
391,1023,0,205,1023,0,439,316,305,303,325,305,585,628,611,305,1023
410,1023,0,228,1023,0,452,323,305,303,321,305,585,675,663,305,1023
517,1023,0,308,1023,0,424,318,305,311,322,305,585,709,674,305,1023
469,1023,0,438,1023,0,440,319,305,362,333,305,585,739,727,305,1023
372,1023,0,165,1023,0,428,313,305,307,319,305,585,676,666,305,1023
671,1023,0,287,1023,0,411,312,305,351,320,305,585,679,664,305,1023
606,1023,0,434,1023,0,458,324,305,341,333,305,585,705,684,305,1023
683,1023,0,316,1023,0,473,323,305,341,332,305,585,677,632,305,1023
396,1023,0,272,1023,0,302,315,305,289,321,305,585,729,712,305,1023
532,1023,0,187,1023,0,467,322,305,350,326,305,585,663,640,305,1023
423,1023,0,291,1023,0,444,319,305,307,321,305,585,700,681,305,1023
598,1023,0,247,1023,0,455,317,305,301,323,305,585,657,636,305,1023
318,1023,0,176,1023,0,390,312,305,339,316,305,585,613,601,305,1023
341,1023,0,156,945,0,430,313,305,301,317,305,585,640,626,305,1023
421,1023,0,272,1023,0,420,314,305,300,321,305,585,680,668,305,1023
392,1023,0,156,1023,0,456,318,305,345,334,305,585,706,683,305,1023
407,1023,0,292,1023,0,442,321,305,313,327,305,585,685,666,305,1023
467,1023,0,360,1023,0,447,322,305,344,330,305,585,715,703,305,1023
386,1023,0,309,1023,0,475,324,305,365,329,305,585,754,745,305,1023
357,1023,0,230,1023,0,450,315,305,287,317,305,586,690,681,305,1023
457,1023,0,246,1023,0,440,316,305,286,319,305,586,667,649,305,1023
362,1023,0,154,988,0,417,316,305,244,317,305,586,692,669,305,1023
500,1023,0,224,1023,0,397,318,305,277,325,305,586,628,602,305,1023
438,1023,0,186,1023,0,384,312,305,262,320,305,586,623,603,305,1023
373,1023,0,195,1023,0,421,320,305,282,321,305,586,662,652,305,1023
397,1023,0,183,1023,0,340,317,305,291,320,305,586,602,585,305,1023
499,1023,0,235,1023,0,445,323,305,318,319,305,586,701,689,305,1023
604,1023,0,445,1023,0,469,325,305,364,329,305,586,784,769,305,1023
460,1023,0,329,1023,0,463,321,305,374,329,305,586,694,679,305,1023
415,1023,0,153,1023,0,380,312,305,203,315,305,586,601,579,305,1023
475,1023,0,233,1023,0,419,314,305,297,320,305,586,644,633,305,1023
383,1023,0,236,1023,0,387,315,305,324,325,305,586,671,661,305,1023
507,1023,0,197,1023,0,311,312,305,209,318,305,586,712,691,305,1023
301,1023,0,254,1023,0,447,314,305,316,318,305,586,648,638,305,1023
373,1023,0,164,1023,0,403,314,305,332,331,305,586,598,576,305,1023
