"FSC-A","FSC-H","FSC-W","SSC-A","SSC-H","SSC-W","BL1-A","BL1-H","BL1-W","BL2-A","Event","VL1-A","VL1-H","VL1-W","Time"
313,1023,0,123,873,0,748,965,306,736,305,749,745,305,0
283,1023,0,244,1023,0,629,794,305,602,306,767,761,305,0
668,1023,0,493,1023,0,853,1023,307,852,306,844,819,305,0
455,1023,0,204,1023,0,565,709,305,541,306,760,749,305,0
384,1023,0,444,1023,0,645,764,305,657,306,765,703,305,0
323,1023,0,122,859,0,653,841,305,633,306,735,735,305,0
672,1023,0,480,1023,0,672,843,305,652,306,811,798,305,0
594,1023,0,326,1023,0,402,398,305,424,306,774,757,305,0
569,1023,0,436,1023,0,593,724,305,567,307,786,771,305,0
286,1023,0,135,1023,0,632,823,305,614,307,494,474,305,0
578,1023,0,369,1023,0,750,962,306,738,307,828,785,305,0
534,1023,0,425,1023,0,668,831,305,647,307,762,749,305,0
698,1023,0,437,1023,0,406,411,305,441,308,833,818,305,0
585,1023,0,305,1023,0,771,977,306,763,308,786,771,305,0
540,1023,0,277,1023,0,599,745,305,572,308,779,767,305,0
577,1023,0,255,1023,0,888,1023,307,891,308,774,759,305,0
583,1023,0,365,1023,0,836,1023,306,833,308,785,773,305,0
730,1023,0,428,1023,0,818,1002,307,813,308,799,772,305,0
575,1023,0,347,1023,0,484,549,305,457,308,780,764,305,0
469,1023,0,313,1023,0,640,801,305,615,308,784,772,305,0
736,1023,0,601,1023,0,694,872,305,674,309,766,755,305,0
559,1023,0,334,1023,0,751,957,306,740,309,779,770,305,0
696,1023,0,656,1023,0,819,1023,306,813,309,879,837,305,0
496,1023,0,498,1023,0,739,929,306,729,309,768,764,305,0
801,1023,0,464,1023,0,764,959,306,754,309,796,771,305,0
586,1023,0,476,1023,0,231,384,305,342,309,786,770,305,0
259,1023,0,104,870,0,508,613,305,485,310,552,448,305,0
628,1023,0,615,1023,0,811,1023,306,804,310,791,763,305,0
362,1023,0,167,1023,0,753,974,306,743,310,772,765,305,0
384,1023,0,352,1023,0,705,888,305,689,310,791,782,305,3
685,1023,0,579,1023,0,853,1023,307,852,310,847,824,305,3
602,1023,0,349,1023,0,706,877,305,689,311,761,738,305,3
456,1023,0,374,1023,0,487,549,305,499,311,783,766,305,3
370,1023,0,127,906,0,362,352,305,363,311,498,473,305,3
812,1023,0,595,1023,0,518,542,305,510,311,841,778,305,3
260,1023,0,78,635,0,600,776,305,572,311,441,414,305,3
238,1023,0,155,1023,0,371,350,305,362,311,444,441,305,3
418,1023,0,195,1023,0,601,755,305,574,312,558,516,305,3
301,1023,0,112,836,0,711,921,305,697,312,767,765,305,3
721,1023,0,549,1023,0,689,865,305,667,313,786,770,305,3
519,1023,0,510,1023,0,814,1022,306,806,313,792,778,305,3
329,1023,0,96,743,0,560,728,305,528,313,742,742,305,3
500,1023,0,269,1023,0,713,907,305,699,313,813,797,305,3
355,1023,0,225,1023,0,359,362,305,454,313,508,463,305,3
576,1023,0,373,1023,0,467,524,305,457,313,782,767,305,3
293,1023,0,115,855,0,661,856,305,642,314,506,483,305,3
504,1023,0,203,1023,0,716,908,305,699,314,771,764,305,3
374,1023,0,207,1023,0,607,756,305,580,314,752,727,305,3
406,1023,0,350,1023,0,797,1019,306,792,314,784,766,305,7
663,1023,0,435,1023,0,774,966,306,765,314,787,764,305,7
751,1023,0,486,1023,0,873,1023,307,873,314,785,760,305,7
648,1023,0,266,1023,0,691,866,305,671,314,785,764,305,7
322,1023,0,198,1023,0,636,816,305,611,315,743,739,305,7
468,1023,0,406,1023,0,874,1023,306,875,315,793,779,305,7
696,1023,0,437,1023,0,776,964,306,769,315,778,744,305,7
377,1023,0,311,1023,0,435,447,305,450,315,784,770,305,7
432,1023,0,185,1023,0,621,786,305,596,316,758,750,305,7
259,1023,0,132,1023,0,461,541,305,426,317,452,432,305,7
522,1023,0,225,1023,0,654,831,305,631,317,759,746,305,7
496,1023,0,513,1023,0,581,718,305,568,317,794,777,305,7
560,1023,0,256,1023,0,603,758,305,578,317,772,763,305,7
599,1023,0,433,1023,0,689,853,305,671,318,767,746,305,7
346,1023,0,148,1023,0,746,965,306,735,318,752,737,305,7
277,1023,0,87,716,0,574,739,305,545,318,414,411,305,7
469,1023,0,246,1023,0,638,802,305,612,318,777,766,305,7
616,1023,0,480,1023,0,791,1005,306,782,318,822,805,305,7
697,1023,0,707,1023,0,582,663,305,593,319,814,786,305,10
394,1023,0,191,1023,0,472,529,305,446,319,731,704,305,10
350,1023,0,260,1023,0,682,879,305,661,319,755,749,305,10
457,1023,0,260,1023,0,752,958,306,741,319,750,738,305,10
421,1023,0,219,1023,0,661,838,305,637,319,788,779,305,10
588,1023,0,411,1023,0,820,1023,306,814,319,775,769,305,10
792,1023,0,549,1023,0,640,792,305,618,320,838,778,305,10
312,1023,0,162,1023,0,699,904,305,684,320,760,750,305,10
500,1023,0,408,1023,0,648,817,305,623,320,765,756,305,10
455,1023,0,320,1023,0,672,863,305,651,320,774,766,305,10
518,1023,0,337,1023,0,680,848,305,667,320,779,768,305,10
444,1023,0,267,1023,0,718,910,305,704,320,740,732,305,10
367,1023,0,112,813,0,626,801,305,602,320,742,736,305,10
358,1023,0,440,881,0,622,814,305,605,320,469,409,305,10
524,1023,0,520,1023,0,534,639,305,517,321,819,796,305,10
501,1023,0,232,1023,0,756,957,306,743,321,769,760,305,10
633,1023,0,429,1023,0,711,893,305,689,321,794,766,305,10
672,1023,0,387,1023,0,691,858,305,674,321,797,781,305,10
421,1023,0,264,1023,0,813,1023,306,809,321,819,805,305,10
323,1023,0,197,1023,0,513,625,305,487,321,759,751,305,10
576,1023,0,329,1023,0,807,1017,306,799,321,792,782,305,10
573,1023,0,310,1023,0,717,894,305,703,321,769,754,305,10
708,1023,0,447,1023,0,604,748,305,592,321,791,775,305,10
240,1023,0,207,1023,0,230,337,305,354,322,367,354,305,10
642,1023,0,340,1023,0,386,382,305,400,322,784,766,305,10
571,1023,0,330,1023,0,765,961,306,755,322,791,779,305,10
285,1023,0,275,1023,0,350,341,305,389,322,534,528,305,10
334,1023,0,181,1023,0,659,849,305,636,322,739,733,305,10
411,1023,0,297,1023,0,664,841,305,647,322,786,772,305,10
653,1023,0,338,1023,0,689,861,305,670,322,805,792,305,10
432,1023,0,181,1023,0,752,968,306,741,322,766,752,305,10
598,1023,0,356,1023,0,765,966,306,754,322,789,778,305,10
500,1023,0,264,1023,0,799,1021,306,792,322,773,762,305,10
525,1023,0,359,1023,0,817,1023,306,811,323,790,774,305,10
434,1023,0,176,1023,0,630,798,305,606,323,761,763,305,10
430,1023,0,431,1023,0,883,1023,306,886,323,771,763,305,10
536,1023,0,276,1023,0,828,1023,306,823,323,785,771,305,10
494,1023,0,227,1023,0,605,751,305,577,323,753,732,305,10
238,1023,0,145,1023,0,645,835,305,622,323,480,460,305,10
610,1023,0,468,1023,0,795,1017,306,787,324,788,759,305,10
732,1023,0,480,1023,0,785,996,306,776,324,793,772,305,10
427,1023,0,207,1023,0,383,381,305,367,324,774,766,305,10
386,1023,0,209,1023,0,320,360,305,372,324,752,746,305,10
283,1023,0,171,1023,0,593,756,305,564,324,456,442,305,13
661,1023,0,354,1023,0,613,736,305,591,324,790,772,305,13
482,1023,0,379,1023,0,393,389,305,384,324,774,761,305,13
567,1023,0,361,1023,0,709,891,305,689,324,789,774,305,13
465,1023,0,245,1023,0,680,856,305,662,324,550,515,305,13
746,1023,0,478,1023,0,573,683,305,555,324,780,765,305,13
690,1023,0,335,1023,0,738,924,306,725,324,782,770,305,13
563,1023,0,272,1023,0,516,609,305,499,325,771,760,305,13
615,1023,0,449,1023,0,634,783,305,612,325,779,761,305,13
313,1023,0,129,965,0,344,354,305,330,325,732,722,305,13
415,1023,0,155,926,0,623,789,305,594,325,765,760,305,13
449,1023,0,247,1023,0,595,743,305,572,325,791,770,305,13
449,1023,0,281,1023,0,827,1023,306,825,325,771,767,305,13
364,1023,0,176,1023,0,562,701,305,531,325,756,747,305,13
595,1023,0,478,1023,0,860,1023,307,861,325,792,777,305,13
461,1023,0,197,1023,0,435,464,305,420,326,761,748,305,13
501,1023,0,294,1023,0,552,680,305,525,326,809,799,305,13
298,1023,0,116,869,0,665,855,305,654,326,542,461,305,13
302,1023,0,123,896,0,508,620,305,477,326,742,740,305,13
400,1023,0,110,704,0,656,832,305,635,326,752,745,305,13
445,1023,0,223,1023,0,408,410,305,448,326,670,655,305,13
262,1023,0,155,1023,0,592,760,305,568,326,503,483,305,13
283,1023,0,98,814,0,462,547,305,434,326,450,438,305,13
341,1023,0,245,1023,0,693,887,305,677,326,788,775,305,13
501,1023,0,334,1023,0,361,358,305,384,327,789,772,305,13
509,1023,0,403,1023,0,747,945,306,738,327,800,785,305,13
511,1023,0,403,1023,0,564,676,305,550,327,772,756,305,13
377,1023,0,140,925,0,615,779,305,588,327,759,744,305,13
807,1023,0,505,1023,0,595,696,305,572,327,811,781,305,13
528,1023,0,268,1023,0,519,618,305,496,328,789,773,305,13
387,1023,0,165,1023,0,449,473,305,442,328,563,524,305,13
512,1023,0,207,1023,0,675,850,305,653,328,778,765,305,13
563,1023,0,435,1023,0,671,829,305,649,328,780,769,305,13
454,1023,0,129,310,0,546,553,305,527,328,499,396,305,13
590,1023,0,441,1023,0,648,803,305,624,328,797,788,305,13
331,1023,0,105,807,0,707,914,305,693,328,785,768,305,13
598,1023,0,357,1023,0,617,751,305,595,328,773,760,305,13
590,1023,0,357,1023,0,750,956,306,734,328,797,784,305,13
504,1023,0,267,1023,0,497,566,305,472,329,782,774,305,13
452,1023,0,302,1023,0,632,800,305,607,329,770,745,305,13
470,1023,0,493,1023,0,547,630,305,577,329,752,743,305,13
700,1023,0,661,1023,0,370,399,305,427,329,795,761,305,13
528,1023,0,276,1023,0,623,778,305,597,330,772,767,305,13
450,1023,0,258,1023,0,675,865,305,655,330,782,776,305,13
526,1023,0,372,1023,0,657,819,305,635,330,779,767,305,16
364,1023,0,181,1023,0,732,941,306,720,331,758,748,305,16
513,1023,0,263,1023,0,702,894,305,689,331,779,764,305,16
554,1023,0,264,1023,0,658,821,305,634,331,766,757,305,16
247,1023,0,122,1023,0,686,897,305,670,331,391,385,305,16
348,1023,0,233,1023,0,614,777,305,592,331,459,424,305,16
415,1023,0,185,1023,0,654,834,305,631,331,760,753,305,16
677,1023,0,377,1023,0,424,414,305,421,331,822,758,305,16
691,1023,0,470,1023,0,680,819,305,658,332,840,775,305,16
723,1023,0,426,1023,0,595,695,305,569,332,779,751,305,16
690,1023,0,426,1023,0,671,835,305,650,332,821,800,305,16
540,1023,0,312,1023,0,712,896,305,697,332,781,764,305,16
674,1023,0,462,1023,0,843,1023,306,840,332,781,760,305,16
556,1023,0,437,1023,0,384,388,305,419,332,782,761,305,16
409,1023,0,257,1023,0,699,891,305,682,332,761,755,305,16
586,1023,0,315,1023,0,675,849,305,653,332,602,559,305,16
483,1023,0,282,1023,0,678,860,305,655,333,770,743,305,16
397,1023,0,187,1023,0,731,926,306,720,333,761,751,305,16
388,1023,0,124,868,0,566,712,305,537,333,716,704,305,16
537,1023,0,270,1023,0,418,391,305,427,333,766,749,305,16
455,1023,0,251,1023,0,405,414,305,392,333,783,762,305,16
511,1023,0,302,1023,0,826,1023,306,822,333,796,785,305,16
586,1023,0,557,1023,0,754,957,306,740,333,785,755,305,16
671,1023,0,292,1023,0,673,835,305,652,333,777,760,305,16
330,1023,0,89,582,0,367,364,305,363,333,472,437,305,16
274,1023,0,100,760,0,667,866,305,645,333,418,410,305,16
479,1023,0,227,1023,0,664,835,305,639,333,778,770,305,16
572,1023,0,259,1023,0,611,744,305,583,333,787,777,305,16
349,1023,0,207,1023,0,593,713,305,566,333,737,724,305,16
459,1023,0,186,1023,0,748,954,306,737,334,772,760,305,16
327,1023,0,131,884,0,668,859,305,652,334,462,427,305,16
372,1023,0,177,1023,0,372,376,305,360,334,516,484,305,16
593,1023,0,350,1023,0,701,875,305,686,335,781,766,305,16
589,1023,0,522,1023,0,398,390,305,400,335,791,760,305,16
294,1023,0,89,657,0,439,454,305,395,335,384,369,305,16
597,1023,0,233,1023,0,631,790,305,606,335,757,738,305,16
438,1023,0,207,1023,0,680,863,305,666,335,794,781,305,16
367,1023,0,348,1023,0,822,1022,307,819,336,734,703,305,20
392,1023,0,218,1023,0,661,846,305,642,336,769,763,305,20
609,1023,0,336,1023,0,694,873,305,672,336,759,735,305,20
427,1023,0,193,1023,0,637,807,305,617,336,766,762,305,20
735,1023,0,486,1023,0,686,856,305,666,336,788,775,305,20
382,1023,0,173,1023,0,720,924,306,703,336,762,756,305,20
298,1023,0,161,1023,0,525,653,305,500,336,446,423,305,20
722,1023,0,503,1023,0,802,1010,306,796,337,828,757,305,20
524,1023,0,238,1023,0,541,640,305,513,337,751,735,305,20
456,1023,0,224,1023,0,710,898,305,693,337,782,772,305,20
722,1023,0,469,1023,0,638,791,305,618,337,787,770,305,20
638,1023,0,351,1023,0,673,844,305,652,337,827,778,305,20
578,1023,0,302,1023,0,680,848,305,666,338,816,801,305,20
302,1023,0,96,732,0,590,755,305,561,338,450,421,305,20
635,1023,0,383,1023,0,761,964,306,750,338,832,769,305,20
392,1023,0,193,1023,0,619,783,305,594,338,762,755,305,20
552,1023,0,400,1023,0,714,871,305,699,338,773,759,305,20
411,1023,0,307,1023,0,721,916,305,708,339,765,758,305,20
489,1023,0,315,1023,0,661,834,305,640,339,782,769,305,20
279,1023,0,99,748,0,352,350,305,336,339,439,411,305,20
438,1023,0,228,1023,0,762,973,306,753,339,765,760,305,20
584,1023,0,427,1023,0,374,379,305,372,339,785,772,305,20
497,1023,0,385,1023,0,837,1023,306,834,339,710,698,305,20
471,1023,0,242,1023,0,502,587,305,482,339,785,771,305,20
688,1023,0,407,1023,0,874,1023,307,875,340,787,775,305,20
728,1023,0,566,1023,0,837,1023,307,833,340,787,755,305,20
664,1023,0,360,1023,0,760,963,306,744,340,783,770,305,20
531,1023,0,307,1023,0,424,419,305,439,340,804,785,305,20
507,1023,0,355,1023,0,616,769,305,592,341,760,753,305,20
650,1023,0,653,1023,0,621,753,305,604,341,786,768,305,20
492,1023,0,204,1023,0,664,843,305,641,341,771,761,305,23
614,1023,0,643,1023,0,811,1022,306,803,341,816,778,305,23
559,1023,0,275,1023,0,603,751,305,577,341,775,761,305,23
383,1023,0,299,1023,0,626,765,305,601,341,760,754,305,23
341,1023,0,155,1023,0,624,796,305,601,342,763,758,305,23
406,1023,0,242,1023,0,758,973,306,747,342,755,746,305,23
435,1023,0,242,1023,0,746,947,306,735,342,776,769,305,23
405,1023,0,213,1023,0,724,931,306,710,342,772,766,305,23
438,1023,0,238,1023,0,775,997,306,764,342,529,481,305,23
602,1023,0,344,1023,0,892,1023,307,896,342,793,784,305,23
350,1023,0,178,1023,0,671,862,305,652,342,750,760,305,23
281,1023,0,178,792,0,366,332,305,301,342,381,339,305,23
231,1023,0,113,978,0,279,358,305,286,342,432,420,305,23
324,1023,0,142,992,0,682,880,305,664,342,730,723,305,23
383,1023,0,201,1023,0,295,349,305,254,343,765,755,305,23
477,1023,0,137,822,0,622,775,305,596,343,743,730,305,23
672,1023,0,394,1023,0,399,416,305,446,343,790,777,305,23
739,1023,0,525,1023,0,714,861,305,701,343,810,779,305,23
329,1023,0,249,1023,0,722,927,306,706,343,769,762,305,23
535,1023,0,208,1023,0,719,908,305,705,343,797,781,305,23
655,1023,0,317,1023,0,376,392,305,415,344,825,757,305,23
563,1023,0,533,1023,0,707,890,305,691,344,785,769,305,23
415,1023,0,214,1023,0,622,776,305,600,344,769,757,305,23
361,1023,0,187,1023,0,626,795,305,599,344,759,751,305,23
323,1023,0,337,1023,0,589,748,305,562,344,760,750,305,23
461,1023,0,297,1023,0,686,865,305,669,344,780,772,305,23
764,1023,0,392,1023,0,752,928,306,738,344,784,768,305,23
457,1023,0,287,1023,0,374,372,305,408,344,792,776,305,23
432,1023,0,132,818,0,629,798,305,603,344,764,751,305,23
509,1023,0,314,1023,0,732,933,306,713,345,796,784,305,23
377,1023,0,144,957,0,623,785,305,600,345,745,736,305,23
711,1023,0,502,1023,0,730,882,305,716,345,772,735,305,23
265,1023,0,152,1023,0,318,341,305,292,345,399,395,305,23
605,1023,0,454,1023,0,778,971,306,771,345,795,777,305,23
339,1023,0,194,1023,0,684,882,305,669,346,769,759,305,26
369,1023,0,214,1023,0,667,859,305,646,346,766,761,305,26
355,1023,0,139,979,0,652,837,305,632,346,758,739,305,26
686,1023,0,306,1023,0,578,705,305,556,346,771,761,305,26
396,1023,0,429,1023,0,654,827,305,635,346,749,741,305,26
666,1023,0,435,1023,0,463,486,305,463,346,785,760,305,26
474,1023,0,213,1023,0,489,558,305,474,346,780,772,305,26
389,1023,0,220,1023,0,640,819,305,616,346,761,756,305,26
782,1023,0,491,1023,0,427,437,305,452,347,809,734,305,26
480,1023,0,196,1023,0,662,842,305,642,347,761,755,305,26
319,1023,0,153,1023,0,574,743,305,551,347,426,389,305,26
538,1023,0,385,1023,0,393,381,305,382,347,775,766,305,26
749,1023,0,436,1023,0,808,1007,306,803,347,834,817,305,26
253,1023,0,115,954,0,479,573,305,473,348,488,476,305,26
408,1023,0,350,1023,0,634,807,305,611,348,785,774,305,26
662,1023,0,419,1023,0,813,1011,306,808,348,797,772,305,26
545,1023,0,220,1023,0,689,867,305,672,348,778,769,305,26
669,1023,0,345,1023,0,585,713,305,557,348,788,751,305,26
413,1023,0,220,1023,0,710,913,305,690,348,755,751,305,26
222,1023,0,217,1023,0,293,331,305,294,348,436,416,305,26
444,1023,0,240,1023,0,574,726,305,547,348,766,761,305,26
405,1023,0,327,1023,0,850,1023,306,850,349,762,752,305,26
404,1023,0,193,1023,0,750,966,306,740,349,761,751,305,26
498,1023,0,288,1023,0,820,1023,306,817,349,793,767,305,26
792,1023,0,495,1023,0,837,1023,306,832,349,848,832,305,26
500,1023,0,285,1023,0,774,981,306,763,349,781,766,305,26
258,1023,0,206,1023,0,712,934,306,697,349,430,419,305,26
606,1023,0,337,1023,0,845,1023,306,842,349,779,766,305,26
415,1023,0,253,1023,0,807,1022,306,801,350,781,772,305,26
601,1023,0,386,1023,0,672,845,305,649,350,800,775,305,26
513,1023,0,357,1023,0,729,927,306,715,350,766,760,305,26
356,1023,0,158,1023,0,526,625,305,501,350,531,501,305,26
415,1023,0,214,1023,0,603,762,305,581,350,540,499,305,26
593,1023,0,283,1023,0,506,601,305,502,351,787,769,305,26
346,1023,0,118,876,0,671,867,305,648,351,746,740,305,26
291,1023,0,113,809,0,783,1018,306,775,351,752,730,305,30
596,1023,0,309,1023,0,741,933,306,728,351,772,758,305,30
660,1023,0,398,1023,0,674,830,305,654,351,770,732,305,30
772,1023,0,634,1023,0,843,1023,307,840,351,800,776,305,30
582,1023,0,339,1023,0,639,798,305,612,351,780,768,305,30
360,1023,0,112,918,0,770,998,306,761,351,509,496,305,30
746,1023,0,460,1023,0,731,912,305,714,352,797,776,305,30
478,1023,0,365,1023,0,779,1004,306,769,352,797,789,305,30
589,1023,0,315,1023,0,804,1017,306,797,352,781,768,305,30
252,1023,0,217,1023,0,446,455,305,407,352,411,392,305,30
348,1023,0,144,1003,0,364,345,305,318,352,465,433,305,30
381,1023,0,136,855,0,624,794,305,598,352,765,759,305,30
423,1023,0,213,1023,0,254,373,305,239,353,768,761,305,30
257,1023,0,190,1023,0,684,890,305,667,353,496,475,305,30
445,1023,0,368,1023,0,527,633,305,499,353,782,763,305,30
691,1023,0,411,1023,0,614,745,305,589,354,796,773,305,30
546,1023,0,402,1023,0,442,474,305,427,354,520,436,305,30
454,1023,0,248,1023,0,480,544,305,457,354,770,756,305,30
276,1023,0,117,899,0,516,628,305,485,354,405,394,305,30
403,1023,0,273,1023,0,701,895,305,685,354,776,769,305,30
680,1023,0,479,1023,0,715,886,305,700,354,776,758,305,30
325,1023,0,201,1023,0,343,358,305,323,354,471,444,305,30
430,1023,0,233,1023,0,319,347,305,336,354,758,749,305,30
760,1023,0,570,1023,0,845,1023,306,842,354,876,846,305,30
471,1023,0,356,1023,0,826,1023,306,822,355,793,777,305,30
654,1023,0,370,1023,0,662,825,305,638,355,789,767,305,30
606,1023,0,551,1023,0,793,1023,306,784,355,795,775,305,30
715,1023,0,356,1023,0,665,836,305,644,355,774,759,305,30
774,1023,0,503,1023,0,816,995,307,809,355,791,769,305,30
489,1023,0,356,1023,0,790,997,306,783,355,794,780,305,33
268,1023,0,128,1023,0,566,724,305,541,355,425,402,305,33
419,1023,0,299,1023,0,630,771,305,606,355,748,731,305,33
421,1023,0,307,1023,0,602,777,305,581,356,545,499,305,33
557,1023,0,268,1023,0,839,1023,306,837,356,783,769,305,33
500,1023,0,269,1023,0,719,913,305,705,356,816,809,305,33
341,1023,0,216,1023,0,546,688,305,516,356,772,765,305,33
547,1023,0,233,1023,0,710,898,305,693,356,790,784,305,33
524,1023,0,374,1023,0,774,988,306,764,357,773,767,305,33
467,1023,0,302,1023,0,267,360,305,329,357,804,796,305,33
696,1023,0,397,1023,0,784,980,306,772,357,781,758,305,33
632,1023,0,240,1023,0,359,373,305,359,357,789,773,305,33
339,1023,0,134,976,0,750,965,306,739,357,749,743,305,33
379,1023,0,220,1023,0,615,777,305,589,357,761,754,305,33
510,1023,0,279,1023,0,639,809,305,615,358,819,808,305,33
505,1023,0,295,1023,0,757,963,306,747,358,779,759,305,33
614,1023,0,343,1023,0,758,977,306,744,358,570,533,305,33
717,1023,0,621,1023,0,906,1023,307,910,358,792,761,305,33
480,1023,0,289,1023,0,669,855,305,647,358,790,780,305,33
511,1023,0,369,1023,0,876,1023,306,879,358,782,773,305,33
489,1023,0,300,1023,0,730,929,306,717,358,785,769,305,33
806,1023,0,614,1023,0,803,991,307,796,358,830,758,305,33
255,1023,0,158,1023,0,604,783,305,578,358,450,418,305,33
613,1023,0,339,1023,0,655,791,305,631,358,830,786,305,33
544,1023,0,244,1023,0,433,460,305,432,359,730,709,305,33
335,1023,0,263,1023,0,659,845,305,634,359,763,755,305,33
511,1023,0,284,1023,0,740,949,306,728,359,779,766,305,33
523,1023,0,364,1023,0,857,1023,306,856,359,831,817,305,33
507,1023,0,313,1023,0,779,986,306,770,359,777,757,305,33
527,1023,0,231,1023,0,709,889,305,692,359,774,763,305,33
442,1023,0,364,1023,0,829,1023,306,826,359,780,762,305,33
430,1023,0,287,1023,0,556,688,305,528,359,772,763,305,33
384,1023,0,178,986,0,653,824,305,631,360,767,763,305,33
354,1023,0,189,1023,0,444,463,305,423,360,451,443,305,33
738,1023,0,546,1023,0,592,717,305,571,360,787,766,305,33
617,1023,0,432,1023,0,332,385,305,397,360,775,767,305,33
418,1023,0,174,1023,0,697,891,305,675,360,769,755,305,33
343,1023,0,151,1023,0,588,748,305,559,360,757,749,305,33
552,1023,0,487,1023,0,785,996,306,777,360,786,757,305,33
265,1023,0,131,1023,0,454,526,305,425,361,417,407,305,33
581,1023,0,363,1023,0,403,406,305,421,361,780,768,305,33
424,1023,0,298,1023,0,686,868,305,670,361,754,739,305,36
418,1023,0,323,1023,0,724,927,306,711,361,791,778,305,36
440,1023,0,187,1023,0,612,769,305,585,362,764,754,305,36
346,1023,0,156,1023,0,721,931,306,708,362,770,766,305,36
451,1023,0,216,1023,0,608,752,305,581,362,774,759,305,36
255,1023,0,100,799,0,354,355,305,346,362,480,463,305,36
654,1023,0,325,1023,0,573,629,305,554,362,800,758,305,36
719,1023,0,513,1023,0,450,471,305,491,362,796,787,305,36
351,1023,0,173,1023,0,643,826,305,620,362,777,764,305,36
538,1023,0,396,1023,0,840,1023,306,837,362,796,784,305,36
456,1023,0,215,1023,0,754,960,306,743,363,771,765,305,36
273,1023,0,214,1023,0,761,988,306,753,363,769,763,305,36
680,1023,0,387,1023,0,674,836,305,651,363,778,765,305,36
255,1023,0,140,1023,0,555,702,305,524,364,758,749,305,36
734,1023,0,369,1023,0,640,799,305,621,364,777,759,305,36
350,1023,0,107,759,0,553,695,305,530,364,507,468,305,36
463,1023,0,248,1023,0,815,1023,306,809,364,788,771,305,36
468,1023,0,299,1023,0,679,861,305,657,365,768,742,305,36
412,1023,0,317,1023,0,634,802,305,612,365,770,761,305,36
704,1023,0,409,1023,0,790,987,306,781,365,791,768,305,36
415,1023,0,212,1023,0,664,849,305,640,365,783,765,305,36
520,1023,0,201,1023,0,669,841,305,649,366,765,757,305,40
572,1023,0,232,1023,0,625,776,305,602,366,764,754,305,40
336,1023,0,162,1023,0,748,967,306,736,366,757,745,305,40
429,1023,0,230,1023,0,681,866,305,661,366,788,772,305,40
427,1023,0,163,1023,0,684,878,305,668,366,765,756,305,40
421,1023,0,211,1023,0,641,818,305,617,366,768,761,305,40
649,1023,0,265,1023,0,609,753,305,585,366,765,754,305,40
696,1023,0,326,1023,0,644,786,305,621,367,826,776,305,40
629,1023,0,245,1023,0,753,946,306,742,368,766,752,305,40
423,1023,0,161,1023,0,433,455,305,412,368,767,754,305,40
561,1023,0,284,1023,0,507,593,305,498,368,789,775,305,40
630,1023,0,367,1023,0,361,366,305,414,369,771,759,305,40
464,1023,0,286,1023,0,746,951,306,733,369,778,764,305,40
553,1023,0,375,1023,0,776,988,306,766,369,821,804,305,40
339,1023,0,119,893,0,596,765,305,574,369,433,423,305,40
501,1023,0,271,1023,0,761,977,306,751,369,567,525,305,40
418,1023,0,367,1023,0,667,850,305,650,369,778,769,305,40
426,1023,0,357,1023,0,758,960,306,746,370,780,765,305,40
641,1023,0,452,1023,0,410,410,305,452,370,615,558,305,40
618,1023,0,382,1023,0,696,870,305,681,370,779,760,305,40
800,1023,0,516,1023,0,797,1023,306,789,370,791,775,305,40
432,1023,0,218,1023,0,664,848,305,643,370,773,761,305,40
293,1023,0,399,1023,0,463,502,305,535,370,756,732,305,40
687,1023,0,427,1023,0,668,818,305,645,371,847,777,305,40
575,1023,0,464,1023,0,837,1023,306,834,371,781,753,305,40
633,1023,0,566,1023,0,719,903,305,705,371,800,764,305,40
559,1023,0,311,1023,0,687,880,305,665,371,792,779,305,40
766,1023,0,467,1023,0,308,389,305,409,371,794,771,305,43
446,1023,0,251,1023,0,737,938,306,724,371,758,740,305,43
631,1023,0,332,1023,0,464,445,305,510,371,789,776,305,43
401,1023,0,383,1023,0,735,936,306,721,371,807,798,305,43
402,1023,0,260,1023,0,389,380,305,394,371,780,772,305,43
674,1023,0,415,1023,0,801,1007,306,793,371,793,767,305,43
555,1023,0,468,1023,0,758,966,306,746,371,840,809,305,43
501,1023,0,240,1023,0,518,619,305,491,372,790,772,305,43
533,1023,0,492,1023,0,751,941,306,742,372,817,796,305,43
505,1023,0,244,1023,0,673,851,305,650,372,784,776,305,43
575,1023,0,336,1023,0,514,608,305,498,372,788,769,305,43
522,1023,0,319,1023,0,607,756,305,585,373,794,782,305,43
452,1023,0,224,1023,0,610,774,305,585,373,768,758,305,43
456,1023,0,266,1023,0,747,958,306,736,373,782,771,305,43
442,1023,0,258,1023,0,359,367,305,406,373,761,739,305,43
432,1023,0,233,1023,0,682,867,305,666,373,767,754,305,43
535,1023,0,244,1023,0,771,970,306,762,373,779,766,305,43
456,1023,0,244,1023,0,712,902,305,696,373,781,776,305,43
360,1023,0,167,1023,0,619,793,305,594,374,774,770,305,43
408,1023,0,240,1023,0,768,988,306,760,374,781,771,305,43
593,1023,0,269,1023,0,728,896,305,714,374,791,765,305,43
533,1023,0,340,1023,0,643,808,305,619,374,789,769,305,43
692,1023,0,580,1023,0,630,782,305,607,375,822,812,305,43
536,1023,0,311,1023,0,772,978,306,761,375,770,760,305,43
541,1023,0,344,1023,0,617,774,305,595,375,756,736,305,43
517,1023,0,361,1023,0,811,1023,306,806,375,825,814,305,43
724,1023,0,564,1023,0,785,965,306,777,375,826,811,305,43
566,1023,0,491,1023,0,743,929,306,730,375,788,776,305,43
575,1023,0,403,1023,0,711,893,305,697,375,761,745,305,43
644,1023,0,558,1023,0,871,1023,307,872,376,784,763,305,43
315,1023,0,170,1023,0,634,813,305,608,376,730,725,305,46
459,1023,0,192,1023,0,836,1023,306,833,376,765,754,305,46
554,1023,0,308,1023,0,540,636,305,521,376,788,770,305,46
709,1023,0,645,1023,0,668,834,305,645,376,784,752,305,46
460,1023,0,404,1023,0,793,1005,306,787,376,799,778,305,46
419,1023,0,162,1023,0,667,850,305,647,377,770,761,305,46
740,1023,0,507,1023,0,651,795,305,631,377,788,776,305,46
371,1023,0,181,1023,0,724,920,306,712,378,771,765,305,46
293,1023,0,209,1023,0,539,660,305,510,378,461,447,305,46
458,1023,0,270,1023,0,613,771,305,589,378,777,767,305,46
762,1023,0,431,1023,0,590,716,305,568,378,782,762,305,46
559,1023,0,291,1023,0,604,746,305,579,379,776,756,305,46
778,1023,0,595,1023,0,810,1000,306,806,379,775,751,305,46
499,1023,0,276,1023,0,665,849,305,644,379,779,775,305,46
734,1023,0,361,1023,0,709,881,305,688,379,812,794,305,46
402,1023,0,237,1023,0,383,393,305,381,379,762,757,305,46
411,1023,0,199,1023,0,660,845,305,636,379,788,781,305,46
499,1023,0,297,1023,0,650,823,305,628,379,786,776,305,46
290,1023,0,124,933,0,449,531,305,421,379,739,734,305,46
668,1023,0,429,1023,0,680,855,305,661,380,832,817,305,46
449,1023,0,300,1023,0,719,902,305,703,380,782,768,305,49
464,1023,0,359,1023,0,627,791,305,606,380,778,759,305,49
739,1023,0,443,1023,0,791,990,306,781,380,785,758,305,49
542,1023,0,330,1023,0,349,371,305,388,380,800,782,305,49
563,1023,0,288,1023,0,760,990,306,748,380,768,757,305,49
520,1023,0,377,1023,0,360,373,305,379,380,787,770,305,49
559,1023,0,311,1023,0,585,719,305,561,380,775,764,305,49
587,1023,0,388,1023,0,585,723,305,560,380,789,765,305,49
558,1023,0,283,1023,0,641,797,305,617,381,768,747,305,49
588,1023,0,467,1023,0,478,534,305,483,381,826,808,305,49
506,1023,0,231,1023,0,708,900,305,692,381,778,762,305,49
805,1023,0,572,1023,0,831,1023,307,826,381,790,762,305,49
261,1023,0,280,1023,0,280,337,305,306,381,562,555,305,49
507,1023,0,365,1023,0,690,856,305,680,382,740,717,305,49
697,1023,0,378,1023,0,763,959,306,752,382,798,778,305,49
427,1023,0,188,1023,0,661,838,305,637,383,769,763,305,49
478,1023,0,228,1023,0,684,868,305,662,383,770,766,305,49
596,1023,0,548,1023,0,834,1023,306,831,383,814,792,305,49
639,1023,0,373,1023,0,432,404,305,437,383,812,798,305,49
775,1023,0,469,1023,0,830,1023,306,824,383,834,821,305,49
591,1023,0,262,1023,0,692,868,305,670,384,777,769,305,49
511,1023,0,292,1023,0,573,699,305,542,384,773,761,305,49
399,1023,0,244,1023,0,442,470,305,420,384,761,746,305,49
245,1023,0,108,791,0,571,728,305,543,384,527,501,305,49
626,1023,0,371,1023,0,790,994,306,781,384,787,774,305,49
675,1023,0,473,1023,0,910,1023,307,915,384,782,753,305,49
414,1023,0,164,1023,0,804,1023,306,799,384,778,772,305,49
655,1023,0,471,1023,0,773,968,306,764,384,833,768,305,49
387,1023,0,199,1023,0,656,809,305,635,384,729,721,305,53
702,1023,0,553,1023,0,876,1023,307,878,385,790,769,305,53
564,1023,0,324,1023,0,705,885,305,689,385,776,764,305,53
706,1023,0,413,1023,0,738,914,305,725,386,807,789,305,53
717,1023,0,464,1023,0,720,875,305,705,386,771,749,305,53
352,1023,0,158,1023,0,601,763,305,572,386,768,763,305,53
733,1023,0,551,1023,0,837,1023,306,834,386,845,815,305,53
320,1023,0,133,919,0,583,741,305,553,386,764,759,305,53
545,1023,0,509,1023,0,863,1023,306,863,387,771,751,305,53
564,1023,0,368,1023,0,670,828,305,683,387,819,791,305,53
296,1023,0,69,444,0,467,550,305,438,387,499,418,305,53
404,1023,0,260,1023,0,370,370,305,411,387,752,747,305,53
310,1023,0,99,496,0,325,351,305,337,388,402,363,305,53
215,1023,0,140,1023,0,291,332,305,343,388,477,461,305,53
738,1023,0,378,1023,0,729,898,305,710,388,787,769,305,53
380,1023,0,177,1023,0,644,820,305,623,388,460,430,305,53
260,1023,0,140,1023,0,564,716,305,540,388,739,733,305,53
436,1023,0,278,1023,0,762,972,306,752,389,761,750,305,53
434,1023,0,225,1023,0,564,701,305,534,389,775,770,305,53
492,1023,0,264,1023,0,830,1023,306,827,389,782,767,305,53
513,1023,0,246,1023,0,669,848,305,648,389,795,786,305,53
514,1023,0,386,1023,0,743,947,306,731,389,782,765,305,53
719,1023,0,367,1023,0,744,924,306,731,389,789,776,305,53
525,1023,0,277,1023,0,482,552,305,465,389,780,762,305,53
750,1023,0,515,1023,0,809,1023,306,804,390,803,785,305,53
672,1023,0,393,1023,0,704,882,305,684,390,811,795,305,53
774,1023,0,684,1023,0,780,975,306,773,390,831,771,305,53
564,1023,0,360,1023,0,657,825,305,634,390,772,758,305,56
669,1023,0,353,1023,0,657,796,305,635,390,836,767,305,56
357,1023,0,231,1023,0,699,903,305,683,391,761,761,305,56
591,1023,0,249,1023,0,640,804,305,615,391,765,756,305,56
456,1023,0,225,1023,0,868,1023,306,869,391,775,762,305,56
469,1023,0,307,1023,0,431,459,305,425,391,763,746,305,56
465,1023,0,231,1023,0,706,898,305,691,391,761,756,305,56
602,1023,0,251,1023,0,767,953,306,756,391,777,762,305,56
637,1023,0,291,1023,0,388,400,305,403,391,779,767,305,56
571,1023,0,604,1023,0,691,876,305,669,391,808,786,305,56
514,1023,0,496,1023,0,791,965,306,784,391,764,742,305,56
574,1023,0,280,1023,0,374,380,305,393,392,781,771,305,56
351,1023,0,302,1023,0,361,373,305,413,392,504,502,305,56
455,1023,0,223,1023,0,563,697,305,533,392,784,773,305,56
322,1023,0,125,809,0,607,731,305,580,392,447,381,305,56
377,1023,0,167,1023,0,431,461,305,395,392,752,744,305,56
416,1023,0,327,1023,0,651,809,305,630,393,760,732,305,56
724,1023,0,671,1023,0,767,962,306,756,393,802,779,305,56
348,1023,0,213,1023,0,735,946,306,723,393,762,757,305,56
660,1023,0,347,1023,0,462,508,305,448,393,784,759,305,56
780,1023,0,439,1023,0,632,770,305,606,393,807,790,305,56
607,1023,0,449,1023,0,687,846,305,665,394,779,763,305,56
401,1023,0,157,1023,0,646,828,305,621,394,765,758,305,56
449,1023,0,282,1023,0,820,1023,306,816,394,786,772,305,56
566,1023,0,415,1023,0,434,404,305,458,395,793,780,305,56
791,1023,0,566,1023,0,702,863,305,682,395,836,803,305,59
407,1023,0,241,1023,0,801,1023,306,795,395,758,752,305,59
294,1023,0,241,1023,0,268,342,305,319,396,412,409,305,59
219,1023,0,121,977,0,559,697,305,531,396,378,383,305,59
580,1023,0,538,1023,0,751,948,306,740,396,792,774,305,59
482,1023,0,374,1023,0,809,1023,306,805,397,791,785,305,59
797,1023,0,666,1023,0,813,997,307,807,397,811,778,305,59
532,1023,0,411,1023,0,902,1023,307,906,397,820,807,305,59
529,1023,0,309,1023,0,678,857,305,658,397,774,767,305,59
429,1023,0,275,1023,0,733,935,306,721,398,762,751,305,59
590,1023,0,275,1023,0,761,975,306,750,398,751,737,305,59
409,1023,0,249,1023,0,705,899,305,690,398,771,755,305,59
632,1023,0,391,1023,0,810,1023,306,806,398,777,755,305,59
405,1023,0,199,1023,0,724,929,306,709,398,765,747,305,59
275,1023,0,167,1023,0,405,399,305,400,399,444,417,305,59
302,1023,0,134,984,0,331,365,305,327,399,729,718,305,59
430,1023,0,282,1023,0,739,941,306,728,399,773,760,305,59
463,1023,0,454,1023,0,651,820,305,627,399,789,779,305,59
746,1023,0,610,1023,0,657,778,305,635,399,842,788,305,59
339,1023,0,127,937,0,528,649,305,496,400,727,722,305,59
459,1023,0,165,1023,0,555,661,305,528,400,541,519,305,63
599,1023,0,486,1023,0,655,816,305,631,400,776,761,305,63
633,1023,0,400,1023,0,369,393,305,423,400,785,757,305,63
275,1023,0,203,1023,0,573,718,305,553,400,480,462,305,63
658,1023,0,385,1023,0,667,825,305,646,400,820,808,305,63
394,1023,0,216,1023,0,645,795,305,624,400,712,701,305,63
444,1023,0,213,1023,0,412,428,305,395,400,779,771,305,63
424,1023,0,191,1023,0,658,833,305,634,400,759,752,305,63
603,1023,0,464,1023,0,609,740,305,586,400,827,814,305,63
293,1023,0,71,550,0,630,801,305,614,400,723,717,305,63
622,1023,0,342,1023,0,703,885,305,688,401,773,758,305,63
324,1023,0,75,422,0,550,667,305,519,401,424,374,305,63
524,1023,0,267,1023,0,458,503,305,444,401,769,762,305,63
529,1023,0,569,1023,0,562,658,305,557,401,803,770,305,63
636,1023,0,281,1023,0,748,945,306,739,401,784,774,305,63
441,1023,0,191,1003,0,610,765,305,583,401,761,751,305,63
348,1023,0,240,1023,0,603,771,305,576,401,769,759,305,63
466,1023,0,275,1023,0,745,945,306,731,401,776,766,305,63
274,1023,0,86,698,0,575,739,305,542,401,419,416,305,63
541,1023,0,371,1023,0,681,858,305,661,401,775,745,305,63
552,1023,0,360,1023,0,814,1023,306,808,402,783,771,305,63
440,1023,0,512,1023,0,621,769,305,614,402,808,770,305,63
526,1023,0,247,1023,0,737,938,306,722,402,581,531,305,63
532,1023,0,291,1023,0,472,529,305,470,402,787,769,305,63
478,1023,0,236,1023,0,701,883,305,681,402,764,756,305,63
715,1023,0,408,1023,0,438,420,305,447,402,783,762,305,63
291,1023,0,406,1023,0,339,345,305,352,402,458,431,305,63
814,1023,0,643,1023,0,765,934,306,753,403,804,766,305,63
340,1023,0,195,1023,0,743,961,306,731,403,586,560,305,63
785,1023,0,556,1023,0,459,475,305,478,403,774,757,305,63
571,1023,0,389,1023,0,717,906,305,702,403,791,775,305,63
490,1023,0,251,1023,0,714,912,305,700,403,780,771,305,63
602,1023,0,264,1023,0,709,891,305,690,403,787,777,305,63
358,1023,0,207,1023,0,693,889,305,676,403,757,746,305,63
361,1023,0,148,1023,0,681,877,305,662,403,746,738,305,63
656,1023,0,333,1023,0,785,986,306,778,403,775,755,305,63
341,1023,0,193,1023,0,771,993,306,761,403,775,769,305,63
636,1023,0,435,1023,0,626,775,305,603,403,780,766,305,63
420,1023,0,229,1023,0,488,563,305,471,404,775,763,305,63
622,1023,0,420,1023,0,665,817,305,647,404,788,766,305,66
606,1023,0,610,1023,0,792,978,306,785,404,747,724,305,66
272,1023,0,114,826,0,712,921,305,698,404,476,449,305,66
355,1023,0,264,1023,0,390,378,305,373,404,744,728,305,66
494,1023,0,242,1023,0,785,999,306,777,404,805,796,305,66
471,1023,0,301,1023,0,716,903,305,701,404,764,752,305,66
354,1023,0,109,705,0,578,727,305,551,404,743,739,305,66
437,1023,0,307,1023,0,653,828,305,629,405,797,788,305,66
387,1023,0,121,951,0,358,351,305,350,405,520,491,305,66
542,1023,0,424,1023,0,772,953,306,761,405,765,731,305,66
560,1023,0,397,1023,0,490,559,305,511,405,785,760,305,66
559,1023,0,299,1023,0,789,1005,306,780,405,765,751,305,66
807,1023,0,504,1023,0,790,991,306,782,405,891,840,305,66
448,1023,0,302,1023,0,591,744,305,564,405,769,757,305,66
563,1023,0,393,1023,0,638,786,305,618,406,776,764,305,66
595,1023,0,353,1023,0,718,898,305,700,406,778,758,305,66
235,1023,0,101,855,0,425,479,305,396,406,374,358,305,66
492,1023,0,256,1023,0,685,876,305,662,406,777,769,305,66
683,1023,0,388,1023,0,776,970,306,766,406,801,786,305,66
769,1023,0,666,1023,0,629,757,305,610,406,838,808,305,66
248,1023,0,226,1023,0,402,367,305,430,407,763,758,305,66
715,1023,0,500,1023,0,870,1023,307,868,407,785,754,305,66
528,1023,0,282,1023,0,692,881,305,670,407,783,770,305,66
474,1023,0,282,1023,0,678,856,305,660,407,766,754,305,66
358,1023,0,247,1023,0,822,1023,306,820,407,782,774,305,66
648,1023,0,416,1023,0,740,922,306,728,408,785,773,305,66
466,1023,0,212,1023,0,682,865,305,666,408,765,759,305,66
337,1023,0,127,903,0,443,479,305,417,408,709,700,305,66
404,1023,0,296,1023,0,721,921,306,707,408,749,735,305,66
462,1023,0,277,1023,0,650,827,305,625,408,778,765,305,66
442,1023,0,198,1023,0,485,554,305,458,409,781,776,305,66
425,1023,0,199,1023,0,649,822,305,631,409,767,762,305,66
272,1023,0,215,1023,0,736,960,306,725,409,759,753,305,66
445,1023,0,223,1023,0,642,817,305,618,409,798,785,305,66
270,1023,0,110,898,0,599,769,305,577,409,503,508,305,69
639,1023,0,326,1023,0,375,387,305,424,409,772,759,305,69
511,1023,0,451,1023,0,757,953,306,748,410,790,773,305,69
747,1023,0,566,1023,0,503,556,305,511,410,845,814,305,69
504,1023,0,286,1023,0,782,994,306,775,410,768,748,305,69
356,1023,0,184,1023,0,695,899,305,680,410,563,548,305,69
358,1023,0,180,1023,0,499,598,305,468,410,751,741,305,69
363,1023,0,207,1023,0,677,865,305,657,410,752,742,305,69
558,1023,0,287,1023,0,723,918,305,704,410,787,771,305,69
418,1023,0,266,1023,0,576,707,305,548,410,780,773,305,69
526,1023,0,295,1023,0,352,359,305,404,410,786,768,305,69
444,1023,0,259,1023,0,375,370,305,378,410,822,814,305,69
472,1023,0,324,1023,0,793,1015,306,784,411,767,758,305,69
596,1023,0,601,1023,0,769,958,306,759,411,778,757,305,69
339,1023,0,147,1023,0,418,425,305,402,411,774,762,305,69
582,1023,0,304,1023,0,624,720,305,616,411,530,410,305,69
384,1023,0,234,1023,0,584,739,305,563,411,776,770,305,69
279,1023,0,126,958,0,577,736,305,550,411,394,392,305,69
664,1023,0,470,1023,0,783,968,306,775,411,793,778,305,69
259,1023,0,99,566,0,441,498,305,500,412,571,533,305,69
722,1023,0,374,1023,0,648,786,305,625,412,841,823,305,69
667,1023,0,371,1023,0,505,566,305,500,412,787,769,305,69
684,1023,0,533,1023,0,857,1023,307,856,412,784,770,305,69
431,1023,0,200,1023,0,669,837,305,645,412,746,737,305,69
499,1023,0,271,1023,0,763,978,306,754,413,778,759,305,69
451,1023,0,223,1023,0,770,986,306,761,413,775,763,305,69
707,1023,0,346,1023,0,801,1003,306,794,413,781,759,305,72
724,1023,0,496,1023,0,426,450,305,462,413,801,782,305,72
529,1023,0,348,1023,0,373,370,305,389,413,764,757,305,72
657,1023,0,415,1023,0,411,426,305,417,413,825,813,305,72
443,1023,0,216,1023,0,412,411,305,407,414,767,761,305,72
692,1023,0,455,1023,0,440,418,305,499,414,845,811,305,72
707,1023,0,551,1023,0,732,915,306,716,414,827,812,305,72
243,1023,0,182,1023,0,712,920,305,697,414,744,736,305,72
601,1023,0,505,1023,0,665,825,305,652,414,802,780,305,72
433,1023,0,328,1023,0,599,754,305,577,414,758,751,305,72
722,1023,0,349,1023,0,727,910,305,712,415,826,767,305,72
325,1023,0,186,1023,0,657,848,305,637,415,789,781,305,72
306,1023,0,87,637,0,481,574,305,457,415,462,427,305,72
398,1023,0,194,1023,0,741,948,306,729,415,758,753,305,72
566,1023,0,331,1023,0,796,1011,306,788,415,768,751,305,72
602,1023,0,351,1023,0,489,520,305,472,415,599,540,305,72
398,1023,0,263,1023,0,368,375,305,423,415,569,530,305,72
614,1023,0,349,1023,0,667,834,305,648,416,777,761,305,72
711,1023,0,523,1023,0,774,966,306,765,416,786,763,305,72
452,1023,0,273,1023,0,720,916,305,704,416,777,766,305,72
477,1023,0,381,1023,0,793,991,306,786,416,730,714,305,72
671,1023,0,543,1023,0,609,732,305,586,416,790,773,305,72
322,1023,0,184,1023,0,583,728,305,553,416,710,697,305,72
728,1023,0,386,1023,0,638,776,305,616,416,776,764,305,72
628,1023,0,396,1023,0,730,928,306,717,416,793,770,305,72
259,1023,0,99,776,0,605,786,305,582,416,418,394,305,72
531,1023,0,285,1023,0,751,949,306,739,416,776,753,305,72
460,1023,0,280,1023,0,695,882,305,673,417,782,769,305,72
361,1023,0,217,1023,0,438,485,305,432,417,758,754,305,72
446,1023,0,311,1023,0,532,636,305,514,417,586,545,305,72
673,1023,0,420,1023,0,437,401,305,445,417,838,800,305,72
469,1023,0,391,1023,0,673,847,305,654,417,773,748,305,72
370,1023,0,262,1023,0,793,1019,306,785,417,780,776,305,72
531,1023,0,411,1023,0,700,884,305,678,418,774,762,305,76
586,1023,0,447,1023,0,768,972,306,759,418,794,778,305,76
445,1023,0,333,1023,0,656,830,305,631,418,783,772,305,76
316,1023,0,295,1023,0,621,797,305,595,419,786,783,305,76
723,1023,0,576,1023,0,552,647,305,532,419,585,510,305,76
269,1023,0,126,956,0,605,770,305,582,419,468,452,305,76
478,1023,0,329,1023,0,672,843,305,650,419,767,754,305,76
673,1023,0,560,1023,0,773,957,306,761,419,766,765,305,76
242,1023,0,91,751,0,598,772,305,574,419,468,437,305,76
554,1023,0,320,1023,0,717,913,305,703,419,819,800,305,76
462,1023,0,237,1023,0,845,1023,306,844,419,767,752,305,76
478,1023,0,217,1023,0,524,630,305,493,419,770,757,305,76
621,1023,0,298,1023,0,645,800,305,619,420,785,774,305,76
459,1023,0,281,1023,0,683,864,305,662,420,756,734,305,76
457,1023,0,232,1023,0,337,360,305,372,420,765,755,305,76
627,1023,0,454,1023,0,745,940,306,728,420,839,824,305,76
466,1023,0,245,1023,0,800,1021,306,795,420,775,770,305,76
303,1023,0,101,757,0,290,336,305,341,420,402,404,305,76
246,1023,0,103,911,0,379,387,305,358,420,418,413,305,76
482,1023,0,280,1023,0,714,914,305,698,420,770,756,305,76
618,1023,0,474,1023,0,635,783,305,612,420,778,757,305,76
362,1023,0,363,1023,0,553,634,305,580,420,773,761,305,76
489,1023,0,364,1023,0,810,1017,306,804,421,778,753,305,76
279,1023,0,156,1023,0,654,848,305,632,421,762,755,305,76
431,1023,0,215,1023,0,684,871,305,663,421,779,770,305,76
499,1023,0,343,1023,0,429,457,305,459,421,596,558,305,76
812,1023,0,540,1023,0,809,1003,306,803,422,806,781,305,79
628,1023,0,374,1023,0,877,1023,307,879,422,771,752,305,79
375,1023,0,157,1023,0,345,381,305,355,422,728,713,305,79
670,1023,0,508,1023,0,863,1023,306,863,422,801,781,305,79
473,1023,0,192,1023,0,751,960,306,739,422,761,744,305,79
485,1023,0,229,1023,0,360,375,305,381,422,780,774,305,79
359,1023,0,178,1023,0,750,963,306,741,422,606,575,305,79
450,1023,0,290,1023,0,787,1009,306,779,422,774,765,305,79
501,1023,0,299,1023,0,815,1023,306,810,423,768,756,305,79
254,1023,0,106,853,0,339,343,305,311,423,590,580,305,79
231,1023,0,95,785,0,635,825,305,618,423,460,456,305,79
442,1023,0,313,1023,0,819,1023,306,815,423,792,775,305,79
294,1023,0,256,1023,0,439,478,305,408,423,526,488,305,79
499,1023,0,359,1023,0,667,836,305,648,423,770,756,305,79
789,1023,0,500,1023,0,594,707,305,569,423,780,764,305,79
769,1023,0,449,1023,0,633,777,305,610,423,839,783,305,79
585,1023,0,426,1023,0,828,1023,307,824,423,771,742,305,79
764,1023,0,503,1023,0,827,1022,307,824,423,842,822,305,79
651,1023,0,449,1023,0,423,415,305,447,423,825,799,305,79
485,1023,0,221,1023,0,629,794,305,605,424,781,766,305,79
376,1023,0,190,1023,0,477,560,305,439,424,754,749,305,79
371,1023,0,157,1023,0,536,666,305,503,424,744,739,305,79
411,1023,0,184,1023,0,340,345,305,370,424,745,734,305,79
641,1023,0,374,1023,0,780,976,306,772,424,789,768,305,79
466,1023,0,385,1023,0,781,997,306,773,424,769,759,305,79
312,1023,0,135,887,0,655,849,305,633,424,509,491,305,79
514,1023,0,285,1023,0,484,547,305,459,424,781,758,305,79
814,1023,0,617,1023,0,756,938,306,743,424,797,768,305,79
500,1023,0,318,1023,0,721,907,305,702,425,801,789,305,79
723,1023,0,370,1023,0,701,866,305,681,425,828,784,305,79
463,1023,0,222,1023,0,672,854,305,649,425,780,767,305,79
639,1023,0,662,1023,0,782,990,306,772,425,797,780,305,79
552,1023,0,326,1023,0,594,735,305,567,425,826,816,305,79
390,1023,0,242,1023,0,667,846,305,647,425,773,764,305,79
556,1023,0,299,1023,0,545,651,305,518,426,738,714,305,82
316,1023,0,70,437,0,418,405,305,364,426,388,367,305,82
504,1023,0,336,1023,0,663,840,305,646,426,775,761,305,82
576,1023,0,366,1023,0,670,849,305,648,426,803,787,305,82
462,1023,0,314,1023,0,774,981,306,765,426,777,766,305,82
755,1023,0,637,1023,0,841,1023,307,836,426,783,775,305,82
764,1023,0,453,1023,0,725,904,305,711,427,784,766,305,82
505,1023,0,383,1023,0,827,1023,306,823,427,788,777,305,82
573,1023,0,298,1023,0,839,1023,306,837,427,783,764,305,82
470,1023,0,195,1023,0,580,716,305,552,427,765,759,305,82
635,1023,0,404,1023,0,798,1012,306,791,427,790,768,305,82
465,1023,0,193,1023,0,169,348,305,356,428,762,754,305,82
340,1023,0,106,827,0,589,752,305,563,428,369,362,305,82
532,1023,0,325,1023,0,765,973,306,756,428,797,778,305,82
687,1023,0,573,1023,0,437,461,305,466,428,845,827,305,82
374,1023,0,179,1023,0,583,721,305,553,428,720,710,305,82
468,1023,0,264,1023,0,337,359,305,364,429,747,737,305,82
311,1023,0,165,1023,0,265,337,305,325,429,738,731,305,82
694,1023,0,507,1023,0,526,602,305,507,429,800,779,305,82
383,1023,0,153,1023,0,562,704,305,531,429,763,750,305,82
457,1023,0,320,1023,0,641,775,305,616,429,748,727,305,82
419,1023,0,221,1023,0,593,741,305,566,429,769,759,305,86
236,1023,0,108,877,0,602,776,305,573,430,728,722,305,86
426,1023,0,340,1023,0,631,787,305,609,430,731,718,305,86
320,1023,0,132,906,0,679,875,305,662,430,735,723,305,86
498,1023,0,225,1023,0,808,1022,306,801,430,772,758,305,86
698,1023,0,619,1023,0,720,879,305,701,430,789,764,305,86
598,1023,0,421,1023,0,759,959,306,746,430,770,757,305,86
617,1023,0,280,1023,0,792,990,306,785,430,778,765,305,86
714,1023,0,619,1023,0,789,984,306,780,430,867,837,305,86
218,1023,0,122,1023,0,333,375,305,389,431,398,389,305,86
462,1023,0,276,1023,0,474,547,305,453,431,777,765,305,86
525,1023,0,393,1023,0,602,751,305,576,431,795,778,305,86
616,1023,0,461,1023,0,409,392,305,450,431,616,545,305,86
465,1023,0,271,1023,0,258,358,305,317,431,770,761,305,86
421,1023,0,174,1023,0,672,860,305,651,431,761,752,305,86
501,1023,0,252,1023,0,646,794,305,622,431,761,746,305,86
458,1023,0,382,1023,0,619,782,305,594,431,782,772,305,86
263,1023,0,144,1023,0,275,327,305,349,431,416,394,305,86
466,1023,0,315,1023,0,605,761,305,580,431,769,758,305,86
582,1023,0,337,1023,0,794,999,306,788,432,792,772,305,86
708,1023,0,400,1023,0,828,1023,306,824,432,786,774,305,86
427,1023,0,189,1023,0,389,377,305,385,432,767,759,305,86
434,1023,0,298,1023,0,801,1023,306,793,432,781,772,305,86
548,1023,0,236,1023,0,703,880,305,685,432,768,752,305,86
347,1023,0,135,946,0,665,852,305,647,432,757,748,305,86
604,1023,0,224,1023,0,262,356,305,348,433,560,502,305,86
654,1023,0,566,1023,0,682,849,305,664,433,815,792,305,89
555,1023,0,313,1023,0,721,912,305,706,433,785,774,305,89
254,1023,0,132,1023,0,417,463,305,393,433,437,430,305,89
577,1023,0,327,1023,0,653,819,305,629,433,796,771,305,89
444,1023,0,398,1023,0,520,631,305,494,434,792,782,305,89
419,1023,0,227,1023,0,592,743,305,563,434,769,752,305,89
291,1023,0,90,703,0,544,689,305,515,434,700,701,305,89
758,1023,0,683,1023,0,799,985,306,791,434,847,777,305,89
697,1023,0,429,1023,0,390,399,305,423,434,801,782,305,89
616,1023,0,287,1023,0,832,1023,306,829,434,747,722,305,89
615,1023,0,301,1023,0,712,900,305,693,434,782,766,305,89
363,1023,0,353,1023,0,709,914,305,693,435,768,760,305,89
720,1023,0,705,1023,0,682,841,305,668,435,788,767,305,89
639,1023,0,551,1023,0,906,1023,306,912,435,839,819,305,89
687,1023,0,416,1023,0,432,417,305,444,435,841,793,305,89
407,1023,0,375,1023,0,731,934,306,719,435,780,771,305,89
530,1023,0,220,1023,0,647,805,305,624,435,765,753,305,89
635,1023,0,418,1023,0,831,1023,306,828,436,790,777,305,89
243,1023,0,100,814,0,475,580,305,438,436,409,394,305,89
546,1023,0,326,1023,0,628,785,305,605,436,800,786,305,89
345,1023,0,127,994,0,519,627,305,501,436,428,403,305,89
480,1023,0,305,1023,0,473,542,305,481,437,776,767,305,89
281,1023,0,133,999,0,701,909,305,683,437,745,738,305,89
211,1023,0,140,1023,0,727,952,306,717,437,431,422,305,89
512,1023,0,247,1023,0,643,803,305,621,437,780,771,305,89
337,1023,0,72,528,0,528,650,305,509,437,754,732,305,89
692,1023,0,533,1023,0,669,840,305,653,437,790,771,305,92
674,1023,0,458,1023,0,800,1010,306,792,437,794,776,305,92
656,1023,0,600,1023,0,720,897,305,702,437,797,774,305,92
285,1023,0,303,1023,0,674,863,305,665,437,786,771,305,92
549,1023,0,613,1023,0,429,434,305,550,437,803,787,305,92
629,1023,0,618,1023,0,739,929,306,723,438,796,769,305,92
495,1023,0,240,1023,0,373,376,305,386,438,777,764,305,92
771,1023,0,556,1023,0,485,529,305,482,438,790,762,305,92
490,1023,0,365,1023,0,564,692,305,536,438,784,771,305,92
356,1023,0,259,1023,0,609,773,305,583,438,763,752,305,92
262,1023,0,104,829,0,619,797,305,595,438,266,355,305,92
772,1023,0,438,1023,0,835,1023,307,833,439,798,775,305,92
332,1023,0,151,1023,0,559,702,305,527,439,756,752,305,92
430,1023,0,282,1023,0,539,670,305,507,439,776,762,305,92
539,1023,0,272,1023,0,626,789,305,600,439,778,761,305,92
350,1023,0,259,1023,0,800,1023,306,795,439,764,757,305,92
610,1023,0,281,1023,0,614,759,305,590,439,774,764,305,92
436,1023,0,203,1023,0,662,838,305,637,440,774,758,305,92
554,1023,0,407,1023,0,681,852,305,661,440,776,765,305,92
523,1023,0,234,1023,0,554,655,305,523,440,782,770,305,92
411,1023,0,236,1023,0,772,992,306,763,440,765,750,305,92
417,1023,0,199,1023,0,783,1007,306,776,440,770,765,305,92
322,1023,0,131,1023,0,768,995,306,759,440,702,696,305,92
387,1023,0,189,1023,0,534,661,305,503,440,776,764,305,92
611,1023,0,441,1023,0,713,898,305,694,440,800,777,305,92
218,1023,0,192,1023,0,338,346,305,374,440,355,373,305,92
509,1023,0,405,1023,0,387,377,305,412,440,771,762,305,92
411,1023,0,164,1023,0,457,516,305,445,441,761,749,305,95
575,1023,0,348,1023,0,570,687,305,547,441,762,748,305,95
351,1023,0,118,775,0,575,725,305,547,441,752,738,305,95
559,1023,0,403,1023,0,803,1003,306,796,442,769,755,305,95
535,1023,0,269,1023,0,712,891,305,697,442,786,775,305,95
465,1023,0,328,1023,0,714,914,305,693,442,776,761,305,95
386,1023,0,192,1023,0,615,784,305,590,442,760,754,305,95
253,1023,0,158,1023,0,438,441,305,412,442,470,451,305,95
424,1023,0,225,1023,0,680,872,305,656,442,775,770,305,95
284,1023,0,85,597,0,569,720,305,543,442,434,413,305,95
808,1023,0,648,1023,0,863,1023,307,863,442,841,791,305,95
508,1023,0,219,1023,0,438,440,305,419,442,777,768,305,95
809,1023,0,519,1023,0,689,838,305,677,442,845,827,305,95
486,1023,0,210,1023,0,602,757,305,576,442,785,779,305,95
661,1023,0,365,1023,0,724,890,305,709,443,837,784,305,95
361,1023,0,144,1023,0,467,532,305,439,443,767,759,305,95
363,1023,0,408,1023,0,740,912,305,735,443,829,788,305,95
545,1023,0,292,1023,0,604,759,305,582,443,787,775,305,95
445,1023,0,220,1023,0,818,1023,306,815,443,776,770,305,95
728,1023,0,655,1023,0,836,1023,307,833,443,794,779,305,95
371,1023,0,182,1023,0,612,758,305,584,443,770,763,305,95
552,1023,0,343,1023,0,725,907,305,709,443,825,810,305,95
460,1023,0,265,1023,0,682,864,305,662,444,775,765,305,95
253,1023,0,164,1023,0,402,431,305,383,444,435,423,305,95
301,1023,0,148,1023,0,416,439,305,417,444,757,752,305,95
464,1023,0,206,1023,0,693,876,305,674,444,783,773,305,95
442,1023,0,444,1023,0,605,717,305,581,445,749,717,305,99
496,1023,0,257,1023,0,646,820,305,622,445,802,791,305,99
406,1023,0,161,952,0,552,680,305,520,445,759,755,305,99
468,1023,0,219,1023,0,743,941,306,732,445,783,772,305,99
405,1023,0,246,1023,0,172,346,305,346,445,772,762,305,99
748,1023,0,498,1023,0,756,981,306,746,445,842,779,305,99
439,1023,0,306,1023,0,301,367,305,310,445,781,770,305,99
405,1023,0,199,1023,0,507,593,305,489,446,788,779,305,99
658,1023,0,473,1023,0,424,433,305,442,446,793,768,305,99
297,1023,0,167,1023,0,646,838,305,624,446,757,751,305,99
240,1023,0,155,1023,0,614,793,305,595,447,550,533,305,99
639,1023,0,390,1023,0,700,894,305,681,447,817,807,305,99
692,1023,0,630,1023,0,879,1023,307,880,447,802,780,305,99
713,1023,0,535,1023,0,678,835,305,668,448,805,780,305,102
573,1023,0,552,1023,0,815,1023,306,810,448,784,768,305,102
544,1023,0,503,1023,0,504,487,305,520,448,778,762,305,102
611,1023,0,299,1023,0,759,960,306,749,448,783,768,305,102
485,1023,0,391,1023,0,664,843,305,643,449,779,772,305,102
680,1023,0,407,1023,0,463,512,305,507,449,785,768,305,102
459,1023,0,192,1023,0,657,828,305,633,449,789,775,305,102
741,1023,0,406,1023,0,740,907,305,726,449,810,798,305,102
756,1023,0,380,1023,0,654,797,305,631,449,831,773,305,102
377,1023,0,225,1023,0,654,831,305,634,449,773,764,305,102
516,1023,0,358,1023,0,613,765,305,588,450,773,760,305,102
367,1023,0,206,1023,0,456,510,305,437,450,768,751,305,102
576,1023,0,427,1023,0,562,681,305,539,450,785,766,305,102
489,1023,0,389,1023,0,863,1023,307,863,450,805,801,305,102
700,1023,0,662,1023,0,495,517,305,485,450,870,840,305,102
474,1023,0,197,1023,0,283,364,305,341,450,774,759,305,102
432,1023,0,211,1023,0,606,758,305,580,450,761,758,305,102
726,1023,0,443,1023,0,720,885,305,705,450,794,768,305,102
330,1023,0,171,1023,0,670,854,305,650,451,749,747,305,102
470,1023,0,287,1023,0,749,944,306,736,451,775,765,305,102
627,1023,0,623,1023,0,804,1012,306,796,451,792,773,305,102
616,1023,0,431,1023,0,877,1023,307,879,451,795,774,305,102
409,1023,0,207,1023,0,632,806,305,606,452,758,742,305,102
472,1023,0,208,1023,0,634,801,305,609,452,766,760,305,102
417,1023,0,291,1023,0,498,582,305,477,452,802,792,305,102
407,1023,0,145,990,0,642,817,305,619,452,760,754,305,105
700,1023,0,530,1023,0,878,1023,307,881,452,843,824,305,105
663,1023,0,412,1023,0,621,784,305,598,452,609,548,305,105
620,1023,0,605,1023,0,875,1023,307,877,452,800,775,305,105
601,1023,0,292,1023,0,684,857,305,663,453,768,756,305,105
631,1023,0,517,1023,0,751,944,306,739,453,781,766,305,105
433,1023,0,189,1023,0,699,896,305,681,453,765,760,305,105
537,1023,0,236,1023,0,666,838,305,643,453,770,762,305,105
273,1023,0,105,824,0,812,1023,306,807,454,349,505,305,105
556,1023,0,352,1023,0,769,969,306,758,454,792,776,305,105
409,1023,0,239,1023,0,586,744,305,559,454,783,766,305,105
538,1023,0,251,1023,0,635,791,305,612,454,796,785,305,105
402,1023,0,294,1023,0,426,439,305,404,454,770,756,305,105
452,1023,0,318,1023,0,758,962,306,744,454,775,766,305,105
702,1023,0,418,1023,0,801,1017,306,794,455,831,822,305,105
441,1023,0,253,1023,0,688,877,305,666,455,780,773,305,105
509,1023,0,296,1023,0,360,380,305,400,455,783,771,305,105
758,1023,0,386,1023,0,768,944,306,758,455,824,761,305,105
442,1023,0,359,1023,0,714,920,305,699,455,515,477,305,109
713,1023,0,339,1023,0,746,935,306,733,455,777,762,305,109
466,1023,0,403,1023,0,756,933,306,745,455,728,716,305,109
456,1023,0,212,1023,0,652,810,305,630,456,764,753,305,109
684,1023,0,687,1023,0,793,997,306,786,456,837,790,305,109
435,1023,0,335,1023,0,702,890,305,687,456,755,743,305,109
484,1023,0,323,1023,0,872,1023,306,874,456,787,780,305,109
293,1023,0,167,1023,0,780,1013,306,774,456,756,744,305,109
598,1023,0,394,1023,0,705,871,305,691,456,847,807,305,109
782,1023,0,574,1023,0,754,938,306,741,456,804,776,305,109
627,1023,0,264,1023,0,621,777,305,595,457,794,773,305,109
647,1023,0,653,1023,0,791,999,306,784,457,774,760,305,109
489,1023,0,271,1023,0,696,881,305,676,457,775,764,305,109
563,1023,0,329,1023,0,678,865,305,654,457,778,761,305,109
397,1023,0,268,1023,0,569,698,305,544,457,759,750,305,109
460,1023,0,205,1023,0,591,744,305,562,457,791,782,305,109
536,1023,0,248,1023,0,778,998,306,770,457,778,770,305,109
553,1023,0,261,1023,0,717,902,305,698,457,777,759,305,109
350,1023,0,231,1023,0,576,719,305,551,458,755,752,305,109
330,1023,0,144,1023,0,763,988,306,754,458,766,761,305,109
653,1023,0,322,1023,0,803,1004,306,797,458,772,762,305,112
694,1023,0,542,1023,0,791,981,306,784,458,817,797,305,112
473,1023,0,287,1023,0,589,728,305,562,458,782,767,305,112
414,1023,0,173,1023,0,681,869,305,665,459,785,781,305,112
430,1023,0,328,1023,0,704,890,305,688,459,770,762,305,112
516,1023,0,356,1023,0,614,761,305,590,459,766,744,305,112
468,1023,0,227,1023,0,571,714,305,542,460,754,741,305,112
349,1023,0,195,1023,0,672,860,305,652,460,765,755,305,112
304,1023,0,150,1023,0,495,591,305,466,460,445,419,305,112
617,1023,0,343,1023,0,401,385,305,422,460,798,777,305,112
436,1023,0,307,1023,0,725,929,306,707,460,780,773,305,112
598,1023,0,366,1023,0,659,820,305,638,460,806,788,305,112
800,1023,0,528,1023,0,420,445,305,445,460,801,781,305,112
527,1023,0,358,1023,0,776,947,306,766,461,767,752,305,112
390,1023,0,207,1023,0,585,734,305,556,461,770,764,305,112
481,1023,0,175,1023,0,661,829,305,646,461,779,767,305,112
530,1023,0,257,1023,0,626,776,305,604,461,781,766,305,112
407,1023,0,188,1023,0,678,866,305,660,461,779,773,305,112
264,1023,0,195,1023,0,580,741,305,555,461,516,496,305,112
274,1023,0,223,1023,0,582,743,305,553,461,464,430,305,112
219,1023,0,116,845,0,390,387,305,371,461,396,389,305,112
564,1023,0,213,1023,0,782,993,306,776,461,788,779,305,112
257,1023,0,114,998,0,344,338,305,309,461,401,396,305,112
781,1023,0,616,1023,0,859,1023,307,857,461,803,779,305,112
500,1023,0,248,1023,0,630,799,305,604,461,765,756,305,112
572,1023,0,343,1023,0,791,998,306,784,461,784,770,305,112
687,1023,0,489,1023,0,402,408,305,445,461,784,765,305,112
436,1023,0,223,1023,0,779,994,306,770,462,766,754,305,112
377,1023,0,399,1023,0,586,745,305,563,462,766,749,305,112
546,1023,0,361,1023,0,747,943,306,736,462,829,816,305,112
275,1023,0,156,1023,0,371,372,305,402,462,448,422,305,112
304,1023,0,127,977,0,691,897,305,676,462,470,451,305,112
388,1023,0,257,1023,0,721,926,306,707,462,761,751,305,115
527,1023,0,286,1023,0,695,884,305,673,462,794,773,305,115
553,1023,0,286,1023,0,672,855,305,651,463,778,767,305,115
394,1023,0,405,1023,0,770,959,306,760,463,722,703,305,115
442,1023,0,173,1023,0,781,997,306,773,463,782,772,305,115
252,1023,0,190,1023,0,562,714,305,538,463,519,491,305,115
505,1023,0,371,1023,0,719,917,305,704,463,795,782,305,115
545,1023,0,408,1023,0,530,628,305,518,463,789,777,305,115
623,1023,0,388,1023,0,698,873,305,690,463,806,783,305,115
408,1023,0,199,1023,0,643,815,305,618,464,759,753,305,115
472,1023,0,488,1023,0,556,679,305,532,464,795,783,305,115
656,1023,0,348,1023,0,777,960,306,769,464,761,740,305,115
480,1023,0,310,1023,0,654,828,305,629,464,792,772,305,115
776,1023,0,464,1023,0,713,892,305,696,464,798,781,305,115
657,1023,0,460,1023,0,718,904,305,704,464,784,771,305,115
776,1023,0,523,1023,0,787,975,306,776,464,785,760,305,115
489,1023,0,232,1023,0,599,726,305,569,465,726,710,305,115
629,1023,0,400,1023,0,766,967,306,755,465,795,779,305,115
306,1023,0,102,802,0,379,371,305,368,465,742,734,305,119
804,1023,0,592,1023,0,841,1023,307,837,465,790,757,305,119
211,1023,0,209,1023,0,353,380,305,375,465,548,552,305,119
627,1023,0,492,1023,0,656,825,305,637,465,781,765,305,119
389,1023,0,167,1023,0,685,872,305,668,465,765,760,305,119
629,1023,0,575,1023,0,766,959,306,757,465,794,768,305,119
420,1023,0,186,1023,0,372,394,305,379,465,750,741,305,119
276,1023,0,143,1023,0,558,709,305,528,465,792,778,305,119
322,1023,0,195,1023,0,601,768,305,576,466,766,760,305,119
366,1023,0,251,1023,0,650,800,305,625,466,748,715,305,119
331,1023,0,263,1023,0,827,1023,306,824,466,843,830,305,119
622,1023,0,358,1023,0,406,397,305,439,466,796,779,305,119
496,1023,0,284,1023,0,670,850,305,652,466,761,750,305,119
505,1023,0,243,1023,0,619,784,305,593,466,777,771,305,119
478,1023,0,297,1023,0,629,765,305,605,466,760,739,305,119
462,1023,0,403,1023,0,629,790,305,604,467,757,733,305,119
524,1023,0,368,1023,0,725,918,306,712,467,763,762,305,119
487,1023,0,379,1023,0,785,996,306,777,467,786,771,305,119
407,1023,0,201,1023,0,634,813,305,610,467,770,764,305,119
346,1023,0,132,935,0,500,548,305,461,467,431,406,305,119
654,1023,0,450,1023,0,857,1023,307,857,467,808,788,305,119
249,671,0,214,453,0,556,563,305,577,467,654,444,305,119
466,1023,0,353,1023,0,647,798,305,642,468,781,750,305,119
405,1023,0,265,1023,0,889,1023,306,893,468,776,765,305,119
567,1023,0,258,1023,0,843,1023,306,842,468,781,775,305,119
251,1023,0,217,1023,0,335,364,305,327,468,516,490,305,119
467,1023,0,226,1023,0,718,913,305,699,468,762,758,305,119
618,1023,0,530,1023,0,689,856,305,668,468,784,762,305,119
387,1023,0,190,1023,0,742,956,306,730,468,525,491,305,119
473,1023,0,217,1023,0,696,869,305,678,469,772,762,305,122
769,1023,0,498,1023,0,746,908,305,731,469,819,789,305,122
515,1023,0,323,1023,0,653,822,305,630,469,782,773,305,122
579,1023,0,277,1023,0,521,626,305,501,469,771,755,305,122
330,1023,0,207,1023,0,376,367,305,397,469,800,783,305,122
334,1023,0,113,881,0,378,402,305,362,469,411,407,305,122
474,1023,0,259,1023,0,705,893,305,688,469,783,771,305,122
401,1023,0,199,1023,0,570,717,305,542,470,747,732,305,122
389,1023,0,276,1023,0,685,878,305,669,470,798,783,305,122
353,1023,0,139,973,0,306,343,305,335,470,763,750,305,122
526,1023,0,336,1023,0,802,1010,306,795,470,788,767,305,122
667,1023,0,290,1023,0,706,883,305,685,470,781,767,305,122
325,1023,0,341,1023,0,758,979,306,749,471,772,759,305,122
528,1023,0,211,1023,0,712,897,305,696,471,776,766,305,122
728,1023,0,485,1023,0,706,887,305,690,471,781,763,305,122
333,1023,0,190,1023,0,595,756,305,573,471,760,751,305,122
571,1023,0,249,1023,0,751,941,306,740,471,781,773,305,122
396,1023,0,128,883,0,342,348,305,344,471,543,521,305,122
387,1023,0,193,1023,0,417,444,305,408,471,765,754,305,122
604,1023,0,351,1023,0,790,1002,306,780,471,789,765,305,122
383,1023,0,129,939,0,546,682,305,508,471,717,704,305,122
307,1023,0,217,1023,0,378,357,305,390,471,413,396,305,122
494,1023,0,233,1023,0,642,811,305,621,472,777,763,305,122
349,1023,0,159,1023,0,633,807,305,613,472,769,763,305,125
306,1023,0,144,983,0,639,823,305,613,472,768,762,305,125
481,1023,0,186,1023,0,675,853,305,651,472,764,751,305,125
748,1023,0,594,1023,0,802,1016,306,795,472,838,803,305,125
698,1023,0,384,1023,0,527,619,305,501,473,767,750,305,125
405,1023,0,170,1023,0,637,813,305,612,473,772,766,305,125
478,1023,0,224,1023,0,361,380,305,323,473,773,761,305,125
467,1023,0,215,1023,0,548,671,305,521,473,785,773,305,125
624,1023,0,399,1023,0,374,383,305,397,473,788,776,305,125
447,1023,0,263,1023,0,697,894,305,676,473,781,771,305,125
247,1023,0,100,822,0,295,335,305,344,473,416,409,305,125
593,1023,0,457,1023,0,660,811,305,638,473,782,759,305,125
522,1023,0,228,1023,0,657,822,305,634,473,777,770,305,125
455,1023,0,356,1023,0,671,859,305,649,474,786,773,305,125
701,1023,0,395,1023,0,838,1023,307,835,474,816,794,305,125
511,1023,0,259,1023,0,695,880,305,674,474,764,752,305,125
604,1023,0,304,1023,0,443,459,305,464,474,818,806,305,125
666,1023,0,423,1023,0,797,993,306,788,474,778,761,305,125
486,1023,0,221,1023,0,677,863,305,655,475,767,760,305,125
379,1023,0,175,1023,0,716,920,305,702,475,766,761,305,125
443,1023,0,246,1023,0,649,826,305,627,475,763,755,305,125
631,1023,0,398,1023,0,393,394,305,447,475,797,777,305,125
355,1023,0,262,1023,0,570,717,305,541,475,769,759,305,125
437,1023,0,321,1023,0,776,971,306,767,475,758,744,305,125
378,1023,0,199,1023,0,605,761,305,576,475,761,756,305,125
606,1023,0,555,1023,0,907,1023,307,913,475,838,825,305,125
564,1023,0,297,1023,0,771,975,306,760,475,777,763,305,125
677,1023,0,353,1023,0,694,856,305,679,475,787,764,305,128
232,1023,0,97,726,0,720,938,306,706,475,506,483,305,128
550,1023,0,454,1023,0,489,481,305,509,475,831,818,305,128
498,1023,0,325,1023,0,631,795,305,612,475,791,775,305,128
645,1023,0,462,1023,0,881,1023,307,884,476,790,766,305,128
459,1023,0,261,1023,0,642,803,305,621,476,753,742,305,128
382,1023,0,194,1023,0,796,1023,306,790,476,762,755,305,128
771,1023,0,502,1023,0,573,685,305,548,476,774,760,305,128
463,1023,0,228,1023,0,734,945,306,721,476,778,765,305,128
321,1023,0,239,1023,0,725,916,305,713,476,450,417,305,128
378,1023,0,503,1023,0,769,963,306,759,476,806,773,305,128
669,1023,0,410,1023,0,678,839,305,656,477,764,753,305,128
346,1023,0,205,1023,0,352,363,305,325,477,735,729,305,128
653,1023,0,441,1023,0,650,800,305,627,477,790,771,305,128
262,1023,0,228,1023,0,448,501,305,405,477,535,509,305,128
613,1023,0,322,1023,0,753,960,306,742,477,785,764,305,128
763,1023,0,540,1023,0,798,991,306,791,477,818,798,305,128
294,1023,0,121,946,0,563,715,305,532,477,442,429,305,128
585,1023,0,363,1023,0,782,995,306,773,478,781,762,305,128
678,1023,0,416,1023,0,848,1023,306,847,478,787,764,305,128
279,1023,0,103,828,0,712,929,306,698,478,455,449,305,128
622,1023,0,496,1023,0,770,982,306,760,478,833,819,305,132
658,1023,0,332,1023,0,758,944,306,748,478,801,776,305,132
752,1023,0,471,1023,0,803,1023,306,797,479,839,769,305,132
599,1023,0,288,1023,0,741,930,306,727,479,771,757,305,132
696,1023,0,574,1023,0,562,677,305,554,479,804,764,305,132
372,1023,0,167,1023,0,266,355,305,321,479,764,759,305,132
312,1023,0,154,1023,0,674,866,305,656,479,741,725,305,132
440,1023,0,288,1023,0,742,943,306,730,479,778,761,305,132
414,1023,0,198,1023,0,628,804,305,602,479,766,760,305,132
436,1023,0,305,1023,0,726,926,306,713,479,776,770,305,132
281,1023,0,120,882,0,633,821,305,606,479,746,746,305,132
387,1023,0,225,1023,0,761,982,306,752,479,768,757,305,132
772,1023,0,446,1023,0,779,988,306,770,479,831,813,305,132
523,1023,0,354,1023,0,643,798,305,618,480,772,759,305,132
236,1023,0,142,1023,0,600,777,305,575,480,467,457,305,132
571,1023,0,313,1023,0,704,900,305,688,480,773,763,305,132
443,1023,0,326,1023,0,765,980,306,752,480,772,754,305,132
409,1023,0,159,932,0,692,886,305,675,480,764,757,305,132
664,1023,0,405,1023,0,362,399,305,397,480,799,777,305,132
506,1023,0,280,1023,0,717,919,305,699,480,774,757,305,132
727,1023,0,583,1023,0,841,1023,307,839,480,811,792,305,132
245,1023,0,143,1023,0,396,379,305,342,481,407,390,305,132
431,1023,0,237,1023,0,557,691,305,531,481,777,769,305,132
552,1023,0,228,1013,0,618,750,305,593,481,767,760,305,132
430,1023,0,172,1023,0,276,331,305,365,481,764,752,305,132
264,1023,0,115,961,0,613,785,305,588,481,425,398,305,135
480,1023,0,287,1023,0,284,351,305,373,482,766,759,305,135
704,1023,0,566,1023,0,875,1023,307,875,482,788,759,305,135
637,1023,0,465,1023,0,681,841,305,668,482,796,773,305,135
577,1023,0,268,1023,0,469,509,305,459,482,792,777,305,135
391,1023,0,146,1019,0,705,905,305,690,482,762,757,305,135
482,1023,0,211,1023,0,698,885,305,682,482,782,768,305,135
475,1023,0,222,1023,0,799,1013,306,793,482,787,779,305,135
674,1023,0,515,1023,0,625,781,305,600,482,772,760,305,135
379,1023,0,165,1023,0,345,378,305,345,482,759,752,305,135
820,1023,0,605,1023,0,728,893,305,715,482,810,777,305,135
765,1023,0,695,1023,0,885,1023,307,886,482,798,783,305,135
778,1023,0,559,1023,0,779,971,306,770,482,796,772,305,135
254,1023,0,117,918,0,325,329,305,322,482,414,410,305,135
677,1023,0,555,1023,0,667,828,305,645,483,827,813,305,135
451,1023,0,190,1023,0,757,967,306,747,483,770,761,305,135
522,1023,0,465,1023,0,224,367,305,401,483,779,771,305,135
429,1023,0,259,1023,0,304,349,305,268,483,769,745,305,135
652,1023,0,459,1023,0,357,378,305,409,483,798,771,305,135
386,1023,0,194,1023,0,799,1023,306,792,483,746,736,305,135
793,1023,0,522,1023,0,711,873,305,690,483,800,777,305,135
238,1023,0,139,1023,0,269,328,305,177,483,398,391,305,135
515,1023,0,240,1023,0,711,897,305,696,483,769,759,305,135
378,1023,0,157,1023,0,441,484,305,417,483,759,751,305,135
402,1023,0,242,1023,0,840,1023,306,838,483,774,764,305,135
472,1023,0,257,1023,0,737,943,306,724,484,777,770,305,135
375,1023,0,423,1023,0,810,1023,306,804,484,778,755,305,135
312,1023,0,366,1023,0,788,1023,306,781,484,642,628,305,135
373,1023,0,114,772,0,582,732,305,554,484,771,768,305,135
661,1023,0,517,1023,0,662,795,305,640,484,770,749,305,135
429,1023,0,267,1023,0,686,876,305,665,484,768,761,305,135
511,1023,0,297,1023,0,539,655,305,519,484,785,770,305,135
335,1023,0,291,1023,0,541,657,305,506,484,400,365,305,138
791,1023,0,562,1023,0,749,927,306,737,485,809,783,305,138
452,1023,0,191,1023,0,681,871,305,659,485,758,747,305,138
638,1023,0,586,1023,0,861,1023,306,860,485,766,753,305,138
326,1023,0,131,952,0,636,819,305,613,485,771,767,305,138
775,1023,0,585,1023,0,694,852,305,675,485,793,763,305,138
640,1023,0,388,1023,0,873,1023,307,874,485,792,777,305,138
454,1023,0,192,1023,0,624,790,305,597,485,754,736,305,138
497,1023,0,305,1023,0,756,959,306,744,485,773,758,305,138
388,1023,0,231,1023,0,716,925,306,697,486,795,785,305,138
638,1023,0,501,1023,0,722,911,305,705,486,804,784,305,138
580,1023,0,471,1023,0,870,1023,306,872,486,794,771,305,138
658,1023,0,413,1023,0,696,875,305,682,486,789,769,305,138
350,1023,0,176,1023,0,786,1015,306,778,486,497,479,305,138
395,1023,0,234,1023,0,807,1023,306,803,486,772,765,305,138
683,1023,0,284,1023,0,686,853,305,666,486,774,761,305,138
468,1023,0,296,1023,0,666,840,305,642,486,828,819,305,138
595,1023,0,436,1023,0,812,1020,306,807,486,796,776,305,138
519,1023,0,254,1023,0,647,813,305,623,486,786,775,305,138
604,1023,0,427,1023,0,658,814,305,639,486,765,739,305,138
470,1023,0,202,1023,0,712,906,305,696,487,770,761,305,138
535,1023,0,330,1023,0,610,752,305,586,487,774,765,305,138
634,1023,0,461,1023,0,780,987,306,771,487,785,771,305,138
515,1023,0,212,1023,0,839,1023,306,836,487,774,763,305,138
403,1023,0,200,1023,0,604,766,305,576,487,773,764,305,138
336,1023,0,208,1023,0,522,643,305,495,488,765,753,305,142
306,1023,0,230,1023,0,811,1023,306,806,488,767,763,305,142
509,1023,0,233,1023,0,403,389,305,411,488,782,772,305,142
593,1023,0,292,1023,0,859,1023,306,859,488,789,782,305,142
526,1023,0,228,1023,0,696,882,305,676,488,769,759,305,142
744,1023,0,374,1023,0,660,818,305,638,488,792,776,305,142
428,1023,0,136,936,0,670,849,305,648,488,503,467,305,142
820,1023,0,615,1023,0,791,984,306,784,488,874,824,305,142
386,1023,0,141,944,0,664,853,305,638,488,743,739,305,142
502,1023,0,614,1023,0,730,928,306,715,488,816,797,305,142
773,1023,0,514,1023,0,907,1023,307,912,488,774,736,305,142
305,1023,0,142,1023,0,661,854,305,641,489,751,746,305,142
517,1023,0,342,1023,0,630,793,305,605,489,817,808,305,142
522,1023,0,282,1023,0,751,952,306,737,489,760,759,305,142
431,1023,0,167,999,0,687,871,305,670,489,774,762,305,142
513,1023,0,271,1023,0,802,1014,306,797,489,780,765,305,142
366,1023,0,227,1023,0,509,616,305,473,489,791,784,305,142
639,1023,0,394,1023,0,369,380,305,360,490,846,777,305,142
263,1023,0,141,1023,0,574,736,305,542,490,760,753,305,142
320,1023,0,100,850,0,613,789,305,588,490,537,430,305,142
271,1023,0,147,1023,0,633,817,305,613,490,450,424,305,142
527,1023,0,366,1023,0,703,892,305,683,490,820,805,305,145
541,1023,0,412,1023,0,852,1023,306,852,491,778,766,305,145
460,1023,0,227,1023,0,714,908,305,698,491,770,758,305,145
368,1023,0,269,1023,0,661,851,305,639,491,778,769,305,145
574,1023,0,420,1023,0,692,864,305,673,491,830,810,305,145
664,1023,0,357,1023,0,837,1023,306,835,491,804,773,305,145
240,1023,0,109,913,0,357,364,305,309,491,400,399,305,145
500,1023,0,258,1023,0,741,943,306,727,491,771,762,305,145
506,1023,0,220,1023,0,687,860,305,670,491,749,738,305,145
637,1023,0,467,1023,0,851,1023,307,850,491,762,743,305,145
307,1023,0,197,1023,0,453,431,305,440,492,763,760,305,145
797,1023,0,616,1023,0,541,591,305,530,492,849,782,305,145
701,1023,0,410,1023,0,417,438,305,449,492,784,736,305,145
660,1023,0,325,1023,0,699,883,305,677,492,786,774,305,145
474,1023,0,287,1023,0,286,339,305,372,492,778,769,305,145
409,1023,0,214,1023,0,670,858,305,649,492,770,764,305,145
265,1023,0,363,1023,0,621,796,305,614,492,448,419,305,145
720,1023,0,324,1023,0,819,1017,306,814,492,790,770,305,145
252,1023,0,196,1023,0,393,411,305,484,492,429,405,305,145
337,1023,0,95,747,0,630,806,305,606,493,482,463,305,145
440,1023,0,197,1023,0,624,792,305,598,493,752,744,305,145
483,1023,0,212,1023,0,645,806,305,621,493,784,767,305,145
689,1023,0,364,1023,0,753,937,306,741,493,777,762,305,145
472,1023,0,322,1023,0,870,1023,306,871,493,803,790,305,145
354,1023,0,167,1023,0,629,802,305,603,493,755,746,305,145
533,1023,0,316,1023,0,686,871,305,664,493,766,752,305,145
353,1023,0,264,1023,0,667,850,305,651,493,441,410,305,145
526,1023,0,240,1023,0,788,995,306,781,494,776,766,305,148
307,1023,0,131,1023,0,358,375,305,341,494,447,438,305,148
542,1023,0,299,1023,0,638,800,305,616,494,776,765,305,148
503,1023,0,242,1023,0,656,826,305,633,494,780,760,305,148
398,1023,0,210,1023,0,354,370,305,384,494,765,758,305,148
478,1023,0,250,1023,0,826,1023,306,823,494,775,769,305,148
550,1023,0,405,1023,0,793,996,306,785,494,782,768,305,148
527,1023,0,429,1023,0,649,843,305,625,494,812,799,305,148
663,1023,0,469,1023,0,698,854,305,691,494,610,521,305,148
492,1023,0,307,1023,0,651,811,305,625,494,830,794,305,148
530,1023,0,362,1023,0,875,1023,306,876,494,782,772,305,148
310,1023,0,125,929,0,576,736,305,543,494,762,759,305,148
611,1023,0,487,1023,0,858,1023,306,858,495,786,773,305,148
422,1023,0,269,1023,0,658,838,305,637,495,475,433,305,148
308,1023,0,446,1023,0,359,385,305,415,495,600,566,305,148
248,1023,0,111,862,0,734,956,306,721,495,766,750,305,148
443,1023,0,197,1023,0,635,809,305,609,495,767,762,305,148
552,1023,0,438,1023,0,784,1018,306,774,495,767,744,305,148
357,1023,0,214,1023,0,523,637,305,496,496,770,760,305,148
631,1023,0,342,1023,0,786,988,306,778,496,781,770,305,148
296,1023,0,77,616,0,264,325,305,316,496,437,422,305,148
573,1023,0,290,1023,0,539,642,305,517,496,762,750,305,148
386,1023,0,152,1023,0,623,796,305,598,496,769,762,305,148
756,1023,0,635,1023,0,708,867,305,690,496,800,768,305,148
662,1023,0,461,1023,0,686,854,305,665,496,787,769,305,148
470,1023,0,267,1023,0,771,990,306,762,496,781,771,305,148
345,1023,0,177,1023,0,748,962,306,736,496,764,759,305,148
636,1023,0,278,1023,0,828,1023,306,823,497,783,770,305,151
392,1023,0,209,1023,0,648,830,305,629,497,769,763,305,151
413,1023,0,167,804,0,568,669,305,553,497,771,761,305,151
410,1023,0,233,1023,0,697,884,305,678,497,764,756,305,151
563,1023,0,263,1023,0,472,519,305,458,497,789,777,305,151
610,1023,0,563,1023,0,837,1023,306,833,497,791,777,305,151
227,1023,0,238,1023,0,414,441,305,517,497,523,495,305,151
468,1023,0,260,1023,0,352,370,305,387,497,778,768,305,151
276,1023,0,134,994,0,208,327,305,354,498,384,384,305,151
509,1023,0,245,1023,0,592,741,305,567,498,788,774,305,151
454,1023,0,203,1023,0,755,967,306,744,498,780,775,305,151
312,1023,0,112,807,0,675,868,305,659,498,537,494,305,151
482,1023,0,215,1023,0,825,1023,306,822,498,770,760,305,151
256,1023,0,127,1023,0,411,466,305,394,498,429,413,305,151
514,1023,0,248,1023,0,645,813,305,620,498,773,764,305,151
276,1023,0,365,1023,0,634,805,305,616,499,604,578,305,151
477,1023,0,317,1023,0,861,1023,306,860,499,796,773,305,151
431,1023,0,375,1023,0,672,871,305,652,499,771,764,305,151
417,1023,0,244,1023,0,784,999,306,776,499,775,758,305,151
590,1023,0,454,1023,0,710,888,305,691,499,783,763,305,151
327,1023,0,148,1001,0,755,976,306,745,499,543,528,305,151
431,1023,0,257,1023,0,596,750,305,571,499,764,747,305,151
470,1023,0,251,1023,0,722,905,305,707,499,775,751,305,151
644,1023,0,502,1023,0,800,974,307,794,499,803,776,305,151
519,1023,0,222,1023,0,741,945,306,729,499,763,755,305,151
369,1023,0,269,1023,0,743,936,306,732,499,517,483,305,151
287,1023,0,103,735,0,677,876,305,660,499,442,428,305,151
530,1023,0,473,1023,0,635,798,305,612,500,763,744,305,155
307,1023,0,227,1023,0,696,894,305,681,500,502,485,305,155
329,1023,0,160,1023,0,557,701,305,523,500,747,742,305,155
739,1023,0,566,1023,0,617,734,305,593,500,793,770,305,155
487,1023,0,377,1023,0,865,1023,306,865,500,786,776,305,155
579,1023,0,372,1023,0,605,737,305,580,500,780,768,305,155
260,1023,0,90,743,0,309,346,305,293,501,402,394,305,155
524,1023,0,198,1023,0,629,782,305,605,501,770,759,305,155
376,1023,0,165,1023,0,657,839,305,640,501,758,751,305,155
566,1023,0,302,1023,0,323,353,305,382,502,774,761,305,158
486,1023,0,296,1023,0,669,857,305,661,502,631,446,305,158
483,1023,0,158,904,0,682,858,305,665,502,760,751,305,158
514,1023,0,244,1023,0,733,927,306,718,502,774,764,305,158
323,1023,0,132,1023,0,639,825,305,619,502,453,435,305,158
448,1023,0,200,1023,0,648,816,305,626,502,754,747,305,158
627,1023,0,500,1023,0,749,934,306,736,502,766,748,305,158
228,1023,0,110,902,0,567,730,305,542,502,443,421,305,158
269,1023,0,101,583,0,559,682,305,529,503,411,372,305,158
416,1023,0,237,1023,0,760,972,306,751,503,775,766,305,158
476,1023,0,230,1023,0,792,1005,306,786,503,771,744,305,158
495,1023,0,319,1023,0,790,1007,306,783,503,788,773,305,158
507,1023,0,317,1023,0,694,879,305,674,504,784,772,305,158
467,1023,0,245,1023,0,543,643,305,516,504,781,767,305,158
533,1023,0,340,1023,0,723,908,305,708,504,774,754,305,158
410,1023,0,234,1023,0,637,812,305,611,504,769,761,305,158
550,1023,0,267,1023,0,742,945,306,725,504,771,762,305,161
567,1023,0,328,1023,0,799,1016,306,791,504,779,765,305,161
336,1023,0,120,831,0,616,786,305,592,504,742,737,305,161
373,1023,0,162,1023,0,733,942,306,720,505,762,755,305,161
772,1023,0,615,1023,0,447,433,305,479,505,798,780,305,161
595,1023,0,257,1023,0,738,937,306,726,505,832,824,305,161
593,1023,0,237,1023,0,556,670,305,528,505,764,754,305,161
421,1023,0,326,1023,0,361,360,305,397,506,760,750,305,161
479,1023,0,245,1023,0,781,990,306,773,506,771,762,305,161
373,1023,0,154,1023,0,600,766,305,572,506,762,754,305,161
363,1023,0,183,1023,0,506,612,305,482,506,781,771,305,161
290,1023,0,218,1023,0,579,694,305,556,506,579,522,305,161
671,1023,0,400,1023,0,698,868,305,678,506,797,776,305,161
642,1023,0,404,1023,0,489,564,305,533,506,786,771,305,161
283,1023,0,129,1023,0,637,827,305,612,506,466,445,305,161
314,1023,0,138,972,0,603,774,305,581,506,775,767,305,161
226,1023,0,260,1023,0,556,703,305,522,506,461,452,305,165
488,1023,0,268,1023,0,875,1023,306,876,506,775,757,305,165
630,1023,0,343,1023,0,716,904,305,704,506,777,765,305,165
640,1023,0,570,1023,0,808,1002,306,801,507,746,731,305,165
450,1023,0,254,1023,0,676,861,305,652,507,799,779,305,165
623,1023,0,354,1023,0,710,896,305,695,507,775,763,305,165
332,1023,0,337,1023,0,505,606,305,484,507,428,392,305,165
448,1023,0,237,1023,0,799,1013,306,793,507,764,756,305,165
503,1023,0,267,1023,0,747,948,306,736,507,780,770,305,165
711,1023,0,430,1023,0,428,446,305,433,508,780,763,305,165
511,1023,0,512,1023,0,834,1023,307,830,508,760,725,305,165
474,1023,0,227,1023,0,684,878,305,664,508,771,764,305,165
526,1023,0,188,994,0,655,816,305,635,508,777,771,305,165
776,1023,0,466,1023,0,735,925,306,722,508,794,778,305,168
316,1023,0,118,852,0,665,860,305,645,509,740,738,305,168
428,1023,0,264,1023,0,550,680,305,523,509,775,764,305,168
558,1023,0,321,1023,0,719,919,305,704,509,781,771,305,168
369,1023,0,188,1023,0,649,832,305,631,509,774,763,305,168
492,1023,0,406,1023,0,788,1005,306,780,509,815,798,305,168
499,1023,0,293,1023,0,740,928,306,727,509,572,514,305,168
670,1023,0,606,1023,0,696,853,305,682,509,811,790,305,168
381,1023,0,140,961,0,655,838,305,632,509,756,749,305,168
466,1023,0,294,1023,0,673,857,305,651,509,778,759,305,168
455,1023,0,318,1023,0,696,899,305,676,509,779,769,305,168
627,1023,0,457,1023,0,777,979,306,769,510,785,770,305,168
331,1023,0,170,1023,0,694,897,305,678,510,761,756,305,168
628,1023,0,564,1023,0,713,900,305,701,510,815,796,305,168
425,1023,0,303,1023,0,698,896,305,683,510,778,766,305,168
440,1023,0,227,1023,0,585,733,305,556,510,763,746,305,168
500,1023,0,258,1023,0,642,800,305,618,510,765,755,305,168
498,1023,0,292,1023,0,814,1023,306,810,510,790,778,305,168
537,1023,0,324,1023,0,764,974,306,753,511,767,754,305,168
612,1023,0,419,1023,0,742,937,306,729,511,808,796,305,168
560,1023,0,400,1023,0,793,1008,306,783,511,777,761,305,171
569,1023,0,281,1023,0,780,984,306,772,511,772,753,305,171
263,1023,0,161,1023,0,618,795,305,590,511,430,427,305,171
502,1023,0,200,1023,0,685,859,305,667,511,780,767,305,171
470,1023,0,223,1023,0,389,362,305,395,511,780,771,305,171
462,1023,0,190,1023,0,645,817,305,622,511,767,758,305,171
532,1023,0,313,1023,0,467,521,305,471,511,780,750,305,171
284,1023,0,158,1023,0,665,854,305,649,512,688,684,305,171
466,1023,0,317,1023,0,628,791,305,602,512,772,761,305,171
343,1023,0,66,378,0,634,783,305,611,512,373,368,305,171
283,1023,0,105,878,0,518,654,305,493,512,391,373,305,171
726,1023,0,622,1023,0,691,856,305,670,512,780,768,305,171
443,1023,0,303,1023,0,723,927,306,712,512,777,773,305,171
658,1023,0,395,1023,0,692,863,305,671,512,810,798,305,171
580,1023,0,445,1023,0,778,959,306,770,512,772,754,305,171
738,1023,0,620,1023,0,493,581,305,531,512,817,787,305,171
548,1023,0,340,1023,0,785,993,306,777,512,810,799,305,171
523,1023,0,247,1023,0,720,904,305,706,512,767,756,305,171
509,1023,0,379,1023,0,646,816,305,625,513,779,770,305,171
331,1023,0,197,1023,0,739,949,306,727,513,769,767,305,171
746,1023,0,460,1023,0,656,801,305,637,513,791,761,305,171
250,1023,0,171,1023,0,518,647,305,499,513,495,477,305,171
477,1023,0,299,1023,0,626,789,305,602,513,783,773,305,171
680,1023,0,356,1023,0,583,710,305,561,513,771,763,305,171
524,1023,0,250,1023,0,685,854,305,662,513,775,757,305,171
706,1023,0,484,1023,0,644,814,305,622,513,854,841,305,171
553,1023,0,336,1023,0,725,921,306,711,513,794,779,305,171
490,1023,0,358,1023,0,767,962,306,757,513,771,752,305,175
445,1023,0,258,1023,0,563,692,305,532,514,751,734,305,175
292,1023,0,86,659,0,473,542,305,448,514,425,431,305,175
592,1023,0,310,1023,0,609,753,305,586,514,783,773,305,175
327,1023,0,100,762,0,577,722,305,547,514,478,443,305,175
584,1023,0,284,1023,0,347,380,305,382,514,813,796,305,175
445,1023,0,224,1023,0,597,752,305,566,514,782,773,305,175
558,1023,0,359,1023,0,853,1023,306,853,514,782,773,305,175
674,1023,0,352,1023,0,781,977,306,773,514,772,753,305,175
282,1023,0,304,1023,0,436,460,305,476,515,540,496,305,175
687,1023,0,302,1023,0,612,739,305,586,515,824,803,305,175
455,1023,0,164,938,0,655,832,305,629,515,755,750,305,175
343,1023,0,113,830,0,746,968,306,735,515,484,459,305,175
541,1023,0,290,1023,0,646,814,305,625,515,772,758,305,175
465,1023,0,255,1023,0,811,1023,306,805,515,779,765,305,175
585,1023,0,360,1023,0,415,388,305,429,515,780,764,305,175
643,1023,0,449,1023,0,720,899,305,701,515,809,795,305,175
752,1023,0,705,1023,0,406,408,305,432,515,796,770,305,175
381,1023,0,251,1023,0,680,871,305,660,515,767,760,305,175
483,1023,0,176,967,0,619,773,305,593,516,764,750,305,178
401,1023,0,155,1023,0,333,357,305,324,516,771,764,305,178
648,1023,0,695,1023,0,837,1023,307,834,516,791,757,305,178
610,1023,0,459,1023,0,683,851,305,662,516,770,755,305,178
655,1023,0,454,1023,0,855,1023,306,854,516,793,780,305,178
568,1023,0,486,1023,0,394,382,305,492,516,797,756,305,178
258,1023,0,136,1023,0,612,790,305,585,516,468,466,305,178
698,1023,0,351,1023,0,777,969,306,767,516,786,769,305,178
476,1023,0,248,1023,0,761,974,306,751,516,772,767,305,178
516,1023,0,207,1023,0,673,846,305,653,516,759,747,305,178
708,1023,0,489,1023,0,664,825,305,642,517,775,763,305,178
306,1023,0,187,1023,0,619,799,305,593,517,750,745,305,178
273,1023,0,83,684,0,452,508,305,415,517,529,442,305,178
554,1023,0,267,1023,0,736,917,306,719,517,744,730,305,178
735,1023,0,472,1023,0,785,996,306,777,517,831,761,305,178
315,1023,0,219,1023,0,755,967,306,744,517,406,434,305,178
537,1023,0,326,1023,0,574,702,305,551,517,798,787,305,178
682,1023,0,403,1023,0,795,982,306,785,517,849,818,305,178
421,1023,0,478,1023,0,611,747,305,603,517,783,757,305,178
648,1023,0,290,1023,0,419,388,305,431,517,761,746,305,178
488,1023,0,235,1023,0,348,353,305,340,517,776,763,305,178
265,1023,0,227,1023,0,459,478,305,513,517,541,502,305,178
464,1023,0,317,1023,0,619,798,305,615,517,815,765,305,178
262,1023,0,148,1023,0,652,844,305,632,518,759,754,305,178
359,1023,0,128,940,0,637,814,305,615,518,743,739,305,181
470,1023,0,222,1023,0,555,682,305,529,518,771,767,305,181
442,1023,0,342,1023,0,276,349,305,372,518,710,695,305,181
599,1023,0,419,1023,0,716,892,305,702,518,842,830,305,181
666,1023,0,484,1023,0,744,929,306,731,518,844,778,305,181
575,1023,0,370,1023,0,495,570,305,483,518,777,756,305,181
572,1023,0,268,1023,0,667,833,305,648,518,795,783,305,181
441,1023,0,249,1023,0,804,1023,306,799,518,772,759,305,181
492,1023,0,336,1023,0,811,1023,306,806,518,788,776,305,181
517,1023,0,252,1023,0,711,902,305,696,518,769,759,305,181
583,1023,0,397,1023,0,412,424,305,482,519,793,775,305,181
538,1023,0,219,1023,0,609,750,305,585,519,775,762,305,181
575,1023,0,516,1023,0,729,889,305,715,519,779,758,305,181
417,1023,0,324,1023,0,651,832,305,634,519,772,758,305,181
305,1023,0,189,1023,0,419,442,305,408,519,446,421,305,181
745,1023,0,544,1023,0,730,899,305,713,519,791,768,305,181
305,1023,0,114,888,0,479,577,305,450,519,750,744,305,181
401,1023,0,191,1023,0,666,856,305,643,519,777,770,305,181
376,1023,0,191,1023,0,682,880,305,659,520,783,777,305,181
484,1023,0,264,1023,0,684,872,305,662,520,775,763,305,181
669,1023,0,431,1023,0,647,799,305,623,520,780,763,305,184
494,1023,0,334,1023,0,762,968,306,752,520,748,731,305,184
651,1023,0,320,1023,0,679,843,305,658,520,785,771,305,184
605,1023,0,467,1023,0,776,969,306,767,520,787,774,305,184
460,1023,0,172,1023,0,614,778,305,589,520,756,737,305,184
798,1023,0,615,1023,0,870,1023,307,871,520,849,824,305,184
475,1023,0,217,1023,0,766,974,306,757,520,563,494,305,184
445,1023,0,253,1023,0,736,939,306,723,520,802,784,305,184
678,1023,0,661,1023,0,730,906,305,715,520,841,827,305,184
454,1023,0,257,1023,0,647,811,305,623,521,745,725,305,184
533,1023,0,326,1023,0,672,837,305,652,521,778,766,305,184
550,1023,0,443,1023,0,681,829,305,663,521,791,773,305,184
432,1023,0,551,1023,0,419,433,305,439,522,607,555,305,188
580,1023,0,401,1023,0,478,522,305,462,522,810,786,305,188
788,1023,0,542,1023,0,696,881,305,680,522,774,756,305,188
276,1023,0,84,569,0,555,703,305,528,522,435,407,305,188
496,1023,0,575,1023,0,477,548,305,530,522,790,745,305,188
578,1023,0,449,1023,0,392,399,305,422,522,802,793,305,188
281,1023,0,148,1023,0,325,352,305,340,522,489,471,305,188
701,1023,0,360,1023,0,518,590,305,494,522,486,419,305,188
649,1023,0,411,1023,0,386,385,305,403,522,821,811,305,188
487,1023,0,221,1023,0,701,877,305,686,522,767,759,305,188
585,1023,0,598,1023,0,769,952,306,760,523,820,804,305,188
374,1023,0,202,1023,0,363,358,305,336,523,476,444,305,188
362,1023,0,313,1023,0,636,809,305,612,523,535,491,305,188
741,1023,0,563,1023,0,596,738,305,587,523,826,804,305,188
665,1023,0,328,1023,0,781,960,306,772,523,789,770,305,188
461,1023,0,318,1023,0,614,767,305,591,523,556,516,305,188
476,1023,0,202,1023,0,297,350,305,346,523,773,765,305,188
373,1023,0,130,820,0,615,777,305,589,523,764,753,305,188
565,1023,0,412,1023,0,822,1023,306,818,523,791,774,305,188
421,1023,0,182,1023,0,596,749,305,567,524,771,760,305,188
475,1023,0,286,1023,0,577,724,305,552,524,764,755,305,188
496,1023,0,245,1023,0,770,980,306,760,524,755,744,305,188
463,1023,0,488,1023,0,750,956,306,742,524,817,798,305,191
428,1023,0,243,1023,0,617,766,305,589,524,769,762,305,191
479,1023,0,501,1023,0,663,828,305,642,524,736,714,305,191
620,1023,0,701,1023,0,765,965,306,755,524,814,800,305,191
521,1023,0,276,1023,0,321,361,305,346,524,769,761,305,191
428,1023,0,207,1023,0,392,371,305,397,524,772,759,305,191
392,1023,0,177,1023,0,605,768,305,578,525,764,754,305,191
468,1023,0,255,1023,0,672,856,305,652,525,766,748,305,191
685,1023,0,426,1023,0,793,976,306,786,525,795,776,305,191
641,1023,0,382,1023,0,793,1023,306,785,525,801,783,305,191
522,1023,0,235,1023,0,732,923,306,719,525,771,757,305,191
686,1023,0,347,1023,0,583,718,305,557,525,771,760,305,191
572,1023,0,293,1023,0,733,919,306,719,526,779,764,305,191
513,1023,0,257,1023,0,703,895,305,685,526,773,750,305,191
592,1023,0,438,1023,0,509,578,305,495,526,784,768,305,191
753,1023,0,573,1023,0,817,1023,306,811,526,798,782,305,191
705,1023,0,462,1023,0,757,955,306,745,526,805,776,305,194
250,1023,0,94,742,0,556,710,305,529,526,355,364,305,194
530,1023,0,198,1023,0,382,370,305,370,526,541,506,305,194
658,1023,0,386,1023,0,769,975,306,757,526,796,784,305,194
803,1023,0,558,1023,0,808,1001,306,802,526,789,763,305,194
526,1023,0,370,1023,0,677,850,305,655,527,772,737,305,194
378,1023,0,130,835,0,611,772,305,582,527,705,720,305,194
585,1023,0,292,1023,0,732,919,306,719,527,767,756,305,194
436,1023,0,211,1023,0,743,952,306,729,527,773,769,305,194
511,1023,0,490,1023,0,655,814,305,633,527,791,773,305,194
381,1023,0,174,1023,0,790,1019,306,782,527,545,507,305,194
416,1023,0,311,1023,0,779,996,306,771,527,773,764,305,194
240,1023,0,90,729,0,415,462,305,385,527,465,445,305,194
365,1023,0,172,1023,0,572,721,305,545,528,771,752,305,194
284,1023,0,103,733,0,362,348,305,326,528,439,404,305,194
541,1023,0,290,1023,0,483,539,305,492,528,777,761,305,194
468,1023,0,442,1023,0,485,529,305,479,528,773,754,305,194
498,1023,0,226,1023,0,749,939,306,736,528,774,765,305,194
455,1023,0,293,1023,0,691,878,305,667,528,777,764,305,194
346,1023,0,111,711,0,371,401,305,391,528,441,394,305,194
658,1023,0,334,1023,0,422,393,305,432,528,797,782,305,194
338,1023,0,172,1023,0,600,766,305,575,528,747,738,305,194
462,1023,0,349,1023,0,684,866,305,662,528,840,825,305,194
533,1023,0,425,1023,0,700,871,305,688,528,787,772,305,194
456,1023,0,262,1023,0,771,984,306,762,528,783,768,305,198
492,1023,0,292,1023,0,619,774,305,593,529,608,577,305,198
616,1023,0,343,1023,0,683,842,305,662,529,792,774,305,198
663,1023,0,279,1023,0,712,887,305,695,529,768,756,305,198
362,1023,0,304,1023,0,798,1023,306,792,529,775,769,305,198
569,1023,0,352,1023,0,868,1023,307,868,529,774,755,305,198
325,1023,0,167,1023,0,770,992,306,761,529,766,766,305,198
323,1023,0,232,1023,0,707,914,305,693,529,417,399,305,198
239,1023,0,247,1023,0,650,834,305,631,529,500,468,305,198
300,1023,0,111,792,0,576,733,305,548,530,736,732,305,198
598,1023,0,309,1023,0,600,742,305,571,530,772,759,305,198
460,1023,0,174,1023,0,580,723,305,553,530,466,450,305,198
380,1023,0,128,835,0,644,821,305,627,530,488,451,305,198
636,1023,0,425,1023,0,535,646,305,526,530,796,771,305,198
643,1023,0,299,1023,0,649,809,305,626,530,764,736,305,198
607,1023,0,463,1023,0,433,473,305,448,530,774,762,305,198
253,1023,0,92,742,0,261,337,305,284,531,427,410,305,201
743,1023,0,363,1023,0,738,917,306,726,531,830,814,305,201
337,1023,0,322,1023,0,603,769,305,579,531,550,522,305,201
465,1023,0,295,1023,0,450,421,305,442,531,777,762,305,201
414,1023,0,201,1023,0,716,914,305,700,531,791,777,305,201
528,1023,0,416,1023,0,645,811,305,626,532,762,747,305,201
455,1023,0,287,1023,0,785,999,306,777,532,783,770,305,201
367,1023,0,182,1023,0,597,758,305,574,532,757,752,305,201
558,1023,0,535,1023,0,472,511,305,516,532,799,783,305,201
406,1023,0,150,1023,0,441,470,305,410,532,769,764,305,201
289,1023,0,156,1023,0,458,524,305,454,532,482,471,305,201
626,1023,0,451,1023,0,418,417,305,464,533,784,772,305,204
361,1023,0,118,845,0,616,787,305,589,533,744,733,305,204
681,1023,0,524,1023,0,792,992,306,784,533,790,770,305,204
364,1023,0,267,1023,0,832,1023,306,830,533,770,761,305,204
792,1023,0,556,1023,0,845,1023,307,843,533,792,770,305,204
467,1023,0,268,1023,0,711,903,305,696,533,792,782,305,204
632,1023,0,545,1023,0,732,916,306,720,533,783,758,305,204
536,1023,0,364,1023,0,671,846,305,649,533,812,800,305,204
226,1023,0,114,999,0,325,350,305,311,533,361,356,305,204
349,1023,0,119,774,0,612,755,305,586,533,495,464,305,204
407,1023,0,239,1023,0,627,798,305,603,534,763,750,305,204
364,1023,0,151,1023,0,752,972,306,740,534,769,762,305,204
388,1023,0,194,1023,0,756,973,306,746,534,775,764,305,204
582,1023,0,378,1023,0,769,967,306,759,534,816,771,305,204
463,1023,0,257,1023,0,465,524,305,455,534,770,744,305,204
292,1023,0,150,1023,0,202,330,305,314,534,419,391,305,204
740,1023,0,373,1023,0,502,556,305,495,534,782,762,305,204
515,1023,0,251,1023,0,646,790,305,624,534,773,754,305,204
461,1023,0,265,1023,0,565,697,305,538,534,804,787,305,204
419,1023,0,235,1023,0,723,894,305,707,534,772,748,305,204
391,1023,0,212,1023,0,573,722,305,551,534,779,768,305,204
285,1023,0,133,1023,0,314,345,305,353,535,418,408,305,207
250,1023,0,87,733,0,348,351,305,302,535,390,379,305,207
469,1023,0,187,1023,0,625,784,305,603,535,765,758,305,207
320,1023,0,177,1023,0,799,1023,306,794,535,772,762,305,207
621,1023,0,342,1023,0,683,857,305,679,535,839,795,305,207
784,1023,0,563,1023,0,785,970,306,777,535,818,793,305,207
438,1023,0,233,1023,0,874,1023,306,876,535,779,770,305,207
513,1023,0,427,1023,0,560,660,305,537,535,755,737,305,207
509,1023,0,336,1023,0,748,952,306,735,535,788,773,305,207
363,1023,0,193,1023,0,735,924,306,721,535,476,450,305,207
686,1023,0,326,1023,0,692,858,305,673,536,777,759,305,207
514,1023,0,245,1023,0,642,803,305,618,536,765,755,305,207
458,1023,0,246,1023,0,704,898,305,688,536,773,763,305,207
465,1023,0,266,1023,0,330,362,305,366,536,760,750,305,207
427,1023,0,182,1023,0,643,809,305,620,536,768,755,305,207
511,1023,0,337,1023,0,525,623,305,505,536,818,806,305,207
489,1023,0,192,1023,0,709,884,305,691,536,709,694,305,207
572,1023,0,271,1023,0,763,971,306,752,537,774,750,305,211
530,1023,0,302,1023,0,350,364,305,402,537,777,762,305,211
302,1023,0,243,1023,0,717,927,306,703,537,575,553,305,211
398,1023,0,165,1023,0,729,935,306,715,537,752,743,305,211
668,1023,0,410,1023,0,865,1023,307,864,537,795,771,305,211
722,1023,0,344,1023,0,607,733,305,585,537,790,762,305,211
470,1023,0,215,1023,0,599,751,305,568,537,766,755,305,211
382,1023,0,210,1023,0,753,969,306,741,537,759,749,305,211
543,1023,0,318,1023,0,449,457,305,469,538,781,745,305,211
590,1023,0,455,1023,0,512,579,305,502,538,781,771,305,211
329,1023,0,112,864,0,507,625,305,486,538,503,473,305,211
377,1023,0,187,1023,0,699,898,305,683,538,506,467,305,211
429,1023,0,304,1023,0,757,970,306,745,538,781,773,305,211
509,1023,0,382,1023,0,640,798,305,619,538,784,759,305,211
526,1023,0,333,1023,0,705,896,305,686,538,785,772,305,211
600,1023,0,290,1023,0,804,1020,306,797,538,792,781,305,211
379,1023,0,185,1023,0,560,700,305,526,538,762,755,305,211
380,1023,0,183,1023,0,219,351,305,328,539,755,747,305,214
718,1023,0,487,1023,0,394,406,305,433,539,782,765,305,214
457,1023,0,364,1023,0,809,1023,306,803,539,805,788,305,214
425,1023,0,300,1023,0,569,710,305,545,539,779,766,305,214
450,1023,0,265,1023,0,411,425,305,398,539,757,733,305,214
355,1023,0,141,887,0,468,532,305,446,539,742,726,305,214
375,1023,0,176,1023,0,662,837,305,643,539,764,758,305,214
428,1023,0,193,1023,0,393,389,305,419,539,772,763,305,214
458,1023,0,216,1023,0,522,624,305,498,539,773,767,305,214
246,1023,0,232,1023,0,413,439,305,372,539,469,458,305,214
507,1023,0,375,1023,0,770,966,306,761,539,780,759,305,214
714,1023,0,389,1023,0,625,748,305,601,539,827,783,305,214
622,1023,0,434,1023,0,693,867,305,673,540,781,765,305,214
378,1023,0,249,1023,0,572,701,305,548,540,436,399,305,214
693,1023,0,446,1023,0,352,390,305,393,540,782,767,305,214
646,1023,0,326,1023,0,811,1005,306,805,540,765,758,305,214
347,1023,0,162,1023,0,547,676,305,519,540,474,444,305,214
418,1023,0,251,1023,0,833,1023,306,829,540,775,763,305,214
715,1023,0,411,806,0,657,712,305,706,540,858,666,305,217
297,1023,0,183,1023,0,626,790,305,607,541,499,475,305,217
512,1023,0,448,1023,0,873,1023,306,875,541,817,808,305,217
293,1023,0,159,1023,0,511,630,305,487,541,748,740,305,217
461,1023,0,522,1023,0,553,681,305,545,541,802,777,305,217
382,1023,0,180,1023,0,513,617,305,483,541,762,752,305,217
497,1023,0,287,1023,0,614,772,305,589,541,776,764,305,217
242,1023,0,93,743,0,589,763,305,556,541,404,392,305,217
299,1023,0,171,1023,0,493,591,305,460,541,761,754,305,217
237,1023,0,202,1023,0,519,652,305,488,541,464,430,305,217
543,1023,0,395,1023,0,893,1023,307,897,541,779,757,305,217
496,1023,0,298,1023,0,397,375,305,424,541,813,794,305,217
569,1023,0,323,1023,0,661,823,305,640,541,780,763,305,217
345,1023,0,151,1023,0,583,741,305,556,541,772,761,305,217
305,1023,0,164,1023,0,593,757,305,564,541,754,747,305,217
507,1023,0,194,1023,0,522,604,305,491,542,772,762,305,217
275,1023,0,122,614,0,448,474,305,417,542,740,709,305,217
507,1023,0,210,1023,0,711,891,305,696,542,770,749,305,217
439,1023,0,138,866,0,639,811,305,616,542,488,446,305,217
748,1023,0,476,1023,0,807,1006,306,796,542,799,780,305,217
621,1023,0,610,1023,0,771,972,306,762,542,643,588,305,217
719,1023,0,406,1023,0,438,444,305,466,542,826,804,305,217
768,1023,0,406,1023,0,839,1023,307,836,542,829,810,305,221
619,1023,0,374,1023,0,756,951,306,745,542,631,580,305,221
520,1023,0,372,1023,0,791,989,306,784,543,766,747,305,221
672,1023,0,367,1023,0,709,876,305,691,543,754,729,305,221
471,1023,0,253,1023,0,643,806,305,618,543,769,756,305,221
629,1023,0,613,1023,0,618,742,305,598,543,788,744,305,221
354,1023,0,144,956,0,671,870,305,654,543,497,451,305,221
434,1023,0,238,1023,0,813,1023,306,807,543,762,753,305,221
330,1023,0,73,526,0,501,608,305,469,543,425,407,305,221
381,1023,0,187,1023,0,548,676,305,519,543,762,756,305,221
319,1023,0,129,855,0,689,887,305,673,543,753,748,305,221
447,1023,0,270,1023,0,817,1023,306,814,543,790,776,305,221
461,1023,0,146,865,0,726,915,305,712,543,764,754,305,221
799,1023,0,572,1023,0,772,958,306,763,543,813,773,305,221
436,1023,0,150,851,0,651,822,305,631,543,714,700,305,221
404,1023,0,195,1023,0,694,884,305,677,543,790,783,305,221
637,1023,0,338,1023,0,685,856,305,663,543,781,764,305,221
604,1023,0,392,1023,0,552,647,305,533,544,840,830,305,221
526,1023,0,431,1023,0,517,566,305,489,544,735,714,305,221
507,1023,0,346,1023,0,778,977,306,770,544,779,766,305,221
578,1023,0,325,1023,0,729,921,306,716,544,792,778,305,221
498,1023,0,274,1023,0,690,860,305,674,544,770,760,305,221
478,1023,0,412,1023,0,821,1015,306,817,544,791,770,305,221
657,1023,0,405,1023,0,831,1023,307,829,544,824,804,305,221
367,1023,0,126,953,0,564,710,305,533,544,770,755,305,221
492,1023,0,323,1023,0,754,957,306,743,544,773,751,305,221
709,1023,0,376,1023,0,724,907,305,707,544,797,783,305,221
690,1023,0,555,1023,0,658,812,305,637,544,799,774,305,221
499,1023,0,237,1023,0,327,370,305,341,545,774,760,305,224
686,1023,0,467,1023,0,401,395,305,421,545,800,782,305,224
709,1023,0,569,1023,0,895,1023,307,897,545,819,795,305,224
487,1023,0,320,1023,0,504,590,305,512,545,790,778,305,224
320,1023,0,136,955,0,451,502,305,430,545,494,454,305,224
692,1023,0,550,1023,0,437,446,305,499,545,795,778,305,224
386,1023,0,136,883,0,615,777,305,586,545,758,750,305,224
607,1023,0,409,1023,0,807,1014,306,801,545,824,801,305,224
567,1023,0,301,1023,0,368,385,305,386,545,779,773,305,224
470,1023,0,218,1023,0,702,883,305,689,546,782,763,305,224
335,1023,0,158,1019,0,624,798,305,596,546,745,734,305,224
552,1023,0,347,1023,0,693,871,305,673,546,792,781,305,224
540,1023,0,255,1023,0,330,378,305,371,546,769,745,305,224
645,1023,0,367,1023,0,413,422,305,440,546,780,769,305,224
509,1023,0,216,1023,0,760,957,306,748,546,796,784,305,224
319,1023,0,134,890,0,670,859,305,650,546,752,749,305,224
578,1023,0,356,1023,0,796,1009,306,788,546,846,826,305,224
473,1023,0,316,1023,0,584,730,305,559,546,757,746,305,224
392,1023,0,161,1023,0,543,657,305,518,547,761,720,305,224
554,1023,0,354,1023,0,672,848,305,650,547,775,765,305,224
491,1023,0,467,1023,0,753,965,306,744,547,785,770,305,227
442,1023,0,201,1023,0,612,765,305,581,547,777,767,305,227
329,1023,0,402,1023,0,394,386,305,450,547,555,526,305,227
754,1023,0,490,1023,0,724,894,305,705,547,792,769,305,227
301,1023,0,274,1023,0,646,834,305,622,547,752,747,305,227
720,1023,0,454,1023,0,596,707,305,575,547,788,764,305,227
589,1023,0,292,1023,0,704,905,305,689,547,743,733,305,227
588,1023,0,353,1023,0,671,821,305,651,547,772,754,305,227
494,1023,0,298,1023,0,676,862,305,658,548,778,766,305,227
642,1023,0,294,1023,0,652,806,305,629,548,778,771,305,227
385,1023,0,147,984,0,646,823,305,625,548,762,758,305,227
715,1023,0,386,1023,0,429,428,305,442,548,814,803,305,227
532,1023,0,400,1023,0,690,875,305,668,548,802,786,305,227
302,1023,0,161,1023,0,530,658,305,501,548,505,478,305,227
480,1023,0,211,1023,0,647,823,305,622,548,785,779,305,227
516,1023,0,182,1023,0,614,778,305,587,548,522,482,305,227
512,1023,0,379,1023,0,619,741,305,594,548,769,740,305,227
605,1023,0,338,1023,0,679,842,305,658,548,753,733,305,227
639,1023,0,451,1023,0,698,870,305,679,548,775,761,305,227
265,1023,0,90,728,0,414,422,305,359,548,410,394,305,227
496,1023,0,288,1023,0,764,970,306,754,548,797,784,305,227
477,1023,0,298,1023,0,718,918,305,699,549,781,763,305,230
586,1023,0,308,1023,0,792,995,306,785,549,784,768,305,230
366,1023,0,138,850,0,596,753,305,567,549,750,745,305,230
709,1023,0,376,1023,0,727,907,305,712,549,786,770,305,230
377,1023,0,199,1023,0,327,343,305,379,549,441,396,305,230
669,1023,0,478,1023,0,756,946,306,746,549,781,759,305,230
455,1023,0,201,1023,0,661,838,305,640,549,768,758,305,230
569,1023,0,320,1023,0,692,876,305,671,549,788,777,305,230
476,1023,0,228,1023,0,400,384,305,406,549,782,774,305,230
535,1023,0,281,1023,0,501,580,305,482,549,769,758,305,230
473,1023,0,472,1023,0,395,391,305,454,550,778,763,305,230
526,1023,0,385,1023,0,794,1014,306,788,550,777,764,305,230
655,1023,0,552,1023,0,758,921,306,747,550,787,766,305,230
608,1023,0,570,1023,0,730,904,305,712,550,789,762,305,230
484,1023,0,303,1023,0,781,996,306,773,550,820,806,305,230
348,1023,0,463,1023,0,698,898,305,680,550,797,783,305,230
725,1023,0,471,1023,0,462,413,305,454,550,795,778,305,230
367,1023,0,268,1023,0,757,970,306,748,550,767,755,305,230
438,1023,0,189,1023,0,589,743,305,559,550,770,766,305,230
695,1023,0,581,1023,0,743,928,306,733,550,838,824,305,230
265,1023,0,241,1023,0,696,887,305,681,550,439,425,305,230
708,1023,0,503,1023,0,684,843,305,664,550,781,767,305,230
580,1023,0,272,1023,0,750,949,306,738,550,772,765,305,234
553,1023,0,355,1023,0,673,834,305,651,550,778,758,305,234
417,1023,0,235,1023,0,600,750,305,579,550,756,751,305,234
428,1023,0,249,1023,0,675,847,305,659,550,755,723,305,234
812,1023,0,548,1023,0,779,997,306,772,551,848,784,305,234
616,1023,0,426,1023,0,541,636,305,529,551,790,762,305,234
242,1023,0,139,1023,0,609,793,305,581,551,408,411,305,234
240,1023,0,266,1023,0,298,331,305,291,551,507,484,305,234
582,1023,0,415,1023,0,363,392,305,409,551,785,765,305,234
755,1023,0,580,1023,0,430,423,305,464,551,785,756,305,234
383,1023,0,174,1023,0,798,1023,306,791,551,760,753,305,234
522,1023,0,324,1023,0,719,908,305,704,551,802,791,305,234
435,1023,0,439,1023,0,634,794,305,609,551,547,504,305,234
353,1023,0,214,1023,0,594,750,305,566,551,757,752,305,234
583,1023,0,408,1023,0,395,385,305,411,551,794,780,305,234
373,1023,0,400,1023,0,611,773,305,585,551,775,767,305,234
240,1023,0,307,1023,0,352,366,305,389,551,471,455,305,234
297,1023,0,110,786,0,663,853,305,646,552,494,472,305,234
460,1023,0,337,1023,0,628,769,305,605,552,740,724,305,234
638,1023,0,477,1023,0,733,918,306,721,552,832,815,305,234
804,1023,0,628,1023,0,701,868,305,683,552,795,775,305,234
457,1023,0,236,1023,0,571,710,305,545,552,774,770,305,234
650,1023,0,537,1023,0,841,1023,307,838,552,778,738,305,234
626,1023,0,386,1023,0,785,959,306,777,552,723,711,305,234
429,1023,0,510,1023,0,390,392,305,481,552,745,733,305,237
351,1023,0,130,764,0,676,859,305,658,552,446,391,305,237
388,1023,0,206,1023,0,554,686,305,525,552,441,411,305,237
488,1023,0,308,1023,0,750,957,306,739,552,810,802,305,237
609,1023,0,263,1023,0,677,853,305,658,552,781,772,305,237
685,1023,0,394,1023,0,739,918,306,721,552,804,785,305,237
489,1023,0,343,1023,0,596,741,305,569,552,778,768,305,237
292,1023,0,70,521,0,623,795,305,595,552,482,459,305,237
440,1023,0,219,1023,0,669,852,305,649,552,772,765,305,237
404,1023,0,146,863,0,658,835,305,638,552,765,752,305,237
432,1023,0,220,1023,0,352,369,305,365,552,770,758,305,237
541,1023,0,307,1023,0,631,781,305,606,553,791,780,305,237
633,1023,0,434,1023,0,592,706,305,571,553,790,772,305,237
504,1023,0,242,1023,0,547,667,305,519,553,778,762,305,237
737,1023,0,495,1023,0,628,757,305,611,553,776,755,305,237
456,1023,0,204,1023,0,550,677,305,521,553,756,744,305,237
736,1023,0,518,1023,0,781,959,306,773,553,784,761,305,237
608,1023,0,397,1023,0,708,893,305,689,553,775,764,305,237
500,1023,0,325,1023,0,748,950,306,735,553,768,756,305,237
327,1023,0,150,1023,0,786,1016,306,778,553,751,744,305,237
564,1023,0,424,1023,0,819,1023,306,814,553,797,778,305,237
545,1023,0,310,1023,0,567,677,305,542,553,821,787,305,237
357,1023,0,215,1023,0,455,505,305,441,553,768,756,305,237
544,1023,0,272,1023,0,796,998,306,789,553,779,766,305,237
392,1023,0,217,1023,0,407,416,305,399,553,759,751,305,237
458,1023,0,428,1023,0,821,1023,306,816,553,737,708,305,237
319,1023,0,145,1023,0,665,857,305,644,553,512,491,305,237
550,1023,0,297,1023,0,546,646,305,523,553,788,769,305,237
398,1023,0,203,1023,0,758,973,306,747,553,756,745,305,237
335,1023,0,167,1023,0,649,836,305,629,554,765,758,305,240
461,1023,0,274,1023,0,396,380,305,410,554,759,734,305,240
316,1023,0,64,442,0,740,959,306,727,554,427,401,305,240
625,1023,0,414,1023,0,446,463,305,427,554,786,756,305,240
448,1023,0,316,1023,0,622,772,305,608,554,819,798,305,240
599,1023,0,261,1023,0,647,799,305,622,554,827,817,305,240
233,1023,0,131,1023,0,657,854,305,633,554,741,737,305,240
389,1023,0,251,1023,0,695,894,305,677,554,770,760,305,240
385,1023,0,224,1023,0,294,354,305,380,554,743,729,305,240
435,1023,0,259,1023,0,716,912,305,703,554,770,761,305,240
246,1023,0,153,1023,0,356,351,305,385,554,510,499,305,240
640,1023,0,632,1023,0,656,803,305,649,555,796,776,305,240
399,1023,0,236,1023,0,764,976,306,753,555,767,762,305,240
654,1023,0,320,1023,0,629,782,305,607,555,714,685,305,240
719,1023,0,498,1023,0,579,688,305,554,555,795,772,305,240
712,1023,0,471,1023,0,727,905,305,709,555,802,781,305,240
739,1023,0,511,1023,0,659,809,305,637,555,782,742,305,240
550,1023,0,316,1023,0,770,963,306,761,555,750,734,305,240
672,1023,0,468,1023,0,805,1023,306,799,555,842,813,305,240
375,1023,0,162,1023,0,757,972,306,746,556,763,754,305,240
294,1023,0,185,1023,0,695,898,305,680,556,760,755,305,240
349,1023,0,189,1023,0,250,341,305,320,556,476,451,305,240
480,1023,0,366,1023,0,713,873,305,698,556,731,718,305,244
360,1023,0,198,1023,0,633,813,305,606,556,777,770,305,244
628,1023,0,642,1023,0,826,1023,306,822,556,788,771,305,244
424,1023,0,300,1023,0,759,966,306,748,556,786,775,305,244
559,1023,0,284,1023,0,773,964,306,763,556,761,739,305,244
774,1023,0,657,1023,0,650,777,305,639,556,789,762,305,244
238,1023,0,119,884,0,685,891,305,673,556,539,516,305,244
743,1023,0,463,1023,0,859,1023,306,858,556,834,773,305,244
609,1023,0,352,1023,0,538,633,305,515,556,773,758,305,244
350,1023,0,158,1023,0,384,401,305,386,556,490,473,305,244
476,1023,0,192,1023,0,499,582,305,480,556,759,754,305,244
350,1023,0,148,1023,0,611,779,305,583,556,753,746,305,244
481,1023,0,228,1023,0,739,918,306,726,556,749,728,305,244
492,1023,0,462,1023,0,689,870,305,667,557,791,775,305,244
375,1023,0,246,1023,0,598,740,305,570,557,734,724,305,244
544,1023,0,454,1023,0,493,548,305,515,557,792,770,305,244
404,1023,0,355,1023,0,776,1000,306,769,557,777,767,305,244
426,1023,0,302,1023,0,415,411,305,412,557,776,767,305,244
722,1023,0,490,1023,0,804,991,306,797,557,796,776,305,244
544,1023,0,547,1023,0,730,923,306,712,557,784,764,305,244
519,1023,0,310,1023,0,811,1023,306,804,557,775,754,305,244
529,1023,0,237,1023,0,605,758,305,583,557,778,760,305,244
500,1023,0,337,1023,0,852,1023,306,851,557,785,771,305,244
436,1023,0,246,1023,0,616,777,305,590,557,782,771,305,244
553,1023,0,300,1023,0,728,903,305,715,557,505,449,305,244
764,1023,0,574,1023,0,797,995,306,789,557,799,774,305,244
475,1023,0,179,1023,0,645,813,305,618,557,775,762,305,247
678,1023,0,425,1023,0,913,1023,307,919,557,784,748,305,247
376,1023,0,243,1023,0,654,837,305,630,558,766,760,305,247
580,1023,0,417,1023,0,441,463,305,455,558,780,770,305,247
488,1023,0,358,1023,0,463,500,305,455,558,763,744,305,247
537,1023,0,262,1023,0,855,1023,306,854,558,772,764,305,247
400,1023,0,223,1023,0,667,856,305,644,558,776,764,305,247
532,1023,0,280,1023,0,722,908,305,710,558,774,762,305,247
505,1023,0,294,1023,0,664,835,305,641,558,770,760,305,247
598,1023,0,279,1023,0,600,757,305,574,558,781,769,305,247
455,1023,0,186,1023,0,647,812,305,624,558,771,762,305,247
262,1023,0,75,593,0,726,944,306,712,558,441,435,305,247
256,1023,0,115,846,0,395,402,305,375,558,419,396,305,247
710,1023,0,321,1023,0,764,948,306,754,558,786,766,305,247
433,1023,0,234,1023,0,404,410,305,412,558,769,757,305,247
318,1023,0,193,1023,0,788,1020,306,781,558,762,758,305,247
614,1023,0,366,1023,0,705,883,305,689,558,783,766,305,247
477,1023,0,357,1023,0,683,866,305,667,558,814,796,305,247
472,1023,0,176,1023,0,609,765,305,580,559,770,762,305,247
628,1023,0,509,1023,0,826,1023,306,822,559,783,761,305,247
592,1023,0,333,1023,0,691,855,305,672,559,771,755,305,247
567,1023,0,282,1023,0,790,1001,306,782,559,794,781,305,247
469,1023,0,308,1023,0,571,697,305,550,559,777,760,305,247
502,1023,0,388,1023,0,581,717,305,558,559,806,788,305,247
792,1023,0,462,1023,0,414,435,305,443,559,788,767,305,247
720,1023,0,324,1023,0,485,545,305,480,559,785,770,305,247
512,1023,0,299,1023,0,709,884,305,693,559,767,759,305,247
345,1023,0,116,936,0,625,800,305,597,559,556,474,305,247
363,1023,0,234,1023,0,697,875,305,682,559,757,708,305,247
350,1023,0,153,1013,0,293,342,305,307,559,771,762,305,247
760,1023,0,502,1023,0,818,1014,307,812,559,839,774,305,250
590,1023,0,431,1023,0,569,694,305,546,559,790,770,305,250
541,1023,0,549,1023,0,811,1023,306,807,559,838,814,305,250
373,1023,0,152,1023,0,632,807,305,608,560,767,762,305,250
697,1023,0,476,1023,0,735,918,306,718,560,803,779,305,250
402,1023,0,202,1023,0,630,783,305,603,560,778,758,305,250
631,1023,0,387,1023,0,884,1023,306,887,560,830,811,305,250
587,1023,0,332,1023,0,640,797,305,613,560,760,745,305,250
600,1023,0,326,1023,0,700,883,305,682,560,783,763,305,250
225,1023,0,107,914,0,245,331,305,267,560,490,401,305,250
475,1023,0,319,1023,0,804,1014,306,798,560,765,757,305,250
370,1023,0,234,1023,0,682,878,305,666,560,638,539,305,250
469,1023,0,239,1023,0,753,957,306,740,560,764,743,305,250
568,1023,0,282,1023,0,840,1023,306,838,560,790,774,305,250
401,1023,0,191,1023,0,297,369,305,342,561,771,765,305,250
648,1023,0,558,1023,0,721,888,305,705,561,792,774,305,250
346,1023,0,216,1023,0,568,692,305,541,561,736,717,305,250
431,1023,0,199,1023,0,637,804,305,613,561,772,766,305,254
394,1023,0,339,1023,0,724,926,306,715,561,584,547,305,254
263,1023,0,124,1023,0,226,340,305,360,561,432,396,305,254
388,1023,0,224,1023,0,699,894,305,684,561,781,767,305,254
521,1023,0,321,1023,0,676,858,305,655,561,781,770,305,254
515,1023,0,207,1023,0,322,360,305,337,561,768,760,305,254
388,1023,0,241,1023,0,678,869,305,655,561,790,782,305,254
715,1023,0,442,1023,0,379,401,305,416,561,792,764,305,254
284,1023,0,77,574,0,544,685,305,510,561,387,387,305,254
765,1023,0,438,1023,0,717,905,305,700,562,839,769,305,254
631,1023,0,346,1023,0,705,865,305,691,562,773,751,305,254
743,1023,0,619,1023,0,728,911,305,712,562,857,839,305,254
482,1023,0,252,1023,0,570,684,305,542,562,751,727,305,254
707,1023,0,417,1023,0,762,936,306,749,562,772,749,305,254
711,1023,0,364,1023,0,704,873,305,686,562,779,764,305,254
389,1023,0,259,1023,0,802,1023,306,796,562,777,772,305,254
361,1023,0,139,991,0,652,838,305,632,562,753,748,305,254
347,1023,0,111,825,0,345,365,305,360,562,412,422,305,254
563,1023,0,332,1023,0,835,1023,306,832,562,805,787,305,254
814,1023,0,621,1023,0,779,978,306,771,562,888,868,305,254
589,1023,0,350,1023,0,382,402,305,405,562,816,769,305,254
743,1023,0,390,1023,0,744,928,306,733,562,795,785,305,254
760,1023,0,416,1023,0,676,828,305,660,562,792,770,305,254
248,1023,0,93,744,0,654,848,305,637,562,457,434,305,254
453,1023,0,281,1023,0,594,744,305,566,562,771,757,305,257
760,1023,0,637,1023,0,767,917,306,757,563,777,746,305,257
453,1023,0,239,1023,0,609,745,305,582,563,744,735,305,257
293,1023,0,123,903,0,629,816,305,603,563,748,746,305,257
372,1023,0,180,1023,0,677,856,305,659,563,746,738,305,257
376,1023,0,462,1023,0,666,823,305,652,563,782,764,305,257
437,1023,0,220,1023,0,616,774,305,590,563,768,757,305,257
426,1023,0,584,1023,0,778,967,306,776,563,792,721,305,257
482,1023,0,227,1023,0,709,895,305,694,563,770,764,305,257
364,1023,0,224,1023,0,697,898,305,682,563,547,521,305,257
236,1023,0,130,1023,0,638,828,305,615,563,454,447,305,257
331,1023,0,95,688,0,635,815,305,614,563,726,722,305,257
624,1023,0,441,1023,0,669,827,305,646,563,799,782,305,257
469,1023,0,236,1023,0,493,571,305,476,563,770,763,305,257
568,1023,0,517,1023,0,682,861,305,660,563,801,785,305,257
394,1023,0,276,1023,0,778,999,306,771,563,768,756,305,257
241,1023,0,97,756,0,384,385,305,380,563,389,377,305,257
509,1023,0,280,1023,0,663,827,305,644,563,770,753,305,257
508,1023,0,284,1023,0,753,963,306,742,564,794,782,305,257
491,1023,0,293,1023,0,659,833,305,637,564,776,764,305,257
414,1023,0,240,1023,0,646,824,305,620,564,770,764,305,257
523,1023,0,262,1023,0,535,651,305,510,564,769,763,305,257
451,1023,0,382,1023,0,780,1000,306,770,564,802,790,305,257
411,1023,0,166,938,0,653,825,305,627,564,772,763,305,257
362,1023,0,162,1023,0,281,359,305,334,564,753,737,305,260
270,1023,0,106,831,0,568,716,305,544,564,395,387,305,260
360,1023,0,140,943,0,705,907,305,691,564,757,748,305,260
231,1023,0,121,1023,0,672,880,305,655,564,447,430,305,260
542,1023,0,549,1023,0,405,405,305,436,564,617,570,305,260
537,1023,0,322,1023,0,715,902,305,699,564,779,771,305,260
496,1023,0,232,1023,0,683,860,305,661,564,772,761,305,260
818,1023,0,587,1023,0,429,447,305,481,564,823,812,305,260
495,1023,0,311,1023,0,762,968,306,753,565,782,770,305,260
332,1023,0,133,1023,0,606,774,305,579,565,452,433,305,260
638,1023,0,341,1023,0,672,833,305,649,565,772,760,305,260
353,1023,0,223,1023,0,574,678,305,546,565,744,731,305,260
295,1023,0,148,1023,0,652,832,305,631,565,448,439,305,260
394,1023,0,202,1023,0,485,575,305,457,565,765,756,305,260
766,1023,0,577,1023,0,809,1003,306,804,565,797,775,305,260
782,1023,0,484,1023,0,523,558,305,503,565,827,765,305,260
316,1023,0,168,1023,0,765,992,306,755,565,768,758,305,260
406,1023,0,211,1023,0,643,819,305,619,565,758,752,305,260
427,1023,0,295,1023,0,511,599,305,489,565,776,746,305,260
544,1023,0,272,1023,0,822,1023,306,816,565,774,768,305,260
369,1023,0,215,1023,0,613,779,305,586,565,765,759,305,260
407,1023,0,226,1023,0,788,1013,306,781,565,784,774,305,260
758,1023,0,445,1023,0,758,947,306,742,565,797,780,305,260
383,1023,0,275,1023,0,768,986,306,760,566,794,785,305,260
696,1023,0,566,1023,0,855,1023,307,854,566,833,812,305,263
465,1023,0,174,1023,0,552,685,305,527,566,765,748,305,263
264,1023,0,83,670,0,619,801,305,596,566,391,398,305,263
359,1023,0,253,1023,0,770,969,306,760,566,535,486,305,263
743,1023,0,463,1023,0,497,532,305,496,566,780,763,305,263
542,1023,0,450,1023,0,669,860,305,648,566,821,809,305,263
289,1023,0,111,823,0,655,852,305,637,566,749,745,305,263
519,1023,0,269,1023,0,806,1023,306,801,566,808,796,305,263
706,1023,0,509,1023,0,414,433,305,456,566,806,781,305,263
571,1023,0,270,1023,0,635,802,305,610,566,763,742,305,263
597,1023,0,364,1023,0,552,674,305,525,566,749,727,305,263
354,1023,0,165,1023,0,619,796,305,590,566,765,756,305,263
287,1023,0,140,1023,0,497,610,305,472,566,765,755,305,263
409,1023,0,379,1023,0,806,1014,306,799,567,760,747,305,263
355,1023,0,183,1023,0,790,1020,306,783,567,775,771,305,263
666,1023,0,561,1023,0,748,933,306,736,567,780,759,305,263
275,1023,0,172,1023,0,677,872,305,661,567,511,481,305,263
639,1023,0,692,1023,0,723,902,305,705,567,810,790,305,263
284,1023,0,86,649,0,654,845,305,633,567,723,720,305,263
315,1023,0,163,1023,0,644,825,305,622,567,761,755,305,263
415,1023,0,267,1023,0,412,422,305,424,567,767,753,305,263
325,1023,0,170,1023,0,779,1007,306,773,567,762,759,305,263
480,1023,0,489,1023,0,636,803,305,615,567,829,815,305,263
526,1023,0,267,1023,0,807,1023,306,802,567,781,770,305,263
421,1023,0,203,1023,0,537,651,305,510,567,750,729,305,263
422,1023,0,220,1023,0,462,508,305,461,568,773,762,305,267
480,1023,0,259,1023,0,795,1010,306,789,568,786,773,305,267
313,1023,0,155,1023,0,441,490,305,422,568,766,763,305,267
676,1023,0,347,1023,0,850,1023,307,849,568,779,761,305,267
470,1023,0,186,1023,0,722,914,305,707,568,775,767,305,267
407,1023,0,248,1023,0,805,1023,306,799,568,754,741,305,267
651,1023,0,359,1023,0,434,465,305,431,568,779,755,305,267
516,1023,0,564,1023,0,393,394,305,434,568,780,770,305,267
424,1023,0,243,1023,0,637,809,305,612,568,763,757,305,267
701,1023,0,323,1023,0,617,736,305,596,568,786,768,305,267
468,1023,0,367,1023,0,458,517,305,445,568,769,758,305,267
441,1023,0,168,1023,0,576,717,305,545,568,758,752,305,267
613,1023,0,453,1023,0,684,872,305,662,568,848,839,305,267
281,1023,0,245,1023,0,472,491,305,484,568,796,789,305,267
519,1023,0,254,1023,0,576,703,305,553,568,755,745,305,267
670,1023,0,526,1023,0,769,933,306,758,569,785,747,305,267
401,1023,0,225,1023,0,664,851,305,645,569,783,776,305,267
502,1023,0,301,1023,0,723,917,305,710,569,810,803,305,267
489,1023,0,369,1023,0,483,540,305,499,569,792,779,305,267
403,1023,0,370,1023,0,808,1023,306,804,569,793,779,305,267
449,1023,0,231,1023,0,536,645,305,511,569,772,762,305,267
375,1023,0,181,1023,0,604,769,305,577,569,755,747,305,267
321,1023,0,283,1023,0,715,922,306,700,569,766,756,305,267
600,1023,0,467,1023,0,897,1023,307,901,569,792,775,305,270
514,1023,0,245,1023,0,545,661,305,519,569,810,805,305,270
506,1023,0,388,1023,0,622,781,305,596,570,800,778,305,270
591,1023,0,343,1023,0,795,978,307,789,570,761,747,305,270
422,1023,0,196,1023,0,656,830,305,635,570,766,758,305,270
748,1023,0,427,1023,0,407,396,305,432,570,773,752,305,270
543,1023,0,297,1023,0,658,823,305,639,570,804,794,305,270
310,1023,0,183,1023,0,321,342,305,367,570,450,434,305,270
583,1023,0,406,1023,0,797,1016,306,790,570,777,759,305,270
727,1023,0,618,1023,0,767,945,306,761,571,806,779,305,270
333,1023,0,226,1023,0,729,939,306,715,571,758,750,305,270
691,1023,0,485,1023,0,855,1023,306,854,571,781,758,305,270
454,1023,0,195,1023,0,261,348,305,335,571,788,780,305,270
433,1023,0,194,1023,0,710,892,305,695,571,771,753,305,270
494,1023,0,237,1023,0,738,933,306,726,571,777,766,305,270
535,1023,0,269,1023,0,687,864,305,664,571,780,762,305,270
354,1023,0,317,1023,0,363,366,305,369,571,465,439,305,273
761,1023,0,554,1023,0,709,872,305,690,571,781,762,305,273
470,1023,0,377,1023,0,703,896,305,689,571,810,797,305,273
718,1023,0,542,1023,0,882,1023,307,884,571,803,786,305,273
470,1023,0,527,1023,0,790,1002,306,782,571,780,765,305,273
584,1023,0,447,1023,0,813,1023,306,809,571,818,810,305,273
744,1023,0,514,1023,0,902,1023,307,907,571,793,770,305,273
319,1023,0,157,1023,0,625,798,305,598,571,748,735,305,273
698,1023,0,548,1023,0,842,1023,307,839,571,796,773,305,273
308,1023,0,176,1023,0,666,860,305,649,571,759,754,305,273
316,1023,0,156,1023,0,654,842,305,637,571,620,529,305,273
372,1023,0,155,1023,0,662,855,305,645,572,561,538,305,273
570,1023,0,270,1023,0,726,911,305,711,572,776,766,305,273
561,1023,0,358,1023,0,780,969,306,773,572,822,803,305,273
585,1023,0,354,1023,0,555,662,305,532,572,775,744,305,273
785,1023,0,475,1023,0,725,895,305,710,572,767,751,305,273
371,1023,0,277,1023,0,556,694,305,527,572,769,760,305,273
232,1023,0,133,1023,0,548,694,305,522,572,415,393,305,273
451,1023,0,371,1023,0,483,549,305,479,572,779,771,305,273
372,1023,0,124,963,0,518,636,305,483,572,389,357,305,273
563,1023,0,280,1023,0,494,574,305,484,572,786,780,305,273
566,1023,0,400,1023,0,802,1021,306,796,573,780,767,305,277
366,1023,0,257,1023,0,565,707,305,535,573,779,775,305,277
617,1023,0,572,1023,0,757,950,306,745,573,802,783,305,277
476,1023,0,249,1023,0,827,1023,306,823,573,569,516,305,277
313,1023,0,131,981,0,660,853,305,641,573,754,753,305,277
361,1023,0,249,1023,0,643,816,305,618,573,766,759,305,277
765,1023,0,683,1023,0,416,397,305,444,573,828,810,305,277
377,1023,0,221,1023,0,680,877,305,658,574,777,770,305,277
427,1023,0,217,1023,0,619,778,305,592,574,790,783,305,277
613,1023,0,343,1023,0,711,898,305,695,574,775,764,305,277
671,1023,0,526,1023,0,620,759,305,596,574,793,771,305,277
672,1023,0,320,1023,0,747,945,306,734,574,783,772,305,277
320,1023,0,141,1023,0,322,337,305,326,574,748,745,305,280
686,1023,0,451,1023,0,418,418,305,436,574,805,781,305,280
275,1023,0,215,1023,0,749,972,306,739,574,753,749,305,280
449,1023,0,267,1023,0,593,730,305,566,574,729,709,305,280
542,1023,0,418,1023,0,629,783,305,606,574,774,749,305,280
409,1023,0,377,1023,0,702,842,305,702,574,765,753,305,280
391,1023,0,406,1023,0,348,361,305,371,574,807,789,305,280
669,1023,0,325,1023,0,768,963,306,757,574,773,754,305,280
506,1023,0,351,1023,0,670,843,305,648,575,582,532,305,280
415,1023,0,154,945,0,645,817,305,624,575,758,752,305,280
396,1023,0,509,1023,0,659,839,305,640,575,513,468,305,280
455,1023,0,265,1023,0,666,814,305,646,575,771,759,305,280
402,1023,0,181,1023,0,675,856,305,657,575,756,752,305,280
564,1023,0,475,1023,0,490,544,305,473,575,818,803,305,280
381,1023,0,166,1023,0,711,912,305,696,575,757,750,305,280
395,1023,0,278,1023,0,609,764,305,587,575,781,767,305,283
231,1023,0,118,1007,0,479,575,305,447,575,418,393,305,283
483,1023,0,310,1023,0,672,854,305,649,575,790,783,305,283
693,1023,0,505,1023,0,805,1005,306,798,575,804,774,305,283
377,1023,0,164,1023,0,636,816,305,608,576,785,771,305,283
750,1023,0,455,1023,0,799,968,306,794,576,779,762,305,283
534,1023,0,322,1023,0,655,822,305,630,576,778,761,305,283
361,1023,0,152,1023,0,728,939,306,715,576,771,765,305,283
463,1023,0,227,1023,0,350,381,305,372,576,792,776,305,283
478,1023,0,340,1023,0,718,908,305,701,576,785,767,305,283
353,1023,0,183,1023,0,556,703,305,527,576,771,758,305,283
448,1023,0,243,1023,0,333,364,305,347,576,768,754,305,283
398,1023,0,176,1023,0,606,764,305,580,576,778,771,305,283
667,1023,0,478,1023,0,710,891,305,695,576,791,766,305,283
357,1023,0,210,1023,0,287,352,305,344,577,760,749,305,283
401,1023,0,308,1023,0,761,980,306,753,577,784,775,305,283
328,1023,0,237,1023,0,647,790,305,627,577,443,408,305,286
341,1023,0,176,1023,0,768,989,306,759,577,755,745,305,286
292,1023,0,103,767,0,645,836,305,625,577,532,518,305,286
426,1023,0,196,1023,0,722,912,305,709,577,770,757,305,286
282,1023,0,112,853,0,400,421,305,392,577,751,748,305,286
253,1023,0,89,685,0,657,853,305,639,577,507,486,305,286
400,1023,0,144,883,0,634,801,305,607,577,760,747,305,286
398,1023,0,239,1023,0,581,729,305,555,577,777,765,305,286
455,1023,0,285,1023,0,633,803,305,610,578,781,765,305,286
532,1023,0,281,1023,0,849,1023,306,849,578,790,776,305,286
497,1023,0,451,1023,0,713,899,305,693,578,772,745,305,286
781,1023,0,467,1023,0,831,1023,307,827,578,774,756,305,286
345,1023,0,193,1023,0,581,735,305,550,578,747,740,305,286
673,1023,0,491,1023,0,395,402,305,426,578,784,758,305,286
530,1023,0,300,1023,0,631,766,305,611,578,763,747,305,286
455,1023,0,339,1023,0,500,574,305,490,578,797,788,305,286
426,1023,0,268,1023,0,519,620,305,507,578,735,719,305,286
769,1023,0,495,1023,0,897,1023,307,900,578,801,780,305,286
652,1023,0,410,1023,0,624,770,305,600,578,786,762,305,290
275,1023,0,94,769,0,393,380,305,402,578,472,461,305,290
472,1023,0,313,1023,0,689,880,305,671,578,774,763,305,290
342,1023,0,321,1023,0,442,462,305,415,578,488,444,305,290
401,1023,0,191,1023,0,446,478,305,421,578,701,690,305,290
500,1023,0,354,1023,0,709,905,305,688,578,784,771,305,290
443,1023,0,172,1023,0,669,841,305,651,579,759,742,305,290
446,1023,0,261,1023,0,544,673,305,523,579,782,771,305,290
370,1023,0,254,1023,0,758,975,306,748,579,776,770,305,290
483,1023,0,294,1023,0,747,948,306,733,579,773,763,305,290
611,1023,0,395,1023,0,822,1023,306,817,579,783,767,305,290
576,1023,0,360,1023,0,772,977,306,763,579,780,770,305,290
420,1023,0,291,1023,0,756,968,306,747,579,774,762,305,293
234,1023,0,95,816,0,710,928,306,695,579,454,434,305,293
543,1023,0,162,1023,0,544,655,305,516,579,531,501,305,293
771,1023,0,586,1023,0,449,441,305,511,580,805,773,305,293
391,1023,0,224,1023,0,410,385,305,400,580,765,752,305,293
292,1023,0,197,1023,0,392,366,305,382,580,432,417,305,293
312,1023,0,84,610,0,758,979,306,748,580,483,455,305,293
403,1023,0,208,1023,0,834,1023,306,832,580,777,767,305,293
525,1023,0,298,1023,0,728,932,306,714,580,776,756,305,293
594,1023,0,307,1023,0,750,934,306,738,580,775,761,305,293
263,1023,0,107,870,0,566,728,305,536,580,425,421,305,293
678,1023,0,455,1023,0,796,1015,306,790,580,841,791,305,293
339,1023,0,215,1023,0,347,357,305,357,581,739,728,305,293
687,1023,0,592,1023,0,701,902,305,686,581,851,789,305,293
497,1023,0,238,1023,0,479,508,305,483,581,798,781,305,296
403,1023,0,145,963,0,640,820,305,615,581,749,748,305,296
579,1023,0,507,1023,0,774,954,306,764,581,637,564,305,296
415,1023,0,217,1023,0,629,786,305,604,581,783,776,305,296
789,1023,0,523,1023,0,834,1023,306,831,581,844,830,305,296
499,1023,0,270,1023,0,807,1023,306,802,581,783,774,305,296
528,1023,0,374,1023,0,747,958,306,733,581,797,780,305,296
405,1023,0,195,1023,0,739,944,306,726,581,763,754,305,296
317,1023,0,123,976,0,669,849,305,653,581,605,574,305,296
483,1023,0,344,1023,0,672,852,305,651,581,768,759,305,296
306,1023,0,113,879,0,616,796,305,589,582,750,746,305,296
365,1023,0,199,1023,0,582,738,305,554,582,538,526,305,296
286,1023,0,89,732,0,325,346,305,317,582,455,442,305,296
510,1023,0,414,1023,0,591,730,305,564,582,790,774,305,296
415,1023,0,236,1023,0,709,899,305,694,582,767,758,305,296
665,1023,0,454,1023,0,819,1023,306,813,582,847,835,305,296
298,1023,0,187,1023,0,660,849,305,644,582,629,605,305,296
292,1023,0,238,1023,0,348,354,305,338,582,612,513,305,300
419,1023,0,333,1023,0,825,1018,307,821,582,773,759,305,300
621,1023,0,455,1023,0,609,750,305,584,582,769,753,305,300
424,1023,0,333,1023,0,423,431,305,404,582,759,747,305,300
704,1023,0,339,1023,0,746,914,305,733,582,809,793,305,300
245,1023,0,118,939,0,489,587,305,455,582,407,392,305,300
444,1023,0,408,1023,0,847,1023,306,845,582,780,764,305,300
572,1023,0,365,1023,0,714,902,305,700,583,778,760,305,300
393,1023,0,214,1023,0,656,835,305,634,583,780,757,305,300
452,1023,0,220,1023,0,409,414,305,416,583,771,762,305,300
363,1023,0,193,1023,0,767,983,306,758,583,772,765,305,300
774,1023,0,432,1023,0,867,1023,307,866,583,846,827,305,300
532,1023,0,438,1023,0,644,789,305,624,583,766,751,305,300
726,1023,0,544,1023,0,748,936,306,736,583,779,752,305,300
521,1023,0,358,1023,0,725,931,306,710,583,770,761,305,300
379,1023,0,171,980,0,552,672,305,542,583,505,458,305,300
362,1023,0,149,987,0,678,871,305,657,583,756,751,305,300
236,1023,0,99,776,0,374,372,305,346,583,378,375,305,300
475,1023,0,446,1023,0,793,981,306,787,583,769,740,305,300
401,1023,0,162,1023,0,670,854,305,645,583,749,741,305,300
596,1023,0,276,1023,0,846,1023,306,844,583,791,778,305,300
307,1023,0,221,1023,0,727,941,306,713,583,757,746,305,303
512,1023,0,310,1023,0,785,992,306,779,583,803,792,305,303
465,1023,0,400,1023,0,658,839,305,636,583,780,767,305,303
384,1023,0,207,1023,0,313,347,305,345,584,500,470,305,303
485,1023,0,483,1023,0,354,365,305,374,584,783,768,305,303
426,1023,0,237,1023,0,673,852,305,653,584,773,765,305,303
566,1023,0,373,1023,0,823,1023,306,817,584,784,768,305,303
383,1023,0,166,1023,0,687,884,305,665,584,760,750,305,303
463,1023,0,449,1023,0,796,1021,306,795,584,709,666,305,303
429,1023,0,193,1023,0,473,528,305,441,584,536,498,305,303
525,1023,0,251,1023,0,296,350,305,278,584,785,774,305,303
694,1023,0,640,1023,0,671,831,305,653,584,778,757,305,303
474,1023,0,353,1023,0,844,1023,306,843,584,784,770,305,303
568,1023,0,326,1023,0,682,845,305,659,584,776,759,305,303
360,1023,0,498,1023,0,806,1023,306,801,584,794,782,305,303
376,1023,0,138,869,0,668,849,305,645,584,753,746,305,303
374,1023,0,233,1023,0,711,909,305,695,585,790,784,305,303
383,1023,0,190,1023,0,616,785,305,591,585,762,752,305,306
370,1023,0,271,1023,0,716,909,305,701,585,752,735,305,306
776,1023,0,552,1023,0,684,849,305,664,585,796,778,305,306
361,1023,0,203,1023,0,399,403,305,400,585,744,735,305,306
266,1023,0,203,1023,0,777,1012,306,769,585,505,492,305,306
416,1023,0,290,1023,0,604,759,305,579,585,810,795,305,306
284,1023,0,79,576,0,667,863,305,648,585,462,439,305,306
313,1023,0,106,766,0,714,926,306,698,586,742,734,305,306
631,1023,0,356,1023,0,730,902,305,714,586,800,777,305,306
442,1023,0,323,1023,0,838,1023,306,835,586,805,791,305,306
547,1023,0,400,1023,0,416,423,305,424,586,827,805,305,310
736,1023,0,510,1023,0,623,752,305,602,586,787,772,305,310
609,1023,0,403,1023,0,582,709,305,560,586,788,768,305,310
267,1023,0,163,1023,0,692,897,305,676,586,428,423,305,310
286,1023,0,131,1007,0,386,366,305,433,586,458,437,305,310
477,1023,0,340,1023,0,570,708,305,546,586,783,761,305,310
483,1023,0,530,1023,0,697,855,305,692,586,836,800,305,310
379,1023,0,317,1023,0,678,853,305,665,586,738,724,305,310
531,1023,0,347,1023,0,647,795,305,624,586,769,757,305,310
493,1023,0,366,1023,0,767,945,306,756,586,774,753,305,310
409,1023,0,295,1023,0,536,634,305,509,586,506,453,305,310
441,1023,0,383,1023,0,752,959,306,742,586,795,784,305,310
610,1023,0,318,1023,0,352,374,305,391,586,785,770,305,310
449,1023,0,373,1023,0,579,717,305,555,586,769,761,305,310
366,1023,0,160,1023,0,244,340,305,314,586,772,765,305,310
429,1023,0,343,1023,0,699,889,305,682,586,800,796,305,310
655,1023,0,389,1023,0,670,836,305,648,586,790,777,305,310
395,1023,0,233,1023,0,678,874,305,655,586,778,763,305,310
450,1023,0,319,1023,0,704,870,305,688,586,756,733,305,310
575,1023,0,404,1023,0,581,707,305,557,586,783,761,305,310
210,1023,0,136,1012,0,508,626,305,470,586,719,713,305,310
422,1023,0,190,1023,0,561,700,305,528,587,728,716,305,310
378,1023,0,239,1023,0,675,865,305,655,587,780,775,305,310
396,1023,0,218,1023,0,601,756,305,576,587,779,763,305,310
396,1023,0,173,1023,0,414,416,305,384,587,755,745,305,310
231,1023,0,136,1023,0,327,345,305,416,587,432,413,305,310
304,1023,0,142,1023,0,690,894,305,673,587,469,456,305,313
426,1023,0,266,1023,0,880,1023,306,882,587,779,763,305,313
561,1023,0,177,1023,0,404,389,305,392,587,559,530,305,313
601,1023,0,414,1023,0,849,1023,306,848,587,787,770,305,313
468,1023,0,295,1023,0,667,839,305,647,587,781,773,305,313
411,1023,0,162,1023,0,390,406,305,371,587,759,746,305,313
437,1023,0,201,1023,0,562,700,305,535,588,764,756,305,313
407,1023,0,132,931,0,651,836,305,624,588,758,753,305,313
456,1023,0,391,1023,0,784,982,306,775,588,796,774,305,313
562,1023,0,392,1023,0,671,817,305,655,588,804,777,305,313
419,1023,0,211,1023,0,570,717,305,541,588,775,771,305,313
259,1023,0,137,1023,0,398,442,305,409,588,517,507,305,313
317,1023,0,76,567,0,687,893,305,669,588,432,415,305,313
787,1023,0,656,1023,0,624,764,305,600,588,855,826,305,313
532,1023,0,430,1023,0,705,888,305,690,588,785,772,305,313
737,1023,0,453,1023,0,827,1022,307,824,588,786,746,305,313
609,1023,0,244,1023,0,649,793,305,627,588,774,757,305,313
340,1023,0,125,873,0,737,949,306,724,588,751,746,305,313
342,1023,0,137,929,0,654,838,305,636,588,738,733,305,313
514,1023,0,398,1023,0,650,812,305,626,588,751,735,305,313
275,1023,0,183,1023,0,417,457,305,369,588,423,413,305,313
596,1023,0,427,1023,0,397,394,305,441,588,784,766,305,313
508,1023,0,249,1023,0,669,846,305,651,588,778,766,305,313
242,1023,0,224,1023,0,362,367,305,356,588,518,516,305,313
209,1023,0,152,1023,0,272,336,305,322,588,433,426,305,313
486,1023,0,392,1023,0,804,1019,306,797,588,744,722,305,313
391,1023,0,275,1023,0,668,841,305,649,588,748,735,305,313
538,1023,0,294,1023,0,674,841,305,654,589,774,760,305,316
511,1023,0,298,1023,0,646,778,305,622,589,768,739,305,316
498,1023,0,330,1023,0,720,907,305,706,589,773,761,305,316
799,1023,0,628,1023,0,874,1023,307,875,589,851,787,305,316
519,1023,0,388,1023,0,709,872,305,689,589,757,718,305,316
754,1023,0,510,1023,0,756,937,306,743,589,800,776,305,316
354,1023,0,254,1023,0,538,670,305,503,589,775,762,305,316
438,1023,0,133,987,0,633,785,305,605,589,468,434,305,316
484,1023,0,278,1023,0,602,754,305,580,589,790,755,305,316
488,1023,0,472,1023,0,650,820,305,629,589,798,785,305,316
356,1023,0,163,1023,0,504,612,305,475,589,748,737,305,316
472,1023,0,236,1023,0,595,735,305,566,589,752,729,305,316
434,1023,0,144,1023,0,416,382,305,357,589,419,392,305,316
497,1023,0,294,1023,0,398,400,305,381,590,791,776,305,316
302,1023,0,162,1023,0,632,816,305,608,590,762,756,305,316
769,1023,0,445,1023,0,661,806,305,644,590,786,770,305,316
327,1023,0,164,1023,0,457,514,305,440,590,753,744,305,316
488,1023,0,211,1023,0,651,822,305,625,590,772,761,305,319
755,1023,0,444,1023,0,614,746,305,587,590,776,758,305,319
549,1023,0,320,1023,0,675,822,305,654,590,784,765,305,319
279,1023,0,186,1023,0,400,355,305,385,590,435,381,305,319
452,1023,0,251,1023,0,651,829,305,628,590,785,775,305,319
598,1023,0,438,1023,0,722,906,305,705,590,800,778,305,319
801,1023,0,469,1023,0,871,1023,307,870,590,807,794,305,319
421,1023,0,277,1023,0,632,797,305,609,590,510,471,305,319
401,1023,0,197,1023,0,786,1010,306,778,590,754,748,305,319
395,1023,0,158,1023,0,563,705,305,534,590,769,761,305,319
453,1023,0,199,1023,0,625,778,305,601,590,783,773,305,319
805,1023,0,559,1023,0,614,736,305,591,591,781,750,305,319
805,1023,0,589,1023,0,422,451,305,461,591,793,770,305,319
387,1023,0,168,1023,0,640,811,305,617,591,761,753,305,319
348,1023,0,167,1023,0,645,825,305,624,591,522,484,305,319
563,1023,0,365,1023,0,654,820,305,633,591,802,789,305,323
484,1023,0,220,1023,0,556,680,305,527,591,778,768,305,323
311,1023,0,136,1023,0,229,351,305,324,591,415,371,305,323
593,1023,0,434,1023,0,797,1013,306,790,591,781,764,305,323
537,1023,0,243,1023,0,836,1023,306,833,591,771,753,305,323
453,1023,0,369,1023,0,442,475,305,551,591,777,753,305,323
685,1023,0,425,1023,0,834,1023,306,830,591,840,781,305,323
743,1023,0,493,1023,0,846,1023,307,843,591,783,756,305,323
388,1023,0,321,1023,0,751,970,306,741,592,786,764,305,323
441,1023,0,270,1023,0,544,670,305,516,592,766,746,305,323
424,1023,0,236,1023,0,638,818,305,617,592,491,454,305,323
721,1023,0,453,1023,0,804,982,306,796,592,785,760,305,323
540,1023,0,220,1023,0,443,464,305,411,592,517,435,305,323
363,1023,0,143,1023,0,689,885,305,672,592,691,686,305,323
557,1023,0,650,1023,0,859,1023,306,860,592,795,769,305,323
381,1023,0,257,1023,0,370,394,305,393,592,762,754,305,323
297,1023,0,148,1023,0,665,862,305,645,592,749,740,305,323
570,1023,0,385,1023,0,343,383,305,340,592,805,743,305,323
441,1023,0,257,1023,0,193,362,305,298,592,766,749,305,323
468,1023,0,357,1023,0,832,1023,307,828,592,734,714,305,326
484,1023,0,140,669,0,519,613,305,497,593,766,754,305,326
418,1023,0,207,1023,0,727,931,306,710,593,558,515,305,326
401,1023,0,221,1023,0,704,904,305,689,593,775,766,305,326
426,1023,0,201,1023,0,541,661,305,515,593,772,766,305,326
390,1023,0,163,1023,0,643,815,305,620,593,759,746,305,326
514,1023,0,355,1023,0,670,840,305,651,593,767,750,305,326
254,1023,0,133,1023,0,345,339,305,263,593,442,417,305,326
289,1023,0,146,1023,0,564,715,305,542,593,490,445,305,326
559,1023,0,233,1023,0,657,831,305,634,593,777,771,305,326
562,1023,0,278,1023,0,528,611,305,507,593,782,768,305,326
552,1023,0,315,1023,0,693,880,305,671,593,769,753,305,326
758,1023,0,387,1023,0,696,875,305,676,593,781,764,305,326
436,1023,0,227,614,0,455,364,305,467,593,455,368,305,326
495,1023,0,278,1023,0,615,762,305,595,593,775,766,305,326
400,1023,0,332,1023,0,599,752,305,573,593,756,736,305,329
463,1023,0,218,1023,0,753,962,306,742,593,779,769,305,329
256,1023,0,136,1023,0,549,699,305,520,594,539,533,305,329
629,1023,0,356,1023,0,670,830,305,649,594,787,770,305,329
252,1023,0,201,1023,0,333,338,305,330,594,419,417,305,329
314,1023,0,127,977,0,668,863,305,649,594,734,729,305,329
468,1023,0,250,1023,0,839,1023,306,836,594,819,808,305,329
643,1023,0,282,1023,0,463,475,305,453,594,787,773,305,329
351,1023,0,191,1023,0,455,502,305,436,594,754,749,305,329
548,1023,0,420,1023,0,713,898,305,698,594,780,767,305,329
694,1023,0,693,1023,0,581,710,305,581,594,796,773,305,329
463,1023,0,373,1023,0,811,1023,306,805,594,775,759,305,329
638,1023,0,386,1023,0,380,386,305,412,595,804,788,305,333
732,1023,0,523,1023,0,853,1023,307,850,595,790,772,305,333
467,1023,0,255,1023,0,377,375,305,392,595,779,773,305,333
437,1023,0,253,1023,0,779,986,306,772,595,767,756,305,333
393,1023,0,223,1023,0,273,347,305,323,595,780,765,305,333
524,1023,0,320,1023,0,735,905,305,722,595,788,764,305,333
428,1023,0,216,1023,0,752,965,306,741,595,771,762,305,333
493,1023,0,571,1023,0,707,885,305,697,595,831,820,305,333
734,1023,0,551,1023,0,396,414,305,432,595,792,770,305,333
525,1023,0,512,1023,0,888,1023,307,890,595,794,788,305,333
466,1023,0,233,1023,0,848,1023,306,847,595,782,773,305,333
333,1023,0,273,1023,0,630,805,305,611,596,780,766,305,333
803,1023,0,595,1023,0,445,460,305,480,596,785,767,305,333
451,1023,0,231,1023,0,353,370,305,389,596,801,792,305,333
466,1023,0,265,1023,0,260,340,305,345,596,463,439,305,333
392,1023,0,241,1023,0,751,964,306,740,596,749,740,305,333
543,1023,0,263,1023,0,653,820,305,630,596,770,759,305,333
618,1023,0,393,1023,0,820,1023,306,816,596,793,778,305,336
362,1023,0,247,1023,0,749,957,306,739,596,765,751,305,336
347,1023,0,101,756,0,637,820,305,615,596,711,706,305,336
460,1023,0,263,1023,0,406,421,305,431,596,770,753,305,336
356,1023,0,197,1023,0,350,356,305,324,596,759,755,305,336
562,1023,0,340,1023,0,787,1003,306,779,596,789,773,305,336
462,1023,0,214,1023,0,750,955,306,738,596,764,757,305,336
284,1023,0,179,1023,0,175,336,305,366,596,409,400,305,336
736,1023,0,513,1023,0,767,960,306,756,596,770,756,305,336
507,1023,0,405,1023,0,509,596,305,494,596,850,819,305,336
635,1023,0,318,1023,0,452,463,305,442,596,797,786,305,336
524,1023,0,258,1023,0,579,713,305,558,596,776,763,305,336
808,1023,0,525,1023,0,573,671,305,552,596,842,778,305,336
366,1023,0,229,1023,0,576,727,305,552,596,792,784,305,336
540,1023,0,564,1023,0,838,1023,306,835,596,866,855,305,336
427,1023,0,285,1023,0,734,926,306,720,596,755,735,305,336
691,1023,0,561,1023,0,814,1005,306,809,596,802,778,305,336
667,1023,0,437,1023,0,724,903,305,709,596,841,828,305,336
521,1023,0,290,1023,0,454,490,305,440,596,767,757,305,336
255,1023,0,192,1023,0,485,584,305,446,597,389,418,305,336
294,1023,0,237,1023,0,763,980,306,754,597,780,772,305,336
615,1023,0,444,1023,0,716,888,305,703,597,829,815,305,336
604,1023,0,376,1023,0,688,851,305,673,597,777,763,305,336
722,1023,0,616,1023,0,596,716,305,575,597,791,771,305,336
412,1023,0,226,1023,0,767,983,306,758,597,769,760,305,339
345,1023,0,169,1023,0,596,758,305,568,597,762,751,305,339
369,1023,0,133,883,0,636,819,305,610,597,746,741,305,339
666,1023,0,373,1023,0,472,512,305,466,597,782,761,305,339
469,1023,0,223,1023,0,349,357,305,375,597,778,771,305,339
410,1023,0,242,1023,0,646,830,305,620,597,776,760,305,339
484,1023,0,526,1023,0,771,985,306,761,597,781,766,305,339
316,1023,0,152,1023,0,827,1023,306,823,597,418,410,305,339
442,1023,0,261,1023,0,339,388,305,366,597,779,768,305,339
541,1023,0,304,1023,0,801,1006,306,795,597,815,802,305,339
341,1023,0,89,693,0,633,804,305,612,598,425,406,305,339
257,1023,0,252,1023,0,623,772,305,609,598,528,483,305,339
464,1023,0,259,1023,0,699,888,305,679,598,772,764,305,339
482,1023,0,322,1023,0,646,810,305,623,598,780,773,305,339
453,1023,0,233,1023,0,726,920,306,712,598,776,767,305,339
444,1023,0,290,1023,0,707,892,305,692,598,806,798,305,339
422,1023,0,197,1023,0,684,874,305,662,598,771,764,305,339
649,1023,0,515,1023,0,664,829,305,642,598,803,786,305,339
616,1023,0,340,1023,0,752,954,306,739,598,829,809,305,339
695,1023,0,556,1023,0,807,1010,306,801,598,788,764,305,339
223,856,0,322,1023,0,550,610,305,667,598,766,669,305,342
711,1023,0,437,1023,0,759,950,306,747,598,779,766,305,342
405,1023,0,356,1023,0,527,636,305,501,598,778,768,305,342
617,1023,0,433,1023,0,774,973,306,764,598,788,760,305,342
402,1023,0,241,1023,0,471,543,305,444,598,784,780,305,342
530,1023,0,243,1023,0,733,933,306,721,598,776,771,305,342
470,1023,0,181,1023,0,581,725,305,556,599,763,753,305,342
548,1023,0,368,1023,0,807,1017,306,801,599,777,757,305,342
528,1023,0,522,1023,0,551,656,305,539,599,812,793,305,342
577,1023,0,616,1023,0,728,913,305,711,599,802,783,305,342
409,1023,0,282,1023,0,766,985,306,755,599,762,749,305,342
755,1023,0,456,1023,0,750,941,306,738,599,825,813,305,342
295,1023,0,106,771,0,550,692,305,520,599,509,470,305,342
639,1023,0,315,1023,0,633,784,305,608,599,821,778,305,342
328,1023,0,181,1023,0,658,848,305,638,599,744,740,305,342
658,1023,0,381,1023,0,434,430,305,448,599,782,751,305,342
615,1023,0,320,1023,0,793,996,306,785,599,781,764,305,342
376,1023,0,182,1023,0,687,883,305,670,599,514,488,305,342
513,1023,0,368,1023,0,373,371,305,397,599,792,781,305,342
672,1023,0,640,1023,0,887,1023,307,889,599,781,756,305,342
430,1023,0,343,1023,0,441,437,305,451,599,756,743,305,342
416,1023,0,239,1023,0,621,780,305,596,599,754,743,305,342
539,1023,0,502,1023,0,602,741,305,578,599,789,771,305,342
208,1023,0,171,1023,0,578,730,305,552,599,531,527,305,346
490,1023,0,258,1023,0,711,896,305,693,599,756,749,305,346
322,1023,0,210,1023,0,618,784,305,594,600,774,768,305,346
662,1023,0,468,1023,0,709,885,305,693,600,795,776,305,346
401,1023,0,159,1023,0,628,799,305,601,600,764,758,305,346
347,1023,0,142,1014,0,577,733,305,548,600,751,746,305,346
555,1023,0,506,1023,0,830,1023,306,827,600,787,760,305,346
673,1023,0,471,1023,0,404,380,305,431,600,762,752,305,346
334,1023,0,189,1023,0,628,802,305,603,600,540,502,305,346
365,1023,0,153,1023,0,651,835,305,629,600,766,758,305,346
270,1023,0,160,1023,0,829,1023,306,826,600,768,764,305,346
388,1023,0,281,1023,0,697,888,305,681,600,704,692,305,346
518,1023,0,255,1023,0,780,999,306,772,600,780,769,305,346
277,1023,0,162,1023,0,734,946,306,723,600,527,503,305,346
349,1023,0,132,855,0,640,820,305,618,600,766,764,305,346
400,1023,0,181,1023,0,757,974,306,746,600,743,734,305,346
538,1023,0,274,1023,0,826,1023,306,821,600,801,790,305,346
609,1023,0,301,1023,0,492,550,305,473,600,770,750,305,349
335,1023,0,147,1023,0,591,762,305,568,600,496,451,305,349
333,1023,0,186,1023,0,760,976,306,751,601,764,752,305,349
635,1023,0,561,1023,0,828,1023,306,824,601,794,771,305,349
797,1023,0,609,1023,0,753,929,306,743,601,842,823,305,349
590,1023,0,384,1023,0,753,943,306,739,601,627,574,305,349
377,1023,0,298,1023,0,379,381,305,378,601,477,447,305,349
450,1023,0,189,1023,0,747,957,306,735,601,555,510,305,349
718,1023,0,395,1023,0,647,797,305,629,601,779,763,305,349
610,1023,0,315,1023,0,695,881,305,678,601,838,829,305,349
743,1023,0,567,1023,0,461,494,305,485,601,793,761,305,349
547,1023,0,321,1023,0,333,366,305,389,601,772,765,305,349
536,1023,0,208,1023,0,595,732,305,565,601,757,742,305,349
468,1023,0,344,1023,0,842,1023,307,840,601,766,736,305,349
513,1023,0,214,1023,0,673,851,305,654,601,774,762,305,349
563,1023,0,281,1023,0,860,1023,306,859,601,799,780,305,349
279,1023,0,171,1023,0,433,438,305,410,601,763,763,305,349
746,1023,0,458,1023,0,725,913,305,712,601,813,785,305,349
273,1023,0,154,1023,0,551,696,305,519,601,742,738,305,349
595,1023,0,355,1023,0,672,847,305,652,601,794,780,305,349
222,1023,0,177,1023,0,324,343,305,262,601,412,393,305,349
303,1023,0,139,1016,0,583,740,305,557,601,762,752,305,352
347,1023,0,138,963,0,681,878,305,659,601,748,739,305,352
233,1023,0,246,1023,0,426,462,305,502,601,534,510,305,352
488,1023,0,223,1023,0,795,1007,306,787,601,783,772,305,352
308,1023,0,188,1023,0,458,512,305,432,602,497,476,305,352
527,1023,0,258,1023,0,567,700,305,538,602,774,765,305,352
545,1023,0,509,1023,0,442,450,305,488,602,795,774,305,352
489,1023,0,339,1023,0,735,934,306,715,602,767,742,305,352
511,1023,0,436,1023,0,656,826,305,632,602,793,781,305,352
347,1023,0,334,1023,0,715,921,306,701,602,588,564,305,352
813,1023,0,595,1023,0,824,1023,306,819,602,835,818,305,352
441,1023,0,205,1023,0,657,840,305,634,602,768,759,305,352
354,1023,0,232,1023,0,371,372,305,403,602,745,737,305,352
502,1023,0,376,1023,0,739,921,306,727,602,749,735,305,352
246,1023,0,95,759,0,457,538,305,431,602,570,548,305,352
605,1023,0,395,1023,0,717,896,305,702,602,786,770,305,352
468,1023,0,289,1023,0,699,885,305,680,602,769,749,305,352
220,1023,0,158,1023,0,542,682,305,510,602,489,461,305,352
378,1023,0,190,1023,0,449,509,305,420,602,766,758,305,352
248,1023,0,88,712,0,523,647,305,490,602,421,407,305,352
432,1023,0,253,1023,0,811,1023,306,806,602,787,775,305,352
340,1023,0,125,979,0,295,335,305,332,602,479,451,305,352
259,1023,0,150,1023,0,526,658,305,493,602,412,412,305,352
589,1023,0,447,1023,0,890,1023,307,893,602,801,777,305,352
482,1023,0,443,1023,0,726,918,306,719,602,788,771,305,356
393,1023,0,221,1023,0,667,849,305,647,602,774,760,305,356
400,1023,0,232,1023,0,618,788,305,591,602,780,774,305,356
672,1023,0,353,1023,0,732,912,305,718,602,757,738,305,356
380,1023,0,234,1023,0,769,991,306,761,602,770,760,305,356
576,1023,0,353,1023,0,634,784,305,607,602,788,772,305,356
307,1023,0,183,1023,0,576,736,305,548,602,742,738,305,356
738,1023,0,500,1023,0,867,1023,307,868,603,797,776,305,356
585,1023,0,344,1023,0,723,917,305,707,603,782,763,305,356
355,1023,0,292,1023,0,392,388,305,480,603,514,477,305,356
315,1023,0,139,1023,0,732,948,306,718,603,749,747,305,356
409,1023,0,335,1023,0,329,360,305,363,603,782,772,305,356
269,1023,0,81,626,0,434,457,305,407,603,430,408,305,356
477,1023,0,235,1023,0,656,826,305,636,603,778,763,305,356
515,1023,0,300,1023,0,427,431,305,461,603,778,758,305,356
638,1023,0,469,1023,0,571,689,305,555,603,785,770,305,356
460,1023,0,302,1023,0,536,657,305,513,603,775,764,305,356
486,1023,0,207,1023,0,675,850,305,658,603,784,773,305,356
432,1023,0,243,1023,0,361,366,305,329,603,771,763,305,356
510,1023,0,278,1023,0,536,643,305,513,603,767,753,305,359
388,1023,0,138,835,0,645,813,305,622,603,746,735,305,359
385,1023,0,219,1023,0,337,375,305,385,603,751,744,305,359
512,1023,0,280,1023,0,627,788,305,600,603,770,764,305,359
497,1023,0,173,1023,0,595,746,305,571,603,778,770,305,359
386,1023,0,167,1023,0,693,865,305,679,604,442,405,305,359
388,1023,0,286,1023,0,798,1023,306,793,604,777,769,305,359
316,1023,0,188,1023,0,567,724,305,539,604,483,464,305,359
519,1023,0,280,1023,0,666,840,305,642,604,785,776,305,359
560,1023,0,271,1023,0,539,656,305,506,604,755,744,305,359
433,1023,0,392,1023,0,695,886,305,674,604,776,765,305,359
460,1023,0,280,1023,0,845,1023,306,843,604,777,770,305,359
692,1023,0,462,1023,0,902,1023,307,906,604,784,761,305,359
603,1023,0,319,1023,0,714,890,305,698,604,780,761,305,359
530,1023,0,412,1023,0,686,849,305,666,604,779,752,305,359
489,1023,0,270,1023,0,546,663,305,517,604,774,764,305,359
658,1023,0,397,1023,0,788,985,306,781,604,795,775,305,362
369,1023,0,197,1023,0,647,829,305,623,604,763,750,305,362
239,1023,0,96,816,0,592,765,305,566,605,379,371,305,362
412,1023,0,260,1023,0,794,1021,306,786,605,782,771,305,362
657,1023,0,420,1023,0,780,967,306,772,605,762,744,305,362
656,1023,0,613,1023,0,762,952,306,750,605,833,807,305,362
672,1023,0,617,1023,0,616,734,305,611,605,797,772,305,362
241,1023,0,133,1020,0,523,653,305,495,605,433,417,305,362
627,1023,0,362,1023,0,667,822,305,643,605,779,776,305,362
399,1023,0,170,1023,0,592,748,305,562,605,760,744,305,362
462,1023,0,198,1023,0,607,750,305,582,605,504,488,305,362
685,1023,0,484,1023,0,760,931,306,749,605,843,780,305,362
386,1023,0,353,1023,0,629,797,305,604,605,787,782,305,362
687,1023,0,529,1023,0,910,1023,307,914,605,804,783,305,362
713,1023,0,326,1023,0,711,887,305,696,605,783,766,305,365
274,1023,0,85,692,0,714,931,306,701,605,732,722,305,365
420,1023,0,172,1023,0,690,881,305,673,606,761,747,305,365
567,1023,0,430,1023,0,642,800,305,618,606,779,761,305,365
384,1023,0,137,972,0,606,771,305,577,606,769,762,305,365
414,1023,0,336,1023,0,797,999,306,789,606,709,683,305,365
790,1023,0,450,1023,0,723,884,305,709,606,789,771,305,365
625,1023,0,402,1023,0,420,425,305,417,606,784,764,305,365
479,1023,0,426,1023,0,436,461,305,438,606,605,554,305,365
221,1023,0,183,1023,0,341,349,305,388,606,403,385,305,365
296,1023,0,132,947,0,374,379,305,320,606,755,752,305,365
321,1023,0,105,812,0,616,791,305,591,606,457,437,305,365
749,1023,0,482,1023,0,777,973,306,766,606,775,751,305,365
529,1023,0,380,1023,0,679,834,305,656,606,763,740,305,365
420,1023,0,291,1023,0,593,743,305,571,606,784,773,305,365
331,1023,0,174,1023,0,629,806,305,604,606,769,764,305,365
337,1023,0,332,1023,0,414,435,305,402,606,600,570,305,365
401,1023,0,332,1023,0,736,930,306,723,606,782,763,305,365
364,1023,0,169,1023,0,611,780,305,583,606,759,749,305,365
707,1023,0,338,1023,0,569,666,305,547,606,829,767,305,369
498,1023,0,229,1023,0,583,725,305,554,606,772,764,305,369
589,1023,0,496,1023,0,675,841,305,654,606,783,756,305,369
415,1023,0,217,1023,0,641,816,305,617,606,775,767,305,369
438,1023,0,313,1023,0,757,959,306,748,606,763,750,305,369
554,1023,0,361,1023,0,651,816,305,628,607,774,761,305,369
512,1023,0,327,1023,0,734,935,306,718,607,771,764,305,369
379,1023,0,245,1023,0,793,1023,306,787,607,769,759,305,369
334,1023,0,192,1023,0,720,928,306,706,607,491,482,305,369
501,1023,0,473,1023,0,737,914,305,725,607,787,769,305,369
426,1023,0,268,1023,0,641,809,305,620,607,760,744,305,369
393,1023,0,215,1023,0,662,845,305,639,607,775,766,305,369
718,1023,0,481,1023,0,672,838,305,649,607,790,777,305,369
506,1023,0,464,1023,0,681,863,305,660,607,798,775,305,369
355,1023,0,305,1023,0,628,802,305,600,607,777,771,305,369
420,1023,0,203,1023,0,814,1023,306,809,607,521,478,305,369
250,1023,0,245,1023,0,557,667,305,639,607,764,710,305,369
518,1023,0,314,1023,0,665,832,305,640,607,763,736,305,369
399,1023,0,136,844,0,659,840,305,633,607,499,456,305,372
516,1023,0,290,1023,0,367,374,305,335,607,753,743,305,372
591,1023,0,350,1023,0,432,451,305,432,608,798,780,305,372
350,1023,0,176,1023,0,637,814,305,618,608,511,478,305,372
241,1023,0,101,524,0,685,852,305,670,608,468,430,305,372
336,1023,0,194,1023,0,386,412,305,385,608,757,748,305,372
480,1023,0,272,1023,0,505,592,305,490,608,773,761,305,372
535,1023,0,360,1023,0,793,1012,306,785,608,791,773,305,372
221,1023,0,120,1023,0,491,601,305,468,608,451,412,305,372
477,1023,0,181,1023,0,756,950,306,746,608,773,762,305,372
439,1023,0,319,1023,0,831,1023,306,828,608,783,770,305,372
376,1023,0,137,909,0,654,840,305,630,608,751,740,305,372
504,1023,0,378,1023,0,812,1022,306,807,608,794,784,305,372
550,1023,0,263,1023,0,536,650,305,512,608,763,739,305,372
361,1023,0,477,1023,0,785,971,306,782,608,786,751,305,372
606,1023,0,335,1023,0,401,385,305,410,608,786,770,305,372
547,1023,0,332,1023,0,747,942,306,734,608,818,796,305,375
305,1023,0,162,1023,0,560,706,305,529,608,753,747,305,375
408,1023,0,216,1023,0,637,810,305,616,609,759,752,305,375
524,1023,0,322,1023,0,590,738,305,566,609,776,768,305,375
540,1023,0,330,1023,0,836,1023,306,833,609,796,780,305,375
385,1023,0,180,1023,0,504,590,305,467,609,576,571,305,375
490,1023,0,217,1023,0,779,1015,306,770,609,533,510,305,375
394,1023,0,312,1023,0,567,713,305,541,609,765,753,305,375
564,1023,0,379,1023,0,684,848,305,662,609,767,745,305,375
680,1023,0,501,1023,0,744,943,306,730,609,800,785,305,375
580,1023,0,435,1023,0,603,725,305,575,609,774,737,305,375
479,1023,0,293,1023,0,455,500,305,450,609,778,762,305,375
463,1023,0,365,1023,0,746,950,306,733,609,811,799,305,375
320,1023,0,205,1023,0,249,330,305,229,609,488,450,305,379
450,1023,0,283,1023,0,489,574,305,470,609,774,762,305,379
538,1023,0,638,1023,0,672,849,305,651,609,789,771,305,379
394,1023,0,176,1023,0,684,856,305,666,609,755,746,305,379
274,1023,0,216,1023,0,679,862,305,662,610,492,456,305,379
595,1023,0,335,1023,0,433,424,305,411,610,782,770,305,379
501,1023,0,204,1023,0,842,1023,306,840,610,774,760,305,379
259,1023,0,126,1023,0,324,352,305,319,610,413,396,305,379
651,1023,0,409,1023,0,717,891,305,702,610,771,753,305,379
257,1023,0,169,1023,0,589,755,305,561,610,747,742,305,382
391,1023,0,237,1023,0,741,929,306,728,610,786,773,305,382
360,1023,0,253,1023,0,782,1009,306,774,610,558,536,305,382
411,1023,0,216,1023,0,675,854,305,655,611,773,757,305,382
435,1023,0,203,1023,0,723,927,306,709,611,770,755,305,382
683,1023,0,417,1023,0,680,858,305,673,611,802,783,305,382
732,1023,0,576,1023,0,502,572,305,499,611,779,768,305,382
467,1023,0,215,1023,0,601,762,305,576,611,753,737,305,382
546,1023,0,268,1023,0,745,936,306,733,611,745,717,305,382
300,1023,0,135,940,0,574,729,305,543,611,756,753,305,385
450,1023,0,251,1023,0,797,1018,306,790,611,771,760,305,385
546,1023,0,213,1023,0,680,867,305,660,611,783,778,305,385
396,1023,0,303,1023,0,624,794,305,602,611,789,777,305,385
358,1023,0,203,1023,0,275,348,305,326,611,761,755,305,385
515,1023,0,219,1023,0,701,874,305,684,611,780,768,305,385
392,1023,0,185,1023,0,815,1023,306,810,611,761,762,305,385
366,1023,0,254,1023,0,761,975,306,751,611,769,765,305,385
532,1023,0,417,1023,0,380,396,305,418,612,608,568,305,385
532,1023,0,298,1023,0,614,764,305,588,612,779,768,305,385
357,1023,0,149,1023,0,544,683,305,515,612,770,757,305,385
638,1023,0,475,1023,0,755,946,306,743,612,775,762,305,385
519,1023,0,304,1023,0,796,996,306,788,612,778,757,305,389
366,1023,0,233,1023,0,764,987,306,755,612,553,513,305,389
503,1023,0,253,1023,0,316,374,305,375,612,806,788,305,389
408,1023,0,283,1023,0,446,479,305,432,612,784,776,305,389
513,1023,0,382,1023,0,467,489,305,483,612,793,773,305,389
451,1023,0,313,1023,0,538,646,305,511,612,728,712,305,389
540,1023,0,355,1023,0,467,511,305,454,612,522,474,305,389
807,1023,0,545,1023,0,788,980,306,778,612,776,756,305,389
560,1023,0,467,1023,0,855,1023,306,855,612,827,811,305,389
518,1023,0,397,1023,0,720,908,305,707,612,773,767,305,389
463,1023,0,229,1023,0,638,807,305,614,612,778,759,305,389
542,1023,0,313,1023,0,679,857,305,658,613,762,750,305,389
669,1023,0,506,1023,0,392,416,305,433,613,799,782,305,389
304,1023,0,120,880,0,638,824,305,612,613,742,739,305,389
467,1023,0,185,1023,0,721,915,305,706,613,569,514,305,389
375,1023,0,267,1023,0,310,351,305,348,613,638,536,305,392
362,1023,0,173,1023,0,617,781,305,592,613,775,763,305,392
741,1023,0,410,1023,0,841,1023,307,839,613,785,754,305,392
611,1023,0,424,1023,0,343,377,305,366,613,799,778,305,392
497,1023,0,413,1023,0,621,782,305,599,613,772,756,305,392
626,1023,0,387,1023,0,728,916,305,708,613,790,777,305,392
486,1023,0,298,1023,0,770,987,306,758,613,775,761,305,392
513,1023,0,228,1023,0,504,590,305,476,613,792,767,305,392
573,1023,0,503,1023,0,666,814,305,647,613,745,719,305,392
447,1023,0,234,1023,0,608,761,305,580,613,762,749,305,392
428,1023,0,267,1023,0,609,763,305,579,613,771,767,305,392
787,1023,0,548,1023,0,770,948,306,758,613,792,753,305,392
241,1023,0,120,1002,0,277,346,305,314,613,497,492,305,392
488,1023,0,282,1023,0,702,882,305,686,613,783,770,305,392
566,1023,0,273,1023,0,673,846,305,655,613,769,762,305,392
612,1023,0,373,1023,0,662,801,305,643,613,773,747,305,392
600,1023,0,294,1023,0,803,1012,306,796,614,780,768,305,395
474,1023,0,269,1023,0,376,366,305,387,614,771,761,305,395
526,1023,0,308,1023,0,685,864,305,661,614,777,770,305,395
710,1023,0,369,1023,0,793,992,306,786,614,780,761,305,395
412,1023,0,286,1023,0,778,997,306,769,614,756,748,305,395
582,1023,0,332,1023,0,524,635,305,502,614,791,777,305,395
385,1023,0,241,1023,0,844,1023,306,843,614,768,760,305,395
320,1023,0,142,1023,0,619,797,305,594,614,758,754,305,395
253,1023,0,121,903,0,609,778,305,589,614,793,770,305,395
711,1023,0,685,1023,0,745,909,305,731,614,769,714,305,395
566,1023,0,523,1023,0,779,991,306,770,614,801,771,305,395
420,1023,0,260,1023,0,348,364,305,367,614,774,761,305,395
751,1023,0,663,1023,0,852,1023,307,849,614,868,845,305,395
532,1023,0,356,1023,0,679,858,305,660,614,784,771,305,395
461,1023,0,275,1023,0,657,849,305,633,614,761,754,305,395
572,1023,0,440,1023,0,778,985,306,766,614,793,786,305,395
513,1023,0,562,1023,0,809,1023,306,807,614,788,780,305,395
434,1023,0,166,1023,0,627,795,305,602,614,769,763,305,398
569,1023,0,295,1023,0,609,755,305,583,614,783,762,305,398
695,1023,0,353,1023,0,849,1023,306,847,614,800,781,305,398
438,1023,0,494,1023,0,431,424,305,506,614,813,799,305,398
378,1023,0,283,1023,0,731,940,306,718,615,809,803,305,398
519,1023,0,279,1023,0,342,355,305,393,615,786,766,305,398
738,1023,0,616,1023,0,707,860,305,688,615,845,813,305,398
442,1023,0,364,1023,0,575,723,305,548,615,757,741,305,398
506,1023,0,373,1023,0,855,1023,306,854,615,786,775,305,398
522,1023,0,403,1023,0,780,1000,306,770,615,845,799,305,398
458,1023,0,215,1023,0,352,365,305,339,615,767,756,305,398
367,1023,0,189,1023,0,680,873,305,660,615,761,753,305,398
368,1023,0,201,1023,0,400,392,305,352,615,485,460,305,398
522,1023,0,328,1023,0,621,784,305,594,615,767,760,305,398
576,1023,0,315,1023,0,635,782,305,616,615,794,781,305,398
459,1023,0,227,1023,0,668,850,305,646,615,769,752,305,398
232,1023,0,95,771,0,538,669,305,502,615,421,415,305,398
348,1023,0,236,1023,0,640,785,305,616,615,701,692,305,398
557,1023,0,513,1023,0,765,953,306,754,615,761,740,305,398
364,1023,0,126,853,0,651,827,305,630,615,752,744,305,398
431,1023,0,292,1023,0,685,870,305,670,615,781,772,305,398
666,1023,0,658,1023,0,712,884,305,691,615,800,773,305,398
383,1023,0,241,1023,0,659,846,305,635,615,775,768,305,402
422,1023,0,204,1023,0,345,363,305,343,615,770,760,305,402
567,1023,0,210,1023,0,700,879,305,679,615,773,764,305,402
738,1023,0,358,1023,0,867,1023,307,868,616,793,774,305,402
410,1023,0,248,1023,0,742,951,306,730,616,773,762,305,402
530,1023,0,320,1023,0,840,1023,306,837,616,771,760,305,402
425,1023,0,200,1023,0,350,350,305,367,616,781,777,305,402
526,1023,0,307,1023,0,713,904,305,696,616,806,790,305,402
485,1023,0,217,1023,0,706,889,305,690,616,776,766,305,402
406,1023,0,258,1023,0,715,916,305,693,616,764,746,305,402
601,1023,0,255,1023,0,428,436,305,414,616,808,754,305,402
789,1023,0,621,1023,0,658,812,305,638,616,807,777,305,402
234,1023,0,139,1023,0,670,877,305,651,616,461,442,305,402
363,1023,0,226,1023,0,796,1023,306,790,616,783,775,305,402
377,1023,0,226,1023,0,618,797,305,591,616,766,757,305,402
359,1023,0,209,1023,0,651,843,305,631,616,561,534,305,405
367,1023,0,231,1023,0,701,902,305,683,616,773,765,305,405
399,1023,0,194,1023,0,627,797,305,605,616,791,785,305,405
414,1023,0,209,1023,0,568,709,305,541,616,769,761,305,405
452,1023,0,279,1023,0,389,418,305,392,616,791,784,305,405
414,1023,0,149,1002,0,607,766,305,581,616,778,768,305,405
669,1023,0,398,1023,0,356,376,305,399,616,783,764,305,405
446,1023,0,334,1023,0,696,896,305,678,616,785,778,305,405
378,1023,0,312,1023,0,700,903,305,683,616,788,777,305,405
266,1023,0,200,1023,0,511,606,305,483,616,514,479,305,405
413,1023,0,213,1023,0,633,811,305,608,617,780,768,305,405
516,1023,0,506,1023,0,784,968,306,776,617,758,734,305,405
584,1023,0,443,1023,0,721,895,305,707,617,776,765,305,405
366,1023,0,173,1023,0,390,399,305,399,617,427,405,305,405
515,1023,0,208,1023,0,464,519,305,441,617,514,457,305,405
303,1023,0,165,1023,0,775,999,306,767,617,757,754,305,405
533,1023,0,391,1023,0,710,900,305,692,617,763,755,305,405
488,1023,0,230,1023,0,586,736,305,563,617,786,774,305,405
382,1023,0,254,1023,0,823,1023,306,819,617,812,800,305,405
386,1023,0,187,1023,0,591,740,305,564,617,771,759,305,405
331,1023,0,154,1023,0,742,958,306,731,617,763,755,305,408
545,1023,0,251,1023,0,525,627,305,512,617,814,805,305,408
697,1023,0,562,1023,0,691,863,305,671,617,773,738,305,408
450,1023,0,304,1023,0,824,1023,306,822,617,785,768,305,408
476,1023,0,365,1023,0,793,1010,306,785,617,809,794,305,408
501,1023,0,350,1023,0,781,988,306,772,617,805,792,305,408
803,1023,0,593,1023,0,767,954,306,756,618,785,763,305,408
400,1023,0,184,1023,0,665,850,305,646,618,763,759,305,408
476,1023,0,325,1023,0,636,802,305,616,618,783,770,305,408
681,1023,0,339,1023,0,759,929,306,746,618,782,757,305,408
471,1023,0,195,1023,0,640,813,305,619,618,772,762,305,408
481,1023,0,214,1023,0,787,996,306,780,618,780,763,305,408
421,1023,0,219,1023,0,542,671,305,509,618,779,770,305,408
454,1023,0,217,1023,0,666,854,305,646,618,765,762,305,408
623,1023,0,253,1023,0,706,895,305,687,618,801,783,305,412
317,1023,0,194,1023,0,656,843,305,639,618,767,758,305,412
731,1023,0,606,1023,0,789,974,306,782,618,848,778,305,412
315,1023,0,119,946,0,600,773,305,574,618,470,457,305,412
616,1023,0,642,1023,0,913,1023,307,919,618,850,816,305,412
294,1023,0,124,969,0,795,1023,306,791,618,750,748,305,412
408,1023,0,279,1023,0,509,598,305,477,618,781,776,305,412
242,1023,0,108,580,0,837,1023,307,833,618,463,400,305,412
606,1023,0,331,1023,0,620,764,305,597,618,813,794,305,412
239,1023,0,138,1023,0,467,537,305,445,618,435,425,305,412
359,1023,0,348,1023,0,748,956,306,736,618,781,776,305,412
555,1023,0,425,1023,0,796,1007,306,788,618,794,781,305,412
460,1023,0,537,1023,0,475,496,305,521,618,790,767,305,412
459,1023,0,215,1023,0,628,783,305,605,618,765,749,305,412
475,1023,0,212,1023,0,643,806,305,618,618,781,772,305,412
561,1023,0,432,1023,0,714,903,305,694,618,780,764,305,412
315,1023,0,163,1023,0,420,450,305,394,618,763,754,305,412
379,1023,0,290,1023,0,680,870,305,661,618,756,739,305,412
403,1023,0,172,1023,0,631,806,305,605,619,757,751,305,412
387,1023,0,268,1023,0,468,518,305,487,619,783,771,305,412
380,1023,0,192,1023,0,596,737,305,568,619,780,773,305,412
506,1023,0,387,1023,0,675,854,305,654,619,784,760,305,412
820,1023,0,534,1023,0,674,830,305,656,619,846,808,305,412
389,1023,0,150,1023,0,284,337,305,336,619,501,473,305,412
679,1023,0,421,1023,0,885,1023,307,888,619,794,779,305,412
477,1023,0,200,1023,0,555,688,305,529,619,777,769,305,412
519,1023,0,309,1023,0,355,364,305,393,619,758,746,305,415
467,1023,0,227,1023,0,730,936,306,717,619,780,761,305,415
283,1023,0,189,1023,0,812,1023,306,808,619,742,739,305,415
370,1023,0,216,1023,0,715,924,306,699,619,749,740,305,415
415,1023,0,237,1023,0,641,812,305,615,619,763,749,305,415
564,1023,0,402,1023,0,775,983,306,766,619,783,756,305,415
233,1023,0,103,868,0,327,345,305,298,619,413,403,305,415
436,1023,0,242,1023,0,693,872,305,676,619,757,727,305,415
812,1023,0,628,1023,0,840,1008,307,841,619,806,777,305,415
490,1023,0,324,1023,0,813,1023,306,809,620,786,768,305,418
454,1023,0,198,1023,0,361,357,305,397,620,780,768,305,418
376,1023,0,206,1023,0,704,908,305,683,620,758,753,305,418
264,1023,0,320,1023,0,464,432,305,547,620,768,748,305,418
504,1023,0,250,1023,0,636,797,305,615,620,779,768,305,418
478,1023,0,292,1023,0,782,990,306,774,620,778,765,305,418
651,1023,0,553,1023,0,716,890,305,698,620,787,755,305,418
632,1023,0,465,1023,0,806,1023,306,799,620,770,756,305,418
690,1023,0,524,1023,0,641,788,305,622,620,791,774,305,418
540,1023,0,255,1023,0,814,1023,306,809,620,786,777,305,418
503,1023,0,264,1023,0,413,414,305,411,620,778,769,305,418
420,1023,0,232,1023,0,661,844,305,638,620,813,807,305,418
758,1023,0,443,1023,0,787,976,306,778,620,788,767,305,418
414,1023,0,206,1023,0,745,955,306,734,620,796,791,305,418
561,1023,0,324,1023,0,812,1023,306,807,621,777,765,305,421
374,1023,0,142,941,0,585,792,305,546,621,763,759,305,421
453,1023,0,309,1023,0,813,1023,306,809,621,786,771,305,421
372,1023,0,223,1023,0,838,1023,306,834,621,566,537,305,421
371,1023,0,200,1023,0,749,966,306,738,621,780,768,305,421
264,1023,0,295,1023,0,634,816,305,614,621,492,467,305,421
289,1023,0,122,873,0,553,694,305,522,621,749,747,305,421
626,1023,0,319,1023,0,681,850,305,660,621,787,775,305,421
430,1023,0,259,1023,0,839,1023,306,838,621,777,769,305,421
448,1023,0,217,1023,0,657,839,305,634,621,781,770,305,421
414,1023,0,193,1023,0,813,1023,306,808,621,778,772,305,421
609,1023,0,289,1023,0,827,1023,306,822,621,791,775,305,421
524,1023,0,199,1023,0,386,390,305,427,621,782,776,305,421
396,1023,0,298,1023,0,760,974,306,750,621,776,765,305,421
370,1023,0,190,1023,0,501,600,305,473,621,771,766,305,421
342,1023,0,271,1023,0,574,747,305,553,621,760,754,305,421
617,1023,0,409,1023,0,692,850,305,673,621,761,741,305,421
619,1023,0,322,1023,0,703,867,305,688,621,778,762,305,421
762,1023,0,469,1023,0,776,950,306,766,621,788,766,305,425
483,1023,0,458,1023,0,666,830,305,648,621,763,753,305,425
433,1023,0,182,1023,0,607,768,305,580,621,751,743,305,425
578,1023,0,489,1023,0,654,812,305,631,621,804,789,305,425
584,1023,0,530,1023,0,768,970,306,759,621,784,768,305,425
363,1023,0,139,978,0,536,664,305,505,621,754,752,305,425
365,1023,0,167,1023,0,657,844,305,636,621,759,756,305,425
652,1023,0,461,1023,0,863,1023,307,863,622,837,823,305,425
277,1023,0,136,1023,0,612,790,305,590,622,540,519,305,425
462,1023,0,218,1023,0,774,986,306,765,622,769,759,305,425
361,1023,0,195,1023,0,530,663,305,494,622,233,421,305,425
335,1023,0,136,1005,0,559,702,305,526,622,752,743,305,425
347,1023,0,153,1001,0,549,682,305,517,622,766,753,305,425
611,1023,0,230,1023,0,654,799,305,632,622,768,750,305,425
513,1023,0,361,1023,0,653,816,305,632,622,780,769,305,425
613,1023,0,543,1023,0,619,764,305,596,622,799,785,305,425
529,1023,0,309,1023,0,708,901,305,687,622,770,761,305,425
576,1023,0,379,1023,0,781,975,306,772,622,768,747,305,428
332,1023,0,160,1023,0,620,790,305,592,622,754,752,305,428
255,1023,0,107,812,0,469,551,305,437,622,411,398,305,428
651,1023,0,317,1023,0,374,396,305,394,622,783,762,305,428
410,1023,0,277,1023,0,538,649,305,528,622,770,758,305,428
702,1023,0,511,1023,0,632,783,305,613,622,830,806,305,428
427,1023,0,200,1023,0,328,341,305,331,622,771,762,305,428
364,1023,0,327,1023,0,561,704,305,529,623,472,442,305,428
251,1023,0,305,1023,0,367,366,305,390,623,395,353,305,428
291,1023,0,239,1023,0,299,342,305,341,623,475,447,305,428
287,1023,0,109,870,0,434,476,305,427,623,467,433,305,431
497,1023,0,299,1023,0,523,621,305,503,623,772,759,305,431
339,1023,0,213,1023,0,732,940,306,719,623,773,765,305,431
332,1023,0,233,1023,0,662,846,305,643,623,781,774,305,431
337,1023,0,351,1023,0,695,891,305,686,623,789,773,305,431
508,1023,0,287,1023,0,654,827,305,631,623,841,823,305,431
285,1023,0,102,846,0,358,377,305,345,623,422,410,305,431
437,1023,0,207,1023,0,693,883,305,677,623,766,764,305,431
374,1023,0,193,1023,0,745,956,306,735,623,759,746,305,431
298,1023,0,152,1023,0,616,796,305,592,623,759,751,305,431
207,1023,0,208,1023,0,239,340,305,305,623,405,410,305,431
770,1023,0,541,1023,0,889,1023,307,893,623,818,804,305,431
373,1023,0,155,1023,0,565,710,305,536,624,760,752,305,431
497,1023,0,439,1023,0,797,998,306,789,624,770,746,305,435
495,1023,0,283,1023,0,683,870,305,664,624,801,789,305,435
288,1023,0,284,1023,0,743,944,306,733,624,787,783,305,435
736,1023,0,593,1023,0,714,876,305,698,624,814,793,305,435
555,1023,0,330,1023,0,655,803,305,635,624,784,774,305,435
501,1023,0,284,1023,0,686,868,305,666,624,757,742,305,435
364,1023,0,237,1023,0,755,972,306,744,624,782,769,305,435
514,1023,0,416,1023,0,618,769,305,595,624,771,758,305,435
328,1023,0,113,801,0,694,895,305,677,624,746,740,305,435
609,1023,0,435,1023,0,689,863,305,668,624,811,798,305,435
739,1023,0,531,1023,0,821,1023,307,816,624,798,778,305,435
656,1023,0,384,1023,0,696,854,305,674,624,788,769,305,435
595,1023,0,255,1023,0,651,810,305,625,624,771,759,305,435
585,1023,0,288,1023,0,680,857,305,663,624,801,777,305,435
516,1023,0,274,1023,0,611,762,305,583,625,785,768,305,438
346,1023,0,218,1023,0,768,990,306,760,625,772,767,305,438
360,1023,0,176,1023,0,724,935,306,710,625,769,764,305,438
543,1023,0,310,1023,0,556,682,305,531,625,781,771,305,438
576,1023,0,312,1023,0,697,876,305,678,625,789,781,305,438
629,1023,0,408,1023,0,766,966,306,757,625,799,784,305,438
446,1023,0,219,1023,0,673,854,305,654,625,754,744,305,438
299,1023,0,222,1023,0,635,810,305,608,625,759,753,305,438
465,1023,0,468,1023,0,672,839,305,657,625,790,771,305,441
598,1023,0,489,1023,0,525,612,305,536,625,800,770,305,441
640,1023,0,479,1023,0,736,923,306,723,625,801,767,305,441
418,1023,0,312,1023,0,632,801,305,608,625,777,770,305,441
600,1023,0,432,1023,0,760,962,306,750,625,782,763,305,441
563,1023,0,681,1023,0,594,710,305,647,626,772,747,305,441
557,1023,0,395,1023,0,513,605,305,495,626,776,763,305,441
264,1023,0,95,767,0,703,918,305,688,626,411,409,305,441
303,1023,0,256,1023,0,811,1023,306,808,626,763,755,305,441
362,1023,0,104,832,0,442,483,305,422,626,471,440,305,441
352,1023,0,203,1023,0,772,999,306,762,626,779,768,305,445
503,1023,0,384,1023,0,618,774,305,592,626,794,772,305,445
275,1023,0,101,798,0,269,328,305,257,626,716,712,305,445
405,1023,0,192,1023,0,484,564,305,466,626,341,415,305,445
772,1023,0,601,1023,0,685,853,305,664,626,787,771,305,445
482,1023,0,240,1023,0,773,992,306,764,626,767,757,305,445
351,1023,0,163,1023,0,714,921,305,699,626,761,750,305,445
318,1023,0,258,1023,0,753,977,306,743,626,372,531,305,445
783,1023,0,481,1023,0,685,835,305,665,626,796,773,305,445
717,1023,0,372,1023,0,680,870,305,657,626,787,772,305,445
605,1023,0,260,1023,0,684,852,305,661,626,785,771,305,445
317,1023,0,106,798,0,591,757,305,562,626,749,748,305,445
383,1023,0,183,1023,0,682,879,305,664,626,769,760,305,445
627,1023,0,521,1023,0,875,1023,307,876,626,772,755,305,445
520,1023,0,325,1023,0,389,386,305,416,626,795,783,305,445
727,1023,0,499,1023,0,779,965,306,771,626,787,773,305,445
402,1023,0,239,1023,0,379,390,305,411,626,488,464,305,445
460,1023,0,257,1023,0,385,414,305,404,626,769,759,305,445
539,1023,0,252,1023,0,754,961,306,745,627,770,757,305,445
430,1023,0,223,1023,0,561,692,305,535,627,552,496,305,445
422,1023,0,324,1023,0,630,797,305,607,627,768,755,305,445
540,1023,0,310,1023,0,618,783,305,594,627,781,767,305,448
257,1023,0,159,1023,0,470,528,305,528,627,654,628,305,448
335,1023,0,118,818,0,680,877,305,662,627,754,750,305,448
507,1023,0,182,1023,0,729,925,306,711,627,770,761,305,448
436,1023,0,245,1023,0,693,887,305,671,627,772,754,305,448
256,1023,0,186,1023,0,694,881,305,680,627,802,799,305,448
608,1023,0,334,1023,0,590,729,305,565,627,773,760,305,448
420,1023,0,144,911,0,712,905,305,699,627,773,766,305,448
632,1023,0,327,1023,0,580,700,305,562,627,788,769,305,448
536,1023,0,274,1023,0,619,769,305,594,627,769,758,305,448
581,1023,0,398,1023,0,703,871,305,686,627,779,756,305,448
439,1023,0,184,1023,0,819,1023,306,816,627,778,763,305,448
336,1023,0,180,1023,0,507,609,305,472,627,458,423,305,448
466,1023,0,170,1023,0,604,743,305,582,627,522,500,305,448
491,1023,0,242,1023,0,703,890,305,687,627,781,776,305,448
481,1023,0,236,1023,0,740,939,306,728,627,771,765,305,448
378,1023,0,230,1023,0,742,957,306,731,627,530,503,305,451
593,1023,0,289,1023,0,580,696,305,556,628,828,770,305,451
626,1023,0,405,1023,0,511,584,305,489,628,769,751,305,451
448,1023,0,360,1023,0,659,847,305,642,628,783,772,305,451
629,1023,0,506,1023,0,707,881,305,690,628,772,758,305,451
401,1023,0,189,1023,0,686,871,305,668,628,238,460,305,451
239,1023,0,93,801,0,637,829,305,614,628,460,445,305,451
378,1023,0,299,1023,0,635,802,305,611,628,765,757,305,451
504,1023,0,215,1023,0,628,783,305,602,628,779,771,305,451
398,1023,0,246,1023,0,552,669,305,526,628,774,760,305,451
511,1023,0,484,1023,0,603,726,305,603,628,851,788,305,451
396,1023,0,119,972,0,499,591,305,469,628,622,596,305,451
536,1023,0,326,1023,0,863,1023,306,864,628,773,762,305,451
281,1023,0,216,1023,0,323,346,305,315,628,447,420,305,451
656,1023,0,559,1023,0,776,964,306,775,628,791,758,305,451
285,1023,0,177,1023,0,614,791,305,589,628,755,744,305,451
584,1023,0,561,1023,0,729,910,305,714,628,795,786,305,451
594,1023,0,415,1023,0,741,929,306,729,628,810,799,305,451
518,1023,0,250,1023,0,681,863,305,660,628,782,771,305,451
404,1023,0,260,1023,0,297,335,305,342,628,768,758,305,454
516,1023,0,240,1023,0,593,745,305,570,628,778,771,305,454
507,1023,0,271,1023,0,672,851,305,649,628,780,772,305,454
385,1023,0,308,1023,0,709,911,305,691,628,779,769,305,454
440,1023,0,198,1023,0,551,689,305,525,628,755,745,305,454
606,1023,0,324,1023,0,734,929,306,718,628,802,786,305,454
444,1023,0,209,1023,0,751,944,306,741,628,775,759,305,454
339,1023,0,205,1023,0,605,769,305,579,628,753,747,305,454
639,1023,0,479,1023,0,805,1011,306,798,628,797,757,305,454
760,1023,0,488,1023,0,750,909,305,738,628,790,771,305,454
328,1023,0,191,1023,0,443,485,305,421,629,541,516,305,454
341,1023,0,305,1023,0,751,969,306,741,629,773,767,305,454
515,1023,0,240,1023,0,744,932,306,732,629,772,759,305,454
529,1023,0,221,1023,0,506,575,305,479,629,767,757,305,454
377,889,0,170,417,0,618,687,305,603,629,511,375,305,454
259,1023,0,124,546,0,659,801,305,643,629,456,373,305,454
686,1023,0,372,1023,0,788,987,306,781,629,785,773,305,454
711,1023,0,591,1023,0,776,1002,306,765,629,792,770,305,454
416,1023,0,290,1023,0,652,827,305,630,629,789,782,305,454
430,1023,0,224,1023,0,777,991,306,769,629,778,763,305,454
666,1023,0,283,1023,0,655,814,305,633,629,780,765,305,454
525,1023,0,324,1023,0,745,946,306,734,629,788,778,305,454
384,1023,0,266,1023,0,640,810,305,615,629,764,760,305,458
569,1023,0,373,1023,0,631,792,305,607,629,780,761,305,458
625,1023,0,344,1023,0,734,922,306,716,629,771,763,305,458
542,1023,0,347,1023,0,684,879,305,667,629,785,774,305,458
464,1023,0,349,1023,0,725,920,306,711,629,782,765,305,458
356,1023,0,194,1023,0,555,694,305,528,629,754,746,305,458
731,1023,0,417,1023,0,506,541,305,493,629,811,789,305,458
429,1023,0,228,1023,0,613,772,305,586,629,762,750,305,458
527,1023,0,265,1023,0,631,781,305,605,629,773,763,305,458
346,1023,0,128,869,0,696,894,305,680,629,761,757,305,458
709,1023,0,353,1023,0,732,914,305,716,629,788,772,305,458
668,1023,0,587,1023,0,418,435,305,463,629,779,749,305,458
465,1023,0,184,1023,0,612,770,305,584,629,760,753,305,458
246,1023,0,132,1023,0,284,333,305,290,629,298,385,305,458
720,1023,0,406,1023,0,394,400,305,406,629,787,771,305,458
265,1023,0,167,1023,0,731,952,306,719,630,769,763,305,458
463,1023,0,290,1023,0,684,870,305,663,630,761,743,305,458
646,1023,0,346,1023,0,588,710,305,560,630,807,789,305,458
441,1023,0,324,1023,0,713,897,305,697,630,770,761,305,458
611,1023,0,412,1023,0,433,392,305,434,630,790,774,305,458
449,1023,0,193,1023,0,735,929,306,723,630,776,770,305,458
794,1023,0,521,1023,0,748,918,306,736,630,785,756,305,458
412,1023,0,283,1023,0,852,1023,306,852,630,784,772,305,458
670,1023,0,645,1023,0,549,659,305,541,630,783,767,305,458
615,1023,0,569,1023,0,732,887,305,713,630,800,786,305,458
434,1023,0,186,1023,0,641,818,305,617,630,758,745,305,458
703,1023,0,471,1023,0,449,463,305,464,630,794,778,305,461
325,1023,0,119,905,0,448,493,305,406,630,744,738,305,461
386,1023,0,188,1023,0,686,882,305,670,630,737,726,305,461
430,1023,0,162,1023,0,685,871,305,667,630,768,763,305,461
314,1023,0,98,726,0,720,933,306,707,630,755,745,305,461
357,1023,0,375,1023,0,707,890,305,723,630,703,690,305,461
622,1023,0,483,1023,0,845,1023,306,842,630,793,774,305,461
478,1023,0,244,1023,0,412,423,305,415,630,785,774,305,461
534,1023,0,270,1023,0,694,877,305,676,630,744,729,305,461
594,1023,0,324,1023,0,638,796,305,615,630,788,775,305,461
437,1023,0,434,1023,0,536,628,305,518,630,547,477,305,461
342,1023,0,154,1023,0,784,1012,306,778,630,761,756,305,461
264,1023,0,130,1023,0,480,584,305,447,631,463,448,305,461
454,1023,0,334,1023,0,627,793,305,604,631,783,769,305,461
278,1023,0,102,794,0,570,740,305,537,631,464,451,305,461
549,1023,0,352,1023,0,617,761,305,592,631,813,797,305,461
489,1023,0,184,1002,0,617,761,305,591,631,771,760,305,461
516,1023,0,317,1023,0,654,829,305,634,631,789,776,305,461
635,1023,0,330,1023,0,736,918,306,717,631,782,763,305,464
278,1023,0,336,1023,0,672,838,305,653,631,716,709,305,464
531,1023,0,569,1023,0,865,1023,307,865,631,809,775,305,464
554,1023,0,552,1023,0,605,752,305,583,631,779,760,305,464
292,1023,0,109,919,0,449,505,305,407,631,404,391,305,464
545,1023,0,344,1023,0,798,1019,306,791,631,775,759,305,464
437,1023,0,224,1023,0,825,1023,306,819,631,764,757,305,464
338,1023,0,177,1023,0,774,1002,306,766,631,775,768,305,464
292,1023,0,122,943,0,578,741,305,552,631,763,756,305,464
308,1023,0,132,1009,0,600,769,305,575,631,479,468,305,464
554,1023,0,317,1023,0,642,802,305,616,631,815,792,305,464
280,1023,0,136,1019,0,632,790,305,601,631,768,761,305,464
455,1023,0,275,1023,0,659,838,305,638,631,763,762,305,464
301,1023,0,86,660,0,556,703,305,531,631,446,421,305,464
768,1023,0,682,1023,0,882,1023,307,884,631,791,752,305,464
356,1023,0,146,1023,0,731,943,306,718,631,750,750,305,464
503,1023,0,236,1023,0,730,925,306,718,631,756,758,305,468
421,1023,0,149,939,0,620,782,305,595,631,766,753,305,468
310,1023,0,220,1023,0,686,879,305,669,631,764,757,305,468
496,1023,0,270,1023,0,386,369,305,392,632,569,536,305,468
566,1023,0,276,1023,0,774,970,306,765,632,772,754,305,468
415,1023,0,307,1023,0,713,907,305,700,632,776,766,305,468
616,1023,0,653,1023,0,806,1023,306,797,632,797,782,305,468
270,1023,0,202,1023,0,586,750,305,565,632,771,762,305,468
577,1023,0,457,1023,0,586,702,305,585,632,802,776,305,468
454,1023,0,361,1023,0,442,462,305,448,632,799,787,305,468
530,1023,0,227,1023,0,732,917,306,718,632,758,743,305,468
419,1023,0,197,1023,0,621,788,305,594,632,773,761,305,468
532,1023,0,399,1023,0,460,500,305,488,632,748,727,305,468
416,1023,0,253,1023,0,659,841,305,636,632,780,770,305,468
308,1023,0,146,1023,0,676,876,305,653,632,760,754,305,468
463,1023,0,226,1023,0,469,516,305,457,632,776,765,305,471
391,1023,0,282,1023,0,706,892,305,692,632,775,767,305,471
434,1023,0,226,1023,0,788,1009,306,780,632,771,752,305,471
419,1023,0,182,1023,0,633,804,305,607,632,786,776,305,471
506,1023,0,308,1023,0,683,858,305,662,632,775,767,305,471
233,1023,0,100,910,0,678,891,305,661,632,441,439,305,471
280,1023,0,214,1023,0,845,1023,306,844,632,719,696,305,471
283,1023,0,162,1023,0,649,832,305,629,633,767,769,305,471
370,1023,0,204,1023,0,663,850,305,645,633,786,773,305,471
288,1023,0,224,1023,0,553,698,305,522,633,508,480,305,471
332,1023,0,119,818,0,626,801,305,601,633,746,744,305,471
423,1023,0,503,1023,0,864,1023,306,865,633,804,782,305,471
342,1023,0,167,1023,0,633,815,305,607,633,771,764,305,471
421,1023,0,258,1023,0,674,860,305,656,633,759,748,305,474
762,1023,0,549,1023,0,720,886,305,701,633,813,791,305,474
321,1023,0,132,963,0,590,756,305,563,633,771,766,305,474
784,1023,0,540,1023,0,594,646,305,581,633,805,744,305,474
400,1023,0,140,954,0,626,796,305,603,633,757,750,305,474
377,1023,0,220,1023,0,524,648,305,492,633,764,754,305,474
262,1023,0,142,1023,0,304,334,305,329,633,365,366,305,474
569,1023,0,308,1023,0,684,861,305,663,633,803,788,305,474
625,1023,0,343,1023,0,717,898,305,700,633,793,780,305,474
554,1023,0,405,1023,0,594,751,305,567,633,769,749,305,474
684,1023,0,679,1023,0,761,952,306,752,633,838,813,305,474
517,1023,0,356,1023,0,757,955,306,745,633,778,757,305,474
436,1023,0,461,1023,0,736,903,305,723,633,746,732,305,474
580,1023,0,416,1023,0,521,608,305,510,633,644,601,305,474
691,1023,0,435,1023,0,891,1023,307,895,633,655,608,305,474
748,1023,0,495,1023,0,652,804,305,630,633,784,764,305,474
504,881,0,212,191,0,688,724,305,709,634,1013,814,305,477
496,1023,0,499,1023,0,783,994,306,775,634,773,751,305,477
487,1023,0,332,1023,0,675,864,305,654,634,779,768,305,477
405,1023,0,265,1023,0,391,411,305,379,634,791,783,305,477
493,1023,0,283,1023,0,361,376,305,408,634,762,745,305,477
239,1023,0,136,1023,0,399,430,305,400,634,516,495,305,477
545,1023,0,308,1023,0,718,917,305,703,634,774,761,305,477
336,1023,0,170,1023,0,662,851,305,637,634,771,762,305,477
421,1023,0,181,1023,0,614,771,305,586,634,784,775,305,477
385,1023,0,187,1023,0,600,757,305,574,634,782,775,305,477
375,1023,0,198,1023,0,402,409,305,434,634,540,508,305,477
420,1023,0,262,1023,0,762,976,306,753,634,781,763,305,477
435,1023,0,195,1023,0,668,855,305,648,634,775,766,305,477
575,1023,0,383,1023,0,815,1023,306,811,634,779,760,305,477
461,1023,0,309,1023,0,839,1023,306,838,634,775,766,305,537
692,1023,0,333,1023,0,396,403,305,412,634,811,793,305,537
268,1023,0,122,929,0,473,557,305,481,634,759,749,305,537
492,1023,0,337,1023,0,755,962,306,746,634,787,771,305,537
416,1023,0,159,938,0,604,756,305,575,634,753,745,305,537
261,1023,0,121,925,0,612,790,305,586,634,722,716,305,537
532,1023,0,377,1023,0,695,884,305,675,634,791,783,305,537
420,1023,0,214,1023,0,730,928,306,717,634,767,754,305,537
441,1023,0,193,1023,0,699,893,305,681,634,777,774,305,537
341,1023,0,123,862,0,597,765,305,567,634,757,754,305,537
435,1023,0,246,1023,0,793,1002,306,787,634,766,759,305,537
366,1023,0,154,1023,0,611,777,305,584,634,762,758,305,537
530,1023,0,243,1023,0,721,902,305,708,634,775,748,305,537
262,1023,0,210,1023,0,478,581,305,440,634,449,438,305,537
439,1023,0,108,730,0,557,682,305,528,634,717,701,305,537
446,1023,0,274,1023,0,724,929,306,709,634,794,785,305,537
515,1023,0,301,1023,0,479,532,305,461,634,782,773,305,537
672,1023,0,437,1023,0,729,913,305,714,634,799,782,305,537
554,1023,0,343,1023,0,788,1005,306,781,634,651,611,305,537
613,1023,0,368,1023,0,719,908,305,704,634,773,753,305,537
795,1023,0,650,1023,0,444,451,305,472,634,850,812,305,537
460,1023,0,176,1002,0,732,926,306,720,634,753,750,305,537
554,1023,0,269,1023,0,353,361,305,385,634,799,785,305,537
319,1023,0,209,1023,0,426,471,305,442,634,767,758,305,537
328,1023,0,181,1023,0,593,754,305,566,635,762,757,305,537
449,1023,0,550,1023,0,502,613,305,559,635,782,770,305,537
603,1023,0,358,1023,0,771,973,306,762,635,785,772,305,537
733,1023,0,582,1023,0,930,1023,307,938,635,801,762,305,537
533,1023,0,278,1023,0,682,865,305,659,635,787,775,305,540
454,1023,0,201,1023,0,497,574,305,474,635,753,736,305,540
621,1023,0,305,1023,0,739,929,306,722,635,778,767,305,540
429,1023,0,219,1023,0,617,779,305,588,635,792,784,305,540
424,1023,0,267,1023,0,380,358,305,394,635,758,747,305,540
279,1023,0,87,698,0,534,674,305,499,635,131,345,305,540
512,1023,0,151,849,0,633,795,305,607,635,758,742,305,540
354,1023,0,127,858,0,608,776,305,586,635,758,752,305,540
404,1023,0,228,1023,0,663,846,305,639,635,756,746,305,540
588,1023,0,360,1023,0,715,900,305,698,635,787,770,305,540
542,1023,0,336,1023,0,768,974,306,759,635,790,777,305,540
260,1023,0,132,1023,0,372,359,305,355,635,434,413,305,540
519,1023,0,425,1023,0,619,773,305,595,635,774,749,305,540
422,1023,0,286,1023,0,411,401,305,412,635,787,777,305,540
436,1023,0,207,1023,0,626,780,305,599,635,767,752,305,540
382,1023,0,392,1023,0,618,781,305,603,635,771,758,305,540
395,1023,0,210,1023,0,681,867,305,662,635,763,759,305,540
452,1023,0,414,1023,0,690,880,305,672,635,768,756,305,540
694,1023,0,424,1023,0,932,1023,307,941,635,777,754,305,540
773,1023,0,577,1023,0,846,1023,307,845,635,803,779,305,540
763,1023,0,590,1023,0,731,910,305,716,635,775,746,305,540
804,1023,0,659,1023,0,823,1023,306,819,635,825,791,305,540
446,1023,0,332,1023,0,748,960,306,737,635,780,769,305,540
601,1023,0,400,1023,0,697,872,305,681,635,787,776,305,540
618,1023,0,418,1023,0,654,829,305,636,635,769,749,305,543
744,1023,0,476,1023,0,777,976,306,768,635,785,765,305,543
656,1023,0,615,1023,0,530,601,305,515,635,833,819,305,543
266,1023,0,298,1023,0,380,383,305,394,635,490,473,305,543
630,1023,0,408,1023,0,664,826,305,642,635,777,755,305,543
291,1023,0,251,1023,0,369,386,305,396,635,506,483,305,543
381,1023,0,391,1023,0,604,757,305,575,635,538,504,305,543
666,1023,0,374,1023,0,388,371,305,405,635,776,755,305,543
573,1023,0,376,1023,0,407,390,305,426,635,794,781,305,543
584,1023,0,390,1023,0,732,907,305,719,635,756,728,305,543
382,1023,0,252,1023,0,750,957,306,739,636,772,766,305,543
275,1023,0,94,770,0,360,340,305,353,636,377,367,305,543
636,1023,0,258,1023,0,675,844,305,655,636,786,774,305,543
779,1023,0,589,1023,0,668,807,305,650,636,832,766,305,543
522,1023,0,277,1023,0,659,840,305,637,636,768,765,305,543
611,1023,0,281,1023,0,435,409,305,437,636,773,752,305,543
713,1023,0,594,1023,0,851,1023,307,848,636,813,788,305,543
469,1023,0,259,1023,0,528,630,305,506,636,487,447,305,543
356,1023,0,152,1008,0,564,706,305,532,636,753,745,305,543
346,1023,0,231,1023,0,617,786,305,595,636,764,758,305,543
518,1023,0,304,1023,0,605,755,305,581,636,773,763,305,543
517,1023,0,612,1023,0,822,1023,306,818,636,643,581,305,543
661,1023,0,322,1023,0,686,860,305,667,636,787,771,305,543
386,1023,0,213,1023,0,709,906,305,690,636,778,771,305,543
512,1023,0,608,1023,0,795,1009,306,787,636,787,772,305,543
492,1023,0,262,1023,0,367,352,305,387,636,549,512,305,543
372,1023,0,276,1023,0,425,414,305,426,636,548,511,305,543
374,1023,0,201,1023,0,606,779,305,588,636,501,457,305,543
479,1023,0,274,1023,0,717,901,305,704,636,787,776,305,543
385,1023,0,155,1023,0,316,329,305,357,636,761,751,305,543
402,1023,0,121,771,0,636,805,305,610,636,758,748,305,543
384,1023,0,143,982,0,661,844,305,642,636,758,748,305,543
489,1023,0,409,1023,0,717,910,305,702,636,833,824,305,543
568,1023,0,322,1023,0,663,840,305,642,636,786,770,305,547
549,1023,0,313,1023,0,610,746,305,591,636,770,756,305,547
402,1023,0,309,1023,0,829,1023,306,825,636,815,806,305,547
485,1023,0,322,1023,0,683,878,305,662,636,782,770,305,547
518,1023,0,260,1023,0,846,1023,306,845,636,805,790,305,547
482,1023,0,274,1023,0,819,1023,306,814,636,778,765,305,547
475,1023,0,330,1023,0,832,1023,306,829,636,832,823,305,547
571,1023,0,270,1023,0,614,778,305,589,636,757,749,305,547
486,1023,0,288,1023,0,680,864,305,660,636,778,764,305,547
322,1023,0,121,891,0,815,1023,306,811,637,773,767,305,547
284,1023,0,149,1023,0,607,781,305,582,637,514,489,305,547
314,1023,0,145,1023,0,530,670,305,502,637,440,427,305,547
372,1023,0,160,1023,0,678,871,305,656,637,770,757,305,547
486,1023,0,307,1023,0,647,815,305,624,637,731,744,305,547
386,1023,0,212,1023,0,597,756,305,572,637,781,771,305,547
477,1023,0,309,1023,0,344,364,305,363,637,767,756,305,547
531,1023,0,262,1023,0,496,569,305,474,637,788,774,305,547
536,1023,0,374,1023,0,578,702,305,554,637,778,741,305,547
458,1023,0,234,1023,0,426,411,305,422,637,728,717,305,550
584,1023,0,239,1023,0,719,892,305,704,637,792,774,305,550
611,1023,0,335,1023,0,737,917,306,725,637,765,747,305,550
225,1023,0,204,1023,0,357,363,305,487,637,428,394,305,550
503,1023,0,227,1023,0,612,750,305,586,637,760,746,305,550
533,1023,0,408,1023,0,717,908,305,701,637,783,766,305,550
288,1023,0,165,1023,0,688,890,305,672,637,765,760,305,550
397,1023,0,82,569,0,752,970,306,739,637,385,413,305,550
581,1023,0,350,1023,0,822,1003,307,817,637,780,760,305,550
720,1023,0,598,1023,0,763,954,306,751,637,847,780,305,550
580,1023,0,365,1023,0,385,369,305,414,637,830,810,305,550
373,1023,0,226,1023,0,771,987,306,763,637,780,773,305,550
544,1023,0,269,1023,0,789,1006,306,778,637,772,758,305,550
609,1023,0,537,1023,0,844,1023,306,841,637,828,808,305,550
379,1023,0,348,1023,0,827,1023,306,822,637,385,487,305,550
576,1023,0,358,1023,0,758,963,306,746,637,811,798,305,550
652,1023,0,407,1023,0,815,1010,306,810,637,808,780,305,550
539,1023,0,217,1023,0,677,856,305,656,637,769,766,305,550
198,1023,0,160,1023,0,297,351,305,362,637,405,399,305,550
383,1023,0,191,1023,0,598,754,305,567,637,770,757,305,553
408,1023,0,244,1023,0,781,1007,306,772,637,782,769,305,553
672,1023,0,402,1023,0,647,809,305,625,638,813,800,305,553
338,1023,0,152,1023,0,648,834,305,630,638,523,476,305,553
478,1023,0,344,1023,0,701,893,305,685,638,783,773,305,553
356,1023,0,178,1023,0,626,801,305,600,638,779,769,305,553
541,1023,0,298,1023,0,667,839,305,646,638,784,773,305,553
673,1023,0,365,1023,0,723,897,305,709,638,592,529,305,553
783,1023,0,630,1023,0,794,990,306,785,638,818,805,305,553
424,1023,0,303,1023,0,478,507,305,460,638,765,758,305,553
369,1023,0,192,1023,0,330,351,305,373,638,772,767,305,553
310,1023,0,294,1023,0,577,713,305,552,638,729,717,305,553
702,1023,0,425,1023,0,804,997,306,796,638,842,830,305,553
600,1023,0,562,1023,0,607,733,305,604,638,790,761,305,553
604,1023,0,496,1023,0,907,1023,307,912,638,809,789,305,553
715,1023,0,380,1023,0,767,961,306,757,638,770,755,305,553
496,1023,0,300,1023,0,700,900,305,681,638,790,772,305,553
744,1023,0,429,1023,0,646,798,305,624,638,758,710,305,553
448,1023,0,186,1023,0,710,903,305,695,638,809,799,305,553
470,1023,0,375,1023,0,783,999,306,775,638,789,774,305,553
621,1023,0,453,1023,0,785,980,306,776,638,773,740,305,553
476,1023,0,413,1023,0,374,380,305,411,638,789,767,305,553
433,1023,0,185,1023,0,722,918,305,709,638,782,775,305,556
694,1023,0,476,1023,0,652,792,305,631,638,784,771,305,556
334,1023,0,241,1023,0,621,794,305,595,638,775,764,305,556
286,1023,0,127,938,0,572,729,305,541,638,500,480,305,556
546,1023,0,297,1023,0,366,361,305,384,638,789,764,305,556
394,1023,0,224,1023,0,626,793,305,601,638,778,768,305,556
443,1023,0,156,1023,0,483,553,305,460,638,482,468,305,556
506,1023,0,380,1023,0,734,921,306,720,638,786,769,305,556
397,1023,0,380,1023,0,602,741,305,576,638,756,736,305,556
642,1023,0,301,1023,0,765,961,306,755,638,762,744,305,556
467,1023,0,479,1023,0,834,1023,306,832,638,801,774,305,556
628,1023,0,408,1023,0,774,979,306,765,638,793,770,305,556
727,1023,0,458,1023,0,615,749,305,593,638,837,815,305,556
304,1023,0,185,1023,0,271,338,305,315,638,454,403,305,556
320,1023,0,97,710,0,672,869,305,653,638,742,734,305,556
357,1023,0,256,1023,0,602,749,305,581,638,762,754,305,556
543,1023,0,383,1023,0,777,987,306,767,639,775,757,305,556
586,1023,0,288,1023,0,777,981,306,769,639,787,775,305,556
665,1023,0,692,1023,0,777,955,306,773,639,804,767,305,556
479,1023,0,191,1023,0,671,847,305,652,639,765,760,305,556
422,1023,0,396,1023,0,725,902,305,711,639,768,733,305,556
547,1023,0,530,1023,0,673,848,305,662,639,795,778,305,556
466,1023,0,259,1023,0,722,921,306,706,639,775,766,305,556
452,1023,0,199,1023,0,355,351,305,389,639,770,763,305,556
488,1023,0,248,1023,0,766,975,306,756,639,773,762,305,556
627,1023,0,412,1023,0,788,982,306,780,639,795,774,305,556
343,1023,0,135,915,0,300,337,305,318,639,754,746,305,556
322,1023,0,173,1023,0,707,913,305,693,639,758,753,305,556
523,1023,0,314,1023,0,787,1001,306,779,639,772,761,305,556
531,1023,0,393,1023,0,787,971,306,778,639,797,757,305,556
496,1023,0,187,831,0,663,838,305,644,639,438,385,305,556
409,1023,0,287,1023,0,514,616,305,489,639,797,783,305,556
470,1023,0,292,1023,0,426,420,305,435,639,775,759,305,556
630,1023,0,354,1023,0,752,927,306,740,639,776,758,305,556
482,1023,0,256,1023,0,765,978,306,756,639,784,772,305,556
575,1023,0,393,1023,0,494,518,305,474,639,772,745,305,556
337,1023,0,218,1023,0,600,756,305,580,639,770,759,305,556
431,1023,0,396,1023,0,558,684,305,536,639,799,782,305,556
713,1023,0,353,1023,0,815,1009,306,809,639,785,764,305,556
668,1023,0,479,1023,0,816,1023,306,811,639,784,766,305,556
418,1023,0,255,1023,0,694,888,305,677,639,789,779,305,556
697,1023,0,612,1023,0,612,754,305,593,639,770,752,305,556
251,1023,0,133,1023,0,440,498,305,423,639,494,483,305,556
430,1023,0,251,1023,0,596,740,305,566,639,509,449,305,556
406,1023,0,283,1023,0,709,902,305,696,639,754,747,305,560
707,1023,0,399,1023,0,750,901,305,736,639,769,751,305,560
548,1023,0,305,1023,0,720,910,305,701,639,781,763,305,560
609,1023,0,284,1023,0,706,864,305,689,639,782,763,305,560
701,1023,0,578,1023,0,927,1023,307,934,639,799,762,305,560
431,1023,0,221,1023,0,445,483,305,436,639,777,769,305,560
521,1023,0,230,1023,0,784,985,306,776,639,777,764,305,560
271,1023,0,122,1023,0,386,383,305,401,639,698,698,305,560
205,1023,0,249,1023,0,333,375,305,366,639,463,454,305,560
311,1023,0,134,1023,0,645,834,305,623,639,741,739,305,560
545,1023,0,319,1023,0,501,571,305,478,639,777,766,305,560
718,1023,0,339,1023,0,700,866,305,681,639,779,767,305,560
459,1023,0,237,1023,0,361,368,305,383,639,770,745,305,560
535,1023,0,329,1023,0,753,954,306,740,639,783,762,305,560
387,1023,0,232,1023,0,631,806,305,608,639,785,773,305,560
500,1023,0,344,1023,0,664,832,305,642,639,780,769,305,560
241,1023,0,94,737,0,621,805,305,598,640,733,729,305,560
414,1023,0,186,1023,0,677,858,305,656,640,766,753,305,560
378,1023,0,261,1023,0,833,1023,306,832,640,775,765,305,560
431,1023,0,261,1023,0,487,557,305,466,640,773,759,305,560
510,1023,0,411,1023,0,671,833,305,648,640,776,758,305,560
225,1023,0,147,1023,0,641,834,305,619,640,407,381,305,560
765,1023,0,541,1023,0,430,412,305,458,640,647,589,305,560
500,1023,0,271,1023,0,703,871,305,686,640,745,732,305,560
554,1023,0,517,1023,0,701,874,305,683,640,779,759,305,560
456,1023,0,216,1023,0,707,891,305,689,640,767,754,305,560
340,1023,0,249,1023,0,591,753,305,567,640,545,525,305,560
496,1023,0,352,1023,0,377,372,305,385,640,776,767,305,560
787,1023,0,500,1023,0,756,932,306,744,640,779,760,305,560
574,1023,0,660,1023,0,615,750,305,593,640,773,742,305,560
821,1023,0,554,1023,0,811,999,306,804,640,781,740,305,560
376,1023,0,234,1023,0,730,947,306,718,640,562,530,305,563
475,1023,0,403,1023,0,744,942,306,732,640,779,767,305,563
528,1023,0,191,1023,0,691,856,305,671,640,765,752,305,563
415,1023,0,192,1023,0,739,949,306,728,640,781,775,305,563
534,1023,0,299,1023,0,696,884,305,675,640,788,779,305,563
518,1023,0,210,1023,0,627,781,305,601,640,752,720,305,563
396,1023,0,390,1023,0,760,971,306,749,640,772,755,305,563
480,1023,0,345,1023,0,793,1004,306,786,640,776,765,305,563
397,1023,0,215,1023,0,676,863,305,660,640,778,752,305,563
669,1023,0,457,1023,0,639,779,305,618,640,795,774,305,563
672,1023,0,348,1023,0,676,842,305,654,640,782,766,305,563
608,1023,0,441,1023,0,519,575,305,522,640,816,792,305,563
399,1023,0,164,1023,0,747,952,306,734,640,772,766,305,563
419,1023,0,161,1023,0,636,814,305,611,640,768,754,305,563
578,1023,0,375,1023,0,731,925,306,717,640,789,775,305,563
468,1023,0,254,1023,0,802,1021,306,796,640,778,768,305,563
404,1023,0,436,1023,0,786,1009,306,778,640,729,723,305,563
750,1023,0,475,1023,0,595,712,305,571,640,802,777,305,563
730,1023,0,485,1023,0,525,609,305,512,640,829,812,305,563
525,1023,0,380,1023,0,775,986,306,765,641,817,803,305,563
482,1023,0,209,1023,0,734,937,306,715,641,792,787,305,563
461,1023,0,337,1023,0,490,560,305,473,641,810,797,305,563
463,1023,0,205,1023,0,472,541,305,437,641,770,759,305,563
692,1023,0,706,1023,0,918,1023,307,925,641,806,775,305,563
720,1023,0,433,1023,0,708,876,305,693,641,771,751,305,563
553,1023,0,283,1023,0,409,388,305,410,641,782,767,305,563
569,1023,0,301,1023,0,756,960,306,745,641,776,768,305,563
537,1023,0,385,1023,0,401,408,305,433,641,802,791,305,563
629,1023,0,416,1023,0,577,701,305,550,641,786,765,305,563
494,1023,0,194,1023,0,567,692,305,536,641,760,753,305,563
514,1023,0,303,1023,0,645,813,305,621,641,771,762,305,563
516,1023,0,465,1023,0,797,1017,306,790,641,790,777,305,566
492,1023,0,234,1023,0,672,845,305,649,641,789,771,305,566
415,1023,0,463,1023,0,637,802,305,617,641,745,735,305,566
568,1023,0,453,1023,0,682,827,305,662,641,753,741,305,566
690,1023,0,341,1023,0,866,1023,307,865,641,774,755,305,566
299,1023,0,160,1023,0,575,727,305,543,641,448,412,305,566
511,1023,0,382,1023,0,785,1002,306,775,641,782,771,305,566
543,1023,0,431,1023,0,417,413,305,434,641,775,757,305,566
646,1023,0,391,1023,0,739,900,305,726,641,794,776,305,566
511,1023,0,330,1023,0,531,631,305,525,641,775,763,305,566
522,1023,0,341,1023,0,724,905,305,710,641,763,747,305,566
604,1023,0,369,1023,0,786,992,306,776,641,776,761,305,566
430,1023,0,329,1023,0,483,558,305,478,641,779,768,305,566
554,1023,0,255,1023,0,687,866,305,666,641,783,772,305,566
383,1023,0,216,1023,0,488,572,305,473,641,776,769,305,566
413,1023,0,176,1023,0,341,352,305,354,641,502,481,305,566
436,1023,0,236,1023,0,402,370,305,403,641,790,781,305,566
347,1023,0,183,1023,0,694,896,305,679,641,543,520,305,566
319,1023,0,184,1023,0,744,957,306,733,641,458,452,305,566
755,1023,0,522,1023,0,808,1023,306,804,641,794,772,305,566
533,1023,0,435,1023,0,746,946,306,735,641,799,785,305,566
564,1023,0,506,1023,0,840,1023,306,836,641,815,802,305,566
537,1023,0,336,1023,0,634,782,305,615,642,815,802,305,566
520,1023,0,325,1023,0,652,827,305,627,642,764,758,305,566
388,1023,0,294,1023,0,779,1000,306,770,642,785,775,305,566
434,1023,0,171,1023,0,731,928,306,718,642,766,756,305,566
640,1023,0,245,1023,0,658,823,305,632,642,776,767,305,570
290,1023,0,155,1023,0,385,366,305,387,642,763,755,305,570
544,1023,0,239,1023,0,622,761,305,599,642,758,730,305,570
318,1023,0,255,1023,0,742,961,306,732,642,568,545,305,570
387,1023,0,143,927,0,198,338,305,306,642,459,435,305,570
651,1023,0,561,1023,0,737,923,306,727,642,802,783,305,570
519,1023,0,244,1023,0,677,857,305,658,642,760,749,305,570
538,1023,0,397,1023,0,435,465,305,426,642,773,763,305,570
265,1023,0,203,1023,0,429,455,305,426,642,752,748,305,570
381,1023,0,186,1023,0,588,740,305,563,642,763,754,305,570
578,1023,0,295,1023,0,352,368,305,407,642,799,774,305,570
541,1023,0,354,1023,0,757,964,306,746,642,831,817,305,570
592,1023,0,351,1023,0,667,832,305,644,642,782,765,305,570
598,1023,0,282,1023,0,684,860,305,661,642,786,776,305,570
458,1023,0,208,1023,0,589,718,305,566,642,767,757,305,570
413,1023,0,249,1023,0,309,342,305,321,642,760,747,305,570
513,1023,0,342,1023,0,629,779,305,606,642,773,763,305,570
298,1023,0,126,874,0,607,784,305,584,642,749,739,305,570
468,1023,0,194,1023,0,658,841,305,633,642,771,763,305,570
305,1023,0,415,1023,0,447,441,305,490,642,792,756,305,570
406,1023,0,295,1023,0,702,899,305,685,642,808,797,305,570
464,1023,0,223,1023,0,521,627,305,497,642,781,772,305,570
574,1023,0,428,1023,0,678,849,305,656,642,794,779,305,570
550,1023,0,596,1023,0,855,1023,306,854,643,808,792,305,573
350,1023,0,185,1023,0,726,931,306,713,643,773,767,305,573
484,1023,0,187,1023,0,635,816,305,612,643,769,755,305,573
535,1023,0,337,1023,0,562,685,305,532,643,784,772,305,573
667,1023,0,381,1023,0,724,908,305,704,643,817,808,305,573
750,1023,0,573,1023,0,709,891,305,693,643,848,783,305,573
274,1023,0,159,1023,0,526,657,305,497,643,447,426,305,573
536,1023,0,299,1023,0,724,911,305,709,643,786,766,305,573
374,1023,0,215,1023,0,739,942,306,726,643,778,765,305,573
604,1023,0,339,1023,0,726,917,305,707,643,772,756,305,573
349,1023,0,176,1023,0,548,681,305,523,643,774,761,305,573
798,1023,0,496,1023,0,401,421,305,438,643,835,793,305,573
339,1023,0,177,1023,0,348,346,305,375,643,759,750,305,573
359,1023,0,128,1005,0,645,831,305,620,643,470,436,305,573
623,1023,0,411,1023,0,635,787,305,614,643,778,762,305,573
509,1023,0,208,1023,0,519,614,305,490,643,774,767,305,573
350,1023,0,189,1023,0,664,857,305,644,643,773,762,305,573
443,1023,0,322,1023,0,674,856,305,652,643,782,777,305,573
430,1023,0,205,1023,0,326,357,305,353,643,764,757,305,573
479,1023,0,278,1023,0,680,859,305,662,643,773,763,305,573
494,1023,0,269,1023,0,672,846,305,650,643,810,798,305,573
658,1023,0,431,1023,0,412,439,305,431,643,843,825,305,573
414,1023,0,143,893,0,635,801,305,610,643,757,753,305,576
527,1023,0,322,1023,0,705,892,305,687,643,776,768,305,576
272,1023,0,142,1023,0,544,668,305,511,643,669,656,305,576
624,1023,0,311,1023,0,620,770,305,594,643,775,759,305,576
474,1023,0,260,1023,0,638,804,305,614,643,775,768,305,576
273,1023,0,126,953,0,337,353,305,360,643,431,409,305,576
498,1023,0,314,1023,0,708,896,305,693,643,770,760,305,576
586,1023,0,222,1023,0,431,432,305,435,643,773,757,305,576
462,1023,0,225,1023,0,639,795,305,615,643,783,773,305,576
768,1023,0,614,1023,0,623,771,305,605,643,847,802,305,576
652,1023,0,439,1023,0,377,381,305,379,643,784,766,305,576
664,1023,0,431,1023,0,801,1022,306,793,643,789,773,305,576
442,1023,0,189,1023,0,653,825,305,629,644,774,769,305,576
397,1023,0,188,1023,0,322,345,305,385,644,783,775,305,576
410,1023,0,178,1023,0,707,902,305,695,644,776,769,305,576
763,1023,0,523,1023,0,758,943,306,746,644,835,764,305,576
278,1023,0,101,781,0,445,498,305,421,644,508,497,305,576
776,1023,0,614,1023,0,761,920,306,750,644,844,767,305,576
492,1023,0,196,1018,0,725,914,305,711,644,767,756,305,576
593,1023,0,454,1023,0,856,1023,306,854,644,558,496,305,576
315,1023,0,189,1023,0,650,831,305,628,644,765,755,305,576
483,1023,0,279,1023,0,553,681,305,530,644,778,766,305,576
409,1023,0,335,1023,0,441,420,305,462,644,746,735,305,576
578,1023,0,418,1023,0,734,929,306,716,644,825,810,305,576
341,1023,0,112,775,0,564,714,305,532,644,765,751,305,576
655,1023,0,317,1023,0,482,539,305,493,644,808,798,305,576
584,1023,0,352,1023,0,511,596,305,520,644,776,759,305,576
578,1023,0,345,1023,0,780,979,306,773,644,797,785,305,576
789,1023,0,541,1023,0,717,877,305,699,644,841,812,305,576
526,1023,0,234,1023,0,659,832,305,632,644,785,773,305,576
425,1023,0,283,1023,0,650,825,305,629,644,788,780,305,579
689,1023,0,475,1023,0,672,826,305,648,644,794,771,305,579
484,1023,0,370,1023,0,761,950,306,750,644,778,758,305,579
445,1023,0,196,1023,0,664,848,305,644,644,773,764,305,579
638,1023,0,475,1023,0,440,468,305,446,644,795,778,305,579
519,1023,0,203,1023,0,763,973,306,751,644,513,452,305,579
462,1023,0,196,1023,0,729,925,306,717,644,772,764,305,579
492,1023,0,214,1023,0,433,462,305,414,644,765,746,305,579
380,1023,0,357,1023,0,776,995,306,767,644,814,804,305,579
259,1023,0,120,929,0,636,824,305,616,644,458,434,305,579
506,1023,0,450,1023,0,595,746,305,576,645,792,784,305,579
399,1023,0,235,1023,0,725,928,306,711,645,761,752,305,579
457,1023,0,282,1023,0,756,969,306,738,645,793,779,305,579
600,1023,0,380,1023,0,744,958,306,732,645,788,774,305,579
460,1023,0,203,1023,0,641,808,305,615,645,767,749,305,579
421,1023,0,175,1023,0,642,821,305,619,645,762,752,305,579
293,1023,0,428,1023,0,704,881,305,689,645,489,447,305,579
591,1023,0,457,1023,0,703,886,305,683,645,802,786,305,579
755,1023,0,531,1023,0,675,844,305,657,645,865,840,305,579
348,1023,0,185,1023,0,691,886,305,675,645,774,765,305,579
266,1023,0,74,579,0,574,733,305,548,645,427,419,305,579
582,1023,0,584,1023,0,737,905,305,724,645,748,719,305,583
560,1023,0,254,1023,0,611,775,305,585,645,769,755,305,583
389,1023,0,181,1023,0,627,790,305,605,645,768,739,305,583
677,1023,0,460,1023,0,868,1023,307,867,645,787,765,305,583
501,1023,0,289,1023,0,590,739,305,568,645,775,762,305,583
681,1023,0,418,1023,0,708,880,305,693,645,852,808,305,583
456,1023,0,236,1023,0,746,941,306,734,645,775,762,305,583
496,1023,0,284,1023,0,333,372,305,414,645,565,523,305,583
541,1023,0,343,1023,0,637,798,305,614,645,780,758,305,583
390,1023,0,300,1023,0,781,979,306,773,645,757,746,305,583
550,1023,0,410,1023,0,588,710,305,566,645,757,740,305,583
464,1023,0,347,1023,0,745,950,306,733,645,792,778,305,583
393,1023,0,221,1023,0,538,662,305,511,645,768,756,305,583
622,1023,0,472,1023,0,767,965,306,756,646,780,769,305,583
564,1023,0,222,1023,0,618,789,305,593,646,740,731,305,583
723,1023,0,475,1023,0,803,1004,306,795,646,838,819,305,583
354,1023,0,182,1023,0,806,1023,306,801,646,763,756,305,583
443,1023,0,419,1023,0,797,1015,306,790,646,587,540,305,583
425,1023,0,201,1023,0,397,377,305,381,646,775,763,305,583
419,1023,0,198,1023,0,674,860,305,655,646,758,744,305,583
500,1023,0,242,1023,0,651,826,305,626,646,773,758,305,583
601,1023,0,331,1023,0,868,1023,306,868,646,797,784,305,583
366,1023,0,133,904,0,653,834,305,631,646,448,433,305,583
426,1023,0,220,1023,0,489,578,305,460,646,766,757,305,583
709,1023,0,397,1023,0,695,869,305,681,646,791,773,305,583
535,1023,0,316,1023,0,847,1023,306,845,646,798,787,305,586
531,1023,0,323,1023,0,736,930,306,722,646,810,789,305,586
573,1023,0,549,1023,0,737,926,306,725,646,815,800,305,586
616,1023,0,422,1023,0,749,940,306,737,646,786,762,305,586
343,1023,0,141,1023,0,620,801,305,591,646,752,748,305,586
671,1023,0,382,1023,0,729,920,306,716,646,788,769,305,586
576,1023,0,610,1023,0,856,1023,307,856,646,788,744,305,586
804,1023,0,479,1023,0,825,1009,307,820,646,835,790,305,586
501,1023,0,332,1023,0,635,797,305,612,646,764,754,305,586
344,1023,0,130,1001,0,686,883,305,668,646,752,746,305,586
582,1023,0,314,1023,0,848,1023,306,846,646,838,812,305,586
618,1023,0,405,1023,0,622,762,305,600,646,783,767,305,586
278,1023,0,75,582,0,406,434,305,381,646,530,511,305,586
513,1023,0,258,1023,0,482,539,305,477,646,786,774,305,586
561,1023,0,553,1023,0,727,902,305,712,646,773,741,305,586
385,1023,0,182,1023,0,606,769,305,580,646,761,756,305,586
561,1023,0,411,1023,0,496,567,305,475,646,800,780,305,586
614,1023,0,589,1023,0,812,1021,306,805,646,766,734,305,586
507,1023,0,253,1023,0,477,531,305,456,646,772,759,305,586
442,1023,0,217,1023,0,360,369,305,395,646,771,757,305,586
298,1023,0,164,1023,0,732,948,306,719,646,750,749,305,586
450,1023,0,107,425,0,436,368,305,427,646,469,402,305,586
504,1023,0,327,1023,0,785,999,306,776,646,775,766,305,586
551,1023,0,619,1023,0,686,850,305,665,646,822,806,305,586
546,1023,0,289,1023,0,361,356,305,380,647,777,772,305,586
536,1023,0,265,1023,0,662,821,305,654,647,787,758,305,586
718,1023,0,425,1023,0,739,920,306,726,647,812,787,305,589
263,1023,0,107,803,0,323,347,305,311,647,726,722,305,589
465,1023,0,260,1023,0,422,456,305,430,647,772,763,305,589
682,1023,0,497,1023,0,693,854,305,671,647,783,765,305,589
743,1023,0,389,1023,0,711,882,305,691,647,786,764,305,589
725,1023,0,552,1023,0,789,1008,306,780,647,868,814,305,589
610,1023,0,377,1023,0,684,859,305,661,647,789,775,305,589
429,1023,0,265,1023,0,661,845,305,642,647,777,768,305,589
502,1023,0,352,1023,0,751,952,306,740,647,785,763,305,589
478,1023,0,215,1023,0,505,594,305,482,647,771,750,305,589
582,1023,0,299,1023,0,673,834,305,653,647,788,766,305,589
285,1023,0,127,1013,0,628,810,305,603,647,758,752,305,589
481,1023,0,435,1023,0,608,766,305,585,647,801,790,305,589
429,1023,0,194,1023,0,545,666,305,517,647,771,766,305,589
662,1023,0,294,1023,0,761,952,306,751,647,776,762,305,593
643,1023,0,503,1023,0,762,950,306,751,647,786,767,305,593
640,1023,0,430,1023,0,827,1023,306,824,647,782,768,305,593
522,1023,0,516,1023,0,802,1016,306,794,647,556,501,305,593
564,1023,0,588,1023,0,880,1023,307,881,647,801,780,305,593
589,1023,0,226,1023,0,644,796,305,621,648,792,773,305,593
233,1023,0,111,570,0,214,320,305,285,648,338,335,305,593
604,1023,0,316,1023,0,634,795,305,608,648,768,761,305,593
533,1023,0,449,1023,0,557,678,305,545,648,780,768,305,593
782,1023,0,469,1023,0,400,422,305,424,648,831,815,305,593
816,1023,0,530,1023,0,396,422,305,443,648,831,813,305,593
559,1023,0,363,1023,0,714,887,305,699,648,773,751,305,593
199,1023,0,220,1023,0,427,456,305,478,648,492,468,305,593
402,1023,0,232,1023,0,621,789,305,594,648,782,769,305,593
586,1023,0,344,1023,0,657,792,305,634,648,778,765,305,593
574,1023,0,389,1023,0,827,1023,306,823,648,780,767,305,593
420,1023,0,176,1023,0,605,757,305,579,648,775,769,305,593
626,1023,0,313,1023,0,632,776,305,607,648,781,761,305,593
473,1023,0,294,1023,0,629,787,305,606,648,772,763,305,593
650,1023,0,426,1023,0,755,944,306,738,648,791,771,305,593
430,1023,0,177,1023,0,834,1023,306,832,648,772,763,305,593
524,1023,0,253,1023,0,741,936,306,728,648,768,756,305,593
299,1023,0,107,792,0,628,809,305,602,648,758,752,305,593
508,1023,0,287,1023,0,666,826,305,643,648,762,749,305,593
593,1023,0,380,1023,0,777,985,306,770,648,803,794,305,593
640,1023,0,361,1023,0,530,615,305,510,648,773,748,305,593
519,1023,0,292,1023,0,391,370,305,382,648,800,785,305,593
583,1023,0,341,1023,0,333,378,305,397,648,782,769,305,596
747,1023,0,672,1023,0,750,933,306,736,648,788,763,305,596
467,1023,0,274,1023,0,629,796,305,610,648,732,716,305,596
604,1023,0,673,1023,0,624,778,305,602,648,615,570,305,596
587,1023,0,334,1023,0,673,834,305,664,648,791,771,305,596
318,1023,0,156,1023,0,629,808,305,608,648,457,424,305,596
544,1023,0,364,1023,0,636,795,305,613,648,779,763,305,596
562,1023,0,415,1023,0,744,938,306,730,648,783,764,305,596
434,1023,0,239,1023,0,634,807,305,608,648,771,753,305,596
283,1023,0,135,992,0,368,369,305,378,648,744,740,305,596
691,1023,0,605,1023,0,868,1023,307,867,648,800,779,305,596
584,1023,0,388,1023,0,613,758,305,589,648,774,753,305,596
580,1023,0,409,1023,0,764,952,306,755,648,650,599,305,596
443,1023,0,238,1023,0,337,374,305,371,648,778,767,305,596
366,1023,0,192,1023,0,398,404,305,409,648,767,766,305,596
673,1023,0,595,1023,0,696,862,305,676,648,790,770,305,596
467,1023,0,271,1023,0,746,953,306,736,648,776,772,305,596
468,1023,0,239,1023,0,307,356,305,384,649,772,754,305,596
512,1023,0,197,1023,0,738,931,306,722,649,755,744,305,596
558,1023,0,629,1023,0,839,1023,306,837,649,811,785,305,596
421,1023,0,256,1023,0,523,629,305,497,649,802,794,305,596
344,1023,0,159,1023,0,749,967,306,737,649,768,762,305,596
575,1023,0,300,1023,0,702,875,305,688,649,787,777,305,596
546,1023,0,284,1023,0,740,934,306,724,649,804,789,305,596
750,1023,0,574,1023,0,723,910,305,708,649,865,815,305,596
556,1023,0,264,1023,0,638,803,305,613,649,780,765,305,596
423,1023,0,463,1023,0,718,914,305,702,649,770,758,305,596
638,1023,0,481,1023,0,404,407,305,408,649,852,815,305,596
686,1023,0,287,1023,0,665,802,305,643,649,795,777,305,596
692,1023,0,436,1023,0,725,903,305,710,649,791,769,305,599
452,1023,0,286,1023,0,795,1019,306,789,649,777,767,305,599
604,1023,0,319,1023,0,376,397,305,408,649,770,758,305,599
447,1023,0,285,1023,0,787,1000,306,779,649,772,763,305,599
769,1023,0,527,1023,0,756,933,306,744,649,799,770,305,599
361,1023,0,172,1023,0,702,889,305,685,649,733,724,305,599
486,1023,0,282,1023,0,821,1023,306,815,649,756,739,305,599
478,1023,0,344,1023,0,809,1023,306,804,649,809,798,305,599
705,1023,0,543,1023,0,722,901,305,702,649,795,767,305,599
405,1023,0,292,1023,0,739,946,306,726,649,770,755,305,599
514,1023,0,277,1023,0,678,853,305,655,649,770,762,305,599
426,1023,0,196,1023,0,604,762,305,579,649,773,763,305,599
726,1023,0,596,1023,0,667,828,305,645,649,864,811,305,599
415,1023,0,199,1023,0,629,800,305,606,649,769,754,305,599
292,1023,0,69,535,0,649,843,305,623,649,447,431,305,599
613,1023,0,335,1023,0,726,905,305,712,649,795,770,305,599
422,1023,0,295,1023,0,762,971,306,751,649,759,740,305,599
474,1023,0,311,1023,0,692,872,305,673,649,778,765,305,599
367,1023,0,208,1023,0,718,924,306,703,649,770,759,305,599
402,1023,0,319,1023,0,603,758,305,574,649,784,769,305,599
247,1023,0,155,1023,0,722,937,306,710,649,773,764,305,599
648,1023,0,424,1023,0,704,876,305,687,649,828,768,305,599
466,1023,0,357,1023,0,800,1001,306,795,650,776,759,305,599
463,1023,0,260,1023,0,672,859,305,649,650,771,753,305,599
268,1023,0,103,824,0,575,733,305,554,650,721,718,305,599
390,1023,0,262,1023,0,325,358,305,347,650,787,779,305,599
575,1023,0,472,1023,0,746,914,306,734,650,758,726,305,599
353,1023,0,174,1023,0,640,823,305,615,650,763,755,305,603
514,1023,0,255,1023,0,682,858,305,664,650,775,763,305,603
541,1023,0,236,1023,0,653,820,305,631,650,760,752,305,603
397,1023,0,166,1023,0,668,854,305,648,650,759,752,305,603
366,1023,0,196,1023,0,448,501,305,428,650,764,756,305,603
523,1023,0,340,1023,0,576,713,305,550,650,809,795,305,603
484,1023,0,363,1023,0,801,1022,306,793,650,799,780,305,603
635,1023,0,646,1023,0,717,894,305,701,650,796,767,305,603
746,1023,0,441,1023,0,799,983,306,793,650,790,767,305,603
535,1023,0,456,1023,0,761,950,306,750,650,771,756,305,603
456,1023,0,156,857,0,589,729,305,560,650,760,751,305,603
314,1023,0,123,911,0,651,840,305,631,650,493,459,305,603
560,1023,0,303,1023,0,735,935,306,722,650,788,768,305,603
601,1023,0,335,1023,0,682,854,305,663,650,788,776,305,603
242,1023,0,127,989,0,737,961,306,724,650,750,745,305,603
543,1023,0,341,1023,0,410,389,305,441,650,773,761,305,603
452,1023,0,208,1023,0,691,882,305,669,650,775,768,305,603
275,1023,0,228,1023,0,484,524,305,446,650,723,697,305,603
668,1023,0,675,1023,0,819,1023,306,815,650,810,794,305,603
652,1023,0,328,1023,0,692,857,305,674,650,782,764,305,603
323,1023,0,139,973,0,627,805,305,602,650,759,760,305,603
790,1023,0,583,1023,0,735,903,305,719,651,806,782,305,603
368,1023,0,167,1023,0,625,799,305,599,651,762,749,305,606
663,1023,0,509,1023,0,757,950,306,746,651,845,827,305,606
617,1023,0,323,1023,0,714,893,305,694,651,782,761,305,606
437,1023,0,453,1023,0,785,1012,306,779,651,798,788,305,606
313,1023,0,142,1023,0,406,377,305,406,651,552,538,305,606
271,1023,0,93,695,0,586,752,305,562,651,412,403,305,606
618,1023,0,331,1023,0,676,838,305,653,651,792,778,305,606
700,1023,0,491,1023,0,793,1000,306,787,651,786,766,305,606
678,1023,0,585,1023,0,459,489,305,493,651,843,782,305,606
334,1023,0,320,1023,0,498,594,305,496,651,571,543,305,606
695,1023,0,607,1023,0,573,690,305,553,651,793,776,305,606
508,1023,0,295,1023,0,832,1023,306,828,651,775,762,305,606
537,1023,0,395,1023,0,765,969,306,754,651,778,759,305,606
381,1023,0,319,1023,0,396,391,305,461,651,779,754,305,606
395,1023,0,175,1023,0,548,687,305,517,651,766,760,305,606
457,1023,0,255,1023,0,650,822,305,627,651,777,762,305,606
674,1023,0,588,1023,0,672,826,305,652,651,816,795,305,606
489,1023,0,258,1023,0,660,838,305,638,651,780,768,305,606
480,1023,0,288,1023,0,765,981,306,754,651,784,771,305,606
487,1023,0,247,1023,0,508,603,305,508,651,766,758,305,606
578,1023,0,384,1023,0,882,1023,307,885,651,843,825,305,606
703,1023,0,644,1023,0,405,413,305,468,651,822,800,305,606
618,1023,0,467,1023,0,654,812,305,631,651,798,761,305,609
650,1023,0,507,1023,0,643,808,305,622,651,779,765,305,609
649,1023,0,583,1023,0,691,858,305,679,651,801,782,305,609
442,1023,0,193,1023,0,682,869,305,658,651,772,759,305,609
603,1023,0,525,1023,0,809,1023,306,803,651,795,776,305,609
582,1023,0,332,1023,0,671,839,305,650,652,777,768,305,609
451,1023,0,259,1023,0,456,508,305,454,652,775,766,305,609
425,1023,0,497,1023,0,836,1023,306,834,652,782,770,305,609
254,1023,0,153,1023,0,439,488,305,427,652,388,387,305,609
468,1023,0,274,1023,0,406,385,305,422,652,782,766,305,609
542,1023,0,259,1023,0,607,756,305,581,652,750,739,305,609
582,1023,0,345,1023,0,359,379,305,398,652,795,771,305,609
624,1023,0,516,1023,0,890,1023,307,893,652,774,752,305,609
384,1023,0,150,1023,0,561,674,305,534,652,704,695,305,609
349,1023,0,366,1023,0,642,809,305,619,652,785,768,305,609
708,1023,0,534,1023,0,369,399,305,418,652,805,776,305,609
466,1023,0,381,1023,0,677,863,305,662,652,768,750,305,609
630,1023,0,287,1023,0,808,1013,306,803,652,781,771,305,609
453,1023,0,196,1023,0,708,903,305,691,652,762,753,305,612
448,1023,0,283,1023,0,712,909,305,697,652,774,767,305,612
615,1023,0,408,1023,0,709,896,305,690,652,824,803,305,612
562,1023,0,358,1023,0,766,959,306,756,652,781,757,305,612
453,1023,0,214,1023,0,644,820,305,616,652,751,744,305,612
659,1023,0,470,1023,0,721,911,305,707,652,768,748,305,612
524,1023,0,280,1023,0,635,803,305,612,652,782,772,305,612
510,1023,0,369,1023,0,592,716,305,567,652,736,722,305,612
497,1023,0,210,1023,0,357,370,305,381,652,778,769,305,612
696,1023,0,359,1023,0,602,710,305,573,652,782,762,305,612
802,1023,0,627,1023,0,737,910,305,720,652,788,766,305,612
607,1023,0,291,1023,0,632,780,305,608,652,791,782,305,612
343,1023,0,222,1023,0,485,549,305,460,653,544,519,305,612
372,1023,0,178,1023,0,657,837,305,637,653,759,751,305,612
248,1023,0,119,931,0,306,348,305,363,653,436,409,305,612
620,1023,0,451,1023,0,662,805,305,643,653,837,791,305,612
434,1023,0,170,1023,0,618,767,305,597,653,748,736,305,612
545,1023,0,358,1023,0,398,394,305,428,653,780,751,305,612
301,1023,0,107,823,0,337,359,305,347,653,481,462,305,612
358,1023,0,218,1023,0,660,845,305,641,653,759,750,305,612
351,1023,0,184,1023,0,633,802,305,609,653,754,751,305,612
318,1023,0,162,1023,0,718,925,306,704,653,748,745,305,616
679,1023,0,319,1023,0,845,1023,306,843,653,771,753,305,616
596,1023,0,319,1023,0,385,380,305,382,653,778,765,305,616
467,1023,0,350,1023,0,649,820,305,626,653,781,767,305,616
307,1023,0,107,841,0,468,550,305,443,653,703,694,305,616
309,1023,0,141,959,0,333,354,305,337,653,737,733,305,616
535,1023,0,243,1023,0,766,962,306,755,653,772,763,305,616
498,1023,0,235,1023,0,642,814,305,616,653,771,765,305,616
688,1023,0,701,1023,0,777,963,306,768,653,801,775,305,616
479,1023,0,231,1023,0,618,771,305,590,653,773,766,305,616
442,1023,0,173,1023,0,587,737,305,559,653,766,760,305,616
528,1023,0,342,1023,0,706,890,305,690,653,772,763,305,616
329,1023,0,281,1023,0,694,897,305,679,653,633,607,305,616
233,1023,0,133,1023,0,378,369,305,359,653,361,367,305,616
484,1023,0,165,1023,0,451,498,305,448,653,775,762,305,616
437,1023,0,234,1023,0,496,574,305,472,653,760,746,305,616
369,1023,0,148,1015,0,605,774,305,577,653,749,744,305,616
402,1023,0,198,1023,0,747,966,306,735,653,552,527,305,616
479,1023,0,270,1023,0,861,1023,306,862,653,781,762,305,616
546,1023,0,327,1023,0,606,758,305,584,653,787,774,305,616
423,1023,0,135,785,0,713,908,305,699,653,759,749,305,616
315,1023,0,88,663,0,415,421,305,375,653,398,391,305,616
311,1023,0,135,1021,0,529,662,305,500,653,425,411,305,616
356,1023,0,186,1023,0,757,978,306,748,654,778,773,305,619
527,1023,0,291,1023,0,779,962,306,770,654,778,765,305,619
411,1023,0,254,1023,0,711,912,305,696,654,781,777,305,619
640,1023,0,401,1023,0,625,768,305,599,654,794,776,305,619
806,1023,0,609,1023,0,862,1023,307,861,654,763,731,305,619
323,1023,0,102,721,0,484,573,305,453,654,730,728,305,619
630,1023,0,383,1023,0,711,891,305,693,654,773,750,305,619
378,1023,0,316,1023,0,701,905,305,684,654,815,802,305,619
459,1023,0,233,1023,0,670,857,305,646,654,776,766,305,619
368,1023,0,214,1023,0,634,806,305,612,654,769,764,305,619
598,1023,0,274,1023,0,630,791,305,604,654,782,773,305,619
628,1023,0,356,1023,0,819,1023,306,813,654,779,756,305,619
612,1023,0,284,1023,0,604,746,305,577,654,771,759,305,619
573,1023,0,278,1023,0,641,810,305,616,654,770,756,305,619
516,1023,0,326,1023,0,715,907,305,695,654,800,792,305,619
575,1023,0,514,1023,0,777,986,306,772,654,835,815,305,619
521,1023,0,204,1023,0,739,929,306,727,654,771,757,305,619
806,1023,0,528,1023,0,423,423,305,440,654,790,767,305,619
504,1023,0,304,1023,0,752,966,306,743,654,784,777,305,619
485,1023,0,234,1023,0,636,811,305,609,654,781,758,305,619
682,1023,0,375,1023,0,447,433,305,450,654,788,765,305,619
399,1023,0,240,1023,0,653,829,305,634,654,492,464,305,619
311,1023,0,126,897,0,660,854,305,639,654,483,476,305,619
529,1023,0,301,1023,0,346,371,305,376,654,769,755,305,619
507,1023,0,332,1023,0,680,864,305,658,654,790,780,305,622
413,1023,0,304,1023,0,627,777,305,602,654,754,738,305,622
637,1023,0,466,1023,0,388,392,305,450,654,782,767,305,622
571,1023,0,397,1023,0,650,803,305,625,654,791,771,305,622
423,1023,0,178,1023,0,643,809,305,620,654,765,753,305,622
519,1023,0,313,1023,0,697,864,305,682,654,803,791,305,622
781,1023,0,429,1023,0,871,1023,307,870,654,796,778,305,622
359,1023,0,179,1023,0,630,801,305,603,654,764,758,305,622
401,1023,0,228,1023,0,640,817,305,620,655,774,764,305,622
528,1023,0,314,1023,0,656,824,305,632,655,783,769,305,622
414,1023,0,190,1023,0,632,805,305,605,655,773,767,305,622
588,1023,0,282,1023,0,720,902,305,705,655,779,765,305,622
621,1023,0,307,1023,0,749,934,306,737,655,780,766,305,622
699,1023,0,339,1023,0,712,884,305,692,655,783,768,305,622
513,1023,0,228,1023,0,339,376,305,349,655,779,761,305,622
684,1023,0,346,1023,0,543,627,305,524,655,775,748,305,622
213,1023,0,144,1023,0,459,538,305,426,655,368,373,305,622
443,1023,0,121,787,0,747,955,306,735,655,758,754,305,622
538,1023,0,312,1023,0,412,412,305,396,655,783,772,305,622
483,1023,0,314,1023,0,646,810,305,625,655,803,782,305,622
347,1023,0,159,1023,0,626,802,305,600,655,761,750,305,622
421,1023,0,183,1023,0,577,728,305,549,655,776,763,305,622
420,1023,0,214,1023,0,361,357,305,314,655,515,472,305,626
721,1023,0,663,1023,0,856,1023,307,855,655,829,801,305,626
548,1023,0,427,1023,0,782,996,306,773,655,816,797,305,626
304,1023,0,112,887,0,466,548,305,428,655,465,435,305,626
364,1023,0,280,1023,0,527,645,305,502,655,480,453,305,626
264,1023,0,263,1023,0,527,672,305,495,655,91,305,305,626
474,1023,0,327,1023,0,782,1004,306,772,655,778,762,305,626
605,1023,0,553,1023,0,822,1023,306,817,655,808,787,305,626
654,1023,0,434,1023,0,831,1023,306,827,655,810,794,305,626
735,1023,0,646,1023,0,815,1023,306,809,655,799,775,305,626
412,1023,0,302,1023,0,666,834,305,649,655,765,750,305,626
279,1023,0,176,1023,0,350,358,305,314,655,406,402,305,626
792,1023,0,532,1023,0,622,766,305,602,655,842,781,305,626
474,1023,0,210,1023,0,680,873,305,659,655,776,764,305,626
636,1023,0,361,1023,0,372,377,305,411,655,783,764,305,626
612,1023,0,477,1023,0,364,376,305,424,655,770,758,305,626
478,1023,0,231,1023,0,788,1009,306,782,655,774,765,305,626
574,1023,0,300,1023,0,434,419,305,427,655,771,761,305,626
479,1023,0,525,1023,0,797,1007,306,790,655,752,731,305,626
674,1023,0,338,1023,0,663,812,305,645,655,785,772,305,629
501,1023,0,334,1023,0,660,834,305,645,656,820,807,305,629
437,1023,0,214,1023,0,584,715,305,555,656,688,670,305,629
264,1023,0,150,1023,0,332,345,305,360,656,412,391,305,629
414,1023,0,183,1023,0,631,798,305,606,656,739,735,305,629
396,1023,0,222,1023,0,552,679,305,537,656,773,767,305,629
443,1023,0,135,750,0,695,871,305,677,656,748,733,305,629
469,1023,0,300,1023,0,612,761,305,586,656,771,763,305,629
523,1023,0,301,1023,0,641,813,305,616,656,787,773,305,629
792,1023,0,672,1023,0,783,974,306,776,656,800,773,305,629
379,1023,0,236,1023,0,627,793,305,605,656,761,748,305,629
457,1023,0,268,1023,0,677,863,305,656,656,778,765,305,629
490,1023,0,303,1023,0,764,971,306,754,656,784,770,305,629
410,1023,0,190,1023,0,649,828,305,624,656,768,747,305,629
557,1023,0,379,1023,0,373,377,305,397,656,781,763,305,629
655,1023,0,695,1023,0,916,1023,307,922,656,788,771,305,629
528,1023,0,307,1023,0,652,822,305,631,656,773,754,305,629
383,1023,0,274,1023,0,607,736,305,581,656,757,750,305,629
559,1023,0,427,1023,0,899,1023,307,903,656,822,802,305,629
251,1023,0,89,707,0,723,946,306,711,656,448,424,305,629
436,1023,0,245,1023,0,607,752,305,580,656,775,767,305,629
628,1023,0,462,1023,0,810,1022,306,805,656,788,772,305,629
447,1023,0,229,1023,0,755,962,306,744,656,765,750,305,629
676,1023,0,389,1023,0,737,928,306,723,656,836,817,305,629
702,1023,0,608,1023,0,418,410,305,454,656,793,768,305,629
557,1023,0,296,1023,0,754,933,306,742,656,738,726,305,629
819,1023,0,573,1023,0,823,1023,306,815,656,794,776,305,629
547,1023,0,350,1023,0,664,834,305,642,656,776,761,305,629
589,1023,0,292,1023,0,772,972,306,762,656,788,773,305,629
288,1023,0,70,508,0,446,506,305,406,656,451,450,305,632
666,1023,0,357,1023,0,736,926,306,717,656,774,754,305,632
630,1023,0,517,1023,0,669,834,305,648,656,793,772,305,632
479,1023,0,331,1023,0,649,809,305,625,656,769,761,305,632
727,1023,0,442,1023,0,415,404,305,432,656,785,770,305,632
307,1023,0,256,1023,0,692,871,305,671,656,758,737,305,632
645,1023,0,591,1023,0,730,913,305,715,656,792,780,305,632
425,1023,0,296,1023,0,702,900,305,682,656,780,773,305,632
521,1023,0,270,1023,0,700,885,305,683,656,778,759,305,632
441,1023,0,241,1023,0,723,924,306,708,656,786,773,305,632
748,1023,0,532,1023,0,833,1011,307,829,656,803,777,305,632
398,1023,0,183,1023,0,732,933,306,718,656,707,697,305,632
570,1023,0,312,1023,0,378,380,305,402,656,781,766,305,632
796,1023,0,532,1023,0,456,474,305,477,656,861,793,305,632
528,1023,0,450,1023,0,643,775,305,624,656,801,781,305,632
636,1023,0,351,1023,0,811,1023,306,805,656,840,797,305,632
453,1023,0,178,949,0,660,829,305,641,656,742,726,305,632
769,1023,0,467,1023,0,833,1023,307,829,656,825,762,305,632
551,1023,0,470,1023,0,503,581,305,484,657,774,761,305,632
647,1023,0,316,1023,0,860,1023,307,860,657,769,744,305,632
638,1023,0,328,1023,0,670,817,305,650,657,745,728,305,632
686,1023,0,661,1023,0,711,874,305,696,657,836,819,305,632
754,1023,0,696,1023,0,702,864,305,684,657,788,756,305,632
661,1023,0,559,1023,0,799,1001,306,792,657,879,860,305,632
446,1023,0,254,1023,0,617,782,305,591,657,774,765,305,632
361,1023,0,195,1023,0,656,836,305,637,657,768,765,305,632
512,1023,0,443,1023,0,818,1023,306,814,657,789,758,305,632
613,1023,0,270,1023,0,556,670,305,528,657,789,770,305,632
744,1023,0,375,1023,0,723,902,305,710,657,835,785,305,635
563,1023,0,338,1023,0,656,816,305,633,657,784,768,305,635
381,1023,0,245,1023,0,626,796,305,601,657,780,770,305,635
601,1023,0,335,1023,0,585,690,305,564,657,799,779,305,635
346,1023,0,247,1023,0,725,934,306,712,657,777,768,305,635
638,1023,0,404,1023,0,432,443,305,417,657,782,764,305,635
584,1023,0,190,1023,0,367,359,305,387,657,544,496,305,635
419,1023,0,298,1023,0,768,982,306,758,657,754,746,305,635
458,1023,0,344,1023,0,661,837,305,637,657,778,770,305,635
462,1023,0,320,1023,0,723,922,306,703,657,788,770,305,635
801,1023,0,532,1023,0,822,1020,307,817,657,784,757,305,635
701,1023,0,335,1023,0,874,1023,307,875,657,778,762,305,635
640,1023,0,442,1023,0,765,970,306,754,657,796,785,305,635
624,1023,0,334,1023,0,603,735,305,576,657,757,737,305,635
422,1023,0,216,1023,0,717,928,306,705,657,778,771,305,635
219,1023,0,123,1019,0,397,447,305,408,657,502,494,305,635
534,1023,0,282,1023,0,683,866,305,661,657,793,776,305,635
326,1023,0,136,1000,0,559,701,305,528,657,728,724,305,635
498,1023,0,362,1023,0,389,383,305,408,657,794,781,305,635
728,1023,0,511,1023,0,418,420,305,448,657,791,761,305,635
748,1023,0,511,1023,0,399,402,305,435,657,820,796,305,635
425,1023,0,205,1023,0,462,522,305,424,657,762,757,305,635
338,1023,0,383,1023,0,626,804,305,604,657,432,391,305,635
504,1023,0,305,1023,0,729,930,306,714,657,770,763,305,635
652,1023,0,381,1023,0,639,776,305,613,657,796,777,305,635
593,1023,0,396,1023,0,772,960,306,763,657,768,744,305,635
396,1023,0,225,1023,0,622,791,305,596,657,795,786,305,635
594,1023,0,481,1023,0,631,786,305,608,657,780,764,305,635
685,1023,0,347,1023,0,674,823,305,661,657,786,767,305,635
402,1023,0,151,972,0,758,974,306,748,657,759,747,305,635
428,1023,0,209,1023,0,631,797,305,607,657,770,762,305,635
585,1023,0,298,1023,0,810,1023,306,803,657,738,705,305,635
314,1023,0,184,1023,0,621,797,305,595,657,770,761,305,635
554,1023,0,340,1023,0,712,902,305,695,658,778,762,305,639
489,1023,0,257,1023,0,622,787,305,595,658,807,800,305,639
570,1023,0,207,1023,0,655,808,305,631,658,771,747,305,639
455,1023,0,270,1023,0,731,928,306,720,658,772,763,305,639
496,1023,0,191,1023,0,551,668,305,520,658,738,728,305,639
481,1023,0,390,1023,0,798,1021,306,791,658,824,813,305,639
430,1023,0,186,1023,0,649,832,305,625,658,777,772,305,639
327,1023,0,225,1023,0,813,1023,306,809,658,748,737,305,639
738,1023,0,611,1023,0,468,495,305,500,658,805,782,305,639
265,1023,0,107,794,0,541,684,305,507,658,398,388,305,639
732,1023,0,428,1023,0,726,908,305,711,658,856,820,305,639
218,1023,0,176,1023,0,346,338,305,329,658,414,389,305,639
393,1023,0,475,1023,0,413,411,305,413,658,596,574,305,639
682,1023,0,456,1023,0,825,1023,306,822,658,784,766,305,639
560,1023,0,402,1023,0,704,895,305,686,658,784,762,305,639
686,1023,0,371,1023,0,833,1023,306,828,658,796,769,305,639
418,1023,0,189,1023,0,258,337,305,326,658,746,738,305,639
583,1023,0,323,1023,0,869,1023,306,869,658,790,773,305,639
606,1023,0,270,1023,0,791,999,306,783,658,823,811,305,639
682,1023,0,399,1023,0,665,819,305,644,658,781,766,305,639
709,1023,0,376,1023,0,725,897,305,711,658,779,756,305,639
526,1023,0,356,1023,0,421,425,305,460,658,748,731,305,639
474,1023,0,242,1023,0,761,971,306,748,658,781,771,305,639
357,1023,0,134,928,0,707,913,305,690,658,763,754,305,639
451,1023,0,192,1023,0,550,705,305,524,658,467,404,305,639
423,1023,0,221,1023,0,648,829,305,622,658,781,762,305,639
444,1023,0,308,1023,0,666,843,305,642,658,782,763,305,639
558,1023,0,305,1023,0,649,821,305,625,658,787,774,305,639
546,1023,0,338,1023,0,670,844,305,650,658,782,765,305,639
600,1023,0,262,1023,0,781,988,306,771,658,767,750,305,639
413,1023,0,216,1023,0,704,905,305,687,658,769,766,305,639
412,1023,0,185,1023,0,549,664,305,520,658,778,768,305,642
516,1023,0,278,1023,0,667,842,305,644,658,786,778,305,642
761,1023,0,410,1023,0,707,880,305,686,658,792,776,305,642
535,1023,0,233,1023,0,713,886,305,701,658,773,761,305,642
714,1023,0,367,1023,0,861,1023,307,861,658,802,787,305,642
449,1023,0,237,1023,0,605,762,305,580,658,769,753,305,642
634,1023,0,361,1023,0,698,858,305,678,658,786,772,305,642
444,1023,0,386,1023,0,631,797,305,607,658,773,765,305,642
458,1023,0,313,1023,0,412,441,305,423,658,775,761,305,642
279,1023,0,194,1023,0,749,951,306,739,658,747,743,305,642
308,1023,0,101,661,0,601,771,305,573,658,740,738,305,642
611,1023,0,370,1023,0,751,951,306,739,658,785,778,305,642
730,1023,0,373,1023,0,706,867,305,689,658,786,760,305,642
297,1023,0,155,1023,0,783,1014,306,776,658,445,426,305,642
253,1023,0,124,1023,0,586,761,305,556,658,374,374,305,642
570,1023,0,409,1023,0,687,842,305,666,658,796,767,305,642
349,1023,0,215,1023,0,728,937,306,714,658,450,432,305,642
476,1023,0,231,1023,0,583,727,305,555,658,775,757,305,642
423,1023,0,570,1023,0,685,851,305,664,658,752,721,305,642
432,1023,0,298,1023,0,685,882,305,662,658,779,769,305,642
581,1023,0,493,1023,0,762,960,306,751,658,808,792,305,642
449,1023,0,208,1023,0,669,858,305,647,659,758,752,305,642
502,1023,0,213,1023,0,645,816,305,621,659,760,754,305,642
504,1023,0,313,1023,0,340,365,305,379,659,787,771,305,642
459,1023,0,340,1023,0,660,850,305,638,659,776,761,305,642
383,1023,0,221,1023,0,617,781,305,589,659,761,748,305,642
485,1023,0,335,1023,0,389,404,305,435,659,778,768,305,642
310,1023,0,153,1023,0,565,715,305,537,659,498,464,305,642
249,1023,0,136,1023,0,449,534,305,433,659,284,445,305,642
444,1023,0,236,1023,0,776,993,306,766,659,782,774,305,642
296,1023,0,166,1023,0,257,346,305,188,659,466,457,305,642
267,1023,0,140,1023,0,332,375,305,343,659,395,394,305,642
446,1023,0,208,1023,0,715,904,305,699,659,780,772,305,642
567,1023,0,397,1023,0,813,1023,306,807,659,801,791,305,642
497,1023,0,258,1023,0,768,981,306,758,659,782,774,305,645
799,1023,0,511,1023,0,949,1023,307,961,659,793,765,305,645
641,1023,0,326,1023,0,293,382,305,376,659,830,812,305,645
555,1023,0,322,1023,0,766,958,306,757,659,762,744,305,645
648,1023,0,369,1023,0,805,1007,306,797,659,789,762,305,645
404,1023,0,237,1023,0,361,356,305,359,659,772,763,305,645
346,1023,0,129,891,0,722,921,306,709,659,464,427,305,645
551,1023,0,473,1023,0,681,848,305,662,659,771,750,305,645
302,1023,0,141,1021,0,738,944,306,725,659,754,741,305,645
546,1023,0,282,1023,0,336,363,305,341,659,746,734,305,645
595,1023,0,422,1023,0,868,1023,307,869,659,776,757,305,645
385,1023,0,311,1023,0,357,360,305,348,659,767,756,305,645
670,1023,0,490,1023,0,876,1023,307,877,659,840,808,305,645
518,1023,0,363,1023,0,375,391,305,389,659,780,761,305,645
537,1023,0,277,1023,0,606,750,305,577,659,797,779,305,645
424,1023,0,196,1023,0,716,916,305,701,659,776,767,305,645
404,1023,0,189,1023,0,766,979,306,758,659,774,770,305,645
414,1023,0,160,1005,0,407,404,305,404,660,750,744,305,649
594,1023,0,421,1023,0,692,870,305,675,660,838,803,305,649
275,1023,0,171,1023,0,609,784,305,583,660,756,751,305,649
481,1023,0,311,1023,0,688,874,305,665,660,787,765,305,649
708,1023,0,504,1023,0,746,925,306,735,660,692,617,305,649
452,1023,0,352,1023,0,393,392,305,409,660,786,790,305,649
243,1023,0,86,709,0,472,555,305,447,660,444,418,305,649
440,1023,0,218,1023,0,363,375,305,385,660,546,511,305,649
539,1023,0,229,1023,0,670,845,305,651,660,781,772,305,649
222,1023,0,123,986,0,346,349,305,357,660,408,387,305,649
274,1023,0,154,1023,0,661,849,305,642,660,463,439,305,649
691,1023,0,323,1023,0,732,903,305,720,660,758,742,305,649
209,1023,0,157,1023,0,327,347,305,339,660,429,404,305,649
521,1023,0,370,1023,0,700,889,305,685,660,837,817,305,649
591,1023,0,428,1023,0,714,898,305,696,660,802,783,305,649
708,1023,0,544,1023,0,506,586,305,502,660,786,763,305,649
340,1023,0,168,1023,0,319,352,305,314,660,752,748,305,649
412,1023,0,208,1023,0,591,741,305,564,660,771,765,305,649
296,1023,0,120,876,0,668,870,305,650,660,503,487,305,649
267,1023,0,85,711,0,386,420,305,318,660,689,685,305,649
415,1023,0,537,1023,0,890,1023,306,894,660,787,760,305,649
737,1023,0,567,1023,0,410,430,305,441,660,816,761,305,649
637,1023,0,375,1023,0,826,1023,306,822,660,789,777,305,649
566,1023,0,205,944,0,563,681,305,538,660,820,799,305,649
777,1023,0,600,1023,0,416,434,305,447,660,804,780,305,649
531,1023,0,367,1023,0,800,995,306,793,660,772,756,305,649
651,1023,0,450,1023,0,622,769,305,597,660,776,761,305,649
411,1023,0,169,1023,0,655,837,305,631,660,763,751,305,652
820,1023,0,591,1023,0,788,983,306,774,660,842,822,305,652
370,1023,0,178,1023,0,663,851,305,639,660,731,748,305,652
333,1023,0,111,799,0,543,683,305,511,660,738,730,305,652
422,1023,0,181,1023,0,672,854,305,655,660,778,772,305,652
286,1023,0,140,989,0,784,1018,306,777,660,750,744,305,652
365,1023,0,160,1013,0,739,942,306,726,660,767,761,305,652
576,1023,0,395,1023,0,797,1011,306,791,660,771,759,305,652
448,1023,0,330,1023,0,522,625,305,501,660,771,762,305,652
227,1023,0,103,878,0,317,353,305,339,661,422,418,305,652
812,1023,0,584,1023,0,634,808,305,617,661,785,762,305,652
431,1023,0,159,960,0,700,891,305,682,661,765,757,305,652
625,1023,0,375,1023,0,399,387,305,423,661,787,771,305,652
745,1023,0,609,1023,0,476,538,305,513,661,788,767,305,652
342,1023,0,163,1023,0,689,891,305,668,661,750,746,305,652
566,1023,0,296,1023,0,585,726,305,562,661,796,780,305,652
389,1023,0,172,1023,0,541,667,305,502,661,730,716,305,652
224,1023,0,117,996,0,407,447,305,370,661,429,412,305,652
512,1023,0,529,1023,0,601,739,305,583,661,824,805,305,652
535,1023,0,340,1023,0,398,398,305,421,661,807,794,305,652
290,1023,0,137,1023,0,376,377,305,353,661,475,453,305,652
617,1023,0,464,1023,0,746,939,306,734,661,786,768,305,652
368,1023,0,148,1005,0,678,867,305,661,661,759,749,305,652
524,1023,0,460,1023,0,805,1017,306,800,661,782,770,305,652
660,1023,0,329,1023,0,766,970,306,755,661,787,782,305,652
456,1023,0,236,1023,0,824,1023,306,820,661,767,755,305,652
580,1023,0,522,1023,0,761,981,306,751,661,825,792,305,652
235,1023,0,138,866,0,401,380,305,422,661,486,422,305,655
448,1023,0,234,1023,0,764,979,306,752,661,781,766,305,655
373,1023,0,224,1023,0,797,1017,306,791,661,758,751,305,655
438,1023,0,169,999,0,520,612,305,490,661,766,760,305,655
287,1023,0,130,998,0,395,398,305,363,661,459,450,305,655
542,1023,0,222,1023,0,695,872,305,678,661,614,581,305,655
698,1023,0,471,1023,0,833,1023,307,829,661,854,827,305,655
576,1023,0,234,1023,0,653,814,305,630,661,784,766,305,655
632,1023,0,299,1023,0,754,954,306,743,661,763,750,305,655
606,1023,0,417,1023,0,735,918,306,722,661,781,764,305,655
218,1023,0,152,1023,0,699,912,305,686,661,447,440,305,655
428,1023,0,240,1023,0,592,747,305,566,661,768,763,305,655
369,1023,0,153,1023,0,638,818,305,612,661,767,761,305,655
629,1023,0,407,1023,0,832,1023,307,828,661,781,752,305,655
572,1023,0,515,1023,0,562,672,305,582,661,791,775,305,655
524,1023,0,224,1023,0,514,594,305,492,661,775,764,305,655
340,1023,0,152,1023,0,532,663,305,503,661,759,748,305,655
226,1023,0,160,1023,0,401,404,305,492,661,461,455,305,655
574,1023,0,404,1023,0,653,810,305,631,661,795,781,305,655
816,1023,0,629,1023,0,643,771,305,628,661,817,785,305,655
447,1023,0,306,1023,0,748,950,306,738,661,769,757,305,655
594,1023,0,353,1023,0,752,961,306,739,661,784,767,305,655
458,1023,0,371,1023,0,576,717,305,547,661,771,758,305,655
402,1023,0,209,1023,0,498,599,305,461,661,784,773,305,655
268,1023,0,106,885,0,335,354,305,277,662,409,408,305,659
584,1023,0,358,1023,0,707,886,305,691,662,778,766,305,659
615,1023,0,283,1023,0,705,894,305,688,662,772,762,305,659
625,1023,0,440,1023,0,654,783,305,631,662,785,759,305,659
652,1023,0,651,1023,0,771,956,306,761,662,848,825,305,659
291,1023,0,119,912,0,696,903,305,679,662,468,465,305,659
491,1023,0,253,1023,0,681,859,305,658,662,787,774,305,659
337,1023,0,76,550,0,529,647,305,494,662,468,415,305,659
308,1023,0,140,1023,0,676,879,305,659,662,465,443,305,659
362,1023,0,137,867,0,696,899,305,678,662,468,447,305,659
634,1023,0,511,1023,0,869,1023,307,869,662,798,777,305,659
614,1023,0,319,1023,0,679,854,305,656,662,791,776,305,659
380,1023,0,188,1023,0,735,943,306,722,662,770,760,305,659
308,1023,0,184,1023,0,659,844,305,639,662,756,744,305,659
744,1023,0,399,1023,0,622,780,305,598,662,783,766,305,659
393,1023,0,148,1023,0,441,449,305,414,662,750,742,305,659
206,1023,0,198,1023,0,436,499,305,431,662,446,423,305,659
333,1023,0,179,1023,0,620,797,305,595,662,527,490,305,659
522,1023,0,457,1023,0,733,923,306,717,662,799,777,305,659
401,1023,0,374,1023,0,788,1005,306,780,662,797,778,305,659
579,1023,0,342,1023,0,715,910,305,701,662,750,735,305,659
298,1023,0,121,890,0,639,822,305,619,662,761,751,305,659
280,1023,0,81,656,0,518,641,305,490,662,330,384,305,659
594,1023,0,265,1023,0,572,672,305,548,662,779,764,305,659
448,1023,0,198,1023,0,542,666,305,503,662,759,744,305,659
785,1023,0,542,1023,0,841,1023,307,839,662,837,776,305,659
581,1023,0,247,1023,0,687,857,305,669,662,768,756,305,659
338,1023,0,140,1023,0,415,448,305,383,662,471,433,305,659
718,1023,0,609,1023,0,819,1023,306,813,662,843,775,305,659
484,1023,0,357,1023,0,771,987,306,761,662,775,765,305,659
657,1023,0,364,1023,0,708,886,305,691,662,782,768,305,662
507,1023,0,241,1023,0,677,843,305,654,662,791,776,305,662
263,1023,0,127,1014,0,608,788,305,584,662,456,451,305,662
363,1023,0,215,1023,0,640,822,305,614,662,757,752,305,662
507,1023,0,191,1023,0,598,737,305,570,662,753,738,305,662
521,1023,0,563,1023,0,851,1023,306,849,662,816,798,305,662
555,1023,0,395,1023,0,731,918,306,716,662,775,755,305,662
705,1023,0,579,1023,0,585,706,305,565,662,792,780,305,662
658,1023,0,519,1023,0,714,911,305,695,662,791,770,305,662
500,1023,0,234,1023,0,562,692,305,537,662,792,780,305,662
804,1023,0,569,1023,0,461,509,305,504,662,794,770,305,662
766,1023,0,620,1023,0,788,988,306,780,662,780,757,305,662
545,1023,0,328,1023,0,647,809,305,627,662,760,746,305,662
709,1023,0,391,1023,0,634,783,305,619,662,778,765,305,662
301,1023,0,167,1023,0,706,920,305,692,662,525,504,305,662
374,1023,0,165,1023,0,718,931,306,702,662,759,748,305,662
627,1023,0,463,1023,0,759,952,306,747,662,811,786,305,662
424,1023,0,210,1023,0,662,840,305,644,662,768,769,305,662
488,1023,0,237,1023,0,659,838,305,634,662,771,761,305,662
783,1023,0,582,1023,0,429,431,305,463,662,841,794,305,662
457,1023,0,219,1023,0,557,689,305,532,663,768,761,305,662
324,1023,0,197,1023,0,584,744,305,559,663,444,418,305,662
527,1023,0,183,1023,0,696,884,305,679,663,781,770,305,662
626,1023,0,361,1023,0,400,386,305,414,663,799,786,305,662
609,1023,0,353,1023,0,706,873,305,693,663,808,786,305,662
338,1023,0,192,1023,0,602,768,305,576,663,760,755,305,662
204,1023,0,167,1015,0,612,771,305,615,663,470,406,305,662
379,1023,0,217,1023,0,323,348,305,336,663,766,759,305,662
421,1023,0,202,1023,0,838,1023,306,836,663,801,787,305,662
517,1023,0,356,1023,0,852,1023,307,851,663,726,699,305,665
502,1023,0,239,1023,0,651,825,305,627,663,781,775,305,665
340,1023,0,185,1023,0,498,600,305,469,663,777,771,305,665
614,1023,0,360,1023,0,475,509,305,457,663,787,766,305,665
555,1023,0,280,1023,0,667,835,305,646,663,774,754,305,665
370,1023,0,217,1023,0,362,365,305,381,663,502,465,305,665
393,1023,0,176,1023,0,654,835,305,628,663,769,762,305,665
802,1023,0,513,1023,0,829,1023,307,826,663,778,758,305,665
467,1023,0,173,1023,0,684,867,305,667,663,761,749,305,665
385,1023,0,179,1023,0,335,356,305,355,663,765,760,305,665
558,1023,0,329,1023,0,385,389,305,406,663,790,763,305,665
563,1023,0,574,1023,0,775,994,306,763,663,752,716,305,665
442,1023,0,182,1023,0,638,803,305,610,663,787,778,305,665
737,1023,0,701,1023,0,888,1023,307,891,663,839,826,305,665
307,1023,0,203,1023,0,308,350,305,357,663,441,429,305,665
551,1023,0,303,1023,0,664,830,305,643,663,768,757,305,665
385,1023,0,232,1023,0,760,980,306,751,663,781,764,305,665
549,1023,0,228,1023,0,566,689,305,538,663,770,763,305,665
637,1023,0,446,1023,0,806,1018,306,799,663,784,762,305,665
232,1023,0,185,1023,0,243,330,305,322,663,340,350,305,665
653,1023,0,408,1023,0,610,746,305,588,663,767,754,305,665
372,1023,0,176,1023,0,713,918,305,701,663,765,762,305,665
630,1023,0,440,1023,0,684,866,305,663,663,795,780,305,665
634,1023,0,540,1023,0,795,1001,306,786,663,834,780,305,665
382,1023,0,223,1023,0,647,827,305,622,663,766,761,305,665
498,1023,0,355,1023,0,810,1012,306,805,664,785,765,305,668
349,1023,0,162,1023,0,638,821,305,614,664,775,767,305,668
547,1023,0,383,1023,0,568,677,305,548,664,767,748,305,668
734,1023,0,398,1023,0,722,910,305,703,664,777,764,305,668
599,1023,0,404,1023,0,707,893,305,690,664,769,750,305,668
283,1023,0,109,865,0,734,956,306,722,664,535,473,305,668
500,1023,0,237,1023,0,554,682,305,523,664,765,757,305,668
523,1023,0,260,1023,0,686,875,305,668,664,778,764,305,668
366,1023,0,173,1023,0,801,1023,306,796,664,765,761,305,668
648,1023,0,386,1023,0,458,474,305,442,664,513,480,305,668
493,1023,0,235,1023,0,682,869,305,659,664,765,757,305,668
515,1023,0,389,1023,0,490,567,305,517,664,778,752,305,668
391,1023,0,236,1023,0,394,372,305,379,664,774,764,305,668
474,1023,0,261,1023,0,586,733,305,559,664,797,782,305,668
718,1023,0,387,1023,0,556,648,305,531,664,808,787,305,672
478,1023,0,337,1023,0,733,927,306,721,664,767,738,305,672
396,1023,0,302,1023,0,624,780,305,599,664,759,750,305,672
534,1023,0,484,1023,0,752,950,306,741,664,810,792,305,672
515,1023,0,244,1023,0,679,844,305,660,664,785,773,305,672
240,1023,0,95,725,0,362,350,305,368,664,424,423,305,672
487,1023,0,361,1023,0,758,969,306,747,664,798,788,305,672
653,1023,0,535,1023,0,626,765,305,601,664,799,784,305,672
444,1023,0,260,1023,0,477,575,305,470,664,786,773,305,672
293,1023,0,89,726,0,605,771,305,576,664,372,360,305,672
578,1023,0,387,1023,0,677,844,305,659,664,779,759,305,672
531,1023,0,629,1023,0,642,803,305,620,664,840,811,305,672
443,1023,0,442,1023,0,768,979,306,762,664,798,781,305,672
513,1023,0,266,1023,0,588,728,305,562,664,767,759,305,672
802,1023,0,528,1023,0,824,1023,306,817,664,814,782,305,672
442,1023,0,199,1023,0,654,819,305,633,664,771,764,305,672
523,1023,0,271,1023,0,683,860,305,663,665,772,758,305,672
413,1023,0,239,1023,0,468,540,305,496,665,777,763,305,672
626,1023,0,460,1023,0,394,391,305,379,665,800,777,305,672
638,1023,0,285,1023,0,322,394,305,335,665,769,747,305,672
382,1023,0,120,793,0,624,793,305,595,665,746,731,305,672
532,1023,0,228,1023,0,267,355,305,367,665,800,789,305,672
557,1023,0,236,1023,0,734,907,305,720,665,779,766,305,672
594,1023,0,269,1023,0,376,372,305,382,665,765,753,305,675
448,1023,0,194,1023,0,660,813,305,641,665,503,468,305,675
328,1023,0,169,1023,0,356,351,305,332,665,484,460,305,675
329,1023,0,147,1023,0,713,922,305,698,665,528,499,305,675
516,1023,0,265,1023,0,667,831,305,644,665,775,762,305,675
799,1023,0,481,1023,0,499,538,305,515,665,800,781,305,675
511,1023,0,527,1023,0,663,822,305,666,665,774,736,305,675
501,1023,0,248,1023,0,654,822,305,631,665,769,756,305,675
408,1023,0,327,1023,0,355,357,305,371,665,534,512,305,675
404,1023,0,221,1023,0,691,880,305,673,665,765,753,305,675
697,1023,0,429,1023,0,405,402,305,427,665,786,759,305,675
541,1023,0,448,1023,0,662,826,305,638,665,807,792,305,675
342,1023,0,169,1023,0,571,727,305,543,665,767,757,305,675
325,1023,0,184,1023,0,751,966,306,740,665,749,740,305,675
274,1023,0,92,782,0,557,710,305,525,665,592,475,305,675
727,1023,0,495,1023,0,467,505,305,465,665,820,807,305,675
599,1023,0,298,1023,0,338,368,305,422,665,781,762,305,675
639,1023,0,382,1023,0,830,1023,306,826,665,803,784,305,675
342,1023,0,207,1023,0,619,789,305,592,665,766,762,305,675
740,1023,0,354,1023,0,693,849,305,675,665,780,761,305,675
600,1023,0,327,1023,0,863,1023,307,863,665,780,760,305,675
366,1023,0,200,1023,0,367,365,305,372,665,483,472,305,675
228,1023,0,146,1023,0,607,786,305,577,665,354,394,305,675
371,1023,0,135,810,0,600,757,305,570,665,752,751,305,678
262,1023,0,144,1023,0,366,370,305,318,665,750,748,305,678
358,1023,0,161,1023,0,307,346,305,362,665,443,425,305,678
382,1023,0,128,859,0,681,867,305,663,665,741,734,305,678
488,1023,0,197,1023,0,610,766,305,583,665,771,754,305,678
364,1023,0,110,882,0,603,770,305,577,665,461,440,305,678
430,1023,0,239,1023,0,350,359,305,370,665,767,760,305,678
728,1023,0,499,1023,0,759,946,306,743,665,842,827,305,678
696,1023,0,622,1023,0,836,1023,306,832,665,836,810,305,678
598,1023,0,350,1023,0,787,992,306,781,665,793,774,305,678
539,1023,0,213,1023,0,648,800,305,624,666,772,744,305,678
481,1023,0,257,1023,0,578,718,305,552,666,777,767,305,678
397,1023,0,216,1023,0,330,358,305,359,666,773,764,305,678
701,1023,0,470,1023,0,831,1023,306,827,666,790,776,305,678
331,1023,0,138,981,0,720,928,306,705,666,745,740,305,678
620,1023,0,379,1023,0,395,410,305,426,666,791,771,305,678
579,1023,0,450,1023,0,714,888,305,708,666,789,752,305,678
500,1023,0,163,829,0,615,776,305,593,666,756,746,305,678
305,1023,0,149,1023,0,588,748,305,557,666,751,743,305,678
724,1023,0,339,1023,0,731,905,305,717,666,780,765,305,678
524,1023,0,276,1023,0,753,958,306,742,666,800,791,305,678
569,1023,0,417,1023,0,834,1023,306,832,666,800,777,305,678
379,1023,0,201,1023,0,648,827,305,622,666,757,745,305,678
367,1023,0,252,1023,0,669,854,305,659,666,777,767,305,678
327,1023,0,89,671,0,437,467,305,418,666,451,431,305,678
538,1023,0,464,1023,0,559,677,305,556,666,804,788,305,678
319,1023,0,164,1023,0,347,352,305,388,666,431,408,305,678
388,1023,0,453,1023,0,704,889,305,696,666,802,780,305,678
253,1023,0,85,664,0,755,987,306,747,666,436,431,305,678
327,1023,0,112,622,0,612,766,305,596,666,581,497,305,682
477,1023,0,296,1023,0,729,938,306,715,666,797,788,305,682
595,1023,0,296,1023,0,718,909,305,703,666,794,777,305,682
583,1023,0,269,1023,0,638,802,305,613,666,775,760,305,682
295,1023,0,95,744,0,564,703,305,531,666,445,435,305,682
675,1023,0,583,1023,0,637,771,305,615,666,791,769,305,682
506,1023,0,227,1023,0,631,788,305,605,666,764,755,305,682
529,1023,0,559,1023,0,810,1023,306,804,666,805,788,305,682
243,1023,0,102,727,0,355,357,305,374,666,471,424,305,682
384,1023,0,211,1023,0,745,949,306,734,666,768,762,305,682
527,1023,0,344,1023,0,529,624,305,499,666,784,770,305,682
594,1023,0,550,1023,0,856,1023,306,854,666,806,790,305,682
437,1023,0,248,1023,0,649,817,305,629,666,766,760,305,682
349,1023,0,140,995,0,642,823,305,619,666,759,744,305,682
363,1023,0,179,1023,0,387,358,305,405,666,764,739,305,682
724,1023,0,513,1023,0,859,1023,307,858,666,804,780,305,682
415,1023,0,360,1023,0,701,858,305,683,666,738,725,305,682
523,1023,0,319,1023,0,598,738,305,575,666,776,762,305,682
620,1023,0,461,1023,0,691,860,305,670,666,774,751,305,682
255,1023,0,171,1023,0,372,376,305,357,666,730,723,305,682
428,1023,0,300,1023,0,605,766,305,579,666,772,759,305,682
551,1023,0,670,1023,0,807,1012,306,804,666,797,773,305,682
687,1023,0,435,1023,0,734,922,306,716,666,793,764,305,682
682,1023,0,604,1023,0,468,505,305,473,666,801,787,305,682
492,1023,0,194,1023,0,733,932,306,720,667,780,772,305,682
376,1023,0,123,766,0,349,362,305,319,667,480,428,305,685
287,1023,0,111,881,0,528,661,305,497,667,745,742,305,685
588,1023,0,439,1023,0,679,854,305,657,667,820,805,305,685
420,1023,0,197,1023,0,608,769,305,582,667,756,745,305,685
298,1023,0,178,1023,0,435,447,305,421,667,754,747,305,685
322,1023,0,186,1023,0,493,600,305,459,667,751,746,305,685
615,1023,0,232,1023,0,712,892,305,694,667,787,778,305,685
518,1023,0,325,1023,0,850,1023,306,847,667,815,791,305,685
461,1023,0,221,1023,0,376,368,305,363,667,768,760,305,685
498,1023,0,230,1023,0,696,891,305,679,667,765,757,305,685
412,1023,0,268,1023,0,776,992,306,770,667,795,786,305,685
645,1023,0,558,1023,0,847,1023,307,846,667,801,771,305,685
390,1023,0,238,1023,0,738,950,306,728,667,781,768,305,685
617,1023,0,327,1023,0,701,886,305,681,667,774,750,305,685
472,1023,0,214,1023,0,435,463,305,423,667,739,735,305,685
664,1023,0,295,1023,0,747,933,306,736,667,768,752,305,685
560,1023,0,477,1023,0,351,391,305,401,667,586,529,305,685
474,1023,0,245,1023,0,699,882,305,682,667,767,755,305,685
441,1023,0,350,1023,0,719,909,305,710,667,787,775,305,685
767,1023,0,570,1023,0,405,428,305,429,667,804,789,305,688
243,1023,0,90,691,0,588,764,305,561,667,435,429,305,688
299,1023,0,188,1023,0,435,492,305,393,667,438,433,305,688
583,1023,0,441,1023,0,848,1023,306,847,667,804,787,305,688
428,1023,0,334,1023,0,329,362,305,346,667,780,770,305,688
562,1023,0,463,1023,0,806,1013,306,802,667,789,769,305,688
488,1023,0,300,1023,0,361,370,305,384,667,750,737,305,688
256,1023,0,271,1023,0,605,782,305,583,667,509,488,305,688
576,1023,0,257,1023,0,663,821,305,640,667,766,748,305,688
315,1023,0,129,927,0,427,456,305,395,667,762,760,305,688
433,1023,0,209,1023,0,589,750,305,563,667,538,497,305,688
414,1023,0,213,1023,0,355,361,305,386,667,783,763,305,688
497,1023,0,312,1023,0,859,1023,306,858,667,781,766,305,688
701,1023,0,507,1023,0,820,1012,307,815,667,784,766,305,688
412,1023,0,212,1023,0,577,720,305,549,667,783,761,305,688
267,1023,0,84,612,0,393,389,305,378,667,389,373,305,688
459,1023,0,251,1023,0,770,963,306,760,667,769,757,305,688
450,1023,0,331,1023,0,884,1023,307,887,667,811,801,305,688
433,1023,0,324,1023,0,349,363,305,376,667,778,759,305,688
695,1023,0,376,1023,0,779,982,306,769,668,774,759,305,688
350,1023,0,175,1023,0,757,962,306,746,668,767,759,305,688
583,1023,0,264,1023,0,767,976,306,757,668,813,806,305,688
539,1023,0,315,1023,0,749,953,306,739,668,796,788,305,688
332,1023,0,214,1023,0,529,651,305,509,668,471,439,305,688
425,1023,0,255,1023,0,497,590,305,470,668,766,751,305,691
327,1023,0,137,1023,0,686,889,305,668,668,753,747,305,691
679,1023,0,428,1023,0,753,945,306,739,668,772,756,305,691
553,1023,0,244,1023,0,646,811,305,621,668,773,761,305,691
489,1023,0,466,1023,0,783,969,306,775,668,784,751,305,691
373,1023,0,176,1023,0,877,1023,306,880,668,761,754,305,691
436,1023,0,275,1023,0,710,907,305,691,668,770,762,305,691
454,1023,0,211,1023,0,610,767,305,590,668,750,715,305,691
415,1023,0,173,1023,0,364,367,305,384,668,564,539,305,691
722,1023,0,494,1023,0,682,822,305,667,668,791,754,305,691
415,1023,0,251,1023,0,824,1023,306,820,668,772,760,305,691
312,1023,0,121,873,0,590,767,305,562,668,495,472,305,691
264,1023,0,135,941,0,386,359,305,395,668,468,438,305,691
410,1023,0,223,1023,0,752,965,306,742,668,761,751,305,691
558,1023,0,550,1023,0,791,970,306,783,668,757,717,305,691
472,1023,0,234,1023,0,655,828,305,631,668,768,752,305,691
478,1023,0,185,1023,0,675,880,305,656,668,546,510,305,691
365,1023,0,254,1023,0,655,841,305,636,668,787,780,305,691
312,1023,0,128,889,0,287,334,305,333,668,693,688,305,691
451,1023,0,256,1023,0,678,866,305,660,668,784,763,305,695
702,1023,0,418,1023,0,568,655,305,544,668,779,747,305,695
652,1023,0,503,1023,0,678,838,305,656,668,792,765,305,695
597,1023,0,324,1023,0,759,951,306,748,668,785,763,305,695
593,1023,0,343,1023,0,733,917,306,724,668,662,608,305,695
366,1023,0,172,1023,0,628,792,305,604,668,475,446,305,695
513,1023,0,270,1023,0,735,935,306,722,668,768,751,305,695
465,1023,0,248,1023,0,618,775,305,593,668,775,755,305,695
493,1023,0,204,1023,0,643,808,305,618,668,799,779,305,695
371,1023,0,344,1023,0,854,1023,306,853,668,774,761,305,695
427,1023,0,227,1023,0,682,870,305,665,668,781,774,305,695
388,1023,0,175,1023,0,771,985,306,763,668,767,759,305,695
548,1023,0,247,1023,0,626,784,305,600,669,775,755,305,695
340,1023,0,174,1023,0,634,812,305,607,669,759,749,305,695
649,1023,0,386,1023,0,852,1023,307,850,669,778,759,305,695
478,1023,0,336,1023,0,735,935,306,722,669,803,792,305,695
391,1023,0,185,1023,0,513,613,305,573,669,712,677,305,695
703,1023,0,627,1023,0,691,857,305,675,669,794,771,305,695
240,1023,0,303,1023,0,319,343,305,370,669,464,434,305,695
611,1023,0,399,1023,0,915,1023,307,922,669,795,782,305,695
394,1023,0,288,1023,0,718,923,306,704,669,773,761,305,695
565,1023,0,324,1023,0,660,820,305,639,669,653,594,305,695
336,1023,0,157,1023,0,728,939,306,715,669,754,749,305,695
290,1023,0,172,1023,0,582,743,305,559,669,440,413,305,698
216,1023,0,128,1023,0,304,339,305,340,669,381,377,305,698
439,1023,0,229,1023,0,721,904,305,706,669,757,739,305,698
377,1023,0,120,787,0,600,764,305,578,669,543,523,305,698
376,1023,0,251,1023,0,850,1023,306,850,669,767,762,305,698
456,1023,0,397,1023,0,742,939,306,730,669,750,727,305,698
406,1023,0,199,1023,0,364,372,305,320,669,769,758,305,698
366,1023,0,229,1023,0,652,831,305,635,669,778,764,305,698
535,1023,0,360,1023,0,737,927,306,724,669,785,773,305,698
482,1023,0,272,1023,0,808,1023,306,803,669,789,781,305,698
767,1023,0,608,1023,0,418,408,305,434,669,828,807,305,698
774,1023,0,411,1023,0,475,520,305,490,669,805,785,305,698
702,1023,0,385,1023,0,692,844,305,671,669,775,756,305,698
497,1023,0,309,1023,0,730,925,306,717,669,809,788,305,698
395,1023,0,224,1023,0,725,909,305,712,669,781,765,305,698
426,1023,0,176,1023,0,511,600,305,474,669,605,573,305,698
608,1023,0,407,1023,0,757,929,306,746,669,779,768,305,698
537,1023,0,329,1023,0,705,890,305,690,669,776,766,305,698
620,1023,0,366,1023,0,572,689,305,552,669,761,731,305,701
306,1023,0,153,1023,0,294,339,305,311,669,579,555,305,701
444,1023,0,183,1023,0,635,794,305,607,669,771,762,305,701
508,1023,0,361,1023,0,706,898,305,690,670,794,781,305,701
734,1023,0,642,1023,0,838,1023,307,835,670,779,751,305,701
500,1023,0,524,1023,0,546,639,305,550,670,788,772,305,701
540,1023,0,384,1023,0,410,438,305,466,670,784,767,305,701
413,1023,0,195,1023,0,705,897,305,690,670,764,756,305,701
408,1023,0,102,553,0,329,361,305,325,670,456,409,305,701
499,1023,0,219,1023,0,655,820,305,630,670,759,750,305,701
366,1023,0,228,1023,0,718,921,305,699,670,761,757,305,701
444,1023,0,260,1023,0,682,860,305,665,670,783,772,305,701
560,1023,0,290,1023,0,811,1023,306,804,670,594,548,305,701
308,1023,0,104,782,0,312,350,305,349,670,724,717,305,701
454,1023,0,221,1023,0,530,634,305,508,670,782,764,305,701
401,1023,0,142,978,0,656,840,305,632,670,767,765,305,701
483,1023,0,255,1023,0,392,388,305,410,670,787,780,305,701
390,1023,0,206,1023,0,655,839,305,631,670,766,750,305,705
322,1023,0,164,1023,0,332,347,305,341,670,484,468,305,705
447,1023,0,264,1023,0,678,838,305,660,670,750,727,305,705
505,1023,0,194,1023,0,577,704,305,543,670,771,757,305,705
381,1023,0,143,822,0,549,669,305,518,670,388,417,305,705
477,1023,0,259,1023,0,682,861,305,660,670,776,764,305,705
368,1023,0,321,1023,0,700,893,305,684,670,500,468,305,705
699,1023,0,574,1023,0,812,1015,306,806,670,848,819,305,705
217,1023,0,124,1023,0,372,392,305,352,670,422,420,305,705
397,1023,0,133,906,0,768,955,306,759,670,594,554,305,705
361,1023,0,142,986,0,518,633,305,495,670,755,748,305,705
375,1023,0,112,828,0,588,745,305,557,670,743,736,305,705
440,1023,0,210,1023,0,465,533,305,451,670,777,778,305,705
430,1023,0,244,1023,0,807,1023,306,802,670,776,766,305,705
690,1023,0,340,1023,0,474,494,305,501,670,790,764,305,705
758,1023,0,572,1023,0,699,861,305,685,670,792,774,305,705
424,1023,0,194,1023,0,315,344,305,346,670,480,437,305,705
623,1023,0,686,1023,0,796,1003,306,785,670,797,769,305,705
440,1023,0,222,1023,0,639,806,305,618,670,754,741,305,705
429,1023,0,164,1023,0,614,778,305,587,671,767,758,305,708
317,1023,0,153,1023,0,512,624,305,473,671,761,755,305,708
580,1023,0,544,1023,0,807,1023,306,803,671,845,804,305,708
355,1023,0,185,1023,0,678,872,305,659,671,472,433,305,708
409,1023,0,261,1023,0,650,828,305,625,671,771,759,305,708
540,1023,0,443,1023,0,789,1005,306,781,671,775,761,305,708
766,1023,0,596,1023,0,754,935,306,742,671,794,777,305,708
498,1023,0,457,1023,0,821,1023,306,818,671,784,756,305,708
415,1023,0,256,1023,0,676,864,305,654,671,768,762,305,708
603,1023,0,410,1023,0,575,691,305,548,671,797,770,305,708
514,1023,0,369,1023,0,761,965,306,752,671,790,785,305,708
662,1023,0,329,1023,0,698,877,305,676,671,793,780,305,708
699,1023,0,640,1023,0,878,1023,307,879,671,791,756,305,708
308,1023,0,138,1023,0,664,865,305,645,671,396,394,305,708
759,1023,0,532,1023,0,790,974,306,781,671,822,795,305,708
414,1023,0,562,1023,0,801,1023,306,795,671,779,759,305,708
430,1023,0,186,1023,0,327,354,305,349,671,780,770,305,708
454,1023,0,225,1023,0,530,648,305,504,671,766,756,305,708
321,1023,0,87,662,0,399,418,305,362,671,465,442,305,708
797,1023,0,501,1023,0,681,834,305,658,671,790,762,305,708
391,1023,0,172,1023,0,700,903,305,682,671,538,507,305,708
372,1023,0,239,1023,0,773,995,306,764,671,763,753,305,708
359,1023,0,111,771,0,507,612,305,479,671,748,737,305,708
611,1023,0,263,1023,0,796,1005,306,787,671,779,762,305,708
363,1023,0,426,1023,0,538,661,305,621,671,699,686,305,708
534,1023,0,258,1023,0,762,956,306,751,671,784,776,305,708
531,1023,0,601,1023,0,860,1023,307,859,671,852,832,305,708
563,1023,0,198,989,0,727,912,305,713,671,769,757,305,708
627,1023,0,314,1023,0,730,920,306,716,671,769,752,305,708
222,1023,0,115,1023,0,331,338,305,342,671,388,387,305,708
403,1023,0,237,1023,0,597,760,305,569,671,780,770,305,711
335,1023,0,354,1023,0,354,352,305,373,671,468,436,305,711
620,1023,0,346,1023,0,729,898,305,716,671,771,754,305,711
258,1023,0,101,827,0,420,455,305,389,671,374,396,305,711
321,1023,0,107,710,0,687,887,305,672,671,423,393,305,711
440,1023,0,226,1023,0,795,1018,306,789,671,769,753,305,711
505,1023,0,228,1023,0,767,983,306,756,671,773,762,305,711
364,1023,0,240,1023,0,592,723,305,566,671,720,699,305,711
591,1023,0,450,1023,0,615,748,305,599,671,794,771,305,711
655,1023,0,296,1023,0,796,995,306,789,671,780,769,305,711
681,1023,0,299,1023,0,400,434,305,456,671,742,720,305,711
450,1023,0,201,1023,0,436,411,305,435,672,765,753,305,711
598,1023,0,465,1023,0,796,994,306,789,672,783,757,305,711
713,1023,0,516,1023,0,613,744,305,592,672,830,779,305,711
270,1023,0,89,679,0,297,346,305,260,672,407,378,305,711
566,1023,0,355,1023,0,687,849,305,666,672,781,770,305,711
533,1023,0,235,1023,0,742,941,306,729,672,768,758,305,711
501,1023,0,318,1023,0,542,638,305,514,672,803,794,305,714
346,1023,0,89,730,0,261,328,305,298,672,462,437,305,714
568,1023,0,380,1023,0,717,904,305,703,672,798,783,305,714
610,1023,0,307,1023,0,609,734,305,583,672,772,762,305,714
774,1023,0,579,1023,0,916,1023,307,920,672,804,783,305,714
655,1023,0,280,1023,0,616,756,305,593,672,782,770,305,714
409,1023,0,197,1023,0,705,904,305,690,672,773,766,305,714
584,1023,0,264,1023,0,405,431,305,416,672,790,773,305,714
504,1023,0,213,1023,0,633,791,305,611,672,760,748,305,714
312,1023,0,128,906,0,339,344,305,375,672,465,428,305,714
259,1023,0,121,925,0,473,563,305,445,672,482,456,305,714
420,1023,0,202,1023,0,719,910,305,702,672,513,453,305,714
283,1023,0,130,999,0,760,958,306,750,672,706,694,305,714
475,1023,0,262,1023,0,604,760,305,576,672,770,752,305,714
618,1023,0,370,1023,0,661,805,305,639,672,782,759,305,714
515,1023,0,312,1023,0,545,661,305,526,672,777,768,305,714
606,1023,0,400,1023,0,373,383,305,395,672,781,758,305,714
516,1023,0,316,1023,0,684,863,305,662,672,801,781,305,714
599,1023,0,545,1023,0,658,790,305,638,672,793,769,305,718
556,1023,0,341,1023,0,693,876,305,677,672,789,780,305,718
468,1023,0,316,1023,0,689,882,305,666,672,775,765,305,718
470,1023,0,454,1023,0,768,969,306,760,673,802,789,305,718
560,1023,0,285,1023,0,710,886,305,696,673,783,770,305,718
230,1023,0,163,1023,0,394,427,305,415,673,494,491,305,718
513,1023,0,249,1023,0,722,919,306,705,673,784,763,305,718
492,1023,0,212,1023,0,715,903,305,700,673,783,771,305,718
490,1023,0,349,1023,0,400,391,305,404,673,799,784,305,718
266,1023,0,131,961,0,671,871,305,653,673,758,756,305,718
509,1023,0,341,1023,0,725,920,306,711,673,762,758,305,721
336,1023,0,107,741,0,465,511,305,434,673,477,427,305,721
411,1023,0,177,1023,0,784,998,306,776,673,764,754,305,721
381,1023,0,240,1023,0,381,369,305,407,673,547,509,305,721
596,1023,0,410,1023,0,825,1023,306,820,673,812,783,305,721
426,1023,0,218,1023,0,503,589,305,473,673,785,779,305,721
682,1023,0,645,1023,0,787,989,306,778,673,822,805,305,721
369,1023,0,177,1023,0,772,1000,306,764,673,526,498,305,721
315,1023,0,317,1023,0,692,876,305,677,673,378,375,305,721
495,1023,0,222,1023,0,664,841,305,640,673,775,764,305,721
398,1023,0,192,1023,0,742,939,306,730,673,760,755,305,721
519,1023,0,217,1023,0,632,785,305,605,673,759,751,305,721
554,1023,0,472,1023,0,396,391,305,438,673,777,757,305,721
539,1023,0,294,1023,0,386,404,305,383,673,757,753,305,721
376,1023,0,239,1023,0,702,898,305,685,673,762,755,305,721
347,1023,0,212,1023,0,666,859,305,648,673,758,746,305,721
546,1023,0,241,1023,0,516,578,305,490,673,792,783,305,721
466,1023,0,253,1023,0,703,876,305,689,673,757,742,305,721
454,1023,0,173,1023,0,679,861,305,661,673,759,747,305,721
596,1023,0,433,1023,0,594,729,305,569,673,789,768,305,721
254,1023,0,107,865,0,559,709,305,530,673,445,417,305,721
477,1023,0,234,1023,0,738,932,306,726,673,755,748,305,721
625,1023,0,320,1023,0,598,724,305,573,673,780,763,305,721
479,1023,0,421,1023,0,701,871,305,685,673,795,780,305,721
318,1023,0,150,1023,0,683,884,305,665,673,732,728,305,724
325,1023,0,152,979,0,617,780,305,595,673,744,742,305,724
729,1023,0,351,1023,0,812,1023,306,806,673,673,649,305,724
533,1023,0,282,1023,0,774,983,306,762,673,793,780,305,724
383,1023,0,165,1023,0,603,766,305,573,673,772,768,305,724
366,1023,0,178,1023,0,580,736,305,551,673,775,766,305,724
343,1023,0,229,1023,0,632,806,305,606,673,772,764,305,724
260,1023,0,147,1023,0,293,334,305,359,673,408,386,305,724
293,1023,0,148,983,0,755,978,306,745,673,767,758,305,724
546,1023,0,373,1023,0,760,943,306,751,674,761,743,305,724
233,1023,0,97,852,0,554,710,305,528,674,491,490,305,724
597,1023,0,553,1023,0,674,851,305,656,674,794,783,305,724
511,1023,0,342,1023,0,450,482,305,448,674,777,766,305,724
694,1023,0,671,1023,0,634,759,305,610,674,783,752,305,724
380,1023,0,192,1023,0,630,803,305,604,674,774,764,305,724
360,1023,0,188,1023,0,716,922,306,701,674,756,745,305,724
336,1023,0,183,1023,0,568,718,305,537,674,767,758,305,724
296,1023,0,147,1023,0,263,334,305,281,674,746,744,305,724
328,1023,0,142,1023,0,677,877,305,662,674,600,587,305,724
539,1023,0,359,1023,0,356,366,305,364,674,563,499,305,724
561,1023,0,411,1023,0,570,695,305,549,674,781,762,305,728
733,1023,0,451,1023,0,738,927,306,720,674,826,794,305,728
240,1023,0,104,804,0,541,691,305,510,674,470,457,305,728
465,1023,0,431,1023,0,649,816,305,633,674,783,772,305,728
425,1023,0,215,1023,0,400,389,305,396,674,768,757,305,728
280,1023,0,108,829,0,244,347,305,328,674,451,429,305,728
709,1023,0,331,1023,0,657,806,305,640,674,784,770,305,728
566,1023,0,443,1023,0,526,623,305,506,674,767,749,305,728
484,1023,0,278,1023,0,614,769,305,594,674,778,759,305,728
509,1023,0,286,1023,0,651,817,305,626,674,773,752,305,728
525,1023,0,569,1023,0,428,416,305,483,674,657,594,305,728
364,1023,0,142,1023,0,379,396,305,379,674,398,398,305,728
692,1023,0,463,1023,0,418,395,305,432,674,789,773,305,728
708,1023,0,572,1023,0,651,805,305,632,674,788,770,305,728
307,1023,0,147,1023,0,740,962,306,728,674,383,383,305,728
573,1023,0,364,1023,0,694,877,305,675,674,799,789,305,728
658,1023,0,403,1023,0,670,850,305,650,674,790,776,305,728
254,1023,0,85,722,0,426,463,305,386,674,422,421,305,728
622,1023,0,494,1023,0,872,1023,306,872,674,797,776,305,731
337,1023,0,155,1023,0,630,804,305,604,674,758,755,305,731
641,1023,0,536,1023,0,711,879,305,693,674,794,773,305,731
457,1023,0,366,1023,0,880,1023,306,883,674,781,764,305,731
416,1023,0,288,1023,0,595,752,305,566,675,761,748,305,731
443,1023,0,239,1023,0,660,841,305,636,675,778,768,305,731
364,1023,0,230,1023,0,769,989,306,760,675,766,758,305,731
752,1023,0,604,1023,0,408,400,305,431,675,804,785,305,731
470,1023,0,249,1023,0,677,855,305,654,675,781,770,305,731
442,1023,0,393,1023,0,752,965,306,737,675,787,773,305,731
520,1023,0,471,1023,0,870,1023,306,871,675,833,794,305,731
515,1023,0,223,1023,0,756,958,306,746,675,767,762,305,731
526,1023,0,584,1023,0,772,962,306,764,675,791,774,305,731
595,1023,0,314,1023,0,647,815,305,622,675,794,778,305,731
315,1023,0,146,1023,0,334,349,305,383,675,438,432,305,731
391,1023,0,162,997,0,614,776,305,586,675,763,754,305,734
357,1023,0,252,1023,0,687,878,305,670,675,772,763,305,734
433,1023,0,224,1023,0,681,867,305,658,675,771,764,305,734
312,1023,0,162,1023,0,713,927,306,699,675,496,482,305,734
717,1023,0,690,1023,0,623,732,305,611,675,830,795,305,734
409,1023,0,200,1023,0,683,879,305,664,675,777,772,305,734
377,1023,0,465,1023,0,839,1016,307,837,675,806,769,305,734
440,1023,0,302,1023,0,658,839,305,637,675,776,769,305,734
449,1023,0,210,1023,0,675,868,305,652,675,787,771,305,734
534,1023,0,603,1023,0,669,821,305,648,675,783,745,305,734
454,1023,0,245,1023,0,647,822,305,624,675,777,770,305,734
314,1023,0,169,1023,0,692,895,305,676,675,767,759,305,734
627,1023,0,416,1023,0,721,905,305,707,675,767,745,305,734
487,1023,0,304,1023,0,684,870,305,666,675,779,768,305,734
596,1023,0,326,1023,0,382,380,305,412,675,787,771,305,734
796,1023,0,504,1023,0,690,854,305,670,675,827,796,305,734
589,1023,0,481,1023,0,728,912,305,713,675,788,764,305,734
311,1023,0,208,1023,0,610,779,305,583,675,759,752,305,734
328,1023,0,128,1003,0,609,782,305,584,675,396,450,305,734
542,1023,0,258,1023,0,835,1023,306,832,675,772,760,305,734
358,1023,0,184,1023,0,634,803,305,615,675,736,732,305,734
479,1023,0,412,1023,0,834,1023,306,832,675,761,749,305,734
443,1023,0,367,1023,0,481,541,305,447,675,710,694,305,738
404,1023,0,265,1023,0,731,943,306,719,675,618,592,305,738
643,1023,0,462,1023,0,671,838,305,650,675,797,782,305,738
564,1023,0,369,1023,0,619,766,305,594,675,811,799,305,738
446,1023,0,292,1023,0,751,965,306,740,675,772,763,305,738
459,1023,0,234,1023,0,739,941,306,725,676,803,794,305,738
248,1023,0,244,1023,0,355,365,305,341,676,390,369,305,738
398,1023,0,186,1023,0,437,489,305,410,676,757,746,305,738
269,1023,0,137,967,0,615,794,305,589,676,748,746,305,738
384,1023,0,243,1023,0,752,969,306,742,676,789,773,305,738
349,1023,0,377,1023,0,581,735,305,587,676,772,760,305,738
508,1023,0,247,1023,0,645,805,305,621,676,778,762,305,738
351,1023,0,251,1023,0,800,1023,306,794,676,782,777,305,738
642,1023,0,520,1023,0,802,1007,306,796,676,793,778,305,738
577,1023,0,459,1023,0,412,403,305,420,676,539,454,305,738
311,1023,0,102,835,0,299,329,305,223,676,422,404,305,738
394,1023,0,202,1023,0,515,626,305,486,676,763,748,305,738
265,1023,0,202,1023,0,518,643,305,487,676,478,459,305,738
553,1023,0,347,1023,0,576,703,305,553,676,786,765,305,738
427,1023,0,226,1023,0,650,832,305,628,676,771,759,305,738
470,1023,0,303,1023,0,635,790,305,613,676,749,730,305,741
492,1023,0,422,1023,0,762,951,306,751,676,774,746,305,741
701,1023,0,356,1023,0,688,868,305,666,676,782,766,305,741
640,1023,0,409,1023,0,486,537,305,481,676,781,767,305,741
378,1023,0,197,1023,0,807,1023,306,802,676,753,747,305,741
487,1023,0,286,1023,0,303,384,305,349,676,775,766,305,741
550,1023,0,330,1023,0,764,963,306,754,676,789,776,305,741
232,1023,0,133,1023,0,656,855,305,636,676,467,435,305,741
756,1023,0,629,1023,0,656,830,305,636,676,840,778,305,741
299,1023,0,391,1023,0,658,830,305,640,676,737,723,305,741
469,1023,0,324,1023,0,733,901,305,720,676,795,784,305,741
423,1023,0,288,1023,0,747,969,306,730,676,776,752,305,741
324,1023,0,88,668,0,304,330,305,355,676,770,772,305,741
430,1023,0,256,1023,0,800,1019,306,793,676,754,747,305,741
608,1023,0,272,1023,0,526,590,305,498,676,759,745,305,741
526,1023,0,273,1023,0,641,807,305,617,676,765,766,305,741
403,1023,0,264,1023,0,556,665,305,531,676,491,444,305,741
527,1023,0,239,1023,0,683,872,305,661,676,770,760,305,741
294,1023,0,207,1023,0,394,410,305,418,677,499,478,305,744
368,1023,0,134,842,0,640,811,305,618,677,760,755,305,744
688,1023,0,717,1023,0,794,995,306,787,677,790,772,305,744
691,1023,0,388,1023,0,747,935,306,735,677,779,767,305,744
630,1023,0,334,1023,0,494,555,305,480,677,576,526,305,744
468,1023,0,234,1023,0,634,805,305,608,677,786,778,305,744
498,1023,0,435,1023,0,801,1021,306,794,677,813,802,305,744
438,1023,0,257,1023,0,397,376,305,361,677,510,476,305,744
636,1023,0,620,1023,0,670,847,305,649,677,767,758,305,744
370,1023,0,128,910,0,627,770,305,599,677,488,451,305,744
518,1023,0,251,1023,0,666,836,305,641,677,754,736,305,744
712,1023,0,627,1023,0,786,966,306,776,677,837,811,305,744
530,1023,0,327,1023,0,600,766,305,579,677,836,819,305,744
596,1023,0,336,1023,0,672,840,305,651,677,767,757,305,744
592,1023,0,310,1023,0,583,711,305,557,677,781,769,305,744
800,1023,0,580,1023,0,678,845,305,659,677,804,788,305,744
532,1023,0,491,1023,0,401,389,305,438,677,565,528,305,744
449,1023,0,179,1023,0,785,1007,306,776,677,782,776,305,744
537,1023,0,250,1023,0,597,736,305,569,677,792,777,305,744
608,1023,0,428,1023,0,576,704,305,553,677,768,753,305,744
365,1023,0,170,1023,0,577,728,305,550,677,792,782,305,744
304,1023,0,279,1023,0,638,820,305,621,677,783,772,305,744
675,1023,0,421,1023,0,732,912,305,716,677,790,775,305,747
381,1023,0,154,994,0,743,952,306,730,677,523,484,305,747
553,1023,0,411,1023,0,633,794,305,609,677,770,758,305,747
596,1023,0,296,1023,0,388,384,305,369,677,777,753,305,747
425,1023,0,147,973,0,711,910,305,698,677,769,760,305,747
328,1023,0,124,933,0,716,927,306,702,677,758,746,305,747
502,1023,0,407,1023,0,668,826,305,645,677,772,758,305,747
290,1023,0,188,1023,0,679,883,305,660,677,466,453,305,747
379,1023,0,235,1023,0,836,1023,306,834,677,778,761,305,747
530,1023,0,269,1023,0,631,786,305,607,677,761,744,305,747
582,1023,0,538,1023,0,859,1023,307,858,677,812,787,305,747
388,1023,0,168,1023,0,805,1023,306,801,677,753,743,305,747
687,1023,0,363,1023,0,715,891,305,700,677,788,764,305,747
449,1023,0,171,1023,0,462,524,305,469,677,524,488,305,747
563,1023,0,197,1023,0,641,788,305,617,677,814,799,305,747
596,1023,0,310,1023,0,703,876,305,686,677,784,773,305,747
323,1023,0,196,1023,0,453,517,305,432,677,537,515,305,747
605,1023,0,605,1023,0,813,1023,306,807,677,892,871,305,747
464,1023,0,214,1023,0,741,948,306,725,677,772,763,305,747
334,1023,0,159,1023,0,504,616,305,475,677,505,471,305,747
300,1023,0,96,674,0,693,897,305,676,677,408,383,305,747
450,1023,0,292,1023,0,791,1014,306,782,677,766,755,305,747
538,1023,0,284,1023,0,613,764,305,593,678,777,765,305,751
633,1023,0,630,1023,0,639,805,305,634,678,805,781,305,751
533,1023,0,393,1023,0,508,599,305,490,678,764,749,305,751
240,1023,0,145,1023,0,330,343,305,340,678,431,422,305,751
667,1023,0,500,1023,0,822,1023,306,817,678,817,804,305,751
292,1023,0,172,1023,0,725,935,306,708,678,763,759,305,751
591,1023,0,315,1023,0,633,791,305,608,678,780,760,305,751
628,1023,0,329,1023,0,768,966,306,758,678,788,773,305,751
301,1023,0,144,1023,0,613,778,305,586,678,487,456,305,751
415,1023,0,143,911,0,711,914,305,692,678,747,733,305,751
386,1023,0,295,1023,0,410,400,305,424,678,762,754,305,751
593,1023,0,306,1023,0,671,832,305,650,678,783,771,305,751
567,1023,0,522,1023,0,790,990,306,782,678,745,736,305,751
530,1023,0,319,1023,0,763,966,306,753,678,754,746,305,751
622,1023,0,516,1023,0,661,824,305,642,678,831,808,305,751
428,1023,0,204,1023,0,793,1015,306,786,678,769,760,305,751
590,1023,0,575,1023,0,849,1023,306,846,678,803,788,305,751
726,1023,0,479,1023,0,758,952,306,747,678,791,777,305,751
314,1023,0,271,1023,0,692,865,305,677,678,494,448,305,751
312,1023,0,107,796,0,500,621,305,484,678,751,743,305,754
502,1023,0,183,1023,0,366,348,305,378,678,501,468,305,754
556,1023,0,304,1023,0,606,757,305,579,678,773,760,305,754
398,1023,0,220,1023,0,798,1023,306,791,678,763,761,305,754
481,1023,0,228,1023,0,412,399,305,409,678,777,758,305,754
512,1023,0,403,1023,0,709,897,305,690,678,778,761,305,754
658,1023,0,340,1023,0,698,860,305,678,678,774,754,305,754
562,1023,0,348,1023,0,668,842,305,646,678,785,775,305,754
629,1023,0,337,1023,0,734,923,306,722,678,781,769,305,754
764,1023,0,662,1023,0,855,1023,306,854,678,790,767,305,754
492,1023,0,414,1023,0,853,1023,306,853,678,791,776,305,754
518,1023,0,396,1023,0,850,1023,307,848,678,779,763,305,754
384,1023,0,225,1023,0,453,439,305,431,678,775,766,305,754
527,1023,0,625,1023,0,722,904,305,710,678,805,796,305,754
755,1023,0,513,1023,0,426,410,305,447,678,770,768,305,754
517,1023,0,272,1023,0,642,814,305,616,678,775,768,305,754
474,1023,0,224,1023,0,494,563,305,460,678,777,765,305,754
695,1023,0,677,1023,0,844,1023,307,841,678,782,766,305,754
507,1023,0,347,1023,0,670,822,305,652,678,773,757,305,754
749,1023,0,450,1023,0,903,1023,307,907,678,797,775,305,754
407,1023,0,246,1023,0,446,519,305,443,679,737,727,305,754
456,1023,0,259,1023,0,604,761,305,579,679,771,761,305,754
338,1023,0,141,1023,0,413,430,305,396,679,756,754,305,754
500,1023,0,189,1023,0,627,790,305,600,679,771,765,305,754
394,1023,0,262,1023,0,635,788,305,619,679,773,755,305,754
583,1023,0,323,1023,0,716,892,305,701,679,769,748,305,757
437,1023,0,299,1023,0,582,731,305,556,679,767,758,305,757
573,1023,0,280,1023,0,710,892,305,693,679,785,773,305,757
358,1023,0,149,1023,0,651,834,305,628,679,478,462,305,757
238,1023,0,92,750,0,538,683,305,505,679,412,391,305,757
493,1023,0,262,1023,0,744,952,306,731,679,772,762,305,757
291,1023,0,132,969,0,586,739,305,563,679,491,461,305,757
423,1023,0,230,1023,0,643,816,305,618,679,778,766,305,757
551,1023,0,515,1023,0,838,1023,306,836,679,787,767,305,757
442,1023,0,244,1023,0,379,371,305,377,679,774,760,305,757
249,1023,0,135,1023,0,292,337,305,332,679,502,473,305,757
637,1023,0,436,1023,0,808,1017,306,803,679,801,780,305,757
644,1023,0,401,1023,0,769,959,306,759,679,769,747,305,757
633,1023,0,258,1023,0,766,973,306,754,679,775,763,305,757
526,1023,0,289,1023,0,655,820,305,642,679,781,771,305,761
689,1023,0,479,1023,0,713,891,305,693,679,802,780,305,761
321,1023,0,182,1023,0,503,596,305,465,679,486,449,305,761
652,1023,0,411,1023,0,830,1023,306,826,679,784,770,305,761
480,1023,0,399,1023,0,761,966,306,749,679,787,778,305,761
221,1023,0,124,968,0,677,880,305,659,679,755,752,305,761
804,1023,0,484,1023,0,792,979,306,786,679,798,773,305,761
735,1023,0,531,1023,0,372,408,305,416,679,784,763,305,761
558,1023,0,334,1023,0,579,710,305,554,679,786,772,305,761
306,1023,0,213,1023,0,591,756,305,561,679,471,441,305,761
383,1023,0,166,1010,0,661,840,305,638,679,756,747,305,761
401,1023,0,230,1023,0,624,784,305,597,679,687,675,305,761
364,1023,0,150,967,0,589,747,305,558,679,756,744,305,761
467,1023,0,259,1023,0,712,909,305,690,679,785,769,305,761
669,1023,0,377,1023,0,600,735,305,579,679,828,795,305,761
663,1023,0,580,1023,0,410,430,305,432,679,779,767,305,761
747,1023,0,668,1023,0,824,1023,306,819,679,784,767,305,761
269,1023,0,85,742,0,251,329,305,300,679,117,305,305,761
460,1023,0,305,1023,0,480,544,305,465,680,767,756,305,761
489,1023,0,388,1023,0,843,1023,307,840,680,775,748,305,761
565,1023,0,271,1023,0,496,575,305,475,680,799,777,305,761
526,1023,0,325,1023,0,669,843,305,652,680,789,774,305,764
564,1023,0,361,1023,0,688,857,305,666,680,770,756,305,764
395,1023,0,194,1023,0,377,395,305,408,680,764,752,305,764
400,1023,0,148,977,0,597,757,305,567,680,768,767,305,764
429,1023,0,204,1023,0,741,952,306,728,680,786,777,305,764
514,1023,0,246,1023,0,612,764,305,587,680,774,762,305,764
627,1023,0,314,1023,0,780,983,306,771,680,782,771,305,764
704,1023,0,607,1023,0,414,431,305,435,680,786,767,305,764
566,1023,0,254,1023,0,751,937,306,739,680,777,764,305,764
407,1023,0,221,1023,0,831,1023,306,828,680,777,761,305,764
319,1023,0,147,1023,0,603,745,305,581,680,406,387,305,764
489,1023,0,292,1023,0,582,717,305,558,680,782,773,305,764
653,1023,0,557,1023,0,801,1001,306,797,680,843,813,305,764
719,1023,0,700,1023,0,661,784,305,641,680,779,750,305,764
617,1023,0,342,1023,0,412,403,305,414,680,791,778,305,764
320,1023,0,151,1023,0,774,1002,306,766,680,749,746,305,764
449,1023,0,325,1023,0,845,1023,306,843,680,785,761,305,764
475,1023,0,164,882,0,653,817,305,631,680,774,763,305,764
608,1023,0,364,1023,0,666,831,305,645,680,791,771,305,764
711,1023,0,383,1023,0,812,1023,306,807,680,827,756,305,764
368,1023,0,106,662,0,643,814,305,621,680,734,724,305,764
220,1023,0,124,1023,0,666,872,305,649,680,427,417,305,764
611,1023,0,423,1023,0,421,415,305,454,680,781,769,305,764
263,1023,0,187,1023,0,696,908,305,682,680,542,520,305,767
822,1023,0,570,1023,0,444,474,305,469,680,777,754,305,767
715,1023,0,457,1023,0,769,942,306,760,680,829,763,305,767
696,1023,0,383,1023,0,679,843,305,659,680,792,768,305,767
402,1023,0,263,1023,0,621,790,305,594,680,772,760,305,767
365,1023,0,192,1023,0,535,658,305,511,680,692,685,305,767
263,1023,0,85,675,0,601,778,305,581,680,737,734,305,767
523,1023,0,264,1023,0,794,1010,306,786,680,771,756,305,767
448,1023,0,228,1023,0,771,979,306,761,680,777,768,305,767
653,1023,0,352,1023,0,729,917,305,710,680,786,773,305,767
258,1023,0,110,820,0,709,921,305,693,680,443,422,305,767
322,1023,0,149,1023,0,280,378,305,258,680,491,476,305,767
637,1023,0,575,1023,0,764,926,306,752,680,758,731,305,767
543,1023,0,381,1023,0,466,522,305,489,680,747,707,305,767
818,1023,0,561,1023,0,420,424,305,456,680,781,753,305,767
466,1023,0,222,1023,0,488,568,305,461,680,776,770,305,767
489,1023,0,316,1023,0,698,890,305,678,680,783,769,305,767
542,1023,0,370,1023,0,482,549,305,465,680,771,758,305,767
555,1023,0,316,1023,0,724,915,305,708,680,776,768,305,767
528,1023,0,307,1023,0,752,949,306,740,681,588,532,305,767
685,1023,0,285,1023,0,853,1023,307,851,681,766,747,305,767
236,1023,0,126,929,0,624,807,305,599,681,512,495,305,770
362,1023,0,180,1023,0,453,507,305,415,681,767,759,305,770
341,1023,0,136,1002,0,164,332,305,351,681,756,751,305,770
345,1023,0,164,1023,0,704,909,305,683,681,752,745,305,770
519,1023,0,333,1023,0,724,920,306,710,681,836,823,305,770
723,1023,0,471,1023,0,778,979,306,769,681,792,771,305,770
699,1023,0,337,1023,0,630,750,305,607,681,827,782,305,770
331,1023,0,179,1023,0,704,912,305,691,681,758,745,305,770
484,1023,0,229,1023,0,343,371,305,367,681,783,773,305,770
422,1023,0,217,1023,0,461,523,305,422,681,755,747,305,770
233,927,0,112,483,0,687,838,305,674,681,404,346,305,770
483,1023,0,295,1023,0,909,1023,307,916,681,807,794,305,770
659,1023,0,312,1023,0,718,902,305,703,681,770,751,305,770
352,1023,0,125,933,0,574,720,305,549,681,467,427,305,770
386,1023,0,394,1023,0,890,1023,306,895,681,784,771,305,770
452,1023,0,210,1023,0,685,858,305,666,681,765,754,305,770
657,1023,0,563,1023,0,718,894,305,702,681,830,783,305,770
759,1023,0,594,1023,0,885,1023,307,887,681,854,838,305,770
330,1023,0,151,1023,0,733,947,306,721,681,752,746,305,774
326,1023,0,246,1023,0,585,741,305,562,681,780,772,305,774
492,1023,0,241,1023,0,600,755,305,574,681,772,761,305,774
285,1023,0,145,1023,0,560,706,305,530,681,767,760,305,774
789,1023,0,583,1023,0,749,944,306,738,681,862,818,305,774
371,1023,0,124,855,0,669,854,305,648,681,750,742,305,774
481,1023,0,217,1023,0,807,1023,306,801,681,813,806,305,774
444,1023,0,246,1023,0,531,650,305,503,681,802,784,305,774
254,1023,0,127,923,0,578,741,305,550,681,752,746,305,774
567,1023,0,348,1023,0,336,370,305,413,681,795,780,305,774
554,1023,0,243,1023,0,629,774,305,605,681,788,777,305,774
661,1023,0,420,1023,0,690,861,305,670,681,788,773,305,774
239,1023,0,100,757,0,490,593,305,466,681,479,465,305,774
813,1023,0,508,1023,0,399,409,305,430,681,806,791,305,774
641,1023,0,293,1023,0,734,911,305,720,681,787,764,305,774
686,1023,0,519,1023,0,654,770,305,630,681,781,735,305,774
384,1023,0,263,1023,0,765,987,306,757,681,780,767,305,774
236,1023,0,136,1023,0,507,627,305,483,681,411,405,305,777
464,1023,0,546,1023,0,801,994,306,795,682,787,754,305,777
444,1023,0,276,1023,0,650,820,305,625,682,782,772,305,777
549,1023,0,336,1023,0,615,763,305,590,682,800,789,305,777
487,1023,0,288,1023,0,594,745,305,564,682,782,769,305,777
283,1023,0,94,748,0,515,643,305,484,682,394,399,305,777
794,1023,0,622,1023,0,783,982,306,773,682,841,822,305,777
499,1023,0,341,1023,0,788,1006,306,782,682,769,761,305,777
314,1023,0,195,1023,0,282,337,305,331,682,509,484,305,777
355,1023,0,151,1023,0,680,875,305,660,682,451,440,305,777
311,1023,0,292,1023,0,771,991,306,763,682,763,756,305,777
561,1023,0,456,1023,0,770,972,306,760,682,782,763,305,777
470,1023,0,284,1023,0,752,951,306,741,682,772,752,305,777
449,1023,0,326,1023,0,746,954,306,733,682,776,762,305,777
648,1023,0,636,1023,0,783,980,306,776,682,805,781,305,777
798,1023,0,571,1023,0,706,871,305,687,682,795,764,305,777
404,1023,0,228,1023,0,770,988,306,758,682,786,774,305,777
753,1023,0,512,1023,0,769,960,306,760,682,843,798,305,780
363,1023,0,281,1023,0,676,864,305,657,682,790,779,305,780
261,1023,0,183,1023,0,822,1023,306,821,682,437,433,305,780
337,1023,0,267,1023,0,396,402,305,494,682,772,746,305,780
246,1023,0,205,1023,0,681,887,305,665,682,452,435,305,780
492,1023,0,302,1023,0,757,960,306,746,682,768,751,305,780
499,1023,0,313,1023,0,374,384,305,421,682,580,535,305,780
537,1023,0,225,1023,0,319,368,305,370,682,786,773,305,780
537,1023,0,273,1023,0,360,370,305,385,682,771,756,305,780
281,1023,0,115,904,0,328,355,305,337,682,386,393,305,780
712,1023,0,484,1023,0,419,414,305,450,682,836,810,305,780
471,1023,0,336,1023,0,761,973,306,751,682,781,771,305,780
420,1023,0,310,1023,0,833,1023,306,829,682,782,765,305,780
746,1023,0,393,1023,0,768,962,306,757,682,833,809,305,780
334,1023,0,210,1023,0,629,800,305,607,682,779,764,305,780
462,1023,0,307,1023,0,804,1023,306,799,682,776,767,305,780
477,1023,0,346,1023,0,401,383,305,407,682,773,763,305,780
472,1023,0,294,1023,0,637,808,305,612,682,784,769,305,780
284,1023,0,111,817,0,485,578,305,458,682,575,561,305,780
741,1023,0,493,1023,0,415,400,305,436,682,793,763,305,780
741,1023,0,465,1023,0,716,890,305,697,682,796,772,305,780
456,1023,0,263,1023,0,562,698,305,534,682,757,765,305,780
416,1023,0,264,1023,0,666,853,305,642,682,764,756,305,780
256,1023,0,118,936,0,600,773,305,571,682,494,477,305,780
329,1023,0,192,1023,0,687,890,305,668,683,767,762,305,780
425,1023,0,446,1023,0,526,606,305,553,683,771,747,305,784
423,1023,0,200,1023,0,714,917,305,699,683,767,758,305,784
568,1023,0,436,1023,0,823,1023,306,817,683,790,771,305,784
360,1023,0,210,1023,0,787,1014,306,781,683,777,768,305,784
237,1023,0,139,1023,0,521,654,305,488,683,379,372,305,784
383,1023,0,189,1023,0,668,858,305,645,683,780,770,305,784
590,1023,0,285,1023,0,630,784,305,607,683,818,805,305,784
757,1023,0,637,1023,0,889,1023,307,892,683,847,829,305,784
579,1023,0,379,1023,0,882,1023,307,884,683,587,526,305,784
333,1023,0,108,779,0,407,359,305,359,683,372,368,305,784
396,1023,0,265,1023,0,613,774,305,587,683,779,773,305,784
416,1023,0,208,1023,0,683,858,305,665,683,782,772,305,784
247,1023,0,103,868,0,200,323,305,304,683,362,357,305,784
359,1023,0,136,942,0,574,721,305,547,683,759,755,305,784
661,1023,0,317,1023,0,723,904,305,705,683,778,756,305,784
285,1023,0,201,1023,0,672,871,305,657,683,782,774,305,784
663,1023,0,282,1023,0,661,800,305,637,683,773,745,305,784
390,1023,0,165,1023,0,726,933,306,714,683,763,756,305,784
735,1023,0,457,1023,0,463,465,305,460,683,787,764,305,784
329,1023,0,163,1023,0,379,381,305,414,683,492,467,305,784
341,1023,0,198,1023,0,536,659,305,505,683,745,738,305,784
795,1023,0,574,1023,0,723,894,305,707,683,827,820,305,784
511,1023,0,438,1023,0,694,866,305,684,683,789,749,305,784
601,1023,0,309,1023,0,814,1022,306,810,683,775,764,305,784
501,1023,0,430,1023,0,784,998,306,775,683,838,823,305,787
744,1023,0,655,1023,0,749,937,306,738,683,791,770,305,787
345,1023,0,121,830,0,593,755,305,564,683,754,750,305,787
221,1023,0,211,1023,0,247,332,305,314,683,425,411,305,787
292,1023,0,110,785,0,702,907,305,686,683,763,759,305,787
300,1023,0,103,886,0,543,678,305,506,683,461,436,305,787
253,1023,0,212,1023,0,725,941,306,709,683,746,741,305,787
252,1023,0,233,1023,0,618,771,305,624,683,478,435,305,787
303,1023,0,184,1023,0,711,902,305,697,683,681,671,305,787
553,1023,0,289,1023,0,764,979,306,752,683,569,496,305,787
384,1023,0,203,1023,0,602,760,305,573,683,761,752,305,787
273,1023,0,123,931,0,656,847,305,636,683,739,736,305,787
534,1023,0,372,1023,0,697,880,305,677,683,775,768,305,787
506,1023,0,252,1023,0,684,865,305,663,683,795,784,305,787
496,1023,0,460,1023,0,584,725,305,563,683,793,770,305,787
416,1023,0,241,1023,0,629,797,305,606,683,795,780,305,787
453,1023,0,165,1023,0,658,848,305,633,683,782,777,305,787
324,1023,0,194,1023,0,584,749,305,560,683,448,411,305,787
393,1023,0,225,1023,0,699,901,305,683,683,488,464,305,787
264,1023,0,115,824,0,539,679,305,509,683,463,451,305,787
591,1023,0,348,1023,0,648,809,305,625,683,778,762,305,787
676,1023,0,456,1023,0,755,946,306,745,683,791,768,305,787
411,1023,0,259,1023,0,703,901,305,686,684,773,766,305,787
585,1023,0,275,1023,0,604,753,305,578,684,774,758,305,790
679,1023,0,503,1023,0,718,892,305,700,684,804,776,305,790
662,1023,0,395,1023,0,781,967,306,772,684,792,775,305,790
517,1023,0,311,1023,0,349,366,305,401,684,789,773,305,790
424,1023,0,232,1023,0,616,783,305,588,684,768,756,305,790
546,1023,0,258,1023,0,688,866,305,671,684,775,766,305,790
255,1023,0,155,1023,0,629,812,305,603,684,759,751,305,790
502,1023,0,438,1023,0,851,1023,307,849,684,762,737,305,790
582,1023,0,371,1023,0,604,747,305,578,684,785,776,305,790
280,1023,0,158,1023,0,621,800,305,596,684,754,749,305,790
329,1023,0,170,1023,0,677,875,305,658,684,529,514,305,790
652,1023,0,326,1023,0,614,752,305,590,684,772,753,305,790
448,1023,0,189,1023,0,709,905,305,693,684,497,462,305,790
603,1023,0,363,1023,0,621,778,305,597,684,791,771,305,790
573,1023,0,370,1023,0,797,987,306,790,684,764,743,305,790
522,1023,0,341,1023,0,660,832,305,637,684,772,762,305,790
736,1023,0,563,1023,0,803,991,306,797,684,805,765,305,790
555,1023,0,460,1023,0,793,994,306,788,684,800,775,305,790
323,1023,0,204,1023,0,519,640,305,490,684,767,762,305,790
613,1023,0,429,1023,0,776,981,306,767,684,848,833,305,790
472,1023,0,150,888,0,643,812,305,616,684,737,751,305,790
604,1023,0,384,1023,0,897,1023,307,902,684,786,770,305,794
430,1023,0,305,1023,0,818,1023,306,812,684,773,765,305,794
377,1023,0,174,1023,0,813,1023,306,809,684,757,750,305,794
398,1023,0,129,929,0,254,332,305,317,684,743,740,305,794
355,1023,0,243,1023,0,835,1023,306,833,684,761,752,305,794
401,1023,0,198,1023,0,690,893,305,669,684,766,755,305,794
688,1023,0,667,1023,0,699,861,305,679,684,792,768,305,794
341,1023,0,262,1023,0,724,922,306,710,684,536,489,305,794
246,1000,0,238,1023,0,647,772,305,634,684,395,342,305,794
294,1023,0,179,1023,0,640,829,305,614,684,757,750,305,794
662,1023,0,330,1023,0,675,845,305,654,684,788,777,305,794
448,1023,0,180,1023,0,759,971,306,748,684,781,778,305,794
350,1023,0,190,1023,0,587,744,305,564,684,761,744,305,794
323,1023,0,141,1023,0,611,788,305,585,684,482,460,305,794
704,1023,0,364,1023,0,654,807,305,633,684,780,761,305,794
230,1023,0,94,794,0,554,712,305,518,684,389,370,305,794
478,1023,0,553,1023,0,800,976,307,793,684,831,814,305,794
630,1023,0,350,1023,0,674,850,305,654,684,781,770,305,794
466,1023,0,253,1023,0,795,1016,306,788,684,789,788,305,794
263,1023,0,169,1023,0,566,682,305,539,684,690,686,305,794
629,1023,0,317,1023,0,836,1023,306,832,684,779,766,305,794
471,1023,0,197,1023,0,720,915,305,706,685,776,770,305,794
449,1023,0,302,1023,0,700,890,305,681,685,784,772,305,794
509,1023,0,370,1023,0,724,918,305,707,685,764,745,305,797
246,1023,0,142,1023,0,653,854,305,634,685,467,456,305,797
409,1023,0,259,1023,0,754,954,306,743,685,775,761,305,797
221,1023,0,157,1023,0,496,599,305,464,685,480,449,305,797
700,1023,0,334,1023,0,672,827,305,651,685,823,772,305,797
490,1023,0,317,1023,0,642,798,305,620,685,762,752,305,797
251,1023,0,226,1023,0,450,511,305,423,685,339,397,305,797
794,1023,0,607,1023,0,742,923,306,724,685,791,771,305,797
565,1023,0,292,1023,0,707,892,305,687,685,786,768,305,797
523,1023,0,273,1023,0,688,872,305,665,685,603,564,305,797
589,1023,0,437,1023,0,689,843,305,671,685,768,746,305,797
455,1023,0,466,1023,0,429,444,305,529,685,791,780,305,797
480,1023,0,347,1023,0,473,528,305,462,685,786,767,305,797
555,1023,0,392,1023,0,793,1003,306,786,685,778,762,305,797
566,1023,0,286,1023,0,750,943,306,738,685,768,755,305,797
583,1023,0,284,1023,0,825,1023,306,821,685,774,760,305,797
648,1023,0,678,1023,0,666,815,305,644,685,800,782,305,797
772,1023,0,467,1023,0,428,449,305,449,685,791,775,305,797
467,1023,0,274,1023,0,540,648,305,518,685,783,766,305,797
413,1023,0,306,1023,0,723,901,305,709,685,762,745,305,797
515,1023,0,434,1023,0,799,1015,306,790,685,774,760,305,797
293,1023,0,352,1023,0,134,336,305,299,685,471,437,305,797
527,1023,0,355,1023,0,417,407,305,449,685,786,770,305,797
540,1023,0,357,1023,0,707,895,305,688,685,786,774,305,797
244,1023,0,167,1023,0,527,650,305,499,685,419,412,305,797
285,1023,0,426,1023,0,263,343,305,364,685,501,473,305,800
407,1023,0,233,1023,0,336,360,305,358,685,787,779,305,800
393,1023,0,259,1023,0,659,838,305,634,685,770,758,305,800
753,1023,0,415,1023,0,419,427,305,464,685,780,757,305,800
603,1023,0,505,1023,0,825,1023,306,822,685,800,774,305,800
475,1023,0,401,1023,0,784,998,306,775,685,790,773,305,800
621,1023,0,408,1023,0,633,772,305,612,685,776,760,305,800
498,1023,0,464,1023,0,694,865,305,672,685,777,745,305,800
380,1023,0,241,1023,0,821,1023,306,817,685,772,755,305,800
478,1023,0,382,1023,0,595,737,305,570,685,774,762,305,800
633,1023,0,312,1023,0,374,378,305,375,685,549,486,305,800
254,1023,0,118,862,0,418,455,305,386,685,427,394,305,800
823,1023,0,573,1023,0,547,642,305,531,685,867,835,305,800
208,1023,0,208,1023,0,641,821,305,630,685,428,408,305,800
416,1023,0,315,1023,0,712,912,305,696,685,783,770,305,800
712,1023,0,437,1023,0,746,931,306,735,685,834,814,305,803
671,1023,0,395,1023,0,571,676,305,547,685,783,768,305,803
487,1023,0,352,1023,0,751,938,306,741,685,725,715,305,803
540,1023,0,446,1023,0,875,1023,306,876,685,793,775,305,803
310,1023,0,77,553,0,280,353,305,290,685,241,371,305,803
453,1023,0,219,1023,0,749,954,306,736,686,749,732,305,803
530,1023,0,275,1023,0,901,1023,306,905,686,797,767,305,803
387,1023,0,237,1023,0,663,843,305,644,686,765,762,305,803
609,1023,0,397,1023,0,676,827,305,657,686,776,760,305,803
673,1023,0,482,1023,0,766,963,306,755,686,813,786,305,803
430,1023,0,204,1023,0,581,722,305,552,686,775,767,305,803
490,1023,0,209,1023,0,672,847,305,652,686,777,763,305,803
537,1023,0,488,1023,0,538,643,305,521,686,774,762,305,803
497,1023,0,323,1023,0,475,534,305,465,686,769,756,305,803
388,1023,0,209,1023,0,689,886,305,671,686,763,756,305,803
474,1023,0,267,1023,0,797,1020,306,790,686,790,774,305,803
528,1023,0,233,1023,0,602,744,305,574,686,783,768,305,803
250,1023,0,143,1023,0,569,730,305,537,686,750,749,305,803
576,1023,0,287,1023,0,570,694,305,547,686,773,766,305,803
328,1023,0,221,1023,0,878,1023,306,882,686,770,760,305,807
417,1023,0,260,1023,0,498,590,305,476,686,774,752,305,807
536,1023,0,585,1023,0,821,1023,306,816,686,790,776,305,807
403,1023,0,225,1023,0,384,370,305,363,686,784,778,305,807
404,1023,0,223,1023,0,544,657,305,537,686,781,763,305,807
689,1023,0,411,1023,0,417,403,305,423,686,779,756,305,807
711,1023,0,561,1023,0,611,731,305,598,686,802,765,305,807
241,1023,0,96,835,0,451,524,305,410,686,397,382,305,807
455,1023,0,198,1023,0,581,714,305,555,686,520,470,305,807
334,1023,0,148,1023,0,472,557,305,446,686,404,376,305,807
552,1023,0,396,1023,0,699,875,305,683,686,770,756,305,807
665,1023,0,400,1023,0,700,884,305,680,686,772,760,305,810
536,1023,0,410,1023,0,750,949,306,738,686,790,760,305,810
704,1023,0,621,1023,0,762,954,306,751,686,787,765,305,810
523,1023,0,307,1023,0,557,681,305,533,686,814,798,305,810
378,1023,0,215,1023,0,632,806,305,607,686,763,754,305,810
267,1023,0,159,1023,0,521,644,305,491,686,402,383,305,810
397,1023,0,181,1023,0,643,820,305,616,687,759,750,305,810
489,1023,0,294,1023,0,682,857,305,663,687,775,762,305,810
380,1023,0,186,1023,0,775,994,306,766,687,765,756,305,810
550,1023,0,606,1023,0,813,1023,306,808,687,773,755,305,810
349,1023,0,218,1023,0,763,988,306,753,687,775,768,305,810
619,1023,0,358,1023,0,658,825,305,637,687,804,792,305,810
615,1023,0,407,1023,0,836,1023,306,833,687,794,779,305,810
527,1023,0,274,1023,0,676,863,305,654,687,779,774,305,810
415,1023,0,171,1023,0,656,837,305,632,687,768,759,305,810
440,1023,0,520,1023,0,752,956,306,741,687,797,786,305,810
420,1023,0,411,1023,0,348,369,305,354,687,556,495,305,810
724,1023,0,653,1023,0,431,437,305,502,687,798,747,305,810
575,1023,0,385,1023,0,662,830,305,638,687,773,753,305,813
247,1023,0,90,691,0,545,694,305,512,687,406,397,305,813
335,1023,0,167,1023,0,417,424,305,384,687,762,757,305,813
719,1023,0,659,1023,0,640,784,305,618,687,780,757,305,813
466,1023,0,369,1023,0,468,517,305,447,687,768,758,305,813
810,1023,0,492,1023,0,770,936,306,760,687,850,803,305,813
277,1023,0,169,1023,0,457,511,305,427,687,381,368,305,813
222,1023,0,137,1023,0,380,394,305,350,687,485,466,305,813
820,1023,0,595,1023,0,714,873,305,696,687,835,774,305,813
262,1023,0,257,1023,0,596,764,305,574,687,425,408,305,813
373,1023,0,182,1023,0,351,385,305,409,687,458,428,305,813
256,1023,0,103,892,0,684,882,305,666,687,443,425,305,813
571,1023,0,469,1023,0,859,1023,306,858,687,803,794,305,813
221,1023,0,190,1023,0,373,364,305,358,687,454,421,305,813
527,1023,0,357,1023,0,529,613,305,504,687,778,756,305,813
360,1023,0,162,1023,0,628,803,305,601,687,764,754,305,813
537,1023,0,342,1023,0,750,939,306,738,687,776,758,305,817
395,1023,0,213,1023,0,274,337,305,302,687,776,761,305,817
547,1023,0,370,1023,0,864,1023,307,864,687,755,733,305,817
381,1023,0,187,1023,0,697,894,305,680,687,758,749,305,817
663,1023,0,476,1023,0,426,424,305,458,687,804,779,305,817
613,1023,0,361,1023,0,799,992,306,792,687,788,770,305,817
423,1023,0,203,1023,0,644,816,305,620,687,770,761,305,817
713,1023,0,592,1023,0,774,945,306,764,688,770,744,305,817
308,1023,0,133,998,0,671,870,305,650,688,504,476,305,817
424,1023,0,232,1023,0,769,983,306,760,688,766,753,305,817
286,1023,0,208,1023,0,647,837,305,627,688,735,734,305,817
574,1023,0,399,1023,0,790,1000,306,782,688,792,783,305,817
314,1023,0,151,1023,0,628,808,305,601,688,716,719,305,817
680,1023,0,528,1023,0,462,470,305,459,688,781,755,305,820
387,1023,0,179,1023,0,335,355,305,370,688,762,755,305,820
218,1023,0,182,1023,0,557,717,305,524,688,473,450,305,820
745,1023,0,434,1023,0,809,1005,306,801,688,803,781,305,820
530,1023,0,351,1023,0,681,856,305,658,688,777,764,305,820
444,1023,0,332,1023,0,614,778,305,588,688,771,763,305,820
239,1023,0,144,938,0,659,849,305,643,688,411,387,305,820
617,1023,0,258,1023,0,700,884,305,679,688,778,763,305,820
404,1023,0,218,1023,0,522,636,305,493,688,765,759,305,820
354,1023,0,237,1023,0,657,847,305,636,688,538,505,305,820
400,1023,0,260,1023,0,667,849,305,648,688,779,765,305,820
360,1023,0,162,1023,0,777,1004,306,769,688,766,758,305,820
554,1023,0,290,1023,0,698,867,305,682,688,778,762,305,820
576,1023,0,450,1023,0,760,965,306,748,688,797,781,305,820
534,1023,0,423,1023,0,834,1023,306,832,688,785,773,305,820
388,1023,0,269,1023,0,577,731,305,547,688,767,761,305,820
411,1023,0,209,1023,0,757,971,306,746,688,767,753,305,820
378,1023,0,135,845,0,664,842,305,645,688,440,394,305,823
360,1023,0,240,1023,0,636,811,305,611,688,768,762,305,823
335,1023,0,151,1023,0,619,792,305,600,688,758,753,305,823
584,1023,0,285,1023,0,683,864,305,662,688,779,769,305,823
350,1023,0,220,1023,0,661,846,305,643,688,774,766,305,823
364,1023,0,289,1023,0,759,977,306,747,688,776,756,305,823
375,1023,0,156,1023,0,639,815,305,617,688,761,754,305,823
329,1023,0,92,786,0,656,845,305,636,688,541,525,305,823
573,1023,0,292,1023,0,615,749,305,588,688,766,747,305,823
612,1023,0,282,1023,0,640,800,305,624,688,746,727,305,826
543,1023,0,277,1023,0,671,846,305,648,688,781,767,305,826
405,1023,0,299,1023,0,714,917,305,694,689,789,777,305,826
425,1023,0,239,1023,0,625,788,305,601,689,780,766,305,826
359,1023,0,221,1023,0,712,917,305,699,689,772,763,305,826
462,1023,0,175,1013,0,690,874,305,671,689,773,765,305,826
525,1023,0,161,876,0,572,695,305,547,689,772,759,305,826
454,1023,0,228,1023,0,712,900,305,696,689,770,761,305,826
351,1023,0,207,1023,0,586,745,305,559,689,780,767,305,826
512,1023,0,344,1023,0,699,865,305,683,689,751,735,305,826
748,1023,0,622,1023,0,878,1023,307,879,689,789,771,305,826
506,1023,0,412,1023,0,698,893,305,677,689,769,753,305,826
464,1023,0,249,1023,0,742,954,306,730,689,775,762,305,826
500,1023,0,216,1023,0,316,349,305,327,689,813,800,305,826
558,1023,0,259,1023,0,707,884,305,692,689,782,768,305,826
484,1023,0,330,1023,0,457,473,305,444,689,505,442,305,826
324,1023,0,126,876,0,640,816,305,616,689,775,771,305,830
353,1023,0,166,1023,0,583,736,305,555,689,769,760,305,830
699,1023,0,405,1023,0,766,966,306,755,689,796,780,305,830
756,1023,0,380,1023,0,723,901,305,704,689,795,778,305,830
444,1023,0,179,1023,0,567,691,305,541,689,756,739,305,830
691,1023,0,365,1023,0,749,940,306,738,689,776,765,305,830
243,1023,0,114,965,0,368,387,305,383,689,535,533,305,830
631,1023,0,551,1023,0,592,723,305,569,689,832,817,305,830
626,1023,0,421,1023,0,807,1016,306,801,689,792,774,305,830
472,1023,0,207,1023,0,672,860,305,649,689,774,759,305,830
358,1023,0,181,1023,0,785,1012,306,777,689,778,769,305,830
383,1023,0,243,1023,0,662,850,305,640,689,775,773,305,830
595,1023,0,312,1023,0,579,683,305,555,689,784,758,305,830
433,1023,0,409,1023,0,769,979,306,759,689,542,490,305,830
222,1023,0,124,1023,0,513,635,305,479,689,483,477,305,830
374,1023,0,277,1023,0,620,772,305,592,689,767,755,305,830
393,1023,0,355,1023,0,711,909,305,700,689,782,752,305,830
307,1023,0,222,1023,0,345,348,305,392,689,512,477,305,830
342,1023,0,167,1023,0,404,371,305,407,689,485,454,305,830
402,1023,0,320,1023,0,758,953,306,748,689,740,728,305,833
243,1023,0,107,941,0,457,530,305,424,689,395,393,305,833
462,1023,0,276,1023,0,369,371,305,378,689,794,777,305,833
441,1023,0,267,1023,0,582,732,305,556,690,788,779,305,833
563,1023,0,284,1023,0,698,888,305,677,690,777,770,305,833
522,1023,0,272,1023,0,392,370,305,412,690,784,770,305,833
658,1023,0,278,1023,0,696,886,305,676,690,755,737,305,833
543,1023,0,248,1023,0,705,895,305,683,690,778,764,305,833
591,1023,0,339,1023,0,314,368,305,369,690,788,775,305,833
533,1023,0,245,1023,0,621,766,305,597,690,782,767,305,836
347,1023,0,104,720,0,723,938,306,710,690,554,528,305,836
331,1023,0,142,1023,0,597,767,305,569,690,464,448,305,836
401,1023,0,156,1023,0,650,825,305,626,690,719,723,305,836
683,1023,0,441,1023,0,680,846,305,659,690,789,773,305,836
545,1023,0,328,1023,0,857,1023,306,855,690,793,779,305,836
775,1023,0,445,1023,0,500,529,305,491,690,790,757,305,836
457,1023,0,246,1023,0,342,358,305,337,690,759,753,305,836
360,1023,0,148,1000,0,469,541,305,451,690,744,743,305,836
461,1023,0,207,1023,0,789,1006,306,782,690,769,762,305,836
345,1023,0,152,1023,0,729,940,306,714,690,760,754,305,836
565,1023,0,353,1023,0,819,1023,306,814,690,775,757,305,840
505,1023,0,480,1023,0,719,914,305,701,690,790,778,305,840
521,1023,0,262,1023,0,814,1023,306,808,690,769,759,305,840
687,1023,0,429,1023,0,432,435,305,458,690,782,765,305,840
524,1023,0,328,1023,0,833,1023,306,830,690,802,787,305,840
314,1023,0,133,954,0,786,1019,306,780,690,756,754,305,840
516,1023,0,265,1023,0,627,774,305,602,690,775,765,305,840
562,1023,0,325,1023,0,615,776,305,590,690,786,774,305,840
664,1023,0,477,1023,0,808,1023,306,801,690,833,815,305,840
390,1023,0,309,1023,0,757,969,306,748,690,769,761,305,840
352,1023,0,122,919,0,482,559,305,463,690,768,747,305,840
345,1023,0,153,1023,0,592,750,305,564,690,762,752,305,840
503,1023,0,277,1023,0,787,994,306,779,691,778,770,305,840
421,1023,0,238,1023,0,761,979,306,753,691,769,752,305,840
424,1023,0,164,1000,0,699,886,305,683,691,774,765,305,843
491,1023,0,250,1023,0,662,840,305,639,691,773,765,305,843
363,1023,0,193,1023,0,715,917,305,701,691,760,756,305,843
382,1023,0,211,1023,0,644,823,305,622,691,771,769,305,843
459,1023,0,251,1023,0,713,907,305,698,691,772,755,305,843
543,1023,0,250,1023,0,364,371,305,372,691,779,771,305,843
604,1023,0,374,1023,0,638,789,305,613,691,773,762,305,843
341,1023,0,124,876,0,654,843,305,629,691,757,754,305,843
460,1023,0,217,1023,0,650,825,305,627,691,769,764,305,843
641,1023,0,596,1023,0,440,455,305,508,691,781,756,305,843
398,1023,0,224,1023,0,746,959,306,734,691,785,776,305,843
422,1023,0,223,1023,0,661,840,305,638,691,784,774,305,843
822,1023,0,577,1023,0,703,859,305,685,691,800,772,305,846
596,1023,0,491,1023,0,707,896,305,688,691,790,781,305,846
547,1023,0,607,1023,0,491,510,305,526,691,813,793,305,846
661,1023,0,446,1023,0,383,398,305,419,691,836,780,305,846
729,1023,0,541,1023,0,740,898,305,727,691,804,778,305,846
636,1023,0,534,1023,0,410,412,305,418,691,801,771,305,846
444,1023,0,266,1023,0,333,374,305,339,691,790,784,305,846
395,1023,0,236,1023,0,634,799,305,608,691,752,739,305,846
417,1023,0,309,1023,0,683,867,305,666,691,773,760,305,846
419,1023,0,281,1023,0,729,933,306,716,691,773,763,305,846
708,1023,0,397,1023,0,658,817,305,635,691,785,772,305,846
532,1023,0,214,1023,0,605,743,305,575,691,778,762,305,846
589,1023,0,415,1023,0,764,967,306,749,691,786,769,305,846
429,1023,0,225,1023,0,819,1023,306,815,691,781,772,305,846
471,1023,0,228,1023,0,640,817,305,615,691,767,752,305,846
460,1023,0,220,1023,0,622,791,305,597,691,769,756,305,846
532,1023,0,319,1023,0,692,873,305,674,691,778,768,305,846
470,1023,0,258,1023,0,469,516,305,443,691,775,765,305,846
387,1023,0,242,1023,0,622,792,305,596,691,756,753,305,846
326,1023,0,276,1023,0,745,969,306,732,691,767,761,305,849
294,1023,0,255,1023,0,786,1008,306,781,692,511,479,305,849
375,1023,0,184,1023,0,602,763,305,572,692,765,762,305,849
296,1023,0,115,852,0,382,360,305,418,692,711,712,305,849
309,1023,0,252,1023,0,511,620,305,490,692,789,782,305,849
252,1023,0,149,1023,0,328,332,305,342,692,551,539,305,849
668,1023,0,704,1023,0,702,875,305,682,692,805,782,305,849
536,1023,0,386,1023,0,747,946,306,736,692,770,757,305,849
649,1023,0,536,1023,0,431,420,305,444,692,824,809,305,849
439,1023,0,433,1023,0,615,746,305,591,692,543,473,305,849
530,1023,0,262,1023,0,816,1023,306,812,692,774,765,305,853
341,1023,0,181,1023,0,750,966,306,740,692,763,760,305,853
437,1023,0,299,1023,0,815,1023,306,811,692,771,757,305,853
667,1023,0,524,1023,0,735,916,305,719,692,794,768,305,853
553,1023,0,348,1023,0,625,806,305,605,692,795,778,305,853
318,1023,0,206,1023,0,763,989,306,755,692,788,786,305,853
268,1023,0,141,1023,0,547,685,305,514,692,441,426,305,853
641,1023,0,574,1023,0,846,1023,306,843,692,781,760,305,853
571,1023,0,459,1023,0,652,817,305,629,692,794,774,305,853
580,1023,0,315,1023,0,717,900,305,703,692,774,759,305,853
361,1023,0,146,939,0,434,456,305,421,692,762,753,305,853
518,1023,0,253,1023,0,778,987,306,769,692,795,783,305,853
303,1023,0,250,1023,0,355,349,305,369,692,435,417,305,853
696,1023,0,395,1023,0,466,502,305,462,692,766,757,305,853
600,1023,0,386,1023,0,695,855,305,677,692,770,752,305,853
359,1023,0,214,1023,0,706,908,305,691,692,748,741,305,853
423,1023,0,189,1023,0,616,782,305,589,692,752,747,305,853
256,1023,0,160,1023,0,328,366,305,365,692,527,512,305,856
598,1023,0,299,1023,0,608,731,305,581,692,772,754,305,856
396,1023,0,185,1023,0,511,622,305,489,692,753,736,305,856
680,1023,0,454,1023,0,726,888,305,711,692,785,753,305,856
381,1023,0,209,1023,0,406,475,305,386,692,782,773,305,856
351,1023,0,151,1023,0,665,855,305,646,692,769,760,305,856
633,1023,0,268,1023,0,706,893,305,688,692,788,773,305,856
457,1023,0,244,1023,0,598,752,305,570,692,788,775,305,856
513,1023,0,219,1023,0,627,784,305,602,693,774,764,305,856
825,1023,0,559,1023,0,624,759,305,601,693,790,766,305,856
326,1023,0,166,1023,0,310,359,305,305,693,772,760,305,856
625,1023,0,398,1023,0,841,1023,306,839,693,847,806,305,856
452,1023,0,368,1023,0,615,770,305,591,693,602,564,305,856
622,1023,0,521,1023,0,383,393,305,439,693,605,555,305,856
418,1023,0,264,1023,0,327,347,305,364,693,794,787,305,856
478,1023,0,295,1023,0,625,791,305,601,693,800,790,305,856
414,1023,0,191,1023,0,625,790,305,601,693,759,756,305,856
232,1023,0,97,794,0,399,424,305,384,693,400,383,305,859
781,1023,0,476,1023,0,783,949,306,775,693,783,750,305,859
265,1023,0,213,1023,0,314,358,305,404,693,654,625,305,859
795,1023,0,462,1023,0,669,813,305,646,693,769,733,305,859
453,1023,0,248,1023,0,658,833,305,635,693,780,774,305,859
601,1023,0,379,1023,0,725,915,305,707,693,793,782,305,859
369,1023,0,211,1023,0,657,831,305,633,693,753,746,305,859
428,1023,0,179,1023,0,624,796,305,597,693,771,767,305,859
583,1023,0,329,1023,0,704,889,305,688,693,789,778,305,859
329,1023,0,195,1023,0,374,389,305,314,693,473,447,305,859
280,1023,0,126,1023,0,653,850,305,635,693,542,515,305,859
208,1023,0,179,1023,0,318,341,305,363,693,555,543,305,859
329,1023,0,147,1023,0,578,735,305,553,693,456,435,305,859
291,1023,0,320,1023,0,617,766,305,614,693,779,766,305,859
463,1023,0,254,1023,0,386,377,305,399,693,534,507,305,859
563,1023,0,453,1023,0,796,971,306,789,693,775,752,305,863
382,1023,0,143,1023,0,697,907,305,682,693,546,520,305,863
358,1023,0,128,960,0,746,964,306,734,693,768,765,305,863
331,1023,0,253,1023,0,609,778,305,585,693,765,757,305,863
337,1023,0,142,976,0,533,651,305,505,693,769,761,305,863
489,1023,0,391,1023,0,655,827,305,631,693,792,781,305,863
438,1023,0,186,1023,0,631,802,305,606,694,772,761,305,863
368,1023,0,476,1023,0,629,798,305,607,694,602,565,305,863
666,1023,0,478,1023,0,843,1023,306,840,694,792,776,305,863
385,1023,0,154,794,0,634,786,305,629,694,613,524,305,863
305,1023,0,140,1013,0,722,935,306,709,694,759,757,305,863
439,1023,0,521,1023,0,731,924,306,723,694,792,779,305,863
658,1023,0,322,1023,0,695,854,305,678,694,834,769,305,863
551,1023,0,239,1023,0,599,736,305,572,694,771,760,305,863
280,1023,0,182,1023,0,655,848,305,634,694,494,473,305,866
540,1023,0,341,1023,0,809,1023,306,804,694,773,763,305,866
475,1023,0,255,1023,0,853,1023,306,853,694,786,775,305,866
339,1023,0,218,1023,0,699,897,305,683,694,482,454,305,866
230,1023,0,139,1023,0,655,851,305,636,694,522,513,305,866
304,1023,0,75,602,0,476,553,305,446,694,417,411,305,866
507,1023,0,500,1023,0,459,525,305,506,694,796,777,305,866
428,1023,0,194,1023,0,730,930,306,717,694,772,760,305,866
615,1023,0,410,1023,0,652,817,305,627,694,779,767,305,866
365,1023,0,193,1023,0,353,362,305,302,694,774,768,305,866
663,1023,0,628,1023,0,669,831,305,646,694,774,735,305,866
593,1023,0,290,1023,0,721,911,305,705,694,786,763,305,866
272,1023,0,87,702,0,515,638,305,481,694,743,734,305,866
286,1023,0,131,1023,0,600,768,305,572,694,733,724,305,866
281,1023,0,182,1023,0,469,540,305,449,694,447,424,305,866
608,1023,0,632,1023,0,766,954,306,756,694,771,754,305,869
518,1023,0,274,1023,0,653,830,305,631,694,779,768,305,869
506,1023,0,298,1023,0,750,945,306,738,694,727,712,305,869
330,1023,0,105,756,0,586,747,305,555,694,761,755,305,869
382,1023,0,416,1023,0,379,395,305,425,694,769,762,305,869
689,1023,0,333,1023,0,503,562,305,486,694,784,754,305,869
552,1023,0,451,1023,0,737,930,306,725,694,779,751,305,869
388,1023,0,222,1023,0,770,992,306,759,694,600,572,305,869
394,1023,0,103,773,0,505,605,305,494,694,762,742,305,869
554,1023,0,328,1023,0,674,852,305,657,694,772,761,305,869
413,1023,0,281,1023,0,736,945,306,722,694,780,767,305,869
429,1023,0,319,1023,0,552,684,305,526,694,783,774,305,869
681,1023,0,409,1023,0,694,864,305,675,694,792,771,305,869
594,1023,0,335,1023,0,705,887,305,692,694,777,761,305,869
606,1023,0,514,1023,0,796,1002,306,789,695,784,768,305,873
345,1023,0,133,888,0,734,942,306,722,695,753,746,305,873
667,1023,0,540,1023,0,783,981,306,776,695,779,758,305,873
545,1023,0,467,1023,0,828,1023,306,824,695,768,731,305,873
360,1023,0,133,970,0,401,400,305,391,695,422,378,305,873
244,1023,0,187,1023,0,324,345,305,360,695,419,410,305,873
401,1023,0,197,1023,0,728,940,306,714,695,775,758,305,873
484,1023,0,264,1023,0,714,908,305,695,695,782,769,305,873
612,1023,0,372,1023,0,603,696,305,578,695,750,716,305,873
305,1023,0,186,1023,0,276,328,305,282,695,445,450,305,873
333,1023,0,132,954,0,690,894,305,672,695,738,732,305,873
261,1023,0,88,717,0,659,858,305,638,695,459,451,305,873
624,1023,0,339,1023,0,683,856,305,664,695,820,813,305,873
662,1023,0,582,1023,0,872,1023,307,872,695,790,775,305,876
793,1023,0,634,1023,0,621,743,305,601,695,798,768,305,876
240,1023,0,127,1023,0,636,825,305,614,695,391,393,305,876
285,1023,0,291,1023,0,642,823,305,622,695,530,508,305,876
540,1023,0,280,1023,0,627,786,305,602,695,802,788,305,876
372,1023,0,214,1023,0,437,477,305,408,695,774,763,305,876
671,1023,0,382,1023,0,705,870,305,689,695,778,757,305,876
622,1023,0,394,1023,0,739,917,306,726,695,772,755,305,876
260,1023,0,272,1023,0,418,429,305,443,695,625,601,305,876
337,1023,0,284,1023,0,387,380,305,395,695,785,777,305,876
515,1023,0,292,1023,0,346,356,305,336,695,779,769,305,876
614,1023,0,426,1023,0,759,973,306,749,695,836,797,305,879
488,1023,0,189,1023,0,390,389,305,383,695,476,457,305,879
646,1023,0,489,1023,0,691,868,305,671,695,784,771,305,879
526,1023,0,323,1023,0,804,1013,306,799,695,768,758,305,879
347,1023,0,150,953,0,753,968,306,743,695,771,760,305,879
647,1023,0,278,1023,0,772,985,306,764,695,780,768,305,879
513,1023,0,356,1023,0,799,1020,306,792,695,781,768,305,879
505,1023,0,267,1023,0,704,876,305,690,695,766,754,305,879
397,1023,0,193,1023,0,682,871,305,664,695,775,768,305,879
387,1023,0,189,1023,0,547,665,305,517,695,770,761,305,879
596,1023,0,437,1023,0,705,888,305,691,695,792,775,305,879
729,1023,0,629,1023,0,637,765,305,620,696,798,770,305,879
217,1023,0,174,1023,0,306,356,305,335,696,434,420,305,879
747,1023,0,450,1023,0,606,723,305,586,696,803,784,305,882
377,1023,0,234,1023,0,640,811,305,618,696,760,755,305,882
295,1023,0,255,1023,0,608,774,305,586,696,513,475,305,882
322,1023,0,74,603,0,534,653,305,504,696,391,390,305,882
334,1023,0,132,910,0,666,857,305,645,696,752,751,305,882
417,1023,0,174,1023,0,679,858,305,660,696,770,757,305,882
510,1023,0,292,1023,0,815,1023,306,811,696,793,773,305,882
409,1023,0,383,1023,0,663,845,305,640,696,786,768,305,882
406,1023,0,165,1023,0,766,986,306,757,696,756,753,305,882
442,1023,0,236,1023,0,639,809,305,612,696,759,750,305,882
270,1023,0,93,765,0,300,339,305,355,696,779,778,305,882
398,1023,0,251,1023,0,474,561,305,451,696,752,759,305,882
314,1023,0,110,726,0,543,679,305,515,696,751,743,305,882
286,1023,0,102,862,0,303,362,305,296,696,433,412,305,882
371,1023,0,193,1023,0,412,453,305,410,696,762,754,305,886
291,1023,0,168,1023,0,567,704,305,537,696,462,445,305,886
476,1023,0,329,1023,0,395,375,305,398,696,784,776,305,886
477,1023,0,339,1023,0,810,1023,306,805,696,794,783,305,886
252,1023,0,145,1023,0,399,431,305,399,696,450,435,305,886
279,1023,0,125,1011,0,604,780,305,573,696,443,426,305,886
518,1023,0,428,1023,0,744,944,306,732,696,803,792,305,886
757,1023,0,646,1023,0,782,969,306,773,696,788,755,305,886
812,1023,0,578,1023,0,818,1021,306,813,696,802,777,305,886
535,1023,0,297,1023,0,751,957,306,738,696,818,801,305,886
705,1023,0,369,1023,0,398,394,305,421,696,773,737,305,886
290,1023,0,168,1023,0,731,952,306,717,696,435,422,305,886
267,1023,0,112,887,0,620,803,305,594,696,436,412,305,886
579,1023,0,427,1023,0,681,854,305,661,696,774,762,305,886
606,1023,0,328,1023,0,781,947,306,772,696,768,766,305,886
507,1023,0,231,1023,0,616,778,305,587,696,782,768,305,886
253,1023,0,317,1023,0,464,486,305,532,696,571,527,305,886
526,1023,0,187,1023,0,648,812,305,621,696,785,777,305,889
482,1023,0,282,1023,0,635,789,305,607,696,816,804,305,889
402,1023,0,188,1023,0,624,797,305,597,696,769,758,305,889
374,1023,0,248,1023,0,649,831,305,626,696,773,765,305,889
518,1023,0,210,1023,0,710,902,305,693,697,773,766,305,889
552,1023,0,387,1023,0,747,945,306,734,697,592,558,305,889
557,1023,0,296,1023,0,810,1023,306,806,697,790,772,305,889
496,1023,0,286,1023,0,541,648,305,517,697,769,756,305,889
245,1023,0,146,1023,0,391,393,305,413,697,441,415,305,889
418,1023,0,299,1023,0,604,750,305,578,697,760,755,305,889
439,1023,0,253,1023,0,649,818,305,625,697,781,768,305,889
411,1023,0,265,1023,0,689,884,305,668,697,783,771,305,889
456,1023,0,299,1023,0,658,808,305,634,697,758,743,305,889
299,1023,0,173,1023,0,606,778,305,577,697,757,748,305,889
344,1023,0,132,990,0,704,909,305,689,697,754,749,305,889
461,1023,0,312,1023,0,833,1023,306,830,697,762,747,305,889
415,1023,0,211,1023,0,664,847,305,645,697,567,523,305,892
224,1023,0,117,967,0,282,328,305,312,697,325,339,305,892
565,1023,0,342,1023,0,551,675,305,529,697,763,755,305,892
323,1023,0,188,1023,0,515,631,305,484,697,759,751,305,892
261,1023,0,361,1023,0,571,663,305,636,697,475,410,305,892
504,1023,0,274,1023,0,761,966,306,751,697,811,802,305,892
389,1023,0,193,1023,0,436,481,305,417,697,770,762,305,892
434,1023,0,267,1023,0,633,807,305,611,697,782,769,305,892
380,1023,0,170,1023,0,681,872,305,663,697,779,769,305,892
233,1023,0,189,1023,0,541,673,305,508,697,431,410,305,892
405,1023,0,208,1023,0,644,823,305,624,697,768,757,305,892
420,1023,0,251,1023,0,764,985,306,756,697,764,752,305,892
400,1023,0,279,1023,0,496,596,305,468,697,789,779,305,892
564,1023,0,339,1023,0,734,918,306,722,697,767,761,305,892
353,1023,0,135,942,0,624,799,305,596,697,748,741,305,892
463,1023,0,256,1023,0,612,776,305,588,697,776,769,305,892
694,1023,0,597,1023,0,733,924,306,720,697,842,812,305,896
545,1023,0,289,1023,0,704,872,305,684,697,589,508,305,896
557,1023,0,233,1023,0,859,1023,306,859,697,780,768,305,896
572,1023,0,337,1023,0,659,826,305,636,697,787,769,305,896
524,1023,0,511,1023,0,428,384,305,436,697,788,762,305,896
547,1023,0,375,1023,0,762,968,306,750,697,787,772,305,896
718,1023,0,557,1023,0,410,400,305,437,697,794,767,305,896
769,1023,0,603,1023,0,648,777,305,629,697,782,765,305,896
299,1023,0,212,1023,0,568,723,305,539,697,775,770,305,896
517,1023,0,201,1023,0,501,567,305,485,697,777,760,305,896
209,1023,0,131,1023,0,304,334,305,289,697,475,459,305,896
230,1023,0,124,907,0,455,526,305,439,697,435,375,305,896
478,1023,0,369,1023,0,388,397,305,387,698,826,803,305,896
611,1023,0,295,1023,0,641,798,305,617,698,766,752,305,896
664,1023,0,356,1023,0,720,893,305,703,698,782,760,305,896
230,1023,0,169,1023,0,519,654,305,493,698,556,548,305,896
456,1023,0,491,1023,0,648,827,305,656,698,790,774,305,896
211,1023,0,245,1023,0,418,431,305,535,698,570,547,305,896
535,1023,0,442,1023,0,692,863,305,676,698,801,789,305,896
404,1023,0,455,1023,0,750,944,306,741,698,757,733,305,896
687,1023,0,588,1023,0,701,868,305,684,698,775,753,305,896
533,1023,0,249,1023,0,790,999,306,782,698,782,773,305,896
294,1023,0,127,911,0,603,770,305,576,698,751,744,305,896
413,1023,0,178,1023,0,737,937,306,725,698,754,741,305,896
283,1023,0,200,1023,0,557,685,305,581,698,767,758,305,896
682,1023,0,370,1023,0,607,742,305,582,698,782,756,305,896
606,1023,0,334,1023,0,801,985,306,794,698,775,756,305,899
806,1023,0,564,1023,0,870,1023,307,871,698,835,790,305,899
397,1023,0,264,1023,0,625,797,305,598,698,519,481,305,899
366,1023,0,192,1023,0,521,636,305,489,698,768,763,305,899
285,1023,0,113,825,0,420,434,305,357,698,699,692,305,899
437,1023,0,305,1023,0,689,885,305,666,698,791,782,305,899
734,1023,0,365,1023,0,655,795,305,635,698,837,768,305,899
447,1023,0,293,1023,0,581,717,305,552,698,814,801,305,899
607,1023,0,366,1023,0,665,831,305,643,698,802,782,305,899
507,1023,0,515,1023,0,669,803,305,648,698,773,743,305,899
300,1023,0,250,1023,0,339,379,305,382,698,451,451,305,899
387,1023,0,255,1023,0,599,761,305,573,698,765,758,305,899
471,1023,0,250,1023,0,281,348,305,319,698,761,751,305,899
613,1023,0,382,1023,0,785,986,306,778,698,832,816,305,899
666,1023,0,387,1023,0,559,678,305,544,698,791,775,305,899
603,1023,0,542,1023,0,759,943,306,747,698,788,764,305,899
715,1023,0,561,1023,0,833,1023,307,829,698,838,797,305,899
273,1023,0,89,705,0,412,447,305,380,698,420,420,305,902
238,1023,0,105,888,0,540,685,305,510,698,490,459,305,902
281,1023,0,104,719,0,594,766,305,560,698,714,710,305,902
526,1023,0,295,1023,0,708,878,305,691,698,765,749,305,902
366,1023,0,223,1023,0,665,856,305,641,698,773,762,305,902
661,1023,0,327,1023,0,402,401,305,404,698,832,808,305,902
324,1023,0,341,1023,0,548,691,305,527,698,486,453,305,902
348,1023,0,140,1023,0,565,714,305,532,698,784,782,305,902
572,1023,0,383,1023,0,810,1023,306,805,698,756,743,305,902
538,1023,0,168,1016,0,706,892,305,690,698,759,751,305,902
249,1023,0,124,1014,0,590,762,305,561,698,756,751,305,902
448,1023,0,212,1023,0,612,777,305,586,698,780,768,305,902
569,1023,0,361,1023,0,703,876,305,686,698,763,754,305,902
331,1023,0,148,1023,0,820,1023,306,817,698,778,776,305,902
521,1023,0,539,1023,0,799,988,306,792,698,781,746,305,902
813,1023,0,513,1023,0,715,865,305,707,698,839,814,305,902
691,1023,0,697,1023,0,873,1023,307,875,698,851,783,305,902
637,1023,0,494,1023,0,623,756,305,599,698,824,804,305,902
688,1023,0,417,1023,0,588,713,305,568,698,789,768,305,902
259,1023,0,98,814,0,326,343,305,303,698,380,390,305,902
432,1023,0,380,1023,0,772,991,306,764,698,783,772,305,905
445,1023,0,222,1023,0,376,364,305,363,699,765,753,305,905
533,1023,0,336,1023,0,713,908,305,698,699,777,758,305,905
496,1023,0,208,1023,0,653,835,305,630,699,772,765,305,905
520,1023,0,225,1023,0,758,961,306,748,699,780,761,305,905
545,1023,0,291,1023,0,371,379,305,404,699,781,767,305,905
747,1023,0,384,1023,0,801,1023,306,795,699,843,799,305,905
462,1023,0,437,1023,0,815,1023,306,808,699,768,752,305,905
554,1023,0,304,1023,0,817,1023,306,812,699,770,751,305,905
470,1023,0,425,1023,0,712,915,305,699,699,803,792,305,905
592,1023,0,673,1023,0,673,826,305,676,699,787,742,305,905
735,1023,0,608,1023,0,826,1023,306,819,699,787,763,305,905
250,1023,0,154,1023,0,581,725,305,550,699,435,414,305,905
497,1023,0,281,1023,0,686,871,305,664,699,824,813,305,905
396,1023,0,177,1023,0,587,746,305,556,699,770,764,305,905
566,1023,0,346,1023,0,628,788,305,602,699,784,772,305,905
308,1023,0,206,1023,0,494,580,305,466,699,492,478,305,905
568,1023,0,232,1023,0,621,767,305,595,699,775,766,305,905
595,1023,0,415,1023,0,722,898,305,706,699,559,510,305,905
534,1023,0,250,1023,0,358,359,305,370,699,783,774,305,909
395,1023,0,147,942,0,663,847,305,642,699,763,756,305,909
553,1023,0,379,1023,0,700,888,305,680,699,817,801,305,909
414,1023,0,202,1023,0,509,621,305,483,699,774,761,305,909
420,1023,0,198,1023,0,606,764,305,579,699,774,765,305,909
419,1023,0,116,767,0,533,642,305,503,699,470,439,305,909
332,1023,0,120,847,0,604,775,305,575,699,771,759,305,909
571,1023,0,319,1023,0,651,813,305,632,699,775,769,305,909
265,1023,0,112,920,0,457,528,305,417,699,501,476,305,909
599,1023,0,492,1023,0,858,1023,306,856,699,785,767,305,909
525,1023,0,265,1023,0,652,826,305,634,699,763,737,305,909
508,1023,0,200,1023,0,729,913,305,716,699,772,760,305,909
388,1023,0,195,1023,0,579,731,305,548,699,768,762,305,909
410,1023,0,182,1023,0,315,354,305,346,699,787,780,305,909
441,1023,0,295,1023,0,631,790,305,606,699,779,766,305,909
431,1023,0,348,1023,0,746,934,306,734,699,741,711,305,909
437,1023,0,290,1023,0,547,663,305,524,699,778,766,305,909
546,1023,0,299,1023,0,640,804,305,617,699,774,767,305,909
363,1023,0,153,1023,0,735,948,306,722,699,767,762,305,909
495,1023,0,283,1023,0,883,1023,306,887,699,785,773,305,909
599,1023,0,330,1023,0,724,915,305,707,699,793,780,305,909
533,1023,0,311,1023,0,680,856,305,661,699,836,826,305,909
556,1023,0,380,1023,0,680,844,305,667,699,800,786,305,909
460,1023,0,157,913,0,613,766,305,588,699,764,759,305,909
482,1023,0,395,1023,0,378,402,305,449,699,791,778,305,909
331,1023,0,189,1023,0,550,690,305,520,699,758,754,305,909
736,1023,0,498,1023,0,809,1012,306,803,699,840,830,305,909
558,1023,0,366,1023,0,643,803,305,618,699,781,761,305,912
801,1023,0,594,1023,0,695,847,305,676,699,773,736,305,912
299,1023,0,257,1023,0,627,779,305,622,699,516,462,305,912
321,1023,0,237,1023,0,597,755,305,600,699,515,474,305,912
445,1023,0,321,1023,0,406,419,305,441,699,784,772,305,912
464,1023,0,291,1023,0,607,761,305,579,699,789,781,305,912
347,1023,0,224,1023,0,367,361,305,377,699,760,751,305,912
402,1023,0,310,1023,0,816,1023,306,812,699,792,786,305,912
405,1023,0,221,1023,0,755,951,306,746,699,770,753,305,912
465,1023,0,207,1023,0,681,866,305,660,699,769,762,305,912
552,1023,0,354,1023,0,697,875,305,678,699,822,813,305,912
327,1023,0,118,955,0,287,331,305,320,699,399,404,305,912
243,1023,0,107,853,0,216,343,305,210,700,413,395,305,912
258,1023,0,156,1023,0,768,999,306,759,700,747,743,305,912
389,1023,0,243,811,0,651,764,305,638,700,499,407,305,912
826,1023,0,606,1023,0,869,1023,307,870,700,828,783,305,912
662,1023,0,344,1023,0,588,707,305,568,700,769,749,305,912
729,1023,0,614,1023,0,771,977,306,761,700,785,758,305,912
466,1023,0,240,1023,0,677,860,305,654,700,783,774,305,912
484,1023,0,331,1023,0,498,560,305,494,700,789,776,305,912
453,1023,0,291,1023,0,785,1002,306,778,700,773,765,305,915
267,1023,0,72,527,0,349,353,305,342,700,430,402,305,915
633,1023,0,537,1023,0,757,954,306,746,700,821,803,305,915
569,1023,0,463,1023,0,882,1023,306,884,700,807,789,305,915
468,1023,0,226,1023,0,768,982,306,757,700,773,765,305,915
250,1023,0,137,1023,0,673,884,305,657,700,606,588,305,915
477,1023,0,338,1023,0,677,859,305,654,700,820,806,305,915
474,1023,0,163,999,0,709,903,305,694,700,754,741,305,915
306,1023,0,115,811,0,425,454,305,373,700,462,411,305,915
378,1023,0,175,1023,0,527,649,305,495,700,770,761,305,915
608,1023,0,262,1023,0,747,936,306,736,700,782,771,305,915
308,1023,0,115,884,0,545,686,305,513,700,426,427,305,915
470,1023,0,564,1023,0,818,1023,306,813,700,781,769,305,915
366,1023,0,326,1023,0,731,940,306,719,700,767,756,305,915
569,1023,0,525,1023,0,847,1023,307,844,700,768,740,305,915
434,1023,0,227,1023,0,755,954,306,743,700,765,755,305,915
421,1023,0,262,1023,0,731,930,306,718,700,803,791,305,915
518,1023,0,539,1023,0,513,604,305,517,700,780,755,305,915
447,1023,0,239,1023,0,645,817,305,620,700,786,774,305,915
241,1023,0,143,1023,0,628,808,305,608,700,517,490,305,915
738,1023,0,591,1023,0,831,1023,306,826,700,782,747,305,915
566,1023,0,282,1023,0,478,540,305,457,700,780,763,305,915
426,1023,0,304,1023,0,631,789,305,606,700,783,772,305,915
525,1023,0,419,1023,0,676,850,305,651,700,766,754,305,919
396,1023,0,269,1023,0,618,785,305,592,700,763,751,305,919
804,1023,0,575,1023,0,854,1023,307,853,700,840,801,305,919
435,1023,0,228,1023,0,705,902,305,687,700,782,773,305,919
393,1023,0,262,1023,0,597,759,305,568,700,785,781,305,919
549,1023,0,380,1023,0,674,846,305,652,700,774,759,305,919
393,1023,0,219,1023,0,703,896,305,687,700,772,761,305,919
420,1023,0,263,1023,0,761,972,306,749,700,785,775,305,919
385,1023,0,345,1023,0,732,950,306,724,700,797,790,305,919
546,1023,0,387,1023,0,743,936,306,730,700,787,775,305,919
556,1023,0,418,1023,0,703,889,305,686,700,785,770,305,919
368,1023,0,238,1023,0,757,974,306,747,700,776,771,305,919
671,1023,0,304,1023,0,727,911,305,713,700,776,763,305,919
605,1023,0,415,1023,0,921,1023,307,928,700,797,785,305,919
545,1023,0,236,1023,0,660,842,305,635,700,771,750,305,919
567,1023,0,294,1023,0,387,369,305,368,700,834,815,305,919
458,1023,0,302,1023,0,639,809,305,615,700,774,760,305,919
234,1023,0,115,1000,0,291,341,305,341,700,432,431,305,919
580,1023,0,335,1023,0,670,830,305,647,700,785,772,305,919
508,1023,0,338,1023,0,624,779,305,596,700,540,508,305,922
307,1023,0,152,1023,0,804,1023,306,799,700,524,478,305,922
563,1023,0,380,1023,0,710,900,305,696,700,584,549,305,922
543,1023,0,324,1023,0,828,1023,306,825,700,772,761,305,922
440,1023,0,430,1023,0,777,990,306,769,701,809,792,305,922
616,1023,0,280,1023,0,673,824,305,653,701,777,761,305,922
627,1023,0,666,1023,0,445,458,305,530,701,803,754,305,922
490,1023,0,167,977,0,652,818,305,628,701,754,739,305,922
617,1023,0,393,1023,0,402,402,305,433,701,786,770,305,922
382,1023,0,222,1023,0,610,775,305,583,701,763,760,305,922
378,1023,0,159,1023,0,605,770,305,578,701,772,763,305,922
462,1023,0,301,1023,0,430,419,305,506,701,778,769,305,922
284,1023,0,75,656,0,305,335,305,319,701,807,809,305,922
270,1023,0,138,1023,0,481,572,305,452,701,768,758,305,922
357,1023,0,112,800,0,627,802,305,603,701,752,749,305,922
435,1023,0,491,1023,0,563,691,305,541,701,781,769,305,922
473,1023,0,332,1023,0,625,781,305,603,701,781,767,305,922
334,1023,0,158,1023,0,350,348,305,382,701,755,748,305,922
758,1023,0,508,1023,0,609,747,305,589,701,784,772,305,922
362,1023,0,191,1023,0,657,845,305,632,701,772,769,305,922
505,1023,0,253,1023,0,656,822,305,636,701,776,764,305,922
421,1023,0,161,1023,0,650,827,305,624,701,763,757,305,922
485,1023,0,201,1023,0,615,768,305,586,701,767,762,305,922
583,1023,0,495,1023,0,730,917,306,717,701,790,771,305,922
315,1023,0,109,859,0,598,771,305,571,701,464,453,305,922
286,1023,0,155,1023,0,293,335,305,306,701,431,415,305,922
610,1023,0,368,1023,0,794,997,306,787,701,773,766,305,922
460,1023,0,168,1022,0,641,806,305,620,701,760,743,305,922
369,1023,0,173,1023,0,628,800,305,601,701,478,452,305,925
532,1023,0,330,1023,0,679,858,305,659,701,814,815,305,925
474,1023,0,335,1023,0,493,567,305,477,701,774,764,305,925
323,1023,0,209,1023,0,611,783,305,585,701,765,753,305,925
341,1023,0,199,1023,0,608,788,305,582,701,736,732,305,925
487,1023,0,259,1023,0,719,910,305,704,701,777,770,305,925
469,1023,0,346,1023,0,630,796,305,607,701,768,763,305,925
599,1023,0,380,1023,0,616,772,305,595,701,766,758,305,925
626,1023,0,313,1023,0,728,913,305,715,701,784,770,305,925
465,1023,0,255,1023,0,701,892,305,686,701,766,751,305,925
411,1023,0,244,1023,0,589,739,305,564,701,770,760,305,925
487,1023,0,299,1023,0,771,977,306,761,701,807,796,305,925
639,1023,0,426,1023,0,816,1023,306,812,701,760,752,305,925
613,1023,0,378,1023,0,870,1023,306,869,701,813,798,305,925
678,1023,0,566,1023,0,777,974,306,767,701,814,796,305,925
790,1023,0,613,1023,0,831,1023,306,827,701,847,805,305,925
245,1023,0,128,1023,0,315,343,305,311,701,526,524,305,925
587,1023,0,411,1023,0,418,408,305,434,701,767,749,305,925
518,1023,0,327,1023,0,670,833,305,653,701,794,783,305,925
649,1023,0,499,1023,0,697,851,305,677,701,610,553,305,925
280,1023,0,150,1023,0,253,347,305,288,701,475,460,305,925
328,1023,0,111,880,0,504,615,305,470,701,541,512,305,925
604,1023,0,368,1023,0,762,962,306,754,701,807,791,305,925
529,1023,0,253,1023,0,559,687,305,529,701,780,768,305,925
449,1023,0,237,1023,0,658,823,305,633,701,779,768,305,929
533,1023,0,215,1023,0,692,878,305,673,701,769,759,305,929
539,1023,0,266,1023,0,613,765,305,587,701,767,756,305,929
495,1023,0,352,1023,0,688,873,305,665,701,783,763,305,929
374,1023,0,220,1023,0,845,1023,306,843,701,785,773,305,929
599,1023,0,297,1023,0,807,1016,306,802,701,765,750,305,929
666,1023,0,473,1023,0,748,961,306,737,701,836,803,305,929
563,1023,0,331,1023,0,307,364,305,373,701,783,768,305,929
431,1023,0,273,1023,0,731,938,306,718,701,782,775,305,929
388,1023,0,207,1023,0,318,350,305,315,701,776,770,305,929
292,1023,0,156,1023,0,290,332,305,338,701,410,405,305,929
595,1023,0,298,1023,0,698,860,305,679,701,794,773,305,929
685,1023,0,491,1023,0,687,855,305,673,701,843,823,305,929
530,1023,0,343,1023,0,795,1013,306,787,701,825,805,305,929
512,1023,0,264,1023,0,682,862,305,660,701,789,782,305,929
262,1023,0,168,1023,0,425,459,305,418,701,413,407,305,929
252,1023,0,186,1023,0,442,509,305,460,702,502,494,305,929
549,1023,0,372,1023,0,745,938,306,733,702,792,774,305,929
430,1023,0,157,925,0,683,872,305,666,702,766,761,305,929
475,1023,0,278,1023,0,362,367,305,372,702,777,762,305,929
522,1023,0,354,1023,0,674,850,305,657,702,814,797,305,929
447,1023,0,269,1023,0,666,847,305,642,702,778,770,305,929
716,1023,0,522,1023,0,827,1023,306,820,702,793,781,305,929
333,1023,0,152,1023,0,245,332,305,315,702,737,732,305,932
342,1023,0,179,1023,0,542,677,305,512,702,766,757,305,932
529,1023,0,250,1023,0,572,703,305,546,702,785,774,305,932
280,1023,0,248,1023,0,405,415,305,411,702,471,458,305,932
644,1023,0,266,1023,0,387,387,305,385,702,790,776,305,932
608,1023,0,275,1023,0,766,957,306,756,702,784,768,305,932
551,1023,0,319,1023,0,622,774,305,603,702,774,764,305,932
599,1023,0,385,1023,0,691,851,305,672,702,831,817,305,932
377,1023,0,138,963,0,666,852,305,644,702,740,727,305,932
463,1023,0,189,1023,0,389,391,305,360,702,774,765,305,932
703,1023,0,551,1023,0,776,951,306,763,702,856,794,305,932
577,1023,0,405,1023,0,704,883,305,688,702,776,758,305,932
597,1023,0,361,1023,0,657,813,305,632,702,775,756,305,932
654,1023,0,345,1023,0,761,943,306,751,702,803,779,305,932
440,1023,0,264,1023,0,694,889,305,676,702,763,750,305,932
709,1023,0,489,1023,0,681,832,305,662,702,792,771,305,932
317,1023,0,162,1023,0,621,795,305,593,702,757,752,305,932
463,1023,0,557,1023,0,539,662,305,526,702,598,566,305,932
360,1023,0,248,1023,0,801,1023,306,794,702,766,753,305,935
332,1023,0,266,1023,0,478,531,305,441,702,485,451,305,935
337,1023,0,145,1023,0,233,348,305,250,702,752,746,305,935
595,1023,0,469,1023,0,812,1007,306,805,702,785,766,305,935
380,1023,0,275,1023,0,455,488,305,452,702,779,769,305,935
516,1023,0,332,1023,0,607,761,305,581,702,768,750,305,935
485,1023,0,275,1023,0,778,989,306,769,702,775,767,305,935
405,1023,0,233,1023,0,692,885,305,670,702,769,759,305,935
607,1023,0,325,1023,0,731,913,305,715,702,806,789,305,935
487,1023,0,269,1023,0,582,718,305,557,702,773,762,305,935
679,1023,0,571,1023,0,859,1023,307,857,702,776,752,305,935
534,1023,0,217,1023,0,730,922,306,716,702,770,762,305,935
470,1023,0,301,1023,0,800,1023,306,793,702,810,792,305,935
416,1023,0,381,1023,0,745,953,306,733,702,787,776,305,935
754,1023,0,567,1023,0,838,1023,307,836,702,798,775,305,935
450,1023,0,349,1023,0,563,700,305,540,702,833,807,305,935
358,1023,0,201,1023,0,712,913,305,698,702,766,758,305,935
568,1023,0,404,1023,0,461,485,305,483,702,784,755,305,935
735,1023,0,446,1023,0,393,398,305,428,702,791,773,305,935
524,1023,0,224,1023,0,309,357,305,357,702,540,494,305,935
567,1023,0,375,1023,0,483,554,305,473,702,785,771,305,935
235,1023,0,140,1023,0,513,605,305,495,702,512,496,305,935
442,1023,0,243,1023,0,693,882,305,676,702,818,807,305,935
598,1023,0,436,1023,0,877,1023,307,877,702,782,756,305,935
330,1023,0,159,1023,0,656,839,305,636,702,764,755,305,938
382,1023,0,238,1023,0,601,756,305,576,702,772,765,305,938
304,1023,0,107,805,0,451,531,305,479,702,497,551,305,938
406,1023,0,188,1023,0,648,830,305,621,702,777,770,305,938
548,1023,0,419,1023,0,346,369,305,393,702,579,539,305,938
460,1023,0,288,1023,0,380,379,305,401,702,774,767,305,938
764,1023,0,424,1023,0,617,750,305,593,702,781,763,305,938
559,1023,0,406,1023,0,829,1023,306,826,702,788,775,305,938
391,1023,0,284,1023,0,387,396,305,371,703,769,763,305,938
596,1023,0,370,1023,0,845,1023,307,843,703,789,768,305,938
460,1023,0,428,1023,0,718,920,306,703,703,794,780,305,938
367,1023,0,178,1023,0,416,406,305,396,703,773,761,305,938
687,1023,0,381,1023,0,775,972,306,765,703,792,766,305,938
493,1023,0,228,1023,0,491,582,305,464,703,774,749,305,938
620,1023,0,413,1023,0,853,1023,307,852,703,789,773,305,938
655,1023,0,548,1023,0,743,935,306,729,703,820,801,305,938
336,1023,0,101,806,0,281,334,305,291,703,474,454,305,938
715,1023,0,465,1023,0,753,934,306,741,703,759,736,305,942
418,1023,0,186,1023,0,628,794,305,602,703,781,769,305,942
447,1023,0,302,1023,0,553,688,305,527,703,760,746,305,942
283,1023,0,101,779,0,632,817,305,607,703,407,395,305,942
256,1023,0,232,1023,0,181,341,305,333,703,450,433,305,942
743,1023,0,365,1023,0,894,1023,307,897,703,821,808,305,942
537,1023,0,434,1023,0,642,782,305,618,703,741,722,305,942
465,1023,0,188,1023,0,608,773,305,582,703,773,758,305,942
329,1023,0,195,1023,0,696,900,305,681,703,764,758,305,942
517,1023,0,342,1023,0,727,921,306,714,703,777,766,305,942
779,1023,0,576,1023,0,708,888,305,690,703,837,811,305,942
511,1023,0,293,1023,0,374,357,305,417,703,789,779,305,942
667,1023,0,533,1023,0,620,743,305,598,703,752,715,305,942
610,1023,0,510,1023,0,780,972,306,770,703,796,764,305,942
579,1023,0,248,1023,0,487,512,305,458,703,816,751,305,942
635,1023,0,405,1023,0,751,954,306,735,703,788,766,305,942
306,1023,0,277,1023,0,580,734,305,567,703,790,780,305,942
546,1023,0,413,1023,0,380,382,305,424,703,837,816,305,942
457,1023,0,220,1023,0,622,779,305,595,703,776,768,305,942
234,1023,0,146,1023,0,511,632,305,482,703,515,489,305,942
434,1023,0,212,1023,0,657,841,305,635,703,766,758,305,942
466,1023,0,362,1023,0,777,992,306,768,703,781,768,305,942
358,1023,0,125,845,0,565,715,305,533,703,765,762,305,942
453,1023,0,293,1023,0,649,814,305,625,703,780,769,305,942
643,1023,0,402,1023,0,501,574,305,475,703,782,764,305,942
382,1023,0,312,1023,0,767,977,306,760,703,787,784,305,945
513,1023,0,239,1023,0,716,917,305,698,703,780,771,305,945
404,1023,0,213,1023,0,694,886,305,676,703,770,763,305,945
604,1023,0,273,1023,0,665,837,305,641,703,789,778,305,945
504,1023,0,290,1023,0,813,1023,306,807,703,800,783,305,945
448,1023,0,186,1023,0,702,894,305,683,703,777,770,305,945
531,1023,0,324,1023,0,348,376,305,384,703,764,748,305,945
363,1023,0,275,1023,0,763,982,306,751,703,785,778,305,945
346,1023,0,348,1023,0,710,913,305,696,703,764,758,305,945
394,1023,0,143,1023,0,249,329,305,326,703,442,428,305,945
500,1023,0,321,1023,0,777,960,306,767,703,778,762,305,945
310,1023,0,208,1023,0,573,707,305,558,703,502,440,305,945
466,1023,0,226,1023,0,380,383,305,363,703,777,764,305,945
458,1023,0,242,1023,0,585,718,305,557,703,762,750,305,945
672,1023,0,485,1023,0,373,398,305,420,703,779,764,305,945
632,1023,0,320,1023,0,777,971,306,766,703,771,757,305,945
810,1023,0,622,1023,0,783,964,306,770,703,799,775,305,945
745,1023,0,420,1023,0,720,902,305,706,703,782,762,305,945
448,1023,0,232,1023,0,762,973,306,747,703,783,769,305,945
258,1023,0,160,1023,0,537,673,305,505,703,420,413,305,945
624,1023,0,624,1023,0,448,436,305,487,703,797,775,305,945
395,1023,0,187,1023,0,843,1023,306,842,703,774,765,305,945
778,1023,0,525,1023,0,831,1023,307,828,703,806,786,305,945
351,1023,0,110,775,0,411,416,305,365,703,496,457,305,945
536,1023,0,212,1023,0,691,867,305,674,703,779,766,305,948
283,1023,0,83,631,0,355,343,305,294,703,448,417,305,948
272,1023,0,246,1023,0,666,844,305,655,703,775,768,305,948
612,1023,0,477,1023,0,851,1023,306,849,703,785,764,305,948
378,1023,0,195,1023,0,519,639,305,485,703,736,726,305,948
663,1023,0,529,1023,0,784,996,306,776,703,784,770,305,948
533,1023,0,244,1023,0,715,899,305,694,704,780,772,305,948
299,650,0,132,243,0,668,669,305,685,704,938,736,305,948
248,872,0,120,455,0,554,530,305,559,704,668,601,305,948
387,1023,0,190,1023,0,570,715,305,541,704,770,761,305,948
542,1023,0,312,1023,0,409,383,305,415,704,773,760,305,948
329,1023,0,284,1023,0,690,889,305,675,704,616,607,305,948
454,1023,0,227,1023,0,883,1023,306,886,704,797,785,305,948
692,1023,0,382,1023,0,799,989,306,791,704,793,772,305,948
433,1023,0,272,1023,0,674,861,305,652,704,787,778,305,948
307,1023,0,330,1023,0,320,346,305,377,704,678,666,305,948
460,1023,0,258,1023,0,814,1023,306,809,704,784,767,305,948
406,1023,0,220,1023,0,438,453,305,454,704,794,782,305,948
295,1023,0,292,1023,0,635,818,305,615,704,524,511,305,948
508,1023,0,375,1023,0,792,1012,306,787,704,784,785,305,948
390,1023,0,184,1023,0,634,807,305,608,704,770,769,305,948
681,1023,0,403,1023,0,823,1023,307,818,704,771,758,305,948
627,1023,0,462,1023,0,632,784,305,609,704,791,778,305,948
481,1023,0,204,1023,0,473,541,305,454,704,776,769,305,948
573,1023,0,302,1023,0,570,687,305,542,704,782,766,305,952
637,1023,0,367,1023,0,667,824,305,648,704,792,778,305,952
361,1023,0,255,1023,0,591,745,305,563,704,761,755,305,952
786,1023,0,524,1023,0,396,385,305,415,704,808,791,305,952
375,1023,0,240,1023,0,174,347,305,329,704,814,806,305,952
317,1023,0,179,1023,0,500,605,305,472,704,478,458,305,952
363,1023,0,163,1023,0,681,873,305,663,704,759,755,305,952
462,1023,0,392,1023,0,682,867,305,664,704,786,772,305,952
257,1023,0,85,730,0,656,858,305,638,704,563,554,305,952
507,1023,0,246,1023,0,709,897,305,694,704,761,752,305,952
682,1023,0,517,1023,0,837,1023,306,833,704,801,777,305,952
472,1023,0,271,1023,0,767,975,306,759,704,772,768,305,952
470,1023,0,414,1023,0,773,968,306,770,704,570,491,305,952
464,1023,0,367,1023,0,611,765,305,587,704,483,440,305,952
390,1023,0,366,1023,0,624,793,305,605,704,485,450,305,952
563,1023,0,317,1023,0,770,977,306,760,704,776,770,305,952
588,1023,0,413,1023,0,762,965,306,754,704,780,758,305,952
669,1023,0,368,1023,0,526,616,305,520,704,776,760,305,955
576,1023,0,573,1023,0,861,1023,306,860,704,782,757,305,955
638,1023,0,316,1023,0,790,981,306,783,704,837,814,305,955
493,1023,0,414,1023,0,412,410,305,446,704,809,794,305,955
418,1023,0,389,1023,0,541,672,305,514,704,783,772,305,955
420,1023,0,455,1023,0,673,856,305,654,704,768,751,305,955
644,1023,0,437,1023,0,625,778,305,600,704,780,766,305,955
496,1023,0,198,1023,0,805,1023,306,799,704,779,768,305,955
497,1023,0,184,1023,0,704,899,305,687,704,585,541,305,955
713,1023,0,500,1023,0,807,997,306,800,704,869,840,305,955
518,1023,0,274,1023,0,747,939,306,736,704,774,763,305,955
667,1023,0,384,1023,0,743,928,306,730,704,785,773,305,955
496,1023,0,384,1023,0,396,400,305,391,704,788,771,305,955
442,1023,0,168,966,0,628,791,305,601,704,767,756,305,955
568,1023,0,371,1023,0,659,807,305,640,704,743,727,305,955
647,1023,0,391,1023,0,389,396,305,420,704,792,781,305,958
562,1023,0,342,1023,0,619,770,305,594,704,783,767,305,958
701,1023,0,329,1023,0,661,817,305,641,704,834,774,305,958
342,1023,0,185,1023,0,557,688,305,534,704,756,747,305,958
330,1023,0,195,1023,0,683,882,305,665,704,777,773,305,958
528,1023,0,295,1023,0,696,876,305,678,705,580,530,305,958
729,1023,0,394,1023,0,641,784,305,617,705,798,778,305,958
229,1023,0,121,1023,0,665,864,305,646,705,551,533,305,958
313,1023,0,157,1023,0,569,704,305,545,705,783,775,305,958
615,1023,0,286,1023,0,777,979,306,769,705,788,766,305,958
451,1023,0,284,1023,0,354,377,305,366,705,777,767,305,958
351,1023,0,191,1023,0,597,754,305,578,705,552,512,305,958
374,1023,0,147,1019,0,681,876,305,659,705,776,769,305,958
411,1023,0,408,1023,0,580,720,305,558,705,573,536,305,958
435,1023,0,229,1023,0,588,739,305,569,705,782,772,305,958
276,1023,0,310,1023,0,583,746,305,559,705,521,499,305,958
424,1023,0,180,1023,0,376,359,305,389,705,453,433,305,958
482,1023,0,261,1023,0,635,806,305,611,705,778,766,305,958
228,1023,0,149,1023,0,571,730,305,541,705,446,432,305,958
509,1023,0,405,1023,0,686,871,305,669,705,778,767,305,958
638,1023,0,442,1023,0,663,821,305,645,705,793,774,305,961
388,1023,0,271,1023,0,785,1013,306,779,705,779,771,305,961
388,1023,0,316,1023,0,709,902,305,694,705,772,765,305,961
452,1023,0,231,1023,0,642,798,305,620,705,748,736,305,961
721,1023,0,701,1023,0,724,891,305,712,705,790,769,305,961
468,1023,0,321,1023,0,650,817,305,627,705,750,742,305,961
528,1023,0,321,1023,0,578,694,305,554,705,784,770,305,961
322,1023,0,100,739,0,597,764,305,572,705,419,405,305,961
459,1023,0,331,1023,0,831,1023,306,828,705,770,759,305,961
493,1023,0,450,1023,0,416,421,305,453,705,779,761,305,961
521,1023,0,279,1023,0,628,789,305,605,705,787,776,305,961
452,1023,0,227,1023,0,302,347,305,353,705,772,765,305,961
485,1023,0,213,1023,0,637,805,305,610,705,776,764,305,961
509,1023,0,296,1023,0,691,871,305,670,705,780,761,305,961
549,1023,0,251,1023,0,700,887,305,684,705,764,749,305,961
402,1023,0,251,1023,0,755,964,306,743,705,761,746,305,965
784,1023,0,576,1023,0,763,953,306,749,705,788,766,305,965
525,1023,0,347,1023,0,895,1023,307,900,705,775,764,305,965
609,1023,0,330,1023,0,710,890,305,689,705,779,759,305,965
554,1023,0,285,1023,0,705,877,305,688,705,733,728,305,965
623,1023,0,611,1023,0,862,1023,307,862,705,788,763,305,965
372,1023,0,128,857,0,671,856,305,652,705,504,469,305,965
702,1023,0,533,1023,0,694,859,305,678,705,802,773,305,965
418,1023,0,226,1023,0,916,1023,307,924,705,764,750,305,965
625,1023,0,397,1023,0,406,394,305,434,705,778,759,305,965
486,1023,0,270,1023,0,503,590,305,472,705,475,540,305,965
575,1023,0,371,1023,0,739,915,306,727,705,776,758,305,965
645,1023,0,440,1023,0,559,671,305,541,705,777,761,305,965
557,1023,0,287,1023,0,389,381,305,420,705,776,763,305,965
380,1023,0,167,1023,0,623,802,305,597,705,773,768,305,968
381,1023,0,262,1023,0,840,1023,306,837,705,760,742,305,968
521,1023,0,520,1023,0,824,1023,306,821,705,799,786,305,968
650,1023,0,640,1023,0,518,589,305,535,705,784,749,305,968
527,1023,0,333,1023,0,837,1023,306,834,705,779,772,305,968
646,1023,0,359,1023,0,406,384,305,431,706,772,750,305,968
503,1023,0,412,1023,0,761,960,306,753,706,777,764,305,968
395,1023,0,181,1023,0,652,826,305,628,706,784,775,305,968
336,1023,0,167,1023,0,679,879,305,662,706,523,500,305,968
620,1023,0,686,1023,0,333,363,305,342,706,591,423,305,968
579,1023,0,365,1023,0,595,737,305,570,706,816,790,305,968
490,1023,0,280,1023,0,551,674,305,519,706,768,745,305,971
395,1023,0,275,1023,0,649,827,305,626,706,772,767,305,971
539,1023,0,318,1023,0,706,896,305,687,706,773,759,305,971
613,1023,0,367,1023,0,711,899,305,697,706,833,819,305,971
557,1023,0,516,1023,0,846,1023,306,844,706,796,784,305,971
648,1023,0,558,1023,0,752,946,306,736,706,783,768,305,971
585,1023,0,280,1023,0,632,785,305,607,706,796,785,305,971
722,1023,0,520,1023,0,722,898,305,705,706,801,779,305,971
280,1023,0,174,1023,0,617,785,305,592,706,492,446,305,971
591,1023,0,249,1023,0,644,803,305,618,706,759,750,305,971
594,1023,0,263,1023,0,718,898,305,704,706,816,801,305,975
425,1023,0,241,1023,0,374,365,305,407,706,536,506,305,975
396,1023,0,285,1023,0,730,937,306,716,706,780,770,305,975
414,1023,0,169,1023,0,628,809,305,605,706,776,770,305,975
393,1023,0,302,1023,0,345,363,305,397,706,822,811,305,975
822,1023,0,566,1023,0,787,973,306,777,706,763,741,305,975
585,1023,0,398,1023,0,787,997,306,778,706,772,759,305,975
495,1023,0,233,1023,0,702,891,305,680,706,785,772,305,975
596,1023,0,334,1023,0,427,438,305,431,706,780,772,305,975
474,1023,0,262,1023,0,660,842,305,636,706,757,751,305,975
206,1023,0,158,1023,0,660,862,305,642,706,433,422,305,975
608,1023,0,348,1023,0,671,835,305,648,706,793,769,305,975
636,1023,0,484,1023,0,605,746,305,582,706,791,774,305,975
560,1023,0,403,1023,0,863,1023,306,862,706,806,794,305,975
377,1023,0,131,922,0,661,851,305,637,706,766,763,305,975
617,1023,0,320,1023,0,715,890,305,699,706,794,770,305,975
627,1023,0,485,1023,0,702,862,305,686,706,799,781,305,975
376,1023,0,353,1023,0,798,1019,306,792,706,815,777,305,975
450,1023,0,256,1023,0,674,856,305,653,706,827,814,305,978
445,1023,0,166,1018,0,583,721,305,558,706,762,758,305,978
342,1023,0,175,1023,0,657,847,305,634,706,776,765,305,978
601,1023,0,299,1023,0,715,896,305,699,706,799,781,305,978
335,1023,0,252,1023,0,563,709,305,533,706,746,741,305,978
673,1023,0,389,1023,0,807,1023,306,801,707,841,789,305,978
291,1023,0,153,1023,0,563,699,305,529,707,433,402,305,978
753,1023,0,426,1023,0,729,910,305,714,707,833,784,305,978
648,1023,0,421,1023,0,827,1023,306,822,707,777,760,305,978
585,1023,0,371,1023,0,771,973,306,762,707,784,770,305,978
269,1023,0,157,1023,0,545,688,305,509,707,446,430,305,978
447,1023,0,272,1023,0,714,911,305,697,707,782,772,305,978
432,1023,0,589,1023,0,797,987,306,792,707,805,788,305,978
426,1023,0,223,1023,0,526,638,305,500,707,774,766,305,981
796,1023,0,552,1023,0,710,874,305,693,707,831,817,305,981
566,1023,0,548,1023,0,933,1023,307,943,707,786,767,305,981
606,1023,0,494,1023,0,828,1023,306,824,707,776,759,305,981
444,1023,0,240,1023,0,684,870,305,664,707,777,769,305,981
663,1023,0,484,1023,0,671,847,305,651,707,792,763,305,981
343,1023,0,205,1023,0,785,1018,306,778,707,763,756,305,981
531,1023,0,353,1023,0,714,897,305,698,707,780,761,305,981
473,1023,0,321,1023,0,769,970,306,761,707,800,784,305,981
420,1023,0,199,1023,0,711,907,305,696,707,770,766,305,981
787,1023,0,643,1023,0,772,964,306,760,707,795,774,305,981
705,1023,0,606,1023,0,708,881,305,692,707,778,752,305,981
621,1023,0,455,1023,0,846,1023,306,844,707,792,777,305,981
227,1023,0,199,1023,0,556,647,305,531,707,428,383,305,984
785,1023,0,650,1023,0,782,959,306,773,707,787,736,305,984
407,1023,0,177,1023,0,736,937,306,724,707,756,747,305,984
460,1023,0,172,1017,0,450,479,305,430,707,728,716,305,984
419,1023,0,203,1023,0,814,1023,306,810,707,767,764,305,984
435,1023,0,237,1023,0,736,939,306,724,707,552,507,305,984
634,1023,0,461,1023,0,769,956,306,759,707,813,798,305,984
477,1023,0,198,1023,0,579,727,305,552,707,800,787,305,988
431,1023,0,249,1023,0,703,898,305,686,707,766,757,305,988
326,1023,0,166,1023,0,696,896,305,679,707,756,749,305,988
497,1023,0,234,1019,0,312,352,305,348,707,758,757,305,988
378,1023,0,174,1023,0,683,876,305,663,707,759,754,305,988
424,1023,0,262,1023,0,618,783,305,592,707,781,767,305,988
567,1023,0,309,1023,0,348,379,305,387,707,794,780,305,988
636,1023,0,321,1023,0,675,820,305,661,707,791,768,305,988
480,1023,0,298,1023,0,612,766,305,584,707,805,800,305,988
640,1023,0,293,1023,0,452,474,305,437,707,761,728,305,988
777,1023,0,481,1023,0,686,846,305,666,707,790,764,305,988
346,1023,0,207,1023,0,677,873,305,653,707,786,778,305,988
466,1023,0,320,1023,0,478,536,305,457,707,777,758,305,988
258,1023,0,145,1023,0,576,737,305,548,707,752,745,305,988
586,1023,0,379,1023,0,617,754,305,591,707,764,740,305,988
312,1023,0,131,1023,0,519,617,305,491,707,456,436,305,988
273,1023,0,158,1023,0,787,1022,306,779,707,474,456,305,988
338,1023,0,183,1023,0,578,734,305,548,707,774,767,305,988
572,1023,0,535,1023,0,702,869,305,683,708,781,766,305,988
333,1023,0,202,1023,0,361,357,305,357,708,744,735,305,988
572,1023,0,341,1023,0,337,359,305,350,708,783,766,305,991
365,1023,0,108,709,0,683,876,305,666,708,738,727,305,991
618,1023,0,353,1023,0,805,1022,306,797,708,613,563,305,991
541,1023,0,404,1023,0,789,1001,306,782,708,790,778,305,991
792,1023,0,621,1023,0,904,1023,307,909,708,791,770,305,991
436,1023,0,245,1023,0,689,878,305,669,708,773,770,305,991
652,1023,0,540,1023,0,880,1023,307,882,708,842,819,305,991
516,1023,0,357,1023,0,386,386,305,408,708,812,801,305,991
543,1023,0,459,1023,0,737,931,306,722,708,780,771,305,991
426,1023,0,195,1023,0,385,379,305,380,708,772,763,305,991
489,1023,0,524,1023,0,770,978,306,762,708,798,789,305,991
407,1023,0,237,1023,0,684,875,305,665,708,772,762,305,991
232,1023,0,108,762,0,588,757,305,558,708,744,737,305,991
618,1023,0,389,1023,0,355,370,305,391,708,784,767,305,991
371,1023,0,175,1023,0,242,346,305,340,708,778,769,305,991
337,1023,0,95,761,0,257,336,305,305,708,448,428,305,991
724,1023,0,462,1023,0,767,958,306,759,708,793,773,305,991
549,1023,0,411,1023,0,901,1023,307,905,708,787,774,305,991
513,1023,0,293,1023,0,647,800,305,623,708,767,754,305,991
384,1023,0,171,1023,0,509,612,305,487,708,766,759,305,994
443,1023,0,180,1023,0,822,1023,306,819,708,774,759,305,994
256,1023,0,90,741,0,628,818,305,605,708,406,403,305,994
643,1023,0,327,1023,0,460,457,305,434,708,561,471,305,994
449,1023,0,266,1023,0,370,372,305,376,708,769,757,305,994
548,1023,0,317,1023,0,828,1023,306,823,708,779,770,305,994
322,1023,0,289,986,0,677,882,305,658,708,513,486,305,994
387,1023,0,171,1023,0,631,801,305,610,708,519,482,305,994
516,1023,0,284,1023,0,453,503,305,437,708,792,781,305,994
414,1023,0,208,1023,0,701,897,305,684,708,787,781,305,994
471,1023,0,376,1023,0,608,760,305,586,708,788,764,305,994
635,1023,0,333,1023,0,717,896,305,703,708,790,780,305,994
635,1023,0,409,1023,0,739,937,306,726,708,787,770,305,994
489,1023,0,260,1023,0,770,984,306,759,708,755,757,305,994
353,1023,0,156,1023,0,676,867,305,660,708,762,755,305,994
348,1023,0,207,1023,0,379,392,305,407,708,756,750,305,998
380,1023,0,336,1023,0,524,628,305,496,708,787,765,305,998
556,1023,0,387,1023,0,709,888,305,694,708,789,777,305,998
403,1023,0,213,1023,0,695,890,305,675,708,777,768,305,998
388,1023,0,155,928,0,853,1023,306,853,708,773,763,305,998
725,1023,0,450,1023,0,701,880,305,682,708,779,753,305,998
477,1023,0,365,1023,0,635,795,305,610,708,769,757,305,998
262,1023,0,116,953,0,669,871,305,651,708,469,454,305,998
796,1023,0,466,1023,0,551,656,305,532,708,792,775,305,998
423,1023,0,145,839,0,501,582,305,564,708,671,622,305,998
520,1023,0,352,1023,0,770,967,306,761,708,790,776,305,998
651,1023,0,354,1023,0,780,967,306,770,708,798,773,305,998
586,1023,0,259,1023,0,641,802,305,618,708,788,778,305,998
426,1023,0,295,1023,0,762,972,306,752,708,811,800,305,998
402,1023,0,128,833,0,323,337,305,320,708,423,398,305,998
363,1023,0,512,1023,0,685,870,305,669,708,520,484,305,998
250,1023,0,164,1023,0,505,623,305,463,708,443,409,305,998
510,1023,0,292,1023,0,799,991,306,792,708,785,773,305,998
583,1023,0,326,1023,0,823,1023,306,818,708,781,764,305,998
263,1023,0,95,773,0,508,628,305,471,708,410,397,305,998
381,1023,0,172,1023,0,542,691,305,513,708,524,423,305,998
357,1023,0,200,1023,0,686,886,305,665,708,770,761,305,1001
517,1023,0,328,1023,0,644,808,305,620,708,805,785,305,1001
406,1023,0,286,1023,0,565,699,305,536,709,564,525,305,1001
324,1023,0,176,1023,0,315,353,305,326,709,767,757,305,1001
407,1023,0,247,1023,0,615,784,305,592,709,781,774,305,1001
381,1023,0,173,1023,0,696,893,305,680,709,771,767,305,1001
302,1023,0,224,1023,0,601,770,305,573,709,749,746,305,1001
371,1023,0,148,996,0,564,711,305,532,709,772,770,305,1001
716,1023,0,428,1023,0,467,500,305,503,709,795,777,305,1001
417,1023,0,432,1023,0,633,800,305,609,709,812,803,305,1001
641,1023,0,379,1023,0,536,626,305,517,709,782,767,305,1001
484,1023,0,222,1023,0,692,869,305,676,709,772,760,305,1001
328,1023,0,193,1023,0,703,911,305,685,709,752,745,305,1001
373,1023,0,160,1023,0,657,840,305,634,709,737,730,305,1001
371,1023,0,206,1023,0,303,336,305,334,709,777,770,305,1001
357,1023,0,111,850,0,412,401,305,397,709,464,445,305,1001
722,1023,0,564,1023,0,723,887,305,713,709,844,826,305,1001
430,1023,0,314,1023,0,798,1023,306,791,709,770,763,305,1001
330,1023,0,258,1023,0,382,381,305,399,709,696,687,305,1001
532,1023,0,287,1023,0,787,989,306,781,709,791,775,305,1001
559,1023,0,426,1023,0,389,373,305,408,709,781,758,305,1004
608,1023,0,393,1023,0,371,391,305,428,709,778,765,305,1004
560,1023,0,349,1023,0,601,778,305,607,709,775,746,305,1004
616,1023,0,382,1023,0,686,865,305,666,709,792,779,305,1004
562,1023,0,286,1023,0,598,731,305,572,709,758,749,305,1004
324,1023,0,158,1023,0,670,859,305,649,709,773,768,305,1004
442,1023,0,234,1023,0,359,376,305,362,709,771,757,305,1004
457,1023,0,202,1023,0,694,886,305,676,709,774,769,305,1004
484,1023,0,167,926,0,614,763,305,588,709,763,752,305,1004
489,1023,0,234,1023,0,712,908,305,698,709,780,768,305,1004
574,1023,0,281,1023,0,666,841,305,646,709,776,768,305,1004
458,1023,0,278,1023,0,821,1023,306,818,709,768,759,305,1004
539,1023,0,384,1023,0,521,606,305,501,709,781,771,305,1004
310,1023,0,164,1023,0,810,1023,306,806,709,772,768,305,1004
537,1023,0,283,1023,0,741,948,306,724,709,803,792,305,1004
448,1023,0,228,1023,0,617,780,305,592,709,764,747,305,1004
504,1023,0,478,1023,0,771,986,306,761,709,826,806,305,1004
355,1023,0,155,1023,0,666,858,305,642,709,767,756,305,1004
407,1023,0,240,1023,0,382,397,305,393,709,533,524,305,1004
545,1023,0,347,1023,0,824,1023,306,821,709,782,770,305,1004
351,1023,0,177,1023,0,651,841,305,630,709,759,747,305,1004
723,1023,0,441,1023,0,425,421,305,449,709,779,750,305,1004
375,1023,0,328,1023,0,794,1023,306,787,709,758,747,305,1004
567,1023,0,348,1023,0,708,897,305,691,709,787,768,305,1004
488,1023,0,220,1023,0,597,742,305,571,709,742,734,305,1004
509,1023,0,620,1023,0,627,749,305,623,709,790,768,305,1004
486,1023,0,315,1023,0,716,891,305,701,709,763,742,305,1008
321,1023,0,87,612,0,660,854,305,642,709,505,484,305,1008
338,1023,0,208,1023,0,616,790,305,590,709,776,770,305,1008
436,1023,0,275,1023,0,782,1007,306,773,709,791,781,305,1008
354,1023,0,202,1023,0,553,689,305,525,709,786,776,305,1008
596,1023,0,649,1023,0,877,1023,307,881,709,799,781,305,1008
648,1023,0,314,1023,0,603,741,305,580,709,753,753,305,1008
350,1023,0,228,1023,0,653,835,305,630,709,774,767,305,1008
461,1023,0,174,1023,0,648,817,305,627,709,767,758,305,1008
208,1023,0,166,1023,0,580,720,305,558,709,515,489,305,1008
651,1023,0,327,1023,0,842,1023,306,838,709,786,776,305,1008
369,1023,0,255,1023,0,292,350,305,348,709,767,761,305,1008
274,1023,0,206,1023,0,560,707,305,536,709,750,743,305,1008
500,1023,0,391,1023,0,664,825,305,640,709,770,755,305,1008
680,1023,0,433,1023,0,374,397,305,423,709,800,779,305,1008
572,1023,0,511,1023,0,805,1016,306,800,709,804,794,305,1008
427,1023,0,300,1023,0,395,384,305,412,709,774,760,305,1008
293,1023,0,262,1023,0,448,424,305,465,709,793,781,305,1011
259,1023,0,117,952,0,700,911,305,684,709,432,420,305,1011
486,1023,0,339,1023,0,804,1023,306,799,709,786,773,305,1011
364,1023,0,158,1023,0,749,967,306,738,709,760,755,305,1011
308,1023,0,144,1023,0,257,349,305,320,710,754,750,305,1011
303,1023,0,102,892,0,270,323,305,309,710,391,385,305,1011
315,1023,0,153,1023,0,606,780,305,579,710,409,456,305,1011
369,1023,0,201,1023,0,581,735,305,557,710,525,489,305,1011
678,1023,0,561,1023,0,861,1023,306,860,710,785,760,305,1011
292,1023,0,171,1023,0,675,876,305,657,710,764,755,305,1011
432,1023,0,270,1023,0,646,805,305,624,710,762,751,305,1011
620,1023,0,494,1023,0,767,962,306,755,710,799,780,305,1011
626,1023,0,295,1023,0,825,1023,306,820,710,793,785,305,1011
490,1023,0,342,1023,0,841,1023,306,837,710,778,764,305,1014
779,1023,0,430,1023,0,666,822,305,644,710,782,760,305,1014
614,1023,0,475,1023,0,774,979,306,761,710,800,784,305,1014
428,1023,0,179,978,0,753,957,306,742,710,766,762,305,1014
526,1023,0,376,1023,0,377,374,305,416,710,799,774,305,1014
605,1023,0,294,1023,0,728,916,305,714,710,770,759,305,1014
397,1023,0,188,1023,0,432,464,305,435,710,777,772,305,1014
499,1023,0,307,1023,0,603,761,305,574,710,820,807,305,1014
539,1023,0,254,1023,0,625,776,305,599,710,755,759,305,1014
513,1023,0,509,1023,0,787,999,306,779,710,779,766,305,1014
463,1023,0,267,1023,0,605,731,305,579,710,747,728,305,1014
285,1023,0,246,1023,0,696,901,305,681,710,705,694,305,1014
404,1023,0,263,1023,0,591,737,305,568,710,764,753,305,1014
334,1023,0,445,1023,0,323,344,305,333,710,527,491,305,1014
301,1023,0,320,1023,0,369,389,305,419,710,472,439,305,1014
366,1023,0,215,1023,0,652,828,305,629,710,540,499,305,1014
253,1023,0,105,898,0,232,317,305,283,710,457,434,305,1017
388,1023,0,150,995,0,649,831,305,629,710,470,448,305,1017
444,1023,0,221,1023,0,705,896,305,684,710,763,748,305,1017
648,1023,0,483,1023,0,593,727,305,577,710,789,769,305,1017
447,1023,0,193,1023,0,690,879,305,671,710,771,762,305,1017
393,1023,0,191,1023,0,724,930,306,708,710,786,775,305,1017
406,1023,0,186,1023,0,598,755,305,568,710,775,769,305,1017
529,1023,0,302,1023,0,763,955,306,753,710,832,803,305,1017
770,1023,0,468,1023,0,740,918,306,725,710,800,762,305,1017
472,1023,0,232,1023,0,554,688,305,527,710,768,759,305,1017
674,1023,0,346,1023,0,397,380,305,405,710,771,753,305,1017
761,1023,0,560,1023,0,677,836,305,657,710,825,805,305,1017
620,1023,0,372,1023,0,616,747,305,594,710,796,774,305,1017
412,1023,0,486,1023,0,755,913,306,747,710,798,758,305,1017
339,1023,0,284,1023,0,700,875,305,678,710,764,746,305,1017
558,1023,0,269,1023,0,796,1012,306,789,710,766,754,305,1017
662,1023,0,502,1023,0,742,900,305,731,710,797,754,305,1017
459,1023,0,245,1023,0,514,611,305,486,710,772,768,305,1021
348,1023,0,206,1023,0,740,950,306,729,710,779,764,305,1021
546,1023,0,405,1023,0,458,492,305,478,710,769,758,305,1021
564,1023,0,262,1023,0,712,885,305,697,710,772,758,305,1021
506,1023,0,263,1023,0,638,799,305,613,710,551,497,305,1021
542,1023,0,221,1023,0,631,775,305,607,710,772,756,305,1021
312,1023,0,113,858,0,623,805,305,595,710,753,743,305,1021
334,1023,0,180,1023,0,529,651,305,503,710,773,761,305,1021
540,1023,0,256,1023,0,691,878,305,673,710,785,774,305,1021
556,1023,0,310,1023,0,653,822,305,628,710,773,761,305,1021
358,1023,0,273,1023,0,660,816,305,636,710,732,721,305,1021
276,1023,0,95,769,0,535,682,305,502,710,421,417,305,1021
587,1023,0,436,1023,0,805,1017,306,799,710,815,793,305,1021
522,1023,0,304,1023,0,749,951,306,737,710,782,762,305,1021
267,1023,0,151,1023,0,563,711,305,533,710,438,416,305,1021
760,1023,0,501,1023,0,777,967,306,766,710,804,779,305,1021
579,1023,0,300,1023,0,814,1023,306,809,711,773,760,305,1021
279,1023,0,86,754,0,623,807,305,596,711,402,391,305,1021
382,1023,0,199,1023,0,444,481,305,413,711,427,388,305,1021
333,1023,0,279,1023,0,755,970,306,745,711,780,766,305,1021
401,1023,0,238,1023,0,741,946,306,731,711,773,766,305,1021
441,1023,0,284,1023,0,825,1023,306,822,711,770,762,305,1021
269,1023,0,87,596,0,474,565,305,432,711,368,361,305,1021
652,1023,0,455,1023,0,833,1023,306,830,711,795,774,305,1023
440,1023,0,222,1023,0,589,732,305,563,711,772,759,305,1023
431,1023,0,373,1023,0,603,728,305,640,711,775,760,305,1023
535,1023,0,295,1023,0,671,840,305,648,711,780,770,305,1023
341,1023,0,178,1023,0,767,991,306,758,711,769,767,305,1023
501,1023,0,391,1023,0,741,928,306,730,711,776,759,305,1023
