"FSC-A","FSC-H","FSC-W","SSC-A","SSC-H","SSC-W","BL1-A","BL1-H","BL1-W","BL2-A","Event","VL1-A","VL1-H","VL1-W","Time"
392,1023,0,290,1023,0,442,417,305,426,305,739,728,305,0
354,1023,0,156,1023,0,790,1023,306,785,305,660,647,305,0
262,1023,0,126,942,0,493,599,305,469,305,695,688,305,0
535,1023,0,541,1023,0,800,1008,306,796,305,795,785,305,0
364,1023,0,167,1023,0,373,382,305,361,305,666,657,305,0
407,1023,0,236,1023,0,561,688,305,540,306,708,698,305,0
318,1023,0,197,1023,0,555,682,305,531,306,682,671,305,0
352,1023,0,297,1023,0,578,725,305,552,306,735,726,305,0
616,1023,0,483,1023,0,600,724,305,576,306,758,743,305,0
682,1023,0,483,1023,0,637,788,305,614,306,776,759,305,0
302,1023,0,168,1023,0,354,346,305,336,306,650,636,305,0
390,1023,0,232,1023,0,831,1023,306,830,306,764,752,305,0
317,1023,0,125,894,0,523,633,305,494,306,710,704,305,0
711,1023,0,408,1023,0,656,814,305,633,306,777,760,305,0
410,1023,0,299,1023,0,596,753,305,570,307,756,740,305,0
449,1023,0,341,1023,0,522,613,305,505,307,745,725,305,0
429,1023,0,235,1023,0,542,650,305,513,307,729,719,305,0
324,1023,0,155,1023,0,414,429,305,399,307,664,655,305,0
339,1023,0,272,1023,0,367,387,305,383,307,705,690,305,0
328,1023,0,91,665,0,619,798,305,594,307,676,669,305,0
443,1023,0,149,894,0,484,532,305,456,307,719,709,305,0
444,1023,0,218,1023,0,428,426,305,411,307,714,693,305,0
431,1023,0,251,1023,0,333,379,305,355,307,709,694,305,0
392,1023,0,192,1023,0,354,375,305,368,307,697,693,305,0
319,1023,0,220,1023,0,510,614,305,492,307,692,684,305,0
427,1023,0,204,1023,0,469,521,305,456,307,749,730,305,0
444,1023,0,275,1023,0,471,525,305,453,308,737,730,305,0
514,1023,0,271,1023,0,483,530,305,462,308,730,711,305,0
344,1023,0,201,1023,0,524,644,305,491,308,725,719,305,0
519,1023,0,408,1023,0,410,412,305,433,308,779,755,305,0
393,1023,0,208,1023,0,541,669,305,515,308,724,715,305,0
534,1023,0,327,1023,0,667,839,305,651,308,745,732,305,0
354,1023,0,232,1023,0,626,791,305,607,308,652,639,305,0
404,1023,0,251,1023,0,482,547,305,465,308,730,703,305,0
357,1023,0,204,1023,0,476,551,305,446,308,653,641,305,0
385,1023,0,166,1023,0,788,1021,306,782,308,685,679,305,0
490,1023,0,425,1023,0,432,438,305,444,308,776,763,305,0
363,1023,0,285,1023,0,644,810,305,622,308,789,766,305,0
435,1023,0,285,1023,0,525,601,305,503,308,784,769,305,0
379,1023,0,184,1023,0,467,453,305,447,308,691,674,305,0
512,1023,0,297,1023,0,584,724,305,559,309,749,739,305,0
398,1023,0,203,1023,0,536,664,305,510,309,744,737,305,0
494,1023,0,220,1023,0,421,423,305,399,309,703,680,305,0
668,1023,0,561,1023,0,610,742,305,589,309,805,774,305,0
303,1023,0,122,910,0,733,954,306,723,309,680,672,305,0
431,1023,0,237,1023,0,363,372,305,395,309,660,648,305,0
395,1023,0,309,1023,0,453,453,305,448,309,698,688,305,0
303,1023,0,140,992,0,724,939,306,713,309,694,680,305,0
405,1023,0,271,1023,0,411,396,305,396,309,733,703,305,0
529,1023,0,517,1023,0,446,454,305,448,309,705,703,305,0
371,1023,0,316,1023,0,817,1023,306,815,309,752,745,305,0
481,1023,0,258,1023,0,719,918,305,707,309,739,720,305,0
496,1023,0,263,1023,0,660,836,305,641,309,721,693,305,0
670,1023,0,561,1023,0,771,985,306,761,309,820,801,305,0
445,1023,0,303,1023,0,570,706,305,549,309,754,739,305,0
443,1023,0,307,1023,0,542,662,305,511,309,746,731,305,0
384,1023,0,187,1023,0,519,622,305,500,310,694,677,305,0
444,1023,0,254,1023,0,730,934,306,719,310,769,747,305,0
522,1023,0,551,1023,0,436,428,305,451,310,791,764,305,0
339,1023,0,258,1023,0,588,743,305,562,310,751,739,305,0
373,1023,0,270,1023,0,603,762,305,578,310,749,733,305,0
316,1023,0,185,1023,0,430,406,305,410,310,690,679,305,0
610,1023,0,359,1023,0,552,661,305,528,310,760,750,305,0
368,1023,0,164,1023,0,678,867,305,662,310,730,722,305,0
393,1023,0,147,970,0,479,548,305,457,310,709,702,305,0
410,1023,0,149,1023,0,365,374,305,362,310,708,704,305,0
315,1023,0,152,1023,0,566,712,305,533,310,714,702,305,0
410,1023,0,153,1006,0,677,864,305,661,310,712,700,305,0
494,1023,0,278,1023,0,533,637,305,507,311,759,744,305,0
348,1023,0,122,909,0,352,362,305,340,311,659,650,305,0
489,1023,0,271,1023,0,613,770,305,586,311,793,785,305,0
377,1023,0,224,1023,0,352,366,305,345,311,727,720,305,0
264,1023,0,138,1023,0,755,984,306,748,311,707,701,305,0
320,1023,0,155,1023,0,372,354,305,387,311,699,693,305,0
469,1023,0,418,1023,0,641,804,305,625,311,755,737,305,0
503,1023,0,342,1023,0,527,618,305,505,311,732,724,305,0
327,1023,0,164,1023,0,370,360,305,343,311,647,634,305,0
312,1023,0,132,975,0,547,688,305,519,311,701,693,305,0
330,1023,0,171,1023,0,697,900,305,683,311,684,674,305,0
324,1023,0,285,1023,0,594,748,305,569,311,722,714,305,0
577,1023,0,369,1023,0,588,727,305,563,311,770,752,305,0
407,1023,0,244,1023,0,405,402,305,406,311,742,732,305,0
578,1023,0,438,1023,0,768,968,306,761,311,782,764,305,0
372,1023,0,171,1023,0,510,611,305,473,311,717,712,305,0
300,1023,0,236,1023,0,517,628,305,494,311,721,715,305,0
540,1023,0,212,1023,0,700,891,305,686,311,758,723,305,0
312,1023,0,269,1023,0,510,595,305,484,311,751,744,305,0
368,1023,0,222,1023,0,388,386,305,381,312,711,696,305,0
299,1023,0,204,1023,0,366,360,305,356,312,690,682,305,0
337,1023,0,143,1023,0,485,571,305,451,312,695,690,305,0
470,1023,0,275,1023,0,488,551,305,457,312,730,709,305,0
515,1023,0,342,1023,0,541,658,305,522,312,724,701,305,0
400,1023,0,209,1023,0,669,860,305,650,312,763,755,305,0
684,1023,0,584,1023,0,767,986,306,758,312,810,741,305,6
463,1023,0,419,1023,0,481,446,305,476,312,789,774,305,6
476,1023,0,286,1023,0,373,388,305,403,312,751,744,305,6
594,1023,0,491,1023,0,637,792,305,614,312,804,768,305,6
429,1023,0,205,1023,0,580,727,305,552,312,729,716,305,6
314,1023,0,137,1023,0,630,811,305,605,312,695,689,305,6
627,1023,0,527,1023,0,477,473,305,469,312,777,737,305,6
281,1023,0,199,1023,0,625,798,305,640,313,731,709,305,6
450,1023,0,211,1023,0,777,995,306,769,313,713,696,305,6
750,1023,0,581,1023,0,603,716,305,580,313,813,772,305,6
303,1023,0,113,893,0,435,459,305,417,313,594,594,305,6
404,1023,0,176,1023,0,526,638,305,497,313,683,673,305,6
541,1023,0,346,1023,0,810,1023,306,806,313,742,731,305,6
357,1023,0,152,1023,0,357,367,305,341,313,681,668,305,6
690,1023,0,555,1023,0,443,439,305,448,313,791,718,305,6
432,1023,0,229,1023,0,802,1023,306,798,313,727,714,305,6
308,1023,0,157,1023,0,412,388,305,394,313,656,642,305,6
355,1023,0,183,1023,0,526,642,305,493,313,731,719,305,6
676,1023,0,319,1023,0,782,999,306,776,313,771,756,305,6
485,1023,0,312,1023,0,781,984,306,774,313,765,747,305,6
375,1023,0,233,1023,0,600,760,305,580,313,731,718,305,6
278,1023,0,183,1023,0,430,445,305,395,313,673,667,305,6
339,1023,0,199,1023,0,519,634,305,494,314,754,745,305,6
302,1023,0,150,1023,0,667,863,305,649,314,685,671,305,6
258,1023,0,164,1023,0,482,528,305,458,314,709,695,305,6
351,1023,0,300,1023,0,355,364,305,365,314,727,714,305,6
564,1023,0,452,1023,0,691,865,305,673,314,788,775,305,6
431,1023,0,213,1023,0,634,809,305,610,314,741,726,305,6
344,1023,0,156,1023,0,593,751,305,565,314,720,715,305,6
340,1023,0,220,1023,0,647,828,305,624,314,711,703,305,6
395,1023,0,318,1023,0,769,979,306,761,314,744,736,305,6
556,1023,0,370,1023,0,573,694,305,547,315,783,763,305,6
523,1023,0,255,1023,0,817,1023,306,814,315,670,657,305,6
273,1023,0,205,957,0,624,756,305,621,315,795,772,305,6
463,1023,0,234,1023,0,435,394,305,423,315,693,684,305,6
460,1023,0,275,1023,0,509,599,305,482,315,724,710,305,6
369,1023,0,121,924,0,433,404,305,418,315,633,606,305,6
441,1023,0,180,1023,0,580,725,305,553,315,723,712,305,6
456,1023,0,238,1023,0,879,1023,306,883,315,728,713,305,6
380,1023,0,234,1023,0,793,1019,306,788,315,754,742,305,6
425,1023,0,293,1023,0,521,624,305,502,315,743,723,305,6
409,1023,0,185,1023,0,292,351,305,390,315,720,701,305,6
447,1023,0,340,1023,0,486,563,305,467,315,750,729,305,6
377,1023,0,235,1023,0,753,972,306,745,315,694,680,305,6
277,1023,0,138,1023,0,413,406,305,402,315,696,692,305,6
332,1023,0,208,1023,0,599,766,305,572,315,683,673,305,6
312,1023,0,196,1023,0,537,657,305,503,315,737,721,305,6
470,1023,0,424,1023,0,594,739,305,578,316,755,740,305,6
369,1023,0,165,1023,0,741,948,306,732,316,728,719,305,6
651,1023,0,429,1023,0,766,956,306,756,316,779,761,305,6
519,1023,0,221,1023,0,397,396,305,391,316,761,727,305,6
423,1023,0,229,1023,0,756,963,306,747,316,736,725,305,6
323,1023,0,180,1023,0,667,860,305,652,316,715,711,305,6
412,1023,0,214,1023,0,729,938,306,721,316,737,729,305,6
539,1023,0,377,1023,0,680,857,305,658,316,748,731,305,6
783,1023,0,648,1023,0,593,704,305,573,316,784,764,305,6
354,1023,0,150,1023,0,453,471,305,428,316,658,651,305,6
383,1023,0,190,1023,0,769,991,306,762,316,709,700,305,6
429,1023,0,264,1023,0,535,649,305,510,317,679,662,305,6
462,1023,0,188,969,0,510,585,305,486,317,708,690,305,6
377,1023,0,232,1023,0,346,354,305,359,317,705,697,305,6
384,1023,0,288,1023,0,376,361,305,379,317,679,668,305,6
394,1023,0,224,1023,0,494,584,305,469,317,669,660,305,6
375,1023,0,190,1023,0,573,721,305,547,317,734,731,305,6
275,1023,0,135,1023,0,545,690,305,514,317,702,690,305,6
488,1023,0,452,1023,0,540,653,305,520,317,772,750,305,6
378,1023,0,242,1023,0,544,665,305,517,317,703,683,305,6
482,1023,0,403,1023,0,738,944,306,731,317,758,744,305,6
262,1023,0,121,986,0,559,719,305,531,317,478,477,305,6
388,1023,0,187,1023,0,435,394,305,439,317,661,634,305,6
521,1023,0,396,1023,0,737,920,306,727,317,796,783,305,6
598,1023,0,377,1023,0,729,908,305,717,318,787,761,305,6
563,1023,0,343,1023,0,435,418,305,429,318,756,743,305,6
320,1023,0,123,957,0,438,488,305,421,318,597,586,305,6
430,1023,0,234,1023,0,552,685,305,526,318,698,691,305,6
323,1023,0,89,659,0,435,493,305,413,318,683,672,305,6
254,1023,0,210,1023,0,374,387,305,368,318,618,615,305,6
390,1023,0,219,1023,0,572,711,305,546,318,719,711,305,6
372,1023,0,193,1023,0,635,819,305,609,318,753,746,305,6
417,1023,0,185,1023,0,497,560,305,475,318,726,709,305,12
409,1023,0,157,1023,0,323,365,305,343,318,696,683,305,12
726,1023,0,387,1023,0,813,1017,306,809,318,788,769,305,12
367,1023,0,161,1023,0,496,584,305,463,319,671,665,305,12
462,1023,0,181,1023,0,597,741,305,570,319,731,718,305,12
479,1023,0,400,1023,0,625,788,305,604,319,734,714,305,12
356,1023,0,226,1023,0,586,741,305,559,319,718,709,305,12
461,1023,0,233,1023,0,408,404,305,416,319,744,728,305,12
541,1023,0,546,1023,0,550,650,305,534,319,795,775,305,12
392,1023,0,204,1023,0,410,401,305,408,319,738,715,305,12
489,1023,0,464,1023,0,668,838,305,654,319,777,752,305,12
384,1023,0,152,1023,0,472,511,305,450,319,691,683,305,12
406,1023,0,226,1023,0,539,663,305,507,319,683,672,305,12
502,1023,0,217,1023,0,605,758,305,582,319,671,657,305,12
312,1023,0,129,888,0,592,756,305,567,319,721,711,305,12
467,1023,0,227,1023,0,426,414,305,415,319,725,715,305,12
467,1023,0,224,1023,0,605,757,305,581,319,771,758,305,12
426,1023,0,180,1023,0,593,732,305,567,319,712,685,305,12
462,1023,0,403,1023,0,551,663,305,528,320,755,745,305,12
428,1023,0,219,1023,0,622,789,305,601,320,691,673,305,12
393,1023,0,193,1023,0,359,365,305,337,320,678,669,305,12
326,1023,0,103,728,0,588,750,305,564,320,646,643,305,12
351,1023,0,172,1023,0,621,793,305,594,320,707,697,305,12
315,1023,0,164,1023,0,527,657,305,498,320,667,657,305,12
384,1023,0,208,1023,0,496,575,305,467,320,726,713,305,12
347,1023,0,128,896,0,504,597,305,471,320,689,681,305,12
360,1023,0,155,1023,0,540,671,305,508,320,659,649,305,12
338,1023,0,149,1023,0,532,666,305,500,320,674,658,305,12
593,1023,0,315,1023,0,867,1023,307,870,320,735,714,305,12
356,1023,0,220,1023,0,589,748,305,559,320,720,703,305,12
377,1023,0,261,1023,0,538,662,305,512,320,727,717,305,12
457,1023,0,339,1023,0,414,390,305,428,320,736,723,305,12
367,1023,0,186,1023,0,558,698,305,526,321,702,690,305,12
313,1023,0,168,1023,0,547,685,305,519,321,746,744,305,12
386,1023,0,188,1023,0,492,555,305,459,321,704,685,305,12
522,1023,0,254,1023,0,432,416,305,429,321,700,657,305,12
361,1023,0,182,1023,0,636,812,305,613,321,700,689,305,12
347,1023,0,303,1023,0,565,706,305,535,321,684,659,305,12
617,1023,0,321,1023,0,598,762,305,575,321,686,662,305,12
314,1023,0,169,1023,0,618,790,305,592,321,707,701,305,12
389,1023,0,379,1023,0,405,402,305,443,321,740,723,305,12
436,1023,0,263,1023,0,701,896,305,684,321,770,765,305,12
413,1023,0,248,1023,0,515,609,305,488,321,725,710,305,12
501,1023,0,637,1023,0,701,878,305,689,321,765,743,305,12
290,1023,0,149,1023,0,514,617,305,494,321,694,689,305,12
324,1023,0,125,862,0,743,963,306,734,321,694,685,305,12
337,1023,0,229,1023,0,436,428,305,417,321,687,677,305,12
315,1023,0,173,1023,0,531,653,305,510,321,641,634,305,12
382,1023,0,178,1023,0,487,568,305,454,321,661,651,305,12
626,1023,0,353,1023,0,403,401,305,411,321,761,703,305,12
481,1023,0,341,1023,0,678,856,305,655,321,751,743,305,12
470,1023,0,309,1023,0,604,744,305,583,322,769,751,305,12
540,1023,0,493,1023,0,496,566,305,478,322,750,752,305,12
325,1023,0,127,895,0,604,774,305,578,322,699,693,305,12
302,1023,0,222,1023,0,603,769,305,578,322,744,717,305,12
712,1023,0,496,1023,0,823,1023,306,821,322,764,743,305,12
427,1023,0,288,1023,0,658,837,305,635,322,719,707,305,12
420,1023,0,247,1023,0,413,392,305,412,322,763,748,305,12
515,1023,0,295,1023,0,578,694,305,554,322,755,732,305,12
313,1023,0,177,1023,0,457,484,305,431,322,701,700,305,12
598,1023,0,503,1023,0,509,562,305,496,322,756,742,305,12
424,1023,0,219,1023,0,650,828,305,624,322,758,748,305,12
419,1023,0,299,1023,0,389,380,305,380,322,703,715,305,12
301,1023,0,151,1023,0,525,645,305,497,322,685,680,305,12
506,1023,0,237,1023,0,740,944,306,729,322,728,716,305,12
390,1023,0,261,1023,0,416,440,305,415,322,758,738,305,12
450,1023,0,219,1023,0,365,372,305,364,323,677,663,305,12
348,1023,0,161,1023,0,619,796,305,593,323,706,703,305,12
406,1023,0,190,1023,0,420,405,305,430,323,730,718,305,12
386,1023,0,177,1023,0,561,695,305,541,323,692,677,305,12
546,1023,0,431,1023,0,684,851,305,705,323,793,752,305,12
345,1023,0,191,1023,0,376,382,305,374,323,699,682,305,12
338,1023,0,219,1023,0,629,807,305,606,323,746,739,305,12
579,1023,0,292,1023,0,818,1023,306,815,323,778,765,305,12
787,1023,0,639,1023,0,652,803,305,630,323,811,785,305,12
467,1023,0,427,1023,0,648,810,305,625,323,773,764,305,12
438,1023,0,294,1023,0,755,961,306,748,323,752,743,305,12
510,1023,0,397,1023,0,765,986,306,758,323,777,763,305,12
330,1023,0,156,1023,0,408,636,305,411,323,717,708,305,12
586,1023,0,325,1023,0,597,728,305,578,323,807,789,305,12
301,1023,0,171,1023,0,402,382,305,383,323,642,633,305,12
299,1023,0,125,1000,0,528,649,305,500,323,668,663,305,12
806,1023,0,499,1023,0,718,896,305,704,323,777,761,305,12
373,1023,0,177,1023,0,655,838,305,637,323,690,672,305,12
459,1023,0,298,1023,0,409,392,305,415,324,746,737,305,12
553,1023,0,521,1023,0,422,410,305,439,324,766,731,305,12
419,1023,0,331,1023,0,556,692,305,527,324,787,777,305,12
565,1023,0,258,1023,0,595,735,305,570,324,767,775,305,12
320,1023,0,211,1023,0,514,621,305,486,324,627,649,305,12
462,1023,0,254,1023,0,710,907,305,696,324,757,740,305,12
261,1023,0,89,695,0,293,350,305,322,324,600,599,305,12
523,1023,0,322,1023,0,523,623,305,497,324,746,732,305,12
421,1023,0,232,1023,0,494,517,305,485,324,687,628,305,12
540,1023,0,384,1023,0,546,655,305,526,324,704,676,305,12
596,1023,0,356,1023,0,660,835,305,642,324,773,760,305,12
353,1023,0,156,1023,0,557,694,305,531,325,678,662,305,12
452,1023,0,389,1023,0,499,574,305,479,325,757,746,305,12
660,1023,0,342,1023,0,443,446,305,439,325,772,746,305,12
307,1023,0,130,928,0,448,500,305,413,325,702,700,305,12
312,1023,0,136,1023,0,361,360,305,291,325,655,650,305,12
382,1023,0,165,1023,0,585,730,305,557,325,731,720,305,12
387,1023,0,220,1023,0,643,817,305,622,325,747,734,305,12
420,1023,0,172,1023,0,598,745,305,573,325,718,708,305,12
491,1023,0,266,1023,0,367,380,305,359,325,711,691,305,12
714,1023,0,406,1023,0,456,459,305,452,325,783,739,305,12
390,1023,0,173,1023,0,500,588,305,472,325,706,695,305,12
428,1023,0,244,1023,0,539,648,305,513,325,752,744,305,12
425,1023,0,203,1023,0,584,729,305,556,326,743,738,305,12
331,1023,0,142,1023,0,435,461,305,404,326,707,698,305,12
482,1023,0,370,1023,0,664,828,305,643,326,761,744,305,12
385,1023,0,397,1023,0,493,564,305,471,326,800,773,305,12
448,1023,0,441,1023,0,593,739,305,571,326,744,730,305,12
352,1023,0,392,1023,0,389,393,305,394,326,717,708,305,12
466,1023,0,321,1023,0,436,446,305,415,326,731,702,305,12
724,1023,0,499,1023,0,419,411,305,461,326,752,731,305,17
418,1023,0,295,1023,0,367,382,305,403,326,733,718,305,17
371,1023,0,202,1023,0,567,710,305,532,326,706,692,305,17
369,1023,0,161,1023,0,543,674,305,516,326,683,675,305,17
320,1023,0,128,946,0,497,600,305,467,326,659,651,305,17
414,1023,0,148,996,0,582,733,305,553,326,677,667,305,17
320,1023,0,155,1023,0,380,395,305,386,327,712,705,305,17
339,1023,0,161,1023,0,460,520,305,428,327,693,684,305,17
287,1023,0,68,581,0,355,346,305,334,327,454,426,305,17
381,1023,0,292,1023,0,802,1023,306,798,327,724,713,305,17
245,1023,0,115,920,0,697,909,305,683,327,701,696,305,17
414,1023,0,394,1023,0,605,760,305,580,327,740,730,305,17
486,1023,0,261,1023,0,601,755,305,576,327,734,723,305,17
346,1023,0,193,1023,0,565,706,305,533,327,739,734,305,17
621,1023,0,400,1023,0,533,617,305,511,327,755,746,305,17
443,1023,0,253,1023,0,402,404,305,399,327,728,715,305,17
436,1023,0,250,1023,0,735,944,306,724,327,713,704,305,17
564,1023,0,438,1023,0,401,413,305,422,327,752,738,305,17
313,1023,0,108,807,0,476,537,305,446,327,647,638,305,17
610,1023,0,615,1023,0,708,896,305,696,327,750,737,305,17
508,1023,0,464,1023,0,751,951,306,742,327,770,747,305,17
430,1023,0,377,1023,0,589,729,305,568,327,748,736,305,17
381,1023,0,175,1023,0,633,804,305,609,327,729,719,305,17
315,1023,0,173,1023,0,754,972,306,747,327,713,707,305,17
286,1023,0,172,1023,0,380,388,305,374,328,637,633,305,17
440,1023,0,280,1023,0,562,691,305,539,328,749,732,305,17
313,1023,0,142,1023,0,509,624,305,469,328,665,661,305,17
361,1023,0,168,1023,0,411,399,305,404,328,666,652,305,17
436,1023,0,228,1023,0,550,676,305,529,328,679,681,305,17
375,1023,0,231,1023,0,585,735,305,556,328,712,702,305,17
439,1023,0,324,1023,0,615,807,305,597,328,755,732,305,17
462,1023,0,196,1023,0,611,752,305,584,328,741,726,305,17
351,1023,0,152,1023,0,720,934,306,709,328,712,708,305,17
341,1023,0,133,1016,0,463,508,305,423,328,716,686,305,17
349,1023,0,197,1023,0,292,345,305,293,328,721,717,305,17
540,1023,0,413,1023,0,751,952,306,742,329,777,763,305,17
424,1023,0,277,1023,0,498,540,305,472,329,707,699,305,17
515,1023,0,240,1023,0,756,953,306,748,329,762,745,305,17
393,1023,0,157,1023,0,517,626,305,490,329,757,733,305,17
378,1023,0,315,1023,0,553,689,305,527,329,715,704,305,17
315,1023,0,295,1023,0,652,832,305,634,329,771,760,305,17
427,1023,0,307,1023,0,349,382,305,359,329,699,683,305,17
323,1023,0,136,995,0,460,511,305,444,329,670,658,305,17
429,1023,0,254,1023,0,617,781,305,596,329,704,694,305,17
436,1023,0,418,1023,0,758,971,306,750,329,728,712,305,17
449,1023,0,263,1023,0,625,796,305,601,330,767,760,305,17
488,1023,0,489,1023,0,408,389,305,429,330,732,714,305,17
432,1023,0,479,1023,0,451,448,305,444,330,746,718,305,17
277,1023,0,128,910,0,627,804,305,601,330,675,669,305,17
426,1023,0,329,1023,0,454,416,305,452,330,705,692,305,17
388,1023,0,265,1023,0,609,760,305,584,330,761,747,305,17
605,1023,0,422,1023,0,420,433,305,432,330,762,744,305,17
551,1023,0,276,1023,0,531,631,305,498,330,749,730,305,17
652,1023,0,431,1023,0,569,687,305,541,330,795,783,305,17
320,1023,0,474,1023,0,761,972,306,752,330,753,742,305,17
422,1023,0,195,1023,0,714,915,305,703,330,708,699,305,17
330,1023,0,145,1023,0,393,391,305,369,330,653,643,305,17
321,1023,0,153,1023,0,527,664,305,498,330,708,686,305,17
383,1023,0,222,1023,0,673,858,305,658,330,718,706,305,17
400,1023,0,202,1023,0,420,399,305,410,331,674,654,305,17
413,1023,0,185,1023,0,839,1023,306,840,331,743,734,305,17
412,1023,0,238,1023,0,398,385,305,407,331,711,702,305,17
282,1023,0,138,1023,0,486,587,305,450,331,672,668,305,17
347,1023,0,222,1023,0,500,584,305,472,331,678,660,305,17
569,1023,0,363,1023,0,526,595,305,513,331,740,714,305,17
337,1023,0,172,1023,0,478,542,305,456,331,650,642,305,17
363,1023,0,171,1023,0,507,594,305,491,331,710,701,305,17
643,1023,0,328,1023,0,620,745,305,596,331,761,716,305,17
252,1023,0,129,995,0,574,728,305,546,331,664,658,305,17
306,1023,0,207,1023,0,530,654,305,507,331,730,721,305,17
460,1023,0,353,1023,0,487,511,305,467,331,790,777,305,17
322,1023,0,120,880,0,385,369,305,401,331,643,630,305,17
371,1023,0,224,1023,0,378,369,305,392,332,761,753,305,17
439,1023,0,222,1023,0,414,389,305,404,332,709,699,305,17
377,1023,0,219,1023,0,472,469,305,462,332,702,700,305,17
325,1023,0,161,1023,0,706,912,305,694,332,692,675,305,17
292,1023,0,149,1023,0,550,694,305,520,332,671,665,305,17
250,1023,0,139,1023,0,685,890,305,669,332,695,687,305,17
442,1023,0,190,1023,0,702,891,305,690,332,748,738,305,17
446,1023,0,329,1023,0,834,1023,306,833,332,639,610,305,17
358,1023,0,128,771,0,631,803,305,608,332,679,674,305,17
356,1023,0,144,1023,0,384,373,305,383,332,647,635,305,17
495,1023,0,339,1023,0,815,1023,306,811,332,719,703,305,17
304,1023,0,138,913,0,526,655,305,500,332,671,660,305,17
367,1023,0,246,1023,0,475,555,305,451,332,703,688,305,17
581,1023,0,337,1023,0,535,636,305,509,332,758,750,305,17
729,1023,0,521,1023,0,801,1020,306,797,332,790,763,305,17
509,1023,0,297,1023,0,532,637,305,507,332,746,721,305,17
317,1023,0,136,981,0,543,676,305,510,332,698,690,305,17
368,1023,0,220,1023,0,761,981,306,753,333,740,729,305,23
366,1023,0,203,1023,0,581,738,305,555,333,709,695,305,23
520,1023,0,327,1023,0,670,842,305,653,333,754,741,305,23
310,1023,0,157,1023,0,116,359,305,314,333,660,658,305,23
430,1023,0,264,1023,0,510,613,305,479,333,725,707,305,23
262,1023,0,95,758,0,496,609,305,466,333,663,659,305,23
528,1023,0,281,1023,0,509,599,305,480,333,743,726,305,23
300,1023,0,138,1022,0,384,363,305,382,333,577,569,305,23
222,1023,0,115,925,0,722,945,306,710,333,690,691,305,23
496,1023,0,291,1023,0,496,558,305,476,333,746,728,305,23
382,1023,0,190,1023,0,356,355,305,351,333,677,666,305,23
430,1023,0,263,1023,0,432,449,305,411,333,744,735,305,23
383,1023,0,136,942,0,512,622,305,488,333,712,694,305,23
462,1023,0,324,1023,0,406,399,305,421,333,706,692,305,23
382,1023,0,191,1023,0,428,421,305,414,333,703,692,305,23
335,1023,0,225,1023,0,386,369,305,379,333,743,733,305,23
435,1023,0,278,1023,0,447,442,305,443,334,743,728,305,23
281,1023,0,322,1023,0,420,422,305,427,334,702,692,305,23
353,1023,0,221,1023,0,622,800,305,597,334,722,709,305,23
435,1023,0,215,1023,0,569,706,305,543,334,741,732,305,23
393,1023,0,190,1023,0,517,621,305,487,334,681,664,305,23
417,1023,0,504,1023,0,587,723,305,561,334,748,736,305,23
545,1023,0,387,1023,0,725,918,306,714,334,792,783,305,23
230,1023,0,131,1023,0,345,350,305,341,334,469,455,305,23
378,1023,0,238,1023,0,648,829,305,628,334,706,692,305,23
452,1023,0,198,1023,0,514,613,305,485,334,717,706,305,23
519,1023,0,463,1023,0,551,663,305,525,334,792,776,305,23
389,1023,0,212,1023,0,616,782,305,589,334,689,671,305,23
417,1023,0,190,1023,0,467,488,305,444,334,698,687,305,23
424,1023,0,270,1023,0,531,579,305,515,335,748,738,305,23
566,1023,0,288,1023,0,723,924,306,710,335,784,754,305,23
434,1023,0,212,1023,0,367,355,305,356,335,715,706,305,23
357,1023,0,120,797,0,601,762,305,582,335,692,687,305,23
454,1023,0,320,1023,0,460,477,305,436,335,713,687,305,23
537,1023,0,392,1023,0,422,406,305,436,335,742,726,305,23
331,1023,0,141,1023,0,465,502,305,441,335,678,671,305,23
484,1023,0,253,1023,0,393,386,305,397,335,716,694,305,23
473,1023,0,192,1023,0,577,719,305,550,335,717,709,305,23
375,1023,0,200,1023,0,508,594,305,478,335,666,658,305,23
452,1023,0,251,1023,0,398,382,305,409,335,746,730,305,23
387,1023,0,231,1023,0,460,483,305,433,335,749,740,305,23
477,1023,0,296,1023,0,469,510,305,467,335,751,732,305,23
420,1023,0,238,1023,0,521,627,305,498,335,695,686,305,23
455,1023,0,526,1023,0,660,831,305,638,335,715,686,305,23
606,1023,0,473,1023,0,545,646,305,529,335,779,751,305,23
695,1023,0,486,1023,0,567,663,305,547,335,772,751,305,23
431,1023,0,315,1023,0,652,827,305,627,335,745,738,305,23
325,1023,0,174,1023,0,433,388,305,426,336,694,671,305,23
343,1023,0,125,894,0,405,377,305,394,336,698,693,305,23
492,1023,0,277,1023,0,648,826,305,631,336,751,732,305,23
512,1023,0,267,1023,0,532,638,305,507,336,714,670,305,23
581,1023,0,297,1023,0,598,735,305,574,336,746,726,305,23
349,1023,0,216,1023,0,422,401,305,417,336,703,684,305,23
463,1023,0,336,1023,0,481,513,305,458,336,733,731,305,23
385,1023,0,180,1023,0,275,368,305,359,336,653,643,305,23
462,1023,0,208,1023,0,630,795,305,606,336,738,724,305,23
386,1023,0,254,1023,0,678,868,305,663,336,710,701,305,23
369,1023,0,233,1023,0,451,416,305,440,336,690,660,305,23
496,1023,0,469,1023,0,526,630,305,505,336,737,727,305,23
526,1023,0,406,1023,0,487,517,305,472,336,756,745,305,23
380,1023,0,236,1023,0,482,554,305,447,336,729,720,305,23
734,1023,0,536,1023,0,828,1023,306,827,336,771,749,305,23
368,1023,0,339,1023,0,331,346,305,353,337,736,730,305,23
294,1023,0,259,1023,0,591,753,305,566,337,723,707,305,23
371,1023,0,227,1023,0,378,395,305,372,337,704,693,305,23
801,1023,0,505,1023,0,494,526,305,476,337,821,778,305,23
361,1023,0,131,1023,0,473,534,305,460,337,742,735,305,23
334,1023,0,129,881,0,536,658,305,508,337,701,677,305,23
397,1023,0,244,1023,0,541,656,305,519,337,732,719,305,23
448,1023,0,208,1023,0,554,666,305,530,337,686,679,305,23
399,1023,0,214,1023,0,816,1023,306,813,337,706,694,305,23
455,1023,0,136,1023,0,494,580,305,471,337,656,629,305,23
434,1023,0,197,1023,0,676,862,305,658,337,774,765,305,23
512,1023,0,413,1023,0,707,898,305,695,337,783,767,305,23
529,1023,0,300,1023,0,585,723,305,561,337,761,753,305,23
606,1023,0,524,1023,0,415,419,305,442,337,801,783,305,23
304,1023,0,169,1023,0,542,679,305,513,337,708,698,305,23
424,1023,0,278,1023,0,349,384,305,360,338,700,691,305,23
444,1023,0,249,1023,0,539,652,305,513,338,691,672,305,23
511,1023,0,326,1023,0,812,1023,306,808,338,765,738,305,23
296,1023,0,168,1023,0,384,362,305,384,338,642,629,305,23
286,1023,0,119,974,0,432,463,305,418,338,686,680,305,23
439,1023,0,203,1023,0,468,474,305,452,338,706,690,305,23
465,1023,0,355,1023,0,685,872,305,663,338,715,697,305,23
450,1023,0,298,1023,0,695,886,305,681,338,782,765,305,23
627,1023,0,426,1023,0,577,693,305,555,338,773,751,305,23
347,1023,0,191,1023,0,546,680,305,514,338,711,708,305,23
446,1023,0,306,1023,0,437,402,305,436,338,723,709,305,23
305,1023,0,199,1023,0,316,366,305,292,338,634,617,305,23
539,1023,0,326,1023,0,735,927,306,722,338,776,756,305,23
271,1023,0,124,990,0,401,385,305,385,338,647,635,305,23
632,1023,0,382,1023,0,822,1019,306,818,338,759,746,305,23
314,1023,0,164,1023,0,599,761,305,573,338,678,667,305,23
362,1023,0,132,923,0,496,579,305,468,338,714,702,305,23
750,1023,0,473,1023,0,497,524,305,478,338,784,704,305,23
277,1023,0,119,904,0,482,580,305,451,338,690,681,305,23
373,1023,0,98,761,0,506,620,305,474,339,690,692,305,23
628,1023,0,418,1023,0,608,748,305,585,339,778,755,305,23
388,1023,0,240,1023,0,833,1023,306,832,339,737,726,305,23
358,1023,0,213,1023,0,669,869,305,652,339,728,725,305,23
532,1023,0,352,1023,0,521,570,305,494,339,758,742,305,23
489,1023,0,259,1023,0,708,896,305,697,339,723,700,305,23
439,1023,0,216,1023,0,508,599,305,483,339,735,725,305,23
398,1023,0,285,1023,0,632,816,305,609,339,765,754,305,23
310,1023,0,314,1023,0,465,470,305,471,339,716,709,305,23
355,1023,0,150,1023,0,705,908,305,691,339,744,738,305,23
342,1023,0,168,1023,0,569,704,305,558,339,729,701,305,23
416,1023,0,236,1023,0,621,795,305,601,339,739,721,305,23
373,1023,0,200,1023,0,529,644,305,499,340,730,685,305,23
456,1023,0,259,1023,0,621,785,305,598,340,744,720,305,23
511,1023,0,463,1023,0,547,656,305,522,340,786,765,305,23
413,1023,0,431,1023,0,710,909,305,698,340,757,742,305,23
295,1023,0,118,894,0,538,677,305,506,340,672,661,305,23
417,1023,0,313,1023,0,426,401,305,419,340,775,766,305,23
451,1023,0,535,1023,0,400,367,305,410,340,698,684,305,23
602,1023,0,332,1023,0,399,412,305,407,340,742,722,305,23
341,1023,0,174,1023,0,390,390,305,389,340,727,719,305,23
399,1023,0,231,1023,0,375,368,305,378,340,683,672,305,23
313,1023,0,145,1023,0,480,552,305,456,340,654,647,305,23
369,1023,0,124,899,0,484,564,305,455,340,687,677,305,23
588,1023,0,501,1023,0,573,696,305,551,340,733,714,305,23
676,1023,0,515,1023,0,409,414,305,441,340,756,741,305,23
334,1023,0,113,834,0,577,737,305,548,340,651,645,305,23
554,1023,0,510,1023,0,479,504,305,467,341,758,742,305,23
414,1023,0,221,1023,0,493,569,305,465,341,721,714,305,23
399,1023,0,139,896,0,685,881,305,670,341,710,696,305,23
446,1023,0,249,1023,0,511,590,305,487,341,738,728,305,23
522,1023,0,328,1023,0,615,769,305,589,341,821,805,305,23
454,1023,0,334,1023,0,528,628,305,507,341,741,723,305,23
289,1023,0,205,1023,0,508,596,305,486,341,678,654,305,23
613,1023,0,391,1023,0,456,425,305,441,341,788,759,305,23
434,1023,0,222,1023,0,756,968,306,746,341,738,730,305,23
403,1023,0,210,1023,0,633,802,305,610,341,737,728,305,23
395,1023,0,254,1023,0,616,780,305,590,341,726,714,305,23
425,1023,0,223,1023,0,344,367,305,352,341,712,701,305,23
511,1023,0,372,1023,0,629,781,305,612,341,760,743,305,23
432,1023,0,256,1023,0,431,406,305,430,341,680,664,305,23
421,1023,0,468,1023,0,591,722,305,568,341,789,762,305,23
355,1023,0,118,850,0,616,787,305,599,341,679,671,305,23
364,1023,0,201,1023,0,527,645,305,502,341,745,732,305,23
701,1023,0,574,1023,0,787,977,306,781,342,775,746,305,23
501,1023,0,263,1023,0,710,902,305,698,342,754,743,305,23
334,1023,0,121,866,0,624,798,305,603,342,688,683,305,23
433,1023,0,234,1023,0,545,661,305,522,342,729,715,305,23
313,1023,0,150,1023,0,606,767,305,581,342,707,698,305,23
755,1023,0,537,1023,0,759,951,306,752,342,796,783,305,23
493,1023,0,342,1023,0,463,508,305,423,342,769,754,305,23
593,1023,0,511,1023,0,727,933,306,717,342,775,723,305,23
567,1023,0,603,1023,0,732,924,306,722,342,774,755,305,23
418,1023,0,268,1023,0,569,710,305,540,342,743,725,305,23
392,1023,0,166,1023,0,532,645,305,502,342,690,675,305,23
394,1023,0,212,1023,0,780,994,306,774,342,741,732,305,23
331,1023,0,111,764,0,607,774,305,581,342,696,691,305,29
410,1023,0,222,1023,0,554,681,305,526,342,752,737,305,29
430,1023,0,240,1023,0,809,1023,306,805,342,738,727,305,29
345,1023,0,226,1023,0,574,723,305,565,343,708,692,305,29
376,1023,0,173,1023,0,488,553,305,460,343,722,715,305,29
389,1023,0,240,1023,0,612,763,305,587,343,706,698,305,29
408,1023,0,183,1023,0,398,369,305,383,343,721,703,305,29
403,1023,0,217,1023,0,635,805,305,609,343,690,682,305,29
379,1023,0,144,958,0,615,786,305,588,343,688,673,305,29
325,1023,0,141,1023,0,444,469,305,427,343,747,744,305,29
601,1023,0,504,1023,0,781,991,306,775,343,784,763,305,29
388,1023,0,186,1023,0,460,489,305,435,343,695,692,305,29
406,1023,0,147,879,0,469,528,305,436,343,687,680,305,29
394,1023,0,223,1023,0,552,680,305,526,343,772,763,305,29
603,1023,0,449,1023,0,790,994,306,786,343,772,753,305,29
435,1023,0,200,1023,0,527,638,305,493,343,739,727,305,29
373,1023,0,163,1023,0,681,872,305,667,343,694,669,305,29
442,1023,0,287,1023,0,375,388,305,396,343,728,711,305,29
483,1023,0,354,1023,0,602,751,305,579,344,733,712,305,29
276,1023,0,189,1023,0,548,686,305,522,344,458,452,305,29
374,1023,0,179,1023,0,471,541,305,456,344,741,739,305,29
415,1023,0,247,1023,0,802,1023,306,797,344,764,751,305,29
295,1023,0,155,1023,0,395,394,305,380,344,668,653,305,29
368,1023,0,153,1023,0,451,488,305,414,344,718,712,305,29
508,1023,0,263,1023,0,548,655,305,521,344,692,672,305,29
494,1023,0,383,1023,0,431,437,305,444,344,749,738,305,29
502,1023,0,339,1023,0,554,660,305,536,344,757,743,305,29
363,1023,0,222,1023,0,483,533,305,458,344,723,711,305,29
365,1023,0,214,1023,0,379,384,305,381,344,685,665,305,29
380,1023,0,315,1023,0,773,991,306,767,344,742,734,305,29
336,1023,0,190,1023,0,368,365,305,363,344,700,692,305,29
361,1023,0,200,1023,0,531,649,305,508,344,693,685,305,29
395,1023,0,142,961,0,507,591,305,474,344,485,458,305,29
308,1023,0,152,1023,0,661,855,305,644,344,695,679,305,29
363,1023,0,167,1023,0,550,672,305,519,344,718,704,305,29
580,1023,0,338,1023,0,552,643,305,530,344,782,747,305,29
483,1023,0,317,1023,0,544,659,305,520,344,765,752,305,29
347,1023,0,138,1023,0,571,717,305,543,344,704,700,305,29
542,1023,0,344,1023,0,595,735,305,569,345,750,742,305,29
377,1023,0,223,1023,0,703,899,305,691,345,514,479,305,29
531,1023,0,230,1023,0,544,650,305,516,345,727,714,305,29
455,1023,0,258,1023,0,571,702,305,548,345,753,745,305,29
474,1023,0,421,1023,0,645,820,305,630,345,751,742,305,29
388,1023,0,143,982,0,503,604,305,477,345,681,663,305,29
300,1023,0,156,1023,0,738,961,306,730,345,738,734,305,29
575,1023,0,324,1023,0,578,711,305,550,345,766,749,305,29
778,1023,0,601,1023,0,435,452,305,460,345,780,759,305,29
696,1023,0,337,1023,0,527,610,305,498,345,761,745,305,29
414,1023,0,330,1023,0,448,455,305,448,345,716,701,305,29
601,1023,0,649,1023,0,495,524,305,485,345,798,784,305,29
594,1023,0,289,1023,0,636,789,305,614,345,775,766,305,29
324,1023,0,177,1023,0,396,376,305,395,345,690,679,305,29
452,1023,0,227,1023,0,376,382,305,342,345,723,709,305,29
453,1023,0,412,1023,0,643,821,305,620,345,774,763,305,29
300,1023,0,170,1023,0,489,555,305,469,345,705,694,305,29
331,1023,0,133,973,0,515,635,305,482,346,702,697,305,29
360,1023,0,180,1023,0,380,380,305,376,346,729,717,305,29
516,1023,0,359,1023,0,581,703,305,563,346,775,768,305,29
417,1023,0,278,1023,0,545,667,305,519,346,803,793,305,29
752,1023,0,500,1023,0,686,845,305,672,346,780,747,305,29
440,1023,0,161,989,0,538,655,305,509,346,687,676,305,29
486,1023,0,385,1023,0,789,1005,306,785,346,772,750,305,29
570,1023,0,455,1023,0,588,710,305,565,346,772,758,305,29
370,1023,0,251,1023,0,529,625,305,516,346,706,692,305,29
512,1023,0,309,1023,0,501,576,305,481,346,736,725,305,29
295,1023,0,91,633,0,534,663,305,498,346,657,639,305,29
540,1023,0,350,1023,0,408,427,305,401,346,749,708,305,29
368,1023,0,134,896,0,624,796,305,600,346,644,640,305,29
360,1023,0,177,1023,0,427,431,305,420,346,704,698,305,29
314,1023,0,266,1023,0,329,351,305,302,346,315,320,305,29
265,1023,0,145,1023,0,590,753,305,596,346,703,695,305,29
300,1023,0,155,1023,0,504,593,305,489,346,710,693,305,29
423,1023,0,189,1023,0,449,500,305,434,347,673,661,305,29
355,1023,0,232,1023,0,369,374,305,363,347,734,718,305,29
413,1023,0,259,1023,0,351,380,305,364,347,701,703,305,29
371,1023,0,162,1023,0,640,819,305,615,347,695,688,305,29
315,1023,0,146,1023,0,711,922,305,697,347,704,675,305,29
342,1023,0,194,1023,0,569,719,305,541,347,737,727,305,29
333,1023,0,123,920,0,389,378,305,349,347,661,654,305,29
289,1023,0,189,1023,0,575,728,305,549,347,722,710,305,29
437,1023,0,448,1023,0,502,549,305,492,347,755,734,305,29
366,1023,0,171,1023,0,381,391,305,360,347,735,722,305,29
362,1023,0,381,1023,0,722,921,306,711,347,785,767,305,29
633,1023,0,316,1023,0,650,797,305,653,348,808,749,305,29
397,1023,0,253,1023,0,324,360,305,352,348,721,703,305,29
406,1023,0,203,1023,0,457,490,305,421,348,690,665,305,29
489,1023,0,264,1023,0,364,385,305,360,348,719,701,305,29
425,1023,0,240,1023,0,618,776,305,593,348,728,711,305,29
626,1023,0,390,1023,0,836,1023,306,835,348,756,734,305,29
416,1023,0,330,1023,0,496,542,305,472,348,785,773,305,29
482,1023,0,227,1023,0,503,584,305,473,348,727,721,305,29
658,1023,0,553,1023,0,664,828,305,649,348,822,793,305,29
391,1023,0,146,1011,0,689,885,305,672,348,690,681,305,29
453,1023,0,346,1023,0,573,716,305,555,349,772,761,305,29
430,1023,0,237,1023,0,416,392,305,402,349,697,674,305,29
388,1023,0,135,926,0,424,389,305,402,349,688,679,305,29
440,1023,0,215,1023,0,600,752,305,574,349,752,736,305,29
430,1023,0,292,1023,0,537,654,305,511,349,728,718,305,29
447,1023,0,342,1023,0,570,697,305,547,349,717,703,305,29
382,1023,0,329,1023,0,731,943,306,719,349,696,686,305,29
300,1023,0,167,1023,0,577,736,305,547,349,671,661,305,29
527,1023,0,354,1023,0,828,1023,306,826,349,795,778,305,29
423,1023,0,221,1023,0,603,749,305,573,349,741,721,305,29
704,1023,0,393,1023,0,578,701,305,556,349,708,688,305,29
517,1023,0,260,1023,0,703,891,305,691,349,727,712,305,29
372,1023,0,222,1023,0,529,629,305,505,349,705,683,305,29
490,1023,0,409,1023,0,641,810,305,622,349,745,724,305,29
351,1023,0,162,1023,0,697,897,305,681,349,719,705,305,29
397,1023,0,169,1023,0,398,390,305,412,349,670,661,305,29
454,1023,0,302,1023,0,542,655,305,519,349,736,725,305,29
499,1023,0,242,1023,0,791,1001,306,787,350,740,730,305,35
306,1023,0,108,808,0,485,572,305,457,350,645,637,305,35
519,1023,0,632,1023,0,434,432,305,441,350,785,765,305,35
539,1023,0,347,1023,0,829,1023,306,827,350,762,743,305,35
478,1023,0,211,1023,0,411,423,305,409,350,718,696,305,35
385,1023,0,202,1023,0,676,864,305,661,350,720,714,305,35
377,1023,0,200,1023,0,561,691,305,539,350,736,718,305,35
536,1023,0,358,1023,0,435,414,305,429,350,739,718,305,35
291,1023,0,134,1017,0,637,824,305,612,350,674,671,305,35
515,1023,0,270,1023,0,543,650,305,515,350,746,735,305,35
419,1023,0,197,1023,0,455,504,305,441,350,731,721,305,35
291,1023,0,134,1002,0,375,356,305,372,351,674,667,305,35
501,1023,0,354,1023,0,513,604,305,490,351,730,705,305,35
577,1023,0,452,1023,0,500,564,305,477,351,750,722,305,35
486,1023,0,409,1023,0,381,393,305,388,351,734,720,305,35
317,1023,0,200,1023,0,625,799,305,600,351,718,707,305,35
655,1023,0,470,1023,0,794,1004,306,788,351,837,794,305,35
367,1023,0,130,905,0,424,447,305,401,351,675,671,305,35
473,1023,0,265,1023,0,534,636,305,500,351,786,767,305,35
467,1023,0,303,1023,0,798,1013,306,793,351,754,730,305,35
361,1023,0,302,1023,0,534,643,305,506,351,724,708,305,35
465,1023,0,344,1023,0,507,571,305,489,351,717,709,305,35
604,1023,0,486,1023,0,670,834,305,649,351,761,746,305,35
499,1023,0,283,1023,0,608,755,305,584,352,766,750,305,35
387,1023,0,204,1023,0,629,797,305,612,352,707,697,305,35
600,1023,0,306,1023,0,588,730,305,559,352,787,778,305,35
377,1023,0,353,1023,0,645,818,305,621,352,776,760,305,35
289,1023,0,203,1023,0,573,727,305,545,352,709,694,305,35
321,1023,0,178,1023,0,534,657,305,502,352,696,693,305,35
332,1023,0,155,1023,0,332,345,305,355,352,665,652,305,35
753,1023,0,411,1023,0,524,577,305,505,352,789,735,305,35
379,1023,0,159,1023,0,611,775,305,589,352,748,738,305,35
443,1023,0,230,1023,0,633,799,305,616,352,744,735,305,35
544,1023,0,378,1023,0,537,638,305,518,352,777,764,305,35
265,1023,0,116,928,0,630,819,305,604,352,691,689,305,35
278,1023,0,183,1023,0,384,370,305,376,352,687,681,305,35
487,1023,0,268,1023,0,662,850,305,644,352,731,713,305,35
293,1023,0,69,483,0,423,392,305,416,352,420,409,305,35
416,1023,0,150,938,0,507,611,305,474,352,726,720,305,35
547,1023,0,345,1023,0,520,597,305,515,353,753,736,305,35
365,1023,0,187,1023,0,534,647,305,522,353,770,758,305,35
561,1023,0,425,1023,0,665,847,305,643,353,769,748,305,35
568,1023,0,308,1023,0,580,714,305,554,353,757,747,305,35
319,1023,0,142,1023,0,588,749,305,563,353,697,688,305,35
739,1023,0,477,1023,0,626,765,305,604,353,780,763,305,35
567,1023,0,630,1023,0,741,931,306,725,353,809,779,305,35
413,1023,0,154,987,0,621,789,305,599,353,730,723,305,35
350,1023,0,237,1023,0,425,441,305,417,353,670,664,305,35
515,1023,0,276,1023,0,595,724,305,571,353,800,772,305,35
380,1023,0,154,1023,0,587,742,305,557,353,704,682,305,35
380,1023,0,176,1023,0,382,381,305,371,353,719,705,305,35
794,1023,0,599,1023,0,614,748,305,596,354,789,766,305,35
373,1023,0,256,1023,0,518,589,305,494,354,696,686,305,35
484,1023,0,334,1023,0,436,434,305,433,354,733,722,305,35
642,1023,0,560,1023,0,488,503,305,482,354,772,704,305,35
380,1023,0,204,1023,0,642,816,305,618,354,743,735,305,35
295,1023,0,166,1023,0,690,891,305,673,354,723,715,305,35
395,1023,0,138,943,0,547,678,305,520,354,707,703,305,35
540,1023,0,375,1023,0,584,687,305,560,354,800,754,305,35
399,1023,0,213,1023,0,494,556,305,468,354,764,759,305,35
369,1023,0,153,1023,0,556,696,305,526,354,694,689,305,35
333,1023,0,106,784,0,388,388,305,283,354,680,675,305,35
350,1023,0,170,1023,0,364,367,305,352,354,719,713,305,35
436,1023,0,278,1023,0,455,452,305,443,354,707,687,305,35
529,1023,0,428,1023,0,480,513,305,467,355,751,734,305,35
329,1023,0,260,1023,0,396,394,305,383,355,731,721,305,35
365,1023,0,311,1023,0,385,370,305,391,355,719,699,305,35
291,1023,0,98,736,0,479,525,305,485,355,680,660,305,35
407,1023,0,206,1023,0,793,1019,306,788,355,715,708,305,35
387,1023,0,396,1023,0,420,403,305,421,355,726,703,305,35
455,1023,0,194,1023,0,460,496,305,431,355,745,709,305,35
782,1023,0,537,1023,0,572,684,305,551,355,802,780,305,35
594,1023,0,329,1023,0,672,838,305,652,355,765,753,305,35
393,1023,0,177,1023,0,515,620,305,486,355,717,703,305,35
433,1023,0,206,1023,0,517,601,305,488,355,750,744,305,35
436,1023,0,276,1023,0,817,1023,306,816,355,745,729,305,35
415,1023,0,189,1023,0,564,700,305,533,355,742,742,305,35
756,1023,0,461,1023,0,730,905,305,720,355,801,791,305,35
458,1023,0,284,1023,0,623,780,305,601,356,768,762,305,35
373,1023,0,168,1023,0,363,346,305,357,356,707,704,305,35
391,1023,0,208,1023,0,339,367,305,377,356,709,698,305,35
485,1023,0,248,1023,0,620,786,305,594,356,747,736,305,35
315,1023,0,169,1023,0,681,879,305,663,356,700,695,305,35
326,1023,0,134,898,0,792,1023,306,787,356,668,657,305,35
329,1023,0,125,887,0,358,380,305,342,356,671,661,305,35
357,1023,0,150,1023,0,358,369,305,385,356,714,712,305,35
422,1023,0,313,1023,0,807,1023,306,804,356,742,724,305,35
346,1023,0,161,1023,0,478,548,305,452,356,727,728,305,35
422,1023,0,261,1023,0,714,909,305,702,356,799,790,305,35
479,1023,0,359,1023,0,473,482,305,448,356,704,696,305,35
323,1023,0,175,1023,0,506,612,305,472,356,733,724,305,35
394,1023,0,315,1023,0,420,412,305,452,356,827,812,305,41
477,1023,0,208,1023,0,572,695,305,542,357,717,696,305,41
520,1023,0,358,1023,0,756,965,306,744,357,749,730,305,41
456,1023,0,302,1023,0,492,521,305,481,357,741,730,305,41
455,1023,0,261,1023,0,498,579,305,479,357,707,694,305,41
527,1023,0,302,1023,0,436,411,305,436,357,724,708,305,41
484,1023,0,385,1023,0,487,500,305,473,357,774,759,305,41
439,1023,0,226,1023,0,532,640,305,500,357,693,664,305,41
331,1023,0,194,1023,0,588,741,305,562,357,688,676,305,41
657,1023,0,646,1023,0,629,776,305,610,357,808,779,305,41
228,1023,0,128,935,0,428,403,305,413,357,695,686,305,41
405,1023,0,155,1023,0,639,814,305,616,357,688,677,305,41
306,1023,0,274,1023,0,377,372,305,342,357,646,629,305,41
628,1023,0,656,1023,0,448,455,305,449,357,788,768,305,41
422,1023,0,526,1023,0,447,471,305,536,357,782,760,305,41
554,1023,0,512,1023,0,805,1012,306,801,357,767,718,305,41
470,1023,0,391,1023,0,480,503,305,497,357,727,703,305,41
537,1023,0,292,1023,0,401,403,305,409,358,699,688,305,41
405,1023,0,183,1023,0,420,435,305,383,358,696,685,305,41
381,1023,0,218,1023,0,509,607,305,482,358,731,719,305,41
675,1023,0,417,1023,0,710,888,305,697,358,776,761,305,41
393,1023,0,134,937,0,580,735,305,553,358,672,665,305,41
366,1023,0,286,1023,0,345,366,305,391,358,714,705,305,41
516,1023,0,322,1023,0,728,923,306,713,358,768,755,305,41
366,1023,0,132,918,0,732,941,306,723,358,708,701,305,41
341,1023,0,175,1023,0,748,966,306,739,358,717,710,305,41
450,1023,0,284,1023,0,705,898,305,691,358,746,734,305,41
356,1023,0,126,852,0,748,969,306,739,358,674,667,305,41
312,1023,0,206,1023,0,377,362,305,393,358,466,443,305,41
489,1023,0,403,1023,0,769,974,306,763,358,785,768,305,41
331,1023,0,177,1023,0,337,366,305,345,358,639,618,305,41
437,1023,0,189,1023,0,443,470,305,420,358,691,675,305,41
526,1023,0,397,1023,0,689,863,305,675,358,769,755,305,41
585,1023,0,435,1023,0,643,790,305,622,359,793,755,305,41
446,1023,0,275,1023,0,542,664,305,510,359,772,763,305,41
696,1023,0,682,1023,0,621,778,305,603,359,824,810,305,41
397,1023,0,178,1023,0,683,874,305,671,359,733,721,305,41
330,1023,0,163,1023,0,537,670,305,505,359,677,658,305,41
347,1023,0,288,1023,0,710,910,305,699,359,748,724,305,41
442,1023,0,371,1023,0,434,423,305,416,359,748,734,305,41
437,1023,0,347,1023,0,553,669,305,524,359,748,736,305,41
366,1023,0,141,1023,0,621,799,305,596,359,667,657,305,41
284,1023,0,138,1023,0,505,619,305,465,359,628,623,305,41
349,1023,0,189,1023,0,491,574,305,460,359,708,697,305,41
340,1023,0,173,1023,0,505,612,305,480,359,695,681,305,41
479,1023,0,417,1023,0,380,394,305,397,359,786,771,305,41
437,1023,0,225,1023,0,446,407,305,448,359,720,705,305,41
330,1023,0,128,1003,0,400,387,305,407,359,519,506,305,41
493,1023,0,369,1023,0,398,411,305,408,359,760,745,305,41
402,1023,0,223,1023,0,456,472,305,449,360,738,722,305,41
365,1023,0,236,1023,0,509,620,305,481,360,743,737,305,41
454,1023,0,328,1023,0,493,546,305,475,360,782,766,305,41
331,1023,0,170,1023,0,395,372,305,398,360,682,675,305,41
354,1023,0,199,1023,0,596,757,305,571,360,743,736,305,41
296,1023,0,145,1012,0,723,935,306,711,360,667,661,305,41
332,1023,0,168,1023,0,323,386,305,374,360,652,630,305,41
395,1023,0,315,1023,0,612,769,305,593,360,749,740,305,41
729,1023,0,386,1023,0,417,411,305,419,360,781,741,305,41
327,1023,0,116,866,0,451,492,305,431,360,655,649,305,41
323,1023,0,228,1023,0,614,784,305,588,360,704,690,305,41
335,1023,0,144,953,0,805,1023,306,802,360,738,727,305,41
622,1023,0,374,1023,0,404,407,305,426,360,808,763,305,41
347,1023,0,246,1023,0,380,372,305,383,360,699,689,305,41
438,1023,0,179,1023,0,444,452,305,430,360,680,667,305,41
470,1023,0,199,1023,0,531,644,305,506,360,706,699,305,41
439,1023,0,186,1023,0,588,736,305,565,360,724,712,305,41
401,1023,0,286,1023,0,483,550,305,463,360,732,712,305,41
296,1023,0,124,958,0,519,639,305,491,361,694,685,305,41
510,1023,0,278,1023,0,797,1023,306,792,361,776,754,305,41
398,1023,0,298,1023,0,623,797,305,597,361,746,732,305,41
403,1023,0,180,1023,0,520,626,305,484,361,690,675,305,41
473,1023,0,454,1023,0,563,693,305,539,361,756,743,305,41
342,1023,0,163,1023,0,772,1000,306,765,361,701,694,305,41
414,1023,0,261,1023,0,723,923,306,712,361,699,693,305,41
368,1023,0,205,1023,0,402,383,305,379,361,651,644,305,41
708,1023,0,371,1023,0,603,713,305,582,361,819,778,305,41
451,1023,0,265,1023,0,742,938,306,732,361,760,741,305,41
313,1023,0,173,1023,0,349,357,305,385,361,650,649,305,41
472,1023,0,236,1023,0,533,656,305,504,361,742,735,305,41
364,1023,0,368,1023,0,707,912,305,696,361,854,838,305,41
636,1023,0,592,1023,0,825,1023,306,823,361,819,786,305,41
445,1023,0,279,1023,0,490,549,305,470,361,712,694,305,41
375,1023,0,428,1023,0,387,383,305,398,362,709,692,305,41
465,1023,0,559,1023,0,492,517,305,483,362,769,759,305,41
423,1023,0,477,1023,0,525,638,305,513,362,749,727,305,41
701,1023,0,669,1023,0,442,441,305,446,362,784,752,305,41
521,1023,0,263,1023,0,417,412,305,406,362,713,703,305,41
344,1023,0,232,1023,0,518,625,305,490,362,721,689,305,41
419,1023,0,243,1023,0,512,596,305,487,362,708,698,305,41
405,1023,0,219,1023,0,585,725,305,557,362,732,719,305,41
426,1023,0,497,1023,0,818,1023,306,816,362,746,727,305,41
444,1023,0,294,1023,0,537,615,305,520,362,753,744,305,41
315,1023,0,163,1023,0,495,564,305,465,362,697,693,305,41
331,1023,0,169,1023,0,513,626,305,480,362,659,645,305,41
267,1023,0,195,1023,0,424,382,305,410,362,689,677,305,41
245,1023,0,97,791,0,730,954,306,720,362,443,437,305,41
471,1023,0,536,1023,0,796,1020,306,790,362,757,746,305,41
481,1023,0,171,1023,0,540,658,305,520,362,715,699,305,41
475,1023,0,393,1023,0,581,740,305,554,362,747,732,305,41
458,1023,0,505,1023,0,444,439,305,457,362,747,740,305,41
740,1023,0,371,1023,0,848,1023,306,850,362,776,746,305,41
579,1023,0,252,1023,0,399,396,305,409,363,725,665,305,41
442,1023,0,263,1023,0,286,374,305,342,363,715,703,305,41
397,1023,0,261,1023,0,506,595,305,477,363,676,650,305,41
303,1023,0,108,797,0,670,873,305,652,363,670,665,305,41
435,1023,0,309,1023,0,518,617,305,497,363,700,676,305,41
471,1023,0,241,1023,0,530,642,305,497,363,701,677,305,41
329,1023,0,140,969,0,545,666,305,518,363,712,706,305,41
553,1023,0,419,1023,0,627,775,305,606,363,758,743,305,41
304,1023,0,331,1023,0,483,482,305,503,363,783,772,305,41
614,1023,0,554,1023,0,713,898,305,700,363,749,722,305,41
474,1023,0,449,1023,0,531,632,305,509,363,752,730,305,41
435,1023,0,244,1023,0,635,799,305,613,363,717,708,305,41
395,1023,0,159,1023,0,441,410,305,417,363,705,695,305,41
608,1023,0,520,1023,0,828,1023,306,827,363,767,743,305,41
440,1023,0,240,1023,0,558,683,305,534,364,740,724,305,41
685,1023,0,531,1023,0,464,486,305,472,364,790,747,305,47
406,1023,0,214,1023,0,586,735,305,558,364,722,706,305,47
653,1023,0,467,1023,0,714,915,305,700,364,772,704,305,47
644,1023,0,401,1023,0,454,435,305,437,364,801,754,305,47
458,1023,0,189,1023,0,386,374,305,381,364,700,687,305,47
408,1023,0,229,1023,0,585,735,305,559,364,741,725,305,47
413,1023,0,217,1023,0,378,345,305,384,364,727,711,305,47
501,1023,0,233,1023,0,758,968,306,749,364,739,723,305,47
366,1023,0,142,1020,0,554,692,305,522,364,659,655,305,47
304,1023,0,171,1023,0,520,630,305,492,364,721,709,305,47
381,1023,0,216,1023,0,491,579,305,466,364,702,692,305,47
503,1023,0,258,1023,0,586,736,305,560,364,740,723,305,47
440,1023,0,259,1023,0,493,546,305,476,364,790,782,305,47
553,1023,0,332,1023,0,634,798,305,606,364,748,729,305,47
659,1023,0,556,1023,0,863,1023,307,865,364,768,750,305,47
498,1023,0,362,1023,0,762,959,306,755,365,786,770,305,47
461,1023,0,183,1023,0,529,643,305,499,365,723,709,305,47
376,1023,0,164,1023,0,585,739,305,559,365,707,699,305,47
415,1023,0,172,1023,0,580,727,305,552,365,734,701,305,47
326,1023,0,215,1023,0,524,637,305,495,365,684,660,305,47
553,1023,0,244,1023,0,582,688,305,555,365,720,679,305,47
487,1023,0,389,1023,0,423,430,305,428,365,747,731,305,47
377,1023,0,277,1023,0,632,804,305,607,365,735,721,305,47
390,1023,0,141,961,0,464,524,305,440,365,704,700,305,47
445,1023,0,275,1023,0,445,488,305,430,365,707,681,305,47
395,1023,0,204,1023,0,691,882,305,678,365,728,722,305,47
398,1023,0,460,1023,0,572,684,305,549,365,797,782,305,47
592,1023,0,348,1023,0,427,433,305,414,365,766,740,305,47
250,1023,0,109,873,0,459,493,305,425,365,645,641,305,47
351,1023,0,274,1023,0,378,380,305,401,365,656,643,305,47
405,1023,0,255,1023,0,577,717,305,553,366,704,695,305,47
738,1023,0,408,1023,0,416,409,305,430,366,752,743,305,47
750,1023,0,607,1023,0,638,805,305,620,366,823,809,305,47
427,1023,0,272,1023,0,459,505,305,457,366,726,715,305,47
359,1023,0,238,1023,0,462,475,305,439,366,693,672,305,47
324,1023,0,145,1023,0,532,649,305,501,366,700,693,305,47
681,1023,0,603,1023,0,884,1023,307,889,366,773,753,305,47
417,1023,0,235,1023,0,389,396,305,404,366,696,684,305,47
326,1023,0,260,1023,0,674,869,305,652,366,746,727,305,47
438,1023,0,212,1023,0,561,689,305,533,366,753,742,305,47
545,1023,0,312,1023,0,549,644,305,526,366,749,738,305,47
406,1023,0,172,1023,0,608,767,305,584,366,727,722,305,47
284,1023,0,231,1023,0,419,412,305,430,366,803,790,305,47
595,1023,0,351,1023,0,863,1023,307,866,367,772,757,305,47
489,1023,0,223,1023,0,358,334,305,254,367,327,317,305,47
303,1023,0,212,1023,0,421,408,305,450,367,765,757,305,47
775,1023,0,611,1023,0,448,478,305,450,367,794,728,305,47
718,1023,0,446,1023,0,856,1023,306,858,367,805,739,305,47
414,1023,0,209,1023,0,351,361,305,332,367,737,728,305,47
339,1023,0,216,1023,0,529,652,305,497,367,704,694,305,47
345,1023,0,150,1016,0,601,766,305,575,367,718,705,305,47
307,1023,0,78,559,0,646,835,305,628,367,659,644,305,47
273,1023,0,93,739,0,535,666,305,501,367,630,628,305,47
340,1023,0,191,1023,0,569,716,305,539,368,698,684,305,47
338,1023,0,160,1023,0,648,829,305,631,368,715,706,305,47
341,1023,0,141,1023,0,414,420,305,419,368,683,666,305,47
459,1023,0,252,1023,0,429,434,305,412,368,735,729,305,47
386,1023,0,173,1023,0,517,610,305,491,368,742,734,305,47
412,1023,0,267,1023,0,585,736,305,557,368,699,678,305,47
288,1023,0,156,1023,0,407,383,305,404,368,672,654,305,47
372,1023,0,159,1023,0,457,490,305,442,368,681,676,305,47
642,1023,0,469,1023,0,805,1022,306,802,368,738,725,305,47
335,1023,0,150,1023,0,591,750,305,562,368,714,706,305,47
308,1023,0,159,1023,0,381,368,305,377,368,631,619,305,47
419,1023,0,221,1023,0,495,568,305,470,368,768,754,305,47
307,1023,0,170,1023,0,541,691,305,520,368,693,684,305,47
528,1023,0,395,1023,0,773,979,306,765,368,786,768,305,47
504,1023,0,495,1023,0,460,455,305,461,368,744,722,305,47
625,1023,0,441,1023,0,855,1023,306,856,369,783,771,305,47
443,1023,0,384,1023,0,511,560,305,479,369,741,726,305,47
405,1023,0,171,1023,0,697,893,305,682,369,703,697,305,47
364,1023,0,162,1023,0,601,767,305,571,369,665,653,305,47
409,1023,0,198,1023,0,464,494,305,443,369,722,716,305,47
398,1023,0,182,1023,0,546,678,305,517,369,737,727,305,47
449,1023,0,205,1023,0,617,776,305,596,369,737,729,305,47
475,1023,0,303,1023,0,432,440,305,419,369,782,763,305,47
428,1023,0,174,1023,0,765,978,306,757,369,710,703,305,47
420,1023,0,241,1023,0,369,363,305,371,369,684,671,305,47
366,1023,0,173,1023,0,437,445,305,405,369,706,699,305,47
613,1023,0,367,1023,0,401,412,305,405,369,749,678,305,47
338,1023,0,167,1023,0,753,975,306,745,369,735,731,305,47
575,1023,0,262,1023,0,603,769,305,576,369,742,661,305,47
308,1023,0,182,1023,0,474,548,305,449,369,659,650,305,47
575,1023,0,333,1023,0,631,780,305,612,370,781,768,305,47
487,1023,0,227,1023,0,584,716,305,562,370,702,697,305,47
388,1023,0,234,1023,0,593,749,305,569,370,742,723,305,47
317,1023,0,160,1023,0,657,843,305,640,370,700,693,305,47
432,1023,0,223,1023,0,369,358,305,378,370,688,672,305,47
369,1023,0,211,1023,0,371,376,305,381,370,665,649,305,47
379,1023,0,202,1023,0,729,930,306,719,370,747,742,305,47
427,1023,0,206,1023,0,511,611,305,476,370,719,704,305,47
475,1023,0,245,1023,0,623,776,305,606,370,761,752,305,47
708,1023,0,412,1023,0,569,684,305,549,370,794,749,305,47
502,1023,0,332,1023,0,748,949,306,738,370,729,707,305,47
329,1023,0,135,1008,0,425,459,305,403,370,678,671,305,47
310,1023,0,200,1023,0,675,875,305,658,370,761,753,305,52
430,1023,0,202,1023,0,419,426,305,416,370,717,705,305,52
564,1023,0,400,1023,0,703,877,305,683,370,766,745,305,52
676,1023,0,337,1023,0,595,726,305,573,370,815,798,305,52
225,1023,0,169,1023,0,491,555,305,472,371,679,671,305,52
487,1023,0,264,1023,0,475,532,305,447,371,701,686,305,52
438,1023,0,180,1023,0,570,710,305,545,371,693,677,305,52
497,1023,0,265,1023,0,703,885,305,691,371,741,720,305,52
654,1023,0,546,1023,0,540,622,305,523,371,803,781,305,52
447,1023,0,256,1023,0,516,607,305,485,371,721,702,305,52
738,1023,0,549,1023,0,486,498,305,485,371,771,738,305,52
398,1023,0,224,1023,0,579,724,305,555,371,686,667,305,52
368,1023,0,195,1023,0,469,552,305,430,371,712,709,305,52
790,1023,0,535,1023,0,765,956,306,757,371,812,760,305,52
312,1023,0,316,1023,0,642,816,305,625,371,539,504,305,52
390,1023,0,243,1023,0,511,611,305,485,371,696,673,305,52
418,1023,0,139,799,0,495,566,305,468,372,687,678,305,52
301,1023,0,151,1023,0,584,747,305,559,372,709,695,305,52
334,1023,0,419,1023,0,633,805,305,610,372,765,750,305,52
617,1023,0,576,1023,0,669,838,305,654,372,767,749,305,52
374,1023,0,263,1023,0,642,833,305,627,372,726,714,305,52
246,1023,0,164,1023,0,727,940,306,717,372,723,713,305,52
657,1023,0,629,1023,0,458,474,305,475,372,768,744,305,52
454,1023,0,269,1023,0,613,769,305,592,372,730,718,305,52
338,1023,0,209,1023,0,725,934,306,714,372,715,703,305,52
481,1023,0,422,1023,0,525,614,305,493,372,741,714,305,52
329,1023,0,204,1023,0,692,894,305,678,372,695,682,305,52
396,1023,0,284,1023,0,665,853,305,644,372,751,734,305,52
435,1023,0,280,1023,0,771,984,306,764,372,753,745,305,52
584,1023,0,257,1023,0,711,886,305,699,372,754,729,305,52
679,1023,0,441,1023,0,656,804,305,634,372,781,753,305,52
690,1023,0,606,1023,0,823,1023,307,821,372,776,744,305,52
596,1023,0,385,1023,0,806,1014,306,803,372,794,776,305,52
484,1023,0,318,1023,0,378,392,305,383,373,735,718,305,52
320,1023,0,122,925,0,510,626,305,478,373,692,691,305,52
371,1023,0,160,1023,0,360,378,305,319,373,682,666,305,52
400,1023,0,155,1023,0,438,420,305,421,373,691,679,305,52
360,1023,0,146,1023,0,486,552,305,457,373,659,637,305,52
321,1023,0,134,1007,0,359,369,305,346,373,657,647,305,52
532,1023,0,405,1023,0,421,396,305,408,373,748,740,305,52
411,1023,0,160,1023,0,642,813,305,621,373,718,707,305,52
388,1023,0,233,1023,0,521,621,305,502,373,734,717,305,52
449,1023,0,274,1023,0,389,389,305,374,373,713,695,305,52
393,1023,0,263,1023,0,416,422,305,421,373,708,696,305,52
353,1023,0,249,1023,0,474,525,305,445,373,725,716,305,52
540,1023,0,459,1023,0,603,745,305,581,373,747,726,305,52
452,1023,0,263,1023,0,612,771,305,595,374,734,724,305,52
507,1023,0,331,1023,0,452,439,305,451,374,705,694,305,52
375,1023,0,222,1023,0,458,474,305,434,374,727,711,305,52
463,1023,0,250,1023,0,483,522,305,467,374,750,734,305,52
323,1023,0,165,1023,0,424,419,305,406,374,712,705,305,52
492,1023,0,339,1023,0,696,880,305,683,374,747,725,305,52
379,1023,0,201,1023,0,572,722,305,544,374,712,702,305,52
387,1023,0,190,1023,0,704,906,305,691,374,720,715,305,52
584,1023,0,416,1023,0,440,445,305,411,374,799,775,305,52
340,1023,0,168,1023,0,446,490,305,419,374,709,702,305,52
422,1023,0,262,1023,0,617,778,305,592,374,766,750,305,52
377,1023,0,256,1023,0,444,437,305,428,374,691,682,305,52
268,1023,0,131,966,0,491,597,305,448,374,680,674,305,52
374,1023,0,223,1023,0,421,429,305,402,374,743,733,305,52
367,1023,0,173,1023,0,623,781,305,596,375,711,704,305,52
599,1023,0,635,1023,0,746,940,306,737,375,778,762,305,52
695,1023,0,368,1023,0,806,1022,306,802,375,789,744,305,52
547,1023,0,471,1023,0,381,388,305,413,375,745,730,305,52
671,1023,0,465,1023,0,484,478,305,478,375,730,696,305,52
375,1023,0,163,1023,0,337,361,305,320,375,698,687,305,52
410,1023,0,200,1023,0,718,917,305,704,375,686,688,305,52
517,1023,0,287,1023,0,662,839,305,640,375,746,742,305,52
339,1023,0,159,1023,0,583,739,305,552,375,705,690,305,52
350,1023,0,132,895,0,541,658,305,514,375,709,698,305,52
317,1023,0,234,1023,0,644,819,305,622,375,736,727,305,52
424,1023,0,242,1023,0,365,375,305,363,375,689,682,305,52
640,1023,0,438,1023,0,488,504,305,476,375,761,747,305,52
412,1023,0,215,1023,0,443,421,305,415,375,698,675,305,52
427,1023,0,255,1023,0,620,781,305,596,375,750,739,305,52
452,1023,0,341,1023,0,474,528,305,451,375,757,738,305,52
313,1023,0,152,1023,0,602,774,305,581,375,659,645,305,52
417,1023,0,427,1023,0,629,787,305,609,376,772,748,305,52
343,1023,0,147,1023,0,526,640,305,495,376,692,688,305,52
385,1023,0,180,1023,0,449,458,305,436,376,718,709,305,52
470,1023,0,298,1023,0,486,549,305,461,376,700,689,305,52
470,1023,0,361,1023,0,471,455,305,475,376,754,741,305,52
294,1023,0,108,772,0,351,352,305,339,376,660,654,305,52
457,1023,0,243,1023,0,664,841,305,645,376,719,699,305,52
254,1023,0,138,1023,0,382,362,305,406,376,621,615,305,58
353,1023,0,260,1023,0,588,747,305,566,376,711,703,305,58
716,1023,0,569,1023,0,686,862,305,669,377,768,748,305,58
519,1023,0,349,1023,0,386,380,305,389,377,731,714,305,58
382,1023,0,236,1023,0,659,839,305,636,377,704,694,305,58
309,1023,0,106,792,0,492,575,305,462,377,658,640,305,58
483,1023,0,244,1023,0,599,747,305,576,377,749,743,305,58
365,1023,0,135,1012,0,296,359,305,308,377,655,644,305,58
416,1023,0,173,1023,0,608,766,305,589,377,695,678,305,58
632,1023,0,226,1023,0,593,707,305,568,378,744,724,305,58
370,1023,0,159,1023,0,556,693,305,529,378,689,669,305,58
479,1023,0,188,1023,0,570,713,305,545,378,674,653,305,58
336,1023,0,242,1023,0,418,401,305,410,378,665,656,305,58
450,1023,0,228,1023,0,536,653,305,511,378,758,733,305,58
528,1023,0,335,1023,0,593,732,305,570,378,773,754,305,58
570,1023,0,328,1023,0,502,574,305,485,378,728,707,305,58
341,1023,0,212,1023,0,454,520,305,436,378,744,735,305,58
405,1023,0,249,1023,0,660,827,305,645,378,761,751,305,58
456,1023,0,218,1023,0,608,757,305,581,378,784,768,305,58
286,1023,0,129,914,0,474,501,305,458,379,697,689,305,58
480,1023,0,351,1023,0,477,491,305,468,379,738,728,305,58
445,1023,0,238,1023,0,592,717,305,569,379,766,740,305,58
408,1023,0,291,1023,0,841,1023,306,840,379,720,700,305,58
287,1023,0,224,1023,0,491,554,305,473,379,706,700,305,58
639,1023,0,615,1023,0,755,964,306,744,379,776,762,305,58
341,1023,0,169,1023,0,727,934,306,718,379,698,690,305,58
593,1023,0,536,1023,0,534,617,305,517,379,752,735,305,58
256,1023,0,222,1023,0,393,426,305,402,379,630,619,305,58
628,1023,0,309,1023,0,473,480,305,462,379,770,732,305,58
407,1023,0,207,1023,0,557,695,305,527,379,747,741,305,58
318,1023,0,166,1023,0,241,358,305,311,379,743,737,305,58
439,1023,0,174,1023,0,421,467,305,416,379,737,720,305,58
409,1023,0,218,1023,0,517,621,305,488,379,715,695,305,58
560,1023,0,371,1023,0,597,734,305,577,379,793,766,305,58
430,1023,0,280,1023,0,397,387,305,401,379,727,715,305,58
336,1023,0,137,1019,0,418,379,305,397,379,660,651,305,58
422,1023,0,257,1023,0,432,414,305,438,380,736,724,305,58
593,1023,0,474,1023,0,407,445,305,424,380,762,733,305,58
503,1023,0,462,1023,0,531,611,305,507,380,753,733,305,58
392,1023,0,228,1023,0,616,786,305,594,380,706,696,305,58
532,1023,0,335,1023,0,459,494,305,441,380,781,763,305,58
612,1023,0,332,1023,0,579,710,305,553,380,757,739,305,58
522,1023,0,287,1023,0,539,657,305,522,380,708,700,305,58
423,1023,0,273,1023,0,518,624,305,496,380,750,737,305,58
459,1023,0,325,1023,0,688,866,305,670,380,731,712,305,58
528,1023,0,486,1023,0,444,448,305,459,380,722,710,305,58
483,1023,0,219,1023,0,408,411,305,407,380,681,671,305,58
493,1023,0,416,1023,0,522,612,305,500,380,727,712,305,58
522,1023,0,421,1023,0,645,804,305,624,380,781,758,305,58
535,1023,0,327,1023,0,764,972,306,757,380,736,708,305,58
318,1023,0,157,1023,0,538,664,305,508,380,685,677,305,58
662,1023,0,528,1023,0,808,1023,306,804,380,743,731,305,58
302,1023,0,160,1023,0,657,845,305,638,381,705,697,305,58
469,1023,0,146,962,0,362,369,305,394,381,685,675,305,58
584,1023,0,446,1023,0,393,427,305,406,381,749,728,305,58
360,1023,0,129,935,0,473,526,305,441,381,707,693,305,58
343,1023,0,285,1023,0,405,414,305,412,381,732,724,305,58
387,1023,0,242,1023,0,522,606,305,505,381,513,485,305,58
622,1023,0,551,1023,0,574,700,305,551,381,751,729,305,58
617,1023,0,466,1023,0,504,552,305,485,381,766,748,305,58
437,1023,0,348,1023,0,441,453,305,430,381,736,725,305,58
398,1023,0,197,1023,0,548,670,305,521,381,750,740,305,58
438,1023,0,217,1023,0,540,654,305,506,381,713,705,305,58
342,1023,0,157,1023,0,557,695,305,527,381,712,699,305,58
410,1023,0,217,1023,0,382,374,305,365,381,723,712,305,58
491,1023,0,317,1023,0,760,961,306,753,381,789,766,305,58
363,1023,0,191,1023,0,583,736,305,554,381,720,708,305,58
386,1023,0,179,1023,0,331,365,305,306,381,685,675,305,58
390,1023,0,176,1023,0,765,984,306,758,381,714,707,305,58
439,1023,0,174,1023,0,627,795,305,601,381,732,726,305,58
391,1023,0,136,915,0,733,939,306,722,381,708,698,305,58
378,1023,0,204,1023,0,565,702,305,536,381,715,705,305,58
498,1023,0,582,1023,0,467,449,305,470,382,789,772,305,58
612,1023,0,619,1023,0,435,427,305,447,382,770,747,305,58
458,1023,0,242,1023,0,428,413,305,402,382,746,735,305,58
413,1023,0,375,1023,0,503,510,305,504,382,730,720,305,58
297,1023,0,160,1023,0,614,792,305,589,382,696,691,305,58
444,1023,0,168,1023,0,427,436,305,399,382,680,664,305,58
473,1023,0,263,1023,0,515,588,305,596,382,761,732,305,58
691,1023,0,548,1023,0,842,1023,306,841,382,823,783,305,58
361,1023,0,173,1023,0,453,485,305,435,382,695,686,305,58
628,1023,0,487,1023,0,779,969,306,773,382,777,757,305,58
352,1023,0,165,1023,0,635,815,305,611,382,711,706,305,58
476,1023,0,368,1023,0,819,1023,306,818,382,760,744,305,58
430,1023,0,188,1023,0,582,726,305,553,382,743,735,305,58
307,1023,0,114,762,0,562,698,305,538,382,407,388,305,58
472,1023,0,277,1023,0,383,398,305,386,383,765,747,305,58
291,1023,0,152,1023,0,365,369,305,385,383,426,405,305,58
481,1023,0,341,1023,0,566,685,305,537,383,748,733,305,58
327,1023,0,173,1023,0,587,741,305,557,383,709,690,305,58
441,1023,0,215,1023,0,653,833,305,630,383,751,737,305,58
607,1023,0,340,1023,0,797,1007,306,792,383,756,733,305,58
713,1023,0,542,1023,0,638,788,305,621,383,815,792,305,58
597,1023,0,249,1023,0,422,424,305,421,383,680,624,305,58
356,1023,0,147,1014,0,448,476,305,440,383,660,644,305,58
338,1023,0,221,1023,0,453,474,305,431,383,757,747,305,58
683,1023,0,497,1023,0,628,788,305,606,383,762,744,305,58
298,1023,0,207,1023,0,496,599,305,473,383,711,703,305,58
385,1023,0,474,1023,0,474,463,305,476,383,739,712,305,58
415,1023,0,243,1023,0,558,691,305,531,383,737,721,305,58
474,1023,0,293,1023,0,636,806,305,611,383,812,798,305,58
418,1023,0,281,1023,0,639,814,305,615,384,750,737,305,58
317,1023,0,125,905,0,547,687,305,512,384,641,637,305,58
495,1023,0,352,1023,0,397,404,305,386,384,714,700,305,58
305,1023,0,158,1023,0,596,766,305,566,384,689,680,305,64
522,1023,0,291,1023,0,596,704,305,571,384,698,625,305,64
471,1023,0,385,1023,0,720,914,305,708,384,752,735,305,64
369,1023,0,202,1023,0,719,923,306,707,384,732,717,305,64
390,1023,0,248,1023,0,654,838,305,630,384,742,731,305,64
351,1023,0,138,1016,0,539,673,305,508,384,668,658,305,64
374,1023,0,87,626,0,516,625,305,484,384,700,695,305,64
406,1023,0,210,1023,0,397,392,305,404,384,688,668,305,64
442,1023,0,301,1023,0,518,613,305,495,384,744,734,305,64
464,1023,0,256,1023,0,406,381,305,412,384,680,664,305,64
286,1023,0,193,1023,0,610,782,305,583,384,741,729,305,64
293,1023,0,161,1023,0,615,783,305,590,384,733,728,305,64
321,1023,0,191,1023,0,393,371,305,386,384,629,620,305,64
442,1023,0,240,1023,0,638,819,305,613,385,744,734,305,64
603,1023,0,362,1023,0,654,813,305,631,385,770,751,305,64
355,1023,0,158,1023,0,488,581,305,450,385,684,676,305,64
345,1023,0,177,1023,0,599,772,305,569,385,755,753,305,64
317,1023,0,135,994,0,383,372,305,357,385,661,656,305,64
342,1023,0,157,1023,0,582,733,305,556,385,715,709,305,64
397,1023,0,196,1023,0,713,914,305,701,385,747,732,305,64
303,1023,0,126,966,0,538,675,305,506,385,720,711,305,64
387,1023,0,155,1023,0,730,944,306,720,385,714,704,305,64
355,1023,0,145,1023,0,584,737,305,555,385,717,704,305,64
766,1023,0,695,1023,0,561,641,305,544,385,836,798,305,64
330,1023,0,150,1023,0,563,709,305,532,385,704,696,305,64
301,1023,0,165,1023,0,417,395,305,402,385,710,701,305,64
545,1023,0,383,1023,0,723,910,305,712,385,748,736,305,64
360,1023,0,230,1023,0,502,591,305,476,385,684,664,305,64
285,1023,0,158,1023,0,543,676,305,518,385,701,692,305,64
394,1023,0,244,1023,0,580,725,305,549,386,723,712,305,64
360,1023,0,275,1023,0,369,366,305,433,386,511,453,305,64
488,1023,0,322,1023,0,388,409,305,414,386,726,713,305,64
311,1023,0,191,1023,0,408,371,305,412,386,691,681,305,64
398,1023,0,169,1023,0,635,811,305,610,386,711,700,305,64
656,1023,0,419,1023,0,664,829,305,643,386,761,740,305,64
345,1023,0,186,1023,0,499,591,305,470,386,695,685,305,64
562,1023,0,351,1023,0,801,1010,306,798,386,766,752,305,64
373,1023,0,295,1023,0,657,843,305,636,386,755,743,305,64
438,1023,0,193,1023,0,787,1006,306,782,386,744,731,305,64
263,1023,0,158,1023,0,485,569,305,460,386,440,426,305,64
550,1023,0,450,1023,0,553,654,305,531,386,822,783,305,64
573,1023,0,469,1023,0,802,1014,306,796,386,789,775,305,64
436,1023,0,387,1023,0,483,471,305,478,386,746,729,305,64
484,1023,0,417,1023,0,884,1023,307,889,386,753,733,305,64
307,1023,0,158,1023,0,781,1019,306,777,386,697,686,305,64
320,1023,0,219,1023,0,789,1018,306,784,387,699,690,305,64
356,1023,0,248,1023,0,648,837,305,624,387,731,716,305,64
787,1023,0,464,1023,0,621,766,305,601,387,768,752,305,64
493,1023,0,399,1023,0,670,848,305,649,387,800,782,305,64
358,1023,0,241,1023,0,613,768,305,586,387,745,738,305,64
579,1023,0,363,1023,0,506,588,305,486,387,729,694,305,64
347,1023,0,197,1023,0,553,691,305,522,387,722,707,305,64
284,1023,0,137,1023,0,480,553,305,446,387,688,684,305,64
404,1023,0,215,1023,0,454,482,305,431,387,729,721,305,64
553,1023,0,551,1023,0,676,842,305,659,387,731,712,305,64
443,1023,0,245,1023,0,571,705,305,543,387,734,713,305,64
776,1023,0,507,1023,0,711,915,305,700,388,777,704,305,64
518,1023,0,464,1023,0,587,721,305,565,388,753,734,305,64
300,1023,0,192,1023,0,408,391,305,392,388,658,661,305,64
384,1023,0,229,1023,0,420,396,305,433,388,680,672,305,64
352,1023,0,194,1023,0,625,795,305,604,388,723,706,305,64
367,1023,0,141,1023,0,477,552,305,449,388,646,625,305,64
303,1023,0,84,637,0,649,835,305,629,388,682,671,305,64
315,1023,0,340,1023,0,573,715,305,548,388,725,697,305,64
435,1023,0,195,1023,0,635,805,305,618,388,728,709,305,64
373,1023,0,133,907,0,563,704,305,535,388,655,649,305,64
484,1023,0,450,1023,0,535,644,305,516,388,747,723,305,64
449,1023,0,318,1023,0,847,1023,306,848,388,736,722,305,64
507,1023,0,360,1023,0,739,939,306,729,388,764,752,305,64
634,1023,0,482,1023,0,777,968,306,772,388,780,763,305,64
507,1023,0,325,1023,0,884,1023,306,889,388,787,774,305,64
641,1023,0,442,1023,0,442,459,305,434,388,747,726,305,64
773,1023,0,555,1023,0,448,475,305,452,388,789,765,305,64
557,1023,0,291,1023,0,503,541,305,489,389,771,705,305,64
576,1023,0,334,1023,0,550,648,305,530,389,767,745,305,64
300,1023,0,147,1023,0,346,378,305,365,389,709,704,305,64
625,1023,0,559,1023,0,582,699,305,558,389,772,760,305,64
575,1023,0,319,1023,0,495,510,305,474,389,741,730,305,64
308,1023,0,143,1023,0,431,458,305,400,389,639,624,305,64
353,1023,0,164,1023,0,414,432,305,370,389,664,649,305,64
401,1023,0,145,923,0,558,680,305,531,389,722,716,305,64
386,1023,0,207,1023,0,502,602,305,467,389,713,691,305,64
588,1023,0,272,1023,0,595,729,305,568,389,770,758,305,64
503,1023,0,178,949,0,620,767,305,599,389,715,707,305,64
542,1023,0,473,1023,0,475,509,305,463,389,752,727,305,64
237,1023,0,237,1023,0,487,549,305,469,389,741,729,305,64
369,1023,0,240,1023,0,485,544,305,458,389,724,713,305,64
331,1023,0,255,1023,0,842,1023,306,843,389,726,715,305,64
332,1023,0,213,1023,0,607,774,305,586,389,734,725,305,64
549,1023,0,313,1023,0,443,435,305,433,389,755,739,305,64
367,1023,0,221,1023,0,591,745,305,567,389,723,702,305,64
375,1023,0,407,1023,0,443,432,305,435,390,730,715,305,64
328,1023,0,122,956,0,375,396,305,358,390,674,670,305,64
548,1023,0,526,1023,0,686,879,305,668,390,799,783,305,64
488,1023,0,241,1023,0,462,488,305,448,390,752,738,305,64
604,1023,0,405,1023,0,637,795,305,621,390,764,753,305,64
284,1023,0,124,929,0,532,661,305,504,390,684,680,305,64
392,1023,0,235,1023,0,443,477,305,443,390,741,729,305,64
318,1023,0,143,1023,0,546,690,305,519,390,706,695,305,64
505,1023,0,323,1023,0,628,785,305,604,390,774,764,305,64
264,1023,0,129,1023,0,458,515,305,414,390,452,448,305,64
494,1023,0,328,1023,0,607,755,305,581,390,770,756,305,64
633,1023,0,314,1023,0,584,708,305,558,390,749,727,305,64
348,1023,0,220,1023,0,618,793,305,591,390,691,682,305,64
431,1023,0,216,1023,0,614,771,305,596,390,729,716,305,64
429,1023,0,346,1023,0,450,427,305,462,391,736,717,305,64
380,1023,0,205,1023,0,827,1023,306,827,391,727,719,305,64
683,1023,0,653,1023,0,564,663,305,542,391,768,751,305,64
439,1023,0,199,1023,0,588,731,305,564,391,699,690,305,64
423,1023,0,302,1023,0,406,402,305,403,391,737,720,305,64
367,1023,0,219,1023,0,487,538,305,465,391,689,683,305,64
348,1023,0,203,1023,0,672,864,305,649,391,681,676,305,64
445,1023,0,240,1023,0,377,389,305,401,391,718,696,305,70
467,1023,0,243,1023,0,542,657,305,515,391,715,693,305,70
787,1023,0,469,1023,0,559,625,305,538,391,808,747,305,70
481,1023,0,275,1023,0,749,953,306,739,391,715,699,305,70
448,1023,0,283,1023,0,533,630,305,505,391,749,724,305,70
464,1023,0,322,1023,0,721,913,305,707,391,789,770,305,70
338,1023,0,223,1023,0,517,608,305,486,391,718,708,305,70
529,1023,0,561,1023,0,651,805,305,629,391,774,745,305,70
492,1023,0,213,1023,0,565,688,305,536,391,740,726,305,70
493,1023,0,221,1023,0,613,766,305,588,392,764,750,305,70
368,1023,0,175,1023,0,183,340,305,327,392,676,666,305,70
501,1023,0,373,1023,0,665,832,305,642,392,764,736,305,70
535,1023,0,267,1023,0,604,741,305,582,392,764,749,305,70
601,1023,0,497,1023,0,466,466,305,454,392,739,716,305,70
593,1023,0,520,1023,0,673,839,305,652,392,762,743,305,70
360,1023,0,154,1023,0,326,365,305,390,392,667,658,305,70
391,1023,0,167,1023,0,593,750,305,563,392,713,693,305,70
320,1023,0,322,1023,0,682,867,305,663,392,731,722,305,70
480,1023,0,267,1023,0,609,771,305,583,392,681,679,305,70
366,1023,0,116,852,0,494,603,305,465,392,701,696,305,70
351,1023,0,231,1023,0,405,413,305,449,393,732,723,305,70
315,1023,0,178,1023,0,514,621,305,484,393,726,719,305,70
240,1023,0,147,1023,0,733,953,306,724,393,696,692,305,70
371,1023,0,245,1023,0,468,507,305,452,393,720,702,305,70
532,1023,0,304,1023,0,393,390,305,376,393,743,723,305,70
450,1023,0,204,1023,0,583,724,305,556,393,720,692,305,70
373,1023,0,309,1023,0,443,444,305,426,393,682,665,305,70
427,1023,0,248,1023,0,478,521,305,452,393,741,722,305,70
564,1023,0,479,1023,0,548,651,305,528,393,743,721,305,70
732,1023,0,520,1023,0,807,1023,306,803,393,794,733,305,70
564,1023,0,322,1023,0,567,669,305,544,393,720,693,305,70
299,1023,0,149,1023,0,472,557,305,447,393,688,679,305,70
474,1023,0,381,1023,0,785,1009,306,779,393,749,739,305,70
586,1023,0,335,1023,0,522,580,305,524,393,766,728,305,70
487,1023,0,214,1023,0,712,900,305,699,393,757,745,305,70
345,1023,0,256,1023,0,590,737,305,568,393,720,705,305,70
259,1023,0,174,1023,0,481,529,305,453,393,696,681,305,70
479,1023,0,266,1023,0,661,840,305,638,393,758,748,305,70
409,1023,0,168,1023,0,603,750,305,582,394,297,408,305,70
577,1023,0,437,1023,0,670,830,305,655,394,793,769,305,70
688,1023,0,363,1023,0,536,656,305,515,394,772,749,305,70
232,1023,0,95,825,0,230,338,305,254,394,358,361,305,70
491,1023,0,260,1023,0,778,983,306,771,394,779,768,305,70
385,1023,0,228,1023,0,366,390,305,382,394,728,720,305,70
617,1023,0,351,1023,0,651,806,305,632,394,759,741,305,70
351,1023,0,127,887,0,585,745,305,555,394,684,670,305,70
525,1023,0,422,1023,0,815,1023,306,811,394,769,759,305,70
486,1023,0,291,1023,0,564,679,305,538,394,753,724,305,70
590,1023,0,322,1023,0,774,997,306,767,394,786,769,305,70
394,1023,0,157,1023,0,507,606,305,489,394,694,684,305,70
578,1023,0,359,1023,0,842,1023,306,843,394,749,723,305,70
313,1023,0,138,1019,0,504,595,305,480,394,697,693,305,70
407,1023,0,174,1023,0,475,513,305,459,394,725,706,305,70
440,1023,0,181,1023,0,598,752,305,572,394,722,706,305,70
336,1023,0,224,1023,0,523,637,305,496,395,687,678,305,70
349,1023,0,181,1023,0,562,710,305,533,395,729,722,305,70
319,1023,0,132,1022,0,467,527,305,432,395,693,676,305,70
451,1023,0,209,1023,0,538,655,305,503,395,728,718,305,70
517,1023,0,365,1023,0,558,680,305,529,395,796,781,305,70
393,1023,0,231,1023,0,553,677,305,524,395,725,711,305,70
453,1023,0,192,1023,0,510,611,305,477,395,715,700,305,70
469,1023,0,220,1023,0,602,759,305,576,395,737,731,305,70
351,1023,0,126,924,0,479,564,305,449,395,666,660,305,70
418,1023,0,283,1023,0,349,366,305,344,395,729,715,305,70
428,1023,0,220,1023,0,529,636,305,501,395,750,727,305,70
441,1023,0,223,1023,0,770,987,306,762,395,725,707,305,70
402,1023,0,189,1023,0,236,366,305,333,395,697,690,305,70
460,1023,0,147,877,0,448,475,305,399,395,724,705,305,70
438,1023,0,196,1023,0,579,719,305,550,396,700,686,305,70
394,1023,0,221,1023,0,302,372,305,280,396,699,688,305,70
664,1023,0,335,1023,0,663,834,305,647,396,799,763,305,70
662,1023,0,427,1023,0,418,430,305,423,396,752,725,305,70
427,1023,0,208,1023,0,578,720,305,553,396,730,711,305,70
345,1023,0,116,816,0,424,458,305,392,396,657,643,305,70
357,1023,0,189,1023,0,626,797,305,610,396,683,673,305,70
462,1023,0,439,1023,0,728,926,306,717,396,783,768,305,70
628,1023,0,264,1023,0,592,703,305,567,396,757,743,305,70
433,1023,0,224,1023,0,296,364,305,334,396,698,712,305,70
356,1023,0,163,1023,0,628,793,305,607,396,740,736,305,70
527,1023,0,299,1023,0,489,559,305,468,396,700,673,305,70
408,1023,0,181,1023,0,648,845,305,624,396,745,723,305,70
274,1023,0,87,703,0,557,711,305,525,396,670,659,305,70
394,1023,0,199,1023,0,468,493,305,454,397,707,693,305,70
514,1023,0,270,1023,0,505,572,305,491,397,748,735,305,70
441,1023,0,244,1023,0,784,1003,306,777,397,726,713,305,70
389,1023,0,159,1023,0,575,721,305,545,397,652,670,305,70
286,1023,0,143,1023,0,462,518,305,431,397,689,684,305,70
306,1023,0,110,785,0,553,697,305,522,397,685,680,305,70
614,1023,0,492,1023,0,595,716,305,572,397,803,772,305,70
436,1023,0,170,1023,0,506,590,305,470,397,712,703,305,70
306,1023,0,180,1023,0,572,728,305,547,397,701,686,305,70
798,1023,0,577,1023,0,672,824,305,653,397,768,740,305,76
408,1023,0,201,1023,0,467,520,305,443,397,697,678,305,76
495,1023,0,226,1023,0,432,413,305,415,397,734,711,305,76
404,1023,0,435,1023,0,443,454,305,443,397,787,773,305,76
399,1023,0,258,1023,0,539,657,305,514,397,760,745,305,76
344,1023,0,183,1023,0,574,725,305,553,397,705,690,305,76
268,1023,0,151,1023,0,316,381,305,251,397,642,625,305,76
584,1023,0,355,1023,0,608,756,305,591,397,771,743,305,76
312,1023,0,102,776,0,524,645,305,488,398,674,668,305,76
664,1023,0,529,1023,0,746,962,306,738,398,827,773,305,76
328,1023,0,166,1023,0,485,645,305,454,398,708,700,305,76
367,1023,0,507,1023,0,818,1023,306,814,398,812,785,305,76
277,1023,0,76,588,0,364,371,305,337,398,664,657,305,76
370,1023,0,151,999,0,732,941,306,721,398,718,712,305,76
622,1023,0,557,1023,0,606,754,305,579,398,758,737,305,76
305,1023,0,121,920,0,443,464,305,423,398,671,664,305,76
339,1023,0,185,1023,0,552,685,305,527,398,611,635,305,76
636,1023,0,477,1023,0,698,888,305,677,398,810,797,305,76
385,1023,0,227,1023,0,709,915,305,697,398,697,688,305,76
442,1023,0,235,1023,0,477,548,305,458,399,775,765,305,76
769,1023,0,624,1023,0,817,1020,306,815,399,856,812,305,76
528,1023,0,496,1023,0,421,434,305,423,399,764,747,305,76
332,1023,0,182,1023,0,518,619,305,489,399,684,671,305,76
376,1023,0,263,1023,0,458,510,305,430,399,710,701,305,76
438,1023,0,232,1023,0,346,367,305,363,399,699,692,305,76
489,1023,0,279,1023,0,515,604,305,499,399,772,758,305,76
596,1023,0,507,1023,0,430,453,305,428,399,785,765,305,76
365,1023,0,219,1023,0,490,567,305,462,399,716,710,305,76
638,1023,0,424,1023,0,634,780,305,613,399,763,721,305,76
353,1023,0,295,1023,0,519,611,305,494,399,731,718,305,76
383,1023,0,178,1023,0,559,701,305,530,399,690,673,305,76
414,1023,0,132,817,0,627,781,305,636,399,728,690,305,76
442,1023,0,234,1023,0,568,696,305,551,399,751,740,305,76
311,1023,0,170,1023,0,540,669,305,516,399,708,701,305,76
379,1023,0,226,1023,0,532,645,305,505,400,530,501,305,76
755,1023,0,647,1023,0,459,500,305,447,400,849,812,305,76
438,1023,0,184,1023,0,494,564,305,466,400,716,705,305,76
471,1023,0,277,1023,0,773,986,306,766,400,748,729,305,76
397,1023,0,252,1023,0,461,530,305,440,400,677,666,305,76
443,1023,0,349,1023,0,623,781,305,598,400,730,707,305,76
391,1023,0,389,1023,0,425,418,305,425,400,702,680,305,76
649,1023,0,530,1023,0,850,1023,306,851,400,793,750,305,76
446,1023,0,207,1023,0,648,822,305,632,400,733,726,305,76
366,1023,0,131,913,0,481,566,305,441,400,707,697,305,76
401,1023,0,166,1023,0,544,671,305,511,400,731,720,305,76
618,1023,0,507,1023,0,475,510,305,473,400,784,770,305,76
738,1023,0,583,1023,0,765,967,306,758,400,833,801,305,76
457,1023,0,348,1023,0,578,716,305,552,400,710,690,305,76
463,1023,0,258,1023,0,547,666,305,518,400,697,688,305,76
414,1023,0,327,1023,0,655,835,305,630,400,734,725,305,76
502,1023,0,333,1023,0,845,1023,306,845,400,777,760,305,76
611,1023,0,488,1023,0,734,920,306,725,400,770,755,305,76
363,1023,0,149,1023,0,553,687,305,524,400,673,656,305,76
505,1023,0,262,1023,0,541,644,305,516,400,731,719,305,76
337,1023,0,156,995,0,569,714,305,536,401,722,713,305,76
546,1023,0,296,1023,0,507,567,305,486,401,724,689,305,76
671,1023,0,464,1023,0,541,623,305,531,401,747,719,305,76
410,1023,0,161,1023,0,608,767,305,582,401,743,733,305,76
746,1023,0,657,1023,0,472,501,305,479,401,762,741,305,76
660,1023,0,584,1023,0,476,497,305,484,401,810,766,305,76
506,1023,0,451,1023,0,602,757,305,581,401,763,748,305,76
593,1023,0,453,1023,0,655,825,305,632,401,800,775,305,76
564,1023,0,379,1023,0,483,532,305,459,401,765,745,305,76
650,1023,0,408,1023,0,486,497,305,466,401,782,770,305,76
506,1023,0,209,1023,0,482,542,305,453,401,710,695,305,76
272,1023,0,145,1023,0,631,816,305,612,401,692,688,305,76
484,1023,0,255,1023,0,554,673,305,528,401,744,735,305,76
316,1023,0,139,1006,0,582,745,305,551,402,710,704,305,76
485,1023,0,354,1023,0,749,954,306,740,402,770,751,305,76
451,1023,0,285,1023,0,516,613,305,497,402,732,720,305,76
492,1023,0,274,1023,0,492,550,305,469,402,726,698,305,76
398,1023,0,200,1023,0,504,604,305,480,402,691,682,305,76
384,1023,0,229,1023,0,443,475,305,434,402,703,686,305,76
496,1023,0,376,1023,0,640,802,305,615,402,786,772,305,76
370,1023,0,236,1023,0,581,734,305,555,402,705,695,305,76
699,1023,0,310,1023,0,697,864,305,682,402,787,770,305,76
477,1023,0,238,1023,0,600,752,305,576,402,761,755,305,76
555,1023,0,629,1023,0,815,1023,306,813,402,807,783,305,76
620,1023,0,473,1023,0,658,822,305,637,402,762,745,305,76
396,1023,0,201,1023,0,551,679,305,527,403,731,721,305,81
375,1023,0,202,1023,0,719,919,305,708,403,718,710,305,81
436,1023,0,216,1023,0,441,464,305,397,403,689,674,305,81
763,1023,0,444,1023,0,745,939,306,736,403,799,756,305,81
515,1023,0,384,1023,0,467,483,305,467,403,770,743,305,81
360,1023,0,300,1023,0,493,538,305,479,403,762,744,305,81
509,1023,0,296,1023,0,594,737,305,569,403,746,732,305,81
383,1023,0,222,1023,0,771,994,306,765,403,727,706,305,81
326,1023,0,110,774,0,449,516,305,414,403,684,679,305,81
420,1023,0,410,1023,0,647,813,305,630,403,746,733,305,81
326,1023,0,115,798,0,668,864,305,651,403,674,666,305,81
510,1023,0,457,1023,0,618,779,305,593,403,706,687,305,81
604,1023,0,486,1023,0,657,817,305,640,404,765,754,305,81
361,1023,0,187,1023,0,554,697,305,524,404,714,707,305,81
627,1023,0,368,1023,0,623,739,305,600,404,813,753,305,81
522,1023,0,275,1023,0,534,629,305,507,404,750,721,305,81
345,1023,0,114,851,0,533,661,305,508,404,665,661,305,81
679,1023,0,475,1023,0,411,453,305,434,404,802,776,305,81
333,1023,0,287,1023,0,662,850,305,639,404,727,717,305,81
352,1023,0,172,1023,0,468,507,305,442,404,703,688,305,81
332,1023,0,119,841,0,508,609,305,482,404,702,691,305,81
305,1023,0,120,856,0,679,881,305,662,404,693,691,305,81
484,1023,0,348,1023,0,616,768,305,594,404,784,769,305,81
369,1023,0,196,1023,0,591,738,305,561,405,724,714,305,81
405,1023,0,162,1023,0,535,657,305,504,405,698,690,305,81
423,1023,0,252,1023,0,402,387,305,391,405,699,684,305,81
359,1023,0,125,881,0,593,755,305,564,405,701,695,305,81
433,1023,0,192,1023,0,342,372,305,346,405,722,710,305,81
502,1023,0,296,1023,0,602,763,305,577,405,726,710,305,81
563,1023,0,274,1023,0,296,373,305,344,405,756,740,305,81
800,1023,0,484,1023,0,554,649,305,528,405,813,779,305,81
497,1023,0,243,1023,0,648,810,305,625,405,751,720,305,81
271,1023,0,160,1023,0,583,751,305,554,405,689,682,305,81
360,1023,0,189,1023,0,316,359,305,194,405,729,715,305,81
353,1023,0,217,1023,0,529,648,305,500,405,723,695,305,81
343,1023,0,201,1023,0,595,760,305,568,405,694,683,305,81
401,1023,0,261,1023,0,591,745,305,564,405,757,741,305,81
433,1023,0,169,1023,0,520,627,305,493,406,715,708,305,81
415,1023,0,188,1023,0,767,986,306,760,406,716,701,305,81
493,1023,0,322,1023,0,708,905,305,694,406,725,707,305,81
446,1023,0,326,1023,0,303,370,305,358,406,728,713,305,81
440,1023,0,237,1023,0,466,494,305,438,406,726,706,305,81
244,1023,0,224,1023,0,725,938,306,715,406,702,689,305,81
380,1023,0,182,1023,0,636,812,305,616,406,708,683,305,81
333,1023,0,185,1023,0,616,787,305,590,406,732,728,305,81
384,1023,0,162,1023,0,470,520,305,436,406,692,687,305,81
586,1023,0,425,1023,0,417,436,305,428,406,762,735,305,81
324,1023,0,147,1023,0,454,527,305,420,406,670,661,305,81
383,1023,0,164,1023,0,660,848,305,636,406,732,725,305,81
491,1023,0,258,1023,0,716,903,305,703,406,749,740,305,81
363,1023,0,156,1023,0,462,546,305,434,406,670,659,305,81
420,1023,0,298,1023,0,585,733,305,562,406,709,687,305,81
599,1023,0,325,1023,0,579,702,305,556,406,744,732,305,81
408,1023,0,233,1023,0,530,643,305,502,406,695,686,305,81
508,1023,0,248,1023,0,547,662,305,520,407,768,746,305,81
442,1023,0,535,1023,0,667,844,305,650,407,736,723,305,81
369,1023,0,230,1023,0,762,974,306,757,407,725,711,305,81
314,1023,0,142,1023,0,362,396,305,339,407,678,672,305,81
362,1023,0,308,1023,0,677,863,305,662,407,788,775,305,81
336,1023,0,211,1023,0,357,378,305,357,407,716,702,305,81
335,1023,0,198,1023,0,390,380,305,379,407,695,685,305,81
349,1023,0,193,1023,0,495,575,305,469,407,699,690,305,81
648,1023,0,487,1023,0,495,538,305,477,407,781,761,305,81
290,1023,0,125,883,0,620,797,305,594,407,675,666,305,81
244,1023,0,113,929,0,223,341,305,319,407,373,376,305,81
363,1023,0,194,1023,0,615,779,305,585,408,683,669,305,81
379,1023,0,209,1023,0,463,539,305,424,408,696,678,305,81
325,1023,0,135,928,0,572,722,305,546,408,705,700,305,81
504,1023,0,330,1023,0,474,520,305,449,408,715,704,305,81
322,1023,0,129,1006,0,511,636,305,475,408,656,647,305,81
341,1023,0,133,1014,0,523,642,305,498,408,739,731,305,81
419,1023,0,200,1023,0,470,477,305,456,408,746,739,305,81
405,1023,0,349,1023,0,780,997,306,774,408,778,761,305,81
363,1023,0,167,1023,0,585,743,305,561,408,730,717,305,81
421,1023,0,274,1023,0,378,400,305,391,408,665,677,305,81
823,1023,0,604,1023,0,590,697,305,570,408,791,764,305,81
582,1023,0,459,1023,0,461,518,305,447,408,744,732,305,81
395,1023,0,248,1023,0,489,579,305,459,409,713,699,305,81
800,1023,0,631,1023,0,819,1023,306,817,409,832,772,305,81
454,1023,0,235,1023,0,648,815,305,624,409,781,761,305,81
439,1023,0,341,1023,0,424,443,305,434,409,708,681,305,87
632,1023,0,393,1023,0,682,829,305,669,409,784,763,305,87
371,1023,0,146,1023,0,712,912,305,700,409,665,652,305,87
464,1023,0,233,1023,0,801,1023,306,796,409,715,699,305,87
571,1023,0,375,1023,0,733,935,306,722,409,788,762,305,87
415,1023,0,214,1023,0,637,814,305,618,409,702,683,305,87
334,1023,0,153,1023,0,571,720,305,541,409,699,693,305,87
531,1023,0,292,1023,0,591,729,305,567,409,754,740,305,87
420,1023,0,301,1023,0,606,770,305,580,409,735,727,305,87
662,1023,0,377,1023,0,447,487,305,439,409,783,763,305,87
542,1023,0,310,1023,0,512,592,305,490,409,759,749,305,87
392,1023,0,277,1023,0,683,877,305,668,409,728,716,305,87
433,1023,0,414,1023,0,493,491,305,481,409,766,743,305,87
366,1023,0,148,975,0,581,718,305,559,409,712,700,305,87
382,1023,0,210,1023,0,361,372,305,393,410,695,676,305,87
694,1023,0,479,1023,0,642,779,305,618,410,820,767,305,87
609,1023,0,668,1023,0,805,994,306,801,410,764,743,305,87
355,1023,0,162,1023,0,601,769,305,579,410,708,702,305,87
281,1023,0,121,883,0,567,728,305,543,410,695,688,305,87
544,1023,0,449,1023,0,418,436,305,423,410,759,740,305,87
355,1023,0,192,1023,0,582,737,305,557,410,686,660,305,87
380,1023,0,293,1023,0,619,780,305,598,410,728,714,305,87
465,1023,0,207,1023,0,534,649,305,511,410,727,711,305,87
391,1023,0,185,1023,0,466,498,305,444,410,704,694,305,87
547,1023,0,351,1023,0,599,751,305,574,410,757,735,305,87
437,1023,0,220,1023,0,478,548,305,445,410,726,717,305,87
360,1023,0,226,1023,0,498,584,305,472,410,703,688,305,87
319,1023,0,203,1023,0,561,711,305,533,411,692,695,305,87
402,1023,0,203,1023,0,371,387,305,367,411,715,708,305,87
251,1023,0,202,1023,0,723,941,306,714,411,774,766,305,87
436,1023,0,293,1023,0,593,744,305,567,411,773,752,305,87
748,1023,0,567,1023,0,560,645,305,538,411,809,770,305,87
444,1023,0,321,1023,0,547,662,305,523,411,780,756,305,87
302,1023,0,137,1007,0,595,761,305,573,411,684,678,305,87
636,1023,0,353,1023,0,661,824,305,643,411,778,693,305,87
584,1023,0,424,1023,0,822,1023,306,819,411,753,733,305,87
538,1023,0,293,1023,0,481,513,305,466,411,776,758,305,87
461,1023,0,203,1023,0,427,429,305,420,411,725,715,305,87
361,1023,0,184,1023,0,480,542,305,461,411,678,673,305,87
473,1023,0,344,1023,0,413,410,305,416,411,751,738,305,87
483,1023,0,272,1023,0,388,401,305,393,411,759,748,305,87
638,1023,0,410,1023,0,797,999,306,793,411,768,752,305,87
588,1023,0,344,1023,0,606,759,305,582,411,761,752,305,87
551,1023,0,424,1023,0,748,947,306,739,411,768,732,305,87
376,1023,0,181,1023,0,695,893,305,680,411,716,704,305,87
659,1023,0,396,1023,0,687,834,305,669,412,797,757,305,87
404,1023,0,321,1023,0,557,671,305,531,412,733,715,305,87
423,1023,0,239,1023,0,303,376,305,362,412,696,688,305,87
402,1023,0,158,1023,0,649,828,305,632,412,721,707,305,87
418,1023,0,330,1023,0,759,971,306,753,412,766,747,305,87
791,1023,0,481,1023,0,870,1023,307,873,412,767,742,305,87
487,1023,0,268,1023,0,472,512,305,455,412,728,713,305,87
563,1023,0,449,1023,0,783,984,306,778,412,755,735,305,87
447,1023,0,197,1023,0,594,745,305,567,412,707,692,305,87
612,1023,0,466,1023,0,484,529,305,473,412,739,729,305,87
639,1023,0,378,1023,0,565,679,305,543,412,752,741,305,87
493,1023,0,309,1023,0,737,938,306,728,412,749,729,305,87
364,1023,0,219,1023,0,434,453,305,419,412,672,666,305,87
328,1023,0,130,962,0,500,594,305,474,413,655,649,305,87
382,1023,0,157,1023,0,575,724,305,546,413,755,732,305,87
805,1023,0,499,1023,0,607,745,305,584,413,842,806,305,87
281,1023,0,227,1023,0,567,718,305,539,413,675,669,305,87
353,1023,0,279,1023,0,405,392,305,393,413,698,676,305,87
329,1023,0,462,1023,0,584,735,305,562,413,742,727,305,87
482,1023,0,237,1023,0,749,964,306,739,413,718,688,305,87
513,1023,0,297,1023,0,618,768,305,592,413,770,748,305,87
442,1023,0,331,1023,0,421,422,305,404,413,747,730,305,87
621,1023,0,656,1023,0,452,444,305,454,413,771,754,305,87
527,1023,0,262,1023,0,610,752,305,591,413,724,709,305,87
473,1023,0,220,1023,0,424,428,305,413,413,689,662,305,87
726,1023,0,566,1023,0,796,987,306,793,413,757,710,305,87
336,1023,0,121,889,0,522,644,305,492,413,692,688,305,87
415,1023,0,251,1023,0,657,845,305,635,414,776,770,305,87
261,1023,0,122,957,0,521,654,305,488,414,711,684,305,87
447,1023,0,168,1004,0,476,515,305,447,414,712,689,305,87
365,1023,0,184,1023,0,365,385,305,334,414,692,685,305,87
495,1023,0,238,1023,0,543,658,305,510,414,722,709,305,87
803,1023,0,643,1023,0,640,777,305,615,414,773,753,305,87
402,1023,0,153,1014,0,725,928,306,714,414,703,689,305,87
318,1023,0,109,831,0,383,377,305,357,414,635,619,305,87
497,1023,0,265,1023,0,421,436,305,430,414,692,680,305,87
361,1023,0,262,1023,0,401,391,305,393,414,731,724,305,87
405,1023,0,274,1023,0,371,372,305,341,415,712,705,305,87
307,1023,0,113,842,0,546,686,305,516,415,705,695,305,87
434,1023,0,163,1023,0,542,659,305,518,415,698,685,305,87
326,1023,0,145,1004,0,586,741,305,564,415,692,686,305,87
733,1023,0,485,1023,0,505,548,305,485,415,766,741,305,87
530,1023,0,485,1023,0,783,996,306,777,415,769,748,305,87
566,1023,0,490,1023,0,624,783,305,599,415,726,703,305,87
401,1023,0,203,1023,0,463,466,305,443,415,735,719,305,93
722,1023,0,529,1023,0,505,557,305,493,415,763,741,305,93
370,1023,0,252,1023,0,329,354,305,377,415,711,699,305,93
285,1023,0,134,1002,0,437,421,305,424,415,611,602,305,93
424,1023,0,275,1023,0,395,376,305,372,415,713,705,305,93
515,1023,0,253,1023,0,481,531,305,456,415,730,709,305,93
632,1023,0,409,1023,0,805,1004,306,801,415,791,753,305,93
429,1023,0,187,1023,0,623,784,305,599,415,724,719,305,93
334,1023,0,120,897,0,533,655,305,503,415,664,651,305,93
459,1023,0,224,1023,0,554,684,305,529,415,742,733,305,93
426,1023,0,252,1023,0,630,797,305,603,415,743,721,305,93
329,1023,0,143,1023,0,370,367,305,401,416,699,679,305,93
548,1023,0,380,1023,0,604,732,305,585,416,791,768,305,93
321,1023,0,129,932,0,440,463,305,395,416,700,696,305,93
382,1023,0,179,1023,0,688,883,305,672,416,724,711,305,93
328,1023,0,124,862,0,693,894,305,677,416,673,665,305,93
366,1023,0,292,1023,0,485,558,305,463,416,731,715,305,93
398,1023,0,205,1023,0,677,862,305,660,416,734,705,305,93
250,1023,0,362,1023,0,528,650,305,504,416,714,702,305,93
426,1023,0,248,1023,0,377,384,305,389,416,732,725,305,93
490,1023,0,257,1023,0,504,575,305,479,416,726,704,305,93
340,1023,0,190,1023,0,362,391,305,392,416,757,735,305,93
713,1023,0,608,1023,0,410,437,305,425,416,812,783,305,93
341,1023,0,243,1023,0,497,580,305,481,416,712,693,305,93
368,1023,0,190,1023,0,632,803,305,614,416,764,753,305,93
487,1023,0,290,1023,0,735,930,306,721,417,754,743,305,93
509,1023,0,292,1023,0,551,674,305,527,417,750,738,305,93
304,1023,0,228,1023,0,510,623,305,481,417,708,680,305,93
295,1023,0,149,965,0,688,873,305,674,417,504,468,305,93
613,1023,0,421,1023,0,475,519,305,461,417,765,748,305,93
308,1023,0,117,801,0,640,827,305,617,417,666,655,305,93
328,1023,0,126,950,0,373,372,305,373,417,664,657,305,93
490,1023,0,298,1023,0,412,401,305,421,417,697,684,305,93
395,1023,0,199,1023,0,567,705,305,545,417,731,727,305,93
397,1023,0,228,1023,0,524,635,305,494,417,737,725,305,93
431,1023,0,216,1023,0,339,382,305,359,417,737,724,305,93
438,1023,0,283,1023,0,670,850,305,649,417,734,717,305,93
463,1023,0,323,1023,0,768,981,306,761,417,726,718,305,93
620,1023,0,570,1023,0,397,422,305,429,417,745,725,305,93
586,1023,0,415,1023,0,651,826,305,632,417,802,791,305,93
309,1023,0,132,907,0,452,452,305,412,417,667,658,305,93
534,1023,0,232,1023,0,700,881,305,687,417,750,737,305,93
375,1023,0,165,1023,0,449,464,305,412,418,665,659,305,93
336,1023,0,123,932,0,832,1023,306,832,418,668,657,305,93
381,1023,0,157,1023,0,501,586,305,471,418,749,738,305,93
441,1023,0,222,1023,0,707,897,305,694,418,711,687,305,93
408,1023,0,235,1023,0,523,642,305,497,418,743,737,305,93
483,1023,0,246,1023,0,651,834,305,626,418,782,760,305,93
320,1023,0,142,1023,0,453,462,305,445,418,717,692,305,93
571,1023,0,367,1023,0,333,405,305,396,418,757,740,305,93
632,1023,0,456,1023,0,730,907,305,720,418,769,752,305,93
481,1023,0,433,1023,0,841,1023,306,841,418,760,738,305,93
635,1023,0,425,1023,0,791,1017,306,785,418,771,703,305,93
352,1023,0,128,924,0,570,722,305,541,418,689,684,305,93
388,1023,0,199,1023,0,731,944,306,720,419,696,679,305,93
271,1023,0,205,1023,0,540,651,305,520,419,728,720,305,93
268,1023,0,119,986,0,578,745,305,551,419,675,673,305,93
312,1023,0,106,825,0,468,528,305,439,419,688,682,305,93
312,1023,0,124,1000,0,264,345,305,290,419,465,442,305,93
410,1023,0,246,1023,0,455,504,305,422,419,784,770,305,93
435,1023,0,295,1023,0,358,371,305,381,419,745,729,305,93
611,1023,0,371,1023,0,581,705,305,557,419,754,747,305,93
276,1023,0,155,1023,0,541,684,305,503,419,683,676,305,93
678,1023,0,500,1023,0,587,715,305,567,419,766,734,305,93
513,1023,0,222,1023,0,602,748,305,578,419,732,707,305,93
495,1023,0,274,1023,0,583,720,305,558,419,730,704,305,93
401,1023,0,264,1023,0,410,412,305,412,419,736,720,305,93
427,1023,0,188,1023,0,539,653,305,510,420,720,701,305,93
373,1023,0,228,1023,0,617,785,305,594,420,717,724,305,93
494,1023,0,235,1023,0,439,448,305,423,420,729,706,305,93
383,1023,0,255,1023,0,498,563,305,488,420,754,742,305,93
465,1023,0,232,1023,0,591,739,305,569,420,745,739,305,93
393,1023,0,182,1023,0,533,654,305,503,420,734,725,305,93
317,1023,0,187,1023,0,438,446,305,401,420,686,680,305,93
481,1023,0,385,1023,0,655,817,305,638,420,726,694,305,93
295,1023,0,172,1023,0,451,404,305,447,420,698,682,305,93
375,1023,0,240,1023,0,394,406,305,414,420,715,705,305,93
355,1023,0,356,1023,0,522,642,305,497,420,758,751,305,93
452,1023,0,199,1023,0,414,418,305,390,420,729,720,305,93
708,1023,0,604,1023,0,699,880,305,680,420,789,768,305,93
445,1023,0,188,1023,0,344,395,305,375,420,716,701,305,93
629,1023,0,602,1023,0,571,682,305,552,421,788,773,305,93
338,1023,0,149,1023,0,482,558,305,441,421,690,686,305,93
350,1023,0,176,1023,0,400,402,305,369,421,722,708,305,93
341,1023,0,175,1023,0,348,374,305,292,421,678,665,305,93
432,1023,0,177,1023,0,616,777,305,591,421,710,698,305,93
478,1023,0,235,1023,0,627,789,305,604,421,738,729,305,93
286,1023,0,152,1023,0,334,349,305,328,421,675,658,305,93
276,1023,0,183,1023,0,540,655,305,516,421,728,717,305,93
564,1023,0,356,1023,0,409,419,305,407,421,744,723,305,93
410,1023,0,278,1023,0,804,1023,306,801,421,759,740,305,93
428,1023,0,268,1023,0,451,484,305,439,422,750,730,305,93
370,1023,0,301,1023,0,278,383,305,342,422,691,683,305,93
505,1023,0,473,1023,0,792,1019,306,787,422,807,786,305,93
418,1023,0,214,1023,0,436,422,305,423,422,705,700,305,93
332,1023,0,266,1023,0,367,403,305,407,422,706,703,305,93
365,1023,0,338,1023,0,533,605,305,648,422,776,706,305,93
349,1023,0,171,1023,0,745,958,306,737,422,717,712,305,99
700,1023,0,425,1023,0,807,1004,306,803,422,781,733,305,99
364,1023,0,176,1023,0,540,668,305,516,422,694,677,305,99
410,1023,0,223,1023,0,450,461,305,416,422,762,746,305,99
613,1023,0,449,1023,0,430,430,305,429,422,797,781,305,99
430,1023,0,446,1023,0,458,457,305,464,423,760,745,305,99
388,1023,0,224,1023,0,643,823,305,618,423,670,663,305,99
456,1023,0,364,1023,0,720,917,305,708,423,733,721,305,99
355,1023,0,137,982,0,560,711,305,530,423,708,694,305,99
438,1023,0,274,1023,0,742,946,306,732,423,253,385,305,99
271,1023,0,99,742,0,396,459,305,379,423,728,720,305,99
795,1023,0,520,1023,0,825,1007,307,821,423,790,763,305,99
364,1023,0,207,1023,0,481,572,305,446,423,697,685,305,99
484,1023,0,493,1023,0,523,599,305,503,423,711,689,305,99
370,1023,0,162,1023,0,346,365,305,362,423,699,689,305,99
400,1023,0,336,1023,0,619,785,305,597,423,695,686,305,99
374,1023,0,314,1023,0,429,413,305,471,423,717,706,305,99
454,1023,0,196,1023,0,611,761,305,590,423,760,740,305,99
385,1023,0,183,1023,0,438,490,305,412,423,662,642,305,99
490,1023,0,265,1023,0,462,500,305,446,423,741,723,305,99
460,1023,0,231,1023,0,560,687,305,529,423,745,725,305,99
539,1023,0,447,1023,0,745,944,306,736,423,752,716,305,99
301,1023,0,198,1023,0,388,414,305,382,423,682,667,305,99
433,1023,0,287,1023,0,539,658,305,526,423,699,664,305,99
337,1023,0,131,938,0,562,714,305,533,424,659,649,305,99
774,1023,0,414,1023,0,549,637,305,524,424,783,766,305,99
425,1023,0,187,1023,0,418,429,305,404,424,729,720,305,99
303,1023,0,179,1023,0,603,768,305,575,424,748,742,305,99
598,1023,0,399,1023,0,673,851,305,661,424,801,769,305,99
481,1023,0,287,1023,0,798,1021,306,793,424,769,756,305,99
409,1023,0,271,1023,0,322,433,305,332,424,743,727,305,99
406,1023,0,204,1023,0,796,1023,306,791,424,709,697,305,99
589,1023,0,460,1023,0,607,734,305,586,424,790,744,305,99
401,1023,0,195,1023,0,654,830,305,636,424,722,711,305,99
426,1023,0,267,1023,0,574,721,305,547,424,716,698,305,99
268,1023,0,90,695,0,530,664,305,501,425,388,386,305,99
574,1023,0,348,1023,0,521,588,305,496,425,761,705,305,99
332,1023,0,100,757,0,454,507,305,422,425,658,650,305,99
368,1023,0,225,1023,0,658,841,305,636,425,715,704,305,99
384,1023,0,180,1023,0,407,414,305,394,425,731,716,305,99
586,1023,0,459,1023,0,861,1023,307,862,425,769,746,305,99
599,1023,0,445,1023,0,458,457,305,448,425,748,720,305,99
362,1023,0,145,1023,0,588,747,305,562,425,712,700,305,99
400,1023,0,220,1023,0,597,753,305,573,425,653,627,305,99
583,1023,0,427,1023,0,355,381,305,390,425,751,724,305,99
530,1023,0,249,1023,0,541,648,305,515,425,765,757,305,99
368,1023,0,176,1023,0,822,1023,306,820,425,699,688,305,99
450,1023,0,386,1023,0,710,898,305,697,425,774,755,305,99
512,1023,0,247,1023,0,493,578,305,463,426,752,734,305,99
294,1023,0,147,1023,0,428,455,305,395,426,695,679,305,99
493,1023,0,271,1023,0,543,641,305,516,426,763,724,305,99
361,1023,0,206,1023,0,571,716,305,545,426,716,704,305,99
789,1023,0,490,1023,0,801,997,306,796,426,809,724,305,99
503,1023,0,339,1023,0,670,836,305,660,426,738,691,305,99
387,1023,0,241,1023,0,586,742,305,558,426,724,721,305,99
391,1023,0,221,1023,0,690,884,305,683,426,761,744,305,99
338,1023,0,266,1023,0,359,377,305,372,426,723,707,305,99
715,1023,0,709,1023,0,456,462,305,471,426,763,744,305,99
358,1023,0,182,1023,0,517,622,305,490,426,701,693,305,99
450,1023,0,205,1023,0,375,409,305,354,426,698,687,305,99
540,1023,0,265,1023,0,537,609,305,511,426,762,714,305,99
323,1023,0,108,802,0,511,628,305,477,426,677,670,305,99
331,1023,0,132,956,0,411,457,305,417,426,663,655,305,99
347,1023,0,118,832,0,514,637,305,484,426,679,671,305,99
310,1023,0,166,1023,0,505,610,305,474,426,623,610,305,99
369,1023,0,124,892,0,417,464,305,382,426,693,685,305,99
533,1023,0,259,1023,0,647,813,305,625,427,760,744,305,99
331,1023,0,162,1023,0,633,814,305,611,427,695,688,305,99
425,1023,0,243,1023,0,501,572,305,473,427,744,722,305,99
422,1023,0,278,1023,0,539,638,305,519,427,711,675,305,99
565,1023,0,220,1023,0,672,850,305,654,427,776,730,305,99
395,1023,0,176,1023,0,743,962,306,733,427,729,720,305,99
352,1023,0,264,1023,0,660,856,305,637,427,748,737,305,99
378,1023,0,246,1023,0,411,408,305,401,427,717,697,305,99
541,1023,0,383,1023,0,868,1023,306,871,427,769,743,305,99
629,1023,0,379,1023,0,639,807,305,619,427,786,764,305,99
343,1023,0,179,1023,0,554,692,305,521,427,690,679,305,99
511,1023,0,478,1023,0,503,570,305,484,427,748,725,305,99
316,1023,0,179,1023,0,466,519,305,443,427,704,676,305,99
668,1023,0,423,1023,0,645,802,305,621,427,774,758,305,99
703,1023,0,359,1023,0,580,706,305,553,428,765,749,305,99
426,1023,0,305,1023,0,474,521,305,455,428,745,734,305,99
428,1023,0,168,1023,0,554,687,305,527,428,718,708,305,99
367,1023,0,133,908,0,595,760,305,569,428,689,675,305,99
360,1023,0,257,1023,0,436,424,305,429,428,748,732,305,99
427,1023,0,215,1023,0,508,613,305,477,428,703,691,305,99
697,1023,0,501,1023,0,506,566,305,499,428,782,763,305,105
388,1023,0,260,1023,0,522,621,305,502,428,745,738,305,105
472,1023,0,500,1023,0,592,744,305,570,428,775,760,305,105
547,1023,0,474,1023,0,658,825,305,635,428,747,736,305,105
373,1023,0,219,1023,0,725,931,306,714,428,731,726,305,105
486,1023,0,332,1023,0,651,819,305,629,428,781,767,305,105
303,1023,0,174,1023,0,431,479,305,413,428,702,696,305,105
551,1023,0,216,1023,0,581,715,305,553,428,739,723,305,105
391,1023,0,301,1023,0,656,836,305,638,428,686,672,305,105
517,1023,0,476,1023,0,692,881,305,679,429,782,743,305,105
374,1023,0,159,1023,0,410,444,305,399,429,713,702,305,105
385,1023,0,264,1023,0,402,435,305,428,429,693,681,305,105
443,1023,0,271,1023,0,463,500,305,425,429,691,673,305,105
503,1023,0,407,1023,0,635,793,305,612,429,750,732,305,105
319,1023,0,141,1014,0,525,649,305,494,429,703,696,305,105
499,1023,0,233,1023,0,503,579,305,472,429,751,728,305,105
520,1023,0,383,1023,0,533,639,305,507,429,744,725,305,105
639,1023,0,679,1023,0,799,998,306,794,429,771,752,305,105
352,1023,0,126,932,0,703,909,305,690,429,700,689,305,105
316,1023,0,165,1023,0,575,721,305,548,429,715,712,305,105
592,1023,0,453,1023,0,457,477,305,427,429,815,771,305,105
724,1023,0,646,1023,0,854,1023,306,855,430,793,766,305,105
555,1023,0,442,1023,0,513,582,305,489,430,767,743,305,105
417,1023,0,236,1023,0,561,691,305,530,430,710,694,305,105
517,1023,0,367,1023,0,610,767,305,590,430,774,752,305,105
372,1023,0,170,1023,0,588,742,305,561,430,715,703,305,105
378,1023,0,258,1023,0,727,944,306,717,430,746,738,305,105
358,1023,0,254,1023,0,789,1021,306,786,430,791,783,305,105
419,1023,0,259,1023,0,538,664,305,509,430,748,738,305,105
594,1023,0,523,1023,0,453,452,305,467,430,749,736,305,105
369,1023,0,271,1023,0,586,731,305,558,430,735,719,305,105
501,1023,0,224,1023,0,430,435,305,406,430,724,712,305,105
294,1023,0,162,1023,0,383,394,305,376,430,699,688,305,105
779,1023,0,654,1023,0,692,862,305,671,430,855,827,305,105
330,1023,0,262,1023,0,619,787,305,597,430,731,715,305,105
616,1023,0,401,1023,0,427,430,305,439,430,763,743,305,105
447,1023,0,225,1023,0,825,1023,306,822,430,750,741,305,105
472,1023,0,245,1023,0,511,579,305,493,430,714,695,305,105
491,1023,0,196,1023,0,293,372,305,380,431,738,733,305,105
391,1023,0,143,948,0,434,434,305,418,431,651,645,305,105
310,1023,0,218,1023,0,601,774,305,577,431,714,700,305,105
223,1023,0,196,1023,0,545,678,305,517,431,682,668,305,105
339,1023,0,162,1023,0,710,917,305,698,431,667,654,305,105
716,1023,0,446,1023,0,466,463,305,478,431,789,755,305,105
420,1023,0,186,1023,0,526,641,305,488,431,729,720,305,105
609,1023,0,428,1023,0,516,592,305,497,431,753,738,305,105
716,1023,0,435,1023,0,758,937,306,748,431,796,772,305,105
393,1023,0,255,1023,0,514,608,305,491,431,723,713,305,105
495,1023,0,410,1023,0,416,422,305,421,431,762,740,305,105
768,1023,0,601,1023,0,672,833,305,653,431,835,796,305,105
421,1023,0,277,1023,0,579,725,305,555,431,742,727,305,105
308,1023,0,142,1023,0,649,840,305,630,431,672,672,305,105
380,1023,0,167,1023,0,609,755,305,582,431,712,698,305,105
412,1023,0,221,1023,0,480,501,305,476,431,780,773,305,105
520,1023,0,421,1023,0,563,681,305,539,431,731,683,305,105
330,1023,0,151,985,0,402,394,305,393,432,693,672,305,105
327,1023,0,178,1023,0,766,992,306,758,432,712,705,305,105
305,1023,0,155,1023,0,576,726,305,546,432,672,667,305,105
296,1023,0,132,989,0,541,663,305,516,432,662,649,305,105
300,1023,0,114,876,0,527,654,305,497,432,682,673,305,105
306,1023,0,115,859,0,476,541,305,464,432,677,661,305,105
286,1023,0,102,767,0,247,328,305,223,432,447,417,305,105
430,1023,0,237,1023,0,507,601,305,473,432,710,677,305,105
437,1023,0,171,1023,0,498,588,305,464,432,740,731,305,105
329,1023,0,198,1023,0,649,836,305,626,432,741,729,305,105
501,1023,0,230,1023,0,311,368,305,363,432,696,673,305,105
511,1023,0,449,1023,0,410,421,305,424,432,779,760,305,105
491,1023,0,295,1023,0,755,969,306,747,432,721,698,305,105
338,1023,0,175,1023,0,469,509,305,434,432,685,669,305,105
535,1023,0,311,1023,0,604,748,305,584,432,758,745,305,105
372,1023,0,217,1023,0,476,534,305,441,433,736,717,305,105
335,1023,0,237,1023,0,436,427,305,409,433,682,667,305,105
275,1023,0,133,931,0,616,795,305,588,433,723,707,305,105
286,1023,0,112,863,0,808,1023,306,805,433,678,672,305,105
456,1023,0,310,1023,0,365,394,305,335,433,671,657,305,105
359,1023,0,151,1023,0,561,705,305,531,433,725,718,305,105
508,1023,0,381,1023,0,657,817,305,635,433,776,765,305,105
367,1023,0,382,1023,0,796,1022,306,792,433,718,698,305,105
320,1023,0,211,1023,0,420,422,305,411,433,689,683,305,105
294,1023,0,129,973,0,677,870,305,663,433,685,671,305,105
397,1023,0,232,1023,0,489,581,305,459,433,722,713,305,105
599,1023,0,562,1023,0,767,947,306,759,433,722,704,305,105
717,1023,0,570,1023,0,653,805,305,632,433,763,745,305,105
338,1023,0,145,1023,0,396,398,305,359,433,674,670,305,105
422,1023,0,195,1023,0,371,382,305,373,434,707,697,305,105
389,1023,0,199,1023,0,472,522,305,457,434,716,706,305,105
513,1023,0,425,1023,0,435,443,305,471,434,776,742,305,105
467,1023,0,439,1023,0,457,474,305,450,434,791,753,305,105
458,1023,0,319,1023,0,413,433,305,409,434,686,680,305,105
435,1023,0,247,1023,0,759,970,306,751,434,753,744,305,111
363,1023,0,191,1023,0,506,608,305,483,434,715,709,305,111
398,1023,0,184,1023,0,582,713,305,559,434,719,682,305,111
416,1023,0,360,1023,0,386,375,305,403,434,727,718,305,111
682,1023,0,529,1023,0,715,918,305,706,434,787,757,305,111
344,1023,0,140,1023,0,637,814,305,615,434,677,668,305,111
529,1023,0,253,1023,0,601,750,305,578,434,745,736,305,111
354,1023,0,83,546,0,319,362,305,352,434,668,658,305,111
557,1023,0,307,1023,0,653,834,305,629,434,752,738,305,111
401,1023,0,208,1023,0,500,519,305,478,434,731,725,305,111
407,1023,0,347,1023,0,519,620,305,501,435,627,623,305,111
427,1023,0,236,1023,0,587,739,305,566,435,718,704,305,111
419,1023,0,162,1023,0,555,681,305,527,435,715,702,305,111
447,1023,0,226,1023,0,478,531,305,453,435,728,703,305,111
619,1023,0,454,1023,0,547,642,305,522,435,794,753,305,111
386,1023,0,212,1023,0,569,711,305,538,435,725,722,305,111
517,1023,0,243,1023,0,708,887,305,691,435,726,706,305,111
434,1023,0,206,1023,0,538,658,305,507,435,754,737,305,111
351,1023,0,182,1023,0,646,835,305,621,435,707,703,305,111
285,1023,0,153,1023,0,370,374,305,374,435,696,689,305,111
456,1023,0,279,1023,0,469,481,305,475,435,756,740,305,111
319,1023,0,128,998,0,455,512,305,439,435,671,664,305,111
379,1023,0,166,1023,0,634,811,305,611,435,711,697,305,111
517,1023,0,373,1023,0,417,406,305,402,435,738,725,305,111
382,1023,0,179,1023,0,387,391,305,398,436,652,630,305,111
595,1023,0,470,1023,0,846,1023,306,846,436,622,563,305,111
491,1023,0,209,1023,0,527,631,305,494,436,731,709,305,111
389,1023,0,162,1023,0,426,403,305,415,436,682,663,305,111
653,1023,0,378,1023,0,565,703,305,543,436,785,726,305,111
445,1023,0,273,1023,0,599,753,305,574,436,734,723,305,111
754,1023,0,520,1023,0,517,572,305,502,436,816,754,305,111
427,1023,0,138,930,0,571,715,305,544,436,712,700,305,111
452,1023,0,258,1023,0,631,793,305,607,436,738,722,305,111
667,1023,0,460,1023,0,666,841,305,646,436,769,747,305,111
479,1023,0,290,1023,0,715,906,305,705,436,741,725,305,111
387,1023,0,235,1023,0,506,572,305,474,436,717,710,305,111
309,1023,0,212,1023,0,581,732,305,554,436,707,693,305,111
314,1023,0,188,1023,0,664,841,305,648,436,721,710,305,111
377,1023,0,256,1023,0,528,636,305,505,436,732,725,305,111
438,1023,0,519,1023,0,493,555,305,482,436,779,756,305,111
442,1023,0,252,1023,0,588,732,305,559,436,734,716,305,111
319,1023,0,247,1023,0,535,673,305,514,436,741,735,305,111
387,1023,0,202,1023,0,377,372,305,321,436,681,671,305,111
347,1023,0,216,1023,0,528,639,305,497,436,707,693,305,111
396,1023,0,212,1023,0,654,828,305,635,437,732,716,305,111
376,1023,0,199,1023,0,543,674,305,510,437,719,712,305,111
349,1023,0,139,962,0,432,454,305,411,437,709,691,305,111
285,1023,0,122,884,0,284,364,305,311,437,628,627,305,111
560,1023,0,371,1023,0,639,807,305,616,437,740,720,305,111
476,1023,0,254,1023,0,535,640,305,508,437,732,721,305,111
579,1023,0,367,1023,0,645,795,305,621,437,781,748,305,111
717,1023,0,515,1023,0,745,915,306,734,437,775,754,305,111
289,1023,0,123,904,0,394,424,305,385,437,686,678,305,111
306,1023,0,168,1023,0,556,701,305,527,437,727,719,305,111
735,1023,0,591,1023,0,574,681,305,552,437,783,755,305,111
666,1023,0,264,1023,0,463,437,305,427,438,767,699,305,111
324,1023,0,120,809,0,784,1013,306,778,438,680,669,305,111
377,1023,0,206,1023,0,757,980,306,751,438,726,715,305,111
446,1023,0,256,1023,0,601,752,305,574,438,789,782,305,111
405,1023,0,144,928,0,704,901,305,691,438,708,700,305,111
522,1023,0,277,1023,0,583,717,305,559,438,803,792,305,111
451,1023,0,330,1023,0,573,711,305,549,438,757,748,305,111
338,1023,0,173,1023,0,418,416,305,392,438,699,682,305,111
509,1023,0,449,1023,0,470,474,305,460,438,736,720,305,111
418,1023,0,208,1023,0,404,381,305,374,438,728,709,305,111
375,1023,0,181,1023,0,667,856,305,652,438,718,697,305,111
386,1023,0,181,1023,0,622,779,305,602,438,715,705,305,111
524,1023,0,350,1023,0,539,654,305,513,438,769,756,305,111
337,1023,0,180,1023,0,381,395,305,392,438,740,727,305,111
537,1023,0,450,1023,0,851,1023,306,850,438,777,752,305,111
756,1023,0,581,1023,0,460,476,305,480,438,811,778,305,111
452,1023,0,336,1023,0,637,802,305,618,438,763,721,305,111
453,1023,0,222,1023,0,476,519,305,460,438,726,719,305,111
537,1023,0,363,1023,0,715,907,305,702,438,764,753,305,111
438,1023,0,231,1023,0,649,823,305,627,438,737,722,305,111
536,1023,0,387,1023,0,804,1015,306,801,438,768,751,305,111
339,1023,0,137,1023,0,711,921,306,700,439,683,674,305,111
386,1023,0,206,1023,0,477,555,305,458,439,726,712,305,111
404,1023,0,179,1023,0,592,750,305,566,439,726,718,305,111
422,1023,0,181,1023,0,532,630,305,508,439,720,723,305,111
397,1023,0,167,1023,0,353,372,305,393,439,688,680,305,111
443,1023,0,180,1023,0,494,565,305,459,439,721,714,305,111
455,1023,0,224,1023,0,385,399,305,365,439,722,710,305,111
379,1023,0,267,1023,0,718,919,305,703,439,746,739,305,111
337,1023,0,112,804,0,388,394,305,365,439,700,683,305,111
335,1023,0,156,1023,0,407,397,305,409,439,579,628,305,111
387,1023,0,246,1023,0,810,1023,306,806,439,723,695,305,111
333,1023,0,131,1019,0,404,377,305,399,439,634,617,305,111
411,1023,0,148,914,0,184,352,305,269,439,706,688,305,111
375,1023,0,263,1023,0,590,743,305,565,439,743,728,305,111
421,1023,0,205,1023,0,400,392,305,379,439,714,696,305,111
666,1023,0,355,1023,0,627,774,305,607,439,748,732,305,111
476,1023,0,247,1023,0,516,602,305,475,440,738,730,305,111
433,1023,0,237,1023,0,788,1000,306,781,440,722,712,305,116
603,1023,0,324,1023,0,409,396,305,436,440,747,724,305,116
338,1023,0,113,789,0,782,1006,306,777,440,707,700,305,116
329,1023,0,130,921,0,526,653,305,491,440,673,652,305,116
479,1023,0,238,1023,0,525,631,305,498,440,724,715,305,116
309,1023,0,171,1023,0,472,551,305,431,440,677,673,305,116
348,1023,0,254,1023,0,496,592,305,468,440,716,702,305,116
284,1023,0,185,1023,0,511,625,305,479,440,678,674,305,116
297,1023,0,153,1023,0,714,925,306,702,440,717,709,305,116
395,1023,0,181,1023,0,572,719,305,545,440,756,744,305,116
654,1023,0,359,1023,0,586,711,305,562,440,805,788,305,116
616,1023,0,605,1023,0,657,826,305,642,440,831,816,305,116
402,1023,0,155,1018,0,608,770,305,582,440,714,702,305,116
568,1023,0,347,1023,0,729,915,305,719,440,752,736,305,116
423,1023,0,251,1023,0,475,483,305,488,440,676,654,305,116
402,1023,0,503,1023,0,633,799,305,620,440,744,730,305,116
281,1023,0,216,1023,0,794,1023,306,791,441,741,729,305,116
425,1023,0,235,1023,0,495,573,305,468,441,725,701,305,116
568,1023,0,388,1023,0,587,739,305,565,441,725,694,305,116
472,1023,0,290,1023,0,342,379,305,337,441,727,706,305,116
535,1023,0,424,1023,0,596,723,305,574,441,783,766,305,116
401,1023,0,252,1023,0,764,993,306,757,441,774,768,305,116
456,1023,0,326,1023,0,533,626,305,510,441,793,781,305,116
795,1023,0,522,1023,0,527,577,305,505,441,780,757,305,116
511,1023,0,277,1023,0,730,931,306,719,441,742,729,305,116
439,1023,0,227,1023,0,678,860,305,663,441,728,718,305,116
721,1023,0,550,1023,0,528,643,305,513,441,798,778,305,116
525,1023,0,269,1023,0,808,1015,306,804,441,749,744,305,116
467,1023,0,302,1023,0,710,891,305,696,441,746,726,305,116
420,1023,0,231,1023,0,438,408,305,425,441,743,734,305,116
606,1023,0,460,1023,0,828,1023,306,826,441,756,743,305,116
464,1023,0,249,1023,0,637,809,305,613,441,706,691,305,116
348,1023,0,97,712,0,405,402,305,397,441,676,655,305,116
513,1023,0,250,1023,0,398,400,305,408,441,735,725,305,116
367,1023,0,150,1023,0,479,551,305,442,441,658,646,305,116
533,1023,0,445,1023,0,843,1023,306,843,441,765,753,305,116
472,1023,0,394,1023,0,486,556,305,446,442,717,693,305,116
333,1023,0,147,1023,0,634,816,305,611,442,701,668,305,116
482,1023,0,241,1023,0,372,371,305,395,442,716,702,305,116
298,1023,0,199,1023,0,433,425,305,419,442,680,673,305,116
537,1023,0,317,1023,0,519,595,305,497,442,758,744,305,116
365,1023,0,194,1023,0,718,926,306,706,442,697,692,305,116
350,1023,0,159,1023,0,635,815,305,615,442,702,706,305,116
548,1023,0,277,1023,0,769,974,306,762,442,733,719,305,116
537,1023,0,413,1023,0,432,448,305,425,442,774,760,305,116
352,1023,0,139,964,0,601,767,305,573,442,693,679,305,116
443,1023,0,218,1023,0,470,543,305,445,442,711,701,305,116
432,1023,0,236,1023,0,459,525,305,430,442,716,705,305,116
316,1023,0,151,1023,0,448,489,305,430,442,708,680,305,116
333,1023,0,116,863,0,322,348,305,329,442,741,738,305,116
414,1023,0,236,1023,0,612,775,305,588,442,731,719,305,116
605,1023,0,316,1023,0,611,752,305,589,442,725,707,305,116
350,1023,0,195,1023,0,577,729,305,547,442,698,694,305,116
358,1023,0,182,1023,0,552,688,305,526,442,705,692,305,116
439,1023,0,175,1023,0,792,1010,306,787,442,695,683,305,116
432,1023,0,311,1023,0,481,512,305,469,442,726,709,305,116
402,1023,0,274,1023,0,445,459,305,414,442,707,699,305,116
476,1023,0,420,1023,0,537,613,305,526,443,774,750,305,116
331,1023,0,220,1023,0,652,838,305,631,443,728,716,305,116
385,1023,0,133,937,0,530,647,305,501,443,691,677,305,116
496,1023,0,248,1023,0,534,633,305,504,443,756,732,305,116
324,1023,0,147,1023,0,591,753,305,566,443,713,703,305,116
363,1023,0,163,1023,0,377,382,305,386,443,698,689,305,116
451,1023,0,194,1023,0,764,967,306,757,443,750,734,305,116
312,1023,0,139,1023,0,628,810,305,604,443,696,690,305,116
591,1023,0,300,1023,0,751,958,306,741,443,753,736,305,116
568,1023,0,267,1023,0,775,972,306,767,443,752,736,305,116
348,1023,0,144,1001,0,694,899,305,681,443,656,649,305,116
644,1023,0,460,1023,0,698,864,305,681,443,795,772,305,116
415,1023,0,186,1023,0,437,440,305,417,443,724,703,305,116
387,1023,0,186,1023,0,535,658,305,509,444,707,692,305,116
370,1023,0,211,1023,0,544,678,305,518,444,716,708,305,116
542,1023,0,296,1023,0,767,976,306,759,444,771,746,305,116
366,1023,0,259,1023,0,343,377,305,371,444,683,654,305,116
342,1023,0,205,1023,0,323,347,305,378,444,693,680,305,116
533,1023,0,403,1023,0,742,945,306,731,444,761,742,305,116
395,1023,0,180,1023,0,499,587,305,467,444,690,682,305,116
487,1023,0,260,1023,0,401,384,305,397,444,719,697,305,116
521,1023,0,440,1023,0,529,630,305,501,444,749,730,305,116
345,1023,0,137,1005,0,496,587,305,469,444,714,683,305,116
624,1023,0,612,1023,0,761,957,306,751,444,769,745,305,116
292,1023,0,105,780,0,538,678,305,507,444,689,677,305,116
677,1023,0,400,1023,0,732,932,306,722,444,770,740,305,116
548,1023,0,213,1023,0,593,744,305,565,444,740,733,305,116
366,1023,0,123,900,0,433,469,305,404,444,668,660,305,116
733,1023,0,533,1023,0,493,481,305,528,444,763,717,305,116
295,1023,0,169,1023,0,452,510,305,431,444,637,628,305,116
423,1023,0,190,1023,0,601,758,305,572,444,746,740,305,116
373,1023,0,170,1023,0,578,723,305,553,444,708,693,305,116
365,1023,0,304,1023,0,369,402,305,398,445,695,684,305,116
306,1023,0,138,1023,0,699,904,305,687,445,685,672,305,116
590,1023,0,410,1023,0,578,717,305,557,445,776,760,305,116
688,1023,0,498,1023,0,797,1001,306,795,445,817,783,305,116
538,1023,0,356,1023,0,405,385,305,426,445,768,756,305,116
593,1023,0,565,1023,0,775,975,306,767,445,807,792,305,122
404,1023,0,290,1023,0,488,563,305,454,445,729,716,305,122
278,1023,0,105,759,0,239,334,305,305,445,651,638,305,122
289,1023,0,152,1023,0,604,776,305,578,445,695,684,305,122
413,1023,0,301,1023,0,480,540,305,452,445,737,717,305,122
408,1023,0,384,1023,0,408,409,305,407,445,753,745,305,122
266,1023,0,133,1023,0,491,590,305,461,445,656,648,305,122
543,1023,0,331,1023,0,455,443,305,446,445,757,730,305,122
618,1023,0,382,1023,0,401,406,305,422,445,792,781,305,122
231,1023,0,203,1023,0,724,936,306,713,445,735,728,305,122
473,1023,0,514,1023,0,470,479,305,476,445,696,685,305,122
353,1023,0,193,1023,0,505,620,305,474,445,695,691,305,122
367,1023,0,149,1023,0,492,583,305,463,446,700,693,305,122
428,1023,0,377,1023,0,749,957,306,739,446,756,747,305,122
393,1023,0,300,1023,0,811,1023,306,809,446,728,719,305,122
344,1023,0,126,878,0,591,749,305,565,446,712,707,305,122
425,1023,0,310,1023,0,616,770,305,598,446,735,723,305,122
445,1023,0,257,1023,0,629,797,305,603,446,736,724,305,122
421,1023,0,216,1023,0,497,576,305,467,446,691,685,305,122
518,1023,0,313,1023,0,448,470,305,438,446,778,759,305,122
380,1023,0,211,1023,0,671,861,305,648,446,738,720,305,122
336,1023,0,145,1018,0,617,787,305,592,446,704,681,305,122
473,1023,0,393,1023,0,563,676,305,540,446,726,707,305,122
328,1023,0,129,994,0,372,370,305,368,446,635,632,305,122
306,1023,0,145,1023,0,332,353,305,298,446,684,670,305,122
290,1023,0,168,1023,0,618,787,305,600,446,697,686,305,122
290,1023,0,151,1023,0,576,733,305,546,446,745,731,305,122
252,1023,0,133,1023,0,548,673,305,519,446,728,715,305,122
449,1023,0,256,1023,0,467,497,305,438,446,722,711,305,122
425,1023,0,216,1023,0,702,895,305,688,446,777,769,305,122
417,1023,0,172,981,0,451,477,305,416,447,712,706,305,122
485,1023,0,339,1023,0,580,707,305,554,447,771,761,305,122
304,1023,0,178,1023,0,804,1023,306,800,447,714,699,305,122
354,1023,0,158,1023,0,490,557,305,461,447,720,711,305,122
723,1023,0,521,1023,0,455,475,305,457,447,790,757,305,122
407,1023,0,204,1023,0,533,644,305,506,447,745,725,305,122
412,1023,0,293,1023,0,745,958,306,738,447,730,723,305,122
342,1023,0,127,910,0,416,395,305,388,447,658,648,305,122
421,1023,0,165,947,0,555,684,305,566,447,738,721,305,122
639,1023,0,504,1023,0,789,990,306,783,447,792,775,305,122
582,1023,0,455,1023,0,438,452,305,450,447,760,747,305,122
420,1023,0,191,1023,0,681,865,305,666,447,730,721,305,122
430,1023,0,357,1023,0,529,634,305,504,447,788,777,305,122
619,1023,0,242,1023,0,439,438,305,438,447,679,611,305,122
323,1023,0,141,1021,0,613,785,305,583,447,705,699,305,122
405,1023,0,238,1023,0,522,625,305,490,447,715,690,305,122
422,1023,0,261,1023,0,534,646,305,511,448,735,722,305,122
515,1023,0,330,1023,0,545,665,305,519,448,741,724,305,122
352,1023,0,179,1023,0,598,752,305,572,448,699,691,305,122
393,1023,0,165,1023,0,549,680,305,517,448,717,699,305,122
428,1023,0,180,1023,0,499,572,305,468,448,721,712,305,122
369,1023,0,164,1023,0,474,555,305,445,448,725,727,305,122
403,1023,0,235,1023,0,519,621,305,496,448,720,708,305,122
352,1023,0,196,1023,0,381,366,305,380,448,700,693,305,122
307,1023,0,166,1023,0,784,1003,306,779,448,715,707,305,122
370,1023,0,145,1004,0,535,658,305,505,448,719,711,305,122
363,1023,0,182,1023,0,414,401,305,402,448,719,711,305,122
761,1023,0,510,1023,0,656,805,305,638,448,761,751,305,122
487,1023,0,343,1023,0,602,746,305,577,448,726,711,305,122
364,1023,0,148,1020,0,541,668,305,501,448,656,649,305,122
804,1023,0,572,1023,0,614,741,305,597,449,821,781,305,122
416,1023,0,207,1023,0,431,451,305,402,449,750,740,305,122
363,1023,0,188,1023,0,430,423,305,437,449,695,684,305,122
352,1023,0,232,1023,0,433,427,305,421,449,713,692,305,122
409,1023,0,238,1023,0,394,400,305,372,449,701,686,305,122
452,1023,0,297,1023,0,610,772,305,591,449,715,702,305,122
729,1023,0,494,1023,0,442,434,305,441,449,782,725,305,122
388,1023,0,167,1023,0,415,398,305,408,449,665,657,305,122
583,1023,0,247,1023,0,612,749,305,589,449,766,706,305,122
325,1023,0,106,797,0,512,623,305,494,449,738,728,305,122
560,1023,0,435,1023,0,676,858,305,654,449,743,731,305,122
656,1023,0,577,1023,0,508,490,305,508,449,811,753,305,122
381,1023,0,142,1023,0,496,587,305,471,449,724,712,305,122
334,1023,0,158,1023,0,546,681,305,510,449,696,686,305,122
480,1023,0,216,1023,0,574,705,305,547,449,779,767,305,122
379,1023,0,147,1023,0,427,422,305,412,449,709,701,305,128
314,1023,0,161,1023,0,478,526,305,462,450,736,718,305,128
404,1023,0,304,1023,0,644,811,305,625,450,753,733,305,128
562,1023,0,350,1023,0,770,975,306,763,450,780,767,305,128
552,1023,0,342,1023,0,663,829,305,648,450,734,724,305,128
425,1023,0,259,1023,0,412,388,305,409,450,727,720,305,128
511,1023,0,388,1023,0,582,725,305,560,450,815,801,305,128
380,1023,0,208,1023,0,512,597,305,487,450,681,677,305,128
348,1023,0,200,1023,0,692,892,305,678,450,707,692,305,128
324,1023,0,131,1019,0,357,360,305,350,450,641,633,305,128
467,1023,0,460,1023,0,554,662,305,530,450,775,761,305,128
648,1023,0,321,1023,0,505,574,305,484,450,775,747,305,128
250,1023,0,193,1023,0,543,643,305,522,450,689,674,305,128
453,1023,0,246,1023,0,435,442,305,420,450,707,699,305,128
403,1023,0,331,1023,0,434,400,305,428,450,698,678,305,128
338,1023,0,168,1023,0,569,723,305,548,451,701,694,305,128
610,1023,0,640,1023,0,592,704,305,573,451,823,797,305,128
584,1023,0,344,1023,0,427,441,305,434,451,733,717,305,128
450,1023,0,197,1023,0,492,581,305,469,451,715,701,305,128
559,1023,0,436,1023,0,436,431,305,437,451,784,740,305,128
489,1023,0,442,1023,0,542,648,305,518,451,755,755,305,128
492,1023,0,363,1023,0,472,525,305,467,451,488,450,305,128
294,1023,0,72,381,0,424,370,305,417,451,390,346,305,128
697,1023,0,548,1023,0,470,481,305,472,451,775,758,305,128
365,1023,0,278,1023,0,511,618,305,492,451,745,727,305,128
382,1023,0,204,1023,0,365,391,305,380,451,700,697,305,128
649,1023,0,553,1023,0,442,466,305,444,451,788,769,305,128
561,1023,0,435,1023,0,504,587,305,483,451,784,767,305,128
527,1023,0,232,1023,0,526,617,305,505,452,701,684,305,128
347,1023,0,374,1023,0,491,567,305,475,452,717,671,305,128
389,1023,0,252,1023,0,501,596,305,477,452,704,683,305,128
376,1023,0,135,925,0,598,759,305,569,452,703,665,305,128
389,1023,0,252,1023,0,580,731,305,553,452,748,735,305,128
434,1023,0,146,994,0,432,453,305,408,452,694,681,305,128
399,1023,0,212,1023,0,396,393,305,396,452,688,675,305,128
289,1023,0,192,1023,0,559,707,305,528,452,705,693,305,128
560,1023,0,457,1023,0,784,985,306,777,452,780,736,305,128
528,1023,0,516,1023,0,653,829,305,633,452,793,774,305,128
554,1023,0,376,1023,0,488,522,305,474,452,765,749,305,128
364,1023,0,169,1023,0,527,644,305,498,452,705,696,305,128
399,1023,0,283,1023,0,642,818,305,623,452,749,732,305,128
380,1023,0,121,848,0,411,453,305,392,453,716,714,305,128
702,1023,0,353,1023,0,727,919,306,714,453,782,755,305,128
395,1023,0,189,1023,0,821,1023,306,819,453,724,717,305,128
416,1023,0,224,1023,0,716,923,306,704,453,687,669,305,128
433,1023,0,166,1023,0,492,578,305,464,453,681,656,305,128
360,1023,0,217,1023,0,333,379,305,322,453,708,702,305,128
510,1023,0,305,1023,0,392,398,305,410,453,743,721,305,128
628,1023,0,478,1023,0,711,888,305,695,453,786,758,305,128
345,1023,0,227,1023,0,570,707,305,545,453,689,677,305,128
452,1023,0,392,1023,0,838,1023,306,838,453,781,753,305,128
480,1023,0,443,1023,0,573,689,305,547,453,787,768,305,128
450,1023,0,161,1007,0,618,755,305,592,453,672,650,305,128
678,1023,0,395,1023,0,689,862,305,669,453,761,744,305,128
464,1023,0,344,1023,0,653,814,305,633,453,795,771,305,128
283,1023,0,120,935,0,663,860,305,645,453,683,672,305,128
543,1023,0,369,1023,0,804,1017,306,800,453,782,761,305,128
446,1023,0,200,1023,0,350,391,305,338,453,731,723,305,128
358,1023,0,183,1023,0,371,412,305,360,454,675,667,305,128
205,1023,0,156,1023,0,468,514,305,442,454,655,653,305,128
655,1023,0,481,1023,0,807,1018,306,803,454,793,776,305,128
320,1023,0,243,1023,0,453,476,305,440,454,750,727,305,128
517,1023,0,469,1023,0,488,546,305,477,454,749,729,305,128
447,1023,0,238,1023,0,591,745,305,566,454,728,713,305,128
679,1023,0,555,1023,0,447,445,305,460,454,801,779,305,128
518,1023,0,260,1023,0,579,716,305,554,454,754,750,305,128
306,1023,0,95,756,0,495,589,305,466,454,668,654,305,128
329,1023,0,165,1023,0,565,713,305,535,454,729,718,305,128
319,1023,0,151,1023,0,414,381,305,384,454,687,675,305,128
405,1023,0,192,1023,0,516,614,305,480,454,728,706,305,134
402,1023,0,210,1023,0,448,486,305,430,454,731,720,305,134
399,1023,0,261,1023,0,350,370,305,304,454,723,706,305,134
295,1023,0,252,1023,0,433,439,305,401,454,706,701,305,134
277,1023,0,178,1023,0,317,364,305,375,454,720,708,305,134
323,1023,0,134,962,0,427,462,305,391,455,661,651,305,134
455,1023,0,529,1023,0,579,697,305,559,455,745,729,305,134
517,1023,0,334,1023,0,788,994,306,782,455,771,746,305,134
372,1023,0,139,949,0,673,867,305,660,455,706,689,305,134
343,1023,0,167,1023,0,558,699,305,532,455,698,687,305,134
448,1023,0,364,1023,0,445,438,305,431,455,755,740,305,134
390,1023,0,247,1023,0,784,1011,306,778,455,730,716,305,134
372,1023,0,255,1023,0,560,693,305,530,455,719,701,305,134
582,1023,0,322,1023,0,422,393,305,422,455,679,639,305,134
499,1023,0,256,1023,0,641,813,305,615,455,744,735,305,134
353,1023,0,327,1023,0,690,885,305,676,455,712,701,305,134
490,1023,0,248,1023,0,565,690,305,537,455,761,739,305,134
431,1023,0,185,1023,0,614,773,305,587,455,716,708,305,134
424,1023,0,309,1023,0,460,418,305,461,455,738,723,305,134
450,1023,0,223,1023,0,523,591,305,504,455,733,710,305,134
380,1023,0,255,1023,0,526,630,305,501,455,626,662,305,134
558,1023,0,377,1023,0,783,991,306,777,455,738,716,305,134
582,1023,0,327,1023,0,421,426,305,411,456,767,744,305,134
320,1023,0,126,893,0,459,532,305,439,456,684,679,305,134
410,1023,0,148,949,0,552,682,305,522,456,701,692,305,134
348,1023,0,196,1023,0,749,966,306,740,456,706,693,305,134
473,1023,0,289,1023,0,623,783,305,598,456,721,700,305,134
363,1023,0,214,1023,0,590,746,305,566,456,684,667,305,134
345,1023,0,181,1023,0,661,846,305,643,456,692,686,305,134
492,1023,0,327,1023,0,790,1005,306,785,456,756,740,305,134
369,1023,0,240,1023,0,522,619,305,491,456,694,680,305,134
464,1023,0,411,1023,0,407,410,305,424,456,769,759,305,134
328,1023,0,141,1001,0,394,415,305,379,456,680,673,305,134
335,1023,0,223,1023,0,508,606,305,480,456,714,710,305,134
235,1023,0,159,1023,0,525,657,305,499,456,696,688,305,134
498,1023,0,355,1023,0,417,403,305,427,456,763,747,305,134
303,1023,0,109,836,0,427,427,305,411,456,680,674,305,134
364,1023,0,219,1023,0,483,566,305,457,456,740,720,305,134
457,1023,0,338,1023,0,453,429,305,436,456,747,733,305,134
310,1023,0,167,1023,0,417,404,305,405,456,461,429,305,134
501,1023,0,257,1023,0,809,1023,306,806,456,749,731,305,134
435,1023,0,229,1023,0,608,763,305,582,456,777,762,305,134
420,1023,0,254,1023,0,501,585,305,479,456,731,709,305,134
525,1023,0,363,1023,0,627,772,305,604,456,738,704,305,134
514,1023,0,330,1023,0,693,880,305,678,457,783,773,305,134
323,1023,0,179,1023,0,378,383,305,378,457,683,677,305,134
385,1023,0,196,1023,0,446,468,305,421,457,680,674,305,134
448,1023,0,323,1023,0,627,795,305,606,457,763,738,305,134
246,1023,0,152,1023,0,536,665,305,506,457,699,681,305,134
345,1023,0,135,961,0,491,564,305,465,457,651,646,305,134
329,1023,0,114,821,0,555,698,305,532,457,698,692,305,134
436,1023,0,254,1023,0,481,539,305,463,457,718,706,305,134
460,1023,0,299,1023,0,595,743,305,567,457,754,739,305,134
484,1023,0,508,1023,0,467,460,305,454,457,777,752,305,134
390,1023,0,172,1023,0,397,384,305,388,457,693,677,305,134
314,1023,0,209,1023,0,621,797,305,595,457,732,720,305,134
324,1023,0,360,1023,0,465,430,305,485,457,732,718,305,134
605,1023,0,322,1023,0,465,470,305,451,457,756,714,305,134
371,1023,0,157,1023,0,499,601,305,468,457,719,709,305,134
491,1023,0,260,1023,0,462,498,305,441,457,739,732,305,134
547,1023,0,552,1023,0,634,780,305,614,457,769,740,305,134
322,1023,0,221,1023,0,526,649,305,498,457,688,678,305,134
441,1023,0,300,1023,0,621,774,305,597,457,674,652,305,134
320,1023,0,174,1023,0,670,866,305,654,458,743,736,305,134
351,1023,0,284,1023,0,626,794,305,605,458,691,687,305,134
391,1023,0,177,1023,0,412,401,305,386,458,707,701,305,134
376,1023,0,152,1023,0,599,763,305,573,458,699,685,305,134
401,1023,0,194,1023,0,760,979,306,752,458,713,705,305,134
431,1023,0,297,1023,0,394,395,305,403,458,728,724,305,134
317,1023,0,132,1002,0,507,613,305,474,458,671,659,305,134
289,1023,0,107,783,0,656,849,305,639,458,699,689,305,134
382,1023,0,259,1023,0,405,398,305,405,458,688,680,305,134
548,1023,0,430,1023,0,586,720,305,565,458,752,731,305,134
542,1023,0,380,1023,0,534,630,305,505,458,739,729,305,134
405,1023,0,248,1023,0,563,697,305,539,458,728,723,305,134
376,1023,0,149,1021,0,651,835,305,630,458,695,669,305,134
398,1023,0,408,1023,0,748,962,306,736,458,778,768,305,134
380,1023,0,264,1023,0,507,598,305,485,458,709,689,305,134
331,1023,0,161,1023,0,425,430,305,401,458,677,674,305,134
369,1023,0,187,1023,0,523,639,305,493,458,617,610,305,134
306,1023,0,168,1023,0,471,532,305,452,458,682,678,305,134
317,1023,0,156,1023,0,497,594,305,470,458,677,667,305,134
385,1023,0,242,1023,0,737,949,306,727,459,761,744,305,134
389,1023,0,232,1023,0,470,483,305,457,459,690,679,305,134
446,1023,0,306,1023,0,513,675,305,436,459,726,714,305,140
269,1023,0,259,1023,0,767,992,306,755,459,734,707,305,140
375,1023,0,240,1023,0,610,775,305,591,459,736,728,305,140
414,1023,0,273,1023,0,513,614,305,481,459,685,685,305,140
361,1023,0,141,927,0,566,716,305,528,459,685,681,305,140
411,1023,0,284,1023,0,646,824,305,621,459,742,715,305,140
452,1023,0,255,1023,0,681,860,305,663,459,750,712,305,140
356,1023,0,196,1023,0,541,664,305,516,459,728,707,305,140
424,1023,0,254,1023,0,596,744,305,569,459,727,718,305,140
317,1023,0,110,813,0,530,670,305,499,459,633,627,305,140
432,1023,0,256,1023,0,566,690,305,539,459,743,705,305,140
547,1023,0,460,1023,0,582,720,305,560,459,731,716,305,140
490,1023,0,276,1023,0,537,641,305,514,459,754,733,305,140
555,1023,0,282,1023,0,658,835,305,642,459,735,717,305,140
405,1023,0,358,1023,0,404,389,305,416,459,741,732,305,140
388,1023,0,243,1023,0,550,681,305,518,459,719,704,305,140
440,1023,0,318,1023,0,730,930,306,716,460,758,744,305,140
389,1023,0,239,1023,0,500,566,305,480,460,704,688,305,140
294,1023,0,175,1023,0,306,365,305,319,460,689,686,305,140
520,1023,0,379,1023,0,414,382,305,430,460,736,707,305,140
589,1023,0,556,1023,0,439,414,305,435,460,757,739,305,140
337,1023,0,158,1023,0,526,639,305,490,460,723,715,305,140
672,1023,0,332,1023,0,751,938,306,743,460,744,729,305,140
410,1023,0,393,1023,0,594,698,305,575,460,766,740,305,140
484,1023,0,235,1023,0,798,1023,306,793,460,756,743,305,140
284,1023,0,154,1023,0,573,734,305,546,460,474,444,305,140
506,1023,0,262,1023,0,550,664,305,523,460,730,700,305,140
385,1023,0,226,1023,0,361,377,305,392,460,698,677,305,140
373,1023,0,173,1023,0,486,563,305,465,460,710,703,305,140
438,1023,0,175,1023,0,642,816,305,619,460,741,733,305,140
608,1023,0,393,1023,0,669,837,305,648,460,773,757,305,140
421,1023,0,275,1023,0,585,732,305,556,460,734,715,305,140
286,1023,0,114,813,0,739,958,306,728,460,709,701,305,140
648,1023,0,660,1023,0,573,678,305,548,460,772,726,305,140
420,1023,0,194,1023,0,300,378,305,329,460,727,714,305,140
380,1023,0,245,1023,0,756,971,306,748,460,716,703,305,140
339,1023,0,125,827,0,614,785,305,587,461,681,675,305,140
390,1023,0,224,1023,0,463,508,305,443,461,760,739,305,140
428,1023,0,214,1023,0,496,578,305,458,461,708,694,305,140
365,1023,0,189,1023,0,576,729,305,546,461,675,666,305,140
334,1023,0,111,810,0,444,487,305,408,461,645,640,305,140
460,1023,0,178,1023,0,546,675,305,517,461,735,729,305,140
367,1023,0,200,1023,0,543,662,305,520,461,660,645,305,140
316,1023,0,330,1023,0,513,614,305,482,461,712,695,305,140
515,1023,0,503,1023,0,654,831,305,630,461,758,741,305,140
335,1023,0,158,1023,0,513,615,305,486,461,619,609,305,140
484,1023,0,329,1023,0,711,903,305,696,461,775,761,305,140
657,1023,0,496,1023,0,517,577,305,499,461,761,749,305,140
389,1023,0,218,1023,0,495,571,305,471,461,744,725,305,140
744,1023,0,409,1023,0,812,988,307,809,461,775,743,305,140
380,1023,0,333,1023,0,590,737,305,565,461,704,683,305,140
439,1023,0,287,1023,0,387,385,305,404,461,731,716,305,140
452,1023,0,434,1023,0,697,880,305,682,461,732,710,305,140
719,1023,0,449,1023,0,406,435,305,428,461,801,767,305,140
296,1023,0,149,1023,0,504,618,305,476,461,693,685,305,140
622,1023,0,638,1023,0,610,747,305,590,461,773,755,305,140
468,1023,0,309,1023,0,489,532,305,480,461,714,691,305,140
378,1023,0,191,1023,0,508,604,305,487,461,698,685,305,140
593,1023,0,475,1023,0,502,509,305,512,462,756,737,305,140
336,1023,0,179,1023,0,534,629,305,512,462,712,706,305,140
458,1023,0,378,1023,0,608,756,305,581,462,753,743,305,140
400,1023,0,184,1023,0,511,583,305,486,462,697,681,305,140
370,1023,0,119,829,0,608,778,305,583,462,678,660,305,140
504,1023,0,329,1023,0,350,397,305,400,462,729,713,305,140
574,1023,0,333,1023,0,739,936,306,726,462,771,750,305,140
349,1023,0,147,1023,0,505,619,305,474,462,693,681,305,140
216,1023,0,196,1023,0,441,508,305,494,462,535,506,305,140
375,1023,0,138,978,0,450,495,305,426,462,687,669,305,140
565,1023,0,277,1023,0,580,708,305,553,462,746,730,305,140
303,1023,0,270,1023,0,488,519,305,463,462,721,710,305,140
616,1023,0,516,1023,0,379,403,305,404,462,752,737,305,140
339,1023,0,156,1023,0,412,396,305,406,462,731,725,305,140
337,1023,0,178,1023,0,493,581,305,466,462,676,665,305,140
463,1023,0,257,1023,0,528,620,305,506,462,742,735,305,140
266,1023,0,111,815,0,548,692,305,520,462,699,695,305,140
349,1023,0,190,1023,0,519,624,305,483,463,702,695,305,140
374,1023,0,195,1023,0,468,523,305,442,463,733,718,305,140
360,1023,0,225,1023,0,458,469,305,438,463,724,716,305,140
679,1023,0,474,1023,0,644,791,305,625,463,761,746,305,140
675,1023,0,515,1023,0,459,489,305,470,463,814,776,305,140
387,1023,0,240,1023,0,654,833,305,630,463,741,736,305,140
537,1023,0,160,783,0,705,865,305,692,463,700,641,305,140
499,1023,0,361,1023,0,761,965,306,754,463,800,783,305,140
392,1023,0,316,1023,0,527,628,305,499,463,727,715,305,140
606,1023,0,631,1023,0,834,1023,306,832,463,782,763,305,140
328,1023,0,123,918,0,495,579,305,472,463,686,677,305,140
321,1023,0,194,1023,0,534,656,305,508,463,706,699,305,140
476,1023,0,290,1023,0,394,405,305,429,463,720,707,305,140
529,1023,0,402,1023,0,626,783,305,601,463,757,742,305,140
634,1023,0,493,1023,0,907,1023,306,915,463,797,753,305,140
523,1023,0,425,1023,0,755,961,306,748,464,784,765,305,140
497,1023,0,482,1023,0,532,636,305,511,464,769,750,305,140
660,1023,0,494,1023,0,671,822,305,652,464,804,739,305,140
367,1023,0,179,1023,0,549,688,305,511,464,730,725,305,140
543,1023,0,291,1023,0,751,952,306,741,464,773,740,305,140
619,1023,0,353,1023,0,736,942,306,727,464,786,738,305,140
292,1023,0,197,1023,0,467,529,305,431,464,743,734,305,140
621,1023,0,469,1023,0,592,714,305,568,464,773,753,305,145
526,1023,0,400,1023,0,420,411,305,428,464,796,782,305,145
399,1023,0,156,947,0,636,813,305,611,464,736,731,305,145
386,1023,0,233,1023,0,325,365,305,367,464,668,663,305,145
667,1023,0,335,1023,0,754,962,306,746,464,763,715,305,145
631,1023,0,457,1023,0,776,982,306,769,464,814,802,305,145
303,1023,0,166,1023,0,577,736,305,549,464,653,646,305,145
325,1023,0,181,1023,0,679,883,305,663,464,738,729,305,145
500,1023,0,294,1023,0,571,703,305,547,465,737,710,305,145
355,1023,0,148,974,0,552,698,305,524,465,702,687,305,145
595,1023,0,504,1023,0,622,764,305,598,465,770,734,305,145
374,1023,0,135,909,0,641,822,305,621,465,700,692,305,145
465,1023,0,286,1023,0,350,398,305,392,465,724,706,305,145
309,1023,0,141,1001,0,622,806,305,594,465,700,695,305,145
382,1023,0,213,1023,0,423,427,305,410,465,685,667,305,145
377,1023,0,172,1023,0,472,505,305,452,465,682,674,305,145
498,1023,0,278,1023,0,475,518,305,448,465,715,704,305,145
551,1023,0,327,1023,0,511,588,305,488,465,777,723,305,145
366,1023,0,177,1023,0,605,770,305,584,465,716,712,305,145
427,1023,0,301,1023,0,600,752,305,573,465,701,673,305,145
369,1023,0,199,1023,0,395,390,305,390,465,705,689,305,145
392,1023,0,183,1023,0,507,607,305,487,465,728,721,305,145
365,1023,0,189,1023,0,396,361,305,396,465,475,456,305,145
369,1023,0,158,1023,0,567,719,305,541,465,717,707,305,145
299,1023,0,108,841,0,594,763,305,568,465,684,680,305,145
351,1023,0,247,1023,0,752,966,306,743,465,729,714,305,145
673,1023,0,315,1023,0,440,449,305,441,465,772,694,305,145
320,1023,0,135,916,0,615,788,305,587,465,707,700,305,145
298,1023,0,150,1023,0,395,384,305,393,465,649,660,305,145
378,1023,0,129,1007,0,402,428,305,367,465,625,617,305,145
578,1023,0,408,1023,0,403,393,305,415,465,749,732,305,145
321,1023,0,217,1023,0,489,580,305,462,465,686,682,305,145
458,1023,0,285,1023,0,431,432,305,440,465,723,711,305,145
373,1023,0,134,944,0,644,822,305,623,466,733,720,305,145
577,1023,0,594,1023,0,629,787,305,604,466,811,796,305,145
563,1023,0,519,1023,0,817,1020,306,815,466,797,772,305,145
327,1023,0,151,990,0,737,952,306,727,466,720,712,305,145
382,1023,0,167,1023,0,372,376,305,362,466,716,703,305,145
340,1023,0,181,1023,0,354,377,305,372,466,737,715,305,145
378,1023,0,256,1023,0,447,481,305,434,466,714,699,305,145
388,1023,0,129,886,0,561,708,305,529,466,722,712,305,145
386,1023,0,190,1023,0,498,583,305,474,466,705,696,305,145
301,1023,0,160,1023,0,510,621,305,480,466,728,720,305,145
337,1023,0,205,1023,0,673,863,305,659,466,715,704,305,145
452,1023,0,229,1023,0,729,935,306,720,466,758,747,305,145
339,1023,0,192,1023,0,539,666,305,516,466,712,700,305,145
368,1023,0,204,1023,0,482,555,305,460,466,730,718,305,145
339,1023,0,124,889,0,475,548,305,444,466,689,681,305,145
481,1023,0,337,1023,0,845,1023,306,845,466,726,706,305,145
782,1023,0,618,1023,0,870,1023,307,873,466,766,745,305,145
454,1023,0,213,1023,0,590,729,305,565,466,730,714,305,145
455,1023,0,231,1023,0,382,380,305,348,466,723,716,305,145
396,1023,0,273,1023,0,607,772,305,577,467,748,731,305,145
369,1023,0,216,1023,0,445,453,305,410,467,711,701,305,145
476,1023,0,358,1023,0,605,754,305,581,467,741,734,305,145
509,1023,0,319,1023,0,461,466,305,445,467,762,747,305,145
686,1023,0,396,1023,0,598,707,305,575,467,821,768,305,145
368,1023,0,210,1023,0,729,934,306,718,467,744,738,305,145
507,1023,0,243,1023,0,660,833,305,636,467,712,694,305,145
473,1023,0,267,1023,0,564,695,305,533,467,749,733,305,145
341,1023,0,176,1023,0,633,806,305,615,467,722,706,305,145
707,1023,0,399,1023,0,722,899,305,707,467,787,755,305,145
453,1023,0,267,1023,0,483,487,305,485,467,713,696,305,145
357,1023,0,174,1023,0,541,669,305,506,467,720,711,305,145
346,1023,0,195,1023,0,380,378,305,362,467,685,672,305,145
473,1023,0,169,967,0,517,601,305,483,467,716,705,305,145
465,1023,0,295,1023,0,344,401,305,382,468,731,718,305,145
322,1023,0,255,1023,0,571,723,305,545,468,740,733,305,145
341,1023,0,137,944,0,695,895,305,680,468,694,684,305,145
474,1023,0,212,1023,0,747,957,306,738,468,756,740,305,145
516,1023,0,271,1023,0,642,809,305,621,468,716,707,305,145
593,1023,0,345,1023,0,553,675,305,526,468,809,793,305,145
600,1023,0,568,1023,0,803,1007,306,797,468,763,748,305,145
400,1023,0,350,1023,0,558,680,305,537,468,765,752,305,145
336,1023,0,211,1023,0,747,961,306,735,468,764,748,305,145
384,1023,0,174,1023,0,634,808,305,614,468,672,649,305,145
509,1023,0,463,1023,0,721,904,305,709,468,756,728,305,145
593,1023,0,322,1023,0,817,1023,306,813,468,768,732,305,145
278,1023,0,145,1023,0,554,700,305,525,468,699,696,305,145
414,1023,0,281,1023,0,282,378,305,336,468,691,678,305,145
326,1023,0,151,1023,0,682,880,305,663,468,716,708,305,145
537,1023,0,554,1023,0,828,1023,306,828,468,759,740,305,145
368,1023,0,192,1023,0,234,379,305,285,468,687,678,305,145
415,1023,0,225,1023,0,435,464,305,394,469,694,684,305,145
526,1023,0,430,1023,0,805,1003,306,802,469,772,742,305,145
541,1023,0,318,1023,0,476,513,305,450,469,743,722,305,145
445,1023,0,393,1023,0,461,436,305,461,469,752,730,305,145
646,1023,0,596,1023,0,916,1023,307,924,469,781,763,305,145
758,1023,0,501,1023,0,664,821,305,643,469,786,763,305,151
761,1023,0,649,1023,0,805,1002,306,801,469,792,765,305,151
779,1023,0,522,1023,0,571,691,305,558,469,791,709,305,151
414,1023,0,280,1023,0,742,952,306,732,469,750,734,305,151
368,1023,0,169,1023,0,463,515,305,444,469,707,701,305,151
598,1023,0,434,1023,0,787,1004,306,782,469,814,801,305,151
349,1023,0,199,1023,0,738,952,306,728,469,719,704,305,151
522,1023,0,354,1023,0,413,403,305,422,469,714,703,305,151
466,1023,0,418,1023,0,607,755,305,587,469,813,791,305,151
453,1023,0,256,1023,0,400,412,305,418,469,755,740,305,151
433,1023,0,392,1023,0,562,685,305,539,469,801,786,305,151
583,1023,0,404,1023,0,799,1017,306,794,469,781,767,305,151
323,1023,0,185,1023,0,550,688,305,524,469,719,712,305,151
332,1023,0,126,866,0,518,627,305,478,469,717,700,305,151
447,1023,0,236,1023,0,273,361,305,258,469,680,664,305,151
382,1023,0,174,1023,0,517,622,305,490,469,729,720,305,151
329,1023,0,197,1023,0,361,358,305,390,469,680,669,305,151
307,1023,0,150,1023,0,438,452,305,428,469,686,672,305,151
368,1023,0,184,1023,0,407,389,305,380,470,686,674,305,151
467,1023,0,329,1023,0,652,816,305,629,470,767,756,305,151
754,1023,0,524,1023,0,823,1023,306,820,470,784,728,305,151
278,1023,0,138,982,0,478,664,305,457,470,687,681,305,151
376,1023,0,259,1023,0,582,726,305,558,470,697,668,305,151
544,1023,0,467,1023,0,409,417,305,420,470,750,714,305,151
336,1023,0,234,1023,0,451,515,305,435,470,736,724,305,151
356,1023,0,190,1023,0,362,362,305,349,470,700,693,305,151
409,1023,0,203,1023,0,578,723,305,547,470,726,714,305,151
618,1023,0,547,1023,0,378,342,305,319,470,361,320,305,151
584,1023,0,388,1023,0,466,484,305,436,470,752,741,305,151
297,1023,0,137,1023,0,500,610,305,463,470,681,676,305,151
373,1023,0,274,1023,0,398,397,305,391,470,686,681,305,151
442,1023,0,281,1023,0,405,405,305,398,470,762,750,305,151
563,1023,0,268,1023,0,553,652,305,528,470,756,742,305,151
354,1023,0,196,1023,0,374,368,305,365,470,686,679,305,151
574,1023,0,378,1023,0,435,456,305,439,470,720,704,305,151
653,1023,0,535,1023,0,650,804,305,632,470,811,759,305,151
429,1023,0,485,1023,0,638,801,305,616,470,776,757,305,151
475,1023,0,282,1023,0,408,379,305,394,471,735,724,305,151
358,1023,0,197,1023,0,477,537,305,450,471,716,711,305,151
527,1023,0,343,1023,0,494,538,305,475,471,752,730,305,151
578,1023,0,489,1023,0,514,612,305,499,471,764,731,305,151
310,1023,0,264,1023,0,774,1002,306,766,471,753,742,305,151
445,1023,0,274,1023,0,444,461,305,420,471,732,704,305,151
266,1023,0,129,1023,0,602,779,305,578,471,679,670,305,151
559,1023,0,423,1023,0,622,767,305,604,471,746,735,305,151
498,1023,0,384,1023,0,775,1000,306,770,471,792,772,305,151
466,1023,0,167,948,0,592,726,305,566,471,727,711,305,151
513,1023,0,364,1023,0,776,993,306,769,471,803,789,305,151
601,1023,0,269,1023,0,528,618,305,496,471,770,737,305,151
500,1023,0,471,1023,0,427,403,305,434,471,735,717,305,151
569,1023,0,369,1023,0,617,765,305,594,471,804,788,305,151
355,1023,0,127,984,0,564,712,305,534,471,668,662,305,151
671,1023,0,430,1023,0,397,420,305,426,471,772,752,305,151
434,1023,0,201,1023,0,578,719,305,548,471,740,727,305,151
732,1023,0,671,1023,0,456,477,305,463,471,772,760,305,151
408,1023,0,168,1023,0,370,383,305,362,471,697,690,305,151
316,1023,0,250,1023,0,514,619,305,481,471,773,764,305,151
389,1023,0,273,1023,0,552,677,305,524,471,734,721,305,151
458,1023,0,211,1023,0,562,692,305,534,471,729,704,305,151
292,1023,0,125,946,0,567,717,305,538,471,710,694,305,151
406,1023,0,164,1023,0,372,372,305,384,471,658,646,305,151
448,1023,0,385,1023,0,493,564,305,477,471,721,700,305,151
579,1023,0,382,1023,0,612,770,305,589,472,788,768,305,151
564,1023,0,306,1023,0,457,493,305,441,472,746,733,305,151
389,1023,0,181,1023,0,455,520,305,427,472,727,721,305,151
322,1023,0,162,1023,0,645,831,305,624,472,707,697,305,151
332,1023,0,103,814,0,353,401,305,361,472,664,646,305,151
397,1023,0,320,1023,0,428,427,305,409,472,730,715,305,151
260,1023,0,251,1023,0,654,843,305,631,472,732,731,305,151
355,1023,0,216,1023,0,397,384,305,417,472,714,695,305,151
368,1023,0,266,1023,0,527,620,305,507,472,761,750,305,151
433,1023,0,264,1023,0,455,492,305,445,472,733,719,305,151
608,1023,0,399,1023,0,737,919,306,725,472,806,754,305,151
447,1023,0,158,1009,0,673,853,305,658,472,718,704,305,151
337,1023,0,278,1023,0,400,408,305,391,472,663,650,305,151
459,1023,0,273,1023,0,552,659,305,526,472,755,734,305,151
396,1023,0,271,1023,0,494,547,305,468,472,734,721,305,151
428,1023,0,222,1023,0,414,408,305,402,472,658,633,305,151
471,1023,0,302,1023,0,784,997,306,779,472,746,734,305,151
575,1023,0,404,1023,0,794,984,306,790,472,761,747,305,151
450,1023,0,213,1023,0,528,638,305,509,472,766,754,305,151
466,1023,0,189,1023,0,579,715,305,558,473,731,717,305,151
714,1023,0,532,1023,0,526,589,305,510,473,740,700,305,151
538,1023,0,336,1023,0,426,414,305,426,473,754,740,305,151
387,1023,0,163,1023,0,616,786,305,590,473,699,690,305,151
402,1023,0,216,1023,0,497,541,305,466,473,682,661,305,151
476,1023,0,229,1023,0,494,555,305,466,473,722,701,305,151
548,1023,0,253,1023,0,459,461,305,443,473,733,720,305,151
363,1023,0,245,1023,0,681,864,305,666,473,741,730,305,151
485,1023,0,480,1023,0,395,366,305,398,473,357,336,305,151
626,1023,0,675,1023,0,401,395,305,421,473,774,756,305,151
291,1023,0,205,1023,0,410,399,305,402,473,706,687,305,151
385,1023,0,229,1023,0,648,829,305,630,473,728,713,305,151
348,1023,0,225,1023,0,482,566,305,455,473,690,680,305,151
359,1023,0,130,938,0,434,414,305,427,473,684,679,305,151
343,1023,0,181,1023,0,539,670,305,508,473,749,737,305,151
510,1023,0,226,1023,0,343,382,305,364,473,724,697,305,151
408,1023,0,233,1023,0,346,377,305,388,473,706,691,305,151
432,1023,0,214,1023,0,545,662,305,519,473,756,743,305,151
430,1023,0,238,1023,0,404,407,305,408,473,686,673,305,151
436,1023,0,343,1023,0,376,391,305,393,473,762,746,305,151
431,1023,0,157,894,0,582,728,305,559,473,722,717,305,157
340,1023,0,234,1023,0,404,388,305,378,473,708,688,305,157
492,1023,0,321,1023,0,526,598,305,502,473,768,741,305,157
358,1023,0,161,1023,0,732,941,306,722,473,528,494,305,157
546,1023,0,445,1023,0,400,409,305,429,473,745,726,305,157
390,1023,0,193,1023,0,614,780,305,593,473,737,728,305,157
476,1023,0,288,1023,0,586,720,305,559,473,722,712,305,157
752,1023,0,446,1023,0,827,1023,307,824,474,772,748,305,157
317,1023,0,137,1020,0,361,364,305,369,474,688,670,305,157
451,1023,0,252,1023,0,542,660,305,508,474,724,709,305,157
511,1023,0,249,1023,0,501,577,305,484,474,715,709,305,157
712,1023,0,427,1023,0,694,855,305,673,474,793,749,305,157
443,1023,0,355,1023,0,649,806,305,631,474,725,713,305,157
583,1023,0,344,1023,0,602,740,305,583,474,763,740,305,157
566,1023,0,323,1023,0,388,396,305,402,474,731,712,305,157
344,1023,0,189,1023,0,630,805,305,604,474,727,715,305,157
332,1023,0,149,1023,0,657,849,305,632,474,679,670,305,157
401,1023,0,265,1023,0,489,455,305,473,474,733,721,305,157
543,1023,0,367,1023,0,502,474,305,497,474,704,669,305,157
391,1023,0,278,1023,0,559,666,305,541,474,746,737,305,157
304,1023,0,142,1023,0,355,365,305,345,474,701,693,305,157
250,1023,0,110,865,0,580,749,305,550,474,682,680,305,157
507,1023,0,244,1023,0,699,885,305,685,474,741,734,305,157
559,1023,0,205,1023,0,659,821,305,635,474,741,726,305,157
372,1023,0,184,1023,0,351,351,305,309,474,707,691,305,157
473,1023,0,175,1023,0,504,590,305,476,474,725,706,305,157
651,1023,0,522,1023,0,421,451,305,436,474,829,798,305,157
449,1023,0,264,1023,0,434,424,305,409,474,712,691,305,157
383,1023,0,202,1023,0,612,786,305,595,474,698,680,305,157
535,1023,0,514,1023,0,451,457,305,448,474,763,736,305,157
346,1023,0,148,1023,0,627,805,305,602,474,734,715,305,157
527,1023,0,500,1023,0,420,411,305,477,475,810,793,305,157
359,1023,0,173,1023,0,662,855,305,645,475,717,709,305,157
315,1023,0,121,913,0,700,903,305,687,475,712,702,305,157
469,1023,0,235,1023,0,478,530,305,458,475,717,707,305,157
395,1023,0,284,1023,0,517,623,305,493,475,715,698,305,157
290,1023,0,131,995,0,726,945,306,714,475,687,684,305,157
277,1023,0,113,882,0,504,621,305,478,475,661,650,305,157
371,1023,0,144,763,0,483,542,305,456,475,443,374,305,157
456,1023,0,229,1023,0,486,538,305,473,475,726,723,305,157
600,1023,0,341,1023,0,628,778,305,605,475,762,745,305,157
467,1023,0,250,1023,0,505,576,305,489,475,769,755,305,157
336,1023,0,119,923,0,349,385,305,344,475,689,683,305,157
428,1023,0,312,1023,0,616,775,305,596,475,717,706,305,157
467,1023,0,400,1023,0,589,724,305,568,475,760,743,305,157
331,1023,0,174,1023,0,475,489,305,451,475,669,659,305,157
260,1023,0,152,1023,0,744,964,306,734,475,721,711,305,157
459,1023,0,238,1023,0,559,680,305,529,475,773,757,305,157
465,1023,0,315,1023,0,620,780,305,600,475,742,718,305,157
564,1023,0,467,1023,0,676,853,305,656,475,807,755,305,157
464,1023,0,219,1023,0,603,754,305,577,475,748,737,305,157
447,1023,0,309,1023,0,762,980,306,753,475,739,717,305,157
304,1023,0,180,1023,0,547,683,305,513,475,647,632,305,157
406,1023,0,268,1023,0,370,395,305,377,475,714,703,305,157
275,1023,0,75,593,0,277,342,305,298,476,411,399,305,157
325,1023,0,189,1023,0,535,663,305,507,476,702,695,305,157
442,1023,0,122,688,0,574,710,305,551,476,707,696,305,157
431,1023,0,203,1023,0,577,716,305,553,476,711,693,305,157
407,1023,0,187,1023,0,747,959,306,737,476,715,701,305,157
569,1023,0,200,1023,0,658,822,305,640,476,751,738,305,157
629,1023,0,435,1023,0,481,493,305,466,476,768,743,305,157
388,1023,0,176,1023,0,546,663,305,520,476,721,709,305,157
740,1023,0,678,1023,0,865,1023,307,867,476,824,790,305,157
514,1023,0,352,1023,0,800,1023,306,795,476,795,783,305,157
376,1023,0,191,1023,0,378,382,305,355,476,742,723,305,157
686,1023,0,513,1023,0,851,1023,306,852,476,763,735,305,157
797,1023,0,489,1023,0,657,826,305,636,476,836,816,305,157
430,1023,0,357,1023,0,519,609,305,499,476,738,718,305,157
422,1023,0,207,1023,0,473,521,305,448,476,740,733,305,157
613,1023,0,535,1023,0,848,1023,306,849,476,795,767,305,157
336,1023,0,148,1023,0,582,736,305,553,476,698,688,305,157
330,1023,0,210,1023,0,715,923,306,703,476,727,721,305,157
591,1023,0,452,1023,0,569,700,305,548,476,811,789,305,157
385,1023,0,141,951,0,619,788,305,594,476,696,690,305,157
421,1023,0,139,912,0,524,623,305,494,476,732,722,305,157
362,1023,0,177,1023,0,443,441,305,437,476,706,697,305,157
388,1023,0,237,1023,0,638,806,305,616,476,741,733,305,157
422,1023,0,210,1023,0,476,537,305,436,476,714,696,305,157
289,1023,0,119,947,0,415,432,305,366,477,648,635,305,157
553,1023,0,381,1023,0,701,890,305,686,477,792,758,305,157
388,1023,0,167,1023,0,370,357,305,361,477,709,696,305,157
330,1023,0,90,659,0,552,693,305,524,477,677,671,305,157
534,1023,0,370,1023,0,548,636,305,525,477,706,657,305,157
326,1023,0,196,1023,0,529,646,305,507,477,748,745,305,157
472,1023,0,190,1023,0,518,613,305,488,477,732,732,305,157
428,1023,0,259,1023,0,808,1023,306,803,477,696,675,305,157
292,1023,0,198,1023,0,452,437,305,457,477,679,669,305,157
364,1023,0,129,882,0,534,652,305,508,477,699,693,305,157
342,1023,0,230,1023,0,323,370,305,349,477,667,661,305,157
408,1023,0,247,1023,0,357,373,305,366,477,734,713,305,157
606,1023,0,355,1023,0,609,752,305,587,477,769,695,305,157
451,1023,0,209,1023,0,307,354,305,285,477,688,664,305,157
485,1023,0,330,1023,0,751,957,306,743,477,757,748,305,163
807,1023,0,627,1023,0,631,761,305,618,477,802,775,305,163
428,1023,0,233,1023,0,493,564,305,470,477,733,722,305,163
444,1023,0,259,1023,0,446,480,305,440,477,728,716,305,163
576,1023,0,231,1023,0,498,543,305,466,477,717,680,305,163
392,1023,0,195,1023,0,530,651,305,500,477,662,670,305,163
421,1023,0,200,1023,0,494,563,305,470,477,685,648,305,163
343,1023,0,142,1023,0,438,493,305,412,477,704,699,305,163
347,1023,0,128,853,0,492,576,305,467,478,680,676,305,163
352,1023,0,199,1023,0,796,1023,306,791,478,730,716,305,163
466,1023,0,359,1023,0,628,810,305,606,478,773,748,305,163
555,1023,0,313,1023,0,633,789,305,615,478,750,736,305,163
409,1023,0,163,1023,0,522,643,305,495,478,697,688,305,163
423,1023,0,185,1023,0,527,632,305,507,478,726,716,305,163
254,1023,0,108,783,0,442,466,305,422,478,663,655,305,163
384,1023,0,194,1023,0,563,706,305,536,478,720,708,305,163
555,1023,0,566,1023,0,625,782,305,602,478,783,762,305,163
300,1023,0,232,1023,0,480,553,305,452,478,762,753,305,163
401,1023,0,430,1023,0,469,500,305,459,478,726,713,305,163
309,1023,0,144,1023,0,377,367,305,374,478,665,654,305,163
510,1023,0,361,1023,0,548,665,305,526,478,725,701,305,163
500,1023,0,383,1023,0,669,850,305,649,478,762,744,305,163
328,1023,0,229,1023,0,524,618,305,505,478,672,662,305,163
540,1023,0,246,1023,0,431,416,305,416,478,734,673,305,163
440,1023,0,240,1023,0,560,687,305,536,478,742,731,305,163
310,1023,0,214,1023,0,514,629,305,488,478,680,677,305,163
376,1023,0,153,1023,0,584,739,305,558,478,664,652,305,163
393,1023,0,162,1023,0,504,585,305,476,478,651,642,305,163
366,1023,0,215,1023,0,413,455,305,400,478,711,700,305,163
334,1023,0,297,1023,0,602,771,305,574,478,759,747,305,163
338,1023,0,177,1023,0,794,1022,306,789,479,748,739,305,163
740,1023,0,497,1023,0,677,851,305,664,479,799,736,305,163
451,1023,0,359,1023,0,442,437,305,436,479,770,751,305,163
495,1023,0,182,1023,0,590,732,305,562,479,723,707,305,163
401,1023,0,196,1023,0,470,531,305,424,479,730,714,305,163
354,1023,0,140,920,0,532,659,305,501,479,703,690,305,163
462,1023,0,238,1023,0,511,608,305,479,479,707,676,305,163
314,1023,0,159,1023,0,562,707,305,534,479,633,672,305,163
424,1023,0,246,1023,0,555,678,305,530,479,754,742,305,163
347,1023,0,169,1023,0,530,653,305,501,479,699,689,305,163
319,1023,0,169,1023,0,462,521,305,411,479,666,650,305,163
321,1023,0,145,1023,0,385,380,305,383,479,648,626,305,163
516,1023,0,239,1023,0,550,668,305,522,479,757,743,305,163
504,1023,0,342,1023,0,432,399,305,416,479,762,739,305,163
342,1023,0,153,1023,0,398,371,305,373,479,715,707,305,163
726,1023,0,602,1023,0,703,904,305,686,479,796,730,305,163
465,1023,0,182,1023,0,709,902,305,693,479,727,705,305,163
447,1023,0,248,1023,0,545,654,305,514,480,737,723,305,163
415,1023,0,203,1023,0,508,607,305,473,480,703,694,305,163
308,1023,0,124,830,0,599,767,305,569,480,683,677,305,163
299,1023,0,160,1023,0,493,585,305,448,480,719,710,305,163
374,1023,0,177,1023,0,519,622,305,490,480,723,708,305,163
383,1023,0,150,1020,0,532,654,305,505,480,662,652,305,163
454,1023,0,260,1023,0,451,420,305,441,480,754,744,305,163
250,1023,0,113,864,0,395,408,305,374,480,684,678,305,163
668,1023,0,366,1023,0,785,994,306,778,480,779,752,305,163
467,1023,0,239,1023,0,759,969,306,750,480,744,734,305,163
421,1023,0,324,1023,0,594,745,305,573,480,748,733,305,163
337,1023,0,156,1023,0,505,614,305,472,480,697,691,305,163
656,1023,0,494,1023,0,595,721,305,570,480,750,733,305,163
661,1023,0,398,1023,0,645,801,305,621,480,762,742,305,163
669,1023,0,350,1023,0,616,763,305,590,480,757,738,305,163
422,1023,0,189,1023,0,636,804,305,616,480,717,705,305,163
379,1023,0,199,1023,0,438,449,305,437,480,692,682,305,163
366,1023,0,255,1023,0,579,725,305,552,480,727,714,305,163
348,1023,0,283,1023,0,370,380,305,354,480,723,711,305,163
514,1023,0,252,1023,0,531,627,305,505,480,735,718,305,163
442,1023,0,125,795,0,416,414,305,403,480,706,691,305,163
392,1023,0,215,1023,0,549,681,305,520,480,740,724,305,163
435,1023,0,307,1023,0,685,871,305,671,480,748,734,305,163
380,1023,0,187,1023,0,509,603,305,470,480,697,682,305,163
356,1023,0,161,1023,0,688,885,305,672,480,710,699,305,163
567,1023,0,402,1023,0,512,592,305,487,480,756,732,305,163
309,1023,0,146,1023,0,555,700,305,529,481,691,680,305,163
552,1023,0,313,1023,0,558,674,305,531,481,738,717,305,163
257,1023,0,187,1023,0,505,598,305,477,481,735,732,305,163
490,1023,0,174,1023,0,596,743,305,569,481,724,711,305,163
282,1023,0,159,1023,0,485,576,305,454,481,714,705,305,163
337,1023,0,233,1023,0,595,743,305,568,481,710,693,305,163
472,1023,0,261,1023,0,630,802,305,605,481,750,729,305,163
375,1023,0,166,1023,0,450,402,305,455,481,727,715,305,163
532,1023,0,371,1023,0,605,751,305,580,481,762,750,305,163
502,1023,0,297,1023,0,763,974,306,755,481,747,726,305,163
385,1023,0,222,1023,0,305,391,305,360,481,701,685,305,163
425,1023,0,257,1023,0,687,873,305,677,481,701,691,305,163
489,1023,0,435,1023,0,711,901,305,695,481,776,757,305,163
388,1023,0,419,1023,0,643,822,305,628,481,763,752,305,163
329,1023,0,210,1023,0,647,825,305,627,481,675,660,305,163
397,1023,0,168,1023,0,537,659,305,507,481,749,733,305,163
348,1023,0,156,1023,0,532,656,305,500,481,671,663,305,163
370,1023,0,225,1023,0,474,533,305,443,481,696,680,305,163
340,1023,0,205,1023,0,489,577,305,471,481,695,688,305,163
317,1023,0,151,1023,0,510,632,305,480,481,716,706,305,163
324,1023,0,152,1019,0,631,803,305,607,481,719,706,305,169
491,1023,0,232,1023,0,783,997,306,778,481,750,738,305,169
548,1023,0,313,1023,0,770,964,306,762,482,749,731,305,169
263,1023,0,161,1023,0,610,790,305,586,482,695,685,305,169
594,1023,0,299,1023,0,629,779,305,612,482,751,737,305,169
303,1023,0,127,955,0,518,634,305,485,482,634,626,305,169
647,1023,0,424,1023,0,853,1023,307,853,482,772,753,305,169
564,1023,0,470,1023,0,797,996,306,792,482,795,753,305,169
325,1023,0,196,1023,0,545,679,305,514,482,753,746,305,169
389,1023,0,231,1023,0,441,411,305,424,482,718,705,305,169
358,1023,0,242,1023,0,431,393,305,431,482,714,691,305,169
351,1023,0,191,1023,0,639,807,305,615,482,712,706,305,169
521,1023,0,387,1023,0,465,486,305,451,482,758,741,305,169
394,1023,0,171,1023,0,526,641,305,499,482,672,657,305,169
797,1023,0,646,1023,0,878,1023,307,881,482,790,757,305,169
446,1023,0,269,1023,0,686,878,305,671,482,714,706,305,169
363,1023,0,171,1023,0,661,852,305,644,482,742,738,305,169
647,1023,0,521,1023,0,631,782,305,610,482,800,752,305,169
429,1023,0,197,1023,0,361,397,305,360,482,672,659,305,169
381,1023,0,180,1023,0,573,725,305,546,482,717,708,305,169
414,1023,0,259,1023,0,624,791,305,599,483,766,750,305,169
430,1023,0,217,1023,0,557,677,305,529,483,728,717,305,169
366,1023,0,183,1023,0,559,699,305,537,483,735,719,305,169
430,1023,0,255,1023,0,558,684,305,533,483,729,718,305,169
349,1023,0,258,1023,0,600,774,305,580,483,733,721,305,169
406,1023,0,157,1023,0,253,355,305,367,483,712,697,305,169
709,1023,0,670,1023,0,899,1023,307,904,483,826,805,305,169
610,1023,0,464,1023,0,536,617,305,517,483,750,732,305,169
434,1023,0,293,1023,0,351,394,305,381,483,734,721,305,169
353,1023,0,171,1023,0,680,874,305,664,483,726,719,305,169
460,1023,0,303,1023,0,215,389,305,302,483,747,728,305,169
354,1023,0,213,1023,0,385,417,305,380,483,731,716,305,169
438,1023,0,349,1023,0,398,393,305,408,483,743,730,305,169
364,1023,0,194,1023,0,531,653,305,501,483,662,650,305,169
590,1023,0,439,1023,0,428,434,305,432,483,793,760,305,169
408,1023,0,160,1002,0,568,712,305,542,483,693,681,305,169
426,1023,0,281,1023,0,383,391,305,339,483,708,705,305,169
458,1023,0,220,1023,0,659,839,305,636,483,778,767,305,169
533,1023,0,509,1023,0,473,484,305,468,483,747,721,305,169
761,1023,0,580,1023,0,824,1023,306,823,483,803,745,305,169
403,1023,0,205,1023,0,515,619,305,493,483,724,715,305,169
555,1023,0,578,1023,0,478,518,305,475,483,787,765,305,169
431,1023,0,191,1023,0,477,538,305,464,484,709,698,305,169
391,1023,0,201,1023,0,766,982,306,758,484,742,737,305,169
447,1023,0,256,1023,0,417,421,305,420,484,762,749,305,169
302,1023,0,202,1023,0,426,402,305,408,484,689,681,305,169
526,1023,0,325,1023,0,609,755,305,585,484,749,732,305,169
538,1023,0,328,1023,0,697,868,305,685,484,766,751,305,169
387,1023,0,212,1023,0,449,424,305,439,484,713,701,305,169
343,1023,0,232,1023,0,638,815,305,611,484,725,702,305,169
351,1023,0,131,979,0,477,574,305,451,484,683,671,305,169
391,1023,0,164,1023,0,611,778,305,585,484,733,730,305,169
351,1023,0,178,1023,0,564,712,305,536,484,752,741,305,169
291,1023,0,95,694,0,572,730,305,543,484,639,635,305,169
415,1023,0,184,1023,0,647,823,305,624,484,727,719,305,169
602,1023,0,416,1023,0,462,469,305,465,484,792,750,305,169
313,1023,0,122,887,0,462,509,305,435,484,652,639,305,169
621,1023,0,338,1023,0,679,846,305,657,484,762,744,305,169
487,1023,0,231,1023,0,606,764,305,578,484,731,722,305,169
532,1023,0,437,1023,0,437,428,305,441,484,757,741,305,169
445,1023,0,197,1023,0,554,681,305,530,484,732,693,305,169
299,1023,0,191,1023,0,413,397,305,420,484,672,662,305,169
347,1023,0,253,1023,0,335,382,305,357,484,709,702,305,169
452,1023,0,256,1023,0,327,386,305,370,484,731,714,305,169
476,1023,0,238,1023,0,639,797,305,613,484,744,724,305,169
440,1023,0,273,1023,0,526,650,305,504,484,747,737,305,169
412,1023,0,207,1023,0,435,428,305,393,485,734,709,305,169
311,1023,0,257,1023,0,726,909,305,734,485,758,749,305,169
606,1023,0,360,1023,0,589,684,305,564,485,799,741,305,169
407,1023,0,200,1023,0,546,672,305,517,485,715,703,305,169
373,1023,0,182,1023,0,350,366,305,237,485,714,706,305,169
421,1023,0,192,1023,0,621,785,305,601,485,709,702,305,169
394,1023,0,247,1023,0,521,622,305,492,485,756,749,305,169
509,1023,0,194,1023,0,662,828,305,640,485,735,712,305,169
312,1023,0,200,1023,0,546,686,305,516,485,688,674,305,169
349,1023,0,186,1023,0,381,369,305,371,485,678,669,305,169
353,1023,0,183,1023,0,519,606,305,503,485,722,705,305,169
571,1023,0,334,1023,0,790,982,306,784,485,784,736,305,169
268,1023,0,130,1023,0,366,369,305,350,485,677,671,305,169
490,1023,0,256,1023,0,449,432,305,443,485,740,720,305,169
352,1023,0,175,1023,0,719,924,306,706,485,707,688,305,169
596,1023,0,494,1023,0,867,1023,307,869,485,800,748,305,169
393,1023,0,165,1023,0,648,830,305,626,485,699,689,305,169
709,1023,0,576,1023,0,540,625,305,529,485,778,753,305,169
448,1023,0,404,1023,0,502,579,305,492,485,751,731,305,169
424,1023,0,342,1023,0,513,590,305,492,485,699,683,305,169
444,1023,0,230,1023,0,599,754,305,579,485,728,708,305,169
330,1023,0,215,1023,0,622,794,305,598,486,707,697,305,169
434,1023,0,269,1023,0,783,1011,306,778,486,764,755,305,175
349,1023,0,179,1023,0,590,746,305,563,486,717,706,305,175
523,1023,0,279,1023,0,651,821,305,626,486,769,752,305,175
425,1023,0,325,1023,0,410,406,305,429,486,697,681,305,175
571,1023,0,248,1023,0,716,901,305,702,486,738,708,305,175
413,1023,0,219,1023,0,463,505,305,432,486,748,739,305,175
583,1023,0,513,1023,0,506,565,305,481,486,756,731,305,175
333,1023,0,212,1023,0,755,972,306,745,486,724,715,305,175
608,1023,0,353,1023,0,651,824,305,631,486,759,742,305,175
428,1023,0,175,1012,0,674,857,305,659,486,716,704,305,175
281,1023,0,144,1023,0,471,576,305,449,486,720,710,305,175
423,1023,0,201,1023,0,629,803,305,603,486,727,720,305,175
358,1023,0,201,1023,0,582,705,305,582,486,716,694,305,175
384,1023,0,210,1023,0,732,944,306,721,486,739,726,305,175
565,1023,0,329,1023,0,410,401,305,401,486,791,775,305,175
596,1023,0,386,1023,0,616,769,305,592,486,789,773,305,175
341,1023,0,180,1023,0,347,371,305,321,486,696,687,305,175
506,1023,0,424,1023,0,881,1023,306,886,486,733,715,305,175
316,1023,0,211,1023,0,645,832,305,623,486,765,760,305,175
431,1023,0,254,1023,0,516,607,305,492,486,729,715,305,175
429,1023,0,232,1023,0,777,991,306,771,487,768,750,305,175
407,1023,0,236,1023,0,656,839,305,632,487,747,742,305,175
388,1023,0,156,1023,0,534,656,305,502,487,731,720,305,175
421,1023,0,378,1023,0,589,729,305,567,487,605,588,305,175
323,1023,0,294,1023,0,398,391,305,402,487,778,771,305,175
758,1023,0,459,1023,0,505,559,305,483,487,759,748,305,175
364,1023,0,238,1023,0,520,630,305,493,487,701,680,305,175
600,1023,0,482,1023,0,629,759,305,608,487,823,776,305,175
360,1023,0,213,1023,0,464,516,305,430,487,701,692,305,175
419,1023,0,171,1023,0,545,666,305,651,487,774,699,305,175
345,1023,0,193,1023,0,447,485,305,419,487,677,664,305,175
559,1023,0,416,1023,0,415,416,305,432,487,743,727,305,175
398,1023,0,133,927,0,582,733,305,553,487,682,669,305,175
715,1023,0,625,1023,0,866,1023,307,869,487,770,736,305,175
452,1023,0,210,1023,0,403,410,305,409,487,724,710,305,175
361,1023,0,174,1023,0,402,414,305,382,487,714,708,305,175
512,1023,0,244,1023,0,404,429,305,404,487,738,716,305,175
359,1023,0,178,1023,0,536,664,305,508,487,698,689,305,175
306,1023,0,133,931,0,498,591,305,475,487,678,663,305,175
641,1023,0,479,1023,0,447,444,305,469,487,769,754,305,175
539,1023,0,282,1023,0,534,616,305,505,487,735,717,305,175
372,1023,0,245,1023,0,591,752,305,564,487,695,699,305,175
456,1023,0,244,1023,0,551,675,305,521,487,747,735,305,175
348,1023,0,137,981,0,410,419,305,359,488,687,674,305,175
442,1023,0,272,1023,0,645,804,305,626,488,773,750,305,175
422,1023,0,210,1023,0,522,633,305,494,488,708,699,305,175
377,1023,0,146,984,0,549,688,305,522,488,732,726,305,175
478,1023,0,321,1023,0,728,931,306,717,488,735,723,305,175
344,1023,0,206,1023,0,508,593,305,490,488,684,676,305,175
304,1023,0,146,1023,0,730,948,306,718,488,696,692,305,175
596,1023,0,449,1023,0,644,808,305,622,488,774,741,305,175
352,1023,0,242,1023,0,423,439,305,424,488,698,677,305,175
351,1023,0,259,1023,0,489,555,305,467,488,736,729,305,175
468,1023,0,296,1023,0,543,654,305,518,488,733,723,305,175
372,1023,0,174,1023,0,792,1019,306,788,488,726,711,305,175
366,1023,0,301,1023,0,416,408,305,421,488,723,701,305,175
586,1023,0,451,1023,0,822,1023,306,820,488,792,756,305,175
320,1023,0,137,985,0,472,516,305,455,488,707,698,305,175
409,1023,0,163,1023,0,298,360,305,323,488,713,708,305,175
517,1023,0,337,1023,0,778,979,306,771,488,748,739,305,175
349,1023,0,145,1023,0,358,372,305,364,488,646,637,305,175
293,1023,0,149,1023,0,538,672,305,509,488,726,714,305,175
436,1023,0,314,1023,0,765,975,306,758,488,742,725,305,175
364,1023,0,196,1023,0,646,825,305,623,488,750,734,305,175
604,1023,0,435,1023,0,576,697,305,560,488,740,725,305,175
288,1023,0,141,1023,0,551,688,305,521,488,715,702,305,175
285,1023,0,138,1023,0,453,490,305,426,488,640,625,305,175
458,1023,0,208,1023,0,587,737,305,561,488,753,747,305,175
320,1023,0,189,1023,0,530,642,305,504,488,700,692,305,175
724,1023,0,620,1023,0,668,809,305,647,488,768,750,305,175
316,1023,0,154,1023,0,344,360,305,384,488,688,683,305,175
600,1023,0,336,1023,0,502,565,305,483,488,756,745,305,175
397,1023,0,182,1023,0,470,517,305,442,488,670,651,305,175
301,1023,0,150,1023,0,681,881,305,665,488,692,681,305,175
532,1023,0,227,1023,0,401,406,305,407,489,720,688,305,175
381,1023,0,252,1023,0,718,921,306,706,489,732,714,305,175
511,1023,0,349,1023,0,522,623,305,497,489,771,744,305,175
667,1023,0,416,1023,0,614,755,305,589,489,761,749,305,175
294,1023,0,147,1023,0,462,507,305,446,489,656,641,305,175
375,1023,0,212,1023,0,456,506,305,428,489,663,661,305,175
349,1023,0,142,1023,0,513,629,305,476,489,704,695,305,175
370,1023,0,201,1023,0,327,374,305,319,489,733,725,305,175
468,1023,0,281,1023,0,356,389,305,372,489,763,750,305,175
317,1023,0,203,1023,0,535,660,305,506,489,707,699,305,175
362,1023,0,171,1023,0,563,713,305,534,489,681,671,305,175
549,1023,0,228,1023,0,536,625,305,514,489,749,727,305,175
367,1023,0,122,916,0,536,667,305,504,489,668,651,305,175
292,1023,0,171,1023,0,699,908,305,686,489,687,682,305,175
456,1023,0,261,1023,0,777,991,306,770,489,735,725,305,175
489,1023,0,249,1023,0,420,389,305,423,489,709,698,305,175
419,1023,0,172,1023,0,594,746,305,567,489,712,705,305,175
645,1023,0,429,1023,0,620,772,305,599,489,813,799,305,175
374,1023,0,183,1023,0,539,675,305,514,489,729,718,305,175
560,1023,0,341,1023,0,607,755,305,589,489,770,756,305,175
623,1023,0,478,1023,0,563,657,305,544,489,777,727,305,175
339,1023,0,139,1019,0,603,768,305,581,489,641,631,305,175
745,1023,0,515,1023,0,605,729,305,583,490,783,765,305,180
387,1023,0,267,1023,0,726,926,306,714,490,749,739,305,180
481,1023,0,305,1023,0,598,732,305,574,490,760,727,305,180
414,1023,0,229,1023,0,495,579,305,477,490,709,689,305,180
459,1023,0,605,1023,0,774,986,306,766,490,752,732,305,180
432,1023,0,214,1023,0,380,400,305,393,490,686,680,305,180
425,1023,0,230,1023,0,619,784,305,599,490,730,714,305,180
397,1023,0,188,1023,0,715,914,305,702,490,700,681,305,180
378,1023,0,173,1023,0,596,762,305,567,490,699,687,305,180
486,1023,0,261,1023,0,545,659,305,518,490,744,735,305,180
324,1023,0,137,1000,0,426,397,305,408,490,688,682,305,180
344,1023,0,187,1023,0,410,439,305,396,490,663,660,305,180
609,1023,0,311,1023,0,430,420,305,443,490,708,648,305,180
276,1023,0,124,972,0,371,351,305,342,490,691,682,305,180
350,1023,0,166,1023,0,549,687,305,517,490,716,706,305,180
479,1023,0,336,1023,0,560,678,305,535,490,752,723,305,180
335,1023,0,170,1023,0,464,538,305,446,490,624,630,305,180
408,1023,0,266,1023,0,762,971,306,756,491,748,728,305,180
466,1023,0,272,1023,0,420,397,305,399,491,734,723,305,180
308,1023,0,174,1023,0,392,371,305,385,491,436,415,305,180
393,1023,0,170,1023,0,422,425,305,407,491,693,691,305,180
533,1023,0,277,1023,0,541,644,305,516,491,767,747,305,180
376,1023,0,163,1023,0,464,512,305,430,491,699,678,305,180
444,1023,0,212,1023,0,489,562,305,468,491,709,699,305,180
378,1023,0,110,716,0,638,814,305,620,491,710,693,305,180
398,1023,0,237,1023,0,589,743,305,560,491,743,725,305,180
624,1023,0,327,1023,0,621,759,305,599,491,808,776,305,180
354,1023,0,146,1023,0,467,529,305,427,491,693,687,305,180
382,1023,0,166,1023,0,312,357,305,327,491,709,689,305,180
435,1023,0,233,1023,0,332,357,305,372,491,716,698,305,180
456,1023,0,225,1023,0,568,701,305,543,491,755,736,305,180
266,1023,0,126,933,0,613,786,305,587,491,699,697,305,180
726,1023,0,472,1023,0,631,791,305,610,491,801,753,305,180
370,1023,0,239,1023,0,572,725,305,544,491,707,700,305,180
439,1023,0,405,1023,0,425,447,305,425,492,722,706,305,180
682,1023,0,569,1023,0,520,571,305,508,492,810,771,305,180
324,1023,0,110,724,0,580,736,305,554,492,669,657,305,180
406,1023,0,169,1023,0,499,571,305,477,492,665,654,305,180
610,1023,0,427,1023,0,809,1023,306,805,492,776,759,305,180
671,1023,0,478,1023,0,447,453,305,443,492,794,771,305,180
291,1023,0,251,1023,0,416,393,305,438,492,752,739,305,180
494,1023,0,293,1023,0,607,756,305,581,492,760,749,305,180
319,1023,0,131,1023,0,431,444,305,383,492,666,665,305,180
350,1023,0,168,1023,0,727,942,306,716,492,719,710,305,180
350,1023,0,118,816,0,454,487,305,410,492,710,694,305,180
411,1023,0,210,1023,0,595,749,305,574,492,729,705,305,180
450,1023,0,302,1023,0,587,732,305,562,492,744,730,305,180
410,1023,0,231,1023,0,363,379,305,374,492,715,698,305,180
555,1023,0,381,1023,0,586,696,305,561,492,759,747,305,180
539,1023,0,373,1023,0,585,721,305,559,492,728,713,305,180
708,1023,0,462,1023,0,585,707,305,560,492,761,743,305,180
491,1023,0,260,1023,0,646,817,305,627,492,749,742,305,180
409,1023,0,265,1023,0,435,441,305,446,492,713,705,305,180
520,1023,0,416,1023,0,515,590,305,489,492,796,785,305,180
196,309,0,194,450,0,156,334,305,142,493,347,320,305,180
397,1023,0,238,1023,0,612,775,305,591,493,728,720,305,180
430,1023,0,400,1023,0,533,623,305,512,493,723,701,305,180
618,1023,0,469,1023,0,638,806,305,620,493,813,783,305,180
390,1023,0,146,1023,0,622,794,305,594,493,715,707,305,180
449,1023,0,367,1023,0,572,696,305,551,493,779,764,305,180
645,1023,0,396,1023,0,607,740,305,590,493,783,746,305,180
434,1023,0,276,1023,0,564,697,305,537,493,712,699,305,180
500,1023,0,231,1023,0,507,558,305,479,493,713,680,305,180
495,1023,0,240,1023,0,359,378,305,382,493,701,680,305,180
308,1023,0,266,1023,0,575,732,305,559,493,507,474,305,180
471,1023,0,443,1023,0,458,487,305,441,493,756,722,305,180
279,1023,0,213,1023,0,538,659,305,514,493,643,577,305,180
568,1023,0,405,1023,0,696,882,305,676,493,755,741,305,180
364,1023,0,210,1023,0,437,453,305,426,493,705,697,305,180
510,1023,0,321,1023,0,684,861,305,670,493,773,755,305,180
487,1023,0,545,1023,0,422,417,305,425,493,746,721,305,180
547,1023,0,338,1023,0,571,701,305,550,493,762,750,305,180
381,1023,0,161,1023,0,415,391,305,410,493,663,654,305,180
450,1023,0,160,827,0,567,685,305,538,493,722,706,305,180
425,1023,0,201,1023,0,566,708,305,538,493,663,645,305,180
576,1023,0,279,1023,0,420,409,305,406,493,768,726,305,180
433,1023,0,229,1023,0,362,364,305,373,493,732,722,305,180
268,1023,0,123,947,0,597,770,305,569,494,699,693,305,180
417,1023,0,182,1023,0,808,1023,306,805,494,711,692,305,180
656,1023,0,500,1023,0,721,899,305,711,494,807,792,305,186
327,1023,0,173,1023,0,459,527,305,424,494,713,710,305,186
629,1023,0,404,1023,0,730,939,306,719,494,765,713,305,186
310,1023,0,182,1023,0,436,471,305,426,494,676,675,305,186
390,1023,0,191,1023,0,522,627,305,494,494,697,683,305,186
496,1023,0,278,1023,0,746,936,306,737,494,725,705,305,186
326,1023,0,127,947,0,393,362,305,407,494,680,671,305,186
273,1023,0,136,1016,0,647,836,305,629,494,625,617,305,186
343,1023,0,187,1023,0,400,396,305,410,494,640,633,305,186
261,1023,0,100,759,0,356,366,305,345,494,618,607,305,186
421,1023,0,245,1023,0,472,527,305,436,494,692,673,305,186
426,1023,0,318,1023,0,581,722,305,557,494,731,718,305,186
293,1023,0,137,983,0,480,548,305,446,494,662,656,305,186
416,1023,0,278,1023,0,539,654,305,513,494,719,694,305,186
353,1023,0,203,1023,0,584,745,305,556,494,716,709,305,186
562,1023,0,248,1023,0,488,535,305,452,494,549,495,305,186
467,1023,0,238,1023,0,621,776,305,598,494,713,696,305,186
354,1023,0,197,1023,0,278,366,305,333,494,674,660,305,186
542,1023,0,324,1023,0,567,680,305,538,494,794,751,305,186
396,1023,0,241,1023,0,514,616,305,483,494,685,677,305,186
388,1023,0,203,1023,0,621,792,305,597,494,713,704,305,186
367,1023,0,278,1023,0,418,419,305,409,494,715,701,305,186
415,1023,0,208,1023,0,470,511,305,455,494,714,686,305,186
398,1023,0,229,1023,0,827,1023,306,827,494,704,682,305,186
531,1023,0,387,1023,0,582,722,305,562,494,781,762,305,186
394,1023,0,348,1023,0,604,753,305,586,494,730,719,305,186
409,1023,0,225,1023,0,440,433,305,412,494,710,690,305,186
581,1023,0,433,1023,0,480,494,305,477,494,771,748,305,186
462,1023,0,240,1023,0,648,822,305,622,494,741,733,305,186
349,1023,0,157,1023,0,439,438,305,423,495,600,614,305,186
337,1023,0,255,1023,0,665,849,305,642,495,771,758,305,186
418,1023,0,217,1023,0,571,717,305,543,495,732,719,305,186
372,1023,0,261,1023,0,467,500,305,454,495,731,720,305,186
227,1023,0,191,1023,0,522,649,305,483,495,708,703,305,186
371,1023,0,171,1023,0,555,692,305,530,495,729,724,305,186
369,1023,0,158,1023,0,362,370,305,339,495,707,694,305,186
526,1023,0,325,1023,0,646,806,305,631,495,754,742,305,186
527,1023,0,365,1023,0,333,385,305,378,495,738,734,305,186
524,1023,0,516,1023,0,694,885,305,680,495,808,798,305,186
431,1023,0,265,1023,0,730,925,306,718,495,747,734,305,186
396,1023,0,150,1000,0,413,397,305,386,495,706,701,305,186
374,1023,0,197,1023,0,590,741,305,563,495,713,697,305,186
334,1023,0,110,839,0,492,586,305,468,495,696,694,305,186
286,1023,0,124,930,0,515,631,305,484,495,656,639,305,186
290,1023,0,89,746,0,442,517,305,409,495,669,659,305,186
342,1023,0,169,1023,0,363,363,305,310,495,703,689,305,186
417,1023,0,252,1023,0,567,702,305,539,495,755,746,305,186
401,1023,0,183,1023,0,518,631,305,488,495,752,746,305,186
450,1023,0,249,1023,0,397,389,305,424,495,701,672,305,186
588,1023,0,380,1023,0,571,690,305,545,495,751,741,305,186
425,1023,0,341,1023,0,442,435,305,416,495,760,744,305,186
217,1023,0,131,1023,0,487,581,305,472,495,453,438,305,186
377,1023,0,119,786,0,557,693,305,527,495,688,681,305,186
455,1023,0,304,1023,0,512,591,305,486,496,709,698,305,186
407,1023,0,203,1023,0,631,802,305,605,496,709,694,305,186
284,1023,0,220,1023,0,419,424,305,408,496,698,679,305,186
357,1023,0,147,1023,0,212,355,305,306,496,698,690,305,186
379,1023,0,249,1023,0,379,392,305,384,496,685,672,305,186
343,1023,0,223,1023,0,369,394,305,390,496,670,663,305,186
490,1023,0,354,1023,0,516,592,305,495,496,708,691,305,186
307,1023,0,119,894,0,758,985,306,750,496,640,626,305,186
470,1023,0,299,1023,0,737,939,306,727,496,739,719,305,186
605,1023,0,569,1023,0,560,667,305,538,496,760,734,305,186
396,1023,0,196,1023,0,398,402,305,393,496,708,696,305,186
511,1023,0,496,1023,0,421,425,305,422,496,715,700,305,186
579,1023,0,417,1023,0,606,751,305,582,496,767,748,305,186
700,1023,0,374,1023,0,626,766,305,605,496,773,741,305,186
350,1023,0,142,1012,0,528,653,305,501,496,674,665,305,186
384,1023,0,156,1023,0,348,371,305,319,496,685,673,305,186
615,1023,0,389,1023,0,640,801,305,618,496,798,778,305,186
356,1023,0,278,1023,0,357,380,305,372,496,735,720,305,186
362,1023,0,154,1023,0,514,625,305,473,496,734,728,305,186
304,1023,0,146,1023,0,420,443,305,393,496,677,671,305,186
440,1023,0,264,1023,0,466,484,305,447,496,718,699,305,186
442,1023,0,313,1023,0,444,480,305,429,496,706,694,305,186
334,1023,0,178,1023,0,448,435,305,428,497,726,716,305,186
435,1023,0,202,1023,0,626,786,305,602,497,760,744,305,186
380,1023,0,187,1023,0,573,727,305,543,497,695,685,305,186
435,1023,0,288,1023,0,483,550,305,451,497,747,735,305,186
509,1023,0,388,1023,0,358,442,305,400,497,765,747,305,186
343,1023,0,247,1023,0,407,404,305,394,497,720,709,305,186
371,1023,0,267,1023,0,338,374,305,330,497,699,684,305,186
416,1023,0,166,1023,0,569,716,305,542,497,670,648,305,186
327,1023,0,133,934,0,427,375,305,409,497,654,651,305,186
450,1023,0,156,881,0,442,431,305,404,497,705,689,305,186
702,1023,0,515,1023,0,826,1023,306,824,497,770,747,305,186
404,1023,0,176,1023,0,573,721,305,541,497,740,727,305,186
597,1023,0,492,1023,0,832,1023,306,831,497,762,743,305,192
567,1023,0,319,1023,0,769,979,306,761,497,782,733,305,192
771,1023,0,433,1023,0,698,865,305,685,497,753,736,305,192
485,1023,0,379,1023,0,545,638,305,519,497,786,760,305,192
416,1023,0,227,1023,0,741,945,306,731,497,737,726,305,192
461,1023,0,289,1023,0,505,583,305,483,497,729,716,305,192
221,1023,0,122,992,0,561,718,305,533,497,675,672,305,192
382,1023,0,147,984,0,332,381,305,241,497,651,657,305,192
490,1023,0,296,1023,0,515,622,305,495,497,720,709,305,192
607,1023,0,583,1023,0,521,616,305,511,497,762,745,305,192
591,1023,0,583,1023,0,763,983,306,754,497,768,746,305,192
365,1023,0,224,1023,0,629,802,305,605,498,716,704,305,192
373,1023,0,308,1023,0,500,591,305,480,498,699,685,305,192
401,1023,0,208,1023,0,481,552,305,450,498,737,727,305,192
757,1023,0,534,1023,0,832,1023,306,831,498,835,808,305,192
414,1023,0,286,1023,0,543,667,305,513,498,733,720,305,192
387,1023,0,197,1023,0,451,484,305,416,498,709,714,305,192
691,1023,0,384,1023,0,542,643,305,517,498,759,748,305,192
573,1023,0,477,1023,0,733,918,306,721,498,757,722,305,192
445,1023,0,153,836,0,707,895,305,693,498,709,694,305,192
523,1023,0,215,1023,0,520,606,305,488,498,709,681,305,192
307,1023,0,212,1023,0,351,375,305,350,498,662,638,305,192
386,1023,0,233,1023,0,419,421,305,401,498,740,729,305,192
459,1023,0,283,1023,0,643,817,305,621,498,718,699,305,192
318,1023,0,236,1023,0,455,502,305,406,498,626,614,305,192
311,1023,0,150,1023,0,508,622,305,476,498,686,673,305,192
343,1023,0,201,1023,0,576,726,305,551,498,736,726,305,192
369,1023,0,187,1023,0,620,785,305,596,498,763,749,305,192
349,1023,0,230,1023,0,539,665,305,514,498,721,711,305,192
438,1023,0,208,1023,0,703,900,305,687,498,724,714,305,192
446,1023,0,230,1023,0,582,724,305,555,498,739,726,305,192
385,1023,0,176,1023,0,601,760,305,577,498,691,686,305,192
424,1023,0,125,809,0,723,920,306,710,498,458,426,305,192
463,1023,0,263,1023,0,551,665,305,522,499,745,728,305,192
292,1023,0,147,1023,0,792,1023,306,788,499,705,693,305,192
419,1023,0,179,1023,0,522,622,305,499,499,707,680,305,192
416,1023,0,208,1023,0,459,479,305,443,499,730,725,305,192
462,1023,0,182,1023,0,378,366,305,384,499,710,698,305,192
373,1023,0,192,1023,0,458,496,305,421,499,731,723,305,192
358,1023,0,128,917,0,525,640,305,497,499,679,664,305,192
380,1023,0,129,912,0,672,860,305,653,499,694,689,305,192
338,1023,0,138,1023,0,441,463,305,427,499,688,683,305,192
322,1023,0,190,1023,0,347,347,305,359,499,695,685,305,192
535,1023,0,220,1023,0,588,717,305,560,499,750,724,305,192
367,1023,0,235,1023,0,403,389,305,407,499,696,685,305,192
421,1023,0,175,1023,0,469,522,305,435,499,727,711,305,192
423,1023,0,222,1023,0,411,398,305,389,499,685,668,305,192
437,1023,0,319,1023,0,521,630,305,493,499,766,747,305,192
784,1023,0,575,1023,0,477,512,305,464,499,800,736,305,192
445,1023,0,372,1023,0,503,569,305,484,499,735,721,305,192
413,1023,0,259,1023,0,451,461,305,436,499,728,715,305,192
445,1023,0,282,1023,0,482,560,305,455,499,764,743,305,192
289,1023,0,186,1023,0,428,467,305,422,499,724,716,305,192
405,1023,0,229,1023,0,499,581,305,483,499,755,742,305,192
385,1023,0,189,1023,0,386,384,305,366,499,675,662,305,192
593,1023,0,372,1023,0,875,1023,306,879,499,808,777,305,192
499,1023,0,479,1023,0,790,1012,306,786,499,725,707,305,192
369,1023,0,185,1023,0,538,634,305,519,500,719,710,305,192
374,1023,0,272,1023,0,407,376,305,396,500,713,702,305,192
529,1023,0,234,1023,0,483,484,305,457,500,710,653,305,192
366,1023,0,211,1023,0,528,637,305,495,500,704,696,305,192
323,1023,0,115,859,0,376,378,305,372,500,622,613,305,192
519,1023,0,483,1023,0,738,935,306,727,500,778,761,305,192
262,1023,0,115,962,0,497,647,305,475,500,647,634,305,192
438,1023,0,280,1023,0,399,380,305,414,500,743,718,305,192
371,1023,0,277,1023,0,594,748,305,570,500,733,718,305,192
339,1023,0,134,921,0,677,870,305,659,500,702,691,305,192
515,1023,0,328,1023,0,444,441,305,418,500,759,744,305,192
340,1023,0,132,982,0,489,574,305,463,500,645,633,305,192
486,1023,0,277,1023,0,380,383,305,353,500,723,697,305,192
384,1023,0,166,1023,0,632,814,305,607,500,697,695,305,192
626,1023,0,627,1023,0,377,418,305,422,500,773,755,305,192
561,1023,0,569,1023,0,501,544,305,489,500,740,741,305,192
341,1023,0,168,1023,0,464,529,305,439,500,682,682,305,192
321,1023,0,245,1023,0,593,751,305,566,500,677,665,305,192
504,1023,0,309,1023,0,607,760,305,580,500,732,721,305,192
519,1023,0,492,1023,0,455,439,305,472,500,755,729,305,192
282,1023,0,138,1000,0,438,446,305,424,500,684,674,305,192
280,1023,0,208,1023,0,653,845,305,636,500,726,705,305,192
454,1023,0,209,1023,0,394,405,305,353,501,719,709,305,192
400,1023,0,327,1023,0,416,404,305,417,501,730,719,305,192
493,1023,0,257,1023,0,841,1023,306,840,501,738,729,305,198
392,1023,0,190,1023,0,577,717,305,548,501,710,695,305,198
238,1023,0,264,1023,0,677,832,305,670,501,828,810,305,198
604,1023,0,452,1023,0,439,443,305,440,501,703,629,305,198
529,1023,0,341,1023,0,771,980,306,762,501,751,736,305,198
325,1023,0,116,774,0,555,654,305,569,501,723,703,305,198
346,1023,0,204,1023,0,607,772,305,578,501,744,741,305,198
338,1023,0,190,1023,0,468,544,305,429,501,710,705,305,198
333,1023,0,132,998,0,759,986,306,751,501,698,690,305,198
281,1023,0,125,943,0,524,643,305,494,501,676,671,305,198
545,1023,0,311,1023,0,628,788,305,604,501,783,763,305,198
615,1023,0,682,1023,0,482,510,305,474,501,787,766,305,198
342,1023,0,142,1023,0,294,347,305,220,501,651,636,305,198
335,1023,0,167,1023,0,546,688,305,517,501,745,735,305,198
382,1023,0,211,1023,0,484,552,305,458,501,731,718,305,198
241,1023,0,130,992,0,369,366,305,320,501,658,655,305,198
442,1023,0,250,1023,0,526,635,305,503,501,751,745,305,198
352,1023,0,144,1023,0,481,566,305,457,501,667,659,305,198
399,1023,0,156,1023,0,771,997,306,764,501,715,706,305,198
312,1023,0,183,1023,0,502,608,305,471,501,715,706,305,198
350,1023,0,182,1023,0,577,730,305,550,501,670,655,305,198
446,1023,0,232,1023,0,486,511,305,466,501,710,697,305,198
363,1023,0,355,1023,0,421,413,305,424,501,731,717,305,198
351,1023,0,196,1023,0,584,739,305,551,501,697,679,305,198
410,1023,0,339,1023,0,443,433,305,430,501,697,679,305,198
526,1023,0,340,1023,0,722,912,305,713,502,808,796,305,198
557,1023,0,495,1023,0,438,456,305,435,502,773,742,305,198
515,1023,0,182,1023,0,554,676,305,523,502,739,716,305,198
402,1023,0,215,1023,0,513,609,305,487,502,714,704,305,198
465,1023,0,345,1023,0,776,991,306,770,502,753,737,305,198
337,1023,0,149,1023,0,608,777,305,581,502,702,690,305,198
502,1023,0,428,1023,0,475,540,305,451,502,748,723,305,198
521,1023,0,332,1023,0,331,398,305,361,502,665,647,305,198
422,1023,0,180,1023,0,551,677,305,528,502,727,720,305,198
444,1023,0,259,1023,0,382,382,305,384,502,730,707,305,198
358,1023,0,219,1023,0,595,748,305,568,502,713,690,305,198
351,1023,0,204,1023,0,359,383,305,371,502,650,637,305,198
600,1023,0,402,1023,0,459,489,305,445,502,765,754,305,198
723,1023,0,557,1023,0,624,778,305,599,502,794,769,305,198
457,1023,0,275,1023,0,471,441,305,475,502,742,716,305,198
582,1023,0,264,1023,0,585,707,305,558,502,764,713,305,198
376,1023,0,412,1023,0,434,419,305,432,502,719,702,305,198
374,1023,0,367,1023,0,468,443,305,488,502,745,737,305,198
653,1023,0,482,1023,0,795,981,306,791,502,764,726,305,198
611,1023,0,466,1023,0,714,907,305,700,502,801,786,305,198
435,1023,0,212,1023,0,524,617,305,503,502,701,713,305,198
652,1023,0,371,1023,0,396,408,305,391,502,769,745,305,198
313,1023,0,223,1023,0,538,662,305,510,502,722,710,305,198
414,1023,0,299,1023,0,663,841,305,646,502,699,682,305,198
444,1023,0,197,1023,0,804,1023,306,800,502,728,715,305,198
395,1023,0,175,1011,0,558,693,305,528,503,727,704,305,198
343,1023,0,189,1023,0,545,667,305,521,503,700,684,305,198
430,1023,0,222,1023,0,506,600,305,486,503,665,653,305,198
350,1023,0,198,1023,0,507,608,305,483,503,712,701,305,198
458,1023,0,310,1023,0,430,421,305,420,503,675,657,305,198
366,1023,0,170,1023,0,555,696,305,534,503,691,686,305,198
352,1023,0,159,1023,0,597,755,305,572,503,736,724,305,198
489,1023,0,279,1023,0,553,675,305,527,503,751,739,305,198
314,1023,0,145,1023,0,564,713,305,536,503,717,704,305,198
257,1023,0,209,1023,0,375,368,305,372,503,651,644,305,198
447,1023,0,367,1023,0,818,1023,306,816,503,787,766,305,198
348,1023,0,398,1023,0,446,462,305,426,503,738,716,305,198
360,1023,0,145,1008,0,405,403,305,350,503,661,655,305,198
551,1023,0,313,1023,0,401,420,305,401,503,704,687,305,198
387,1023,0,170,1023,0,533,665,305,499,503,705,701,305,198
296,1023,0,194,1023,0,590,752,305,559,503,699,692,305,198
432,1023,0,291,1023,0,437,447,305,422,503,770,756,305,198
406,1023,0,249,1023,0,737,952,306,726,503,786,770,305,198
322,1023,0,144,990,0,626,804,305,601,503,716,708,305,198
326,1023,0,204,1023,0,297,350,305,354,503,685,676,305,198
404,1023,0,238,1023,0,599,757,305,574,503,692,682,305,198
514,1023,0,307,1023,0,480,488,305,468,503,761,748,305,198
403,1023,0,264,1023,0,392,389,305,378,503,648,629,305,198
307,1023,0,158,1023,0,497,595,305,474,503,677,667,305,198
629,1023,0,264,1023,0,740,931,306,729,503,774,705,305,198
336,1023,0,171,1023,0,818,1023,306,816,503,731,722,305,198
387,1023,0,177,1023,0,741,956,306,730,503,716,710,305,198
385,1023,0,185,1023,0,537,657,305,511,503,734,717,305,198
304,1023,0,144,960,0,574,726,305,547,504,725,721,305,198
556,1023,0,373,1023,0,607,751,305,584,504,739,718,305,198
455,1023,0,313,1023,0,409,412,305,426,504,768,740,305,198
462,1023,0,221,1023,0,333,370,305,305,504,665,654,305,198
504,1023,0,569,1023,0,806,1019,306,802,504,753,734,305,198
437,1023,0,168,1023,0,511,615,305,481,504,712,705,305,198
326,1023,0,111,795,0,505,611,305,466,504,612,603,305,198
376,1023,0,316,1023,0,351,376,305,370,504,748,740,305,198
500,1023,0,319,1023,0,404,399,305,409,504,743,729,305,198
375,1023,0,129,921,0,341,381,305,369,504,649,636,305,198
544,1023,0,567,1023,0,519,611,305,501,504,693,692,305,198
517,1023,0,333,1023,0,446,464,305,441,504,746,728,305,198
573,1023,0,565,1023,0,548,647,305,533,504,775,757,305,198
432,1023,0,278,1023,0,759,975,306,751,504,773,759,305,198
441,1023,0,566,1023,0,843,1023,306,843,504,790,765,305,198
383,1023,0,374,1023,0,634,803,305,611,504,700,692,305,198
737,1023,0,671,1023,0,826,1023,306,825,504,851,812,305,198
477,1023,0,379,1023,0,545,670,305,526,504,726,712,305,204
329,1023,0,126,868,0,545,687,305,514,504,703,726,305,204
508,1023,0,261,1023,0,602,747,305,575,504,754,742,305,204
320,1023,0,187,1023,0,740,957,306,729,504,729,726,305,204
438,1023,0,165,984,0,559,680,305,538,504,698,692,305,204
528,1023,0,313,1023,0,549,626,305,536,504,786,768,305,204
420,1023,0,231,1023,0,494,570,305,469,504,782,767,305,204
578,1023,0,356,1023,0,457,454,305,459,504,742,726,305,204
363,1023,0,211,1023,0,552,678,305,525,504,741,714,305,204
392,1023,0,184,1023,0,506,598,305,483,504,751,736,305,204
478,1023,0,300,1023,0,546,655,305,517,505,771,752,305,204
399,1023,0,194,1023,0,336,365,305,345,505,675,660,305,204
454,1023,0,255,1023,0,360,393,305,366,505,704,682,305,204
500,1023,0,462,1023,0,701,878,305,688,505,758,743,305,204
343,1023,0,318,1023,0,508,600,305,486,505,752,735,305,204
311,1023,0,223,1023,0,811,1023,306,809,505,725,715,305,204
508,1023,0,319,1023,0,404,391,305,431,505,696,708,305,204
671,1023,0,542,1023,0,897,1023,307,902,505,780,760,305,204
602,1023,0,411,1023,0,582,680,305,562,505,791,733,305,204
504,1023,0,365,1023,0,568,692,305,540,505,738,716,305,204
450,1023,0,211,1023,0,581,723,305,553,505,742,731,305,204
456,1023,0,414,1023,0,535,631,305,514,505,763,742,305,204
329,1023,0,281,1023,0,592,744,305,569,505,742,729,305,204
404,1023,0,195,1023,0,527,643,305,501,505,709,700,305,204
269,1023,0,129,976,0,463,498,305,452,505,677,662,305,204
374,1023,0,281,1023,0,561,697,305,536,505,745,726,305,204
416,1023,0,223,1023,0,546,676,305,522,505,694,688,305,204
416,1023,0,295,1023,0,397,402,305,406,505,733,723,305,204
359,1023,0,215,1023,0,554,682,305,527,505,699,685,305,204
382,1023,0,212,1023,0,465,474,305,448,505,704,694,305,204
396,1023,0,233,1023,0,772,989,306,765,505,718,704,305,204
325,1023,0,196,1023,0,582,733,305,553,505,672,650,305,204
354,1023,0,214,1023,0,520,624,305,493,505,669,659,305,204
405,1023,0,212,1023,0,377,387,305,382,505,725,715,305,204
314,1023,0,201,1023,0,441,442,305,416,505,650,635,305,204
276,1023,0,214,1023,0,543,673,305,526,505,727,714,305,204
553,1023,0,416,1023,0,389,414,305,394,506,751,730,305,204
468,1023,0,272,1023,0,509,594,305,471,506,730,719,305,204
568,1023,0,287,1023,0,748,939,306,739,506,776,759,305,204
452,1023,0,245,1023,0,506,599,305,483,506,706,708,305,204
393,1023,0,237,1023,0,568,606,305,567,506,729,705,305,204
257,1023,0,114,830,0,367,373,305,378,506,679,674,305,204
281,1023,0,148,1023,0,592,762,305,564,506,703,697,305,204
439,1023,0,254,1023,0,681,863,305,663,506,759,745,305,204
399,1023,0,157,1023,0,577,728,305,543,506,707,697,305,204
501,1023,0,212,1023,0,552,669,305,525,506,738,728,305,204
386,1023,0,219,1023,0,351,388,305,366,506,674,655,305,204
343,1023,0,204,1023,0,615,783,305,591,506,706,697,305,204
439,1023,0,222,1023,0,693,880,305,679,506,745,739,305,204
451,1023,0,281,1023,0,505,589,305,486,506,735,729,305,204
595,1023,0,362,1023,0,413,398,305,412,506,741,719,305,204
321,1023,0,164,1023,0,473,534,305,429,506,693,686,305,204
551,1023,0,296,1023,0,662,826,305,640,506,765,753,305,204
316,1023,0,128,961,0,702,907,305,688,506,704,701,305,204
227,1023,0,109,816,0,741,959,306,733,506,493,436,305,204
428,1023,0,271,1023,0,820,1023,306,817,506,699,675,305,204
502,1023,0,381,1023,0,481,523,305,480,507,786,774,305,204
606,1023,0,514,1023,0,510,568,305,491,507,766,751,305,204
328,1023,0,311,1023,0,504,598,305,487,507,691,685,305,204
291,1023,0,103,744,0,525,648,305,495,507,656,653,305,204
423,1023,0,286,1023,0,618,778,305,600,507,702,691,305,204
404,1023,0,212,1023,0,795,1023,306,790,507,728,714,305,204
722,1023,0,593,1023,0,669,853,305,656,507,815,778,305,204
374,1023,0,160,1023,0,595,753,305,567,507,762,758,305,204
293,1023,0,191,1023,0,588,751,305,561,507,659,649,305,204
514,1023,0,432,1023,0,615,761,305,589,507,764,741,305,204
274,1023,0,213,1023,0,515,627,305,486,507,717,714,305,204
272,1023,0,97,833,0,366,347,305,349,507,416,389,305,204
600,1023,0,338,1023,0,562,658,305,538,507,791,760,305,204
338,1023,0,162,1023,0,540,664,305,511,507,725,719,305,204
347,1023,0,187,1023,0,576,716,305,545,507,677,671,305,204
499,1023,0,347,1023,0,570,695,305,549,507,809,793,305,204
272,1023,0,145,1023,0,328,357,305,361,507,667,656,305,204
422,1023,0,361,1023,0,494,565,305,474,507,721,702,305,204
505,1023,0,174,1011,0,562,669,305,536,507,699,648,305,204
316,1023,0,218,1023,0,363,387,305,375,507,691,682,305,204
502,1023,0,251,1023,0,641,806,305,616,507,735,730,305,204
597,1023,0,318,1023,0,572,693,305,547,507,769,747,305,204
349,1023,0,162,1023,0,392,373,305,383,507,662,652,305,204
627,1023,0,424,1023,0,495,509,305,478,507,795,757,305,204
274,1023,0,116,886,0,713,930,306,702,507,629,619,305,204
368,1023,0,212,1023,0,352,367,305,394,507,698,687,305,204
348,1023,0,187,1023,0,486,579,305,452,507,680,670,305,204
533,1023,0,441,1023,0,450,471,305,425,508,744,728,305,204
653,1023,0,483,1023,0,586,716,305,561,508,778,762,305,209
363,1023,0,116,885,0,549,695,305,524,508,643,673,305,209
479,1023,0,250,1023,0,576,697,305,548,508,731,717,305,209
365,1023,0,184,1023,0,619,796,305,594,508,732,723,305,209
378,1023,0,156,1023,0,486,575,305,456,508,526,497,305,209
457,1023,0,332,1023,0,615,776,305,594,508,749,737,305,209
356,1023,0,202,1023,0,505,617,305,474,508,681,674,305,209
407,1023,0,328,1023,0,725,926,306,715,508,733,719,305,209
382,1023,0,347,1023,0,572,707,305,548,508,764,754,305,209
705,1023,0,388,1023,0,610,759,305,592,508,749,700,305,209
229,1023,0,130,1023,0,720,933,306,710,508,476,466,305,209
453,1023,0,288,1023,0,424,445,305,417,508,677,670,305,209
308,1023,0,165,1023,0,544,678,305,516,508,682,676,305,209
410,1023,0,216,1023,0,582,730,305,556,508,720,710,305,209
443,1023,0,256,1023,0,299,366,305,352,508,733,715,305,209
421,1023,0,274,1023,0,478,545,305,445,508,677,695,305,209
680,1023,0,410,1023,0,643,784,305,620,508,790,762,305,209
322,1023,0,114,862,0,500,617,305,461,508,687,679,305,209
308,1023,0,133,967,0,574,736,305,548,508,689,686,305,209
364,1023,0,154,1023,0,485,555,305,462,508,657,666,305,209
340,1023,0,161,1023,0,710,918,305,699,509,725,719,305,209
455,1023,0,266,1023,0,529,633,305,506,509,795,785,305,209
281,1023,0,214,1023,0,385,373,305,391,509,664,656,305,209
355,1023,0,195,1023,0,402,395,305,400,509,674,656,305,209
262,1023,0,169,1023,0,724,939,306,714,509,733,726,305,209
316,1023,0,197,1023,0,477,552,305,455,509,756,740,305,209
383,1023,0,225,1023,0,643,826,305,618,509,739,726,305,209
359,1023,0,189,1023,0,487,553,305,465,509,726,711,305,209
320,1023,0,151,1023,0,526,649,305,494,509,694,686,305,209
433,1023,0,279,1023,0,410,403,305,446,509,656,646,305,209
382,1023,0,223,1023,0,644,823,305,617,509,718,701,305,209
324,1023,0,162,1023,0,384,386,305,371,509,656,648,305,209
594,1023,0,442,1023,0,505,560,305,491,509,768,747,305,209
449,1023,0,230,1023,0,704,901,305,692,509,752,739,305,209
365,1023,0,163,1023,0,613,788,305,587,509,700,691,305,209
423,1023,0,232,1023,0,551,671,305,526,509,740,724,305,209
322,1023,0,191,1023,0,454,480,305,413,509,692,684,305,209
352,1023,0,162,1023,0,580,738,305,551,509,696,689,305,209
595,1023,0,366,1023,0,606,756,305,591,509,750,682,305,209
371,1023,0,203,1023,0,555,689,305,524,509,737,719,305,209
247,1023,0,216,1023,0,389,396,305,380,509,661,626,305,209
592,1023,0,320,1023,0,403,411,305,411,509,778,763,305,209
311,1023,0,133,869,0,502,603,305,479,509,728,721,305,209
407,1023,0,159,1023,0,299,354,305,334,509,718,702,305,209
298,1023,0,118,843,0,253,339,305,262,509,673,655,305,209
373,1023,0,228,1023,0,644,829,305,622,509,726,727,305,209
427,1023,0,188,1023,0,673,857,305,654,510,739,734,305,209
352,1023,0,157,1023,0,534,643,305,504,510,723,713,305,209
557,1023,0,274,1023,0,488,517,305,472,510,726,702,305,209
552,1023,0,335,1023,0,641,804,305,623,510,747,731,305,209
403,1023,0,183,1023,0,558,695,305,527,510,724,709,305,209
368,1023,0,195,1023,0,420,412,305,422,510,678,672,305,209
403,1023,0,277,1023,0,501,575,305,472,510,740,710,305,209
359,1023,0,120,857,0,533,656,305,499,510,696,701,305,209
295,1023,0,128,935,0,484,578,305,445,510,706,705,305,209
258,1023,0,89,720,0,510,633,305,473,510,668,663,305,209
731,1023,0,425,1023,0,643,771,305,620,510,774,720,305,209
393,1023,0,156,1023,0,437,435,305,405,510,680,671,305,209
561,1023,0,248,1023,0,582,714,305,554,510,763,749,305,209
379,1023,0,239,1023,0,406,399,305,392,510,744,727,305,209
335,1023,0,189,1023,0,346,365,305,387,510,679,659,305,209
333,1023,0,148,1023,0,433,411,305,399,510,698,692,305,209
494,1023,0,235,1023,0,529,629,305,494,510,732,717,305,209
426,1023,0,307,1023,0,361,394,305,367,510,751,722,305,209
336,1023,0,137,1023,0,591,755,305,561,510,673,662,305,209
353,1023,0,177,1023,0,370,366,305,381,510,698,683,305,209
437,1023,0,231,1023,0,686,873,305,671,510,717,691,305,209
357,1023,0,131,900,0,484,544,305,453,510,672,659,305,209
338,1023,0,230,1023,0,378,386,305,372,510,706,694,305,209
648,1023,0,553,1023,0,805,1023,306,803,510,861,833,305,209
641,1023,0,514,1023,0,405,427,305,428,511,764,749,305,209
384,1023,0,355,1023,0,494,543,305,475,511,711,697,305,209
432,1023,0,245,1023,0,661,838,305,645,511,735,725,305,209
251,1023,0,106,957,0,309,359,305,310,511,416,404,305,209
434,1023,0,155,1006,0,443,485,305,419,511,678,667,305,209
355,1023,0,184,1023,0,401,389,305,383,511,726,717,305,209
287,1023,0,312,1023,0,640,817,305,614,511,756,746,305,209
325,1023,0,116,807,0,474,536,305,446,511,708,702,305,209
549,1023,0,276,1023,0,403,393,305,415,511,697,680,305,209
285,1023,0,114,897,0,484,575,305,450,511,660,646,305,209
743,1023,0,603,1023,0,419,432,305,443,511,813,793,305,215
296,1023,0,130,993,0,601,778,305,573,511,697,691,305,215
564,1023,0,366,1023,0,591,729,305,562,511,761,742,305,215
518,1023,0,425,1023,0,781,988,306,774,511,803,785,305,215
300,1023,0,141,1023,0,439,450,305,401,511,643,636,305,215
346,1023,0,187,1023,0,429,458,305,421,511,714,702,305,215
416,1023,0,367,1023,0,388,380,305,382,511,757,730,305,215
441,1023,0,247,1023,0,397,398,305,384,511,721,704,305,215
352,1023,0,152,1023,0,451,484,305,430,511,649,629,305,215
578,1023,0,195,1023,0,467,472,305,456,511,759,746,305,215
366,1023,0,183,1023,0,611,778,305,585,511,734,717,305,215
359,1023,0,198,1023,0,464,521,305,422,511,727,710,305,215
340,1023,0,147,1023,0,481,555,305,456,511,691,678,305,215
233,1023,0,128,1023,0,244,338,305,323,511,403,395,305,215
617,1023,0,342,1023,0,409,421,305,419,511,694,691,305,215
475,1023,0,313,1023,0,611,769,305,585,512,773,762,305,215
382,1023,0,186,1023,0,750,963,306,740,512,738,729,305,215
535,1023,0,230,1023,0,645,803,305,621,512,719,694,305,215
353,1023,0,218,1023,0,470,548,305,438,512,693,687,305,215
425,1023,0,286,1023,0,683,865,305,668,512,761,751,305,215
722,1023,0,549,1023,0,509,441,305,525,512,736,697,305,215
395,1023,0,182,1023,0,525,641,305,498,512,720,709,305,215
470,1023,0,277,1023,0,727,927,306,715,512,756,739,305,215
480,1023,0,482,1023,0,526,609,305,503,512,786,760,305,215
446,1023,0,265,1023,0,593,746,305,566,512,728,717,305,215
357,1023,0,252,1023,0,528,642,305,500,512,724,711,305,215
325,1023,0,183,1023,0,393,405,305,378,512,686,678,305,215
473,1023,0,230,1023,0,515,604,305,498,512,732,716,305,215
461,1023,0,273,1023,0,572,709,305,542,512,761,749,305,215
337,1023,0,181,1023,0,521,637,305,494,512,719,700,305,215
355,1023,0,179,1023,0,544,674,305,516,512,708,699,305,215
417,1023,0,143,916,0,435,453,305,410,512,708,698,305,215
348,1023,0,166,1023,0,500,571,305,468,512,683,671,305,215
789,1023,0,640,1023,0,791,995,306,786,512,807,751,305,215
383,1023,0,212,1023,0,567,713,305,538,512,699,680,305,215
313,1023,0,156,1023,0,615,798,305,589,512,732,724,305,215
701,1023,0,386,1023,0,534,621,305,517,512,793,736,305,215
612,1023,0,533,1023,0,745,939,306,737,512,792,773,305,215
501,1023,0,205,1023,0,452,481,305,425,512,734,722,305,215
383,1023,0,195,1023,0,727,936,306,715,512,721,711,305,215
684,1023,0,463,1023,0,632,765,305,611,512,812,790,305,215
449,1023,0,362,1023,0,580,720,305,556,512,747,724,305,215
410,1023,0,226,1023,0,523,627,305,499,513,722,712,305,215
477,1023,0,330,1023,0,618,768,305,599,513,761,751,305,215
545,1023,0,535,1023,0,761,949,306,754,513,758,736,305,215
592,1023,0,373,1023,0,400,423,305,392,513,762,750,305,215
480,1023,0,281,1023,0,490,562,305,459,513,709,695,305,215
375,1023,0,165,1023,0,473,542,305,455,513,703,688,305,215
559,1023,0,350,1023,0,698,901,305,680,513,741,711,305,215
371,1023,0,349,1023,0,461,462,305,479,513,736,728,305,215
475,1023,0,329,1023,0,520,623,305,496,513,743,741,305,215
709,1023,0,415,1023,0,440,439,305,436,513,756,722,305,215
407,1023,0,160,1023,0,472,538,305,437,513,688,681,305,215
733,1023,0,433,1023,0,632,790,305,609,513,798,777,305,215
580,1023,0,461,1023,0,615,760,305,602,513,797,782,305,215
504,1023,0,368,1023,0,425,434,305,431,513,742,728,305,215
593,1023,0,326,1023,0,564,683,305,539,513,728,711,305,215
560,1023,0,435,1023,0,776,976,306,770,513,764,732,305,215
294,1023,0,109,827,0,325,343,305,271,513,683,665,305,215
397,1023,0,182,1023,0,522,632,305,490,513,704,698,305,215
517,1023,0,460,1023,0,652,817,305,631,514,771,757,305,215
372,1023,0,180,1023,0,668,861,305,650,514,710,699,305,215
337,1023,0,178,1023,0,384,367,305,378,514,709,705,305,215
526,1023,0,274,1023,0,637,794,305,614,514,746,730,305,215
367,1023,0,132,894,0,698,893,305,683,514,699,695,305,215
492,1023,0,324,1023,0,507,578,305,489,514,741,724,305,215
409,1023,0,164,1023,0,416,397,305,429,514,734,724,305,215
357,1023,0,173,1023,0,439,433,305,411,514,705,689,305,215
319,1023,0,113,861,0,487,590,305,451,514,652,646,305,215
585,1023,0,446,1023,0,875,1023,307,879,514,771,752,305,215
379,1023,0,208,1023,0,443,445,305,421,514,723,716,305,221
396,1023,0,207,1023,0,809,1023,306,805,514,724,711,305,221
400,1023,0,275,1023,0,420,423,305,418,514,766,750,305,221
384,1023,0,186,1023,0,575,722,305,549,514,735,725,305,221
274,1023,0,129,952,0,443,479,305,401,514,635,631,305,221
428,1023,0,235,1023,0,627,791,305,605,514,750,738,305,221
428,1023,0,168,1023,0,748,961,306,738,514,745,733,305,221
360,1023,0,228,1023,0,719,921,305,708,514,722,707,305,221
406,1023,0,193,1023,0,395,403,305,377,514,711,685,305,221
291,1023,0,97,702,0,585,748,305,554,514,698,693,305,221
332,1023,0,164,1023,0,394,383,305,362,514,728,717,305,221
399,1023,0,192,1023,0,626,798,305,607,514,752,732,305,221
296,1023,0,144,1023,0,419,407,305,434,514,685,672,305,221
341,1023,0,435,1023,0,418,408,305,401,514,713,699,305,221
623,1023,0,542,1023,0,447,446,305,460,514,754,736,305,221
692,1023,0,332,1023,0,646,797,305,625,514,812,780,305,221
507,1023,0,400,1023,0,640,799,305,618,514,764,748,305,221
386,1023,0,158,1023,0,593,747,305,569,514,697,682,305,221
751,1023,0,561,1023,0,644,774,305,623,514,823,779,305,221
293,1023,0,176,1023,0,527,642,305,505,515,694,688,305,221
417,1023,0,333,1023,0,539,631,305,519,515,761,745,305,221
478,1023,0,250,1023,0,404,403,305,415,515,722,706,305,221
364,1023,0,176,1023,0,556,690,305,532,515,721,707,305,221
297,1023,0,130,964,0,629,812,305,603,515,661,648,305,221
271,1023,0,146,1023,0,452,470,305,439,515,707,701,305,221
423,1023,0,226,1023,0,744,954,306,732,515,714,694,305,221
465,1023,0,406,1023,0,591,740,305,569,515,798,783,305,221
369,1023,0,148,1023,0,601,772,305,573,515,707,700,305,221
378,1023,0,174,1023,0,420,393,305,393,515,690,681,305,221
335,1023,0,183,1023,0,454,502,305,419,515,676,663,305,221
353,1023,0,142,983,0,517,622,305,489,515,685,673,305,221
311,1023,0,140,1023,0,374,368,305,383,515,665,659,305,221
397,1023,0,174,1023,0,709,907,305,697,515,736,731,305,221
355,1023,0,167,1023,0,542,664,305,511,515,651,634,305,221
421,1023,0,133,884,0,506,601,305,468,515,695,689,305,221
409,1023,0,189,1023,0,706,903,305,692,515,713,698,305,221
443,1023,0,464,1023,0,824,1023,306,822,515,755,743,305,221
490,1023,0,388,1023,0,717,911,305,700,515,770,754,305,221
425,1023,0,229,1023,0,508,595,305,481,515,709,697,305,221
328,1023,0,258,1023,0,605,768,305,577,515,716,710,305,221
518,1023,0,288,1023,0,359,404,305,338,515,762,729,305,221
752,1023,0,525,1023,0,524,599,305,506,515,765,731,305,221
315,1023,0,153,1023,0,541,673,305,509,515,698,688,305,221
456,1023,0,249,1023,0,603,753,305,576,515,740,726,305,221
462,1023,0,413,1023,0,299,357,305,385,515,733,715,305,221
385,1023,0,248,1023,0,498,559,305,488,515,740,731,305,221
499,1023,0,285,1023,0,530,628,305,509,515,735,723,305,221
528,1023,0,291,1023,0,627,785,305,601,515,763,746,305,221
254,1023,0,139,1023,0,464,524,305,437,516,481,457,305,221
471,1023,0,256,1023,0,673,855,305,654,516,742,735,305,221
507,1023,0,313,1023,0,569,705,305,544,516,746,737,305,221
563,1023,0,435,1023,0,758,945,306,750,516,787,776,305,221
235,1023,0,100,727,0,453,494,305,444,516,636,633,305,221
494,1023,0,258,1023,0,337,383,305,376,516,718,702,305,221
292,1023,0,149,1023,0,489,582,305,464,516,668,662,305,221
452,1023,0,299,1023,0,394,402,305,385,516,760,747,305,221
526,1023,0,339,1023,0,715,903,305,702,516,754,738,305,221
340,1023,0,132,999,0,376,371,305,369,516,705,700,305,221
291,1023,0,187,1023,0,374,356,305,375,516,693,685,305,221
723,1023,0,480,1023,0,763,952,306,752,516,774,759,305,221
394,1023,0,312,1023,0,690,877,305,670,516,764,748,305,221
479,1023,0,255,1023,0,558,684,305,533,516,761,750,305,221
399,1023,0,212,1023,0,581,734,305,554,516,721,713,305,221
647,1023,0,534,1023,0,615,763,305,594,516,772,758,305,221
394,1023,0,183,1023,0,401,370,305,402,516,719,711,305,221
517,1023,0,226,1023,0,545,661,305,519,516,765,728,305,221
424,1023,0,210,1023,0,602,753,305,573,516,716,705,305,221
349,1023,0,221,1023,0,478,523,305,456,516,656,648,305,221
602,1023,0,546,1023,0,558,658,305,541,516,737,712,305,221
387,1023,0,178,1023,0,524,638,305,496,516,684,668,305,221
589,1023,0,521,1023,0,452,474,305,448,516,768,752,305,227
458,1023,0,214,1023,0,378,373,305,359,516,728,720,305,227
315,1023,0,146,1012,0,658,851,305,633,516,724,715,305,227
472,1023,0,561,1023,0,478,534,305,471,517,756,730,305,227
350,1023,0,281,1023,0,397,389,305,375,517,722,706,305,227
368,1023,0,223,1023,0,350,375,305,357,517,753,740,305,227
627,1023,0,268,1023,0,459,450,305,433,517,766,749,305,227
339,1023,0,188,1023,0,549,682,305,526,517,717,707,305,227
366,1023,0,158,1023,0,506,599,305,480,517,707,692,305,227
487,1023,0,316,1023,0,447,468,305,436,517,772,750,305,227
600,1023,0,254,1023,0,577,703,305,548,517,752,733,305,227
443,1023,0,283,1023,0,475,530,305,442,517,734,722,305,227
353,1023,0,171,1023,0,500,588,305,476,517,697,686,305,227
482,1023,0,390,1023,0,731,926,306,721,517,805,789,305,227
555,1023,0,322,1023,0,418,407,305,419,517,741,705,305,227
682,1023,0,322,1023,0,517,588,305,497,517,768,755,305,227
304,1023,0,205,1023,0,578,733,305,550,517,715,709,305,227
468,1023,0,255,1023,0,741,946,306,729,517,724,713,305,227
383,1023,0,195,1023,0,484,556,305,457,517,742,725,305,227
354,1023,0,339,1023,0,380,344,305,371,517,337,328,305,227
608,1023,0,411,1023,0,534,609,305,512,517,786,756,305,227
318,1023,0,162,1023,0,813,1023,306,811,517,695,682,305,227
348,1023,0,116,802,0,481,556,305,437,517,592,649,305,227
746,1023,0,466,1023,0,443,454,305,440,517,756,727,305,227
372,1023,0,338,1023,0,576,718,305,550,517,756,748,305,227
403,1023,0,325,1023,0,628,799,305,606,517,756,738,305,227
269,1023,0,357,1023,0,384,387,305,452,517,764,755,305,227
439,1023,0,222,1023,0,423,426,305,413,517,721,711,305,227
609,1023,0,369,1023,0,701,899,305,690,517,790,741,305,227
301,1023,0,289,1023,0,585,741,305,560,517,721,717,305,227
389,1023,0,167,1023,0,238,350,305,311,518,693,687,305,227
466,1023,0,344,1023,0,390,414,305,407,518,725,705,305,227
419,1023,0,236,1023,0,750,956,306,740,518,763,750,305,227
428,1023,0,360,1023,0,641,812,305,619,518,740,717,305,227
353,1023,0,257,1023,0,375,374,305,379,518,726,716,305,227
511,1023,0,258,1023,0,822,1023,306,821,518,745,738,305,227
426,1023,0,269,1023,0,585,734,305,559,518,743,718,305,227
391,1023,0,170,1023,0,559,700,305,532,518,733,723,305,227
449,1023,0,262,1023,0,414,413,305,409,518,758,747,305,227
341,1023,0,168,1023,0,663,851,305,644,518,699,685,305,227
388,1023,0,267,1023,0,731,938,306,720,518,753,733,305,227
572,1023,0,377,1023,0,621,763,305,599,518,780,761,305,227
286,1023,0,166,1023,0,767,993,306,759,518,695,682,305,227
604,1023,0,501,1023,0,854,1023,306,856,518,738,728,305,227
345,1023,0,170,1023,0,489,576,305,465,518,735,723,305,227
411,1023,0,236,1023,0,438,433,305,424,518,705,694,305,227
457,1023,0,255,1023,0,587,738,305,563,518,652,633,305,227
423,1023,0,466,1023,0,512,602,305,527,518,812,798,305,227
558,1023,0,344,1023,0,498,568,305,467,518,772,760,305,227
482,1023,0,233,1023,0,475,529,305,447,518,783,759,305,227
391,1023,0,230,1023,0,364,376,305,384,518,727,716,305,227
503,1023,0,384,1023,0,622,773,305,600,518,779,767,305,227
400,1023,0,188,1023,0,541,654,305,519,518,682,677,305,227
371,1023,0,211,1023,0,772,998,306,765,518,745,729,305,227
642,1023,0,510,1023,0,484,524,305,483,518,810,778,305,227
514,1023,0,464,1023,0,746,944,306,735,519,793,783,305,227
290,1023,0,200,1023,0,310,348,305,241,519,483,425,305,227
436,1023,0,209,1023,0,402,392,305,397,519,704,688,305,227
334,1023,0,164,1023,0,468,522,305,451,519,655,645,305,227
522,1023,0,279,1023,0,537,639,305,508,519,725,714,305,227
407,1023,0,261,1023,0,602,755,305,581,519,750,738,305,227
282,1023,0,146,1023,0,412,416,305,398,519,683,668,305,227
436,1023,0,272,1023,0,784,1004,306,779,519,729,721,305,227
818,1023,0,632,1023,0,721,899,305,708,519,791,764,305,227
337,1023,0,191,1023,0,565,705,305,586,519,697,700,305,227
561,1023,0,338,1023,0,552,655,305,525,519,753,723,305,227
406,1023,0,150,949,0,387,364,305,386,519,694,687,305,227
430,1023,0,198,1023,0,597,740,305,570,519,743,735,305,227
451,1023,0,363,1023,0,714,906,305,703,519,758,744,305,227
420,1023,0,191,1023,0,564,691,305,538,519,741,730,305,227
485,1023,0,216,1023,0,345,372,305,366,519,738,713,305,227
505,1023,0,326,1023,0,563,684,305,538,519,744,721,305,227
400,1023,0,149,940,0,632,802,305,609,519,733,718,305,227
358,1023,0,156,1023,0,514,630,305,483,519,678,673,305,227
369,1023,0,164,1023,0,547,691,305,518,519,725,710,305,227
441,1023,0,205,1023,0,642,803,305,620,519,729,720,305,227
419,1023,0,200,1023,0,467,492,305,448,519,720,682,305,227
364,1023,0,199,1023,0,746,957,306,736,519,726,707,305,227
350,1023,0,181,1023,0,541,666,305,503,519,715,698,305,227
287,1023,0,156,1023,0,534,653,305,506,519,696,687,305,227
392,1023,0,187,1023,0,593,758,305,563,519,704,696,305,227
384,1023,0,201,1023,0,463,529,305,421,519,695,680,305,227
507,1023,0,262,1023,0,376,366,305,386,519,725,713,305,227
379,1023,0,270,1023,0,780,1002,306,773,519,738,730,305,227
308,1023,0,98,718,0,607,785,305,580,519,643,635,305,227
531,1023,0,417,1023,0,696,895,305,677,520,780,766,305,227
412,1023,0,515,1023,0,679,851,305,661,520,764,750,305,227
349,1023,0,163,1023,0,433,434,305,421,520,728,706,305,227
460,1023,0,335,1023,0,375,403,305,361,520,725,710,305,227
302,1023,0,133,1020,0,656,847,305,637,520,686,675,305,227
345,1023,0,153,1023,0,692,890,305,674,520,740,729,305,227
435,1023,0,375,1023,0,391,399,305,414,520,753,744,305,227
327,1023,0,117,866,0,464,516,305,425,520,699,694,305,227
334,1023,0,213,1023,0,542,673,305,516,520,652,646,305,233
363,1023,0,226,1023,0,465,438,305,474,520,755,747,305,233
407,1023,0,142,917,0,617,784,305,591,520,716,707,305,233
322,1023,0,142,1023,0,500,600,305,468,520,726,720,305,233
413,1023,0,306,1023,0,466,504,305,441,520,747,746,305,233
305,1023,0,210,1023,0,277,363,305,327,520,443,423,305,233
352,1023,0,96,750,0,433,459,305,404,520,569,556,305,233
316,1023,0,112,834,0,451,505,305,414,520,695,680,305,233
376,1023,0,306,1023,0,733,946,306,722,520,728,720,305,233
310,1023,0,163,1023,0,487,545,305,455,520,708,701,305,233
344,1023,0,215,1023,0,483,558,305,453,520,682,668,305,233
431,1023,0,375,1023,0,410,413,305,400,520,667,650,305,233
388,1023,0,215,1023,0,323,378,305,311,520,698,690,305,233
338,1023,0,224,1023,0,667,857,305,644,520,726,713,305,233
357,1023,0,172,1023,0,738,952,306,729,520,727,712,305,233
321,1023,0,201,1023,0,491,570,305,471,520,726,718,305,233
423,1023,0,232,1023,0,392,380,305,376,520,736,713,305,233
375,1023,0,254,1023,0,627,805,305,605,520,713,700,305,233
434,1023,0,214,1023,0,549,667,305,523,520,735,728,305,233
371,1023,0,201,1023,0,453,508,305,409,521,689,680,305,233
507,1023,0,351,1023,0,401,390,305,416,521,786,765,305,233
770,1023,0,646,1023,0,611,752,305,595,521,782,765,305,233
589,1023,0,380,1023,0,475,504,305,453,521,756,738,305,233
312,1023,0,124,884,0,497,565,305,475,521,653,632,305,233
313,1023,0,139,1023,0,623,802,305,601,521,692,685,305,233
613,1023,0,397,1023,0,677,853,305,655,521,772,756,305,233
343,1023,0,242,1023,0,494,580,305,469,521,747,743,305,233
673,1023,0,482,1023,0,798,974,306,792,521,770,744,305,233
393,1023,0,200,1023,0,719,924,306,707,521,720,710,305,233
417,1023,0,224,1023,0,710,907,305,698,521,750,736,305,233
317,1023,0,149,1023,0,522,644,305,490,521,684,676,305,233
437,1023,0,162,1023,0,677,867,305,660,521,726,714,305,233
332,1023,0,129,964,0,617,793,305,593,521,684,679,305,233
383,1023,0,263,1023,0,838,1023,306,839,521,722,704,305,233
562,1023,0,404,1023,0,797,1007,306,793,521,755,716,305,233
358,1023,0,134,1010,0,724,933,306,713,521,716,706,305,233
651,1023,0,399,1023,0,682,847,305,661,521,753,723,305,233
499,1023,0,399,1023,0,436,415,305,436,521,751,732,305,233
397,1023,0,356,1023,0,712,890,305,707,521,771,752,305,233
488,1023,0,373,1023,0,792,999,306,786,521,769,757,305,233
699,1023,0,537,1023,0,685,841,305,665,521,764,732,305,233
502,1023,0,292,1023,0,684,862,305,668,521,751,740,305,233
401,1023,0,176,1023,0,388,367,305,370,521,725,712,305,233
394,1023,0,229,1023,0,539,665,305,510,521,717,700,305,233
431,1023,0,148,936,0,522,612,305,489,522,727,718,305,233
371,1023,0,166,1023,0,736,939,306,725,522,716,701,305,233
477,1023,0,349,1023,0,367,374,305,367,522,550,501,305,233
528,1023,0,377,1023,0,550,657,305,523,522,760,749,305,233
369,1023,0,328,1023,0,685,870,305,670,522,713,693,305,233
388,1023,0,287,1023,0,570,706,305,546,522,716,697,305,233
398,1023,0,230,1023,0,764,978,306,757,522,744,728,305,233
359,1023,0,200,1023,0,502,608,305,473,522,716,708,305,233
271,1023,0,88,637,0,337,342,305,238,522,381,387,305,233
441,1023,0,310,1023,0,685,874,305,663,522,740,724,305,233
666,1023,0,269,1023,0,616,765,305,591,522,750,721,305,233
362,1023,0,236,1023,0,482,536,305,459,522,723,710,305,233
651,1023,0,427,1023,0,567,685,305,544,522,766,754,305,233
424,1023,0,174,1023,0,427,447,305,409,522,701,690,305,233
380,1023,0,223,1023,0,456,468,305,425,522,686,671,305,233
277,1023,0,219,1023,0,611,786,305,583,522,732,724,305,233
483,1023,0,305,1023,0,571,702,305,545,522,755,738,305,233
606,1023,0,507,1023,0,337,399,305,428,522,798,764,305,233
345,1023,0,143,1023,0,523,634,305,490,522,682,662,305,233
503,1023,0,238,1023,0,546,658,305,522,522,728,718,305,233
361,1023,0,198,1023,0,571,716,305,544,522,717,696,305,233
326,1023,0,208,1023,0,652,836,305,629,522,743,726,305,233
473,1023,0,281,1023,0,642,815,305,616,522,771,758,305,233
303,1023,0,140,1023,0,654,835,305,640,522,750,743,305,233
382,1023,0,173,1023,0,417,401,305,403,522,679,666,305,233
327,1023,0,198,1023,0,475,541,305,444,522,689,680,305,233
484,1023,0,207,1023,0,804,1021,306,800,522,749,736,305,233
479,1023,0,261,1023,0,462,448,305,431,522,753,746,305,233
482,1023,0,464,1023,0,615,753,305,591,522,752,721,305,233
330,1023,0,169,1023,0,433,449,305,406,522,663,653,305,233
342,1023,0,172,1023,0,376,386,305,329,522,661,651,305,233
514,1023,0,429,1023,0,474,522,305,455,523,755,745,305,233
427,1023,0,247,1023,0,501,581,305,476,523,699,683,305,233
544,1023,0,437,1023,0,424,440,305,431,523,769,751,305,233
630,1023,0,393,1023,0,418,408,305,422,523,736,691,305,233
526,1023,0,262,1023,0,707,889,305,693,523,767,748,305,233
512,1023,0,309,1023,0,588,727,305,561,523,767,753,305,233
388,1023,0,230,1023,0,463,503,305,444,523,714,700,305,233
448,1023,0,321,1023,0,619,776,305,596,523,747,739,305,233
413,1023,0,237,1023,0,649,824,305,630,523,728,718,305,233
336,1023,0,126,904,0,458,487,305,431,523,701,696,305,233
367,1023,0,212,1023,0,505,609,305,476,523,696,689,305,233
539,1023,0,452,1023,0,801,1012,306,797,523,753,743,305,239
303,1023,0,98,788,0,529,657,305,495,523,699,695,305,239
384,1023,0,296,1023,0,786,1014,306,779,523,752,738,305,239
342,1023,0,229,1023,0,540,664,305,518,523,745,728,305,239
449,1023,0,331,1023,0,539,641,305,511,523,795,781,305,239
318,1023,0,168,1023,0,569,723,305,546,523,674,668,305,239
367,1023,0,249,1023,0,440,465,305,532,523,751,728,305,239
354,1023,0,280,1023,0,518,628,305,486,523,688,674,305,239
330,1023,0,180,1023,0,609,783,305,582,523,674,670,305,239
542,1023,0,287,1023,0,549,657,305,526,523,752,734,305,239
323,1023,0,132,960,0,315,347,305,271,523,687,676,305,239
588,1023,0,424,1023,0,480,530,305,460,523,755,732,305,239
290,1023,0,190,1023,0,504,604,305,476,523,687,682,305,239
321,1023,0,223,1023,0,521,646,305,483,524,704,694,305,239
273,1023,0,130,946,0,595,762,305,567,524,719,708,305,239
785,1023,0,685,1023,0,646,788,305,633,524,775,753,305,239
737,1023,0,386,1023,0,399,433,305,407,524,760,750,305,239
491,1023,0,272,1023,0,482,541,305,466,524,738,707,305,239
385,1023,0,154,1023,0,714,917,305,702,524,734,723,305,239
552,1023,0,227,1023,0,450,491,305,429,524,753,742,305,239
355,1023,0,190,1023,0,358,388,305,311,524,710,700,305,239
425,1023,0,233,1023,0,748,955,306,739,524,739,724,305,239
457,1023,0,212,1023,0,513,614,305,492,524,734,722,305,239
600,1023,0,470,1023,0,749,935,306,739,524,770,750,305,239
384,1023,0,248,1023,0,592,745,305,569,524,708,694,305,239
358,1023,0,161,1023,0,619,788,305,593,524,722,716,305,239
365,1023,0,382,1023,0,410,436,305,415,524,782,771,305,239
410,1023,0,239,1023,0,573,729,305,541,524,704,696,305,239
535,1023,0,350,1023,0,563,684,305,538,524,747,738,305,239
746,1023,0,567,1023,0,429,449,305,454,524,783,761,305,239
394,1023,0,182,1023,0,549,654,305,520,524,709,691,305,239
557,1023,0,498,1023,0,752,942,306,741,524,773,763,305,239
355,1023,0,148,1023,0,653,836,305,633,524,689,673,305,239
316,1023,0,159,1023,0,579,735,305,550,524,696,683,305,239
373,1023,0,148,1023,0,401,393,305,388,524,713,690,305,239
570,1023,0,392,1023,0,522,599,305,494,524,737,724,305,239
415,1023,0,176,1016,0,548,670,305,520,524,713,696,305,239
378,1023,0,218,1023,0,467,520,305,441,524,737,722,305,239
476,1023,0,322,1023,0,511,600,305,484,524,705,688,305,239
441,1023,0,310,1023,0,457,495,305,428,524,753,729,305,239
395,1023,0,179,1023,0,611,773,305,583,524,750,740,305,239
516,1023,0,217,1023,0,517,613,305,486,525,713,694,305,239
412,1023,0,446,1023,0,771,995,306,770,525,826,812,305,239
337,1023,0,198,1023,0,635,811,305,614,525,707,696,305,239
372,1023,0,229,1023,0,370,377,305,364,525,668,657,305,239
214,1023,0,161,1023,0,777,1015,306,771,525,694,687,305,239
420,1023,0,241,1023,0,533,639,305,508,525,735,727,305,239
396,1023,0,192,1023,0,475,549,305,448,525,657,650,305,239
356,1023,0,186,1023,0,597,762,305,571,525,724,716,305,239
457,1023,0,261,1023,0,372,398,305,384,525,732,716,305,239
499,1023,0,255,1023,0,628,782,305,609,525,763,752,305,239
462,1023,0,369,1023,0,464,491,305,462,525,709,693,305,239
398,1023,0,205,1023,0,662,848,305,647,525,710,701,305,239
379,1023,0,154,954,0,548,681,305,513,525,708,701,305,239
445,1023,0,217,1023,0,487,544,305,459,525,714,706,305,239
466,1023,0,189,1023,0,493,560,305,471,525,725,716,305,239
406,1023,0,252,1023,0,551,682,305,523,525,711,699,305,239
569,1023,0,314,1023,0,735,919,306,724,525,746,720,305,239
396,1023,0,171,1023,0,449,463,305,426,525,676,655,305,239
295,1023,0,157,1023,0,570,733,305,538,525,713,705,305,239
781,1023,0,464,1023,0,675,826,305,661,525,789,769,305,239
453,1023,0,285,1023,0,537,642,305,510,525,743,723,305,239
361,1023,0,202,1023,0,711,915,305,697,525,745,739,305,239
418,1023,0,290,1023,0,566,709,305,537,525,762,752,305,239
366,1023,0,181,1023,0,595,755,305,570,525,728,715,305,239
511,1023,0,409,1023,0,589,726,305,564,525,809,794,305,239
314,1023,0,163,1023,0,381,358,305,392,525,293,406,305,239
380,1023,0,261,1023,0,504,599,305,482,525,731,726,305,239
435,1023,0,207,1023,0,356,386,305,380,525,702,676,305,239
356,1023,0,127,868,0,573,727,305,543,525,706,697,305,239
298,1023,0,222,1023,0,788,1018,306,784,525,717,696,305,239
411,1023,0,315,1023,0,569,699,305,549,525,738,719,305,239
429,1023,0,158,948,0,454,482,305,421,525,733,726,305,239
347,1023,0,164,1023,0,548,678,305,520,525,696,677,305,239
445,1023,0,183,1023,0,505,598,305,468,526,712,705,305,239
382,1023,0,240,1023,0,471,510,305,443,526,702,689,305,239
371,1023,0,246,1023,0,489,558,305,471,526,748,735,305,239
276,1023,0,94,719,0,451,509,305,419,526,673,659,305,239
408,1023,0,224,1023,0,467,451,305,443,526,698,688,305,239
364,1023,0,144,985,0,448,415,305,422,526,714,709,305,239
736,1023,0,671,1023,0,559,656,305,541,526,811,761,305,239
676,1023,0,338,1023,0,773,994,306,767,526,802,766,305,239
492,1023,0,573,1023,0,646,812,305,628,526,476,520,305,239
287,1023,0,204,1023,0,620,792,305,593,526,693,698,305,239
507,1023,0,285,1023,0,673,850,305,657,526,743,725,305,239
394,1023,0,225,1023,0,711,909,305,698,526,754,741,305,239
396,1023,0,213,1023,0,501,588,305,474,526,703,685,305,239
465,1023,0,269,1023,0,465,496,305,447,526,760,748,305,239
369,1023,0,182,1023,0,623,792,305,603,526,718,711,305,239
380,1023,0,109,676,0,709,903,305,695,526,651,637,305,239
392,1023,0,225,1023,0,734,935,306,725,526,724,711,305,239
396,1023,0,157,1023,0,548,672,305,525,526,717,702,305,239
380,1023,0,118,751,0,581,731,305,554,526,700,693,305,239
448,1023,0,323,1023,0,716,913,305,705,526,773,754,305,239
400,1023,0,158,1023,0,351,382,305,353,526,692,685,305,239
443,1023,0,155,1023,0,399,409,305,395,526,695,678,305,239
399,1023,0,164,1023,0,586,733,305,559,526,724,712,305,244
480,1023,0,429,1023,0,620,797,305,600,526,759,746,305,244
334,1023,0,181,1023,0,461,505,305,443,526,733,726,305,244
300,1023,0,194,1023,0,463,526,305,425,526,660,655,305,244
369,1023,0,165,1023,0,430,431,305,406,526,702,690,305,244
359,1023,0,150,1023,0,219,355,305,308,527,701,693,305,244
405,1023,0,204,1023,0,641,816,305,615,527,730,713,305,244
513,1023,0,223,1023,0,543,662,305,517,527,753,739,305,244
397,1023,0,168,1023,0,548,678,305,523,527,712,707,305,244
444,1023,0,311,1023,0,449,456,305,433,527,714,699,305,244
425,1023,0,238,1023,0,655,838,305,632,527,723,708,305,244
320,1023,0,144,1023,0,486,580,305,446,527,711,705,305,244
557,1023,0,370,1023,0,728,919,306,718,527,768,751,305,244
408,1023,0,193,1023,0,534,646,305,501,527,710,681,305,244
342,1023,0,154,1023,0,588,751,305,562,527,704,693,305,244
268,1023,0,159,1023,0,526,657,305,497,527,675,666,305,244
479,1023,0,363,1023,0,338,384,305,357,527,746,724,305,244
395,1023,0,215,1023,0,413,402,305,412,527,486,586,305,244
410,1023,0,240,1023,0,295,383,305,214,527,728,721,305,244
537,1023,0,526,1023,0,450,464,305,453,527,801,769,305,244
374,1023,0,125,813,0,569,707,305,541,527,679,651,305,244
695,1023,0,507,1023,0,557,659,305,536,527,802,786,305,244
666,1023,0,375,1023,0,599,710,305,575,527,799,763,305,244
274,1023,0,111,877,0,812,1023,306,810,527,630,615,305,244
615,1023,0,483,1023,0,717,895,305,704,527,809,785,305,244
447,1023,0,273,1023,0,803,1023,306,800,527,788,777,305,244
387,1023,0,152,1023,0,621,791,305,593,527,659,636,305,244
418,1023,0,220,1023,0,636,808,305,613,527,712,701,305,244
332,1023,0,125,855,0,534,656,305,502,527,672,661,305,244
333,1023,0,148,1023,0,604,769,305,578,527,693,686,305,244
639,1023,0,657,1023,0,514,549,305,504,527,786,771,305,244
439,1023,0,256,1023,0,572,717,305,546,528,732,717,305,244
229,1023,0,136,1023,0,402,375,305,413,528,443,414,305,244
541,1023,0,230,1023,0,527,620,305,499,528,750,740,305,244
750,1023,0,436,1023,0,361,425,305,376,528,802,784,305,244
401,1023,0,254,1023,0,537,651,305,512,528,689,676,305,244
273,1023,0,242,1023,0,787,1019,306,781,528,763,755,305,244
307,1023,0,138,1023,0,628,811,305,602,528,671,659,305,244
355,1023,0,184,1023,0,574,724,305,548,528,746,739,305,244
491,1023,0,326,1023,0,547,675,305,519,528,791,746,305,244
351,1023,0,105,739,0,477,547,305,451,528,693,682,305,244
449,1023,0,236,1023,0,671,853,305,653,528,730,718,305,244
411,1023,0,159,1023,0,332,360,305,372,528,715,695,305,244
336,1023,0,239,1023,0,618,792,305,591,528,718,700,305,244
666,1023,0,320,1023,0,652,787,305,633,528,737,699,305,244
353,1023,0,189,1023,0,554,694,305,527,528,726,702,305,244
342,1023,0,211,1023,0,565,709,305,534,528,731,723,305,244
273,1023,0,237,1023,0,756,982,306,749,528,647,671,305,244
609,1023,0,313,1023,0,680,843,305,663,528,789,742,305,244
537,1023,0,326,1023,0,742,934,306,730,528,763,753,305,244
327,1023,0,130,927,0,672,871,305,657,528,690,677,305,244
336,1023,0,117,759,0,665,856,305,649,528,709,705,305,244
497,1023,0,479,1023,0,754,964,306,742,528,779,762,305,244
382,1023,0,184,1023,0,450,530,305,414,528,691,678,305,244
519,1023,0,277,1023,0,657,819,305,637,528,799,769,305,244
289,1023,0,191,1023,0,410,436,305,410,528,684,674,305,244
327,1023,0,171,1023,0,344,359,305,334,529,656,646,305,244
423,1023,0,166,1023,0,528,645,305,496,529,701,693,305,244
355,1023,0,130,958,0,521,638,305,494,529,656,642,305,244
375,1023,0,167,1023,0,510,606,305,479,529,724,722,305,244
546,1023,0,304,1023,0,631,793,305,610,529,733,714,305,244
441,1023,0,210,1023,0,552,686,305,525,529,758,742,305,244
409,1023,0,231,1023,0,517,623,305,484,529,732,716,305,244
414,1023,0,205,1023,0,400,398,305,391,529,731,708,305,244
260,1023,0,136,1023,0,535,678,305,507,529,636,671,305,244
500,1023,0,379,1023,0,594,737,305,567,529,780,770,305,244
314,1023,0,106,812,0,548,667,305,516,529,438,418,305,250
498,1023,0,318,1023,0,802,1009,306,797,529,738,717,305,250
701,1023,0,524,1023,0,535,615,305,521,529,793,768,305,250
644,1023,0,546,1023,0,451,472,305,458,529,799,786,305,250
324,1023,0,190,1023,0,393,401,305,377,529,746,741,305,250
441,1023,0,207,1023,0,617,775,305,591,529,755,731,305,250
648,1023,0,435,1023,0,577,667,305,553,529,811,752,305,250
299,1023,0,153,1023,0,518,593,305,488,529,721,714,305,250
410,1023,0,306,1023,0,627,779,305,605,529,771,754,305,250
302,1023,0,172,1023,0,441,473,305,399,529,681,668,305,250
433,1023,0,294,1023,0,405,401,305,419,530,692,677,305,250
608,1023,0,523,1023,0,428,431,305,436,530,766,748,305,250
395,1023,0,268,1023,0,620,787,305,594,530,730,719,305,250
331,1023,0,92,706,0,425,476,305,371,530,681,673,305,250
307,1023,0,108,806,0,605,776,305,578,530,655,646,305,250
434,1023,0,434,1023,0,670,850,305,654,530,735,718,305,250
462,1023,0,270,1023,0,397,429,305,388,530,737,726,305,250
759,1023,0,457,1023,0,440,440,305,444,530,768,755,305,250
490,1023,0,315,1023,0,716,908,305,703,530,755,736,305,250
420,1023,0,256,1023,0,646,818,305,624,530,733,714,305,250
413,1023,0,289,1023,0,718,921,306,705,530,740,729,305,250
463,1023,0,242,1023,0,407,413,305,400,530,717,705,305,250
320,1023,0,210,1023,0,481,557,305,458,530,699,680,305,250
444,1023,0,204,1023,0,523,631,305,486,530,707,692,305,250
314,1023,0,174,1023,0,620,793,305,595,530,709,698,305,250
322,1023,0,182,1023,0,493,586,305,466,530,645,637,305,250
469,1023,0,239,1023,0,552,688,305,525,531,736,719,305,250
354,1023,0,238,1023,0,800,1023,306,795,531,771,756,305,250
379,1023,0,156,1023,0,572,723,305,545,531,704,693,305,250
486,1023,0,526,1023,0,810,1023,306,806,531,764,749,305,250
702,1023,0,626,1023,0,824,1023,307,823,531,782,739,305,250
348,1023,0,165,1023,0,491,581,305,464,531,683,678,305,250
698,1023,0,397,1023,0,695,863,305,675,531,787,747,305,250
733,1023,0,689,1023,0,480,511,305,498,531,743,742,305,250
268,1023,0,214,1023,0,380,389,305,386,531,683,682,305,250
425,1023,0,175,1023,0,401,402,305,382,531,700,675,305,250
677,1023,0,393,1023,0,690,854,305,671,531,773,751,305,250
371,1023,0,187,1023,0,516,627,305,489,531,728,712,305,250
764,1023,0,449,1023,0,646,789,305,622,531,827,760,305,250
428,1023,0,244,1023,0,408,415,305,404,531,709,695,305,250
500,1023,0,474,1023,0,544,638,305,520,531,747,724,305,250
404,1023,0,174,1023,0,472,524,305,435,531,719,707,305,250
390,1023,0,161,1023,0,450,504,305,437,531,705,698,305,250
429,1023,0,328,1023,0,632,805,305,609,531,734,718,305,250
512,1023,0,220,1023,0,599,744,305,568,531,735,723,305,250
374,1023,0,148,1023,0,496,579,305,456,531,671,660,305,250
350,1023,0,156,1023,0,599,754,305,574,531,749,736,305,250
566,1023,0,345,1023,0,657,819,305,634,531,797,786,305,250
756,1023,0,615,1023,0,867,1023,306,869,531,809,749,305,250
466,1023,0,361,1023,0,792,1003,306,786,531,804,779,305,250
516,1023,0,248,1023,0,480,510,305,457,532,741,722,305,250
466,1023,0,288,1023,0,576,716,305,549,532,772,758,305,250
570,1023,0,289,1023,0,502,575,305,474,532,758,737,305,250
384,1023,0,218,1023,0,451,481,305,431,532,700,676,305,250
762,1023,0,517,1023,0,623,744,305,606,532,818,767,305,256
409,1023,0,196,1023,0,551,681,305,522,532,715,704,305,256
411,1023,0,217,1023,0,662,819,305,644,532,684,673,305,256
560,1023,0,441,1023,0,396,421,305,414,532,750,727,305,256
299,1023,0,109,780,0,526,650,305,496,532,683,676,305,256
349,1023,0,152,1023,0,577,731,305,554,532,718,706,305,256
633,1023,0,549,1023,0,774,1001,306,766,532,769,757,305,256
428,1023,0,238,1023,0,563,702,305,531,532,739,734,305,256
467,1023,0,285,1023,0,624,787,305,599,532,710,693,305,256
317,1023,0,130,993,0,538,677,305,510,532,703,694,305,256
820,1023,0,567,1023,0,575,691,305,557,532,809,783,305,256
512,1023,0,290,1023,0,773,999,306,768,532,744,728,305,256
393,1023,0,188,1023,0,261,361,305,277,532,694,677,305,256
344,1023,0,128,873,0,584,741,305,554,532,704,695,305,256
501,1023,0,519,1023,0,424,460,305,417,532,729,716,305,256
607,1023,0,514,1023,0,767,956,306,759,532,775,765,305,256
462,1023,0,240,1023,0,439,442,305,433,532,723,712,305,256
404,1023,0,176,1023,0,606,764,305,580,532,752,737,305,256
432,1023,0,228,1023,0,539,654,305,514,532,702,692,305,256
351,1023,0,140,973,0,551,683,305,519,532,716,712,305,256
673,1023,0,512,1023,0,639,789,305,615,532,755,740,305,256
322,1023,0,167,1023,0,801,1023,306,797,532,692,683,305,256
364,1023,0,154,1023,0,642,830,305,618,532,707,700,305,256
381,1023,0,343,1023,0,604,761,305,584,532,759,748,305,256
376,1023,0,131,851,0,518,604,305,489,532,722,710,305,256
242,1023,0,147,1023,0,402,397,305,370,532,666,656,305,256
690,1023,0,338,1023,0,402,414,305,408,533,761,726,305,256
309,1023,0,119,908,0,486,573,305,458,533,676,655,305,256
310,1023,0,192,1023,0,494,588,305,451,533,714,706,305,256
303,1023,0,329,1023,0,571,701,305,544,533,755,745,305,256
357,1023,0,138,1009,0,532,646,305,513,533,703,694,305,256
719,1023,0,494,1023,0,443,450,305,459,533,790,759,305,256
426,1023,0,297,1023,0,470,473,305,445,533,756,746,305,256
352,1023,0,162,1023,0,132,350,305,269,533,665,656,305,256
495,1023,0,222,1023,0,323,378,305,355,533,773,753,305,256
532,1023,0,473,1023,0,526,597,305,496,533,753,733,305,256
491,1023,0,312,1023,0,797,1004,306,794,533,760,742,305,256
430,1023,0,400,1023,0,390,408,305,411,533,739,727,305,256
318,1023,0,102,727,0,666,862,305,650,533,658,651,305,256
726,1023,0,440,1023,0,363,391,305,376,533,790,764,305,256
335,1023,0,147,1023,0,350,363,305,328,533,669,655,305,256
376,1023,0,181,1023,0,327,380,305,332,533,702,690,305,256
508,1023,0,355,1023,0,534,645,305,512,533,719,710,305,256
390,1023,0,140,961,0,638,812,305,613,533,697,683,305,256
553,1023,0,307,1023,0,549,669,305,521,533,758,741,305,256
319,1023,0,151,1023,0,550,689,305,517,533,717,709,305,256
383,1023,0,240,1023,0,193,370,305,288,533,707,697,305,256
306,1023,0,162,1023,0,596,767,305,569,533,720,717,305,256
624,1023,0,563,1023,0,638,815,305,616,533,833,801,305,256
496,1023,0,560,1023,0,856,1023,306,858,533,790,773,305,256
332,1023,0,168,1023,0,369,363,305,373,533,605,594,305,256
555,1023,0,439,1023,0,806,1018,306,803,533,764,751,305,256
452,1023,0,240,1023,0,359,374,305,341,534,752,736,305,256
478,1023,0,202,1023,0,413,397,305,395,534,729,697,305,256
494,1023,0,317,1023,0,428,414,305,450,534,750,724,305,256
435,1023,0,202,1023,0,571,712,305,545,534,746,735,305,256
398,1023,0,236,1023,0,516,601,305,486,534,788,775,305,256
362,1023,0,131,965,0,528,642,305,498,534,729,720,305,256
420,1023,0,266,1023,0,466,445,305,458,534,729,714,305,256
645,1023,0,575,1023,0,563,656,305,542,534,763,743,305,256
679,1023,0,306,1023,0,657,826,305,639,534,772,717,305,256
364,1023,0,193,1023,0,349,363,305,316,534,698,688,305,256
511,1023,0,387,1023,0,487,532,305,471,534,738,724,305,256
531,1023,0,332,1023,0,415,414,305,436,534,779,761,305,256
473,1023,0,225,1023,0,613,769,305,586,534,737,725,305,256
372,1023,0,183,1023,0,533,658,305,501,534,718,707,305,256
361,1023,0,237,1023,0,593,744,305,568,534,658,644,305,256
481,1023,0,368,1023,0,397,424,305,408,534,747,731,305,256
455,1023,0,330,1023,0,706,894,305,692,534,753,742,305,256
580,1023,0,507,1023,0,510,558,305,495,534,757,740,305,256
453,1023,0,297,1023,0,539,644,305,515,534,779,757,305,262
467,1023,0,326,1023,0,751,962,306,742,534,761,743,305,262
536,1023,0,270,1023,0,770,954,306,764,534,785,762,305,262
432,1023,0,225,1023,0,501,590,305,466,534,729,722,305,262
434,1023,0,215,1023,0,563,680,305,536,534,749,741,305,262
479,1023,0,343,1023,0,695,879,305,680,534,796,783,305,262
398,1023,0,168,1023,0,583,716,305,560,535,696,687,305,262
459,1023,0,294,1023,0,408,416,305,418,535,754,743,305,262
402,1023,0,272,1023,0,574,713,305,548,535,745,732,305,262
324,1023,0,150,1023,0,553,680,305,526,535,693,686,305,262
654,1023,0,560,1023,0,450,468,305,459,535,765,744,305,262
394,1023,0,329,1023,0,412,403,305,425,535,722,709,305,262
358,1023,0,189,1023,0,372,403,305,341,535,715,706,305,262
347,1023,0,237,1023,0,382,387,305,389,535,677,670,305,262
399,1023,0,233,1023,0,680,866,305,665,535,521,486,305,262
376,1023,0,208,1023,0,472,532,305,447,535,660,649,305,262
230,1023,0,108,909,0,318,344,305,258,535,356,356,305,262
451,1023,0,205,1023,0,588,731,305,559,535,757,747,305,262
604,1023,0,327,1023,0,558,694,305,538,535,761,752,305,262
464,1023,0,276,1023,0,413,413,305,415,535,713,689,305,262
354,1023,0,197,1023,0,630,798,305,606,535,713,701,305,262
567,1023,0,375,1023,0,855,1023,307,855,535,766,729,305,262
429,1023,0,227,1023,0,597,752,305,571,535,712,698,305,262
549,1023,0,362,1023,0,842,1023,307,842,535,734,715,305,262
492,1023,0,308,1023,0,576,712,305,552,535,751,738,305,262
376,1023,0,265,1023,0,432,431,305,409,535,704,687,305,262
340,1023,0,142,1023,0,522,633,305,497,535,688,682,305,262
404,1023,0,144,967,0,553,690,305,529,535,695,680,305,262
280,1023,0,73,593,0,623,810,305,602,535,387,374,305,262
291,1023,0,168,1023,0,556,704,305,525,535,681,680,305,262
418,1023,0,215,1023,0,500,575,305,469,535,738,726,305,262
324,1023,0,134,935,0,514,630,305,485,535,717,712,305,262
330,1023,0,135,976,0,365,384,305,328,535,664,656,305,262
573,1023,0,417,1023,0,427,458,305,440,535,768,755,305,262
423,1023,0,204,1023,0,418,427,305,383,535,741,729,305,262
349,1023,0,109,796,0,469,533,305,433,535,676,660,305,262
474,1023,0,388,1023,0,412,431,305,462,535,754,728,305,262
323,1023,0,173,1023,0,544,674,305,513,535,674,664,305,262
335,1023,0,135,928,0,480,557,305,448,535,697,689,305,262
364,1023,0,194,1023,0,217,366,305,262,536,708,697,305,262
365,1023,0,204,1023,0,712,915,305,698,536,704,696,305,262
464,1023,0,181,1023,0,524,626,305,496,536,733,726,305,262
242,1023,0,125,980,0,615,793,305,587,536,703,700,305,262
315,1023,0,178,1023,0,637,819,305,619,536,755,746,305,262
364,1023,0,260,1023,0,630,806,305,610,536,710,695,305,262
624,1023,0,301,1023,0,558,664,305,532,536,759,735,305,262
379,1023,0,179,1023,0,653,834,305,630,536,702,695,305,262
469,1023,0,437,1023,0,598,752,305,579,536,749,736,305,262
366,1023,0,194,1023,0,626,798,305,602,536,720,717,305,262
600,1023,0,356,1023,0,658,826,305,637,536,781,765,305,262
278,1023,0,98,738,0,546,687,305,513,536,678,675,305,262
663,1023,0,409,1023,0,611,772,305,587,536,768,686,305,262
375,1023,0,137,939,0,716,921,305,705,536,701,694,305,262
686,1023,0,630,1023,0,800,1021,306,796,536,810,792,305,262
492,1023,0,287,1023,0,803,1022,306,799,536,745,733,305,262
280,1023,0,136,1023,0,619,802,305,592,536,698,694,305,262
607,1023,0,448,1023,0,651,826,305,627,536,773,757,305,262
372,1023,0,179,1023,0,457,481,305,431,536,714,701,305,262
464,1023,0,434,1023,0,434,429,305,440,536,762,735,305,262
366,1023,0,198,1023,0,551,694,305,527,536,696,690,305,262
363,1023,0,146,1023,0,576,725,305,551,536,695,682,305,262
506,1023,0,210,1023,0,595,722,305,569,536,694,677,305,262
345,1023,0,159,1023,0,576,734,305,546,536,689,679,305,262
522,1023,0,283,1023,0,680,847,305,669,536,768,753,305,262
299,1023,0,160,1023,0,403,396,305,392,536,698,687,305,262
558,1023,0,340,1023,0,827,1023,306,825,536,744,731,305,262
351,1023,0,166,1004,0,433,394,305,429,536,713,701,305,262
320,1023,0,149,1023,0,561,709,305,532,536,683,680,305,262
457,1023,0,260,1023,0,577,699,305,548,537,772,749,305,262
399,1023,0,155,992,0,592,741,305,563,537,709,697,305,262
317,1023,0,107,760,0,557,707,305,527,537,671,667,305,262
360,1023,0,207,1023,0,235,369,305,241,537,680,669,305,262
380,1023,0,243,1023,0,548,664,305,526,537,728,718,305,262
343,1023,0,266,1023,0,422,404,305,404,537,734,722,305,262
364,1023,0,123,940,0,470,523,305,444,537,657,652,305,262
283,1023,0,252,1023,0,571,715,305,544,537,705,689,305,262
391,1023,0,235,1023,0,342,363,305,372,537,723,707,305,262
728,1023,0,663,1023,0,481,499,305,486,537,823,778,305,262
441,1023,0,172,1023,0,466,500,305,449,537,680,667,305,262
406,1023,0,133,851,0,572,711,305,543,537,713,703,305,262
454,1023,0,381,1023,0,616,780,305,589,537,756,740,305,262
445,1023,0,223,1023,0,713,905,305,699,537,725,719,305,262
426,1023,0,256,1023,0,394,395,305,409,537,663,660,305,262
324,1023,0,135,1023,0,523,631,305,490,537,713,703,305,262
651,1023,0,365,1023,0,851,1023,306,850,537,793,756,305,262
316,1023,0,139,947,0,538,672,305,509,537,715,706,305,268
357,1023,0,179,1023,0,462,513,305,429,537,659,652,305,268
386,1023,0,195,1023,0,410,423,305,390,537,710,704,305,268
572,1023,0,342,1023,0,270,389,305,349,537,764,750,305,268
319,1023,0,148,1023,0,566,694,305,543,537,700,685,305,268
385,1023,0,248,1023,0,634,814,305,613,537,761,748,305,268
377,1023,0,189,1023,0,568,708,305,543,537,707,696,305,268
355,1023,0,237,1023,0,420,410,305,413,537,717,709,305,268
357,1023,0,202,1023,0,593,754,305,567,537,723,707,305,268
546,1023,0,220,1023,0,649,817,305,626,537,742,732,305,268
420,1023,0,253,1023,0,597,751,305,570,537,729,720,305,268
712,1023,0,570,1023,0,769,963,306,763,537,792,764,305,268
388,1023,0,261,1023,0,817,1023,306,814,537,722,707,305,268
289,1023,0,174,1023,0,664,862,305,645,538,698,692,305,268
521,1023,0,555,1023,0,646,809,305,626,538,745,732,305,268
524,1023,0,194,1023,0,485,549,305,452,538,735,715,305,268
420,1023,0,222,1023,0,592,741,305,568,538,775,769,305,268
363,1023,0,183,1023,0,501,601,305,469,538,702,698,305,268
667,1023,0,324,1023,0,675,840,305,652,538,775,758,305,268
430,1023,0,250,1023,0,498,573,305,478,538,720,700,305,268
433,1023,0,219,1023,0,474,507,305,460,538,723,708,305,268
373,1023,0,266,1023,0,358,382,305,371,538,701,687,305,268
417,1023,0,255,1023,0,553,683,305,525,538,734,724,305,268
487,1023,0,256,1023,0,803,1023,306,799,538,747,733,305,268
530,1023,0,439,1023,0,578,708,305,552,538,764,750,305,268
290,1023,0,136,1022,0,578,733,305,551,538,693,690,305,268
508,1023,0,254,1023,0,500,580,305,474,538,759,751,305,268
419,1023,0,219,1023,0,597,751,305,572,538,742,722,305,268
342,1023,0,180,1023,0,529,642,305,496,538,734,722,305,268
495,1023,0,286,1023,0,606,760,305,579,538,780,765,305,268
366,1023,0,175,1023,0,586,734,305,559,538,723,703,305,268
510,1023,0,318,1023,0,647,822,305,622,538,745,725,305,268
348,1023,0,165,1023,0,508,609,305,483,538,728,725,305,268
540,1023,0,226,1023,0,406,383,305,378,538,734,710,305,268
405,1023,0,201,1023,0,842,1023,306,842,538,711,701,305,268
560,1023,0,521,1023,0,397,406,305,409,538,757,733,305,268
518,1023,0,458,1023,0,612,755,305,591,538,813,777,305,268
459,1023,0,259,1023,0,669,848,305,652,538,762,757,305,268
380,1023,0,265,1023,0,386,406,305,407,538,734,723,305,268
435,1023,0,257,1023,0,552,687,305,527,538,685,669,305,268
500,1023,0,408,1023,0,500,539,305,482,538,761,744,305,268
413,1023,0,192,1023,0,521,596,305,494,538,734,718,305,268
388,1023,0,171,1023,0,562,700,305,529,538,730,717,305,268
364,1023,0,131,856,0,609,769,305,590,538,704,695,305,268
506,1023,0,283,1023,0,490,522,305,452,538,720,690,305,268
689,1023,0,358,1023,0,547,629,305,525,538,780,710,305,268
297,1023,0,202,1023,0,604,772,305,578,538,701,691,305,268
345,1023,0,219,1023,0,343,369,305,341,539,711,707,305,268
503,1023,0,366,1023,0,551,666,305,522,539,767,749,305,268
410,1023,0,178,1023,0,697,893,305,682,539,710,692,305,268
433,1023,0,201,1023,0,553,671,305,526,539,740,727,305,268
386,1023,0,116,803,0,463,526,305,442,539,711,705,305,268
330,1023,0,139,1003,0,581,733,305,554,539,694,683,305,268
382,1023,0,230,1023,0,366,390,305,393,539,756,728,305,268
380,1023,0,201,1023,0,530,653,305,497,539,723,709,305,268
724,1023,0,423,1023,0,606,720,305,581,539,790,726,305,268
279,1023,0,107,805,0,459,505,305,431,539,581,570,305,268
311,1023,0,129,940,0,455,522,305,428,539,691,672,305,268
449,1023,0,282,1023,0,373,409,305,383,539,699,683,305,268
374,1023,0,222,1023,0,362,395,305,374,539,712,704,305,268
417,1023,0,146,991,0,382,373,305,371,539,701,683,305,268
376,1023,0,170,1023,0,505,607,305,479,539,706,688,305,268
412,1023,0,171,1023,0,482,549,305,452,539,703,695,305,268
260,1023,0,166,1023,0,575,735,305,549,539,660,651,305,268
419,1023,0,347,1023,0,453,442,305,451,539,696,674,305,268
588,1023,0,353,1023,0,595,741,305,571,539,760,744,305,268
310,1023,0,212,1023,0,457,443,305,439,539,728,720,305,268
384,1023,0,226,1023,0,508,601,305,484,539,715,704,305,268
480,1023,0,276,1023,0,375,401,305,353,539,734,724,305,268
352,1023,0,159,1023,0,554,693,305,525,539,658,648,305,268
550,1023,0,492,1023,0,371,416,305,399,539,759,735,305,268
352,1023,0,226,1023,0,356,394,305,370,539,715,709,305,268
554,1023,0,372,1023,0,639,800,305,616,539,745,730,305,268
473,1023,0,331,1023,0,813,1023,306,810,539,741,715,305,268
710,1023,0,523,1023,0,596,700,305,576,539,795,730,305,268
564,1023,0,235,1023,0,626,772,305,600,539,754,744,305,268
365,1023,0,184,1023,0,349,358,305,359,539,701,683,305,268
347,1023,0,114,821,0,497,585,305,464,539,654,649,305,268
509,1023,0,506,1023,0,433,463,305,444,540,742,720,305,268
358,1023,0,120,834,0,532,655,305,493,540,713,703,305,268
556,1023,0,271,1023,0,575,699,305,548,540,728,710,305,268
436,1023,0,196,1023,0,587,731,305,562,540,758,742,305,268
418,1023,0,202,1023,0,579,723,305,547,540,711,705,305,268
382,1023,0,167,1023,0,631,811,305,603,540,714,707,305,268
358,1023,0,150,1023,0,485,566,305,461,540,701,689,305,268
289,1023,0,98,698,0,573,730,305,547,540,680,675,305,268
425,1023,0,208,1023,0,477,499,305,470,540,676,667,305,273
360,1023,0,200,1023,0,544,678,305,512,540,715,697,305,273
550,1023,0,291,1023,0,738,932,306,730,540,751,728,305,273
470,1023,0,225,1023,0,491,553,305,460,540,702,679,305,273
536,1023,0,352,1023,0,405,415,305,410,540,773,755,305,273
358,1023,0,233,1023,0,502,589,305,477,540,726,712,305,273
458,1023,0,198,1023,0,496,571,305,471,540,713,682,305,273
704,1023,0,387,1023,0,488,523,305,463,540,796,737,305,273
303,1023,0,176,1023,0,748,975,306,739,540,694,683,305,273
328,1023,0,231,1023,0,748,967,306,738,540,718,704,305,273
395,1023,0,277,1023,0,547,687,305,519,540,714,701,305,273
396,1023,0,127,905,0,575,728,305,544,540,723,715,305,273
357,1023,0,197,1023,0,419,397,305,417,540,703,685,305,273
576,1023,0,478,1023,0,864,1023,307,866,540,753,735,305,273
436,1023,0,196,1023,0,460,499,305,440,540,722,709,305,273
381,1023,0,188,1023,0,563,699,305,541,540,715,703,305,273
318,1023,0,168,1023,0,579,736,305,551,540,710,705,305,273
466,1023,0,298,1023,0,414,396,305,392,540,725,713,305,273
341,1023,0,180,1023,0,728,939,306,719,540,720,703,305,273
481,1023,0,325,1023,0,391,409,305,412,540,692,692,305,273
463,1023,0,248,1023,0,645,818,305,621,540,724,702,305,273
655,1023,0,277,1023,0,638,770,305,616,540,758,745,305,273
565,1023,0,580,1023,0,480,482,305,482,541,799,771,305,273
492,1023,0,345,1023,0,395,420,305,431,541,723,706,305,273
373,1023,0,138,985,0,499,533,305,477,541,725,713,305,273
492,1023,0,579,1023,0,463,450,305,465,541,773,755,305,273
372,1023,0,143,1023,0,551,688,305,513,541,715,707,305,273
614,1023,0,543,1023,0,808,1018,306,805,541,796,774,305,273
402,1023,0,263,1023,0,668,853,305,650,541,739,728,305,273
317,1023,0,203,1023,0,554,686,305,531,541,757,746,305,273
468,1023,0,232,1023,0,647,820,305,624,541,749,727,305,273
368,1023,0,190,1023,0,533,649,305,498,541,701,677,305,273
355,1023,0,170,1023,0,437,458,305,411,541,705,690,305,273
381,1023,0,186,1023,0,623,803,305,599,541,702,702,305,273
382,1023,0,161,1023,0,600,763,305,572,541,707,693,305,273
404,1023,0,105,724,0,531,653,305,496,541,716,708,305,273
565,1023,0,468,1023,0,524,612,305,502,541,818,811,305,273
556,1023,0,488,1023,0,487,521,305,469,541,747,737,305,273
615,1023,0,299,1023,0,460,433,305,454,541,752,732,305,273
346,1023,0,148,1023,0,443,442,305,434,541,608,602,305,273
550,1023,0,321,1023,0,647,822,305,629,541,798,782,305,273
502,1023,0,254,1023,0,524,616,305,496,541,708,696,305,273
430,1023,0,249,1023,0,430,437,305,397,541,703,674,305,273
411,1023,0,188,1023,0,576,727,305,552,541,701,688,305,273
346,1023,0,216,1023,0,519,639,305,496,541,718,706,305,273
294,1023,0,155,1023,0,495,576,305,467,541,693,682,305,273
368,1023,0,249,1023,0,549,669,305,524,541,728,707,305,273
418,1023,0,155,919,0,645,814,305,625,541,697,689,305,273
662,1023,0,580,1023,0,559,667,305,541,541,757,730,305,273
768,1023,0,554,1023,0,645,781,305,626,541,797,710,305,273
410,1023,0,239,1023,0,513,619,305,490,541,734,717,305,273
359,1023,0,144,1023,0,400,389,305,410,542,698,691,305,273
386,1023,0,186,1023,0,632,811,305,608,542,731,721,305,273
299,1023,0,132,951,0,627,809,305,602,542,712,701,305,273
462,1023,0,380,1023,0,372,403,305,396,542,758,735,305,273
442,1023,0,318,1023,0,710,899,305,695,542,715,695,305,273
433,1023,0,211,1023,0,520,622,305,482,542,750,741,305,273
563,1023,0,420,1023,0,461,484,305,437,542,737,727,305,273
270,1023,0,101,800,0,620,801,305,600,542,692,684,305,273
537,1023,0,360,1023,0,697,880,305,681,542,766,751,305,273
479,1023,0,315,1023,0,401,415,305,403,542,764,753,305,273
344,1023,0,159,1023,0,627,805,305,602,542,691,682,305,273
515,1023,0,364,1023,0,613,765,305,585,542,770,761,305,273
389,1023,0,203,1023,0,449,481,305,431,542,740,731,305,273
415,1023,0,208,1023,0,537,657,305,513,542,732,714,305,273
464,1023,0,375,1023,0,733,931,306,722,542,763,750,305,273
359,1023,0,187,1023,0,595,751,305,574,542,738,733,305,273
463,1023,0,244,1023,0,678,869,305,656,542,725,714,305,273
461,1023,0,274,1023,0,350,385,305,371,542,703,681,305,273
546,1023,0,483,1023,0,401,427,305,437,542,720,708,305,273
345,1023,0,135,875,0,709,913,305,695,542,696,675,305,273
537,1023,0,293,1023,0,645,805,305,628,542,757,739,305,273
506,1023,0,204,1023,0,513,606,305,479,542,758,738,305,273
331,1023,0,215,1023,0,386,426,305,339,542,714,706,305,273
474,1023,0,351,1023,0,608,760,305,582,542,740,727,305,273
539,1023,0,341,1023,0,873,1023,306,875,542,771,750,305,273
552,1023,0,434,1023,0,610,752,305,590,542,784,763,305,279
534,1023,0,299,1023,0,542,661,305,522,543,693,685,305,279
350,1023,0,150,1023,0,446,456,305,438,543,675,662,305,279
593,1023,0,354,1023,0,710,880,305,695,543,776,763,305,279
500,1023,0,301,1023,0,754,960,306,746,543,748,730,305,279
341,1023,0,239,1023,0,472,477,305,450,543,694,688,305,279
445,1023,0,355,1023,0,622,776,305,599,543,636,606,305,279
425,1023,0,215,1023,0,557,696,305,529,543,730,720,305,279
428,1023,0,306,1023,0,440,477,305,417,543,732,715,305,279
336,1023,0,290,1023,0,655,840,305,639,543,702,692,305,279
564,1023,0,296,1023,0,819,1023,306,817,543,751,734,305,279
478,1023,0,204,897,0,712,891,305,699,543,726,715,305,279
579,1023,0,286,1023,0,803,1008,306,798,543,769,755,305,279
434,1023,0,299,1023,0,604,753,305,581,543,767,753,305,279
459,1023,0,331,1023,0,548,655,305,521,543,763,745,305,279
381,1023,0,165,1023,0,391,423,305,369,543,679,667,305,279
480,1023,0,181,1023,0,507,602,305,469,543,743,727,305,279
264,1023,0,110,984,0,323,353,305,280,543,393,405,305,279
336,1023,0,112,858,0,376,359,305,370,543,661,653,305,279
585,1023,0,434,1023,0,471,507,305,462,543,765,738,305,279
489,1023,0,318,1023,0,473,485,305,456,543,745,731,305,279
480,1023,0,386,1023,0,333,389,305,333,543,743,727,305,279
436,1023,0,165,1023,0,598,755,305,572,543,746,717,305,279
409,1023,0,143,958,0,429,460,305,397,543,689,674,305,279
614,1023,0,353,1023,0,391,410,305,392,543,758,744,305,279
388,1023,0,183,1023,0,343,392,305,368,543,496,472,305,279
388,1023,0,331,1023,0,502,614,305,488,543,725,720,305,279
566,1023,0,522,1023,0,493,552,305,463,543,824,799,305,279
439,1023,0,244,1023,0,343,378,305,353,543,737,728,305,279
806,1023,0,621,1023,0,634,763,305,619,543,775,745,305,279
725,1023,0,561,1023,0,578,676,305,560,543,795,752,305,279
606,1023,0,353,1023,0,393,415,305,387,543,780,751,305,279
365,1023,0,214,1023,0,469,537,305,456,543,694,669,305,279
441,1023,0,278,1023,0,564,698,305,536,543,724,706,305,279
420,1023,0,212,1023,0,513,592,305,485,543,699,676,305,279
419,1023,0,185,1023,0,607,773,305,581,543,760,749,305,279
334,1023,0,239,1023,0,388,369,305,382,544,711,704,305,279
365,1023,0,183,1023,0,527,652,305,495,544,697,691,305,279
314,1023,0,124,931,0,505,621,305,471,544,688,680,305,279
738,1023,0,492,1023,0,592,728,305,570,544,806,762,305,279
427,1023,0,248,1023,0,415,400,305,423,544,730,720,305,279
384,1023,0,160,1023,0,576,726,305,549,544,695,686,305,279
392,1023,0,151,983,0,384,379,305,369,544,708,686,305,279
342,1023,0,200,1023,0,617,790,305,594,544,725,719,305,279
322,1023,0,141,1023,0,473,558,305,440,544,699,695,305,279
350,1023,0,163,1023,0,553,687,305,522,544,695,691,305,279
392,1023,0,476,1023,0,815,1023,306,812,544,747,736,305,279
360,1023,0,160,1023,0,598,759,305,567,544,709,695,305,279
394,1023,0,209,1023,0,399,390,305,367,544,697,688,305,279
371,1023,0,326,1023,0,485,478,305,497,544,742,717,305,279
408,1023,0,257,1023,0,698,897,305,682,544,751,737,305,279
564,1023,0,536,1023,0,866,1023,306,869,544,799,755,305,279
698,1023,0,481,1023,0,514,553,305,503,544,812,768,305,279
303,1023,0,143,1023,0,481,556,305,453,544,678,674,305,279
754,1023,0,530,1023,0,575,665,305,555,544,787,755,305,279
402,1023,0,185,1023,0,481,556,305,448,544,735,722,305,279
330,1023,0,144,1021,0,765,992,306,758,544,690,685,305,279
375,1023,0,154,1023,0,404,379,305,389,544,712,689,305,279
558,1023,0,631,1023,0,588,709,305,571,544,758,738,305,279
347,1023,0,161,1023,0,403,415,305,395,544,731,722,305,279
313,1023,0,466,1023,0,766,987,306,758,544,757,747,305,279
579,1023,0,332,1023,0,607,756,305,589,544,764,747,305,279
471,1023,0,216,1023,0,353,387,305,379,544,721,703,305,279
324,1023,0,122,891,0,532,664,305,506,544,703,695,305,279
315,1023,0,134,993,0,505,626,305,471,544,670,657,305,279
315,1023,0,127,985,0,608,784,305,584,545,658,649,305,279
357,1023,0,195,1023,0,594,754,305,567,545,641,671,305,279
416,1023,0,230,1023,0,366,379,305,396,545,714,707,305,279
329,1023,0,171,1023,0,454,495,305,441,545,697,684,305,279
332,1023,0,125,936,0,692,897,305,677,545,687,678,305,279
447,1023,0,210,1023,0,513,616,305,482,545,735,718,305,279
489,1023,0,218,1023,0,636,810,305,612,545,754,743,305,279
392,1023,0,342,1023,0,814,1023,306,811,545,777,765,305,279
477,1023,0,338,1023,0,898,1023,307,905,545,775,756,305,279
356,1023,0,264,1023,0,515,616,305,489,545,719,712,305,285
764,1023,0,439,1023,0,668,821,305,646,545,783,763,305,285
471,1023,0,201,1023,0,605,747,305,582,545,747,732,305,285
305,1023,0,122,933,0,407,384,305,403,545,670,664,305,285
606,1023,0,483,1023,0,511,589,305,499,545,765,746,305,285
291,1023,0,112,840,0,768,999,306,761,545,685,681,305,285
402,1023,0,162,1023,0,595,753,305,576,545,701,671,305,285
541,1023,0,304,1023,0,651,809,305,629,545,769,769,305,285
338,1023,0,259,1023,0,435,444,305,403,545,742,730,305,285
559,1023,0,445,1023,0,665,826,305,645,545,763,732,305,285
407,1023,0,252,1023,0,495,539,305,483,545,706,698,305,285
432,1023,0,206,1023,0,594,751,305,566,545,721,704,305,285
593,1023,0,538,1023,0,733,926,306,719,545,780,760,305,285
409,1023,0,173,1023,0,411,397,305,394,545,733,727,305,285
401,1023,0,196,1023,0,543,671,305,516,545,685,673,305,285
311,1023,0,115,850,0,573,732,305,547,545,690,682,305,285
317,1023,0,147,1023,0,496,603,305,474,545,695,686,305,285
347,1023,0,174,1023,0,490,543,305,460,545,707,696,305,285
356,1023,0,224,1023,0,387,371,305,400,545,708,701,305,285
682,1023,0,405,1023,0,564,660,305,547,545,755,721,305,285
263,1023,0,110,874,0,601,777,305,577,545,683,678,305,285
655,1023,0,486,1023,0,698,886,305,683,545,768,720,305,285
630,1023,0,394,1023,0,530,622,305,508,545,745,730,305,285
588,1023,0,250,1023,0,555,650,305,529,545,746,710,305,285
353,1023,0,238,1023,0,447,416,305,444,545,658,628,305,285
474,1023,0,441,1023,0,600,749,305,575,545,765,746,305,285
390,1023,0,151,1023,0,844,1023,306,845,545,734,713,305,285
337,1023,0,102,792,0,720,934,306,710,546,701,699,305,285
394,1023,0,271,1023,0,538,653,305,504,546,735,713,305,285
479,1023,0,238,1023,0,494,571,305,472,546,749,739,305,285
452,1023,0,361,1023,0,733,937,306,722,546,766,744,305,285
449,1023,0,224,1023,0,438,422,305,419,546,716,704,305,285
308,1023,0,219,1023,0,478,560,305,454,546,755,747,305,285
318,1023,0,162,1023,0,406,428,305,395,546,696,687,305,285
501,1023,0,421,1023,0,518,599,305,485,546,744,733,305,285
399,1023,0,270,1023,0,446,470,305,412,546,763,739,305,285
530,1023,0,358,1023,0,675,859,305,658,546,788,768,305,285
438,1023,0,361,1023,0,806,1023,306,801,546,777,755,305,285
664,1023,0,354,1023,0,575,684,305,552,546,780,767,305,285
417,1023,0,203,1023,0,755,970,306,746,546,746,740,305,285
531,1023,0,263,1023,0,405,416,305,407,546,723,709,305,285
492,1023,0,362,1023,0,697,880,305,683,546,763,750,305,285
653,1023,0,353,1023,0,835,1023,306,834,546,774,760,305,285
310,1023,0,99,704,0,676,877,305,656,546,689,688,305,285
574,1023,0,368,1023,0,768,968,306,761,546,766,748,305,285
693,1023,0,541,1023,0,604,740,305,582,546,803,788,305,285
773,1023,0,677,1023,0,451,467,305,461,546,784,758,305,285
335,1023,0,258,1023,0,620,784,305,595,546,734,724,305,285
379,1023,0,228,1023,0,245,348,305,359,546,492,474,305,285
322,1023,0,166,1023,0,193,352,305,224,546,664,656,305,285
369,1023,0,126,819,0,537,661,305,502,546,666,662,305,285
328,1023,0,173,1023,0,828,1023,306,825,546,726,713,305,285
386,1023,0,340,1023,0,757,969,306,750,546,752,735,305,285
798,1023,0,499,1023,0,822,1012,307,821,546,818,743,305,285
757,1023,0,446,1023,0,476,489,305,482,546,782,760,305,285
336,1023,0,159,1023,0,640,822,305,616,546,683,673,305,285
373,1023,0,166,1023,0,415,403,305,387,546,708,692,305,285
630,1023,0,460,1023,0,422,437,305,436,546,792,738,305,285
337,925,0,154,469,0,770,926,306,765,546,498,382,305,285
397,1023,0,261,1023,0,682,871,305,667,546,712,696,305,285
314,1023,0,205,1023,0,645,832,305,620,546,747,741,305,285
421,1023,0,185,1023,0,529,619,305,515,546,734,725,305,285
493,1023,0,279,1023,0,511,609,305,482,546,706,694,305,285
367,1023,0,138,987,0,449,497,305,410,546,646,626,305,285
447,1023,0,198,1023,0,450,461,305,430,546,699,685,305,285
431,1023,0,201,1023,0,453,465,305,430,546,704,680,305,285
388,1023,0,237,1023,0,684,876,305,669,546,771,762,305,285
356,1023,0,216,1023,0,803,1023,306,799,546,730,712,305,285
353,1023,0,161,1023,0,559,693,305,531,546,701,688,305,285
338,1023,0,160,1023,0,356,372,305,387,546,480,453,305,285
384,1023,0,239,1023,0,710,912,305,697,546,723,708,305,285
437,1023,0,263,1023,0,515,615,305,483,546,722,707,305,285
428,1023,0,198,1023,0,454,461,305,441,547,726,710,305,285
366,1023,0,246,1023,0,786,1015,306,780,547,702,697,305,285
557,1023,0,331,1023,0,440,448,305,445,547,769,748,305,285
409,1023,0,180,1023,0,535,650,305,506,547,731,720,305,285
334,1023,0,125,945,0,432,448,305,388,547,686,673,305,285
346,1023,0,221,1023,0,504,598,305,480,547,707,696,305,285
607,1023,0,426,1023,0,715,891,305,703,547,762,746,305,285
288,1023,0,127,967,0,385,398,305,352,547,692,683,305,285
303,1023,0,93,710,0,288,356,305,353,547,620,609,305,285
403,1023,0,236,1023,0,378,391,305,396,547,688,677,305,285
291,1023,0,160,1023,0,547,688,305,518,547,695,690,305,285
323,1023,0,189,1023,0,491,457,305,487,547,694,682,305,285
436,1023,0,224,1023,0,619,778,305,598,547,730,710,305,285
264,1023,0,136,1012,0,254,351,305,280,547,681,678,305,285
392,1023,0,272,1023,0,568,713,305,539,547,734,718,305,285
406,1023,0,241,1023,0,753,967,306,746,547,707,693,305,285
446,1023,0,207,1023,0,523,627,305,488,547,689,684,305,285
266,1023,0,103,806,0,537,675,305,520,547,765,757,305,285
741,1023,0,660,1023,0,820,1023,306,817,547,812,760,305,285
514,1023,0,293,1023,0,541,650,305,520,547,754,744,305,285
409,1023,0,189,1023,0,360,367,305,366,547,684,671,305,285
327,1023,0,165,1023,0,430,416,305,399,547,728,721,305,291
505,1023,0,451,1023,0,598,748,305,575,547,729,704,305,291
435,1023,0,140,965,0,479,552,305,450,547,704,686,305,291
378,1023,0,174,1023,0,521,634,305,485,547,700,689,305,291
308,1023,0,162,1023,0,415,405,305,401,547,689,680,305,291
364,1023,0,216,1023,0,427,413,305,410,547,678,659,305,291
621,1023,0,487,1023,0,418,433,305,415,547,764,750,305,291
304,1023,0,194,1023,0,370,368,305,376,547,698,693,305,291
470,1023,0,384,1023,0,763,975,306,754,547,758,746,305,291
347,1023,0,140,1019,0,632,818,305,608,547,707,701,305,291
482,1023,0,303,1023,0,511,600,305,491,547,752,735,305,291
577,1023,0,409,1023,0,443,454,305,443,547,746,719,305,291
310,1023,0,129,1014,0,733,952,306,723,548,747,727,305,291
359,1023,0,225,1023,0,373,385,305,376,548,765,751,305,291
394,1023,0,221,1023,0,473,507,305,453,548,703,697,305,291
396,1023,0,353,1023,0,501,575,305,468,548,741,720,305,291
568,1023,0,313,1023,0,623,780,305,599,548,742,726,305,291
399,1023,0,201,1023,0,538,662,305,508,548,691,684,305,291
466,1023,0,406,1023,0,602,752,305,584,548,746,728,305,291
500,1023,0,305,1023,0,520,593,305,506,548,750,730,305,291
353,1023,0,357,1023,0,547,671,305,529,548,729,718,305,291
422,1023,0,204,1023,0,461,483,305,446,548,732,717,305,291
698,1023,0,431,1023,0,721,887,305,707,548,824,763,305,291
375,1023,0,226,1023,0,583,736,305,555,548,706,694,305,291
365,1023,0,197,1023,0,422,424,305,405,548,700,691,305,291
319,1023,0,178,1023,0,596,758,305,570,548,630,633,305,291
406,1023,0,188,1023,0,760,973,306,750,548,723,715,305,291
403,1023,0,173,1023,0,378,380,305,354,548,671,661,305,291
368,1023,0,132,940,0,559,698,305,529,548,690,682,305,291
545,1023,0,285,1023,0,780,987,306,774,548,786,755,305,291
441,1023,0,254,1023,0,837,1023,306,837,548,745,727,305,291
301,1023,0,191,1023,0,588,744,305,558,548,689,681,305,291
385,1023,0,187,1023,0,511,617,305,483,548,700,683,305,291
569,1023,0,309,1023,0,731,919,306,719,548,743,728,305,291
312,1023,0,131,1014,0,556,696,305,525,548,702,690,305,291
371,1023,0,181,1023,0,435,425,305,421,548,712,696,305,291
674,1023,0,319,1023,0,399,423,305,421,548,756,731,305,291
430,1023,0,150,998,0,484,539,305,461,548,720,699,305,291
420,1023,0,236,1023,0,609,770,305,585,548,754,730,305,291
383,1023,0,216,1023,0,480,552,305,448,548,703,700,305,291
328,1023,0,238,1023,0,511,609,305,483,548,687,676,305,291
341,1023,0,171,1023,0,472,535,305,444,548,706,695,305,291
292,1023,0,127,903,0,556,695,305,528,548,698,684,305,291
274,1023,0,131,1023,0,482,575,305,455,549,659,650,305,291
285,1023,0,146,1023,0,398,382,305,381,549,681,665,305,291
403,1023,0,150,1023,0,607,768,305,581,549,682,672,305,291
342,1023,0,165,1023,0,519,632,305,482,549,677,667,305,291
278,1023,0,79,611,0,394,379,305,343,549,609,602,305,291
333,1023,0,144,1023,0,506,604,305,467,549,657,652,305,291
500,1023,0,419,1023,0,398,442,305,415,549,711,695,305,291
446,1023,0,220,1023,0,617,778,305,590,549,743,732,305,291
341,1023,0,161,1023,0,551,681,305,527,549,701,692,305,291
378,1023,0,218,1023,0,788,1017,306,782,549,731,725,305,291
460,1023,0,338,1023,0,516,627,305,493,549,726,728,305,291
398,1023,0,257,1023,0,569,715,305,541,549,755,741,305,291
405,1023,0,210,1023,0,460,515,305,438,549,698,688,305,291
379,1023,0,171,1023,0,293,351,305,278,549,735,725,305,291
610,1023,0,450,1023,0,560,670,305,538,549,746,728,305,291
501,1023,0,318,1023,0,765,967,306,758,549,767,754,305,291
507,1023,0,464,1023,0,573,702,305,550,549,754,742,305,291
551,1023,0,325,1023,0,505,547,305,490,549,767,746,305,291
417,1023,0,232,1023,0,460,492,305,443,549,723,712,305,291
300,1023,0,95,706,0,655,849,305,639,549,669,663,305,291
535,1023,0,308,1023,0,744,944,306,732,549,759,748,305,291
342,1023,0,299,1023,0,731,943,306,721,549,721,717,305,291
335,1023,0,170,1023,0,542,679,305,510,549,721,714,305,291
551,1023,0,307,1023,0,628,786,305,604,549,748,729,305,291
538,1023,0,338,1023,0,384,399,305,383,549,754,742,305,291
445,1023,0,211,1023,0,529,625,305,503,549,716,705,305,291
353,1023,0,192,1023,0,599,762,305,574,549,657,654,305,291
476,1023,0,225,1023,0,683,870,305,664,549,712,722,305,291
409,1023,0,187,1023,0,316,371,305,243,549,717,706,305,291
389,1023,0,184,1023,0,427,428,305,411,549,711,701,305,291
689,1023,0,530,1023,0,892,1023,307,897,550,762,741,305,297
323,1023,0,151,1023,0,545,662,305,515,550,664,656,305,297
652,1023,0,274,1023,0,616,732,305,593,550,773,707,305,297
428,1023,0,574,1023,0,753,954,306,746,550,793,777,305,297
412,1023,0,236,1023,0,788,1012,306,783,550,714,703,305,297
428,1023,0,231,1023,0,517,605,305,491,550,729,708,305,297
562,1023,0,303,1023,0,753,946,306,742,550,779,723,305,297
594,1023,0,358,1023,0,528,602,305,505,550,789,757,305,297
397,1023,0,201,1023,0,539,653,305,515,550,738,711,305,297
466,1023,0,321,1023,0,462,489,305,441,550,717,707,305,297
548,1023,0,331,1023,0,529,626,305,504,550,736,728,305,297
497,1023,0,250,1023,0,750,950,306,741,550,736,716,305,297
390,1023,0,153,1023,0,371,370,305,394,550,686,673,305,297
355,1023,0,212,1023,0,430,425,305,405,550,727,715,305,297
493,1023,0,507,1023,0,743,942,306,733,550,797,786,305,297
330,1023,0,138,1013,0,614,789,305,593,550,661,660,305,297
332,1023,0,144,1023,0,571,721,305,543,550,706,690,305,297
307,1023,0,209,1023,0,530,649,305,503,550,681,663,305,297
334,1023,0,150,1023,0,383,388,305,355,550,689,677,305,297
373,1023,0,296,1023,0,631,816,305,613,550,709,693,305,297
661,1023,0,373,1023,0,656,816,305,642,550,778,766,305,297
456,1023,0,369,1023,0,441,405,305,443,550,729,706,305,297
369,1023,0,189,1023,0,480,530,305,449,550,717,702,305,297
493,1023,0,297,1023,0,688,862,305,667,550,747,731,305,297
495,1023,0,359,1023,0,413,432,305,405,550,744,733,305,297
371,1023,0,128,846,0,585,733,305,561,550,701,682,305,297
388,1023,0,217,1023,0,487,566,305,463,550,727,713,305,297
482,1023,0,376,1023,0,675,862,305,660,551,748,726,305,297
360,1023,0,176,1023,0,575,725,305,548,551,721,709,305,297
323,1023,0,134,887,0,578,733,305,550,551,711,700,305,297
400,1023,0,215,1023,0,503,601,305,474,551,713,705,305,297
372,1023,0,146,1010,0,516,615,305,483,551,705,676,305,297
382,1023,0,241,1023,0,521,631,305,497,551,718,701,305,297
440,1023,0,207,1023,0,341,374,305,352,551,694,678,305,297
270,1023,0,146,1023,0,496,586,305,471,551,695,686,305,297
526,1023,0,336,1023,0,512,585,305,497,551,755,745,305,297
463,1023,0,333,1023,0,684,866,305,663,551,714,708,305,297
499,1023,0,315,1023,0,597,749,305,572,551,722,710,305,297
591,1023,0,450,1023,0,475,511,305,506,551,749,731,305,297
311,1023,0,202,1023,0,663,849,305,645,551,725,719,305,297
346,1023,0,245,1023,0,440,409,305,432,551,737,722,305,297
302,1023,0,206,1023,0,669,850,305,650,551,729,721,305,297
452,1023,0,352,1023,0,592,735,305,568,551,757,744,305,297
462,1023,0,316,1023,0,518,620,305,496,551,742,730,305,297
304,1023,0,124,906,0,535,662,305,506,551,662,657,305,297
459,1023,0,243,1023,0,401,408,305,410,551,737,721,305,297
518,1023,0,331,1023,0,481,542,305,463,551,737,711,305,297
612,1023,0,397,1023,0,591,682,305,568,551,794,742,305,297
482,1023,0,268,1023,0,446,426,305,416,551,743,732,305,297
381,1023,0,263,1023,0,543,669,305,515,551,747,725,305,297
409,1023,0,262,1023,0,436,426,305,416,551,747,726,305,297
563,1023,0,443,1023,0,603,738,305,588,551,759,742,305,297
456,1023,0,244,1023,0,737,938,306,727,551,764,749,305,297
291,1023,0,79,641,0,392,370,305,331,551,399,389,305,297
328,1023,0,218,1023,0,418,395,305,408,551,689,680,305,297
333,1023,0,148,1023,0,818,1023,306,816,551,720,695,305,297
308,1023,0,135,1023,0,780,1006,306,776,551,710,701,305,297
488,1023,0,199,1023,0,752,972,306,743,551,762,755,305,297
441,1023,0,326,1023,0,524,616,305,501,552,751,740,305,297
380,1023,0,283,1023,0,768,983,306,761,552,724,713,305,297
373,1023,0,210,1023,0,626,792,305,602,552,741,733,305,297
265,1023,0,97,758,0,347,342,305,344,552,435,426,305,297
628,1023,0,347,1023,0,571,692,305,547,552,764,750,305,297
429,1023,0,344,1023,0,360,398,305,383,552,741,732,305,297
399,1023,0,160,1023,0,449,465,305,419,552,707,699,305,297
328,1023,0,127,940,0,531,649,305,502,552,715,703,305,297
379,1023,0,240,1023,0,634,811,305,611,552,713,703,305,297
513,1023,0,532,1023,0,675,849,305,660,552,772,757,305,297
286,1023,0,170,1023,0,578,739,305,552,552,704,694,305,297
726,1023,0,689,1023,0,658,813,305,639,552,833,784,305,297
489,1023,0,267,1023,0,585,723,305,561,552,736,718,305,297
327,1023,0,217,1023,0,451,415,305,454,552,699,689,305,297
538,1023,0,420,1023,0,549,656,305,525,552,730,713,305,297
457,1023,0,389,1023,0,429,424,305,423,552,720,710,305,297
327,1023,0,162,1023,0,561,699,305,531,552,682,672,305,297
448,1023,0,286,1023,0,572,707,305,546,552,779,757,305,297
661,1023,0,381,1023,0,634,792,305,613,552,806,783,305,297
441,1023,0,285,1023,0,604,762,305,579,552,729,709,305,297
515,1023,0,448,1023,0,404,418,305,403,552,733,714,305,297
476,1023,0,482,1023,0,432,430,305,447,552,747,715,305,297
593,1023,0,449,1023,0,577,698,305,553,552,765,749,305,303
374,1023,0,193,1023,0,611,776,305,585,552,737,730,305,303
445,1023,0,191,1023,0,480,543,305,450,552,743,727,305,303
430,1023,0,209,1023,0,777,982,306,771,552,718,694,305,303
317,1023,0,147,1023,0,573,731,305,540,552,670,667,305,303
616,1023,0,264,1023,0,649,803,305,632,552,775,764,305,303
333,1023,0,193,1023,0,560,702,305,532,552,682,666,305,303
369,1023,0,179,1023,0,626,795,305,602,552,727,715,305,303
612,1023,0,449,1023,0,605,738,305,584,552,778,757,305,303
509,1023,0,372,1023,0,497,560,305,471,552,752,738,305,303
357,1023,0,129,912,0,456,504,305,438,552,691,682,305,303
416,1023,0,349,1023,0,629,799,305,611,552,756,742,305,303
390,1023,0,230,1023,0,389,384,305,405,552,734,725,305,303
319,1023,0,117,918,0,598,767,305,573,553,726,718,305,303
324,1023,0,129,969,0,398,384,305,387,553,708,688,305,303
542,1023,0,316,1023,0,582,721,305,557,553,760,745,305,303
483,1023,0,242,1023,0,581,721,305,553,553,726,701,305,303
624,1023,0,445,1023,0,819,1023,306,816,553,777,747,305,303
334,1023,0,151,1023,0,562,711,305,531,553,720,706,305,303
249,1023,0,147,1023,0,459,540,305,427,553,692,688,305,303
396,1023,0,167,1023,0,633,808,305,606,553,699,691,305,303
364,1023,0,167,1023,0,788,1015,306,784,553,754,744,305,303
592,1023,0,497,1023,0,619,781,305,594,553,789,766,305,303
478,1023,0,457,1023,0,479,500,305,474,553,760,745,305,303
325,1023,0,163,1023,0,446,415,305,442,553,716,709,305,303
364,1023,0,194,1023,0,292,351,305,325,553,699,688,305,303
317,1023,0,136,1015,0,755,983,306,747,553,708,698,305,303
338,1023,0,142,1023,0,453,497,305,417,553,703,696,305,303
461,1023,0,220,1023,0,717,913,305,704,553,705,686,305,303
353,1023,0,211,1023,0,600,760,305,576,553,726,714,305,303
472,1023,0,218,1023,0,480,553,305,458,553,747,741,305,303
355,1023,0,454,1023,0,377,411,305,416,553,759,744,305,303
389,1023,0,225,1023,0,551,687,305,528,553,732,724,305,303
751,1023,0,582,1023,0,610,742,305,585,553,842,812,305,303
583,1023,0,398,1023,0,572,691,305,547,553,757,734,305,303
538,1023,0,304,1023,0,601,751,305,574,553,749,739,305,303
318,1023,0,198,1023,0,627,807,305,600,553,722,716,305,303
781,1023,0,489,1023,0,609,734,305,587,553,805,772,305,303
354,1023,0,198,1023,0,388,387,305,387,553,679,675,305,303
361,1023,0,199,1023,0,789,1021,306,784,553,742,736,305,303
785,1023,0,671,1023,0,704,886,305,692,554,864,816,305,303
533,1023,0,342,1023,0,634,798,305,615,554,751,734,305,303
265,1023,0,124,975,0,471,502,305,454,554,687,683,305,303
353,1023,0,267,1023,0,440,447,305,433,554,714,708,305,303
785,1023,0,471,1023,0,496,434,305,486,554,763,679,305,303
449,1023,0,232,1023,0,755,965,306,748,554,739,727,305,303
488,1023,0,190,1023,0,535,641,305,506,554,736,730,305,303
493,1023,0,248,1023,0,691,853,305,678,554,663,624,305,303
748,1023,0,693,1023,0,792,987,306,788,554,777,756,305,303
336,1023,0,233,1023,0,546,673,305,515,554,726,717,305,303
419,1023,0,182,1023,0,526,621,305,621,554,760,717,305,303
369,1023,0,171,1023,0,630,806,305,606,554,696,691,305,303
651,1023,0,566,1023,0,591,739,305,570,554,794,777,305,303
508,1023,0,271,1023,0,424,409,305,408,554,733,725,305,303
424,1023,0,323,1023,0,497,556,305,481,554,744,737,305,303
337,1023,0,153,1023,0,408,409,305,348,554,700,693,305,303
294,1023,0,167,1023,0,469,539,305,437,554,634,628,305,303
619,1023,0,577,1023,0,611,743,305,588,554,771,749,305,303
372,1023,0,137,1023,0,790,1021,306,784,554,704,696,305,303
358,1023,0,182,1023,0,415,411,305,403,554,686,677,305,303
338,1023,0,163,1023,0,718,922,306,705,554,704,701,305,303
492,1023,0,342,1023,0,621,781,305,603,554,774,760,305,303
605,1023,0,440,1023,0,837,1023,306,836,554,765,749,305,303
413,1023,0,170,1023,0,568,707,305,541,554,689,672,305,303
362,1023,0,187,1023,0,449,444,305,431,554,688,685,305,303
354,1023,0,150,1023,0,397,427,305,378,554,700,683,305,308
297,1023,0,137,1023,0,596,759,305,575,554,673,664,305,308
315,1023,0,240,1023,0,357,382,305,373,554,714,692,305,308
797,1023,0,534,1023,0,431,450,305,427,554,802,766,305,308
392,1023,0,294,1023,0,506,600,305,473,555,724,713,305,308
258,1023,0,98,789,0,361,400,305,378,555,620,615,305,308
521,1023,0,402,1023,0,644,805,305,621,555,791,776,305,308
555,1023,0,439,1023,0,503,549,305,492,555,751,727,305,308
467,1023,0,267,1023,0,607,761,305,582,555,727,708,305,308
439,1023,0,267,1023,0,604,758,305,579,555,712,692,305,308
822,1023,0,547,1023,0,831,1023,307,829,555,821,751,305,308
359,1023,0,190,1023,0,474,535,305,441,555,711,697,305,308
462,1023,0,231,1023,0,408,392,305,405,555,722,709,305,308
499,1023,0,277,1023,0,774,978,306,768,555,773,758,305,308
504,1023,0,323,1023,0,797,1019,306,792,555,749,740,305,308
322,1023,0,125,968,0,586,744,305,560,555,662,657,305,308
434,1023,0,235,1023,0,636,811,305,610,555,744,728,305,308
589,1023,0,356,1023,0,729,908,305,717,555,734,714,305,308
438,1023,0,284,1023,0,429,426,305,417,555,703,677,305,308
347,1023,0,192,1023,0,359,368,305,375,555,668,657,305,308
412,1023,0,170,1023,0,367,362,305,378,555,667,657,305,308
456,1023,0,268,1023,0,631,796,305,604,555,773,765,305,308
407,1023,0,280,1023,0,490,535,305,486,555,689,678,305,308
329,1023,0,168,1023,0,578,731,305,550,555,695,684,305,308
463,1023,0,295,1023,0,788,999,306,782,555,763,751,305,308
525,1023,0,532,1023,0,502,576,305,491,555,797,778,305,308
451,1023,0,234,1023,0,521,624,305,491,555,738,731,305,308
247,1023,0,134,976,0,578,733,305,552,555,734,730,305,308
395,1023,0,236,1023,0,537,655,305,506,555,715,699,305,308
365,1023,0,172,1023,0,375,383,305,372,555,645,637,305,308
329,1023,0,149,1023,0,551,691,305,526,555,703,692,305,308
457,1023,0,151,1012,0,500,579,305,467,555,733,726,305,308
421,1023,0,177,1023,0,560,699,305,533,555,752,737,305,308
392,1023,0,203,1023,0,636,811,305,612,555,716,707,305,308
286,1023,0,184,1023,0,460,491,305,434,555,727,721,305,308
292,1023,0,200,1023,0,757,984,306,748,555,697,683,305,308
276,1023,0,222,1023,0,386,371,305,386,556,673,662,305,308
469,1023,0,372,1023,0,504,580,305,494,556,741,719,305,308
395,1023,0,234,1023,0,473,519,305,445,556,739,726,305,308
626,1023,0,385,1023,0,821,1023,306,818,556,777,732,305,308
336,1023,0,186,1023,0,489,575,305,458,556,704,691,305,308
442,1023,0,210,1023,0,398,385,305,414,556,738,719,305,308
386,1023,0,237,1023,0,560,708,305,536,556,744,733,305,308
437,1023,0,232,1023,0,383,370,305,371,556,720,699,305,308
603,1023,0,667,1023,0,536,616,305,519,556,754,736,305,308
453,1023,0,272,1023,0,631,794,305,613,556,733,723,305,308
634,1023,0,523,1023,0,579,703,305,554,556,751,730,305,308
544,1023,0,380,1023,0,753,960,306,744,556,688,657,305,308
393,1023,0,203,1023,0,444,435,305,403,556,724,712,305,308
500,1023,0,209,1023,0,511,593,305,475,556,728,706,305,308
299,1023,0,114,884,0,483,570,305,446,556,628,625,305,308
404,1023,0,197,1023,0,521,632,305,499,556,726,714,305,308
408,1023,0,179,1023,0,514,607,305,482,556,707,696,305,308
468,1023,0,238,1023,0,380,380,305,363,556,737,732,305,308
331,1023,0,140,1023,0,288,347,305,282,556,703,689,305,308
621,1023,0,458,1023,0,598,734,305,572,556,767,747,305,314
379,1023,0,167,1023,0,445,467,305,426,556,745,727,305,314
484,1023,0,245,1023,0,466,476,305,446,556,700,684,305,314
479,1023,0,180,1023,0,670,849,305,646,556,721,714,305,314
630,1023,0,263,1023,0,611,750,305,586,556,760,746,305,314
471,1023,0,354,1023,0,341,375,305,368,556,738,728,305,314
351,1023,0,149,1023,0,346,369,305,336,556,704,701,305,314
541,1023,0,368,1023,0,805,1023,306,803,556,776,763,305,314
462,1023,0,317,1023,0,751,956,306,744,556,633,619,305,314
408,1023,0,245,1023,0,598,753,305,571,556,739,729,305,314
420,1023,0,206,1023,0,531,645,305,500,557,752,740,305,314
389,1023,0,172,1023,0,624,797,305,606,557,721,710,305,314
344,1023,0,156,1023,0,582,738,305,555,557,682,673,305,314
406,1023,0,180,1023,0,671,849,305,656,557,746,732,305,314
493,1023,0,338,1023,0,463,488,305,443,557,730,697,305,314
425,1023,0,149,1014,0,438,482,305,416,557,731,723,305,314
369,1023,0,164,1023,0,503,603,305,481,557,695,693,305,314
440,1023,0,220,1023,0,623,797,305,597,557,683,670,305,314
523,1023,0,377,1023,0,764,978,306,757,557,739,726,305,314
442,1023,0,393,1023,0,489,537,305,474,557,758,743,305,314
345,1023,0,171,1023,0,709,921,305,694,557,704,696,305,314
465,1023,0,312,1023,0,503,567,305,482,557,737,727,305,314
642,1023,0,421,1023,0,811,1012,306,808,557,779,747,305,314
745,1023,0,621,1023,0,642,787,305,622,557,782,766,305,314
320,1023,0,195,1023,0,469,534,305,434,557,690,683,305,314
240,1023,0,152,1023,0,465,534,305,438,557,648,646,305,314
750,1023,0,595,1023,0,447,458,305,460,557,778,757,305,314
378,1023,0,166,1023,0,392,395,305,385,557,684,670,305,314
348,1023,0,186,1023,0,529,647,305,498,557,683,671,305,314
328,1023,0,129,942,0,349,379,305,356,557,645,637,305,314
342,1023,0,136,1014,0,372,375,305,366,557,648,647,305,314
268,1023,0,190,1023,0,544,665,305,514,557,760,748,305,314
397,1023,0,175,1023,0,514,619,305,486,557,680,657,305,314
567,1023,0,408,1023,0,695,859,305,680,557,776,761,305,314
736,1023,0,705,1023,0,738,930,306,728,557,808,761,305,314
602,1023,0,543,1023,0,554,643,305,537,557,824,813,305,314
408,1023,0,215,1023,0,585,734,305,556,557,699,688,305,314
478,1023,0,245,1023,0,681,856,305,662,557,745,728,305,314
592,1023,0,408,1023,0,599,754,305,581,557,797,787,305,314
452,1023,0,177,1023,0,633,797,305,609,557,730,713,305,314
391,1023,0,281,1023,0,485,542,305,460,557,738,726,305,314
524,1023,0,392,1023,0,438,452,305,450,557,751,735,305,314
413,1023,0,235,1023,0,590,731,305,565,557,704,684,305,314
489,1023,0,323,1023,0,486,543,305,463,557,709,696,305,314
468,1023,0,230,1023,0,665,850,305,647,557,729,712,305,314
556,1023,0,310,1023,0,789,996,306,782,558,760,742,305,314
421,1023,0,196,1023,0,622,784,305,603,558,753,742,305,314
668,1023,0,436,1023,0,603,724,305,580,558,796,769,305,314
615,1023,0,506,1023,0,774,961,306,768,558,803,786,305,314
408,1023,0,246,1023,0,612,770,305,584,558,732,719,305,314
391,1023,0,181,1023,0,464,414,305,467,558,738,728,305,314
437,1023,0,252,1023,0,632,797,305,614,558,720,697,305,314
454,1023,0,252,1023,0,457,485,305,427,558,752,743,305,314
504,1023,0,327,1023,0,513,604,305,487,558,755,731,305,314
394,1023,0,190,1023,0,519,616,305,487,558,714,709,305,314
592,1023,0,383,1023,0,453,465,305,439,558,697,664,305,314
562,1023,0,330,1023,0,547,643,305,520,558,749,731,305,314
413,1023,0,259,1023,0,843,1023,306,844,558,724,707,305,314
294,1023,0,240,1023,0,365,377,305,357,558,684,667,305,314
604,1023,0,505,1023,0,463,476,305,455,558,765,742,305,314
338,1023,0,160,1023,0,398,393,305,382,558,648,634,305,314
652,1023,0,476,1023,0,596,725,305,576,558,771,756,305,314
348,1023,0,180,1023,0,387,363,305,373,558,681,673,305,314
438,1023,0,324,1023,0,523,611,305,510,558,754,738,305,314
520,1023,0,222,1023,0,587,728,305,561,558,745,731,305,314
281,1023,0,125,1023,0,733,952,306,721,558,686,683,305,314
348,1023,0,307,1023,0,600,766,305,579,558,742,730,305,314
247,1023,0,131,1023,0,316,348,305,354,558,426,416,305,314
521,1023,0,408,1023,0,576,707,305,549,558,776,758,305,314
347,1023,0,206,1023,0,628,804,305,608,558,719,699,305,314
498,1023,0,380,1023,0,512,553,305,521,558,787,766,305,320
486,1023,0,363,1023,0,639,799,305,618,558,766,761,305,320
613,1023,0,488,1023,0,735,925,306,725,558,780,767,305,320
399,1023,0,184,1023,0,538,670,305,515,558,723,715,305,320
340,1023,0,139,1023,0,623,801,305,600,558,702,697,305,320
461,1023,0,540,1023,0,491,539,305,480,558,717,703,305,320
461,1023,0,312,1023,0,409,407,305,410,558,744,729,305,320
439,1023,0,295,1023,0,561,693,305,532,558,765,751,305,320
706,1023,0,551,1023,0,598,734,305,577,559,768,752,305,320
577,1023,0,571,1023,0,423,456,305,432,559,767,734,305,320
273,1023,0,79,622,0,549,693,305,520,559,654,641,305,320
490,1023,0,326,1023,0,408,411,305,423,559,740,717,305,320
296,1023,0,152,1023,0,527,637,305,498,559,675,668,305,320
401,1023,0,139,932,0,544,677,305,513,559,716,709,305,320
391,1023,0,133,918,0,613,781,305,587,559,669,664,305,320
303,1023,0,150,1023,0,518,645,305,493,559,644,643,305,320
557,1023,0,403,1023,0,508,539,305,491,559,730,695,305,320
298,1023,0,122,873,0,613,789,305,590,559,712,707,305,320
476,1023,0,163,980,0,655,822,305,635,559,723,717,305,320
330,1023,0,157,1023,0,586,745,305,558,559,702,681,305,320
276,1023,0,147,1023,0,286,355,305,285,559,719,714,305,320
331,1023,0,214,1023,0,540,675,305,510,559,712,701,305,320
595,1023,0,371,1023,0,388,378,305,395,559,778,741,305,320
607,1023,0,402,1023,0,649,807,305,628,559,784,746,305,320
494,1023,0,297,1023,0,477,515,305,462,559,730,716,305,320
564,1023,0,437,1023,0,603,747,305,584,559,773,760,305,320
368,1023,0,189,1023,0,544,680,305,512,559,711,703,305,320
532,1023,0,517,1023,0,840,1023,306,840,559,761,744,305,320
553,1023,0,414,1023,0,465,470,305,449,559,726,712,305,320
381,1023,0,186,1023,0,439,442,305,413,559,697,680,305,320
486,1023,0,296,1023,0,674,856,305,658,559,762,754,305,320
450,1023,0,273,1023,0,493,554,305,467,559,717,702,305,320
358,1023,0,149,996,0,636,815,305,616,559,684,666,305,320
406,1023,0,134,892,0,590,743,305,564,559,692,687,305,320
352,1023,0,175,1023,0,755,974,306,746,559,741,725,305,320
374,1023,0,224,1023,0,391,414,305,395,559,717,710,305,320
377,1023,0,157,1023,0,603,766,305,575,559,710,690,305,320
529,1023,0,411,1023,0,418,447,305,420,559,762,746,305,320
672,1023,0,384,1023,0,592,719,305,569,559,755,742,305,320
329,1023,0,190,1023,0,426,426,305,402,560,704,688,305,320
374,1023,0,269,1023,0,461,450,305,447,560,751,733,305,320
505,1023,0,280,1023,0,572,707,305,544,560,742,735,305,320
408,1023,0,412,1023,0,588,741,305,565,560,737,729,305,320
422,1023,0,146,1023,0,500,583,305,460,560,724,707,305,320
458,1023,0,235,1023,0,319,370,305,362,560,712,700,305,320
416,1023,0,229,1023,0,600,755,305,573,560,692,687,305,320
585,1023,0,606,1023,0,743,941,306,735,560,787,762,305,320
328,1023,0,125,924,0,697,902,305,684,560,675,666,305,320
304,1023,0,79,662,0,353,357,305,339,560,423,398,305,320
369,1023,0,175,1023,0,562,707,305,530,560,739,733,305,320
424,1023,0,207,1023,0,353,393,305,364,560,713,706,305,320
566,1023,0,407,1023,0,578,697,305,552,560,759,740,305,320
472,1023,0,251,1023,0,504,581,305,478,560,726,720,305,320
366,1023,0,151,1023,0,618,792,305,590,560,709,702,305,320
351,1023,0,232,1023,0,498,579,305,482,560,636,614,305,320
398,1023,0,230,1023,0,552,680,305,527,560,720,714,305,320
534,1023,0,471,1023,0,426,469,305,432,560,737,721,305,320
546,1023,0,265,1023,0,700,887,305,685,560,748,735,305,320
334,1023,0,206,1023,0,706,912,305,692,560,677,674,305,320
334,1023,0,214,1023,0,620,788,305,602,560,717,706,305,320
434,1023,0,214,1023,0,580,725,305,550,560,737,716,305,320
463,1023,0,336,1023,0,717,910,305,706,560,747,732,305,320
376,1023,0,194,1023,0,732,940,306,720,560,745,729,305,320
436,1023,0,285,1023,0,554,668,305,529,560,738,720,305,320
468,1023,0,443,1023,0,553,664,305,530,560,780,768,305,320
510,1023,0,288,1023,0,513,597,305,492,560,721,713,305,320
359,1023,0,178,1023,0,509,624,305,479,560,710,694,305,320
394,1023,0,194,1023,0,502,580,305,480,560,716,701,305,320
347,1023,0,163,1023,0,593,757,305,565,560,716,705,305,320
444,1023,0,144,910,0,711,905,305,697,561,740,713,305,320
304,1023,0,96,704,0,488,589,305,455,561,661,647,305,320
469,1023,0,164,958,0,578,702,305,547,561,757,744,305,320
344,1023,0,112,816,0,546,679,305,520,561,722,684,305,320
336,1023,0,239,1023,0,413,434,305,395,561,703,706,305,320
559,1023,0,372,1023,0,445,417,305,457,561,706,687,305,320
562,1023,0,415,1023,0,712,890,305,700,561,794,771,305,320
362,1023,0,198,1023,0,611,778,305,587,561,684,674,305,320
707,1023,0,561,1023,0,609,739,305,587,561,771,752,305,320
284,1023,0,110,768,0,530,658,305,504,561,699,688,305,320
454,1023,0,280,1023,0,599,752,305,573,561,727,718,305,320
399,1023,0,200,1023,0,471,494,305,457,561,728,719,305,320
522,1023,0,342,1023,0,487,517,305,467,561,714,688,305,320
424,1023,0,210,1023,0,550,666,305,521,561,719,705,305,326
311,1023,0,199,1023,0,477,540,305,453,561,733,721,305,326
438,1023,0,263,1023,0,770,987,306,763,561,745,724,305,326
564,1023,0,328,1023,0,718,912,305,707,561,760,746,305,326
421,1023,0,173,1023,0,430,452,305,408,561,731,716,305,326
468,1023,0,230,1023,0,542,655,305,515,561,716,708,305,326
366,1023,0,190,1023,0,546,681,305,519,561,729,713,305,326
539,1023,0,391,1023,0,426,424,305,437,561,795,778,305,326
432,1023,0,223,1023,0,806,1023,306,804,561,717,700,305,326
474,1023,0,353,1023,0,379,404,305,398,561,744,721,305,326
309,1023,0,196,1023,0,331,373,305,383,561,587,553,305,326
512,1023,0,230,1023,0,596,733,305,571,561,738,731,305,326
351,1023,0,156,1023,0,697,899,305,683,561,711,704,305,326
471,1023,0,349,1023,0,649,807,305,625,561,738,714,305,326
368,1023,0,230,1023,0,466,529,305,424,561,719,714,305,326
356,1023,0,247,1023,0,669,859,305,650,561,737,722,305,326
422,1023,0,213,1023,0,533,652,305,511,561,696,677,305,326
362,1023,0,108,811,0,546,669,305,516,561,442,417,305,326
439,1023,0,318,1023,0,821,1023,306,818,561,743,732,305,326
446,1023,0,467,1023,0,678,848,305,663,561,771,756,305,326
686,1023,0,552,1023,0,795,993,306,790,561,773,751,305,326
354,1023,0,225,1023,0,565,710,305,537,561,707,688,305,326
300,1023,0,149,1023,0,515,615,305,492,561,662,653,305,326
687,1023,0,378,1023,0,746,942,306,737,561,780,763,305,326
478,1023,0,255,1023,0,613,775,305,588,561,714,698,305,326
691,1023,0,387,1023,0,625,765,305,601,562,754,728,305,326
426,1023,0,318,1023,0,639,804,305,616,562,744,734,305,326
357,1023,0,175,1023,0,391,397,305,391,562,690,680,305,326
374,1023,0,217,1023,0,542,666,305,515,562,732,725,305,326
496,1023,0,303,1023,0,535,638,305,509,562,690,674,305,326
665,1023,0,480,1023,0,473,462,305,456,562,694,665,305,326
344,1023,0,175,1023,0,476,535,305,441,562,736,728,305,326
431,1023,0,183,1023,0,558,693,305,534,562,611,560,305,326
424,1023,0,289,1023,0,762,969,306,754,562,723,714,305,326
530,1023,0,322,1023,0,501,560,305,479,562,770,758,305,326
369,1023,0,280,1023,0,713,914,305,701,562,762,750,305,326
355,1023,0,195,1023,0,713,920,305,700,562,708,699,305,326
321,1023,0,144,1023,0,619,795,305,596,562,714,710,305,326
354,1023,0,132,991,0,549,687,305,519,562,697,686,305,326
478,1023,0,213,1023,0,635,793,305,616,562,701,687,305,326
352,1023,0,200,1023,0,525,633,305,499,562,741,731,305,326
483,1023,0,353,1023,0,541,659,305,508,562,754,745,305,326
402,1023,0,142,946,0,740,945,306,729,562,701,695,305,326
341,1023,0,191,1023,0,378,362,305,378,562,708,699,305,326
436,1023,0,353,1023,0,508,597,305,481,562,720,705,305,326
384,1023,0,149,1023,0,540,669,305,509,562,706,689,305,326
714,1023,0,655,1023,0,470,478,305,473,562,772,740,305,326
344,1023,0,202,1023,0,339,355,305,357,562,654,639,305,326
329,1023,0,164,1023,0,586,746,305,558,562,696,689,305,326
385,1023,0,181,1023,0,629,802,305,606,562,703,697,305,326
377,1023,0,157,1023,0,613,780,305,585,562,701,696,305,326
389,1023,0,254,1023,0,515,615,305,484,562,677,666,305,326
365,1023,0,181,1023,0,484,563,305,450,562,717,712,305,326
367,1023,0,221,1023,0,520,623,305,493,562,716,709,305,326
398,1023,0,139,888,0,714,914,305,701,562,711,706,305,326
403,1023,0,260,1023,0,686,875,305,671,562,712,702,305,326
459,1023,0,441,1023,0,438,441,305,442,562,773,751,305,326
434,1023,0,208,1023,0,516,614,305,492,562,733,726,305,326
366,1023,0,163,1023,0,307,349,305,360,562,675,659,305,326
378,1023,0,179,1023,0,464,529,305,448,562,696,690,305,326
366,1023,0,301,1023,0,545,664,305,522,563,741,730,305,326
320,1023,0,164,1023,0,398,363,305,398,563,645,638,305,326
485,1023,0,371,1023,0,681,879,305,662,563,784,775,305,326
564,1023,0,452,1023,0,760,965,306,753,563,812,794,305,326
377,1023,0,146,1015,0,475,529,305,446,563,706,693,305,326
428,1023,0,210,1023,0,559,694,305,531,563,725,707,305,326
413,1023,0,208,1023,0,604,757,305,577,563,739,720,305,326
374,1023,0,237,1023,0,691,885,305,673,563,732,723,305,326
502,1023,0,233,1023,0,811,1023,306,808,563,767,759,305,326
557,1023,0,343,1023,0,445,526,305,410,563,803,764,305,326
466,1023,0,381,1023,0,439,443,305,446,563,758,741,305,326
502,1023,0,275,1023,0,658,821,305,641,563,733,721,305,326
640,1023,0,315,1023,0,533,619,305,509,563,770,759,305,326
266,1023,0,152,1023,0,373,363,305,359,563,683,674,305,326
363,1023,0,169,1023,0,663,848,305,647,563,713,702,305,326
408,1023,0,195,1023,0,458,479,305,430,563,706,694,305,326
536,1023,0,342,1023,0,391,407,305,393,563,779,771,305,332
309,1023,0,140,1023,0,593,756,305,566,563,695,687,305,332
497,1023,0,263,1023,0,481,500,305,449,563,770,759,305,332
311,1023,0,99,760,0,488,583,305,465,563,693,679,305,332
414,1023,0,134,858,0,633,798,305,612,563,685,675,305,332
339,1023,0,149,1023,0,545,683,305,518,563,696,691,305,332
414,1023,0,192,1023,0,550,684,305,518,563,780,772,305,332
599,1023,0,487,1023,0,514,586,305,500,563,746,720,305,332
593,1023,0,363,1023,0,770,978,306,762,563,801,785,305,332
381,1023,0,187,1023,0,456,507,305,421,563,698,689,305,332
528,1023,0,367,1023,0,387,400,305,406,563,749,737,305,332
376,1023,0,349,1023,0,558,681,305,533,563,748,730,305,332
493,1023,0,258,1023,0,649,815,305,625,563,728,719,305,332
410,1023,0,237,1023,0,817,1023,306,814,563,760,735,305,332
503,1023,0,255,1023,0,504,574,305,471,563,746,729,305,332
437,1023,0,220,1023,0,575,713,305,545,563,731,706,305,332
341,1023,0,138,952,0,601,771,305,576,563,711,708,305,332
492,1023,0,181,1023,0,521,610,305,498,563,729,712,305,332
318,1023,0,135,1023,0,633,810,305,610,563,665,651,305,332
349,1023,0,130,985,0,439,426,305,408,563,698,687,305,332
436,1023,0,278,1023,0,395,414,305,375,563,717,706,305,332
428,1023,0,205,1023,0,747,957,306,738,563,733,714,305,332
307,1023,0,150,1023,0,422,409,305,397,564,639,628,305,332
602,1023,0,545,1023,0,856,1023,307,857,564,768,726,305,332
580,1023,0,259,1023,0,680,855,305,663,564,762,753,305,332
354,1023,0,157,1023,0,567,716,305,540,564,708,700,305,332
492,1023,0,296,1023,0,606,742,305,580,564,743,726,305,332
359,1023,0,196,1023,0,514,616,305,491,564,710,703,305,332
526,1023,0,309,1023,0,730,922,306,717,564,773,745,305,332
428,1023,0,196,1023,0,552,687,305,519,564,715,695,305,332
324,1023,0,123,817,0,535,661,305,502,564,736,717,305,332
481,1023,0,289,1023,0,536,642,305,508,564,752,745,305,332
385,1023,0,186,1023,0,395,396,305,396,564,720,716,305,332
369,1023,0,135,922,0,550,683,305,521,564,703,691,305,332
513,1023,0,250,1023,0,652,818,305,635,564,744,736,305,332
349,1023,0,157,1023,0,528,657,305,501,564,692,684,305,332
372,1023,0,188,1023,0,738,939,306,730,564,726,707,305,332
541,1023,0,199,1023,0,561,670,305,531,564,746,736,305,332
630,1023,0,275,1023,0,578,703,305,553,564,746,720,305,332
463,1023,0,427,1023,0,592,724,305,570,564,723,705,305,332
379,1023,0,181,1023,0,625,800,305,604,564,728,722,305,332
462,1023,0,353,1023,0,408,404,305,418,564,751,739,305,332
471,1023,0,265,1023,0,743,962,306,732,564,780,770,305,332
315,1023,0,136,1023,0,707,914,305,694,564,687,674,305,332
418,1023,0,257,1023,0,514,615,305,489,564,691,668,305,332
353,1023,0,133,913,0,598,762,305,570,564,683,673,305,332
536,1023,0,367,1023,0,633,787,305,611,564,789,771,305,332
427,1023,0,317,1023,0,446,419,305,432,564,718,704,305,332
273,1023,0,213,1023,0,396,380,305,513,564,789,744,305,332
527,1023,0,539,1023,0,830,1023,306,828,564,764,745,305,332
349,1023,0,194,1023,0,345,363,305,357,564,722,713,305,332
444,1023,0,253,1023,0,588,731,305,564,564,719,711,305,332
380,1023,0,169,1023,0,573,720,305,546,564,729,716,305,332
483,1023,0,331,1023,0,493,558,305,474,564,815,801,305,332
381,1023,0,249,1023,0,542,674,305,512,564,721,712,305,332
456,1023,0,184,1023,0,538,644,305,506,564,746,735,305,332
294,1023,0,102,747,0,500,600,305,472,565,670,660,305,332
319,1023,0,118,884,0,539,676,305,506,565,700,696,305,332
263,1023,0,118,962,0,476,558,305,460,565,679,674,305,332
306,1023,0,166,1023,0,573,723,305,551,565,704,684,305,332
481,1023,0,445,1023,0,433,423,305,543,565,847,799,305,332
387,1023,0,355,1023,0,410,428,305,436,565,557,517,305,332
322,1023,0,133,956,0,376,357,305,354,565,695,693,305,332
304,1023,0,186,1023,0,426,393,305,398,565,679,674,305,332
419,1023,0,209,1023,0,564,704,305,541,565,645,631,305,332
396,1023,0,192,1023,0,569,719,305,548,565,704,693,305,332
476,1023,0,274,1023,0,559,693,305,578,565,785,762,305,332
559,1023,0,479,1023,0,530,641,305,517,565,765,738,305,332
424,1023,0,207,1023,0,653,834,305,634,565,732,723,305,332
335,1023,0,134,978,0,414,399,305,391,565,704,675,305,332
312,1023,0,225,1023,0,328,351,305,382,565,668,658,305,332
348,1023,0,180,1023,0,521,634,305,484,565,729,724,305,332
382,1023,0,209,1023,0,453,494,305,431,565,696,681,305,332
442,1023,0,214,1023,0,491,554,305,467,565,716,697,305,332
438,1023,0,259,1023,0,425,412,305,408,565,730,720,305,332
347,1023,0,136,1023,0,606,774,305,581,565,675,665,305,332
354,1023,0,167,1023,0,732,947,306,722,565,744,740,305,332
298,1023,0,174,1023,0,661,848,305,647,565,719,716,305,332
686,1023,0,374,1023,0,561,674,305,531,565,760,741,305,332
381,1023,0,219,1023,0,521,636,305,496,565,722,710,305,332
645,1023,0,448,1023,0,717,896,305,699,565,805,771,305,337
520,1023,0,419,1023,0,706,887,305,695,565,789,770,305,337
302,1023,0,124,977,0,595,758,305,568,565,659,646,305,337
456,1023,0,306,1023,0,751,954,306,741,565,781,763,305,337
347,1023,0,175,1023,0,516,618,305,490,565,691,678,305,337
343,1023,0,155,1023,0,568,718,305,541,565,685,671,305,337
280,1023,0,92,728,0,473,546,305,456,565,677,669,305,337
394,1023,0,197,1023,0,601,760,305,573,565,728,715,305,337
238,1023,0,126,1009,0,431,459,305,428,565,416,413,305,337
288,1023,0,127,959,0,615,793,305,589,566,685,676,305,337
487,1023,0,315,1023,0,423,444,305,418,566,737,730,305,337
367,1023,0,193,1023,0,463,517,305,437,566,696,678,305,337
391,1023,0,182,1023,0,655,841,305,630,566,707,689,305,337
324,1023,0,124,910,0,460,519,305,434,566,642,635,305,337
381,1023,0,198,1023,0,556,690,305,529,566,714,706,305,337
416,1023,0,282,1023,0,578,716,305,555,566,779,770,305,337
435,1023,0,244,1023,0,769,991,306,761,566,718,703,305,337
348,1023,0,130,947,0,356,366,305,317,566,657,644,305,337
373,1023,0,251,1023,0,442,434,305,428,566,722,709,305,337
281,1023,0,122,881,0,491,585,305,468,566,704,692,305,337
396,1023,0,263,1023,0,754,967,306,747,566,799,790,305,337
479,1023,0,211,1023,0,652,822,305,627,566,773,756,305,337
395,1023,0,153,1023,0,778,1004,306,771,566,701,692,305,337
499,1023,0,325,1023,0,580,693,305,557,566,790,770,305,337
457,1023,0,269,1023,0,440,450,305,414,566,731,720,305,337
329,1023,0,135,1002,0,386,396,305,373,566,677,665,305,337
318,1023,0,201,1023,0,416,377,305,414,566,707,701,305,337
310,1023,0,151,1023,0,379,353,305,380,566,680,675,305,337
617,1023,0,302,1023,0,606,736,305,585,566,757,734,305,337
375,1023,0,147,917,0,532,654,305,502,566,690,679,305,337
356,1023,0,293,1023,0,501,585,305,476,566,684,677,305,337
462,1023,0,206,1023,0,630,795,305,607,566,741,726,305,337
389,1023,0,204,1023,0,792,1018,306,787,566,723,710,305,337
611,1023,0,374,1023,0,624,771,305,605,566,784,743,305,337
600,1023,0,510,1023,0,748,948,306,738,566,771,754,305,337
661,1023,0,369,1023,0,848,1023,306,849,566,762,751,305,337
488,1023,0,338,1023,0,612,777,305,586,566,765,750,305,337
384,1023,0,158,1023,0,508,608,305,476,566,706,693,305,337
352,1023,0,242,1023,0,661,849,305,644,566,710,695,305,337
395,1023,0,180,1023,0,540,667,305,516,566,710,696,305,337
403,1023,0,228,1023,0,523,619,305,500,567,716,704,305,337
235,1023,0,137,1023,0,698,909,305,684,567,705,696,305,337
341,1023,0,173,1023,0,328,379,305,331,567,687,675,305,337
356,1023,0,165,1023,0,537,668,305,509,567,708,703,305,337
294,1023,0,143,1021,0,520,646,305,489,567,694,687,305,337
478,1023,0,351,1023,0,485,535,305,472,567,731,717,305,337
475,1023,0,208,1023,0,562,693,305,530,567,735,717,305,337
421,1023,0,250,1023,0,516,622,305,478,567,745,738,305,337
534,1023,0,436,1023,0,510,595,305,495,567,731,719,305,337
303,1023,0,140,1023,0,505,605,305,474,567,648,641,305,337
349,1023,0,223,1023,0,646,833,305,623,567,734,730,305,337
405,1023,0,224,1023,0,640,820,305,615,567,745,734,305,337
667,1023,0,483,1023,0,526,607,305,509,567,765,751,305,337
466,1023,0,376,1023,0,641,798,305,621,567,762,753,305,337
460,1023,0,233,1023,0,432,403,305,425,567,755,739,305,337
367,1023,0,133,906,0,751,968,306,742,567,702,687,305,337
463,1023,0,336,1023,0,480,529,305,471,567,751,735,305,337
618,1023,0,382,1023,0,663,834,305,647,567,790,760,305,337
339,1023,0,129,945,0,349,361,305,349,567,630,610,305,343
369,1023,0,275,1023,0,340,376,305,299,567,711,704,305,343
566,1023,0,454,1023,0,542,649,305,518,567,766,746,305,343
557,1023,0,392,1023,0,392,395,305,401,567,762,743,305,343
577,1023,0,264,1023,0,591,728,305,566,567,737,719,305,343
327,1023,0,229,1023,0,574,722,305,544,567,709,699,305,343
328,1023,0,197,1023,0,606,757,305,582,567,718,711,305,343
350,1023,0,233,1023,0,640,821,305,618,567,756,735,305,343
322,1023,0,146,1023,0,466,540,305,441,567,682,674,305,343
355,1023,0,176,1023,0,659,847,305,636,567,705,699,305,343
361,1023,0,172,1023,0,782,1010,306,775,567,680,659,305,343
674,1023,0,549,1023,0,711,879,305,692,567,814,760,305,343
289,1023,0,148,1023,0,415,409,305,379,568,681,670,305,343
389,1023,0,234,1023,0,392,392,305,398,568,747,737,305,343
457,1023,0,388,1023,0,597,754,305,571,568,768,757,305,343
606,1023,0,415,1023,0,754,961,306,746,568,814,773,305,343
373,1023,0,245,1023,0,518,626,305,493,568,752,740,305,343
343,1023,0,122,810,0,599,764,305,573,568,688,675,305,343
379,1023,0,232,1023,0,392,404,305,422,568,715,701,305,343
428,1023,0,214,1023,0,644,818,305,619,568,709,703,305,343
316,1023,0,133,981,0,441,463,305,405,568,656,647,305,343
435,1023,0,304,1023,0,384,386,305,392,568,746,736,305,343
416,1023,0,240,1023,0,424,460,305,411,568,724,706,305,343
492,1023,0,294,1023,0,398,386,305,395,568,724,702,305,343
546,1023,0,399,1023,0,448,445,305,444,568,754,739,305,343
331,1023,0,127,998,0,390,375,305,384,568,659,652,305,343
296,1023,0,157,1023,0,500,577,305,479,568,681,673,305,343
338,1023,0,178,1023,0,734,922,306,725,568,675,666,305,343
315,1023,0,145,1023,0,471,551,305,447,568,712,706,305,343
465,1023,0,250,1023,0,484,546,305,458,568,733,721,305,343
474,1023,0,174,998,0,659,833,305,638,568,738,724,305,343
309,1023,0,111,880,0,614,789,305,587,568,665,663,305,343
520,1023,0,243,1023,0,749,947,306,739,568,757,742,305,343
324,1023,0,141,972,0,798,1023,306,794,568,719,714,305,343
318,1023,0,156,1023,0,461,499,305,435,568,728,699,305,343
558,1023,0,286,1023,0,400,408,305,418,568,724,709,305,343
404,1023,0,323,1023,0,813,1023,306,811,568,741,725,305,343
400,1023,0,171,1023,0,590,737,305,564,568,738,726,305,343
394,1023,0,299,1023,0,762,980,306,755,568,754,736,305,343
429,1023,0,222,1023,0,361,393,305,357,568,707,689,305,343
418,1023,0,235,1023,0,482,550,305,456,568,685,672,305,343
350,1023,0,173,1023,0,148,358,305,314,568,705,695,305,343
383,1023,0,180,1023,0,554,698,305,526,568,732,726,305,343
431,1023,0,257,1023,0,454,458,305,446,569,699,678,305,343
428,1023,0,247,1023,0,392,392,305,407,569,704,683,305,343
472,1023,0,225,1023,0,513,607,305,479,569,715,707,305,343
460,1023,0,213,1023,0,623,786,305,598,569,748,738,305,343
658,1023,0,414,1023,0,720,875,305,709,569,742,688,305,343
501,1023,0,273,1023,0,738,927,306,727,569,738,727,305,343
665,1023,0,379,1023,0,481,504,305,475,569,780,704,305,343
434,1023,0,178,1023,0,457,475,305,424,569,668,639,305,343
409,1023,0,138,913,0,721,924,306,705,569,719,709,305,343
425,1023,0,182,1023,0,725,932,306,714,569,728,714,305,343
512,1023,0,467,1023,0,574,700,305,550,569,771,750,305,343
294,1023,0,152,1023,0,725,937,306,714,569,705,690,305,343
356,1023,0,147,1007,0,627,807,305,603,569,698,687,305,343
325,1023,0,314,1023,0,383,412,305,396,569,747,737,305,343
328,1023,0,152,1023,0,373,360,305,390,569,701,684,305,343
532,1023,0,186,1023,0,602,736,305,576,569,737,718,305,343
341,1023,0,238,1023,0,515,619,305,485,569,722,709,305,343
579,1023,0,375,1023,0,836,1023,306,835,569,776,752,305,349
349,1023,0,175,1023,0,572,723,305,549,569,681,668,305,349
482,1023,0,271,1023,0,547,656,305,519,569,741,727,305,349
282,1023,0,171,1023,0,566,710,305,537,569,713,710,305,349
388,1023,0,184,1023,0,675,860,305,659,569,748,744,305,349
374,1023,0,211,1023,0,622,791,305,600,569,692,675,305,349
502,1023,0,302,1023,0,572,704,305,546,569,773,767,305,349
393,1023,0,222,1023,0,387,384,305,390,569,704,683,305,349
611,1023,0,322,1023,0,679,848,305,657,569,788,780,305,349
441,1023,0,158,1023,0,605,761,305,576,569,726,720,305,349
398,1023,0,313,1023,0,426,417,305,436,569,725,713,305,349
277,1023,0,128,992,0,531,656,305,506,569,662,654,305,349
448,1023,0,231,1023,0,480,541,305,453,569,702,694,305,349
600,1023,0,585,1023,0,509,558,305,504,569,790,777,305,349
474,1023,0,221,1023,0,573,694,305,548,569,743,724,305,349
420,1023,0,255,1023,0,439,417,305,447,569,722,711,305,349
316,1023,0,190,1023,0,624,799,305,598,570,742,733,305,349
235,1023,0,201,1023,0,339,338,305,352,570,425,422,305,349
707,1023,0,378,1023,0,596,713,305,587,570,776,752,305,349
339,1023,0,121,892,0,629,810,305,602,570,679,664,305,349
475,1023,0,184,1023,0,513,613,305,478,570,729,720,305,349
440,1023,0,294,1023,0,780,980,306,773,570,711,691,305,349
423,1023,0,250,1023,0,752,970,306,744,570,705,687,305,349
358,1023,0,226,1023,0,468,512,305,445,570,702,689,305,349
689,1023,0,419,1023,0,740,933,306,730,570,798,782,305,349
430,1023,0,229,1023,0,590,736,305,567,570,729,730,305,349
405,1023,0,345,1023,0,426,455,305,400,570,725,717,305,349
514,1023,0,432,1023,0,623,771,305,607,570,748,729,305,349
268,1023,0,235,1023,0,497,586,305,461,570,697,690,305,349
401,1023,0,197,1023,0,591,743,305,565,570,744,733,305,349
458,1023,0,423,1023,0,521,648,305,507,570,697,675,305,349
299,1023,0,190,1023,0,636,815,305,612,570,721,713,305,349
407,1023,0,341,1023,0,366,387,305,373,570,753,743,305,349
540,1023,0,406,1023,0,420,409,305,411,570,758,725,305,349
311,1023,0,141,1009,0,413,436,305,397,570,712,696,305,349
380,1023,0,253,1023,0,635,807,305,610,570,721,702,305,349
343,1023,0,176,1023,0,535,656,305,506,570,717,706,305,349
369,1023,0,122,878,0,534,646,305,502,570,637,628,305,349
411,1023,0,248,1023,0,407,401,305,391,570,772,762,305,349
330,1023,0,192,1023,0,760,984,306,750,570,735,723,305,349
375,1023,0,177,1023,0,785,1012,306,779,570,722,712,305,349
418,1023,0,262,1023,0,662,834,305,645,570,724,702,305,349
382,1023,0,136,959,0,600,758,305,573,570,720,715,305,349
298,1023,0,181,1023,0,545,676,305,509,570,716,708,305,349
321,1023,0,242,1023,0,791,1012,306,787,570,718,706,305,349
548,1023,0,315,1023,0,378,408,305,385,570,733,701,305,349
253,1023,0,192,1023,0,557,699,305,529,570,679,670,305,349
315,1023,0,190,1023,0,384,375,305,369,570,732,709,305,349
405,1023,0,190,1023,0,540,654,305,517,570,699,691,305,349
491,1023,0,377,1023,0,629,770,305,605,571,780,733,305,349
597,1023,0,263,1023,0,567,688,305,546,571,761,742,305,349
550,1023,0,286,1023,0,376,387,305,390,571,717,697,305,349
310,1023,0,118,873,0,765,995,306,758,571,689,679,305,349
582,1023,0,391,1023,0,744,922,306,736,571,761,741,305,349
377,1023,0,221,1023,0,496,585,305,460,571,705,695,305,349
669,1023,0,452,1023,0,880,1023,307,884,571,759,744,305,349
313,1023,0,248,1023,0,636,811,305,613,571,689,673,305,349
367,1023,0,252,1023,0,454,487,305,440,571,716,705,305,349
518,1023,0,294,1023,0,776,976,306,768,571,776,740,305,349
727,1023,0,415,1023,0,556,651,305,529,571,764,737,305,349
269,1023,0,85,670,0,330,340,305,346,571,360,345,305,349
285,1023,0,150,1023,0,369,355,305,379,571,514,505,305,349
267,1023,0,154,1023,0,657,848,305,636,571,732,726,305,349
546,1023,0,354,1023,0,610,758,305,587,571,755,722,305,349
428,1023,0,429,1023,0,848,1023,306,847,571,743,722,305,349
315,1023,0,114,848,0,453,485,305,439,571,680,668,305,349
403,1023,0,229,1023,0,446,442,305,433,571,749,739,305,349
496,1023,0,387,1023,0,655,818,305,635,571,782,771,305,349
310,1023,0,121,842,0,610,784,305,585,571,708,701,305,349
394,1023,0,270,1023,0,515,605,305,493,571,734,727,305,349
292,1023,0,170,1023,0,281,355,305,236,571,727,718,305,349
358,1023,0,159,1023,0,567,715,305,536,571,723,708,305,355
338,1023,0,165,1023,0,591,751,305,566,571,720,705,305,355
405,1023,0,196,1023,0,664,848,305,646,571,728,706,305,355
418,1023,0,267,1023,0,238,379,305,314,571,750,737,305,355
378,1023,0,238,1023,0,491,554,305,471,571,750,740,305,355
459,1023,0,455,1023,0,420,421,305,409,571,691,678,305,355
427,1023,0,281,1023,0,705,896,305,688,571,750,741,305,355
428,1023,0,291,1023,0,801,1023,306,797,571,751,737,305,355
406,1023,0,201,1023,0,502,588,305,477,571,716,711,305,355
269,1023,0,168,1023,0,472,542,305,426,571,643,634,305,355
363,1023,0,154,1023,0,358,369,305,397,571,701,696,305,355
388,1023,0,163,1023,0,564,703,305,534,572,713,702,305,355
469,1023,0,266,1023,0,601,744,305,577,572,743,730,305,355
671,1023,0,374,1023,0,469,494,305,449,572,778,716,305,355
374,1023,0,204,1023,0,624,790,305,608,572,739,728,305,355
346,1023,0,188,1023,0,442,486,305,416,572,730,715,305,355
377,1023,0,295,1023,0,764,985,306,759,572,761,750,305,355
383,1023,0,250,1023,0,541,665,305,519,572,729,719,305,355
435,1023,0,195,1023,0,484,547,305,454,572,732,718,305,355
395,1023,0,234,1023,0,362,373,305,358,572,722,714,305,355
401,1023,0,188,1023,0,596,755,305,567,572,701,685,305,355
412,1023,0,253,1023,0,396,417,305,384,572,733,713,305,355
461,1023,0,265,1023,0,626,787,305,606,572,705,694,305,355
442,1023,0,230,1023,0,628,785,305,602,572,747,737,305,355
357,1023,0,183,1023,0,529,651,305,496,572,738,729,305,355
589,1023,0,439,1023,0,652,818,305,630,572,773,754,305,355
532,1023,0,365,1023,0,385,411,305,392,572,768,751,305,355
314,1023,0,126,940,0,504,603,305,478,572,653,647,305,355
601,1023,0,354,1023,0,741,929,306,730,572,782,762,305,355
297,1023,0,121,957,0,590,759,305,560,572,703,701,305,355
371,1023,0,203,1023,0,513,609,305,481,572,710,701,305,355
528,1023,0,402,1023,0,774,997,306,766,572,768,746,305,355
408,1023,0,172,1023,0,614,777,305,587,572,687,675,305,355
553,1023,0,662,1023,0,612,765,305,590,572,772,755,305,355
547,1023,0,427,1023,0,725,898,305,720,572,803,775,305,355
345,1023,0,318,1023,0,484,548,305,463,572,712,699,305,355
332,1023,0,180,1023,0,607,776,305,580,572,718,707,305,355
529,1023,0,268,1023,0,574,703,305,545,572,758,741,305,355
381,1023,0,279,1023,0,613,781,305,584,572,760,751,305,355
409,1023,0,307,1023,0,448,489,305,430,572,733,719,305,355
358,1023,0,149,1018,0,644,830,305,621,572,698,694,305,355
256,1023,0,232,1023,0,523,487,305,538,572,523,441,305,355
445,1023,0,281,1023,0,652,816,305,637,572,757,748,305,355
358,1023,0,182,1023,0,358,359,305,362,572,675,667,305,355
241,1023,0,129,887,0,744,962,306,736,572,682,671,305,355
346,1023,0,122,843,0,601,769,305,572,572,694,692,305,355
419,1023,0,181,1023,0,463,542,305,427,572,704,690,305,355
322,1023,0,130,911,0,546,677,305,514,573,739,732,305,355
321,1023,0,166,1023,0,340,356,305,364,573,679,674,305,355
292,1023,0,124,982,0,668,867,305,650,573,660,652,305,355
395,1023,0,239,1023,0,660,844,305,637,573,757,749,305,355
367,1023,0,239,1023,0,447,485,305,407,573,722,707,305,355
383,1023,0,202,1023,0,512,609,305,491,573,642,627,305,355
296,1023,0,173,1023,0,528,657,305,497,573,690,682,305,355
306,1023,0,268,1023,0,716,934,306,708,573,709,702,305,361
571,1023,0,207,1023,0,509,594,305,480,573,756,743,305,361
642,1023,0,337,1023,0,594,705,305,570,573,795,738,305,361
545,1023,0,486,1023,0,462,463,305,446,573,746,736,305,361
384,1023,0,161,1023,0,487,570,305,455,573,655,647,305,361
400,1023,0,191,1023,0,394,382,305,403,573,713,690,305,361
322,1023,0,174,1023,0,544,682,305,520,573,685,659,305,361
449,1023,0,288,1023,0,489,536,305,459,573,730,720,305,361
458,1023,0,547,1023,0,464,463,305,518,573,820,807,305,361
512,1023,0,333,1023,0,769,971,306,761,573,753,742,305,361
494,1023,0,266,1023,0,629,794,305,609,573,754,731,305,361
355,1023,0,252,1023,0,525,639,305,496,573,746,737,305,361
414,1023,0,354,1023,0,400,413,305,403,573,752,714,305,361
384,1023,0,228,1023,0,388,384,305,376,573,733,709,305,361
416,1023,0,304,1023,0,549,682,305,512,573,753,736,305,361
354,1023,0,199,1023,0,493,584,305,467,573,749,743,305,361
448,1023,0,222,1023,0,604,767,305,579,573,749,740,305,361
457,1023,0,346,1023,0,453,448,305,435,573,737,717,305,361
351,1023,0,238,1023,0,538,652,305,512,573,747,731,305,361
444,1023,0,274,1023,0,610,767,305,587,573,759,743,305,361
404,1023,0,239,1023,0,644,822,305,619,573,756,746,305,361
365,1023,0,190,1023,0,567,705,305,539,573,738,731,305,361
458,1023,0,222,1023,0,567,701,305,541,573,735,714,305,361
553,1023,0,428,1023,0,427,440,305,430,573,764,743,305,361
348,1023,0,318,1023,0,870,1023,306,875,573,745,735,305,361
369,1023,0,203,1023,0,531,646,305,498,573,705,684,305,361
455,1023,0,272,1023,0,730,930,306,720,573,774,763,305,361
284,1023,0,182,1023,0,478,522,305,447,573,664,693,305,361
298,1023,0,106,786,0,634,821,305,608,573,664,654,305,361
363,1023,0,156,1023,0,373,369,305,367,573,674,663,305,361
462,1023,0,193,1023,0,653,827,305,630,573,737,731,305,361
322,1023,0,211,1023,0,599,763,305,574,573,716,711,305,361
396,1023,0,185,1023,0,393,387,305,405,573,719,710,305,361
705,1023,0,499,1023,0,619,769,305,597,573,779,768,305,361
334,1023,0,173,1023,0,623,799,305,602,573,708,696,305,361
417,1023,0,197,1023,0,665,847,305,645,573,749,737,305,361
298,1023,0,104,808,0,554,704,305,523,573,695,687,305,361
409,1023,0,255,1023,0,712,909,305,700,573,774,765,305,361
286,1023,0,128,1008,0,362,372,305,368,574,724,717,305,361
645,1023,0,549,1023,0,770,958,306,763,574,762,746,305,361
535,1023,0,464,1023,0,684,866,305,668,574,793,777,305,361
264,1023,0,180,1023,0,615,775,305,590,574,661,649,305,361
537,1023,0,324,1023,0,445,442,305,440,574,719,690,305,361
305,1023,0,153,1023,0,394,389,305,376,574,629,610,305,361
435,1023,0,251,1023,0,723,926,306,712,574,736,727,305,361
382,1023,0,149,1023,0,482,560,305,441,574,718,709,305,361
420,1023,0,189,1023,0,419,402,305,399,574,732,725,305,361
696,1023,0,504,1023,0,884,1023,307,888,574,784,764,305,361
367,1023,0,183,1023,0,611,784,305,590,574,720,711,305,361
424,1023,0,198,1023,0,480,524,305,454,574,720,701,305,361
333,1023,0,228,1023,0,574,727,305,546,574,724,724,305,361
425,1023,0,311,1023,0,435,426,305,416,574,720,704,305,361
373,1023,0,164,1023,0,530,653,305,499,574,704,703,305,361
353,1023,0,202,1023,0,573,722,305,545,574,742,731,305,361
745,1023,0,681,1023,0,759,944,306,748,574,837,822,305,361
424,1023,0,188,1023,0,718,916,305,707,574,719,706,305,361
426,1023,0,349,1023,0,554,666,305,529,574,762,743,305,361
310,1023,0,154,1023,0,598,763,305,571,574,691,684,305,361
357,1023,0,195,1023,0,435,432,305,430,574,740,711,305,361
335,1023,0,223,1023,0,571,714,305,547,574,732,721,305,361
588,1023,0,670,1023,0,448,484,305,460,574,773,749,305,361
375,1023,0,173,1023,0,414,384,305,400,574,673,659,305,361
322,1023,0,217,1023,0,400,398,305,392,574,697,675,305,361
464,1023,0,242,1023,0,647,822,305,623,574,732,725,305,361
317,1023,0,105,803,0,469,543,305,423,574,633,627,305,361
483,1023,0,263,1023,0,490,542,305,459,574,732,715,305,361
572,1023,0,496,1023,0,403,407,305,391,574,785,758,305,361
269,1023,0,116,834,0,460,541,305,433,574,699,695,305,361
382,1023,0,213,1023,0,800,1023,306,795,574,723,718,305,361
416,1023,0,175,1023,0,449,466,305,420,574,764,755,305,361
638,1023,0,430,1023,0,520,556,305,499,575,799,737,305,367
300,1023,0,131,961,0,420,445,305,366,575,680,672,305,367
214,837,0,280,1023,0,511,560,305,561,575,815,788,305,367
389,1023,0,255,1023,0,871,1023,306,875,575,740,727,305,367
367,1023,0,162,1023,0,482,549,305,463,575,718,714,305,367
553,1023,0,432,1023,0,610,767,305,586,575,775,765,305,367
289,1023,0,160,1023,0,228,360,305,286,575,644,634,305,367
377,1023,0,166,1023,0,780,1007,306,774,575,741,731,305,367
793,1023,0,652,1023,0,511,553,305,504,575,804,786,305,367
345,1023,0,194,1023,0,620,790,305,597,575,721,711,305,367
386,1023,0,253,1023,0,531,650,305,504,575,738,729,305,367
480,1023,0,288,1023,0,475,504,305,462,575,773,748,305,367
313,1023,0,164,1023,0,513,613,305,484,575,691,680,305,367
329,1023,0,187,1023,0,657,843,305,642,575,716,710,305,367
285,1023,0,161,1023,0,391,363,305,389,575,640,633,305,367
689,1023,0,352,1023,0,468,457,305,465,575,763,702,305,367
444,1023,0,103,791,0,500,540,305,475,575,681,660,305,367
349,1023,0,190,1023,0,312,365,305,353,575,686,671,305,367
388,1023,0,156,1023,0,791,1017,306,786,575,734,716,305,367
456,1023,0,170,843,0,482,512,305,455,575,680,685,305,367
462,1023,0,269,1023,0,522,628,305,502,575,746,741,305,367
419,1023,0,244,1023,0,509,608,305,486,575,731,715,305,367
462,1023,0,290,1023,0,589,730,305,568,575,769,749,305,367
322,1023,0,148,1023,0,503,590,305,474,575,678,666,305,367
342,1023,0,179,1023,0,573,723,305,547,575,711,698,305,367
433,1023,0,273,1023,0,760,968,306,750,575,749,731,305,367
364,1023,0,158,1023,0,568,708,305,537,575,702,690,305,367
281,1023,0,211,1023,0,521,637,305,493,575,708,696,305,367
337,1023,0,156,1023,0,439,485,305,411,575,694,691,305,367
359,1023,0,212,1023,0,424,437,305,417,575,747,735,305,367
351,1023,0,174,1023,0,374,379,305,378,575,696,686,305,367
428,1023,0,258,1023,0,507,582,305,479,575,694,663,305,367
360,1023,0,213,1023,0,517,638,305,488,575,740,731,305,367
537,1023,0,391,1023,0,689,867,305,671,576,770,752,305,367
471,1023,0,215,1023,0,591,735,305,562,576,722,703,305,367
339,1023,0,136,1023,0,532,662,305,496,576,704,697,305,367
450,1023,0,304,1023,0,657,834,305,634,576,739,724,305,367
603,1023,0,516,1023,0,833,1023,306,832,576,819,784,305,367
531,1023,0,375,1023,0,551,662,305,530,576,737,712,305,367
261,1023,0,131,1020,0,757,983,306,749,576,733,727,305,367
470,1023,0,186,1019,0,546,658,305,523,576,734,709,305,367
575,1023,0,349,1023,0,627,783,305,603,576,752,739,305,367
388,1023,0,275,1023,0,755,969,306,744,576,731,722,305,367
417,1023,0,207,1023,0,579,720,305,552,576,728,707,305,367
339,1023,0,186,1023,0,590,747,305,563,576,711,700,305,367
669,1023,0,696,1023,0,884,1023,307,888,576,818,785,305,367
289,1023,0,133,997,0,449,412,305,440,576,656,668,305,367
556,1023,0,557,1023,0,808,1018,306,804,576,773,757,305,367
403,1023,0,262,1023,0,372,369,305,356,576,705,700,305,367
265,1023,0,88,702,0,573,732,305,545,576,678,672,305,367
407,1023,0,198,1023,0,443,474,305,422,576,691,675,305,367
382,1023,0,161,1000,0,760,974,306,752,576,729,718,305,367
392,1023,0,241,1023,0,526,630,305,500,576,718,718,305,367
411,1023,0,238,1023,0,525,634,305,494,576,654,663,305,367
758,1023,0,614,1023,0,671,834,305,655,576,833,804,305,367
370,1023,0,273,1023,0,681,879,305,669,576,732,721,305,367
474,1023,0,294,1023,0,408,424,305,406,576,699,689,305,367
413,1023,0,347,1023,0,593,740,305,570,576,724,712,305,367
369,1023,0,141,1005,0,648,828,305,627,576,726,720,305,367
346,1023,0,146,1023,0,421,427,305,404,576,695,694,305,367
474,1023,0,244,1023,0,422,420,305,405,576,751,742,305,367
400,1023,0,522,1023,0,497,580,305,482,576,716,699,305,367
329,1023,0,129,987,0,475,549,305,455,576,720,716,305,367
249,1023,0,197,1023,0,460,459,305,450,576,679,670,305,367
388,1023,0,159,1023,0,461,484,305,423,576,728,711,305,367
388,1023,0,223,1023,0,529,641,305,501,576,742,730,305,367
285,1023,0,139,1023,0,527,617,305,508,576,692,677,305,367
404,1023,0,265,1023,0,815,1023,306,812,576,736,713,305,367
349,1023,0,119,810,0,559,702,305,531,576,715,708,305,372
376,1023,0,235,1023,0,537,655,305,510,576,718,703,305,372
509,1023,0,289,1023,0,498,581,305,469,576,749,734,305,372
394,1023,0,196,1023,0,616,785,305,590,576,711,700,305,372
570,1023,0,289,1023,0,535,620,305,506,576,763,718,305,372
519,1023,0,462,1023,0,527,612,305,509,576,788,763,305,372
398,1023,0,198,1023,0,547,667,305,520,576,720,710,305,372
383,1023,0,287,1023,0,601,756,305,579,577,714,691,305,372
403,1023,0,187,1023,0,737,945,306,724,577,722,701,305,372
401,1023,0,291,1023,0,402,382,305,411,577,693,684,305,372
319,1023,0,137,1023,0,449,491,305,408,577,659,644,305,372
577,1023,0,315,1023,0,424,406,305,418,577,737,713,305,372
473,1023,0,363,1023,0,663,826,305,646,577,766,753,305,372
401,1023,0,292,1023,0,421,395,305,445,577,737,725,305,372
534,1023,0,475,1023,0,585,724,305,566,577,827,797,305,372
341,1023,0,173,1008,0,524,637,305,517,577,704,686,305,372
304,1023,0,107,878,0,553,708,305,526,577,690,684,305,372
477,1023,0,219,1023,0,575,718,305,552,577,712,703,305,372
644,1023,0,483,1023,0,633,786,305,610,577,776,763,305,372
346,1023,0,181,1023,0,570,721,305,544,577,703,700,305,372
398,1023,0,142,911,0,668,854,305,648,577,658,655,305,372
345,1023,0,208,1023,0,447,481,305,433,577,669,663,305,372
326,1023,0,196,1023,0,559,685,305,548,577,749,729,305,372
442,1023,0,367,1023,0,757,965,306,748,577,742,727,305,372
407,1023,0,202,1023,0,686,876,305,669,577,740,727,305,372
407,1023,0,478,1023,0,510,584,305,498,577,732,722,305,372
506,1023,0,309,1023,0,528,628,305,506,577,764,755,305,372
332,1023,0,144,1023,0,379,378,305,394,577,701,676,305,372
578,1023,0,380,1023,0,518,597,305,498,577,794,747,305,372
428,1023,0,233,1023,0,422,395,305,424,577,705,695,305,372
446,1023,0,497,1023,0,488,529,305,474,577,764,747,305,372
455,1023,0,321,1023,0,421,425,305,433,577,714,705,305,372
409,1023,0,286,1023,0,645,823,305,623,577,769,760,305,372
542,1023,0,405,1023,0,554,669,305,525,577,754,741,305,372
342,1023,0,263,1023,0,585,740,305,561,577,752,743,305,372
285,1023,0,83,633,0,644,836,305,626,577,608,596,305,372
334,1023,0,125,946,0,599,767,305,568,577,671,660,305,372
362,1023,0,183,1023,0,425,467,305,397,577,684,673,305,372
437,1023,0,470,1023,0,531,644,305,528,577,779,768,305,372
606,1023,0,567,1023,0,731,918,306,722,577,785,765,305,372
387,1023,0,261,1023,0,605,762,305,583,577,793,768,305,372
364,1023,0,119,897,0,508,620,305,475,577,685,676,305,372
435,1023,0,205,1023,0,615,772,305,589,577,746,729,305,372
302,1023,0,157,1023,0,575,714,305,552,578,714,698,305,372
618,1023,0,426,1023,0,728,910,305,716,578,768,757,305,372
280,1023,0,160,1023,0,424,471,305,400,578,713,708,305,372
453,1023,0,255,1023,0,336,379,305,273,578,749,728,305,372
475,1023,0,369,1023,0,730,926,306,719,578,747,734,305,372
419,1023,0,202,1023,0,459,424,305,442,578,657,636,305,372
407,1023,0,184,1023,0,398,391,305,373,578,660,645,305,372
526,1023,0,244,1023,0,672,847,305,649,578,735,714,305,372
392,1023,0,211,1023,0,518,626,305,492,578,751,741,305,372
395,1023,0,189,1023,0,681,873,305,663,578,683,674,305,372
598,1023,0,524,1023,0,454,454,305,462,578,766,745,305,372
416,1023,0,222,1023,0,486,555,305,463,578,737,723,305,372
563,1023,0,347,1023,0,512,582,305,490,578,762,741,305,372
573,1023,0,450,1023,0,810,1020,306,808,578,764,740,305,372
393,1023,0,175,1023,0,488,560,305,460,578,695,687,305,372
750,1023,0,490,1023,0,448,459,305,462,578,800,766,305,372
422,1023,0,258,1023,0,555,681,305,526,578,706,696,305,372
354,1023,0,128,909,0,648,832,305,627,578,698,689,305,372
809,1023,0,549,1023,0,741,916,306,731,578,780,754,305,372
508,1023,0,265,1023,0,772,986,306,765,578,745,736,305,378
308,1023,0,223,1023,0,437,458,305,427,578,633,630,305,378
569,1023,0,308,1023,0,695,867,305,678,578,758,751,305,378
639,1023,0,327,1023,0,582,735,305,559,578,768,702,305,378
287,1023,0,136,975,0,629,815,305,608,578,726,722,305,378
564,1023,0,206,1023,0,677,848,305,656,578,755,740,305,378
335,1023,0,149,1023,0,585,742,305,559,578,702,694,305,378
334,1023,0,153,1023,0,722,932,306,711,578,683,670,305,378
366,1023,0,240,1023,0,623,794,305,598,578,716,707,305,378
402,1023,0,233,1023,0,518,641,305,494,578,715,710,305,378
662,1023,0,501,1023,0,401,399,305,400,578,777,759,305,378
576,1023,0,401,1023,0,821,1023,306,818,578,682,663,305,378
276,1023,0,147,1023,0,467,495,305,448,578,698,698,305,378
324,1023,0,173,1023,0,443,463,305,422,578,715,703,305,378
465,1023,0,321,1023,0,403,411,305,394,578,716,690,305,378
436,1023,0,182,1023,0,483,547,305,448,578,717,705,305,378
325,1023,0,180,1023,0,568,720,305,544,578,642,631,305,378
512,1023,0,192,1023,0,583,726,305,556,579,736,728,305,378
354,1023,0,217,1023,0,464,498,305,450,579,711,698,305,378
369,1023,0,149,1023,0,492,583,305,454,579,681,673,305,378
393,1023,0,215,1023,0,464,505,305,448,579,744,735,305,378
342,1023,0,125,870,0,568,713,305,538,579,694,688,305,378
432,1023,0,244,1023,0,680,875,305,665,579,743,728,305,378
402,1023,0,200,1023,0,643,815,305,624,579,739,734,305,378
291,1023,0,96,704,0,702,913,305,686,579,689,683,305,378
716,1023,0,448,1023,0,528,620,305,510,579,799,782,305,378
296,1023,0,119,925,0,704,915,305,691,579,642,638,305,378
461,1023,0,280,1023,0,856,1023,306,858,579,761,746,305,378
456,1023,0,253,1023,0,622,783,305,598,579,739,723,305,378
357,1023,0,174,1023,0,586,744,305,559,579,716,709,305,378
439,1023,0,230,1023,0,625,787,305,599,579,752,734,305,378
456,1023,0,301,1023,0,520,615,305,498,579,751,740,305,378
468,1023,0,330,1023,0,734,938,306,723,579,757,729,305,378
585,1023,0,436,1023,0,813,1020,306,810,579,805,785,305,378
427,1023,0,333,1023,0,466,436,305,464,579,740,720,305,378
508,1023,0,415,1023,0,364,388,305,372,579,762,748,305,378
410,1023,0,313,1023,0,693,889,305,676,579,741,731,305,378
290,1023,0,109,765,0,511,622,305,484,579,700,693,305,378
435,1023,0,219,1023,0,444,476,305,418,579,750,739,305,378
307,1023,0,148,1023,0,778,1009,306,771,579,723,715,305,378
393,1023,0,203,1023,0,537,670,305,514,579,766,756,305,378
564,1023,0,335,1023,0,579,707,305,557,579,745,734,305,378
340,1023,0,136,982,0,510,620,305,484,579,689,676,305,378
402,1023,0,204,1023,0,553,687,305,525,579,717,710,305,378
277,1023,0,116,902,0,564,719,305,534,579,630,660,305,378
479,1023,0,298,1023,0,696,881,305,681,579,743,733,305,378
391,1023,0,136,917,0,812,1023,306,809,579,755,737,305,378
443,1023,0,438,1023,0,392,390,305,416,579,743,712,305,378
280,1023,0,119,894,0,446,495,305,417,579,711,702,305,378
396,1023,0,290,1023,0,382,404,305,411,579,733,717,305,378
299,1023,0,343,1023,0,556,697,305,532,579,774,769,305,378
345,1023,0,342,1023,0,752,968,306,743,579,750,737,305,378
557,1023,0,507,1023,0,693,872,305,671,579,776,752,305,378
682,1023,0,498,1023,0,620,748,305,597,579,798,781,305,378
409,1023,0,253,1023,0,757,967,306,747,579,730,718,305,378
423,1023,0,201,1023,0,606,766,305,581,579,726,709,305,378
544,1023,0,539,1023,0,396,408,305,404,579,745,733,305,378
387,1023,0,198,1023,0,568,709,305,539,579,718,705,305,378
617,1023,0,465,1023,0,732,944,306,723,579,741,711,305,378
354,1023,0,184,1023,0,447,490,305,419,579,692,674,305,378
700,1023,0,337,1023,0,766,961,306,757,579,756,745,305,378
520,1023,0,580,1023,0,590,722,305,567,579,768,756,305,378
469,1023,0,366,1023,0,417,432,305,466,579,726,718,305,378
338,1023,0,141,1019,0,463,487,305,425,579,676,669,305,378
397,1023,0,220,1023,0,485,541,305,460,579,735,715,305,378
755,1023,0,573,1023,0,873,1023,306,878,579,810,761,305,378
313,1023,0,148,1023,0,586,749,305,554,579,754,750,305,378
351,1023,0,231,1023,0,823,1023,306,823,579,621,605,305,378
563,1023,0,365,1023,0,388,385,305,403,580,737,722,305,378
317,1023,0,114,832,0,573,723,305,546,580,672,661,305,378
321,1023,0,144,1023,0,657,844,305,635,580,691,683,305,378
238,1023,0,109,905,0,666,875,305,650,580,537,521,305,378
756,1023,0,412,1023,0,716,903,305,704,580,810,756,305,378
342,1023,0,155,1023,0,380,399,305,416,580,680,663,305,378
345,1023,0,199,1023,0,518,626,305,493,580,730,716,305,378
317,1023,0,242,1023,0,522,559,305,510,580,729,713,305,378
358,1023,0,148,1023,0,565,704,305,538,580,706,700,305,378
338,1023,0,141,1023,0,471,539,305,436,580,633,619,305,378
328,1023,0,158,1023,0,389,365,305,380,580,698,682,305,378
485,1023,0,384,1023,0,509,581,305,481,580,749,721,305,384
398,1023,0,246,1023,0,571,701,305,549,580,760,733,305,384
388,1023,0,215,1023,0,548,675,305,524,580,741,728,305,384
457,1023,0,312,1023,0,459,497,305,437,580,774,764,305,384
447,1023,0,280,1023,0,643,813,305,618,580,739,721,305,384
548,1023,0,356,1023,0,425,422,305,415,580,698,680,305,384
302,1023,0,158,1023,0,683,884,305,666,580,713,710,305,384
673,1023,0,410,1023,0,840,1023,306,839,580,795,761,305,384
470,1023,0,207,1023,0,569,686,305,545,580,754,744,305,384
262,1023,0,221,1023,0,362,352,305,486,580,716,705,305,384
398,1023,0,130,926,0,497,570,305,466,580,677,672,305,384
794,1023,0,666,1023,0,741,903,305,730,580,815,739,305,384
398,1023,0,217,1023,0,587,739,305,562,580,776,750,305,384
382,1023,0,217,1023,0,835,1023,306,835,580,729,716,305,384
412,1023,0,315,1023,0,635,799,305,616,580,713,700,305,384
366,1023,0,213,1023,0,480,459,305,461,580,713,703,305,384
460,1023,0,289,1023,0,637,802,305,615,580,727,715,305,384
265,1023,0,121,926,0,572,726,305,545,580,654,646,305,384
419,1023,0,393,1023,0,281,365,305,334,580,696,682,305,384
696,1023,0,483,1023,0,456,449,305,456,580,767,750,305,384
315,1023,0,110,799,0,695,903,305,681,581,687,684,305,384
303,1023,0,144,1023,0,593,757,305,568,581,704,696,305,384
348,1023,0,147,1023,0,617,794,305,592,581,689,679,305,384
427,1023,0,247,1023,0,597,748,305,568,581,737,717,305,384
502,1023,0,418,1023,0,721,908,305,710,581,751,727,305,384
416,1023,0,240,1023,0,687,869,305,672,581,752,734,305,384
344,1023,0,139,1020,0,440,485,305,426,581,701,690,305,384
614,1023,0,465,1023,0,877,1023,307,881,581,779,753,305,384
804,1023,0,475,1023,0,741,948,306,730,581,803,743,305,384
283,1023,0,141,1023,0,613,787,305,592,581,675,665,305,384
511,1023,0,216,1023,0,330,371,305,315,581,725,719,305,384
513,1023,0,429,1023,0,656,820,305,643,581,732,718,305,384
454,1023,0,329,1023,0,582,725,305,559,581,764,742,305,384
415,1023,0,179,1023,0,686,875,305,670,581,720,704,305,384
377,1023,0,153,1023,0,490,549,305,459,581,760,753,305,384
540,1023,0,411,1023,0,556,675,305,541,581,756,740,305,384
516,1023,0,332,1023,0,464,510,305,443,581,741,725,305,384
606,1023,0,383,1023,0,676,850,305,654,581,759,740,305,384
335,1023,0,184,1023,0,604,758,305,582,581,756,741,305,384
447,1023,0,351,1023,0,452,448,305,456,581,766,753,305,384
332,1023,0,152,1023,0,579,739,305,549,581,708,697,305,384
448,1023,0,176,1023,0,544,659,305,515,581,706,680,305,384
358,1023,0,132,968,0,481,584,305,452,581,676,672,305,384
497,1023,0,228,1023,0,547,676,305,523,581,757,742,305,384
345,1023,0,258,1023,0,540,658,305,511,581,745,734,305,384
258,1023,0,140,1023,0,473,496,305,457,581,728,716,305,384
447,1023,0,176,1023,0,602,761,305,575,581,688,674,305,384
344,1023,0,170,1023,0,295,363,305,324,581,694,677,305,384
643,1023,0,606,1023,0,555,651,305,535,581,815,791,305,384
556,1023,0,309,1023,0,617,757,305,606,581,748,721,305,384
326,1023,0,152,1023,0,535,675,305,500,581,695,686,305,384
416,1023,0,233,1023,0,786,1009,306,781,581,696,691,305,384
431,1023,0,155,1023,0,509,605,305,483,581,708,695,305,384
408,1023,0,205,1023,0,431,450,305,409,582,719,705,305,384
482,1023,0,280,1023,0,522,619,305,504,582,731,722,305,384
492,1023,0,325,1023,0,688,871,305,674,582,765,743,305,384
350,1023,0,124,942,0,465,514,305,448,582,647,642,305,384
353,1023,0,142,1023,0,592,753,305,570,582,671,657,305,384
452,1023,0,287,1023,0,641,814,305,617,582,756,719,305,384
370,1023,0,197,1023,0,703,906,305,691,582,702,694,305,384
357,1023,0,176,1023,0,539,665,305,516,582,704,699,305,384
387,1023,0,209,1023,0,459,489,305,421,582,655,641,305,384
437,1023,0,257,1023,0,409,419,305,401,582,705,692,305,384
505,1023,0,470,1023,0,492,521,305,476,582,721,695,305,384
271,1023,0,139,1023,0,531,657,305,508,582,679,667,305,384
761,1023,0,476,1023,0,589,672,305,564,582,778,705,305,384
537,1023,0,255,1023,0,551,657,305,529,582,766,755,305,384
503,1023,0,254,1023,0,454,461,305,430,582,740,732,305,384
368,1023,0,152,1023,0,699,899,305,684,582,708,699,305,390
485,1023,0,235,1023,0,570,700,305,542,582,472,432,305,390
497,1023,0,518,1023,0,581,716,305,561,582,743,724,305,390
418,1023,0,203,1023,0,370,379,305,344,582,719,713,305,390
491,1023,0,321,1023,0,577,714,305,555,582,756,748,305,390
502,1023,0,248,1023,0,578,712,305,545,582,719,701,305,390
301,1023,0,192,1023,0,348,354,305,356,582,695,679,305,390
406,1023,0,292,1023,0,364,364,305,397,582,659,637,305,390
415,1023,0,209,1023,0,698,882,305,685,582,762,744,305,390
558,1023,0,496,1023,0,770,970,306,763,582,763,738,305,390
429,1023,0,222,1023,0,423,409,305,418,582,758,748,305,390
472,1023,0,280,1023,0,429,401,305,434,582,709,693,305,390
721,1023,0,412,1023,0,705,874,305,685,582,780,759,305,390
275,1023,0,163,1023,0,499,590,305,470,582,723,715,305,390
241,1023,0,158,1023,0,296,350,305,305,582,679,671,305,390
450,1023,0,303,1023,0,478,525,305,448,582,740,709,305,390
362,1023,0,211,1023,0,430,447,305,422,582,724,711,305,390
414,1023,0,349,1023,0,354,368,305,383,582,721,711,305,390
563,1023,0,345,1023,0,829,1023,306,827,582,761,747,305,390
415,1023,0,212,1023,0,390,381,305,384,582,735,726,305,390
333,1023,0,126,912,0,354,357,305,362,582,461,419,305,390
365,1023,0,196,1023,0,507,606,305,479,582,704,691,305,390
470,1023,0,339,1023,0,513,594,305,489,582,761,744,305,390
398,1023,0,248,1023,0,579,726,305,551,582,699,689,305,390
322,1023,0,151,1023,0,322,374,305,355,582,696,685,305,390
650,1023,0,513,1023,0,764,991,306,755,582,788,765,305,390
342,1023,0,106,804,0,638,822,305,618,582,667,659,305,390
618,1023,0,449,1023,0,622,770,305,606,582,798,782,305,390
290,1023,0,155,1023,0,507,614,305,487,582,720,706,305,390
389,1023,0,140,920,0,556,693,305,526,582,710,695,305,390
380,1023,0,173,1000,0,408,393,305,402,582,345,323,305,390
490,1023,0,242,1023,0,679,859,305,664,582,790,774,305,390
340,1023,0,128,965,0,388,371,305,376,582,622,616,305,390
356,1023,0,96,573,0,397,387,305,398,582,747,724,305,390
350,1023,0,212,1023,0,409,406,305,390,583,699,692,305,390
417,1023,0,188,1023,0,606,764,305,583,583,738,721,305,390
430,1023,0,545,1023,0,600,729,305,591,583,752,711,305,390
443,1023,0,214,1023,0,279,351,305,240,583,709,698,305,390
413,1023,0,240,1023,0,378,396,305,397,583,696,675,305,390
331,1023,0,186,1023,0,417,389,305,413,583,744,735,305,390
380,1023,0,148,1023,0,511,622,305,484,583,670,651,305,390
746,1023,0,509,1023,0,518,575,305,496,583,810,785,305,390
475,1023,0,377,1023,0,573,693,305,548,583,735,721,305,390
486,1023,0,318,1023,0,535,610,305,503,583,740,710,305,390
464,1023,0,366,1023,0,824,1023,306,821,583,774,762,305,390
315,1023,0,144,1023,0,543,678,305,521,583,689,669,305,390
703,1023,0,343,1023,0,500,497,305,487,583,699,678,305,390
379,1023,0,94,607,0,528,652,305,494,583,605,603,305,390
327,1023,0,126,924,0,439,466,305,401,583,689,688,305,390
713,1023,0,589,1023,0,762,983,306,754,583,840,795,305,390
434,1023,0,189,1023,0,553,686,305,527,583,725,715,305,390
311,1023,0,156,1023,0,541,581,305,510,583,690,684,305,390
243,1023,0,270,1023,0,453,410,305,455,583,682,674,305,390
282,1023,0,118,888,0,489,579,305,451,583,669,660,305,390
461,1023,0,194,1023,0,625,785,305,600,583,736,717,305,390
801,1023,0,659,1023,0,523,568,305,512,583,834,785,305,390
498,1023,0,307,1023,0,644,811,305,622,583,774,766,305,390
741,1023,0,568,1023,0,722,903,305,709,583,806,779,305,390
428,1023,0,187,1023,0,449,479,305,431,583,710,697,305,396
696,1023,0,576,1023,0,824,1023,306,822,583,826,790,305,396
452,1023,0,247,1023,0,377,405,305,497,583,741,715,305,396
341,1023,0,127,926,0,382,367,305,385,583,678,666,305,396
377,1023,0,182,1023,0,710,919,305,698,583,729,711,305,396
680,1023,0,414,1023,0,688,841,305,667,583,811,788,305,396
511,1023,0,547,1023,0,524,617,305,508,583,774,761,305,396
467,1023,0,211,1023,0,618,778,305,598,583,730,711,305,396
435,1023,0,267,1023,0,495,568,305,469,583,721,702,305,396
397,1023,0,258,1023,0,369,379,305,375,583,719,696,305,396
360,1023,0,193,1023,0,447,454,305,436,583,748,736,305,396
556,1023,0,349,1023,0,637,799,305,616,584,770,752,305,396
424,1023,0,191,1023,0,756,975,306,749,584,759,750,305,396
516,1023,0,364,1023,0,412,407,305,418,584,731,717,305,396
348,1023,0,199,1023,0,455,487,305,448,584,726,715,305,396
363,1023,0,146,1023,0,542,678,305,513,584,698,690,305,396
320,1023,0,191,1023,0,700,907,305,688,584,757,743,305,396
292,1023,0,87,678,0,413,451,305,393,584,682,672,305,396
462,1023,0,285,1023,0,378,372,305,375,584,731,721,305,396
270,1023,0,71,594,0,393,384,305,367,584,660,641,305,396
594,1023,0,337,1023,0,701,895,305,685,584,760,707,305,396
385,1023,0,158,1023,0,410,392,305,374,584,683,667,305,396
376,1023,0,211,1023,0,768,984,306,762,584,750,744,305,396
539,1023,0,256,1023,0,568,703,305,535,584,758,748,305,396
684,1023,0,402,1023,0,535,640,305,523,584,796,782,305,396
402,1023,0,201,1023,0,522,621,305,500,584,721,715,305,396
495,1023,0,310,1023,0,393,415,305,434,584,732,725,305,396
387,1023,0,236,1023,0,386,392,305,367,584,707,693,305,396
395,1023,0,267,1023,0,541,663,305,510,584,708,700,305,396
451,1023,0,289,1023,0,403,387,305,403,584,736,721,305,396
400,1023,0,227,1023,0,599,759,305,572,584,735,726,305,396
650,1023,0,475,1023,0,506,567,305,476,584,724,705,305,396
247,1023,0,93,773,0,673,880,305,661,584,769,770,305,396
390,1023,0,173,1023,0,453,486,305,417,584,737,733,305,396
466,1023,0,301,1023,0,491,561,305,465,584,776,762,305,396
450,1023,0,412,1023,0,408,400,305,391,584,731,718,305,396
322,1023,0,185,1023,0,789,1021,306,784,584,715,705,305,396
416,1023,0,309,1023,0,542,665,305,513,584,731,721,305,396
259,1023,0,123,973,0,567,726,305,537,584,654,646,305,396
315,1023,0,169,1023,0,341,349,305,375,584,653,635,305,396
343,1023,0,105,740,0,526,653,305,490,584,634,630,305,396
348,1023,0,297,1023,0,583,738,305,560,584,814,795,305,396
434,1023,0,450,1023,0,373,397,305,392,584,701,694,305,396
379,1023,0,262,1023,0,313,358,305,325,584,736,716,305,396
477,1023,0,439,1023,0,799,1016,306,796,584,796,779,305,396
343,1023,0,159,1023,0,547,680,305,518,584,718,708,305,396
407,1023,0,217,1023,0,461,528,305,424,584,713,695,305,396
389,1023,0,112,756,0,566,711,305,534,584,701,688,305,396
320,1023,0,163,1023,0,592,754,305,565,584,719,701,305,396
545,1023,0,285,1023,0,680,852,305,662,584,760,748,305,396
628,1023,0,335,1023,0,633,781,305,607,585,805,775,305,396
340,1023,0,225,1023,0,410,425,305,389,585,723,712,305,396
361,1023,0,224,1023,0,301,357,305,352,585,720,711,305,396
622,1023,0,282,1023,0,802,1018,306,798,585,764,697,305,396
314,1023,0,215,1023,0,340,363,305,382,585,732,717,305,396
640,1023,0,464,1023,0,772,969,306,765,585,796,779,305,396
309,1023,0,163,1023,0,374,391,305,325,585,668,661,305,396
361,1023,0,189,1023,0,440,466,305,423,585,700,696,305,396
462,1023,0,251,1023,0,714,911,305,702,585,751,735,305,396
408,1023,0,167,1023,0,603,765,305,575,585,712,699,305,396
354,1023,0,266,1023,0,565,716,305,538,585,722,715,305,396
501,1023,0,264,1023,0,530,636,305,510,585,747,729,305,396
395,1023,0,265,1023,0,448,460,305,448,585,725,701,305,396
305,1023,0,247,1023,0,372,379,305,355,585,689,677,305,396
654,1023,0,347,1023,0,554,668,305,534,585,741,701,305,396
374,1023,0,238,1023,0,372,374,305,370,585,722,702,305,396
478,1023,0,194,1023,0,609,762,305,583,585,709,691,305,396
442,1023,0,241,1023,0,471,508,305,442,585,745,716,305,396
341,1023,0,144,998,0,421,404,305,419,585,693,689,305,396
328,1023,0,183,1023,0,611,786,305,586,585,701,693,305,396
462,1023,0,315,1023,0,563,700,305,535,585,753,738,305,396
297,1023,0,169,1023,0,485,551,305,463,585,694,686,305,396
615,1023,0,624,1023,0,388,441,305,417,585,756,736,305,396
378,1023,0,210,1023,0,461,531,305,437,585,721,705,305,396
407,1023,0,306,1023,0,450,451,305,468,585,749,739,305,396
542,1023,0,275,1023,0,470,485,305,455,585,756,742,305,396
408,1023,0,240,1023,0,711,905,305,699,585,755,737,305,396
383,1023,0,170,1023,0,379,389,305,404,585,668,656,305,396
437,1023,0,251,1023,0,632,803,305,611,585,717,700,305,401
411,1023,0,195,1023,0,568,713,305,544,585,721,696,305,401
346,1023,0,157,1023,0,607,778,305,581,585,673,667,305,401
443,1023,0,273,1023,0,813,1023,306,808,585,754,741,305,401
338,1023,0,153,1023,0,424,420,305,412,585,682,656,305,401
362,1023,0,198,1023,0,767,988,306,758,585,722,713,305,401
628,1023,0,406,1023,0,539,621,305,517,585,800,785,305,401
249,1023,0,353,1023,0,682,871,305,682,585,766,753,305,401
401,1023,0,299,1023,0,377,403,305,392,585,738,731,305,401
488,1023,0,330,1023,0,650,821,305,628,586,749,727,305,401
512,1023,0,515,1023,0,459,460,305,452,586,774,763,305,401
407,1023,0,220,1023,0,473,481,305,458,586,746,730,305,401
669,1023,0,633,1023,0,786,988,306,782,586,847,817,305,401
474,1023,0,239,1023,0,804,1012,306,799,586,728,712,305,401
494,1023,0,476,1023,0,355,423,305,392,586,788,764,305,401
336,1023,0,156,1023,0,446,510,305,420,586,718,699,305,401
423,1023,0,217,1023,0,590,734,305,563,586,732,717,305,401
338,1023,0,125,902,0,543,679,305,512,586,704,696,305,401
444,1023,0,255,1023,0,495,564,305,471,586,723,714,305,401
338,1023,0,155,1023,0,796,1023,306,792,586,703,688,305,401
399,1023,0,256,1023,0,669,850,305,653,586,736,719,305,401
411,1023,0,193,1023,0,696,901,305,682,586,708,701,305,401
385,1023,0,427,1023,0,606,759,305,583,586,718,707,305,401
320,1023,0,115,693,0,610,782,305,588,586,711,705,305,401
529,1023,0,492,1023,0,591,725,305,565,586,751,737,305,401
409,1023,0,229,1023,0,381,385,305,364,586,706,688,305,401
332,1023,0,157,1023,0,781,1010,306,775,586,707,698,305,401
370,1023,0,166,1023,0,571,719,305,545,586,694,683,305,401
410,1023,0,173,1023,0,455,471,305,429,586,702,690,305,401
347,1023,0,156,1023,0,407,397,305,384,586,689,680,305,401
392,1023,0,227,1023,0,516,619,305,495,586,728,719,305,401
353,1023,0,306,1023,0,432,472,305,429,586,681,673,305,401
395,1023,0,238,1023,0,578,724,305,550,586,703,690,305,401
476,1023,0,231,1023,0,502,566,305,476,586,709,687,305,401
335,1023,0,458,1023,0,426,416,305,399,586,738,723,305,401
306,1023,0,184,1023,0,400,381,305,391,586,688,680,305,401
317,1023,0,117,828,0,629,812,305,603,586,689,678,305,401
500,1023,0,461,1023,0,805,1018,306,800,586,751,727,305,401
533,1023,0,443,1023,0,595,740,305,572,586,774,762,305,401
505,1023,0,355,1023,0,780,1003,306,772,586,799,772,305,401
317,1023,0,157,1023,0,523,634,305,500,586,693,678,305,401
534,1023,0,372,1023,0,376,383,305,406,586,730,700,305,401
593,1023,0,417,1023,0,481,513,305,468,586,762,736,305,401
344,1023,0,130,916,0,450,475,305,410,586,700,690,305,401
760,1023,0,513,1023,0,683,811,305,665,586,853,805,305,401
391,1023,0,178,1023,0,635,809,305,610,586,749,739,305,401
401,1023,0,295,1023,0,717,923,306,705,586,734,722,305,401
362,1023,0,137,930,0,625,795,305,603,586,726,706,305,401
380,1023,0,167,1023,0,546,676,305,514,586,727,707,305,401
411,1023,0,222,1023,0,631,802,305,608,587,717,707,305,401
702,1023,0,462,1023,0,641,786,305,623,587,770,757,305,401
330,1023,0,193,1023,0,407,383,305,395,587,678,656,305,401
307,1023,0,137,1015,0,358,346,305,350,587,579,572,305,401
394,1023,0,149,913,0,549,675,305,519,587,711,710,305,401
425,1023,0,242,1023,0,645,818,305,622,587,750,726,305,401
348,1023,0,145,1023,0,521,641,305,488,587,715,679,305,401
393,1023,0,308,1023,0,611,778,305,587,587,744,736,305,401
383,1023,0,131,896,0,702,917,305,689,587,699,687,305,401
384,1023,0,231,1023,0,515,628,305,485,587,742,731,305,401
386,1023,0,208,1023,0,378,377,305,379,587,711,709,305,401
479,1023,0,343,1023,0,822,1023,306,819,587,765,753,305,401
394,1023,0,212,1023,0,637,805,305,618,587,756,745,305,401
346,1023,0,155,1023,0,359,377,305,364,587,676,669,305,401
394,1023,0,280,1023,0,657,833,305,633,587,726,711,305,407
365,1023,0,228,1023,0,621,792,305,596,587,717,706,305,407
468,1023,0,533,1023,0,642,805,305,637,587,713,694,305,407
319,1023,0,264,1023,0,619,792,305,595,587,716,706,305,407
346,1023,0,208,1023,0,692,891,305,677,587,690,682,305,407
474,1023,0,232,1023,0,533,649,305,501,587,727,715,305,407
391,1023,0,238,1023,0,772,995,306,766,587,699,684,305,407
441,1023,0,311,1023,0,507,595,305,466,587,736,719,305,407
545,1023,0,473,1023,0,522,606,305,506,587,780,753,305,407
296,1023,0,237,1023,0,484,520,305,470,587,692,686,305,407
373,1023,0,243,1023,0,479,557,305,451,587,682,663,305,407
456,1023,0,485,1023,0,433,415,305,434,587,752,728,305,407
346,1023,0,254,1023,0,377,370,305,356,587,703,694,305,407
384,1023,0,327,1023,0,378,403,305,389,587,698,678,305,407
354,1023,0,189,1023,0,529,654,305,502,587,689,674,305,407
466,1023,0,331,1023,0,450,474,305,432,587,723,705,305,407
338,1023,0,139,1016,0,613,785,305,586,587,661,653,305,407
609,1023,0,396,1023,0,549,628,305,526,587,782,751,305,407
683,1023,0,461,1023,0,579,682,305,554,587,780,754,305,407
364,1023,0,204,1023,0,322,366,305,359,587,722,711,305,407
404,1023,0,155,1023,0,369,384,305,288,587,678,672,305,407
490,1023,0,305,1023,0,405,386,305,405,587,709,682,305,407
432,1023,0,187,1023,0,587,732,305,560,587,709,688,305,407
526,1023,0,299,1023,0,514,595,305,490,587,752,742,305,407
710,1023,0,330,1023,0,439,460,305,420,587,775,747,305,407
334,1023,0,180,1023,0,384,395,305,402,587,794,774,305,407
459,1023,0,346,1023,0,746,954,306,738,587,782,764,305,407
383,1023,0,194,1023,0,710,912,305,698,588,725,716,305,407
454,1023,0,324,1023,0,652,826,305,627,588,782,764,305,407
260,1023,0,163,1023,0,392,411,305,380,588,630,624,305,407
355,1023,0,232,1023,0,513,623,305,491,588,712,704,305,407
302,1023,0,179,1023,0,706,909,305,692,588,716,708,305,407
416,1023,0,276,1023,0,552,685,305,527,588,745,729,305,407
412,1023,0,136,857,0,576,714,305,549,588,702,693,305,407
337,1023,0,233,1023,0,586,742,305,555,588,707,694,305,407
338,1023,0,204,1023,0,352,395,305,415,588,709,695,305,407
363,1023,0,160,1023,0,600,761,305,574,588,710,697,305,407
374,1023,0,353,1023,0,446,444,305,483,588,843,829,305,407
708,1023,0,342,1023,0,477,497,305,468,588,759,749,305,407
342,1023,0,190,1023,0,615,783,305,591,588,703,698,305,407
437,1023,0,298,1023,0,549,674,305,522,588,747,732,305,407
367,1023,0,284,1023,0,515,611,305,489,588,698,685,305,407
491,1023,0,222,1023,0,646,825,305,622,588,746,735,305,407
447,1023,0,355,1023,0,611,758,305,587,588,747,719,305,407
552,1023,0,389,1023,0,626,774,305,602,588,730,703,305,407
322,1023,0,114,808,0,506,615,305,477,588,710,689,305,407
327,1023,0,141,1013,0,570,725,305,542,588,699,695,305,407
799,1023,0,506,1023,0,688,838,305,674,588,805,777,305,407
294,1023,0,182,1023,0,533,619,305,515,588,683,667,305,407
599,1023,0,303,1023,0,632,786,305,609,588,720,692,305,407
465,1023,0,354,1023,0,742,943,306,732,588,785,761,305,407
321,1023,0,156,1023,0,381,384,305,377,588,743,732,305,407
406,1023,0,268,1023,0,545,663,305,517,588,781,774,305,407
339,1023,0,191,1023,0,258,347,305,328,588,680,674,305,407
315,1023,0,211,1023,0,420,448,305,407,588,681,676,305,407
458,1023,0,155,886,0,505,592,305,476,588,729,720,305,407
796,1023,0,480,1023,0,839,1023,307,840,588,782,757,305,407
613,1023,0,607,1023,0,585,684,305,580,588,847,831,305,407
373,1023,0,185,1023,0,428,424,305,429,588,731,719,305,407
299,1023,0,185,1023,0,484,551,305,458,588,704,691,305,407
784,1023,0,559,1023,0,740,939,306,730,588,815,788,305,407
551,1023,0,576,1023,0,439,436,305,514,588,814,784,305,407
601,1023,0,472,1023,0,771,964,306,760,588,756,739,305,407
745,1023,0,406,1023,0,563,661,305,547,588,790,711,305,407
710,1023,0,496,1023,0,677,840,305,663,588,769,753,305,407
337,1023,0,158,1023,0,631,811,305,607,588,715,701,305,407
341,1023,0,189,1023,0,590,748,305,565,588,749,743,305,407
418,1023,0,237,1023,0,612,771,305,591,588,729,722,305,407
313,1023,0,163,1023,0,384,362,305,295,588,706,698,305,407
406,1023,0,208,1023,0,649,830,305,626,588,744,730,305,407
358,1023,0,141,960,0,527,652,305,502,588,697,687,305,407
416,1023,0,173,1023,0,682,869,305,667,588,732,724,305,407
542,1023,0,261,1023,0,419,409,305,390,588,708,683,305,407
510,1023,0,302,1023,0,404,397,305,408,588,731,721,305,407
350,1023,0,202,1023,0,565,706,305,537,588,711,695,305,407
425,1023,0,183,1023,0,536,670,305,508,588,739,731,305,407
446,1023,0,381,1023,0,626,781,305,598,588,760,744,305,407
491,1023,0,255,1023,0,450,439,305,430,588,732,723,305,407
351,1023,0,274,1023,0,433,422,305,447,588,729,720,305,407
297,1023,0,119,848,0,548,688,305,521,588,705,698,305,407
516,1023,0,321,1023,0,817,1023,306,815,589,782,769,305,407
376,1023,0,156,1023,0,629,805,305,602,589,699,693,305,407
254,1023,0,124,1007,0,370,368,305,361,589,420,415,305,407
453,1023,0,289,1023,0,593,743,305,570,589,759,745,305,413
530,1023,0,257,1023,0,686,854,305,674,589,732,712,305,413
374,1023,0,258,1023,0,451,508,305,415,589,737,724,305,413
450,1023,0,216,1023,0,606,762,305,580,589,734,717,305,413
650,1023,0,604,1023,0,695,875,305,680,589,830,813,305,413
448,1023,0,199,1023,0,426,397,305,405,589,703,687,305,413
275,1023,0,102,818,0,498,614,305,473,589,704,697,305,413
437,1023,0,192,1023,0,471,517,305,455,589,745,720,305,413
392,1023,0,265,1023,0,472,535,305,430,589,729,715,305,413
609,1023,0,466,1023,0,506,570,305,491,589,807,791,305,413
471,1023,0,247,1023,0,826,1023,306,824,589,707,686,305,413
527,1023,0,477,1023,0,799,1013,306,794,589,781,762,305,413
364,1023,0,209,1023,0,531,621,305,506,589,732,708,305,413
558,1023,0,176,997,0,387,393,305,370,589,713,646,305,413
366,1023,0,147,1023,0,528,657,305,502,589,714,707,305,413
440,1023,0,220,1023,0,682,871,305,668,589,747,725,305,413
376,1023,0,198,1023,0,506,597,305,482,589,744,732,305,413
349,1023,0,224,1023,0,463,500,305,444,589,713,700,305,413
338,1023,0,131,921,0,474,566,305,447,589,738,735,305,413
568,1023,0,404,1023,0,687,875,305,671,589,784,752,305,413
478,1023,0,274,1023,0,676,857,305,658,589,750,741,305,413
353,1023,0,203,1023,0,541,666,305,509,589,721,710,305,413
403,1023,0,198,1023,0,469,528,305,444,589,723,710,305,413
439,1023,0,191,1023,0,598,754,305,572,589,739,725,305,413
452,1023,0,459,1023,0,628,787,305,607,589,788,757,305,413
292,1023,0,96,713,0,526,644,305,499,589,680,673,305,413
341,1023,0,204,1023,0,642,820,305,622,589,740,724,305,413
388,1023,0,328,1023,0,678,867,305,663,589,743,724,305,413
424,1023,0,247,1023,0,771,990,306,764,589,755,742,305,413
730,1023,0,496,1023,0,609,732,305,585,589,827,753,305,413
263,1023,0,101,783,0,472,562,305,440,589,673,667,305,413
450,1023,0,168,1023,0,746,950,306,735,589,722,708,305,413
281,1023,0,122,950,0,381,367,305,376,589,661,649,305,413
442,1023,0,186,1023,0,719,916,305,709,589,722,714,305,413
442,1023,0,175,1023,0,639,807,305,622,589,702,691,305,413
522,1023,0,259,1023,0,630,792,305,605,589,726,712,305,413
560,1023,0,332,1023,0,643,796,305,618,589,750,733,305,413
426,1023,0,332,1023,0,395,398,305,395,589,740,720,305,413
471,1023,0,315,1023,0,653,826,305,651,589,774,750,305,413
344,1023,0,117,827,0,332,349,305,281,589,669,653,305,413
345,1023,0,123,938,0,600,768,305,572,589,682,664,305,413
400,1023,0,151,1011,0,606,766,305,578,589,729,713,305,413
360,1023,0,217,1023,0,481,569,305,458,589,719,710,305,413
256,1023,0,177,1023,0,442,476,305,408,590,675,669,305,413
346,1023,0,155,1023,0,427,445,305,384,590,687,680,305,413
470,1023,0,213,1023,0,638,794,305,615,590,752,741,305,413
684,1023,0,443,1023,0,810,1005,306,806,590,778,760,305,413
297,1023,0,177,1023,0,588,744,305,561,590,692,676,305,413
397,1023,0,243,1023,0,529,648,305,501,590,781,766,305,413
479,1023,0,233,1023,0,541,663,305,508,590,734,721,305,413
297,1023,0,173,1023,0,475,527,305,448,590,704,694,305,413
233,1023,0,104,802,0,429,496,305,384,590,699,695,305,413
522,1023,0,278,1023,0,686,859,305,670,590,730,713,305,413
300,1023,0,185,1023,0,357,366,305,312,590,661,675,305,413
507,1023,0,353,1023,0,646,828,305,621,590,775,764,305,413
429,1023,0,197,1023,0,590,752,305,564,590,754,739,305,413
505,1023,0,247,1023,0,603,743,305,577,590,759,748,305,413
385,1023,0,224,1023,0,454,469,305,442,590,710,700,305,413
237,1023,0,154,1023,0,500,618,305,473,590,445,429,305,413
512,1023,0,429,1023,0,367,388,305,388,590,771,743,305,413
578,1023,0,250,1023,0,794,1013,306,788,590,751,739,305,413
709,1023,0,532,1023,0,431,477,305,457,590,782,754,305,413
631,1023,0,240,1023,0,717,921,305,705,590,684,626,305,413
583,1023,0,385,1023,0,542,643,305,525,590,768,759,305,413
459,1023,0,349,1023,0,773,981,306,767,590,771,758,305,413
446,1023,0,233,1023,0,505,594,305,474,590,711,693,305,413
401,1023,0,187,1023,0,660,845,305,641,590,717,708,305,413
310,1023,0,116,876,0,632,815,305,606,590,667,657,305,413
504,1023,0,336,1023,0,623,777,305,601,590,760,744,305,413
338,1023,0,176,1023,0,707,908,305,694,590,727,706,305,413
453,1023,0,319,1023,0,514,580,305,498,590,759,747,305,413
797,1023,0,481,1023,0,716,884,305,704,590,821,770,305,413
330,1023,0,154,1023,0,654,830,305,633,590,750,716,305,419
763,1023,0,584,1023,0,461,469,305,456,590,829,785,305,419
451,1023,0,209,1023,0,452,465,305,432,590,670,643,305,419
526,1023,0,352,1023,0,378,407,305,371,590,769,751,305,419
629,1023,0,442,1023,0,464,469,305,469,590,711,687,305,419
452,1023,0,272,1023,0,711,912,305,698,590,758,745,305,419
419,1023,0,230,1023,0,496,574,305,467,590,748,736,305,419
388,1023,0,189,1023,0,267,362,305,344,590,652,648,305,419
290,1023,0,137,1000,0,575,727,305,545,590,708,704,305,419
353,1023,0,166,1023,0,522,640,305,492,590,700,686,305,419
426,1023,0,252,1023,0,517,613,305,495,590,727,719,305,419
368,1023,0,172,1023,0,549,686,305,522,590,703,700,305,419
462,1023,0,453,1023,0,530,625,305,508,590,804,795,305,419
444,1023,0,292,1023,0,481,559,305,461,590,776,760,305,419
348,1023,0,224,1023,0,613,780,305,590,590,475,423,305,419
542,1023,0,233,1023,0,397,400,305,385,590,743,732,305,419
527,1023,0,257,1023,0,671,842,305,656,590,732,713,305,419
244,1023,0,88,741,0,517,646,305,480,590,421,406,305,419
569,1023,0,408,1023,0,450,473,305,440,591,743,729,305,419
327,1023,0,200,1023,0,587,743,305,554,591,707,696,305,419
336,1023,0,167,1023,0,498,593,305,474,591,759,748,305,419
362,1023,0,132,959,0,488,577,305,458,591,676,663,305,419
653,1023,0,372,1023,0,821,1023,306,818,591,802,782,305,419
459,1023,0,395,1023,0,695,883,305,682,591,782,770,305,419
312,1023,0,141,1023,0,632,808,305,606,591,710,708,305,419
559,1023,0,384,1023,0,851,1023,306,852,591,760,746,305,419
540,1023,0,356,1023,0,549,659,305,523,591,772,749,305,419
304,1023,0,98,699,0,542,686,305,504,591,700,699,305,419
351,1023,0,152,1023,0,501,599,305,472,591,706,696,305,419
419,1023,0,259,1023,0,591,741,305,563,591,698,685,305,419
430,1023,0,207,1023,0,668,855,305,644,591,706,696,305,419
496,1023,0,325,1023,0,523,603,305,503,591,776,752,305,419
643,1023,0,408,1023,0,839,1023,306,839,591,810,776,305,419
471,1023,0,457,1023,0,436,411,305,441,591,759,735,305,419
353,1023,0,177,1023,0,538,665,305,510,591,701,685,305,419
366,1023,0,178,1023,0,522,623,305,493,591,714,706,305,419
356,1023,0,242,1023,0,571,705,305,548,591,710,701,305,419
642,1023,0,318,1023,0,535,610,305,504,591,788,757,305,419
579,1023,0,517,1023,0,746,940,306,735,591,786,770,305,419
367,1023,0,185,1023,0,813,1023,306,810,591,730,711,305,419
531,1023,0,399,1023,0,423,419,305,413,591,778,765,305,419
466,1023,0,409,1023,0,398,416,305,413,591,745,720,305,419
326,1023,0,202,1023,0,536,660,305,509,591,729,716,305,419
504,1023,0,312,1023,0,445,451,305,440,591,730,708,305,419
389,1023,0,218,1023,0,472,514,305,449,591,696,691,305,419
563,1023,0,546,1023,0,403,397,305,397,591,747,730,305,419
311,1023,0,154,1023,0,444,489,305,412,591,685,677,305,419
414,1023,0,268,1023,0,396,381,305,399,591,730,719,305,419
358,1023,0,288,1023,0,758,968,306,751,591,774,764,305,419
367,1023,0,455,1023,0,391,384,305,412,591,506,457,305,419
439,1023,0,259,1023,0,513,591,305,486,591,743,731,305,419
362,1023,0,187,1023,0,713,921,305,699,591,728,721,305,419
632,1023,0,599,1023,0,577,688,305,564,591,804,782,305,419
319,1023,0,198,1023,0,405,418,305,415,591,648,638,305,419
361,1023,0,228,1023,0,485,543,305,456,591,721,710,305,419
659,1023,0,661,1023,0,848,1023,306,847,591,800,782,305,419
264,1023,0,102,819,0,500,605,305,473,591,676,669,305,419
745,1023,0,649,1023,0,589,714,305,569,591,783,760,305,419
436,1023,0,213,1023,0,594,740,305,567,591,743,725,305,419
470,1023,0,311,1023,0,341,382,305,333,591,751,742,305,419
528,1023,0,212,1023,0,654,821,305,631,591,742,726,305,419
403,1023,0,374,1023,0,479,538,305,456,592,761,748,305,419
544,1023,0,346,1023,0,659,832,305,645,592,756,738,305,419
377,1023,0,185,1023,0,718,926,306,705,592,721,703,305,419
445,1023,0,264,1023,0,556,686,305,532,592,732,724,305,419
382,1023,0,192,1023,0,277,351,305,301,592,704,701,305,425
356,1023,0,263,1023,0,467,611,305,464,592,760,747,305,425
592,1023,0,524,1023,0,629,767,305,611,592,784,748,305,425
471,1023,0,191,1023,0,527,621,305,499,592,736,720,305,425
306,1023,0,159,1023,0,669,866,305,651,592,735,728,305,425
559,1023,0,336,1023,0,387,408,305,386,592,762,750,305,425
287,1023,0,154,1023,0,578,734,305,551,592,735,729,305,425
408,1023,0,283,1023,0,540,656,305,515,592,718,703,305,425
666,1023,0,711,1023,0,896,1023,307,902,592,786,753,305,425
570,1023,0,289,1023,0,799,1012,306,795,592,746,737,305,425
384,1023,0,230,1023,0,561,687,305,534,592,733,723,305,425
309,1023,0,149,1023,0,264,340,305,309,592,672,668,305,425
341,1023,0,165,1023,0,622,795,305,601,592,675,658,305,425
436,1023,0,317,1023,0,400,385,305,407,592,730,720,305,425
354,1023,0,200,1023,0,531,648,305,501,592,655,647,305,425
598,1023,0,413,1023,0,430,421,305,420,592,730,706,305,425
607,1023,0,368,1023,0,738,933,306,728,592,716,700,305,425
440,1023,0,226,1023,0,627,786,305,602,592,766,743,305,425
754,1023,0,445,1023,0,558,648,305,534,592,783,761,305,425
348,1023,0,217,1023,0,549,681,305,516,592,753,746,305,425
458,1023,0,518,1023,0,514,597,305,493,592,725,732,305,425
330,1023,0,190,1023,0,486,553,305,456,592,649,643,305,425
417,1023,0,218,1023,0,360,384,305,363,592,709,698,305,425
214,1023,0,178,1023,0,400,415,305,378,592,396,396,305,425
404,1023,0,161,1023,0,631,805,305,606,592,736,729,305,425
274,1023,0,142,1023,0,500,603,305,462,592,702,698,305,425
318,1023,0,188,1023,0,555,695,305,524,592,705,691,305,425
324,1023,0,146,1023,0,460,524,305,440,592,688,682,305,425
569,1023,0,235,1023,0,675,847,305,653,592,775,762,305,425
603,1023,0,485,1023,0,429,453,305,443,592,811,790,305,425
400,1023,0,197,1023,0,514,624,305,488,592,717,707,305,425
687,1023,0,571,1023,0,494,492,305,480,592,810,777,305,425
421,1023,0,134,884,0,382,376,305,399,592,654,616,305,425
524,1023,0,248,1023,0,669,840,305,656,592,750,739,305,425
360,1023,0,271,1023,0,596,750,305,568,592,715,703,305,425
416,1023,0,138,893,0,648,825,305,624,592,719,708,305,425
326,1023,0,156,1023,0,648,837,305,621,592,698,693,305,425
407,1023,0,256,1023,0,500,563,305,476,592,740,730,305,425
282,1023,0,139,1020,0,326,355,305,377,592,667,659,305,425
433,1023,0,193,1023,0,528,632,305,502,592,712,700,305,425
316,1023,0,148,1023,0,514,631,305,486,592,632,619,305,425
443,1023,0,178,1023,0,510,598,305,484,592,723,715,305,425
566,1023,0,277,1023,0,501,565,305,488,592,746,729,305,425
369,1023,0,135,996,0,473,542,305,442,592,709,696,305,425
364,1023,0,177,1023,0,347,345,305,363,593,662,659,305,425
383,1023,0,209,1023,0,556,697,305,529,593,702,692,305,425
289,1023,0,104,780,0,729,948,306,717,593,713,681,305,425
615,1023,0,527,1023,0,556,654,305,537,593,758,731,305,425
741,1023,0,448,1023,0,667,848,305,652,593,818,771,305,425
522,1023,0,412,1023,0,370,405,305,406,593,757,733,305,425
319,1023,0,241,1023,0,584,739,305,560,593,728,717,305,425
454,1023,0,185,991,0,716,918,305,703,593,749,712,305,425
655,1023,0,359,1023,0,880,1023,307,884,593,788,743,305,425
316,1023,0,90,670,0,344,364,305,342,593,432,414,305,425
438,1023,0,307,1023,0,526,636,305,499,593,735,720,305,425
312,1023,0,179,1023,0,504,616,305,476,593,706,699,305,425
381,1023,0,138,932,0,750,966,306,740,593,707,692,305,425
810,1023,0,524,1023,0,561,670,305,541,593,802,727,305,425
477,1023,0,368,1023,0,603,748,305,586,593,776,760,305,425
287,1023,0,203,1023,0,286,350,305,338,593,638,621,305,425
452,1023,0,301,1023,0,532,641,305,514,593,735,715,305,425
426,1023,0,334,1023,0,587,734,305,563,593,738,731,305,425
509,1023,0,451,1023,0,472,410,305,533,593,802,783,305,425
440,1023,0,321,1023,0,591,738,305,567,593,780,752,305,425
571,1023,0,340,1023,0,552,657,305,529,593,745,731,305,425
367,1023,0,162,1023,0,455,512,305,425,593,723,718,305,425
448,1023,0,332,1023,0,474,515,305,455,593,742,733,305,425
352,1023,0,201,1023,0,347,378,305,335,593,689,681,305,425
332,1023,0,135,915,0,605,776,305,580,593,718,715,305,425
692,1023,0,429,1023,0,904,1023,307,911,593,826,786,305,425
719,1023,0,442,1023,0,574,674,305,551,593,768,744,305,425
555,1023,0,237,1023,0,646,807,305,622,593,750,738,305,425
452,1023,0,336,1023,0,637,802,305,611,593,754,730,305,425
351,1023,0,472,1023,0,677,865,305,655,593,745,729,305,425
563,1023,0,402,1023,0,401,423,305,430,593,787,769,305,425
377,1023,0,245,1023,0,621,793,305,595,593,726,719,305,425
292,1023,0,185,1023,0,421,407,305,420,593,677,666,305,425
302,1023,0,123,909,0,609,781,305,584,593,689,683,305,425
542,1023,0,464,1023,0,733,924,306,721,593,808,792,305,425
354,1023,0,231,1023,0,460,450,305,424,593,657,650,305,425
382,1023,0,418,1023,0,413,413,305,423,593,782,771,305,431
274,1023,0,133,934,0,721,935,306,711,593,701,678,305,431
510,1023,0,520,1023,0,697,877,305,684,593,788,756,305,431
402,1023,0,225,1023,0,622,789,305,596,593,752,732,305,431
328,1023,0,261,1023,0,507,576,305,489,594,724,706,305,431
601,1023,0,355,1023,0,487,540,305,473,594,779,757,305,431
338,1023,0,171,1023,0,541,672,305,512,594,665,661,305,431
473,1023,0,208,1023,0,706,902,305,692,594,748,743,305,431
399,1023,0,138,975,0,608,773,305,580,594,729,725,305,431
618,1023,0,414,1023,0,736,920,306,727,594,767,742,305,431
409,1023,0,214,1023,0,565,700,305,536,594,718,709,305,431
403,1023,0,245,1023,0,480,442,305,490,594,746,734,305,431
333,1023,0,261,1023,0,561,695,305,532,594,726,694,305,431
431,1023,0,257,1023,0,491,546,305,479,594,735,720,305,431
346,1023,0,200,1023,0,299,362,305,274,594,660,651,305,431
283,1023,0,231,1023,0,440,416,305,431,594,739,729,305,431
476,1023,0,360,1023,0,625,783,305,606,594,741,727,305,431
518,1023,0,589,1023,0,766,960,306,760,594,778,763,305,431
463,1023,0,198,1023,0,562,691,305,536,594,738,728,305,431
362,1023,0,222,1023,0,610,777,305,583,594,717,701,305,431
423,1023,0,310,1023,0,548,668,305,523,594,741,726,305,431
415,1023,0,143,944,0,643,820,305,621,594,720,712,305,431
348,1023,0,142,989,0,541,664,305,510,594,690,679,305,431
521,1023,0,380,1023,0,607,766,305,580,594,736,717,305,431
458,1023,0,204,1023,0,756,967,306,748,594,737,728,305,431
500,1023,0,212,1023,0,574,705,305,545,594,757,744,305,431
349,1023,0,146,996,0,603,764,305,582,594,702,687,305,431
366,1023,0,160,1023,0,468,535,305,436,594,675,669,305,431
445,1023,0,214,1023,0,697,886,305,684,594,744,733,305,431
399,1023,0,183,1023,0,377,362,305,328,594,708,702,305,431
682,1023,0,402,1023,0,583,702,305,559,594,778,762,305,431
439,1023,0,287,1023,0,537,638,305,515,594,738,723,305,431
357,1023,0,273,1023,0,515,620,305,480,594,734,720,305,431
341,1023,0,142,1023,0,478,565,305,453,594,713,705,305,431
490,1023,0,337,1023,0,562,696,305,542,594,712,702,305,431
482,1023,0,249,1023,0,528,644,305,501,594,772,758,305,431
492,1023,0,250,1023,0,541,641,305,518,594,746,738,305,431
341,1023,0,155,1023,0,598,764,305,571,594,707,704,305,431
375,1023,0,212,1023,0,794,1016,306,789,594,756,741,305,431
369,1023,0,100,766,0,387,363,305,387,594,664,635,305,431
284,1023,0,165,1023,0,616,792,305,591,594,704,700,305,431
394,1023,0,184,1023,0,579,722,305,552,594,782,763,305,431
387,1023,0,176,1023,0,560,701,305,531,594,708,701,305,431
413,1023,0,374,1023,0,781,1002,306,774,594,784,773,305,431
418,1023,0,172,1023,0,394,400,305,401,594,684,675,305,431
560,1023,0,265,1023,0,691,885,305,677,594,799,769,305,431
373,1023,0,246,1023,0,486,543,305,455,595,716,703,305,431
393,1023,0,300,1023,0,598,757,305,574,595,731,724,305,431
450,1023,0,272,1023,0,403,412,305,414,595,753,742,305,431
681,1023,0,654,1023,0,421,426,305,441,595,763,739,305,431
330,1023,0,136,928,0,581,735,305,551,595,687,680,305,431
531,1023,0,554,1023,0,516,592,305,489,595,749,736,305,431
446,1023,0,236,1023,0,494,565,305,471,595,754,734,305,431
356,1023,0,243,1023,0,543,674,305,520,595,730,723,305,431
360,1023,0,222,1023,0,414,430,305,402,595,732,723,305,431
543,1023,0,300,1023,0,631,811,305,604,595,706,679,305,431
749,1023,0,428,1023,0,588,695,305,570,595,796,761,305,431
756,1023,0,657,1023,0,803,1023,306,798,595,819,780,305,431
265,1023,0,163,1023,0,512,627,305,486,595,692,655,305,431
353,1023,0,155,1023,0,322,354,305,329,595,686,678,305,431
378,1023,0,199,1023,0,515,628,305,489,595,700,684,305,431
389,1023,0,240,1023,0,380,379,305,385,595,722,713,305,431
411,1023,0,232,1023,0,680,866,305,667,595,732,720,305,431
541,1023,0,436,1023,0,581,709,305,560,595,767,757,305,431
296,1023,0,176,1023,0,572,725,305,546,595,732,722,305,431
672,1023,0,503,1023,0,502,555,305,489,595,814,779,305,431
315,1023,0,141,1023,0,743,964,306,732,595,704,696,305,431
381,1023,0,256,1023,0,639,815,305,623,595,736,720,305,431
379,1023,0,232,1023,0,444,427,305,435,595,717,701,305,431
343,1023,0,166,1023,0,591,750,305,564,595,703,696,305,431
367,1023,0,240,1023,0,498,579,305,479,595,682,673,305,431
405,1023,0,237,1023,0,382,373,305,362,595,737,726,305,431
430,1023,0,280,1023,0,429,429,305,431,595,705,692,305,431
441,1023,0,151,907,0,645,821,305,620,595,727,722,305,431
457,1023,0,314,1023,0,490,571,305,464,595,744,735,305,431
402,1023,0,124,902,0,407,408,305,416,595,687,679,305,431
362,1023,0,159,1023,0,710,911,305,700,595,735,725,305,431
466,1023,0,292,1023,0,613,765,305,589,595,753,715,305,431
703,1023,0,528,1023,0,795,1023,306,789,595,811,753,305,431
556,1023,0,629,1023,0,779,994,306,773,595,794,783,305,431
565,1023,0,575,1023,0,415,472,305,447,595,767,738,305,431
428,1023,0,240,1023,0,667,854,305,646,595,728,715,305,431
613,1023,0,454,1023,0,388,392,305,405,595,786,765,305,431
330,1023,0,98,762,0,406,381,305,387,595,591,574,305,431
403,1023,0,192,1023,0,667,857,305,648,595,736,720,305,431
523,1023,0,324,1023,0,491,531,305,461,595,759,722,305,431
393,1023,0,177,1023,0,658,829,305,640,595,756,747,305,431
299,1023,0,197,1023,0,389,381,305,312,595,678,670,305,431
457,1023,0,268,1023,0,427,433,305,413,595,723,697,305,431
292,1023,0,125,933,0,546,687,305,518,595,701,695,305,431
600,1023,0,497,1023,0,622,778,305,599,595,794,781,305,436
477,1023,0,213,1023,0,625,790,305,601,595,685,675,305,436
722,1023,0,472,1023,0,422,422,305,427,595,774,753,305,436
327,1023,0,115,801,0,473,550,305,434,595,667,656,305,436
384,1023,0,181,1023,0,359,373,305,382,595,711,692,305,436
365,1023,0,239,1023,0,381,381,305,388,595,734,699,305,436
446,1023,0,303,1023,0,759,964,306,750,595,763,736,305,436
277,1023,0,165,1023,0,546,694,305,512,595,692,687,305,436
343,1023,0,246,1023,0,498,567,305,477,595,721,703,305,436
344,1023,0,277,1023,0,605,762,305,582,595,748,738,305,436
257,1023,0,159,1023,0,441,410,305,438,595,589,583,305,436
344,1023,0,146,1023,0,419,403,305,398,596,695,681,305,436
335,1023,0,242,1023,0,514,612,305,480,596,729,720,305,436
302,1023,0,151,1023,0,438,471,305,409,596,659,654,305,436
507,1023,0,342,1023,0,563,693,305,536,596,761,751,305,436
306,1023,0,100,562,0,519,629,305,485,596,439,405,305,436
299,1023,0,142,1023,0,402,387,305,397,596,705,692,305,436
305,1023,0,172,1023,0,562,711,305,528,596,709,699,305,436
645,1023,0,450,1023,0,613,757,305,588,596,785,769,305,436
321,1023,0,139,984,0,612,778,305,586,596,727,720,305,436
710,1023,0,591,1023,0,457,460,305,436,596,805,786,305,436
334,1023,0,129,970,0,544,682,305,512,596,738,729,305,436
505,1023,0,334,1023,0,453,457,305,452,596,767,739,305,436
358,1023,0,154,1023,0,749,965,306,740,596,681,670,305,436
270,1023,0,161,1023,0,533,673,305,498,596,694,704,305,436
348,1023,0,172,1023,0,472,531,305,444,596,716,710,305,436
436,1023,0,207,1023,0,475,518,305,445,596,699,681,305,436
391,1023,0,287,1023,0,378,388,305,390,596,737,724,305,436
550,1023,0,395,1023,0,694,878,305,674,596,788,773,305,436
365,1023,0,311,1023,0,458,498,305,423,596,720,707,305,436
630,1023,0,617,1023,0,598,712,305,580,596,784,753,305,436
390,1023,0,278,1023,0,522,611,305,497,596,745,738,305,436
322,1023,0,165,1023,0,399,403,305,396,596,712,697,305,436
341,1023,0,190,1023,0,492,573,305,471,596,709,699,305,436
345,1023,0,181,1023,0,363,393,305,365,596,723,701,305,436
364,1023,0,157,1023,0,548,685,305,516,596,725,719,305,436
414,1023,0,323,1023,0,390,410,305,401,596,726,711,305,436
464,1023,0,248,1023,0,426,421,305,391,596,753,743,305,436
411,1023,0,282,1023,0,525,633,305,499,596,719,699,305,436
459,1023,0,255,1023,0,435,425,305,415,596,722,710,305,436
333,1023,0,156,1023,0,614,781,305,590,596,727,722,305,436
362,1023,0,211,1023,0,511,608,305,486,596,753,743,305,436
319,1023,0,236,1023,0,590,742,305,566,596,727,707,305,436
679,1023,0,515,1023,0,548,643,305,533,596,794,782,305,436
659,1023,0,530,1023,0,745,940,306,736,596,811,786,305,436
338,1023,0,262,1023,0,717,922,306,705,596,681,656,305,436
377,1023,0,139,950,0,521,634,305,487,596,703,687,305,436
581,1023,0,342,1023,0,660,833,305,636,596,765,754,305,436
381,1023,0,310,1023,0,735,946,306,723,596,725,709,305,436
410,1023,0,190,1023,0,541,652,305,516,596,746,733,305,436
484,1023,0,261,1023,0,585,709,305,556,597,741,714,305,436
658,1023,0,556,1023,0,647,799,305,625,597,796,776,305,436
432,1023,0,301,1023,0,388,394,305,378,597,731,726,305,436
628,1023,0,396,1023,0,439,423,305,440,597,767,745,305,436
364,1023,0,158,1023,0,415,371,305,400,597,670,656,305,436
411,1023,0,277,1023,0,573,707,305,554,597,730,718,305,436
293,1023,0,176,1023,0,514,627,305,487,597,688,677,305,436
287,1023,0,99,784,0,731,956,306,721,597,649,643,305,436
328,1023,0,188,1023,0,581,736,305,552,597,705,698,305,436
683,1023,0,425,1023,0,762,955,306,753,597,795,778,305,436
340,1023,0,292,1023,0,673,866,305,657,597,732,722,305,436
370,1023,0,189,1023,0,581,731,305,553,597,749,732,305,436
524,1023,0,511,1023,0,679,855,305,663,597,729,715,305,436
420,1023,0,247,1023,0,387,404,305,393,597,704,683,305,436
472,1023,0,270,1023,0,437,414,305,424,597,729,709,305,436
522,1023,0,252,1023,0,654,807,305,631,597,757,738,305,436
503,1023,0,323,1023,0,607,750,305,585,597,719,698,305,436
391,1023,0,257,1023,0,450,455,305,433,597,704,695,305,436
447,1023,0,529,1023,0,545,654,305,520,597,786,767,305,436
400,1023,0,242,1023,0,420,387,305,412,597,703,688,305,436
516,1023,0,324,1023,0,641,805,305,616,597,523,460,305,436
320,1023,0,142,1023,0,618,794,305,593,597,687,677,305,436
416,1023,0,226,1023,0,421,418,305,416,597,750,732,305,436
272,1023,0,101,833,0,743,972,306,734,597,640,629,305,436
270,1023,0,154,1023,0,454,495,305,422,597,684,678,305,442
326,1023,0,165,1023,0,558,704,305,527,597,660,655,305,442
402,1023,0,182,1023,0,479,567,305,459,597,760,744,305,442
498,1023,0,277,1023,0,673,842,305,654,597,748,728,305,442
453,1023,0,300,1023,0,664,805,305,662,597,841,754,305,442
442,1023,0,249,1023,0,542,661,305,521,597,745,736,305,442
337,1023,0,284,1023,0,433,423,305,409,597,692,682,305,442
355,1023,0,237,1023,0,655,839,305,635,597,730,719,305,442
270,1023,0,98,789,0,501,609,305,473,597,443,424,305,442
501,1023,0,610,1023,0,454,459,305,447,597,787,774,305,442
406,1023,0,271,1023,0,419,391,305,415,597,693,685,305,442
410,1023,0,262,1023,0,383,372,305,412,597,738,722,305,442
404,1023,0,148,1023,0,528,647,305,496,597,744,735,305,442
310,1023,0,136,1000,0,485,565,305,451,597,682,677,305,442
373,1023,0,270,1023,0,637,811,305,618,597,746,727,305,442
358,1023,0,228,1023,0,696,891,305,684,597,735,733,305,442
474,1023,0,357,1023,0,714,912,305,703,597,706,688,305,442
333,1023,0,161,1023,0,350,379,305,334,597,705,689,305,442
437,1023,0,230,1023,0,536,661,305,501,597,756,744,305,442
595,1023,0,252,1023,0,457,430,305,451,597,729,694,305,442
510,1023,0,225,1023,0,380,355,305,397,597,734,719,305,442
321,1023,0,263,1023,0,570,711,305,545,597,738,730,305,442
539,1023,0,361,1023,0,669,855,305,654,597,730,697,305,442
411,1023,0,127,749,0,541,663,305,511,597,743,734,305,442
320,1023,0,203,1023,0,312,362,305,341,598,683,668,305,442
551,1023,0,215,1023,0,797,1014,306,792,598,761,747,305,442
600,1023,0,334,1023,0,537,610,305,516,598,750,718,305,442
527,1023,0,506,1023,0,707,890,305,694,598,776,758,305,442
449,1023,0,240,1023,0,408,379,305,405,598,699,684,305,442
457,1023,0,292,1023,0,382,385,305,368,598,708,693,305,442
380,1023,0,244,1023,0,627,802,305,600,598,742,735,305,442
422,1023,0,339,1023,0,718,918,305,707,598,738,705,305,442
222,1023,0,174,1023,0,645,833,305,622,598,683,681,305,442
271,1023,0,116,937,0,384,375,305,392,598,674,672,305,442
220,1023,0,139,1023,0,521,653,305,488,598,730,725,305,442
322,1023,0,140,1023,0,570,730,305,537,598,666,662,305,442
396,1023,0,268,1023,0,422,386,305,422,598,715,696,305,442
445,1023,0,242,1023,0,229,357,305,294,598,733,728,305,442
269,1023,0,101,787,0,518,640,305,489,598,699,690,305,442
380,1023,0,179,1023,0,729,934,306,717,598,722,708,305,442
692,1023,0,479,1023,0,463,472,305,456,598,757,739,305,442
408,1023,0,253,1023,0,377,366,305,361,598,707,701,305,442
407,1023,0,295,1023,0,831,1023,306,830,598,739,729,305,442
411,1023,0,222,1023,0,553,689,305,527,598,719,710,305,442
556,1023,0,254,1023,0,587,712,305,559,598,783,744,305,442
497,1023,0,330,1023,0,472,493,305,456,598,760,745,305,442
305,1023,0,161,1023,0,681,878,305,667,598,729,725,305,442
321,1023,0,177,1023,0,394,378,305,379,598,656,652,305,442
794,1023,0,633,1023,0,822,1023,306,821,598,800,777,305,442
414,1023,0,215,1023,0,746,951,306,735,598,721,710,305,442
453,1023,0,286,1023,0,441,438,305,461,598,721,708,305,442
316,1023,0,86,630,0,478,533,305,443,598,634,626,305,442
509,1023,0,362,1023,0,860,1023,306,862,598,759,746,305,442
614,1023,0,300,1023,0,605,743,305,584,598,751,740,305,442
685,1023,0,367,1023,0,532,589,305,515,598,810,767,305,442
619,1023,0,531,1023,0,409,415,305,402,598,758,745,305,442
512,1023,0,271,1023,0,363,393,305,396,598,710,695,305,442
488,1023,0,290,1023,0,574,714,305,548,598,780,771,305,442
404,1023,0,156,901,0,573,716,305,545,598,713,698,305,442
386,1023,0,200,1023,0,741,954,306,731,598,723,732,305,442
350,1023,0,201,1023,0,700,900,305,686,598,702,693,305,442
316,1023,0,138,981,0,778,1008,306,772,598,743,741,305,442
394,1023,0,208,1023,0,462,502,305,438,598,738,717,305,442
263,1023,0,153,1023,0,446,505,305,414,598,673,658,305,442
619,1023,0,393,1023,0,704,894,305,684,598,785,768,305,442
450,1023,0,171,996,0,363,354,305,376,598,666,651,305,442
480,1023,0,529,1023,0,773,988,306,764,598,794,776,305,442
457,1023,0,242,1023,0,459,482,305,428,598,723,710,305,442
601,1023,0,419,1023,0,758,949,306,750,598,774,771,305,448
354,1023,0,179,1023,0,566,707,305,538,598,729,712,305,448
579,1023,0,364,1023,0,652,806,305,628,599,768,746,305,448
408,1023,0,169,1023,0,553,681,305,529,599,725,712,305,448
449,1023,0,242,1023,0,559,679,305,538,599,744,734,305,448
441,1023,0,229,1023,0,627,789,305,601,599,473,439,305,448
323,1023,0,184,1023,0,378,401,305,360,599,688,680,305,448
526,1023,0,479,1023,0,434,432,305,442,599,755,739,305,448
272,1023,0,128,1023,0,406,402,305,412,599,664,653,305,448
489,1023,0,314,1023,0,592,742,305,564,599,717,701,305,448
257,1023,0,168,1023,0,504,575,305,483,599,635,626,305,448
272,1023,0,120,913,0,595,766,305,567,599,716,712,305,448
700,1023,0,380,1023,0,547,659,305,528,599,776,702,305,448
392,1023,0,162,1023,0,624,795,305,598,599,735,720,305,448
465,1023,0,194,1023,0,562,699,305,537,599,748,736,305,448
348,1023,0,131,850,0,593,750,305,568,599,691,681,305,448
312,1023,0,119,953,0,609,782,305,581,599,668,662,305,448
670,1023,0,299,1023,0,519,595,305,498,599,754,731,305,448
396,1023,0,248,1023,0,481,519,305,454,599,750,742,305,448
407,1023,0,197,1023,0,434,462,305,409,599,727,720,305,448
365,1023,0,241,1023,0,590,746,305,560,599,696,676,305,448
390,1023,0,334,1023,0,418,412,305,411,599,699,690,305,448
504,1023,0,335,1023,0,738,932,306,728,599,748,741,305,448
331,1023,0,132,930,0,454,522,305,422,599,712,704,305,448
753,1023,0,578,1023,0,637,797,305,616,599,800,747,305,448
476,1023,0,385,1023,0,564,687,305,542,599,771,753,305,448
319,1023,0,167,1023,0,664,855,305,645,599,716,707,305,448
321,1023,0,183,1023,0,290,358,305,320,599,722,717,305,448
701,1023,0,560,1023,0,646,803,305,629,599,790,769,305,448
424,1023,0,209,1023,0,540,662,305,507,599,746,722,305,448
346,1023,0,215,1023,0,402,378,305,374,599,708,701,305,448
341,1023,0,155,1023,0,488,589,305,450,599,657,632,305,448
335,1023,0,143,1023,0,404,372,305,372,599,677,671,305,448
552,1023,0,481,1023,0,778,973,306,772,599,776,755,305,448
417,1023,0,283,1023,0,665,851,305,649,599,756,749,305,448
286,1023,0,179,1023,0,452,430,305,452,599,766,762,305,448
501,1023,0,288,1023,0,593,732,305,568,599,742,730,305,448
325,1023,0,186,1023,0,569,716,305,546,599,763,752,305,448
418,1023,0,263,1023,0,606,755,305,586,599,732,706,305,448
378,1023,0,178,1023,0,593,748,305,566,599,726,717,305,448
340,1023,0,181,1023,0,606,778,305,580,599,733,725,305,448
557,1023,0,301,1023,0,665,825,305,647,599,766,751,305,448
616,1023,0,373,1023,0,546,672,305,525,599,791,778,305,448
387,1023,0,236,1023,0,468,515,305,449,599,736,718,305,448
217,1023,0,217,1023,0,446,458,305,473,599,548,494,305,448
284,1023,0,159,1023,0,640,826,305,615,599,716,707,305,448
614,1023,0,372,1023,0,481,503,305,463,599,770,754,305,448
414,1023,0,188,1023,0,698,895,305,682,599,722,716,305,448
262,1023,0,104,775,0,549,699,305,522,599,677,670,305,448
544,1023,0,255,1023,0,603,739,305,582,599,796,772,305,448
258,1023,0,90,773,0,674,878,305,660,599,632,621,305,448
358,1023,0,185,1023,0,627,806,305,602,599,731,719,305,448
534,1023,0,265,1023,0,419,450,305,417,599,772,758,305,448
451,1023,0,220,1023,0,587,731,305,559,599,724,710,305,448
502,1023,0,368,1023,0,697,878,305,684,599,762,741,305,448
479,1023,0,373,1023,0,415,447,305,421,599,758,739,305,448
345,1023,0,140,1021,0,600,768,305,570,600,676,668,305,448
307,1023,0,119,871,0,559,708,305,529,600,700,694,305,448
401,1023,0,328,1023,0,390,382,305,402,600,722,712,305,448
313,1023,0,140,1023,0,386,383,305,377,600,714,700,305,448
312,1023,0,188,1023,0,350,360,305,351,600,434,422,305,448
339,1023,0,152,1023,0,230,343,305,269,600,703,684,305,448
550,1023,0,422,1023,0,862,1023,306,864,600,766,746,305,448
691,1023,0,391,1023,0,554,640,305,531,600,776,768,305,448
340,1023,0,164,1023,0,521,647,305,487,600,702,698,305,448
361,1023,0,177,1023,0,532,652,305,506,600,688,678,305,448
456,1023,0,254,1023,0,358,386,305,340,600,722,708,305,448
284,1023,0,140,1023,0,455,524,305,434,600,667,662,305,448
336,1023,0,204,1023,0,386,365,305,412,600,645,624,305,448
299,1023,0,295,1023,0,649,833,305,626,600,731,720,305,448
411,1023,0,335,1023,0,571,693,305,547,600,775,762,305,448
399,1023,0,147,956,0,422,419,305,406,600,709,699,305,448
379,1023,0,250,1023,0,615,782,305,587,600,714,702,305,448
448,1023,0,461,1023,0,605,757,305,580,600,818,805,305,448
346,1023,0,149,1023,0,593,752,305,570,600,714,699,305,448
326,1023,0,115,882,0,388,399,305,371,600,653,649,305,448
370,1023,0,174,1023,0,507,602,305,481,600,723,702,305,448
568,1023,0,328,1023,0,862,1023,306,863,600,758,738,305,448
278,1023,0,258,1023,0,424,404,305,404,600,714,710,305,448
331,1023,0,217,1023,0,509,518,305,507,600,728,706,305,448
548,1023,0,327,1023,0,812,1023,306,809,600,793,775,305,454
369,1023,0,167,1023,0,577,728,305,551,600,720,717,305,454
414,1023,0,371,1023,0,412,406,305,405,600,812,799,305,454
359,1023,0,189,1023,0,605,772,305,581,600,726,718,305,454
460,1023,0,579,1023,0,702,889,305,690,600,761,743,305,454
368,1023,0,226,1023,0,580,739,305,551,600,744,713,305,454
506,1023,0,325,1023,0,456,451,305,445,600,756,729,305,454
292,1023,0,124,992,0,468,529,305,440,600,721,716,305,454
374,1023,0,178,1023,0,331,361,305,290,600,708,698,305,454
499,1023,0,243,1023,0,649,830,305,625,600,730,724,305,454
566,1023,0,346,1023,0,482,519,305,466,600,784,759,305,454
400,1023,0,234,1023,0,363,373,305,387,600,714,699,305,454
399,1023,0,288,1023,0,477,461,305,453,600,759,750,305,454
344,1023,0,231,1023,0,512,615,305,483,600,736,724,305,454
467,1023,0,304,1023,0,502,589,305,472,600,759,745,305,454
420,1023,0,215,1023,0,475,546,305,450,600,717,702,305,454
327,1023,0,197,1023,0,544,687,305,512,600,706,697,305,454
621,1023,0,344,1023,0,401,423,305,429,600,769,751,305,454
404,1023,0,123,824,0,592,755,305,571,600,682,658,305,454
462,1023,0,303,1023,0,641,807,305,619,600,757,749,305,454
583,1023,0,273,1023,0,565,682,305,539,600,751,728,305,454
435,1023,0,318,1023,0,558,690,305,531,600,702,675,305,454
520,1023,0,247,1023,0,564,688,305,538,600,751,744,305,454
406,1023,0,246,1023,0,481,544,305,452,600,733,721,305,454
322,1023,0,123,947,0,336,362,305,373,600,645,639,305,454
401,1023,0,211,1023,0,374,373,305,382,600,697,689,305,454
424,1023,0,279,1023,0,395,387,305,399,600,771,760,305,454
524,1023,0,367,1023,0,525,603,305,506,600,782,772,305,454
347,1023,0,171,1023,0,473,540,305,460,600,698,679,305,454
373,1023,0,144,1023,0,438,508,305,417,600,698,687,305,454
459,1023,0,449,1023,0,485,532,305,467,600,719,697,305,454
505,1023,0,270,1023,0,553,657,305,521,600,732,708,305,454
642,1023,0,529,1023,0,659,820,305,644,601,760,715,305,454
331,1023,0,134,986,0,704,908,305,693,601,723,714,305,454
526,1023,0,435,1023,0,565,691,305,545,601,765,743,305,454
461,1023,0,241,1023,0,527,623,305,502,601,700,687,305,454
561,1023,0,305,1023,0,661,827,305,638,601,766,749,305,454
494,1023,0,222,1023,0,470,515,305,447,601,755,746,305,454
345,1023,0,243,1023,0,362,375,305,356,601,701,692,305,454
277,1023,0,136,1023,0,550,694,305,523,601,714,707,305,454
364,1023,0,226,1023,0,588,732,305,561,601,763,752,305,454
498,1023,0,281,1023,0,515,536,305,506,601,765,733,305,454
466,1023,0,148,842,0,595,726,305,577,601,721,703,305,454
623,1023,0,432,1023,0,805,1023,306,800,601,797,779,305,454
352,1023,0,130,972,0,476,517,305,451,601,702,693,305,454
350,1023,0,217,1023,0,525,645,305,490,601,719,710,305,454
564,1023,0,336,1023,0,667,815,305,650,601,734,717,305,454
561,1023,0,487,1023,0,728,923,306,719,601,780,764,305,454
342,1023,0,155,904,0,674,868,305,655,601,717,712,305,454
538,1023,0,466,1023,0,410,409,305,444,601,756,738,305,454
437,1023,0,270,1023,0,408,402,305,390,601,730,716,305,454
302,1023,0,166,1023,0,464,522,305,431,601,715,710,305,454
393,1023,0,205,1023,0,395,405,305,369,601,668,679,305,454
457,1023,0,405,1023,0,577,704,305,550,601,748,738,305,454
531,1023,0,268,1023,0,534,623,305,506,601,748,730,305,454
303,1015,0,157,421,0,706,851,305,697,601,765,732,305,454
404,1023,0,282,1023,0,584,720,305,564,601,726,718,305,454
336,1023,0,132,994,0,648,830,305,632,601,695,675,305,454
374,1023,0,176,1023,0,474,541,305,445,601,722,714,305,454
501,1023,0,406,1023,0,529,632,305,500,601,786,775,305,454
527,1023,0,322,1023,0,445,467,305,411,601,720,709,305,454
452,1023,0,275,1023,0,388,381,305,407,601,727,719,305,454
472,1023,0,254,1023,0,617,773,305,590,601,770,761,305,454
560,1023,0,421,1023,0,368,393,305,369,601,763,754,305,454
250,1023,0,308,1023,0,594,767,305,565,601,760,754,305,454
317,1023,0,166,1023,0,537,668,305,504,601,677,664,305,454
440,1023,0,253,1023,0,816,1023,306,813,601,758,739,305,454
373,1023,0,201,1023,0,360,362,305,339,601,700,688,305,454
426,1023,0,375,1023,0,562,686,305,540,601,775,765,305,454
360,1023,0,159,1023,0,474,529,305,434,601,698,691,305,454
443,1023,0,260,1023,0,290,372,305,380,601,714,708,305,454
502,1023,0,430,1023,0,700,886,305,684,601,755,727,305,454
405,1023,0,238,1023,0,715,923,306,702,601,736,730,305,454
326,1023,0,145,1023,0,342,357,305,345,602,676,668,305,454
381,1023,0,346,1023,0,604,770,305,581,602,752,741,305,454
385,1023,0,344,1023,0,441,448,305,461,602,815,801,305,460
380,1023,0,186,1023,0,759,973,306,751,602,712,696,305,460
389,1023,0,333,1023,0,364,386,305,366,602,752,743,305,460
399,1023,0,266,1023,0,546,669,305,524,602,705,685,305,460
296,1023,0,149,1023,0,395,435,305,389,602,671,665,305,460
561,1023,0,476,1023,0,402,421,305,403,602,766,756,305,460
593,1023,0,402,1023,0,549,621,305,526,602,757,704,305,460
460,1023,0,224,1023,0,543,658,305,514,602,726,727,305,460
453,1023,0,359,1023,0,772,975,306,765,602,749,733,305,460
470,1023,0,328,1023,0,436,459,305,463,602,765,725,305,460
508,1023,0,326,1023,0,800,1023,306,795,602,797,759,305,460
398,1023,0,255,1023,0,521,623,305,516,602,752,737,305,460
330,1023,0,122,932,0,545,680,305,512,602,679,672,305,460
330,1023,0,151,1023,0,457,496,305,435,602,727,718,305,460
481,1023,0,208,1023,0,532,634,305,501,602,736,723,305,460
398,1023,0,157,1023,0,624,809,305,604,602,740,736,305,460
297,1023,0,132,1023,0,343,360,305,339,602,710,699,305,460
264,1023,0,117,945,0,482,552,305,464,602,716,700,305,460
379,1023,0,163,1023,0,647,833,305,629,602,676,657,305,460
379,1023,0,215,1023,0,408,427,305,390,602,732,718,305,460
743,1023,0,415,1023,0,623,770,305,600,602,746,722,305,460
508,1023,0,332,1023,0,649,811,305,632,602,774,753,305,460
351,1023,0,125,870,0,487,586,305,454,602,713,703,305,460
296,1023,0,171,1023,0,551,693,305,527,602,651,638,305,460
407,1023,0,164,1023,0,542,667,305,515,602,688,672,305,460
376,1023,0,146,1023,0,406,431,305,380,602,709,699,305,460
388,1023,0,195,1023,0,459,530,305,436,602,742,730,305,460
500,1023,0,286,1023,0,679,859,305,663,602,749,740,305,460
414,1023,0,404,1023,0,459,489,305,444,602,722,707,305,460
334,1023,0,302,1023,0,700,899,305,685,602,731,711,305,460
349,1023,0,169,1023,0,595,753,305,569,602,735,728,305,460
394,1023,0,307,1023,0,510,596,305,489,602,731,720,305,460
386,1023,0,222,1023,0,448,423,305,441,602,715,703,305,460
322,1023,0,295,1023,0,542,680,305,515,602,730,721,305,460
311,1023,0,210,1023,0,221,346,305,251,602,731,723,305,460
403,1023,0,258,1023,0,377,400,305,352,602,745,734,305,460
242,1023,0,284,1023,0,435,422,305,464,602,638,596,305,460
347,1023,0,219,1023,0,691,891,305,675,602,711,702,305,460
379,1023,0,172,1023,0,624,795,305,602,602,714,706,305,460
547,1023,0,513,1023,0,421,411,305,427,602,764,738,305,460
341,1023,0,198,1023,0,650,836,305,631,603,708,695,305,460
482,1023,0,219,1023,0,621,775,305,595,603,727,718,305,460
379,1023,0,247,1023,0,587,744,305,557,603,751,737,305,460
577,1023,0,505,1023,0,765,964,306,758,603,795,775,305,460
522,1023,0,280,1023,0,393,402,305,393,603,752,740,305,460
290,1023,0,114,901,0,570,728,305,538,603,652,641,305,460
378,1023,0,173,1023,0,671,859,305,650,603,695,694,305,460
615,1023,0,649,1023,0,779,967,306,771,603,797,772,305,460
315,1023,0,155,1023,0,537,677,305,508,603,666,650,305,460
386,1023,0,238,1023,0,498,594,305,465,603,740,732,305,460
260,1023,0,262,1023,0,401,382,305,396,603,491,456,305,460
539,1023,0,381,1023,0,710,891,305,693,603,780,761,305,460
375,1023,0,413,1023,0,735,945,306,724,603,758,739,305,460
429,1023,0,228,1023,0,652,823,305,636,603,518,467,305,460
353,1023,0,196,1023,0,465,491,305,438,603,724,706,305,460
392,1023,0,247,1023,0,366,388,305,362,603,699,687,305,460
406,1023,0,226,1023,0,684,873,305,668,603,743,728,305,465
523,1023,0,450,1023,0,417,423,305,428,603,746,724,305,465
605,1023,0,357,1023,0,601,731,305,584,603,769,752,305,465
446,1023,0,182,1023,0,534,643,305,503,603,739,731,305,465
419,1023,0,211,1023,0,366,369,305,368,603,700,683,305,465
412,1023,0,205,1023,0,639,808,305,614,603,735,728,305,465
435,1023,0,340,1023,0,539,647,305,508,603,744,738,305,465
291,1023,0,163,1023,0,748,970,306,740,603,698,694,305,465
615,1023,0,349,1023,0,628,767,305,610,603,744,715,305,465
635,1023,0,446,1023,0,591,717,305,562,603,779,755,305,465
376,1023,0,131,988,0,512,629,305,483,603,693,680,305,465
346,1023,0,241,1023,0,421,400,305,405,603,731,721,305,465
432,1023,0,215,1023,0,638,811,305,615,603,714,699,305,465
441,1023,0,289,1023,0,451,478,305,445,603,713,695,305,465
542,1023,0,204,1023,0,654,828,305,633,603,746,737,305,465
313,1023,0,202,1023,0,560,705,305,528,603,693,707,305,465
476,1023,0,252,1023,0,367,365,305,341,603,718,711,305,465
617,1023,0,466,1023,0,517,581,305,498,603,811,791,305,465
394,1023,0,203,1023,0,500,579,305,475,603,749,736,305,465
353,1023,0,194,1023,0,786,1018,306,780,603,710,695,305,465
657,1023,0,407,1023,0,413,427,305,439,603,761,693,305,465
467,1023,0,296,1023,0,630,788,305,610,603,749,728,305,465
432,1023,0,379,1023,0,742,956,306,734,603,801,778,305,465
598,1023,0,544,1023,0,459,474,305,490,603,805,784,305,465
484,1023,0,178,915,0,546,667,305,526,603,704,700,305,465
350,1023,0,180,1023,0,795,1023,306,790,604,711,698,305,465
369,1023,0,157,1023,0,636,818,305,617,604,702,688,305,465
240,1023,0,115,863,0,658,856,305,638,604,725,714,305,465
512,1023,0,298,1023,0,505,587,305,480,604,774,766,305,465
378,1023,0,159,1023,0,494,573,305,456,604,708,698,305,465
357,1023,0,187,1023,0,824,1023,306,821,604,725,721,305,465
385,1023,0,186,1023,0,744,956,306,734,604,710,697,305,465
424,1023,0,267,1023,0,493,531,305,487,604,753,744,305,465
524,1023,0,226,1023,0,479,479,305,463,604,764,749,305,465
407,1023,0,225,1023,0,381,393,305,362,604,718,707,305,465
314,1023,0,167,1023,0,454,513,305,431,604,728,714,305,465
566,1023,0,415,1023,0,655,821,305,630,604,821,799,305,465
375,1023,0,177,1023,0,533,644,305,509,604,722,717,305,465
317,1023,0,207,1023,0,457,461,305,431,604,726,714,305,465
349,1023,0,188,1023,0,804,1023,306,799,604,749,740,305,465
591,1023,0,321,1023,0,738,928,306,729,604,785,767,305,465
310,1023,0,148,1023,0,542,687,305,514,604,664,657,305,465
503,1023,0,379,1023,0,540,644,305,514,604,737,723,305,465
291,1023,0,144,1023,0,542,683,305,507,604,713,703,305,465
394,1023,0,172,1023,0,417,411,305,391,604,718,712,305,465
449,1023,0,360,1023,0,473,530,305,462,604,729,716,305,465
381,1023,0,234,1023,0,361,375,305,388,604,705,694,305,465
411,1023,0,192,1023,0,339,366,305,333,604,708,701,305,465
337,1023,0,172,1023,0,440,468,305,425,604,725,716,305,465
270,1023,0,106,883,0,455,513,305,410,604,627,622,305,465
353,1023,0,171,1023,0,554,693,305,522,604,706,702,305,465
463,1023,0,203,1023,0,538,626,305,510,604,726,668,305,465
318,1023,0,217,1023,0,694,899,305,680,604,731,725,305,465
301,1023,0,128,941,0,524,641,305,491,604,695,687,305,465
410,1023,0,253,1023,0,510,599,305,487,604,754,747,305,465
516,1023,0,360,1023,0,487,513,305,473,604,793,776,305,471
269,1023,0,150,1023,0,441,434,305,431,604,674,670,305,471
352,1023,0,107,777,0,594,764,305,564,604,684,671,305,471
515,1023,0,658,1023,0,889,1023,307,893,604,785,759,305,471
302,1023,0,241,1023,0,565,698,305,542,604,686,668,305,471
470,1023,0,566,1023,0,613,765,305,589,604,801,788,305,471
265,1023,0,164,1023,0,516,633,305,488,604,728,721,305,471
457,1023,0,234,1023,0,447,434,305,438,604,756,743,305,471
517,1023,0,218,1023,0,505,622,305,471,604,726,707,305,471
432,1023,0,307,1023,0,568,708,305,542,604,737,727,305,471
318,1023,0,138,1023,0,564,717,305,533,604,705,700,305,471
672,1023,0,413,1023,0,513,569,305,502,604,785,757,305,471
811,1023,0,529,1023,0,767,953,306,759,604,793,767,305,471
301,1023,0,167,1023,0,609,782,305,584,604,693,675,305,471
397,1023,0,271,1023,0,626,792,305,602,604,734,723,305,471
301,1023,0,147,1023,0,418,428,305,414,604,686,680,305,471
438,1023,0,251,1023,0,639,806,305,620,605,738,724,305,471
384,1023,0,155,1023,0,555,687,305,526,605,717,709,305,471
483,1023,0,398,1023,0,666,847,305,650,605,748,737,305,471
331,1023,0,158,1023,0,318,350,305,356,605,700,691,305,471
457,1023,0,274,1023,0,807,1023,306,804,605,778,764,305,471
328,1023,0,163,1023,0,626,806,305,600,605,722,715,305,471
410,1023,0,123,738,0,581,718,305,553,605,729,717,305,471
498,1023,0,309,1023,0,415,401,305,412,605,756,741,305,471
324,1023,0,186,1023,0,574,722,305,547,605,667,650,305,471
360,1023,0,99,693,0,442,481,305,449,605,751,742,305,471
361,1023,0,183,1023,0,415,416,305,386,605,720,704,305,471
412,1023,0,179,1023,0,577,727,305,554,605,741,738,305,471
412,1023,0,197,1023,0,561,698,305,534,605,724,712,305,471
320,1023,0,175,1023,0,549,690,305,517,605,750,742,305,471
355,1023,0,145,1023,0,506,608,305,475,605,690,669,305,471
276,1023,0,127,1005,0,485,574,305,453,605,595,591,305,471
298,1023,0,153,1023,0,562,715,305,532,605,686,668,305,471
624,1023,0,435,1023,0,500,566,305,481,605,764,738,305,471
299,1023,0,229,1023,0,498,589,305,471,605,686,684,305,471
354,1023,0,156,1023,0,478,530,305,464,605,664,662,305,471
396,1023,0,244,1023,0,544,664,305,515,605,747,737,305,471
347,1023,0,283,1023,0,419,397,305,420,605,719,710,305,471
491,1023,0,230,1023,0,438,441,305,402,605,727,712,305,471
363,1023,0,425,1023,0,410,378,305,403,605,682,667,305,471
620,1023,0,409,1023,0,685,864,305,664,605,775,762,305,471
355,1023,0,188,1023,0,360,373,305,364,605,728,715,305,471
401,1023,0,235,1023,0,424,392,305,414,605,701,686,305,471
807,1023,0,584,1023,0,703,878,305,686,605,825,805,305,471
363,1023,0,315,1023,0,761,977,306,753,605,762,749,305,471
436,1023,0,228,1023,0,604,760,305,582,605,729,717,305,471
619,1023,0,693,1023,0,552,639,305,539,605,819,796,305,471
382,1023,0,219,1023,0,671,856,305,654,605,752,732,305,471
341,1023,0,266,1023,0,516,625,305,485,605,693,685,305,471
405,1023,0,209,1023,0,661,840,305,642,605,759,753,305,471
285,1023,0,124,989,0,756,982,306,748,605,678,669,305,471
230,1023,0,168,1023,0,613,790,305,591,605,715,715,305,471
440,1023,0,127,796,0,574,713,305,541,605,713,698,305,471
572,1023,0,616,1023,0,600,728,305,577,605,781,757,305,471
426,1023,0,230,1023,0,486,499,305,481,605,750,741,305,471
466,1023,0,297,1023,0,434,425,305,430,605,695,678,305,471
319,1023,0,144,1023,0,383,371,305,347,605,647,641,305,471
300,1023,0,210,1023,0,790,1023,306,786,605,724,712,305,471
358,1023,0,161,1023,0,382,388,305,364,605,705,693,305,471
419,1023,0,243,1023,0,639,814,305,620,605,715,709,305,471
404,1023,0,145,1023,0,572,712,305,544,606,720,709,305,471
427,1023,0,199,1023,0,613,769,305,591,606,756,743,305,471
499,1023,0,275,1023,0,520,593,305,493,606,761,719,305,471
492,1023,0,235,1023,0,522,635,305,497,606,751,729,305,471
415,1023,0,232,1023,0,365,386,305,353,606,746,737,305,471
358,1023,0,229,1023,0,602,771,305,578,606,686,676,305,471
395,1023,0,476,1023,0,760,971,306,751,606,809,784,305,471
614,1023,0,304,1023,0,670,844,305,652,606,770,718,305,471
679,1023,0,416,1023,0,641,773,305,618,606,793,750,305,471
396,1023,0,270,1023,0,400,413,305,412,606,723,707,305,471
308,1023,0,192,1023,0,760,966,306,753,606,739,732,305,471
508,1023,0,268,1023,0,591,725,305,570,606,753,735,305,471
764,1023,0,660,1023,0,526,587,305,511,606,778,764,305,471
507,1023,0,270,1023,0,518,607,305,489,606,762,740,305,471
471,1023,0,599,1023,0,706,904,305,691,606,799,789,305,471
391,1023,0,265,1023,0,404,500,305,429,606,702,694,305,471
489,1023,0,274,1023,0,577,711,305,550,606,746,735,305,471
523,1023,0,431,1023,0,318,400,305,343,606,736,718,305,477
283,1023,0,126,955,0,431,450,305,405,606,670,654,305,477
365,1023,0,241,1023,0,617,783,305,594,606,784,770,305,477
277,1023,0,152,1023,0,493,583,305,467,606,657,645,305,477
496,1023,0,439,1023,0,684,878,305,672,606,757,741,305,477
337,1023,0,156,1023,0,514,622,305,492,606,687,677,305,477
544,1023,0,391,1023,0,527,590,305,503,606,766,740,305,477
424,1023,0,233,1023,0,529,648,305,501,606,694,677,305,477
389,1023,0,242,1023,0,597,760,305,570,606,750,738,305,477
606,1023,0,408,1023,0,780,991,306,774,606,767,749,305,477
684,1023,0,441,1023,0,562,673,305,533,606,786,767,305,477
364,1023,0,189,1023,0,780,1004,306,776,606,505,472,305,477
411,1023,0,179,1023,0,607,772,305,575,606,732,719,305,477
299,1023,0,152,1023,0,499,579,305,474,606,707,703,305,477
364,1023,0,160,1023,0,522,638,305,493,606,685,672,305,477
480,1023,0,344,1023,0,527,630,305,504,606,764,737,305,477
387,1023,0,189,1023,0,726,935,306,714,606,739,725,305,477
325,1023,0,148,1023,0,419,401,305,394,606,649,643,305,477
520,1023,0,385,1023,0,468,483,305,455,606,761,750,305,477
390,1023,0,263,1023,0,615,776,305,588,606,726,717,305,477
442,1023,0,339,1023,0,554,683,305,526,606,703,686,305,477
244,1023,0,118,1010,0,405,393,305,374,606,460,457,305,477
535,1023,0,394,1023,0,407,415,305,399,606,779,765,305,477
377,1023,0,304,1023,0,728,939,306,717,606,694,706,305,477
380,1023,0,206,1023,0,555,685,305,529,606,712,710,305,477
311,1023,0,125,979,0,526,652,305,488,606,711,703,305,477
409,1023,0,214,1023,0,537,654,305,511,606,729,716,305,477
602,1023,0,321,1023,0,497,562,305,476,606,750,732,305,477
460,1023,0,337,1023,0,470,499,305,453,606,704,681,305,477
525,1023,0,381,1023,0,605,749,305,582,606,779,752,305,477
380,1023,0,186,1023,0,530,651,305,498,606,688,679,305,477
234,1023,0,201,1023,0,541,638,305,521,607,713,704,305,477
291,1023,0,167,1023,0,747,969,306,736,607,682,672,305,477
586,1023,0,300,1023,0,539,646,305,511,607,756,726,305,477
535,1023,0,299,1023,0,658,824,305,633,607,755,731,305,477
245,1023,0,178,1023,0,363,350,305,336,607,399,383,305,477
433,1023,0,276,1023,0,608,766,305,583,607,711,691,305,477
486,1023,0,492,1023,0,558,678,305,530,607,735,727,305,477
442,1023,0,210,1023,0,616,782,305,589,607,770,747,305,477
306,1023,0,169,1023,0,602,774,305,574,607,740,728,305,477
291,1023,0,217,1023,0,421,405,305,399,607,726,717,305,477
310,1023,0,191,1023,0,523,632,305,493,607,684,666,305,477
347,1023,0,203,1023,0,495,594,305,458,607,703,691,305,477
407,1023,0,182,1023,0,547,669,305,526,607,702,679,305,477
530,1023,0,327,1023,0,562,675,305,533,607,731,710,305,477
393,1023,0,211,1023,0,510,618,305,489,607,724,716,305,477
406,1023,0,285,1023,0,328,371,305,359,607,715,696,305,477
400,1023,0,321,1023,0,507,595,305,480,607,766,749,305,477
537,1023,0,316,1023,0,507,585,305,484,607,789,779,305,477
396,1023,0,174,1023,0,461,509,305,435,607,712,698,305,477
717,1023,0,628,1023,0,816,1018,306,813,607,783,750,305,477
666,1023,0,460,1023,0,758,948,306,751,607,779,755,305,477
456,1023,0,384,1023,0,590,732,305,564,607,730,711,305,477
417,1023,0,345,1023,0,273,368,305,317,607,594,562,305,477
213,1023,0,176,1023,0,535,596,305,526,607,717,706,305,483
467,1023,0,361,1023,0,373,377,305,403,607,745,732,305,483
323,1023,0,142,1023,0,412,437,305,373,607,685,673,305,483
630,1023,0,624,1023,0,864,1023,307,865,607,857,813,305,483
402,1023,0,180,1023,0,386,382,305,366,607,703,691,305,483
502,1023,0,245,1023,0,330,376,305,345,607,713,700,305,483
420,1023,0,233,1023,0,644,820,305,630,607,718,708,305,483
427,1023,0,371,1023,0,490,543,305,468,607,764,752,305,483
311,1023,0,113,870,0,491,603,305,454,607,607,597,305,483
545,1023,0,362,1023,0,614,764,305,594,607,756,747,305,483
368,1023,0,153,1023,0,420,470,305,407,607,691,677,305,483
497,1023,0,271,1023,0,406,402,305,409,607,753,746,305,483
387,1023,0,226,1023,0,510,615,305,476,607,716,711,305,483
344,1023,0,188,1023,0,532,657,305,503,607,736,724,305,483
426,1023,0,296,1023,0,728,932,306,715,607,783,774,305,483
486,1023,0,280,1023,0,472,525,305,447,607,694,674,305,483
273,1023,0,119,836,0,735,951,306,724,607,707,701,305,483
273,1023,0,222,1023,0,616,788,305,593,607,707,695,305,483
294,1023,0,179,1023,0,523,643,305,483,607,710,699,305,483
469,1023,0,266,1023,0,354,384,305,366,607,746,709,305,483
333,1023,0,149,1023,0,379,380,305,384,607,689,679,305,483
235,1023,0,193,1023,0,713,914,305,703,607,722,706,305,483
441,1023,0,219,1023,0,524,639,305,498,607,703,696,305,483
439,1023,0,336,1023,0,445,461,305,433,607,705,683,305,483
310,1023,0,184,1023,0,401,375,305,419,608,672,663,305,483
532,1023,0,392,1023,0,811,1023,306,807,608,798,760,305,483
535,1023,0,289,1023,0,857,1023,306,859,608,791,775,305,483
376,1023,0,455,1023,0,582,735,305,566,608,614,571,305,483
521,1023,0,284,1023,0,731,935,306,716,608,761,741,305,483
443,1023,0,265,1023,0,608,764,305,582,608,769,758,305,483
590,1023,0,508,1023,0,571,709,305,555,608,834,805,305,483
622,1023,0,459,1023,0,745,925,306,736,608,796,778,305,483
406,1023,0,363,1023,0,560,690,305,533,608,753,740,305,483
733,1023,0,460,1023,0,599,732,305,576,608,783,767,305,483
674,1023,0,520,1023,0,525,592,305,505,608,778,762,305,483
380,1023,0,205,1023,0,555,688,305,527,608,754,744,305,483
627,1023,0,258,1023,0,500,553,305,469,608,758,745,305,483
281,1023,0,178,1023,0,391,372,305,425,608,761,754,305,483
303,1023,0,159,1023,0,448,490,305,430,608,682,678,305,483
323,1023,0,200,1023,0,684,880,305,668,608,710,703,305,483
421,1023,0,344,1023,0,483,523,305,463,608,713,704,305,483
512,1023,0,225,1023,0,768,975,306,761,608,735,720,305,483
453,1023,0,290,1023,0,330,378,305,394,608,737,723,305,483
464,1023,0,171,1013,0,712,902,305,699,608,712,702,305,483
397,1023,0,342,1023,0,465,473,305,482,608,767,753,305,483
329,1023,0,178,1023,0,437,413,305,412,608,733,718,305,483
377,1023,0,397,1023,0,430,458,305,422,608,742,740,305,483
409,1023,0,246,1023,0,384,377,305,379,608,723,714,305,483
390,1023,0,219,1023,0,476,526,305,457,608,694,676,305,483
392,1023,0,203,1023,0,362,358,305,377,608,723,707,305,483
451,1023,0,156,981,0,638,812,305,612,608,723,719,305,483
398,1023,0,206,1023,0,599,761,305,572,608,711,704,305,483
507,1023,0,302,1023,0,527,637,305,497,608,768,757,305,483
277,1023,0,169,1023,0,565,715,305,550,608,670,663,305,483
452,1023,0,197,1023,0,558,688,305,527,608,722,710,305,483
411,1023,0,293,1023,0,472,507,305,482,608,695,682,305,483
461,1023,0,341,1023,0,475,451,305,464,608,708,692,305,483
270,1023,0,135,1001,0,472,427,305,452,608,737,727,305,483
290,1023,0,229,1023,0,433,418,305,435,608,711,699,305,483
564,1023,0,433,1023,0,678,849,305,660,608,776,746,305,483
459,1023,0,248,1023,0,625,788,305,599,608,753,744,305,483
361,1023,0,253,1023,0,444,456,305,416,608,708,700,305,483
542,1023,0,425,1023,0,601,740,305,576,608,780,765,305,483
761,1023,0,394,1023,0,754,928,306,743,608,778,761,305,483
282,1023,0,127,986,0,307,357,305,299,608,704,700,305,483
341,1023,0,234,1023,0,587,740,305,561,608,761,745,305,483
446,1023,0,194,1023,0,514,620,305,484,608,702,688,305,489
374,1023,0,176,1023,0,530,650,305,496,608,733,715,305,489
383,1023,0,155,1023,0,724,937,306,714,608,704,696,305,489
380,1023,0,217,1023,0,544,675,305,514,609,703,694,305,489
503,1023,0,306,1023,0,595,742,305,565,609,740,734,305,489
520,1023,0,225,998,0,718,890,305,706,609,749,731,305,489
450,1023,0,276,1023,0,455,494,305,429,609,755,745,305,489
364,1023,0,215,1023,0,474,528,305,444,609,653,640,305,489
539,1023,0,385,1023,0,483,528,305,460,609,790,770,305,489
417,1023,0,304,1023,0,379,396,305,387,609,697,676,305,489
258,1023,0,105,869,0,623,809,305,597,609,673,667,305,489
414,1023,0,312,1023,0,431,423,305,422,609,761,749,305,489
407,1023,0,299,1023,0,409,420,305,398,609,699,689,305,489
444,1023,0,252,1023,0,504,572,305,487,609,734,719,305,489
458,1023,0,289,1023,0,595,722,305,571,609,764,754,305,489
340,1023,0,129,948,0,503,612,305,465,609,672,662,305,489
653,1023,0,484,1023,0,618,759,305,595,609,798,779,305,489
408,1023,0,177,1023,0,533,654,305,505,609,715,708,305,489
401,1023,0,166,975,0,519,617,305,492,609,673,625,305,489
453,1023,0,374,1023,0,450,489,305,426,609,759,737,305,489
674,1023,0,460,1023,0,839,1023,306,839,609,786,751,305,489
671,1023,0,352,1023,0,559,657,305,538,609,809,786,305,489
501,1023,0,517,1023,0,622,786,305,602,609,783,768,305,489
338,1023,0,178,1023,0,522,631,305,503,609,688,673,305,489
257,1023,0,96,784,0,598,776,305,573,609,655,647,305,489
339,1023,0,198,1023,0,284,358,305,233,609,678,669,305,489
480,1023,0,311,1023,0,624,783,305,599,609,786,777,305,489
403,1023,0,243,1023,0,506,585,305,478,609,726,708,305,489
318,1023,0,125,983,0,439,435,305,415,609,680,670,305,489
354,1023,0,173,1023,0,427,395,305,422,609,672,655,305,489
671,1023,0,510,1023,0,609,743,305,589,609,784,760,305,489
326,1023,0,269,1023,0,376,386,305,389,609,696,683,305,489
418,1023,0,242,1023,0,680,862,305,658,609,743,735,305,489
598,1023,0,531,1023,0,715,903,305,704,609,773,758,305,489
650,1023,0,394,1023,0,643,798,305,620,609,755,738,305,489
397,1023,0,270,1023,0,489,567,305,469,609,746,733,305,489
269,1023,0,184,1023,0,695,906,305,682,609,703,694,305,489
292,1023,0,159,1023,0,380,405,305,371,609,679,672,305,489
665,1023,0,658,1023,0,580,711,305,563,609,782,765,305,489
381,1023,0,296,1023,0,337,386,305,365,609,696,683,305,489
389,1023,0,182,1023,0,594,750,305,568,609,713,703,305,489
406,1023,0,188,1023,0,586,741,305,556,609,749,737,305,489
444,1023,0,189,1023,0,625,788,305,599,609,708,690,305,489
236,1023,0,113,943,0,467,540,305,426,609,670,668,305,489
429,1023,0,307,1023,0,742,949,306,732,609,749,733,305,489
310,1023,0,127,994,0,420,445,305,406,609,682,677,305,489
559,1023,0,275,1023,0,592,734,305,564,610,782,766,305,489
313,1023,0,172,1023,0,319,366,305,316,610,741,735,305,489
444,1023,0,203,1023,0,626,796,305,605,610,717,704,305,489
499,1023,0,303,1023,0,531,634,305,511,610,762,738,305,489
399,1023,0,179,1023,0,582,729,305,561,610,712,695,305,489
390,1023,0,192,1023,0,577,719,305,558,610,707,699,305,489
405,1023,0,213,1023,0,632,820,305,605,610,736,727,305,489
432,1023,0,192,1023,0,692,885,305,678,610,730,723,305,489
364,1023,0,176,1023,0,457,499,305,425,610,734,706,305,489
336,1023,0,147,1023,0,675,874,305,661,610,662,652,305,495
377,1023,0,206,1023,0,482,554,305,446,610,720,710,305,495
556,1023,0,379,1023,0,431,430,305,438,610,755,733,305,495
343,1023,0,176,1023,0,564,709,305,543,610,721,705,305,495
487,1023,0,389,1023,0,497,516,305,490,610,759,734,305,495
523,1023,0,377,1023,0,443,441,305,437,610,758,731,305,495
408,1023,0,247,1023,0,778,997,306,772,610,732,717,305,495
451,1023,0,209,1023,0,488,569,305,445,610,716,710,305,495
419,1023,0,209,1023,0,546,666,305,524,610,709,702,305,495
331,1023,0,193,1023,0,427,399,305,415,610,726,720,305,495
233,1023,0,97,877,0,372,369,305,379,610,418,399,305,495
394,1023,0,167,1023,0,630,791,305,608,610,714,702,305,495
305,1023,0,182,1023,0,392,381,305,360,610,714,707,305,495
374,1023,0,212,1023,0,455,448,305,458,610,647,624,305,495
429,1023,0,301,1023,0,808,1023,306,805,610,740,723,305,495
309,1023,0,124,897,0,369,369,305,366,610,707,696,305,495
335,1023,0,163,1023,0,358,363,305,376,610,619,614,305,495
428,1023,0,242,1023,0,580,724,305,552,610,703,694,305,495
374,1023,0,172,1023,0,667,859,305,652,610,737,723,305,495
394,1023,0,333,1023,0,410,391,305,404,610,738,724,305,495
565,1023,0,249,1023,0,659,821,305,643,610,716,699,305,495
371,1023,0,170,1023,0,463,543,305,448,610,732,724,305,495
317,1023,0,126,953,0,477,543,305,449,610,678,675,305,495
362,1023,0,214,1023,0,420,400,305,408,610,717,710,305,495
352,1023,0,154,1023,0,563,713,305,536,610,726,711,305,495
326,1023,0,187,1023,0,707,908,305,695,610,749,741,305,495
367,1023,0,360,1023,0,541,666,305,518,610,751,735,305,495
306,1023,0,110,855,0,585,746,305,559,610,691,686,305,495
299,1023,0,107,792,0,350,371,305,345,610,690,690,305,495
415,1023,0,255,1023,0,451,471,305,421,610,758,745,305,495
324,1023,0,129,912,0,564,708,305,536,610,701,704,305,495
316,1023,0,150,1023,0,601,766,305,572,610,743,732,305,495
617,1023,0,398,1023,0,613,761,305,590,610,762,755,305,495
473,1023,0,284,1023,0,528,628,305,498,611,753,736,305,495
409,1023,0,196,1023,0,465,489,305,445,611,704,701,305,495
419,1023,0,215,1023,0,569,709,305,543,611,727,710,305,495
400,1023,0,207,1023,0,389,393,305,377,611,688,674,305,495
727,1023,0,476,1023,0,725,908,305,713,611,754,739,305,495
405,1023,0,189,1023,0,716,916,305,703,611,710,698,305,495
410,1023,0,254,1023,0,550,679,305,522,611,753,743,305,495
279,1023,0,91,670,0,469,552,305,428,611,673,671,305,495
641,1023,0,560,1023,0,725,920,306,713,611,820,800,305,495
396,1023,0,182,1023,0,500,586,305,473,611,691,676,305,495
357,1023,0,232,1023,0,437,414,305,411,611,744,737,305,495
671,1023,0,469,1023,0,767,972,306,759,611,846,814,305,495
318,1023,0,152,1023,0,756,982,306,747,611,694,688,305,495
232,1023,0,206,1023,0,411,403,305,394,611,748,739,305,495
407,1023,0,188,1023,0,411,378,305,434,611,697,676,305,495
510,1023,0,204,1023,0,520,605,305,490,611,755,741,305,495
404,1023,0,272,1023,0,774,997,306,769,611,756,740,305,495
370,1023,0,293,1023,0,555,686,305,526,611,727,708,305,495
347,1023,0,252,1023,0,546,685,305,521,611,722,717,305,495
493,1023,0,260,1023,0,481,546,305,450,611,741,721,305,495
271,1023,0,141,1023,0,495,590,305,458,611,577,593,305,495
434,1023,0,250,1023,0,602,760,305,575,611,774,769,305,495
450,1023,0,202,1023,0,759,973,306,751,611,696,685,305,495
413,1023,0,213,1023,0,611,772,305,587,611,725,713,305,495
294,1023,0,111,845,0,635,818,305,610,611,674,669,305,495
372,1023,0,225,1023,0,463,512,305,433,611,714,706,305,495
241,1023,0,124,997,0,190,339,305,262,611,624,621,305,495
336,1023,0,165,1023,0,610,778,305,585,611,712,698,305,495
308,1023,0,128,944,0,737,959,306,727,611,729,720,305,495
404,1023,0,249,1023,0,596,749,305,573,611,727,712,305,495
354,1023,0,222,1023,0,416,456,305,390,611,723,710,305,500
383,1023,0,323,1023,0,475,512,305,460,611,746,732,305,500
445,1023,0,202,1023,0,722,920,306,712,611,758,746,305,500
373,1023,0,205,1023,0,230,372,305,234,611,723,715,305,500
337,1023,0,214,1023,0,465,495,305,448,611,739,731,305,500
382,1023,0,255,1023,0,769,988,306,761,611,710,698,305,500
580,1023,0,363,1023,0,748,971,306,739,611,770,715,305,500
330,1023,0,200,1023,0,378,374,305,358,611,678,668,305,500
470,1023,0,289,1023,0,402,391,305,378,611,737,723,305,500
422,1023,0,209,1023,0,556,694,305,529,611,719,714,305,500
357,1023,0,195,1023,0,523,640,305,497,611,735,724,305,500
377,1023,0,247,1023,0,644,825,305,620,611,742,732,305,500
338,1023,0,173,1023,0,759,987,306,751,611,730,720,305,500
461,1023,0,307,1023,0,377,372,305,367,611,706,696,305,500
452,1023,0,277,1023,0,483,546,305,461,611,755,744,305,500
382,1023,0,233,1023,0,439,414,305,428,611,724,716,305,500
347,1023,0,130,971,0,483,578,305,464,611,705,701,305,500
382,1023,0,223,1023,0,369,352,305,366,611,625,589,305,500
253,1023,0,90,667,0,571,734,305,547,611,672,666,305,500
352,1023,0,178,1023,0,578,733,305,551,611,729,716,305,500
736,1023,0,397,1023,0,659,810,305,639,611,800,774,305,500
407,1023,0,359,1023,0,599,757,305,580,612,768,756,305,500
342,1023,0,226,1023,0,775,1000,306,768,612,730,722,305,500
556,1023,0,559,1023,0,427,468,305,439,612,798,772,305,500
639,1023,0,347,1023,0,536,618,305,513,612,746,732,305,500
426,1023,0,203,1023,0,570,704,305,546,612,728,718,305,500
539,1023,0,301,1023,0,504,574,305,476,612,769,756,305,500
344,1023,0,166,1023,0,493,601,305,462,612,693,685,305,500
374,1023,0,290,1023,0,536,654,305,517,612,739,728,305,500
333,1023,0,212,1023,0,656,843,305,636,612,743,734,305,500
580,1023,0,331,1023,0,815,1023,306,814,612,773,758,305,500
326,1023,0,158,1023,0,531,655,305,503,612,703,690,305,500
657,1023,0,587,1023,0,404,426,305,405,612,767,734,305,500
469,1023,0,300,1023,0,487,550,305,470,612,765,744,305,500
581,1023,0,479,1023,0,449,431,305,458,612,788,761,305,500
322,1023,0,137,1023,0,655,843,305,639,612,690,679,305,500
510,1023,0,391,1023,0,447,438,305,465,612,733,709,305,500
394,1023,0,451,1023,0,597,752,305,578,612,762,743,305,500
344,1023,0,162,1023,0,418,391,305,404,612,757,744,305,500
419,1023,0,169,1023,0,556,689,305,533,612,699,685,305,500
576,1023,0,405,1023,0,641,805,305,622,612,814,796,305,500
439,1023,0,198,1023,0,588,731,305,562,612,728,718,305,500
411,1023,0,345,1023,0,629,800,305,607,612,736,718,305,500
459,1023,0,232,1023,0,683,868,305,666,612,747,733,305,500
376,1023,0,136,886,0,465,496,305,443,612,717,712,305,500
440,1023,0,244,1023,0,422,406,305,406,612,725,715,305,500
404,1023,0,257,1023,0,508,594,305,485,612,698,687,305,500
471,1023,0,327,1023,0,515,601,305,484,612,717,701,305,500
569,1023,0,341,1023,0,411,406,305,423,612,732,717,305,500
441,1023,0,267,1023,0,720,914,305,709,612,744,727,305,500
386,1023,0,180,1023,0,639,818,305,614,612,726,716,305,500
384,1023,0,222,1023,0,583,729,305,555,612,754,743,305,500
275,1023,0,83,683,0,526,663,305,496,612,649,640,305,500
485,1023,0,259,1023,0,495,550,305,468,612,770,726,305,500
402,1023,0,207,1023,0,608,775,305,591,612,732,718,305,500
400,1023,0,291,1023,0,631,793,305,610,612,744,725,305,500
516,1023,0,380,1023,0,792,1006,306,788,612,767,747,305,500
354,1023,0,208,1023,0,605,771,305,581,612,694,682,305,500
402,1023,0,395,1023,0,389,382,305,388,612,710,696,305,500
753,1023,0,419,1023,0,435,423,305,435,612,791,738,305,500
513,1023,0,267,1023,0,751,957,306,741,612,778,735,305,506
428,1023,0,301,1023,0,572,710,305,553,612,786,774,305,506
388,1023,0,199,1023,0,368,377,305,368,612,640,628,305,506
363,1023,0,197,1023,0,254,381,305,317,612,693,672,305,506
284,1023,0,100,780,0,511,628,305,476,612,663,655,305,506
708,1023,0,573,1023,0,803,1021,306,799,612,843,819,305,506
280,1023,0,221,1023,0,458,428,305,444,612,734,724,305,506
383,1023,0,269,1023,0,552,684,305,520,613,760,750,305,506
387,1023,0,254,1023,0,824,1023,306,822,613,745,733,305,506
450,1023,0,309,1023,0,568,699,305,545,613,753,733,305,506
361,1023,0,246,1023,0,553,676,305,530,613,744,736,305,506
706,1023,0,425,1023,0,672,841,305,651,613,757,744,305,506
479,1023,0,267,1023,0,753,957,306,743,613,724,713,305,506
415,1023,0,244,1023,0,512,613,305,475,613,694,686,305,506
399,1023,0,246,1023,0,605,766,305,582,613,707,698,305,506
366,1023,0,236,1023,0,591,748,305,564,613,731,717,305,506
397,1023,0,202,1023,0,385,417,305,367,613,700,694,305,506
605,1023,0,603,1023,0,448,466,305,462,613,769,740,305,506
376,1023,0,280,1023,0,735,951,306,724,613,732,724,305,506
519,1023,0,274,1023,0,654,815,305,636,613,767,745,305,506
365,1023,0,185,1023,0,397,380,305,380,613,700,688,305,506
245,1023,0,130,1023,0,702,917,305,688,613,427,417,305,506
405,1023,0,241,1023,0,742,952,306,731,613,739,727,305,506
279,1023,0,181,1023,0,714,926,306,702,613,699,691,305,506
402,1023,0,287,1023,0,615,786,305,590,613,748,730,305,506
450,1023,0,361,1023,0,526,621,305,505,613,767,757,305,506
466,1023,0,242,1023,0,481,554,305,444,613,727,716,305,506
355,1023,0,291,1023,0,458,497,305,428,613,782,763,305,506
355,1023,0,210,1023,0,554,692,305,524,613,702,698,305,506
388,1023,0,168,1023,0,512,618,305,481,613,721,715,305,506
356,1023,0,337,1023,0,560,686,305,535,613,769,754,305,506
556,1023,0,506,1023,0,420,413,305,426,613,771,754,305,506
312,1023,0,245,1023,0,818,1023,306,816,613,751,745,305,506
378,1023,0,225,1023,0,418,390,305,391,613,726,720,305,506
301,1023,0,166,1023,0,620,799,305,593,613,702,691,305,506
621,1023,0,419,1023,0,764,982,306,753,613,801,790,305,506
401,1023,0,214,1023,0,498,579,305,471,613,705,681,305,506
385,1023,0,202,1023,0,554,691,305,524,613,747,735,305,506
439,1023,0,193,1023,0,432,424,305,440,613,714,707,305,506
450,1023,0,290,1023,0,464,502,305,444,613,776,768,305,506
390,1023,0,195,1023,0,478,533,305,458,613,698,676,305,506
518,1023,0,379,1023,0,529,610,305,509,613,791,767,305,506
254,1023,0,140,1023,0,475,562,305,451,613,680,670,305,506
402,1023,0,256,1023,0,336,376,305,371,613,720,704,305,506
430,1023,0,310,1023,0,480,505,305,463,613,738,715,305,506
516,1023,0,499,1023,0,828,1023,306,827,613,779,762,305,506
286,1023,0,97,782,0,753,978,306,745,613,696,690,305,506
311,1023,0,126,922,0,315,350,305,320,613,704,699,305,506
447,1023,0,214,1023,0,384,382,305,377,613,752,739,305,506
508,1023,0,276,1023,0,400,419,305,394,613,681,663,305,506
391,1023,0,161,993,0,499,567,305,475,613,695,688,305,506
353,1023,0,193,1023,0,432,397,305,393,613,703,684,305,506
419,1023,0,304,1023,0,508,584,305,477,613,721,709,305,512
531,1023,0,184,1023,0,597,763,305,569,614,729,723,305,512
566,1023,0,377,1023,0,768,978,306,759,614,785,770,305,512
350,1023,0,327,1023,0,363,384,305,352,614,732,726,305,512
452,1023,0,333,1023,0,531,639,305,504,614,673,657,305,512
450,1023,0,333,1023,0,755,951,306,747,614,758,740,305,512
342,1023,0,210,1023,0,640,819,305,616,614,716,699,305,512
456,1023,0,206,1023,0,507,576,305,483,614,712,685,305,512
523,1023,0,344,1023,0,503,569,305,471,614,748,729,305,512
439,1023,0,165,1023,0,751,959,306,741,614,730,714,305,512
318,1023,0,121,836,0,536,670,305,505,614,706,691,305,512
428,1023,0,281,1023,0,461,486,305,435,614,725,713,305,512
358,1023,0,243,1023,0,613,777,305,585,614,748,737,305,512
530,1023,0,317,1023,0,573,711,305,545,614,752,738,305,512
396,1023,0,174,1023,0,458,526,305,430,614,676,652,305,512
524,1023,0,322,1023,0,682,867,305,660,614,750,731,305,512
462,1023,0,432,1023,0,414,411,305,427,614,756,742,305,512
368,1023,0,203,1023,0,432,427,305,415,614,748,734,305,512
719,1023,0,512,1023,0,728,897,305,718,614,776,743,305,512
331,1023,0,159,1023,0,405,418,305,399,614,712,696,305,512
393,1023,0,245,1023,0,646,816,305,626,614,793,782,305,512
326,1023,0,141,1023,0,488,580,305,451,614,715,708,305,512
390,1023,0,171,1023,0,591,748,305,565,614,746,740,305,512
268,1023,0,174,1023,0,530,633,305,495,614,730,724,305,512
342,1023,0,171,1023,0,589,749,305,567,614,696,688,305,512
522,1023,0,240,1023,0,537,642,305,514,614,739,723,305,512
433,1023,0,276,1023,0,637,806,305,612,614,739,730,305,512
358,1023,0,171,1023,0,517,626,305,500,614,687,678,305,512
358,1023,0,168,1023,0,504,589,305,476,614,713,700,305,512
327,1023,0,112,795,0,783,1009,306,778,614,703,693,305,512
448,1023,0,269,1023,0,586,724,305,558,614,777,768,305,512
443,1023,0,220,1023,0,613,774,305,587,614,728,700,305,512
279,1023,0,145,1023,0,806,1023,306,803,614,697,691,305,512
368,1023,0,148,1023,0,567,709,305,532,614,708,702,305,512
557,1023,0,459,1023,0,732,942,306,720,614,774,706,305,512
484,1023,0,271,1023,0,512,603,305,484,614,755,732,305,512
512,1023,0,400,1023,0,460,469,305,452,614,760,744,305,512
304,1023,0,205,1023,0,557,702,305,532,614,723,711,305,512
649,1023,0,465,1023,0,554,641,305,536,614,791,770,305,512
659,1023,0,567,1023,0,426,432,305,435,614,758,744,305,512
589,1023,0,357,1023,0,819,1023,306,819,614,793,741,305,512
448,1023,0,195,1023,0,556,680,305,534,614,722,685,305,512
300,1023,0,165,1023,0,392,371,305,355,614,578,573,305,512
518,1023,0,383,1023,0,432,433,305,413,614,764,750,305,512
421,1023,0,199,1023,0,468,482,305,441,614,654,688,305,512
287,1023,0,151,1023,0,507,624,305,490,614,662,655,305,512
352,1023,0,164,1023,0,640,815,305,620,614,732,717,305,512
377,1023,0,85,326,0,613,729,305,589,614,482,386,305,512
422,1023,0,203,1023,0,585,736,305,558,614,712,701,305,512
435,1023,0,200,1023,0,318,360,305,324,614,691,680,305,512
438,1023,0,229,1023,0,540,654,305,507,614,725,712,305,512
624,1023,0,644,1023,0,458,469,305,468,614,831,805,305,512
430,1023,0,190,1023,0,501,580,305,476,614,721,712,305,512
325,1023,0,200,1023,0,750,972,306,740,614,702,686,305,512
669,1023,0,332,1023,0,664,858,305,648,614,780,744,305,512
774,1023,0,587,1023,0,855,1023,307,854,615,778,758,305,512
310,1023,0,124,980,0,351,372,305,326,615,658,649,305,512
415,1023,0,195,1023,0,537,668,305,506,615,701,694,305,512
451,1023,0,280,1023,0,752,963,306,743,615,733,719,305,512
472,1023,0,220,1023,0,566,703,305,534,615,759,748,305,512
426,1023,0,177,1023,0,760,979,306,752,615,707,686,305,512
384,1023,0,126,714,0,598,758,305,566,615,728,722,305,512
317,1023,0,120,847,0,432,452,305,401,615,681,677,305,512
440,1023,0,221,1023,0,634,811,305,614,615,783,747,305,512
502,1023,0,382,1023,0,416,414,305,431,615,773,751,305,512
324,1023,0,226,1023,0,537,663,305,512,615,706,691,305,518
433,1023,0,365,1023,0,457,448,305,471,615,718,698,305,518
345,1023,0,197,1023,0,607,775,305,583,615,735,722,305,518
564,1023,0,329,1023,0,506,568,305,469,615,766,750,305,518
519,1023,0,302,1023,0,546,648,305,522,615,769,759,305,518
560,1023,0,446,1023,0,617,769,305,593,615,773,747,305,518
541,1023,0,467,1023,0,772,994,306,765,615,797,782,305,518
317,1023,0,136,1023,0,599,766,305,571,615,701,693,305,518
379,1023,0,267,1023,0,315,363,305,276,615,712,695,305,518
429,1023,0,311,1023,0,648,818,305,631,615,732,721,305,518
552,1023,0,250,1023,0,545,670,305,522,615,743,727,305,518
677,1023,0,530,1023,0,606,775,305,581,615,795,763,305,518
400,1023,0,316,1023,0,442,467,305,451,615,735,724,305,518
431,1023,0,338,1023,0,653,826,305,631,615,691,680,305,518
583,1023,0,592,1023,0,495,543,305,527,615,820,808,305,518
403,1023,0,214,1023,0,510,589,305,487,615,739,727,305,518
384,1023,0,219,1023,0,562,703,305,540,615,729,717,305,518
420,1023,0,216,1023,0,411,379,305,366,615,725,710,305,518
340,1023,0,120,857,0,453,489,305,419,615,700,694,305,518
536,1023,0,347,1023,0,598,742,305,571,615,762,735,305,518
409,1023,0,320,1023,0,356,377,305,366,615,721,699,305,518
376,1023,0,144,1023,0,523,643,305,488,615,719,713,305,518
388,1023,0,238,1023,0,452,464,305,437,615,683,674,305,518
461,1023,0,364,1023,0,412,428,305,401,615,778,766,305,518
348,1023,0,178,1023,0,282,342,305,335,615,680,672,305,518
305,1023,0,104,848,0,725,947,306,713,615,694,692,305,518
335,1023,0,119,906,0,468,533,305,438,615,650,643,305,518
345,1023,0,156,1023,0,315,358,305,340,615,671,659,305,518
482,1023,0,295,1023,0,869,1023,306,873,615,717,698,305,518
463,1023,0,460,1023,0,448,450,305,459,615,760,732,305,518
598,1023,0,567,1023,0,818,1023,306,813,615,759,734,305,518
294,1023,0,123,920,0,389,380,305,364,615,638,632,305,518
548,1023,0,254,1023,0,766,972,306,760,615,773,745,305,518
537,1023,0,325,1023,0,386,389,305,397,615,765,737,305,518
348,1023,0,177,1023,0,506,607,305,480,615,725,712,305,518
514,1023,0,427,1023,0,445,445,305,438,615,799,778,305,518
385,1023,0,218,1023,0,400,395,305,341,615,711,698,305,518
361,1023,0,148,990,0,526,643,305,495,615,727,701,305,518
436,1023,0,260,1023,0,497,568,305,460,615,752,731,305,518
394,1023,0,307,1023,0,772,987,306,767,616,789,771,305,518
319,1023,0,144,1023,0,466,521,305,452,616,716,712,305,518
386,1023,0,134,973,0,382,374,305,326,616,714,702,305,518
550,1023,0,376,1023,0,552,665,305,526,616,739,731,305,518
226,1023,0,136,1023,0,438,450,305,416,616,437,415,305,518
695,1023,0,480,1023,0,659,802,305,641,616,814,754,305,518
283,1023,0,133,982,0,552,697,305,521,616,697,697,305,518
419,1023,0,259,1023,0,385,386,305,374,616,666,653,305,518
344,1023,0,165,1023,0,598,763,305,577,616,696,690,305,518
378,1023,0,149,1023,0,377,398,305,374,616,709,703,305,518
486,1023,0,186,1023,0,678,864,305,658,616,735,725,305,518
304,1023,0,91,732,0,407,406,305,366,616,611,601,305,518
240,1023,0,197,1023,0,467,520,305,456,616,713,701,305,518
339,1023,0,146,1023,0,470,542,305,445,616,659,646,305,518
431,1023,0,281,1023,0,494,557,305,464,616,757,742,305,518
318,1023,0,91,660,0,491,602,305,454,616,694,687,305,518
508,1023,0,289,1023,0,805,1023,306,799,616,768,753,305,518
376,1023,0,163,1023,0,511,621,305,486,616,720,709,305,524
452,1023,0,253,1023,0,753,965,306,744,616,712,702,305,524
394,1023,0,260,1023,0,436,421,305,440,616,723,712,305,524
503,1023,0,409,1023,0,576,709,305,556,616,741,725,305,524
492,1023,0,255,1023,0,780,992,306,773,616,728,719,305,524
385,1023,0,262,1023,0,694,898,305,673,616,738,724,305,524
349,1023,0,125,879,0,448,485,305,433,616,702,699,305,524
414,1023,0,302,1023,0,570,711,305,543,616,763,752,305,524
417,1023,0,323,1023,0,780,1001,306,776,616,750,741,305,524
639,1023,0,393,1023,0,518,579,305,499,616,776,736,305,524
570,1023,0,387,1023,0,570,692,305,545,616,804,795,305,524
480,1023,0,250,1023,0,456,555,305,467,616,584,623,305,524
363,1023,0,198,1023,0,457,493,305,434,616,696,671,305,524
607,1023,0,581,1023,0,650,815,305,627,616,815,796,305,524
565,1023,0,318,1023,0,626,786,305,602,616,786,771,305,524
356,1023,0,164,1023,0,509,600,305,481,616,712,702,305,524
394,1023,0,205,1023,0,502,605,305,473,616,739,724,305,524
773,1023,0,604,1023,0,555,658,305,536,616,826,770,305,524
325,1023,0,207,1023,0,634,811,305,611,616,737,729,305,524
375,1023,0,153,1023,0,421,401,305,412,616,684,659,305,524
431,1023,0,364,1023,0,433,434,305,414,616,742,728,305,524
426,1023,0,174,1023,0,504,590,305,461,616,728,711,305,524
331,1023,0,140,1023,0,409,412,305,400,616,660,653,305,524
365,1023,0,283,1023,0,581,732,305,556,616,760,748,305,524
375,1023,0,147,1002,0,444,471,305,425,616,700,684,305,524
360,1023,0,214,1023,0,592,754,305,563,616,678,677,305,524
300,1023,0,111,878,0,454,534,305,423,616,698,693,305,524
491,1023,0,248,1023,0,457,498,305,436,616,747,736,305,524
412,1023,0,238,1023,0,428,397,305,427,616,717,701,305,524
492,1023,0,440,1023,0,466,464,305,476,616,816,783,305,524
340,1023,0,269,1023,0,540,665,305,516,616,780,768,305,524
326,1023,0,238,1023,0,696,892,305,682,616,745,735,305,524
593,1023,0,319,1023,0,711,896,305,698,616,739,727,305,524
334,1023,0,165,1023,0,546,679,305,514,616,705,673,305,524
417,1023,0,338,1023,0,735,943,306,722,616,758,750,305,524
313,1023,0,146,1011,0,378,364,305,364,616,709,696,305,524
392,1023,0,193,1023,0,691,900,305,676,616,718,714,305,524
434,1023,0,256,1023,0,451,473,305,435,616,729,722,305,524
389,1023,0,205,1023,0,433,486,305,408,617,724,718,305,524
309,1023,0,137,994,0,462,548,305,427,617,678,673,305,524
405,1023,0,341,1023,0,459,479,305,454,617,778,770,305,524
326,1023,0,140,1023,0,643,829,305,618,617,696,685,305,524
424,1023,0,300,1023,0,515,611,305,490,617,746,730,305,524
313,1023,0,202,1023,0,662,846,305,646,617,492,481,305,524
400,1023,0,179,1023,0,603,764,305,577,617,700,689,305,524
355,1023,0,233,1023,0,433,495,305,409,617,741,737,305,524
401,1023,0,201,1023,0,524,631,305,504,617,683,671,305,524
374,1023,0,175,1023,0,662,844,305,638,617,722,711,305,524
385,1023,0,257,1023,0,561,700,305,532,617,737,729,305,524
295,1023,0,144,1023,0,568,713,305,541,617,698,686,305,524
334,1023,0,119,853,0,546,682,305,512,617,692,683,305,524
397,1023,0,240,1023,0,507,610,305,475,617,650,628,305,524
339,1023,0,254,1023,0,569,712,305,542,617,743,727,305,524
433,1023,0,204,1023,0,383,377,305,384,617,725,704,305,524
391,1023,0,248,1023,0,730,943,306,719,617,720,710,305,524
373,1023,0,182,1023,0,519,634,305,489,617,689,675,305,524
496,1023,0,287,1023,0,525,625,305,498,617,758,746,305,524
356,1023,0,185,1023,0,592,748,305,570,617,704,694,305,524
249,1023,0,135,1023,0,751,980,306,743,617,723,719,305,524
438,1023,0,300,1023,0,468,502,305,442,617,744,727,305,524
428,1023,0,197,1023,0,347,372,305,331,617,747,736,305,524
303,1023,0,128,946,0,548,694,305,516,617,748,739,305,524
791,1023,0,526,1023,0,606,733,305,586,617,776,765,305,524
475,1023,0,341,1023,0,540,652,305,513,617,760,742,305,524
454,1023,0,265,1023,0,628,799,305,601,617,762,752,305,524
384,1023,0,213,1023,0,583,738,305,555,617,730,724,305,524
505,1023,0,502,1023,0,685,878,305,671,617,811,781,305,524
258,1023,0,130,949,0,460,521,305,430,617,664,652,305,524
363,1023,0,144,1023,0,735,946,306,725,617,716,705,305,524
321,1023,0,184,1023,0,449,470,305,415,617,725,720,305,524
514,1023,0,446,1023,0,385,402,305,391,617,755,739,305,529
462,1023,0,412,1023,0,730,928,306,720,617,765,745,305,529
408,1023,0,173,1023,0,554,688,305,521,617,719,693,305,529
364,1023,0,189,1023,0,374,364,305,351,617,691,682,305,529
304,1023,0,145,1023,0,771,990,306,764,617,689,683,305,529
277,1023,0,156,1023,0,553,702,305,527,617,682,677,305,529
469,1023,0,387,1023,0,382,395,305,396,617,741,726,305,529
640,1023,0,248,1023,0,568,677,305,543,617,727,660,305,529
257,1023,0,205,1023,0,394,388,305,332,617,433,378,305,529
446,1023,0,232,1023,0,589,711,305,688,617,812,744,305,529
421,1023,0,302,1023,0,410,391,305,393,617,691,663,305,529
665,1023,0,472,1023,0,787,986,306,782,617,808,789,305,529
369,1023,0,145,1023,0,480,525,305,463,617,701,693,305,529
435,1023,0,241,1023,0,299,351,305,352,617,741,733,305,529
352,1023,0,133,886,0,731,945,306,721,617,700,693,305,529
472,1023,0,189,1023,0,592,729,305,569,617,705,665,305,529
446,1023,0,305,1023,0,692,883,305,680,617,726,701,305,529
256,1023,0,182,1023,0,737,954,306,730,617,715,706,305,529
232,1023,0,116,679,0,558,692,305,525,617,392,362,305,529
329,1023,0,193,1023,0,441,420,305,431,617,691,686,305,529
403,1023,0,244,1023,0,775,992,306,767,617,738,736,305,529
356,1023,0,203,1023,0,570,709,305,546,617,728,702,305,529
463,1023,0,201,1023,0,520,618,305,489,617,743,730,305,529
602,1023,0,364,1023,0,692,881,305,676,618,800,782,305,529
312,1023,0,178,1023,0,468,552,305,449,618,716,712,305,529
298,1023,0,131,1011,0,523,652,305,491,618,708,703,305,529
461,1023,0,361,1023,0,736,939,306,727,618,732,709,305,529
338,1023,0,150,1023,0,512,616,305,485,618,687,680,305,529
334,1023,0,196,1023,0,616,792,305,595,618,682,666,305,529
543,1023,0,276,1023,0,573,693,305,548,618,749,735,305,529
634,1023,0,601,1023,0,789,992,306,783,618,815,783,305,529
315,1023,0,102,770,0,424,417,305,419,618,665,657,305,529
481,1023,0,327,1023,0,727,932,306,717,618,680,665,305,529
429,1023,0,304,1023,0,398,400,305,391,618,712,708,305,529
514,1023,0,470,1023,0,463,478,305,462,618,774,743,305,529
419,1023,0,289,1023,0,394,389,305,407,618,706,691,305,529
453,1023,0,483,1023,0,823,1023,306,821,618,743,715,305,529
293,1023,0,149,1023,0,531,653,305,501,618,685,678,305,529
408,1023,0,368,1023,0,591,745,305,565,618,757,744,305,529
322,1023,0,126,887,0,437,478,305,410,618,670,655,305,529
326,1023,0,178,1023,0,514,620,305,486,618,710,699,305,529
378,1023,0,272,1023,0,465,514,305,436,618,466,444,305,529
526,1023,0,350,1023,0,646,807,305,624,618,760,719,305,529
435,1023,0,315,1023,0,522,597,305,492,618,771,762,305,529
425,1023,0,259,1023,0,195,361,305,197,618,731,717,305,529
391,1023,0,247,1023,0,631,802,305,608,618,744,737,305,529
670,1023,0,393,1023,0,593,720,305,568,618,770,753,305,529
524,1023,0,271,1023,0,349,370,305,312,618,744,739,305,529
391,1023,0,234,1023,0,632,815,305,609,618,725,714,305,529
430,1023,0,158,1023,0,403,396,305,431,618,652,632,305,529
398,1023,0,206,1023,0,611,777,305,585,618,721,709,305,529
340,1023,0,211,1023,0,463,433,305,460,618,773,764,305,529
376,1023,0,244,1023,0,594,751,305,570,618,735,714,305,529
686,1023,0,416,1023,0,588,701,305,566,618,788,755,305,529
196,1023,0,204,1023,0,460,531,305,451,618,475,466,305,529
439,1023,0,227,1023,0,652,832,305,637,618,707,690,305,529
340,1023,0,128,848,0,734,946,306,724,618,720,714,305,529
429,1023,0,238,1023,0,471,497,305,457,618,715,704,305,529
481,1023,0,258,1023,0,724,912,305,710,618,731,708,305,529
362,1023,0,167,1023,0,486,560,305,468,618,739,733,305,529
527,1023,0,521,1023,0,721,919,305,708,618,777,756,305,529
326,1023,0,200,1023,0,420,415,305,399,618,717,709,305,529
386,1023,0,226,1023,0,729,937,306,716,618,748,727,305,529
446,1023,0,363,1023,0,512,603,305,487,618,772,749,305,529
427,1023,0,298,1023,0,655,836,305,632,618,762,749,305,529
505,1023,0,305,1023,0,560,664,305,533,618,765,749,305,529
393,1023,0,241,1023,0,375,378,305,388,618,705,692,305,535
525,1023,0,329,1023,0,523,609,305,500,618,749,741,305,535
422,1023,0,315,1023,0,385,402,305,394,618,740,729,305,535
304,1023,0,164,1023,0,537,673,305,506,618,728,725,305,535
363,1023,0,298,1023,0,488,562,305,456,618,717,703,305,535
443,1023,0,277,1023,0,772,989,306,765,618,740,728,305,535
367,1023,0,179,1023,0,653,834,305,630,618,731,718,305,535
452,1023,0,300,1023,0,482,478,305,469,618,704,692,305,535
562,1023,0,441,1023,0,780,995,306,773,618,761,746,305,535
802,1023,0,538,1023,0,877,1023,307,881,618,813,790,305,535
501,1023,0,409,1023,0,653,789,305,645,619,759,728,305,535
485,1023,0,371,1023,0,497,541,305,483,619,739,725,305,535
481,1023,0,341,1023,0,422,411,305,414,619,762,754,305,535
371,1023,0,371,1023,0,376,381,305,395,619,678,662,305,535
637,1023,0,497,1023,0,815,1020,306,812,619,770,752,305,535
346,1023,0,193,1023,0,528,636,305,500,619,695,691,305,535
278,1023,0,154,1023,0,500,594,305,460,619,629,623,305,535
316,1023,0,142,1023,0,534,662,305,507,619,689,682,305,535
313,1023,0,132,886,0,725,937,306,714,619,719,705,305,535
726,1023,0,451,1023,0,623,745,305,599,619,819,744,305,535
357,1023,0,120,849,0,502,599,305,467,619,717,709,305,535
307,1023,0,98,743,0,525,652,305,490,619,677,670,305,535
299,1023,0,165,1023,0,348,362,305,330,619,670,663,305,535
223,1023,0,154,1023,0,256,374,305,364,619,528,490,305,535
495,1023,0,523,1023,0,458,455,305,477,619,738,721,305,535
575,1023,0,190,1005,0,556,646,305,531,619,741,723,305,535
416,1023,0,236,1023,0,509,602,305,478,619,741,735,305,535
337,1023,0,162,1023,0,457,498,305,422,619,743,737,305,535
771,1023,0,582,1023,0,693,862,305,675,619,785,750,305,535
802,1023,0,500,1023,0,662,835,305,644,619,767,744,305,535
425,1023,0,336,1023,0,456,484,305,433,619,758,751,305,535
350,1023,0,162,1023,0,500,613,305,469,619,696,691,305,535
340,1023,0,200,1023,0,543,666,305,516,619,709,698,305,535
306,1023,0,190,1023,0,569,722,305,547,619,710,703,305,535
322,1023,0,131,1023,0,414,447,305,364,619,689,678,305,535
306,1023,0,165,1023,0,655,836,305,641,619,715,706,305,535
293,1023,0,116,899,0,547,694,305,518,619,691,680,305,535
360,1023,0,176,1023,0,508,606,305,481,619,734,718,305,535
346,1023,0,130,942,0,566,710,305,540,619,650,638,305,535
523,1023,0,411,1023,0,863,1023,306,866,619,705,699,305,535
374,1023,0,135,923,0,476,538,305,448,619,696,684,305,535
308,1023,0,142,1023,0,372,374,305,365,619,670,656,305,535
378,1023,0,268,1023,0,543,659,305,515,619,758,748,305,535
347,1023,0,193,1023,0,516,634,305,485,619,744,729,305,535
334,1023,0,166,1023,0,625,803,305,599,619,727,710,305,535
327,1023,0,121,839,0,601,765,305,574,619,709,703,305,535
286,1023,0,109,807,0,747,972,306,738,619,674,672,305,535
321,1023,0,189,1023,0,471,522,305,448,619,702,694,305,535
278,1023,0,99,793,0,338,362,305,299,619,509,504,305,535
327,1023,0,226,1023,0,462,499,305,441,619,724,718,305,535
505,1023,0,258,1023,0,517,598,305,492,619,734,723,305,535
332,1023,0,166,1023,0,604,769,305,577,619,742,733,305,535
537,1023,0,281,1023,0,530,624,305,504,619,750,741,305,541
333,1023,0,136,984,0,653,842,305,633,619,752,748,305,541
381,1023,0,145,1023,0,476,548,305,449,619,690,676,305,541
440,1023,0,183,1023,0,502,601,305,475,619,765,745,305,541
383,1023,0,207,1023,0,384,400,305,387,619,719,713,305,541
281,1023,0,88,665,0,523,657,305,485,619,639,634,305,541
370,1023,0,177,1023,0,698,898,305,684,619,713,700,305,541
550,1023,0,396,1023,0,492,555,305,478,620,776,766,305,541
367,1023,0,200,1023,0,402,388,305,406,620,722,702,305,541
284,1023,0,135,1023,0,615,794,305,588,620,698,690,305,541
523,1023,0,344,1023,0,786,999,306,780,620,769,754,305,541
355,1023,0,187,1023,0,600,760,305,577,620,722,717,305,541
371,1023,0,158,1023,0,441,462,305,421,620,716,691,305,541
453,1023,0,557,1023,0,580,707,305,569,620,769,753,305,541
309,1023,0,173,1023,0,381,374,305,363,620,704,693,305,541
466,1023,0,400,1023,0,436,417,305,448,620,748,735,305,541
316,1023,0,144,1023,0,525,655,305,489,620,636,626,305,541
615,1023,0,450,1023,0,502,539,305,519,620,796,751,305,541
433,1023,0,195,1023,0,554,686,305,528,620,742,732,305,541
290,1023,0,104,847,0,713,925,306,700,620,687,675,305,541
301,1023,0,124,972,0,491,587,305,463,620,678,645,305,541
431,1023,0,237,1023,0,372,385,305,389,620,733,719,305,541
259,1023,0,217,1023,0,360,349,305,359,620,445,434,305,541
396,1023,0,214,1023,0,471,513,305,452,620,763,750,305,541
441,1023,0,198,971,0,591,736,305,562,620,703,698,305,541
289,1023,0,88,677,0,636,820,305,618,620,665,658,305,541
271,1023,0,128,979,0,589,751,305,561,620,684,671,305,541
733,1023,0,588,1023,0,544,639,305,525,620,801,779,305,541
383,1023,0,170,1023,0,424,440,305,407,620,709,705,305,541
345,1023,0,151,1023,0,548,688,305,515,620,705,690,305,541
409,1023,0,246,1023,0,859,1023,306,862,620,744,727,305,541
746,1023,0,676,1023,0,572,667,305,552,620,800,773,305,541
345,1023,0,131,968,0,647,835,305,627,620,715,708,305,541
450,1023,0,210,1023,0,446,486,305,439,620,750,742,305,541
524,1023,0,344,1023,0,416,434,305,412,620,670,654,305,541
392,1023,0,203,1023,0,498,579,305,471,620,711,703,305,541
479,1023,0,197,1023,0,487,520,305,473,620,745,729,305,541
469,1023,0,315,1023,0,457,484,305,427,620,725,714,305,541
415,1023,0,182,1023,0,637,822,305,613,620,736,729,305,541
486,1023,0,290,1023,0,549,673,305,521,620,772,763,305,541
376,1023,0,200,1023,0,563,704,305,531,620,718,705,305,541
462,1023,0,294,1023,0,499,573,305,465,620,754,739,305,541
442,1023,0,254,1023,0,546,665,305,518,620,735,716,305,541
503,1023,0,383,1023,0,476,511,305,456,620,751,734,305,541
325,1023,0,161,1023,0,352,356,305,364,620,661,654,305,541
381,1023,0,261,1023,0,499,587,305,480,620,749,736,305,541
305,1023,0,222,1023,0,629,809,305,605,620,710,697,305,541
482,1023,0,446,1023,0,545,663,305,519,620,762,749,305,541
480,1023,0,246,1023,0,522,608,305,492,620,724,715,305,541
489,1023,0,306,1023,0,544,647,305,523,620,734,733,305,541
750,1023,0,612,1023,0,445,469,305,451,620,801,770,305,541
359,1023,0,455,1023,0,811,1023,306,807,620,781,766,305,541
301,1023,0,120,909,0,402,411,305,365,620,686,681,305,541
390,1023,0,168,1023,0,457,507,305,431,620,709,696,305,541
384,1023,0,202,1023,0,597,753,305,573,620,731,725,305,541
578,1023,0,376,1023,0,590,735,305,566,620,761,749,305,541
382,1023,0,132,912,0,725,940,306,715,620,720,714,305,541
422,1023,0,217,1023,0,377,373,305,334,620,733,718,305,541
317,1023,0,102,813,0,741,963,306,731,620,652,645,305,541
309,1023,0,149,1023,0,547,687,305,519,620,699,689,305,541
515,1023,0,425,1023,0,591,726,305,564,620,778,768,305,541
329,1023,0,135,983,0,741,960,306,731,620,712,699,305,541
376,1023,0,132,933,0,473,547,305,443,621,696,691,305,547
341,1023,0,144,1006,0,222,341,305,300,621,732,723,305,547
539,1023,0,300,1023,0,572,696,305,544,621,781,773,305,547
496,1023,0,303,1023,0,595,728,305,572,621,764,753,305,547
430,1023,0,312,1023,0,543,667,305,518,621,748,737,305,547
678,1023,0,353,1023,0,503,579,305,485,621,802,753,305,547
226,1023,0,215,1023,0,564,723,305,538,621,462,429,305,547
357,1023,0,179,1023,0,484,568,305,456,621,702,697,305,547
474,1023,0,253,1023,0,475,530,305,456,621,741,728,305,547
335,1023,0,137,987,0,568,718,305,539,621,668,660,305,547
482,1023,0,241,1023,0,605,759,305,577,621,751,750,305,547
427,1023,0,209,1023,0,460,500,305,443,621,729,720,305,547
386,1023,0,157,1023,0,615,784,305,590,621,706,696,305,547
282,1023,0,116,891,0,693,900,305,678,621,703,697,305,547
478,1023,0,267,1023,0,764,976,306,757,621,724,711,305,547
576,1023,0,328,1023,0,601,739,305,575,621,772,753,305,547
266,1023,0,261,1023,0,528,653,305,500,621,746,740,305,547
303,1023,0,108,781,0,516,643,305,488,621,665,655,305,547
655,1023,0,459,1023,0,400,398,305,420,621,740,726,305,547
541,1023,0,395,1023,0,435,428,305,427,621,775,758,305,547
478,1023,0,449,1023,0,413,422,305,442,621,744,715,305,547
353,1023,0,167,1023,0,521,636,305,478,621,725,714,305,547
369,1023,0,206,1023,0,744,956,306,735,621,723,711,305,547
357,1023,0,175,1023,0,548,683,305,517,621,753,744,305,547
318,1023,0,187,1023,0,517,642,305,485,621,683,704,305,547
459,1023,0,319,1023,0,348,382,305,397,621,725,712,305,547
557,1023,0,428,1023,0,610,762,305,587,621,778,763,305,547
307,1023,0,238,1023,0,425,420,305,403,621,707,693,305,547
579,1023,0,403,1023,0,759,958,306,749,621,792,770,305,547
407,1023,0,479,1023,0,572,718,305,551,621,737,724,305,547
336,1023,0,124,895,0,469,531,305,426,621,671,659,305,547
309,1023,0,162,1023,0,429,459,305,408,621,679,672,305,547
323,1023,0,118,973,0,547,687,305,513,621,723,717,305,547
438,1023,0,266,1023,0,490,564,305,467,621,689,677,305,547
287,1023,0,136,1009,0,771,1004,306,765,621,725,715,305,547
386,1023,0,311,1023,0,366,392,305,383,621,706,694,305,547
365,1023,0,273,1023,0,851,1023,306,852,621,787,774,305,547
340,1023,0,163,1023,0,588,750,305,559,621,667,651,305,547
382,1023,0,206,1023,0,491,579,305,461,621,686,665,305,547
409,1023,0,156,1010,0,589,742,305,564,621,697,681,305,547
398,1023,0,199,1023,0,554,687,305,523,621,765,750,305,547
382,1023,0,212,1023,0,415,426,305,384,621,724,715,305,547
500,1023,0,336,1023,0,608,762,305,585,621,786,768,305,547
472,1023,0,331,1023,0,596,747,305,569,621,713,686,305,547
743,1023,0,361,1023,0,791,995,306,784,621,786,771,305,547
586,1023,0,508,1023,0,484,494,305,492,621,831,819,305,547
292,1023,0,115,851,0,515,640,305,481,621,683,673,305,547
498,1023,0,223,1023,0,775,1001,306,769,621,762,733,305,547
358,1023,0,110,834,0,315,352,305,333,621,599,581,305,547
402,1023,0,257,1023,0,417,426,305,411,621,652,637,305,547
504,1023,0,382,1023,0,717,896,305,705,621,773,755,305,547
551,1023,0,300,1023,0,544,649,305,522,621,764,752,305,547
578,1023,0,466,1023,0,817,1023,306,816,621,778,758,305,547
401,1023,0,194,1023,0,425,466,305,391,621,689,683,305,547
340,1023,0,209,1023,0,580,736,305,549,621,739,727,305,547
422,1023,0,240,1023,0,575,721,305,547,621,744,737,305,547
354,1023,0,203,1023,0,612,779,305,589,621,737,716,305,547
552,1023,0,438,1023,0,401,420,305,406,622,740,735,305,547
421,1023,0,196,1023,0,719,922,306,705,622,721,713,305,547
317,1023,0,166,1023,0,553,700,305,522,622,694,686,305,547
600,1023,0,335,1023,0,654,834,305,637,622,789,733,305,547
477,1023,0,269,1023,0,655,824,305,633,622,744,728,305,553
445,1023,0,308,1023,0,557,678,305,528,622,745,727,305,553
653,1023,0,603,1023,0,662,826,305,647,622,826,790,305,553
433,1023,0,368,1023,0,419,407,305,470,622,796,777,305,553
376,1023,0,194,1023,0,537,661,305,514,622,739,722,305,553
363,1023,0,181,1023,0,351,375,305,351,622,707,694,305,553
336,1023,0,158,1023,0,541,677,305,510,622,675,676,305,553
467,1023,0,277,1023,0,290,376,305,296,622,727,711,305,553
354,1023,0,192,1023,0,279,362,305,311,622,710,693,305,553
537,1023,0,444,1023,0,450,460,305,468,622,763,752,305,553
258,1023,0,168,1023,0,725,951,306,715,622,708,699,305,553
464,1023,0,336,1023,0,394,381,305,387,622,742,712,305,553
690,1023,0,664,1023,0,601,726,305,580,622,814,779,305,553
281,1023,0,165,1023,0,514,628,305,474,622,721,710,305,553
411,1023,0,332,1023,0,654,829,305,636,622,799,786,305,553
330,1023,0,205,1023,0,445,471,305,432,622,715,703,305,553
333,1023,0,108,823,0,549,688,305,520,622,649,647,305,553
304,1023,0,151,1023,0,612,793,305,591,622,714,713,305,553
383,1023,0,155,1023,0,451,500,305,418,622,723,709,305,553
556,1023,0,321,1023,0,567,682,305,536,622,749,729,305,553
301,1023,0,132,1008,0,552,694,305,527,622,670,667,305,553
447,1023,0,214,1023,0,566,715,305,541,622,750,737,305,553
362,1023,0,194,1023,0,662,855,305,647,622,733,722,305,553
427,1023,0,323,1023,0,414,438,305,423,622,791,780,305,553
333,1023,0,164,1023,0,531,655,305,505,622,725,718,305,553
345,1023,0,123,846,0,533,661,305,503,622,659,655,305,553
456,1023,0,263,1023,0,539,654,305,509,622,734,720,305,553
347,1023,0,215,1023,0,387,375,305,394,622,699,690,305,553
523,1023,0,337,1023,0,679,857,305,658,622,777,768,305,553
469,1023,0,306,1023,0,424,443,305,400,622,741,724,305,553
314,1023,0,165,1023,0,244,350,305,292,622,655,654,305,553
352,1023,0,204,1023,0,323,344,305,360,622,743,727,305,553
393,1023,0,176,1023,0,334,359,305,285,622,704,699,305,553
439,1023,0,278,1023,0,518,630,305,491,622,745,729,305,553
523,1023,0,284,1023,0,561,674,305,538,622,766,750,305,553
428,1023,0,378,1023,0,458,477,305,485,622,735,720,305,553
413,1023,0,174,1023,0,488,549,305,457,622,708,697,305,553
758,1023,0,529,1023,0,554,656,305,538,622,815,778,305,553
392,1023,0,143,863,0,518,633,305,485,622,721,710,305,553
476,1023,0,398,1023,0,516,566,305,514,622,768,752,305,553
440,1023,0,116,621,0,645,744,305,645,622,731,705,305,553
500,1023,0,231,1023,0,529,649,305,500,622,746,732,305,553
447,1023,0,213,1023,0,440,425,305,412,622,737,717,305,553
502,1023,0,228,1023,0,426,410,305,421,622,717,695,305,553
436,1023,0,230,1023,0,604,760,305,578,622,725,716,305,553
328,1023,0,104,784,0,598,767,305,570,622,683,679,305,553
323,1023,0,137,976,0,368,358,305,348,622,703,691,305,553
461,1023,0,234,1023,0,635,801,305,618,622,736,724,305,553
698,1023,0,601,1023,0,797,1021,306,794,622,821,788,305,553
616,1023,0,344,1023,0,574,700,305,548,622,773,743,305,553
304,1023,0,216,1023,0,341,372,305,345,622,482,457,305,553
479,1023,0,439,1023,0,403,405,305,418,623,766,740,305,553
494,1023,0,327,1023,0,544,652,305,520,623,783,768,305,553
413,1023,0,291,1023,0,435,447,305,418,623,736,718,305,553
585,1023,0,441,1023,0,563,680,305,541,623,774,757,305,553
586,1023,0,362,1023,0,543,630,305,516,623,797,767,305,553
824,1023,0,601,1023,0,601,722,305,573,623,803,780,305,553
658,1023,0,292,1023,0,669,822,305,654,623,785,718,305,553
409,1023,0,188,1023,0,546,679,305,518,623,651,638,305,553
402,1023,0,234,1023,0,553,690,305,522,623,773,767,305,553
454,1023,0,410,1023,0,351,342,305,364,623,561,376,305,553
356,1023,0,258,1023,0,459,502,305,435,623,689,675,305,553
442,1023,0,199,1023,0,553,682,305,523,623,739,727,305,553
370,1023,0,287,1023,0,518,604,305,490,623,728,714,305,559
465,1023,0,274,1023,0,450,449,305,437,623,740,727,305,559
340,1023,0,210,1023,0,521,623,305,501,623,717,707,305,559
458,1023,0,208,1023,0,302,379,305,362,623,683,670,305,559
386,1023,0,277,1023,0,415,417,305,443,623,749,738,305,559
329,1023,0,141,1023,0,528,655,305,501,623,691,684,305,559
460,1023,0,235,1023,0,413,411,305,397,623,744,722,305,559
334,1023,0,169,1023,0,614,785,305,586,623,713,702,305,559
665,1023,0,447,1023,0,473,515,305,447,623,781,764,305,559
720,1023,0,401,1023,0,658,840,305,639,623,779,709,305,559
362,1023,0,245,1023,0,329,376,305,377,623,730,728,305,559
289,1023,0,126,987,0,542,685,305,512,623,700,695,305,559
353,1023,0,216,1023,0,470,539,305,446,623,687,679,305,559
557,1023,0,397,1023,0,565,661,305,542,623,767,747,305,559
466,1023,0,422,1023,0,484,543,305,466,623,792,766,305,559
362,1023,0,120,910,0,488,578,305,463,623,626,619,305,559
477,1023,0,198,1023,0,601,747,305,572,623,745,737,305,559
365,1023,0,200,1023,0,611,778,305,587,623,722,715,305,559
375,1023,0,276,1023,0,538,653,305,507,623,730,719,305,559
436,1023,0,151,981,0,542,663,305,512,623,712,696,305,559
417,1023,0,205,1023,0,462,513,305,428,623,679,668,305,559
390,1023,0,250,1023,0,643,823,305,619,623,749,737,305,559
492,1023,0,306,1023,0,751,951,306,741,623,775,761,305,559
489,1023,0,298,1023,0,563,694,305,534,623,747,738,305,559
326,1023,0,154,1023,0,384,376,305,364,623,682,666,305,559
334,1023,0,127,972,0,605,777,305,577,623,699,686,305,559
344,1023,0,299,1023,0,481,560,305,452,623,700,687,305,559
576,1023,0,429,1023,0,802,1007,306,798,623,798,774,305,559
441,1023,0,169,1023,0,581,691,305,649,623,770,705,305,559
559,1023,0,567,1023,0,856,1023,306,858,623,812,800,305,559
302,1023,0,200,1023,0,401,396,305,349,623,730,721,305,559
668,1023,0,318,1023,0,638,788,305,613,623,792,767,305,559
297,1023,0,148,1023,0,538,679,305,512,623,732,727,305,559
399,1023,0,233,1023,0,441,416,305,447,623,737,722,305,559
324,1023,0,161,1023,0,514,614,305,488,623,699,690,305,559
338,1023,0,158,1023,0,669,864,305,654,623,714,705,305,559
460,1023,0,309,1023,0,811,1023,306,807,623,738,730,305,559
346,1023,0,123,898,0,493,576,305,462,623,708,704,305,559
548,1023,0,404,1023,0,655,812,305,631,623,775,761,305,559
413,1023,0,518,1023,0,583,689,305,647,624,819,756,305,559
314,1023,0,169,1023,0,338,360,305,333,624,676,664,305,559
652,1023,0,321,1023,0,783,971,306,776,624,785,739,305,559
277,1023,0,417,1023,0,436,435,305,483,624,798,785,305,559
508,1023,0,258,1023,0,562,684,305,537,624,745,715,305,559
249,1023,0,124,1023,0,332,349,305,295,624,382,384,305,559
303,1023,0,204,1023,0,462,524,305,442,624,741,735,305,559
467,1023,0,279,1023,0,668,852,305,653,624,729,702,305,559
425,1023,0,212,1023,0,730,940,306,719,624,746,731,305,559
346,1023,0,208,1023,0,176,360,305,265,624,683,676,305,559
373,1023,0,202,1023,0,736,947,306,726,624,746,735,305,559
529,1023,0,375,1023,0,481,510,305,490,624,740,717,305,559
290,1023,0,142,1023,0,172,355,305,228,624,722,712,305,559
413,1023,0,232,1023,0,799,1023,306,793,624,714,701,305,559
284,1023,0,151,1023,0,579,740,305,554,624,708,698,305,559
338,1023,0,112,810,0,449,503,305,428,624,678,665,305,564
316,1023,0,293,1023,0,876,1023,306,879,624,787,773,305,564
251,1023,0,112,824,0,496,597,305,467,624,704,697,305,564
388,1023,0,180,1023,0,694,888,305,681,624,703,692,305,564
335,1023,0,142,1023,0,607,779,305,582,624,665,657,305,564
456,1023,0,443,1023,0,435,399,305,421,624,772,760,305,564
705,1023,0,551,1023,0,603,753,305,675,624,828,786,305,564
497,1023,0,260,1023,0,642,801,305,616,624,744,729,305,564
363,1023,0,217,1023,0,541,675,305,518,624,719,708,305,564
734,1023,0,575,1023,0,516,586,305,501,624,773,725,305,564
573,1023,0,344,1023,0,538,651,305,513,624,775,752,305,564
466,1023,0,194,1023,0,601,751,305,575,624,758,745,305,564
512,1023,0,353,1023,0,644,811,305,620,624,755,750,305,564
436,1023,0,213,1023,0,542,663,305,515,624,721,712,305,564
465,1023,0,231,1023,0,640,810,305,615,624,755,747,305,564
522,1023,0,417,1023,0,184,390,305,340,624,768,749,305,564
590,1023,0,653,1023,0,439,497,305,457,624,823,796,305,564
414,1023,0,176,1023,0,555,688,305,528,624,731,721,305,564
637,1023,0,433,1023,0,694,865,305,680,624,806,779,305,564
367,1023,0,231,1023,0,443,504,305,423,624,723,714,305,564
539,1023,0,315,1023,0,590,709,305,564,624,764,741,305,564
420,1023,0,176,1023,0,574,720,305,548,624,721,705,305,564
500,1023,0,483,1023,0,439,422,305,450,624,773,749,305,564
324,1023,0,134,1016,0,474,543,305,446,624,746,743,305,564
372,1023,0,206,1023,0,589,746,305,560,624,712,707,305,564
373,1023,0,214,1023,0,483,527,305,473,624,732,720,305,564
411,1023,0,218,1023,0,420,381,305,411,624,710,707,305,564
436,1023,0,269,1023,0,363,401,305,365,624,761,746,305,564
401,1023,0,285,1023,0,367,382,305,361,624,745,726,305,564
535,1023,0,301,1023,0,402,411,305,396,624,747,731,305,564
421,1023,0,173,1023,0,182,363,305,287,625,692,685,305,564
442,1023,0,304,1023,0,690,882,305,676,625,757,737,305,564
381,1023,0,372,1023,0,415,409,305,427,625,728,707,305,564
446,1023,0,287,1023,0,748,955,306,738,625,754,742,305,564
657,1023,0,583,1023,0,555,667,305,535,625,754,733,305,564
667,1023,0,353,1023,0,691,855,305,672,625,768,723,305,564
360,1023,0,211,1023,0,551,686,305,521,625,763,750,305,564
345,1023,0,214,1023,0,662,850,305,646,625,692,675,305,564
282,1023,0,154,1023,0,540,680,305,510,625,697,692,305,564
391,1023,0,194,1023,0,507,589,305,476,625,730,716,305,564
645,1023,0,426,1023,0,641,796,305,618,625,788,759,305,564
338,1023,0,233,1023,0,385,388,305,405,625,745,736,305,564
468,1023,0,251,1023,0,608,763,305,582,625,730,719,305,564
423,1023,0,384,1023,0,563,685,305,544,625,768,754,305,564
348,1023,0,158,1023,0,661,850,305,638,625,744,736,305,564
429,1023,0,322,1023,0,517,605,305,489,625,744,728,305,564
278,1023,0,131,989,0,554,702,305,524,625,671,662,305,564
298,1023,0,127,917,0,374,365,305,317,625,661,653,305,564
516,1023,0,401,1023,0,648,809,305,631,625,771,748,305,564
397,1023,0,213,1023,0,601,758,305,574,625,741,722,305,564
600,1023,0,543,1023,0,618,764,305,593,625,783,762,305,564
402,1023,0,291,1023,0,614,773,305,593,625,762,752,305,564
473,1023,0,232,1023,0,514,599,305,482,625,751,731,305,564
552,1023,0,444,1023,0,486,518,305,489,625,764,746,305,564
334,1023,0,170,1023,0,572,716,305,547,625,740,731,305,564
564,1023,0,378,1023,0,782,996,306,775,625,807,742,305,564
464,1023,0,204,1023,0,378,391,305,376,625,742,734,305,564
383,1023,0,173,1023,0,691,890,305,676,625,733,709,305,564
720,1023,0,567,1023,0,884,1023,306,889,625,841,807,305,564
559,1023,0,438,1023,0,829,1023,306,828,625,770,744,305,564
363,1023,0,221,1023,0,479,456,305,469,625,725,705,305,564
659,1023,0,555,1023,0,836,1023,306,836,625,809,790,305,564
328,1023,0,188,1023,0,612,778,305,593,625,714,705,305,564
424,1023,0,178,1023,0,558,684,305,528,625,738,729,305,564
492,1023,0,336,1023,0,467,487,305,438,625,758,745,305,564
401,1023,0,230,1023,0,699,895,305,685,625,734,715,305,564
381,1023,0,169,1023,0,399,373,305,423,625,759,750,305,564
461,1023,0,221,1023,0,576,727,305,548,625,709,694,305,564
304,1023,0,152,1023,0,429,473,305,380,625,715,707,305,564
304,1023,0,107,811,0,392,377,305,390,625,684,680,305,564
598,1023,0,545,1023,0,390,423,305,394,625,782,771,305,570
299,1023,0,162,1023,0,632,816,305,613,625,695,684,305,570
605,1023,0,367,1023,0,514,584,305,487,625,785,770,305,570
415,1023,0,307,1023,0,666,848,305,650,625,756,732,305,570
676,1023,0,612,1023,0,429,449,305,452,625,758,739,305,570
278,1023,0,100,758,0,419,377,305,411,625,683,670,305,570
792,1023,0,616,1023,0,762,936,306,755,625,778,761,305,570
488,1023,0,204,1023,0,533,650,305,502,625,722,714,305,570
480,1023,0,312,1023,0,421,418,305,414,625,746,735,305,570
570,1023,0,280,1023,0,632,791,305,605,625,752,743,305,570
507,1023,0,191,1023,0,635,795,305,612,625,721,710,305,570
326,1023,0,209,1023,0,606,775,305,580,625,720,712,305,570
319,1023,0,168,1023,0,638,822,305,612,625,691,672,305,570
435,1023,0,364,1023,0,414,398,305,422,625,561,509,305,570
327,1023,0,268,1023,0,561,680,305,531,625,717,705,305,570
424,1023,0,171,1023,0,580,721,305,551,625,725,711,305,570
568,1023,0,415,1023,0,560,683,305,536,625,777,759,305,570
457,1023,0,292,1023,0,681,864,305,663,625,768,746,305,570
404,1023,0,176,1023,0,449,478,305,411,625,738,732,305,570
378,1023,0,158,1023,0,464,535,305,435,625,709,700,305,570
310,1023,0,152,1023,0,521,634,305,500,625,712,706,305,570
374,1023,0,245,1023,0,509,607,305,486,625,693,673,305,570
511,1023,0,287,1023,0,482,534,305,466,625,757,735,305,570
640,1023,0,529,1023,0,560,669,305,543,625,796,771,305,570
390,1023,0,228,1023,0,557,692,305,527,625,732,713,305,570
394,1023,0,206,1023,0,546,674,305,521,626,704,687,305,570
686,1023,0,532,1023,0,582,675,305,561,626,807,768,305,570
281,1023,0,114,862,0,559,707,305,527,626,646,651,305,570
287,1023,0,132,982,0,313,349,305,343,626,696,686,305,570
547,1023,0,500,1023,0,430,430,305,443,626,758,748,305,570
758,1023,0,477,1023,0,614,778,305,593,626,812,765,305,570
431,1023,0,189,1023,0,807,1023,306,804,626,734,721,305,570
379,1023,0,343,1023,0,780,997,306,774,626,738,713,305,570
386,1023,0,184,1023,0,644,825,305,618,626,736,727,305,570
405,1023,0,184,1023,0,579,736,305,555,626,733,722,305,570
345,1023,0,142,1023,0,628,810,305,602,626,692,688,305,570
566,1023,0,309,1023,0,321,380,305,360,626,717,705,305,570
546,1023,0,401,1023,0,475,499,305,447,626,742,723,305,570
365,1023,0,179,1023,0,568,715,305,535,626,724,703,305,570
406,1023,0,227,1023,0,664,846,305,647,626,739,725,305,570
322,1023,0,155,1023,0,502,607,305,468,626,706,697,305,570
319,1023,0,157,1023,0,658,851,305,640,626,705,700,305,570
357,1023,0,175,1023,0,582,737,305,555,626,729,723,305,570
339,1023,0,196,1023,0,535,658,305,505,626,721,716,305,570
357,1023,0,241,1023,0,470,485,305,454,626,759,750,305,570
358,1023,0,228,1023,0,631,802,305,606,626,738,731,305,570
573,1023,0,332,1023,0,857,1023,306,859,626,769,752,305,570
319,1023,0,145,1023,0,398,364,305,413,626,673,668,305,570
546,1023,0,380,1023,0,418,412,305,427,626,772,755,305,570
366,1023,0,189,1023,0,550,682,305,531,626,728,710,305,570
438,1023,0,187,1023,0,568,697,305,540,626,738,728,305,570
406,1023,0,233,1023,0,553,681,305,531,626,747,742,305,570
383,1023,0,154,996,0,476,545,305,433,626,712,704,305,570
337,1023,0,173,1023,0,423,442,305,400,626,719,713,305,570
735,1023,0,393,1023,0,525,563,305,503,626,769,698,305,570
408,1023,0,259,1023,0,544,669,305,512,626,714,704,305,570
586,1023,0,338,1023,0,448,450,305,423,626,713,695,305,570
374,1023,0,163,1023,0,577,726,305,547,626,740,726,305,570
417,1023,0,180,1023,0,590,731,305,561,626,747,728,305,570
456,1023,0,213,1023,0,463,517,305,433,626,742,725,305,570
391,1023,0,175,1023,0,583,741,305,563,626,733,727,305,570
519,1023,0,287,1023,0,493,564,305,462,626,722,714,305,570
507,1023,0,451,1023,0,434,455,305,425,626,739,722,305,576
562,1023,0,277,1023,0,672,847,305,650,626,757,749,305,576
361,1023,0,186,1023,0,556,686,305,529,626,714,697,305,576
438,1023,0,171,1023,0,569,708,305,534,626,737,724,305,576
493,1023,0,372,1023,0,812,1023,306,808,626,740,711,305,576
411,1023,0,344,1023,0,589,733,305,565,626,752,728,305,576
482,1023,0,333,1023,0,562,685,305,537,626,755,732,305,576
477,1023,0,325,1023,0,465,487,305,448,626,757,746,305,576
486,1023,0,361,1023,0,569,692,305,541,626,743,728,305,576
525,1023,0,464,1023,0,808,1023,306,803,626,782,759,305,576
377,1023,0,145,999,0,601,766,305,574,626,699,694,305,576
533,1023,0,321,1023,0,782,990,306,777,626,794,781,305,576
366,1023,0,411,1023,0,568,708,305,542,626,712,700,305,576
630,1023,0,641,1023,0,438,430,305,455,626,780,765,305,576
324,1023,0,140,1023,0,339,385,305,313,626,686,672,305,576
358,1023,0,380,1023,0,301,359,305,345,627,706,692,305,576
569,1023,0,553,1023,0,439,478,305,456,627,776,751,305,576
360,1023,0,182,1023,0,319,376,305,307,627,690,680,305,576
465,1023,0,180,1023,0,654,835,305,628,627,730,723,305,576
258,1023,0,266,1023,0,492,579,305,468,627,713,704,305,576
494,1023,0,282,1023,0,634,799,305,609,627,759,745,305,576
468,1023,0,167,1013,0,606,769,305,581,627,735,730,305,576
383,1023,0,209,1023,0,556,686,305,536,627,717,705,305,576
439,1023,0,236,1023,0,518,624,305,494,627,722,707,305,576
397,1023,0,282,1023,0,469,521,305,446,627,743,721,305,576
639,1023,0,449,1023,0,772,987,306,766,627,777,744,305,576
441,1023,0,168,1023,0,667,852,305,650,627,717,699,305,576
475,1023,0,284,1023,0,427,443,305,411,627,763,746,305,576
379,1023,0,264,1023,0,844,1023,306,844,627,748,740,305,576
347,1023,0,162,1023,0,686,884,305,672,627,727,716,305,576
579,1023,0,343,1023,0,353,385,305,366,627,759,744,305,576
350,1023,0,157,1023,0,434,452,305,418,627,706,699,305,576
401,1023,0,221,1023,0,709,893,305,695,627,789,779,305,576
446,1023,0,360,1023,0,635,801,305,612,627,756,736,305,576
746,1023,0,392,1023,0,832,1023,307,831,627,775,713,305,576
276,1023,0,133,1023,0,544,689,305,513,627,700,690,305,576
391,1023,0,216,1023,0,288,367,305,328,627,689,676,305,576
398,1023,0,180,1023,0,349,360,305,364,627,730,720,305,576
437,1023,0,243,1023,0,608,770,305,582,627,759,746,305,576
394,1023,0,213,1023,0,683,873,305,666,627,701,683,305,576
349,1023,0,168,1023,0,649,827,305,627,627,707,696,305,576
387,1023,0,210,1023,0,349,383,305,349,627,710,694,305,576
314,1023,0,142,1023,0,569,726,305,538,627,666,659,305,576
337,1023,0,157,1023,0,510,613,305,467,627,713,692,305,576
423,1023,0,205,1023,0,467,518,305,445,627,675,656,305,576
356,1023,0,228,1023,0,620,789,305,599,627,732,723,305,576
330,1023,0,206,1023,0,503,622,305,479,627,741,731,305,576
630,1023,0,476,1023,0,693,864,305,673,627,805,774,305,576
681,1023,0,367,1023,0,788,1011,306,781,627,797,723,305,576
530,1023,0,198,1023,0,724,903,305,712,627,737,719,305,576
591,1023,0,625,1023,0,545,659,305,521,627,800,790,305,576
347,1023,0,141,1023,0,717,926,306,705,627,656,652,305,576
562,1023,0,413,1023,0,395,425,305,405,627,752,737,305,576
493,1023,0,441,1023,0,448,446,305,425,627,775,750,305,576
290,1023,0,216,1023,0,601,763,305,574,627,756,741,305,576
420,1023,0,284,1023,0,477,535,305,443,627,745,723,305,576
549,1023,0,431,1023,0,877,1023,307,881,627,776,759,305,576
796,1023,0,551,1023,0,722,921,306,710,627,798,725,305,576
474,1023,0,285,1023,0,751,957,306,742,627,791,777,305,576
380,1023,0,192,1023,0,407,394,305,385,627,719,709,305,576
368,1023,0,152,1023,0,736,955,306,727,627,695,681,305,576
676,1023,0,412,1023,0,344,419,305,379,627,768,750,305,576
339,1023,0,170,1023,0,512,630,305,479,627,667,687,305,576
302,1023,0,203,1023,0,706,911,305,693,627,725,717,305,576
442,1023,0,266,1023,0,612,770,305,587,627,737,729,305,576
307,1023,0,157,1023,0,475,555,305,443,627,705,693,305,576
480,1023,0,285,1023,0,784,1006,306,779,627,741,724,305,576
604,1023,0,570,1023,0,444,449,305,446,627,740,725,305,576
397,1023,0,216,1023,0,460,508,305,439,627,733,723,305,576
335,1023,0,213,1023,0,460,497,305,447,627,717,709,305,576
543,1023,0,486,1023,0,770,963,306,763,627,788,767,305,576
505,1023,0,412,1023,0,619,770,305,598,627,771,753,305,576
386,1023,0,145,900,0,537,668,305,502,627,712,710,305,576
548,1023,0,296,1023,0,756,971,306,748,627,789,764,305,576
402,1023,0,160,1023,0,674,860,305,657,627,717,704,305,576
309,1023,0,170,1023,0,435,420,305,395,627,658,652,305,576
425,1023,0,282,1023,0,530,638,305,505,627,747,720,305,576
712,1023,0,362,1023,0,516,620,305,498,627,760,698,305,576
590,1023,0,484,1023,0,831,1023,306,829,627,826,810,305,576
379,1023,0,207,1023,0,435,410,305,413,627,732,716,305,582
534,1023,0,375,1023,0,528,609,305,503,628,751,740,305,582
304,1023,0,148,1023,0,695,903,305,681,628,677,665,305,582
398,1023,0,179,1023,0,584,735,305,558,628,742,728,305,582
567,1023,0,334,1023,0,698,885,305,684,628,805,788,305,582
615,1023,0,360,1023,0,580,699,305,556,628,750,701,305,582
396,1023,0,283,1023,0,415,407,305,413,628,733,719,305,582
658,1023,0,421,1023,0,831,1023,306,828,628,811,766,305,582
365,1023,0,206,1023,0,405,385,305,406,628,646,636,305,582
327,1023,0,118,904,0,408,411,305,371,628,629,615,305,582
453,1023,0,400,1023,0,384,407,305,421,628,752,742,305,582
351,1023,0,190,1023,0,307,352,305,299,628,716,699,305,582
443,1023,0,300,1023,0,452,408,305,452,628,742,722,305,582
548,1023,0,401,1023,0,596,739,305,575,628,793,751,305,582
468,1023,0,492,1023,0,840,1023,306,839,628,809,784,305,582
499,1023,0,335,1023,0,630,772,305,610,628,768,756,305,582
362,1023,0,221,1023,0,356,362,305,368,628,706,695,305,582
333,1023,0,142,1023,0,567,716,305,540,628,674,667,305,582
516,1023,0,311,1023,0,686,870,305,666,628,748,738,305,582
400,1023,0,291,1023,0,598,756,305,571,628,762,750,305,582
326,1023,0,137,1021,0,795,1023,306,790,628,695,681,305,582
540,1023,0,486,1023,0,817,1023,306,812,628,789,773,305,582
474,1023,0,213,1023,0,472,534,305,460,628,694,682,305,582
378,1023,0,229,1023,0,343,376,305,350,628,676,670,305,582
545,1023,0,424,1023,0,861,1023,306,863,628,767,757,305,582
445,1023,0,228,1023,0,767,988,306,760,628,730,720,305,582
620,1023,0,316,1023,0,532,631,305,506,628,786,771,305,582
430,1023,0,279,1023,0,713,918,305,693,628,757,749,305,582
380,1023,0,207,1023,0,776,1001,306,770,628,737,732,305,582
572,1023,0,319,1023,0,740,927,306,729,628,765,751,305,582
378,1023,0,209,1023,0,520,635,305,488,628,717,712,305,582
464,1023,0,221,1023,0,712,919,305,699,628,719,707,305,582
311,1023,0,176,1023,0,410,414,305,379,628,713,701,305,582
571,1023,0,453,1023,0,541,655,305,519,628,802,792,305,582
371,1023,0,165,1023,0,463,484,305,431,628,684,670,305,582
628,1023,0,556,1023,0,676,847,305,660,628,792,780,305,582
494,1023,0,259,1023,0,478,520,305,449,628,687,693,305,582
396,1023,0,199,1023,0,640,812,305,616,628,748,733,305,582
286,1023,0,169,1023,0,469,550,305,439,628,697,694,305,582
600,1023,0,424,1023,0,467,483,305,450,628,787,770,305,582
362,1023,0,164,1023,0,564,709,305,541,628,739,729,305,582
360,1023,0,182,1023,0,516,640,305,491,628,722,713,305,582
357,1023,0,203,1023,0,655,843,305,635,628,734,723,305,582
375,1023,0,191,1023,0,516,614,305,487,628,725,709,305,582
399,1023,0,376,1023,0,663,824,305,650,628,756,741,305,582
304,1023,0,111,805,0,554,700,305,523,628,696,693,305,582
628,1023,0,373,1023,0,644,821,305,624,628,755,734,305,582
502,1023,0,435,1023,0,740,951,306,727,628,813,800,305,582
358,1023,0,236,1023,0,434,436,305,424,628,723,714,305,582
404,1023,0,241,1023,0,625,792,305,600,628,718,698,305,582
577,1023,0,374,1023,0,421,431,305,406,628,718,702,305,582
777,1023,0,614,1023,0,520,572,305,502,628,794,742,305,582
733,1023,0,671,1023,0,619,739,305,609,628,819,793,305,582
362,1023,0,250,1023,0,737,947,306,726,628,763,747,305,582
612,1023,0,569,1023,0,868,1023,307,871,628,798,775,305,582
604,1023,0,464,1023,0,640,799,305,618,628,783,768,305,582
344,1023,0,218,1023,0,456,486,305,453,628,747,736,305,582
360,1023,0,157,1023,0,662,853,305,639,628,700,696,305,582
296,1023,0,187,1023,0,491,575,305,465,628,715,710,305,582
344,1023,0,167,1023,0,619,792,305,591,628,708,702,305,582
420,1023,0,223,1023,0,437,424,305,424,628,657,638,305,582
460,1023,0,425,1023,0,426,430,305,484,628,814,790,305,582
463,1023,0,253,1023,0,753,958,306,744,628,755,748,305,582
480,1023,0,268,1023,0,492,562,305,461,628,716,695,305,582
318,1023,0,129,969,0,606,777,305,578,629,710,703,305,582
735,1023,0,504,1023,0,738,925,306,727,629,824,801,305,582
284,1023,0,238,1023,0,476,538,305,449,629,691,678,305,582
521,1023,0,247,1023,0,436,426,305,416,629,726,703,305,582
607,1023,0,343,1023,0,610,732,305,585,629,777,729,305,582
782,1023,0,633,1023,0,493,533,305,475,629,792,731,305,582
514,1023,0,543,1023,0,435,435,305,442,629,769,759,305,582
343,1023,0,186,1023,0,508,614,305,472,629,702,699,305,582
392,1023,0,152,1023,0,570,710,305,539,629,715,700,305,582
302,1023,0,137,1023,0,602,775,305,573,629,693,688,305,582
334,1023,0,117,911,0,144,335,305,325,629,778,776,305,582
464,1023,0,423,1023,0,172,383,305,356,629,740,726,305,582
369,1023,0,135,929,0,637,820,305,614,629,721,693,305,582
407,1023,0,152,1023,0,619,792,305,593,629,715,709,305,582
315,1023,0,137,1023,0,319,348,305,331,629,727,696,305,582
624,1023,0,415,1023,0,714,890,305,703,629,782,766,305,588
646,1023,0,393,1023,0,571,678,305,549,629,758,743,305,588
370,1023,0,167,1023,0,686,884,305,672,629,695,681,305,588
696,1023,0,470,1023,0,678,852,305,657,629,802,788,305,588
442,1023,0,171,1023,0,556,682,305,524,629,717,697,305,588
334,1023,0,163,1023,0,502,577,305,477,629,730,725,305,588
672,1023,0,448,1023,0,809,1023,306,805,629,761,742,305,588
374,1023,0,205,1023,0,609,777,305,581,629,706,702,305,588
531,1023,0,407,1023,0,806,1023,306,803,629,725,723,305,588
287,1023,0,163,1023,0,527,647,305,498,629,675,670,305,588
421,1023,0,238,1023,0,344,371,305,366,629,732,719,305,588
399,1023,0,239,1023,0,658,835,305,643,629,750,743,305,588
754,1023,0,525,1023,0,822,1023,306,820,629,811,778,305,588
345,1023,0,174,1023,0,607,772,305,582,629,735,725,305,588
520,1023,0,355,1023,0,614,773,305,589,629,799,782,305,588
506,1023,0,180,1004,0,492,546,305,458,629,700,682,305,588
309,1023,0,180,1023,0,597,747,305,575,629,691,694,305,588
374,1023,0,260,1023,0,502,600,305,480,629,752,743,305,588
466,1023,0,422,1023,0,582,717,305,555,629,774,758,305,588
385,1023,0,314,1023,0,536,654,305,514,629,722,710,305,588
322,1023,0,318,1023,0,620,757,305,630,629,755,739,305,588
462,1023,0,234,1023,0,705,897,305,692,629,768,751,305,588
471,1023,0,198,1023,0,625,784,305,604,629,758,751,305,588
364,1023,0,190,1023,0,633,805,305,605,629,708,707,305,588
566,1023,0,353,1023,0,377,376,305,347,629,737,722,305,588
398,1023,0,162,1023,0,569,709,305,536,629,722,708,305,588
388,1023,0,186,1023,0,688,885,305,673,629,720,713,305,588
279,1023,0,113,827,0,483,591,305,447,629,687,676,305,588
372,1023,0,315,1023,0,550,637,305,558,629,741,718,305,588
398,1023,0,299,1023,0,613,772,305,590,629,743,727,305,588
330,1023,0,220,1023,0,525,635,305,499,629,753,750,305,588
413,1023,0,209,1023,0,477,546,305,440,629,735,727,305,588
445,1023,0,262,1023,0,410,391,305,401,629,697,677,305,588
339,1023,0,145,1023,0,505,616,305,477,629,730,721,305,588
434,1023,0,313,1023,0,701,901,305,686,629,743,725,305,588
401,1023,0,253,1023,0,504,594,305,483,629,719,711,305,588
440,1023,0,200,1023,0,464,512,305,446,629,684,658,305,588
806,1023,0,526,1023,0,667,802,305,648,629,798,746,305,588
338,1023,0,181,1023,0,342,362,305,334,629,736,725,305,588
467,1023,0,243,1023,0,462,491,305,446,629,720,681,305,588
460,1023,0,337,1023,0,631,792,305,611,629,711,698,305,588
364,1023,0,530,1023,0,531,642,305,512,629,756,741,305,588
425,1023,0,229,1023,0,745,954,306,735,629,738,721,305,588
285,1023,0,198,1023,0,671,872,305,649,629,735,728,305,588
425,1023,0,208,1023,0,567,679,305,543,629,759,746,305,588
574,1023,0,473,1023,0,737,938,306,725,629,763,745,305,588
536,1023,0,252,1023,0,633,791,305,611,629,775,750,305,588
247,1023,0,145,1023,0,700,902,305,686,629,702,695,305,588
495,1023,0,424,1023,0,452,429,305,466,630,746,723,305,588
254,1023,0,151,1023,0,356,366,305,350,630,700,687,305,588
488,1023,0,375,1023,0,736,914,305,724,630,764,748,305,588
749,1023,0,534,1023,0,486,492,305,476,630,781,765,305,588
237,1023,0,102,698,0,628,815,305,607,630,666,660,305,588
384,1023,0,262,1023,0,367,359,305,364,630,682,671,305,588
338,1023,0,199,1023,0,529,655,305,502,630,676,670,305,588
472,1023,0,525,1023,0,782,990,306,774,630,754,731,305,588
570,1023,0,396,1023,0,395,402,305,411,630,759,745,305,588
381,1023,0,202,1023,0,519,634,305,486,630,733,717,305,588
388,1023,0,117,809,0,530,642,305,501,630,692,680,305,588
474,1023,0,218,1023,0,706,886,305,695,630,747,733,305,588
494,1023,0,232,1023,0,537,649,305,504,630,740,726,305,588
439,1023,0,304,1023,0,517,607,305,491,630,739,721,305,588
416,1023,0,304,1023,0,389,396,305,376,630,736,722,305,588
357,1023,0,173,1023,0,551,681,305,525,630,688,679,305,588
568,1023,0,511,1023,0,514,582,305,506,630,790,762,305,588
506,1023,0,347,1023,0,623,774,305,603,630,746,728,305,588
376,1023,0,249,1023,0,514,461,305,517,630,719,692,305,588
346,1023,0,412,1023,0,457,460,305,454,630,767,747,305,588
304,1023,0,354,1023,0,478,447,305,477,630,720,704,305,588
344,1023,0,224,1023,0,442,457,305,428,630,730,720,305,588
312,1023,0,123,906,0,540,683,305,510,630,684,677,305,588
357,1023,0,216,1023,0,476,549,305,457,630,726,717,305,588
414,1023,0,140,886,0,576,718,305,547,630,722,713,305,593
356,1023,0,195,1023,0,451,496,305,421,630,739,731,305,593
353,1023,0,154,1023,0,539,671,305,511,630,667,689,305,593
299,1023,0,109,799,0,518,648,305,485,630,715,700,305,593
607,1023,0,460,1023,0,643,814,305,619,630,781,716,305,593
347,1023,0,158,1023,0,529,646,305,500,630,720,715,305,593
354,1023,0,186,1023,0,557,697,305,530,630,724,716,305,593
425,1023,0,338,1023,0,369,385,305,345,630,735,723,305,593
378,1023,0,199,1023,0,597,725,305,582,630,739,725,305,593
374,1023,0,185,1023,0,633,812,305,606,630,737,731,305,593
509,1023,0,324,1023,0,392,397,305,391,630,773,756,305,593
405,1023,0,212,1023,0,388,397,305,396,630,697,691,305,593
358,1023,0,170,1023,0,493,590,305,461,630,719,716,305,593
387,1023,0,212,1023,0,462,524,305,425,630,707,696,305,593
472,1023,0,301,1023,0,408,410,305,418,630,799,785,305,593
372,1023,0,216,1023,0,345,357,305,376,630,702,694,305,593
439,1023,0,307,1023,0,374,404,305,411,630,736,716,305,593
425,1023,0,170,1023,0,552,679,305,528,630,724,706,305,593
370,1023,0,244,1023,0,602,761,305,575,630,734,727,305,593
316,1023,0,110,732,0,622,797,305,597,630,682,671,305,593
306,1023,0,107,836,0,385,382,305,328,630,674,647,305,593
326,1023,0,218,1023,0,625,790,305,599,630,721,706,305,593
394,1023,0,422,1023,0,852,1023,306,854,630,791,778,305,593
481,1023,0,422,1023,0,709,892,305,696,630,811,793,305,593
403,1023,0,191,1023,0,615,767,305,588,630,733,725,305,593
304,1023,0,115,833,0,685,886,305,668,630,705,697,305,593
361,1023,0,179,1023,0,454,502,305,415,630,669,656,305,593
497,1023,0,284,1023,0,345,388,305,336,630,748,732,305,593
687,1023,0,538,1023,0,735,899,305,724,630,751,709,305,593
375,1023,0,215,1023,0,496,595,305,459,630,679,673,305,593
403,1023,0,189,1023,0,469,532,305,433,630,711,701,305,593
401,1023,0,235,1023,0,405,403,305,425,630,741,733,305,593
399,1023,0,148,1023,0,278,366,305,342,630,685,672,305,593
716,1023,0,468,1023,0,670,824,305,655,630,789,735,305,593
309,1023,0,385,1023,0,746,958,306,738,630,745,726,305,593
293,1023,0,183,1023,0,456,479,305,428,630,664,661,305,593
344,1023,0,172,1023,0,675,867,305,655,630,697,677,305,593
335,1023,0,263,1023,0,457,492,305,429,630,724,711,305,593
391,1023,0,189,1023,0,493,564,305,471,630,725,709,305,593
714,1023,0,558,1023,0,865,1023,306,865,630,809,792,305,593
463,1023,0,216,1023,0,577,718,305,551,630,741,731,305,593
382,1023,0,182,1023,0,320,356,305,365,631,689,681,305,593
443,1023,0,463,1023,0,627,800,305,605,631,798,782,305,593
335,1023,0,168,1023,0,761,981,306,752,631,692,680,305,593
469,1023,0,252,1023,0,651,821,305,646,631,745,729,305,593
482,1023,0,284,1023,0,545,649,305,527,631,778,760,305,593
294,1023,0,96,689,0,561,710,305,532,631,683,673,305,593
494,1023,0,447,1023,0,852,1023,306,853,631,775,758,305,593
387,1023,0,137,998,0,574,723,305,545,631,717,713,305,593
441,1023,0,213,1023,0,363,379,305,358,631,746,730,305,593
330,1023,0,125,845,0,734,949,306,722,631,702,692,305,593
460,1023,0,274,1023,0,534,648,305,504,631,731,713,305,593
783,1023,0,569,1023,0,657,794,305,639,631,797,781,305,593
286,1023,0,236,1023,0,575,729,305,547,631,678,673,305,593
419,1023,0,386,1023,0,364,381,305,347,631,763,751,305,593
317,1023,0,186,1023,0,546,683,305,516,631,712,703,305,593
368,1023,0,173,1023,0,846,1023,306,847,631,737,727,305,593
401,1023,0,348,1023,0,615,780,305,589,631,722,701,305,593
348,1023,0,139,999,0,543,676,305,515,631,714,703,305,593
303,1023,0,112,867,0,616,793,305,588,631,663,662,305,593
310,1023,0,153,1023,0,570,718,305,542,631,698,694,305,593
330,1023,0,214,1023,0,726,940,306,715,631,738,729,305,593
744,1023,0,419,1023,0,537,577,305,522,631,781,747,305,593
333,1023,0,188,1023,0,372,378,305,398,631,656,643,305,599
290,1023,0,147,1023,0,426,450,305,406,631,684,681,305,599
411,1023,0,189,1023,0,613,776,305,586,631,702,690,305,599
398,1023,0,205,1023,0,419,406,305,392,631,704,696,305,599
399,1023,0,360,1023,0,624,794,305,601,631,780,768,305,599
265,1023,0,153,1023,0,486,579,305,459,631,682,675,305,599
372,1023,0,238,1023,0,791,1021,306,786,631,736,711,305,599
394,1023,0,216,1023,0,547,678,305,518,631,755,737,305,599
401,1023,0,184,1023,0,484,549,305,457,631,695,682,305,599
419,1023,0,314,1023,0,415,429,305,392,631,727,711,305,599
323,1023,0,165,1023,0,355,363,305,367,631,689,682,305,599
537,1023,0,363,1023,0,889,1023,306,893,631,801,786,305,599
432,1023,0,578,1023,0,759,977,306,750,631,755,738,305,599
796,1023,0,612,1023,0,438,460,305,433,631,804,757,305,599
389,1023,0,268,1023,0,554,682,305,533,631,738,722,305,599
374,1023,0,182,1023,0,565,700,305,535,631,714,696,305,599
330,1023,0,140,1023,0,731,950,306,721,631,691,684,305,599
435,1023,0,323,1023,0,443,455,305,441,631,729,721,305,599
499,1023,0,343,1023,0,693,880,305,672,631,749,737,305,599
373,1023,0,209,1023,0,482,540,305,458,631,645,631,305,599
453,1023,0,322,1023,0,533,630,305,509,631,726,716,305,599
332,1023,0,187,1023,0,687,883,305,673,631,714,700,305,599
728,1023,0,448,1023,0,603,734,305,586,631,778,767,305,599
282,1023,0,160,1023,0,555,678,305,540,631,671,673,305,599
638,1023,0,689,1023,0,754,950,306,747,631,771,752,305,599
383,1023,0,202,1023,0,437,401,305,425,631,658,633,305,599
394,1023,0,220,1023,0,580,730,305,566,631,709,691,305,599
689,1023,0,354,1023,0,647,809,305,640,631,751,687,305,599
376,1023,0,187,1023,0,575,724,305,545,631,721,705,305,599
294,1023,0,119,928,0,533,670,305,503,631,689,683,305,599
370,1023,0,202,1023,0,369,384,305,353,631,701,694,305,599
411,1023,0,219,1023,0,760,967,306,751,631,719,700,305,599
468,1023,0,344,1023,0,645,800,305,621,631,777,763,305,599
688,1023,0,518,1023,0,771,981,306,764,631,819,770,305,599
461,1023,0,397,1023,0,413,443,305,434,631,790,779,305,599
452,1023,0,245,1023,0,640,812,305,615,632,756,739,305,599
383,1023,0,272,1023,0,604,766,305,579,632,730,717,305,599
338,1023,0,189,1023,0,529,650,305,506,632,713,708,305,599
409,1023,0,154,1023,0,630,804,305,612,632,754,751,305,599
280,1023,0,148,1023,0,684,884,305,665,632,738,729,305,599
586,1023,0,398,1023,0,421,427,305,435,632,766,757,305,599
520,1023,0,282,1023,0,615,776,305,592,632,763,742,305,599
394,1023,0,215,1023,0,535,659,305,501,632,749,741,305,599
347,1023,0,181,1023,0,603,760,305,581,632,728,712,305,599
388,1023,0,270,1023,0,551,674,305,520,632,777,771,305,599
459,1023,0,217,1023,0,568,710,305,541,632,715,700,305,599
347,1023,0,245,1023,0,414,393,305,407,632,698,692,305,599
538,1023,0,486,1023,0,491,514,305,482,632,742,728,305,599
303,1023,0,200,1023,0,589,752,305,561,632,688,682,305,599
460,1023,0,213,1023,0,479,535,305,437,632,739,715,305,599
433,1023,0,196,1023,0,411,422,305,363,632,696,677,305,599
444,1023,0,225,1023,0,467,508,305,428,632,781,769,305,599
491,1023,0,294,1023,0,518,624,305,489,632,750,744,305,599
487,1023,0,181,1023,0,513,592,305,485,632,729,714,305,599
278,1023,0,211,1023,0,589,750,305,564,632,697,693,305,599
317,1023,0,167,1023,0,581,734,305,552,632,718,706,305,599
424,1023,0,204,1023,0,530,639,305,497,632,734,727,305,599
336,1023,0,164,1023,0,481,526,305,440,632,664,662,305,599
414,1023,0,302,1023,0,604,753,305,577,632,729,705,305,599
353,1023,0,194,1023,0,520,630,305,494,632,725,719,305,599
324,1023,0,202,1023,0,356,373,305,390,632,670,636,305,599
653,1023,0,608,1023,0,459,466,305,461,632,771,760,305,599
460,1023,0,414,1023,0,456,482,305,443,632,745,721,305,599
524,1023,0,310,1023,0,537,629,305,512,632,733,717,305,599
459,1023,0,319,1023,0,764,957,306,757,632,774,730,305,599
314,1023,0,290,1023,0,587,744,305,564,632,741,736,305,599
360,1023,0,272,1023,0,605,772,305,580,632,770,758,305,599
565,1023,0,542,1023,0,656,815,305,633,632,773,745,305,599
222,1023,0,126,1023,0,678,887,305,663,632,647,641,305,605
720,1023,0,586,1023,0,461,447,305,481,632,788,769,305,605
397,1023,0,135,882,0,548,674,305,528,632,726,714,305,605
309,1023,0,124,882,0,550,686,305,521,632,696,691,305,605
429,1023,0,164,1023,0,313,353,305,329,632,724,714,305,605
335,1023,0,163,1023,0,551,695,305,516,632,750,729,305,605
332,1023,0,183,1023,0,473,546,305,440,632,688,682,305,605
766,1023,0,621,1023,0,811,1020,306,806,632,798,773,305,605
396,1023,0,227,1023,0,401,382,305,383,632,762,753,305,605
434,1023,0,227,1023,0,691,878,305,676,632,732,710,305,605
761,1023,0,402,1023,0,639,808,305,622,632,760,688,305,605
571,1023,0,380,1023,0,528,624,305,507,632,714,706,305,605
572,1023,0,360,1023,0,478,472,305,474,632,760,741,305,605
381,1023,0,216,1023,0,469,517,305,426,632,719,692,305,605
371,1023,0,170,1023,0,458,516,305,432,632,749,740,305,605
320,1023,0,101,697,0,432,435,305,398,632,666,664,305,605
416,1023,0,157,1023,0,501,589,305,473,632,712,702,305,605
291,1023,0,137,1023,0,452,506,305,405,632,681,678,305,605
516,1023,0,281,1023,0,578,711,305,550,632,755,744,305,605
339,1023,0,130,986,0,257,350,305,304,632,720,711,305,605
279,1023,0,132,965,0,762,993,306,755,632,681,676,305,605
436,1023,0,282,1023,0,671,860,305,655,632,761,746,305,605
376,1023,0,213,1023,0,393,371,305,370,632,694,684,305,605
312,1023,0,219,1023,0,407,394,305,402,632,734,730,305,605
434,1023,0,224,1023,0,507,592,305,482,632,719,705,305,605
392,1023,0,213,1023,0,376,390,305,382,632,689,679,305,605
368,1023,0,187,1023,0,572,718,305,541,632,743,732,305,605
323,1023,0,143,1023,0,585,750,305,557,632,691,689,305,605
585,1023,0,436,1023,0,596,722,305,576,632,771,749,305,605
338,1023,0,154,1023,0,432,448,305,397,632,686,674,305,605
386,1023,0,269,1023,0,475,521,305,457,632,718,708,305,605
208,1023,0,159,1023,0,530,663,305,498,632,661,658,305,605
385,1023,0,164,1023,0,699,895,305,682,632,720,707,305,605
519,1023,0,338,1023,0,679,859,305,665,632,752,740,305,605
800,1023,0,605,1023,0,649,774,305,626,632,843,792,305,605
303,1023,0,178,1023,0,427,411,305,394,632,703,699,305,605
403,1023,0,195,1023,0,336,367,305,297,632,708,697,305,605
316,1023,0,116,851,0,488,587,305,467,632,717,711,305,605
500,1023,0,328,1023,0,285,380,305,369,632,770,750,305,605
427,1023,0,194,1023,0,603,758,305,574,633,710,702,305,605
355,1023,0,248,1023,0,581,728,305,552,633,768,761,305,605
438,1023,0,269,1023,0,552,674,305,526,633,782,768,305,605
349,1023,0,161,1023,0,496,590,305,478,633,685,675,305,605
565,1023,0,361,1023,0,501,561,305,487,633,761,749,305,605
346,1023,0,224,1023,0,502,603,305,475,633,752,739,305,605
434,1023,0,327,1023,0,507,581,305,483,633,768,754,305,605
533,1023,0,470,1023,0,719,897,305,707,633,765,739,305,605
355,1023,0,162,1023,0,378,369,305,367,633,727,711,305,605
692,1023,0,329,1023,0,781,995,306,775,633,773,693,305,605
381,1023,0,182,1023,0,438,457,305,407,633,679,667,305,605
277,1023,0,219,1023,0,529,638,305,509,633,740,729,305,605
628,1023,0,421,1023,0,836,1023,306,834,633,821,800,305,605
409,1023,0,262,1023,0,325,379,305,374,633,706,696,305,605
405,1023,0,351,1023,0,486,527,305,466,633,740,722,305,605
370,1023,0,147,1023,0,667,855,305,651,633,744,733,305,605
462,1023,0,313,1023,0,461,461,305,437,633,717,706,305,605
312,1023,0,131,1020,0,526,652,305,489,633,704,694,305,605
724,1023,0,516,1023,0,430,430,305,446,633,804,789,305,605
654,1023,0,433,1023,0,577,698,305,555,633,802,777,305,605
429,1023,0,176,1023,0,425,436,305,422,633,698,688,305,605
420,1023,0,234,1023,0,751,970,306,741,633,769,747,305,605
456,1023,0,180,1023,0,515,614,305,478,633,730,714,305,605
293,1023,0,212,1023,0,618,796,305,591,633,719,709,305,611
315,1023,0,176,1023,0,801,1023,306,798,633,753,747,305,611
545,1023,0,284,1023,0,500,508,305,478,633,768,740,305,611
673,1023,0,370,1023,0,652,804,305,631,633,802,740,305,611
525,1023,0,304,1023,0,587,723,305,560,633,732,714,305,611
354,1023,0,247,1023,0,535,647,305,505,633,744,735,305,611
383,1023,0,243,1023,0,606,769,305,584,633,737,722,305,611
409,1023,0,200,1023,0,692,880,305,678,633,720,701,305,611
347,1023,0,447,1023,0,787,1002,306,781,633,764,750,305,611
308,1023,0,174,1023,0,535,655,305,507,633,694,685,305,611
318,1023,0,104,809,0,504,605,305,472,633,698,693,305,611
311,1023,0,120,894,0,471,537,305,439,633,661,650,305,611
440,1023,0,209,1023,0,739,945,306,729,633,713,701,305,611
294,1023,0,113,876,0,603,779,305,574,633,705,699,305,611
327,1023,0,232,1023,0,415,437,305,413,633,730,712,305,611
428,1023,0,226,1023,0,621,788,305,598,633,761,750,305,611
446,1023,0,281,1023,0,531,639,305,504,633,762,752,305,611
478,1023,0,299,1023,0,582,726,305,563,633,743,728,305,611
342,1023,0,244,1023,0,395,381,305,396,633,684,667,305,611
345,1023,0,173,1023,0,462,497,305,434,633,720,703,305,611
411,1023,0,216,1023,0,331,363,305,347,633,729,715,305,611
396,1023,0,164,1023,0,463,523,305,438,633,718,704,305,611
430,1023,0,222,1023,0,358,378,305,362,633,730,724,305,611
558,1023,0,444,1023,0,751,946,306,742,633,761,742,305,611
434,1023,0,135,1023,0,496,557,305,464,633,710,689,305,611
523,1023,0,394,1023,0,583,717,305,559,633,771,750,305,611
399,1023,0,244,1023,0,704,912,305,688,633,689,681,305,611
379,1023,0,166,1023,0,594,756,305,568,633,724,704,305,611
291,1023,0,158,1023,0,852,1023,306,854,633,723,717,305,611
333,1023,0,106,810,0,521,631,305,493,633,644,642,305,611
675,1023,0,483,1023,0,823,1023,306,820,633,808,785,305,611
387,1023,0,190,1023,0,353,362,305,373,633,720,714,305,611
470,1023,0,213,1023,0,549,665,305,521,633,750,732,305,611
706,1023,0,421,1023,0,529,642,305,511,633,789,777,305,611
448,1023,0,227,1023,0,523,631,305,496,633,784,773,305,611
367,1023,0,291,1023,0,848,1023,306,849,633,739,731,305,611
387,1023,0,172,1023,0,572,713,305,545,633,740,733,305,611
360,1023,0,223,1023,0,531,658,305,504,634,702,692,305,611
402,1023,0,162,1023,0,586,740,305,556,634,719,716,305,611
613,1023,0,429,1023,0,805,1011,306,799,634,800,779,305,611
449,1023,0,441,1023,0,667,844,305,653,634,753,734,305,611
456,1023,0,211,1023,0,596,745,305,569,634,748,737,305,611
491,1023,0,320,1023,0,383,407,305,388,634,767,751,305,611
312,1023,0,194,1023,0,459,517,305,439,634,697,691,305,611
490,1023,0,291,1023,0,580,721,305,558,634,731,720,305,611
544,1023,0,278,1023,0,380,386,305,356,634,750,731,305,611
515,1023,0,330,1023,0,708,896,305,696,634,767,738,305,611
690,1023,0,563,1023,0,786,987,306,778,634,797,773,305,611
550,1023,0,271,1023,0,808,1023,306,803,634,779,748,305,611
404,1023,0,217,1023,0,577,715,305,554,634,752,739,305,611
444,1023,0,447,1023,0,679,864,305,658,634,775,762,305,611
379,1023,0,200,1023,0,494,571,305,475,634,737,730,305,611
376,1023,0,142,962,0,608,777,305,581,634,716,706,305,611
558,1023,0,469,1023,0,772,968,306,764,634,761,740,305,611
473,1023,0,255,1023,0,662,844,305,638,634,748,735,305,611
318,1023,0,139,1015,0,531,655,305,504,634,701,691,305,611
358,1023,0,178,1023,0,538,659,305,507,634,705,714,305,611
362,1023,0,216,1023,0,354,380,305,392,634,722,714,305,611
522,1023,0,351,1023,0,524,612,305,504,634,760,738,305,611
427,1023,0,219,1023,0,618,775,305,595,634,746,738,305,611
424,1023,0,195,1023,0,557,696,305,532,634,744,734,305,611
391,1023,0,150,1019,0,623,798,305,598,634,721,714,305,611
432,1023,0,404,1023,0,513,602,305,495,634,774,759,305,617
519,1023,0,194,1023,0,497,555,305,468,634,713,638,305,617
474,1023,0,301,1023,0,566,699,305,538,634,757,747,305,617
456,1023,0,303,1023,0,640,806,305,622,634,758,747,305,617
448,1023,0,309,1023,0,610,771,305,586,634,727,714,305,617
740,1023,0,591,1023,0,873,1023,307,876,634,772,747,305,617
363,1023,0,153,1023,0,450,509,305,429,634,668,663,305,617
384,1023,0,268,1023,0,454,487,305,450,634,728,724,305,617
461,1023,0,221,1023,0,671,856,305,655,634,689,672,305,617
392,1023,0,223,1023,0,684,876,305,669,634,728,718,305,617
325,1023,0,150,1023,0,418,399,305,381,634,717,705,305,617
323,1023,0,196,1023,0,750,970,306,742,634,696,685,305,617
390,1023,0,257,1023,0,518,628,305,490,634,732,722,305,617
440,1023,0,222,1023,0,494,556,305,464,634,744,724,305,617
437,1023,0,256,1023,0,629,794,305,606,634,728,712,305,617
392,1023,0,160,1023,0,671,860,305,655,634,692,685,305,617
387,1023,0,128,909,0,699,900,305,686,634,682,672,305,617
405,1023,0,297,1023,0,514,601,305,484,634,730,712,305,617
274,1023,0,118,948,0,529,661,305,498,634,704,697,305,617
334,1023,0,201,1023,0,553,696,305,525,634,726,722,305,617
385,1023,0,153,984,0,671,859,305,651,634,730,724,305,617
611,1023,0,553,1023,0,606,741,305,592,634,788,766,305,617
303,1023,0,116,795,0,591,757,305,562,634,676,667,305,617
395,1023,0,214,1023,0,537,653,305,513,634,733,721,305,617
455,1023,0,164,1023,0,512,617,305,483,634,710,714,305,617
500,1023,0,344,1023,0,404,402,305,402,634,754,729,305,617
781,1023,0,558,1023,0,712,880,305,693,634,836,797,305,617
238,1023,0,110,836,0,508,630,305,480,634,721,712,305,617
263,1023,0,142,1023,0,609,783,305,581,634,674,689,305,617
335,1023,0,186,1023,0,701,906,305,690,634,713,708,305,617
382,1023,0,339,1023,0,543,654,305,519,634,727,710,305,617
419,1023,0,279,1023,0,499,574,305,486,634,761,745,305,617
718,1023,0,475,1023,0,702,863,305,685,634,781,755,305,617
426,1023,0,248,1023,0,534,653,305,503,634,732,721,305,617
411,1023,0,238,1023,0,447,487,305,420,634,709,694,305,617
364,1023,0,179,1023,0,588,734,305,562,634,708,695,305,617
496,1023,0,386,1023,0,537,644,305,507,634,737,720,305,617
356,1023,0,206,1023,0,410,424,305,396,634,732,727,305,617
359,1023,0,161,1023,0,651,838,305,632,634,696,685,305,617
421,1023,0,202,1023,0,417,391,305,409,634,720,707,305,617
466,1023,0,228,1023,0,566,699,305,538,634,689,707,305,617
466,1023,0,294,1023,0,643,816,305,620,634,736,741,305,617
344,1023,0,178,1023,0,530,645,305,500,634,688,675,305,617
384,1023,0,174,1023,0,596,750,305,569,634,726,719,305,617
532,1023,0,308,1023,0,611,763,305,587,634,750,733,305,617
584,1023,0,339,1023,0,599,752,305,569,635,798,766,305,617
576,1023,0,471,1023,0,443,473,305,430,635,759,745,305,617
318,1023,0,197,1023,0,423,431,305,408,635,714,707,305,617
384,1023,0,209,1023,0,686,880,305,668,635,688,677,305,617
578,1023,0,260,1023,0,407,381,305,412,635,742,727,305,617
429,1023,0,247,1023,0,559,692,305,529,635,771,763,305,617
348,1023,0,238,1023,0,529,638,305,500,635,678,661,305,617
357,1023,0,171,1023,0,611,774,305,585,635,666,652,305,617
356,1023,0,184,1023,0,552,686,305,526,635,692,683,305,617
336,1023,0,105,760,0,251,346,305,322,635,702,699,305,617
626,1023,0,684,1023,0,721,915,305,709,635,810,791,305,617
464,1023,0,223,1023,0,607,763,305,582,635,723,697,305,617
349,1023,0,237,1023,0,468,508,305,438,635,716,711,305,617
463,1023,0,260,1023,0,683,870,305,667,635,738,725,305,617
727,1023,0,503,1023,0,793,995,306,787,635,799,768,305,617
386,1023,0,178,1023,0,591,750,305,566,635,709,680,305,617
415,1023,0,215,1023,0,441,461,305,418,635,708,700,305,617
354,1023,0,151,1006,0,453,467,305,426,635,713,701,305,617
306,1023,0,126,947,0,603,776,305,577,635,697,689,305,617
497,1023,0,265,1023,0,489,552,305,463,635,775,755,305,617
708,1023,0,558,1023,0,416,439,305,435,635,818,793,305,617
416,1023,0,231,1023,0,507,597,305,485,635,717,705,305,623
507,1023,0,461,1023,0,775,968,306,767,635,808,788,305,623
377,1023,0,147,940,0,699,896,305,683,635,725,713,305,623
342,1023,0,207,1023,0,423,434,305,399,635,692,686,305,623
292,1023,0,160,1023,0,474,514,305,451,635,694,686,305,623
426,1023,0,201,1023,0,543,659,305,519,635,708,693,305,623
432,1023,0,216,1023,0,559,696,305,531,635,724,702,305,623
343,1023,0,164,1023,0,626,797,305,603,635,728,719,305,623
365,1023,0,204,1023,0,344,369,305,362,635,675,662,305,623
651,1023,0,516,1023,0,801,1003,306,797,635,778,756,305,623
278,1023,0,276,1023,0,404,414,305,516,635,771,760,305,623
409,1023,0,299,1023,0,621,785,305,599,635,717,707,305,623
518,1023,0,652,1023,0,814,1023,306,809,635,767,744,305,623
323,1023,0,184,1023,0,592,753,305,563,635,718,705,305,623
377,1023,0,275,1023,0,474,412,305,472,635,737,716,305,623
457,1023,0,211,1023,0,785,1007,306,779,635,728,711,305,623
379,1023,0,162,1023,0,560,694,305,530,635,693,673,305,623
361,1023,0,194,1023,0,397,388,305,391,635,689,674,305,623
495,1023,0,353,1023,0,402,402,305,396,635,778,758,305,623
358,1023,0,185,1023,0,471,509,305,449,635,703,690,305,623
640,1023,0,514,1023,0,840,1023,306,839,635,775,758,305,623
289,1023,0,186,1023,0,543,669,305,512,635,712,700,305,623
224,1023,0,154,1023,0,298,338,305,298,635,439,431,305,623
352,1023,0,237,1023,0,499,573,305,475,635,705,697,305,623
510,1023,0,279,1023,0,682,855,305,667,635,753,729,305,623
523,1023,0,379,1023,0,412,403,305,417,635,752,743,305,623
359,1023,0,168,1023,0,465,512,305,444,635,713,699,305,623
349,1023,0,185,1023,0,401,373,305,408,635,728,717,305,623
472,1023,0,265,1023,0,660,835,305,637,635,794,780,305,623
388,1023,0,205,1023,0,623,796,305,598,635,731,724,305,623
498,1023,0,503,1023,0,793,1002,306,788,635,766,748,305,623
321,1023,0,211,1023,0,331,363,305,343,635,727,718,305,623
363,1023,0,176,1023,0,488,583,305,464,636,713,696,305,623
391,1023,0,234,1023,0,689,879,305,674,636,730,718,305,623
602,1023,0,491,1023,0,564,676,305,537,636,796,787,305,623
466,1023,0,485,1023,0,728,926,306,716,636,771,756,305,623
377,1023,0,174,994,0,788,1006,306,783,636,733,726,305,623
357,1023,0,143,998,0,724,932,306,714,636,734,703,305,623
325,1023,0,142,996,0,500,594,305,471,636,654,648,305,623
383,1023,0,160,1023,0,221,349,305,339,636,720,712,305,623
328,1023,0,135,1023,0,653,847,305,634,636,686,677,305,623
400,1023,0,496,1023,0,449,455,305,460,636,731,720,305,623
307,1023,0,173,1023,0,602,771,305,579,636,720,703,305,623
438,1023,0,250,1023,0,661,845,305,638,636,730,724,305,623
521,1023,0,245,1023,0,572,706,305,546,636,732,722,305,623
439,1023,0,236,1023,0,638,806,305,618,636,763,749,305,623
440,1023,0,271,1023,0,624,792,305,598,636,759,753,305,623
392,1023,0,153,1023,0,315,362,305,320,636,697,689,305,623
502,1023,0,491,1023,0,682,859,305,668,636,811,786,305,623
387,1023,0,223,1023,0,536,645,305,508,636,758,745,305,623
469,1023,0,374,1023,0,499,545,305,481,636,741,727,305,623
697,1023,0,529,1023,0,424,439,305,447,636,816,763,305,623
324,1023,0,143,1023,0,358,358,305,379,636,708,704,305,623
676,1023,0,372,1023,0,796,1023,306,790,636,817,768,305,623
345,1023,0,134,980,0,507,614,305,476,636,714,698,305,623
530,1023,0,256,1023,0,484,504,305,467,636,759,743,305,623
350,1023,0,159,1023,0,450,475,305,409,636,723,709,305,628
396,1023,0,243,1023,0,540,669,305,515,636,743,735,305,628
409,1023,0,265,1023,0,384,391,305,396,636,729,720,305,628
438,1023,0,233,1023,0,688,870,305,670,636,731,710,305,628
382,1023,0,146,922,0,511,610,305,485,636,647,644,305,628
503,1023,0,319,1023,0,452,479,305,436,636,738,700,305,628
398,1023,0,276,1023,0,467,509,305,456,636,749,739,305,628
389,1023,0,206,1023,0,331,365,305,339,636,707,702,305,628
418,1023,0,285,1023,0,732,940,306,722,636,755,747,305,628
408,1023,0,219,1023,0,728,934,306,717,636,731,700,305,628
349,1023,0,142,1023,0,402,368,305,407,636,674,669,305,628
488,1023,0,316,1023,0,512,590,305,487,636,717,698,305,628
389,1023,0,229,1023,0,522,627,305,493,636,673,663,305,628
762,1023,0,526,1023,0,610,729,305,588,636,837,774,305,628
408,1023,0,330,1023,0,554,691,305,524,636,735,726,305,628
385,1023,0,395,1023,0,405,409,305,437,636,728,711,305,628
384,1023,0,211,1023,0,707,900,305,695,636,738,729,305,628
320,1023,0,163,1023,0,594,762,305,577,636,703,694,305,628
450,1023,0,348,1023,0,559,658,305,536,636,696,671,305,628
392,1023,0,238,1023,0,472,528,305,444,636,722,710,305,628
330,1023,0,144,1023,0,541,671,305,510,636,649,630,305,628
389,1023,0,171,1023,0,541,674,305,510,636,754,740,305,628
634,1023,0,363,1023,0,809,1023,306,805,636,789,734,305,628
319,1023,0,447,1023,0,417,412,305,418,636,712,698,305,628
517,1023,0,263,1023,0,430,411,305,424,636,733,722,305,628
368,1023,0,165,1023,0,432,447,305,415,636,686,674,305,628
362,1023,0,215,1023,0,436,469,305,395,636,739,717,305,628
491,1023,0,491,1023,0,573,707,305,549,636,775,758,305,628
303,1023,0,192,1023,0,769,998,306,761,636,724,715,305,628
325,1023,0,165,1023,0,553,698,305,519,636,711,704,305,628
395,1023,0,228,1023,0,488,574,305,471,636,741,731,305,628
450,1023,0,271,1023,0,559,690,305,529,636,757,745,305,628
573,1023,0,452,1023,0,396,394,305,432,636,758,739,305,628
604,1023,0,281,1023,0,647,817,305,627,636,779,761,305,628
382,1023,0,211,1023,0,556,693,305,525,636,723,713,305,628
380,1023,0,186,1023,0,687,877,305,670,636,711,706,305,628
645,1023,0,325,1023,0,743,930,306,733,636,741,720,305,628
279,1023,0,162,1023,0,449,484,305,427,636,735,727,305,628
378,1023,0,191,1023,0,595,765,305,569,636,728,720,305,628
415,1023,0,176,1023,0,509,595,305,473,636,722,717,305,628
354,1023,0,129,992,0,559,699,305,528,636,694,682,305,628
347,1023,0,138,982,0,563,709,305,532,636,706,698,305,628
340,1023,0,184,1023,0,618,794,305,593,636,725,713,305,628
362,1023,0,349,1023,0,608,776,305,585,636,745,731,305,628
345,1023,0,167,1023,0,525,631,305,497,636,715,712,305,628
301,1023,0,104,744,0,693,900,305,680,636,701,700,305,628
373,1023,0,304,1023,0,428,393,305,422,636,730,708,305,628
294,1023,0,114,844,0,390,384,305,370,636,656,653,305,628
511,1023,0,343,1023,0,430,425,305,428,636,753,741,305,628
299,1023,0,148,1023,0,451,462,305,410,636,682,676,305,628
321,1023,0,150,1023,0,428,436,305,404,637,663,657,305,628
335,1023,0,230,1023,0,508,593,305,482,637,747,736,305,628
358,1023,0,171,1023,0,327,372,305,345,637,689,677,305,628
282,1023,0,189,1023,0,611,782,305,591,637,741,729,305,628
365,1023,0,183,1023,0,619,790,305,593,637,707,700,305,628
339,1023,0,139,1023,0,597,764,305,572,637,681,668,305,628
804,1023,0,489,1023,0,698,880,305,684,637,814,775,305,628
350,1023,0,151,984,0,558,684,305,534,637,723,700,305,628
536,1023,0,540,1023,0,520,597,305,504,637,731,714,305,628
408,1023,0,281,1023,0,498,557,305,484,637,754,743,305,628
410,1023,0,185,1023,0,297,359,305,339,637,691,681,305,628
509,1023,0,299,1023,0,683,858,305,668,637,761,751,305,628
503,1023,0,264,1023,0,364,372,305,387,637,741,733,305,628
431,1023,0,199,1023,0,732,934,306,720,637,739,732,305,628
354,1023,0,254,1023,0,544,678,305,521,637,685,677,305,628
358,1023,0,275,1023,0,602,759,305,579,637,694,686,305,628
555,1023,0,294,1023,0,680,844,305,666,637,798,784,305,628
346,1023,0,109,791,0,561,699,305,530,637,730,723,305,628
750,1023,0,572,1023,0,730,904,305,719,637,804,788,305,628
363,1023,0,222,1023,0,600,761,305,574,637,717,705,305,628
398,1023,0,292,1023,0,417,410,305,414,637,720,705,305,628
291,1023,0,108,800,0,422,399,305,402,637,720,717,305,628
373,1023,0,116,801,0,574,719,305,550,637,724,714,305,628
455,1023,0,374,1023,0,467,466,305,445,637,765,748,305,628
482,1023,0,458,1023,0,721,910,305,709,637,787,759,305,628
368,1023,0,176,1023,0,605,767,305,583,637,702,694,305,634
345,1023,0,241,1023,0,573,720,305,540,637,738,726,305,634
325,1023,0,162,1023,0,557,704,305,535,637,710,707,305,634
416,1023,0,572,1023,0,444,448,305,459,637,754,738,305,634
462,1023,0,286,1023,0,464,490,305,454,637,738,712,305,634
529,1023,0,536,1023,0,436,449,305,439,637,722,701,305,634
433,1023,0,215,1023,0,519,631,305,487,637,720,711,305,634
371,1023,0,160,1023,0,609,777,305,582,637,718,708,305,634
514,1023,0,229,1023,0,576,703,305,547,637,762,725,305,634
351,1023,0,172,1023,0,551,691,305,524,637,725,723,305,634
458,1023,0,289,1023,0,405,398,305,407,637,714,702,305,634
387,1023,0,237,1023,0,686,880,305,670,637,738,723,305,634
461,1023,0,288,1023,0,685,867,305,670,637,746,735,305,634
503,1023,0,335,1023,0,689,873,305,668,637,739,731,305,634
315,1023,0,128,938,0,416,375,305,419,637,709,706,305,634
320,1023,0,312,1023,0,627,800,305,604,637,789,779,305,634
264,1023,0,107,821,0,569,724,305,544,637,682,678,305,634
529,1023,0,281,1023,0,601,727,305,574,637,778,744,305,634
406,1023,0,250,1023,0,402,390,305,415,637,744,734,305,634
601,1023,0,496,1023,0,656,821,305,642,637,780,763,305,634
458,1023,0,308,1023,0,702,891,305,686,637,754,746,305,634
348,1023,0,154,1023,0,237,363,305,289,637,689,678,305,634
380,1023,0,180,1023,0,320,350,305,349,637,706,696,305,634
394,1023,0,254,1023,0,339,369,305,344,637,719,699,305,634
560,1023,0,244,1023,0,644,816,305,620,637,786,775,305,634
557,1023,0,498,1023,0,822,1023,306,820,637,770,752,305,634
328,1023,0,216,1023,0,701,903,305,689,637,722,713,305,634
344,1023,0,189,1023,0,392,419,305,336,637,691,674,305,634
482,1023,0,263,1023,0,380,397,305,355,637,773,737,305,634
414,1023,0,293,1023,0,543,669,305,516,637,748,738,305,634
325,1023,0,160,1023,0,305,356,305,304,637,709,703,305,634
501,1023,0,470,1023,0,720,917,305,707,637,770,756,305,634
376,1023,0,244,1023,0,759,977,306,750,637,686,670,305,634
346,1023,0,172,1023,0,349,370,305,308,637,693,690,305,634
433,1023,0,315,1023,0,540,648,305,523,637,754,737,305,634
327,1023,0,194,1023,0,374,375,305,352,637,662,648,305,634
400,1023,0,193,1023,0,743,958,306,733,637,715,699,305,634
328,1023,0,129,970,0,288,360,305,287,637,689,674,305,634
342,1023,0,144,976,0,562,706,305,529,637,697,685,305,634
401,1023,0,263,1023,0,737,944,306,728,638,767,762,305,634
392,1023,0,296,1023,0,557,697,305,530,638,762,756,305,634
378,1023,0,153,1023,0,652,838,305,627,638,714,709,305,634
675,1023,0,537,1023,0,492,535,305,486,638,807,786,305,634
473,1023,0,507,1023,0,562,686,305,539,638,786,762,305,634
434,1023,0,260,1023,0,400,377,305,404,638,726,708,305,634
242,1023,0,162,1023,0,320,341,305,309,638,427,421,305,634
356,1023,0,189,1023,0,607,780,305,580,638,710,714,305,634
439,1023,0,195,1023,0,530,643,305,501,638,724,714,305,634
277,1023,0,168,1023,0,503,602,305,478,638,744,729,305,634
448,1023,0,196,1023,0,588,738,305,561,638,741,730,305,634
378,1023,0,150,1023,0,516,632,305,484,638,716,710,305,634
306,1023,0,124,980,0,512,634,305,476,638,692,682,305,640
238,1023,0,112,875,0,261,353,305,244,638,381,364,305,640
424,1023,0,221,1023,0,511,606,305,485,638,714,697,305,640
335,1023,0,149,1023,0,273,355,305,331,638,715,707,305,640
240,1023,0,104,843,0,374,356,305,366,638,481,420,305,640
348,1023,0,177,1023,0,464,548,305,438,638,720,711,305,640
458,1023,0,255,1023,0,502,564,305,476,638,719,698,305,640
518,1023,0,447,1023,0,401,437,305,419,638,803,786,305,640
398,1023,0,273,1023,0,522,630,305,489,638,728,717,305,640
576,1023,0,424,1023,0,585,716,305,556,638,828,789,305,640
342,1023,0,236,1023,0,480,534,305,467,638,717,711,305,640
418,1023,0,270,1023,0,506,576,305,489,638,721,711,305,640
681,1023,0,560,1023,0,498,529,305,484,638,816,792,305,640
484,1023,0,266,1023,0,517,620,305,491,638,729,714,305,640
500,1023,0,241,1023,0,556,671,305,536,638,761,734,305,640
302,1023,0,117,907,0,521,654,305,485,638,678,672,305,640
448,1023,0,482,1023,0,481,469,305,501,638,833,811,305,640
780,1023,0,609,1023,0,622,748,305,608,638,784,768,305,640
304,1023,0,162,1023,0,629,809,305,605,638,715,711,305,640
448,1023,0,239,1023,0,559,689,305,534,638,760,747,305,640
391,1023,0,209,1023,0,749,967,306,741,638,688,671,305,640
435,1023,0,434,1023,0,545,666,305,523,638,824,798,305,640
431,1023,0,207,1023,0,621,789,305,597,638,766,752,305,640
417,1023,0,220,1023,0,376,368,305,376,638,722,713,305,640
234,1023,0,131,1023,0,186,338,305,317,638,446,433,305,640
412,1023,0,154,1023,0,576,722,305,548,638,700,692,305,640
336,1023,0,175,1023,0,403,379,305,379,638,727,716,305,640
633,1023,0,380,1023,0,779,1014,306,771,638,785,734,305,640
394,1023,0,237,1023,0,516,625,305,487,638,758,745,305,640
399,1023,0,201,1023,0,697,894,305,682,638,733,728,305,640
303,1023,0,205,1023,0,655,847,305,631,638,706,700,305,640
460,1023,0,428,1023,0,493,560,305,482,638,756,745,305,640
349,1023,0,179,1023,0,523,644,305,495,638,707,704,305,640
413,1023,0,208,1023,0,557,693,305,529,638,736,717,305,640
454,1023,0,281,1023,0,617,769,305,592,638,721,707,305,640
394,1023,0,280,1023,0,346,370,305,328,638,703,688,305,640
338,1023,0,140,1023,0,361,356,305,376,638,702,692,305,640
530,1023,0,418,1023,0,645,806,305,627,638,747,735,305,640
344,1023,0,138,1023,0,738,953,306,726,638,684,676,305,640
348,1023,0,204,1023,0,596,762,305,566,638,723,713,305,640
615,1023,0,384,1023,0,683,855,305,670,638,777,753,305,640
472,1023,0,311,1023,0,520,615,305,498,638,780,757,305,640
413,1023,0,255,1023,0,479,546,305,450,638,724,713,305,640
648,1023,0,556,1023,0,654,799,305,635,638,783,752,305,640
433,1023,0,163,1023,0,601,753,305,574,638,725,709,305,640
354,1023,0,286,1023,0,546,663,305,529,638,721,707,305,640
428,1023,0,173,1023,0,419,388,305,432,638,518,473,305,640
523,1023,0,287,1023,0,441,418,305,423,638,768,759,305,640
580,1023,0,440,1023,0,570,696,305,546,638,779,756,305,640
405,1023,0,235,1023,0,393,378,305,381,638,757,734,305,640
309,1023,0,124,982,0,602,769,305,576,638,684,667,305,640
565,1023,0,327,1023,0,746,929,306,736,638,756,743,305,640
570,1023,0,294,1023,0,454,489,305,431,638,754,735,305,640
589,1023,0,320,1023,0,874,1023,307,877,638,642,559,305,640
467,1023,0,232,1023,0,417,393,305,376,638,753,735,305,640
377,1023,0,192,1023,0,320,351,305,375,638,744,736,305,640
440,1023,0,219,1023,0,505,610,305,472,639,721,711,305,640
324,1023,0,141,1023,0,585,749,305,556,639,697,688,305,640
377,1023,0,195,1023,0,469,521,305,434,639,693,683,305,640
690,1023,0,469,1023,0,497,565,305,483,639,772,759,305,640
736,1023,0,380,1023,0,597,693,305,574,639,804,766,305,640
430,1023,0,383,1023,0,450,429,305,447,639,751,742,305,640
347,1023,0,240,1023,0,691,895,305,676,639,534,505,305,646
516,1023,0,300,1023,0,538,631,305,509,639,747,719,305,646
363,1023,0,121,833,0,556,688,305,528,639,699,690,305,646
490,1023,0,292,1023,0,662,843,305,640,639,751,734,305,646
403,1023,0,215,1023,0,573,713,305,547,639,746,732,305,646
492,1023,0,419,1023,0,725,915,305,711,639,749,736,305,646
340,1023,0,219,1023,0,728,936,306,717,639,740,726,305,646
383,1023,0,172,1023,0,706,912,305,691,639,697,684,305,646
379,1023,0,215,1023,0,279,367,305,321,639,732,720,305,646
428,1023,0,259,1023,0,375,374,305,389,639,693,674,305,646
396,1023,0,253,1023,0,725,936,306,713,639,730,717,305,646
646,1023,0,630,1023,0,603,746,305,585,639,765,752,305,646
663,1023,0,459,1023,0,754,964,306,745,639,807,769,305,646
301,1023,0,149,1023,0,595,764,305,563,639,680,668,305,646
534,1023,0,396,1023,0,530,635,305,504,639,755,740,305,646
582,1023,0,609,1023,0,413,427,305,418,639,755,738,305,646
367,1023,0,215,1023,0,696,893,305,681,639,749,745,305,646
379,1023,0,123,860,0,471,545,305,439,639,724,721,305,646
383,1023,0,202,1023,0,430,422,305,398,639,762,751,305,646
509,1023,0,408,1023,0,787,1002,306,782,639,723,702,305,646
308,1023,0,184,1023,0,576,729,305,551,639,731,724,305,646
456,1023,0,266,1023,0,790,1015,306,784,639,738,737,305,646
278,1023,0,175,1023,0,303,337,305,335,639,661,653,305,646
268,1023,0,172,1023,0,392,379,305,379,639,691,685,305,646
355,1023,0,177,1023,0,380,366,305,366,639,707,700,305,646
422,1023,0,214,1023,0,537,657,305,501,639,728,708,305,646
305,1023,0,117,863,0,437,463,305,390,639,688,680,305,646
356,1023,0,274,1023,0,386,397,305,364,639,736,722,305,646
456,1023,0,235,1023,0,632,807,305,610,639,750,741,305,646
686,1023,0,529,1023,0,724,903,305,711,639,783,763,305,646
397,1023,0,191,1023,0,509,610,305,482,639,722,712,305,646
436,1023,0,233,1023,0,280,366,305,361,639,682,664,305,646
263,1023,0,203,1023,0,403,381,305,389,639,728,718,305,646
303,1023,0,156,1023,0,445,462,305,402,639,700,691,305,646
499,1023,0,365,1023,0,743,935,306,734,639,782,763,305,646
425,1023,0,285,1023,0,582,727,305,558,639,765,752,305,646
380,1023,0,178,1023,0,465,515,305,422,639,734,716,305,646
331,1023,0,150,1023,0,601,768,305,577,639,728,720,305,646
288,1023,0,151,1023,0,394,384,305,385,639,676,664,305,646
419,1023,0,301,1023,0,457,481,305,438,639,748,724,305,646
423,1023,0,206,1023,0,532,655,305,501,639,717,708,305,646
421,1023,0,212,1023,0,599,749,305,572,639,745,733,305,646
354,1023,0,176,1023,0,540,672,305,507,639,728,724,305,646
393,1023,0,279,1023,0,613,770,305,594,639,773,758,305,646
573,1023,0,429,1023,0,567,694,305,540,639,800,779,305,646
364,1023,0,144,999,0,536,664,305,501,639,717,709,305,646
462,1023,0,307,1023,0,795,1007,306,790,639,750,744,305,646
348,1023,0,201,1023,0,477,523,305,454,639,705,696,305,646
349,1023,0,148,1023,0,573,721,305,550,639,714,697,305,646
586,1023,0,602,1023,0,649,813,305,637,639,776,754,305,646
397,1023,0,177,1023,0,759,977,306,751,639,718,710,305,646
436,1023,0,247,1023,0,738,941,306,729,639,740,723,305,646
577,1023,0,282,1023,0,569,705,305,542,639,771,746,305,646
551,1023,0,268,1023,0,533,629,305,508,639,706,685,305,646
300,1023,0,128,970,0,548,688,305,520,640,708,707,305,646
424,1023,0,223,1023,0,513,608,305,488,640,731,714,305,646
394,1023,0,252,1023,0,531,650,305,502,640,726,714,305,652
476,1023,0,216,1023,0,625,788,305,599,640,739,728,305,652
377,1023,0,179,1023,0,735,948,306,724,640,710,702,305,652
308,1023,0,173,1023,0,469,540,305,445,640,680,675,305,652
414,1023,0,193,1023,0,515,603,305,494,640,720,711,305,652
389,1023,0,301,1023,0,404,386,305,395,640,722,712,305,652
388,1023,0,210,1023,0,520,605,305,495,640,677,665,305,652
597,1023,0,431,1023,0,456,441,305,456,640,729,689,305,652
384,1023,0,215,1023,0,798,1023,306,793,640,727,702,305,652
741,1023,0,425,1023,0,625,783,305,606,640,785,734,305,652
374,1023,0,374,1023,0,506,561,305,496,640,726,720,305,652
468,1023,0,245,1023,0,491,553,305,469,640,714,701,305,652
448,1023,0,279,1023,0,400,408,305,407,640,750,732,305,652
468,1023,0,259,1023,0,239,357,305,380,640,772,761,305,652
313,1023,0,213,1023,0,570,718,305,542,640,737,729,305,652
393,1023,0,172,1023,0,508,603,305,482,640,723,715,305,652
291,1023,0,134,992,0,396,391,305,362,640,667,661,305,652
301,1023,0,176,1023,0,612,786,305,587,640,697,684,305,652
552,1023,0,457,1023,0,470,500,305,453,640,780,756,305,652
292,1023,0,124,968,0,440,447,305,420,640,642,650,305,652
427,1023,0,377,1023,0,369,380,305,380,640,743,723,305,652
366,1023,0,160,1023,0,508,607,305,478,640,709,691,305,652
339,1023,0,161,1023,0,529,637,305,506,640,727,709,305,652
453,1023,0,220,1023,0,584,730,305,558,640,737,726,305,652
459,1023,0,390,1023,0,356,376,305,352,640,764,741,305,652
285,1023,0,147,1023,0,534,667,305,505,640,696,689,305,652
353,1023,0,185,1023,0,436,431,305,399,640,750,742,305,652
362,1023,0,210,1023,0,541,669,305,514,640,734,728,305,652
350,1023,0,145,1023,0,459,499,305,431,640,705,701,305,652
318,1023,0,135,1023,0,476,559,305,444,640,701,692,305,652
298,1023,0,235,1023,0,511,616,305,483,640,737,725,305,652
390,1023,0,206,1023,0,530,639,305,501,640,723,713,305,652
423,1023,0,176,1023,0,774,992,306,767,640,691,686,305,652
588,1023,0,386,1023,0,571,684,305,546,640,831,814,305,652
594,1023,0,311,1023,0,429,425,305,417,640,746,720,305,652
601,1023,0,406,1023,0,706,910,305,695,640,785,736,305,652
482,1023,0,296,1023,0,672,852,305,649,640,767,758,305,652
302,1023,0,166,1023,0,632,812,305,607,640,718,708,305,652
331,1023,0,172,1023,0,672,859,305,658,640,684,670,305,652
435,1023,0,349,1023,0,591,739,305,567,640,715,692,305,652
490,1023,0,514,1023,0,691,882,305,672,640,763,749,305,652
376,1023,0,201,1023,0,500,597,305,474,640,706,700,305,652
407,1023,0,196,1023,0,587,747,305,560,640,711,704,305,652
547,1023,0,352,1023,0,814,1023,306,811,640,765,747,305,652
502,1023,0,277,1023,0,519,598,305,494,640,748,725,305,652
522,1023,0,364,1023,0,705,898,305,690,640,792,774,305,652
382,1023,0,153,1023,0,611,774,305,589,640,721,713,305,652
383,1023,0,223,1023,0,309,358,305,352,640,687,681,305,652
334,1023,0,175,1023,0,464,503,305,442,640,695,691,305,652
473,1023,0,324,1023,0,568,694,305,543,640,746,732,305,652
656,1023,0,504,1023,0,621,759,305,600,640,749,724,305,652
457,1023,0,215,1023,0,398,397,305,393,640,745,733,305,652
297,1023,0,197,1023,0,642,829,305,619,640,714,706,305,652
432,1023,0,311,1023,0,506,571,305,485,640,771,762,305,652
728,1023,0,549,1023,0,569,721,305,556,640,802,737,305,652
471,1023,0,353,1023,0,368,395,305,382,640,787,759,305,652
333,1023,0,188,1023,0,639,819,305,613,640,724,721,305,652
611,1023,0,358,1023,0,505,563,305,486,640,764,746,305,652
361,1023,0,150,1008,0,575,720,305,555,640,694,674,305,652
414,1023,0,186,1023,0,473,489,305,451,640,645,635,305,652
252,1023,0,92,738,0,736,961,306,725,640,657,651,305,652
553,1023,0,643,1023,0,814,1023,306,810,640,771,751,305,652
318,1023,0,166,1023,0,616,790,305,589,640,712,701,305,652
398,1023,0,343,1023,0,408,405,305,403,640,751,730,305,652
374,1023,0,176,1023,0,417,391,305,428,640,669,653,305,652
431,1023,0,370,1023,0,450,439,305,442,640,738,720,305,652
411,1023,0,255,1023,0,598,750,305,575,640,732,723,305,652
332,1023,0,175,1023,0,591,750,305,564,640,696,693,305,652
552,1023,0,346,1023,0,618,768,305,598,640,781,757,305,652
421,1023,0,266,1023,0,584,733,305,560,640,725,712,305,652
483,1023,0,363,1023,0,483,526,305,464,640,741,729,305,657
450,1023,0,225,1023,0,412,427,305,411,640,717,699,305,657
380,1023,0,236,1023,0,308,353,305,374,640,696,689,305,657
504,1023,0,285,1023,0,653,816,305,630,640,722,710,305,657
461,1023,0,238,1023,0,712,902,305,701,640,745,735,305,657
282,1023,0,118,905,0,379,355,305,358,641,651,642,305,657
401,1023,0,187,1023,0,757,971,306,748,641,713,702,305,657
764,1023,0,525,1023,0,439,451,305,469,641,776,753,305,657
365,1023,0,196,1023,0,386,392,305,389,641,665,660,305,657
371,1023,0,193,1023,0,641,823,305,616,641,722,718,305,657
536,1023,0,661,1023,0,748,957,306,740,641,822,811,305,657
291,1023,0,185,1023,0,520,602,305,497,641,741,735,305,657
382,1023,0,149,935,0,649,828,305,628,641,722,719,305,657
382,1023,0,215,1023,0,367,389,305,389,641,726,713,305,657
331,1023,0,195,1023,0,541,669,305,518,641,741,736,305,657
322,1023,0,161,1023,0,359,369,305,373,641,699,690,305,657
590,1023,0,525,1023,0,855,1023,306,857,641,770,744,305,657
401,1023,0,332,1023,0,453,432,305,485,641,733,722,305,657
270,1023,0,230,1023,0,479,547,305,457,641,678,668,305,657
373,1023,0,254,1023,0,499,589,305,472,641,687,671,305,657
385,1023,0,319,1023,0,432,430,305,446,641,740,731,305,657
331,1023,0,224,1023,0,489,584,305,463,641,671,671,305,657
368,1023,0,210,1023,0,380,383,305,395,641,710,702,305,657
575,1023,0,323,1023,0,617,765,305,591,641,758,752,305,657
297,1023,0,137,1008,0,689,893,305,672,641,688,679,305,657
289,1023,0,196,1023,0,650,844,305,633,641,521,511,305,657
347,1023,0,164,1023,0,591,752,305,566,641,686,681,305,657
440,1023,0,177,1023,0,528,631,305,505,641,741,735,305,657
357,1023,0,140,975,0,609,778,305,583,641,696,687,305,657
579,1023,0,369,1023,0,607,769,305,583,641,793,769,305,657
447,1023,0,357,1023,0,767,978,306,759,641,769,751,305,657
429,1023,0,289,1023,0,356,383,305,377,641,725,703,305,657
521,1023,0,343,1023,0,453,469,305,431,641,782,772,305,657
271,1023,0,145,1023,0,415,404,305,387,641,638,631,305,657
743,1023,0,676,1023,0,436,450,305,445,641,764,744,305,657
421,1023,0,249,1023,0,493,568,305,464,641,744,733,305,657
341,1023,0,147,1023,0,405,384,305,400,641,700,686,305,657
743,1023,0,431,1023,0,512,550,305,494,641,773,758,305,657
393,1023,0,217,1023,0,623,795,305,597,641,728,711,305,657
353,1023,0,178,1023,0,511,605,305,486,641,689,677,305,657
294,1023,0,168,1023,0,573,721,305,547,641,733,727,305,657
466,1023,0,272,1023,0,432,439,305,423,641,738,729,305,657
363,1023,0,130,870,0,382,382,305,356,641,672,669,305,657
466,1023,0,304,1023,0,448,464,305,442,641,755,742,305,657
523,1023,0,383,1023,0,365,391,305,400,641,717,700,305,657
319,1023,0,194,1023,0,775,1001,306,769,641,735,728,305,657
379,1023,0,184,1023,0,176,352,305,367,641,691,679,305,657
721,1023,0,529,1023,0,564,672,305,537,641,800,781,305,657
453,1023,0,196,1023,0,533,643,305,511,641,748,731,305,657
488,1023,0,422,1023,0,458,465,305,450,641,711,689,305,657
401,1023,0,187,1023,0,501,588,305,467,641,748,736,305,657
368,1023,0,188,1023,0,386,382,305,385,641,696,686,305,657
426,1023,0,386,1023,0,556,676,305,537,641,732,713,305,657
516,1023,0,436,1023,0,602,756,305,577,641,836,812,305,657
506,1023,0,196,1023,0,554,682,305,526,641,724,710,305,657
411,1023,0,205,1023,0,513,621,305,485,641,703,682,305,657
438,1023,0,223,1023,0,434,462,305,392,641,710,705,305,657
622,1023,0,378,1023,0,496,516,305,475,641,716,704,305,657
542,1023,0,359,1023,0,529,615,305,496,641,757,740,305,657
410,1023,0,195,1023,0,497,592,305,468,641,732,725,305,657
469,1023,0,250,1023,0,481,557,305,468,641,760,753,305,663
495,1023,0,321,1023,0,437,420,305,439,641,739,725,305,663
404,1023,0,265,1023,0,466,463,305,456,641,739,720,305,663
341,1023,0,162,1023,0,426,430,305,414,641,658,640,305,663
309,1023,0,124,819,0,483,548,305,460,641,715,707,305,663
379,1023,0,159,1023,0,631,807,305,607,641,705,698,305,663
360,1023,0,135,1012,0,451,509,305,427,641,699,696,305,663
223,1023,0,157,1023,0,628,819,305,602,641,751,749,305,663
464,1023,0,196,1023,0,532,641,305,509,641,748,735,305,663
354,1023,0,179,1023,0,379,410,305,339,641,690,684,305,663
269,1023,0,110,824,0,413,429,305,401,641,678,671,305,663
504,1023,0,220,1023,0,649,811,305,630,641,755,737,305,663
309,1023,0,145,1023,0,537,671,305,500,641,693,687,305,663
336,1023,0,202,1023,0,654,838,305,638,641,714,705,305,663
362,1023,0,200,1023,0,537,667,305,508,642,716,703,305,663
486,1023,0,414,1023,0,652,817,305,635,642,752,744,305,663
555,1023,0,326,1023,0,649,809,305,627,642,780,758,305,663
417,1023,0,371,1023,0,508,594,305,483,642,728,717,305,663
750,1023,0,658,1023,0,442,432,305,464,642,832,783,305,663
264,1023,0,141,1023,0,305,340,305,374,642,664,646,305,663
401,1023,0,181,1023,0,587,746,305,555,642,742,742,305,663
381,1023,0,221,1023,0,467,537,305,440,642,734,724,305,663
450,1023,0,213,1023,0,614,769,305,588,642,700,703,305,663
449,1023,0,393,1023,0,552,676,305,529,642,777,765,305,663
316,1023,0,177,1023,0,457,525,305,429,642,691,678,305,663
411,1023,0,255,1023,0,380,400,305,399,642,710,688,305,663
458,1023,0,284,1023,0,785,1001,306,779,642,763,751,305,663
473,1023,0,239,1023,0,404,398,305,408,642,753,735,305,663
353,1023,0,240,1023,0,637,819,305,613,642,746,737,305,663
400,1023,0,231,1023,0,653,833,305,630,642,728,720,305,663
357,1023,0,134,898,0,648,828,305,626,642,715,704,305,663
361,1023,0,284,1023,0,706,910,305,694,642,733,721,305,663
352,1023,0,245,1023,0,519,616,305,490,642,776,758,305,663
450,1023,0,217,1023,0,566,700,305,541,642,737,714,305,663
370,1023,0,129,920,0,637,814,305,616,642,699,690,305,663
324,1023,0,158,1023,0,551,692,305,526,642,700,684,305,663
343,1023,0,254,1023,0,695,893,305,680,642,744,730,305,663
374,1023,0,211,1023,0,448,468,305,430,642,713,704,305,663
505,1023,0,160,740,0,634,743,305,618,642,520,443,305,663
330,1023,0,212,1023,0,497,588,305,477,642,721,712,305,663
334,1023,0,135,968,0,756,979,306,748,642,693,687,305,663
405,1023,0,128,934,0,365,361,305,370,642,716,710,305,663
684,1023,0,672,1023,0,612,742,305,588,642,786,764,305,663
324,1023,0,175,1023,0,452,453,305,425,642,674,660,305,663
515,1023,0,268,1023,0,543,639,305,516,642,731,716,305,663
441,1023,0,293,1023,0,701,899,305,688,642,770,761,305,663
378,1023,0,219,1023,0,410,403,305,404,642,734,721,305,663
445,1023,0,235,1023,0,413,403,305,422,642,710,696,305,669
321,1023,0,143,1023,0,567,726,305,533,642,688,683,305,669
376,1023,0,285,1023,0,513,604,305,492,642,723,716,305,669
433,1023,0,292,1023,0,393,382,305,402,642,732,717,305,669
300,1023,0,195,1023,0,553,692,305,525,642,719,685,305,669
346,1023,0,160,1023,0,438,429,305,426,642,715,704,305,669
314,1023,0,173,1023,0,773,1000,306,767,642,701,695,305,669
386,1023,0,173,1023,0,577,724,305,549,642,696,687,305,669
389,1023,0,202,1023,0,619,785,305,594,642,729,721,305,669
363,1023,0,195,1023,0,318,354,305,325,642,772,764,305,669
581,1023,0,507,1023,0,439,432,305,453,642,764,741,305,669
478,1023,0,276,1023,0,468,505,305,468,642,757,737,305,669
252,1023,0,157,1023,0,476,553,305,449,642,690,690,305,669
533,1023,0,390,1023,0,551,641,305,535,642,777,752,305,669
291,1023,0,133,1023,0,540,684,305,508,642,714,708,305,669
315,1023,0,138,1023,0,510,626,305,478,642,707,684,305,669
439,1023,0,242,1023,0,648,818,305,629,642,718,710,305,669
314,1023,0,109,876,0,527,655,305,490,642,699,687,305,669
310,1023,0,118,833,0,530,655,305,501,642,680,672,305,669
349,1023,0,191,1023,0,481,544,305,461,642,622,666,305,669
503,1023,0,252,1023,0,549,666,305,529,642,772,760,305,669
521,1023,0,542,1023,0,826,1023,306,823,642,781,755,305,669
410,1023,0,199,1023,0,562,710,305,532,642,706,699,305,669
357,1023,0,196,1023,0,301,348,305,356,642,667,655,305,669
523,1023,0,258,1023,0,494,563,305,459,642,770,743,305,669
406,1023,0,304,1023,0,811,1023,306,807,642,773,758,305,669
398,1023,0,138,893,0,614,777,305,588,642,721,713,305,669
310,1023,0,132,946,0,798,1023,306,793,642,702,688,305,669
400,1023,0,403,1023,0,383,398,305,386,642,746,735,305,669
434,1023,0,277,1023,0,599,743,305,579,642,779,761,305,669
342,1023,0,183,1023,0,607,779,305,587,642,688,674,305,669
466,1023,0,206,1023,0,462,497,305,436,642,732,715,305,669
304,1023,0,158,1023,0,540,663,305,508,642,713,705,305,669
358,1023,0,185,1023,0,495,578,305,469,643,718,710,305,669
466,1023,0,305,1023,0,372,370,305,386,643,690,676,305,669
419,1023,0,222,1023,0,445,453,305,430,643,738,720,305,669
363,1023,0,180,1023,0,493,583,305,464,643,735,722,305,669
381,1023,0,221,1023,0,547,681,305,519,643,729,717,305,669
379,1023,0,181,1023,0,533,662,305,505,643,732,720,305,669
384,1023,0,216,1023,0,403,400,305,404,643,722,716,305,669
247,1023,0,92,758,0,466,548,305,438,643,605,594,305,669
468,1023,0,285,1023,0,579,722,305,552,643,739,720,305,669
741,1023,0,465,1023,0,539,638,305,523,643,790,774,305,669
332,1023,0,186,1023,0,451,475,305,432,643,703,692,305,669
299,1023,0,79,637,0,379,409,305,380,643,634,628,305,669
338,1023,0,141,1023,0,583,743,305,556,643,715,707,305,669
349,1023,0,171,1023,0,647,837,305,627,643,676,667,305,669
396,1023,0,330,1023,0,516,618,305,486,643,731,721,305,669
416,1023,0,192,1023,0,611,775,305,588,643,702,691,305,669
421,1023,0,220,1023,0,190,360,305,229,643,732,723,305,669
558,1023,0,378,1023,0,651,814,305,631,643,781,772,305,669
557,1023,0,458,1023,0,869,1023,306,872,643,779,768,305,669
349,1023,0,224,1023,0,539,662,305,509,643,733,721,305,669
228,1023,0,121,966,0,504,613,305,484,643,701,694,305,669
307,1023,0,153,1023,0,432,443,305,412,643,707,704,305,669
410,1023,0,216,1023,0,501,571,305,478,643,721,709,305,669
337,1023,0,172,1023,0,537,669,305,513,643,707,699,305,669
411,1023,0,257,1023,0,374,370,305,368,643,735,727,305,675
358,1023,0,194,1023,0,702,904,305,689,643,755,732,305,675
416,1023,0,238,1023,0,545,675,305,520,643,746,738,305,675
365,1023,0,164,1023,0,417,393,305,414,643,690,683,305,675
554,1023,0,435,1023,0,472,506,305,515,643,763,746,305,675
347,1023,0,154,1023,0,424,447,305,395,643,693,685,305,675
385,1023,0,223,1023,0,765,985,306,757,643,702,707,305,675
568,1023,0,433,1023,0,563,677,305,541,643,764,745,305,675
244,1023,0,140,1023,0,378,371,305,346,643,693,688,305,675
306,1023,0,167,1023,0,449,507,305,422,643,479,433,305,675
334,1023,0,166,1023,0,553,693,305,520,643,713,708,305,675
422,1023,0,186,1023,0,559,688,305,529,643,723,714,305,675
327,1023,0,131,1008,0,697,905,305,683,643,696,687,305,675
435,1023,0,191,1023,0,707,910,305,695,643,739,733,305,675
239,1023,0,98,806,0,714,933,306,702,643,665,663,305,675
399,1023,0,310,1023,0,634,798,305,615,643,750,739,305,675
347,1023,0,146,971,0,749,965,306,741,643,720,707,305,675
452,1023,0,265,1023,0,659,833,305,635,643,761,748,305,675
359,1023,0,217,1023,0,774,1001,306,767,643,755,741,305,675
390,1023,0,359,1023,0,650,822,305,627,643,776,761,305,675
271,1023,0,135,1023,0,417,386,305,425,643,699,689,305,675
328,1023,0,173,1023,0,315,379,305,385,643,659,640,305,675
413,1023,0,233,1023,0,739,950,306,729,643,719,703,305,675
567,1023,0,312,1023,0,566,689,305,541,643,762,735,305,675
387,1023,0,265,1023,0,624,789,305,599,643,725,711,305,675
460,1023,0,203,1023,0,623,782,305,598,643,784,772,305,675
487,1023,0,458,1023,0,503,561,305,487,643,793,781,305,675
403,1023,0,194,1023,0,575,721,305,547,643,742,734,305,675
493,1023,0,272,1023,0,791,1002,306,785,643,749,740,305,675
628,1023,0,522,1023,0,728,945,306,719,643,824,768,305,675
545,1023,0,374,1023,0,569,690,305,547,643,808,792,305,675
522,1023,0,272,1023,0,594,735,305,573,643,741,721,305,675
404,1023,0,226,1023,0,345,383,305,328,643,748,731,305,675
344,1023,0,122,844,0,396,357,305,352,643,682,667,305,675
308,1023,0,132,962,0,518,628,305,492,643,709,700,305,675
251,1023,0,117,922,0,540,681,305,507,643,622,615,305,675
398,1023,0,170,1023,0,636,812,305,615,643,730,722,305,675
329,1023,0,361,1023,0,397,369,305,461,643,787,766,305,675
488,1023,0,405,1023,0,667,840,305,650,643,800,790,305,675
328,1023,0,170,1023,0,457,505,305,429,643,731,719,305,675
414,1023,0,211,1023,0,516,605,305,495,643,735,713,305,675
325,1023,0,182,1023,0,709,917,305,695,643,716,709,305,675
808,1023,0,546,1023,0,699,885,305,685,643,833,786,305,675
459,1023,0,378,1023,0,591,728,305,565,643,789,770,305,675
512,1023,0,206,1023,0,698,881,305,682,643,725,702,305,675
365,1023,0,246,1023,0,603,769,305,578,643,706,700,305,675
408,1023,0,243,1023,0,697,892,305,681,643,731,724,305,675
301,1023,0,135,1023,0,522,641,305,491,644,670,663,305,675
432,1023,0,183,1023,0,729,937,306,717,644,750,742,305,675
308,1023,0,180,1023,0,697,903,305,684,644,749,740,305,675
445,1023,0,213,1023,0,768,979,306,759,644,731,722,305,675
419,1023,0,240,1023,0,482,556,305,444,644,740,735,305,681
248,1023,0,136,1023,0,513,635,305,489,644,681,665,305,681
480,1023,0,408,1023,0,428,423,305,445,644,745,733,305,681
382,1023,0,249,1023,0,684,874,305,669,644,732,736,305,681
439,1023,0,250,1023,0,524,624,305,495,644,748,742,305,681
409,1023,0,240,1023,0,307,367,305,353,644,732,718,305,681
533,1023,0,325,1023,0,595,727,305,573,644,783,769,305,681
313,1023,0,131,961,0,443,486,305,413,644,653,654,305,681
397,1023,0,173,1023,0,488,562,305,462,644,703,684,305,681
373,1023,0,265,1023,0,618,792,305,593,644,744,733,305,681
280,1023,0,109,811,0,575,731,305,547,644,716,709,305,681
273,1023,0,124,985,0,516,632,305,490,644,656,655,305,681
539,1023,0,389,1023,0,464,513,305,454,644,751,738,305,681
470,1023,0,268,1023,0,522,619,305,489,644,754,742,305,681
510,1023,0,377,1023,0,514,583,305,490,644,795,770,305,681
384,1023,0,240,1023,0,472,482,305,454,644,729,724,305,681
604,1023,0,461,1023,0,620,749,305,603,644,716,688,305,681
358,1023,0,196,1023,0,555,682,305,525,644,742,729,305,681
509,1023,0,321,1023,0,368,409,305,385,644,711,698,305,681
236,1023,0,116,958,0,278,323,305,234,644,403,395,305,681
512,1023,0,277,1023,0,576,710,305,550,644,769,752,305,681
320,1023,0,168,1023,0,488,565,305,453,644,683,671,305,681
420,1023,0,264,1023,0,363,386,305,361,644,771,757,305,681
409,1023,0,236,1023,0,623,786,305,596,644,716,706,305,681
405,1023,0,207,1023,0,498,587,305,469,644,730,714,305,681
452,1023,0,298,1023,0,675,850,305,659,644,762,750,305,681
328,1023,0,141,1023,0,558,703,305,527,644,709,703,305,681
430,1023,0,259,1023,0,670,851,305,652,644,758,741,305,681
631,1023,0,335,1023,0,649,806,305,631,644,738,712,305,681
351,1023,0,264,1023,0,543,613,305,524,644,754,743,305,681
431,1023,0,465,1023,0,824,1023,306,821,644,749,728,305,681
369,1023,0,160,1023,0,579,736,305,547,644,737,731,305,681
362,1023,0,126,613,0,405,383,305,399,644,701,676,305,681
367,1023,0,178,1023,0,756,973,306,748,644,733,725,305,681
357,1023,0,278,1023,0,756,970,306,748,644,760,749,305,681
413,1023,0,390,1023,0,405,420,305,404,644,801,789,305,681
548,1023,0,343,1023,0,747,957,306,737,644,788,772,305,681
243,1023,0,122,1007,0,398,423,305,367,644,633,632,305,681
311,1023,0,282,1023,0,366,348,305,382,644,486,474,305,681
491,1023,0,221,1023,0,525,591,305,496,644,736,710,305,681
417,1023,0,260,1023,0,566,711,305,535,644,733,713,305,681
577,1023,0,347,1023,0,704,888,305,691,644,757,737,305,681
293,1023,0,125,927,0,627,810,305,600,644,716,711,305,681
577,1023,0,493,1023,0,678,838,305,659,644,813,794,305,681
449,1023,0,355,1023,0,540,636,305,517,644,781,751,305,681
292,1023,0,107,781,0,474,557,305,439,644,698,689,305,687
347,1023,0,133,969,0,367,353,305,366,644,752,745,305,687
317,1023,0,156,1023,0,161,340,305,273,644,665,657,305,687
471,1023,0,217,1023,0,501,588,305,472,644,786,772,305,687
351,1023,0,135,974,0,531,658,305,493,644,730,719,305,687
322,1023,0,168,1023,0,558,714,305,532,645,677,671,305,687
504,1023,0,382,1023,0,768,969,306,761,645,772,755,305,687
317,1023,0,126,943,0,476,564,305,445,645,710,696,305,687
370,1023,0,168,1023,0,392,386,305,368,645,710,700,305,687
333,1023,0,118,930,0,514,631,305,485,645,656,656,305,687
269,1023,0,92,676,0,587,758,305,559,645,655,650,305,687
640,1023,0,346,1023,0,535,595,305,506,645,775,723,305,687
387,1023,0,212,1023,0,400,382,305,391,645,695,678,305,687
398,1023,0,175,1023,0,513,620,305,485,645,771,753,305,687
403,1023,0,305,1023,0,561,704,305,540,645,764,753,305,687
449,1023,0,186,1023,0,565,706,305,538,645,744,722,305,687
465,1023,0,174,1023,0,535,647,305,506,645,744,735,305,687
434,1023,0,191,1023,0,519,634,305,492,645,739,727,305,687
409,1023,0,162,1023,0,516,621,305,484,645,720,705,305,687
425,1023,0,232,1023,0,565,701,305,538,645,770,755,305,687
298,1023,0,178,1023,0,415,415,305,415,645,708,704,305,687
353,1023,0,156,1023,0,593,744,305,563,645,700,681,305,687
416,1023,0,198,1023,0,759,970,306,753,645,734,724,305,687
272,1023,0,145,1023,0,445,484,305,424,645,710,704,305,687
467,1023,0,234,1023,0,407,397,305,413,645,760,743,305,687
298,1023,0,137,1017,0,351,377,305,278,645,672,666,305,687
338,1023,0,139,991,0,548,688,305,517,645,694,677,305,687
390,1023,0,206,1023,0,685,866,305,668,645,729,714,305,687
733,1023,0,418,1023,0,876,1023,307,880,645,793,741,305,687
495,1023,0,227,1023,0,688,856,305,675,645,707,709,305,687
356,1023,0,181,1023,0,506,609,305,470,645,700,690,305,687
465,1023,0,265,1023,0,566,694,305,544,645,713,697,305,687
293,1023,0,170,1023,0,437,474,305,398,645,746,736,305,687
324,1023,0,148,1023,0,487,572,305,448,645,719,715,305,687
530,1023,0,407,1023,0,354,396,305,356,645,768,737,305,687
431,1023,0,238,1023,0,554,684,305,526,645,729,710,305,687
431,1023,0,169,979,0,465,534,305,443,645,723,710,305,687
409,1023,0,225,1023,0,324,369,305,367,645,720,700,305,687
391,1023,0,278,1023,0,668,854,305,649,645,762,754,305,687
303,1023,0,145,1023,0,617,792,305,598,645,673,670,305,687
466,1023,0,292,1023,0,848,1023,306,848,645,753,742,305,687
457,1023,0,230,1023,0,715,915,305,701,645,736,713,305,687
410,1023,0,238,1023,0,594,751,305,573,645,707,695,305,687
358,1023,0,228,1023,0,553,693,305,526,645,744,740,305,687
317,1023,0,147,1023,0,735,949,306,726,645,701,695,305,687
405,1023,0,217,1023,0,546,679,305,519,645,734,727,305,687
310,1023,0,177,1023,0,633,817,305,611,645,718,711,305,687
347,1023,0,291,1023,0,563,698,305,536,645,790,777,305,687
505,1023,0,400,1023,0,813,1023,306,808,645,776,755,305,687
461,1023,0,232,1023,0,652,820,305,629,645,757,750,305,692
681,1023,0,457,1023,0,478,451,305,487,645,778,756,305,692
462,1023,0,280,1023,0,448,452,305,450,645,751,734,305,692
304,1023,0,116,864,0,561,709,305,530,645,683,670,305,692
381,1023,0,189,1023,0,619,784,305,594,645,723,715,305,692
307,1023,0,166,1023,0,506,625,305,465,645,758,743,305,692
387,1023,0,201,1023,0,505,612,305,468,645,710,695,305,692
365,1023,0,200,1023,0,409,394,305,407,645,673,666,305,692
399,1023,0,160,991,0,572,720,305,536,645,740,727,305,692
359,1023,0,261,1023,0,601,758,305,582,645,786,777,305,692
472,1023,0,315,1023,0,514,599,305,485,645,786,774,305,692
472,1023,0,361,1023,0,567,691,305,542,645,747,732,305,692
347,1023,0,146,1023,0,326,353,305,339,645,686,674,305,692
319,1023,0,145,1023,0,452,508,305,425,645,719,706,305,692
338,1023,0,152,1023,0,747,966,306,736,645,711,702,305,692
395,1023,0,220,1023,0,261,369,305,234,645,727,713,305,692
439,1023,0,222,1023,0,574,712,305,547,645,747,734,305,692
384,1023,0,190,1023,0,690,879,305,676,645,737,730,305,692
343,1023,0,184,1023,0,504,604,305,470,645,726,710,305,692
333,1023,0,120,858,0,640,828,305,614,645,668,668,305,692
270,1023,0,123,895,0,546,694,305,515,645,688,681,305,692
549,1023,0,393,1023,0,476,514,305,458,645,761,748,305,692
376,1023,0,191,1023,0,446,461,305,428,646,707,702,305,692
342,1023,0,213,1023,0,531,651,305,501,646,711,705,305,692
326,1023,0,130,920,0,556,699,305,521,646,679,667,305,692
418,1023,0,211,1023,0,411,424,305,402,646,742,723,305,692
397,1023,0,113,748,0,304,347,305,345,646,684,669,305,692
382,1023,0,259,1023,0,511,618,305,487,646,712,689,305,692
387,1023,0,277,1023,0,533,654,305,505,646,723,713,305,692
311,1023,0,106,747,0,569,720,305,545,646,433,409,305,692
417,1023,0,230,1023,0,533,646,305,502,646,702,687,305,692
468,1023,0,314,1023,0,504,577,305,486,646,724,705,305,692
298,1023,0,155,1023,0,415,385,305,391,646,666,660,305,692
463,1023,0,392,1023,0,424,399,305,431,646,728,715,305,692
371,1023,0,155,1023,0,497,592,305,472,646,702,697,305,692
502,1023,0,213,1023,0,627,779,305,603,646,753,723,305,692
398,1023,0,172,1023,0,620,788,305,593,646,724,718,305,692
487,1023,0,249,1023,0,572,702,305,548,646,728,702,305,692
375,1023,0,252,1023,0,465,518,305,437,646,697,689,305,692
500,1023,0,226,1023,0,633,798,305,613,646,747,738,305,692
538,1023,0,331,1023,0,529,632,305,502,646,765,755,305,692
488,1023,0,350,1023,0,647,817,305,626,646,783,765,305,692
314,1023,0,220,1023,0,596,760,305,568,646,753,742,305,692
590,1023,0,542,1023,0,529,617,305,506,646,785,757,305,692
537,1023,0,363,1023,0,647,814,305,623,646,801,785,305,692
775,1023,0,542,1023,0,615,768,305,590,646,795,754,305,692
350,1023,0,249,1023,0,702,901,305,689,646,721,711,305,692
438,1023,0,339,1023,0,699,888,305,683,646,783,769,305,692
362,1023,0,130,931,0,300,340,305,342,646,700,695,305,692
443,1023,0,273,1023,0,585,719,305,561,646,789,764,305,698
608,1023,0,394,1023,0,539,622,305,520,646,806,763,305,698
337,1023,0,144,1023,0,441,478,305,405,646,718,712,305,698
365,1023,0,205,1023,0,751,968,306,742,646,715,702,305,698
508,1023,0,331,1023,0,463,491,305,433,646,737,723,305,698
342,1023,0,256,1023,0,776,1005,306,770,646,741,729,305,698
388,1023,0,219,1023,0,557,696,305,529,646,736,717,305,698
452,1023,0,223,1023,0,682,862,305,666,646,753,739,305,698
369,1023,0,223,1023,0,624,795,305,602,646,713,695,305,698
280,1023,0,136,997,0,551,699,305,520,646,696,689,305,698
356,1023,0,194,1023,0,601,763,305,575,646,679,663,305,698
394,1023,0,194,1023,0,373,381,305,372,646,706,699,305,698
558,1023,0,536,1023,0,836,1023,306,836,646,795,759,305,698
507,1023,0,310,1023,0,363,394,305,344,646,750,734,305,698
378,1023,0,211,1023,0,510,598,305,484,646,718,701,305,698
318,1023,0,235,1023,0,419,393,305,444,646,752,744,305,698
517,1023,0,407,1023,0,762,969,306,754,646,779,760,305,698
396,1023,0,192,1023,0,435,488,305,407,646,697,688,305,698
673,1023,0,492,1023,0,699,870,305,683,646,784,769,305,698
357,1023,0,192,1023,0,526,650,305,495,646,723,714,305,698
349,1023,0,264,1023,0,423,400,305,425,646,769,757,305,698
392,1023,0,151,1023,0,452,512,305,424,646,738,722,305,698
594,1023,0,389,1023,0,796,1014,306,792,646,772,759,305,698
272,1023,0,152,1023,0,533,656,305,509,646,680,672,305,698
305,1023,0,150,1023,0,445,471,305,423,646,704,699,305,698
337,1023,0,169,1023,0,519,631,305,491,646,722,694,305,698
384,1023,0,331,1023,0,376,386,305,383,646,734,721,305,698
258,1023,0,183,1023,0,732,951,306,722,646,727,721,305,698
329,1023,0,164,1023,0,621,802,305,600,646,706,696,305,698
241,1023,0,97,786,0,740,965,306,731,646,617,607,305,698
451,1023,0,451,1023,0,355,372,305,372,646,716,694,305,698
458,1023,0,284,1023,0,560,686,305,533,646,713,692,305,698
405,1023,0,302,1023,0,409,380,305,426,646,709,701,305,698
708,1023,0,705,1023,0,598,666,305,578,646,825,750,305,698
414,1023,0,308,1023,0,477,441,305,466,646,726,715,305,698
418,1023,0,212,1023,0,400,388,305,372,647,724,710,305,698
574,1023,0,326,1023,0,502,534,305,490,647,797,734,305,698
432,1023,0,196,1023,0,457,525,305,433,647,724,708,305,698
308,1023,0,193,1023,0,354,373,305,371,647,686,676,305,698
399,1023,0,186,1023,0,854,1023,306,856,647,731,715,305,698
283,1023,0,195,1023,0,428,385,305,462,647,778,769,305,698
477,1023,0,238,1023,0,689,872,305,674,647,749,739,305,698
348,1023,0,223,1023,0,276,356,305,333,647,772,760,305,698
270,1023,0,104,821,0,247,340,305,331,647,694,681,305,698
507,1023,0,257,1023,0,591,734,305,565,647,740,730,305,698
703,1023,0,371,1023,0,582,715,305,556,647,807,733,305,698
415,1023,0,182,1023,0,584,738,305,557,647,730,714,305,698
519,1023,0,210,1023,0,451,457,305,429,647,729,723,305,698
563,1023,0,367,1023,0,582,708,305,554,647,757,734,305,698
328,1023,0,165,1023,0,469,537,305,443,647,642,633,305,698
363,1023,0,246,1023,0,383,402,305,340,647,769,742,305,698
569,1023,0,270,919,0,429,387,305,444,647,787,759,305,704
275,1023,0,153,1023,0,453,486,305,434,647,712,706,305,704
440,1023,0,241,1023,0,599,755,305,574,647,735,713,305,704
388,1023,0,139,918,0,816,1023,306,813,647,737,729,305,704
491,1023,0,280,1023,0,387,413,305,383,647,697,669,305,704
707,1023,0,374,1023,0,667,818,305,652,647,791,769,305,704
626,1023,0,398,1023,0,719,937,306,708,647,813,785,305,704
404,1023,0,239,1023,0,631,798,305,612,647,745,735,305,704
377,1023,0,142,1006,0,504,604,305,475,647,718,713,305,704
282,1023,0,143,1014,0,514,628,305,485,647,704,700,305,704
281,1023,0,167,1023,0,429,482,305,383,647,696,686,305,704
757,1023,0,400,1023,0,742,929,306,734,647,809,782,305,704
411,1023,0,298,1023,0,535,658,305,510,647,512,472,305,704
483,1023,0,404,1023,0,444,450,305,446,647,789,779,305,704
306,1023,0,150,1023,0,385,389,305,396,647,652,643,305,704
361,1023,0,139,995,0,505,607,305,475,647,736,730,305,704
497,1023,0,406,1023,0,395,392,305,384,647,744,731,305,704
593,1023,0,433,1023,0,454,452,305,434,647,703,695,305,704
431,1023,0,225,1023,0,506,611,305,482,647,741,728,305,704
452,1023,0,555,1023,0,483,493,305,466,647,724,706,305,704
442,1023,0,266,1023,0,492,579,305,464,647,722,710,305,704
451,1023,0,264,1023,0,422,398,305,412,647,737,718,305,704
390,1023,0,228,1023,0,498,591,305,462,647,710,697,305,704
595,1023,0,268,1023,0,620,763,305,596,647,763,746,305,704
285,1023,0,124,927,0,568,714,305,539,647,675,663,305,704
466,1023,0,244,1023,0,719,913,305,706,647,739,726,305,704
357,1023,0,195,1023,0,808,1023,306,804,647,696,686,305,704
723,1023,0,435,1023,0,682,842,305,662,647,791,768,305,704
411,1023,0,224,1023,0,652,828,305,637,647,717,702,305,704
473,1023,0,280,1023,0,646,818,305,623,647,759,744,305,704
476,1023,0,372,1023,0,843,1023,306,842,647,735,718,305,704
353,1023,0,181,1023,0,618,791,305,594,647,735,729,305,704
345,1023,0,232,1023,0,453,518,305,426,647,716,702,305,704
335,1023,0,190,1023,0,543,680,305,510,647,709,693,305,704
353,1023,0,158,1023,0,504,610,305,472,647,717,712,305,704
607,1023,0,357,1023,0,590,739,305,569,647,812,774,305,704
358,1023,0,202,1023,0,513,619,305,479,647,740,727,305,704
331,1023,0,233,1023,0,648,829,305,628,647,733,726,305,704
369,1023,0,336,1023,0,388,429,305,395,647,746,732,305,704
291,1023,0,100,775,0,462,538,305,432,647,689,678,305,704
392,1023,0,122,841,0,585,737,305,555,647,733,718,305,704
363,1023,0,138,973,0,553,693,305,522,647,697,692,305,704
437,1023,0,186,1023,0,502,589,305,465,647,738,725,305,704
441,1023,0,338,1023,0,394,396,305,375,647,753,732,305,710
341,1023,0,178,1023,0,507,596,305,483,647,708,696,305,710
352,1023,0,171,1023,0,437,467,305,387,648,732,711,305,710
441,1023,0,257,1023,0,555,672,305,526,648,758,746,305,710
686,1023,0,680,1023,0,878,1023,306,881,648,800,781,305,710
297,1023,0,109,814,0,640,831,305,619,648,669,659,305,710
344,1023,0,224,1023,0,642,822,305,617,648,781,772,305,710
403,1023,0,160,1023,0,694,888,305,678,648,740,731,305,710
300,1023,0,157,1023,0,430,492,305,414,648,687,683,305,710
368,1023,0,421,1023,0,583,724,305,561,648,777,755,305,710
665,1023,0,642,1023,0,539,578,305,525,648,843,786,305,710
346,1023,0,262,1023,0,509,594,305,488,648,743,721,305,710
494,1023,0,298,1023,0,671,852,305,654,648,764,740,305,710
424,1023,0,197,1023,0,502,595,305,485,648,752,739,305,710
471,1023,0,270,1023,0,348,379,305,381,648,747,735,305,710
599,1023,0,304,1023,0,879,1023,307,882,648,754,745,305,710
304,1023,0,183,1023,0,417,384,305,389,648,634,637,305,710
397,1023,0,151,1023,0,530,643,305,500,648,694,679,305,710
409,1023,0,264,1023,0,400,409,305,395,648,722,707,305,710
567,1023,0,351,1023,0,485,498,305,469,648,768,745,305,710
263,1023,0,114,813,0,444,457,305,423,648,429,419,305,710
442,1023,0,219,1023,0,709,904,305,694,648,727,717,305,710
244,1023,0,197,1023,0,342,352,305,254,648,407,402,305,710
399,1023,0,166,1023,0,606,770,305,580,648,725,710,305,710
660,1023,0,416,1023,0,652,834,305,629,648,774,728,305,710
307,1023,0,110,740,0,576,736,305,547,648,716,714,305,710
449,1023,0,305,1023,0,819,1023,306,816,648,722,702,305,710
279,1023,0,183,1023,0,491,589,305,459,648,691,685,305,710
376,1023,0,226,1023,0,434,436,305,442,648,701,688,305,710
288,1023,0,226,1023,0,506,616,305,479,648,664,653,305,710
246,1023,0,152,1023,0,271,344,305,316,648,390,384,305,710
418,1023,0,533,1023,0,540,637,305,516,648,784,770,305,710
336,1023,0,199,1023,0,463,530,305,430,648,728,719,305,710
303,1023,0,225,1023,0,789,1021,306,784,648,753,740,305,710
553,1023,0,263,1023,0,634,782,305,610,648,724,697,305,710
460,1023,0,268,1023,0,685,868,305,667,648,757,740,305,710
391,1023,0,161,1023,0,338,360,305,360,648,714,703,305,710
612,1023,0,640,1023,0,478,527,305,475,648,781,759,305,710
574,1023,0,312,1023,0,378,387,305,401,648,745,723,305,710
265,1023,0,110,856,0,387,380,305,356,648,653,644,305,710
367,1023,0,143,962,0,556,695,305,525,648,680,668,305,710
361,1023,0,144,915,0,537,658,305,509,648,729,722,305,710
346,1023,0,157,1023,0,349,371,305,324,648,711,700,305,710
471,1023,0,371,1023,0,540,651,305,519,648,764,738,305,710
418,1023,0,240,1023,0,449,474,305,435,648,717,704,305,710
316,1023,0,263,1023,0,726,944,306,717,648,741,728,305,710
489,1023,0,369,1023,0,639,800,305,622,648,787,772,305,710
437,1023,0,312,1023,0,585,728,305,554,648,783,773,305,710
507,1023,0,292,1023,0,609,762,305,588,648,722,714,305,710
379,1023,0,169,1023,0,461,499,305,442,648,675,656,305,710
341,1023,0,243,1023,0,451,473,305,427,648,715,699,305,710
368,1023,0,295,1023,0,546,677,305,519,648,749,741,305,710
503,1023,0,398,1023,0,667,840,305,651,648,738,726,305,710
532,1023,0,254,1023,0,440,441,305,425,648,723,696,305,710
395,1023,0,259,1023,0,565,703,305,537,648,702,680,305,710
372,1023,0,165,1023,0,343,365,305,343,648,726,716,305,710
360,1023,0,261,1023,0,533,654,305,508,648,711,699,305,710
383,1023,0,135,900,0,597,755,305,572,648,712,705,305,710
479,1023,0,230,1023,0,484,560,305,456,648,759,751,305,716
467,1023,0,367,1023,0,485,552,305,471,648,779,759,305,716
453,1023,0,216,1023,0,470,518,305,452,648,722,713,305,716
381,1023,0,156,1023,0,564,708,305,534,648,719,710,305,716
406,1023,0,254,1023,0,520,631,305,491,648,757,747,305,716
379,1023,0,152,1023,0,429,478,305,406,648,686,680,305,716
376,1023,0,473,1023,0,514,617,305,497,648,759,746,305,716
408,1023,0,182,1023,0,540,671,305,511,648,736,716,305,716
364,1023,0,133,997,0,604,773,305,577,648,699,691,305,716
312,1023,0,148,972,0,613,785,305,594,648,724,711,305,716
325,1023,0,156,1023,0,528,654,305,494,648,698,679,305,716
266,1023,0,244,1023,0,378,385,305,380,648,673,665,305,716
277,1023,0,169,1023,0,527,655,305,504,648,696,689,305,716
367,1023,0,189,1023,0,368,384,305,379,648,749,737,305,716
356,1023,0,304,1023,0,579,722,305,557,648,730,719,305,716
414,1023,0,304,1023,0,486,562,305,455,648,725,714,305,716
309,1023,0,141,1022,0,589,750,305,560,649,730,724,305,716
334,1023,0,168,1023,0,527,660,305,500,649,704,705,305,716
288,1023,0,109,868,0,568,722,305,539,649,686,673,305,716
350,1023,0,188,1023,0,585,742,305,560,649,689,682,305,716
358,1023,0,192,1023,0,307,357,305,335,649,685,675,305,716
339,1023,0,153,1023,0,546,679,305,508,649,673,657,305,716
524,1023,0,505,1023,0,538,648,305,519,649,748,721,305,716
634,1023,0,496,1023,0,823,1023,306,819,649,802,772,305,716
421,1023,0,176,1023,0,643,822,305,648,649,761,735,305,716
357,1023,0,164,1023,0,373,371,305,373,649,704,694,305,716
408,1023,0,201,1023,0,634,804,305,610,649,721,711,305,716
360,1023,0,146,1023,0,648,830,305,630,649,738,721,305,716
356,1023,0,137,993,0,511,627,305,484,649,710,703,305,716
430,1023,0,147,965,0,578,723,305,551,649,736,722,305,716
285,1023,0,141,1023,0,391,366,305,384,649,695,691,305,716
351,1023,0,212,1023,0,408,426,305,405,649,689,673,305,716
325,1023,0,130,940,0,536,670,305,494,649,710,698,305,716
448,1023,0,197,1023,0,706,904,305,691,649,741,718,305,716
494,1023,0,236,1023,0,465,453,305,431,649,710,703,305,716
471,1023,0,249,1023,0,616,772,305,590,649,729,716,305,716
342,1023,0,163,1023,0,287,362,305,321,649,692,682,305,716
379,1023,0,187,1023,0,535,657,305,503,649,709,697,305,716
668,1023,0,389,1023,0,500,563,305,476,649,775,759,305,716
385,1023,0,170,1023,0,368,366,305,361,649,696,683,305,716
386,1023,0,213,1023,0,456,509,305,422,649,666,658,305,716
310,1023,0,166,1023,0,449,473,305,419,649,748,741,305,716
496,1023,0,278,1023,0,377,397,305,387,649,748,736,305,716
503,1023,0,296,1023,0,561,683,305,529,649,765,746,305,716
360,1023,0,143,939,0,518,641,305,484,649,686,682,305,716
405,1023,0,211,1023,0,552,685,305,523,649,746,735,305,716
308,1023,0,131,1016,0,584,747,305,561,649,706,701,305,721
363,1023,0,244,1023,0,315,366,305,290,649,717,701,305,721
471,1023,0,282,1023,0,700,876,305,688,649,744,729,305,721
407,1023,0,200,1023,0,354,375,305,353,649,722,715,305,721
440,1023,0,306,1023,0,302,369,305,295,649,724,711,305,721
357,1023,0,293,1023,0,455,452,305,458,649,785,770,305,721
483,1023,0,275,1023,0,435,438,305,413,649,728,710,305,721
394,1023,0,170,1023,0,391,389,305,400,649,745,737,305,721
308,1023,0,177,1023,0,589,747,305,564,649,688,672,305,721
304,1023,0,133,927,0,635,811,305,615,649,726,721,305,721
718,1023,0,415,1023,0,702,883,305,689,649,805,743,305,721
231,1023,0,117,902,0,383,360,305,394,649,673,665,305,721
463,1023,0,518,1023,0,476,496,305,466,649,730,717,305,721
386,1023,0,204,1023,0,650,813,305,631,649,723,709,305,721
509,1023,0,271,1023,0,369,385,305,392,649,731,720,305,721
490,1023,0,266,1023,0,437,440,305,436,649,714,698,305,721
251,1023,0,128,921,0,476,547,305,447,649,714,708,305,721
253,1023,0,271,1023,0,415,405,305,454,649,787,777,305,721
539,1023,0,461,1023,0,647,820,305,632,649,738,726,305,721
464,1023,0,328,1023,0,383,389,305,419,649,823,797,305,721
297,1023,0,120,952,0,588,756,305,565,649,690,681,305,721
397,1023,0,344,1023,0,387,378,305,402,649,772,759,305,721
356,1023,0,155,1023,0,492,575,305,479,649,734,723,305,721
445,1023,0,286,1023,0,789,1009,306,783,649,744,724,305,721
356,1023,0,147,990,0,515,642,305,487,649,699,696,305,721
336,1023,0,117,854,0,489,577,305,455,649,680,677,305,721
359,1023,0,174,1023,0,517,625,305,487,649,754,743,305,721
308,1023,0,199,1023,0,465,506,305,446,649,703,692,305,721
355,1023,0,129,929,0,712,920,306,698,649,721,711,305,721
393,1023,0,324,1023,0,517,624,305,495,649,764,749,305,721
459,1023,0,238,1023,0,529,642,305,514,649,776,761,305,721
452,1023,0,478,1023,0,474,518,305,457,649,790,775,305,721
380,1023,0,327,1023,0,592,747,305,571,649,715,702,305,721
399,1023,0,292,1023,0,538,653,305,513,650,726,718,305,721
386,1023,0,246,1023,0,656,839,305,634,650,737,732,305,721
527,1023,0,361,1023,0,447,464,305,427,650,751,738,305,721
411,1023,0,516,1023,0,726,907,305,720,650,828,794,305,721
398,1023,0,260,1023,0,445,462,305,424,650,714,702,305,721
606,1023,0,354,1023,0,511,573,305,489,650,781,770,305,721
463,1023,0,185,1023,0,496,564,305,462,650,734,711,305,721
286,1023,0,150,1023,0,625,808,305,599,650,706,704,305,721
213,1023,0,147,1023,0,682,871,305,667,650,716,711,305,721
318,1023,0,143,1023,0,642,818,305,622,650,715,710,305,721
567,1023,0,402,1023,0,913,1023,307,921,650,755,736,305,721
278,1023,0,217,1023,0,509,577,305,483,650,710,707,305,721
604,1023,0,411,1023,0,799,1011,306,795,650,789,776,305,721
633,1023,0,515,1023,0,425,392,305,437,650,772,700,305,721
389,1023,0,149,1023,0,630,807,305,607,650,670,662,305,721
382,1023,0,172,1023,0,563,703,305,533,650,700,694,305,721
489,1023,0,240,1023,0,825,1023,306,823,650,759,738,305,721
364,1023,0,155,1023,0,744,957,306,734,650,729,709,305,721
314,1023,0,121,863,0,561,708,305,532,650,692,683,305,721
383,1023,0,150,1023,0,621,790,305,594,650,704,695,305,721
478,1023,0,234,1023,0,486,544,305,455,650,761,748,305,721
559,1023,0,364,1023,0,486,502,305,469,650,749,725,305,721
798,1023,0,649,1023,0,470,494,305,475,650,816,781,305,721
289,1023,0,139,1023,0,487,586,305,452,650,702,692,305,727
338,1023,0,222,1023,0,514,618,305,494,650,730,716,305,727
349,1023,0,182,1023,0,550,690,305,525,650,729,718,305,727
421,1023,0,214,1023,0,347,366,305,366,650,728,721,305,727
263,1023,0,160,1023,0,521,646,305,493,650,704,692,305,727
529,1023,0,399,1023,0,745,933,306,737,650,760,739,305,727
384,1023,0,135,987,0,321,346,305,332,650,675,666,305,727
312,1023,0,205,1023,0,480,571,305,459,650,687,675,305,727
349,1023,0,229,1023,0,479,558,305,449,650,734,725,305,727
690,1023,0,469,1023,0,622,760,305,599,650,774,764,305,727
491,1023,0,301,1023,0,727,930,306,716,650,752,739,305,727
352,1023,0,323,1023,0,608,762,305,585,650,765,754,305,727
279,1023,0,76,653,0,355,356,305,319,650,406,384,305,727
562,1023,0,465,1023,0,408,435,305,393,650,760,737,305,727
385,1023,0,228,1023,0,823,1023,306,821,650,751,740,305,727
368,1023,0,213,1023,0,476,559,305,447,650,736,722,305,727
355,1023,0,263,1023,0,627,801,305,608,650,800,788,305,727
445,1023,0,264,1023,0,649,823,305,632,650,737,729,305,727
310,1023,0,182,1023,0,535,666,305,503,650,753,747,305,727
319,1023,0,108,799,0,759,984,306,752,650,674,666,305,727
612,1023,0,307,1023,0,515,587,305,494,650,763,746,305,727
461,1023,0,276,1023,0,767,979,306,760,650,759,754,305,727
401,1023,0,258,1023,0,818,1023,306,816,650,715,728,305,727
372,1023,0,170,1023,0,602,765,305,576,650,729,724,305,727
300,1023,0,165,1023,0,782,1018,306,776,650,705,694,305,727
359,1023,0,233,1023,0,457,478,305,440,650,706,696,305,727
343,1023,0,188,1023,0,464,545,305,442,650,711,700,305,727
499,1023,0,287,1023,0,717,912,305,706,650,745,724,305,727
403,1023,0,398,1023,0,663,841,305,641,650,766,749,305,727
708,1023,0,500,1023,0,631,770,305,614,650,792,772,305,727
268,1023,0,129,1012,0,607,778,305,585,650,687,684,305,727
433,1023,0,234,1023,0,798,1023,306,793,650,695,681,305,727
413,1023,0,215,1023,0,584,724,305,556,650,732,724,305,727
405,1023,0,313,1023,0,448,491,305,420,650,736,731,305,727
300,1023,0,155,1023,0,516,621,305,483,650,718,707,305,727
423,1023,0,283,1023,0,612,774,305,593,650,773,762,305,727
409,1023,0,192,1023,0,732,939,306,722,650,710,704,305,727
333,1023,0,129,973,0,719,934,306,706,650,668,663,305,727
594,1023,0,387,1023,0,368,397,305,364,650,763,733,305,727
397,1023,0,320,1023,0,784,1014,306,778,650,732,720,305,733
561,1023,0,495,1023,0,585,716,305,560,650,775,757,305,733
237,1023,0,174,1023,0,498,609,305,480,651,632,660,305,733
440,1023,0,237,1023,0,627,793,305,602,651,670,658,305,733
320,1023,0,157,1023,0,473,549,305,443,651,719,704,305,733
709,1023,0,415,1023,0,755,965,306,745,651,797,733,305,733
435,1023,0,421,1023,0,288,397,305,382,651,735,719,305,733
326,1023,0,164,1023,0,405,395,305,364,651,672,665,305,733
408,1023,0,197,1023,0,408,408,305,389,651,730,707,305,733
491,1023,0,306,1023,0,576,681,305,551,651,771,749,305,733
372,1023,0,172,1023,0,597,756,305,570,651,727,722,305,733
374,1023,0,165,1023,0,337,354,305,350,651,700,691,305,733
318,1023,0,103,735,0,586,749,305,562,651,687,684,305,733
425,1023,0,318,1023,0,719,927,306,706,651,501,462,305,733
398,1023,0,194,1023,0,468,517,305,444,651,758,732,305,733
531,1023,0,276,1023,0,554,675,305,528,651,761,749,305,733
603,1023,0,312,1023,0,420,409,305,429,651,753,732,305,733
351,1023,0,139,928,0,606,776,305,581,651,709,694,305,733
348,1023,0,225,1023,0,609,771,305,582,651,704,690,305,733
386,1023,0,215,1023,0,523,633,305,496,651,737,728,305,733
402,1023,0,206,1023,0,750,958,306,742,651,732,718,305,733
412,1023,0,212,1023,0,733,935,306,722,651,719,710,305,733
636,1023,0,565,1023,0,760,959,306,752,651,784,765,305,733
311,1023,0,124,997,0,406,379,305,392,651,694,683,305,733
527,1023,0,446,1023,0,701,887,305,689,651,803,781,305,733
616,1023,0,573,1023,0,766,946,306,759,651,759,747,305,733
383,1023,0,154,1023,0,718,917,305,706,651,751,735,305,733
628,1023,0,477,1023,0,569,697,305,546,651,802,767,305,733
527,1023,0,518,1023,0,786,997,306,781,651,789,755,305,733
370,1023,0,181,1023,0,468,534,305,452,651,727,706,305,733
445,1023,0,237,1023,0,563,691,305,537,651,734,729,305,733
285,1023,0,160,1023,0,402,393,305,389,651,670,662,305,733
344,1023,0,130,917,0,665,858,305,647,651,717,708,305,733
415,1023,0,222,1023,0,357,376,305,376,651,732,703,305,733
271,1023,0,169,1023,0,570,725,305,539,651,692,708,305,733
670,1023,0,438,1023,0,746,946,306,735,651,826,807,305,733
280,1023,0,114,912,0,783,1019,306,778,651,670,665,305,733
465,1023,0,209,1023,0,453,445,305,414,651,667,594,305,733
334,1023,0,398,1023,0,506,607,305,489,651,752,744,305,733
345,1023,0,225,1023,0,457,501,305,443,651,718,705,305,733
745,1023,0,576,1023,0,473,472,305,464,651,764,740,305,733
314,1023,0,168,1023,0,410,432,305,401,651,703,693,305,733
441,1023,0,182,1023,0,685,864,305,667,651,712,705,305,733
529,1023,0,350,1023,0,534,642,305,516,651,791,781,305,733
307,1023,0,258,1023,0,533,660,305,508,651,728,720,305,733
607,1023,0,290,1023,0,603,744,305,580,651,769,749,305,733
460,1023,0,273,1023,0,641,809,305,617,651,762,742,305,739
429,1023,0,251,1023,0,522,636,305,497,651,741,737,305,739
316,1023,0,162,1023,0,632,811,305,605,651,725,714,305,739
522,1023,0,140,801,0,470,492,305,439,651,725,712,305,739
410,1023,0,290,1023,0,825,1023,306,824,651,742,729,305,739
548,1023,0,407,1023,0,901,1023,307,908,651,780,760,305,739
509,1023,0,239,1023,0,562,688,305,534,651,742,727,305,739
244,1023,0,90,745,0,288,338,305,249,651,389,378,305,739
404,1023,0,329,1023,0,773,983,306,768,651,768,757,305,739
441,1023,0,365,1023,0,518,616,305,493,651,743,720,305,739
751,1023,0,486,1023,0,405,411,305,425,651,760,735,305,739
407,1023,0,212,1023,0,464,523,305,420,651,729,715,305,739
703,1023,0,494,1023,0,404,398,305,437,651,766,733,305,739
341,1023,0,204,1023,0,524,629,305,496,651,746,739,305,739
415,1023,0,247,1023,0,546,668,305,521,651,748,738,305,739
378,1023,0,152,1023,0,266,344,305,325,651,669,661,305,739
453,1023,0,291,1023,0,402,392,305,392,651,804,796,305,739
426,1023,0,265,1023,0,586,738,305,562,651,767,753,305,739
444,1023,0,301,1023,0,567,697,305,544,651,763,740,305,739
392,1023,0,207,1023,0,589,744,305,564,651,715,701,305,739
465,1023,0,258,1023,0,508,592,305,475,651,727,710,305,739
327,1023,0,117,876,0,593,757,305,569,651,681,669,305,739
443,1023,0,243,1023,0,408,393,305,409,652,712,695,305,739
320,1023,0,121,934,0,483,572,305,453,652,691,688,305,739
345,1023,0,194,1023,0,510,616,305,481,652,662,647,305,739
428,1023,0,263,1023,0,744,958,306,734,652,760,738,305,739
364,1023,0,145,1008,0,680,872,305,661,652,699,693,305,739
427,1023,0,218,1023,0,626,786,305,601,652,718,707,305,739
600,1023,0,616,1023,0,404,426,305,415,652,772,739,305,739
540,1023,0,360,1023,0,607,752,305,585,652,775,752,305,739
534,1023,0,314,1023,0,469,488,305,445,652,751,732,305,739
518,1023,0,419,1023,0,699,882,305,681,652,762,744,305,739
342,1023,0,173,1023,0,562,685,305,560,652,681,713,305,745
358,1023,0,199,1023,0,467,528,305,443,652,696,682,305,745
439,1023,0,320,1023,0,702,895,305,686,652,740,718,305,745
525,1023,0,412,1023,0,684,853,305,669,652,776,760,305,745
469,1023,0,186,1023,0,614,768,305,593,652,754,736,305,745
408,1023,0,329,1023,0,450,440,305,445,652,749,738,305,745
321,1023,0,264,1023,0,472,473,305,451,652,742,724,305,745
497,1023,0,405,1023,0,564,694,305,537,652,776,762,305,745
240,1023,0,199,1023,0,589,760,305,562,652,677,671,305,745
339,1023,0,169,1023,0,621,790,305,597,652,739,731,305,745
727,1023,0,530,1023,0,513,539,305,498,652,809,737,305,745
328,1023,0,178,1023,0,515,626,305,492,652,724,680,305,745
335,1023,0,182,1023,0,529,661,305,498,652,729,720,305,745
326,1023,0,206,1023,0,614,783,305,584,652,748,742,305,745
262,1023,0,131,842,0,523,566,305,474,652,690,679,305,745
415,1023,0,426,1023,0,402,401,305,417,652,763,741,305,745
401,1023,0,183,1023,0,472,532,305,451,652,705,698,305,745
434,1023,0,192,1023,0,460,484,305,436,652,739,732,305,745
439,1023,0,188,1023,0,577,719,305,549,652,695,685,305,745
397,1023,0,201,1023,0,513,628,305,481,652,752,740,305,745
467,1023,0,238,1023,0,602,758,305,579,652,762,754,305,745
523,1023,0,420,1023,0,486,525,305,470,652,766,747,305,745
381,1023,0,207,1023,0,672,862,305,659,652,800,787,305,745
570,1023,0,352,1023,0,618,769,305,593,652,770,743,305,745
361,1023,0,235,1023,0,530,641,305,499,652,726,716,305,745
476,1023,0,340,1023,0,503,582,305,475,652,744,734,305,745
317,1023,0,272,1023,0,668,861,305,649,652,712,708,305,745
557,1023,0,300,1023,0,801,1017,306,797,652,768,740,305,745
328,1023,0,173,1023,0,617,794,305,592,652,716,710,305,745
395,1023,0,295,1023,0,559,699,305,529,652,735,726,305,745
647,1023,0,393,1023,0,395,391,305,413,652,768,744,305,745
394,1023,0,218,1023,0,584,733,305,559,652,736,717,305,745
389,1023,0,314,1023,0,402,382,305,404,652,748,739,305,745
487,1023,0,202,1023,0,474,517,305,450,652,689,682,305,745
445,1023,0,443,1023,0,711,907,305,698,652,800,786,305,745
522,1023,0,319,1023,0,500,556,305,479,652,730,719,305,745
258,1023,0,365,1023,0,761,985,306,753,652,739,731,305,745
265,1023,0,157,1023,0,695,910,305,683,652,517,497,305,745
485,1023,0,267,1023,0,532,637,305,504,652,705,683,305,745
290,1023,0,159,1023,0,489,587,305,459,652,652,643,305,745
400,1023,0,135,981,0,392,348,305,409,652,404,346,305,745
341,1023,0,151,1023,0,416,421,305,406,652,675,659,305,745
442,1023,0,221,1023,0,456,491,305,436,652,727,713,305,745
265,1023,0,196,1023,0,696,903,305,681,652,730,720,305,745
325,1023,0,167,1023,0,623,803,305,597,652,718,708,305,745
337,1023,0,219,1023,0,724,934,306,713,652,695,683,305,745
540,1023,0,480,1023,0,791,1023,306,787,652,805,770,305,745
369,1023,0,152,1023,0,550,683,305,518,652,733,725,305,745
476,1023,0,379,1023,0,448,475,305,449,652,761,754,305,745
460,1023,0,337,1023,0,786,1005,306,780,653,769,753,305,745
344,1023,0,185,1023,0,316,351,305,340,653,680,663,305,745
559,1023,0,226,1023,0,552,648,305,525,653,778,725,305,745
441,1023,0,190,1023,0,603,756,305,577,653,757,738,305,745
270,1023,0,166,1023,0,637,819,305,615,653,722,714,305,745
348,1023,0,297,1023,0,740,951,306,730,653,760,746,305,745
354,1023,0,234,1023,0,721,927,306,707,653,751,741,305,745
427,1023,0,205,1023,0,753,965,306,743,653,730,716,305,745
357,1023,0,246,1023,0,643,825,305,619,653,689,677,305,745
363,1023,0,209,1023,0,549,680,305,521,653,749,739,305,745
466,1023,0,247,1023,0,683,862,305,670,653,786,776,305,745
341,1023,0,180,1023,0,584,746,305,554,653,721,714,305,745
392,1023,0,181,1023,0,506,577,305,474,653,739,731,305,745
398,1023,0,236,1023,0,691,888,305,678,653,748,740,305,745
546,1023,0,265,1023,0,644,788,305,621,653,720,660,305,745
328,1023,0,184,1023,0,547,674,305,522,653,736,718,305,751
314,1023,0,157,1023,0,752,978,306,744,653,648,636,305,751
280,1023,0,132,1001,0,469,532,305,448,653,721,704,305,751
408,1023,0,287,1023,0,623,791,305,597,653,734,718,305,751
439,1023,0,286,1023,0,477,567,305,453,653,758,751,305,751
294,1023,0,159,1023,0,611,786,305,585,653,730,722,305,751
623,1023,0,392,1023,0,714,916,305,701,653,781,765,305,751
362,1023,0,205,1023,0,383,389,305,386,653,717,701,305,751
381,1023,0,158,1023,0,417,432,305,403,653,709,695,305,751
408,1023,0,264,1023,0,793,1023,306,788,653,738,728,305,751
526,1023,0,346,1023,0,874,1023,306,878,653,791,774,305,751
576,1023,0,392,1023,0,450,460,305,433,653,742,719,305,751
392,1023,0,287,1023,0,751,961,306,742,653,727,716,305,751
371,1023,0,172,1023,0,605,767,305,580,653,676,661,305,751
401,1023,0,163,1023,0,393,380,305,365,653,684,677,305,751
269,1023,0,102,776,0,330,347,305,311,653,687,683,305,751
367,1023,0,181,1023,0,596,763,305,570,653,717,710,305,751
481,1023,0,364,1023,0,720,905,305,708,653,783,749,305,751
420,1023,0,242,1023,0,477,554,305,455,653,649,635,305,751
498,1023,0,302,1023,0,412,383,305,407,653,798,772,305,751
328,1023,0,187,1023,0,454,466,305,434,653,715,707,305,751
348,1023,0,280,1023,0,501,571,305,486,653,726,714,305,751
320,1023,0,97,694,0,568,722,305,536,653,692,687,305,751
675,1023,0,411,1023,0,575,698,305,557,653,781,766,305,751
415,1023,0,223,1023,0,507,587,305,481,653,749,739,305,751
409,1023,0,191,1023,0,496,574,305,466,653,716,708,305,751
406,1023,0,303,1023,0,525,628,305,500,653,756,739,305,751
398,1023,0,228,1023,0,548,672,305,519,653,724,715,305,751
465,1023,0,296,1023,0,618,782,305,594,653,755,740,305,751
330,1023,0,129,921,0,328,358,305,339,653,665,650,305,751
416,1023,0,221,1023,0,358,380,305,324,653,651,640,305,751
328,1023,0,145,1023,0,370,350,305,381,653,660,644,305,751
597,1023,0,594,1023,0,615,757,305,599,653,783,769,305,751
401,1023,0,306,1023,0,424,421,305,405,653,754,736,305,751
404,1023,0,264,1023,0,502,594,305,464,653,764,755,305,751
412,1023,0,156,1023,0,460,490,305,440,653,692,699,305,751
347,1023,0,220,1023,0,517,625,305,490,653,734,732,305,751
340,1023,0,201,1023,0,480,559,305,436,653,719,711,305,751
453,1023,0,258,1023,0,578,726,305,552,653,731,722,305,751
374,1023,0,139,1023,0,488,577,305,454,653,669,636,305,751
713,1023,0,535,1023,0,635,812,305,617,653,779,711,305,751
530,1023,0,436,1023,0,490,500,305,478,653,719,699,305,751
300,1023,0,370,1023,0,646,835,305,627,653,484,458,305,751
333,1023,0,143,974,0,541,677,305,514,653,713,701,305,751
640,1023,0,413,1023,0,477,525,305,465,653,763,753,305,751
378,1023,0,204,1023,0,551,680,305,526,653,725,714,305,751
319,1023,0,133,993,0,365,364,305,367,653,682,669,305,751
424,1023,0,208,1023,0,423,434,305,420,653,744,734,305,751
513,1023,0,259,1023,0,631,785,305,604,653,776,751,305,756
398,1023,0,245,1023,0,452,424,305,471,653,702,695,305,756
497,1023,0,312,1023,0,607,754,305,585,653,742,726,305,756
416,1023,0,205,1023,0,386,361,305,388,653,749,737,305,756
454,1023,0,230,1023,0,628,785,305,602,653,690,690,305,756
711,1023,0,537,1023,0,802,1017,306,796,653,811,757,305,756
333,1023,0,186,1023,0,618,790,305,593,654,735,728,305,756
530,1023,0,480,1023,0,649,807,305,633,654,788,768,305,756
462,1023,0,276,1023,0,523,628,305,499,654,751,737,305,756
466,1023,0,293,1023,0,397,375,305,398,654,759,747,305,756
388,1023,0,183,1023,0,483,558,305,449,654,702,693,305,756
270,1023,0,103,825,0,481,573,305,454,654,458,447,305,756
269,1023,0,106,797,0,704,919,305,688,654,678,667,305,756
335,1023,0,112,789,0,385,369,305,384,654,667,664,305,756
324,1023,0,138,990,0,574,726,305,549,654,718,712,305,756
377,1023,0,135,925,0,453,490,305,417,654,653,674,305,756
427,1023,0,490,1023,0,401,396,305,418,654,741,728,305,756
375,1023,0,223,1023,0,607,776,305,582,654,722,708,305,756
639,1023,0,400,1023,0,677,856,305,659,654,808,780,305,756
715,1023,0,332,1023,0,594,722,305,571,654,754,741,305,756
365,1023,0,153,1023,0,359,365,305,345,654,680,671,305,756
372,1023,0,148,1023,0,408,377,305,402,654,648,669,305,756
308,1023,0,145,1023,0,589,753,305,560,654,711,706,305,756
390,1023,0,250,1023,0,567,712,305,536,654,755,747,305,756
377,1023,0,187,1023,0,340,361,305,365,654,684,673,305,756
385,1023,0,157,1023,0,572,720,305,542,654,713,692,305,756
685,1023,0,359,1023,0,440,492,305,435,654,777,718,305,756
589,1023,0,361,1023,0,468,466,305,448,654,786,746,305,756
599,1023,0,358,1023,0,746,943,306,734,654,758,741,305,756
316,1023,0,203,1023,0,533,656,305,508,654,710,700,305,756
384,1023,0,145,985,0,647,828,305,623,654,736,725,305,756
481,1023,0,350,1023,0,547,665,305,517,654,771,756,305,756
399,1023,0,470,1023,0,601,751,305,580,654,756,748,305,756
328,1023,0,234,1023,0,523,638,305,497,654,745,740,305,756
424,1023,0,285,1023,0,566,707,305,546,654,753,741,305,756
785,1023,0,447,1023,0,523,622,305,504,654,773,709,305,756
385,1023,0,110,813,0,415,432,305,401,654,687,668,305,756
608,1023,0,528,1023,0,455,429,305,462,654,861,838,305,756
362,1023,0,196,1023,0,761,979,306,754,654,725,709,305,756
350,1023,0,171,1023,0,504,601,305,474,654,730,724,305,756
444,1023,0,324,1023,0,475,530,305,464,654,724,715,305,756
453,1023,0,207,1023,0,498,568,305,471,654,722,717,305,756
277,1023,0,110,858,0,587,754,305,563,654,453,428,305,762
441,1023,0,395,1023,0,681,867,305,668,654,743,729,305,762
478,1023,0,283,1023,0,493,516,305,476,654,755,728,305,762
304,1023,0,111,819,0,573,734,305,543,654,683,679,305,762
421,1023,0,176,1023,0,552,680,305,523,654,727,715,305,762
726,1023,0,696,1023,0,743,923,306,729,654,782,756,305,762
628,1023,0,455,1023,0,631,789,305,608,654,761,738,305,762
396,1023,0,428,1023,0,430,424,305,467,654,788,782,305,762
560,1023,0,290,1023,0,645,798,305,620,654,779,751,305,762
394,1023,0,216,1023,0,421,426,305,402,654,749,733,305,762
316,1023,0,107,818,0,525,658,305,490,654,698,693,305,762
310,1023,0,132,1005,0,603,777,305,575,654,669,656,305,762
405,1023,0,345,1023,0,718,916,305,706,654,821,814,305,762
401,1023,0,293,1023,0,550,685,305,523,654,738,721,305,762
364,1023,0,213,1023,0,519,628,305,559,654,741,728,305,762
373,1023,0,84,568,0,552,679,305,520,654,684,672,305,762
447,1023,0,275,1023,0,355,369,305,351,654,735,726,305,762
553,1023,0,459,1023,0,835,1023,306,834,654,771,759,305,762
214,1023,0,168,1023,0,580,754,305,554,654,443,430,305,762
262,1023,0,207,1023,0,523,598,305,505,654,724,709,305,762
350,1023,0,164,1023,0,442,483,305,421,654,726,718,305,762
317,1023,0,150,1023,0,775,1009,306,767,654,696,684,305,762
372,1023,0,125,848,0,352,357,305,351,654,684,672,305,762
406,1023,0,240,1023,0,645,817,305,623,654,763,756,305,762
344,1023,0,153,1023,0,586,752,305,560,654,721,717,305,762
387,1023,0,203,1023,0,421,404,305,411,654,696,686,305,762
429,1023,0,219,1023,0,381,389,305,392,654,727,712,305,762
363,1023,0,207,1023,0,615,778,305,590,654,682,662,305,762
474,1023,0,225,1023,0,506,596,305,476,654,717,699,305,762
413,1023,0,194,1023,0,613,774,305,587,654,712,704,305,762
345,1023,0,165,1023,0,567,717,305,533,655,666,657,305,762
477,1023,0,338,1023,0,452,458,305,436,655,742,734,305,762
479,1023,0,285,1023,0,678,873,305,660,655,768,758,305,762
475,1023,0,241,1023,0,621,776,305,601,655,746,737,305,762
620,1023,0,340,1023,0,757,953,306,746,655,799,760,305,762
316,1023,0,109,808,0,636,819,305,613,655,712,707,305,762
304,1023,0,216,1023,0,782,1005,306,777,655,517,458,305,762
555,1023,0,480,1023,0,644,809,305,623,655,850,815,305,762
734,1023,0,577,1023,0,682,863,305,662,655,806,791,305,762
488,1023,0,309,1023,0,413,413,305,393,655,761,752,305,762
581,1023,0,387,1023,0,426,432,305,423,655,809,769,305,762
720,1023,0,528,1023,0,443,443,305,459,655,752,702,305,762
611,1023,0,471,1023,0,691,851,305,681,655,784,763,305,762
357,1023,0,140,1023,0,458,517,305,423,655,610,610,305,762
406,1023,0,190,1023,0,475,528,305,436,655,715,694,305,762
343,1023,0,155,1014,0,525,650,305,493,655,706,701,305,768
299,1023,0,167,1023,0,530,655,305,501,655,679,677,305,768
431,1023,0,183,1023,0,710,904,305,697,655,741,729,305,768
595,1023,0,444,1023,0,503,561,305,484,655,757,739,305,768
444,1023,0,230,1023,0,751,972,306,740,655,690,676,305,768
458,1023,0,322,1023,0,564,704,305,541,655,588,572,305,768
370,1023,0,189,1023,0,581,736,305,554,655,748,739,305,768
373,1023,0,213,1023,0,356,363,305,335,655,713,704,305,768
380,1023,0,180,1023,0,742,953,306,730,655,725,709,305,768
286,1023,0,138,1023,0,525,648,305,496,655,690,683,305,768
325,1023,0,140,1023,0,173,329,305,229,655,700,686,305,768
668,1023,0,407,1023,0,670,858,305,653,655,795,730,305,768
457,1023,0,269,1023,0,500,573,305,471,655,761,753,305,768
308,1023,0,283,1023,0,629,806,305,604,655,741,732,305,768
516,1023,0,167,998,0,573,707,305,543,655,746,729,305,768
347,1023,0,167,1023,0,546,676,305,520,655,686,678,305,768
452,1023,0,262,1023,0,317,370,305,327,655,716,697,305,768
314,1023,0,230,1023,0,657,846,305,637,655,749,739,305,768
466,1023,0,344,1023,0,429,399,305,430,655,780,757,305,768
409,1023,0,315,1023,0,515,607,305,486,655,726,700,305,768
326,1023,0,223,1023,0,774,1002,306,767,655,725,717,305,768
445,1023,0,271,1023,0,395,372,305,381,655,727,711,305,768
462,1023,0,164,1023,0,546,667,305,506,655,724,697,305,768
346,1023,0,186,1023,0,820,1023,306,818,655,693,686,305,768
356,1023,0,163,1023,0,321,356,305,363,655,676,690,305,768
398,1023,0,223,1023,0,644,829,305,619,655,710,705,305,768
415,1023,0,217,1023,0,489,546,305,467,655,763,748,305,768
423,1023,0,215,1023,0,456,431,305,440,655,723,712,305,768
438,1023,0,236,1023,0,592,748,305,565,655,729,715,305,768
425,1023,0,201,1023,0,466,518,305,438,655,719,706,305,768
652,1023,0,477,1023,0,616,747,305,594,655,751,728,305,768
337,1023,0,250,1023,0,572,713,305,542,655,765,752,305,768
388,1023,0,273,1023,0,605,769,305,581,655,738,724,305,768
488,1023,0,375,1023,0,454,478,305,446,655,776,762,305,768
534,1023,0,450,1023,0,827,1023,306,826,655,766,739,305,768
471,1023,0,246,1023,0,580,720,305,553,655,736,717,305,768
369,1023,0,191,1023,0,478,538,305,453,655,744,735,305,768
334,1023,0,187,1023,0,571,725,305,539,655,729,720,305,768
657,1023,0,340,1023,0,655,813,305,632,655,790,767,305,768
321,1023,0,141,1023,0,455,491,305,429,655,690,682,305,768
505,1023,0,283,1023,0,362,381,305,387,655,693,678,305,768
438,1023,0,237,1023,0,449,496,305,424,655,717,708,305,768
342,1023,0,251,1023,0,368,383,305,341,655,666,649,305,768
727,1023,0,421,1023,0,687,841,305,685,655,803,722,305,768
477,1023,0,384,1023,0,521,568,305,516,655,791,776,305,768
426,1023,0,180,1023,0,580,721,305,548,655,765,751,305,768
297,1023,0,158,1023,0,458,524,305,459,655,705,701,305,768
437,1023,0,267,1023,0,430,410,305,421,655,723,704,305,768
401,1023,0,105,746,0,410,401,305,406,655,712,693,305,768
729,1023,0,545,1023,0,592,718,305,573,655,801,776,305,768
325,1023,0,172,1023,0,579,734,305,554,655,672,665,305,768
370,1023,0,181,1023,0,472,527,305,448,655,707,700,305,768
382,1023,0,183,1023,0,638,811,305,613,655,757,751,305,774
586,1023,0,485,1023,0,798,996,306,792,655,767,752,305,774
454,1023,0,274,1023,0,445,450,305,433,655,732,712,305,774
308,1023,0,117,933,0,574,736,305,544,655,695,687,305,774
502,1023,0,176,1023,0,675,855,305,657,655,745,738,305,774
412,1023,0,208,1023,0,483,568,305,469,655,746,739,305,774
413,1023,0,310,1023,0,733,943,306,722,656,743,724,305,774
653,1023,0,400,1023,0,544,651,305,524,656,787,731,305,774
490,1023,0,312,1023,0,772,984,306,766,656,767,745,305,774
296,1023,0,159,1023,0,303,351,305,324,656,668,664,305,774
601,1023,0,255,1023,0,633,757,305,611,656,764,700,305,774
354,1023,0,222,1023,0,410,381,305,408,656,708,696,305,774
300,1023,0,104,730,0,521,646,305,489,656,702,700,305,774
455,1023,0,289,1023,0,520,609,305,494,656,736,720,305,774
378,1023,0,140,1016,0,498,596,305,464,656,723,716,305,774
443,1023,0,253,1023,0,398,384,305,383,656,760,747,305,774
399,1023,0,198,1023,0,715,921,306,703,656,689,673,305,774
382,1023,0,245,1023,0,537,657,305,506,656,740,723,305,774
555,1023,0,449,1023,0,687,861,305,673,656,766,743,305,774
331,1023,0,227,1023,0,741,955,306,730,656,684,668,305,774
462,1023,0,278,1023,0,679,872,305,662,656,758,754,305,774
655,1023,0,651,1023,0,472,457,305,520,656,810,784,305,774
425,1023,0,334,1023,0,494,580,305,470,656,718,711,305,774
304,1023,0,98,733,0,613,790,305,590,656,673,688,305,774
510,1023,0,342,1023,0,793,1006,306,790,656,765,754,305,774
208,1023,0,139,1023,0,593,768,305,572,656,661,658,305,774
398,1023,0,237,1023,0,535,652,305,503,656,729,719,305,774
480,1023,0,318,1023,0,838,1023,306,837,656,758,724,305,774
312,1023,0,93,747,0,503,614,305,466,656,663,655,305,774
337,1023,0,160,1023,0,685,884,305,668,656,696,687,305,774
281,1023,0,140,1023,0,446,502,305,421,656,658,653,305,774
367,1023,0,169,1023,0,586,743,305,558,656,709,706,305,774
291,1023,0,151,1023,0,551,691,305,521,656,715,703,305,774
352,1023,0,203,1023,0,600,774,305,574,656,753,749,305,774
357,1023,0,160,1023,0,387,369,305,406,656,711,703,305,774
656,1023,0,466,1023,0,399,399,305,420,656,766,743,305,774
360,1023,0,400,1023,0,544,672,305,514,656,734,718,305,774
666,1023,0,576,1023,0,795,1005,306,791,656,790,770,305,774
658,1023,0,377,1018,0,606,753,305,587,656,739,663,305,774
362,1023,0,233,1023,0,508,608,305,483,656,706,698,305,774
389,1023,0,209,1023,0,474,518,305,444,656,714,699,305,774
377,1023,0,222,1023,0,614,776,305,596,656,707,702,305,774
286,1023,0,119,966,0,538,682,305,508,656,687,676,305,774
352,1023,0,183,1023,0,600,763,305,578,656,738,731,305,774
277,1023,0,84,706,0,431,474,305,388,656,408,397,305,774
330,1023,0,184,1023,0,431,462,305,408,656,738,724,305,780
377,1023,0,120,807,0,674,870,305,657,656,681,672,305,780
482,1023,0,312,1023,0,743,941,306,733,656,738,721,305,780
358,1023,0,202,1023,0,539,657,305,513,656,727,712,305,780
460,1023,0,376,1023,0,379,381,305,385,656,756,741,305,780
354,1023,0,239,1023,0,634,809,305,610,656,730,721,305,780
257,1023,0,94,598,0,307,328,305,280,656,348,329,305,780
483,1023,0,331,1023,0,364,384,305,385,656,725,713,305,780
297,1023,0,140,901,0,509,614,305,486,656,700,683,305,780
281,1023,0,101,801,0,587,756,305,561,656,678,674,305,780
384,1023,0,163,1023,0,477,510,305,443,656,692,685,305,780
357,1023,0,266,1023,0,440,424,305,424,656,742,732,305,780
616,1023,0,281,1023,0,681,841,305,660,656,778,728,305,780
507,1023,0,243,1023,0,646,812,305,622,656,748,727,305,780
249,1023,0,101,832,0,358,349,305,339,656,651,645,305,780
594,1023,0,291,1023,0,497,570,305,465,656,755,739,305,780
328,1023,0,220,1023,0,790,1023,306,785,656,709,703,305,780
276,1023,0,351,1023,0,294,323,305,302,656,344,326,305,780
636,1023,0,395,1023,0,663,842,305,642,656,777,764,305,780
741,1023,0,490,1023,0,421,422,305,435,656,823,779,305,780
418,1023,0,309,1023,0,881,1023,306,885,656,793,780,305,780
667,1023,0,335,1023,0,645,802,305,622,656,814,797,305,780
583,1023,0,544,1023,0,448,453,305,447,656,788,779,305,780
526,1023,0,270,1023,0,494,539,305,460,656,772,737,305,780
564,1023,0,539,1023,0,400,399,305,422,656,750,725,305,780
353,1023,0,238,1023,0,485,562,305,461,656,736,728,305,780
431,1023,0,243,1023,0,524,624,305,498,656,759,751,305,780
376,1023,0,151,1023,0,360,366,305,363,656,714,708,305,780
439,1023,0,446,1023,0,451,443,305,480,656,798,789,305,780
371,1023,0,238,1023,0,614,779,305,593,656,728,704,305,780
551,1023,0,306,1023,0,599,734,305,574,656,793,766,305,780
380,1023,0,172,1023,0,550,683,305,517,656,738,730,305,780
399,1023,0,181,1023,0,554,683,305,523,656,686,680,305,780
540,1023,0,328,1023,0,379,393,305,385,656,758,743,305,780
389,1023,0,150,985,0,429,439,305,424,656,719,714,305,780
237,1023,0,214,1023,0,590,758,305,560,656,773,768,305,780
349,1023,0,199,1023,0,352,386,305,445,656,696,675,305,780
468,1023,0,307,1023,0,577,711,305,549,656,749,743,305,780
383,1023,0,174,1023,0,408,404,305,383,657,703,701,305,780
488,1023,0,257,1023,0,553,669,305,523,657,737,728,305,780
443,1023,0,275,1023,0,399,387,305,381,657,750,735,305,780
366,1023,0,188,1023,0,719,920,305,707,657,729,719,305,780
405,1023,0,149,1023,0,487,574,305,464,657,704,696,305,780
323,1023,0,161,1023,0,610,786,305,584,657,694,684,305,780
380,1023,0,140,977,0,540,670,305,507,657,707,700,305,780
327,1023,0,177,1023,0,640,827,305,617,657,713,707,305,780
381,1023,0,185,1023,0,497,582,305,479,657,737,711,305,780
290,1023,0,129,998,0,638,825,305,614,657,699,692,305,780
464,1023,0,273,1023,0,453,471,305,435,657,747,738,305,780
678,1023,0,711,1023,0,498,541,305,488,657,825,760,305,780
645,1023,0,533,1023,0,623,788,305,600,657,808,794,305,780
468,1023,0,266,1023,0,376,379,305,352,657,754,736,305,780
428,1023,0,222,1023,0,411,378,305,420,657,720,717,305,780
336,1023,0,103,727,0,490,580,305,465,657,673,665,305,780
369,1023,0,151,958,0,610,772,305,581,657,718,705,305,780
335,1023,0,173,1023,0,499,612,305,467,657,697,681,305,780
533,1023,0,310,1023,0,421,418,305,399,657,520,476,305,780
410,1023,0,344,1023,0,402,399,305,389,657,717,694,305,780
431,1023,0,258,1023,0,536,654,305,506,657,729,718,305,780
477,1023,0,393,1023,0,870,1023,307,873,657,791,777,305,780
349,1023,0,171,1023,0,627,796,305,603,657,744,731,305,780
500,1023,0,229,1023,0,650,815,305,626,657,760,735,305,780
413,1023,0,225,1023,0,572,715,305,540,657,747,737,305,780
565,1023,0,411,1023,0,646,805,305,624,657,796,785,305,780
313,1023,0,156,1023,0,521,638,305,492,657,661,662,305,780
447,1023,0,274,1023,0,601,751,305,576,657,756,746,305,780
310,1023,0,180,1023,0,543,678,305,519,657,718,702,305,780
387,1023,0,202,1023,0,669,854,305,650,657,756,745,305,780
338,1023,0,173,1023,0,523,644,305,495,657,714,702,305,780
343,1023,0,173,1023,0,568,714,305,538,657,703,696,305,780
276,1023,0,163,1023,0,607,777,305,583,657,739,736,305,780
398,1023,0,199,1023,0,514,609,305,477,657,720,708,305,780
498,1023,0,342,1023,0,778,992,306,771,657,787,775,305,780
357,1023,0,267,1023,0,845,1023,306,846,657,743,728,305,785
410,1023,0,261,1023,0,385,382,305,361,657,688,674,305,785
298,1023,0,118,849,0,218,334,305,253,657,498,410,305,785
318,1023,0,153,1023,0,615,787,305,595,657,753,748,305,785
439,1023,0,238,1023,0,455,501,305,439,657,727,713,305,785
321,1023,0,202,1023,0,595,764,305,568,657,727,721,305,785
310,1023,0,157,1023,0,467,543,305,426,657,720,711,305,785
401,1023,0,267,1023,0,435,412,305,440,657,723,691,305,785
360,1023,0,157,1023,0,597,761,305,568,657,720,713,305,785
392,1023,0,276,1023,0,383,367,305,331,657,719,706,305,785
497,1023,0,303,1023,0,558,681,305,533,657,754,747,305,785
462,1023,0,305,1023,0,528,628,305,505,657,774,754,305,785
357,1023,0,233,1023,0,425,443,305,410,657,723,715,305,785
292,1023,0,125,922,0,538,680,305,505,657,704,693,305,785
410,1023,0,175,1023,0,600,754,305,573,657,735,720,305,785
347,1023,0,225,1023,0,624,797,305,602,657,738,724,305,785
678,1023,0,431,1023,0,617,761,305,594,657,782,766,305,785
799,1023,0,464,1023,0,660,816,305,637,657,798,769,305,785
554,1023,0,318,1023,0,611,755,305,586,657,789,770,305,785
400,1023,0,299,1023,0,410,392,305,431,657,829,804,305,785
501,1023,0,297,1023,0,602,752,305,577,657,786,775,305,785
499,1023,0,285,1023,0,388,395,305,405,657,732,723,305,785
479,1023,0,348,1023,0,612,768,305,588,657,781,769,305,785
296,1023,0,147,1023,0,533,664,305,503,657,725,715,305,785
563,1023,0,373,1023,0,739,932,306,730,657,756,745,305,785
447,1023,0,237,1023,0,450,460,305,443,657,734,724,305,785
506,1023,0,262,1023,0,472,514,305,455,657,745,736,305,791
381,1023,0,192,1023,0,392,393,305,402,657,737,726,305,791
462,1023,0,300,1023,0,503,587,305,482,657,781,766,305,791
304,1023,0,187,1023,0,727,948,306,715,657,721,715,305,791
800,1023,0,514,1023,0,446,453,305,441,657,813,760,305,791
326,1023,0,139,1004,0,517,633,305,486,657,720,718,305,791
422,1023,0,160,1023,0,703,900,305,688,657,724,716,305,791
426,1023,0,327,1023,0,511,599,305,494,657,750,735,305,791
339,1023,0,261,1023,0,470,478,305,455,657,676,651,305,791
339,1023,0,113,787,0,463,475,305,424,657,717,709,305,791
413,1023,0,248,1023,0,454,525,305,394,657,723,736,305,791
319,1023,0,207,1023,0,499,599,305,466,657,717,706,305,791
627,1023,0,541,1023,0,668,832,305,645,657,758,743,305,791
426,1023,0,370,1023,0,527,626,305,508,657,736,718,305,791
289,1023,0,189,1023,0,576,734,305,546,657,717,704,305,791
503,1023,0,334,1023,0,702,880,305,687,657,769,760,305,791
270,1023,0,127,916,0,699,904,305,683,657,700,699,305,791
398,1023,0,271,1023,0,462,530,305,438,658,700,692,305,791
416,1023,0,213,1023,0,453,481,305,439,658,739,732,305,791
433,1023,0,263,1023,0,597,758,305,569,658,750,754,305,791
419,1023,0,476,1023,0,457,477,305,437,658,767,753,305,791
257,1023,0,128,892,0,497,611,305,461,658,719,705,305,791
388,1023,0,192,1023,0,349,371,305,341,658,693,686,305,791
312,1023,0,186,1023,0,614,773,305,591,658,731,724,305,791
328,1023,0,148,1023,0,692,895,305,677,658,700,696,305,791
544,1023,0,438,1023,0,401,372,305,414,658,741,724,305,791
415,1023,0,132,826,0,597,757,305,570,658,707,696,305,791
600,1023,0,303,1023,0,639,801,305,616,658,746,731,305,791
436,1023,0,257,1023,0,535,653,305,507,658,730,718,305,791
423,1023,0,251,1023,0,472,523,305,443,658,737,730,305,791
498,1023,0,367,1023,0,671,843,305,669,658,791,769,305,791
638,1023,0,582,1023,0,831,1023,306,830,658,821,752,305,791
642,1023,0,620,1023,0,483,491,305,478,658,762,744,305,791
351,1023,0,417,1023,0,467,470,305,467,658,713,722,305,791
438,1023,0,336,1023,0,450,428,305,451,658,727,711,305,791
667,1023,0,392,1023,0,566,660,305,543,658,755,717,305,791
346,1023,0,236,1023,0,522,626,305,500,658,708,688,305,791
514,1023,0,346,1023,0,658,822,305,642,658,769,755,305,791
382,1023,0,154,966,0,535,652,305,495,658,708,693,305,791
443,1023,0,284,1023,0,450,443,305,446,658,695,678,305,791
316,1023,0,143,1011,0,553,702,305,522,658,714,708,305,791
290,1023,0,121,877,0,445,480,305,426,658,671,660,305,791
431,1023,0,239,1023,0,716,910,305,703,658,761,751,305,791
719,1023,0,426,1023,0,406,405,305,420,658,771,753,305,791
274,1023,0,136,749,0,342,330,305,352,658,337,319,305,791
498,1023,0,422,1023,0,409,401,305,419,658,777,747,305,791
470,1023,0,286,1023,0,800,1023,306,796,658,761,755,305,791
424,1023,0,319,1023,0,586,735,305,559,658,729,716,305,791
337,1023,0,203,1023,0,372,372,305,354,658,681,665,305,791
325,1023,0,169,1023,0,619,796,305,593,658,672,660,305,791
351,1023,0,159,1023,0,464,503,305,442,658,728,723,305,791
470,1023,0,375,1023,0,799,1018,306,793,658,774,766,305,791
429,1023,0,328,1023,0,481,533,305,454,658,722,687,305,791
515,1023,0,271,1023,0,668,841,305,653,658,783,773,305,791
487,1023,0,501,1023,0,378,397,305,405,658,730,713,305,791
304,1023,0,124,983,0,587,750,305,561,658,652,638,305,791
541,1023,0,261,1023,0,670,844,305,653,658,789,779,305,791
314,1023,0,130,995,0,386,406,305,363,658,698,691,305,791
600,1023,0,505,1023,0,458,445,305,445,658,810,793,305,791
276,1023,0,146,1023,0,605,780,305,576,658,698,694,305,791
369,1023,0,181,1023,0,653,838,305,633,658,747,734,305,791
539,1023,0,433,1023,0,653,823,305,631,658,745,730,305,791
437,1023,0,332,1023,0,630,788,305,606,658,777,760,305,797
485,1023,0,277,1023,0,576,715,305,547,658,761,748,305,797
340,1023,0,169,1023,0,506,602,305,480,658,699,688,305,797
409,1023,0,257,1023,0,568,705,305,539,658,738,721,305,797
414,1023,0,271,1023,0,575,717,305,549,658,735,721,305,797
366,1023,0,133,997,0,466,549,305,438,658,691,674,305,797
513,1023,0,348,1023,0,658,829,305,635,658,773,750,305,797
531,1023,0,287,1023,0,530,622,305,504,658,699,681,305,797
390,1023,0,237,1023,0,462,512,305,426,658,728,713,305,797
322,1023,0,136,996,0,582,743,305,554,658,705,699,305,797
404,1023,0,198,1023,0,467,536,305,441,658,753,744,305,797
755,1023,0,585,1023,0,841,1023,307,840,658,830,795,305,797
418,1023,0,193,1023,0,279,350,305,131,658,692,672,305,797
327,1023,0,193,1023,0,441,473,305,409,658,718,707,305,797
315,1023,0,128,923,0,472,530,305,441,658,690,684,305,797
384,1023,0,174,1023,0,558,685,305,527,658,739,732,305,797
372,1023,0,160,1023,0,523,643,305,500,658,717,719,305,797
365,1023,0,137,960,0,496,583,305,467,658,719,707,305,797
334,1023,0,164,1023,0,631,810,305,608,658,718,710,305,797
312,1023,0,200,1023,0,601,771,305,572,658,714,710,305,797
347,1023,0,274,1023,0,653,827,305,641,658,721,680,305,797
300,1023,0,132,928,0,751,973,306,742,658,729,720,305,797
432,1023,0,281,1023,0,746,955,306,734,658,759,728,305,797
408,1023,0,227,1023,0,562,689,305,538,658,750,740,305,797
442,1023,0,171,1023,0,529,630,305,505,658,714,700,305,797
552,1023,0,389,1023,0,606,750,305,589,658,777,760,305,797
393,1023,0,206,1023,0,485,557,305,457,658,695,671,305,797
460,1023,0,208,1023,0,568,704,305,541,658,754,737,305,797
351,1023,0,164,1023,0,529,644,305,500,659,711,703,305,797
396,1023,0,182,1023,0,370,364,305,319,659,696,683,305,797
450,1023,0,319,1023,0,625,786,305,607,659,772,755,305,797
330,1023,0,113,872,0,548,691,305,518,659,714,708,305,797
519,1023,0,298,1023,0,565,707,305,540,659,758,744,305,797
318,1023,0,140,997,0,538,677,305,508,659,701,686,305,797
416,1023,0,206,1023,0,410,389,305,412,659,729,718,305,797
356,1023,0,163,1023,0,584,740,305,557,659,703,690,305,797
406,1023,0,174,1023,0,632,807,305,607,659,722,706,305,797
476,1023,0,309,1023,0,496,560,305,473,659,755,741,305,797
360,1023,0,165,1023,0,555,696,305,528,659,733,721,305,797
350,1023,0,177,1023,0,538,662,305,514,659,693,678,305,797
501,1023,0,306,1023,0,408,408,305,400,659,750,741,305,797
463,1023,0,252,1023,0,652,828,305,630,659,771,755,305,797
411,1023,0,187,1023,0,603,763,305,575,659,746,731,305,797
413,1023,0,189,1023,0,343,362,305,366,659,771,763,305,797
476,1023,0,233,1023,0,499,557,305,469,659,760,742,305,797
373,1023,0,178,1023,0,615,793,305,589,659,708,699,305,803
459,1023,0,175,944,0,607,754,305,581,659,727,719,305,803
619,1023,0,369,1023,0,595,747,305,573,659,789,775,305,803
349,1023,0,175,1023,0,393,393,305,352,659,697,689,305,803
231,1023,0,200,1023,0,608,777,305,585,659,657,648,305,803
466,1023,0,184,1023,0,595,749,305,571,659,759,753,305,803
452,1023,0,276,1023,0,677,861,305,658,659,762,747,305,803
301,1023,0,155,1023,0,343,353,305,354,659,739,730,305,803
398,1023,0,255,1023,0,415,393,305,412,659,711,700,305,803
458,1023,0,290,1023,0,517,587,305,495,659,750,738,305,803
474,1023,0,340,1023,0,716,906,305,704,659,775,767,305,803
470,1023,0,201,1023,0,570,702,305,543,659,717,686,305,803
567,1023,0,356,1023,0,558,678,305,545,659,766,755,305,803
361,1023,0,284,1023,0,551,686,305,526,659,780,764,305,803
487,1023,0,225,1023,0,583,717,305,557,659,724,709,305,803
399,1023,0,250,1023,0,632,803,305,607,659,752,742,305,803
320,1023,0,129,947,0,506,626,305,476,659,696,688,305,803
391,1023,0,192,1023,0,498,595,305,477,659,703,684,305,803
314,1023,0,129,1014,0,775,1008,306,767,659,684,677,305,803
539,1023,0,346,1023,0,681,861,305,667,659,779,767,305,803
493,1023,0,345,1023,0,545,661,305,533,659,774,764,305,803
284,1023,0,133,1006,0,400,431,305,374,659,669,664,305,803
398,1023,0,254,1023,0,484,557,305,456,659,752,736,305,803
467,1023,0,309,1023,0,573,718,305,547,659,755,734,305,803
431,1023,0,210,1023,0,601,762,305,573,659,762,749,305,803
424,1023,0,268,1023,0,392,384,305,406,659,724,703,305,803
332,1023,0,174,1023,0,486,576,305,449,659,695,680,305,803
718,1023,0,474,1023,0,558,638,305,533,659,813,753,305,803
395,1023,0,215,1023,0,868,1023,306,871,659,743,729,305,803
545,1023,0,180,793,0,397,369,305,404,659,731,675,305,803
423,1023,0,217,1023,0,436,450,305,434,659,738,729,305,803
372,1023,0,134,961,0,603,766,305,571,659,708,697,305,803
358,1023,0,157,1023,0,543,674,305,513,659,737,728,305,803
290,1023,0,128,994,0,583,745,305,556,659,702,697,305,803
738,1023,0,482,1023,0,805,1023,306,801,659,828,775,305,803
450,1023,0,277,1023,0,309,365,305,296,659,738,730,305,803
681,1023,0,486,1023,0,718,920,305,704,659,796,760,305,803
375,1023,0,262,1023,0,492,582,305,468,659,706,703,305,803
425,1023,0,264,1023,0,776,992,306,769,659,784,777,305,803
304,1023,0,141,1017,0,487,570,305,454,659,675,667,305,803
444,1023,0,365,1023,0,537,649,305,516,659,744,729,305,803
423,1023,0,153,983,0,657,827,305,638,659,735,725,305,803
305,1023,0,160,1023,0,541,679,305,509,659,722,718,305,803
315,1023,0,145,1023,0,569,723,305,541,659,738,733,305,803
567,1023,0,364,1023,0,795,1014,306,789,659,763,749,305,803
441,1023,0,214,1023,0,408,390,305,380,659,736,714,305,803
421,1023,0,254,1023,0,557,696,305,527,659,756,745,305,803
523,1023,0,258,1023,0,583,729,305,556,659,770,759,305,803
399,1023,0,244,1023,0,657,846,305,633,659,755,746,305,803
623,1023,0,373,1023,0,627,784,305,605,659,773,737,305,803
375,1023,0,205,1023,0,426,394,305,416,659,697,686,305,803
277,1023,0,131,1023,0,435,447,305,417,659,647,636,305,803
411,1023,0,202,1023,0,502,595,305,486,659,751,743,305,803
329,1023,0,202,1023,0,546,683,305,521,659,672,677,305,803
425,1023,0,182,1023,0,594,749,305,567,659,760,748,305,809
487,1023,0,240,1023,0,765,967,306,756,659,730,713,305,809
486,1023,0,450,1023,0,385,430,305,405,659,723,708,305,809
340,1023,0,136,929,0,686,890,305,670,659,711,701,305,809
367,1023,0,149,1023,0,400,404,305,358,659,737,726,305,809
389,1023,0,233,1023,0,578,721,305,550,659,728,718,305,809
372,1023,0,186,1023,0,481,552,305,465,659,703,695,305,809
338,1023,0,212,1023,0,404,377,305,414,659,691,682,305,809
403,1023,0,223,1023,0,375,377,305,409,659,718,694,305,809
425,1023,0,361,1023,0,432,417,305,435,659,749,739,305,809
576,1023,0,456,1023,0,481,494,305,472,659,782,760,305,809
621,1023,0,341,1023,0,489,533,305,456,659,754,733,305,809
567,1023,0,248,1023,0,561,684,305,532,659,769,758,305,809
378,1023,0,190,1023,0,370,357,305,308,660,710,696,305,809
415,1023,0,178,1023,0,495,557,305,470,660,728,707,305,809
498,1023,0,265,1023,0,650,826,305,628,660,743,723,305,809
430,1023,0,287,1023,0,534,644,305,512,660,761,752,305,809
728,1023,0,380,1023,0,488,488,305,475,660,804,728,305,809
342,1023,0,288,1023,0,581,731,305,558,660,708,695,305,809
374,1023,0,217,1023,0,398,385,305,398,660,693,676,305,809
369,1023,0,236,1023,0,415,393,305,396,660,734,726,305,809
250,1023,0,121,1023,0,709,931,306,696,660,736,734,305,809
453,1023,0,295,1023,0,360,401,305,398,660,727,723,305,809
483,1023,0,458,1023,0,607,750,305,588,660,761,741,305,809
516,1023,0,297,1023,0,442,411,305,443,660,750,736,305,809
372,1023,0,217,1023,0,633,810,305,608,660,711,704,305,809
472,1023,0,247,1023,0,408,404,305,413,660,733,713,305,809
356,1023,0,167,1023,0,383,395,305,369,660,726,720,305,809
346,1023,0,160,1023,0,356,381,305,311,660,675,662,305,809
489,1023,0,454,1023,0,393,395,305,436,660,730,713,305,809
754,1023,0,435,1023,0,746,960,306,736,660,810,757,305,809
533,1023,0,199,1023,0,533,625,305,512,660,753,737,305,809
327,1023,0,185,1023,0,386,376,305,372,660,721,687,305,809
328,1023,0,171,1023,0,314,331,305,331,660,686,680,305,809
373,1023,0,239,1023,0,548,682,305,516,660,740,721,305,809
512,1023,0,271,1023,0,430,431,305,422,660,697,658,305,809
435,1023,0,225,1023,0,392,403,305,381,660,714,707,305,809
380,1023,0,176,1023,0,617,785,305,592,660,667,665,305,809
306,1023,0,228,1023,0,584,743,305,562,660,757,753,305,809
470,1023,0,341,1023,0,533,645,305,506,660,755,744,305,809
292,1023,0,122,950,0,630,812,305,607,660,701,696,305,809
370,1023,0,119,887,0,400,404,305,375,660,683,671,305,809
227,1023,0,128,958,0,681,888,305,666,660,681,674,305,809
392,1023,0,227,1023,0,648,828,305,676,660,795,753,305,809
279,1023,0,117,931,0,355,347,305,373,660,701,691,305,809
253,1023,0,179,1023,0,551,698,305,523,660,738,726,305,809
587,1023,0,277,1023,0,570,699,305,547,660,732,713,305,809
572,1023,0,370,1023,0,457,462,305,449,660,763,753,305,809
307,1023,0,247,1023,0,508,605,305,484,660,732,717,305,809
388,1023,0,260,1023,0,476,549,305,450,660,765,756,305,809
399,1023,0,262,1023,0,352,366,305,350,660,734,727,305,809
621,1023,0,315,1023,0,420,416,305,434,660,753,739,305,809
705,1023,0,469,1023,0,431,439,305,429,660,779,756,305,815
367,1023,0,230,1023,0,483,554,305,462,660,735,722,305,815
365,1023,0,218,1023,0,613,780,305,591,660,715,708,305,815
428,1023,0,224,1023,0,745,966,306,736,660,741,730,305,815
424,1023,0,233,1023,0,607,766,305,581,660,762,750,305,815
315,1023,0,190,1023,0,521,646,305,485,660,724,717,305,815
578,1023,0,442,1023,0,363,393,305,398,660,785,769,305,815
610,1023,0,396,1023,0,681,846,305,665,660,781,767,305,815
362,1023,0,168,1023,0,621,783,305,601,660,727,720,305,815
372,1023,0,186,1023,0,542,673,305,511,660,755,746,305,815
264,1023,0,161,1023,0,648,840,305,623,660,679,678,305,815
264,1023,0,146,1023,0,581,746,305,554,660,666,659,305,815
450,1023,0,448,1023,0,415,394,305,444,660,726,661,305,815
495,1023,0,447,1023,0,678,860,305,663,660,800,789,305,815
355,1023,0,167,1023,0,564,705,305,534,660,725,714,305,815
424,1023,0,172,1023,0,532,651,305,507,660,693,681,305,815
398,1023,0,165,1023,0,558,692,305,529,660,733,721,305,815
257,1023,0,146,1023,0,426,443,305,394,660,680,670,305,815
374,1023,0,170,1023,0,611,776,305,590,660,744,732,305,815
285,1023,0,158,1023,0,539,673,305,514,660,680,660,305,815
347,1023,0,166,1023,0,587,751,305,571,660,710,705,305,815
431,1023,0,271,1023,0,550,677,305,523,660,745,732,305,815
351,1023,0,239,1023,0,401,388,305,384,660,708,692,305,815
505,1023,0,204,1023,0,555,671,305,536,660,760,751,305,815
399,1023,0,183,1023,0,459,533,305,434,660,736,729,305,815
289,1023,0,149,1023,0,682,890,305,666,660,696,696,305,815
327,1023,0,91,695,0,556,696,305,528,660,695,685,305,815
592,1023,0,340,1023,0,428,410,305,414,660,780,767,305,815
390,1023,0,157,1023,0,540,646,305,512,660,720,711,305,815
507,1023,0,266,1023,0,796,1015,306,791,660,805,795,305,815
407,1023,0,257,1023,0,486,540,305,474,660,735,718,305,815
433,1023,0,179,1023,0,435,430,305,416,660,660,654,305,815
313,1023,0,164,1023,0,364,362,305,365,660,683,668,305,815
585,1023,0,527,1023,0,593,730,305,568,660,771,759,305,815
304,1023,0,152,1023,0,557,693,305,533,660,661,653,305,815
314,1023,0,121,855,0,538,676,305,505,660,677,665,305,815
391,1023,0,200,1023,0,499,586,305,473,660,702,676,305,815
490,1023,0,289,1023,0,646,812,305,624,660,739,722,305,815
405,1023,0,206,1023,0,496,594,305,469,660,717,709,305,815
346,1023,0,183,1023,0,393,372,305,386,660,681,688,305,815
382,1023,0,188,1023,0,454,483,305,440,660,685,670,305,815
611,1023,0,320,1023,0,485,504,305,462,660,760,707,305,815
327,1023,0,256,1023,0,423,431,305,407,660,688,692,305,815
632,1023,0,514,1023,0,578,699,305,555,661,744,728,305,815
366,1023,0,162,1023,0,681,873,305,666,661,738,732,305,815
398,1023,0,136,934,0,478,566,305,455,661,708,694,305,815
432,1023,0,185,1023,0,692,887,305,670,661,747,741,305,815
362,1023,0,227,1023,0,471,543,305,453,661,718,709,305,815
324,1023,0,134,928,0,655,850,305,635,661,684,679,305,815
284,1023,0,148,1023,0,723,940,306,712,661,722,718,305,820
401,1023,0,197,1023,0,436,448,305,426,661,712,702,305,820
524,1023,0,187,1023,0,610,755,305,584,661,717,691,305,820
753,1023,0,398,1023,0,675,815,305,655,661,800,730,305,820
540,1023,0,372,1023,0,682,846,305,666,661,772,761,305,820
457,1023,0,209,1023,0,523,626,305,487,661,741,728,305,820
393,1023,0,262,1023,0,548,670,305,518,661,744,731,305,820
387,1023,0,218,1023,0,284,372,305,286,661,722,702,305,820
452,1023,0,232,1023,0,716,909,305,703,661,755,733,305,820
383,1023,0,287,1023,0,399,396,305,404,661,743,718,305,820
504,1023,0,406,1023,0,763,966,306,754,661,773,760,305,820
255,1023,0,204,1023,0,581,740,305,558,661,713,706,305,820
339,1023,0,180,1023,0,374,358,305,400,661,705,690,305,820
801,1023,0,512,1023,0,493,513,305,484,661,770,747,305,820
427,1023,0,371,1023,0,397,401,305,389,661,772,761,305,820
331,1023,0,110,777,0,426,461,305,376,661,683,679,305,820
312,1023,0,167,1023,0,550,687,305,522,661,680,676,305,820
570,1023,0,338,1023,0,444,445,305,427,661,753,740,305,820
704,1023,0,437,1023,0,533,607,305,516,661,774,759,305,820
374,1023,0,341,1023,0,801,1023,306,796,661,781,770,305,820
532,1023,0,261,1023,0,501,581,305,474,661,723,688,305,820
292,1023,0,124,903,0,483,564,305,448,661,691,683,305,820
319,1023,0,187,1023,0,506,603,305,482,661,702,692,305,820
281,1023,0,182,1023,0,537,651,305,514,661,733,727,305,820
381,1023,0,145,1007,0,689,888,305,672,661,722,708,305,820
316,1023,0,134,1023,0,574,731,305,549,661,694,685,305,820
435,1023,0,306,1023,0,459,469,305,447,661,759,749,305,820
363,1023,0,205,1023,0,705,911,305,693,661,732,718,305,820
500,1023,0,218,1023,0,519,619,305,487,661,758,749,305,820
470,1023,0,334,1023,0,538,645,305,507,661,790,777,305,820
435,1023,0,252,1023,0,416,398,305,403,661,757,739,305,820
331,1023,0,233,1023,0,464,490,305,447,661,681,668,305,820
361,1023,0,200,1023,0,456,470,305,427,661,656,628,305,820
518,1023,0,406,1023,0,524,621,305,502,661,745,728,305,820
329,1023,0,171,1023,0,545,681,305,514,661,720,713,305,820
421,1023,0,178,1023,0,591,740,305,567,661,733,712,305,820
345,1023,0,183,1023,0,447,479,305,414,661,743,737,305,820
310,1023,0,179,1023,0,726,940,306,713,661,706,699,305,820
330,1023,0,183,1023,0,515,624,305,490,661,712,703,305,820
589,1023,0,385,1023,0,486,518,305,476,661,785,766,305,820
456,1023,0,222,1023,0,371,377,305,384,661,713,702,305,820
460,1023,0,281,1023,0,368,361,305,387,661,758,744,305,820
376,1023,0,181,1023,0,265,348,305,328,661,700,691,305,820
277,1023,0,146,1023,0,566,721,305,540,661,742,737,305,820
686,1023,0,657,1023,0,691,861,305,674,661,791,765,305,820
354,1023,0,243,1023,0,563,705,305,542,661,722,711,305,820
342,1023,0,131,983,0,447,475,305,414,661,704,697,305,820
333,1023,0,254,1023,0,526,656,305,497,661,699,684,305,820
374,1023,0,323,1023,0,673,860,305,656,661,734,726,305,826
278,1023,0,177,1023,0,752,974,306,744,661,784,766,305,826
396,1023,0,164,1023,0,793,1022,306,787,661,702,689,305,826
268,1023,0,130,1010,0,406,436,305,377,661,635,625,305,826
366,1023,0,193,1023,0,649,835,305,627,661,739,728,305,826
425,1023,0,242,1023,0,813,1023,306,810,661,750,739,305,826
676,1023,0,422,1023,0,614,759,305,589,661,824,779,305,826
341,1023,0,199,1023,0,536,662,305,508,661,725,718,305,826
471,1023,0,239,1023,0,708,898,305,697,661,714,641,305,826
510,1023,0,189,986,0,612,752,305,586,661,750,736,305,826
324,1023,0,150,983,0,579,731,305,546,661,759,752,305,826
393,1023,0,211,1023,0,602,765,305,576,661,698,680,305,826
357,1023,0,298,1023,0,647,829,305,623,662,773,761,305,826
310,1023,0,145,1023,0,825,1023,306,823,662,678,666,305,826
307,1023,0,150,1023,0,366,357,305,385,662,698,688,305,826
365,1023,0,237,1023,0,591,750,305,564,662,726,718,305,826
647,1023,0,426,1023,0,576,724,305,558,662,789,729,305,826
507,1023,0,279,1023,0,697,878,305,683,662,734,721,305,826
375,1023,0,317,1023,0,788,994,306,784,662,757,727,305,826
681,1023,0,645,1023,0,863,1023,306,866,662,812,774,305,826
329,1023,0,203,1023,0,478,554,305,450,662,724,715,305,826
390,1023,0,143,971,0,557,697,305,520,662,739,727,305,826
283,1023,0,129,1020,0,592,760,305,563,662,658,654,305,826
397,1023,0,206,1023,0,505,585,305,478,662,711,691,305,826
599,1023,0,392,1023,0,478,490,305,451,662,769,733,305,826
342,1023,0,261,1023,0,409,409,305,415,662,717,711,305,826
332,1023,0,158,1023,0,404,378,305,379,662,684,682,305,826
803,1023,0,598,1023,0,438,444,305,454,662,805,753,305,826
436,1023,0,179,1023,0,373,404,305,360,662,751,745,305,826
432,1023,0,346,1023,0,403,430,305,422,662,757,751,305,826
301,1023,0,162,1023,0,729,949,306,718,662,678,670,305,826
347,1023,0,169,1023,0,607,775,305,578,662,731,734,305,826
637,1023,0,454,1023,0,781,963,306,789,662,840,755,305,826
427,1023,0,530,1023,0,499,554,305,488,662,785,761,305,826
354,1023,0,127,890,0,478,528,305,452,662,723,715,305,826
445,1023,0,335,1023,0,524,617,305,503,662,766,748,305,826
322,1023,0,113,821,0,683,887,305,667,662,706,695,305,826
463,1023,0,201,1023,0,315,361,305,296,662,720,705,305,826
321,1023,0,140,1023,0,749,972,306,740,662,680,671,305,826
313,1023,0,205,1023,0,644,828,305,625,662,749,735,305,826
257,1023,0,157,1023,0,469,557,305,446,662,692,683,305,826
384,1023,0,151,967,0,564,704,305,533,662,723,718,305,826
369,1023,0,169,1023,0,698,896,305,684,662,714,708,305,826
392,1023,0,196,1023,0,516,613,305,485,662,743,735,305,826
358,1023,0,174,1023,0,576,725,305,549,662,749,744,305,826
323,1023,0,140,1023,0,505,620,305,464,662,721,708,305,826
359,1023,0,187,1023,0,581,734,305,546,662,682,661,305,826
295,1023,0,149,1023,0,689,893,305,671,662,699,691,305,832
492,1023,0,277,1023,0,470,526,305,450,662,787,779,305,832
396,1023,0,320,1023,0,437,442,305,420,662,686,681,305,832
418,1023,0,252,1023,0,543,669,305,517,662,721,712,305,832
481,1023,0,388,1023,0,554,681,305,531,662,737,728,305,832
350,1023,0,423,1023,0,528,642,305,503,662,750,737,305,832
351,1023,0,173,1023,0,646,835,305,621,662,725,719,305,832
383,1023,0,151,1023,0,509,612,305,481,662,752,742,305,832
446,1023,0,267,1023,0,808,1023,306,804,662,752,730,305,832
445,1023,0,188,1023,0,478,553,305,456,662,736,711,305,832
352,1023,0,154,1023,0,578,733,305,547,662,707,701,305,832
598,1023,0,501,1023,0,802,1017,306,796,662,814,789,305,832
374,1023,0,203,1023,0,553,688,305,530,662,733,723,305,832
280,1023,0,99,769,0,739,962,306,729,662,657,653,305,832
700,1023,0,503,1023,0,577,753,305,562,662,764,750,305,832
346,1023,0,203,1023,0,567,726,305,539,662,701,698,305,832
288,1023,0,194,1023,0,696,893,305,683,662,758,751,305,832
496,1023,0,251,1023,0,445,451,305,421,662,703,654,305,832
301,1023,0,97,725,0,457,532,305,422,662,702,699,305,832
359,1023,0,183,1023,0,474,533,305,449,662,653,679,305,832
528,1023,0,367,1023,0,614,760,305,587,662,751,727,305,832
427,1023,0,216,1023,0,501,595,305,477,662,744,731,305,832
445,1023,0,338,1023,0,445,433,305,448,662,734,711,305,832
556,1023,0,232,1023,0,577,706,305,547,662,744,722,305,832
357,1023,0,237,1023,0,365,366,305,355,662,686,678,305,832
473,1023,0,234,1023,0,530,631,305,510,662,743,735,305,832
272,1023,0,118,901,0,602,773,305,574,662,723,718,305,832
306,1023,0,116,846,0,520,645,305,488,662,661,654,305,832
332,1023,0,120,863,0,743,961,306,733,662,711,708,305,832
277,1023,0,159,1023,0,350,362,305,337,662,695,690,305,832
557,1023,0,626,1023,0,798,1018,306,793,662,783,765,305,832
524,1023,0,450,1023,0,663,827,305,642,662,809,785,305,832
261,1023,0,137,1023,0,514,627,305,488,662,703,691,305,832
434,1023,0,278,1023,0,438,463,305,414,662,719,707,305,832
292,1023,0,150,1023,0,367,384,305,385,662,709,699,305,832
604,1023,0,345,1023,0,530,608,305,502,662,782,712,305,832
685,1023,0,472,1023,0,776,980,306,768,662,783,771,305,832
348,1023,0,146,1023,0,485,581,305,443,662,694,687,305,832
380,1023,0,170,1023,0,758,976,306,749,662,712,711,305,832
361,1023,0,166,1023,0,597,763,305,573,662,741,726,305,838
612,1023,0,410,1023,0,626,769,305,604,662,824,790,305,838
401,1023,0,262,1023,0,476,549,305,458,662,755,745,305,838
573,1023,0,460,1023,0,661,828,305,638,662,764,753,305,838
655,1023,0,458,1023,0,763,981,306,757,662,803,744,305,838
373,1023,0,176,1023,0,349,358,305,361,662,713,705,305,838
409,1023,0,165,1023,0,598,756,305,570,662,723,712,305,838
404,1023,0,281,1023,0,379,376,305,390,662,747,734,305,838
380,1023,0,226,1023,0,482,550,305,465,663,724,711,305,838
796,1023,0,622,1023,0,518,577,305,501,663,855,824,305,838
477,1023,0,283,1023,0,666,844,305,647,663,736,715,305,838
253,1023,0,155,1023,0,550,696,305,525,663,741,734,305,838
390,1023,0,163,1023,0,440,505,305,412,663,717,706,305,838
364,1023,0,236,1023,0,303,370,305,339,663,722,713,305,838
407,1023,0,200,1023,0,302,361,305,338,663,696,681,305,838
393,1023,0,163,1023,0,487,585,305,456,663,716,708,305,838
350,1023,0,249,1023,0,510,628,305,476,663,714,704,305,838
645,1023,0,416,1023,0,803,1012,306,799,663,791,761,305,838
282,1023,0,159,1023,0,356,357,305,351,663,696,685,305,838
358,1023,0,326,1023,0,438,455,305,416,663,749,722,305,838
340,1023,0,141,1023,0,576,729,305,545,663,729,723,305,838
466,1023,0,294,1023,0,766,975,306,757,663,774,764,305,838
421,1023,0,210,1023,0,580,728,305,553,663,726,712,305,838
412,1023,0,199,1023,0,517,612,305,479,663,691,672,305,838
482,1023,0,410,1023,0,644,814,305,625,663,773,754,305,838
355,1023,0,175,1023,0,619,796,305,598,663,733,718,305,838
408,1023,0,185,1023,0,464,417,305,506,663,719,703,305,838
300,1023,0,126,910,0,339,352,305,378,663,649,643,305,838
394,1023,0,214,1023,0,492,574,305,469,663,702,686,305,838
303,1023,0,158,1023,0,648,842,305,625,663,711,705,305,838
342,1023,0,211,1023,0,372,364,305,383,663,703,699,305,838
355,1023,0,163,1023,0,608,773,305,580,663,702,715,305,838
415,1023,0,171,1023,0,612,769,305,592,663,718,706,305,838
714,1023,0,584,1023,0,453,454,305,456,663,781,767,305,838
330,1023,0,143,1023,0,587,748,305,566,663,742,735,305,838
618,1023,0,325,1023,0,627,756,305,599,663,753,738,305,838
434,1023,0,314,1023,0,452,479,305,425,663,724,691,305,838
469,1023,0,297,1023,0,600,754,305,576,663,753,739,305,838
318,1023,0,220,1023,0,498,594,305,470,663,724,718,305,838
353,1023,0,158,1023,0,385,376,305,379,663,671,660,305,844
347,1023,0,165,1023,0,474,543,305,448,663,708,700,305,844
509,1023,0,432,1023,0,504,552,305,488,663,772,753,305,844
508,1023,0,300,1023,0,835,1023,306,835,663,780,766,305,844
456,1023,0,356,1023,0,349,403,305,377,663,747,737,305,844
442,1023,0,223,1023,0,601,750,305,573,663,730,718,305,844
473,1023,0,541,1023,0,620,794,305,597,663,763,749,305,844
338,1023,0,153,1023,0,698,904,305,687,663,778,774,305,844
260,1023,0,115,874,0,661,857,305,641,663,674,664,305,844
380,1023,0,231,1023,0,452,491,305,433,663,731,721,305,844
432,1023,0,261,1023,0,374,393,305,398,663,781,769,305,844
478,1023,0,208,1023,0,573,699,305,546,663,711,703,305,844
349,1023,0,169,1023,0,639,820,305,613,663,697,707,305,844
512,1023,0,409,1023,0,675,863,305,652,663,804,781,305,844
511,1023,0,313,1023,0,599,743,305,571,663,771,764,305,844
272,1023,0,144,1023,0,508,619,305,480,663,718,714,305,844
253,1023,0,135,1023,0,456,517,305,433,663,624,623,305,844
496,1023,0,222,1023,0,464,478,305,442,663,725,712,305,844
314,1023,0,101,759,0,517,637,305,489,663,670,654,305,844
660,1023,0,413,1023,0,593,710,305,566,663,805,757,305,844
340,1023,0,243,1023,0,515,591,305,491,663,742,722,305,844
293,1023,0,125,907,0,489,557,305,458,663,700,699,305,844
449,1023,0,188,1023,0,780,1001,306,775,663,741,725,305,844
270,1023,0,118,933,0,472,566,305,443,663,639,634,305,844
382,1023,0,204,1023,0,511,619,305,486,663,692,685,305,844
408,1023,0,247,1023,0,704,902,305,692,663,715,703,305,844
258,1023,0,124,912,0,548,691,305,523,663,718,710,305,844
420,1023,0,208,1023,0,496,541,305,475,663,721,702,305,844
360,1023,0,204,1023,0,780,1008,306,774,663,751,736,305,844
338,1023,0,174,1023,0,541,687,305,508,663,704,699,305,844
350,1023,0,137,949,0,382,373,305,383,663,674,654,305,844
586,1023,0,305,1023,0,496,567,305,470,663,765,741,305,844
371,1023,0,288,1023,0,540,669,305,514,663,734,720,305,844
271,1023,0,134,925,0,361,363,305,472,663,820,804,305,844
321,1023,0,197,1023,0,339,369,305,341,664,735,720,305,844
485,1023,0,230,1023,0,429,417,305,400,664,750,737,305,844
631,1023,0,335,1023,0,465,506,305,436,664,765,749,305,844
445,1023,0,236,1023,0,433,435,305,417,664,733,724,305,844
327,1023,0,133,899,0,519,626,305,486,664,677,667,305,844
303,1023,0,112,853,0,509,630,305,479,664,696,692,305,844
396,1023,0,152,1011,0,627,793,305,609,664,715,702,305,849
381,1023,0,152,1002,0,603,761,305,578,664,727,714,305,849
277,1023,0,148,1023,0,542,677,305,512,664,711,698,305,849
323,1023,0,205,1023,0,296,379,305,334,664,713,706,305,849
372,1023,0,205,1023,0,488,560,305,458,664,758,752,305,849
406,1023,0,219,1023,0,772,994,306,765,664,747,732,305,849
372,1023,0,276,1023,0,396,403,305,408,664,728,708,305,849
308,1023,0,111,853,0,396,407,305,368,664,728,725,305,849
463,1023,0,401,1023,0,433,426,305,427,664,752,739,305,849
765,1023,0,523,1023,0,470,471,305,463,664,843,774,305,849
634,1023,0,543,1023,0,443,447,305,438,664,810,764,305,849
389,1023,0,232,1023,0,749,964,306,740,664,755,744,305,849
294,1023,0,106,757,0,452,524,305,420,664,664,653,305,849
689,1023,0,616,1023,0,791,982,306,785,664,764,745,305,849
386,1023,0,229,1023,0,526,632,305,495,664,729,717,305,849
448,1023,0,207,1023,0,686,872,305,669,664,744,734,305,849
452,1023,0,370,1023,0,524,627,305,492,664,710,689,305,849
335,1023,0,140,995,0,496,597,305,461,664,693,678,305,849
482,1023,0,279,1023,0,357,380,305,334,664,712,692,305,849
368,1023,0,161,1023,0,376,367,305,366,664,727,709,305,849
326,1023,0,198,1023,0,605,768,305,579,664,707,693,305,849
337,1023,0,133,904,0,721,930,306,710,664,733,731,305,849
286,1023,0,110,825,0,442,502,305,418,664,680,679,305,849
338,1023,0,178,1023,0,524,646,305,487,664,673,661,305,849
693,1023,0,406,1023,0,736,940,306,725,664,836,781,305,849
470,1023,0,419,1023,0,737,936,306,728,664,782,760,305,849
621,1023,0,507,1023,0,670,843,305,648,664,803,783,305,849
542,1023,0,542,1023,0,679,859,305,657,664,774,757,305,849
388,1023,0,322,1023,0,568,711,305,546,664,768,755,305,849
344,1023,0,221,1023,0,531,655,305,498,664,701,685,305,849
374,1023,0,152,1023,0,456,495,305,424,664,728,724,305,849
403,1023,0,175,1023,0,575,723,305,546,664,732,717,305,849
253,1023,0,110,831,0,488,590,305,460,664,707,704,305,849
281,1023,0,175,1023,0,524,640,305,496,664,679,674,305,849
400,1023,0,434,1023,0,599,749,305,575,664,801,792,305,849
359,1023,0,148,1023,0,658,849,305,636,664,708,699,305,849
416,1023,0,275,1023,0,523,628,305,503,664,727,716,305,849
598,1023,0,314,1023,0,664,839,305,640,664,779,766,305,849
461,1023,0,287,1023,0,750,952,306,738,664,760,750,305,849
598,1023,0,627,1023,0,581,709,305,584,664,816,796,305,849
277,1023,0,95,727,0,490,579,305,456,664,360,359,305,849
350,1023,0,200,1023,0,800,1023,306,795,664,736,727,305,855
364,1023,0,172,1023,0,198,361,305,275,664,675,663,305,855
362,1023,0,154,1023,0,673,866,305,655,664,699,693,305,855
416,1023,0,333,1023,0,444,466,305,420,664,768,744,305,855
441,1023,0,257,1023,0,823,1023,306,821,664,770,746,305,855
402,1023,0,202,1023,0,365,369,305,379,664,723,715,305,855
616,1023,0,364,1023,0,502,554,305,477,664,784,771,305,855
449,1023,0,227,1023,0,565,702,305,536,664,753,733,305,855
355,1023,0,149,1023,0,633,811,305,611,664,747,736,305,855
359,1023,0,205,1023,0,596,755,305,566,664,734,724,305,855
529,1023,0,243,1023,0,656,833,305,638,664,739,716,305,855
361,1023,0,157,1023,0,513,617,305,489,664,720,710,305,855
410,1023,0,214,1023,0,577,723,305,552,664,739,732,305,855
322,1023,0,141,1023,0,454,540,305,422,664,712,706,305,855
369,1023,0,181,1023,0,411,385,305,389,664,709,697,305,855
435,1023,0,289,1023,0,527,639,305,500,664,749,727,305,855
398,1023,0,204,1023,0,379,374,305,387,664,687,678,305,960
443,1023,0,253,1023,0,474,532,305,452,664,734,725,305,960
358,1023,0,138,982,0,332,353,305,346,664,702,693,305,960
608,1023,0,480,1023,0,518,605,305,508,664,760,739,305,960
325,1023,0,215,1023,0,544,680,305,514,664,735,722,305,960
388,1023,0,209,1023,0,361,353,305,379,664,724,709,305,960
355,1023,0,266,1023,0,395,370,305,400,664,736,724,305,960
397,1023,0,240,1023,0,567,707,305,541,664,733,719,305,960
515,1023,0,343,1023,0,404,369,305,408,664,758,748,305,960
384,1023,0,212,1023,0,655,836,305,637,664,739,719,305,960
320,1023,0,133,1018,0,494,596,305,464,664,700,692,305,960
296,1023,0,138,1023,0,626,805,305,600,664,694,683,305,960
293,1023,0,244,1023,0,773,999,306,770,664,753,749,305,960
332,1023,0,233,1023,0,522,639,305,496,664,744,737,305,960
545,1023,0,281,1023,0,569,700,305,544,664,756,740,305,960
603,1023,0,302,1023,0,575,719,305,553,664,776,741,305,960
467,1023,0,324,1023,0,407,389,305,408,664,729,689,305,960
489,1023,0,369,1023,0,543,657,305,521,664,760,747,305,960
397,1023,0,275,1023,0,674,868,305,652,664,745,740,305,960
529,1023,0,423,1023,0,445,440,305,443,664,789,780,305,960
281,1023,0,123,981,0,398,423,305,364,664,624,607,305,960
355,1023,0,183,1023,0,597,757,305,571,664,750,742,305,960
440,1023,0,256,1023,0,358,355,305,399,664,756,746,305,960
292,1023,0,111,870,0,372,391,305,354,664,630,628,305,960
387,1023,0,185,1023,0,550,682,305,524,664,695,689,305,960
417,1023,0,296,1023,0,432,422,305,417,664,782,770,305,960
295,1023,0,113,881,0,431,450,305,401,664,689,677,305,960
389,1023,0,228,1023,0,454,471,305,441,664,714,693,305,960
278,1023,0,216,1023,0,411,388,305,424,664,789,778,305,960
447,1023,0,249,1023,0,788,1007,306,781,664,733,721,305,960
414,1023,0,258,1023,0,480,532,305,453,664,765,753,305,960
300,1023,0,126,978,0,567,720,305,542,664,706,704,305,960
374,1023,0,124,943,0,374,353,305,377,664,637,630,305,960
509,1023,0,423,1023,0,862,1023,306,865,664,778,763,305,960
381,1023,0,373,1023,0,446,440,305,442,664,786,775,305,960
354,1023,0,183,1023,0,537,656,305,507,664,751,738,305,960
338,1023,0,153,1023,0,477,561,305,450,665,700,691,305,960
578,1023,0,419,1023,0,640,807,305,619,665,763,756,305,960
382,1023,0,159,1023,0,616,787,305,595,665,739,730,305,960
547,1023,0,507,1023,0,779,992,306,773,665,780,752,305,960
428,1023,0,251,1023,0,675,864,305,661,665,717,704,305,960
426,1023,0,195,1023,0,563,698,305,535,665,728,715,305,960
455,1023,0,218,1023,0,605,763,305,579,665,733,724,305,960
359,1023,0,165,1023,0,670,863,305,655,665,703,691,305,960
587,1023,0,430,1023,0,643,813,305,620,665,779,769,305,960
448,1023,0,327,1023,0,420,397,305,415,665,730,716,305,960
423,1023,0,207,1023,0,577,718,305,551,665,724,718,305,960
305,1023,0,206,1023,0,402,375,305,387,665,666,661,305,960
419,1023,0,245,1023,0,566,704,305,539,665,724,711,305,960
274,1023,0,109,856,0,598,772,305,568,665,678,674,305,960
325,1023,0,137,936,0,723,933,306,711,665,712,702,305,960
426,1023,0,235,1023,0,587,731,305,557,665,784,776,305,960
590,1023,0,340,1023,0,412,399,305,418,665,778,732,305,960
279,1023,0,150,1023,0,726,942,306,716,665,709,703,305,960
463,1023,0,225,1023,0,585,726,305,566,665,743,736,305,960
288,1023,0,223,1023,0,478,541,305,457,665,705,699,305,960
452,1023,0,261,1023,0,412,388,305,401,665,553,510,305,960
366,1023,0,236,1023,0,426,416,305,411,665,736,725,305,960
367,1023,0,142,1023,0,618,789,305,597,665,654,671,305,960
358,1023,0,186,1023,0,634,812,305,610,665,748,735,305,960
351,1023,0,195,1023,0,566,712,305,540,665,713,703,305,960
334,1023,0,167,1023,0,407,374,305,380,665,692,680,305,960
453,1023,0,200,1023,0,673,857,305,655,665,752,745,305,960
338,1023,0,236,1023,0,437,405,305,413,665,678,664,305,960
416,1023,0,320,1023,0,427,383,305,471,665,826,803,305,960
380,1023,0,197,1023,0,582,733,305,554,665,733,722,305,960
468,1023,0,473,1023,0,444,415,305,449,665,785,772,305,960
362,1023,0,239,1023,0,478,536,305,457,665,704,696,305,960
331,1023,0,141,1023,0,619,791,305,594,665,708,698,305,960
372,1023,0,203,1023,0,567,706,305,538,665,761,748,305,960
328,1023,0,112,777,0,474,546,305,450,665,706,699,305,960
465,1023,0,302,1023,0,518,614,305,498,665,751,725,305,966
345,1023,0,192,1023,0,432,445,305,415,665,743,730,305,966
437,1023,0,343,1023,0,464,479,305,453,665,755,749,305,966
316,1023,0,164,1023,0,493,584,305,465,665,685,669,305,966
387,1023,0,151,1009,0,722,924,306,710,665,716,688,305,966
314,1023,0,185,1023,0,498,587,305,480,665,758,744,305,966
343,1023,0,143,1015,0,479,528,305,459,665,728,715,305,966
285,1023,0,144,1023,0,467,533,305,441,665,665,657,305,966
333,1023,0,309,1023,0,450,400,305,451,665,702,679,305,966
634,1023,0,336,1023,0,627,770,305,606,665,792,773,305,966
291,1023,0,136,991,0,680,878,305,664,665,700,695,305,966
401,1023,0,317,1023,0,638,819,305,615,665,756,747,305,966
399,1023,0,151,1002,0,584,731,305,557,665,735,726,305,966
626,1023,0,381,1023,0,615,721,305,593,665,806,725,305,966
432,1023,0,238,1023,0,523,621,305,494,665,717,707,305,966
364,1023,0,157,1023,0,452,497,305,418,665,708,689,305,966
440,1023,0,182,1023,0,430,442,305,408,665,702,695,305,966
481,1023,0,304,1023,0,403,385,305,397,665,749,728,305,966
310,1023,0,259,1023,0,436,457,305,416,665,710,703,305,966
542,1023,0,254,1023,0,563,674,305,537,665,758,731,305,966
328,1023,0,280,1023,0,386,372,305,379,665,517,497,305,966
481,1023,0,343,1023,0,632,786,305,608,665,792,767,305,966
291,1023,0,109,817,0,458,495,305,435,665,680,675,305,966
382,1023,0,274,1023,0,401,378,305,387,665,719,710,305,966
283,1023,0,122,891,0,589,755,305,563,665,682,677,305,966
403,1023,0,227,1023,0,363,344,305,376,665,700,696,305,966
614,1023,0,457,1023,0,772,963,306,765,665,770,741,305,966
269,1023,0,163,1023,0,652,837,305,635,665,716,709,305,966
647,1023,0,540,1023,0,806,1003,306,805,665,812,792,305,966
352,1023,0,198,1023,0,485,551,305,466,665,680,657,305,966
365,1023,0,250,1023,0,419,386,305,416,665,703,699,305,966
419,1023,0,274,1023,0,774,995,306,768,665,754,745,305,966
345,1023,0,279,1023,0,544,673,305,514,665,711,695,305,966
442,1023,0,242,1023,0,416,390,305,407,665,699,693,305,966
235,1023,0,299,1023,0,809,1023,306,807,665,777,768,305,966
393,1023,0,267,1023,0,638,815,305,614,665,732,724,305,966
291,1023,0,132,986,0,462,516,305,431,665,710,701,305,966
433,1023,0,214,1023,0,466,534,305,441,665,713,708,305,966
396,1023,0,258,1023,0,465,505,305,438,665,756,749,305,966
420,1023,0,233,1023,0,610,772,305,588,665,739,727,305,966
621,1023,0,468,1023,0,434,395,305,494,665,836,813,305,966
297,1023,0,154,1023,0,366,375,305,362,665,687,661,305,966
473,1023,0,536,1023,0,395,385,305,421,665,768,742,305,966
428,1023,0,203,1023,0,560,696,305,534,665,511,468,305,966
464,1023,0,560,1023,0,574,702,305,551,665,749,738,305,966
370,1023,0,201,1023,0,402,410,305,376,665,700,687,305,966
329,1023,0,126,1005,0,718,930,306,705,665,714,705,305,966
342,1023,0,163,1023,0,591,748,305,564,665,729,713,305,966
310,1023,0,201,1023,0,733,946,306,723,665,673,665,305,966
356,1023,0,289,1023,0,741,955,306,728,665,755,742,305,966
459,1023,0,353,1023,0,760,968,306,753,665,766,753,305,966
343,1023,0,145,1023,0,581,738,305,553,665,700,686,305,972
431,1023,0,293,1023,0,376,364,305,395,665,761,754,305,972
407,1023,0,191,1023,0,569,704,305,541,665,733,722,305,972
328,1023,0,139,970,0,632,812,305,608,665,716,712,305,972
404,1023,0,274,1023,0,779,996,306,773,665,755,747,305,972
333,1023,0,161,1023,0,385,383,305,377,665,701,695,305,972
352,1023,0,130,917,0,524,645,305,487,665,705,691,305,972
301,1023,0,146,1023,0,486,564,305,456,665,446,423,305,972
392,1023,0,264,1023,0,446,473,305,415,665,714,705,305,972
344,1023,0,216,1023,0,598,752,305,572,665,734,725,305,972
426,1023,0,214,1023,0,525,630,305,496,665,722,708,305,972
251,1023,0,168,1023,0,457,500,305,432,665,723,717,305,972
350,1023,0,168,1023,0,348,352,305,343,665,703,700,305,972
542,1023,0,367,1023,0,429,375,305,440,665,747,736,305,972
465,1023,0,268,1023,0,545,645,305,514,665,754,750,305,972
396,1023,0,262,1023,0,726,927,306,713,666,775,765,305,972
393,1023,0,195,1023,0,633,811,305,609,666,722,705,305,972
375,1023,0,221,1023,0,395,373,305,384,666,751,745,305,972
296,1023,0,150,1023,0,675,874,305,661,666,725,718,305,972
305,1023,0,244,1023,0,567,730,305,542,666,711,704,305,972
375,1023,0,257,1023,0,662,849,305,645,666,743,728,305,972
364,1023,0,139,1002,0,549,691,305,522,666,673,663,305,972
335,1023,0,109,797,0,483,571,305,446,666,702,692,305,972
683,1023,0,354,1023,0,558,675,305,540,666,790,718,305,972
586,1023,0,424,1023,0,607,744,305,585,666,784,766,305,972
383,1023,0,211,1023,0,325,341,305,365,666,738,727,305,972
466,1023,0,200,1023,0,561,695,305,534,666,732,727,305,972
709,1023,0,467,1023,0,851,1023,307,851,666,819,747,305,972
370,1023,0,224,1023,0,687,879,305,673,666,741,730,305,972
566,1023,0,336,1023,0,704,866,305,688,666,730,671,305,972
433,1023,0,297,1023,0,394,373,305,391,666,716,703,305,972
345,1023,0,143,1015,0,418,416,305,388,666,720,716,305,972
344,1023,0,176,1023,0,465,516,305,441,666,700,693,305,972
366,1023,0,173,1023,0,527,650,305,493,666,718,715,305,972
426,1023,0,236,1023,0,596,750,305,574,666,733,721,305,972
330,1023,0,148,1023,0,390,391,305,380,666,677,664,305,972
322,1023,0,150,1023,0,722,934,306,712,666,707,699,305,972
319,1023,0,126,969,0,521,647,305,492,666,700,699,305,972
459,1023,0,239,1023,0,566,692,305,535,666,722,702,305,972
369,1023,0,235,1023,0,543,663,305,518,666,755,742,305,972
525,1023,0,355,1023,0,659,830,305,639,666,773,765,305,972
371,1023,0,116,849,0,732,946,306,723,666,697,690,305,972
470,1023,0,292,1023,0,712,893,305,698,666,783,769,305,972
353,1023,0,159,1023,0,516,621,305,486,666,722,715,305,972
538,1023,0,278,1023,0,485,533,305,461,666,779,767,305,972
388,1023,0,237,1023,0,477,534,305,453,666,698,682,305,972
458,1023,0,217,1023,0,419,415,305,407,666,759,742,305,972
441,1023,0,216,1023,0,345,353,305,374,666,711,706,305,972
348,1023,0,183,1023,0,409,388,305,369,666,678,667,305,972
393,1023,0,250,1023,0,365,350,305,403,666,738,721,305,972
315,1023,0,197,1023,0,516,626,305,493,666,730,720,305,972
324,1023,0,157,1023,0,620,796,305,596,666,710,691,305,972
327,1023,0,124,938,0,417,410,305,403,666,648,644,305,972
345,1023,0,172,1023,0,545,678,305,517,666,737,731,305,972
415,1023,0,290,1023,0,792,1016,306,787,666,777,761,305,972
353,1023,0,173,1023,0,463,513,305,439,666,677,666,305,977
396,1023,0,169,1023,0,223,341,305,321,666,745,728,305,977
539,1023,0,393,1023,0,538,628,305,512,666,747,726,305,977
383,1023,0,167,1023,0,605,771,305,579,666,688,678,305,977
340,1023,0,133,1008,0,457,499,305,433,666,695,682,305,977
262,1023,0,184,1023,0,554,702,305,526,666,723,718,305,977
477,1023,0,493,1023,0,445,428,305,447,666,774,755,305,977
321,1023,0,139,1023,0,534,669,305,503,666,718,704,305,977
299,1023,0,134,1022,0,645,835,305,622,666,717,712,305,977
465,1023,0,295,1023,0,693,869,305,678,666,772,741,305,977
369,1023,0,186,1023,0,714,920,306,700,666,728,722,305,977
410,1023,0,204,1023,0,414,379,305,416,666,696,674,305,977
312,1023,0,274,1023,0,695,895,305,681,666,716,699,305,977
351,1023,0,135,891,0,515,618,305,486,666,688,685,305,977
324,1023,0,223,1023,0,470,518,305,455,666,722,703,305,977
362,1023,0,171,1023,0,615,784,305,588,666,727,713,305,977
534,1023,0,364,1023,0,674,863,305,652,666,759,742,305,977
401,1023,0,187,1023,0,385,359,305,392,666,733,724,305,977
422,1023,0,245,1023,0,426,406,305,422,666,719,721,305,977
281,1023,0,200,1023,0,727,941,306,716,666,730,725,305,977
581,1023,0,525,1023,0,432,410,305,451,666,763,750,305,977
405,1023,0,244,1023,0,651,833,305,628,666,753,743,305,977
458,1023,0,363,1023,0,788,997,306,783,666,743,733,305,977
718,1023,0,558,1023,0,558,645,305,540,666,783,762,305,977
517,1023,0,355,1023,0,836,1023,306,835,666,778,758,305,977
565,1023,0,260,1023,0,657,836,305,650,666,735,712,305,977
375,1023,0,245,1023,0,508,595,305,484,666,710,703,305,977
388,1023,0,213,1023,0,564,709,305,533,666,744,730,305,977
304,1023,0,152,1023,0,587,749,305,565,666,459,447,305,977
513,1023,0,442,1023,0,518,601,305,511,666,813,794,305,977
507,1023,0,366,1023,0,797,1023,306,792,666,846,827,305,977
442,1023,0,267,1023,0,563,702,305,540,666,753,748,305,977
683,1023,0,485,1023,0,531,607,305,513,666,792,771,305,977
397,1023,0,165,1023,0,540,660,305,513,666,737,728,305,977
320,1023,0,165,1023,0,606,775,305,579,666,755,744,305,977
340,1023,0,173,1023,0,564,690,305,538,666,722,714,305,977
454,1023,0,452,1023,0,638,802,305,616,666,789,770,305,977
369,1023,0,236,1023,0,409,379,305,405,666,714,687,305,977
374,1023,0,220,1023,0,537,641,305,511,666,721,703,305,977
704,1023,0,425,1023,0,570,672,305,545,666,756,695,305,977
573,1023,0,377,1023,0,550,659,305,531,666,783,773,305,977
437,1023,0,178,1023,0,446,430,305,418,666,726,718,305,977
390,1023,0,237,1023,0,562,700,305,537,666,713,706,305,977
469,1023,0,351,1023,0,716,894,305,704,666,762,749,305,977
354,1023,0,187,1023,0,414,399,305,403,666,702,695,305,977
425,1023,0,146,998,0,793,1023,306,789,666,706,695,305,977
468,1023,0,178,1023,0,694,871,305,679,666,748,739,305,977
805,1023,0,496,1023,0,789,998,306,783,666,771,748,305,983
436,1023,0,173,1023,0,770,982,306,763,666,740,728,305,983
378,1023,0,194,1023,0,404,361,305,376,666,764,748,305,983
344,1023,0,216,1023,0,487,556,305,458,666,751,740,305,983
317,1023,0,100,693,0,593,755,305,566,666,701,692,305,983
310,1023,0,137,1017,0,436,460,305,413,666,682,678,305,983
519,1023,0,254,1023,0,647,812,305,624,667,751,734,305,983
662,1023,0,421,1023,0,701,874,305,681,667,798,788,305,983
359,1023,0,176,1023,0,587,740,305,557,667,731,711,305,983
468,1023,0,240,1023,0,483,525,305,451,667,727,718,305,983
350,1023,0,140,915,0,729,940,306,717,667,740,728,305,983
437,1023,0,370,1023,0,342,344,305,404,667,792,783,305,983
372,1023,0,307,1023,0,685,875,305,671,667,760,745,305,983
348,1023,0,132,953,0,512,626,305,480,667,716,688,305,983
433,1023,0,215,1023,0,380,382,305,405,667,671,670,305,983
403,1023,0,446,1023,0,416,389,305,432,667,773,758,305,983
355,1023,0,176,1023,0,490,566,305,459,667,723,716,305,983
754,1023,0,379,1023,0,765,927,306,758,667,814,759,305,983
290,1023,0,224,1023,0,411,395,305,406,667,657,654,305,983
278,1023,0,94,732,0,609,790,305,579,667,680,674,305,983
484,1023,0,252,1023,0,703,887,305,688,667,763,756,305,983
456,1023,0,413,1023,0,427,398,305,437,667,726,712,305,983
305,1023,0,111,852,0,774,1010,306,767,667,663,679,305,983
362,1023,0,160,1023,0,614,783,305,590,667,725,715,305,983
497,1023,0,309,1023,0,563,680,305,541,667,757,741,305,983
306,1023,0,153,1023,0,484,569,305,450,667,646,635,305,983
397,1023,0,258,1023,0,484,537,305,468,667,746,736,305,983
477,1023,0,353,1023,0,470,527,305,453,667,748,736,305,983
530,1023,0,566,1023,0,415,393,305,424,667,796,773,305,983
306,1023,0,161,1023,0,344,342,305,356,667,552,548,305,983
407,1023,0,374,1023,0,527,625,305,504,667,764,750,305,983
322,1023,0,153,1023,0,684,884,305,666,667,709,697,305,983
321,1023,0,216,1023,0,645,829,305,625,667,750,732,305,983
749,1023,0,371,1023,0,476,474,305,462,667,796,762,305,983
435,1023,0,272,1023,0,716,909,305,702,667,692,685,305,983
421,1023,0,316,1023,0,496,585,305,478,667,770,754,305,983
415,1023,0,343,1023,0,713,905,305,702,667,779,754,305,983
595,1023,0,448,1023,0,858,1023,307,859,667,839,811,305,989
583,1023,0,221,1023,0,507,562,305,480,667,742,697,305,989
351,1023,0,249,1023,0,588,741,305,563,667,756,740,305,989
596,1023,0,386,1023,0,410,402,305,421,667,804,777,305,989
317,1023,0,291,1023,0,648,831,305,629,667,807,799,305,989
410,1023,0,162,1023,0,529,641,305,501,667,727,721,305,989
360,1023,0,186,1023,0,372,370,305,389,667,686,687,305,989
238,1023,0,127,1010,0,593,764,305,567,667,710,708,305,989
311,1023,0,110,834,0,345,339,305,308,667,693,680,305,989
484,1023,0,285,1023,0,576,715,305,551,667,733,723,305,989
314,1023,0,160,1023,0,495,570,305,469,667,722,715,305,989
470,1023,0,422,1023,0,632,791,305,611,667,784,770,305,989
374,1023,0,316,1023,0,520,620,305,498,667,728,720,305,989
279,1023,0,143,1023,0,743,956,306,734,667,717,704,305,989
575,1023,0,287,1023,0,550,642,305,526,667,778,698,305,989
389,1023,0,207,1023,0,629,799,305,604,667,742,737,305,989
417,1023,0,258,1023,0,492,544,305,473,667,781,751,305,989
364,1023,0,180,1023,0,375,374,305,373,667,680,667,305,989
325,1023,0,178,1023,0,458,518,305,430,667,715,703,305,989
415,1023,0,207,1023,0,592,753,305,566,667,756,749,305,989
242,1023,0,107,826,0,575,740,305,548,667,659,655,305,989
421,1023,0,346,1023,0,530,637,305,506,667,765,753,305,989
619,1023,0,412,1023,0,770,973,306,762,667,768,746,305,989
339,1023,0,176,1023,0,324,359,305,347,667,754,742,305,989
494,1023,0,536,1023,0,702,888,305,689,667,781,759,305,989
311,1023,0,237,1023,0,362,356,305,397,667,725,712,305,989
419,1023,0,251,1023,0,646,820,305,626,667,758,747,305,989
464,1023,0,216,1023,0,471,509,305,448,667,729,721,305,989
467,1023,0,297,1023,0,414,394,305,425,667,736,731,305,989
444,1023,0,181,1023,0,525,630,305,497,667,739,720,305,989
369,1023,0,215,1023,0,546,675,305,515,667,682,677,305,989
276,1023,0,179,1023,0,377,367,305,373,667,471,464,305,989
334,1023,0,183,1023,0,663,853,305,639,667,758,753,305,989
358,1023,0,264,1023,0,522,622,305,495,667,757,736,305,989
404,1023,0,215,1023,0,494,570,305,467,667,741,717,305,989
377,1023,0,241,1023,0,529,643,305,501,667,674,669,305,989
279,1023,0,130,1021,0,561,714,305,531,667,702,696,305,989
400,1023,0,196,1023,0,542,660,305,512,667,717,709,305,989
432,1023,0,206,1023,0,782,1004,306,774,667,751,743,305,989
342,1023,0,152,1023,0,542,672,305,519,667,690,687,305,989
412,1023,0,194,1023,0,535,652,305,507,667,759,745,305,989
340,1023,0,215,1023,0,521,633,305,499,668,709,699,305,989
349,1023,0,115,891,0,391,365,305,372,668,636,626,305,989
372,1023,0,214,1023,0,452,464,305,433,668,717,713,305,989
425,1023,0,141,1008,0,578,726,305,552,668,687,680,305,989
394,1023,0,268,1023,0,356,363,305,393,668,730,719,305,989
321,1023,0,143,1023,0,791,1023,306,786,668,677,681,305,989
493,1023,0,410,1023,0,550,663,305,528,668,772,760,305,989
278,1023,0,184,1023,0,578,734,305,551,668,691,685,305,989
432,1023,0,278,1023,0,498,551,305,481,668,732,708,305,989
609,1023,0,431,1023,0,718,897,305,705,668,770,759,305,989
653,1023,0,488,1023,0,759,956,306,750,668,779,757,305,989
383,1023,0,205,1023,0,543,669,305,515,668,724,718,305,989
397,1023,0,334,1023,0,856,1023,306,857,668,809,799,305,989
521,1023,0,525,1023,0,511,559,305,496,668,802,774,305,995
418,1023,0,277,1023,0,786,1008,306,780,668,758,746,305,995
315,1023,0,155,1023,0,402,400,305,382,668,701,687,305,995
396,1023,0,392,1023,0,584,727,305,560,668,751,741,305,995
373,1023,0,223,1023,0,589,750,305,562,668,742,737,305,995
381,1023,0,203,1023,0,403,385,305,396,668,750,739,305,995
520,1023,0,354,1023,0,476,510,305,462,668,792,782,305,995
323,1023,0,136,916,0,581,739,305,555,668,704,699,305,995
660,1023,0,613,1023,0,779,955,306,771,668,786,768,305,995
480,1023,0,359,1023,0,532,629,305,530,668,808,799,305,995
425,1023,0,172,1023,0,501,594,305,478,668,734,723,305,995
569,1023,0,339,1023,0,691,855,305,677,668,774,749,305,995
421,1023,0,397,1023,0,444,417,305,479,668,782,769,305,995
320,1023,0,137,1001,0,524,646,305,491,668,692,684,305,995
465,1023,0,212,1023,0,513,617,305,486,668,731,719,305,995
406,1023,0,194,1023,0,565,706,305,537,668,719,713,305,995
385,1023,0,221,1023,0,386,379,305,414,668,481,459,305,995
374,1023,0,229,1023,0,407,389,305,410,668,735,725,305,995
371,1023,0,350,1023,0,680,874,305,661,668,715,700,305,995
345,1023,0,108,817,0,504,611,305,475,668,698,690,305,995
674,1023,0,496,1023,0,759,938,306,750,668,844,827,305,995
284,1023,0,121,958,0,502,606,305,476,668,716,709,305,995
437,1023,0,216,1023,0,404,372,305,403,668,756,747,305,995
406,1023,0,151,969,0,559,692,305,536,668,728,723,305,995
363,1023,0,185,1023,0,507,616,305,476,668,705,689,305,995
388,1023,0,208,1023,0,532,652,305,507,668,740,731,305,995
393,1023,0,231,1023,0,448,460,305,437,668,755,739,305,995
452,1023,0,299,1023,0,472,517,305,447,668,730,713,305,995
382,1023,0,255,1023,0,341,347,305,321,668,717,698,305,995
361,1023,0,202,1023,0,572,714,305,547,668,726,720,305,995
368,1023,0,171,1023,0,597,759,305,571,668,693,686,305,995
497,1023,0,334,1023,0,551,650,305,532,668,765,747,305,995
396,1023,0,118,847,0,654,824,305,634,668,695,690,305,995
354,1023,0,266,1023,0,541,667,305,516,668,731,721,305,995
331,1023,0,155,1023,0,521,637,305,493,668,708,699,305,995
286,1023,0,90,686,0,294,333,305,257,668,594,574,305,995
383,1023,0,355,1023,0,435,415,305,431,668,762,746,305,995
641,1023,0,356,1023,0,666,826,305,644,668,810,795,305,995
430,1023,0,240,1023,0,813,1023,306,812,668,738,725,305,995
488,1023,0,302,1023,0,669,844,305,648,668,773,763,305,995
465,1023,0,246,1023,0,411,387,305,421,668,712,680,305,995
409,1023,0,287,1023,0,601,756,305,574,668,759,744,305,995
537,1023,0,471,1023,0,430,398,305,443,668,799,784,305,995
355,1023,0,242,1023,0,413,397,305,418,668,724,710,305,995
360,1023,0,181,1023,0,386,365,305,393,668,691,681,305,995
325,1023,0,120,821,0,566,715,305,534,668,645,644,305,995
395,1023,0,221,1023,0,566,701,305,537,668,752,746,305,995
317,1023,0,241,1023,0,794,1022,306,789,668,721,707,305,995
384,1023,0,339,1023,0,503,591,305,486,668,802,789,305,995
349,1023,0,132,975,0,549,684,305,520,668,703,698,305,995
434,1023,0,363,1023,0,601,750,305,578,668,758,734,305,995
396,1023,0,196,1023,0,464,523,305,436,668,676,667,305,995
365,1023,0,135,808,0,592,753,305,567,668,714,707,305,995
426,1023,0,238,1023,0,540,665,305,511,668,742,718,305,995
349,1023,0,168,1023,0,491,584,305,462,668,719,705,305,995
678,1023,0,706,1023,0,833,1023,306,830,668,785,762,305,995
449,1023,0,240,1023,0,499,567,305,475,668,698,681,305,1001
585,1023,0,515,1023,0,484,473,305,507,668,794,777,305,1001
424,1023,0,297,1023,0,678,862,305,664,668,751,722,305,1001
336,1023,0,169,1023,0,683,878,305,665,668,726,715,305,1001
401,1023,0,189,1023,0,610,770,305,582,668,714,703,305,1001
313,1023,0,169,1023,0,457,515,305,427,668,734,717,305,1001
647,1023,0,466,1023,0,669,826,305,654,668,781,767,305,1001
458,1023,0,296,1023,0,600,761,305,575,668,736,720,305,1001
346,1023,0,189,1023,0,594,756,305,563,668,728,721,305,1001
331,1023,0,142,991,0,725,934,306,714,668,723,715,305,1001
285,1023,0,179,1023,0,407,382,305,419,668,465,442,305,1001
426,1023,0,192,1023,0,751,971,306,741,668,701,680,305,1001
296,1023,0,365,1023,0,425,394,305,491,668,764,757,305,1001
354,1023,0,148,1023,0,471,516,305,450,668,707,699,305,1001
380,1023,0,350,1023,0,646,826,305,626,668,729,713,305,1001
355,1023,0,187,1023,0,457,492,305,442,668,722,712,305,1001
316,1023,0,148,1023,0,544,681,305,512,668,702,695,305,1001
369,1023,0,193,1023,0,810,1023,306,807,668,727,720,305,1001
307,1023,0,177,1023,0,620,796,305,595,669,692,684,305,1001
331,1023,0,116,872,0,711,920,305,699,669,671,663,305,1001
319,1023,0,145,1023,0,566,715,305,535,669,715,713,305,1001
357,1023,0,255,1023,0,370,363,305,366,669,663,649,305,1001
488,1023,0,578,1023,0,784,1000,306,777,669,756,728,305,1001
312,1023,0,215,1023,0,423,391,305,411,669,709,706,305,1001
353,1023,0,246,1023,0,369,371,305,369,669,739,716,305,1001
339,1023,0,129,942,0,448,459,305,424,669,617,597,305,1001
708,1023,0,555,1023,0,820,1017,307,817,669,826,769,305,1001
410,1023,0,191,1023,0,713,916,305,701,669,748,735,305,1001
485,1023,0,414,1023,0,603,746,305,582,669,755,741,305,1001
320,1023,0,165,1023,0,587,739,305,566,669,681,673,305,1001
399,1023,0,184,1023,0,655,840,305,637,669,727,719,305,1001
363,1023,0,178,1023,0,419,391,305,396,669,719,711,305,1001
309,1023,0,163,1023,0,497,592,305,468,669,717,711,305,1001
363,1023,0,162,1023,0,344,362,305,371,669,712,707,305,1001
433,1023,0,233,1023,0,587,733,305,557,669,731,716,305,1001
342,1023,0,269,1023,0,502,582,305,475,669,739,728,305,1001
496,1023,0,265,1023,0,587,721,305,562,669,743,734,305,1001
419,1023,0,179,1023,0,616,777,305,591,669,717,704,305,1001
332,1023,0,142,1023,0,531,661,305,505,669,690,688,305,1001
368,1023,0,284,1023,0,576,716,305,552,669,744,732,305,1001
307,1023,0,108,798,0,449,512,305,424,669,675,672,305,1001
501,1023,0,218,1023,0,534,640,305,497,669,748,726,305,1001
657,1023,0,432,1023,0,615,743,305,589,669,774,758,305,1001
433,1023,0,183,1023,0,446,461,305,421,669,739,730,305,1001
431,1023,0,252,1023,0,537,646,305,513,669,758,743,305,1001
603,1023,0,364,1023,0,662,832,305,640,669,765,750,305,1001
383,1023,0,157,1023,0,484,556,305,457,669,723,713,305,1001
367,1023,0,182,1023,0,548,682,305,517,669,669,665,305,1001
441,1023,0,216,1023,0,544,668,305,517,669,768,754,305,1001
617,1023,0,500,1023,0,768,966,306,762,669,765,742,305,1001
502,1023,0,265,1023,0,705,894,305,690,669,790,773,305,1001
356,1023,0,134,918,0,563,703,305,531,669,702,699,305,1007
415,1023,0,261,1023,0,814,1023,306,811,669,779,758,305,1007
390,1023,0,153,982,0,530,643,305,501,669,711,706,305,1007
347,1023,0,141,1023,0,449,493,305,425,669,684,680,305,1007
732,1023,0,653,1023,0,749,949,306,739,669,836,818,305,1007
415,1023,0,255,1023,0,404,417,305,378,669,729,719,305,1007
282,1023,0,135,910,0,530,651,305,503,669,698,689,305,1007
416,1023,0,239,1023,0,503,590,305,481,669,720,710,305,1007
519,1023,0,211,1023,0,497,567,305,467,669,742,732,305,1007
387,1023,0,132,908,0,531,654,305,505,669,700,685,305,1007
504,1023,0,373,1023,0,848,1023,306,848,669,803,783,305,1007
445,1023,0,287,1023,0,506,577,305,481,669,770,762,305,1007
439,1023,0,213,1023,0,358,368,305,374,669,735,722,305,1007
296,1023,0,136,959,0,754,978,306,745,669,723,720,305,1007
616,1023,0,380,1023,0,698,874,305,682,669,775,753,305,1007
352,1023,0,116,931,0,457,526,305,429,669,685,684,305,1007
537,1023,0,335,1023,0,416,392,305,404,669,739,725,305,1007
314,1023,0,211,1023,0,643,824,305,624,669,748,736,305,1007
507,1023,0,310,1023,0,588,722,305,561,669,750,732,305,1007
386,1023,0,180,1023,0,713,917,305,697,669,718,709,305,1007
501,1023,0,413,1023,0,652,820,305,633,669,821,802,305,1007
311,1023,0,227,1023,0,553,693,305,529,669,679,670,305,1007
396,1023,0,210,1023,0,349,356,305,364,669,720,712,305,1007
288,1023,0,151,1023,0,580,742,305,552,669,643,639,305,1007
371,1023,0,149,1023,0,393,401,305,365,669,684,675,305,1007
381,1023,0,218,1023,0,598,748,305,571,669,751,743,305,1007
520,1023,0,337,1023,0,503,567,305,479,669,728,715,305,1007
302,1023,0,105,811,0,684,885,305,667,669,690,689,305,1007
310,1023,0,175,1023,0,501,602,305,465,669,691,690,305,1007
339,1023,0,151,1023,0,543,669,305,511,669,679,669,305,1007
511,1023,0,248,1023,0,537,637,305,507,669,745,737,305,1007
373,1023,0,197,1023,0,586,745,305,557,669,531,502,305,1007
305,1023,0,166,1023,0,535,662,305,503,669,737,726,305,1007
372,1023,0,153,1023,0,640,816,305,620,669,723,715,305,1007
554,1023,0,438,1023,0,574,700,305,549,669,773,759,305,1007
353,1023,0,294,1023,0,561,700,305,536,669,745,736,305,1007
414,1023,0,228,1023,0,438,443,305,426,669,734,718,305,1007
455,1023,0,194,1023,0,665,847,305,641,669,732,720,305,1007
267,1023,0,122,940,0,382,355,305,374,669,683,680,305,1007
341,1023,0,160,1023,0,525,640,305,494,669,720,715,305,1007
510,1023,0,511,1023,0,791,998,306,785,669,776,759,305,1007
525,1023,0,348,1023,0,682,861,305,666,669,755,743,305,1007
426,1023,0,246,1023,0,644,823,305,621,669,730,718,305,1007
487,1023,0,333,1023,0,443,452,305,424,669,748,741,305,1007
300,1023,0,193,1023,0,452,513,305,423,669,709,695,305,1007
580,1023,0,473,1023,0,826,1023,306,823,669,779,756,305,1007
388,1023,0,240,1023,0,567,708,305,544,669,729,721,305,1007
531,1023,0,368,1023,0,311,384,305,370,669,770,758,305,1007
367,1023,0,182,1023,0,677,872,305,661,670,709,690,305,1007
384,1023,0,258,1023,0,520,621,305,494,670,744,734,305,1007
818,1023,0,612,1023,0,822,1023,306,820,670,795,767,305,1007
382,1023,0,266,1023,0,708,908,305,696,670,749,741,305,1007
493,1023,0,155,904,0,572,698,305,544,670,743,728,305,1007
506,1023,0,363,1023,0,553,674,305,529,670,754,738,305,1007
365,1023,0,146,1023,0,654,842,305,636,670,722,713,305,1007
395,1023,0,222,1023,0,524,646,305,500,670,718,711,305,1007
270,1023,0,122,918,0,610,788,305,584,670,697,694,305,1007
372,1023,0,298,1023,0,642,822,305,617,670,778,764,305,1007
520,1023,0,520,1023,0,420,417,305,425,670,743,719,305,1007
459,1023,0,430,1023,0,431,395,305,436,670,750,724,305,1012
377,1023,0,167,1023,0,729,936,306,718,670,702,687,305,1012
249,1023,0,87,747,0,323,340,305,312,670,406,395,305,1012
313,1023,0,148,1023,0,544,681,305,514,670,714,708,305,1012
329,1023,0,258,1023,0,604,767,305,577,670,759,747,305,1012
343,1023,0,137,1023,0,491,565,305,464,670,700,695,305,1012
427,1023,0,221,1023,0,579,729,305,553,670,734,725,305,1012
356,1023,0,180,1023,0,454,469,305,430,670,725,716,305,1012
500,1023,0,367,1023,0,430,416,305,413,670,712,689,305,1012
410,1023,0,231,1023,0,500,566,305,478,670,736,722,305,1012
504,1023,0,351,1023,0,668,846,305,649,670,770,755,305,1012
592,1023,0,486,1023,0,632,781,305,609,670,761,747,305,1012
534,1023,0,628,1023,0,572,725,305,555,670,792,782,305,1012
379,1023,0,168,1023,0,430,445,305,401,670,726,722,305,1012
314,1023,0,300,1023,0,471,448,305,489,670,677,676,305,1012
302,1023,0,124,908,0,504,614,305,476,670,688,682,305,1012
435,1023,0,230,1023,0,493,573,305,466,670,716,709,305,1012
343,1023,0,191,1023,0,808,1023,306,804,670,733,717,305,1012
424,1023,0,264,1023,0,561,699,305,533,670,761,748,305,1012
559,1023,0,454,1023,0,737,932,306,727,670,776,761,305,1012
317,1023,0,130,996,0,365,362,305,352,670,684,679,305,1012
382,1023,0,173,1023,0,528,640,305,499,670,733,717,305,1012
623,1023,0,265,912,0,718,864,305,708,670,737,700,305,1012
316,1023,0,157,1023,0,465,456,305,451,670,599,594,305,1012
324,1023,0,123,859,0,480,552,305,456,670,708,695,305,1012
419,1023,0,152,985,0,555,690,305,530,670,694,682,305,1012
464,1023,0,297,1023,0,765,971,306,758,670,739,720,305,1012
378,1023,0,184,1023,0,523,628,305,488,670,743,723,305,1012
444,1023,0,305,1023,0,511,566,305,493,670,743,714,305,1012
515,1023,0,324,1023,0,445,450,305,413,670,776,762,305,1012
351,1023,0,240,1023,0,495,579,305,460,670,735,716,305,1012
735,1023,0,449,1023,0,588,682,305,564,670,759,685,305,1012
418,1023,0,335,1023,0,395,390,305,393,670,706,697,305,1012
310,1023,0,127,914,0,341,350,305,298,670,470,470,305,1012
393,1023,0,272,1023,0,421,404,305,423,670,709,696,305,1012
392,1023,0,186,1023,0,530,635,305,512,670,721,712,305,1012
287,1023,0,166,1023,0,435,495,305,416,670,743,719,305,1012
532,1023,0,576,1023,0,826,1023,306,824,670,816,802,305,1012
400,1023,0,198,1023,0,371,363,305,348,670,751,743,305,1012
449,1023,0,345,1023,0,671,844,305,649,670,811,798,305,1012
594,1023,0,654,1023,0,792,1001,306,786,670,815,773,305,1012
287,1023,0,142,1023,0,606,779,305,579,670,697,691,305,1012
434,1023,0,247,1023,0,726,935,306,714,670,764,750,305,1012
410,1023,0,209,1023,0,434,429,305,426,670,736,725,305,1012
441,1023,0,175,1023,0,332,368,305,360,670,707,702,305,1012
361,1023,0,166,1023,0,475,533,305,445,670,726,720,305,1012
429,1023,0,180,1023,0,607,780,305,586,670,702,693,305,1012
401,1023,0,195,1023,0,592,747,305,566,670,729,711,305,1012
399,1023,0,207,1023,0,406,394,305,364,670,728,703,305,1012
294,1023,0,140,1023,0,585,748,305,556,670,703,692,305,1012
523,1023,0,304,1023,0,596,728,305,576,670,758,733,305,1012
435,1023,0,326,1023,0,340,374,305,382,670,755,738,305,1012
565,1023,0,393,1023,0,472,455,305,482,670,808,795,305,1012
277,1023,0,154,1023,0,341,353,305,338,670,701,691,305,1012
636,1023,0,642,1023,0,788,976,306,783,670,803,764,305,1012
327,1023,0,141,1023,0,517,623,305,492,670,738,726,305,1012
381,1023,0,245,1023,0,719,925,306,707,670,730,719,305,1012
539,1023,0,419,1023,0,659,819,305,642,670,785,775,305,1012
556,1023,0,406,1023,0,621,763,305,596,670,814,792,305,1012
382,1023,0,195,1023,0,569,708,305,545,670,736,721,305,1012
408,1023,0,181,1023,0,593,748,305,566,670,654,636,305,1012
362,1023,0,185,1023,0,501,597,305,465,670,741,720,305,1012
550,1023,0,316,1023,0,664,823,305,649,670,737,707,305,1012
498,1023,0,306,1023,0,779,993,306,771,670,756,746,305,1018
462,1023,0,283,1023,0,721,914,305,708,670,767,759,305,1018
384,1023,0,212,1023,0,640,818,305,616,670,736,732,305,1018
407,1023,0,137,798,0,461,487,305,432,670,716,705,305,1018
381,1023,0,144,978,0,449,492,305,406,670,689,667,305,1018
293,1023,0,103,827,0,518,637,305,492,670,636,630,305,1018
454,1023,0,266,1023,0,507,576,305,483,670,747,739,305,1018
440,1023,0,234,1023,0,479,549,305,453,670,726,719,305,1018
468,1023,0,320,1023,0,418,409,305,415,670,761,748,305,1018
368,1023,0,262,1023,0,549,679,305,524,670,699,683,305,1018
335,1023,0,187,1023,0,512,608,305,485,670,691,684,305,1018
351,1023,0,181,1023,0,419,441,305,404,670,703,693,305,1018
399,1023,0,193,1023,0,558,689,305,528,670,728,713,305,1018
445,1023,0,189,1023,0,323,380,305,339,670,717,698,305,1018
304,1023,0,148,1023,0,500,591,305,467,670,698,691,305,1018
366,1023,0,212,1023,0,541,669,305,514,671,741,730,305,1018
429,1023,0,137,798,0,517,614,305,488,671,732,725,305,1018
388,1023,0,206,1023,0,482,573,305,456,671,705,702,305,1018
366,1023,0,160,1023,0,399,390,305,387,671,692,687,305,1018
367,1023,0,169,1023,0,559,695,305,533,671,710,694,305,1018
454,1023,0,442,1023,0,606,754,305,584,671,746,730,305,1018
642,1023,0,358,1023,0,585,699,305,565,671,787,758,305,1018
303,1023,0,149,1023,0,425,435,305,401,671,675,666,305,1018
508,1023,0,481,1023,0,389,403,305,390,671,750,742,305,1018
523,1023,0,411,1023,0,635,795,305,615,671,746,729,305,1018
711,1023,0,663,1023,0,497,522,305,504,671,781,745,305,1018
353,1023,0,146,1023,0,496,575,305,473,671,734,721,305,1018
347,1023,0,175,1023,0,444,456,305,433,671,690,683,305,1018
333,1023,0,166,1023,0,549,678,305,527,671,695,683,305,1018
437,1023,0,365,1023,0,474,496,305,458,671,669,657,305,1018
270,1023,0,124,819,0,514,622,305,473,671,736,731,305,1018
512,1023,0,234,1023,0,792,1001,306,786,671,783,770,305,1018
313,1023,0,138,1023,0,562,711,305,539,671,692,686,305,1018
580,1023,0,482,1023,0,551,634,305,525,671,794,757,305,1018
416,1023,0,241,1023,0,551,686,305,527,671,735,722,305,1018
533,1023,0,311,1023,0,652,821,305,628,671,773,749,305,1018
229,1023,0,166,1023,0,344,349,305,333,671,395,388,305,1018
457,1023,0,241,1023,0,417,386,305,414,671,733,722,305,1018
615,1023,0,427,1023,0,563,685,305,538,671,806,795,305,1018
465,1023,0,448,1023,0,755,958,306,746,671,773,763,305,1018
483,1023,0,273,1023,0,437,435,305,417,671,758,736,305,1018
381,1023,0,207,1023,0,463,507,305,446,671,701,693,305,1018
601,1023,0,496,1023,0,581,723,305,556,671,773,755,305,1018
709,1023,0,537,1023,0,532,606,305,520,671,795,762,305,1018
413,1023,0,210,1023,0,539,653,305,542,671,807,777,305,1018
631,1023,0,375,1023,0,764,964,306,754,671,787,765,305,1018
348,1023,0,187,1023,0,588,746,305,558,671,703,690,305,1018
379,1023,0,150,1023,0,462,521,305,443,671,719,714,305,1018
482,1023,0,245,1023,0,515,610,305,486,671,742,723,305,1018
441,1023,0,271,1023,0,530,640,305,503,671,712,681,305,1018
444,1023,0,171,1023,0,678,866,305,662,671,713,707,305,1018
382,1023,0,136,827,0,524,626,305,499,671,722,715,305,1018
295,1023,0,115,831,0,491,593,305,455,671,680,676,305,1023
565,1023,0,374,1023,0,555,661,305,536,671,747,727,305,1023
359,1023,0,254,1023,0,385,379,305,382,671,741,727,305,1023
557,1023,0,272,1023,0,754,950,306,744,671,792,778,305,1023
538,1023,0,387,1023,0,598,734,305,576,671,766,756,305,1023
394,1023,0,392,1023,0,817,1023,306,815,671,750,730,305,1023
386,1023,0,205,1023,0,496,576,305,471,671,722,717,305,1023
327,1023,0,164,1023,0,407,434,305,390,671,717,706,305,1023
459,1023,0,293,1023,0,423,387,305,428,671,760,743,305,1023
354,1023,0,179,1023,0,508,615,305,487,671,708,698,305,1023
327,1023,0,122,855,0,562,707,305,532,671,720,714,305,1023
292,1023,0,163,1023,0,386,375,305,372,671,625,619,305,1023
420,1023,0,217,1023,0,461,483,305,444,671,720,706,305,1023
310,1023,0,159,1023,0,574,730,305,544,671,709,700,305,1023
410,1023,0,255,1023,0,482,509,305,468,671,748,730,305,1023
506,1023,0,207,1023,0,367,375,305,372,671,696,682,305,1023
247,1023,0,122,881,0,782,1020,306,776,671,661,652,305,1023
346,1023,0,187,1023,0,791,1020,306,785,671,720,702,305,1023
508,1023,0,391,1023,0,664,836,305,642,671,763,749,305,1023
559,1023,0,340,1023,0,613,753,305,592,671,762,745,305,1023
473,1023,0,297,1023,0,562,690,305,540,671,762,753,305,1023
683,1023,0,359,1023,0,423,407,305,419,671,548,517,305,1023
465,1023,0,427,1023,0,413,441,305,425,671,746,741,305,1023
384,1023,0,159,1023,0,541,661,305,509,671,734,724,305,1023
354,1023,0,184,1023,0,635,817,305,612,671,732,723,305,1023
546,1023,0,396,1023,0,414,407,305,424,671,691,672,305,1023
422,1023,0,272,1023,0,544,667,305,515,671,711,688,305,1023
310,1023,0,166,1023,0,420,457,305,392,671,715,706,305,1023
445,1023,0,214,1023,0,581,726,305,552,671,784,772,305,1023
346,1023,0,95,645,0,504,622,305,471,671,685,682,305,1023
325,1023,0,158,1023,0,509,609,305,484,671,735,720,305,1023
420,1023,0,186,1023,0,583,736,305,559,671,718,709,305,1023
617,1023,0,421,1023,0,592,729,305,572,671,783,768,305,1023
251,1023,0,116,922,0,427,484,305,409,671,664,657,305,1023
583,1023,0,339,1023,0,662,822,305,639,671,761,740,305,1023
454,1023,0,238,1023,0,646,814,305,623,671,724,713,305,1023
332,1023,0,234,1023,0,490,576,305,470,671,692,685,305,1023
