"FSC-A","FSC-H","FSC-W","SSC-A","SSC-H","SSC-W","BL1-A","BL1-H","BL1-W","BL3-A","BL3-H","BL3-W","Event","VL1-A","VL1-H","VL1-W","Time"
603,1023,0,346,1023,0,294,406,305,374,335,305,305,828,779,305,0
369,1023,0,216,1023,0,480,677,305,357,340,305,305,761,738,305,0
410,1023,0,183,1023,0,375,553,305,324,318,305,306,750,736,305,0
519,1023,0,257,1023,0,214,377,305,334,323,305,306,774,745,305,0
377,1023,0,267,1023,0,387,550,305,350,335,305,306,738,721,305,0
418,1023,0,205,1023,0,460,651,305,332,321,305,306,784,762,305,0
366,1023,0,310,1023,0,470,638,305,357,328,305,306,778,728,305,0
708,1023,0,349,1023,0,286,406,305,350,325,305,306,816,774,305,0
442,1023,0,232,1023,0,805,983,306,585,516,305,306,712,674,305,0
546,1023,0,323,1023,0,560,743,305,374,337,305,306,763,729,305,0
599,1023,0,290,1023,0,366,515,305,378,347,305,306,740,712,305,0
507,1023,0,572,1023,0,631,786,305,433,370,305,306,761,702,305,0
387,1023,0,300,1023,0,800,972,306,651,580,305,306,799,781,305,0
296,1023,0,202,1023,0,718,895,305,469,403,305,306,775,756,305,0
442,1023,0,208,1023,0,227,380,305,335,329,305,306,746,729,305,0
373,1023,0,139,1023,0,647,842,305,404,369,305,307,743,720,305,0
780,1023,0,401,1023,0,307,393,305,415,353,305,307,820,744,305,0
430,1023,0,201,1023,0,250,395,305,350,334,305,307,760,741,305,0
676,1023,0,430,1023,0,470,632,305,368,333,305,307,847,780,305,0
447,1023,0,184,1023,0,241,388,305,340,330,305,307,705,673,305,0
504,1023,0,277,1023,0,417,604,305,386,354,305,307,760,732,305,0
307,1023,0,77,797,0,174,352,305,312,317,305,307,730,721,305,0
431,1023,0,134,1023,0,722,912,305,480,431,305,307,776,760,305,0
411,1023,0,158,1023,0,635,834,305,401,362,305,307,766,749,305,0
889,1023,0,440,1023,0,622,802,305,750,671,305,307,828,751,305,0
505,1023,0,309,1023,0,219,363,305,420,367,305,307,775,740,305,0
465,1023,0,177,1023,0,512,701,305,335,326,305,307,776,763,305,0
483,1023,0,263,1023,0,522,707,305,341,328,305,307,761,746,305,0
415,1023,0,295,1023,0,507,687,305,338,321,305,307,747,725,305,0
499,1023,0,246,1023,0,691,878,305,433,381,305,307,790,752,305,0
352,1023,0,134,1023,0,469,665,305,336,324,305,307,757,745,305,0
526,1023,0,279,1023,0,674,857,305,413,370,305,308,783,755,305,0
461,1023,0,411,1023,0,763,928,306,521,432,305,308,787,762,305,0
346,1023,0,185,1023,0,497,695,305,609,565,305,308,799,780,305,0
543,1023,0,393,1023,0,285,429,305,364,342,305,308,773,734,305,0
402,1023,0,177,1023,0,361,509,305,374,360,305,308,779,762,305,0
504,1023,0,283,1023,0,543,724,305,437,387,305,308,780,739,305,0
765,1023,0,1023,1023,0,520,645,305,631,485,305,308,818,747,305,0
485,1023,0,220,1023,0,225,371,305,332,319,305,308,752,703,305,0
420,1023,0,271,1023,0,650,845,305,406,370,305,308,763,743,305,0
446,1023,0,307,1023,0,285,422,305,368,342,305,308,765,745,305,0
395,1023,0,186,1023,0,204,369,305,381,357,305,308,759,745,305,0
612,1023,0,242,1023,0,348,471,305,362,341,305,308,770,754,305,0
172,1023,0,97,1023,0,270,434,305,338,324,305,308,761,752,305,0
372,1023,0,197,1023,0,333,489,305,361,340,305,308,765,736,305,0
446,1023,0,166,1023,0,256,397,305,341,326,305,308,759,745,305,0
467,1023,0,430,1023,0,726,892,305,482,401,305,308,777,745,305,0
518,1023,0,294,1023,0,589,770,305,406,367,305,308,778,753,305,0
343,1023,0,176,1023,0,583,776,305,381,349,305,309,805,789,305,4
456,1023,0,255,1023,0,463,639,305,351,329,305,309,752,719,305,4
448,1023,0,176,1023,0,435,615,305,318,323,305,309,786,771,305,4
458,1023,0,222,1023,0,381,541,305,355,331,305,309,759,749,305,4
565,1023,0,221,1023,0,231,379,305,328,319,305,309,771,750,305,4
566,1023,0,268,1023,0,201,363,305,344,335,305,309,729,703,305,4
414,1023,0,216,1023,0,613,806,305,382,352,305,309,718,701,305,4
499,1023,0,305,1023,0,280,407,305,456,399,305,309,768,715,305,4
427,1023,0,178,1023,0,419,589,305,386,364,305,309,762,740,305,4
465,1023,0,233,1023,0,821,990,306,626,547,305,309,768,727,305,4
710,1023,0,388,1023,0,282,401,305,356,335,305,309,814,778,305,4
330,1023,0,193,1023,0,704,894,305,474,421,305,309,760,752,305,4
405,1023,0,368,1023,0,358,482,305,353,330,305,309,728,687,305,4
378,1023,0,150,1023,0,261,409,305,349,327,305,309,742,729,305,4
540,1023,0,241,1023,0,166,347,305,340,324,305,309,774,762,305,4
361,1023,0,111,1023,0,581,782,305,366,344,305,309,756,745,305,4
373,1023,0,300,1023,0,201,361,305,488,423,305,309,611,548,305,4
400,1023,0,343,1023,0,205,363,305,412,377,305,309,770,745,305,4
873,1023,0,576,1023,0,502,653,305,547,410,305,309,853,800,305,4
260,1023,0,79,855,0,271,430,305,327,323,305,309,733,724,305,4
379,1023,0,216,1023,0,648,828,305,397,359,305,309,700,650,305,4
382,1023,0,255,1023,0,590,785,305,413,375,305,310,771,756,305,4
301,1023,0,265,1023,0,576,787,305,371,349,305,310,793,779,305,4
363,1023,0,206,1023,0,629,822,305,397,369,305,310,759,740,305,4
418,1023,0,273,1023,0,660,865,305,538,490,305,310,827,811,305,4
355,1023,0,157,1023,0,758,948,306,513,452,305,310,762,740,305,4
419,1023,0,121,1023,0,259,394,305,320,316,305,310,751,731,305,4
302,1023,0,193,1023,0,591,784,305,472,412,305,310,746,729,305,4
939,1023,0,620,1023,0,819,993,306,612,543,305,310,825,762,305,4
389,1023,0,428,1023,0,673,825,305,441,371,305,310,779,741,305,4
478,1023,0,189,1023,0,460,653,305,342,328,305,310,785,749,305,4
375,1023,0,192,1023,0,219,364,305,351,330,305,310,768,752,305,4
417,1023,0,244,1023,0,656,849,305,411,376,305,310,744,730,305,4
458,1023,0,251,1023,0,403,578,305,375,351,305,310,781,759,305,4
337,1023,0,206,1023,0,611,809,305,383,359,305,310,736,722,305,4
285,1023,0,191,1023,0,298,427,305,318,316,305,310,715,682,305,4
431,1023,0,180,1023,0,215,370,305,311,314,305,310,759,738,305,4
356,1023,0,152,1023,0,240,401,305,316,315,305,311,766,746,305,4
327,1023,0,203,1023,0,409,589,305,417,387,305,311,763,741,305,4
459,1023,0,299,1023,0,342,510,305,481,440,305,311,796,776,305,4
783,1023,0,403,1023,0,291,412,305,368,340,305,311,798,771,305,4
538,1023,0,396,1023,0,415,577,305,390,358,305,311,782,753,305,4
414,1023,0,214,1023,0,508,690,305,423,378,305,311,773,764,305,4
359,1023,0,115,1023,0,329,491,305,315,318,305,311,751,738,305,4
422,1023,0,256,1023,0,554,719,305,365,336,305,311,750,727,305,4
404,1023,0,208,1023,0,295,435,305,378,348,305,311,781,754,305,4
717,1023,0,330,1023,0,327,435,305,351,331,305,311,834,767,305,4
357,1023,0,148,1023,0,243,396,305,360,342,305,311,752,743,305,4
334,1023,0,258,1023,0,235,379,305,452,397,305,311,791,754,305,4
323,1023,0,138,1023,0,390,575,305,340,324,305,311,756,751,305,4
433,1023,0,323,1023,0,218,373,305,377,351,305,311,781,751,305,4
292,1023,0,406,1023,0,751,904,305,610,495,305,311,779,727,305,4
400,1023,0,200,1023,0,355,515,305,342,336,305,311,789,762,305,4
408,1023,0,282,1023,0,648,833,305,441,395,305,311,776,735,305,4
412,1023,0,247,1023,0,736,921,306,504,444,305,311,777,735,305,4
371,1023,0,172,1023,0,149,339,305,360,348,305,311,736,713,305,4
325,1023,0,239,1023,0,259,379,305,375,348,305,311,778,760,305,4
389,1023,0,167,1023,0,433,623,305,359,344,305,312,762,752,305,4
1023,1023,0,900,1023,0,451,601,305,706,620,305,312,904,862,305,4
355,1023,0,122,1023,0,225,389,305,333,322,305,312,769,753,305,4
296,1023,0,127,1023,0,664,870,305,410,378,305,312,747,738,305,4
774,1023,0,354,1023,0,350,456,305,546,464,305,312,830,765,305,4
1023,1023,0,1023,1023,0,824,905,305,754,638,305,312,1023,940,306,4
553,1023,0,340,1023,0,558,716,305,346,325,305,312,796,750,305,4
842,1023,0,903,1023,0,627,798,305,535,465,305,312,872,817,305,4
477,1023,0,264,1023,0,333,476,305,375,348,305,312,787,774,305,4
379,1023,0,215,1023,0,378,544,305,320,324,305,312,750,733,305,4
396,1023,0,400,1023,0,674,848,305,449,386,305,312,789,731,305,4
407,1023,0,159,1023,0,382,541,305,437,387,305,312,783,762,305,4
480,1023,0,219,1023,0,467,648,305,331,326,305,312,777,765,305,4
621,1023,0,258,1023,0,254,374,305,362,326,305,312,789,732,305,4
299,1023,0,293,1023,0,443,598,305,406,362,305,312,747,722,305,4
461,1023,0,281,1023,0,438,620,305,329,323,305,312,769,746,305,4
546,1023,0,460,1023,0,795,951,306,641,548,305,312,807,770,305,4
1023,1023,0,1023,1023,0,476,568,305,724,675,305,312,934,862,305,4
408,1023,0,285,1023,0,466,647,305,344,327,305,312,784,741,305,4
304,1023,0,256,1023,0,261,399,305,325,317,305,312,775,738,305,4
311,1023,0,122,1023,0,381,568,305,328,321,305,312,742,734,305,4
381,1023,0,344,1023,0,320,455,305,463,393,305,313,766,734,305,4
693,1023,0,389,1023,0,726,915,305,499,430,305,313,812,787,305,4
429,1023,0,236,1023,0,436,623,305,340,331,305,313,793,777,305,4
880,1023,0,634,1023,0,825,974,306,638,532,305,313,833,792,305,4
340,1023,0,345,1023,0,467,637,305,574,495,305,313,754,718,305,4
540,1023,0,319,1023,0,625,775,305,438,364,305,313,787,743,305,4
390,1023,0,211,1023,0,378,539,305,338,324,305,313,759,731,305,4
311,1023,0,147,1023,0,292,456,305,332,331,305,313,768,756,305,4
346,1023,0,92,959,0,184,362,305,315,316,305,313,757,741,305,8
245,1023,0,229,1023,0,749,932,306,506,442,305,313,788,756,305,8
594,1023,0,578,1023,0,823,1001,306,602,538,305,313,871,832,305,8
525,1023,0,350,1023,0,330,469,305,337,324,305,313,799,768,305,8
524,1023,0,368,1023,0,620,807,305,418,369,305,313,782,762,305,8
305,1023,0,226,1023,0,288,421,305,715,651,305,313,788,758,305,8
438,1023,0,150,1023,0,448,636,305,335,323,305,313,764,752,305,8
312,1023,0,174,1023,0,450,633,305,335,329,305,313,733,718,305,8
404,1023,0,196,1023,0,252,393,305,336,331,305,313,763,749,305,8
408,1023,0,163,1023,0,261,403,305,349,328,305,313,753,729,305,8
1023,1023,0,1023,1023,0,369,490,305,452,356,305,313,934,861,305,8
390,1023,0,293,1023,0,258,393,305,352,331,305,314,675,635,305,8
305,1023,0,146,1023,0,408,596,305,543,490,305,314,781,770,305,8
356,1023,0,201,1023,0,461,642,305,346,330,305,314,749,701,305,8
1023,1023,0,1023,1023,0,854,944,307,799,602,305,314,1023,939,307,8
258,1023,0,101,1023,0,353,532,305,320,314,305,314,731,721,305,8
296,1023,0,124,1023,0,313,454,305,314,320,305,314,755,736,305,8
368,1023,0,143,1023,0,593,799,305,358,339,305,314,734,716,305,8
379,1023,0,154,1023,0,229,391,305,344,326,305,314,775,753,305,8
264,1023,0,129,1023,0,590,806,305,358,347,305,314,773,760,305,8
351,1023,0,212,1023,0,244,393,305,318,320,305,314,766,749,305,8
336,1023,0,154,1023,0,412,594,305,391,358,305,314,753,737,305,8
401,1023,0,198,1023,0,333,495,305,362,351,305,314,788,769,305,8
908,1023,0,414,1023,0,517,687,305,444,388,305,314,815,738,305,8
329,1023,0,141,1023,0,698,895,305,427,387,305,314,671,642,305,8
467,1023,0,251,1023,0,227,384,305,371,351,305,314,791,779,305,8
367,1023,0,321,1023,0,622,803,305,531,457,305,314,769,720,305,8
690,1023,0,650,1023,0,745,885,305,551,440,305,314,798,751,305,8
614,1023,0,522,1023,0,819,968,306,593,488,305,314,751,714,305,8
471,1023,0,192,1023,0,342,482,305,434,385,305,314,758,732,305,8
402,1023,0,184,1023,0,486,659,305,429,377,305,314,780,765,305,8
422,1023,0,233,1023,0,351,510,305,316,314,305,315,714,693,305,8
791,1023,0,602,1023,0,275,364,305,646,580,305,315,813,729,305,8
378,1023,0,154,1023,0,731,924,306,476,428,305,315,737,718,305,8
1023,1023,0,1023,1023,0,404,497,305,555,408,305,315,856,773,305,8
410,1023,0,278,1023,0,360,507,305,579,511,305,315,694,637,305,8
578,1023,0,345,1023,0,559,725,305,511,434,305,315,814,781,305,8
483,1023,0,336,1023,0,249,399,305,393,360,305,315,771,746,305,8
333,1023,0,91,965,0,347,524,305,351,340,305,315,736,726,305,8
435,1023,0,203,1023,0,256,403,305,351,336,305,315,767,747,305,8
511,1023,0,266,1023,0,725,909,305,470,413,305,315,747,728,305,8
404,1023,0,336,1023,0,413,565,305,335,319,305,315,776,755,305,8
588,1023,0,259,1023,0,366,496,305,341,326,305,315,798,761,305,8
460,1023,0,376,1023,0,685,845,305,476,398,305,315,746,713,305,8
419,1023,0,241,1023,0,436,619,305,338,325,305,315,766,747,305,8
322,1023,0,320,1023,0,696,871,305,574,487,305,315,782,762,305,8
389,1023,0,305,1023,0,503,678,305,374,348,305,315,758,719,305,8
424,1023,0,228,1023,0,556,752,305,410,377,305,316,805,784,305,8
343,1023,0,274,1023,0,575,766,305,416,377,305,316,772,731,305,8
330,1023,0,151,1023,0,578,781,305,367,348,305,316,764,751,305,8
412,1023,0,154,1023,0,231,380,305,409,383,305,316,791,782,305,8
321,1023,0,244,1023,0,308,437,305,456,394,305,316,717,698,305,8
555,1023,0,243,1023,0,338,485,305,351,331,305,316,779,744,305,8
531,1023,0,270,1023,0,425,600,305,328,326,305,316,776,747,305,8
494,1023,0,235,1023,0,485,668,305,420,375,305,316,745,725,305,8
426,1023,0,296,1023,0,621,814,305,534,466,305,316,767,740,305,8
372,1023,0,206,1023,0,409,579,305,471,416,305,316,770,749,305,8
517,1023,0,284,1023,0,679,855,305,446,385,305,316,765,742,305,8
445,1023,0,396,1023,0,405,554,305,413,361,305,316,781,728,305,8
377,1023,0,176,1023,0,344,499,305,326,322,305,316,759,736,305,8
421,1023,0,139,1023,0,497,696,305,359,344,305,316,762,748,305,8
342,1023,0,240,1023,0,264,406,305,543,457,305,316,769,742,305,8
542,1023,0,234,1023,0,593,782,305,375,347,305,316,792,772,305,8
422,1023,0,206,1023,0,607,802,305,384,355,305,316,766,750,305,8
412,1023,0,168,1023,0,212,363,305,329,316,305,316,733,714,305,8
323,1023,0,217,1023,0,691,876,305,480,418,305,317,770,752,305,8
424,1023,0,279,1023,0,338,487,305,368,340,305,317,793,764,305,8
409,1023,0,466,1023,0,622,794,305,434,381,305,317,793,750,305,8
354,1023,0,147,1023,0,339,496,305,335,317,305,317,631,603,305,8
369,1023,0,134,1023,0,165,350,305,318,315,305,317,728,705,305,8
402,1023,0,185,1023,0,481,682,305,334,328,305,317,764,739,305,8
610,1023,0,403,1023,0,267,375,305,425,365,305,317,834,791,305,8
457,1023,0,260,1023,0,243,386,305,397,358,305,317,770,751,305,8
357,1023,0,157,1023,0,592,791,305,361,343,305,317,783,770,305,8
726,1023,0,511,1023,0,360,480,305,413,354,305,317,851,803,305,8
550,1023,0,242,1023,0,358,512,305,359,344,305,317,788,771,305,8
393,1023,0,287,1023,0,461,640,305,337,327,305,317,781,737,305,8
307,1023,0,112,1023,0,209,380,305,319,319,305,317,766,755,305,12
384,1023,0,181,1023,0,236,389,305,323,322,305,318,766,747,305,12
400,1023,0,183,1023,0,707,900,305,460,410,305,318,767,753,305,12
462,1023,0,395,1023,0,508,685,305,347,332,305,318,761,739,305,12
339,1023,0,306,1023,0,540,719,305,424,373,305,318,780,760,305,12
359,1023,0,170,1023,0,422,610,305,364,341,305,318,780,763,305,12
389,1023,0,104,1023,0,573,781,305,363,348,305,318,726,715,305,12
379,1023,0,139,1023,0,588,785,305,418,383,305,318,777,750,305,12
271,1023,0,136,1023,0,626,836,305,384,366,305,318,734,724,305,12
605,1023,0,269,1023,0,577,767,305,466,412,305,318,830,775,305,12
430,1023,0,215,1023,0,838,1003,306,613,529,305,318,724,696,305,12
477,1023,0,436,1023,0,506,673,305,379,338,305,318,781,735,305,12
247,1023,0,109,1023,0,593,799,305,409,381,305,318,734,718,305,12
339,1023,0,159,1023,0,483,681,305,394,367,305,318,762,746,305,12
431,1023,0,224,1023,0,424,599,305,327,320,305,319,756,714,305,12
444,1023,0,233,1023,0,660,824,305,409,354,305,319,788,759,305,12
448,1023,0,215,1023,0,424,597,305,328,319,305,319,735,681,305,12
532,1023,0,304,1023,0,680,867,305,441,394,305,319,770,752,305,12
282,1023,0,86,860,0,210,377,305,315,319,305,319,717,701,305,12
947,1023,0,703,1023,0,641,807,305,541,398,305,319,842,759,305,12
442,1023,0,276,1023,0,276,407,305,314,316,305,319,763,717,305,12
273,1023,0,337,1023,0,876,1022,306,662,558,305,319,809,763,305,12
370,1023,0,128,1023,0,181,357,305,323,318,305,319,737,723,305,12
469,1023,0,204,1023,0,414,594,305,331,325,305,319,782,764,305,12
520,1023,0,292,1023,0,734,917,306,476,424,305,319,734,715,305,12
498,1023,0,153,1023,0,291,429,305,353,320,305,319,769,755,305,12
311,1023,0,101,1023,0,418,619,305,315,321,305,319,755,745,305,12
436,1023,0,285,1023,0,272,425,305,375,355,305,319,799,785,305,12
504,1023,0,302,1023,0,334,491,305,456,394,305,319,833,809,305,12
347,1023,0,144,1023,0,448,642,305,329,327,305,319,759,725,305,12
429,1023,0,181,1023,0,564,764,305,359,341,305,320,772,752,305,12
269,1023,0,127,1023,0,384,560,305,327,324,305,320,753,727,305,12
387,1023,0,401,1023,0,733,894,305,532,442,305,320,808,777,305,12
369,1023,0,168,1023,0,629,828,305,373,357,305,320,747,734,305,12
456,1023,0,174,1023,0,185,360,305,319,317,305,320,786,767,305,12
552,1023,0,343,1023,0,393,551,305,373,345,305,320,788,771,305,12
319,1023,0,235,1023,0,711,892,305,505,439,305,320,801,783,305,12
419,1023,0,276,1023,0,526,717,305,368,352,305,320,763,743,305,12
317,1023,0,235,1023,0,516,692,305,718,645,305,320,758,712,305,12
467,1023,0,312,1023,0,570,749,305,446,393,305,320,787,758,305,12
523,1023,0,169,1023,0,252,375,305,565,553,305,320,774,744,305,12
331,1023,0,93,918,0,174,358,305,321,321,305,320,741,734,305,12
814,1023,0,714,1023,0,363,473,305,440,365,305,320,787,749,305,12
388,1023,0,293,1023,0,397,560,305,361,338,305,320,773,726,305,12
401,1023,0,186,1023,0,158,351,305,321,318,305,320,738,699,305,12
489,1023,0,199,1023,0,832,1013,306,607,551,305,320,751,737,305,12
734,1023,0,344,1023,0,250,356,305,341,319,305,320,828,779,305,12
447,1023,0,210,1023,0,411,584,305,331,321,305,321,698,674,305,12
316,1023,0,241,1023,0,544,736,305,362,336,305,321,766,751,305,12
391,1023,0,177,1023,0,535,723,305,354,341,305,321,751,727,305,16
331,1023,0,383,1023,0,877,1023,306,673,577,305,321,818,773,305,16
365,1023,0,178,1023,0,586,776,305,453,408,305,321,734,709,305,16
523,1023,0,210,1023,0,414,589,305,340,332,305,321,718,693,305,16
422,1023,0,226,1023,0,343,524,305,355,345,305,321,782,756,305,16
392,1023,0,358,1023,0,451,611,305,375,342,305,321,745,684,305,16
417,1023,0,219,1023,0,224,372,305,364,348,305,321,763,749,305,16
349,1023,0,252,1023,0,313,442,305,350,335,305,321,703,660,305,16
432,1023,0,344,1023,0,612,772,305,410,353,305,321,784,742,305,16
388,1023,0,158,1023,0,650,848,305,393,370,305,321,778,760,305,16
1023,1023,0,1023,1023,0,732,865,305,618,426,305,321,1010,894,305,16
349,1023,0,128,1023,0,536,728,305,346,330,305,321,751,735,305,16
422,1023,0,225,1023,0,468,665,305,331,327,305,321,806,787,305,16
396,1023,0,174,1023,0,345,506,305,323,319,305,321,772,752,305,16
362,1023,0,143,1023,0,666,845,305,415,367,305,321,777,759,305,16
394,1023,0,171,1023,0,252,401,305,324,321,305,321,772,736,305,16
443,1023,0,420,1023,0,265,406,305,652,578,305,321,807,777,305,16
395,1023,0,124,915,0,312,445,305,336,330,305,321,722,715,305,16
432,1023,0,177,1023,0,196,353,305,347,335,305,321,758,746,305,16
397,1023,0,276,1023,0,507,697,305,473,412,305,322,777,749,305,16
490,1023,0,276,1023,0,423,601,305,375,345,305,322,765,727,305,16
323,1023,0,147,1023,0,406,605,305,336,328,305,322,759,751,305,16
427,1023,0,157,1023,0,233,390,305,327,321,305,322,770,761,305,16
769,1023,0,396,1023,0,374,514,305,396,355,305,322,780,762,305,16
356,1023,0,180,1023,0,594,779,305,412,378,305,322,758,720,305,16
397,1023,0,137,1023,0,343,516,305,343,337,305,322,754,736,305,16
370,1023,0,248,1023,0,490,665,305,335,322,305,322,764,742,305,16
456,1023,0,275,1023,0,849,1014,306,640,563,305,322,796,773,305,16
431,1023,0,306,1023,0,286,393,305,418,366,305,322,747,718,305,16
359,1023,0,180,1023,0,562,757,305,436,393,305,322,761,738,305,16
398,1023,0,137,1023,0,434,629,305,427,390,305,322,748,728,305,16
327,1023,0,120,1023,0,576,788,305,359,346,305,322,754,744,305,16
437,1023,0,230,1023,0,647,816,305,398,358,305,322,767,749,305,16
339,1023,0,285,1023,0,739,901,305,486,401,305,323,707,677,305,16
277,1023,0,215,1023,0,447,631,305,361,338,305,323,759,724,305,16
500,1023,0,256,1023,0,605,786,305,379,347,305,323,761,749,305,16
564,1023,0,268,1023,0,282,430,305,394,353,305,323,778,752,305,16
671,1023,0,346,1023,0,682,847,305,492,403,305,323,817,796,305,16
889,1023,0,423,1023,0,257,359,305,394,344,305,323,840,786,305,16
937,1023,0,649,1023,0,315,397,305,383,339,305,323,843,811,305,16
704,1023,0,462,1023,0,715,903,305,581,518,305,323,847,791,305,16
405,1023,0,138,1023,0,385,561,305,333,319,305,323,769,755,305,16
636,1023,0,493,1023,0,690,866,305,525,445,305,323,827,803,305,16
433,1023,0,157,1023,0,180,356,305,340,333,305,324,729,708,305,16
345,1023,0,110,1023,0,284,436,305,333,322,305,324,736,726,305,16
319,1023,0,106,988,0,691,887,305,428,390,305,324,732,721,305,16
459,1023,0,176,1023,0,197,364,305,331,322,305,324,661,648,305,16
426,1023,0,121,1023,0,323,444,305,319,312,305,324,757,725,305,21
504,1023,0,234,1023,0,601,786,305,407,369,305,324,769,742,305,21
496,1023,0,213,1023,0,316,468,305,381,366,305,324,777,753,305,21
414,1023,0,183,1023,0,502,692,305,356,335,305,324,753,732,305,21
501,1023,0,288,1023,0,716,895,305,578,514,305,324,763,729,305,21
1023,1023,0,792,1023,0,333,442,305,406,347,305,324,844,806,305,21
419,1023,0,131,1023,0,637,831,305,390,362,305,324,774,759,305,21
406,1023,0,253,1023,0,674,866,305,456,403,305,324,773,754,305,21
623,1023,0,322,1023,0,455,608,305,402,354,305,325,824,795,305,21
389,1023,0,299,1023,0,845,1007,306,638,555,305,325,773,745,305,21
561,1023,0,384,1023,0,731,900,305,524,445,305,325,806,764,305,21
658,1023,0,327,1023,0,637,814,305,436,359,305,325,787,764,305,21
434,1023,0,398,1023,0,319,445,305,492,424,305,325,792,731,305,21
434,1023,0,247,1023,0,287,410,305,370,344,305,325,766,720,305,21
350,1023,0,348,1023,0,791,940,306,563,455,305,325,784,747,305,21
361,1023,0,165,1023,0,212,361,305,340,330,305,325,769,737,305,21
492,1023,0,199,1023,0,472,664,305,338,325,305,325,726,708,305,21
369,1023,0,245,1023,0,338,496,305,394,361,305,325,790,775,305,21
436,1023,0,241,1023,0,297,443,305,334,321,305,325,786,772,305,21
656,1023,0,408,1023,0,505,704,305,387,349,305,325,865,825,305,21
436,1023,0,245,1023,0,622,801,305,565,481,305,326,799,772,305,21
531,1023,0,120,1023,0,475,665,305,355,336,305,326,733,716,305,21
354,1023,0,144,1023,0,208,370,305,323,319,305,326,746,736,305,21
469,1023,0,305,1023,0,249,403,305,366,345,305,326,753,741,305,21
224,1023,0,118,1023,0,509,718,305,699,671,305,326,764,749,305,21
376,1023,0,139,1023,0,603,805,305,404,376,305,326,755,738,305,21
496,1023,0,234,1023,0,250,389,305,348,335,305,326,794,778,305,21
275,1023,0,340,1023,0,480,626,305,374,338,305,326,776,738,305,21
347,1023,0,130,1023,0,567,766,305,356,342,305,326,716,686,305,21
323,1023,0,358,1023,0,761,915,306,518,416,305,326,755,699,305,21
379,1023,0,125,1023,0,340,516,305,320,312,305,326,675,663,305,21
430,1023,0,242,1023,0,555,729,305,453,392,305,326,797,773,305,21
421,1023,0,117,1023,0,220,378,305,319,313,305,326,761,742,305,21
462,1023,0,502,1023,0,620,790,305,479,399,305,326,808,756,305,21
323,1023,0,154,1023,0,211,373,305,397,365,305,326,745,731,305,21
369,1023,0,174,1023,0,284,411,305,386,347,305,327,786,772,305,21
609,1023,0,269,1023,0,571,744,305,443,388,305,327,833,806,305,21
454,1023,0,186,1023,0,717,891,305,508,439,305,327,754,723,305,21
474,1023,0,212,1023,0,201,363,305,336,322,305,327,702,679,305,21
323,1023,0,165,1023,0,667,870,305,441,401,305,327,766,751,305,21
417,1023,0,168,1023,0,357,525,305,339,327,305,327,756,741,305,21
528,1023,0,424,1023,0,512,693,305,435,393,305,327,749,702,305,21
276,1023,0,160,1023,0,518,700,305,351,331,305,327,692,663,305,21
405,1023,0,141,1023,0,539,745,305,361,340,305,327,758,736,305,25
440,1023,0,264,1023,0,238,370,305,340,327,305,327,733,708,305,25
256,1023,0,277,1023,0,279,404,305,407,365,305,327,789,757,305,25
1023,1023,0,1016,1023,0,567,714,305,479,369,305,327,933,873,305,25
731,1023,0,304,1023,0,610,804,305,436,388,305,327,822,762,305,25
378,1023,0,231,1023,0,632,815,305,445,391,305,327,767,734,305,25
395,1023,0,226,1023,0,478,653,305,358,334,305,327,727,701,305,25
262,1023,0,266,1023,0,738,915,305,635,561,305,327,736,709,305,25
286,1023,0,231,1023,0,405,571,305,431,384,305,327,759,740,305,25
753,1023,0,464,1023,0,292,412,305,370,343,305,327,864,822,305,25
391,1023,0,166,1023,0,622,809,305,401,360,305,328,754,724,305,25
482,1023,0,337,1023,0,678,850,305,431,371,305,328,759,732,305,25
485,1023,0,237,1023,0,463,635,305,368,337,305,328,770,756,305,25
271,1023,0,229,1023,0,630,811,305,750,691,305,328,781,753,305,25
417,1023,0,248,1023,0,336,494,305,345,333,305,328,784,774,305,25
375,1023,0,229,1023,0,373,526,305,347,328,305,328,726,693,305,25
608,1023,0,623,1023,0,579,766,305,468,409,305,328,810,788,305,25
440,1023,0,344,1023,0,321,451,305,340,325,305,328,750,735,305,25
410,1023,0,313,1023,0,190,354,305,370,349,305,328,751,732,305,25
427,1023,0,282,1023,0,289,444,305,405,376,305,328,769,728,305,25
627,1023,0,611,1023,0,1023,1023,307,831,771,305,328,800,742,305,25
489,1023,0,230,1023,0,252,398,305,349,329,305,328,765,750,305,25
365,1023,0,173,1023,0,331,481,305,365,345,305,328,761,748,305,25
485,1023,0,233,1023,0,469,657,305,332,323,305,329,713,690,305,25
389,1023,0,149,1023,0,411,586,305,430,394,305,329,751,737,305,25
435,1023,0,248,1023,0,336,491,305,384,363,305,329,773,753,305,25
327,1023,0,96,1023,0,273,437,305,334,329,305,329,732,720,305,25
349,1023,0,137,1023,0,351,535,305,336,332,305,329,751,743,305,25
531,1023,0,124,779,0,582,744,305,360,333,305,329,747,733,305,25
867,1023,0,571,1023,0,315,428,305,382,348,305,329,849,783,305,25
277,1023,0,248,1023,0,623,798,305,469,395,305,329,746,720,305,25
336,1023,0,119,1023,0,584,787,305,404,376,305,329,781,770,305,25
391,1023,0,178,1023,0,348,501,305,340,331,305,329,763,738,305,25
223,740,0,289,1023,0,279,375,305,714,631,305,329,845,800,305,25
215,1023,0,203,1023,0,266,415,305,486,434,305,329,728,707,305,25
717,1023,0,457,1023,0,340,432,305,366,327,305,329,845,771,305,25
405,1023,0,240,1023,0,669,857,305,448,402,305,329,735,706,305,25
379,1023,0,210,1023,0,326,474,305,493,442,305,329,767,750,305,25
837,1023,0,435,1023,0,297,423,305,372,341,305,330,809,756,305,25
342,1023,0,168,1023,0,361,534,305,323,319,305,330,759,735,305,25
400,1023,0,191,1023,0,529,715,305,388,356,305,330,775,756,305,25
397,1023,0,151,1023,0,356,515,305,338,332,305,330,764,749,305,25
458,1023,0,524,1023,0,788,929,306,810,734,305,330,838,761,305,25
421,1023,0,193,1023,0,345,503,305,325,317,305,330,770,755,305,25
341,1023,0,346,1023,0,854,1003,306,635,533,305,330,751,697,305,25
562,1023,0,389,1023,0,436,601,305,432,380,305,330,821,799,305,25
390,1023,0,188,1023,0,632,823,305,446,395,305,330,777,761,305,25
433,1023,0,153,1023,0,255,401,305,412,387,305,330,727,710,305,25
494,1023,0,229,1023,0,267,409,305,376,350,305,330,802,773,305,29
421,1023,0,132,1023,0,231,380,305,319,313,305,330,769,757,305,29
379,1023,0,153,1023,0,478,676,305,320,325,305,330,760,736,305,29
324,1023,0,421,1023,0,526,678,305,717,640,305,330,894,840,305,29
555,1023,0,357,1023,0,567,759,305,415,380,305,330,824,792,305,29
507,1023,0,197,1023,0,311,443,305,360,332,305,331,768,744,305,29
340,1023,0,141,1023,0,264,409,305,331,322,305,331,759,745,305,29
403,1023,0,323,1023,0,270,417,305,336,326,305,331,785,773,305,29
358,1023,0,143,1023,0,616,824,305,389,371,305,331,739,717,305,29
363,1023,0,109,1023,0,305,460,305,332,331,305,331,740,718,305,29
850,1023,0,642,1023,0,831,970,306,651,535,305,331,811,773,305,29
868,1023,0,408,1023,0,341,457,305,425,365,305,331,793,754,305,29
356,1023,0,254,1023,0,442,625,305,443,400,305,331,767,732,305,29
679,1023,0,543,1023,0,818,982,306,595,511,305,331,840,800,305,29
705,1023,0,341,1023,0,270,374,305,355,334,305,331,814,746,305,29
471,1023,0,253,1023,0,626,820,305,438,389,305,331,791,777,305,29
251,1023,0,278,1023,0,569,779,305,726,678,305,331,819,803,305,29
480,1023,0,252,1023,0,591,777,305,410,372,305,331,759,741,305,29
432,1023,0,337,1023,0,205,343,305,435,376,305,331,756,740,305,29
304,1023,0,257,1023,0,345,482,305,376,340,305,332,735,713,305,29
354,1023,0,119,1023,0,372,545,305,339,328,305,332,773,760,305,29
471,1023,0,213,1023,0,250,388,305,390,358,305,332,746,722,305,29
444,1023,0,176,1023,0,364,539,305,333,325,305,332,780,760,305,29
256,1023,0,247,1023,0,708,870,305,732,649,305,332,762,733,305,29
410,1023,0,239,1023,0,395,569,305,359,338,305,332,725,698,305,29
1023,1023,0,1023,1023,0,823,952,306,651,509,305,332,942,831,305,29
396,1023,0,221,1023,0,319,476,305,321,316,305,332,737,718,305,29
441,1023,0,175,1023,0,613,808,305,385,350,305,332,793,781,305,29
283,1023,0,251,1023,0,623,792,305,377,343,305,332,750,718,305,29
501,1023,0,214,1023,0,219,369,305,337,325,305,332,752,725,305,29
440,1023,0,218,1023,0,674,864,305,460,405,305,332,775,761,305,29
320,1023,0,96,1023,0,94,332,305,311,315,305,332,746,728,305,29
449,1023,0,249,1023,0,749,929,306,502,429,305,332,806,785,305,29
280,1023,0,118,1023,0,448,657,305,337,319,305,333,752,743,305,29
429,1023,0,167,1023,0,200,365,305,343,336,305,333,748,736,305,29
383,1023,0,334,1023,0,174,355,305,323,318,305,333,776,758,305,29
396,1023,0,107,1023,0,249,400,305,314,311,305,333,748,740,305,29
344,1023,0,195,1023,0,426,598,305,351,330,305,333,770,750,305,29
524,1023,0,260,1023,0,303,444,305,373,349,305,333,779,755,305,29
223,1023,0,123,1023,0,253,418,305,331,329,305,333,738,729,305,29
676,1023,0,414,1023,0,294,403,305,400,348,305,333,777,699,305,29
266,1023,0,247,1023,0,815,989,306,615,547,305,333,724,709,305,29
111,837,0,61,650,0,241,406,305,514,483,305,333,740,720,305,29
375,1023,0,184,1023,0,428,613,305,341,331,305,333,762,737,305,29
607,1023,0,458,1023,0,798,942,306,590,477,305,333,808,768,305,33
483,1023,0,388,1023,0,414,564,305,345,325,305,333,771,728,305,33
305,1023,0,383,1023,0,360,471,305,339,322,305,334,741,688,305,33
353,1023,0,123,1023,0,612,820,305,364,353,305,334,776,765,305,33
400,1023,0,194,1023,0,227,377,305,320,326,305,334,772,762,305,33
788,1023,0,668,1023,0,746,919,306,564,461,305,334,834,791,305,33
924,1023,0,538,1023,0,439,563,305,546,467,305,334,849,788,305,33
434,1023,0,318,1023,0,206,356,305,443,389,305,334,767,740,305,33
567,1023,0,260,1023,0,636,822,305,451,400,305,334,775,751,305,33
557,1023,0,272,1023,0,454,626,305,364,335,305,334,808,774,305,33
368,1023,0,91,955,0,208,375,305,313,312,305,334,720,702,305,33
313,1023,0,201,1023,0,405,565,305,321,315,305,334,726,703,305,33
366,1023,0,277,1023,0,629,809,305,426,369,305,334,727,690,305,33
390,1023,0,171,1023,0,169,339,305,349,334,305,334,716,699,305,33
364,1023,0,126,1023,0,270,409,305,399,365,305,334,759,743,305,33
401,1023,0,162,1023,0,274,434,305,363,343,305,334,750,722,305,33
307,1023,0,253,1023,0,294,419,305,321,313,305,334,777,753,305,33
546,1023,0,416,1023,0,294,420,305,457,398,305,334,811,773,305,33
652,1023,0,295,1023,0,354,463,305,353,326,305,334,790,750,305,33
387,1023,0,211,1023,0,605,798,305,373,350,305,335,739,714,305,33
659,1023,0,214,1023,0,277,402,305,351,330,305,335,795,777,305,33
545,1023,0,299,1023,0,673,846,305,426,364,305,335,683,639,305,33
400,1023,0,176,1023,0,502,701,305,382,358,305,335,771,757,305,33
1023,1023,0,912,1023,0,553,729,305,434,344,305,335,898,807,305,33
395,1023,0,138,1023,0,358,543,305,375,349,305,335,755,744,305,33
368,1023,0,203,1023,0,242,396,305,399,373,305,335,761,744,305,33
362,1023,0,175,1023,0,769,955,306,548,484,305,335,747,712,305,33
368,1023,0,234,1023,0,235,384,305,334,323,305,335,756,742,305,33
1023,1023,0,1023,1023,0,862,1010,306,694,548,305,335,932,827,305,33
361,1023,0,171,1023,0,639,839,305,405,372,305,335,752,735,305,33
469,1023,0,223,1023,0,327,477,305,339,330,305,335,783,769,305,33
382,1023,0,150,1023,0,286,438,305,314,320,305,335,736,726,305,33
588,1023,0,211,1023,0,221,376,305,330,322,305,335,785,754,305,33
453,1023,0,489,1023,0,496,672,305,345,327,305,335,736,699,305,33
383,1023,0,280,1023,0,305,457,305,330,323,305,335,759,738,305,33
393,1023,0,183,1023,0,265,407,305,366,346,305,335,766,738,305,33
402,1023,0,181,1023,0,284,438,305,319,316,305,336,738,729,305,33
338,1023,0,131,1023,0,342,513,305,316,314,305,336,752,743,305,33
316,1023,0,183,1023,0,513,696,305,434,388,305,336,707,685,305,33
447,1023,0,164,1023,0,200,363,305,349,337,305,336,764,753,305,33
539,1023,0,290,1023,0,515,697,305,400,367,305,336,772,753,305,33
343,1023,0,263,1023,0,360,503,305,325,315,305,336,722,690,305,33
296,1023,0,484,1023,0,627,782,305,412,348,305,336,797,718,305,33
489,1023,0,414,1023,0,420,591,305,392,360,305,336,800,775,305,33
347,1023,0,112,1023,0,529,734,305,358,346,305,336,758,741,305,33
384,1023,0,227,1023,0,535,726,305,381,353,305,336,772,758,305,33
366,1023,0,175,1023,0,254,403,305,327,322,305,336,774,764,305,33
485,1023,0,232,1023,0,276,431,305,370,328,305,336,770,759,305,33
420,1023,0,190,1023,0,646,827,305,400,361,305,336,749,710,305,33
416,1023,0,223,1023,0,430,629,305,338,331,305,336,781,762,305,33
447,1023,0,219,1023,0,674,861,305,438,382,305,336,809,787,305,33
469,1023,0,242,1023,0,780,963,306,558,490,305,336,783,764,305,33
676,1023,0,285,1023,0,407,547,305,353,330,305,336,810,750,305,33
399,1023,0,262,1023,0,194,361,305,354,341,305,337,774,741,305,37
364,1023,0,172,1023,0,465,663,305,335,329,305,337,761,740,305,37
430,1023,0,203,1023,0,342,494,305,376,350,305,337,793,780,305,37
405,1023,0,271,1023,0,149,346,305,530,476,305,337,775,751,305,37
338,1023,0,378,1023,0,404,548,305,332,319,305,337,761,708,305,37
308,1023,0,124,1023,0,306,463,305,334,325,305,337,763,754,305,37
214,1023,0,45,540,0,282,457,305,390,389,305,337,553,541,305,37
577,1023,0,296,1023,0,610,822,305,559,479,305,337,812,788,305,37
242,1023,0,189,1023,0,559,761,305,357,341,305,337,623,576,305,37
350,1023,0,158,1023,0,281,430,305,350,336,305,337,752,723,305,37
340,1023,0,184,1023,0,377,554,305,325,320,305,337,781,763,305,37
321,1023,0,120,1023,0,407,596,305,319,320,305,337,753,729,305,37
489,1023,0,238,1023,0,383,545,305,348,340,305,337,774,741,305,37
356,1023,0,265,1023,0,677,854,305,422,372,305,337,762,729,305,37
366,1023,0,241,1023,0,413,574,305,331,322,305,337,706,680,305,37
704,1023,0,353,1023,0,421,558,305,346,330,305,337,809,756,305,37
314,1023,0,142,1023,0,543,745,305,352,332,305,337,761,750,305,37
462,1023,0,357,1023,0,419,585,305,587,509,305,337,806,777,305,37
351,1023,0,193,1023,0,649,849,305,468,425,305,338,776,754,305,37
361,1023,0,133,1023,0,329,495,305,316,317,305,338,767,752,305,37
369,1023,0,180,1023,0,314,465,305,356,337,305,338,770,740,305,37
595,1023,0,268,1023,0,690,870,305,461,393,305,338,839,786,305,37
356,1023,0,253,1023,0,740,914,305,545,459,305,338,800,773,305,37
597,1023,0,303,1023,0,232,376,305,368,348,305,338,776,753,305,37
432,1023,0,230,1023,0,259,408,305,358,345,305,338,771,751,305,37
506,1023,0,316,1023,0,218,366,305,341,328,305,338,753,722,305,37
462,1023,0,180,1023,0,467,658,305,348,328,305,338,746,731,305,37
425,1023,0,205,1023,0,474,651,305,392,354,305,338,727,707,305,37
662,1023,0,503,1023,0,830,969,306,629,516,305,338,840,813,305,37
571,1023,0,368,1023,0,620,802,305,411,368,305,338,790,767,305,37
504,1023,0,262,1023,0,464,632,305,327,326,305,338,781,755,305,37
324,1023,0,181,1023,0,349,506,305,458,421,305,338,771,759,305,37
377,1023,0,415,1023,0,537,687,305,344,326,305,338,756,724,305,37
412,1023,0,134,1023,0,305,467,305,316,319,305,338,773,763,305,37
528,1023,0,181,1023,0,214,362,305,384,358,305,338,784,763,305,37
354,1023,0,139,1023,0,81,326,305,358,348,305,338,715,698,305,37
493,1023,0,295,1023,0,673,858,305,473,410,305,339,821,809,305,37
380,1023,0,190,1023,0,729,915,305,468,417,305,339,706,669,305,37
436,1023,0,221,1023,0,393,572,305,351,334,305,339,763,734,305,37
573,1023,0,327,1023,0,779,955,306,588,495,305,339,785,755,305,37
374,1023,0,191,1023,0,234,385,305,336,325,305,339,767,748,305,37
385,1023,0,135,1023,0,461,659,305,382,360,305,339,768,760,305,37
281,1023,0,323,1023,0,730,883,305,501,403,305,339,790,761,305,37
420,1023,0,160,1023,0,314,451,305,314,316,305,339,784,764,305,37
744,1023,0,438,1023,0,703,885,305,463,392,305,339,814,763,305,37
457,1023,0,280,1023,0,343,483,305,317,317,305,339,739,691,305,37
468,1023,0,266,1023,0,368,529,305,326,321,305,339,772,752,305,37
503,1023,0,215,1023,0,461,647,305,329,324,305,339,754,742,305,37
566,1023,0,284,1023,0,758,935,306,543,464,305,339,837,770,305,37
313,1023,0,281,1023,0,692,865,305,695,619,305,339,754,714,305,37
454,1023,0,295,1023,0,243,373,305,437,387,305,339,779,761,305,37
377,1023,0,294,1023,0,672,851,305,425,371,305,340,757,730,305,37
323,1023,0,116,1023,0,222,390,305,319,320,305,340,768,754,305,37
408,1023,0,194,1023,0,404,545,305,330,321,305,340,790,761,305,37
512,1023,0,348,1023,0,614,793,305,412,366,305,340,712,675,305,37
429,1023,0,179,1023,0,798,984,306,564,506,305,340,767,750,305,37
531,1023,0,223,1023,0,763,940,306,521,444,305,340,759,739,305,37
320,1023,0,102,1023,0,557,764,305,543,498,305,340,810,793,305,37
799,1023,0,804,1023,0,774,946,306,564,454,305,340,839,750,305,37
327,1023,0,142,1023,0,636,840,305,414,378,305,340,752,738,305,41
359,1023,0,217,1023,0,253,382,305,322,315,305,340,705,688,305,41
435,1023,0,176,1023,0,621,814,305,392,361,305,340,767,752,305,41
412,1023,0,182,1023,0,462,651,305,345,330,305,340,763,752,305,41
376,1023,0,150,1023,0,216,384,305,319,315,305,340,731,718,305,41
405,1023,0,158,1023,0,182,354,305,309,311,305,340,767,753,305,41
312,1023,0,162,1023,0,374,539,305,684,629,305,340,773,755,305,41
515,1023,0,446,1023,0,281,415,305,419,374,305,340,754,730,305,41
406,1023,0,169,1023,0,684,872,305,420,380,305,341,774,759,305,41
377,1023,0,321,1023,0,817,980,306,584,496,305,341,723,688,305,41
543,1023,0,240,1023,0,717,896,305,484,421,305,341,776,753,305,41
430,1023,0,238,1023,0,180,337,305,387,362,305,341,771,750,305,41
470,1023,0,215,1023,0,335,478,305,346,333,305,341,753,728,305,41
583,1023,0,304,1023,0,396,534,305,392,351,305,341,827,782,305,41
289,1023,0,104,1023,0,659,860,305,489,439,305,341,733,718,305,41
380,1023,0,197,1023,0,450,634,305,324,323,305,341,757,741,305,41
717,1023,0,306,1023,0,307,404,305,333,321,305,341,823,759,305,41
436,1023,0,226,1023,0,165,352,305,315,314,305,341,740,719,305,41
315,1023,0,131,1023,0,557,769,305,363,347,305,341,752,738,305,41
362,1023,0,159,1023,0,665,867,305,437,396,305,341,772,746,305,41
381,1023,0,357,1023,0,528,698,305,467,403,305,341,774,733,305,41
514,1023,0,441,1023,0,423,571,305,346,330,305,341,772,729,305,41
330,1023,0,267,1023,0,688,875,305,613,544,305,341,782,754,305,41
313,1023,0,290,1023,0,426,590,305,419,376,305,341,738,710,305,41
357,1023,0,137,1023,0,240,395,305,336,322,305,342,772,750,305,41
444,1023,0,206,1023,0,382,544,305,336,322,305,342,766,752,305,41
373,1023,0,213,1023,0,245,385,305,658,637,305,342,783,759,305,41
355,1023,0,110,1023,0,177,358,305,314,314,305,342,758,736,305,41
328,1023,0,170,1023,0,370,538,305,389,362,305,342,740,711,305,41
337,1023,0,173,1023,0,769,950,306,526,463,305,342,707,663,305,41
474,1023,0,254,1023,0,339,481,305,363,344,305,342,776,765,305,41
395,1023,0,280,1023,0,256,401,305,355,346,305,342,773,747,305,41
428,1023,0,208,1023,0,576,769,305,369,350,305,342,722,698,305,41
402,1023,0,179,1023,0,589,792,305,393,367,305,342,764,741,305,41
372,1023,0,137,1023,0,442,625,305,328,319,305,342,764,750,305,41
520,1023,0,289,1023,0,755,923,306,762,696,305,342,822,789,305,41
432,1023,0,188,1023,0,209,369,305,338,333,305,342,738,718,305,41
476,1023,0,321,1023,0,383,549,305,470,414,305,343,779,741,305,41
396,1023,0,196,1023,0,754,945,306,525,465,305,343,773,758,305,41
355,1023,0,110,1023,0,547,755,305,343,331,305,343,763,752,305,41
486,1023,0,305,1023,0,727,915,305,499,440,305,343,782,765,305,41
405,1023,0,155,1023,0,206,372,305,414,386,305,343,767,755,305,41
1010,1023,0,599,1023,0,322,470,305,416,382,305,343,879,820,305,41
434,1023,0,201,1023,0,749,935,306,540,483,305,343,779,762,305,41
398,1023,0,157,1023,0,555,761,305,384,368,305,343,771,763,305,41
486,1023,0,213,1023,0,784,965,306,558,491,305,343,716,698,305,41
527,1023,0,209,1023,0,328,481,305,345,332,305,343,745,729,305,41
439,1023,0,216,1023,0,206,366,305,332,322,305,343,768,747,305,45
419,1023,0,152,1023,0,476,669,305,337,333,305,343,758,736,305,45
403,1023,0,185,1023,0,216,367,305,324,321,305,343,716,702,305,45
361,1023,0,141,1023,0,335,496,305,331,319,305,343,755,745,305,45
397,1023,0,135,1023,0,265,417,305,324,322,305,343,768,749,305,45
380,1023,0,120,1012,0,603,790,305,402,359,305,343,749,725,305,45
351,1023,0,168,1023,0,648,842,305,390,363,305,343,722,684,305,45
363,1023,0,151,1023,0,255,408,305,326,318,305,344,761,750,305,45
251,1023,0,228,1023,0,242,378,305,683,603,305,344,759,731,305,45
433,1023,0,178,1023,0,192,356,305,334,326,305,344,748,723,305,45
371,1023,0,191,1023,0,378,536,305,429,383,305,344,770,752,305,45
384,1023,0,140,1023,0,321,466,305,376,354,305,344,769,752,305,45
347,1023,0,263,1023,0,401,570,305,320,315,305,344,736,711,305,45
319,1023,0,172,1023,0,615,813,305,385,358,305,344,742,725,305,45
416,1023,0,302,1023,0,273,424,305,337,320,305,344,777,758,305,45
364,1023,0,127,1023,0,415,610,305,331,323,305,344,725,714,305,45
311,1023,0,143,1023,0,425,621,305,324,318,305,344,755,736,305,45
408,1023,0,167,1023,0,312,463,305,347,323,305,344,756,727,305,45
418,1023,0,330,1023,0,630,811,305,409,370,305,344,771,757,305,45
528,1023,0,360,1023,0,842,1000,306,615,520,305,344,699,670,305,45
386,1023,0,147,1023,0,407,577,305,374,352,305,344,779,748,305,45
802,1023,0,435,1023,0,744,936,306,510,453,305,344,811,768,305,45
353,1023,0,211,1023,0,268,418,305,338,331,305,344,773,757,305,45
388,1023,0,178,1023,0,752,950,306,505,457,305,344,766,757,305,45
356,1023,0,194,1023,0,527,718,305,338,323,305,345,742,713,305,45
397,1023,0,192,1023,0,640,839,305,402,367,305,345,781,753,305,45
992,1023,0,495,1023,0,890,1023,306,687,628,305,345,859,791,305,45
461,1023,0,248,1023,0,179,350,305,343,337,305,345,738,714,305,45
347,1023,0,308,1023,0,381,522,305,320,319,305,345,751,710,305,45
444,1023,0,250,1023,0,333,496,305,331,323,305,345,785,754,305,45
495,1023,0,335,1023,0,215,372,305,333,321,305,345,764,736,305,45
475,1023,0,332,1023,0,290,440,305,326,322,305,345,789,769,305,45
562,1023,0,361,1023,0,322,442,305,370,343,305,345,787,768,305,45
289,1023,0,249,1023,0,304,450,305,700,608,305,345,747,695,305,45
475,1023,0,165,1023,0,588,767,305,367,341,305,345,759,745,305,45
340,1023,0,343,1023,0,580,763,305,375,340,305,345,737,679,305,45
280,1023,0,321,1023,0,544,707,305,359,334,305,345,721,674,305,45
359,1023,0,207,1023,0,417,609,305,345,339,305,345,758,747,305,45
683,1023,0,409,1023,0,340,431,305,387,337,305,345,828,755,305,45
796,1023,0,511,1023,0,711,851,305,572,485,305,345,851,780,305,45
263,1023,0,114,1023,0,166,350,305,336,331,305,346,714,702,305,45
607,1023,0,593,1023,0,507,673,305,449,391,305,346,773,751,305,45
467,1023,0,233,1023,0,234,378,305,321,315,305,346,701,676,305,45
479,1023,0,198,1023,0,346,477,305,348,328,305,346,774,754,305,45
305,1023,0,270,1023,0,492,669,305,341,336,305,346,701,670,305,45
486,1023,0,203,1023,0,520,716,305,464,373,305,346,859,843,305,45
321,1023,0,138,1023,0,253,408,305,334,330,305,346,761,748,305,45
404,1023,0,128,1023,0,377,547,305,318,321,305,346,715,706,305,45
418,1023,0,376,1023,0,820,997,306,612,551,305,346,761,734,305,45
938,1023,0,588,1023,0,361,448,305,425,341,305,346,870,835,305,45
313,1023,0,142,1023,0,361,538,305,328,322,305,346,741,726,305,45
414,1023,0,176,1023,0,322,466,305,344,334,305,346,759,738,305,45
738,1023,0,526,1023,0,286,373,305,361,330,305,346,819,766,305,45
897,1023,0,1023,1023,0,488,615,305,401,345,305,346,874,823,305,45
506,1023,0,261,1023,0,341,496,305,402,367,305,346,777,762,305,45
627,1023,0,384,1023,0,379,532,305,453,398,305,346,791,772,305,45
337,1023,0,181,1023,0,234,381,305,386,363,305,346,733,712,305,45
369,1023,0,341,1023,0,386,506,305,410,354,305,346,726,690,305,45
464,1023,0,152,1023,0,342,501,305,330,323,305,347,747,739,305,45
462,1023,0,219,1023,0,317,462,305,329,322,305,347,734,701,305,45
438,1023,0,540,1023,0,940,1023,307,735,667,305,347,836,765,305,45
239,1023,0,228,1023,0,441,611,305,352,329,305,347,709,680,305,45
373,1023,0,307,1023,0,631,808,305,426,373,305,347,728,693,305,45
331,1023,0,163,1023,0,736,931,306,492,447,305,347,755,730,305,49
310,1023,0,113,1023,0,174,351,305,359,344,305,347,746,735,305,49
337,1023,0,158,1023,0,321,472,305,391,363,305,347,758,736,305,49
421,1023,0,167,1023,0,367,534,305,325,322,305,347,746,737,305,49
393,1023,0,172,1023,0,396,561,305,346,337,305,347,776,764,305,49
768,1023,0,551,1023,0,285,382,305,368,338,305,347,858,839,305,49
323,1023,0,229,1023,0,794,971,306,764,702,305,347,788,768,305,49
410,1023,0,253,1023,0,235,383,305,377,349,305,347,731,713,305,49
418,1023,0,142,1023,0,431,619,305,336,327,305,347,744,735,305,49
545,1023,0,486,1023,0,235,374,305,474,408,305,347,788,770,305,49
417,1023,0,342,1023,0,474,656,305,433,382,305,347,804,774,305,49
511,1023,0,271,1023,0,255,394,305,334,325,305,347,744,726,305,49
256,876,0,325,1023,0,828,976,306,603,494,305,347,788,705,305,49
364,1023,0,247,1023,0,755,934,306,509,439,305,347,716,690,305,49
374,1023,0,143,1023,0,273,425,305,328,319,305,347,744,716,305,49
375,1023,0,164,1023,0,183,355,305,386,361,305,348,760,748,305,49
314,1023,0,243,1023,0,725,897,305,469,393,305,348,752,735,305,49
421,1023,0,372,1023,0,307,447,305,335,324,305,348,777,736,305,49
629,1023,0,261,1023,0,223,372,305,338,334,305,348,778,756,305,49
396,1023,0,211,1023,0,305,451,305,330,332,305,348,775,755,305,49
374,1023,0,158,1023,0,188,359,305,327,321,305,348,757,731,305,49
636,1023,0,362,1023,0,409,562,305,344,323,305,348,812,763,305,49
354,1023,0,169,1023,0,573,768,305,377,359,305,348,770,751,305,49
902,1023,0,596,1023,0,553,702,305,430,372,305,348,860,813,305,49
403,1023,0,251,1023,0,437,590,305,331,322,305,348,733,719,305,49
459,1023,0,329,1023,0,312,436,305,571,498,305,348,795,758,305,49
374,1023,0,165,1023,0,501,695,305,343,330,305,348,729,717,305,49
460,1023,0,235,1023,0,381,547,305,340,330,305,348,779,762,305,49
426,1023,0,150,1023,0,384,566,305,341,332,305,348,756,745,305,49
384,1023,0,233,1023,0,249,389,305,364,340,305,348,717,690,305,49
337,1023,0,373,1023,0,627,803,305,693,609,305,348,792,754,305,49
404,1023,0,188,1023,0,735,931,306,486,442,305,348,776,749,305,49
561,1023,0,417,1023,0,404,563,305,351,330,305,348,775,750,305,49
485,1023,0,314,1023,0,220,372,305,504,432,305,348,786,745,305,49
276,1023,0,139,1023,0,505,713,305,343,340,305,349,796,782,305,49
408,1023,0,220,1023,0,448,637,305,326,323,305,349,746,732,305,49
387,1023,0,295,1023,0,342,478,305,335,323,305,349,787,754,305,49
478,1023,0,277,1023,0,213,372,305,335,323,305,349,745,716,305,49
440,1023,0,169,1023,0,292,425,305,366,339,305,349,763,745,305,49
464,1023,0,201,1023,0,378,545,305,326,323,305,349,745,732,305,49
406,1023,0,211,1023,0,484,681,305,362,340,305,349,765,747,305,49
444,1023,0,170,1023,0,447,630,305,347,333,305,349,756,743,305,49
517,1023,0,256,1023,0,576,756,305,511,479,305,349,831,816,305,49
512,1023,0,222,1023,0,339,486,305,359,344,305,349,778,761,305,49
386,1023,0,132,1023,0,470,680,305,323,324,305,349,755,731,305,49
288,1023,0,273,1023,0,486,648,305,342,327,305,349,720,681,305,49
444,1023,0,202,1023,0,440,614,305,328,318,305,349,708,690,305,49
518,1023,0,285,1023,0,300,410,305,368,340,305,349,784,757,305,49
338,1023,0,159,1023,0,449,652,305,312,313,305,349,759,746,305,49
336,1023,0,180,1023,0,480,674,305,336,333,305,349,766,742,305,49
293,1023,0,260,1023,0,846,1009,306,644,565,305,349,768,722,305,49
313,1023,0,199,1023,0,559,759,305,433,398,305,349,760,744,305,49
507,1023,0,250,1023,0,262,404,305,392,356,305,349,775,735,305,49
285,1023,0,380,1023,0,852,995,306,654,547,305,350,778,708,305,49
325,1023,0,105,1023,0,681,884,305,428,393,305,350,755,747,305,49
381,1023,0,151,1023,0,713,908,305,464,417,305,350,754,745,305,49
827,1023,0,511,1023,0,817,964,306,620,516,305,350,846,810,305,49
437,1023,0,221,1023,0,270,401,305,321,320,305,350,778,742,305,49
415,1023,0,301,1023,0,404,557,305,334,326,305,350,774,756,305,49
650,1023,0,438,1023,0,745,917,306,519,419,305,350,789,720,305,49
396,1023,0,305,1023,0,379,534,305,483,415,305,350,752,732,305,49
774,1023,0,594,1023,0,650,823,305,422,367,305,350,865,838,305,49
437,1023,0,208,1023,0,403,581,305,332,321,305,350,769,758,305,49
381,1023,0,148,1023,0,211,370,305,344,329,305,350,761,740,305,49
594,1023,0,268,1023,0,677,855,305,426,378,305,350,732,715,305,53
415,1023,0,250,1023,0,219,365,305,399,372,305,350,783,766,305,53
852,1023,0,565,1023,0,769,940,306,576,466,305,350,850,779,305,53
307,1023,0,145,1023,0,777,966,306,546,483,305,350,724,711,305,53
341,1023,0,157,1023,0,270,428,305,360,344,305,351,788,766,305,53
381,1023,0,168,1023,0,214,374,305,599,558,305,351,752,732,305,53
506,1023,0,365,1023,0,435,616,305,343,336,305,351,793,767,305,53
1023,1023,0,811,1023,0,689,885,305,492,425,305,351,914,853,305,53
238,1023,0,168,1023,0,517,710,305,707,661,305,351,748,735,305,53
277,1023,0,156,1023,0,646,855,305,392,372,305,351,769,760,305,53
288,1023,0,115,1023,0,172,361,305,322,318,305,351,755,743,305,53
504,1023,0,297,1023,0,233,377,305,414,378,305,351,755,734,305,53
320,1023,0,200,1023,0,457,651,305,355,338,305,351,772,756,305,53
380,1023,0,317,1023,0,556,735,305,354,334,305,351,793,757,305,53
314,1023,0,107,1023,0,263,420,305,323,321,305,351,750,742,305,53
504,1023,0,251,1023,0,318,473,305,410,375,305,351,784,771,305,53
383,1023,0,119,1023,0,174,357,305,314,318,305,351,721,710,305,53
385,1023,0,141,1023,0,392,568,305,344,337,305,351,744,721,305,53
452,1023,0,277,1023,0,443,610,305,351,338,305,351,750,726,305,53
310,1023,0,213,1023,0,374,533,305,333,327,305,351,702,682,305,53
362,1023,0,134,1023,0,282,432,305,371,350,305,351,730,719,305,53
323,1023,0,133,1023,0,531,736,305,449,420,305,351,747,726,305,53
442,1023,0,220,1023,0,570,756,305,363,340,305,352,724,713,305,53
778,1023,0,461,1023,0,661,856,305,529,469,305,352,834,785,305,53
642,1023,0,385,1023,0,224,377,305,338,328,305,352,807,781,305,53
747,1023,0,554,1023,0,338,484,305,440,372,305,352,778,733,305,53
628,1023,0,359,1023,0,549,720,305,483,413,305,352,796,771,305,53
291,1023,0,204,1023,0,709,886,305,447,387,305,352,720,692,305,53
424,1023,0,159,1023,0,313,464,305,326,321,305,352,766,752,305,53
390,1023,0,164,1023,0,260,405,305,333,326,305,352,749,734,305,53
371,1023,0,265,1023,0,521,703,305,383,348,305,352,768,733,305,53
370,1023,0,258,1023,0,754,931,306,529,456,305,352,752,731,305,53
360,1023,0,171,1023,0,200,354,305,340,332,305,352,773,755,305,53
409,1023,0,296,1023,0,938,1023,307,728,657,305,352,751,698,305,53
369,1023,0,144,1023,0,285,437,305,341,330,305,352,784,773,305,53
318,1023,0,125,1023,0,314,471,305,335,328,305,352,754,738,305,53
425,1023,0,341,1023,0,441,598,305,421,363,305,353,787,742,305,53
608,1023,0,498,1023,0,724,893,305,495,413,305,353,775,743,305,53
453,1023,0,266,1023,0,722,896,305,487,412,305,353,827,799,305,53
272,1023,0,81,870,0,126,335,305,317,314,305,353,745,734,305,53
420,1023,0,184,1023,0,454,642,305,325,317,305,353,716,706,305,58
729,1023,0,575,1023,0,436,585,305,402,359,305,353,806,777,305,58
324,1023,0,104,965,0,266,418,305,326,316,305,353,762,747,305,58
1023,1023,0,459,1023,0,274,384,305,421,357,305,353,858,768,305,58
354,1023,0,286,1023,0,476,636,305,337,319,305,353,740,696,305,58
397,1023,0,187,1023,0,321,475,305,348,335,305,353,774,753,305,58
572,1023,0,248,1023,0,221,369,305,368,345,305,353,769,745,305,58
333,1023,0,202,1023,0,358,504,305,318,319,305,353,640,597,305,58
574,1023,0,222,1023,0,356,503,305,357,337,305,353,774,742,305,58
612,1023,0,299,1023,0,733,903,305,513,435,305,353,832,816,305,58
328,1023,0,146,1023,0,603,804,305,420,388,305,353,725,710,305,58
473,1023,0,290,1023,0,309,474,305,411,375,305,353,787,763,305,58
418,1023,0,218,1023,0,227,381,305,328,321,305,353,740,728,305,58
687,1023,0,414,1023,0,275,378,305,345,324,305,353,838,796,305,58
823,1023,0,472,1023,0,479,665,305,387,357,305,353,844,794,305,58
522,1023,0,270,1023,0,755,924,306,561,471,305,353,788,763,305,58
423,1023,0,292,1023,0,518,692,305,395,357,305,354,738,699,305,58
654,1023,0,541,1023,0,934,1023,307,732,641,305,354,746,714,305,58
545,1023,0,302,1023,0,523,707,305,366,347,305,354,746,712,305,58
377,1023,0,135,1023,0,195,357,305,360,346,305,354,779,759,305,58
703,1023,0,550,1023,0,702,897,305,588,486,305,354,861,819,305,58
313,1023,0,251,1023,0,580,760,305,599,518,305,354,762,729,305,58
504,1023,0,244,1023,0,575,766,305,353,341,305,354,720,683,305,58
624,1023,0,451,1023,0,742,911,305,519,440,305,354,808,793,305,58
354,1023,0,635,1023,0,808,953,306,607,498,305,354,768,714,305,58
399,1023,0,239,1023,0,313,454,305,347,332,305,354,761,749,305,58
412,1023,0,158,1023,0,326,489,305,326,318,305,354,674,653,305,58
309,1023,0,87,952,0,290,445,305,321,318,305,354,716,708,305,58
334,1023,0,442,1023,0,811,960,306,585,473,305,354,747,703,305,58
266,1023,0,106,1023,0,495,708,305,340,325,305,354,728,716,305,58
351,1023,0,134,1023,0,210,365,305,357,349,305,354,763,730,305,58
360,1023,0,167,1023,0,671,864,305,453,410,305,354,739,719,305,58
490,1023,0,278,1023,0,451,637,305,344,328,305,354,793,776,305,58
300,1023,0,154,1023,0,184,356,305,608,560,305,355,759,737,305,58
363,1023,0,421,1023,0,424,566,305,371,339,305,355,854,801,305,58
375,1023,0,324,1023,0,770,942,306,527,444,305,355,715,674,305,58
256,1023,0,314,1023,0,917,1023,307,706,624,305,355,748,685,305,58
445,1023,0,279,1023,0,544,745,305,376,362,305,355,759,743,305,58
487,1023,0,275,1023,0,671,853,305,437,388,305,355,736,705,305,58
310,1023,0,180,1023,0,739,926,306,582,522,305,355,766,745,305,58
367,1023,0,103,1023,0,193,370,305,349,346,305,355,756,739,305,58
266,1023,0,248,1023,0,412,563,305,408,352,305,355,726,701,305,58
329,1023,0,216,1023,0,351,494,305,410,362,305,355,734,681,305,58
1023,1023,0,922,1023,0,365,467,305,439,355,305,355,908,829,305,58
321,1023,0,168,1023,0,513,703,305,379,352,305,355,770,757,305,58
426,1023,0,254,1023,0,605,794,305,431,385,305,356,782,758,305,58
393,1023,0,293,1023,0,458,629,305,332,321,305,356,755,737,305,58
387,1023,0,165,1023,0,325,491,305,348,336,305,356,779,768,305,58
897,1023,0,792,1023,0,613,792,305,533,436,305,356,888,813,305,58
377,1023,0,257,1023,0,265,390,305,384,352,305,356,778,763,305,58
281,1023,0,109,1023,0,269,414,305,347,338,305,356,755,742,305,58
416,1023,0,183,1023,0,512,708,305,383,362,305,356,750,723,305,58
418,1023,0,180,1023,0,656,850,305,437,386,305,356,729,696,305,58
434,1023,0,220,1023,0,317,472,305,332,327,305,356,789,773,305,58
209,1023,0,107,1023,0,309,456,305,416,375,305,356,672,638,305,58
436,1023,0,268,1023,0,278,417,305,329,323,305,356,716,688,305,58
363,1023,0,286,1023,0,638,813,305,597,514,305,356,760,727,305,58
375,1023,0,256,1023,0,483,666,305,351,332,305,356,804,788,305,58
121,1023,0,8,111,0,259,443,305,343,346,305,356,663,660,305,58
350,1023,0,131,1023,0,625,834,305,380,368,305,356,762,751,305,58
447,1023,0,166,1023,0,199,354,305,350,332,305,356,758,729,305,62
466,1023,0,579,1023,0,483,623,305,524,425,305,356,785,747,305,62
313,1023,0,210,1023,0,636,835,305,396,364,305,356,757,739,305,62
391,1023,0,211,1023,0,363,526,305,376,354,305,356,764,739,305,62
371,1023,0,158,1023,0,222,374,305,329,318,305,356,762,749,305,62
465,1023,0,207,1023,0,289,410,305,357,337,305,356,772,753,305,62
398,1023,0,202,1023,0,277,417,305,357,338,305,357,778,756,305,62
426,1023,0,192,1023,0,300,433,305,340,328,305,357,754,728,305,62
626,1023,0,333,1023,0,307,409,305,358,326,305,357,789,774,305,62
360,1023,0,120,1023,0,215,379,305,325,319,305,357,764,752,305,62
346,1023,0,328,1023,0,297,419,305,345,329,305,357,752,702,305,62
868,1023,0,347,1023,0,781,950,306,553,460,305,357,834,784,305,62
314,1023,0,111,1023,0,261,406,305,314,311,305,357,723,713,305,62
394,1023,0,133,1023,0,189,362,305,331,321,305,357,754,744,305,62
1023,1023,0,1023,1023,0,590,736,305,581,474,305,357,902,832,305,62
609,1023,0,525,1023,0,639,834,305,442,394,305,357,849,822,305,62
329,1023,0,183,1023,0,382,566,305,326,322,305,357,765,749,305,62
323,1023,0,258,1023,0,481,662,305,351,336,305,357,724,703,305,62
407,1023,0,161,1023,0,231,377,305,329,320,305,357,758,737,305,62
419,1023,0,338,1023,0,425,586,305,353,336,305,357,727,692,305,62
473,1023,0,305,1023,0,286,415,305,329,318,305,357,742,718,305,62
455,1023,0,486,1023,0,449,586,305,401,356,305,357,765,715,305,62
310,1023,0,160,1023,0,210,368,305,401,375,305,357,764,739,305,62
408,1023,0,219,1023,0,400,561,305,343,330,305,357,710,653,305,62
770,1023,0,337,1023,0,492,680,305,356,328,305,357,825,744,305,62
387,1023,0,159,1023,0,573,771,305,347,330,305,358,807,798,305,62
334,1023,0,191,1023,0,509,718,305,344,338,305,358,747,738,305,62
1023,1023,0,1023,1023,0,766,933,306,672,542,305,358,918,816,305,62
347,1023,0,128,1023,0,682,886,305,421,393,305,358,741,728,305,62
421,1023,0,342,1023,0,470,647,305,428,381,305,358,777,759,305,62
382,1023,0,147,1023,0,297,449,305,327,321,305,358,778,765,305,62
706,1023,0,367,1023,0,336,450,305,626,539,305,358,833,771,305,62
412,1023,0,222,1023,0,360,529,305,383,366,305,358,748,735,305,62
455,1023,0,178,1023,0,537,724,305,415,389,305,358,779,764,305,62
436,1023,0,161,1023,0,353,518,305,337,324,305,358,766,756,305,62
232,1023,0,316,1023,0,781,934,306,630,525,305,358,752,712,305,62
378,1023,0,164,1023,0,174,349,305,355,332,305,358,764,748,305,62
398,1023,0,213,1023,0,301,440,305,343,334,305,358,774,759,305,62
364,1023,0,134,1023,0,372,545,305,329,320,305,358,740,732,305,62
407,1023,0,126,1023,0,185,354,305,332,325,305,359,747,735,305,62
380,1023,0,249,1023,0,605,793,305,382,356,305,359,754,720,305,62
339,1023,0,234,1023,0,471,653,305,687,627,305,359,759,726,305,62
475,1023,0,302,1023,0,389,546,305,323,318,305,359,776,743,305,62
431,1023,0,256,1023,0,419,601,305,338,335,305,359,757,736,305,62
369,1023,0,195,1023,0,588,785,305,369,345,305,359,766,729,305,62
397,1023,0,231,1023,0,204,375,305,347,333,305,359,774,758,305,62
343,1023,0,231,1023,0,386,534,305,311,312,305,359,748,712,305,62
549,1023,0,290,1023,0,530,697,305,396,357,305,359,771,749,305,62
458,1023,0,171,1023,0,265,404,305,344,326,305,359,776,759,305,62
1023,1023,0,708,1023,0,749,902,305,549,425,305,359,843,778,305,62
350,1023,0,192,1023,0,394,575,305,403,374,305,359,764,748,305,62
384,1023,0,143,1023,0,268,413,305,333,327,305,359,750,736,305,62
858,1023,0,402,1023,0,271,391,305,364,332,305,359,814,760,305,62
404,1023,0,171,1023,0,473,674,305,355,336,305,359,778,769,305,62
320,1023,0,446,1023,0,644,807,305,408,358,305,359,741,713,305,62
401,1023,0,211,1023,0,379,559,305,337,324,305,359,788,776,305,62
363,1023,0,126,1023,0,246,392,305,334,324,305,359,764,750,305,62
309,1023,0,152,1023,0,197,369,305,312,315,305,359,731,718,305,66
339,1023,0,149,1023,0,196,361,305,329,323,305,359,775,768,305,66
496,1023,0,161,1023,0,362,530,305,324,320,305,360,675,655,305,66
486,1023,0,314,1023,0,244,377,305,361,340,305,360,721,690,305,66
355,1023,0,136,1023,0,413,595,305,353,333,305,360,767,755,305,66
657,1023,0,463,1023,0,430,597,305,372,349,305,360,777,748,305,66
384,1023,0,131,1023,0,379,562,305,327,321,305,360,708,695,305,66
544,1023,0,458,1023,0,585,776,305,624,565,305,360,799,781,305,66
408,1023,0,312,1023,0,529,706,305,345,325,305,360,694,648,305,66
408,1023,0,288,1023,0,510,700,305,346,329,305,360,770,745,305,66
520,1023,0,314,1023,0,241,389,305,398,349,305,360,777,757,305,66
440,1023,0,227,1023,0,450,641,305,379,360,305,360,754,734,305,66
630,1023,0,410,1023,0,820,956,306,660,527,305,360,821,781,305,66
385,1023,0,172,1023,0,289,444,305,361,345,305,360,775,762,305,66
672,1023,0,346,1023,0,859,1010,306,644,552,305,360,725,702,305,66
429,1023,0,329,1023,0,707,888,305,553,466,305,360,798,772,305,66
368,1023,0,231,1023,0,441,600,305,344,328,305,360,727,702,305,66
273,1023,0,232,1023,0,517,698,305,695,626,305,360,750,715,305,66
417,1023,0,263,1023,0,677,866,305,445,403,305,360,766,742,305,66
428,1023,0,170,1023,0,273,381,305,335,319,305,360,740,726,305,66
381,1023,0,137,1023,0,297,435,305,330,321,305,361,750,731,305,66
411,1023,0,295,1023,0,634,810,305,389,357,305,361,769,745,305,66
585,1023,0,280,1023,0,626,796,305,426,370,305,361,780,752,305,66
300,1023,0,317,1023,0,670,837,305,437,370,305,361,770,713,305,66
367,1023,0,174,1023,0,508,697,305,411,367,305,361,776,748,305,66
481,1023,0,208,1023,0,342,496,305,350,325,305,361,778,760,305,66
447,1023,0,161,1023,0,240,399,305,353,339,305,361,771,744,305,66
407,1023,0,153,1023,0,623,821,305,378,350,305,361,750,728,305,66
391,1023,0,222,1023,0,500,687,305,344,331,305,361,837,815,305,66
526,1023,0,387,1023,0,543,700,305,349,331,305,361,782,755,305,66
356,1023,0,164,1023,0,158,348,305,346,334,305,361,761,746,305,66
385,1023,0,287,1023,0,432,580,305,391,346,305,361,769,736,305,66
623,1023,0,364,1023,0,560,735,305,450,389,305,361,801,763,305,66
419,1023,0,173,1023,0,156,333,305,349,327,305,361,765,741,305,66
371,1023,0,228,1023,0,452,647,305,586,560,305,361,780,764,305,66
449,1023,0,341,1023,0,619,796,305,753,688,305,361,841,816,305,66
328,1023,0,134,1023,0,487,672,305,377,350,305,361,740,724,305,66
1009,1023,0,1023,1023,0,572,765,305,451,377,305,361,917,857,305,66
380,1023,0,189,1023,0,227,381,305,331,330,305,362,751,739,305,66
308,1023,0,156,1023,0,383,552,305,428,366,305,362,767,752,305,66
279,1023,0,134,1023,0,272,426,305,364,346,305,362,750,737,305,66
478,1023,0,298,1023,0,433,592,305,338,326,305,362,817,793,305,70
445,1023,0,225,1023,0,294,440,305,343,330,305,362,789,768,305,70
413,1023,0,180,1023,0,246,395,305,393,362,305,362,771,746,305,70
781,1023,0,495,1023,0,584,756,305,402,349,305,362,775,747,305,70
297,1023,0,327,1023,0,783,945,306,674,590,305,362,751,712,305,70
365,1023,0,196,1023,0,342,503,305,359,343,305,362,771,744,305,70
252,1023,0,408,1023,0,475,630,305,598,501,305,362,834,803,305,70
335,1023,0,218,1023,0,218,380,305,336,327,305,362,770,756,305,70
511,1023,0,248,1023,0,746,927,306,494,429,305,362,662,643,305,70
299,1023,0,265,1023,0,388,542,305,695,619,305,362,760,717,305,70
1023,1023,0,616,1023,0,573,703,305,432,351,305,362,838,773,305,70
654,1023,0,340,1023,0,386,547,305,439,392,305,362,810,788,305,70
278,1023,0,120,1023,0,108,332,305,315,319,305,362,742,730,305,70
467,1023,0,296,1023,0,649,818,305,399,346,305,362,772,748,305,70
371,1023,0,193,1023,0,690,883,305,435,392,305,363,758,720,305,70
572,1023,0,285,1023,0,672,866,305,434,376,305,363,821,750,305,70
469,1023,0,156,1023,0,741,927,306,498,442,305,363,754,740,305,70
475,1023,0,280,1023,0,230,384,305,342,328,305,363,730,708,305,70
1023,1023,0,1023,1023,0,811,978,306,653,509,305,363,925,838,305,70
481,1023,0,246,1023,0,485,679,305,357,334,305,363,766,755,305,70
397,1023,0,221,1023,0,429,610,305,326,318,305,363,733,717,305,70
530,1023,0,263,1023,0,408,599,305,349,334,305,363,831,813,305,70
415,1023,0,199,1023,0,393,582,305,345,324,305,363,761,747,305,70
606,1023,0,336,1023,0,455,653,305,357,337,305,363,847,823,305,70
426,1023,0,172,1023,0,205,372,305,318,323,305,363,712,693,305,70
463,1023,0,411,1023,0,476,639,305,345,331,305,363,773,711,305,70
524,1023,0,229,1023,0,751,927,306,521,442,305,363,823,810,305,70
341,1023,0,340,1023,0,762,924,306,513,425,305,363,689,644,305,70
532,1023,0,295,1023,0,398,551,305,541,449,305,363,812,782,305,70
295,1023,0,344,1023,0,749,906,305,617,508,305,363,813,789,305,70
738,1023,0,372,1023,0,496,628,305,477,395,305,363,816,736,305,70
363,1023,0,134,1023,0,203,368,305,341,333,305,363,765,737,305,70
373,1023,0,276,1023,0,318,435,305,334,323,305,364,745,709,305,70
668,1023,0,511,1023,0,510,668,305,354,336,305,364,815,785,305,70
522,1023,0,400,1023,0,459,611,305,396,343,305,364,790,750,305,70
460,1023,0,367,1023,0,737,909,305,490,416,305,364,814,789,305,70
260,1023,0,106,1023,0,541,747,305,378,358,305,364,594,553,305,70
389,1023,0,168,1023,0,306,464,305,351,339,305,364,761,738,305,70
348,1023,0,145,1023,0,170,352,305,322,323,305,364,696,684,305,70
423,1023,0,148,1023,0,348,516,305,325,320,305,364,751,730,305,70
598,1023,0,446,1023,0,332,448,305,423,358,305,364,851,813,305,70
212,990,0,201,1023,0,295,417,305,594,503,305,364,743,709,305,70
328,1023,0,239,1023,0,658,831,305,456,391,305,364,718,682,305,70
389,1023,0,154,1023,0,357,523,305,340,328,305,364,763,751,305,70
330,1023,0,151,1023,0,404,601,305,352,343,305,364,740,714,305,70
329,1023,0,157,1023,0,271,419,305,333,330,305,364,747,730,305,70
339,1023,0,169,1023,0,235,382,305,460,406,305,364,740,721,305,70
339,1023,0,92,900,0,151,347,305,312,311,305,364,743,734,305,70
418,1023,0,260,1023,0,441,614,305,409,373,305,365,809,793,305,74
321,1023,0,103,1023,0,197,367,305,317,313,305,365,740,723,305,74
296,1023,0,250,1023,0,314,451,305,365,343,305,365,717,694,305,74
490,1023,0,222,1023,0,509,692,305,344,336,305,365,754,730,305,74
421,1023,0,265,1023,0,217,369,305,331,323,305,365,707,692,305,74
466,1023,0,422,1023,0,471,633,305,429,367,305,365,788,758,305,74
580,1023,0,316,1023,0,272,378,305,374,345,305,365,808,772,305,74
458,1023,0,251,1023,0,552,742,305,443,397,305,365,771,747,305,74
421,1023,0,310,1023,0,299,422,305,332,323,305,365,721,695,305,74
407,1023,0,187,1023,0,207,356,305,352,332,305,365,755,732,305,74
664,1023,0,700,1023,0,371,421,305,396,350,305,365,794,705,305,74
396,1023,0,267,1023,0,596,786,305,383,352,305,365,759,731,305,74
397,1023,0,174,1023,0,375,550,305,340,331,305,365,765,744,305,74
304,1023,0,122,1023,0,392,585,305,366,351,305,365,773,757,305,74
442,1023,0,266,1023,0,281,426,305,361,338,305,366,773,754,305,74
398,1023,0,146,1023,0,182,355,305,319,322,305,366,761,750,305,74
404,1023,0,259,1023,0,429,604,305,424,377,305,366,779,748,305,74
442,1023,0,204,1023,0,397,570,305,362,342,305,366,793,771,305,74
357,1023,0,222,1023,0,300,446,305,319,317,305,366,769,756,305,74
480,1023,0,231,1023,0,263,411,305,351,339,305,366,720,699,305,74
373,1023,0,140,1023,0,524,726,305,360,341,305,366,721,693,305,74
382,1023,0,142,1023,0,241,390,305,348,329,305,366,750,725,305,74
891,1023,0,424,1023,0,408,534,305,367,332,305,366,864,773,305,74
410,1023,0,197,1023,0,245,394,305,419,388,305,366,772,751,305,74
370,1023,0,140,1023,0,549,752,305,354,338,305,366,771,759,305,74
984,1023,0,687,1023,0,341,429,305,465,384,305,366,886,842,305,74
436,1023,0,212,1023,0,707,892,305,447,397,305,366,644,619,305,74
426,1023,0,206,1023,0,246,401,305,339,331,305,366,769,755,305,74
404,1023,0,186,1023,0,270,404,305,335,324,305,366,738,712,305,74
932,1023,0,865,1023,0,814,988,306,633,547,305,366,841,758,305,74
278,1023,0,222,1023,0,369,535,305,335,317,305,366,744,702,305,74
460,1023,0,214,1023,0,241,369,305,361,344,305,366,772,748,305,74
364,1023,0,186,1023,0,729,925,306,470,427,305,366,768,751,305,74
530,1023,0,302,1023,0,365,521,305,346,337,305,367,767,741,305,74
340,1023,0,145,1023,0,223,384,305,372,352,305,367,757,735,305,74
382,1023,0,304,1023,0,409,558,305,597,518,305,367,745,720,305,74
418,1023,0,172,1023,0,254,399,305,361,347,305,367,748,717,305,74
473,1023,0,442,1023,0,348,478,305,337,320,305,367,772,748,305,74
422,1023,0,194,1023,0,385,556,305,328,326,305,367,761,743,305,74
506,1023,0,276,1023,0,501,682,305,373,341,305,367,770,754,305,74
376,1023,0,225,1023,0,461,633,305,329,322,305,367,719,688,305,74
365,1023,0,143,1023,0,230,382,305,332,321,305,367,769,749,305,74
765,1023,0,330,1023,0,358,468,305,357,329,305,367,831,780,305,74
489,1023,0,384,1023,0,215,364,305,350,331,305,367,766,739,305,74
402,1023,0,167,1023,0,569,769,305,376,350,305,367,764,753,305,74
338,1023,0,191,1023,0,171,356,305,321,316,305,367,778,752,305,74
444,1023,0,328,1023,0,718,879,305,488,401,305,367,731,704,305,74
391,1023,0,267,1023,0,315,454,305,326,324,305,367,789,770,305,74
499,1023,0,201,1023,0,622,811,305,387,356,305,367,754,739,305,74
439,1023,0,227,1023,0,744,930,306,537,465,305,368,765,742,305,74
277,1023,0,319,1023,0,237,371,305,448,388,305,368,779,755,305,74
352,1023,0,225,1023,0,324,468,305,327,324,305,368,712,681,305,74
319,1023,0,138,1023,0,743,937,306,493,446,305,368,754,745,305,74
508,1023,0,330,1023,0,558,729,305,516,444,305,368,809,789,305,74
337,1023,0,250,1023,0,223,374,305,735,660,305,368,766,736,305,74
328,1023,0,124,1023,0,183,358,305,339,335,305,368,731,708,305,78
488,1023,0,265,1023,0,547,719,305,362,344,305,368,754,707,305,78
334,1023,0,185,1023,0,752,950,306,506,460,305,368,757,741,305,78
306,1023,0,198,1023,0,373,497,305,547,459,305,368,718,700,305,78
405,1023,0,360,1023,0,835,969,306,624,499,305,368,832,793,305,78
394,1023,0,177,1023,0,470,671,305,329,324,305,368,766,754,305,78
464,1023,0,203,1023,0,226,370,305,332,331,305,368,767,729,305,78
596,1023,0,340,1023,0,374,509,305,351,335,305,368,786,761,305,78
400,1023,0,156,1023,0,205,364,305,452,405,305,368,758,737,305,78
329,1023,0,210,1023,0,533,705,305,330,324,305,368,721,698,305,78
355,1023,0,201,1023,0,389,562,305,335,321,305,368,734,720,305,78
469,1023,0,502,1023,0,427,569,305,348,327,305,368,770,724,305,78
371,1023,0,146,1023,0,333,475,305,419,374,305,368,771,745,305,78
762,1023,0,732,1023,0,301,435,305,411,364,305,369,790,752,305,78
354,1023,0,452,1023,0,869,1018,306,653,560,305,369,806,766,305,78
463,1023,0,295,1023,0,407,561,305,363,341,305,369,819,782,305,78
255,1023,0,267,1023,0,393,526,305,328,322,305,369,670,625,305,78
419,1023,0,200,1023,0,246,399,305,355,342,305,369,755,739,305,78
339,1023,0,119,1023,0,251,401,305,322,319,305,369,753,742,305,78
341,1023,0,190,1023,0,940,1023,306,728,672,305,369,671,655,305,78
342,1023,0,155,1023,0,258,401,305,330,324,305,369,763,754,305,78
417,1023,0,306,1023,0,569,761,305,358,346,305,369,768,745,305,78
370,1023,0,155,1023,0,350,519,305,341,328,305,369,772,760,305,78
279,1023,0,330,1023,0,802,959,306,571,473,305,369,740,709,305,78
328,1023,0,156,1023,0,205,359,305,405,367,305,369,740,718,305,78
413,1023,0,208,1023,0,220,367,305,374,350,305,369,771,749,305,78
597,1023,0,414,1023,0,345,516,305,355,342,305,370,810,791,305,78
342,1023,0,145,1023,0,245,390,305,458,409,305,370,759,733,305,78
359,1023,0,200,1023,0,704,898,305,460,409,305,370,766,747,305,78
628,1023,0,465,1023,0,494,665,305,364,333,305,370,760,729,305,78
418,1023,0,149,1023,0,507,711,305,349,339,305,370,740,721,305,78
555,1023,0,257,1023,0,453,635,305,363,329,305,370,787,766,305,78
396,1023,0,123,1023,0,625,826,305,385,361,305,370,771,761,305,78
388,1023,0,278,1023,0,651,827,305,516,429,305,370,720,678,305,78
352,1023,0,173,1023,0,746,917,306,519,439,305,370,742,724,305,78
511,1023,0,242,1023,0,516,699,305,477,427,305,370,786,750,305,78
323,1023,0,288,1023,0,856,1009,306,644,551,305,370,718,678,305,78
359,1023,0,140,1023,0,147,350,305,355,332,305,370,767,751,305,78
320,1023,0,112,1023,0,497,701,305,379,352,305,370,764,756,305,78
231,1023,0,92,727,0,305,428,305,588,496,305,370,552,478,305,78
386,1023,0,241,1023,0,264,387,305,413,370,305,370,759,725,305,78
404,1023,0,217,1023,0,664,857,305,447,408,305,370,755,744,305,78
436,1023,0,292,1023,0,372,525,305,418,374,305,370,758,736,305,78
380,1023,0,210,1023,0,251,390,305,326,317,305,370,777,766,305,78
358,1023,0,421,1023,0,871,1010,307,658,546,305,370,802,748,305,78
514,1023,0,266,1023,0,387,550,305,344,327,305,371,777,752,305,78
732,1023,0,390,1023,0,277,396,305,356,328,305,371,819,771,305,78
631,1023,0,482,1023,0,290,414,305,390,356,305,371,835,811,305,78
418,1023,0,303,1023,0,676,852,305,594,496,305,371,784,763,305,78
637,1023,0,391,1023,0,663,836,305,434,378,305,371,822,793,305,78
396,1023,0,141,1023,0,566,768,305,349,341,305,371,768,757,305,78
240,1023,0,306,1023,0,770,929,306,679,591,305,371,772,728,305,78
470,1023,0,210,1023,0,158,342,305,346,333,305,371,738,706,305,78
327,1023,0,142,1023,0,497,707,305,351,338,305,371,744,727,305,78
656,1023,0,496,1023,0,780,930,306,646,554,305,371,793,761,305,78
444,1023,0,195,1023,0,369,531,305,344,336,305,371,775,745,305,78
963,1023,0,779,1023,0,317,426,305,414,344,305,371,881,812,305,78
334,1023,0,202,1023,0,342,496,305,342,331,305,371,769,751,305,78
492,1023,0,457,1023,0,378,512,305,374,342,305,371,791,762,305,78
452,1023,0,162,1023,0,404,576,305,342,326,305,371,740,728,305,78
301,1023,0,213,1023,0,452,653,305,386,361,305,371,778,767,305,78
361,1023,0,355,1023,0,369,529,305,503,439,305,371,768,750,305,82
421,1023,0,218,1023,0,210,376,305,331,323,305,371,731,719,305,82
303,1023,0,107,1023,0,372,537,305,329,315,305,371,742,727,305,82
374,1023,0,168,1023,0,614,804,305,411,368,305,371,771,756,305,82
411,1023,0,139,1023,0,261,404,305,332,321,305,371,762,749,305,82
485,1023,0,330,1023,0,383,539,305,402,367,305,372,766,741,305,82
648,1023,0,734,1023,0,467,639,305,420,371,305,372,876,848,305,82
415,1023,0,190,1023,0,489,681,305,362,335,305,372,740,712,305,82
397,1023,0,221,1023,0,303,454,305,438,389,305,372,774,753,305,82
424,1023,0,242,1023,0,175,348,305,348,335,305,372,759,731,305,82
674,1023,0,506,1023,0,758,904,305,753,657,305,372,809,752,305,82
330,1023,0,120,1023,0,184,352,305,357,332,305,372,746,730,305,82
555,1023,0,262,1023,0,248,379,305,363,341,305,372,807,788,305,82
409,1023,0,198,1023,0,430,621,305,342,326,305,372,751,739,305,82
510,1023,0,373,1023,0,655,827,305,407,361,305,372,762,732,305,82
482,1023,0,330,1023,0,218,372,305,475,429,305,372,768,745,305,82
430,1023,0,209,1023,0,463,654,305,332,330,305,372,744,724,305,82
479,1023,0,203,1023,0,211,359,305,337,328,305,372,745,722,305,82
529,1023,0,282,1023,0,255,382,305,377,338,305,372,734,711,305,82
642,1023,0,385,1023,0,596,753,305,427,357,305,373,838,777,305,82
421,1023,0,168,1023,0,362,521,305,329,324,305,373,764,754,305,82
447,1023,0,216,1023,0,772,954,306,537,471,305,373,717,697,305,82
358,1023,0,137,1023,0,543,738,305,415,378,305,373,777,763,305,82
529,1023,0,195,1023,0,572,765,305,375,349,305,373,776,759,305,82
344,1023,0,147,1023,0,291,437,305,387,369,305,373,749,727,305,82
1023,1023,0,1023,1023,0,826,988,306,664,567,305,373,949,874,305,82
373,1023,0,164,1023,0,200,365,305,330,317,305,373,757,745,305,82
579,1023,0,341,1023,0,445,609,305,331,321,305,373,779,743,305,82
483,1023,0,209,1023,0,358,517,305,416,384,305,373,785,774,305,82
366,1023,0,277,1023,0,643,842,305,403,371,305,373,776,759,305,82
512,1023,0,255,1023,0,456,624,305,356,338,305,373,737,717,305,82
302,1023,0,330,1023,0,507,666,305,401,349,305,373,750,709,305,82
345,1023,0,141,1023,0,413,607,305,333,324,305,373,759,745,305,82
277,1023,0,222,1023,0,722,919,305,609,559,305,374,769,750,305,82
332,1023,0,167,1023,0,253,393,305,323,318,305,374,737,722,305,82
478,1023,0,215,1023,0,465,648,305,356,334,305,374,713,692,305,82
661,1023,0,429,1023,0,455,636,305,361,335,305,374,835,794,305,82
560,1023,0,284,1023,0,704,894,305,582,519,305,374,834,811,305,82
427,1023,0,157,1023,0,463,652,305,372,353,305,374,757,742,305,82
692,1023,0,377,1023,0,746,922,306,521,452,305,374,679,645,305,82
418,1023,0,175,1023,0,299,434,305,341,330,305,374,766,731,305,82
503,1023,0,273,1023,0,383,539,305,346,332,305,374,740,715,305,86
341,1023,0,376,1023,0,732,900,305,768,694,305,374,780,752,305,86
602,1023,0,389,1023,0,545,719,305,442,381,305,374,834,814,305,86
483,1023,0,422,1023,0,260,424,305,420,372,305,374,764,751,305,86
416,1023,0,216,1023,0,600,779,305,400,357,305,374,764,734,305,86
457,1023,0,228,1023,0,716,901,305,490,431,305,374,782,763,305,86
378,1023,0,214,1023,0,233,383,305,326,320,305,374,757,746,305,86
371,1023,0,130,1023,0,592,795,305,398,370,305,374,759,737,305,86
499,1023,0,236,1023,0,314,479,305,390,359,305,374,769,738,305,86
464,1023,0,188,1023,0,223,376,305,336,324,305,374,733,702,305,86
490,1023,0,254,1023,0,298,433,305,373,351,305,374,780,759,305,86
416,1023,0,309,1023,0,398,563,305,389,357,305,375,773,730,305,86
320,1023,0,282,1023,0,235,399,305,343,339,305,375,790,777,305,86
592,1023,0,386,1023,0,475,657,305,369,354,305,375,735,713,305,86
688,1023,0,735,1023,0,777,934,306,620,514,305,375,798,754,305,86
483,1023,0,361,1023,0,423,583,305,341,325,305,375,752,731,305,86
344,1023,0,279,1023,0,478,645,305,349,329,305,375,728,703,305,86
688,1023,0,545,1023,0,315,417,305,399,350,305,375,797,741,305,86
366,1023,0,168,1023,0,301,437,305,358,340,305,375,762,741,305,86
326,1023,0,98,896,0,219,377,305,322,312,305,375,744,730,305,86
365,1023,0,209,1023,0,286,440,305,351,334,305,375,765,747,305,86
522,1023,0,240,1023,0,553,747,305,341,329,305,375,803,781,305,86
417,1023,0,213,1023,0,296,444,305,365,346,305,375,763,744,305,86
479,1023,0,419,1023,0,445,612,305,391,357,305,375,759,730,305,86
350,1023,0,240,1023,0,784,958,306,547,466,305,375,722,701,305,86
322,1023,0,176,1023,0,478,676,305,365,352,305,375,761,745,305,86
340,1023,0,215,1023,0,236,380,305,694,632,305,375,765,741,305,86
323,1023,0,117,1023,0,294,442,305,330,320,305,375,749,738,305,86
215,1023,0,207,1023,0,594,772,305,747,681,305,375,742,714,305,86
724,1023,0,516,1023,0,542,689,305,647,558,305,376,845,758,305,86
407,1023,0,167,1023,0,292,421,305,364,346,305,376,743,730,305,86
331,1023,0,99,1018,0,151,342,305,340,324,305,376,746,736,305,86
901,1023,0,642,1023,0,306,405,305,362,327,305,376,866,843,305,86
297,1023,0,305,1023,0,673,822,305,643,539,305,376,803,775,305,86
355,1023,0,230,1023,0,321,462,305,345,333,305,376,733,694,305,86
487,1023,0,439,1023,0,579,745,305,433,373,305,376,823,743,305,86
435,1023,0,237,1023,0,531,719,305,366,342,305,376,757,737,305,86
822,1023,0,367,1023,0,249,380,305,354,333,305,376,809,738,305,86
288,1023,0,93,1023,0,206,379,305,315,314,305,376,744,739,305,86
467,1023,0,220,1023,0,183,356,305,387,361,305,376,765,740,305,86
301,1023,0,170,1023,0,568,761,305,376,346,305,376,768,752,305,86
388,1023,0,132,1023,0,272,419,305,317,312,305,376,771,744,305,86
578,1023,0,367,1023,0,611,793,305,473,405,305,376,821,793,305,86
613,1023,0,386,1023,0,741,923,306,524,445,305,376,836,791,305,86
514,1023,0,259,1023,0,182,338,305,419,376,305,376,779,748,305,86
421,1023,0,212,1023,0,280,419,305,337,327,305,376,770,755,305,86
1023,1023,0,709,1023,0,355,450,305,433,356,305,377,876,816,305,86
375,1023,0,175,1023,0,330,494,305,344,336,305,377,763,747,305,86
407,1023,0,212,1023,0,571,767,305,429,388,305,377,798,782,305,86
391,1023,0,377,1023,0,365,465,305,377,348,305,377,783,759,305,86
292,1023,0,269,1023,0,328,457,305,420,367,305,377,740,722,305,86
365,1023,0,142,1023,0,200,361,305,338,330,305,377,748,733,305,86
299,1023,0,160,1023,0,350,517,305,333,321,305,377,758,744,305,86
394,1023,0,146,1023,0,198,362,305,333,339,305,377,777,764,305,86
332,1023,0,175,1023,0,201,365,305,338,331,305,377,763,754,305,90
452,1023,0,275,1023,0,722,906,305,489,423,305,377,786,743,305,90
309,1023,0,329,1023,0,580,749,305,426,369,305,377,767,716,305,90
319,1023,0,120,1023,0,380,563,305,323,329,305,377,719,693,305,90
336,1023,0,132,1023,0,677,880,305,426,399,305,377,750,734,305,90
706,1023,0,479,1023,0,496,662,305,419,360,305,377,832,755,305,90
405,1023,0,145,1023,0,197,349,305,320,315,305,377,750,739,305,90
364,1023,0,244,1023,0,765,945,306,696,634,305,377,728,707,305,90
673,1023,0,516,1023,0,461,590,305,431,364,305,377,851,813,305,90
627,1023,0,346,1023,0,324,421,305,359,332,305,378,822,794,305,90
364,1023,0,135,1023,0,260,412,305,328,323,305,378,745,730,305,90
356,1023,0,130,1023,0,560,767,305,374,350,305,378,726,713,305,90
473,1023,0,293,1023,0,391,562,305,368,348,305,378,776,759,305,90
422,1023,0,215,1023,0,378,542,305,353,331,305,378,730,714,305,90
458,1023,0,193,1023,0,703,901,305,464,414,305,378,764,747,305,90
310,1023,0,145,1023,0,601,808,305,363,346,305,378,778,761,305,90
369,1023,0,155,1023,0,316,479,305,400,368,305,378,758,742,305,90
327,1023,0,153,1023,0,228,380,305,330,320,305,378,765,752,305,90
618,1023,0,181,1023,0,327,450,305,350,327,305,378,760,734,305,90
1023,1023,0,932,1023,0,738,929,306,605,517,305,378,892,825,305,90
298,1023,0,98,1023,0,371,558,305,331,323,305,379,758,742,305,90
523,1023,0,174,1023,0,525,718,305,352,333,305,379,766,747,305,90
409,1023,0,242,1023,0,227,387,305,394,364,305,379,777,763,305,90
840,1023,0,556,1023,0,328,456,305,587,492,305,379,822,771,305,90
466,1023,0,231,1023,0,484,665,305,334,324,305,379,774,762,305,90
417,1023,0,399,1023,0,654,832,305,410,369,305,379,775,754,305,90
594,1023,0,320,1023,0,368,498,305,384,345,305,379,829,798,305,90
431,1023,0,170,1023,0,226,390,305,339,329,305,379,758,743,305,90
407,1023,0,167,1023,0,598,797,305,384,353,305,379,756,726,305,90
275,1023,0,125,1023,0,240,402,305,311,311,305,379,738,728,305,90
495,1023,0,144,1023,0,523,713,305,357,336,305,379,761,750,305,90
394,1023,0,198,1023,0,858,1023,306,641,596,305,379,770,756,305,90
387,1023,0,143,1023,0,219,367,305,330,324,305,379,753,734,305,90
488,1023,0,172,1023,0,486,667,305,412,367,305,379,761,742,305,90
435,1023,0,210,1023,0,481,680,305,335,326,305,379,762,753,305,90
351,1023,0,337,1023,0,720,890,305,466,392,305,379,753,708,305,90
413,1023,0,380,1023,0,298,427,305,438,380,305,380,809,783,305,90
418,1023,0,194,1023,0,124,339,305,323,319,305,380,777,756,305,95
581,1023,0,278,1023,0,429,595,305,369,343,305,380,823,801,305,95
391,1023,0,202,1023,0,769,947,306,523,452,305,380,764,718,305,95
467,1023,0,372,1023,0,238,370,305,471,416,305,380,776,751,305,95
342,1023,0,268,1023,0,607,776,305,385,352,305,380,780,754,305,95
435,1023,0,244,1023,0,279,420,305,339,331,305,380,800,787,305,95
389,1023,0,187,1023,0,343,499,305,348,337,305,380,771,750,305,95
316,1023,0,148,1023,0,271,417,305,336,329,305,380,776,759,305,95
370,1023,0,154,1023,0,469,669,305,360,344,305,380,749,738,305,95
342,1023,0,110,1023,0,275,427,305,319,321,305,380,754,737,305,95
438,1023,0,249,1023,0,258,410,305,426,385,305,380,780,762,305,95
378,1023,0,637,1023,0,665,825,305,411,352,305,380,870,816,305,95
587,1023,0,231,1023,0,354,502,305,391,356,305,380,780,764,305,95
364,1023,0,160,1023,0,640,834,305,428,391,305,380,762,745,305,95
377,1023,0,226,1023,0,371,537,305,389,361,305,380,740,719,305,95
362,1023,0,125,1023,0,408,597,305,332,327,305,381,766,756,305,95
295,1023,0,153,1023,0,513,719,305,329,323,305,381,746,735,305,95
485,1023,0,269,1023,0,449,621,305,385,354,305,381,742,701,305,95
430,1023,0,133,1023,0,332,491,305,329,325,305,381,740,721,305,95
447,1023,0,353,1023,0,576,755,305,388,352,305,381,795,767,305,95
333,1023,0,192,1023,0,503,698,305,343,331,305,381,740,721,305,95
392,1023,0,342,1023,0,337,451,305,324,318,305,381,746,703,305,95
418,1023,0,310,1023,0,629,812,305,391,359,305,381,747,726,305,95
495,1023,0,483,1023,0,420,589,305,386,353,305,381,815,794,305,95
493,1023,0,395,1023,0,485,660,305,341,327,305,381,774,753,305,95
400,1023,0,174,1023,0,213,375,305,353,333,305,381,763,749,305,95
355,1023,0,313,1023,0,405,548,305,432,373,305,381,829,789,305,95
328,1023,0,148,1023,0,202,365,305,312,314,305,381,773,765,305,95
477,1023,0,317,1023,0,216,377,305,364,344,305,381,791,767,305,95
319,1023,0,132,1023,0,418,616,305,328,323,305,381,755,738,305,95
403,1023,0,202,1023,0,719,914,305,560,512,305,381,797,776,305,95
294,1023,0,92,977,0,378,570,305,322,322,305,381,756,748,305,95
426,1023,0,206,1023,0,357,528,305,330,328,305,381,738,715,305,95
349,1023,0,137,1023,0,559,763,305,364,344,305,382,744,730,305,95
482,1023,0,221,1023,0,383,563,305,328,331,305,382,766,732,305,95
747,1023,0,475,1023,0,439,591,305,372,331,305,382,770,732,305,95
346,1023,0,182,1023,0,255,404,305,328,320,305,382,751,729,305,95
303,1023,0,218,1023,0,707,892,305,477,415,305,382,732,697,305,95
431,1023,0,164,1023,0,671,861,305,424,381,305,382,771,751,305,95
426,1023,0,251,1023,0,419,550,305,330,322,305,382,759,736,305,95
458,1023,0,434,1023,0,422,583,305,406,364,305,382,786,760,305,95
364,1023,0,253,1023,0,386,539,305,508,435,305,382,730,710,305,95
226,1023,0,98,1023,0,326,499,305,313,312,305,382,742,731,305,95
423,1023,0,352,1023,0,411,580,305,426,380,305,382,811,788,305,95
297,1023,0,117,1023,0,421,619,305,327,318,305,382,746,734,305,95
232,1023,0,283,1023,0,483,651,305,700,626,305,382,736,683,305,95
576,1023,0,370,1023,0,382,532,305,396,353,305,382,824,797,305,95
367,1023,0,119,1023,0,312,472,305,319,318,305,382,742,722,305,95
349,1023,0,115,1023,0,322,493,305,313,314,305,382,750,739,305,95
394,1023,0,141,1023,0,546,750,305,347,338,305,383,778,765,305,95
369,1023,0,145,1023,0,188,366,305,331,327,305,383,752,731,305,95
446,1023,0,196,1023,0,735,924,306,476,428,305,383,774,754,305,95
470,1023,0,269,1023,0,199,364,305,334,322,305,383,796,763,305,95
268,1023,0,101,1023,0,316,489,305,315,316,305,383,731,719,305,95
351,1023,0,171,1023,0,319,472,305,448,401,305,383,760,748,305,95
378,1023,0,114,1023,0,636,841,305,392,371,305,383,749,730,305,95
308,1023,0,146,1023,0,296,460,305,348,342,305,383,744,734,305,95
321,1023,0,117,1023,0,300,473,305,323,317,305,383,759,740,305,95
359,1023,0,167,1023,0,475,656,305,433,383,305,383,717,694,305,95
316,1023,0,238,1023,0,390,538,305,359,333,305,383,766,723,305,95
244,1023,0,151,1023,0,252,398,305,317,314,305,383,684,656,305,95
540,1023,0,234,1023,0,251,382,305,328,328,305,383,764,727,305,95
308,1023,0,199,1023,0,294,427,305,509,448,305,383,754,735,305,95
356,1023,0,167,1023,0,240,389,305,332,333,305,383,777,758,305,95
828,1023,0,952,1023,0,410,583,305,471,425,305,383,859,834,305,95
529,1023,0,225,1023,0,172,351,305,351,333,305,383,756,734,305,99
474,1023,0,180,1023,0,246,403,305,346,334,305,383,760,747,305,99
442,1023,0,199,1023,0,283,395,305,704,636,305,383,790,754,305,99
330,1023,0,343,1023,0,422,565,305,328,323,305,384,723,697,305,99
282,1023,0,91,977,0,194,371,305,385,372,305,384,725,714,305,99
305,1023,0,304,1023,0,466,635,305,373,340,305,384,739,704,305,99
361,1023,0,117,1023,0,691,893,305,436,401,305,384,719,701,305,99
320,1023,0,126,1023,0,624,832,305,419,390,305,384,762,752,305,99
433,1023,0,212,1023,0,258,391,305,356,334,305,384,765,744,305,99
472,1023,0,215,1023,0,625,817,305,375,348,305,384,794,779,305,99
465,1023,0,209,1023,0,315,427,305,361,329,305,384,775,745,305,99
449,1023,0,150,1023,0,224,376,305,338,324,305,384,772,755,305,99
399,1023,0,142,1023,0,137,338,305,370,355,305,384,747,735,305,99
451,1023,0,238,1023,0,223,376,305,325,325,305,384,746,730,305,99
404,1023,0,237,1023,0,636,828,305,378,348,305,384,713,694,305,99
398,1023,0,199,1023,0,288,429,305,321,314,305,384,632,608,305,99
313,1023,0,165,1023,0,200,371,305,350,336,305,384,745,723,305,99
509,1023,0,441,1023,0,268,403,305,373,341,305,384,739,709,305,99
339,1023,0,111,1023,0,238,388,305,332,329,305,385,737,722,305,99
305,1023,0,149,1023,0,445,651,305,321,322,305,385,746,731,305,99
292,1023,0,87,971,0,416,614,305,338,331,305,385,729,722,305,99
358,1023,0,219,1023,0,719,890,305,541,452,305,385,768,747,305,99
369,1023,0,157,1023,0,210,363,305,345,327,305,385,769,752,305,99
458,1023,0,237,1023,0,289,439,305,350,339,305,385,779,758,305,99
372,1023,0,159,1023,0,193,366,305,331,320,305,385,770,762,305,99
343,1023,0,316,1023,0,394,550,305,481,412,305,385,790,738,305,99
362,1023,0,162,1023,0,708,908,305,451,416,305,385,773,743,305,99
467,1023,0,201,1023,0,716,902,305,475,419,305,385,772,751,305,99
272,1023,0,72,805,0,323,499,305,304,313,305,385,720,707,305,99
345,1023,0,179,1023,0,465,665,305,331,323,305,385,757,740,305,99
321,1023,0,385,1023,0,802,954,306,566,455,305,385,702,666,305,99
401,1023,0,223,1023,0,220,375,305,372,346,305,386,778,762,305,99
456,1023,0,193,1023,0,369,540,305,365,338,305,386,742,727,305,99
486,1023,0,139,1023,0,387,540,305,319,314,305,386,732,720,305,99
444,1023,0,272,1023,0,303,444,305,379,354,305,386,756,734,305,99
477,1023,0,256,1023,0,237,390,305,343,327,305,386,725,700,305,99
310,1023,0,165,1023,0,217,367,305,659,613,305,386,741,728,305,99
413,1023,0,589,1023,0,705,861,305,472,389,305,386,742,688,305,103
428,1023,0,178,1023,0,302,460,305,346,336,305,386,755,728,305,103
350,1023,0,147,1023,0,407,590,305,323,323,305,386,749,741,305,103
325,1023,0,296,1023,0,828,991,306,606,521,305,386,773,738,305,103
425,1023,0,277,1023,0,468,650,305,404,366,305,386,779,750,305,103
434,1023,0,333,1023,0,820,987,306,623,532,305,386,798,765,305,103
335,1023,0,181,1023,0,229,384,305,517,469,305,386,762,726,305,103
392,1023,0,232,1023,0,608,777,305,578,483,305,386,763,737,305,103
374,1023,0,260,1023,0,382,546,305,594,522,305,386,754,741,305,103
413,1023,0,157,1023,0,332,487,305,315,321,305,386,772,762,305,103
211,985,0,355,1023,0,868,1016,306,665,566,305,386,778,732,305,103
333,1023,0,127,1023,0,162,354,305,324,324,305,386,759,748,305,103
426,1023,0,237,1023,0,378,541,305,350,340,305,386,745,718,305,103
445,1023,0,234,1023,0,217,380,305,327,321,305,386,701,687,305,103
337,1023,0,110,1023,0,179,355,305,319,314,305,387,762,753,305,103
465,1023,0,201,1023,0,197,360,305,348,333,305,387,768,754,305,103
329,1023,0,137,1023,0,497,707,305,334,324,305,387,726,715,305,103
394,1023,0,147,1023,0,204,372,305,354,341,305,387,762,745,305,103
391,1023,0,226,1023,0,628,819,305,435,389,305,387,769,750,305,103
423,1023,0,295,1023,0,571,730,305,432,385,305,387,787,772,305,103
262,1023,0,271,1023,0,471,623,305,361,336,305,387,768,700,305,103
384,1023,0,116,1023,0,210,366,305,323,316,305,387,767,757,305,103
473,1023,0,322,1023,0,794,962,306,554,473,305,387,770,721,305,103
373,1023,0,190,1023,0,218,374,305,333,325,305,387,744,732,305,103
351,1023,0,335,1023,0,212,376,305,325,321,305,387,769,757,305,103
393,1023,0,184,1023,0,167,344,305,381,358,305,387,763,750,305,103
356,1023,0,193,1023,0,262,404,305,326,323,305,387,776,753,305,103
481,1023,0,234,1023,0,764,943,306,517,447,305,387,756,737,305,103
301,1023,0,109,1023,0,162,344,305,348,332,305,387,741,722,305,103
477,1023,0,332,1023,0,434,586,305,332,323,305,387,748,725,305,103
277,1023,0,107,1023,0,415,612,305,337,326,305,387,734,727,305,103
377,1023,0,335,1023,0,381,528,305,345,336,305,388,754,727,305,103
424,1023,0,199,1023,0,382,544,305,339,332,305,388,752,736,305,103
459,1023,0,254,1023,0,339,495,305,366,342,305,388,746,717,305,103
395,1023,0,215,1023,0,624,820,305,388,362,305,388,778,763,305,103
430,1023,0,200,1023,0,657,841,305,413,364,305,388,706,691,305,103
321,1023,0,121,1023,0,370,550,305,326,320,305,388,773,762,305,103
269,1023,0,88,1007,0,519,734,305,337,331,305,388,750,740,305,103
369,1023,0,139,1023,0,320,482,305,335,334,305,388,703,693,305,103
342,1023,0,176,1023,0,609,801,305,380,348,305,388,757,731,305,103
329,1023,0,132,1023,0,767,956,306,521,467,305,388,756,740,305,103
415,1023,0,333,1023,0,618,781,305,485,405,305,388,742,724,305,103
387,1023,0,230,1023,0,332,484,305,408,376,305,388,776,761,305,103
523,1023,0,570,1023,0,466,621,305,397,350,305,388,760,725,305,103
479,1023,0,202,1023,0,245,379,305,336,322,305,388,765,743,305,103
449,1023,0,229,1023,0,751,936,306,516,450,305,388,783,768,305,103
436,1023,0,383,1023,0,463,600,305,327,321,305,388,768,714,305,103
233,1023,0,40,492,0,69,325,305,466,448,305,388,750,738,305,103
362,1023,0,103,1014,0,172,343,305,313,316,305,389,752,740,305,103
313,1023,0,138,1023,0,561,768,305,342,328,305,389,678,659,305,107
445,1023,0,196,1023,0,221,379,305,447,408,305,389,789,776,305,107
453,1023,0,361,1023,0,710,884,305,605,522,305,389,831,808,305,107
422,1023,0,216,1023,0,400,540,305,376,343,305,389,709,669,305,107
303,1023,0,110,1023,0,629,833,305,403,375,305,389,761,749,305,107
381,1023,0,144,1023,0,235,387,305,340,337,305,389,760,742,305,107
204,1023,0,208,1023,0,457,633,305,344,326,305,389,724,689,305,107
433,1023,0,211,1023,0,626,825,305,405,369,305,389,750,734,305,107
319,1023,0,112,1023,0,695,892,305,440,401,305,389,768,751,305,107
440,1023,0,309,1023,0,701,871,305,508,425,305,389,724,683,305,107
307,1023,0,87,902,0,181,355,305,315,312,305,389,758,751,305,107
416,1023,0,169,1023,0,631,829,305,387,361,305,389,769,755,305,107
286,1023,0,151,1023,0,549,753,305,384,360,305,389,708,689,305,107
421,1023,0,295,1023,0,376,526,305,323,318,305,389,745,710,305,107
589,1023,0,344,1023,0,639,830,305,456,391,305,389,833,784,305,107
517,1023,0,240,1023,0,693,878,305,438,396,305,390,735,713,305,107
447,1023,0,455,1023,0,296,421,305,541,530,305,390,793,769,305,107
540,1023,0,269,1023,0,351,495,305,389,351,305,390,785,766,305,107
372,1023,0,201,1023,0,717,899,305,461,408,305,390,777,756,305,107
498,1023,0,338,1023,0,458,629,305,709,637,305,390,817,784,305,107
366,1023,0,213,1023,0,458,643,305,352,339,305,390,699,667,305,107
362,1023,0,187,1023,0,193,360,305,384,362,305,390,762,729,305,107
348,1023,0,197,1023,0,234,380,305,352,339,305,390,758,723,305,107
300,1023,0,266,1023,0,491,661,305,531,450,305,390,688,646,305,107
299,1023,0,144,1023,0,476,676,305,599,557,305,390,781,771,305,107
405,1023,0,130,1023,0,140,337,305,321,319,305,390,757,734,305,107
332,1023,0,148,1023,0,257,419,305,344,325,305,390,753,731,305,107
249,1023,0,67,791,0,489,708,305,327,323,305,390,784,777,305,107
523,1023,0,222,1023,0,218,385,305,392,363,305,390,782,762,305,107
214,729,0,366,1023,0,700,848,305,490,402,305,390,762,692,305,107
432,1023,0,179,1023,0,637,833,305,388,359,305,390,764,740,305,107
462,1023,0,257,1023,0,252,401,305,394,364,305,391,782,767,305,107
368,1023,0,197,1023,0,136,339,305,338,325,305,391,728,715,305,107
465,1023,0,259,1023,0,441,626,305,378,358,305,391,763,749,305,107
540,1023,0,267,1023,0,363,518,305,433,407,305,391,813,793,305,107
520,1023,0,468,1023,0,412,562,305,375,346,305,391,775,743,305,107
380,1023,0,176,1023,0,347,516,305,326,317,305,391,742,729,305,107
353,1023,0,258,1023,0,634,805,305,406,355,305,391,770,750,305,107
281,1023,0,86,956,0,228,388,305,320,317,305,391,752,741,305,107
558,1023,0,293,1023,0,214,368,305,416,374,305,391,798,781,305,107
252,1023,0,305,1023,0,494,660,305,392,350,305,391,748,709,305,107
552,1023,0,499,1023,0,310,459,305,342,326,305,391,756,734,305,107
457,1023,0,279,1023,0,229,370,305,427,377,305,391,758,739,305,107
640,1023,0,345,1023,0,297,422,305,361,328,305,391,807,779,305,107
974,1023,0,820,1023,0,745,884,305,544,423,305,391,903,836,305,107
447,1023,0,204,1023,0,455,642,305,508,440,305,391,776,752,305,107
474,1023,0,245,1023,0,480,650,305,376,341,305,391,759,735,305,107
400,1023,0,334,1023,0,692,872,305,449,386,305,391,761,728,305,107
411,1023,0,121,1023,0,180,362,305,327,319,305,391,740,731,305,107
465,1023,0,383,1023,0,518,688,305,347,329,305,392,823,794,305,107
383,1023,0,389,1023,0,284,402,305,338,323,305,392,742,709,305,107
366,1023,0,315,1023,0,748,912,305,616,524,305,392,800,758,305,107
293,1023,0,109,1023,0,197,356,305,313,319,305,392,734,718,305,107
612,1023,0,354,1023,0,597,803,305,401,371,305,392,836,796,305,107
614,1023,0,276,1023,0,356,472,305,346,323,305,392,835,786,305,107
309,1023,0,158,1023,0,607,806,305,368,344,305,392,702,685,305,107
315,1023,0,223,1023,0,264,389,305,731,659,305,392,799,756,305,111
455,1023,0,256,1023,0,229,369,305,401,363,305,392,757,739,305,111
417,1023,0,218,1023,0,191,357,305,351,332,305,392,761,741,305,111
359,1023,0,421,1023,0,451,601,305,367,344,305,392,837,806,305,111
358,1023,0,149,1023,0,577,777,305,508,461,305,392,793,783,305,111
360,1023,0,206,1023,0,724,902,305,773,717,305,392,773,741,305,111
451,1023,0,221,1023,0,250,388,305,358,335,305,392,781,758,305,111
349,1023,0,156,1023,0,281,428,305,315,317,305,392,765,750,305,111
430,1023,0,295,1023,0,216,379,305,387,357,305,392,785,775,305,111
848,1023,0,468,1023,0,390,501,305,438,371,305,392,795,746,305,111
299,1023,0,115,1023,0,409,604,305,333,323,305,392,728,716,305,111
252,1023,0,151,1023,0,143,341,305,313,317,305,392,720,710,305,111
421,1023,0,207,1023,0,267,396,305,317,318,305,392,757,721,305,111
392,1023,0,153,1023,0,693,890,305,459,415,305,392,767,756,305,111
443,1023,0,186,1023,0,219,376,305,346,339,305,393,735,722,305,111
293,1023,0,249,1023,0,753,919,306,504,418,305,393,716,687,305,111
348,1023,0,252,1023,0,345,483,305,342,325,305,393,755,730,305,111
845,1023,0,419,1023,0,551,696,305,409,342,305,393,836,786,305,111
428,1023,0,214,1023,0,235,384,305,341,329,305,393,761,747,305,111
417,1023,0,226,1023,0,231,387,305,358,334,305,393,777,751,305,111
457,1023,0,209,1023,0,348,505,305,332,322,305,393,714,678,305,111
296,1023,0,122,1023,0,458,666,305,351,338,305,393,762,738,305,111
421,1023,0,307,1023,0,323,475,305,367,351,305,393,768,755,305,111
408,1023,0,153,1023,0,645,848,305,401,369,305,393,754,737,305,111
443,1023,0,441,1023,0,261,395,305,442,386,305,393,807,786,305,111
323,1023,0,109,1023,0,202,372,305,330,315,305,393,738,724,305,111
427,1023,0,213,1023,0,374,538,305,327,326,305,393,782,760,305,111
509,1023,0,326,1023,0,783,966,306,550,488,305,393,766,750,305,111
341,1023,0,234,1023,0,407,585,305,326,320,305,393,728,706,305,111
355,1023,0,192,1023,0,292,432,305,334,328,305,393,757,748,305,111
523,1023,0,330,1023,0,964,1023,307,757,672,305,393,760,735,305,111
324,1023,0,124,1023,0,254,425,305,329,323,305,393,749,739,305,111
310,1023,0,228,1023,0,623,804,305,409,362,305,393,786,767,305,111
540,1023,0,580,1023,0,818,974,306,613,491,305,393,808,731,305,111
363,1023,0,147,1023,0,195,365,305,327,318,305,393,775,756,305,111
564,1023,0,307,1023,0,295,437,305,387,356,305,393,815,800,305,111
322,1023,0,271,1023,0,499,660,305,377,344,305,393,727,670,305,111
272,1023,0,263,1023,0,275,406,305,326,318,305,394,716,674,305,111
414,1023,0,182,1023,0,504,693,305,367,345,305,394,752,735,305,111
439,1023,0,315,1023,0,225,366,305,366,344,305,394,797,764,305,111
366,1023,0,226,1023,0,423,565,305,334,320,305,394,753,741,305,111
1023,1023,0,737,1023,0,662,850,305,465,406,305,394,865,814,305,111
356,1023,0,160,1023,0,710,902,305,454,403,305,394,699,684,305,111
512,1023,0,217,1023,0,185,355,305,334,317,305,394,764,750,305,111
377,1023,0,217,1023,0,443,614,305,349,333,305,394,729,683,305,111
419,1023,0,186,1023,0,634,823,305,511,441,305,394,709,689,305,111
343,1023,0,120,1023,0,285,436,305,325,320,305,394,757,727,305,111
502,1023,0,246,1023,0,312,455,305,326,318,305,394,773,736,305,111
451,1023,0,375,1023,0,342,476,305,349,332,305,394,768,744,305,115
456,1023,0,280,1023,0,504,692,305,657,597,305,394,807,789,305,115
353,1023,0,164,1023,0,422,617,305,338,327,305,394,766,752,305,115
357,1023,0,210,1023,0,570,773,305,379,354,305,394,775,756,305,115
333,1023,0,105,1023,0,229,392,305,338,323,305,394,728,720,305,115
308,1023,0,140,1023,0,404,600,305,328,321,305,394,761,748,305,115
396,1023,0,155,1023,0,570,761,305,388,356,305,394,789,770,305,115
1023,1023,0,804,1023,0,335,433,305,420,355,305,394,892,830,305,115
347,1023,0,145,1023,0,745,942,306,501,457,305,394,762,749,305,115
513,1023,0,363,1023,0,463,628,305,537,464,305,395,816,788,305,115
435,1023,0,170,1023,0,317,483,305,322,316,305,395,770,762,305,115
448,1023,0,264,1023,0,621,803,305,392,358,305,395,767,754,305,115
440,1023,0,266,1023,0,233,376,305,347,337,305,395,771,738,305,115
353,1023,0,153,1023,0,329,488,305,323,321,305,395,755,739,305,115
429,1023,0,195,1023,0,539,735,305,371,343,305,395,786,766,305,115
288,1023,0,133,1023,0,275,437,305,321,316,305,395,739,728,305,115
258,1023,0,115,1023,0,224,389,305,327,327,305,395,765,750,305,115
413,1023,0,334,1023,0,277,411,305,349,331,305,395,764,743,305,115
332,1023,0,177,1023,0,834,1020,306,612,559,305,395,748,736,305,115
298,1023,0,251,1023,0,520,693,305,358,331,305,395,671,619,305,115
363,1023,0,215,1023,0,619,805,305,367,344,305,395,755,714,305,115
452,1023,0,185,1023,0,347,493,305,345,336,305,395,775,755,305,115
312,1023,0,182,1023,0,229,392,305,329,323,305,395,769,752,305,115
1023,1023,0,861,1023,0,617,799,305,482,395,305,395,886,806,305,115
376,1023,0,208,1023,0,209,371,305,378,352,305,395,761,734,305,115
410,1023,0,453,1023,0,867,1009,306,669,561,305,395,772,737,305,115
479,1023,0,245,1023,0,500,681,305,530,464,305,395,781,759,305,115
372,1023,0,210,1023,0,190,352,305,461,409,305,395,763,747,305,115
477,1023,0,465,1023,0,487,661,305,372,336,305,396,783,754,305,115
560,1023,0,266,1023,0,331,474,305,371,347,305,396,782,765,305,115
427,1023,0,197,1023,0,358,503,305,347,326,305,396,760,745,305,115
363,1023,0,144,1023,0,179,348,305,338,327,305,396,754,738,305,115
389,1023,0,178,1023,0,650,849,305,411,376,305,396,768,750,305,115
419,1023,0,188,1023,0,416,601,305,336,333,305,396,760,742,305,115
367,1023,0,203,1023,0,362,523,305,334,330,305,396,761,738,305,115
485,1023,0,222,1023,0,223,385,305,333,332,305,396,768,754,305,115
386,1023,0,296,1023,0,410,566,305,443,394,305,396,782,760,305,115
424,1023,0,350,1023,0,496,654,305,329,326,305,396,793,772,305,115
328,1023,0,189,1023,0,526,722,305,514,454,305,396,773,750,305,115
397,1023,0,199,1023,0,462,648,305,373,355,305,396,707,675,305,115
410,1023,0,151,1023,0,255,394,305,321,317,305,396,735,721,305,119
365,1023,0,131,1023,0,391,575,305,332,318,305,396,696,679,305,119
463,1023,0,217,1023,0,307,457,305,323,318,305,396,737,720,305,119
461,1023,0,166,1023,0,686,880,305,451,408,305,396,737,726,305,119
351,1023,0,137,1023,0,291,442,305,344,335,305,396,776,761,305,119
419,1023,0,216,1023,0,747,933,306,518,458,305,396,749,722,305,119
322,1023,0,153,1023,0,623,827,305,426,393,305,396,769,752,305,119
346,1023,0,168,1023,0,683,865,305,428,372,305,396,755,737,305,119
363,1023,0,147,1023,0,258,395,305,312,317,305,396,764,753,305,119
467,1023,0,191,1023,0,191,359,305,357,336,305,397,760,746,305,119
352,1023,0,181,1023,0,201,358,305,318,318,305,397,759,746,305,119
290,1023,0,136,1023,0,359,538,305,371,353,305,397,712,690,305,119
468,1023,0,204,1023,0,733,924,306,508,447,305,397,762,746,305,119
335,1023,0,283,1023,0,457,620,305,554,466,305,397,767,733,305,119
385,1023,0,125,1023,0,166,349,305,331,325,305,397,748,727,305,119
624,1023,0,313,1023,0,755,946,306,516,449,305,397,784,729,305,119
386,1023,0,185,1023,0,232,379,305,346,334,305,397,750,722,305,119
458,1023,0,256,1023,0,229,378,305,320,315,305,397,771,753,305,119
523,1023,0,190,1023,0,246,379,305,344,325,305,397,749,732,305,119
325,1023,0,132,1023,0,256,403,305,339,332,305,397,755,743,305,119
395,1023,0,281,1023,0,692,873,305,455,397,305,397,746,723,305,119
340,1023,0,238,1023,0,289,438,305,431,374,305,397,751,713,305,119
376,1023,0,142,1023,0,212,375,305,312,318,305,397,774,761,305,119
271,1023,0,158,1023,0,346,507,305,477,429,305,397,762,734,305,119
502,1023,0,360,1023,0,204,358,305,345,324,305,397,733,697,305,119
485,1023,0,326,1023,0,681,865,305,432,385,305,397,724,700,305,119
338,1023,0,148,1023,0,493,687,305,534,483,305,397,816,803,305,119
418,1023,0,256,1023,0,870,1023,306,653,602,305,397,760,737,305,119
399,1023,0,281,1023,0,394,565,305,327,324,305,397,760,727,305,119
627,1023,0,531,1023,0,748,884,305,530,416,305,397,845,818,305,119
388,1023,0,256,1023,0,563,739,305,490,418,305,398,753,726,305,119
411,1023,0,178,1023,0,495,699,305,343,337,305,398,802,786,305,119
325,1023,0,138,1023,0,269,423,305,332,318,305,398,771,758,305,119
256,1023,0,228,1023,0,223,369,305,665,613,305,398,805,782,305,119
1023,1023,0,955,1023,0,657,793,305,502,392,305,398,878,841,305,119
392,1023,0,131,1023,0,376,551,305,325,316,305,398,751,741,305,119
391,1023,0,203,1023,0,482,689,305,348,330,305,398,719,698,305,119
340,1023,0,248,1023,0,531,733,305,348,332,305,398,734,717,305,119
347,1023,0,190,1023,0,576,768,305,387,358,305,398,751,732,305,119
357,1023,0,312,1023,0,328,466,305,325,316,305,398,746,724,305,119
324,1023,0,167,1023,0,475,660,305,332,325,305,398,717,695,305,123
458,1023,0,480,1023,0,373,506,305,334,328,305,398,788,754,305,123
594,1023,0,361,1023,0,348,501,305,369,346,305,398,746,724,305,123
252,1013,0,394,1023,0,444,569,305,587,473,305,399,766,739,305,123
528,1023,0,483,1023,0,220,363,305,451,392,305,399,799,772,305,123
383,1023,0,213,1023,0,179,362,305,334,331,305,399,742,726,305,123
363,1023,0,116,1023,0,129,330,305,324,320,305,399,730,715,305,123
234,1023,0,229,1023,0,250,381,305,609,540,305,399,796,749,305,123
967,1023,0,799,1023,0,344,452,305,426,362,305,399,865,807,305,123
346,1023,0,370,1023,0,658,827,305,515,424,305,399,810,771,305,123
471,1023,0,243,1023,0,211,366,305,349,329,305,399,761,751,305,123
432,1023,0,355,1023,0,479,643,305,334,327,305,399,782,755,305,123
427,1023,0,157,1023,0,192,358,305,323,314,305,399,720,706,305,123
485,1023,0,204,1023,0,580,768,305,351,332,305,399,750,723,305,123
588,1023,0,211,1023,0,635,825,305,401,365,305,399,721,707,305,123
697,1023,0,579,1023,0,345,479,305,549,462,305,400,792,763,305,123
412,1023,0,187,1023,0,383,560,305,341,327,305,400,794,779,305,123
309,1023,0,209,1023,0,344,496,305,480,421,305,400,755,741,305,123
290,1023,0,246,1023,0,546,751,305,375,356,305,400,771,746,305,123
303,1023,0,152,1023,0,566,760,305,352,342,305,400,737,717,305,123
357,1023,0,136,1023,0,246,400,305,334,327,305,400,760,748,305,123
636,1023,0,390,1023,0,361,488,305,359,335,305,400,802,751,305,123
397,1023,0,218,1023,0,357,524,305,321,319,305,400,748,721,305,123
255,1023,0,149,1023,0,230,367,305,365,343,305,400,760,739,305,123
323,1023,0,315,1023,0,414,565,305,386,351,305,400,772,745,305,123
405,1023,0,183,1023,0,567,733,305,544,454,305,400,745,730,305,123
379,1023,0,341,1023,0,453,626,305,401,352,305,400,789,767,305,123
144,713,0,151,1023,0,634,818,305,603,523,305,400,596,524,305,123
234,1013,0,283,1023,0,653,824,305,522,429,305,400,779,739,305,123
409,1023,0,189,1023,0,203,349,305,357,336,305,400,783,763,305,123
366,1023,0,274,1023,0,299,418,305,390,350,305,401,745,722,305,123
286,1023,0,104,1023,0,277,444,305,313,314,305,401,759,751,305,123
497,1023,0,495,1023,0,419,560,305,341,330,305,401,761,733,305,123
361,1023,0,207,1023,0,343,502,305,340,331,305,401,749,722,305,123
435,1023,0,254,1023,0,346,483,305,365,334,305,401,717,684,305,123
1023,1023,0,699,1023,0,300,429,305,468,401,305,401,865,806,305,123
566,1023,0,487,1023,0,882,1023,307,664,562,305,401,755,701,305,127
337,1023,0,325,1023,0,405,533,305,345,328,305,401,765,731,305,127
361,1023,0,131,1023,0,222,376,305,333,321,305,401,762,750,305,127
505,1023,0,439,1023,0,704,876,305,672,594,305,401,788,749,305,127
364,1023,0,212,1023,0,635,824,305,374,346,305,401,669,638,305,127
1023,1023,0,1023,1023,0,751,928,306,599,474,305,402,934,837,305,127
501,1023,0,452,1023,0,418,557,305,354,333,305,402,801,771,305,127
373,1023,0,185,1023,0,191,356,305,546,512,305,402,770,748,305,127
413,1023,0,181,1023,0,459,647,305,336,323,305,402,744,732,305,127
488,1023,0,220,1023,0,379,535,305,353,331,305,402,767,747,305,127
1016,1023,0,624,1023,0,732,885,305,540,411,305,402,893,831,305,127
575,1023,0,394,1023,0,210,366,305,406,368,305,402,742,721,305,127
492,1023,0,236,1023,0,226,357,305,335,322,305,402,828,792,305,127
344,1023,0,230,1023,0,336,496,305,361,338,305,402,775,761,305,127
271,1023,0,110,1023,0,306,444,305,310,312,305,402,716,694,305,127
391,1023,0,150,1023,0,377,549,305,346,337,305,402,773,760,305,127
517,1023,0,197,1023,0,633,830,305,400,355,305,402,726,712,305,127
335,1023,0,270,1023,0,586,758,305,457,387,305,402,768,736,305,127
290,1023,0,246,1023,0,329,466,305,315,315,305,402,746,701,305,127
479,1023,0,250,1023,0,352,512,305,330,323,305,402,724,703,305,127
556,1023,0,303,1023,0,718,895,305,465,402,305,402,717,668,305,127
365,1023,0,151,1023,0,219,382,305,324,319,305,402,768,759,305,127
476,1023,0,280,1023,0,548,731,305,482,409,305,402,790,766,305,127
373,1023,0,251,1023,0,369,543,305,327,322,305,402,743,722,305,127
958,1023,0,632,1023,0,530,701,305,509,426,305,402,881,830,305,127
315,1023,0,126,1023,0,208,376,305,410,387,305,402,773,760,305,127
398,1023,0,246,1023,0,428,600,305,325,320,305,403,749,728,305,127
423,1023,0,300,1023,0,504,674,305,354,336,305,403,726,667,305,127
408,1023,0,168,1023,0,623,824,305,381,359,305,403,753,731,305,127
376,1023,0,177,1023,0,388,560,305,333,331,305,403,747,736,305,127
400,1023,0,210,1023,0,336,501,305,329,318,305,403,747,726,305,127
241,1023,0,227,1023,0,712,886,305,533,448,305,403,745,703,305,127
535,1023,0,392,1023,0,213,360,305,365,343,305,403,715,697,305,127
596,1023,0,347,1023,0,470,642,305,428,377,305,403,784,757,305,127
438,1023,0,178,1023,0,206,367,305,349,331,305,403,774,762,305,127
378,1023,0,214,1023,0,632,821,305,405,367,305,403,710,691,305,127
195,908,0,195,1023,0,775,940,306,601,512,305,403,760,732,305,127
446,1023,0,214,1023,0,297,434,305,349,332,305,403,769,755,305,127
638,1023,0,394,1023,0,903,1023,306,705,646,305,403,776,752,305,127
474,1023,0,243,1023,0,640,819,305,418,367,305,403,777,759,305,127
362,1023,0,180,1023,0,167,348,305,380,360,305,403,758,730,305,127
416,1023,0,394,1023,0,674,836,305,494,408,305,403,773,717,305,127
446,1023,0,271,1023,0,398,565,305,335,320,305,403,706,687,305,127
478,1023,0,236,1023,0,779,961,306,553,479,305,403,819,803,305,127
307,1023,0,370,1023,0,695,860,305,573,471,305,403,785,760,305,127
352,1023,0,165,1023,0,295,441,305,328,318,305,404,768,734,305,127
376,1023,0,137,1023,0,305,466,305,368,351,305,404,777,763,305,127
451,1023,0,179,1023,0,794,974,306,568,505,305,404,768,740,305,127
356,1023,0,171,1023,0,323,480,305,331,318,305,404,754,739,305,127
377,1023,0,277,1023,0,789,965,306,559,482,305,404,734,692,305,127
521,1023,0,202,1023,0,222,355,305,325,318,305,404,771,755,305,127
723,1023,0,358,1023,0,322,464,305,391,353,305,404,794,759,305,127
506,1023,0,426,1023,0,366,513,305,343,326,305,404,773,755,305,127
428,1023,0,219,1023,0,793,978,306,571,510,305,404,718,701,305,127
312,1023,0,81,887,0,278,439,305,323,323,305,404,716,699,305,127
480,1023,0,257,1023,0,764,942,306,528,462,305,404,783,764,305,132
643,1023,0,753,1023,0,768,909,305,591,466,305,404,830,772,305,132
415,1023,0,247,1023,0,419,608,305,351,334,305,404,763,743,305,132
441,1023,0,149,1023,0,254,402,305,355,333,305,404,771,759,305,132
452,1023,0,256,1023,0,263,394,305,394,361,305,404,738,715,305,132
340,1023,0,240,1023,0,310,436,305,444,379,305,404,767,743,305,132
419,1023,0,185,1023,0,230,391,305,333,324,305,404,768,729,305,132
436,1023,0,212,1023,0,509,700,305,344,330,305,404,739,712,305,132
1023,1023,0,1023,1023,0,388,453,305,529,397,305,405,900,834,305,132
439,1023,0,180,1023,0,449,628,305,357,333,305,405,766,755,305,132
507,1023,0,226,1023,0,226,369,305,362,341,305,405,780,767,305,132
316,1023,0,161,1023,0,395,572,305,389,360,305,405,760,745,305,132
597,1023,0,624,1023,0,722,893,305,778,724,305,405,857,824,305,132
363,1023,0,237,1023,0,467,653,305,337,327,305,405,742,713,305,132
531,1023,0,223,1023,0,232,364,305,336,320,305,405,781,737,305,132
389,1023,0,210,1023,0,214,378,305,353,336,305,405,771,747,305,132
504,1023,0,217,1023,0,505,688,305,356,335,305,405,776,762,305,132
369,1023,0,129,1023,0,117,346,305,331,320,305,405,694,678,305,132
514,1023,0,264,1023,0,195,363,305,429,385,305,405,767,734,305,132
295,1023,0,254,1023,0,342,460,305,328,316,305,405,742,707,305,132
357,1023,0,120,1023,0,191,361,305,356,340,305,405,772,753,305,132
343,1023,0,270,1023,0,342,475,305,368,338,305,405,748,715,305,132
390,1023,0,269,1023,0,323,465,305,314,315,305,405,754,712,305,132
436,1023,0,170,1023,0,377,554,305,335,330,305,405,757,742,305,132
459,1023,0,306,1023,0,348,500,305,435,398,305,405,806,787,305,132
338,1023,0,164,1023,0,453,641,305,331,336,305,405,744,712,305,132
355,1023,0,171,1023,0,577,787,305,360,345,305,406,768,745,305,132
369,1023,0,203,1023,0,331,489,305,328,319,305,406,716,697,305,132
371,1023,0,139,1023,0,229,379,305,316,316,305,406,734,721,305,132
311,1023,0,102,1023,0,228,390,305,464,434,305,406,778,765,305,132
433,1023,0,250,1023,0,213,363,305,417,378,305,406,737,717,305,132
388,1023,0,210,1023,0,692,886,305,461,415,305,406,783,768,305,132
393,1023,0,196,1023,0,451,636,305,317,324,305,406,734,718,305,132
419,1023,0,212,1023,0,694,886,305,461,415,305,406,772,755,305,132
324,1023,0,129,1023,0,185,353,305,365,348,305,406,729,712,305,132
384,1023,0,258,1023,0,208,367,305,382,348,305,406,778,753,305,132
508,1023,0,248,1023,0,244,386,305,325,319,305,406,781,766,305,132
671,1023,0,839,1023,0,432,550,305,374,338,305,406,843,799,305,132
662,1023,0,361,1023,0,307,430,305,388,336,305,406,788,768,305,132
926,1023,0,600,1023,0,429,563,305,390,338,305,406,813,782,305,132
235,1023,0,68,750,0,339,522,305,317,309,305,406,697,688,305,132
283,1023,0,130,1023,0,274,420,305,452,409,305,407,710,691,305,132
643,1023,0,382,1023,0,497,659,305,508,425,305,407,798,774,305,132
431,1023,0,197,1023,0,267,415,305,347,335,305,407,734,716,305,132
424,1023,0,212,1023,0,313,464,305,362,346,305,407,766,746,305,132
354,1023,0,154,1023,0,486,694,305,345,335,305,407,777,758,305,132
484,1023,0,370,1023,0,527,725,305,364,342,305,407,853,811,305,132
372,1023,0,185,1023,0,374,532,305,553,485,305,407,793,780,305,136
438,1023,0,167,1023,0,441,628,305,331,322,305,407,763,748,305,136
1023,1023,0,1023,1023,0,734,915,305,591,499,305,407,931,838,305,136
462,1023,0,175,1023,0,351,515,305,324,320,305,407,737,720,305,136
583,1023,0,279,1023,0,760,937,306,516,449,305,407,807,792,305,136
458,1023,0,349,1023,0,723,911,305,531,480,305,407,776,747,305,136
400,1023,0,133,1023,0,732,926,306,479,428,305,407,738,723,305,136
323,1023,0,126,1023,0,289,437,305,315,316,305,407,738,712,305,136
428,1023,0,301,1023,0,737,913,305,611,537,305,407,783,760,305,136
387,1023,0,160,1023,0,587,792,305,369,355,305,408,757,742,305,136
395,1023,0,161,1023,0,275,427,305,325,315,305,408,751,733,305,136
635,1023,0,432,1023,0,627,816,305,402,359,305,408,829,797,305,136
219,1023,0,165,1023,0,694,883,305,683,630,305,408,812,785,305,136
491,1023,0,225,1023,0,717,904,305,548,483,305,408,793,775,305,136
385,1023,0,176,1023,0,427,621,305,351,341,305,408,767,756,305,136
535,1023,0,322,1023,0,344,493,305,432,386,305,408,784,749,305,136
335,1023,0,190,1023,0,508,721,305,509,469,305,408,779,762,305,136
383,1023,0,143,1023,0,207,367,305,327,322,305,408,757,732,305,136
846,1023,0,664,1023,0,349,462,305,415,356,305,408,862,830,305,136
435,1023,0,352,1023,0,319,452,305,402,359,305,408,815,795,305,136
368,1023,0,164,1023,0,118,330,305,326,320,305,408,724,702,305,136
392,1023,0,119,1023,0,175,358,305,329,325,305,408,734,722,305,136
717,1023,0,584,1023,0,359,475,305,348,328,305,408,749,721,305,136
402,1023,0,131,1023,0,445,648,305,341,333,305,408,703,690,305,136
348,1023,0,172,1023,0,339,488,305,334,314,305,408,757,737,305,136
381,1023,0,322,1023,0,589,767,305,457,391,305,408,759,736,305,136
570,1023,0,305,1023,0,354,492,305,453,394,305,408,796,772,305,136
601,1023,0,387,1023,0,279,405,305,330,326,305,409,793,779,305,136
410,1023,0,169,1023,0,614,812,305,380,351,305,409,716,702,305,136
372,1023,0,368,1023,0,234,388,305,334,325,305,409,713,699,305,136
560,1023,0,366,1023,0,383,542,305,385,358,305,409,792,767,305,136
238,1023,0,107,1023,0,232,394,305,327,318,305,409,737,726,305,136
362,1023,0,179,1023,0,674,876,305,426,388,305,409,739,725,305,136
424,1023,0,194,1023,0,510,706,305,335,323,305,409,753,735,305,136
676,1023,0,599,1023,0,560,742,305,391,361,305,409,850,805,305,136
374,1023,0,227,1023,0,201,364,305,532,474,305,409,790,767,305,136
370,1023,0,150,1023,0,363,532,305,358,347,305,409,772,760,305,136
512,1023,0,272,1023,0,265,398,305,407,363,305,409,791,758,305,136
238,1023,0,268,1023,0,199,360,305,676,630,305,409,764,728,305,136
459,1023,0,266,1023,0,521,710,305,387,353,305,409,774,758,305,136
413,1023,0,175,1023,0,720,909,305,472,412,305,409,745,721,305,136
471,1023,0,194,1023,0,722,911,305,470,413,305,409,732,711,305,136
375,1023,0,174,1023,0,200,372,305,415,384,305,409,767,750,305,136
355,1023,0,192,1023,0,782,978,306,550,501,305,409,757,743,305,136
512,1023,0,293,1023,0,262,408,305,442,390,305,409,779,747,305,140
303,1023,0,129,1023,0,480,683,305,334,331,305,410,765,755,305,140
360,1023,0,188,1023,0,204,352,305,364,349,305,410,758,745,305,140
231,1023,0,212,1023,0,860,1023,306,648,576,305,410,707,645,305,140
1023,1023,0,777,1023,0,512,695,305,404,354,305,410,906,851,305,140
393,1023,0,259,1023,0,493,687,305,344,331,305,410,764,750,305,140
392,1023,0,253,1023,0,541,731,305,354,338,305,410,774,755,305,140
416,1023,0,151,1023,0,267,412,305,344,331,305,410,761,734,305,140
343,1023,0,155,1023,0,439,619,305,389,359,305,410,743,719,305,140
359,1023,0,249,1023,0,605,788,305,616,539,305,410,728,703,305,140
422,1023,0,125,1023,0,169,352,305,339,325,305,410,727,700,305,140
333,1023,0,125,1023,0,292,446,305,310,317,305,410,754,733,305,140
378,1023,0,160,1023,0,420,611,305,345,338,305,410,782,767,305,140
412,1023,0,287,1023,0,321,435,305,482,418,305,410,776,742,305,140
488,1023,0,334,1023,0,391,564,305,331,324,305,410,794,764,305,140
495,1023,0,865,1023,0,499,646,305,504,405,305,410,849,794,305,140
376,1023,0,120,1023,0,254,398,305,314,313,305,410,757,732,305,140
284,1023,0,88,996,0,572,790,305,355,346,305,410,742,729,305,140
359,1023,0,248,1023,0,361,496,305,347,328,305,410,773,738,305,140
402,1023,0,355,1023,0,322,446,305,373,343,305,410,734,715,305,140
528,1023,0,240,1023,0,251,411,305,334,319,305,410,799,778,305,140
436,1023,0,468,1023,0,651,822,305,463,388,305,411,727,678,305,140
444,1023,0,301,1023,0,685,858,305,494,420,305,411,794,763,305,140
328,1023,0,132,1023,0,216,378,305,324,321,305,411,758,746,305,140
407,1023,0,220,1023,0,515,699,305,413,372,305,411,783,769,305,140
344,1023,0,220,1023,0,389,541,305,317,320,305,411,728,698,305,140
517,1023,0,398,1023,0,730,891,305,476,400,305,411,715,669,305,140
334,1023,0,164,1023,0,252,400,305,319,315,305,411,735,716,305,140
458,1023,0,480,1023,0,637,804,305,418,374,305,411,800,756,305,140
363,1023,0,205,1023,0,290,444,305,335,322,305,411,778,760,305,140
698,1023,0,936,1023,0,470,606,305,413,356,305,411,770,724,305,140
367,1023,0,181,1023,0,569,756,305,398,365,305,411,766,744,305,140
437,1023,0,327,1023,0,279,403,305,425,382,305,411,773,753,305,140
406,1023,0,182,1023,0,471,659,305,328,327,305,412,748,725,305,140
426,1023,0,176,1023,0,230,382,305,334,323,305,412,726,709,305,140
429,1023,0,284,1023,0,353,499,305,486,426,305,412,781,754,305,140
439,1023,0,341,1023,0,217,373,305,355,330,305,412,708,689,305,140
403,1023,0,320,1023,0,236,370,305,329,323,305,412,775,761,305,140
368,1023,0,491,1023,0,775,934,306,556,461,305,412,794,772,305,140
206,924,0,314,1023,0,675,834,305,441,374,305,412,774,721,305,140
306,1023,0,87,972,0,518,731,305,326,325,305,412,731,718,305,140
347,1023,0,121,1023,0,254,406,305,337,324,305,412,707,698,305,140
284,1023,0,255,1023,0,701,881,305,445,393,305,412,791,756,305,140
316,1023,0,202,1023,0,264,413,305,449,414,305,412,769,756,305,140
403,1023,0,462,1023,0,490,644,305,336,325,305,412,771,732,305,140
596,1023,0,342,1023,0,292,421,305,341,329,305,412,723,693,305,144
816,1023,0,608,1023,0,847,989,306,633,524,305,412,757,717,305,144
317,1023,0,258,1023,0,775,915,306,553,427,305,412,741,721,305,144
364,1023,0,269,1023,0,358,498,305,365,341,305,412,768,739,305,144
326,1023,0,160,1023,0,208,364,305,378,364,305,412,764,746,305,144
387,1023,0,257,1023,0,236,392,305,355,342,305,413,781,767,305,144
426,1023,0,252,1023,0,178,352,305,423,384,305,413,755,742,305,144
401,1023,0,209,1023,0,370,545,305,347,327,305,413,765,755,305,144
360,1023,0,161,1023,0,300,439,305,397,362,305,413,779,770,305,144
338,1023,0,301,1023,0,575,746,305,508,427,305,413,770,737,305,144
451,1023,0,314,1023,0,327,464,305,324,322,305,413,784,741,305,144
383,1023,0,219,1023,0,483,666,305,319,318,305,413,675,637,305,144
352,1023,0,109,1023,0,176,359,305,313,320,305,413,758,749,305,144
438,1023,0,216,1023,0,224,387,305,363,342,305,413,800,761,305,144
373,1023,0,163,1023,0,274,420,305,329,323,305,413,755,737,305,144
403,1023,0,318,1023,0,746,916,306,513,425,305,413,782,740,305,144
588,1023,0,519,1023,0,355,484,305,334,325,305,413,820,799,305,144
530,1023,0,307,1023,0,385,539,305,448,401,305,413,799,780,305,144
421,1023,0,278,1023,0,213,365,305,332,314,305,413,790,779,305,144
369,1023,0,268,1023,0,401,557,305,366,346,305,413,765,735,305,144
460,1023,0,308,1023,0,626,807,305,432,383,305,413,769,737,305,144
450,1023,0,274,1023,0,691,873,305,485,433,305,413,742,717,305,144
371,1023,0,349,1023,0,450,600,305,355,329,305,413,767,741,305,144
431,1023,0,207,1023,0,546,731,305,355,333,305,413,741,718,305,144
454,1023,0,535,1023,0,740,852,305,689,530,305,414,869,790,305,144
510,1023,0,362,1023,0,770,950,306,548,479,305,414,776,755,305,144
331,1023,0,275,1023,0,471,645,305,338,320,305,414,762,736,305,144
343,1023,0,112,1023,0,324,490,305,330,323,305,414,760,748,305,144
430,1023,0,194,1023,0,361,519,305,321,319,305,414,745,734,305,144
474,1023,0,316,1023,0,359,520,305,328,324,305,414,785,771,305,144
377,1023,0,126,1023,0,434,632,305,340,328,305,414,754,732,305,144
491,1023,0,282,1023,0,288,435,305,371,348,305,414,785,745,305,144
427,1023,0,175,1023,0,263,400,305,333,322,305,414,765,752,305,144
303,1023,0,143,1023,0,299,454,305,333,328,305,414,762,749,305,144
355,1023,0,151,1023,0,286,435,305,332,322,305,414,750,733,305,144
380,1023,0,147,1023,0,418,604,305,309,315,305,414,729,711,305,144
466,1023,0,278,1023,0,421,594,305,357,343,305,414,728,711,305,144
336,1023,0,230,1023,0,457,645,305,346,333,305,414,773,755,305,144
963,1023,0,577,1023,0,778,935,306,562,448,305,414,872,801,305,144
510,1023,0,226,1023,0,429,608,305,362,340,305,414,758,740,305,144
620,1023,0,318,1023,0,516,702,305,371,346,305,415,785,761,305,144
341,1023,0,339,1023,0,424,578,305,400,354,305,415,761,737,305,148
429,1023,0,333,1023,0,328,454,305,386,352,305,415,763,742,305,148
520,1023,0,191,1023,0,222,369,305,360,340,305,415,751,716,305,148
337,1023,0,128,1023,0,269,417,305,360,346,305,415,749,726,305,148
444,1023,0,316,1023,0,771,945,306,544,466,305,415,781,767,305,148
794,1023,0,583,1023,0,681,840,305,583,480,305,415,820,787,305,148
338,1023,0,321,1023,0,756,924,306,588,502,305,415,762,732,305,148
425,1023,0,188,1023,0,406,580,305,317,319,305,415,724,706,305,148
271,1023,0,169,1023,0,575,765,305,439,387,305,415,742,714,305,148
524,1023,0,328,1023,0,299,384,305,376,337,305,415,753,735,305,148
353,1023,0,185,1023,0,348,508,305,342,330,305,415,754,726,305,148
449,1023,0,147,1023,0,242,381,305,320,322,305,415,767,754,305,148
427,1023,0,213,1023,0,285,436,305,359,338,305,415,777,751,305,148
411,1023,0,199,1023,0,753,950,306,511,463,305,415,775,757,305,148
344,1023,0,216,1023,0,314,445,305,448,400,305,416,776,756,305,148
375,1023,0,198,1023,0,305,442,305,395,360,305,416,767,747,305,148
269,1023,0,173,1023,0,335,466,305,383,347,305,416,737,704,305,148
404,1023,0,239,1023,0,126,338,305,459,411,305,416,754,736,305,148
466,1023,0,354,1023,0,569,747,305,345,330,305,416,741,709,305,148
325,1023,0,112,1023,0,296,447,305,317,316,305,416,749,737,305,148
396,1023,0,193,1023,0,598,791,305,427,384,305,416,783,757,305,148
711,1023,0,460,1023,0,315,414,305,415,366,305,416,840,796,305,148
432,1023,0,191,1023,0,303,444,305,321,321,305,416,690,672,305,148
683,1023,0,546,1023,0,239,393,305,391,355,305,416,785,757,305,148
417,1023,0,279,1023,0,604,777,305,397,354,305,416,758,711,305,148
365,1023,0,151,1023,0,646,845,305,452,404,305,416,761,738,305,148
461,1023,0,266,1023,0,512,705,305,381,351,305,416,783,766,305,148
519,1023,0,328,1023,0,396,541,305,534,440,305,416,797,763,305,148
412,1023,0,243,1023,0,282,425,305,324,321,305,416,756,733,305,148
306,1023,0,106,985,0,395,585,305,332,315,305,416,760,749,305,148
708,1023,0,562,1023,0,346,447,305,585,457,305,416,837,754,305,148
287,1023,0,132,1023,0,403,575,305,329,324,305,416,765,751,305,148
983,1023,0,561,1023,0,782,953,306,578,496,305,416,880,830,305,148
496,1023,0,208,1023,0,507,702,305,347,333,305,416,735,714,305,148
527,1023,0,251,1023,0,348,479,305,529,451,305,417,784,760,305,148
432,1023,0,252,1023,0,338,476,305,405,367,305,417,780,762,305,148
349,1023,0,183,1023,0,191,364,305,342,330,305,417,753,738,305,148
251,1023,0,105,1023,0,135,337,305,320,318,305,417,755,741,305,148
385,1023,0,257,1023,0,458,632,305,345,337,305,417,770,755,305,152
392,1023,0,283,1023,0,523,700,305,332,326,305,417,657,625,305,152
437,1023,0,146,1023,0,395,582,305,334,327,305,417,756,741,305,152
393,1023,0,275,1023,0,287,421,305,412,367,305,417,750,718,305,152
197,1023,0,186,1023,0,662,857,305,491,434,305,417,744,711,305,152
444,1023,0,286,1023,0,413,586,305,475,416,305,417,774,743,305,152
448,1023,0,337,1023,0,299,415,305,460,401,305,417,790,776,305,152
341,1023,0,373,1023,0,433,581,305,428,364,305,417,784,757,305,152
421,1023,0,446,1023,0,812,958,306,583,469,305,417,790,742,305,152
510,1023,0,210,1023,0,540,718,305,346,328,305,418,822,788,305,152
471,1023,0,395,1023,0,690,860,305,553,466,305,418,809,781,305,152
478,1023,0,283,1023,0,334,481,305,364,340,305,418,780,765,305,152
357,1023,0,213,1023,0,344,507,305,374,351,305,418,715,697,305,152
931,1023,0,384,1023,0,323,426,305,369,333,305,418,863,805,305,152
445,1023,0,266,1023,0,293,432,305,434,391,305,418,771,739,305,152
322,1023,0,104,1023,0,368,542,305,333,331,305,418,706,696,305,152
344,1023,0,181,1023,0,605,811,305,397,367,305,418,783,770,305,152
434,1023,0,258,1023,0,168,343,305,426,394,305,418,764,729,305,152
480,1023,0,176,1023,0,469,635,305,357,332,305,418,770,753,305,152
496,1023,0,443,1023,0,836,987,306,615,511,305,418,767,712,305,152
444,1023,0,208,1023,0,587,774,305,365,345,305,418,776,741,305,152
271,1023,0,94,988,0,247,416,305,341,330,305,418,754,743,305,152
273,1023,0,126,1023,0,611,817,305,362,357,305,418,703,678,305,152
297,1023,0,127,1023,0,226,381,305,406,375,305,418,678,655,305,152
285,1023,0,155,1023,0,272,431,305,334,333,305,418,763,744,305,152
413,1023,0,149,1023,0,641,843,305,387,362,305,418,740,723,305,152
476,1023,0,382,1023,0,321,447,305,552,461,305,418,790,739,305,152
320,1023,0,96,874,0,204,374,305,318,311,305,418,741,719,305,152
314,1023,0,225,1023,0,266,417,305,339,332,305,418,767,754,305,152
464,1023,0,221,1023,0,762,948,306,563,506,305,418,778,760,305,152
482,1023,0,289,1023,0,590,742,305,543,443,305,418,776,751,305,152
294,1023,0,104,1002,0,346,511,305,338,327,305,418,750,737,305,152
488,1023,0,201,1023,0,537,736,305,422,391,305,419,760,747,305,152
280,1023,0,127,1023,0,227,391,305,324,323,305,419,757,747,305,152
448,1023,0,343,1023,0,588,762,305,454,390,305,419,741,719,305,152
326,1023,0,128,1023,0,235,388,305,334,331,305,419,766,748,305,152
301,1023,0,221,1023,0,515,682,305,407,351,305,419,766,741,305,152
292,1023,0,243,1023,0,277,396,305,345,331,305,419,745,718,305,152
450,1023,0,245,1023,0,782,947,306,550,464,305,419,719,672,305,152
290,1023,0,218,1023,0,830,989,306,601,509,305,419,721,691,305,152
312,1023,0,131,1023,0,234,391,305,493,447,305,419,749,735,305,152
394,1023,0,174,1023,0,570,774,305,422,380,305,419,770,753,305,152
556,1023,0,321,1023,0,249,390,305,397,360,305,419,779,757,305,152
367,1023,0,239,1023,0,734,900,305,494,410,305,419,766,732,305,152
388,1023,0,223,1023,0,437,624,305,340,332,305,419,778,758,305,152
285,1023,0,219,1023,0,562,754,305,357,338,305,419,744,720,305,152
344,1023,0,249,1023,0,285,432,305,730,662,305,419,781,756,305,152
351,1023,0,127,1023,0,300,453,305,331,330,305,419,764,753,305,152
181,1023,0,188,1023,0,111,330,305,628,591,305,419,706,684,305,152
238,899,0,306,1023,0,754,916,306,708,623,305,419,797,733,305,152
462,1023,0,285,1023,0,371,529,305,335,321,305,420,806,793,305,152
355,1023,0,252,1023,0,285,423,305,511,488,305,420,766,746,305,152
768,1023,0,394,1023,0,373,508,305,354,327,305,420,843,788,305,152
1023,1023,0,1023,1023,0,702,864,305,604,462,305,420,920,852,305,152
42,586,0,114,1023,0,194,374,305,387,375,305,420,564,553,305,152
511,1023,0,403,1023,0,292,436,305,561,488,305,420,790,746,305,152
168,1023,0,103,1023,0,211,374,305,312,309,305,420,554,512,305,152
460,1023,0,155,1023,0,254,391,305,316,317,305,420,743,729,305,156
387,1023,0,175,1023,0,298,444,305,332,324,305,420,752,730,305,156
695,1023,0,323,1023,0,809,978,306,590,513,305,420,775,750,305,156
1023,1023,0,701,1023,0,563,693,305,453,357,305,420,845,793,305,156
258,1023,0,287,1023,0,836,985,306,649,548,305,420,799,759,305,156
413,1023,0,197,1023,0,337,478,305,325,319,305,420,753,736,305,156
443,1023,0,292,1023,0,192,353,305,414,373,305,420,764,739,305,156
436,1023,0,125,1023,0,237,392,305,321,312,305,420,774,763,305,156
288,1023,0,208,1023,0,497,671,305,330,320,305,420,766,731,305,156
325,1023,0,451,1023,0,683,835,305,504,406,305,420,805,769,305,156
635,1023,0,460,1023,0,506,682,305,457,391,305,420,786,755,305,156
414,1023,0,286,1023,0,505,679,305,415,366,305,420,763,726,305,156
348,1023,0,317,1023,0,570,737,305,375,332,305,420,761,723,305,156
503,1023,0,519,1023,0,456,602,305,390,346,305,421,780,754,305,156
368,1023,0,315,1023,0,486,670,305,434,387,305,421,758,740,305,156
335,1023,0,210,1023,0,376,546,305,343,332,305,421,764,753,305,156
437,1023,0,141,1023,0,611,813,305,399,369,305,421,721,703,305,156
511,1023,0,314,1023,0,254,383,305,340,329,305,421,763,750,305,156
358,1023,0,419,1023,0,803,958,306,612,512,305,421,756,702,305,156
340,1023,0,146,1023,0,229,383,305,351,346,305,421,746,733,305,156
300,1023,0,317,1023,0,400,529,305,355,330,305,421,748,691,305,156
481,1023,0,241,1023,0,496,674,305,494,431,305,421,797,767,305,156
362,1023,0,235,1023,0,382,538,305,331,323,305,421,780,752,305,156
313,1023,0,155,1023,0,508,711,305,373,356,305,421,782,768,305,156
486,1023,0,231,1023,0,198,360,305,375,343,305,421,762,739,305,156
486,1023,0,251,1023,0,592,777,305,371,337,305,421,804,791,305,156
332,1023,0,191,1023,0,320,466,305,321,316,305,421,760,738,305,156
1023,1023,0,1023,1023,0,1002,1023,307,805,702,305,421,862,812,305,156
368,1023,0,152,1023,0,444,634,305,361,346,305,421,745,725,305,156
351,1023,0,136,1023,0,215,375,305,480,435,305,421,779,769,305,156
373,1023,0,280,1023,0,343,474,305,330,320,305,421,691,671,305,156
465,1023,0,222,1023,0,539,728,305,355,340,305,421,759,739,305,156
300,1023,0,136,1023,0,505,711,305,352,345,305,422,769,760,305,156
346,1023,0,129,1023,0,275,420,305,309,315,305,422,764,751,305,156
576,1023,0,366,1023,0,382,524,305,496,420,305,422,789,768,305,156
558,1023,0,304,1023,0,692,880,305,433,391,305,422,767,736,305,156
336,1023,0,125,1023,0,234,398,305,359,337,305,422,728,715,305,156
289,1023,0,84,838,0,268,421,305,315,320,305,422,762,756,305,156
488,1023,0,350,1023,0,714,890,305,489,417,305,422,756,728,305,156
418,1023,0,226,1023,0,603,795,305,443,395,305,422,810,788,305,156
386,1023,0,199,1023,0,310,452,305,312,311,305,422,741,713,305,156
422,1023,0,195,1023,0,224,372,305,341,328,305,422,751,737,305,156
713,1023,0,719,1023,0,279,409,305,586,518,305,422,774,746,305,156
380,1023,0,136,1023,0,469,649,305,344,326,305,422,756,744,305,156
407,1023,0,264,1023,0,699,872,305,453,388,305,422,791,775,305,160
324,1023,0,192,1023,0,455,658,305,341,336,305,422,767,758,305,160
282,1023,0,143,1023,0,740,943,306,491,450,305,422,755,739,305,160
396,1023,0,167,1023,0,267,387,305,346,331,305,422,765,749,305,160
358,1023,0,198,1023,0,370,536,305,589,536,305,422,770,740,305,160
289,1023,0,243,1023,0,342,486,305,448,387,305,422,747,724,305,160
440,1023,0,392,1023,0,516,686,305,381,343,305,422,777,748,305,160
115,940,0,65,768,0,436,657,305,394,375,305,422,564,552,305,160
377,1023,0,153,1023,0,181,361,305,329,323,305,423,773,751,305,160
381,1023,0,153,1023,0,370,551,305,334,319,305,423,717,710,305,160
399,1023,0,210,1023,0,472,656,305,341,327,305,423,756,737,305,160
365,1023,0,366,1023,0,862,1013,306,656,561,305,423,809,761,305,160
356,1023,0,162,1023,0,235,372,305,361,346,305,423,762,749,305,160
296,1023,0,172,1023,0,190,366,305,311,323,305,423,770,757,305,160
309,1023,0,236,1023,0,329,495,305,365,348,305,423,773,758,305,160
667,1023,0,452,1023,0,758,914,306,520,420,305,423,787,742,305,160
394,1023,0,229,1023,0,510,691,305,327,321,305,423,732,707,305,160
338,1023,0,110,1023,0,317,477,305,321,321,305,423,739,724,305,160
364,1023,0,165,1023,0,438,628,305,323,319,305,423,690,671,305,160
435,1023,0,398,1023,0,765,926,306,535,438,305,423,766,742,305,160
431,1023,0,162,1023,0,406,580,305,334,325,305,423,770,753,305,160
328,1023,0,133,1023,0,264,420,305,332,320,305,423,775,764,305,160
424,1023,0,182,1023,0,418,608,305,334,327,305,423,771,755,305,160
233,1023,0,208,1023,0,664,839,305,445,379,305,423,695,662,305,160
575,1023,0,282,1023,0,281,420,305,372,345,305,423,766,751,305,160
409,1023,0,132,1023,0,431,623,305,336,331,305,423,757,735,305,160
350,1023,0,221,1023,0,290,443,305,383,358,305,423,753,736,305,160
322,1023,0,273,1023,0,468,627,305,365,338,305,423,738,679,305,160
422,1023,0,238,1023,0,479,654,305,551,518,305,423,775,758,305,160
508,1023,0,304,1023,0,636,835,305,427,385,305,423,820,797,305,160
442,1023,0,334,1023,0,800,968,306,594,511,305,424,789,757,305,160
372,1023,0,193,1023,0,198,363,305,313,315,305,424,703,685,305,160
780,1023,0,441,1023,0,331,467,305,435,363,305,424,827,782,305,160
239,1023,0,128,1023,0,508,712,305,321,328,305,424,806,797,305,160
453,1023,0,230,1023,0,399,572,305,444,407,305,424,809,793,305,160
372,1023,0,221,1023,0,390,561,305,327,321,305,424,712,694,305,160
327,1023,0,174,1023,0,729,919,306,566,509,305,424,755,743,305,160
374,1023,0,133,1023,0,213,368,305,321,321,305,424,770,751,305,160
407,1023,0,126,1023,0,255,407,305,335,331,305,424,742,725,305,160
382,1023,0,232,1023,0,335,467,305,313,318,305,424,751,731,305,160
438,1023,0,294,1023,0,464,647,305,382,349,305,424,781,759,305,160
425,1023,0,289,1023,0,200,352,305,328,324,305,424,734,706,305,164
162,1023,0,117,1023,0,526,734,305,626,564,305,424,777,768,305,164
530,1023,0,252,1023,0,469,653,305,380,350,305,424,777,753,305,164
449,1023,0,165,1023,0,176,352,305,328,327,305,424,739,710,305,164
564,1023,0,268,1023,0,325,468,305,481,420,305,424,787,764,305,164
430,1023,0,352,1023,0,669,820,305,625,518,305,425,784,731,305,164
371,1023,0,174,1023,0,671,868,305,441,394,305,425,712,700,305,164
254,1023,0,114,1023,0,497,714,305,350,342,305,425,795,785,305,164
408,1023,0,282,1023,0,450,623,305,341,332,305,425,720,670,305,164
290,1023,0,98,1005,0,353,534,305,314,317,305,425,747,735,305,164
409,1023,0,301,1023,0,748,925,306,540,469,305,425,761,731,305,164
518,1023,0,209,1023,0,389,541,305,349,325,305,425,787,765,305,164
356,1023,0,113,1023,0,516,726,305,359,351,305,425,726,715,305,164
473,1023,0,215,1023,0,561,736,305,355,336,305,425,788,763,305,164
382,1023,0,196,1023,0,416,598,305,335,323,305,425,762,746,305,164
472,1023,0,211,1023,0,610,794,305,400,363,305,425,778,751,305,164
333,1023,0,225,1023,0,260,401,305,375,349,305,425,777,759,305,164
437,1023,0,322,1023,0,261,403,305,344,335,305,425,750,721,305,164
506,1023,0,253,1023,0,282,424,305,387,359,305,425,816,783,305,164
449,1023,0,235,1023,0,282,416,305,340,329,305,425,777,764,305,164
420,1023,0,232,1023,0,342,501,305,334,321,305,425,796,776,305,164
757,1023,0,661,1023,0,686,845,305,598,498,305,425,809,768,305,164
789,1023,0,765,1023,0,585,753,305,474,372,305,425,856,818,305,164
483,1023,0,342,1023,0,518,710,305,365,339,305,425,775,755,305,164
434,1023,0,236,1023,0,676,867,305,442,399,305,425,833,806,305,164
331,1023,0,135,1023,0,251,393,305,331,322,305,425,755,738,305,164
529,1023,0,326,1023,0,400,562,305,365,346,305,426,773,751,305,164
425,1023,0,235,1023,0,253,398,305,383,359,305,426,772,741,305,164
376,1023,0,144,1023,0,310,470,305,333,319,305,426,765,755,305,164
431,1023,0,265,1023,0,553,745,305,339,333,305,426,736,715,305,164
278,1023,0,277,1023,0,707,877,305,497,402,305,426,743,706,305,164
335,1023,0,261,1023,0,442,606,305,406,375,305,426,774,752,305,164
367,1023,0,201,1023,0,408,583,305,337,321,305,426,672,644,305,164
384,1023,0,277,1023,0,810,978,306,594,508,305,426,717,676,305,164
334,1023,0,134,1023,0,346,510,305,316,318,305,426,773,764,305,164
375,1023,0,125,1023,0,387,574,305,324,317,305,426,765,750,305,164
326,1023,0,139,1023,0,202,364,305,327,324,305,426,766,754,305,164
400,1023,0,153,1023,0,186,357,305,325,328,305,426,752,741,305,164
463,1023,0,289,1023,0,213,374,305,379,353,305,426,771,745,305,164
306,1023,0,126,1023,0,211,376,305,337,326,305,426,745,736,305,164
474,1023,0,277,1023,0,474,645,305,519,444,305,426,798,771,305,164
204,1023,0,197,1023,0,625,806,305,419,367,305,426,741,713,305,164
312,1023,0,147,1023,0,644,840,305,413,373,305,426,675,636,305,164
270,1023,0,85,856,0,271,437,305,312,314,305,426,766,755,305,164
320,1023,0,114,1023,0,674,881,305,411,383,305,426,698,683,305,164
335,1023,0,165,1023,0,207,364,305,388,365,305,426,778,759,305,164
388,1023,0,291,1023,0,317,458,305,361,334,305,426,779,757,305,164
575,1023,0,294,1023,0,282,406,305,371,342,305,426,772,757,305,164
408,1023,0,176,1023,0,356,523,305,367,338,305,426,775,761,305,164
422,1023,0,315,1023,0,344,503,305,386,354,305,426,764,743,305,164
287,1023,0,199,1023,0,541,743,305,333,326,305,427,738,724,305,164
380,1023,0,133,1023,0,335,495,305,355,352,305,427,777,768,305,164
272,1023,0,192,1023,0,240,394,305,363,353,305,427,757,742,305,164
324,1023,0,156,1023,0,279,435,305,333,328,305,427,736,725,305,169
314,1023,0,149,1023,0,248,399,305,425,403,305,427,779,770,305,169
567,1023,0,281,1023,0,378,523,305,355,333,305,427,748,724,305,169
402,1023,0,190,1023,0,263,410,305,363,343,305,427,718,706,305,169
492,1023,0,288,1023,0,592,783,305,392,357,305,427,778,762,305,169
488,1023,0,185,1023,0,223,379,305,366,345,305,427,767,742,305,169
641,1023,0,330,1023,0,538,714,305,379,341,305,427,821,748,305,169
508,1023,0,208,1023,0,328,473,305,332,328,305,427,758,740,305,169
315,1023,0,100,1023,0,183,355,305,377,359,305,427,751,742,305,169
333,1023,0,209,1023,0,712,902,305,558,498,305,427,786,770,305,169
336,1023,0,216,1023,0,434,589,305,374,340,305,427,725,692,305,169
425,1023,0,188,1023,0,364,516,305,328,322,305,427,692,667,305,169
412,1023,0,172,1023,0,198,360,305,345,336,305,427,767,755,305,169
497,1023,0,287,1023,0,357,504,305,575,498,305,427,792,771,305,169
415,1023,0,314,1023,0,292,425,305,399,367,305,427,807,785,305,169
480,1023,0,284,1023,0,663,855,305,402,365,305,427,725,701,305,169
314,1023,0,186,1023,0,563,768,305,366,346,305,428,768,752,305,169
234,1023,0,239,1023,0,538,715,305,731,659,305,428,779,751,305,169
318,1023,0,135,1023,0,371,553,305,417,392,305,428,761,750,305,169
388,1023,0,158,1023,0,350,520,305,335,320,305,428,752,740,305,169
424,1023,0,185,1023,0,572,772,305,402,371,305,428,741,707,305,169
408,1023,0,308,1023,0,458,624,305,390,360,305,428,783,756,305,169
418,1023,0,191,1023,0,340,505,305,326,323,305,428,772,761,305,169
439,1023,0,236,1023,0,557,749,305,422,385,305,428,791,768,305,169
391,1023,0,276,1023,0,680,857,305,446,385,305,428,775,736,305,169
100,900,0,16,186,0,0,314,305,328,327,305,428,622,624,305,169
300,1023,0,209,1023,0,683,867,305,420,374,305,428,757,722,305,169
311,1023,0,97,970,0,212,367,305,310,311,305,428,759,749,305,169
455,1023,0,333,1023,0,568,762,305,376,354,305,428,793,772,305,169
366,1023,0,154,1023,0,331,489,305,317,320,305,428,763,753,305,169
337,1023,0,138,1023,0,391,575,305,326,326,305,428,771,750,305,169
376,1023,0,199,1023,0,749,930,306,508,438,305,428,763,748,305,169
280,1023,0,233,1023,0,607,783,305,402,358,305,428,755,733,305,169
1023,1023,0,961,1023,0,567,766,305,534,419,305,428,860,785,305,169
270,1023,0,91,927,0,676,878,305,481,436,305,428,777,758,305,169
318,1023,0,244,1023,0,180,349,305,403,379,305,428,729,708,305,169
362,1023,0,297,1023,0,691,862,305,427,368,305,428,655,577,305,169
382,1023,0,202,1023,0,382,543,305,397,367,305,428,757,736,305,169
219,1023,0,145,1023,0,410,584,305,509,448,305,429,776,762,305,169
424,1023,0,200,1023,0,551,748,305,347,331,305,429,767,749,305,169
321,1023,0,298,1023,0,271,407,305,326,321,305,429,719,678,305,169
420,1023,0,398,1023,0,301,421,305,389,351,305,429,773,737,305,169
303,1023,0,209,1023,0,700,902,305,451,413,305,429,782,765,305,169
460,1023,0,229,1023,0,778,965,306,561,507,305,429,750,735,305,169
392,1023,0,181,1023,0,426,611,305,342,329,305,429,782,762,305,169
340,1023,0,118,1023,0,216,383,305,336,337,305,429,763,745,305,169
371,1023,0,191,1023,0,671,853,305,452,391,305,429,767,742,305,169
562,1023,0,332,1023,0,410,568,305,363,341,305,429,783,755,305,169
480,1023,0,280,1023,0,387,558,305,450,407,305,429,805,790,305,169
293,1023,0,117,1023,0,625,830,305,392,365,305,429,768,753,305,169
352,1023,0,142,1023,0,720,911,305,495,439,305,429,763,752,305,173
281,1023,0,276,1023,0,806,962,306,575,477,305,429,740,708,305,173
327,1023,0,249,1023,0,250,384,305,324,320,305,429,682,653,305,173
417,1023,0,281,1023,0,289,414,305,371,347,305,429,779,745,305,173
447,1023,0,214,1023,0,226,379,305,346,326,305,429,820,776,305,173
472,1023,0,233,1023,0,698,892,305,450,399,305,429,756,732,305,173
807,1023,0,563,1023,0,404,560,305,439,355,305,429,853,774,305,173
350,1023,0,219,1023,0,582,767,305,627,549,305,429,809,785,305,173
423,1023,0,229,1023,0,269,411,305,327,324,305,429,767,746,305,173
471,1023,0,262,1023,0,326,452,305,452,398,305,429,791,773,305,173
477,1023,0,358,1023,0,335,461,305,364,334,305,429,775,741,305,173
1023,1023,0,996,1023,0,897,1023,306,689,611,305,429,858,786,305,173
625,1023,0,401,1023,0,410,558,305,398,352,305,429,816,785,305,173
383,1023,0,183,1023,0,369,540,305,350,340,305,429,769,747,305,173
405,1023,0,242,1023,0,545,734,305,354,335,305,429,780,766,305,173
239,1023,0,269,1023,0,733,897,305,624,536,305,430,781,751,305,173
378,1023,0,237,1023,0,184,349,305,341,325,305,430,748,714,305,173
421,1023,0,188,1023,0,549,744,305,404,374,305,430,773,752,305,173
361,1023,0,238,1023,0,548,720,305,354,334,305,430,725,689,305,173
310,1023,0,205,1023,0,423,598,305,319,319,305,430,751,708,305,173
418,1023,0,152,1023,0,483,681,305,362,352,305,430,748,735,305,173
347,1023,0,184,1023,0,365,499,305,324,317,305,430,747,718,305,173
342,1023,0,138,1023,0,191,361,305,326,320,305,430,679,663,305,173
223,1023,0,104,1023,0,312,481,305,316,315,305,430,732,726,305,173
443,1023,0,135,1023,0,373,545,305,335,326,305,430,766,752,305,173
378,1023,0,144,1023,0,339,504,305,327,321,305,430,767,759,305,173
369,1023,0,179,1023,0,344,488,305,345,336,305,430,774,735,305,173
278,1023,0,214,1023,0,658,848,305,475,422,305,430,744,720,305,173
377,1023,0,326,1023,0,269,410,305,351,330,305,430,760,732,305,173
368,1023,0,173,1023,0,675,870,305,420,382,305,430,746,726,305,173
381,1023,0,183,1023,0,271,413,305,331,326,305,430,763,744,305,173
494,1023,0,161,1023,0,641,841,305,391,364,305,430,717,706,305,173
425,1023,0,156,1023,0,369,539,305,328,323,305,430,786,744,305,173
543,1023,0,339,1023,0,539,719,305,348,332,305,430,777,749,305,173
279,1023,0,129,1023,0,80,324,305,322,324,305,430,679,668,305,173
455,1023,0,233,1023,0,183,350,305,320,316,305,430,728,710,305,173
304,1023,0,127,1023,0,145,339,305,316,316,305,430,743,727,305,173
403,1023,0,164,1023,0,311,454,305,312,316,305,430,763,742,305,173
415,1023,0,219,1023,0,350,501,305,331,324,305,431,781,766,305,173
393,1023,0,217,1023,0,518,700,305,364,341,305,431,764,745,305,173
377,1023,0,178,1023,0,238,389,305,340,330,305,431,768,754,305,173
976,1023,0,1023,1023,0,400,499,305,611,477,305,431,883,807,305,173
573,1023,0,266,1023,0,240,365,305,388,355,305,431,800,763,305,173
645,1023,0,534,1023,0,530,687,305,396,351,305,431,805,749,305,173
428,1023,0,214,1023,0,744,933,306,490,435,305,431,728,708,305,173
332,1023,0,168,1023,0,181,356,305,350,346,305,431,751,737,305,173
373,1023,0,105,1023,0,393,575,305,330,324,305,431,720,709,305,173
374,1023,0,156,1023,0,207,366,305,318,314,305,431,797,778,305,173
439,1023,0,192,1023,0,599,789,305,363,345,305,431,737,722,305,173
230,1023,0,35,426,0,116,331,305,352,347,305,431,774,772,305,177
531,1023,0,310,1023,0,529,714,305,362,336,305,431,758,739,305,177
359,1023,0,131,1023,0,256,409,305,347,340,305,431,760,740,305,177
433,1023,0,315,1023,0,726,901,305,560,481,305,431,733,710,305,177
259,1023,0,407,1023,0,756,913,306,535,434,305,431,784,743,305,177
362,1023,0,327,1023,0,320,445,305,671,589,305,431,744,694,305,177
442,1023,0,401,1023,0,334,460,305,341,321,305,431,788,769,305,177
1023,1023,0,1023,1023,0,496,542,305,624,463,305,431,1011,869,305,177
385,1023,0,318,1023,0,341,472,305,370,338,305,431,767,748,305,177
467,1023,0,352,1023,0,525,675,305,460,383,305,431,811,760,305,177
346,1023,0,287,1023,0,696,869,305,641,562,305,431,736,684,305,177
202,845,0,230,1023,0,279,390,305,319,318,305,432,791,736,305,177
430,1023,0,177,1023,0,371,537,305,359,338,305,432,775,751,305,177
399,1023,0,326,1023,0,300,420,305,323,318,305,432,692,648,305,177
423,1023,0,259,1023,0,202,366,305,360,339,305,432,682,655,305,177
485,1023,0,232,1023,0,492,674,305,332,322,305,432,730,701,305,177
381,1023,0,180,1023,0,157,348,305,308,314,305,432,773,762,305,177
343,1023,0,169,1023,0,391,555,305,363,339,305,432,748,703,305,177
424,1023,0,183,1023,0,462,628,305,347,329,305,432,709,680,305,177
222,1023,0,107,1023,0,424,634,305,328,324,305,432,761,754,305,177
374,1023,0,313,1023,0,493,663,305,347,333,305,432,724,700,305,177
690,1023,0,463,1023,0,276,415,305,355,341,305,432,757,728,305,177
459,1023,0,388,1023,0,428,603,305,331,323,305,432,762,744,305,177
410,1023,0,197,1023,0,674,865,305,419,383,305,432,762,736,305,177
509,1023,0,246,1023,0,720,905,305,605,533,305,432,805,786,305,177
372,1023,0,188,1023,0,388,550,305,397,362,305,432,767,748,305,177
434,1023,0,193,1023,0,512,697,305,360,343,305,432,767,747,305,177
586,1023,0,237,1023,0,487,670,305,350,336,305,432,779,755,305,177
346,1023,0,276,1023,0,280,396,305,336,326,305,432,767,740,305,177
460,1023,0,254,1023,0,554,752,305,374,357,305,432,790,768,305,177
411,1023,0,271,1023,0,418,584,305,332,324,305,432,726,710,305,177
376,1023,0,129,1023,0,304,457,305,324,316,305,433,746,735,305,177
392,1023,0,178,1023,0,534,737,305,356,338,305,433,778,769,305,177
412,1023,0,205,1023,0,343,487,305,351,343,305,433,771,742,305,177
640,1023,0,240,1023,0,295,438,305,345,325,305,433,809,780,305,177
1023,1023,0,955,1023,0,880,1023,306,701,615,305,433,897,798,305,177
455,1023,0,680,1023,0,814,983,306,657,567,305,433,846,812,305,177
342,1023,0,182,1023,0,109,326,305,415,378,305,433,722,705,305,177
340,1023,0,218,1023,0,741,929,306,483,431,305,433,678,660,305,177
294,1023,0,276,1023,0,771,935,306,544,456,305,433,768,731,305,177
480,1023,0,267,1023,0,700,879,305,531,458,305,433,791,772,305,177
361,1023,0,182,1023,0,231,368,305,329,320,305,433,778,765,305,177
378,1023,0,309,1023,0,647,818,305,397,358,305,433,776,743,305,177
330,1023,0,136,1023,0,374,540,305,371,343,305,433,747,724,305,181
294,1023,0,349,1023,0,472,618,305,344,333,305,433,747,706,305,181
514,1023,0,243,1023,0,365,484,305,423,362,305,433,790,769,305,181
377,1023,0,139,1023,0,596,793,305,369,341,305,433,777,765,305,181
712,1023,0,491,1023,0,347,462,305,383,347,305,433,781,746,305,181
341,1023,0,185,1023,0,263,403,305,370,345,305,433,733,704,305,181
382,1023,0,361,1023,0,449,603,305,336,325,305,433,673,615,305,181
377,1023,0,315,1023,0,469,613,305,342,322,305,433,713,671,305,181
357,1023,0,132,1023,0,798,990,306,565,518,305,433,711,694,305,181
357,1023,0,311,1023,0,692,855,305,447,375,305,433,712,669,305,181
328,1023,0,118,1023,0,398,563,305,408,379,305,433,766,745,305,181
583,1023,0,348,1023,0,413,570,305,340,326,305,434,797,780,305,181
414,1023,0,216,1023,0,399,567,305,349,333,305,434,782,762,305,181
348,1023,0,123,1023,0,510,707,305,340,328,305,434,758,748,305,181
376,1023,0,475,1023,0,645,796,305,659,543,305,434,809,755,305,181
323,1023,0,158,1023,0,364,533,305,322,321,305,434,764,751,305,181
343,1023,0,160,1023,0,175,353,305,341,326,305,434,747,717,305,181
361,1023,0,203,1023,0,429,606,305,366,346,305,434,757,734,305,181
267,1023,0,329,1023,0,839,988,306,705,617,305,434,772,707,305,181
439,1023,0,193,1023,0,457,641,305,355,337,305,434,720,702,305,181
280,1023,0,95,1023,0,650,859,305,409,384,305,434,753,744,305,181
409,1023,0,229,1023,0,293,445,305,316,315,305,434,724,704,305,181
395,1023,0,167,1023,0,553,754,305,353,338,305,434,760,744,305,181
296,1023,0,118,1023,0,210,381,305,329,325,305,434,747,728,305,181
401,1023,0,244,1023,0,261,397,305,387,359,305,434,760,739,305,181
377,1023,0,151,1023,0,390,571,305,341,332,305,434,745,733,305,181
585,1023,0,515,1023,0,482,656,305,398,365,305,434,796,771,305,181
426,1023,0,275,1023,0,338,455,305,370,342,305,434,784,756,305,181
445,1023,0,245,1023,0,815,994,306,593,532,305,434,782,763,305,181
462,1023,0,161,1023,0,688,883,305,474,426,305,434,692,669,305,181
257,1023,0,132,1023,0,320,492,305,332,332,305,435,764,755,305,181
387,1023,0,266,1023,0,283,438,305,377,357,305,435,790,775,305,181
444,1023,0,304,1023,0,446,573,305,325,321,305,435,757,733,305,181
560,1023,0,350,1023,0,505,682,305,469,408,305,435,826,800,305,181
315,1023,0,187,1023,0,236,396,305,315,313,305,435,752,744,305,181
678,1023,0,487,1023,0,418,549,305,463,378,305,435,848,787,305,181
313,1023,0,106,1023,0,625,825,305,376,356,305,435,717,704,305,181
286,1023,0,245,1023,0,727,900,305,585,503,305,435,757,733,305,181
260,1023,0,100,1023,0,328,507,305,314,312,305,435,740,727,305,181
395,1023,0,116,1023,0,455,658,305,326,315,305,435,704,688,305,181
391,1023,0,225,1023,0,254,402,305,325,318,305,435,751,711,305,181
358,1023,0,136,1023,0,467,662,305,345,329,305,435,761,749,305,181
350,1023,0,235,1023,0,276,406,305,659,589,305,435,793,747,305,181
263,1023,0,261,1023,0,343,469,305,367,336,305,435,778,748,305,181
343,1023,0,164,1023,0,187,365,305,325,319,305,435,741,729,305,181
344,1023,0,158,1023,0,471,672,305,392,368,305,435,753,742,305,181
398,1023,0,211,1023,0,598,795,305,354,338,305,435,745,735,305,181
387,1023,0,163,1023,0,225,370,305,335,322,305,436,758,722,305,185
240,1023,0,84,926,0,207,371,305,322,320,305,436,728,723,305,185
383,1023,0,209,1023,0,238,388,305,450,412,305,436,788,772,305,185
492,1023,0,194,1023,0,219,389,305,698,661,305,436,841,826,305,185
332,1023,0,106,1023,0,437,638,305,327,317,305,436,701,686,305,185
368,1023,0,206,1023,0,645,835,305,408,368,305,436,780,765,305,185
358,1023,0,188,1023,0,423,608,305,352,338,305,436,751,720,305,185
325,1023,0,225,1023,0,249,401,305,409,371,305,436,777,748,305,185
388,1023,0,118,1023,0,278,421,305,317,317,305,436,774,761,305,185
472,1023,0,188,1023,0,617,802,305,402,369,305,436,774,750,305,185
316,1023,0,196,1023,0,643,836,305,512,472,305,436,756,732,305,185
319,1023,0,201,1023,0,398,553,305,409,363,305,436,749,723,305,185
374,1023,0,199,1023,0,560,761,305,349,332,305,436,752,740,305,185
407,1023,0,188,1023,0,241,397,305,324,325,305,436,775,751,305,185
361,1023,0,156,1023,0,269,414,305,457,415,305,436,791,777,305,185
371,1023,0,209,1023,0,348,515,305,493,448,305,436,764,744,305,185
433,1023,0,278,1023,0,325,473,305,397,371,305,436,794,769,305,185
567,1023,0,436,1023,0,447,618,305,366,338,305,437,769,743,305,185
572,1023,0,354,1023,0,345,499,305,379,359,305,437,781,755,305,185
426,1023,0,200,1023,0,397,584,305,312,318,305,437,788,771,305,185
336,1023,0,116,1023,0,323,478,305,347,335,305,437,734,723,305,185
346,1023,0,147,1023,0,220,379,305,412,377,305,437,763,745,305,185
375,1023,0,100,1023,0,183,354,305,325,316,305,437,718,705,305,185
414,1023,0,437,1023,0,793,955,306,595,501,305,437,774,730,305,185
383,1023,0,287,1023,0,173,358,305,328,318,305,437,748,723,305,185
1023,1023,0,1023,1023,0,693,877,305,619,507,305,437,933,855,305,185
299,1023,0,129,1023,0,389,583,305,346,338,305,437,739,722,305,185
440,1023,0,309,1023,0,336,465,305,341,330,305,437,754,699,305,185
314,1023,0,312,1023,0,606,773,305,707,620,305,437,756,707,305,185
451,1023,0,279,1023,0,489,670,305,372,348,305,437,765,741,305,185
436,1023,0,239,1023,0,456,639,305,358,341,305,437,799,774,305,185
390,1023,0,162,1023,0,267,416,305,336,323,305,437,765,753,305,185
348,1023,0,142,1023,0,203,362,305,323,316,305,437,765,741,305,185
400,1023,0,196,1023,0,369,533,305,309,310,305,437,736,694,305,185
815,1023,0,491,1023,0,429,601,305,459,395,305,437,866,814,305,185
348,1023,0,267,1023,0,207,360,305,352,328,305,437,765,732,305,185
348,1023,0,337,1023,0,478,646,305,330,319,305,437,807,783,305,185
430,1023,0,172,1023,0,320,471,305,340,324,305,437,750,721,305,189
402,1023,0,233,1023,0,220,374,305,448,407,305,437,762,749,305,189
1023,1023,0,905,1023,0,502,647,305,434,364,305,438,920,817,305,189
434,1023,0,261,1023,0,423,608,305,355,340,305,438,789,771,305,189
345,1023,0,168,1023,0,438,627,305,324,316,305,438,739,720,305,189
443,1023,0,204,1023,0,749,935,306,538,474,305,438,755,738,305,189
298,1023,0,203,1023,0,453,617,305,329,325,305,438,716,689,305,189
355,1023,0,275,1023,0,240,390,305,326,318,305,438,649,625,305,189
314,1023,0,212,1023,0,290,435,305,614,554,305,438,763,745,305,189
404,1023,0,146,1023,0,601,800,305,364,348,305,438,696,658,305,189
367,1023,0,238,1023,0,324,468,305,369,348,305,438,745,718,305,189
383,1023,0,262,1023,0,505,687,305,336,320,305,438,752,729,305,189
350,1023,0,256,1023,0,579,766,305,436,370,305,438,745,722,305,189
428,1023,0,230,1023,0,591,774,305,428,382,305,438,814,777,305,189
377,1023,0,181,1023,0,225,378,305,329,321,305,438,761,741,305,189
332,1023,0,138,1023,0,336,497,305,322,315,305,438,764,747,305,189
339,1023,0,246,1023,0,248,385,305,338,333,305,438,773,756,305,189
346,1023,0,295,1023,0,749,918,306,522,441,305,438,753,717,305,189
357,1023,0,155,1023,0,445,638,305,379,364,305,438,771,760,305,189
410,1023,0,166,1023,0,248,393,305,369,347,305,438,759,741,305,189
461,1023,0,221,1023,0,191,365,305,395,368,305,438,788,768,305,189
455,1023,0,194,1023,0,422,604,305,341,339,305,439,706,691,305,189
303,1023,0,91,917,0,390,580,305,331,319,305,439,740,730,305,189
460,1023,0,212,1023,0,371,540,305,358,339,305,439,765,730,305,189
425,1023,0,294,1023,0,440,603,305,338,326,305,439,762,727,305,189
505,1023,0,244,1023,0,328,466,305,342,324,305,439,797,772,305,189
511,1023,0,208,1023,0,363,519,305,349,329,305,439,743,723,305,189
490,1023,0,244,1023,0,656,831,305,438,381,305,439,799,782,305,189
1023,1023,0,984,1023,0,658,824,305,620,511,305,439,957,879,305,189
425,1023,0,191,1023,0,447,626,305,333,324,305,439,758,746,305,189
416,1023,0,160,1023,0,159,350,305,379,350,305,439,727,709,305,189
357,1023,0,167,1023,0,668,869,305,443,399,305,439,768,748,305,189
427,1023,0,164,1023,0,705,903,305,437,399,305,439,702,692,305,189
507,1023,0,246,1023,0,319,459,305,392,352,305,439,845,825,305,189
449,1023,0,264,1023,0,461,643,305,361,340,305,439,793,763,305,189
355,1023,0,143,1023,0,603,806,305,376,357,305,439,767,754,305,189
435,1023,0,165,1023,0,331,493,305,352,332,305,439,699,690,305,189
422,1023,0,337,1023,0,678,860,305,484,421,305,439,766,743,305,189
523,1023,0,244,1023,0,649,846,305,418,385,305,439,790,767,305,189
501,1023,0,399,1023,0,719,894,305,475,404,305,439,778,761,305,189
344,1023,0,163,1023,0,581,761,305,385,353,305,440,764,752,305,189
526,1023,0,241,1023,0,338,438,305,598,530,305,440,793,768,305,189
390,1023,0,173,1023,0,347,507,305,436,395,305,440,788,770,305,189
636,1023,0,370,1023,0,812,957,306,622,510,305,440,785,756,305,189
363,1023,0,196,1023,0,419,585,305,332,323,305,440,715,676,305,189
398,1023,0,144,1023,0,474,664,305,332,329,305,440,763,753,305,189
453,1023,0,272,1023,0,758,930,306,519,439,305,440,734,712,305,189
381,1023,0,158,1023,0,206,371,305,400,372,305,440,774,762,305,189
450,1023,0,231,1023,0,389,555,305,352,340,305,440,792,772,305,189
422,1023,0,163,1023,0,224,379,305,328,321,305,440,740,731,305,189
410,1023,0,260,1023,0,637,824,305,420,372,305,440,791,774,305,189
365,1023,0,172,1023,0,576,773,305,373,348,305,440,789,775,305,189
269,1023,0,163,1023,0,733,920,306,631,572,305,440,761,741,305,189
298,1023,0,211,1023,0,392,572,305,418,382,305,440,781,760,305,189
443,1023,0,197,1023,0,229,371,305,345,334,305,440,752,734,305,189
548,1023,0,358,1023,0,236,382,305,381,353,305,440,727,691,305,193
349,1023,0,160,1023,0,252,400,305,324,315,305,440,730,714,305,193
552,1023,0,245,1023,0,227,379,305,409,364,305,440,745,718,305,193
345,1023,0,158,1023,0,529,728,305,341,334,305,440,760,744,305,193
424,1023,0,283,1023,0,221,369,305,342,329,305,440,770,725,305,193
322,1023,0,238,1023,0,286,418,305,727,665,305,440,753,733,305,193
317,1023,0,115,1023,0,151,342,305,325,317,305,440,751,738,305,193
256,1023,0,266,1023,0,425,580,305,637,557,305,440,766,726,305,193
356,1023,0,331,1023,0,334,445,305,331,321,305,441,773,751,305,193
496,1023,0,261,1023,0,180,343,305,319,315,305,441,780,767,305,193
575,1023,0,245,1023,0,613,795,305,414,374,305,441,785,762,305,193
294,1023,0,107,1023,0,153,344,305,329,318,305,441,702,688,305,193
412,1023,0,251,1023,0,473,657,305,348,329,305,441,752,733,305,193
417,1023,0,139,1023,0,301,448,305,318,314,305,441,765,746,305,193
359,1023,0,153,1023,0,423,614,305,327,318,305,441,771,756,305,193
334,1023,0,167,1023,0,286,441,305,321,319,305,441,727,708,305,193
434,1023,0,175,1023,0,617,817,305,385,353,305,441,765,740,305,193
373,1023,0,188,1023,0,350,502,305,450,395,305,441,767,748,305,193
309,1023,0,161,1023,0,244,383,305,317,314,305,441,698,671,305,193
555,1023,0,232,1023,0,208,359,305,376,350,305,441,717,694,305,193
449,1023,0,344,1023,0,428,583,305,404,365,305,441,770,746,305,193
424,1023,0,270,1023,0,523,698,305,389,357,305,441,749,727,305,193
432,1023,0,186,1023,0,544,740,305,353,340,305,441,757,737,305,193
516,1023,0,186,1023,0,245,390,305,367,340,305,441,770,748,305,193
397,1023,0,218,1023,0,295,437,305,371,350,305,441,772,741,305,193
373,1023,0,190,1023,0,351,513,305,319,321,305,442,774,744,305,193
366,1023,0,209,1023,0,317,479,305,354,344,305,442,786,768,305,193
291,1023,0,146,1023,0,493,705,305,340,326,305,442,735,717,305,193
394,1023,0,218,1023,0,340,496,305,413,378,305,442,785,770,305,193
470,1023,0,290,1023,0,351,508,305,322,317,305,442,797,780,305,193
395,1023,0,400,1023,0,322,463,305,472,401,305,442,781,765,305,193
365,1023,0,203,1023,0,707,888,305,435,388,305,442,727,694,305,193
459,1023,0,286,1023,0,363,513,305,364,340,305,442,773,759,305,193
299,1023,0,136,1023,0,509,720,305,340,333,305,442,763,750,305,197
551,1023,0,251,1023,0,786,954,306,552,455,305,442,813,775,305,197
471,1023,0,335,1023,0,312,426,305,370,345,305,442,799,776,305,197
281,1023,0,126,1023,0,242,394,305,333,321,305,442,739,726,305,197
375,1023,0,257,1023,0,314,463,305,352,334,305,442,771,755,305,197
477,1023,0,208,1023,0,235,388,305,331,323,305,442,719,699,305,197
355,1023,0,113,1023,0,551,761,305,344,335,305,442,749,740,305,197
272,1023,0,166,1023,0,234,393,305,319,318,305,443,774,764,305,197
421,1023,0,221,1023,0,224,381,305,359,337,305,443,774,755,305,197
352,1023,0,164,1023,0,465,668,305,345,339,305,443,749,735,305,197
378,1023,0,180,1023,0,421,596,305,372,346,305,443,786,765,305,197
481,1023,0,223,1023,0,372,534,305,391,357,305,443,798,773,305,197
152,1023,0,11,137,0,0,312,305,330,322,305,443,714,706,305,197
331,1023,0,404,1023,0,791,943,306,556,451,305,443,744,695,305,197
304,1023,0,84,919,0,187,354,305,314,313,305,443,713,707,305,197
654,1023,0,542,1023,0,584,743,305,424,363,305,443,796,757,305,197
424,1023,0,306,1023,0,285,401,305,387,353,305,443,728,711,305,197
391,1023,0,236,1023,0,468,624,305,381,350,305,443,766,736,305,197
639,1023,0,393,1023,0,235,350,305,379,343,305,443,786,723,305,197
124,1023,0,20,291,0,0,321,305,396,393,305,443,670,671,305,197
337,1023,0,105,1023,0,177,354,305,321,317,305,443,713,700,305,197
376,1023,0,128,1023,0,373,548,305,337,328,305,443,735,718,305,197
402,1023,0,157,1023,0,532,732,305,348,336,305,443,757,734,305,197
545,1023,0,400,1023,0,338,465,305,339,330,305,443,726,678,305,197
387,1023,0,153,1023,0,461,662,305,339,325,305,443,782,765,305,197
490,1023,0,264,1023,0,347,493,305,364,342,305,443,773,746,305,197
268,1023,0,120,1023,0,214,378,305,314,312,305,443,762,748,305,197
343,1023,0,262,1023,0,302,427,305,337,332,305,443,793,753,305,197
480,1023,0,215,1023,0,302,463,305,335,325,305,443,754,738,305,197
1023,1023,0,712,1023,0,795,940,306,614,502,305,443,901,847,305,197
462,1023,0,292,1023,0,602,790,305,407,371,305,443,778,754,305,197
321,1023,0,323,1023,0,299,411,305,352,331,305,443,750,706,305,197
485,1023,0,240,1023,0,403,574,305,361,341,305,443,758,741,305,197
484,1023,0,265,1023,0,440,611,305,324,322,305,444,717,682,305,197
382,1023,0,101,1023,0,404,593,305,318,313,305,444,707,662,305,197
433,1023,0,295,1023,0,313,445,305,337,320,305,444,733,699,305,197
281,1023,0,204,1023,0,195,356,305,444,381,305,444,727,698,305,197
341,1023,0,157,1023,0,357,528,305,343,333,305,444,702,691,305,197
452,1023,0,181,1023,0,547,747,305,387,360,305,444,764,744,305,197
400,1023,0,505,1023,0,293,416,305,426,371,305,444,855,809,305,197
415,1023,0,334,1023,0,263,384,305,386,348,305,444,782,762,305,197
423,1023,0,192,1023,0,533,735,305,349,343,305,444,788,773,305,197
352,1023,0,165,1023,0,503,701,305,346,331,305,444,764,733,305,197
1023,1023,0,1023,1023,0,563,719,305,534,413,305,444,918,820,305,197
653,1023,0,320,1023,0,300,437,305,378,348,305,444,790,779,305,197
367,1023,0,190,1023,0,268,420,305,349,336,305,444,773,761,305,197
848,1023,0,675,1023,0,805,975,306,598,505,305,444,870,826,305,197
304,1023,0,190,1023,0,424,614,305,332,326,305,444,739,712,305,197
331,1023,0,174,1023,0,458,664,305,361,348,305,444,771,759,305,197
603,1023,0,433,1023,0,271,419,305,493,409,305,444,794,769,305,202
464,1023,0,292,1023,0,706,897,305,504,441,305,444,810,791,305,202
314,1023,0,126,1023,0,446,650,305,333,325,305,444,754,744,305,202
378,1023,0,191,1023,0,171,349,305,344,336,305,444,757,747,305,202
269,1023,0,411,1023,0,779,925,306,819,730,305,445,804,740,305,202
283,1023,0,282,1023,0,785,945,306,567,466,305,445,752,719,305,202
586,1023,0,274,1023,0,456,627,305,333,327,305,445,758,735,305,202
451,1023,0,175,1023,0,186,355,305,330,319,305,445,782,757,305,202
249,1023,0,125,1023,0,305,474,305,325,318,305,445,758,745,305,202
460,1023,0,247,1023,0,827,991,306,596,509,305,445,744,722,305,202
537,1023,0,351,1023,0,655,830,305,479,409,305,445,770,745,305,202
572,1023,0,358,1023,0,299,455,305,366,358,305,445,807,790,305,202
265,1023,0,324,1023,0,866,1023,306,688,610,305,445,799,762,305,202
347,1023,0,126,1023,0,158,343,305,325,317,305,445,757,738,305,202
338,1023,0,104,998,0,213,368,305,320,318,305,445,757,744,305,202
377,1023,0,132,1023,0,530,733,305,368,353,305,445,741,725,305,202
981,1023,0,545,1023,0,420,536,305,409,364,305,445,862,803,305,202
410,1023,0,180,1023,0,193,356,305,341,329,305,445,762,750,305,202
512,1023,0,217,1023,0,531,724,305,349,336,305,445,742,729,305,202
657,1023,0,296,1023,0,550,724,305,506,425,305,445,851,807,305,202
582,1023,0,381,1023,0,542,713,305,361,339,305,445,846,812,305,202
820,1023,0,581,1023,0,284,390,305,440,382,305,446,834,796,305,202
754,1023,0,441,1023,0,483,610,305,382,340,305,446,828,761,305,202
468,1023,0,229,1023,0,626,808,305,484,414,305,446,777,759,305,202
421,1023,0,297,1023,0,673,857,305,428,371,305,446,748,725,305,202
744,1023,0,327,1023,0,273,375,305,385,354,305,446,829,779,305,202
370,1023,0,302,1023,0,396,573,305,718,609,305,446,785,762,305,202
1023,1023,0,1023,1023,0,833,986,306,848,726,305,446,1023,938,306,202
250,1023,0,298,1023,0,843,997,306,657,565,305,446,749,711,305,202
343,1023,0,115,1023,0,627,829,305,382,356,305,446,750,738,305,202
436,1023,0,191,1023,0,348,503,305,383,359,305,446,761,732,305,202
335,1023,0,186,1023,0,322,476,305,359,341,305,446,768,753,305,202
408,1023,0,188,1023,0,285,435,305,348,341,305,446,782,760,305,202
336,1023,0,161,1023,0,547,752,305,344,330,305,446,740,725,305,202
396,1023,0,157,1023,0,265,412,305,324,315,305,446,767,758,305,202
471,1023,0,199,1023,0,619,807,305,426,383,305,446,761,746,305,202
346,1023,0,340,1023,0,278,408,305,348,334,305,446,745,707,305,202
405,1023,0,241,1023,0,629,820,305,439,388,305,446,734,716,305,202
399,1023,0,214,1023,0,164,345,305,312,315,305,446,761,743,305,202
1023,1023,0,532,1023,0,440,556,305,386,330,305,446,876,777,305,202
326,1023,0,107,1023,0,269,417,305,320,315,305,446,744,727,305,202
451,1023,0,312,1023,0,379,517,305,355,333,305,446,762,728,305,202
493,1023,0,213,1023,0,243,382,305,324,314,305,446,776,762,305,206
247,1023,0,238,1023,0,235,377,305,531,464,305,447,795,773,305,206
394,1023,0,166,1023,0,275,426,305,461,410,305,447,778,764,305,206
262,1023,0,279,1023,0,556,735,305,359,336,305,447,761,733,305,206
338,1023,0,214,1023,0,362,523,305,341,321,305,447,752,699,305,206
369,1023,0,298,1023,0,491,664,305,353,331,305,447,743,714,305,206
401,1023,0,228,1023,0,307,457,305,331,318,305,447,738,701,305,206
476,1023,0,210,1023,0,269,387,305,336,324,305,447,714,703,305,206
432,1023,0,180,1023,0,186,366,305,335,329,305,447,743,730,305,206
498,1023,0,375,1023,0,569,727,305,368,335,305,447,762,715,305,206
748,1023,0,823,1023,0,709,853,305,546,437,305,447,832,768,305,206
1023,1023,0,1023,1023,0,501,619,305,473,356,305,447,894,804,305,206
877,1023,0,575,1023,0,719,871,305,561,462,305,447,856,825,305,206
316,1023,0,472,1023,0,609,764,305,529,426,305,447,790,752,305,206
456,1023,0,213,1023,0,388,556,305,416,379,305,447,758,737,305,206
373,1023,0,142,1023,0,526,723,305,381,355,305,447,778,766,305,206
342,1023,0,131,1023,0,182,352,305,337,332,305,447,767,746,305,206
359,1023,0,266,1023,0,321,467,305,423,385,305,447,767,740,305,206
765,1023,0,425,1023,0,254,362,305,403,343,305,447,832,776,305,206
558,1023,0,347,1023,0,505,670,305,375,354,305,447,752,724,305,206
351,1023,0,131,1023,0,616,822,305,381,354,305,447,774,761,305,206
328,1023,0,177,1023,0,375,548,305,333,325,305,447,709,689,305,206
585,1023,0,341,1023,0,231,361,305,404,368,305,447,783,759,305,206
347,1023,0,133,1023,0,177,352,305,316,316,305,447,763,739,305,206
409,1023,0,149,1023,0,369,540,305,325,324,305,447,770,760,305,206
350,1023,0,350,1023,0,549,707,305,359,335,305,448,739,714,305,206
417,1023,0,406,1023,0,653,835,305,416,373,305,448,804,782,305,206
284,1023,0,142,1023,0,301,450,305,372,360,305,448,735,719,305,206
451,1023,0,220,1023,0,847,1000,306,648,554,305,448,781,764,305,206
50,465,0,9,124,0,0,312,305,316,321,305,448,582,587,305,206
489,1023,0,430,1023,0,570,741,305,368,342,305,448,804,772,305,206
532,1023,0,403,1023,0,758,926,306,522,436,305,448,799,778,305,206
503,1023,0,338,1023,0,291,435,305,432,385,305,448,769,742,305,206
654,1023,0,647,1023,0,817,957,306,598,479,305,448,753,705,305,206
426,1023,0,325,1023,0,185,351,305,384,361,305,448,778,761,305,206
318,1023,0,147,1023,0,319,478,305,333,328,305,448,751,739,305,206
494,1023,0,221,1023,0,303,439,305,374,356,305,448,790,772,305,206
33,311,0,6,85,0,0,314,305,708,709,305,448,574,578,305,206
352,1023,0,266,1023,0,321,458,305,333,320,305,448,755,742,305,206
381,1023,0,206,1023,0,372,554,305,345,335,305,448,738,724,305,206
523,1023,0,278,1023,0,488,665,305,439,387,305,448,749,714,305,206
359,1023,0,150,1023,0,224,394,305,521,492,305,448,833,817,305,206
346,1023,0,242,1023,0,206,364,305,398,360,305,448,776,737,305,206
382,1023,0,142,1023,0,600,807,305,379,351,305,448,758,750,305,206
419,1023,0,197,1023,0,393,563,305,322,316,305,448,755,738,305,206
369,1023,0,159,1023,0,221,376,305,353,340,305,448,766,754,305,206
279,1023,0,107,1023,0,181,358,305,311,310,305,448,768,753,305,206
498,1023,0,446,1023,0,246,382,305,488,431,305,448,797,776,305,206
369,1023,0,287,1023,0,383,490,305,313,314,305,448,763,716,305,206
609,1023,0,334,1023,0,357,502,305,383,355,305,449,784,763,305,206
396,1023,0,287,1023,0,351,530,305,368,354,305,449,824,806,305,206
415,1023,0,150,1023,0,322,477,305,350,334,305,449,762,752,305,206
459,1023,0,225,1023,0,381,546,305,351,329,305,449,776,764,305,206
325,1023,0,119,1023,0,160,347,305,341,332,305,449,745,734,305,206
408,1023,0,133,1023,0,237,386,305,342,331,305,449,762,739,305,206
371,1023,0,166,1023,0,616,816,305,384,366,305,449,727,715,305,206
457,1023,0,174,1023,0,172,351,305,332,323,305,449,747,729,305,210
448,1023,0,233,1023,0,281,420,305,382,355,305,449,764,747,305,210
428,1023,0,250,1023,0,854,1023,306,632,560,305,449,705,681,305,210
296,1023,0,185,1023,0,200,368,305,344,332,305,449,758,742,305,210
450,1023,0,347,1023,0,283,428,305,346,331,305,449,809,776,305,210
236,1023,0,97,967,0,165,357,305,318,316,305,449,553,524,305,210
530,1023,0,190,1023,0,444,633,305,344,337,305,449,732,710,305,210
415,1023,0,236,1023,0,531,714,305,384,344,305,449,721,689,305,210
402,1023,0,293,1023,0,528,707,305,405,364,305,449,751,699,305,210
245,1023,0,248,1023,0,267,389,305,478,403,305,449,831,800,305,210
362,1023,0,403,1023,0,385,519,305,379,339,305,449,763,735,305,210
422,1023,0,357,1023,0,660,838,305,400,358,305,449,731,698,305,210
582,1023,0,205,1023,0,314,435,305,333,320,305,450,826,785,305,210
261,1023,0,113,1023,0,192,370,305,329,318,305,450,734,726,305,210
335,1023,0,141,1023,0,302,461,305,326,323,305,450,708,694,305,210
361,1023,0,194,1023,0,265,412,305,325,318,305,450,710,682,305,210
410,1023,0,214,1023,0,288,417,305,372,339,305,450,781,761,305,210
331,1023,0,189,1023,0,232,381,305,405,369,305,450,752,717,305,210
383,1023,0,173,1023,0,231,378,305,380,359,305,450,769,752,305,210
422,1023,0,237,1023,0,662,849,305,491,420,305,450,749,724,305,210
611,1023,0,413,1023,0,664,846,305,443,385,305,450,786,748,305,210
293,1023,0,178,1023,0,468,670,305,375,361,305,450,757,739,305,210
430,1023,0,308,1023,0,586,758,305,383,347,305,450,769,751,305,210
511,1023,0,374,1023,0,269,409,305,355,336,305,450,768,736,305,210
333,1023,0,132,1023,0,157,343,305,340,321,305,450,753,742,305,210
199,1023,0,135,1023,0,178,350,305,713,664,305,450,748,733,305,210
393,1023,0,318,1023,0,439,617,305,338,331,305,450,740,704,305,210
327,1023,0,188,1023,0,639,839,305,418,383,305,450,753,737,305,210
331,1023,0,159,1023,0,538,734,305,463,422,305,450,769,750,305,210
113,1002,0,10,141,0,0,314,305,318,314,305,450,647,640,305,210
337,1023,0,134,1023,0,156,338,305,390,355,305,451,765,755,305,210
383,1023,0,154,1023,0,211,366,305,392,368,305,451,768,752,305,210
824,1023,0,519,1023,0,362,494,305,384,338,305,451,839,780,305,210
498,1023,0,392,1023,0,335,470,305,463,401,305,451,774,748,305,210
443,1023,0,257,1023,0,626,806,305,390,352,305,451,734,714,305,214
298,1023,0,154,1023,0,487,672,305,346,325,305,451,699,682,305,214
392,1023,0,146,1023,0,408,590,305,323,322,305,451,772,762,305,214
370,1023,0,112,1023,0,754,950,306,512,459,305,451,666,648,305,214
298,1023,0,137,1023,0,164,347,305,312,316,305,451,744,736,305,214
461,1023,0,235,1023,0,776,953,306,631,581,305,451,773,741,305,214
452,1023,0,187,1023,0,758,945,306,522,460,305,451,786,775,305,214
396,1023,0,196,1023,0,190,354,305,340,326,305,451,755,742,305,214
389,1023,0,211,1023,0,655,844,305,436,385,305,451,788,766,305,214
355,1023,0,269,1023,0,485,665,305,520,449,305,451,763,732,305,214
401,1023,0,125,1023,0,157,342,305,303,314,305,451,767,754,305,214
390,1023,0,196,1023,0,716,904,305,578,514,305,451,786,768,305,214
367,1023,0,313,1023,0,353,490,305,335,320,305,451,789,750,305,214
472,1023,0,386,1023,0,674,842,305,443,380,305,451,761,739,305,214
487,1023,0,285,1023,0,565,749,305,366,342,305,451,735,708,305,214
624,1023,0,294,1023,0,208,362,305,374,348,305,452,787,770,305,214
381,1023,0,137,1023,0,236,389,305,322,321,305,452,748,730,305,214
350,1023,0,147,1023,0,603,810,305,386,361,305,452,756,739,305,214
452,1023,0,232,1023,0,435,623,305,375,350,305,452,740,699,305,214
364,1023,0,140,1023,0,459,658,305,341,321,305,452,740,717,305,214
727,1023,0,404,1023,0,362,463,305,417,372,305,452,824,766,305,214
367,1023,0,163,1023,0,637,829,305,375,348,305,452,709,662,305,214
485,1023,0,291,1023,0,507,703,305,359,345,305,452,787,772,305,214
380,1023,0,183,1023,0,184,344,305,329,318,305,452,727,706,305,214
275,1023,0,582,1023,0,448,572,305,555,440,305,452,787,711,305,214
429,1023,0,173,1023,0,369,523,305,385,353,305,452,751,729,305,214
402,1023,0,456,1023,0,351,482,305,379,342,305,452,774,747,305,214
407,1023,0,426,1023,0,505,678,305,332,322,305,452,767,743,305,214
392,1023,0,233,1023,0,487,637,305,345,326,305,452,730,701,305,214
340,1023,0,159,1023,0,703,900,305,451,414,305,453,768,754,305,214
258,1023,0,327,1023,0,752,928,306,597,517,305,453,753,735,305,214
464,1023,0,264,1023,0,283,421,305,322,317,305,453,790,774,305,214
447,1023,0,246,1023,0,664,839,305,457,399,305,453,760,731,305,214
449,1023,0,138,1023,0,213,358,305,342,331,305,453,758,743,305,214
364,1023,0,126,1023,0,538,736,305,348,331,305,453,760,750,305,214
399,1023,0,167,1023,0,657,855,305,411,371,305,453,746,726,305,214
325,1023,0,475,1023,0,598,751,305,448,370,305,453,785,727,305,218
372,1023,0,230,1023,0,261,406,305,340,326,305,453,776,739,305,218
429,1023,0,230,1023,0,430,599,305,344,328,305,453,730,712,305,218
395,1023,0,130,1023,0,228,378,305,337,326,305,453,743,737,305,218
309,1023,0,110,1023,0,147,342,305,324,321,305,453,702,694,305,218
591,1023,0,606,1023,0,526,624,305,612,517,305,453,824,734,305,218
419,1023,0,184,1023,0,389,560,305,377,351,305,453,780,764,305,218
283,1023,0,92,947,0,228,384,305,311,314,305,453,750,741,305,218
528,1023,0,258,1023,0,806,972,306,593,508,305,453,788,768,305,218
375,1023,0,147,1023,0,265,426,305,328,325,305,453,750,737,305,218
494,1023,0,227,1023,0,556,749,305,467,417,305,453,759,745,305,218
385,1023,0,178,1023,0,459,623,305,377,347,305,453,762,722,305,218
495,1023,0,251,1023,0,612,796,305,409,372,305,453,798,779,305,218
538,1023,0,213,1023,0,359,497,305,333,327,305,454,771,738,305,218
322,1023,0,119,1023,0,229,393,305,328,329,305,454,714,694,305,218
269,1023,0,254,1023,0,215,372,305,587,510,305,454,758,714,305,218
458,1023,0,127,1023,0,760,948,306,505,452,305,454,723,705,305,218
481,1023,0,271,1023,0,189,355,305,444,402,305,454,757,733,305,218
358,1023,0,107,1016,0,260,410,305,334,331,305,454,750,737,305,218
403,1023,0,146,1023,0,337,507,305,343,336,305,454,776,758,305,218
423,1023,0,189,1023,0,345,508,305,390,362,305,454,763,731,305,218
885,1023,0,1023,1023,0,755,889,305,666,546,305,454,849,810,305,218
417,1023,0,312,1023,0,450,631,305,338,326,305,454,793,771,305,218
297,1023,0,220,1023,0,369,492,305,695,597,305,454,766,738,305,218
472,1023,0,344,1023,0,780,946,306,686,609,305,454,806,757,305,218
432,1023,0,227,1023,0,342,494,305,336,331,305,454,785,766,305,218
480,1023,0,267,1023,0,320,464,305,353,334,305,454,763,739,305,218
383,1023,0,210,1023,0,168,352,305,313,314,305,454,700,678,305,218
477,1023,0,304,1023,0,706,877,305,517,433,305,454,793,769,305,218
513,1023,0,322,1023,0,511,695,305,528,460,305,454,795,777,305,218
631,1023,0,325,1023,0,403,513,305,373,338,305,454,834,773,305,218
528,1023,0,248,1023,0,409,573,305,361,344,305,454,733,711,305,218
424,1023,0,374,1023,0,668,839,305,642,618,305,455,765,742,305,218
1023,1023,0,819,1023,0,643,790,305,661,531,305,455,876,814,305,218
435,1023,0,218,1023,0,504,669,305,384,346,305,455,766,734,305,218
636,1023,0,393,1023,0,305,418,305,372,342,305,455,841,823,305,218
472,1023,0,260,1023,0,179,343,305,340,324,305,455,757,744,305,218
313,1023,0,102,1023,0,534,748,305,339,334,305,455,752,736,305,218
626,1023,0,357,1023,0,636,834,305,415,371,305,455,828,785,305,218
821,1023,0,423,1023,0,550,748,305,444,365,305,455,846,784,305,218
377,1023,0,217,1023,0,455,641,305,730,680,305,455,788,760,305,218
347,1023,0,118,1023,0,161,344,305,323,316,305,455,752,739,305,222
324,1023,0,103,1023,0,262,409,305,329,325,305,455,757,736,305,222
387,1023,0,244,1023,0,268,390,305,322,321,305,455,726,708,305,222
340,1023,0,198,1023,0,355,518,305,333,325,305,455,769,751,305,222
510,1023,0,291,1023,0,410,562,305,406,375,305,455,777,750,305,222
354,1023,0,259,1023,0,508,688,305,378,358,305,456,781,768,305,222
309,1023,0,214,1023,0,641,825,305,745,684,305,456,712,684,305,222
345,1023,0,289,1023,0,352,460,305,332,321,305,456,747,715,305,222
601,1023,0,249,1023,0,382,548,305,335,332,305,456,745,733,305,222
395,1023,0,131,1023,0,704,900,305,450,413,305,456,754,737,305,222
304,1023,0,114,1023,0,368,553,305,326,323,305,456,751,735,305,222
1004,1023,0,455,1023,0,488,672,305,723,691,305,456,839,760,305,222
389,1023,0,147,1023,0,454,637,305,359,339,305,456,764,752,305,222
480,1023,0,219,1023,0,363,530,305,374,351,305,456,799,789,305,222
343,1023,0,168,1023,0,164,342,305,319,314,305,456,783,769,305,222
356,1023,0,219,1023,0,433,627,305,389,369,305,456,780,765,305,222
102,896,0,23,315,0,0,312,305,650,643,305,456,729,726,305,222
518,1023,0,206,1023,0,214,381,305,355,338,305,456,757,738,305,222
390,1023,0,138,1023,0,813,1003,306,581,532,305,456,727,712,305,222
428,1023,0,232,1023,0,198,354,305,328,316,305,456,735,718,305,222
395,1023,0,190,1023,0,356,506,305,336,326,305,456,766,744,305,222
499,1023,0,216,1023,0,541,726,305,372,352,305,456,775,750,305,222
479,1023,0,267,1023,0,746,927,306,579,506,305,456,793,762,305,222
446,1023,0,123,1023,0,335,492,305,329,314,305,456,737,726,305,222
478,1023,0,172,1023,0,276,415,305,343,325,305,456,748,736,305,222
513,1023,0,177,1023,0,289,432,305,334,321,305,456,776,756,305,222
413,1023,0,194,1023,0,387,553,305,370,344,305,456,742,729,305,222
414,1023,0,177,1023,0,464,650,305,342,326,305,456,745,726,305,222
560,1023,0,433,1023,0,372,519,305,429,369,305,457,833,803,305,222
282,1023,0,181,1023,0,468,645,305,331,320,305,457,743,714,305,222
428,1023,0,259,1023,0,658,841,305,414,373,305,457,784,763,305,222
413,1023,0,161,1023,0,596,799,305,379,354,305,457,786,775,305,222
401,1023,0,191,1023,0,461,642,305,326,315,305,457,711,701,305,222
492,1023,0,284,1023,0,561,744,305,425,379,305,457,797,768,305,222
340,1023,0,156,1023,0,553,757,305,354,335,305,457,732,723,305,222
353,1023,0,159,1023,0,180,356,305,332,329,305,457,761,745,305,222
440,1023,0,214,1023,0,542,729,305,390,350,305,457,769,748,305,222
414,1023,0,225,1023,0,721,910,305,482,426,305,457,756,730,305,222
380,1023,0,195,1023,0,396,571,305,337,325,305,457,760,747,305,222
314,1023,0,190,1023,0,597,799,305,370,350,305,457,797,784,305,222
454,1023,0,177,1023,0,354,519,305,324,315,305,457,746,735,305,226
372,1023,0,123,1023,0,515,722,305,334,327,305,457,759,733,305,226
361,1023,0,168,1023,0,662,858,305,406,372,305,457,759,747,305,226
464,1023,0,505,1023,0,363,500,305,350,326,305,457,813,796,305,226
412,1023,0,145,1023,0,315,470,305,349,333,305,457,741,726,305,226
300,1023,0,122,1023,0,196,365,305,380,355,305,457,757,743,305,226
412,1023,0,254,1023,0,304,444,305,335,328,305,457,819,802,305,226
353,1023,0,391,1023,0,528,686,305,525,431,305,457,776,737,305,226
494,1023,0,231,1023,0,438,581,305,323,320,305,457,732,702,305,226
334,1023,0,278,1023,0,630,805,305,430,373,305,457,806,764,305,226
573,1023,0,313,1023,0,473,656,305,339,329,305,458,746,717,305,226
382,1023,0,207,1023,0,780,969,306,544,492,305,458,786,762,305,226
315,1023,0,312,1023,0,733,895,305,649,557,305,458,764,708,305,226
584,1023,0,302,1023,0,265,393,305,338,318,305,458,817,774,305,226
504,1023,0,219,1023,0,248,384,305,370,346,305,458,788,770,305,226
401,1023,0,320,1023,0,295,433,305,327,322,305,458,793,767,305,226
396,1023,0,248,1023,0,475,666,305,394,355,305,458,749,733,305,226
317,1023,0,154,1023,0,195,370,305,319,320,305,458,746,721,305,226
317,1023,0,238,1023,0,282,414,305,315,318,305,458,766,746,305,226
844,1023,0,1023,1023,0,381,470,305,416,345,305,458,836,740,305,226
363,1023,0,219,1023,0,510,705,305,405,371,305,458,764,751,305,226
428,1023,0,172,1023,0,590,797,305,376,358,305,458,778,760,305,226
325,1023,0,200,1023,0,488,668,305,331,326,305,458,735,713,305,226
351,1023,0,333,1023,0,820,974,306,586,488,305,458,759,725,305,226
354,1023,0,187,1023,0,286,448,305,355,335,305,458,775,762,305,226
627,1023,0,813,1023,0,462,579,305,490,390,305,459,811,735,305,226
267,1023,0,106,1023,0,191,370,305,319,318,305,459,751,744,305,226
483,1023,0,357,1023,0,217,373,305,502,447,305,459,775,752,305,230
422,1023,0,190,1023,0,372,537,305,357,338,305,459,773,747,305,230
504,1023,0,313,1023,0,448,608,305,346,326,305,459,764,723,305,230
303,1023,0,228,1023,0,360,536,305,359,345,305,459,773,754,305,230
283,1023,0,145,1023,0,215,385,305,338,335,305,459,764,754,305,230
291,1023,0,91,961,0,324,499,305,335,324,305,459,730,719,305,230
374,1023,0,201,1023,0,395,562,305,349,333,305,459,746,723,305,230
369,1023,0,221,1023,0,785,964,306,549,480,305,459,695,670,305,230
985,1023,0,982,1023,0,705,867,305,573,452,305,459,889,829,305,230
364,1023,0,222,1023,0,210,358,305,513,456,305,459,815,782,305,230
417,1023,0,164,1023,0,460,650,305,385,365,305,459,745,722,305,230
324,1023,0,372,1023,0,756,911,305,525,430,305,459,746,697,305,230
1023,1023,0,653,1023,0,405,524,305,576,428,305,459,800,755,305,230
238,1023,0,131,1023,0,508,736,305,366,355,305,459,814,804,305,230
1023,1023,0,654,1023,0,339,455,305,452,378,305,459,925,843,305,230
496,1023,0,497,1023,0,585,723,305,639,556,305,459,842,792,305,230
374,1023,0,386,1023,0,828,982,306,604,505,305,459,800,758,305,230
596,1023,0,397,1023,0,513,693,305,374,336,305,460,816,789,305,230
353,1023,0,266,1023,0,301,463,305,339,326,305,460,752,730,305,230
360,1023,0,215,1023,0,498,693,305,355,337,305,460,759,748,305,230
469,1023,0,385,1023,0,344,490,305,363,338,305,460,792,776,305,230
346,1023,0,125,1023,0,267,418,305,367,352,305,460,769,753,305,230
492,1023,0,165,1023,0,249,388,305,335,325,305,460,712,689,305,230
370,1023,0,269,1023,0,485,681,305,492,433,305,460,810,794,305,230
408,1023,0,233,1023,0,420,593,305,326,320,305,460,778,754,305,230
842,1023,0,373,1023,0,446,591,305,372,338,305,460,816,751,305,230
365,1023,0,184,1023,0,372,548,305,362,343,305,460,766,756,305,230
249,1023,0,114,1023,0,187,368,305,323,314,305,460,762,751,305,230
413,1023,0,203,1023,0,797,984,306,615,527,305,460,746,727,305,230
416,1023,0,163,1023,0,626,826,305,387,362,305,460,766,752,305,230
367,1023,0,154,1023,0,515,712,305,383,358,305,460,779,757,305,230
480,1023,0,165,1023,0,201,364,305,513,454,305,460,816,793,305,230
391,1023,0,200,1023,0,192,353,305,338,319,305,460,743,709,305,230
500,1023,0,268,1023,0,408,582,305,357,338,305,460,789,766,305,230
285,1023,0,72,795,0,171,359,305,316,318,305,460,666,658,305,230
486,1023,0,246,1023,0,494,677,305,364,337,305,460,760,736,305,230
456,1023,0,255,1023,0,563,752,305,423,379,305,460,778,750,305,230
377,1023,0,227,1023,0,592,785,305,403,364,305,460,774,752,305,230
501,1023,0,325,1023,0,655,834,305,413,363,305,460,778,732,305,230
350,1023,0,165,1023,0,246,403,305,324,317,305,460,773,762,305,230
316,1023,0,246,1023,0,623,808,305,450,386,305,460,735,703,305,230
479,1023,0,265,1023,0,407,577,305,355,331,305,461,745,707,305,230
388,1023,0,123,1023,0,503,711,305,356,338,305,461,768,759,305,230
406,1023,0,174,1023,0,334,489,305,343,325,305,461,755,725,305,230
473,1023,0,227,1023,0,193,359,305,312,313,305,461,736,709,305,230
456,1023,0,269,1023,0,366,528,305,361,342,305,461,764,730,305,230
355,1023,0,133,1023,0,293,444,305,318,315,305,461,769,759,305,234
329,1023,0,184,1023,0,280,416,305,416,379,305,461,775,737,305,234
191,1008,0,192,1023,0,267,404,305,535,469,305,461,793,764,305,234
496,1023,0,279,1023,0,444,619,305,353,335,305,461,776,759,305,234
754,1023,0,386,1023,0,268,369,305,343,322,305,461,796,742,305,234
231,1023,0,124,1023,0,219,375,305,346,332,305,461,732,716,305,234
617,1023,0,373,1023,0,352,488,305,347,334,305,461,821,801,305,234
322,1023,0,277,1023,0,443,606,305,400,349,305,461,746,723,305,234
359,1023,0,110,1023,0,258,418,305,512,485,305,461,810,803,305,234
403,1023,0,182,1023,0,261,401,305,331,328,305,461,772,762,305,234
322,1023,0,120,1023,0,190,365,305,321,321,305,461,745,734,305,234
323,1023,0,122,1023,0,102,336,305,326,315,305,461,765,751,305,234
456,1023,0,384,1023,0,603,779,305,389,354,305,461,785,751,305,234
381,1023,0,203,1023,0,176,343,305,356,339,305,461,768,755,305,234
291,1023,0,250,1023,0,519,682,305,617,525,305,461,756,731,305,234
404,1023,0,192,1023,0,353,511,305,407,402,305,461,750,721,305,234
569,1023,0,625,1023,0,677,802,305,447,348,305,461,823,761,305,234
352,1023,0,176,1023,0,213,373,305,328,318,305,461,756,732,305,234
373,1023,0,155,1023,0,608,809,305,392,363,305,461,783,755,305,234
394,1023,0,176,1023,0,510,698,305,397,361,305,461,751,735,305,234
400,1023,0,181,1023,0,626,821,305,369,356,305,462,745,721,305,234
381,1023,0,296,1023,0,512,702,305,373,353,305,462,806,784,305,234
377,1023,0,183,1023,0,199,364,305,334,332,305,462,775,758,305,234
548,1023,0,277,1023,0,328,460,305,350,330,305,462,716,686,305,234
330,1023,0,121,1023,0,456,663,305,373,348,305,462,759,744,305,234
286,1023,0,177,1023,0,551,738,305,421,375,305,462,740,720,305,234
421,1023,0,186,1023,0,370,537,305,377,350,305,462,770,753,305,234
681,1023,0,367,1023,0,870,1023,306,656,574,305,462,754,733,305,234
387,1023,0,125,1023,0,274,425,305,320,315,305,462,773,759,305,234
474,1023,0,322,1023,0,430,602,305,387,361,305,462,796,780,305,234
420,1023,0,344,1023,0,293,429,305,352,331,305,462,807,786,305,234
399,1023,0,143,1023,0,220,371,305,366,345,305,462,770,756,305,234
682,1023,0,395,1023,0,270,412,305,521,446,305,462,820,795,305,234
362,1023,0,138,1023,0,493,687,305,384,351,305,462,723,704,305,234
347,1023,0,126,1023,0,727,925,306,467,428,305,462,705,689,305,234
451,1023,0,198,1023,0,533,711,305,354,339,305,462,761,745,305,234
387,1023,0,321,1023,0,324,444,305,361,333,305,462,755,731,305,234
316,1023,0,324,1023,0,408,570,305,392,363,305,462,762,742,305,234
222,1023,0,260,1023,0,602,771,305,708,634,305,462,765,733,305,234
531,1023,0,233,1023,0,647,838,305,428,387,305,462,785,772,305,234
540,1023,0,207,1023,0,685,875,305,406,375,305,462,714,689,305,234
420,1023,0,175,1023,0,251,395,305,304,311,305,462,779,749,305,239
475,1023,0,342,1023,0,384,535,305,393,358,305,463,838,817,305,239
636,1023,0,277,1023,0,603,782,305,377,348,305,463,750,730,305,239
341,1023,0,246,1023,0,299,422,305,326,318,305,463,732,715,305,239
426,1023,0,159,1023,0,249,394,305,344,329,305,463,767,750,305,239
375,1023,0,352,1023,0,731,879,305,503,403,305,463,792,736,305,239
360,1023,0,172,1023,0,458,647,305,327,319,305,463,764,752,305,239
437,1023,0,177,1023,0,351,514,305,338,332,305,463,778,768,305,239
433,1023,0,146,1023,0,546,738,305,371,347,305,463,756,740,305,239
235,1023,0,146,1023,0,636,827,305,577,512,305,463,711,679,305,239
368,1023,0,198,1023,0,447,623,305,391,353,305,463,744,717,305,239
467,1023,0,315,1023,0,376,557,305,346,329,305,463,794,780,305,239
400,1023,0,192,1023,0,674,864,305,425,377,305,463,734,716,305,239
354,1023,0,245,1023,0,716,893,305,459,390,305,463,757,735,305,239
278,1023,0,117,1023,0,163,356,305,311,312,305,463,759,747,305,239
429,1023,0,192,1023,0,574,772,305,368,348,305,463,689,658,305,239
400,1023,0,165,1023,0,300,454,305,442,408,305,464,773,760,305,239
297,1023,0,137,1023,0,532,738,305,348,344,305,464,763,750,305,239
479,1023,0,159,1023,0,355,509,305,317,315,305,464,783,754,305,239
418,1023,0,342,1023,0,442,598,305,349,329,305,464,795,771,305,239
360,1023,0,213,1023,0,186,355,305,459,421,305,464,768,745,305,239
532,1023,0,249,1023,0,209,368,305,326,323,305,464,736,716,305,239
805,1023,0,651,1023,0,522,703,305,394,350,305,464,833,803,305,239
435,1023,0,275,1023,0,272,424,305,336,329,305,464,762,735,305,239
359,1023,0,200,1023,0,468,647,305,373,350,305,464,770,750,305,239
393,1023,0,166,1023,0,286,428,305,319,324,305,464,747,731,305,239
384,1023,0,200,1023,0,489,682,305,344,328,305,464,678,648,305,239
371,1023,0,272,1023,0,661,843,305,533,459,305,464,734,705,305,239
376,1023,0,157,1023,0,279,423,305,328,324,305,464,764,753,305,239
296,1023,0,291,1023,0,696,866,305,477,405,305,464,768,718,305,239
467,1023,0,324,1023,0,397,549,305,574,475,305,464,781,759,305,239
411,1023,0,208,1023,0,573,759,305,388,359,305,464,766,748,305,243
416,1023,0,140,1023,0,271,419,305,335,327,305,464,766,746,305,243
376,1023,0,142,1023,0,266,412,305,343,334,305,465,745,707,305,243
358,1023,0,191,1023,0,595,793,305,374,356,305,465,779,763,305,243
417,1023,0,221,1023,0,479,657,305,394,353,305,465,770,749,305,243
435,1023,0,158,1023,0,204,369,305,381,362,305,465,774,759,305,243
356,1023,0,226,1023,0,383,524,305,358,345,305,465,667,652,305,243
315,1023,0,89,941,0,473,680,305,382,366,305,465,771,745,305,243
615,1023,0,397,1023,0,228,382,305,364,346,305,465,787,766,305,243
464,1023,0,245,1023,0,382,534,305,330,322,305,465,779,759,305,243
307,1023,0,151,1023,0,717,917,305,480,438,305,465,765,756,305,243
203,796,0,291,1023,0,758,914,306,655,560,305,465,780,724,305,243
533,1023,0,416,1023,0,689,875,305,610,544,305,465,821,795,305,243
432,1023,0,352,1023,0,248,389,305,330,322,305,465,791,772,305,243
263,1023,0,177,1023,0,586,799,305,370,356,305,465,805,794,305,243
419,1023,0,253,1023,0,402,587,305,337,327,305,465,788,772,305,243
411,1023,0,241,1023,0,290,432,305,333,329,305,465,761,737,305,243
621,1023,0,671,1023,0,855,1013,306,655,568,305,465,800,746,305,243
474,1023,0,244,1023,0,352,499,305,323,317,305,466,761,732,305,243
375,1023,0,277,1023,0,481,640,305,347,327,305,466,729,698,305,243
1023,1023,0,642,1023,0,700,880,305,511,441,305,466,915,865,305,243
499,1023,0,213,1023,0,435,631,305,337,329,305,466,765,750,305,243
501,1023,0,336,1023,0,312,438,305,543,472,305,466,807,781,305,243
383,1023,0,170,1023,0,340,495,305,357,340,305,466,767,750,305,243
637,1023,0,544,1023,0,493,662,305,356,339,305,466,839,823,305,243
669,1023,0,427,1023,0,319,469,305,370,348,305,466,774,740,305,243
1023,1023,0,708,1023,0,842,1003,306,672,576,305,466,894,813,305,243
262,1023,0,51,578,0,445,660,305,316,317,305,466,678,661,305,243
265,1023,0,195,1023,0,285,440,305,343,333,305,466,761,742,305,243
302,1023,0,199,1023,0,492,666,305,380,348,305,466,719,685,305,243
735,1023,0,425,1023,0,565,727,305,586,518,305,466,822,759,305,243
400,1023,0,252,1023,0,427,596,305,360,341,305,466,769,749,305,247
229,1023,0,286,1023,0,267,374,305,496,421,305,466,793,765,305,247
364,1023,0,215,1023,0,239,397,305,370,340,305,466,747,732,305,247
290,1023,0,221,1023,0,299,443,305,354,340,305,466,765,745,305,247
750,1023,0,340,1023,0,340,467,305,374,335,305,466,836,784,305,247
364,1023,0,159,1023,0,275,424,305,322,325,305,466,775,766,305,247
435,1023,0,251,1023,0,736,921,306,499,430,305,466,779,762,305,247
280,1023,0,87,938,0,156,343,305,316,310,305,467,732,718,305,247
361,1023,0,175,1023,0,584,781,305,366,346,305,467,703,685,305,247
264,1023,0,185,1023,0,722,921,305,485,444,305,467,760,744,305,247
401,1023,0,260,1023,0,268,400,305,335,325,305,467,758,731,305,247
398,1023,0,141,1023,0,530,732,305,371,356,305,467,771,756,305,247
509,1023,0,314,1023,0,287,406,305,326,319,305,467,755,719,305,247
336,1023,0,314,1023,0,323,446,305,379,339,305,467,718,661,305,247
469,1023,0,258,1023,0,588,783,305,383,355,305,467,763,743,305,247
459,1023,0,243,1023,0,488,673,305,484,421,305,467,806,787,305,247
325,1023,0,126,1023,0,572,772,305,422,390,305,467,755,742,305,247
453,1023,0,231,1023,0,546,726,305,392,354,305,467,779,763,305,247
383,1023,0,148,1023,0,170,345,305,324,316,305,467,747,738,305,247
294,1023,0,172,1023,0,501,694,305,619,549,305,467,758,735,305,247
383,1023,0,148,1023,0,147,339,305,329,323,305,467,767,741,305,247
385,1023,0,262,1023,0,349,528,305,323,321,305,467,738,722,305,247
447,1023,0,352,1023,0,645,816,305,427,371,305,467,762,722,305,247
380,1023,0,180,1023,0,555,759,305,363,346,305,467,780,768,305,247
332,1023,0,248,1023,0,371,524,305,641,573,305,467,768,741,305,247
442,1023,0,213,1023,0,456,644,305,337,332,305,467,797,783,305,247
341,1023,0,294,1023,0,308,397,305,403,337,305,467,779,739,305,247
368,1023,0,212,1023,0,452,630,305,375,347,305,467,734,712,305,247
454,1023,0,359,1023,0,658,819,305,480,393,305,467,763,736,305,247
302,1023,0,146,1023,0,510,711,305,341,328,305,467,762,744,305,247
655,1023,0,330,1023,0,243,355,305,350,325,305,468,817,749,305,247
356,1023,0,286,1023,0,479,658,305,617,541,305,468,761,745,305,247
738,1023,0,491,1023,0,323,449,305,385,348,305,468,816,796,305,247
429,1023,0,179,1023,0,201,361,305,331,316,305,468,771,758,305,247
1008,1023,0,797,1023,0,887,1023,306,676,586,305,468,844,787,305,247
626,1023,0,233,1023,0,242,346,305,337,321,305,468,823,758,305,247
390,1023,0,249,1023,0,263,402,305,565,523,305,468,793,780,305,251
461,1023,0,440,1023,0,399,527,305,487,392,305,468,828,768,305,251
507,1023,0,387,1023,0,584,762,305,384,357,305,468,762,735,305,251
545,1023,0,341,1023,0,262,406,305,394,348,305,468,780,750,305,251
538,1023,0,505,1023,0,452,605,305,498,418,305,468,821,794,305,251
400,1023,0,190,1023,0,238,367,305,322,321,305,468,762,739,305,251
475,1023,0,322,1023,0,652,824,305,470,421,305,468,800,765,305,251
234,1023,0,102,1023,0,587,800,305,354,342,305,468,785,760,305,251
380,1023,0,171,1023,0,481,670,305,361,341,305,468,780,766,305,251
820,1023,0,490,1023,0,305,453,305,372,358,305,468,835,766,305,251
396,1023,0,183,1023,0,516,714,305,392,363,305,468,769,756,305,251
235,989,0,309,1023,0,780,935,306,546,441,305,468,786,741,305,251
377,1023,0,176,1023,0,203,379,305,350,333,305,468,771,760,305,251
640,1023,0,468,1023,0,564,724,305,384,345,305,469,802,783,305,251
354,1023,0,344,1023,0,420,580,305,366,335,305,469,758,725,305,251
445,1023,0,155,1023,0,201,370,305,338,327,305,469,770,758,305,251
403,1023,0,175,1023,0,213,369,305,409,372,305,469,767,752,305,251
408,1023,0,208,1023,0,235,392,305,339,331,305,469,777,761,305,251
433,1023,0,209,1023,0,559,747,305,357,345,305,469,735,707,305,251
404,1023,0,279,1023,0,248,387,305,465,412,305,469,781,763,305,251
410,1023,0,276,1023,0,590,777,305,461,408,305,469,748,716,305,251
624,1023,0,363,1023,0,395,555,305,380,352,305,469,755,736,305,251
439,1023,0,258,1023,0,398,563,305,324,319,305,469,741,702,305,251
262,1023,0,180,1023,0,540,736,305,733,688,305,469,745,730,305,251
384,1023,0,225,1023,0,401,570,305,452,398,305,469,781,753,305,251
360,1023,0,196,1023,0,606,795,305,436,388,305,469,780,760,305,251
365,1023,0,190,1023,0,770,966,306,530,479,305,469,697,677,305,251
562,1023,0,302,1023,0,416,602,305,327,326,305,469,830,807,305,251
439,1023,0,174,1023,0,390,560,305,588,567,305,469,775,757,305,251
384,1023,0,155,1023,0,196,358,305,338,327,305,469,765,754,305,251
478,1023,0,187,1023,0,185,358,305,374,351,305,469,691,677,305,251
296,1023,0,87,875,0,172,349,305,311,314,305,469,753,739,305,251
323,1023,0,152,1023,0,538,744,305,340,329,305,469,784,761,305,251
344,1023,0,129,1023,0,573,782,305,355,342,305,469,748,741,305,251
324,1023,0,131,1023,0,203,362,305,314,314,305,469,758,747,305,251
571,1023,0,377,1023,0,434,584,305,371,338,305,469,779,742,305,251
360,1023,0,144,1023,0,234,391,305,341,332,305,469,753,733,305,251
445,1023,0,235,1023,0,296,438,305,342,323,305,469,776,759,305,251
13,112,0,44,593,0,541,781,305,745,743,305,469,774,778,305,251
344,1023,0,115,1023,0,207,368,305,321,316,305,469,742,727,305,251
422,1023,0,345,1023,0,626,799,305,432,373,305,470,735,691,305,251
372,1023,0,172,1023,0,270,417,305,357,341,305,470,774,755,305,251
363,1023,0,198,1023,0,145,336,305,358,347,305,470,739,731,305,251
777,1023,0,493,1023,0,448,599,305,417,350,305,470,873,828,305,255
530,1023,0,214,1023,0,605,780,305,404,361,305,470,780,749,305,255
472,1023,0,217,1023,0,579,778,305,363,341,305,470,800,779,305,255
317,1023,0,101,1023,0,371,559,305,319,315,305,470,752,736,305,255
434,1023,0,191,1023,0,454,651,305,324,317,305,470,724,705,305,255
409,1023,0,259,1023,0,484,663,305,413,378,305,470,768,749,305,255
288,1023,0,121,1023,0,287,455,305,330,321,305,470,739,730,305,255
291,1023,0,107,1023,0,170,353,305,321,317,305,470,751,743,305,255
453,1023,0,212,1023,0,340,498,305,349,327,305,470,768,737,305,255
366,1023,0,178,1023,0,334,498,305,340,321,305,470,787,774,305,255
350,1023,0,299,1023,0,344,474,305,479,410,305,470,752,728,305,255
298,1023,0,280,1023,0,387,517,305,590,483,305,470,788,739,305,255
542,1023,0,303,1023,0,206,357,305,352,338,305,470,760,729,305,255
678,1023,0,397,1023,0,660,866,305,439,388,305,470,868,834,305,255
452,1023,0,243,1023,0,424,594,305,389,354,305,470,754,728,305,255
394,1023,0,294,1023,0,212,374,305,334,327,305,470,688,654,305,255
302,1023,0,125,1023,0,134,344,305,315,317,305,470,735,726,305,255
331,1023,0,181,1023,0,445,632,305,566,511,305,471,775,764,305,255
457,1023,0,248,1023,0,277,423,305,331,329,305,471,783,769,305,255
255,1023,0,65,398,0,505,642,305,383,334,305,471,553,436,305,255
681,1023,0,330,1023,0,379,550,305,427,376,305,471,825,772,305,255
378,1023,0,153,1023,0,172,353,305,321,314,305,471,742,722,305,255
527,1023,0,375,1023,0,305,461,305,395,366,305,471,826,795,305,255
409,1023,0,204,1023,0,269,411,305,336,322,305,471,755,740,305,255
272,1023,0,197,1023,0,384,509,305,343,319,305,471,732,701,305,255
292,1023,0,227,1023,0,642,825,305,430,380,305,471,770,749,305,255
436,1023,0,379,1023,0,295,423,305,348,329,305,471,818,788,305,255
492,1023,0,308,1023,0,525,710,305,372,342,305,471,796,762,305,255
347,1023,0,208,1023,0,532,726,305,506,445,305,471,757,736,305,255
522,1023,0,283,1023,0,406,580,305,346,334,305,471,760,734,305,255
247,1023,0,163,1023,0,622,809,305,383,354,305,471,689,662,305,255
507,1023,0,256,1023,0,462,663,305,340,329,305,471,776,757,305,255
304,1023,0,106,1023,0,569,784,305,350,346,305,471,756,742,305,255
427,1023,0,212,1023,0,274,425,305,532,470,305,471,791,775,305,255
1023,1023,0,905,1023,0,653,797,305,548,435,305,471,922,846,305,255
362,1023,0,217,1023,0,314,460,305,318,317,305,471,784,764,305,255
491,1023,0,218,1023,0,607,802,305,430,386,305,471,754,730,305,255
429,1023,0,164,1023,0,524,727,305,344,326,305,471,734,722,305,255
437,1023,0,325,1023,0,293,452,305,400,360,305,471,786,767,305,255
372,1023,0,255,1023,0,258,396,305,726,656,305,471,764,741,305,255
429,1023,0,223,1023,0,528,725,305,345,337,305,471,776,758,305,255
318,1023,0,175,1023,0,363,541,305,326,319,305,471,753,747,305,255
394,1023,0,141,1023,0,669,869,305,432,391,305,472,760,735,305,255
238,1023,0,78,822,0,87,321,305,661,618,305,472,698,683,305,255
565,1023,0,293,1023,0,314,466,305,349,335,305,472,767,739,305,255
453,1023,0,252,1023,0,228,373,305,332,322,305,472,767,751,305,259
361,1023,0,146,1023,0,478,676,305,327,322,305,472,755,726,305,259
298,1023,0,153,1023,0,218,380,305,474,436,305,472,770,756,305,259
439,1023,0,342,1023,0,408,569,305,339,329,305,472,771,751,305,259
263,1023,0,149,1023,0,526,731,305,543,493,305,472,728,693,305,259
281,1023,0,121,1023,0,222,380,305,326,316,305,472,759,729,305,259
386,1023,0,242,1023,0,410,596,305,423,394,305,472,798,780,305,259
340,1023,0,263,1023,0,315,439,305,335,326,305,472,725,707,305,259
1023,1023,0,912,1023,0,334,438,305,415,356,305,472,900,852,305,259
390,1023,0,183,1023,0,340,505,305,358,339,305,472,765,745,305,259
452,1023,0,278,1023,0,744,925,306,496,436,305,472,785,761,305,259
348,1023,0,177,1023,0,381,523,305,315,316,305,472,712,686,305,259
268,1023,0,98,1023,0,515,733,305,348,330,305,472,726,719,305,259
288,1023,0,142,1023,0,441,617,305,678,618,305,472,735,711,305,259
373,1023,0,158,1023,0,371,550,305,328,321,305,472,758,745,305,259
304,1023,0,184,1023,0,458,639,305,364,341,305,472,760,746,305,259
378,1023,0,160,1023,0,631,813,305,423,376,305,472,777,762,305,259
416,1023,0,187,1023,0,288,424,305,464,416,305,472,796,782,305,259
314,1023,0,112,1023,0,229,394,305,332,325,305,472,761,753,305,259
347,1023,0,180,1023,0,430,610,305,372,350,305,472,756,745,305,259
487,1023,0,243,1023,0,689,873,305,450,405,305,473,776,760,305,259
344,1023,0,121,1023,0,254,406,305,318,318,305,473,763,753,305,259
490,1023,0,255,1023,0,545,735,305,484,422,305,473,741,729,305,259
509,1023,0,157,1023,0,266,387,305,357,336,305,473,755,721,305,259
166,683,0,380,1023,0,780,915,306,750,640,305,473,812,768,305,259
556,1023,0,388,1023,0,785,933,306,624,491,305,473,835,770,305,259
322,1023,0,227,1023,0,320,447,305,330,320,305,473,748,719,305,259
466,1023,0,230,1023,0,192,366,305,331,324,305,473,764,730,305,259
455,1023,0,348,1023,0,576,747,305,455,391,305,473,748,718,305,259
442,1023,0,223,1023,0,760,943,306,522,457,305,473,740,722,305,259
297,1023,0,315,1023,0,597,764,305,416,364,305,473,720,683,305,259
357,1023,0,234,1023,0,209,366,305,316,319,305,473,753,732,305,259
492,1023,0,227,1023,0,579,742,305,370,340,305,473,818,804,305,259
339,1023,0,250,1023,0,471,624,305,365,335,305,473,722,702,305,263
325,1023,0,126,1023,0,465,665,305,331,325,305,473,769,758,305,263
351,1023,0,157,1023,0,691,888,305,431,395,305,473,776,767,305,263
233,1023,0,232,1023,0,399,547,305,584,487,305,473,745,729,305,263
515,1023,0,439,1023,0,394,540,305,448,382,305,473,809,760,305,263
370,1023,0,174,1023,0,261,414,305,336,322,305,473,762,744,305,263
254,1023,0,162,1023,0,634,821,305,525,457,305,473,752,734,305,263
488,1023,0,241,1023,0,180,350,305,335,318,305,473,800,784,305,263
460,1023,0,230,1023,0,205,371,305,367,342,305,474,738,725,305,263
407,1023,0,225,1023,0,263,408,305,356,338,305,474,779,758,305,263
414,1023,0,145,1023,0,251,410,305,462,441,305,474,760,745,305,263
775,1023,0,464,1023,0,358,448,305,410,348,305,474,826,767,305,263
390,1023,0,176,1023,0,405,577,305,331,323,305,474,741,716,305,263
353,1023,0,221,1023,0,226,385,305,357,341,305,474,727,708,305,263
463,1023,0,264,1023,0,240,368,305,356,340,305,474,810,782,305,263
297,1023,0,96,997,0,189,366,305,329,323,305,474,742,730,305,263
414,1023,0,228,1023,0,461,639,305,414,383,305,474,764,744,305,263
368,1023,0,208,1023,0,236,391,305,490,447,305,474,789,769,305,263
165,986,0,109,978,0,136,337,305,336,334,305,474,711,669,305,263
531,1023,0,272,1023,0,274,409,305,335,331,305,474,777,744,305,263
373,1023,0,316,1023,0,834,997,306,618,537,305,474,777,751,305,263
1023,1023,0,707,1023,0,749,898,305,552,424,305,474,882,816,305,263
353,1023,0,133,1023,0,181,351,305,323,321,305,474,758,740,305,263
291,1023,0,165,1023,0,642,852,305,391,369,305,474,772,761,305,263
332,1023,0,293,1023,0,392,545,305,317,318,305,474,748,725,305,263
312,1023,0,177,1023,0,367,532,305,342,331,305,474,752,736,305,263
553,1023,0,544,1023,0,440,597,305,382,344,305,474,828,763,305,263
319,1023,0,244,1023,0,447,613,305,348,331,305,474,727,709,305,263
454,1023,0,305,1023,0,760,914,306,533,427,305,474,799,749,305,263
410,1023,0,318,1023,0,236,382,305,320,320,305,474,751,717,305,263
436,1023,0,231,1023,0,376,542,305,378,357,305,474,779,759,305,263
463,1023,0,258,1023,0,534,711,305,490,427,305,474,789,770,305,263
338,1023,0,330,1023,0,465,626,305,347,331,305,474,774,727,305,263
535,1023,0,399,1023,0,233,377,305,460,413,305,474,787,762,305,263
505,1023,0,240,1023,0,812,989,306,588,519,305,475,773,750,305,263
1023,1023,0,678,1023,0,832,1015,306,612,548,305,475,861,766,305,263
432,1023,0,227,1023,0,353,518,305,348,337,305,475,789,771,305,263
271,1023,0,270,1023,0,803,969,306,571,485,305,475,765,750,305,263
304,1023,0,130,1023,0,635,847,305,380,362,305,475,743,729,305,263
381,1023,0,163,1023,0,202,369,305,593,530,305,475,849,834,305,263
354,1023,0,123,1023,0,214,370,305,342,329,305,475,776,750,305,263
536,1023,0,249,1023,0,704,888,305,461,408,305,475,747,722,305,263
421,1023,0,211,1023,0,441,611,305,351,337,305,475,774,759,305,263
404,1023,0,312,1023,0,798,965,306,559,468,305,475,737,715,305,263
326,1023,0,110,1023,0,179,349,305,355,332,305,475,739,725,305,263
403,1023,0,185,1023,0,259,407,305,314,315,305,475,773,763,305,263
373,1023,0,201,1023,0,283,432,305,346,336,305,475,772,756,305,263
411,1023,0,271,1023,0,341,499,305,351,333,305,475,771,748,305,263
858,1023,0,583,1023,0,484,652,305,409,364,305,475,838,761,305,263
537,1023,0,286,1023,0,354,465,305,351,328,305,475,828,782,305,263
453,1023,0,208,1023,0,405,585,305,400,366,305,475,750,727,305,263
321,1023,0,163,1023,0,421,614,305,328,327,305,475,767,756,305,263
426,1023,0,128,1023,0,308,445,305,317,316,305,475,694,678,305,263
1023,1023,0,837,1023,0,897,1023,306,703,630,305,475,888,789,305,263
443,1023,0,290,1023,0,354,493,305,341,329,305,475,755,726,305,263
264,1023,0,192,1023,0,452,632,305,357,337,305,475,756,731,305,263
386,1023,0,333,1023,0,244,371,305,662,576,305,476,792,762,305,263
339,1023,0,219,1023,0,272,419,305,377,350,305,476,785,759,305,263
593,1023,0,387,1023,0,401,555,305,392,358,305,476,824,796,305,263
344,1023,0,377,1023,0,490,659,305,653,571,305,476,740,703,305,263
1023,1023,0,990,1023,0,674,862,305,609,519,305,476,886,820,305,263
328,1023,0,173,1023,0,256,399,305,597,537,305,476,733,674,305,263
403,1023,0,164,1023,0,625,818,305,395,362,305,476,753,738,305,263
442,1023,0,325,1023,0,376,516,305,712,636,305,476,744,704,305,267
271,1023,0,238,1023,0,464,635,305,344,328,305,476,766,725,305,267
303,1023,0,173,1023,0,628,805,305,465,403,305,476,776,757,305,267
285,1023,0,95,958,0,207,369,305,326,325,305,476,753,741,305,267
697,1023,0,306,1023,0,325,426,305,347,329,305,476,822,768,305,267
355,1023,0,235,1023,0,352,508,305,533,471,305,476,800,773,305,267
331,1023,0,118,1023,0,201,372,305,327,325,305,476,757,744,305,267
35,329,0,14,174,0,0,315,305,296,307,305,476,560,561,305,267
311,1023,0,284,1023,0,600,788,305,461,411,305,476,786,763,305,267
348,1023,0,197,1023,0,281,442,305,444,416,305,476,770,757,305,267
494,1023,0,263,1023,0,346,493,305,355,330,305,476,768,756,305,267
397,1023,0,148,1023,0,212,377,305,334,321,305,476,649,630,305,267
379,1023,0,207,1023,0,671,863,305,407,372,305,476,750,733,305,267
411,1023,0,280,1023,0,299,449,305,369,349,305,476,798,778,305,267
345,1023,0,154,1023,0,275,425,305,328,324,305,476,778,767,305,267
660,1023,0,359,1023,0,644,813,305,395,354,305,476,828,810,305,267
1023,1023,0,1023,1023,0,498,649,305,596,495,305,476,953,873,305,267
273,1023,0,108,1023,0,178,363,305,333,333,305,477,757,748,305,267
650,1023,0,541,1023,0,618,779,305,488,393,305,477,839,808,305,267
418,1023,0,205,1023,0,412,589,305,381,350,305,477,793,775,305,267
396,1023,0,195,1023,0,820,993,306,591,515,305,477,755,729,305,267
412,1023,0,202,1023,0,189,354,305,353,337,305,477,745,729,305,267
372,1023,0,151,1023,0,514,713,305,403,372,305,477,767,750,305,267
533,1023,0,417,1023,0,821,987,306,604,519,305,477,793,768,305,267
284,1023,0,154,1023,0,463,668,305,559,519,305,477,797,782,305,267
344,1023,0,138,1023,0,257,408,305,327,318,305,477,773,763,305,267
460,1023,0,319,1023,0,634,833,305,400,378,305,477,802,779,305,267
340,1023,0,337,1023,0,504,669,305,525,438,305,477,768,721,305,267
346,1023,0,153,1023,0,398,568,305,328,316,305,477,760,745,305,267
243,1023,0,97,1023,0,299,461,305,322,318,305,477,733,726,305,267
451,1023,0,157,1023,0,304,454,305,380,359,305,477,764,751,305,267
385,1023,0,257,1023,0,807,970,306,576,491,305,477,764,732,305,267
414,1023,0,176,1023,0,652,834,305,388,355,305,477,687,663,305,267
355,1023,0,121,1023,0,568,762,305,363,343,305,477,736,719,305,267
484,1023,0,248,1023,0,264,407,305,484,430,305,477,779,755,305,267
381,1023,0,141,1023,0,595,782,305,428,388,305,477,778,758,305,267
426,1023,0,151,1023,0,292,436,305,371,349,305,478,783,767,305,267
360,1023,0,207,1023,0,486,675,305,390,364,305,478,770,751,305,267
364,1023,0,148,1023,0,180,353,305,356,337,305,478,760,746,305,267
559,1023,0,629,1023,0,273,403,305,499,433,305,478,778,743,305,267
331,1023,0,217,1023,0,370,520,305,345,328,305,478,765,750,305,267
494,1023,0,246,1023,0,621,802,305,578,502,305,478,769,742,305,267
418,1023,0,138,1023,0,241,401,305,324,323,305,478,760,744,305,271
408,1023,0,209,1023,0,614,796,305,411,367,305,478,771,738,305,271
210,1023,0,123,1023,0,212,378,305,313,313,305,478,728,718,305,271
218,1023,0,216,1023,0,256,398,305,716,641,305,478,759,715,305,271
209,714,0,1023,1023,0,274,349,305,380,335,305,478,706,574,305,271
638,1023,0,551,1023,0,280,393,305,562,479,305,478,820,774,305,271
433,1023,0,245,1023,0,480,656,305,352,338,305,478,732,701,305,271
348,1023,0,208,1023,0,327,468,305,440,389,305,478,738,717,305,271
269,1023,0,450,1023,0,773,935,306,590,494,305,478,709,671,305,271
243,970,0,210,1023,0,293,407,305,682,616,305,478,790,752,305,271
369,1023,0,251,1023,0,402,574,305,462,407,305,478,759,744,305,271
333,1023,0,116,1023,0,637,835,305,379,363,305,478,743,730,305,271
127,608,0,218,1023,0,739,901,305,556,455,305,478,761,717,305,271
324,1023,0,138,1023,0,427,627,305,322,319,305,478,755,744,305,271
334,1023,0,137,1023,0,443,634,305,348,330,305,478,724,704,305,271
153,1023,0,72,764,0,501,713,305,393,367,305,478,570,529,305,271
337,1023,0,163,1023,0,733,929,306,499,453,305,478,781,766,305,271
403,1023,0,176,1023,0,597,791,305,370,347,305,478,759,731,305,271
331,1023,0,133,1023,0,196,362,305,323,315,305,479,768,759,305,271
319,1023,0,241,1023,0,468,642,305,377,348,305,479,768,748,305,271
357,1023,0,161,1023,0,255,407,305,325,321,305,479,712,680,305,271
270,1023,0,202,1023,0,435,594,305,310,311,305,479,682,656,305,271
367,1023,0,196,1023,0,491,689,305,355,339,305,479,745,719,305,271
372,1023,0,213,1023,0,349,521,305,350,331,305,479,772,757,305,271
447,1023,0,219,1023,0,563,748,305,390,353,305,479,760,742,305,271
257,1023,0,212,1023,0,466,677,305,324,323,305,479,779,766,305,271
383,1023,0,429,1023,0,462,621,305,364,335,305,479,753,715,305,271
464,1023,0,173,1023,0,274,420,305,345,329,305,479,780,766,305,271
442,1023,0,456,1023,0,329,443,305,344,327,305,479,766,729,305,271
304,1023,0,170,1023,0,389,577,305,347,339,305,479,769,756,305,271
416,1023,0,142,1023,0,620,805,305,417,377,305,479,757,742,305,271
455,1023,0,213,1023,0,181,359,305,319,315,305,479,739,724,305,271
442,1023,0,400,1023,0,738,895,305,490,406,305,479,803,756,305,271
411,1023,0,165,1023,0,312,471,305,338,332,305,479,776,757,305,271
448,1023,0,259,1023,0,298,427,305,357,337,305,479,783,766,305,271
414,1023,0,229,1023,0,536,726,305,429,383,305,479,778,761,305,271
273,1023,0,156,1023,0,95,323,305,338,328,305,479,688,662,305,271
326,1023,0,102,949,0,261,414,305,316,311,305,479,759,743,305,271
350,1023,0,273,1023,0,626,798,305,386,350,305,479,736,693,305,271
451,1023,0,296,1023,0,243,390,305,330,321,305,479,766,744,305,271
452,1023,0,242,1023,0,172,343,305,436,400,305,479,759,733,305,271
750,1023,0,522,1023,0,452,603,305,682,612,305,479,834,753,305,271
283,1023,0,104,1023,0,286,445,305,311,316,305,479,763,752,305,271
423,1023,0,175,1023,0,536,728,305,347,331,305,479,768,749,305,271
372,1023,0,168,1023,0,316,469,305,322,312,305,479,764,753,305,271
415,1023,0,196,1023,0,337,494,305,347,332,305,479,767,743,305,271
672,1023,0,317,1023,0,513,651,305,494,385,305,479,805,770,305,271
306,1023,0,91,993,0,489,699,305,348,337,305,479,755,742,305,271
377,1023,0,294,1023,0,805,976,306,581,501,305,479,727,704,305,271
477,1023,0,391,1023,0,795,961,306,591,500,305,480,783,730,305,276
362,1023,0,208,1023,0,248,382,305,377,343,305,480,734,718,305,276
349,1023,0,302,1023,0,289,406,305,628,553,305,480,738,710,305,276
483,1023,0,305,1023,0,561,746,305,344,331,305,480,769,731,305,276
342,1023,0,274,1023,0,297,449,305,629,569,305,480,801,779,305,276
441,1023,0,201,1023,0,191,361,305,322,316,305,480,752,741,305,276
299,1023,0,341,1023,0,342,465,305,398,356,305,480,771,743,305,276
650,1023,0,341,1023,0,503,660,305,615,575,305,480,823,786,305,276
375,1023,0,368,1023,0,740,904,305,497,415,305,480,786,765,305,276
380,1023,0,155,1023,0,643,835,305,431,392,305,480,750,728,305,276
697,1023,0,769,1023,0,307,430,305,381,345,305,480,846,799,305,276
466,1023,0,274,1023,0,352,501,305,390,357,305,480,793,770,305,276
424,1023,0,153,1023,0,344,502,305,334,328,305,480,753,738,305,276
403,1023,0,158,1023,0,687,885,305,440,397,305,480,744,729,305,276
407,1023,0,165,1023,0,178,352,305,330,318,305,480,764,755,305,276
470,1023,0,249,1023,0,324,479,305,421,365,305,480,789,769,305,276
431,1023,0,159,1023,0,256,407,305,315,324,305,480,749,735,305,276
309,1023,0,258,1023,0,537,724,305,342,329,305,480,720,694,305,276
389,1023,0,137,1023,0,228,384,305,324,318,305,480,755,741,305,276
350,1023,0,130,1023,0,198,363,305,308,315,305,480,756,740,305,276
373,1023,0,164,1023,0,350,509,305,326,322,305,480,770,758,305,276
370,1023,0,131,1023,0,604,807,305,363,351,305,480,735,724,305,276
508,1023,0,346,1023,0,242,397,305,356,342,305,481,754,734,305,276
377,1023,0,150,1023,0,286,430,305,342,339,305,481,775,750,305,276
464,1023,0,263,1023,0,326,440,305,492,411,305,481,762,738,305,276
408,1023,0,214,1023,0,194,365,305,358,345,305,481,757,746,305,276
380,1023,0,192,1023,0,653,845,305,410,367,305,481,780,764,305,276
249,1023,0,77,765,0,89,323,305,303,310,305,481,742,728,305,276
271,1023,0,139,1023,0,455,656,305,344,328,305,481,740,715,305,276
639,1023,0,326,1023,0,727,890,305,504,428,305,481,765,737,305,276
766,1023,0,409,1023,0,752,918,306,515,431,305,481,775,752,305,276
583,1023,0,234,1023,0,230,385,305,381,358,305,481,750,732,305,276
500,1023,0,402,1023,0,685,857,305,457,389,305,481,765,741,305,276
416,1023,0,225,1023,0,636,801,305,381,343,305,481,768,724,305,276
641,1023,0,719,1023,0,756,921,306,517,430,305,481,787,743,305,276
463,1023,0,256,1023,0,387,555,305,422,386,305,481,752,733,305,276
549,1023,0,232,1023,0,682,869,305,420,382,305,481,728,714,305,276
316,1023,0,148,1023,0,329,479,305,447,403,305,481,789,776,305,276
446,1023,0,208,1023,0,528,732,305,381,359,305,481,815,794,305,276
479,1023,0,303,1023,0,373,499,305,352,330,305,481,789,743,305,276
611,1023,0,405,1023,0,485,627,305,496,402,305,482,804,758,305,276
410,1023,0,273,1023,0,668,830,305,519,430,305,482,799,777,305,276
734,1023,0,551,1023,0,605,778,305,491,413,305,482,841,814,305,276
414,1023,0,233,1023,0,537,718,305,407,351,305,482,712,669,305,276
436,1023,0,164,1023,0,630,807,305,385,351,305,482,756,739,305,276
1023,1023,0,1023,1023,0,623,757,305,509,406,305,482,907,836,305,276
747,1023,0,502,1023,0,629,790,305,668,579,305,482,792,715,305,276
479,1023,0,267,1023,0,413,585,305,376,349,305,482,773,742,305,276
486,1023,0,234,1023,0,213,369,305,339,317,305,482,738,719,305,276
299,1023,0,207,1023,0,603,794,305,397,363,305,482,803,786,305,280
476,1023,0,229,1023,0,603,796,305,422,380,305,482,776,760,305,280
678,1023,0,687,1023,0,488,634,305,377,346,305,482,851,773,305,280
386,1023,0,209,1023,0,637,801,305,480,400,305,482,734,717,305,280
489,1023,0,309,1023,0,416,585,305,378,349,305,482,799,786,305,280
338,1023,0,286,1023,0,442,623,305,428,386,305,482,772,748,305,280
305,1023,0,173,1023,0,463,649,305,584,526,305,482,753,729,305,280
346,1023,0,127,1023,0,445,645,305,334,329,305,482,761,745,305,280
438,1023,0,190,1023,0,678,868,305,431,379,305,482,707,660,305,280
402,1023,0,236,1023,0,283,432,305,341,335,305,482,769,753,305,280
437,1023,0,191,1023,0,577,780,305,371,349,305,482,773,761,305,280
403,1023,0,138,1023,0,347,502,305,322,315,305,482,749,726,305,280
369,1023,0,156,1023,0,198,369,305,333,317,305,482,770,752,305,280
414,1023,0,161,1023,0,424,610,305,353,329,305,482,790,776,305,280
458,1023,0,373,1023,0,424,581,305,322,317,305,482,818,788,305,280
296,1023,0,149,1023,0,297,454,305,367,341,305,482,776,753,305,280
470,1023,0,236,1023,0,527,725,305,411,372,305,482,751,733,305,280
405,1023,0,173,1023,0,253,406,305,339,325,305,482,765,746,305,280
285,1023,0,108,1023,0,190,356,305,330,321,305,483,758,749,305,280
484,1023,0,268,1023,0,415,579,305,339,327,305,483,701,646,305,280
251,1023,0,34,405,0,80,325,305,349,344,305,483,733,729,305,280
482,1023,0,278,1023,0,541,732,305,362,339,305,483,775,760,305,280
303,1023,0,134,1023,0,174,355,305,312,313,305,483,760,745,305,280
311,1023,0,242,1023,0,409,573,305,496,424,305,483,748,718,305,280
116,1015,0,26,350,0,0,320,305,649,641,305,483,722,719,305,280
622,1023,0,506,1023,0,700,888,305,502,417,305,483,838,804,305,280
243,726,0,389,1023,0,859,999,307,750,653,305,483,800,723,305,280
455,1023,0,183,1023,0,516,712,305,344,327,305,483,749,732,305,280
826,1023,0,461,1023,0,313,424,305,546,499,305,483,867,808,305,280
844,1023,0,406,1023,0,319,403,305,350,329,305,483,855,797,305,280
509,1023,0,298,1023,0,221,377,305,365,347,305,483,773,746,305,280
404,1023,0,153,1023,0,218,378,305,342,334,305,483,754,739,305,280
479,1023,0,279,1023,0,413,568,305,338,326,305,483,686,656,305,280
382,1023,0,192,1023,0,482,677,305,335,325,305,483,794,764,305,280
236,1023,0,312,1023,0,551,732,305,728,660,305,483,810,777,305,280
460,1023,0,242,1023,0,721,900,305,467,406,305,483,693,671,305,280
379,1023,0,222,1023,0,226,373,305,372,341,305,483,773,747,305,280
410,1023,0,191,1023,0,170,345,305,367,342,305,483,732,715,305,280
310,1023,0,104,1023,0,230,382,305,306,312,305,483,768,758,305,280
301,1023,0,367,1023,0,489,645,305,459,389,305,483,767,712,305,280
253,952,0,267,1023,0,282,386,305,336,321,305,483,776,718,305,280
219,1023,0,236,1023,0,282,408,305,574,488,305,484,743,704,305,280
490,1023,0,194,1023,0,209,369,305,326,319,305,484,784,770,305,280
423,1023,0,248,1023,0,285,397,305,736,669,305,484,777,729,305,280
308,1023,0,136,1023,0,448,639,305,346,332,305,484,737,722,305,280
341,1023,0,179,1023,0,571,771,305,388,356,305,484,775,764,305,284
340,1023,0,213,1023,0,544,741,305,395,365,305,484,776,751,305,284
427,1023,0,317,1023,0,167,335,305,347,334,305,484,747,730,305,284
78,716,0,9,129,0,0,311,305,326,324,305,484,602,602,305,284
430,1023,0,150,1023,0,318,476,305,352,338,305,484,779,754,305,284
408,1023,0,150,1023,0,172,355,305,350,340,305,484,756,738,305,284
317,1023,0,173,1023,0,438,623,305,361,344,305,484,769,753,305,284
477,1023,0,214,1023,0,562,729,305,418,370,305,484,775,732,305,284
450,1023,0,189,1023,0,854,1023,306,631,575,305,484,756,732,305,284
363,1023,0,275,1023,0,618,792,305,367,337,305,484,734,704,305,284
585,1023,0,346,1023,0,232,365,305,391,352,305,484,788,732,305,284
534,1023,0,270,1023,0,329,484,305,366,341,305,484,787,766,305,284
325,1023,0,243,1023,0,313,441,305,554,474,305,484,735,714,305,284
293,1023,0,167,1023,0,648,846,305,470,422,305,484,820,804,305,284
381,1023,0,155,1023,0,253,406,305,317,313,305,484,728,689,305,284
366,1023,0,208,1023,0,425,591,305,380,350,305,484,782,761,305,284
997,1023,0,718,1023,0,673,852,305,482,390,305,484,907,840,305,284
661,1023,0,573,1023,0,504,691,305,383,354,305,484,863,843,305,284
333,1023,0,378,1023,0,464,613,305,340,323,305,485,741,706,305,284
286,1023,0,177,1023,0,262,404,305,364,347,305,485,775,753,305,284
1023,1023,0,717,1023,0,535,749,305,462,378,305,485,920,865,305,284
375,1023,0,187,1023,0,223,384,305,333,332,305,485,750,737,305,284
309,1023,0,164,1023,0,329,497,305,363,365,305,485,753,743,305,284
272,1023,0,246,1023,0,437,586,305,408,357,305,485,716,691,305,284
351,1023,0,151,1023,0,434,621,305,334,329,305,485,715,700,305,284
385,1023,0,206,1023,0,272,409,305,717,666,305,485,772,745,305,284
339,1023,0,150,1023,0,357,526,305,333,327,305,485,781,759,305,284
401,1023,0,259,1023,0,624,804,305,387,352,305,485,754,716,305,284
21,174,0,54,665,0,198,372,305,316,316,305,485,763,762,305,284
479,1023,0,308,1023,0,336,483,305,350,329,305,485,772,736,305,284
465,1023,0,233,1023,0,618,813,305,414,384,305,485,783,767,305,284
309,1023,0,113,1023,0,564,781,305,346,337,305,485,766,741,305,284
581,1023,0,425,1023,0,319,455,305,362,335,305,485,805,772,305,284
306,1023,0,171,1023,0,316,464,305,527,475,305,485,767,731,305,284
473,1023,0,366,1023,0,506,676,305,337,328,305,485,761,744,305,288
333,1023,0,137,1023,0,443,643,305,329,331,305,485,753,729,305,288
333,1023,0,188,1023,0,724,908,305,467,412,305,485,704,684,305,288
322,1023,0,155,1023,0,436,636,305,330,326,305,485,712,695,305,288
417,1023,0,164,1023,0,479,676,305,354,337,305,485,753,729,305,288
268,1023,0,283,1023,0,761,933,306,511,431,305,485,764,731,305,288
222,1023,0,177,1023,0,665,858,305,752,708,305,485,712,683,305,288
348,1023,0,173,1023,0,423,616,305,367,345,305,485,758,724,305,288
381,1023,0,127,1023,0,300,453,305,315,313,305,485,763,747,305,288
438,1023,0,161,1023,0,364,530,305,337,334,305,485,776,762,305,288
402,1023,0,182,1023,0,250,398,305,324,321,305,485,669,644,305,288
337,1023,0,252,1023,0,303,448,305,382,356,305,486,760,737,305,288
297,1023,0,178,1023,0,294,427,305,398,360,305,486,734,717,305,288
379,1023,0,183,1023,0,593,804,305,683,650,305,486,805,779,305,288
421,1023,0,288,1023,0,369,520,305,407,355,305,486,815,802,305,288
338,1023,0,274,1023,0,664,857,305,417,378,305,486,766,746,305,288
411,1023,0,302,1023,0,340,479,305,362,339,305,486,830,764,305,288
462,1023,0,307,1023,0,540,720,305,357,330,305,486,742,719,305,288
1023,1023,0,856,1023,0,734,868,305,533,392,305,486,875,773,305,288
191,1023,0,263,1023,0,187,355,305,689,624,305,486,751,698,305,288
291,1023,0,293,1023,0,749,909,305,532,440,305,486,773,712,305,288
313,1023,0,112,1023,0,156,342,305,310,316,305,486,763,746,305,288
526,1023,0,281,1023,0,706,888,305,447,394,305,486,797,757,305,288
344,1023,0,132,1023,0,282,437,305,325,325,305,486,774,761,305,288
355,1023,0,124,1023,0,273,422,305,328,322,305,486,724,714,305,288
332,1023,0,91,925,0,147,339,305,322,320,305,486,727,714,305,288
447,1023,0,269,1023,0,411,581,305,504,446,305,486,820,805,305,288
309,1023,0,156,1023,0,374,554,305,381,360,305,486,753,726,305,288
443,1023,0,235,1023,0,352,526,305,337,327,305,486,791,776,305,288
458,1023,0,167,1023,0,548,740,305,361,347,305,486,760,745,305,288
357,1023,0,147,1023,0,652,854,305,416,381,305,486,735,713,305,288
398,1023,0,251,1023,0,242,394,305,329,321,305,486,710,688,305,288
309,1023,0,148,1023,0,345,513,305,312,316,305,486,760,747,305,288
902,1023,0,646,1023,0,343,468,305,481,417,305,486,885,838,305,288
589,1023,0,285,1023,0,258,391,305,347,331,305,486,754,739,305,288
267,1023,0,295,1023,0,742,911,305,686,610,305,486,789,753,305,288
337,1023,0,238,1023,0,358,498,305,349,334,305,486,766,747,305,288
367,1023,0,182,1023,0,457,652,305,363,340,305,487,766,754,305,288
413,1023,0,254,1023,0,227,385,305,609,595,305,487,799,779,305,292
432,1023,0,218,1023,0,180,350,305,341,328,305,487,763,746,305,292
409,1023,0,218,1023,0,387,555,305,328,324,305,487,725,692,305,292
446,1023,0,252,1023,0,676,838,305,503,416,305,487,743,705,305,292
451,1023,0,213,1023,0,127,339,305,331,329,305,487,745,725,305,292
342,1023,0,136,1023,0,293,448,305,317,315,305,487,765,752,305,292
436,1023,0,302,1023,0,235,369,305,387,355,305,487,784,766,305,292
514,1023,0,303,1023,0,722,893,305,480,399,305,487,780,754,305,292
366,1023,0,316,1023,0,672,843,305,475,401,305,487,756,709,305,292
381,1023,0,238,1023,0,540,717,305,359,338,305,487,752,716,305,292
343,1023,0,154,1023,0,451,657,305,345,343,305,487,744,734,305,292
400,1023,0,251,1023,0,318,450,305,420,367,305,487,764,732,305,292
423,1023,0,428,1023,0,615,785,305,410,366,305,487,796,765,305,292
1023,1023,0,519,1023,0,661,854,305,729,677,305,487,867,771,305,292
260,1023,0,58,673,0,277,451,305,389,384,305,487,790,787,305,292
430,1023,0,172,1023,0,558,755,305,372,352,305,487,761,743,305,292
455,1023,0,187,1023,0,472,664,305,344,341,305,487,754,739,305,292
482,1023,0,193,1023,0,171,354,305,321,317,305,487,733,682,305,292
361,1023,0,208,1023,0,278,405,305,322,324,305,487,721,700,305,292
461,1023,0,231,1023,0,429,603,305,337,320,305,487,758,744,305,292
411,1023,0,143,1023,0,318,474,305,325,319,305,487,733,717,305,292
371,1023,0,231,1023,0,591,765,305,368,339,305,487,707,674,305,292
442,1023,0,260,1023,0,670,839,305,413,361,305,487,728,708,305,292
234,1023,0,290,1023,0,625,791,305,668,572,305,488,804,771,305,292
461,1023,0,212,1023,0,780,958,306,537,467,305,488,771,752,305,292
325,1023,0,91,909,0,361,543,305,321,323,305,488,722,711,305,292
520,1023,0,467,1023,0,299,428,305,336,326,305,488,780,756,305,292
726,1023,0,617,1023,0,608,766,305,631,544,305,488,839,805,305,292
344,1023,0,128,1023,0,353,522,305,308,314,305,488,759,749,305,292
419,1023,0,251,1023,0,234,376,305,348,325,305,488,780,763,305,292
391,1023,0,222,1023,0,537,736,305,351,339,305,488,770,744,305,292
306,1023,0,169,1023,0,199,362,305,330,322,305,488,767,751,305,292
412,1023,0,284,1023,0,358,501,305,351,327,305,488,759,731,305,292
290,1023,0,149,1023,0,250,406,305,327,317,305,488,730,720,305,292
462,1023,0,431,1023,0,468,653,305,349,330,305,488,746,715,305,292
434,1023,0,390,1023,0,404,510,305,395,346,305,488,778,729,305,292
513,1023,0,419,1023,0,482,658,305,346,327,305,488,772,732,305,292
443,1023,0,195,1023,0,408,591,305,372,352,305,488,742,731,305,292
439,1023,0,331,1023,0,187,359,305,360,341,305,488,765,740,305,292
451,1023,0,181,1023,0,234,383,305,339,324,305,488,770,749,305,292
359,1023,0,392,1023,0,373,502,305,394,353,305,488,782,730,305,292
325,1023,0,139,1023,0,257,406,305,314,321,305,488,761,740,305,292
375,1023,0,180,1023,0,473,653,305,530,469,305,488,780,757,305,292
372,1023,0,167,1023,0,184,359,305,332,328,305,488,745,734,305,292
348,1023,0,183,1023,0,233,376,305,347,331,305,488,708,681,305,292
1023,1023,0,1023,1023,0,733,902,305,745,647,305,488,924,851,305,296
605,1023,0,512,1023,0,841,993,306,623,523,305,488,753,714,305,296
462,1023,0,167,1023,0,207,351,305,339,333,305,488,748,735,305,296
356,1023,0,147,1023,0,566,759,305,432,391,305,488,778,763,305,296
353,1023,0,182,1023,0,271,420,305,334,328,305,488,743,725,305,296
270,1023,0,469,1023,0,897,1019,307,713,593,305,489,783,718,305,296
388,1023,0,204,1023,0,384,556,305,327,319,305,489,788,775,305,296
307,1023,0,131,1023,0,479,690,305,356,340,305,489,765,752,305,296
498,1023,0,380,1023,0,663,829,305,430,372,305,489,801,775,305,296
555,1023,0,240,1023,0,389,539,305,355,329,305,489,754,723,305,296
407,1023,0,223,1023,0,114,331,305,325,319,305,489,725,708,305,296
486,1023,0,232,1023,0,484,669,305,433,382,305,489,799,786,305,296
393,1023,0,243,1023,0,442,613,305,343,326,305,489,747,730,305,296
335,1023,0,114,1023,0,168,350,305,326,325,305,489,772,756,305,296
346,1023,0,217,1023,0,353,508,305,355,334,305,489,695,665,305,296
415,1023,0,248,1023,0,449,628,305,331,322,305,489,747,698,305,296
481,1023,0,206,1023,0,231,378,305,329,323,305,489,744,731,305,296
422,1023,0,198,1023,0,342,489,305,330,323,305,489,769,740,305,296
335,1023,0,125,1023,0,215,371,305,426,380,305,489,770,759,305,296
411,1023,0,177,1023,0,269,410,305,341,328,305,489,776,759,305,296
341,1023,0,303,1023,0,465,657,305,433,389,305,489,792,772,305,296
393,1023,0,164,1023,0,208,367,305,334,325,305,489,758,741,305,296
336,1023,0,226,1023,0,524,719,305,689,639,305,489,773,759,305,296
353,1023,0,104,1023,0,396,588,305,318,312,305,489,734,717,305,296
382,1023,0,376,1023,0,647,816,305,418,365,305,489,805,775,305,296
440,1023,0,235,1023,0,442,622,305,335,326,305,489,759,744,305,296
349,1023,0,302,1023,0,366,520,305,349,335,305,489,777,731,305,296
692,1023,0,418,1023,0,817,983,306,609,533,305,489,791,768,305,296
352,1023,0,200,1023,0,232,381,305,330,318,305,489,789,776,305,296
482,1023,0,219,1023,0,228,381,305,348,328,305,490,796,772,305,296
384,1023,0,176,1023,0,480,683,305,320,323,305,490,711,696,305,296
507,1023,0,231,1023,0,555,740,305,385,350,305,490,775,746,305,296
364,1023,0,208,1023,0,308,428,305,335,321,305,490,704,673,305,296
392,1023,0,180,1023,0,345,497,305,322,319,305,490,662,639,305,296
457,1023,0,210,1023,0,190,359,305,396,370,305,490,756,742,305,296
327,1023,0,121,1023,0,240,396,305,322,317,305,490,757,740,305,296
454,1023,0,172,1023,0,362,524,305,321,316,305,490,713,683,305,296
316,1023,0,128,1023,0,332,511,305,338,346,305,490,758,748,305,296
730,1023,0,542,1023,0,701,858,305,510,399,305,490,794,727,305,296
237,1023,0,210,1023,0,492,652,305,645,541,305,490,813,787,305,296
331,1023,0,228,1023,0,508,691,305,390,364,305,490,765,740,305,296
298,1023,0,353,1023,0,501,672,305,328,320,305,490,736,701,305,296
49,459,0,8,95,0,0,312,305,429,428,305,490,612,612,305,296
375,1023,0,170,1023,0,735,932,306,490,447,305,490,768,753,305,296
448,1023,0,176,1023,0,470,664,305,336,326,305,490,779,759,305,296
423,1023,0,151,1023,0,621,818,305,397,364,305,490,786,776,305,300
271,1023,0,114,1023,0,412,612,305,335,329,305,490,745,736,305,300
357,1023,0,185,1023,0,348,517,305,339,324,305,490,781,765,305,300
442,1023,0,313,1023,0,334,478,305,364,339,305,490,785,769,305,300
411,1023,0,170,1023,0,414,609,305,315,313,305,490,758,741,305,300
357,1023,0,182,1023,0,574,767,305,380,351,305,490,743,723,305,300
329,1023,0,295,1023,0,582,753,305,706,633,305,490,790,762,305,300
395,1023,0,176,1023,0,330,493,305,345,334,305,490,777,759,305,300
335,1023,0,196,1023,0,675,853,305,432,378,305,491,755,742,305,300
379,1023,0,155,1023,0,511,719,305,359,341,305,491,756,733,305,300
386,1023,0,193,1023,0,369,531,305,323,325,305,491,767,738,305,300
311,1023,0,136,1023,0,548,757,305,372,361,305,491,733,720,305,300
330,1023,0,140,1023,0,253,397,305,341,324,305,491,769,755,305,300
702,1023,0,428,1023,0,265,371,305,448,364,305,491,836,781,305,300
359,1023,0,180,1023,0,281,430,305,352,341,305,491,780,767,305,300
497,1023,0,350,1023,0,652,824,305,523,445,305,491,802,777,305,300
669,1023,0,409,1023,0,318,423,305,371,338,305,491,838,811,305,300
323,1023,0,308,1023,0,271,397,305,320,320,305,491,760,707,305,300
343,1023,0,217,1023,0,714,893,305,634,566,305,491,752,731,305,300
332,1023,0,173,1023,0,648,855,305,398,374,305,491,750,726,305,300
289,1023,0,324,1023,0,370,506,305,707,633,305,491,766,733,305,300
289,1023,0,254,1023,0,814,980,306,581,494,305,491,712,671,305,300
285,1023,0,129,1023,0,645,836,305,545,477,305,491,781,748,305,300
330,1023,0,162,1023,0,221,379,305,406,371,305,491,767,722,305,300
347,1023,0,140,1023,0,234,385,305,360,350,305,491,766,749,305,300
356,1023,0,187,1023,0,248,408,305,339,332,305,491,780,752,305,300
494,1023,0,207,1023,0,682,876,305,458,409,305,491,724,706,305,300
401,1023,0,210,1023,0,708,882,305,495,420,305,491,787,763,305,300
347,1023,0,127,1023,0,257,402,305,324,321,305,491,765,756,305,300
355,1023,0,217,1023,0,646,848,305,435,397,305,491,761,749,305,300
570,1023,0,392,1023,0,332,449,305,413,361,305,491,814,782,305,300
935,1023,0,615,1023,0,535,661,305,419,349,305,491,873,798,305,300
455,1023,0,332,1023,0,410,582,305,420,382,305,491,751,736,305,300
416,1023,0,208,1023,0,395,566,305,337,328,305,491,735,712,305,300
458,1023,0,374,1023,0,349,500,305,336,329,305,492,812,798,305,300
361,1023,0,144,1023,0,319,468,305,328,323,305,492,759,744,305,300
252,1023,0,208,1023,0,297,450,305,616,569,305,492,759,740,305,300
387,1023,0,268,1023,0,247,391,305,349,336,305,492,761,743,305,300
376,1023,0,184,1023,0,183,355,305,335,325,305,492,726,709,305,300
464,1023,0,198,1023,0,294,427,305,343,328,305,492,775,745,305,300
382,1023,0,153,1023,0,356,527,305,326,322,305,492,745,731,305,300
359,1023,0,145,1023,0,407,597,305,319,318,305,492,762,749,305,300
444,1023,0,284,1023,0,638,826,305,473,410,305,492,786,763,305,300
303,1023,0,212,1023,0,424,571,305,332,318,305,492,738,705,305,300
424,1023,0,185,1023,0,206,352,305,360,335,305,492,740,713,305,300
337,1023,0,155,1023,0,626,821,305,381,350,305,492,740,723,305,300
535,1023,0,205,1023,0,723,904,305,495,411,305,492,753,725,305,300
355,1023,0,212,1023,0,723,902,305,476,412,305,492,762,745,305,300
450,1023,0,177,1023,0,208,376,305,358,342,305,492,737,723,305,304
357,1023,0,169,1023,0,478,684,305,341,327,305,492,748,726,305,304
345,1023,0,153,1023,0,495,690,305,383,351,305,492,777,765,305,304
337,1023,0,166,1023,0,231,387,305,445,413,305,492,772,758,305,304
473,1023,0,176,1023,0,403,582,305,329,327,305,492,747,735,305,304
280,1023,0,159,1023,0,366,544,305,409,373,305,492,742,715,305,304
380,1023,0,162,1023,0,800,983,306,561,493,305,492,691,675,305,304
429,1023,0,316,1023,0,483,672,305,371,345,305,492,768,753,305,304
368,1023,0,274,1023,0,194,364,305,320,317,305,492,759,745,305,304
319,1023,0,250,1023,0,501,663,305,357,333,305,492,759,735,305,304
309,1023,0,264,1023,0,615,815,305,452,412,305,492,817,805,305,304
326,1023,0,144,1023,0,225,379,305,326,329,305,492,771,761,305,304
441,1023,0,196,1023,0,221,374,305,377,351,305,492,774,757,305,304
294,1023,0,180,1023,0,216,371,305,353,338,305,493,750,733,305,304
381,1023,0,316,1023,0,652,821,305,426,361,305,493,751,727,305,304
524,1023,0,294,1023,0,294,430,305,446,393,305,493,821,792,305,304
404,1023,0,702,1023,0,894,1018,307,815,715,305,493,829,773,305,304
436,1023,0,146,1023,0,671,868,305,423,385,305,493,759,750,305,304
523,1023,0,198,1023,0,758,938,306,541,470,305,493,774,760,305,304
478,1023,0,202,1023,0,607,808,305,381,356,305,493,709,668,305,304
543,1023,0,382,1023,0,752,926,306,511,438,305,493,803,780,305,304
338,1023,0,171,1023,0,362,538,305,321,314,305,493,781,769,305,304
269,1023,0,215,1023,0,716,895,305,687,615,305,493,752,722,305,304
199,743,0,346,1023,0,872,1006,307,829,740,305,493,807,754,305,304
343,1023,0,156,1023,0,510,701,305,440,383,305,493,743,723,305,304
252,1023,0,217,1023,0,586,772,305,654,585,305,493,737,715,305,304
377,1023,0,202,1023,0,239,389,305,335,325,305,493,778,760,305,304
503,1023,0,272,1023,0,709,896,305,470,410,305,493,832,803,305,304
448,1023,0,228,1023,0,277,422,305,426,374,305,493,746,722,305,304
213,1023,0,219,1023,0,674,862,305,450,394,305,493,729,707,305,304
574,1023,0,374,1023,0,715,892,305,479,414,305,493,767,748,305,304
427,1023,0,185,1023,0,497,685,305,365,345,305,493,790,771,305,304
389,1023,0,136,1023,0,400,583,305,338,332,305,493,762,750,305,304
481,1023,0,323,1023,0,350,483,305,342,333,305,493,750,723,305,304
405,1023,0,196,1023,0,250,410,305,342,330,305,493,773,759,305,304
375,1023,0,191,1023,0,312,462,305,326,327,305,493,783,757,305,308
385,1023,0,152,1023,0,159,345,305,333,323,305,493,759,740,305,308
492,1023,0,223,1023,0,520,709,305,389,354,305,493,784,768,305,308
365,1023,0,148,1023,0,631,829,305,378,359,305,493,740,725,305,308
282,1023,0,141,1023,0,360,542,305,326,316,305,494,771,751,305,308
895,1023,0,569,1023,0,781,968,306,809,760,305,494,874,827,305,308
447,1023,0,321,1023,0,287,412,305,352,328,305,494,778,753,305,308
325,1023,0,258,1023,0,642,802,305,464,385,305,494,783,754,305,308
399,1023,0,190,1023,0,697,878,305,579,510,305,494,776,761,305,308
404,1023,0,133,1023,0,184,357,305,378,365,305,494,752,734,305,308
469,1023,0,225,1023,0,212,365,305,333,319,305,494,799,770,305,308
417,1023,0,180,1023,0,159,343,305,317,313,305,494,686,670,305,308
487,1023,0,336,1023,0,365,515,305,347,331,305,494,752,717,305,308
614,1023,0,314,1023,0,360,520,305,381,343,305,494,789,768,305,308
294,1023,0,99,1023,0,163,348,305,317,320,305,494,729,719,305,308
452,1023,0,167,1023,0,294,448,305,353,333,305,494,751,733,305,308
449,1023,0,212,1023,0,274,428,305,354,332,305,494,769,747,305,308
763,1023,0,392,1023,0,617,777,305,452,380,305,494,801,767,305,308
315,1023,0,271,1023,0,383,530,305,359,332,305,494,728,685,305,308
83,700,0,172,1023,0,150,345,305,726,602,305,494,666,631,305,308
302,1023,0,134,1023,0,222,377,305,571,519,305,494,744,727,305,308
396,1023,0,167,1023,0,294,436,305,367,340,305,494,778,767,305,308
401,1023,0,331,1023,0,380,531,305,340,329,305,494,783,758,305,308
403,1023,0,205,1023,0,131,333,305,439,406,305,494,731,700,305,308
894,1023,0,639,1023,0,535,694,305,490,396,305,494,843,759,305,308
483,1023,0,329,1023,0,412,584,305,414,377,305,494,813,794,305,308
462,1023,0,238,1023,0,392,561,305,356,335,305,494,742,729,305,308
347,1023,0,167,1023,0,541,721,305,449,396,305,494,749,740,305,308
344,1023,0,153,1023,0,104,327,305,314,315,305,494,705,691,305,308
522,1023,0,241,1023,0,406,547,305,331,319,305,494,754,739,305,308
462,1023,0,283,1023,0,777,937,306,565,471,305,494,775,757,305,308
496,1023,0,262,1023,0,264,416,305,365,346,305,495,780,765,305,308
367,1023,0,156,1023,0,178,356,305,348,335,305,495,773,757,305,308
332,1023,0,141,1023,0,281,425,305,358,342,305,495,766,755,305,308
400,1023,0,402,1023,0,521,694,305,375,338,305,495,768,737,305,313
463,1023,0,341,1023,0,416,581,305,357,330,305,495,717,673,305,313
715,1023,0,338,1023,0,251,361,305,339,324,305,495,821,767,305,313
564,1023,0,354,1023,0,454,584,305,379,345,305,495,783,756,305,313
300,1023,0,116,1023,0,575,785,305,345,343,305,495,762,754,305,313
398,1023,0,168,1023,0,558,760,305,394,367,305,495,757,728,305,313
407,1023,0,146,1023,0,396,583,305,324,319,305,495,761,752,305,313
459,1023,0,160,1023,0,349,503,305,337,321,305,495,720,687,305,313
407,1023,0,301,1023,0,446,618,305,371,347,305,495,781,750,305,313
830,1023,0,411,1023,0,729,923,306,512,446,305,495,800,718,305,313
442,1023,0,207,1023,0,537,731,305,350,335,305,495,751,737,305,313
232,1023,0,255,1023,0,863,1011,306,686,593,305,495,797,764,305,313
312,1023,0,409,1023,0,603,763,305,470,388,305,495,809,767,305,313
392,1023,0,156,1023,0,460,649,305,341,326,305,495,751,728,305,313
361,1023,0,164,1023,0,259,398,305,390,375,305,495,768,752,305,313
488,1023,0,386,1023,0,408,578,305,522,457,305,495,776,759,305,313
356,1023,0,162,1023,0,176,357,305,319,317,305,495,761,750,305,313
831,1023,0,550,1023,0,328,458,305,430,363,305,495,829,805,305,313
434,1023,0,205,1023,0,588,786,305,378,364,305,495,767,743,305,313
271,1023,0,102,1023,0,124,333,305,316,312,305,495,757,740,305,313
472,1023,0,167,1023,0,621,806,305,410,370,305,495,756,730,305,313
449,1023,0,477,1023,0,762,915,306,572,464,305,495,806,760,305,313
562,1023,0,382,1023,0,540,702,305,380,344,305,495,786,749,305,313
331,1023,0,180,1023,0,741,936,306,498,449,305,496,772,760,305,313
352,1023,0,145,1023,0,461,655,305,386,363,305,496,764,736,305,313
305,1023,0,146,1023,0,644,849,305,392,371,305,496,752,743,305,313
356,1023,0,152,1023,0,426,618,305,331,319,305,496,756,740,305,313
407,1023,0,178,1023,0,647,844,305,416,375,305,496,700,681,305,313
416,1023,0,153,1023,0,643,838,305,389,365,305,496,747,731,305,313
451,1023,0,245,1023,0,242,389,305,346,326,305,496,751,722,305,313
765,1023,0,340,1023,0,462,652,305,347,331,305,496,825,748,305,313
792,1023,0,571,1023,0,953,1023,307,751,688,305,496,806,760,305,313
315,1023,0,148,1023,0,504,706,305,338,329,305,496,755,737,305,313
439,1023,0,258,1023,0,771,945,306,528,456,305,496,677,629,305,313
389,1023,0,216,1023,0,299,458,305,354,334,305,496,766,755,305,313
315,1023,0,152,1023,0,279,433,305,319,319,305,496,766,755,305,313
366,1023,0,141,1023,0,223,377,305,322,318,305,496,775,765,305,313
310,1023,0,237,1023,0,681,864,305,418,372,305,496,752,712,305,313
188,697,0,320,1023,0,803,946,306,792,705,305,496,781,721,305,317
405,1023,0,222,1023,0,366,528,305,368,340,305,496,780,764,305,317
381,1023,0,196,1023,0,455,645,305,340,330,305,496,753,730,305,317
317,1023,0,141,1023,0,675,882,305,428,394,305,496,775,762,305,317
399,1023,0,155,1023,0,323,482,305,327,323,305,496,742,729,305,317
384,1023,0,179,1023,0,587,788,305,374,358,305,496,777,766,305,317
434,1023,0,206,1023,0,192,349,305,334,330,305,496,751,729,305,317
508,1023,0,281,1023,0,505,690,305,359,335,305,496,778,754,305,317
468,1023,0,286,1023,0,274,402,305,362,336,305,496,777,745,305,317
318,1023,0,142,1023,0,248,402,305,336,327,305,496,772,760,305,317
431,1023,0,278,1023,0,216,379,305,321,321,305,496,722,709,305,317
395,1023,0,218,1023,0,673,851,305,536,458,305,496,790,773,305,317
389,1023,0,179,1023,0,536,738,305,351,336,305,496,770,759,305,317
361,1023,0,199,1023,0,334,499,305,343,338,305,496,760,749,305,317
471,1023,0,156,1023,0,409,577,305,344,328,305,496,767,754,305,317
621,1023,0,289,1023,0,766,951,306,536,464,305,497,811,749,305,317
505,1023,0,213,1023,0,307,431,305,354,338,305,497,760,738,305,317
399,1023,0,272,1023,0,677,860,305,415,376,305,497,755,725,305,317
412,1023,0,252,1023,0,465,626,305,350,327,305,497,741,722,305,317
381,1023,0,315,1023,0,444,591,305,364,340,305,497,711,688,305,317
288,1023,0,328,1023,0,722,876,305,653,547,305,497,804,772,305,317
341,1023,0,177,1023,0,366,546,305,344,331,305,497,764,752,305,317
417,1023,0,154,1023,0,221,366,305,334,325,305,497,781,767,305,317
454,1023,0,184,1023,0,245,393,305,316,315,305,497,788,764,305,317
430,1023,0,124,1023,0,435,622,305,336,333,305,497,751,737,305,317
302,1023,0,105,1023,0,185,367,305,316,321,305,497,754,747,305,317
428,1023,0,321,1023,0,685,862,305,427,376,305,497,762,743,305,317
505,1023,0,327,1023,0,217,369,305,337,321,305,497,774,760,305,317
339,1023,0,147,1023,0,247,396,305,343,334,305,497,777,761,305,317
300,1023,0,319,1023,0,493,658,305,416,366,305,497,771,747,305,317
440,1023,0,223,1023,0,231,371,305,355,337,305,497,774,762,305,317
418,1023,0,528,1023,0,389,504,305,572,461,305,497,768,728,305,317
509,1023,0,218,1023,0,579,753,305,370,340,305,497,751,733,305,317
397,1023,0,517,1023,0,405,526,305,352,328,305,497,782,740,305,317
377,1023,0,375,1023,0,365,531,305,406,377,305,497,766,746,305,317
380,1023,0,208,1023,0,750,933,306,499,435,305,497,737,710,305,317
50,451,0,61,771,0,171,361,305,638,569,305,497,547,497,305,317
1023,1023,0,723,1023,0,542,721,305,585,497,305,497,888,846,305,317
405,1023,0,260,1023,0,423,580,305,418,363,305,497,725,694,305,317
912,1023,0,407,1023,0,528,726,305,385,351,305,497,869,819,305,317
403,1023,0,197,1023,0,375,532,305,498,448,305,497,774,748,305,317
335,1023,0,173,1023,0,262,409,305,321,319,305,497,784,758,305,321
298,1023,0,161,1023,0,379,552,305,338,321,305,497,778,756,305,321
574,1023,0,579,1023,0,649,842,305,538,416,305,498,847,832,305,321
587,1023,0,429,1023,0,249,389,305,409,372,305,498,858,830,305,321
567,1023,0,590,1023,0,424,602,305,424,382,305,498,801,780,305,321
410,1023,0,196,1023,0,656,850,305,490,434,305,498,693,675,305,321
418,1023,0,261,1023,0,458,646,305,363,340,305,498,786,757,305,321
435,1023,0,247,1023,0,338,491,305,350,335,305,498,742,717,305,321
662,1023,0,449,1023,0,432,518,305,556,459,305,498,803,748,305,321
383,1023,0,244,1023,0,145,330,305,439,389,305,498,678,641,305,321
997,1023,0,570,1023,0,720,843,305,663,593,305,498,861,774,305,321
408,1023,0,256,1023,0,380,544,305,330,323,305,498,775,740,305,321
398,1023,0,223,1023,0,480,657,305,407,366,305,498,767,745,305,321
622,1023,0,395,1023,0,277,434,305,398,376,305,498,813,787,305,321
437,1023,0,273,1023,0,376,506,305,318,317,305,498,763,742,305,321
307,1023,0,167,1023,0,490,685,305,368,354,305,498,769,752,305,321
357,1023,0,159,1023,0,402,572,305,370,340,305,498,754,739,305,321
299,1023,0,138,1023,0,522,734,305,337,333,305,498,769,751,305,321
310,1023,0,98,989,0,151,338,305,330,317,305,498,752,737,305,321
357,1023,0,152,1023,0,520,720,305,426,383,305,498,784,775,305,321
404,1023,0,203,1023,0,735,904,305,501,422,305,498,740,699,305,321
385,1023,0,198,1023,0,275,424,305,337,330,305,498,759,748,305,321
354,1023,0,183,1023,0,272,430,305,339,329,305,498,765,756,305,321
409,1023,0,194,1023,0,557,752,305,590,523,305,498,798,780,305,321
372,1023,0,183,1023,0,639,842,305,388,367,305,498,780,767,305,321
394,1023,0,246,1023,0,183,355,305,327,323,305,499,734,713,305,321
268,1023,0,143,1023,0,503,718,305,338,333,305,499,728,719,305,321
487,1023,0,304,1023,0,679,864,305,434,390,305,499,713,698,305,321
318,1023,0,115,1023,0,511,721,305,335,326,305,499,737,729,305,321
168,775,0,218,1023,0,690,852,305,720,626,305,499,787,735,305,321
104,901,0,76,965,0,265,440,305,318,316,305,499,628,621,305,321
383,1023,0,159,1023,0,300,456,305,307,314,305,499,776,751,305,321
526,1023,0,299,1023,0,227,370,305,403,365,305,499,724,707,305,325
426,1023,0,173,1023,0,337,503,305,338,328,305,499,779,765,305,325
393,1023,0,146,1023,0,260,412,305,318,318,305,499,728,708,305,325
331,1023,0,133,1023,0,194,348,305,319,315,305,499,763,755,305,325
375,1023,0,193,1023,0,285,437,305,338,329,305,499,769,761,305,325
212,1019,0,348,1023,0,815,960,306,590,473,305,499,739,676,305,325
346,1023,0,195,1023,0,745,930,306,491,435,305,499,759,728,305,325
410,1023,0,99,930,0,580,774,305,350,331,305,499,737,726,305,325
285,1023,0,78,838,0,382,575,305,318,316,305,499,750,744,305,325
696,1023,0,403,1023,0,253,366,305,444,382,305,499,810,791,305,325
383,1023,0,315,1023,0,352,502,305,358,344,305,499,745,706,305,325
442,1023,0,252,1023,0,402,556,305,321,323,305,499,710,682,305,325
332,1023,0,224,1023,0,600,780,305,369,340,305,499,747,715,305,325
774,1023,0,645,1023,0,321,472,305,402,365,305,499,848,786,305,325
366,1023,0,179,1023,0,530,730,305,360,341,305,499,740,729,305,325
542,1023,0,341,1023,0,324,460,305,433,387,305,499,806,771,305,325
627,1023,0,504,1023,0,294,421,305,379,345,305,499,819,789,305,325
419,1023,0,379,1023,0,484,657,305,555,470,305,499,796,779,305,325
522,1023,0,254,1023,0,378,542,305,388,354,305,499,788,767,305,325
461,1023,0,164,1023,0,542,709,305,367,340,305,499,751,730,305,325
552,1023,0,311,1023,0,587,770,305,404,356,305,499,768,746,305,325
373,1023,0,183,1023,0,317,466,305,619,553,305,499,763,738,305,325
390,1023,0,195,1023,0,324,482,305,507,457,305,500,756,744,305,325
362,1023,0,196,1023,0,588,724,305,354,331,305,500,737,710,305,325
385,1023,0,224,1023,0,578,756,305,475,405,305,500,770,750,305,325
716,1023,0,278,1023,0,427,591,305,376,354,305,500,770,747,305,325
385,1023,0,133,1023,0,129,335,305,324,318,305,500,706,692,305,325
294,1023,0,296,1023,0,553,730,305,553,463,305,500,776,743,305,325
350,1023,0,114,1023,0,233,396,305,317,315,305,500,738,714,305,325
736,1023,0,420,1023,0,399,545,305,370,330,305,500,832,810,305,325
879,1023,0,535,1023,0,757,948,306,536,469,305,500,861,815,305,325
770,1023,0,514,1023,0,709,887,305,509,435,305,500,836,763,305,325
288,1023,0,124,1023,0,689,889,305,419,388,305,500,692,670,305,325
318,1023,0,234,1023,0,555,728,305,369,338,305,500,730,699,305,325
316,1023,0,289,1023,0,601,774,305,377,340,305,500,723,697,305,325
371,1023,0,159,1023,0,347,511,305,349,334,305,500,671,656,305,325
545,1023,0,258,1023,0,256,392,305,450,397,305,500,783,764,305,325
423,1023,0,429,1023,0,523,696,305,600,506,305,500,826,792,305,325
322,1023,0,189,1023,0,215,364,305,389,360,305,500,776,761,305,325
415,1023,0,207,1023,0,527,728,305,374,358,305,500,743,720,305,325
381,1023,0,197,1023,0,166,344,305,317,314,305,500,756,736,305,325
484,1023,0,195,1023,0,184,352,305,355,341,305,500,767,747,305,325
456,1023,0,295,1023,0,506,681,305,350,337,305,500,759,731,305,325
444,1023,0,162,1023,0,584,780,305,381,365,305,501,753,740,305,329
562,1023,0,359,1023,0,416,585,305,398,367,305,501,841,816,305,329
458,1023,0,212,1023,0,342,474,305,318,314,305,501,764,753,305,329
524,1023,0,446,1023,0,403,560,305,366,343,305,501,802,780,305,329
385,1023,0,159,1023,0,298,450,305,319,318,305,501,738,725,305,329
292,1023,0,395,1023,0,509,658,305,482,390,305,501,730,689,305,329
495,1023,0,399,1023,0,367,488,305,331,316,305,501,744,717,305,329
346,1023,0,238,1023,0,628,802,305,535,460,305,501,773,755,305,329
512,1023,0,248,1023,0,662,839,305,420,372,305,501,762,735,305,329
316,1023,0,105,1023,0,241,395,305,322,314,305,501,705,684,305,329
261,1023,0,102,1023,0,587,800,305,362,347,305,501,805,793,305,329
600,1023,0,421,1023,0,502,684,305,377,348,305,501,778,756,305,329
489,1023,0,258,1023,0,658,851,305,409,373,305,501,733,705,305,329
337,1023,0,149,1023,0,581,779,305,370,346,305,501,747,735,305,329
366,1023,0,140,1023,0,472,673,305,356,347,305,501,769,743,305,329
449,1023,0,264,1023,0,361,493,305,396,350,305,501,787,766,305,329
366,1023,0,266,1023,0,468,665,305,556,507,305,501,793,779,305,329
418,1023,0,222,1023,0,434,620,305,474,433,305,501,792,767,305,329
427,1023,0,421,1023,0,402,525,305,532,419,305,501,769,722,305,329
466,1023,0,160,1023,0,341,509,305,334,330,305,501,732,718,305,329
411,1023,0,135,1023,0,200,359,305,330,324,305,501,763,746,305,329
416,1023,0,272,1023,0,340,501,305,336,334,305,501,753,742,305,329
142,882,0,190,1023,0,780,952,306,663,596,305,501,746,731,305,329
308,1023,0,118,1023,0,244,402,305,337,329,305,501,773,746,305,329
483,1023,0,235,1023,0,247,385,305,473,419,305,501,782,766,305,329
589,1023,0,360,1023,0,614,775,305,427,366,305,501,783,746,305,329
442,1023,0,248,1023,0,698,889,305,437,392,305,501,798,779,305,329
358,1023,0,193,1023,0,678,877,305,436,385,305,502,772,756,305,329
668,1023,0,542,1023,0,327,487,305,379,359,305,502,867,851,305,329
758,1023,0,515,1023,0,426,575,305,393,346,305,502,834,791,305,329
478,1023,0,351,1023,0,491,680,305,365,343,305,502,793,772,305,329
464,1023,0,197,1023,0,347,500,305,356,345,305,502,778,762,305,329
417,1023,0,275,1023,0,430,597,305,348,332,305,502,744,715,305,329
362,1023,0,171,1023,0,188,356,305,312,310,305,502,763,753,305,329
397,1023,0,232,1023,0,360,529,305,375,355,305,502,805,794,305,329
304,1023,0,149,1023,0,97,327,305,333,324,305,502,697,686,305,329
235,1023,0,129,1023,0,180,350,305,327,318,305,502,752,744,305,329
461,1023,0,138,1023,0,193,357,305,323,321,305,502,756,721,305,329
528,1023,0,335,1023,0,383,536,305,477,422,305,502,818,787,305,329
574,1023,0,260,1023,0,672,847,305,427,378,305,502,770,757,305,329
349,1023,0,190,1023,0,326,478,305,329,330,305,502,771,758,305,329
392,1023,0,111,1023,0,322,487,305,316,316,305,502,700,685,305,329
463,1023,0,184,1023,0,538,714,305,347,330,305,502,730,705,305,333
482,1023,0,425,1023,0,753,924,306,518,441,305,502,682,632,305,333
340,1023,0,220,1023,0,689,876,305,447,395,305,502,704,663,305,333
405,1023,0,256,1023,0,233,374,305,331,317,305,502,769,734,305,333
367,1023,0,155,1023,0,324,474,305,332,325,305,502,765,757,305,333
473,1023,0,306,1023,0,408,752,305,224,331,305,502,780,750,305,333
805,1023,0,973,1023,0,936,1023,307,861,789,305,502,864,800,305,333
276,1023,0,166,1023,0,286,426,305,329,323,305,502,758,751,305,333
348,1023,0,222,1023,0,458,628,305,341,326,305,502,763,711,305,333
403,1023,0,212,1023,0,199,369,305,351,337,305,502,757,728,305,333
392,1023,0,138,1023,0,306,451,305,348,334,305,502,760,742,305,333
504,1023,0,230,1023,0,262,407,305,359,338,305,502,783,764,305,333
397,1023,0,267,1023,0,456,640,305,382,354,305,503,766,749,305,333
350,1023,0,101,1023,0,583,797,305,354,338,305,503,765,748,305,333
391,1023,0,219,1023,0,219,375,305,331,324,305,503,769,757,305,333
436,1023,0,199,1023,0,521,722,305,344,335,305,503,742,729,305,333
250,1023,0,121,1023,0,311,480,305,326,319,305,503,743,733,305,333
875,1023,0,840,1023,0,727,863,305,573,451,305,503,841,782,305,333
60,235,0,131,817,0,34,313,305,707,740,305,503,559,559,305,333
346,1023,0,109,1023,0,297,458,305,313,314,305,503,750,743,305,333
263,1023,0,142,1023,0,164,345,305,659,615,305,503,722,706,305,333
368,1023,0,327,1023,0,613,790,305,384,350,305,503,782,746,305,333
1023,1023,0,1023,1023,0,739,882,305,649,552,305,503,854,758,305,333
384,1023,0,202,1023,0,263,415,305,416,390,305,503,772,756,305,333
1021,1023,0,677,1023,0,307,383,305,375,333,305,503,875,819,305,333
418,1023,0,174,1023,0,414,597,305,325,318,305,503,693,646,305,333
403,1023,0,169,1023,0,258,402,305,362,345,305,503,769,755,305,333
350,1023,0,257,1023,0,751,929,306,524,453,305,503,767,723,305,333
468,1023,0,226,1023,0,401,571,305,387,358,305,503,766,746,305,333
663,1023,0,343,1023,0,270,401,305,411,388,305,503,780,750,305,333
345,1023,0,194,1023,0,281,411,305,355,337,305,503,750,720,305,333
706,1023,0,329,1023,0,263,378,305,356,333,305,503,805,747,305,333
308,1023,0,150,1023,0,661,844,305,394,363,305,503,742,724,305,333
695,1023,0,367,1023,0,764,912,305,540,433,305,503,813,763,305,333
432,1023,0,145,1023,0,251,401,305,328,324,305,503,749,732,305,333
487,1023,0,204,1023,0,243,386,305,355,333,305,503,771,748,305,333
356,1023,0,197,1023,0,348,509,305,348,335,305,503,756,728,305,333
423,1023,0,224,1023,0,571,758,305,379,350,305,503,774,756,305,333
289,1023,0,101,1023,0,172,344,305,324,316,305,503,725,718,305,333
371,1023,0,202,1023,0,320,469,305,336,328,305,503,769,757,305,333
418,1023,0,266,1023,0,356,511,305,339,328,305,503,781,757,305,333
289,1023,0,92,977,0,313,471,305,313,315,305,503,736,729,305,333
402,1023,0,252,1023,0,280,416,305,443,400,305,503,773,760,305,333
378,1023,0,203,1023,0,346,461,305,342,334,305,503,792,758,305,333
372,1023,0,210,1023,0,334,474,305,345,327,305,503,765,745,305,333
308,1023,0,193,1023,0,457,608,305,410,358,305,504,749,726,305,333
294,1023,0,153,1023,0,396,582,305,355,348,305,504,771,760,305,333
471,1023,0,217,1023,0,765,932,306,564,479,305,504,767,736,305,333
317,823,0,653,1023,0,392,432,305,723,539,305,504,639,449,305,333
301,1023,0,234,1023,0,217,369,305,614,533,305,504,770,753,305,333
472,1023,0,253,1023,0,388,543,305,352,331,305,504,786,750,305,333
317,1023,0,357,1023,0,751,909,305,659,575,305,504,773,731,305,333
356,1023,0,244,1023,0,508,684,305,335,335,305,504,732,695,305,333
425,1023,0,169,1023,0,356,489,305,318,327,305,504,782,760,305,333
370,1023,0,150,1023,0,523,727,305,645,623,305,504,767,748,305,333
332,1023,0,235,1023,0,528,715,305,411,371,305,504,762,739,305,333
473,1023,0,232,1023,0,317,463,305,372,345,305,504,786,761,305,333
363,1023,0,293,1023,0,750,915,306,526,433,305,504,746,698,305,337
398,1023,0,192,1023,0,678,865,305,459,404,305,504,751,728,305,337
306,1023,0,113,1023,0,285,438,305,331,325,305,504,768,759,305,337
499,1023,0,437,1023,0,732,918,305,529,468,305,504,827,796,305,337
423,1023,0,101,985,0,256,395,305,322,320,305,504,767,754,305,337
311,1023,0,116,1023,0,255,411,305,319,314,305,504,761,750,305,337
271,1023,0,121,1023,0,339,504,305,334,331,305,504,754,741,305,337
336,1023,0,217,1023,0,808,993,306,574,520,305,504,775,737,305,337
342,1023,0,443,1023,0,779,924,306,543,433,305,504,781,737,305,337
350,1023,0,167,1023,0,693,880,305,585,515,305,504,771,754,305,337
346,1023,0,223,1023,0,534,730,305,345,329,305,504,703,673,305,337
430,1023,0,212,1023,0,732,924,306,508,448,305,504,780,759,305,337
346,1023,0,231,1023,0,229,378,305,675,601,305,504,749,722,305,337
491,1023,0,273,1023,0,363,519,305,323,321,305,504,805,794,305,337
629,1023,0,331,1023,0,440,594,305,326,325,305,504,792,771,305,337
462,1023,0,225,1023,0,325,464,305,391,363,305,504,782,768,305,337
388,1023,0,350,1023,0,322,448,305,345,330,305,505,762,733,305,337
387,1023,0,191,1023,0,236,371,305,334,323,305,505,766,753,305,337
397,1023,0,206,1023,0,232,384,305,336,323,305,505,746,736,305,337
371,1023,0,247,1023,0,500,662,305,333,322,305,505,742,717,305,337
407,1023,0,191,1023,0,390,542,305,394,358,305,505,778,761,305,337
582,1023,0,293,1023,0,367,516,305,338,336,305,505,779,761,305,337
352,1023,0,465,1023,0,727,894,305,502,414,305,505,801,749,305,337
837,1023,0,710,1023,0,867,1023,306,656,599,305,505,852,778,305,337
623,1023,0,371,1023,0,642,804,305,455,379,305,505,830,800,305,337
342,1023,0,342,1023,0,627,797,305,385,344,305,505,766,744,305,337
347,1023,0,129,1023,0,182,354,305,322,317,305,505,755,745,305,337
517,1023,0,377,1023,0,262,394,305,336,327,305,505,765,742,305,337
312,1023,0,228,1023,0,272,418,305,605,537,305,505,765,743,305,337
376,1023,0,142,1023,0,263,409,305,324,319,305,505,762,749,305,337
265,1023,0,127,1023,0,238,393,305,317,319,305,505,755,746,305,337
362,1023,0,165,1023,0,473,670,305,360,340,305,505,745,725,305,337
373,1023,0,247,1023,0,780,962,306,539,468,305,505,765,744,305,337
353,1023,0,109,1023,0,319,479,305,321,318,305,505,752,744,305,337
295,1023,0,175,1023,0,684,886,305,431,391,305,505,746,734,305,337
314,1023,0,101,1023,0,419,615,305,335,329,305,505,765,753,305,337
488,1023,0,257,1023,0,220,373,305,333,323,305,505,740,718,305,337
312,1023,0,95,1023,0,215,379,305,323,316,305,505,760,754,305,337
403,1023,0,143,1023,0,302,457,305,333,323,305,505,755,744,305,337
348,1023,0,220,1023,0,747,923,306,556,476,305,505,787,768,305,337
299,1023,0,140,1023,0,266,411,305,371,349,305,505,735,709,305,337
249,1023,0,224,1023,0,469,628,305,343,324,305,505,758,728,305,337
505,1023,0,247,1023,0,657,844,305,395,366,305,506,692,661,305,341
543,1023,0,209,1023,0,444,602,305,377,351,305,506,785,766,305,341
406,1023,0,147,1023,0,144,339,305,399,372,305,506,724,704,305,341
447,1023,0,205,1023,0,324,473,305,348,336,305,506,785,759,305,341
1023,1023,0,1023,1023,0,801,922,306,626,444,305,506,931,846,305,341
383,1023,0,336,1023,0,528,714,305,676,603,305,506,805,758,305,341
374,1023,0,223,1023,0,976,1023,307,770,709,305,506,761,730,305,341
385,1023,0,138,1023,0,196,351,305,335,318,305,506,669,643,305,341
699,1023,0,438,1023,0,730,886,305,504,397,305,506,822,757,305,341
251,1023,0,92,1023,0,524,742,305,354,345,305,506,761,750,305,341
334,1023,0,143,1023,0,665,863,305,459,414,305,506,778,768,305,341
265,1023,0,135,1023,0,197,370,305,686,640,305,506,773,762,305,341
385,1023,0,172,1023,0,341,512,305,396,369,305,506,776,753,305,341
416,1023,0,201,1023,0,703,896,305,474,420,305,506,744,722,305,341
494,1023,0,271,1023,0,379,536,305,359,345,305,506,765,743,305,341
374,1023,0,186,1023,0,199,354,305,334,317,305,506,768,742,305,341
397,1023,0,161,1023,0,247,392,305,400,366,305,506,774,746,305,341
441,1023,0,230,1023,0,293,405,305,409,356,305,506,738,718,305,341
267,1023,0,167,1023,0,441,629,305,337,329,305,506,762,749,305,341
390,1023,0,202,1023,0,409,579,305,321,318,305,506,698,650,305,341
343,1023,0,128,1023,0,227,381,305,309,315,305,506,763,753,305,341
337,1023,0,216,1023,0,742,939,306,551,501,305,506,830,804,305,341
347,1023,0,166,1023,0,575,786,305,368,350,305,506,770,752,305,341
774,1023,0,527,1023,0,558,746,305,504,381,305,506,832,736,305,341
577,1023,0,414,1023,0,728,884,305,545,430,305,506,787,752,305,341
456,1023,0,170,1023,0,633,826,305,408,378,305,506,759,743,305,341
369,1023,0,194,1023,0,733,919,305,473,422,305,506,748,721,305,341
431,1023,0,203,1023,0,376,532,305,327,322,305,506,787,761,305,341
404,1023,0,174,1023,0,439,624,305,408,384,305,506,788,769,305,341
500,1023,0,493,1023,0,427,554,305,342,322,305,506,766,741,305,341
465,1023,0,239,1023,0,727,909,305,484,421,305,506,796,780,305,341
477,1023,0,288,1023,0,515,694,305,342,336,305,507,756,726,305,341
412,1023,0,127,940,0,489,654,305,566,477,305,507,835,817,305,341
418,1023,0,161,1023,0,675,868,305,410,374,305,507,725,717,305,341
427,1023,0,251,1023,0,298,438,305,331,320,305,507,811,794,305,341
394,1023,0,299,1023,0,807,989,306,587,523,305,507,842,828,305,341
338,1023,0,99,955,0,643,851,305,391,364,305,507,761,748,305,341
394,1023,0,272,1023,0,480,652,305,332,322,305,507,769,730,305,341
370,1023,0,219,1023,0,356,524,305,336,321,305,507,768,754,305,341
322,1023,0,142,1023,0,370,542,305,323,316,305,507,764,753,305,341
453,1023,0,207,1023,0,560,742,305,341,331,305,507,753,734,305,341
370,1023,0,184,1023,0,621,820,305,399,364,305,507,771,739,305,341
435,1023,0,255,1023,0,467,657,305,352,339,305,507,763,744,305,341
381,1023,0,243,1023,0,647,827,305,406,355,305,507,743,703,305,341
383,1023,0,190,1023,0,476,674,305,361,340,305,507,751,726,305,341
1023,1023,0,1023,1023,0,720,845,305,588,433,305,507,932,828,305,341
602,1023,0,394,1023,0,303,438,305,380,360,305,507,794,771,305,341
409,1023,0,216,1023,0,196,364,305,458,411,305,507,777,761,305,345
418,1023,0,207,1023,0,358,522,305,325,323,305,507,778,763,305,345
428,1023,0,183,1023,0,329,492,305,353,335,305,507,786,773,305,345
448,1023,0,178,1023,0,425,616,305,318,318,305,507,775,737,305,345
410,1023,0,158,1023,0,461,652,305,341,330,305,507,770,753,305,345
294,1023,0,154,1023,0,218,375,305,387,363,305,507,774,752,305,345
361,1023,0,173,1023,0,359,518,305,350,333,305,507,749,736,305,345
320,1023,0,213,1023,0,641,834,305,687,621,305,507,749,730,305,345
544,1023,0,271,1023,0,269,409,305,435,393,305,507,776,756,305,345
779,1023,0,442,1023,0,682,834,305,455,370,305,507,805,719,305,345
363,1023,0,203,1023,0,511,716,305,347,332,305,507,709,697,305,345
300,1023,0,126,1023,0,291,449,305,322,320,305,507,746,740,305,345
365,1023,0,344,1023,0,411,563,305,335,327,305,507,765,726,305,345
605,1023,0,475,1023,0,225,375,305,388,354,305,507,739,695,305,345
367,1023,0,175,1023,0,382,571,305,321,318,305,507,776,759,305,345
839,1023,0,637,1023,0,805,966,306,600,498,305,507,836,776,305,345
455,1023,0,378,1023,0,541,716,305,351,336,305,507,795,771,305,345
455,1023,0,357,1023,0,234,376,305,346,336,305,507,751,719,305,345
393,1023,0,211,1023,0,247,404,305,504,458,305,507,765,738,305,345
280,1023,0,157,1023,0,175,350,305,342,328,305,507,722,715,305,345
434,1023,0,247,1023,0,175,355,305,340,327,305,508,738,723,305,345
545,1023,0,341,1023,0,289,415,305,361,339,305,508,766,748,305,345
352,1023,0,210,1023,0,843,1005,306,626,552,305,508,751,731,305,345
285,1023,0,88,951,0,279,440,305,323,319,305,508,742,732,305,345
184,1023,0,153,1023,0,591,787,305,429,390,305,508,802,781,305,345
411,1023,0,200,1023,0,272,432,305,332,327,305,508,770,756,305,345
305,1023,0,243,1023,0,660,843,305,651,580,305,508,759,729,305,345
373,1023,0,176,1023,0,389,568,305,347,333,305,508,759,741,305,345
594,1023,0,439,1023,0,259,385,305,330,319,305,508,825,765,305,345
422,1023,0,165,1023,0,463,659,305,340,327,305,508,726,708,305,345
238,1023,0,229,1023,0,645,819,305,401,353,305,508,734,715,305,345
491,1023,0,306,1023,0,727,900,305,529,447,305,508,793,771,305,345
913,1023,0,554,1023,0,408,553,305,505,417,305,508,805,774,305,345
337,1023,0,161,1023,0,162,351,305,310,313,305,508,773,762,305,345
395,1023,0,173,1023,0,79,327,305,425,394,305,508,741,722,305,345
410,1023,0,192,1023,0,175,355,305,326,318,305,508,748,731,305,345
458,1023,0,408,1023,0,355,495,305,431,374,305,508,744,706,305,345
534,1023,0,192,1023,0,584,799,305,698,667,305,508,860,815,305,345
322,1023,0,174,1023,0,546,748,305,382,360,305,508,769,762,305,350
491,1023,0,299,1023,0,715,891,305,487,416,305,508,742,703,305,350
447,1023,0,228,1023,0,257,398,305,329,318,305,508,732,692,305,350
306,1023,0,114,1023,0,219,377,305,322,323,305,508,757,743,305,350
361,1023,0,476,1023,0,699,849,305,483,390,305,508,784,738,305,350
687,1023,0,373,1023,0,319,442,305,351,325,305,508,817,789,305,350
421,1023,0,416,1023,0,537,709,305,431,356,305,509,763,737,305,350
366,1023,0,178,1023,0,561,756,305,362,344,305,509,752,740,305,350
186,1023,0,171,1023,0,602,790,305,663,603,305,509,731,713,305,350
367,1023,0,134,1023,0,671,871,305,445,408,305,509,757,739,305,350
438,1023,0,234,1023,0,628,825,305,393,368,305,509,759,747,305,350
378,1023,0,190,1023,0,202,363,305,325,327,305,509,775,766,305,350
228,1023,0,167,1023,0,192,355,305,529,475,305,509,802,778,305,350
375,1023,0,202,1023,0,751,928,306,511,435,305,509,755,733,305,350
386,1023,0,238,1023,0,366,526,305,373,350,305,509,782,763,305,350
389,1023,0,213,1023,0,686,875,305,464,402,305,509,774,757,305,350
373,1023,0,130,1023,0,280,435,305,323,316,305,509,746,734,305,350
367,1023,0,272,1023,0,520,693,305,334,327,305,509,730,708,305,350
385,1023,0,167,1023,0,442,625,305,329,318,305,509,769,759,305,350
414,1023,0,208,1023,0,176,347,305,331,321,305,509,751,730,305,350
346,1023,0,282,1023,0,783,948,306,570,484,305,509,735,707,305,350
597,1023,0,422,1023,0,336,440,305,392,343,305,509,837,773,305,350
354,1023,0,159,1023,0,193,363,305,320,319,305,509,768,749,305,350
395,1023,0,202,1023,0,699,867,305,449,379,305,509,758,738,305,350
344,1023,0,248,1023,0,565,745,305,395,351,305,509,770,739,305,350
852,1023,0,530,1023,0,588,748,305,585,490,305,509,844,761,305,350
183,1023,0,126,1023,0,375,565,305,508,478,305,509,810,802,305,350
439,1023,0,241,1023,0,370,520,305,348,334,305,509,762,732,305,350
782,1023,0,495,1023,0,419,517,305,343,321,305,509,821,757,305,350
552,1023,0,518,1023,0,261,390,305,360,333,305,509,816,791,305,350
442,1023,0,335,1023,0,425,566,305,451,393,305,509,772,731,305,350
463,1023,0,252,1023,0,897,1023,306,683,616,305,509,722,668,305,350
436,1023,0,182,1023,0,294,424,305,321,323,305,509,744,728,305,350
454,1023,0,284,1023,0,285,411,305,351,330,305,509,752,729,305,350
330,1023,0,336,1023,0,317,449,305,371,343,305,509,775,752,305,350
281,1023,0,193,1023,0,284,413,305,384,350,305,509,751,729,305,350
414,1023,0,231,1023,0,225,374,305,327,318,305,509,736,720,305,350
452,1023,0,372,1023,0,646,825,305,582,550,305,509,781,762,305,350
336,1023,0,263,1023,0,354,456,305,322,320,305,509,758,720,305,350
335,1023,0,250,1023,0,568,754,305,480,424,305,510,759,734,305,350
703,1023,0,353,1023,0,403,534,305,573,513,305,510,821,758,305,350
457,1023,0,140,1023,0,545,722,305,347,328,305,510,749,729,305,350
436,1023,0,262,1023,0,473,662,305,340,327,305,510,759,730,305,350
99,930,0,54,745,0,197,380,305,619,613,305,510,557,547,305,350
385,1023,0,182,1023,0,400,576,305,322,319,305,510,757,743,305,354
371,1023,0,149,1023,0,193,362,305,329,316,305,510,712,695,305,354
386,1023,0,167,1023,0,350,514,305,335,327,305,510,781,771,305,354
452,1023,0,448,1023,0,218,366,305,414,370,305,510,786,753,305,354
893,1023,0,468,1023,0,461,642,305,402,362,305,510,865,810,305,354
552,1023,0,377,1023,0,294,432,305,388,353,305,510,803,782,305,354
390,1023,0,129,1023,0,415,602,305,328,314,305,510,759,739,305,354
437,1023,0,301,1023,0,274,413,305,399,365,305,510,794,774,305,354
444,1023,0,269,1023,0,375,556,305,338,322,305,510,784,773,305,354
287,1023,0,94,1000,0,126,335,305,323,317,305,510,754,743,305,354
335,1023,0,178,1023,0,577,781,305,391,371,305,510,772,763,305,354
260,1023,0,123,1023,0,171,355,305,324,319,305,510,758,745,305,354
486,1023,0,282,1023,0,175,355,305,314,313,305,510,750,723,305,354
533,1023,0,334,1023,0,242,397,305,341,330,305,510,780,764,305,354
277,1023,0,76,849,0,197,368,305,320,315,305,510,715,706,305,354
449,1023,0,260,1023,0,309,453,305,405,377,305,510,789,769,305,354
504,1023,0,252,1023,0,732,908,305,495,426,305,510,776,752,305,354
256,1023,0,268,1023,0,408,544,305,327,320,305,510,777,744,305,354
300,1023,0,242,1023,0,639,806,305,381,347,305,510,697,660,305,354
454,1023,0,224,1023,0,371,541,305,388,362,305,510,769,753,305,354
331,1023,0,122,1023,0,817,1009,306,602,557,305,510,763,751,305,354
318,1023,0,138,1023,0,190,363,305,403,378,305,510,759,737,305,354
388,1023,0,210,1023,0,537,731,305,386,361,305,510,778,752,305,354
439,1023,0,231,1023,0,209,360,305,332,319,305,510,788,763,305,354
380,1023,0,177,1023,0,299,435,305,335,324,305,510,748,734,305,354
353,1023,0,141,1023,0,151,349,305,324,324,305,510,750,722,305,354
468,1023,0,294,1023,0,533,728,305,354,340,305,510,800,791,305,354
399,1023,0,143,1023,0,528,724,305,349,334,305,511,760,750,305,354
337,1023,0,123,1023,0,172,361,305,313,316,305,511,745,729,305,354
354,1023,0,163,1023,0,151,342,305,398,374,305,511,781,763,305,354
561,1023,0,347,1023,0,550,724,305,374,349,305,511,841,824,305,354
327,1023,0,218,1023,0,438,638,305,325,323,305,511,779,761,305,354
508,1023,0,195,1023,0,195,358,305,347,331,305,511,773,752,305,354
349,1023,0,143,1023,0,668,871,305,402,379,305,511,761,743,305,354
387,1023,0,187,1023,0,422,603,305,448,397,305,511,776,748,305,354
41,383,0,4,57,0,0,310,305,315,313,305,511,627,631,305,354
420,1023,0,188,1023,0,257,404,305,389,362,305,511,756,724,305,354
414,1023,0,213,1023,0,650,839,305,502,445,305,511,793,776,305,354
637,1023,0,474,1023,0,529,731,305,409,382,305,511,839,785,305,354
475,1023,0,274,1023,0,645,821,305,458,385,305,511,781,750,305,354
430,1023,0,295,1023,0,367,522,305,358,336,305,511,763,737,305,354
396,1023,0,168,1023,0,163,349,305,342,330,305,511,769,758,305,354
348,1023,0,102,1023,0,173,351,305,314,313,305,511,743,734,305,354
438,1023,0,222,1023,0,595,784,305,382,352,305,511,781,763,305,354
341,1023,0,178,1023,0,590,789,305,371,349,305,511,743,723,305,354
282,1023,0,222,1023,0,327,456,305,570,489,305,511,744,704,305,354
445,1023,0,211,1023,0,483,641,305,457,403,305,511,780,759,305,354
290,1023,0,270,1023,0,436,608,305,328,317,305,511,780,764,305,358
495,1023,0,273,1023,0,322,442,305,396,367,305,511,776,753,305,358
407,1023,0,173,1023,0,633,832,305,389,360,305,511,768,753,305,358
305,1023,0,111,1023,0,188,372,305,327,321,305,511,742,734,305,358
385,1023,0,386,1023,0,714,881,305,450,380,305,511,760,727,305,358
520,1023,0,258,1023,0,250,384,305,344,325,305,511,768,754,305,358
791,1023,0,363,1023,0,608,810,305,451,394,305,511,821,776,305,358
440,1023,0,349,1023,0,345,477,305,346,326,305,511,771,753,305,358
337,1023,0,121,1023,0,207,366,305,312,314,305,512,744,735,305,358
358,1023,0,261,1023,0,262,407,305,321,317,305,512,747,729,305,358
354,1023,0,186,1023,0,388,569,305,424,394,305,512,774,761,305,358
530,1023,0,273,1023,0,419,581,305,378,346,305,512,790,769,305,358
447,1023,0,356,1023,0,510,680,305,470,401,305,512,790,751,305,358
511,1023,0,360,1023,0,537,712,305,383,352,305,512,815,766,305,358
314,1023,0,103,1023,0,511,721,305,333,328,305,512,768,753,305,358
367,1023,0,199,1023,0,672,855,305,470,411,305,512,776,761,305,358
441,1023,0,199,1023,0,378,538,305,393,365,305,512,736,714,305,358
581,1023,0,284,1023,0,562,746,305,369,338,305,512,794,778,305,358
686,1023,0,536,1023,0,331,491,305,622,555,305,512,836,810,305,358
411,1023,0,172,1023,0,529,727,305,339,327,305,512,764,738,305,358
462,1023,0,210,1023,0,216,374,305,327,313,305,512,779,768,305,358
451,1023,0,372,1023,0,675,842,305,668,595,305,512,769,734,305,358
375,1023,0,123,1023,0,148,343,305,317,316,305,512,756,735,305,358
399,1023,0,221,1023,0,308,446,305,328,323,305,512,781,759,305,358
407,1023,0,183,1023,0,248,400,305,335,331,305,512,783,768,305,358
404,1023,0,155,1023,0,470,653,305,396,363,305,512,769,756,305,358
435,1023,0,262,1023,0,246,383,305,343,327,305,512,741,705,305,358
493,1023,0,272,1023,0,494,680,305,339,332,305,512,805,793,305,358
305,1023,0,525,1023,0,841,987,306,628,515,305,512,777,742,305,358
919,1023,0,764,1023,0,689,880,305,522,401,305,512,889,833,305,358
351,1023,0,207,1023,0,529,735,305,342,336,305,512,577,541,305,358
417,1023,0,355,1023,0,758,906,305,529,421,305,512,778,754,305,358
351,1023,0,150,1023,0,361,516,305,372,352,305,512,764,744,305,358
391,1023,0,188,1023,0,524,725,305,400,366,305,512,773,753,305,358
446,1023,0,274,1023,0,289,428,305,344,327,305,512,757,735,305,358
446,1023,0,310,1023,0,677,858,305,410,367,305,513,797,779,305,358
383,1023,0,139,1023,0,705,901,305,435,398,305,513,734,719,305,358
412,1023,0,156,1023,0,226,369,305,325,314,305,513,770,754,305,358
477,1023,0,221,1023,0,566,762,305,416,368,305,513,772,754,305,358
326,1023,0,115,1023,0,150,337,305,317,312,305,513,709,697,305,358
277,1023,0,136,1023,0,340,508,305,360,341,305,513,749,729,305,362
384,1023,0,328,1023,0,476,656,305,385,347,305,513,771,733,305,362
379,1023,0,181,1023,0,303,460,305,328,317,305,513,740,726,305,362
318,1023,0,190,1023,0,247,395,305,334,325,305,513,767,753,305,362
297,1023,0,163,1023,0,210,375,305,325,328,305,513,730,710,305,362
196,904,0,208,1023,0,256,370,305,573,504,305,513,769,744,305,362
407,1023,0,301,1023,0,469,676,305,532,479,305,513,809,786,305,362
232,986,0,348,1023,0,540,695,305,499,405,305,513,756,723,305,362
395,1023,0,166,1023,0,483,670,305,344,339,305,513,752,729,305,362
316,1023,0,236,1023,0,635,810,305,377,342,305,513,724,690,305,362
453,1023,0,194,1023,0,248,410,305,368,345,305,513,763,748,305,362
464,1023,0,238,1023,0,291,431,305,429,385,305,513,769,750,305,362
586,1023,0,346,1023,0,440,610,305,368,345,305,513,802,785,305,362
489,1023,0,232,1023,0,425,598,305,340,332,305,513,762,738,305,362
285,1023,0,185,1023,0,395,590,305,335,345,305,513,786,773,305,362
452,1023,0,217,1023,0,648,818,305,460,403,305,513,778,762,305,362
339,1023,0,294,1023,0,293,408,305,363,342,305,513,734,684,305,362
264,1023,0,299,1023,0,461,630,305,380,349,305,513,780,741,305,362
320,1023,0,137,1023,0,542,750,305,336,336,305,513,775,761,305,362
370,1023,0,242,1023,0,644,828,305,440,380,305,513,752,735,305,362
373,1023,0,158,1023,0,219,372,305,375,351,305,513,751,731,305,362
323,1023,0,160,1023,0,317,475,305,369,351,305,513,773,758,305,362
279,1023,0,162,1023,0,227,378,305,385,365,305,513,755,744,305,362
411,1023,0,178,1023,0,476,671,305,434,394,305,513,783,770,305,362
387,1023,0,238,1023,0,602,797,305,424,384,305,513,794,781,305,362
280,1023,0,156,1023,0,203,370,305,714,664,305,513,772,756,305,362
405,1023,0,427,1023,0,718,872,305,479,393,305,514,772,742,305,362
280,1023,0,286,1023,0,274,395,305,434,376,305,514,749,722,305,362
443,1023,0,153,1023,0,468,638,305,345,334,305,514,748,731,305,362
469,1023,0,175,1023,0,555,753,305,382,357,305,514,788,771,305,362
456,1023,0,139,1023,0,186,354,305,393,360,305,514,734,713,305,362
362,1023,0,234,1023,0,257,393,305,633,555,305,514,748,720,305,362
351,1023,0,179,1023,0,309,437,305,340,327,305,514,767,750,305,362
531,1023,0,243,1023,0,311,448,305,350,331,305,514,767,743,305,362
309,1023,0,126,1023,0,121,338,305,317,312,305,514,710,697,305,362
364,1023,0,167,1023,0,265,414,305,376,353,305,514,768,746,305,362
509,1023,0,267,1023,0,416,583,305,375,355,305,514,756,739,305,362
660,1023,0,306,1023,0,539,709,305,424,365,305,514,814,793,305,362
340,1023,0,208,1023,0,298,446,305,350,337,305,514,767,756,305,362
318,1023,0,226,1023,0,595,751,305,561,448,305,514,738,696,305,362
363,1023,0,175,1023,0,172,353,305,323,318,305,514,780,764,305,362
378,1023,0,156,1023,0,140,338,305,363,351,305,514,719,707,305,362
398,1023,0,214,1023,0,727,918,305,509,458,305,514,743,715,305,362
320,1023,0,148,1023,0,300,454,305,345,333,305,514,751,739,305,362
301,1023,0,131,1023,0,287,446,305,319,314,305,514,766,750,305,362
479,1023,0,318,1023,0,367,527,305,355,335,305,514,800,785,305,362
429,1023,0,157,1023,0,372,542,305,320,319,305,514,759,741,305,362
323,1023,0,164,1023,0,257,410,305,491,452,305,514,780,767,305,362
353,1023,0,158,1023,0,387,563,305,338,330,305,514,762,744,305,366
325,1023,0,117,1023,0,337,517,305,320,321,305,514,759,747,305,366
434,1023,0,182,1023,0,193,356,305,325,322,305,514,659,646,305,366
383,1023,0,231,1023,0,726,917,305,490,434,305,514,743,728,305,366
340,1023,0,159,1023,0,635,834,305,393,355,305,514,750,723,305,366
417,1023,0,150,1023,0,146,344,305,328,320,305,515,759,743,305,366
259,1023,0,203,1023,0,256,387,305,731,657,305,515,761,725,305,366
540,1023,0,365,1023,0,329,460,305,403,358,305,515,771,749,305,366
494,1023,0,248,1023,0,661,841,305,444,391,305,515,785,769,305,366
314,1023,0,191,1023,0,383,565,305,341,333,305,515,781,768,305,366
422,1023,0,344,1023,0,354,507,305,330,326,305,515,817,779,305,366
374,1023,0,146,1023,0,569,774,305,353,335,305,515,774,753,305,366
406,1023,0,171,1023,0,161,345,305,313,313,305,515,714,699,305,366
279,1023,0,145,1023,0,122,338,305,312,314,305,515,757,741,305,366
326,1023,0,201,1023,0,390,516,305,497,411,305,515,752,731,305,366
343,1023,0,126,1023,0,728,924,306,482,431,305,515,770,761,305,366
342,1023,0,487,1023,0,699,866,305,484,412,305,515,784,744,305,366
597,1023,0,338,1023,0,736,875,305,546,434,305,515,813,778,305,366
677,1023,0,311,1023,0,305,409,305,367,335,305,515,833,772,305,366
446,1023,0,315,1023,0,487,659,305,339,323,305,515,748,689,305,366
408,1023,0,235,1023,0,621,828,305,381,362,305,515,764,748,305,366
454,1023,0,173,1023,0,182,348,305,355,334,305,515,770,747,305,366
318,1023,0,316,1023,0,355,515,305,351,330,305,515,795,774,305,366
489,1023,0,220,1023,0,321,454,305,413,368,305,515,791,774,305,366
439,1023,0,230,1023,0,226,372,305,371,350,305,515,752,723,305,366
421,1023,0,148,1023,0,593,793,305,374,352,305,515,752,735,305,366
386,1023,0,140,1023,0,560,761,305,376,351,305,515,757,744,305,366
312,1023,0,270,1023,0,736,908,305,496,416,305,515,764,722,305,366
769,1023,0,511,1023,0,767,927,306,542,440,305,515,841,774,305,366
546,1023,0,380,1023,0,439,615,305,679,553,305,515,781,724,305,366
263,1023,0,228,1023,0,286,407,305,317,316,305,515,756,735,305,366
403,1023,0,131,1023,0,235,391,305,310,314,305,516,755,736,305,366
290,1023,0,216,1023,0,363,507,305,357,332,305,516,754,720,305,366
403,1023,0,226,1023,0,622,813,305,476,416,305,516,783,763,305,366
499,1023,0,514,1023,0,421,567,305,340,332,305,516,820,788,305,366
433,1023,0,197,1023,0,610,805,305,377,352,305,516,771,753,305,366
467,1023,0,396,1023,0,271,399,305,378,346,305,516,754,718,305,366
390,1023,0,231,1023,0,624,817,305,530,466,305,516,805,786,305,370
1023,1023,0,641,1023,0,667,839,305,523,384,305,516,871,771,305,370
401,1023,0,228,1023,0,267,407,305,323,319,305,516,778,753,305,370
736,1023,0,296,1023,0,348,443,305,342,320,305,516,792,767,305,370
516,1023,0,452,1023,0,209,371,305,429,381,305,516,773,724,305,370
362,1023,0,149,1023,0,665,867,305,423,386,305,516,687,675,305,370
267,1023,0,114,1023,0,239,398,305,345,341,305,516,762,747,305,370
428,1023,0,258,1023,0,719,915,305,499,453,305,516,802,782,305,370
327,1023,0,173,1023,0,217,373,305,320,319,305,516,774,753,305,370
376,1023,0,146,1023,0,370,533,305,448,413,305,516,779,764,305,370
432,1023,0,298,1023,0,227,380,305,362,342,305,516,786,762,305,370
489,1023,0,167,1023,0,343,496,305,363,340,305,516,767,741,305,370
314,1023,0,166,1023,0,661,863,305,403,372,305,516,786,777,305,370
501,1023,0,416,1023,0,499,651,305,374,334,305,516,814,734,305,370
468,1023,0,198,1023,0,444,627,305,417,381,305,516,790,777,305,370
239,1023,0,234,1023,0,657,845,305,423,378,305,516,754,710,305,370
389,1023,0,189,1023,0,254,386,305,322,318,305,516,740,706,305,370
553,1023,0,223,1023,0,418,577,305,389,356,305,516,761,731,305,370
311,1023,0,147,1023,0,492,665,305,339,322,305,516,742,723,305,370
655,1023,0,273,1023,0,333,441,305,358,336,305,517,812,765,305,370
739,1023,0,379,1023,0,269,372,305,406,353,305,517,814,743,305,370
328,1023,0,192,1023,0,329,463,305,326,318,305,517,729,710,305,370
386,1023,0,344,1023,0,631,812,305,476,396,305,517,762,723,305,370
374,1023,0,341,1023,0,484,646,305,354,328,305,517,766,711,305,370
377,1023,0,280,1023,0,280,434,305,327,333,305,517,774,758,305,370
296,1023,0,221,1023,0,803,968,306,574,481,305,517,789,749,305,370
331,1023,0,220,1023,0,404,563,305,338,327,305,517,726,709,305,370
287,1023,0,89,908,0,165,358,305,329,328,305,517,764,756,305,370
533,1023,0,246,1023,0,497,687,305,392,362,305,517,797,770,305,370
312,1023,0,134,1023,0,659,854,305,427,388,305,517,761,747,305,370
399,1023,0,204,1023,0,839,1023,306,635,586,305,517,737,719,305,370
447,1023,0,332,1023,0,580,764,305,409,361,305,517,791,758,305,370
362,1023,0,238,1023,0,418,573,305,342,325,305,517,766,740,305,374
478,1023,0,231,1023,0,377,555,305,370,349,305,517,793,778,305,374
336,1023,0,352,1023,0,786,947,306,562,469,305,517,783,726,305,374
399,1023,0,366,1023,0,422,559,305,449,374,305,517,779,754,305,374
368,1023,0,177,1023,0,181,361,305,341,331,305,517,782,767,305,374
499,1023,0,293,1023,0,286,408,305,376,346,305,517,784,756,305,374
429,1023,0,376,1023,0,321,443,305,518,424,305,517,807,784,305,374
471,1023,0,297,1023,0,789,945,306,564,467,305,517,791,770,305,374
362,1023,0,242,1023,0,570,775,305,363,350,305,517,765,744,305,374
429,1023,0,179,1023,0,453,643,305,544,481,305,517,778,760,305,374
485,1023,0,313,1023,0,361,521,305,350,330,305,517,793,775,305,374
374,1023,0,209,1023,0,572,769,305,425,379,305,517,791,768,305,374
744,1023,0,486,1023,0,452,576,305,392,357,305,517,862,802,305,374
426,1023,0,219,1023,0,228,386,305,331,325,305,517,744,725,305,374
316,1023,0,179,1023,0,504,676,305,342,322,305,517,739,719,305,374
460,1023,0,211,1023,0,168,352,305,377,351,305,517,749,734,305,374
330,1023,0,119,1023,0,545,755,305,358,343,305,517,754,741,305,374
598,1023,0,538,1023,0,537,710,305,404,354,305,517,783,753,305,374
267,1023,0,169,1023,0,724,910,305,662,605,305,517,770,752,305,374
478,1023,0,267,1023,0,231,364,305,489,427,305,517,793,780,305,374
372,1023,0,164,1023,0,586,793,305,372,349,305,517,749,720,305,374
411,1023,0,196,1023,0,451,632,305,367,344,305,518,707,694,305,374
699,1023,0,353,1023,0,262,382,305,364,335,305,518,828,762,305,374
1023,1023,0,865,1023,0,652,798,305,484,369,305,518,890,806,305,374
286,1023,0,116,1023,0,129,343,305,311,311,305,518,748,742,305,374
304,1023,0,161,1023,0,194,369,305,380,362,305,518,752,730,305,374
370,1023,0,178,1023,0,257,395,305,345,327,305,518,750,725,305,374
302,1023,0,102,1023,0,378,568,305,332,330,305,518,757,750,305,374
504,1023,0,567,1023,0,615,792,305,483,421,305,518,804,758,305,374
515,1023,0,255,1023,0,781,965,306,549,482,305,518,734,718,305,374
306,1023,0,174,1023,0,199,357,305,324,322,305,518,766,754,305,374
421,1023,0,273,1023,0,308,409,305,327,316,305,518,765,733,305,374
593,1023,0,364,1023,0,327,442,305,353,339,305,518,828,786,305,374
408,1023,0,209,1023,0,260,405,305,349,333,305,518,762,740,305,374
1023,1023,0,852,1023,0,388,518,305,576,465,305,518,815,761,305,374
444,1023,0,344,1023,0,278,412,305,320,314,305,518,769,741,305,374
280,1023,0,141,1023,0,487,690,305,347,331,305,518,768,750,305,374
443,1023,0,245,1023,0,624,795,305,390,352,305,518,740,729,305,374
532,1023,0,302,1023,0,500,689,305,378,348,305,518,787,767,305,374
454,1023,0,215,1023,0,396,557,305,425,383,305,518,773,753,305,374
523,1023,0,294,1023,0,549,733,305,364,337,305,518,759,726,305,374
925,1023,0,447,1023,0,391,538,305,476,387,305,518,821,732,305,374
389,1023,0,484,1023,0,441,585,305,342,324,305,518,735,685,305,374
372,1023,0,142,1023,0,461,655,305,387,367,305,518,762,751,305,374
383,1023,0,142,1023,0,557,750,305,403,371,305,518,766,745,305,378
403,1023,0,183,1023,0,573,767,305,431,395,305,518,787,771,305,378
444,1023,0,222,1023,0,349,509,305,378,355,305,518,777,757,305,378
536,1023,0,301,1023,0,606,788,305,377,348,305,518,758,727,305,378
440,1023,0,180,1023,0,256,385,305,383,351,305,518,772,753,305,378
349,1023,0,205,1023,0,518,699,305,341,327,305,519,705,681,305,378
352,1023,0,105,1023,0,208,376,305,361,348,305,519,768,758,305,378
422,1023,0,133,1023,0,559,762,305,341,331,305,519,762,745,305,378
530,1023,0,545,1023,0,388,523,305,379,345,305,519,749,719,305,378
321,1023,0,116,1023,0,329,495,305,326,316,305,519,764,757,305,378
997,1023,0,767,1023,0,470,581,305,392,345,305,519,771,739,305,378
230,1023,0,318,1023,0,686,847,305,614,515,305,519,763,730,305,378
69,638,0,9,127,0,0,311,305,406,401,305,519,619,618,305,378
321,1023,0,231,1023,0,420,549,305,546,439,305,519,739,712,305,378
764,1023,0,409,1023,0,647,840,305,400,374,305,519,839,788,305,378
347,1023,0,164,1023,0,183,365,305,433,393,305,519,758,741,305,378
354,1023,0,161,1023,0,635,833,305,391,355,305,519,762,753,305,378
399,1023,0,210,1023,0,683,885,305,461,422,305,519,807,786,305,378
518,1023,0,184,1023,0,448,633,305,442,401,305,519,745,727,305,378
312,1023,0,209,1023,0,275,402,305,328,315,305,519,710,679,305,378
460,1023,0,178,1023,0,537,729,305,407,374,305,519,773,754,305,378
1023,1023,0,1023,1023,0,1023,1023,309,839,689,305,519,913,803,305,378
171,1023,0,286,1023,0,399,539,305,367,336,305,519,768,743,305,378
320,1023,0,157,1023,0,596,795,305,360,344,305,519,733,716,305,378
424,1023,0,187,1023,0,233,387,305,375,360,305,519,768,738,305,378
399,1023,0,219,1023,0,553,748,305,349,336,305,519,777,767,305,378
479,1023,0,500,1023,0,402,542,305,349,331,305,519,769,742,305,378
335,1023,0,134,1023,0,463,672,305,324,317,305,519,727,700,305,378
364,1023,0,156,1023,0,178,354,305,350,337,305,519,740,726,305,378
655,1023,0,561,1023,0,561,732,305,402,356,305,519,778,741,305,378
310,1023,0,126,1023,0,511,713,305,347,335,305,519,768,750,305,378
12,110,0,52,681,0,540,784,305,743,745,305,520,777,781,305,378
356,1023,0,160,1023,0,251,404,305,314,314,305,520,768,756,305,378
387,1023,0,135,1023,0,806,1003,306,579,542,305,520,728,717,305,378
600,1023,0,470,1023,0,578,722,305,422,358,305,520,809,768,305,382
403,1023,0,198,1023,0,286,415,305,350,333,305,520,777,759,305,382
299,1023,0,146,1023,0,456,657,305,332,327,305,520,762,747,305,382
314,1023,0,370,1023,0,381,517,305,467,393,305,520,758,729,305,382
186,1023,0,119,1023,0,481,681,305,375,352,305,520,643,610,305,382
370,1023,0,142,1023,0,177,353,305,365,344,305,520,772,762,305,382
484,1023,0,337,1023,0,816,993,306,594,529,305,520,813,791,305,382
594,1023,0,502,1023,0,912,1023,307,719,635,305,520,774,737,305,382
882,1023,0,536,1023,0,338,460,305,391,344,305,520,868,814,305,382
400,1023,0,188,1023,0,180,347,305,346,333,305,520,716,701,305,382
455,1023,0,190,1023,0,263,403,305,352,335,305,520,771,749,305,382
506,1023,0,253,1023,0,564,753,305,366,382,305,520,725,704,305,382
406,1023,0,318,1023,0,370,524,305,373,340,305,520,787,771,305,382
385,1023,0,206,1023,0,132,331,305,328,320,305,520,740,716,305,382
447,1023,0,223,1023,0,655,849,305,424,381,305,520,758,742,305,382
573,1023,0,323,1023,0,431,588,305,389,357,305,520,790,768,305,382
296,1023,0,102,1023,0,215,380,305,326,327,305,520,755,741,305,382
638,1023,0,715,1023,0,785,927,306,616,501,305,520,833,782,305,382
416,1023,0,359,1023,0,616,790,305,392,354,305,520,737,714,305,382
239,1023,0,125,1023,0,212,369,305,462,421,305,520,761,749,305,382
668,1023,0,360,1023,0,580,781,305,377,357,305,520,774,758,305,382
461,1023,0,222,1023,0,296,451,305,600,560,305,520,771,760,305,382
474,1023,0,274,1023,0,399,564,305,330,324,305,520,682,646,305,382
380,1023,0,164,1023,0,231,389,305,357,346,305,520,758,741,305,382
367,1023,0,120,1023,0,242,396,305,332,323,305,520,776,765,305,382
238,1023,0,61,706,0,223,388,305,331,320,305,520,722,712,305,382
474,1023,0,235,1023,0,392,560,305,352,330,305,520,775,766,305,382
509,1023,0,249,1023,0,403,572,305,343,333,305,520,775,753,305,382
326,1023,0,278,1023,0,513,682,305,354,331,305,520,720,662,305,382
470,1023,0,258,1023,0,600,781,305,437,390,305,520,763,740,305,382
585,1023,0,276,1023,0,216,367,305,382,356,305,521,758,743,305,382
385,1023,0,164,1023,0,505,729,305,366,359,305,521,764,747,305,382
685,1023,0,490,1023,0,525,712,305,363,330,305,521,835,763,305,382
800,1023,0,505,1023,0,264,364,305,354,332,305,521,824,788,305,382
293,1023,0,153,1023,0,271,422,305,335,331,305,521,717,701,305,382
381,1023,0,218,1023,0,166,350,305,321,316,305,521,771,750,305,382
375,1023,0,162,1023,0,435,625,305,372,355,305,521,756,728,305,382
328,1023,0,202,1023,0,435,607,305,350,326,305,521,757,728,305,382
498,1023,0,251,1023,0,216,374,305,398,373,305,521,772,750,305,387
207,1023,0,108,1023,0,438,642,305,339,333,305,521,737,726,305,387
356,1023,0,413,1023,0,439,608,305,344,335,305,521,764,742,305,387
267,1023,0,189,1023,0,646,799,305,386,345,305,521,747,724,305,387
359,1023,0,169,1023,0,383,551,305,332,322,305,521,752,737,305,387
476,1023,0,280,1023,0,402,553,305,382,346,305,521,792,769,305,387
472,1023,0,263,1023,0,209,360,305,505,451,305,521,767,752,305,387
350,1023,0,177,1023,0,159,346,305,387,366,305,521,761,750,305,387
501,1023,0,344,1023,0,294,433,305,394,362,305,521,757,730,305,387
436,1023,0,206,1023,0,463,644,305,348,335,305,521,802,783,305,387
492,1023,0,200,1023,0,280,421,305,343,329,305,521,746,734,305,387
385,1023,0,152,1023,0,482,669,305,346,337,305,521,706,699,305,387
367,1023,0,194,1023,0,314,460,305,534,481,305,521,809,785,305,387
273,1023,0,136,1023,0,383,536,305,342,323,305,521,722,697,305,387
427,1023,0,182,1023,0,569,768,305,367,348,305,521,756,735,305,387
400,1023,0,271,1023,0,646,831,305,392,354,305,521,752,729,305,387
734,1023,0,511,1023,0,806,983,306,594,515,305,521,828,758,305,387
477,1023,0,162,1023,0,383,555,305,337,330,305,521,728,715,305,387
522,1023,0,345,1023,0,738,901,305,509,422,305,521,724,662,305,387
866,1023,0,580,1023,0,495,668,305,399,356,305,521,854,829,305,387
308,1023,0,121,1023,0,130,338,305,322,322,305,521,739,721,305,387
327,1023,0,156,1023,0,179,357,305,331,319,305,521,756,743,305,387
384,1023,0,178,1023,0,630,833,305,384,362,305,522,772,762,305,387
207,1023,0,248,1023,0,703,859,305,750,671,305,522,779,757,305,387
398,1023,0,169,1023,0,296,442,305,442,399,305,522,780,767,305,387
156,962,0,124,1023,0,236,389,305,655,608,305,522,548,494,305,387
655,1023,0,518,1023,0,632,797,305,449,384,305,522,808,786,305,387
458,1023,0,225,1023,0,679,842,305,442,379,305,522,759,728,305,391
384,1023,0,188,1023,0,205,370,305,317,320,305,522,772,760,305,391
401,1023,0,266,1023,0,515,710,305,468,417,305,522,798,781,305,391
561,1023,0,312,1023,0,379,498,305,323,318,305,522,769,745,305,391
286,1023,0,100,1023,0,235,399,305,317,314,305,522,765,754,305,391
397,1023,0,278,1023,0,426,597,305,360,349,305,522,780,759,305,391
228,1023,0,240,1023,0,344,468,305,352,332,305,522,757,725,305,391
344,1023,0,115,1023,0,695,895,305,439,399,305,522,713,688,305,391
243,1023,0,280,1023,0,676,839,305,665,571,305,522,747,714,305,391
429,1023,0,174,1023,0,310,463,305,331,322,305,522,771,762,305,391
288,1023,0,135,1023,0,150,343,305,325,314,305,522,758,750,305,391
412,1023,0,178,1023,0,656,852,305,415,385,305,522,758,736,305,391
352,1023,0,174,1023,0,489,689,305,333,321,305,522,768,751,305,391
382,1023,0,176,1023,0,320,455,305,314,316,305,522,720,687,305,391
396,1023,0,165,1023,0,378,558,305,333,325,305,522,750,730,305,391
394,1023,0,231,1023,0,403,562,305,343,322,305,522,671,640,305,391
459,1023,0,259,1023,0,192,356,305,367,345,305,522,722,693,305,391
418,1023,0,215,1023,0,315,478,305,356,344,305,522,770,754,305,391
356,1023,0,158,1023,0,417,608,305,328,326,305,522,768,746,305,391
346,1023,0,270,1023,0,369,521,305,382,372,305,522,782,749,305,391
594,1023,0,551,1023,0,524,719,305,380,357,305,522,842,819,305,391
563,1023,0,384,1023,0,807,968,306,593,503,305,522,701,678,305,391
296,1023,0,151,1023,0,474,636,305,565,472,305,522,708,689,305,391
345,1023,0,209,1023,0,327,482,305,380,358,305,522,762,748,305,391
366,1023,0,315,1023,0,458,625,305,337,328,305,522,763,740,305,391
818,1023,0,512,1023,0,702,905,305,503,427,305,522,830,745,305,391
460,1023,0,251,1023,0,524,725,305,351,337,305,523,732,702,305,391
351,1023,0,158,1023,0,433,621,305,329,320,305,523,762,745,305,391
593,1023,0,347,1023,0,500,697,305,359,335,305,523,840,804,305,391
360,1023,0,177,1023,0,538,737,305,351,330,305,523,725,715,305,391
330,1023,0,123,1023,0,301,461,305,337,329,305,523,733,713,305,391
394,1023,0,221,1023,0,205,358,305,445,398,305,523,764,735,305,395
391,1023,0,188,1023,0,199,366,305,320,316,305,523,768,754,305,395
499,1023,0,364,1023,0,231,382,305,407,372,305,523,783,761,305,395
542,1023,0,264,1023,0,312,453,305,338,334,305,523,782,762,305,395
492,1023,0,176,1023,0,400,581,305,347,327,305,523,734,705,305,395
230,1023,0,131,1023,0,264,379,305,486,390,305,523,710,693,305,395
391,1023,0,160,1023,0,440,642,305,355,337,305,523,747,736,305,395
305,1023,0,287,1023,0,491,672,305,359,339,305,523,769,742,305,395
451,1023,0,433,1023,0,351,488,305,338,322,305,523,763,730,305,395
282,1023,0,159,1023,0,439,639,305,328,324,305,523,773,760,305,395
288,1023,0,321,1023,0,405,553,305,345,323,305,523,764,733,305,395
317,1023,0,160,1023,0,299,460,305,318,319,305,523,780,769,305,395
440,1023,0,274,1023,0,301,425,305,336,320,305,523,765,739,305,395
356,1023,0,147,1023,0,226,378,305,310,317,305,523,765,742,305,395
392,1023,0,143,1023,0,486,674,305,342,326,305,523,772,764,305,395
317,1023,0,288,1023,0,536,680,305,464,377,305,523,740,712,305,395
382,1023,0,308,1023,0,459,629,305,443,389,305,523,788,759,305,395
540,1023,0,238,1023,0,399,564,305,375,352,305,524,784,760,305,395
373,1023,0,230,1023,0,326,458,305,358,336,305,524,769,748,305,395
487,1023,0,366,1023,0,447,613,305,358,337,305,524,771,744,305,395
355,1023,0,194,1023,0,622,826,305,416,383,305,524,804,791,305,395
190,736,0,313,1023,0,959,1023,307,765,672,305,524,807,782,305,395
368,1023,0,204,1023,0,280,431,305,320,317,305,524,778,759,305,395
520,1023,0,186,1023,0,659,822,305,432,373,305,524,723,677,305,395
362,1023,0,188,1023,0,249,401,305,332,321,305,524,746,727,305,395
349,1023,0,404,1023,0,492,675,305,661,611,305,524,826,790,305,395
349,1023,0,237,1023,0,676,857,305,412,361,305,524,716,695,305,395
545,1023,0,199,1023,0,243,392,305,369,346,305,524,796,779,305,395
492,1023,0,216,1023,0,343,502,305,366,341,305,524,748,726,305,395
325,1023,0,183,1023,0,718,914,305,461,417,305,524,784,769,305,395
491,1023,0,237,1023,0,529,720,305,362,351,305,524,802,786,305,395
302,1023,0,134,1023,0,453,645,305,352,336,305,524,734,720,305,399
140,1023,0,30,371,0,118,333,305,337,334,305,524,682,683,305,399
377,1023,0,207,1023,0,179,355,305,361,338,305,524,697,646,305,399
663,1023,0,460,1023,0,786,930,306,614,491,305,524,834,798,305,399
1023,1023,0,666,1023,0,511,671,305,453,360,305,524,867,814,305,399
405,1023,0,274,1023,0,896,1023,306,680,617,305,524,728,709,305,399
339,1023,0,133,1023,0,375,560,305,331,320,305,524,767,751,305,399
998,1023,0,924,1023,0,629,822,305,547,402,305,524,874,797,305,399
393,1023,0,178,1023,0,509,709,305,335,327,305,525,748,736,305,399
305,1023,0,103,1023,0,396,597,305,327,315,305,525,760,754,305,399
698,1023,0,749,1023,0,448,595,305,386,344,305,525,837,787,305,399
320,1023,0,110,1023,0,526,738,305,348,339,305,525,755,734,305,399
343,1023,0,64,707,0,183,361,305,439,416,305,525,776,772,305,399
447,1023,0,163,1023,0,416,591,305,328,322,305,525,779,768,305,399
659,1023,0,392,1023,0,278,407,305,389,349,305,525,748,713,305,399
306,1023,0,174,1023,0,495,687,305,420,382,305,525,721,693,305,399
530,1023,0,355,1023,0,251,389,305,564,489,305,525,756,723,305,399
383,1023,0,188,1023,0,511,705,305,383,345,305,525,689,655,305,399
296,1023,0,106,1023,0,168,358,305,314,314,305,525,757,747,305,399
346,1023,0,153,1023,0,355,520,305,325,326,305,525,760,748,305,403
412,1023,0,136,1023,0,497,690,305,331,322,305,525,735,723,305,403
442,1023,0,312,1023,0,292,411,305,364,336,305,525,723,685,305,403
1023,1023,0,1023,1023,0,580,762,305,514,379,305,525,932,829,305,403
375,1023,0,201,1023,0,532,729,305,357,340,305,525,754,735,305,403
372,1023,0,197,1023,0,248,397,305,321,315,305,525,779,768,305,403
400,1023,0,183,1023,0,281,414,305,521,452,305,525,786,767,305,403
340,1023,0,122,1023,0,212,366,305,341,331,305,525,765,745,305,403
403,1023,0,146,1023,0,288,433,305,333,328,305,525,746,732,305,403
512,1023,0,218,1023,0,279,407,305,380,350,305,525,724,695,305,403
522,1023,0,289,1023,0,196,354,305,334,322,305,525,804,780,305,403
333,1023,0,112,1023,0,413,606,305,317,317,305,525,757,746,305,403
416,1023,0,194,1023,0,239,380,305,368,345,305,525,764,748,305,403
390,1023,0,150,1023,0,586,774,305,378,351,305,526,756,736,305,403
366,1023,0,168,1023,0,400,543,305,335,322,305,526,757,729,305,403
362,1023,0,175,1023,0,611,815,305,384,358,305,526,745,724,305,403
498,1023,0,252,1023,0,277,421,305,347,327,305,526,773,752,305,403
378,1023,0,285,1023,0,617,804,305,599,528,305,526,777,755,305,403
349,1023,0,198,1023,0,318,475,305,356,339,305,526,772,742,305,403
306,1023,0,108,1023,0,588,802,305,365,348,305,526,764,744,305,403
298,1023,0,135,1023,0,485,675,305,330,326,305,526,743,728,305,403
455,1023,0,206,1023,0,536,684,305,373,339,305,526,760,732,305,403
335,1023,0,331,1023,0,463,613,305,394,351,305,526,754,714,305,403
307,1023,0,301,1023,0,211,356,305,661,580,305,526,842,815,305,403
281,1017,0,479,1023,0,760,898,305,536,415,305,526,765,701,305,403
264,1023,0,309,1023,0,829,978,306,795,715,305,526,803,777,305,403
1023,1023,0,1023,1023,0,607,786,305,589,425,305,526,953,863,305,403
628,1023,0,527,1023,0,279,425,305,398,366,305,526,859,833,305,403
344,1023,0,155,1023,0,705,897,305,469,413,305,526,761,746,305,403
211,1023,0,150,1023,0,397,556,305,584,544,305,526,791,780,305,403
358,1023,0,153,1023,0,514,706,305,367,350,305,526,764,750,305,403
324,1023,0,169,1023,0,508,694,305,367,357,305,526,764,749,305,407
697,1023,0,276,1023,0,583,720,305,393,334,305,526,850,821,305,407
403,1023,0,231,1023,0,685,874,305,426,386,305,526,659,639,305,407
444,1023,0,282,1023,0,211,364,305,446,400,305,526,755,738,305,407
775,1023,0,584,1023,0,384,521,305,420,363,305,526,853,818,305,407
563,1023,0,263,1023,0,297,450,305,394,363,305,526,778,763,305,407
391,1023,0,235,1023,0,329,451,305,326,317,305,526,775,752,305,407
232,1023,0,94,1004,0,227,391,305,320,316,305,526,741,735,305,407
366,1023,0,113,1023,0,324,495,305,315,321,305,526,742,734,305,407
380,1023,0,173,1023,0,604,798,305,403,364,305,526,776,767,305,407
454,1023,0,260,1023,0,422,610,305,355,344,305,526,758,738,305,407
373,1023,0,420,1023,0,866,1013,306,657,558,305,526,768,727,305,407
466,1023,0,230,1023,0,326,485,305,325,320,305,526,753,739,305,407
376,1023,0,199,1023,0,214,356,305,343,331,305,526,770,759,305,407
284,1023,0,198,1023,0,551,775,305,372,356,305,527,787,778,305,407
284,1023,0,154,1023,0,288,457,305,330,323,305,527,751,736,305,407
307,1023,0,150,1023,0,683,889,305,428,393,305,527,753,735,305,407
322,1023,0,117,1023,0,517,724,305,350,336,305,527,715,702,305,407
441,1023,0,258,1023,0,238,373,305,351,338,305,527,778,759,305,407
148,1023,0,19,253,0,0,313,305,338,334,305,527,698,698,305,407
230,1023,0,29,346,0,29,321,305,384,373,305,527,724,715,305,407
365,1023,0,201,1023,0,610,779,305,441,381,305,527,780,765,305,407
404,1023,0,155,1023,0,370,539,305,352,334,305,527,775,762,305,407
372,1023,0,172,1023,0,259,409,305,339,332,305,527,776,763,305,407
416,1023,0,322,1023,0,575,753,305,500,424,305,527,770,743,305,407
401,1023,0,130,1023,0,181,351,305,349,341,305,527,768,757,305,407
420,1023,0,166,1023,0,540,722,305,350,338,305,527,783,769,305,407
373,1023,0,243,1023,0,590,771,305,507,431,305,527,788,768,305,407
497,1023,0,235,1023,0,199,361,305,379,356,305,527,796,765,305,407
330,1023,0,138,1023,0,304,469,305,333,322,305,527,776,764,305,407
309,1023,0,197,1023,0,410,593,305,344,331,305,527,771,753,305,407
388,1023,0,211,1023,0,430,617,305,337,326,305,527,774,761,305,407
313,1023,0,255,1023,0,485,668,305,343,328,305,527,734,712,305,407
356,1023,0,146,1023,0,601,786,305,394,359,305,527,746,730,305,407
648,1023,0,581,1023,0,598,768,305,523,426,305,527,834,809,305,407
269,1023,0,185,1023,0,572,750,305,379,346,305,527,734,719,305,407
444,1023,0,313,1023,0,408,560,305,344,323,305,527,788,765,305,411
322,1023,0,202,1023,0,479,682,305,366,349,305,527,754,742,305,411
594,1023,0,290,1023,0,326,453,305,463,393,305,527,779,759,305,411
393,1023,0,178,1023,0,237,400,305,412,384,305,527,770,753,305,411
340,1023,0,113,1023,0,205,359,305,333,317,305,527,770,758,305,411
451,1023,0,195,1023,0,769,947,306,525,449,305,527,777,758,305,411
375,1023,0,202,1023,0,304,441,305,365,338,305,528,747,727,305,411
132,1014,0,20,225,0,41,315,305,423,411,305,528,735,720,305,411
227,1023,0,117,1023,0,577,796,305,499,468,305,528,786,778,305,411
620,1023,0,336,1023,0,310,446,305,364,347,305,528,842,827,305,411
336,1023,0,206,1023,0,335,502,305,549,499,305,528,797,782,305,411
307,1023,0,124,1023,0,127,334,305,318,312,305,528,742,733,305,411
339,1023,0,174,1023,0,194,369,305,325,318,305,528,768,753,305,411
457,1023,0,283,1023,0,296,430,305,341,325,305,528,741,727,305,411
459,1023,0,205,1023,0,195,362,305,336,322,305,528,705,689,305,411
419,1023,0,220,1023,0,424,589,305,373,347,305,528,754,726,305,411
354,1023,0,138,1023,0,382,569,305,313,311,305,528,740,728,305,411
365,1023,0,261,1023,0,464,638,305,372,336,305,528,767,741,305,411
319,1023,0,157,1023,0,242,391,305,343,338,305,528,762,745,305,411
400,1023,0,199,1023,0,269,416,305,370,348,305,528,763,745,305,411
355,1023,0,140,1023,0,587,797,305,383,351,305,528,799,785,305,411
365,1023,0,153,1023,0,652,854,305,388,371,305,528,736,717,305,411
401,1023,0,185,1023,0,248,399,305,361,340,305,528,762,747,305,411
427,1023,0,170,1023,0,589,782,305,378,349,305,528,722,694,305,411
553,1023,0,234,1023,0,216,374,305,328,326,305,528,808,787,305,411
353,1023,0,205,1023,0,372,517,305,343,331,305,528,761,732,305,411
425,1023,0,175,1023,0,420,612,305,339,324,305,528,777,765,305,411
474,1023,0,300,1023,0,701,880,305,459,395,305,528,768,745,305,411
248,1023,0,122,1023,0,161,345,305,315,314,305,528,753,746,305,411
373,1023,0,253,1023,0,688,886,305,426,395,305,528,745,725,305,415
398,1023,0,194,1023,0,299,444,305,329,322,305,528,748,729,305,415
593,1023,0,346,1023,0,379,483,305,451,398,305,528,836,770,305,415
395,1023,0,150,1023,0,325,495,305,326,324,305,528,775,765,305,415
379,1023,0,210,1023,0,671,863,305,428,391,305,529,750,733,305,415
545,1023,0,587,1023,0,519,685,305,362,335,305,529,755,707,305,415
352,1023,0,143,1023,0,266,415,305,327,317,305,529,773,758,305,415
499,1023,0,241,1023,0,241,383,305,454,387,305,529,760,738,305,415
448,1023,0,223,1023,0,585,777,305,440,389,305,529,790,773,305,415
901,1023,0,371,1023,0,553,724,305,491,374,305,529,823,745,305,415
402,1023,0,204,1023,0,224,387,305,338,325,305,529,746,723,305,415
320,1023,0,123,1023,0,630,836,305,434,399,305,529,748,738,305,415
437,1023,0,336,1023,0,449,617,305,406,361,305,529,736,712,305,415
354,1023,0,290,1023,0,724,893,305,484,409,305,529,750,714,305,415
360,1023,0,239,1023,0,384,555,305,517,453,305,529,780,760,305,415
437,1023,0,373,1023,0,630,806,305,423,357,305,529,688,636,305,415
465,1023,0,218,1023,0,174,349,305,396,374,305,529,761,741,305,415
344,1023,0,425,1023,0,414,537,305,380,347,305,529,788,738,305,415
285,1023,0,277,1023,0,305,440,305,333,324,305,529,717,696,305,415
450,1023,0,348,1023,0,768,940,306,529,448,305,529,708,688,305,415
405,1023,0,196,1023,0,623,820,305,389,356,305,529,751,721,305,415
439,1023,0,215,1023,0,232,385,305,379,363,305,529,791,777,305,415
381,1023,0,299,1023,0,517,687,305,362,335,305,529,772,739,305,415
352,1023,0,483,1023,0,830,984,306,670,578,305,529,768,743,305,415
399,1023,0,270,1023,0,667,840,305,433,377,305,529,768,743,305,415
413,1023,0,249,1023,0,309,453,305,332,330,305,529,768,749,305,415
338,1023,0,332,1023,0,288,411,305,360,331,305,529,767,750,305,415
366,1023,0,150,1023,0,493,680,305,433,389,305,529,730,702,305,415
351,1023,0,157,1023,0,338,495,305,377,352,305,529,773,757,305,415
336,1023,0,322,1023,0,350,437,305,379,337,305,529,754,738,305,415
451,1023,0,188,1023,0,627,830,305,471,430,305,529,771,755,305,415
298,1023,0,166,1023,0,228,390,305,356,346,305,529,766,750,305,415
388,1023,0,159,1023,0,291,445,305,334,326,305,529,768,749,305,415
231,1023,0,78,869,0,174,352,305,303,307,305,529,746,737,305,415
216,1023,0,123,1023,0,281,450,305,527,499,305,529,799,783,305,415
526,1023,0,344,1023,0,615,768,305,516,402,305,529,839,805,305,415
410,1023,0,208,1023,0,533,739,305,347,336,305,529,783,761,305,415
459,1023,0,316,1023,0,656,840,305,429,378,305,529,788,765,305,415
440,1023,0,385,1023,0,303,417,305,331,319,305,530,752,719,305,419
344,1023,0,225,1023,0,156,352,305,355,338,305,530,737,710,305,419
438,1023,0,151,1023,0,664,862,305,443,398,305,530,765,752,305,419
373,1023,0,259,1023,0,515,697,305,481,420,305,530,723,703,305,419
405,1023,0,193,1023,0,259,406,305,338,329,305,530,793,769,305,419
471,1023,0,230,1023,0,403,568,305,354,331,305,530,788,773,305,419
457,1023,0,355,1023,0,406,549,305,358,335,305,530,716,678,305,419
616,1023,0,323,1023,0,465,645,305,423,382,305,530,788,766,305,419
359,1023,0,127,1023,0,49,319,305,305,308,305,530,685,672,305,419
400,1023,0,185,1023,0,293,446,305,373,343,305,530,755,733,305,419
346,1023,0,193,1023,0,573,781,305,363,350,305,530,779,762,305,419
352,1023,0,207,1023,0,311,461,305,381,356,305,530,767,743,305,419
354,1023,0,184,1023,0,151,334,305,357,337,305,530,766,739,305,419
399,1023,0,535,1023,0,408,526,305,387,343,305,530,755,725,305,419
527,1023,0,233,1023,0,191,358,305,351,339,305,530,791,774,305,419
482,1023,0,266,1023,0,555,733,305,359,337,305,530,760,738,305,419
367,1023,0,166,1023,0,273,412,305,377,358,305,530,781,766,305,419
302,1023,0,184,1023,0,400,574,305,413,373,305,530,752,735,305,419
388,1023,0,189,1023,0,356,521,305,340,326,305,530,770,751,305,419
548,1023,0,262,1023,0,237,394,305,408,368,305,530,750,724,305,419
445,1023,0,321,1023,0,649,827,305,650,570,305,530,780,736,305,419
915,1023,0,1000,1023,0,762,936,306,562,466,305,530,862,774,305,419
589,1023,0,224,1023,0,355,494,305,509,423,305,531,767,738,305,419
301,1023,0,143,1023,0,545,757,305,359,337,305,531,753,739,305,419
288,1023,0,140,1023,0,303,447,305,409,377,305,531,771,762,305,419
948,1023,0,698,1023,0,756,925,306,560,449,305,531,816,744,305,419
1023,1023,0,1023,1023,0,616,774,305,564,428,305,531,929,847,305,419
450,1023,0,163,1023,0,731,920,306,480,427,305,531,721,714,305,419
259,1023,0,235,1023,0,507,688,305,581,500,305,531,792,745,305,419
221,1023,0,235,1023,0,637,811,305,672,589,305,531,787,731,305,424
350,1023,0,355,1023,0,276,396,305,589,488,305,531,789,765,305,424
466,1023,0,287,1023,0,510,681,305,334,320,305,531,793,771,305,424
320,1023,0,129,1023,0,711,912,305,469,438,305,531,726,703,305,424
374,1023,0,135,1023,0,378,554,305,325,322,305,531,751,731,305,424
383,1023,0,306,1023,0,357,507,305,362,331,305,531,769,740,305,424
290,1023,0,118,1023,0,548,760,305,340,335,305,531,755,740,305,424
402,1023,0,168,1023,0,565,768,305,357,344,305,531,778,764,305,424
402,1023,0,167,1023,0,800,983,306,581,519,305,531,789,772,305,424
525,1023,0,377,1023,0,369,535,305,422,380,305,531,807,774,305,424
388,1023,0,238,1023,0,528,715,305,543,477,305,531,748,726,305,424
441,1023,0,277,1023,0,739,927,306,505,447,305,531,780,759,305,424
329,1023,0,130,1023,0,196,370,305,325,331,305,531,760,736,305,424
415,1023,0,211,1023,0,694,886,305,439,396,305,531,746,733,305,424
383,1023,0,209,1023,0,434,624,305,333,319,305,531,775,760,305,424
370,1023,0,361,1023,0,406,616,305,389,373,305,532,774,751,305,424
358,1023,0,290,1023,0,462,633,305,331,324,305,532,716,676,305,424
272,1023,0,255,1023,0,745,922,306,506,432,305,532,808,780,305,424
475,1023,0,267,1023,0,364,527,305,337,328,305,532,774,747,305,424
408,1023,0,178,1023,0,300,447,305,318,313,305,532,736,701,305,424
1023,1023,0,1023,1023,0,815,918,306,653,470,305,532,975,845,305,424
412,1023,0,224,1023,0,604,800,305,438,392,305,532,788,772,305,424
498,1023,0,346,1023,0,496,683,305,346,328,305,532,771,752,305,424
318,1023,0,184,1023,0,477,681,305,329,320,305,532,767,750,305,424
360,1023,0,169,1023,0,354,518,305,351,338,305,532,696,687,305,424
297,1023,0,173,1023,0,740,923,306,483,420,305,532,654,627,305,424
365,1023,0,281,1023,0,172,350,305,537,470,305,532,745,734,305,428
421,1023,0,228,1023,0,296,437,305,321,318,305,532,745,727,305,428
372,1023,0,168,1023,0,534,730,305,356,337,305,532,765,753,305,428
296,1023,0,172,1023,0,276,393,305,460,397,305,532,772,749,305,428
296,1023,0,152,1023,0,313,468,305,356,341,305,532,746,728,305,428
430,1023,0,252,1023,0,448,623,305,331,326,305,532,754,712,305,428
367,1023,0,161,1023,0,347,507,305,327,321,305,532,772,759,305,428
772,1023,0,401,1023,0,622,808,305,404,361,305,532,821,757,305,428
348,1023,0,116,1023,0,494,698,305,347,332,305,533,752,742,305,428
550,1023,0,344,1023,0,304,413,305,370,345,305,533,794,779,305,428
446,1023,0,175,1023,0,773,960,306,546,487,305,533,772,757,305,428
368,1023,0,113,1023,0,276,441,305,330,321,305,533,759,742,305,428
492,1023,0,256,1023,0,403,556,305,428,372,305,533,779,757,305,428
349,1023,0,254,1023,0,236,395,305,498,445,305,533,785,765,305,428
413,1023,0,258,1023,0,353,513,305,386,358,305,533,766,746,305,428
317,1023,0,378,1023,0,284,437,305,576,526,305,533,667,623,305,428
433,1023,0,204,1023,0,648,846,305,430,394,305,533,658,627,305,428
636,1023,0,528,1023,0,553,722,305,696,613,305,533,828,771,305,428
824,1023,0,536,1023,0,415,517,305,442,346,305,533,832,751,305,428
301,1023,0,115,1023,0,148,340,305,320,314,305,533,738,720,305,428
557,1023,0,401,1023,0,424,607,305,384,357,305,533,843,820,305,428
384,1023,0,125,1023,0,455,653,305,322,319,305,533,767,750,305,428
487,1023,0,218,1023,0,236,375,305,384,358,305,533,789,767,305,428
336,1023,0,147,1023,0,288,444,305,326,319,305,533,707,699,305,428
913,1023,0,788,1023,0,699,861,305,552,452,305,533,849,780,305,428
418,1023,0,299,1023,0,210,370,305,337,331,305,533,781,756,305,428
379,1023,0,245,1023,0,807,983,306,622,555,305,533,759,734,305,428
513,1023,0,190,1023,0,472,648,305,326,322,305,533,730,701,305,428
268,1023,0,207,1023,0,387,542,305,380,352,305,533,736,702,305,428
426,1023,0,146,1023,0,203,372,305,338,328,305,533,729,713,305,428
390,1023,0,206,1023,0,636,834,305,386,361,305,533,772,761,305,428
422,1023,0,154,1023,0,253,387,305,397,363,305,533,784,772,305,428
356,1023,0,225,1023,0,411,575,305,328,315,305,533,767,747,305,428
414,1023,0,213,1023,0,589,772,305,403,363,305,533,777,756,305,428
356,1023,0,123,1023,0,192,356,305,308,315,305,533,728,717,305,428
721,1023,0,471,1023,0,851,1023,306,656,576,305,533,807,759,305,428
314,1023,0,191,1023,0,520,731,305,351,329,305,533,767,753,305,428
362,1023,0,360,1023,0,428,547,305,391,344,305,533,785,750,305,428
809,1023,0,302,1023,0,430,543,305,367,329,305,534,810,772,305,432
364,1023,0,208,1023,0,381,562,305,403,369,305,534,799,783,305,432
489,1023,0,293,1023,0,679,868,305,467,415,305,534,752,734,305,432
399,1023,0,165,1023,0,260,407,305,348,335,305,534,735,721,305,432
217,995,0,199,1023,0,204,358,305,726,650,305,534,786,750,305,432
1023,1023,0,754,1023,0,345,375,305,449,345,305,534,877,786,305,432
342,1023,0,167,1023,0,633,830,305,598,544,305,534,787,773,305,432
422,1023,0,174,1023,0,207,360,305,372,351,305,534,782,762,305,432
346,1023,0,248,1023,0,546,739,305,363,345,305,534,745,725,305,432
967,1023,0,739,1023,0,613,796,305,461,375,305,534,889,817,305,432
337,1023,0,140,1023,0,299,454,305,417,388,305,534,772,763,305,432
428,1023,0,196,1023,0,283,424,305,344,336,305,534,696,677,305,432
430,1023,0,149,1023,0,165,343,305,427,418,305,534,737,721,305,432
1023,1023,0,1023,1023,0,417,520,305,591,485,305,534,907,826,305,432
273,1023,0,220,1023,0,719,893,305,463,393,305,534,734,699,305,432
389,1023,0,161,1023,0,250,389,305,395,362,305,534,788,767,305,432
288,1023,0,109,1023,0,639,840,305,391,362,305,534,675,664,305,432
1023,1023,0,1023,1023,0,764,849,305,719,506,305,534,1009,858,305,432
393,1023,0,238,1023,0,170,355,305,318,316,305,534,741,712,305,432
253,1023,0,204,1023,0,720,879,305,468,392,305,534,737,715,305,432
183,1023,0,31,345,0,68,322,305,339,332,305,534,737,733,305,432
267,1023,0,172,1023,0,419,606,305,367,349,305,534,787,772,305,432
439,1023,0,290,1023,0,557,751,305,369,344,305,534,778,757,305,432
306,1023,0,121,1023,0,205,361,305,322,315,305,534,742,723,305,432
374,1023,0,218,1023,0,710,885,305,509,437,305,534,779,749,305,432
412,1023,0,196,1023,0,277,410,305,320,315,305,535,697,667,305,432
309,1023,0,145,1023,0,564,774,305,345,335,305,535,759,747,305,432
425,1023,0,742,1023,0,616,757,305,432,355,305,535,809,749,305,432
343,1023,0,292,1023,0,516,691,305,434,372,305,535,758,735,305,432
346,1023,0,209,1023,0,169,351,305,319,316,305,535,744,725,305,432
761,1023,0,642,1023,0,462,618,305,696,632,305,535,880,804,305,432
262,1023,0,357,1023,0,902,1023,307,701,601,305,535,776,732,305,432
472,1023,0,266,1023,0,519,698,305,461,401,305,535,780,736,305,432
435,1023,0,233,1023,0,545,732,305,345,335,305,535,778,761,305,436
410,1023,0,244,1023,0,716,866,305,460,381,305,535,762,743,305,436
379,1023,0,135,1023,0,615,815,305,395,370,305,535,769,761,305,436
380,1023,0,175,1023,0,534,728,305,376,354,305,535,765,752,305,436
338,1023,0,167,1023,0,285,439,305,410,377,305,535,794,779,305,436
455,1023,0,305,1023,0,709,882,305,557,474,305,535,786,754,305,436
408,1023,0,611,1023,0,539,687,305,439,367,305,535,784,733,305,436
436,1023,0,218,1023,0,349,492,305,367,343,305,535,759,740,305,436
450,1023,0,402,1023,0,812,976,306,638,554,305,535,787,766,305,436
358,1023,0,366,1023,0,726,887,305,493,405,305,535,789,747,305,436
551,1023,0,261,1023,0,288,422,305,408,366,305,535,758,737,305,436
581,1023,0,541,1023,0,655,839,305,522,438,305,535,830,773,305,436
353,1023,0,136,1023,0,103,327,305,347,337,305,535,724,701,305,436
432,1023,0,453,1023,0,570,729,305,464,385,305,535,809,760,305,436
306,1023,0,125,1023,0,308,488,305,347,340,305,535,774,762,305,436
315,1023,0,121,1023,0,314,472,305,315,316,305,535,748,737,305,436
473,1023,0,314,1023,0,695,871,305,434,381,305,535,770,756,305,436
391,1023,0,209,1023,0,227,378,305,326,318,305,535,777,756,305,436
427,1023,0,336,1023,0,364,523,305,379,346,305,535,804,780,305,436
415,1023,0,468,1023,0,493,657,305,366,338,305,535,761,729,305,436
421,1023,0,196,1023,0,727,913,305,500,440,305,536,756,742,305,436
303,1023,0,98,982,0,306,462,305,311,311,305,536,757,747,305,436
477,1023,0,197,1023,0,179,354,305,350,328,305,536,755,731,305,440
427,1023,0,166,1023,0,683,878,305,469,413,305,536,775,760,305,440
398,1023,0,221,1023,0,243,387,305,570,513,305,536,798,779,305,440
262,1023,0,347,1023,0,309,442,305,446,388,305,536,757,702,305,440
480,1023,0,325,1023,0,498,679,305,358,332,305,536,755,731,305,440
237,1023,0,266,1023,0,432,584,305,352,323,305,536,782,752,305,440
709,1023,0,459,1023,0,624,826,305,426,380,305,536,875,857,305,440
274,1023,0,196,1023,0,296,416,305,500,429,305,536,785,764,305,440
368,1023,0,321,1023,0,607,773,305,411,356,305,536,772,746,305,440
414,1023,0,211,1023,0,233,369,305,362,341,305,536,784,772,305,440
449,1023,0,251,1023,0,197,357,305,363,347,305,536,778,748,305,440
311,1023,0,332,1023,0,543,721,305,455,394,305,536,748,715,305,440
334,1023,0,164,1023,0,645,843,305,399,364,305,536,752,742,305,440
359,1023,0,185,1023,0,263,410,305,328,317,305,536,776,756,305,440
324,1023,0,306,1023,0,595,782,305,363,342,305,536,780,755,305,440
378,1023,0,235,1023,0,271,401,305,424,376,305,536,758,729,305,440
393,1023,0,341,1023,0,674,870,305,423,382,305,536,776,759,305,440
484,1023,0,201,1023,0,279,416,305,536,449,305,536,797,775,305,440
266,1023,0,333,1023,0,494,685,305,664,615,305,537,794,760,305,440
390,1023,0,226,1023,0,290,435,305,329,322,305,537,771,756,305,440
254,1023,0,261,1023,0,763,935,306,660,588,305,537,783,751,305,440
388,1023,0,315,1023,0,376,553,305,342,323,305,537,770,756,305,440
343,1023,0,243,1023,0,674,862,305,493,431,305,537,747,717,305,440
330,1023,0,181,1023,0,671,876,305,425,395,305,537,748,734,305,440
357,1023,0,144,1023,0,234,397,305,325,327,305,537,785,768,305,440
325,1023,0,280,1023,0,153,343,305,335,332,305,537,754,726,305,440
261,1023,0,260,1023,0,734,880,305,563,457,305,537,768,745,305,440
415,1023,0,147,1023,0,507,702,305,366,347,305,537,757,722,305,440
349,1023,0,283,1023,0,489,634,305,349,329,305,537,797,769,305,440
358,1023,0,130,1023,0,642,852,305,394,366,305,537,765,755,305,440
448,1023,0,207,1023,0,469,654,305,357,343,305,537,769,749,305,444
384,1023,0,253,1023,0,193,368,305,338,325,305,537,721,707,305,444
382,1023,0,181,1023,0,433,625,305,332,327,305,537,740,729,305,444
299,1023,0,140,1023,0,230,389,305,312,317,305,537,766,753,305,444
332,1023,0,146,1023,0,256,410,305,370,352,305,537,735,720,305,444
351,1023,0,120,1023,0,252,403,305,508,471,305,537,779,760,305,444
434,1023,0,173,1023,0,209,361,305,342,327,305,537,756,716,305,444
297,1023,0,100,1023,0,375,566,305,326,319,305,537,736,724,305,444
768,1023,0,481,1023,0,375,511,305,351,326,305,537,812,787,305,444
925,1023,0,494,1023,0,610,747,305,711,585,305,537,855,756,305,444
389,1023,0,194,1023,0,291,429,305,326,315,305,537,776,751,305,444
406,1023,0,317,1023,0,324,459,305,360,339,305,538,779,754,305,444
352,1023,0,209,1023,0,267,408,305,388,352,305,538,755,728,305,444
804,1023,0,465,1023,0,411,538,305,355,327,305,538,801,729,305,444
391,1023,0,157,1023,0,277,435,305,333,323,305,538,777,765,305,444
397,1023,0,386,1023,0,330,450,305,335,321,305,538,777,755,305,444
403,1023,0,149,1023,0,584,780,305,447,397,305,538,762,747,305,448
396,1023,0,321,1023,0,679,867,305,475,416,305,538,830,804,305,448
696,1023,0,350,1023,0,432,627,305,356,339,305,538,823,801,305,448
304,1023,0,109,1023,0,0,318,305,322,316,305,538,698,689,305,448
430,1023,0,178,1023,0,546,741,305,384,357,305,538,780,759,305,448
486,1023,0,465,1023,0,700,870,305,742,672,305,538,799,772,305,448
534,1023,0,250,1023,0,409,580,305,324,320,305,538,776,741,305,448
1023,1023,0,1023,1023,0,463,604,305,514,368,305,538,877,773,305,448
333,1023,0,169,1023,0,732,931,306,488,439,305,538,775,757,305,448
543,1023,0,476,1023,0,642,796,305,600,577,305,538,752,717,305,448
422,1023,0,349,1023,0,578,751,305,627,530,305,538,776,748,305,448
365,1023,0,416,1023,0,687,857,305,527,427,305,538,747,713,305,448
435,1023,0,376,1023,0,648,821,305,530,446,305,538,762,708,305,448
347,1023,0,169,1023,0,309,473,305,493,439,305,538,788,769,305,448
724,1023,0,284,1023,0,231,360,305,331,324,305,539,805,779,305,448
381,1023,0,201,1023,0,574,774,305,359,340,305,539,800,774,305,448
485,1023,0,363,1023,0,355,507,305,325,320,305,539,767,728,305,448
501,1023,0,417,1023,0,786,968,306,570,505,305,539,800,772,305,448
320,1023,0,166,1023,0,189,353,305,401,379,305,539,777,761,305,448
405,1023,0,213,1023,0,431,615,305,343,334,305,539,794,784,305,452
380,1023,0,107,909,0,193,361,305,319,315,305,539,750,735,305,452
369,1023,0,113,1023,0,185,360,305,316,316,305,539,765,752,305,452
615,1023,0,403,1023,0,385,489,305,346,322,305,539,786,747,305,452
213,790,0,477,1023,0,883,1003,307,683,552,305,539,774,736,305,452
391,1023,0,146,1023,0,251,409,305,369,352,305,539,774,755,305,452
540,1023,0,427,1023,0,247,393,305,558,501,305,539,783,759,305,452
408,1023,0,177,1023,0,221,370,305,362,351,305,539,760,728,305,452
337,1023,0,262,1023,0,350,496,305,371,345,305,539,774,753,305,452
261,1023,0,199,1023,0,789,963,306,623,548,305,539,742,723,305,452
366,1023,0,186,1023,0,710,913,305,466,421,305,539,771,749,305,452
308,1023,0,266,1023,0,396,545,305,443,381,305,539,766,740,305,452
559,1023,0,325,1023,0,717,890,305,486,410,305,539,763,743,305,452
452,1023,0,280,1023,0,422,597,305,328,320,305,539,755,734,305,452
440,1023,0,341,1023,0,710,862,305,524,420,305,539,757,718,305,452
462,1023,0,495,1023,0,494,647,305,372,330,305,539,804,767,305,452
374,1023,0,134,1023,0,444,625,305,355,336,305,540,776,764,305,452
414,1023,0,130,1023,0,421,588,305,336,315,305,540,751,733,305,452
458,1023,0,168,1023,0,405,536,305,393,363,305,540,774,757,305,452
490,1023,0,558,1023,0,315,424,305,382,338,305,540,776,745,305,452
286,1023,0,164,1023,0,449,625,305,316,315,305,540,686,657,305,452
514,1023,0,514,1023,0,248,387,305,569,508,305,540,784,771,305,452
452,1023,0,218,1023,0,494,681,305,436,389,305,540,789,774,305,452
470,1023,0,310,1023,0,335,470,305,328,320,305,540,774,735,305,452
275,1023,0,259,1023,0,635,813,305,392,352,305,540,741,697,305,452
426,1023,0,207,1023,0,274,412,305,341,327,305,540,779,749,305,452
511,1023,0,282,1023,0,441,612,305,411,380,305,540,816,789,305,452
466,1023,0,221,1023,0,316,469,305,421,382,305,540,784,769,305,452
487,1023,0,206,1023,0,707,899,305,462,411,305,540,721,683,305,452
472,1023,0,198,1023,0,737,928,306,492,442,305,540,827,815,305,456
401,1023,0,162,1023,0,508,703,305,338,336,305,540,764,744,305,456
362,1023,0,211,1023,0,339,498,305,346,334,305,540,764,749,305,456
332,1023,0,147,1023,0,250,412,305,384,357,305,540,747,722,305,456
695,1023,0,286,1023,0,341,443,305,359,331,305,540,830,770,305,456
504,1023,0,424,1023,0,790,952,306,608,511,305,540,745,696,305,456
414,1023,0,272,1023,0,195,355,305,341,337,305,540,770,749,305,456
324,1023,0,204,1023,0,532,725,305,370,346,305,540,741,713,305,456
409,1023,0,216,1023,0,410,590,305,408,374,305,540,766,748,305,456
384,1023,0,258,1023,0,286,423,305,405,366,305,540,770,751,305,456
644,1023,0,349,1023,0,478,638,305,429,374,305,540,799,773,305,456
493,1023,0,276,1023,0,414,575,305,469,407,305,540,792,772,305,456
379,1023,0,241,1023,0,217,376,305,338,322,305,540,813,798,305,456
861,1023,0,1023,1023,0,783,952,306,570,475,305,541,889,836,305,456
357,1023,0,178,1023,0,506,709,305,332,322,305,541,774,749,305,456
371,1023,0,135,1023,0,482,690,305,340,332,305,541,750,731,305,456
340,1023,0,232,1023,0,420,591,305,447,394,305,541,699,683,305,456
363,1023,0,269,1023,0,620,789,305,388,348,305,541,783,763,305,456
392,1023,0,159,1023,0,194,361,305,330,331,305,541,745,733,305,456
394,1023,0,197,1023,0,362,534,305,344,338,305,541,779,761,305,456
361,1023,0,317,1023,0,487,658,305,410,366,305,541,784,748,305,456
282,1023,0,144,1023,0,229,382,305,322,315,305,541,773,754,305,456
387,1023,0,378,1023,0,849,1013,306,637,556,305,541,779,750,305,456
390,1023,0,139,1023,0,366,535,305,322,321,305,541,758,746,305,456
312,1023,0,216,1023,0,828,999,306,671,604,305,541,769,744,305,456
550,1023,0,169,1023,0,268,378,305,343,319,305,541,815,758,305,456
322,1023,0,177,1023,0,192,355,305,354,344,305,541,691,674,305,456
397,1023,0,255,1023,0,420,605,305,352,340,305,541,773,757,305,456
437,1023,0,223,1023,0,217,371,305,465,417,305,541,780,763,305,456
259,1023,0,290,1023,0,230,377,305,579,502,305,541,746,715,305,456
414,1023,0,198,1023,0,390,541,305,398,374,305,541,788,770,305,456
831,1023,0,472,1023,0,616,789,305,425,358,305,541,852,776,305,456
573,1023,0,339,1023,0,503,678,305,395,364,305,541,798,766,305,456
134,799,0,91,656,0,113,327,305,339,319,305,541,671,621,305,456
420,1023,0,194,1023,0,173,358,305,340,332,305,541,788,775,305,456
348,1023,0,163,1023,0,335,496,305,341,326,305,541,770,756,305,456
158,1023,0,20,259,0,112,331,305,382,374,305,541,703,698,305,461
311,1023,0,136,1023,0,283,434,305,387,369,305,541,760,749,305,461
406,1023,0,258,1023,0,593,786,305,372,346,305,541,762,738,305,461
642,1023,0,487,1023,0,291,433,305,640,567,305,541,837,797,305,461
584,1023,0,406,1023,0,339,479,305,583,496,305,541,809,774,305,461
357,1023,0,339,1023,0,597,757,305,713,623,305,542,771,727,305,461
469,1023,0,251,1023,0,445,628,305,352,332,305,542,752,727,305,461
309,1023,0,185,1023,0,534,725,305,505,447,305,542,750,731,305,461
432,1023,0,497,1023,0,860,1006,306,705,608,305,542,798,759,305,461
496,1023,0,258,1023,0,287,414,305,365,346,305,542,773,751,305,461
782,1023,0,439,1023,0,265,374,305,361,325,305,542,821,762,305,461
1023,1023,0,1023,1023,0,702,884,305,589,415,305,542,909,806,305,461
348,1023,0,158,1023,0,332,487,305,350,329,305,542,714,691,305,461
1023,1023,0,1023,1023,0,831,921,306,674,455,305,542,955,829,305,461
470,1023,0,463,1023,0,473,636,305,407,354,305,542,765,740,305,461
500,1023,0,288,1023,0,219,364,305,366,344,305,542,808,787,305,461
387,1023,0,189,1023,0,235,378,305,422,378,305,542,750,736,305,461
450,1023,0,310,1023,0,688,869,305,465,403,305,542,805,783,305,461
284,1023,0,131,1023,0,323,492,305,351,341,305,542,733,714,305,461
271,1023,0,176,1023,0,658,850,305,554,492,305,542,745,728,305,461
224,880,0,221,1023,0,784,951,306,554,462,305,542,762,725,305,465
461,1023,0,502,1023,0,334,444,305,408,353,305,542,798,766,305,465
413,1023,0,188,1023,0,517,709,305,346,332,305,542,765,740,305,465
442,1023,0,314,1023,0,501,671,305,379,353,305,542,754,725,305,465
395,1023,0,183,1023,0,885,1023,306,678,626,305,543,744,728,305,465
1023,1023,0,930,1023,0,388,471,305,527,378,305,543,874,751,305,465
421,1023,0,303,1023,0,729,903,305,483,415,305,543,767,725,305,465
447,1023,0,313,1023,0,281,420,305,344,332,305,543,745,717,305,465
267,1023,0,133,1023,0,367,551,305,318,315,305,543,759,746,305,465
448,1023,0,329,1023,0,592,770,305,372,340,305,543,686,664,305,465
414,1023,0,176,1023,0,630,826,305,556,502,305,543,767,749,305,465
388,1023,0,161,1023,0,189,356,305,336,327,305,543,762,738,305,465
221,1023,0,317,1023,0,812,960,306,679,590,305,543,842,819,305,465
275,1023,0,142,1023,0,456,659,305,346,338,305,543,772,763,305,465
582,1023,0,437,1023,0,320,447,305,589,510,305,543,798,772,305,465
414,1023,0,205,1023,0,643,837,305,418,374,305,543,771,752,305,465
432,1023,0,153,1023,0,319,470,305,353,339,305,543,766,749,305,465
426,1023,0,263,1023,0,224,375,305,375,344,305,543,771,726,305,465
397,1023,0,244,1023,0,254,404,305,377,359,305,543,718,704,305,539
365,1023,0,107,1023,0,430,631,305,326,321,305,543,683,674,305,539
437,1023,0,454,1023,0,464,642,305,374,348,305,543,770,728,305,539
449,1023,0,306,1023,0,341,482,305,416,378,305,543,765,743,305,539
385,1023,0,215,1023,0,521,712,305,373,349,305,543,770,735,305,539
225,1023,0,213,1023,0,313,447,305,400,364,305,544,756,743,305,539
418,1023,0,164,1023,0,185,354,305,422,378,305,544,723,668,305,539
541,1023,0,249,1023,0,554,740,305,440,382,305,544,778,741,305,539
469,1023,0,174,1023,0,673,862,305,450,408,305,544,776,759,305,539
348,1023,0,287,1023,0,382,522,305,606,511,305,544,755,734,305,539
340,1023,0,280,1023,0,278,404,305,341,321,305,544,711,692,305,539
302,1023,0,157,1023,0,252,400,305,625,558,305,544,749,719,305,539
213,1023,0,210,1023,0,249,385,305,323,316,305,544,834,805,305,539
268,1023,0,98,1023,0,559,774,305,351,340,305,544,747,735,305,539
577,1023,0,255,1023,0,605,810,305,474,421,305,544,821,759,305,539
363,1023,0,172,1023,0,550,753,305,364,345,305,544,772,760,305,539
472,1023,0,243,1023,0,497,692,305,339,333,305,544,779,745,305,539
280,1023,0,238,1023,0,313,490,305,342,340,305,544,765,752,305,539
486,1023,0,251,1023,0,514,703,305,373,353,305,544,781,760,305,539
611,1023,0,384,1023,0,662,837,305,480,412,305,544,826,793,305,543
422,1023,0,149,1023,0,232,385,305,319,320,305,544,778,759,305,543
578,1023,0,315,1023,0,828,989,306,611,521,305,544,775,754,305,543
419,1023,0,253,1023,0,371,526,305,466,405,305,544,746,721,305,543
325,1023,0,223,1023,0,689,878,305,515,450,305,544,765,735,305,543
541,1023,0,381,1023,0,758,917,306,581,491,305,544,775,753,305,543
394,1023,0,214,1023,0,390,569,305,369,352,305,544,798,786,305,543
326,1023,0,265,1023,0,444,623,305,362,339,305,544,762,729,305,543
380,1023,0,303,1023,0,533,729,305,353,331,305,544,771,757,305,543
451,1023,0,364,1023,0,392,535,305,352,338,305,544,786,754,305,543
294,1023,0,106,1023,0,511,723,305,332,327,305,544,757,750,305,543
908,1023,0,669,1023,0,313,444,305,400,352,305,544,839,749,305,543
1023,1023,0,661,1023,0,758,895,305,554,424,305,544,892,820,305,543
326,1023,0,311,1023,0,508,686,305,374,345,305,544,762,735,305,543
366,1023,0,318,1023,0,406,556,305,333,318,305,544,774,750,305,543
338,1023,0,125,1023,0,212,377,305,331,323,305,544,777,766,305,543
432,1023,0,128,1023,0,448,644,305,340,330,305,544,763,749,305,543
624,1023,0,453,1023,0,607,776,305,392,355,305,544,740,693,305,543
686,1023,0,504,1023,0,400,543,305,546,450,305,544,813,773,305,543
405,1023,0,207,1023,0,198,353,305,328,320,305,545,725,702,305,543
822,1023,0,566,1023,0,478,662,305,403,352,305,545,873,797,305,543
354,1023,0,107,1023,0,243,398,305,319,314,305,545,755,745,305,543
297,1023,0,221,1023,0,441,635,305,549,504,305,545,780,766,305,543
493,1023,0,660,1023,0,569,725,305,670,574,305,545,813,757,305,543
232,1023,0,129,1023,0,275,427,305,343,327,305,545,761,751,305,543
365,1023,0,274,1023,0,410,575,305,356,333,305,545,698,641,305,543
498,1023,0,274,1023,0,504,650,305,511,408,305,545,757,725,305,543
302,1023,0,111,1023,0,446,643,305,368,350,305,545,745,733,305,543
415,1023,0,235,1023,0,449,625,305,369,339,305,545,715,675,305,543
481,1023,0,297,1023,0,545,725,305,405,375,305,545,783,761,305,543
223,1023,0,240,1023,0,265,389,305,569,466,305,545,778,754,305,547
295,1023,0,357,1023,0,803,934,306,594,454,305,545,791,748,305,547
389,1023,0,135,1023,0,361,518,305,362,347,305,545,767,752,305,547
344,1023,0,178,1023,0,435,620,305,352,342,305,545,777,767,305,547
424,1023,0,235,1023,0,421,592,305,333,320,305,545,758,739,305,547
348,1023,0,237,1023,0,287,427,305,489,439,305,545,768,756,305,547
544,1023,0,601,1023,0,378,504,305,461,387,305,545,792,762,305,547
854,1023,0,728,1023,0,452,635,305,508,427,305,545,934,885,305,547
511,1023,0,398,1023,0,720,891,305,508,431,305,545,781,755,305,547
460,1023,0,225,1023,0,433,594,305,407,371,305,545,779,761,305,547
567,1023,0,631,1023,0,496,650,305,403,355,305,545,800,763,305,547
353,1023,0,179,1023,0,614,819,305,380,355,305,545,742,729,305,547
389,1023,0,459,1023,0,818,978,306,622,533,305,545,799,744,305,547
360,1023,0,194,1023,0,697,887,305,665,607,305,545,756,732,305,547
511,1023,0,320,1023,0,565,753,305,400,360,305,546,803,780,305,547
511,1023,0,270,1023,0,445,623,305,386,357,305,546,762,729,305,547
271,1023,0,218,1023,0,339,474,305,725,664,305,546,764,730,305,547
475,1023,0,171,1023,0,537,740,305,370,349,305,546,755,730,305,547
496,1023,0,266,1023,0,356,480,305,379,342,305,546,791,773,305,547
407,1023,0,215,1023,0,706,896,305,592,536,305,546,790,772,305,547
386,1023,0,203,1023,0,806,969,306,573,482,305,546,671,650,305,547
349,1023,0,160,1023,0,580,765,305,369,339,305,546,767,755,305,547
375,1023,0,173,1023,0,241,397,305,356,341,305,546,759,739,305,547
372,1023,0,219,1023,0,357,520,305,452,413,305,546,775,748,305,547
375,1023,0,223,1023,0,407,590,305,367,359,305,546,786,762,305,547
339,1023,0,124,1023,0,258,409,305,319,318,305,546,745,724,305,547
162,1023,0,77,924,0,377,571,305,376,355,305,546,548,523,305,547
635,1023,0,397,1023,0,358,499,305,399,360,305,546,789,761,305,547
702,1023,0,494,1023,0,340,441,305,445,375,305,546,783,731,305,547
382,1023,0,304,1023,0,278,427,305,471,427,305,546,791,762,305,547
392,1023,0,477,1023,0,622,790,305,425,364,305,546,753,723,305,547
382,1023,0,127,1023,0,252,399,305,347,332,305,546,760,744,305,547
571,1023,0,294,1023,0,599,790,305,391,349,305,546,820,783,305,547
353,1023,0,288,1023,0,322,474,305,384,347,305,546,736,707,305,547
263,1023,0,154,1023,0,450,656,305,350,336,305,546,762,753,305,547
307,1023,0,224,1023,0,656,836,305,508,430,305,546,703,671,305,547
361,1023,0,174,1023,0,240,387,305,357,345,305,546,761,742,305,547
389,1023,0,421,1023,0,757,925,306,531,445,305,546,807,768,305,547
360,1023,0,162,1023,0,172,355,305,517,463,305,546,782,761,305,547
458,1023,0,284,1023,0,636,825,305,419,374,305,546,780,764,305,547
485,1023,0,170,1023,0,263,387,305,550,466,305,546,846,810,305,547
470,1023,0,295,1023,0,431,612,305,351,337,305,546,765,746,305,547
420,1023,0,424,1023,0,443,598,305,499,406,305,546,766,721,305,547
348,1023,0,224,1023,0,231,389,305,319,317,305,546,734,727,305,547
489,1023,0,228,1023,0,216,373,305,354,342,305,547,729,714,305,551
455,1023,0,231,1023,0,242,392,305,337,328,305,547,790,759,305,551
447,1023,0,175,1023,0,290,427,305,337,330,305,547,742,724,305,551
367,1023,0,155,1023,0,247,388,305,327,321,305,547,741,728,305,551
1023,1023,0,1023,1023,0,780,908,305,654,493,305,547,986,874,305,551
395,1023,0,173,1023,0,752,943,306,517,465,305,547,738,717,305,551
423,1023,0,230,1023,0,487,667,305,486,423,305,547,778,752,305,551
435,1023,0,151,1023,0,234,389,305,325,319,305,547,761,741,305,551
370,1023,0,191,1023,0,504,706,305,414,381,305,547,784,762,305,551
327,1023,0,154,1023,0,288,452,305,335,324,305,547,771,760,305,551
342,1023,0,134,1023,0,384,555,305,567,524,305,547,744,731,305,551
532,1023,0,499,1023,0,468,643,305,485,414,305,547,811,794,305,551
487,1023,0,286,1023,0,352,493,305,540,472,305,547,813,798,305,551
568,1023,0,468,1023,0,333,449,305,535,426,305,547,797,762,305,551
400,1023,0,211,1023,0,366,521,305,351,333,305,547,788,759,305,551
465,1023,0,193,1023,0,675,857,305,438,391,305,547,777,756,305,551
386,1023,0,192,1023,0,589,780,305,363,341,305,547,747,719,305,551
429,1023,0,210,1023,0,558,746,305,385,354,305,547,758,745,305,551
499,1023,0,269,1023,0,438,610,305,344,323,305,547,785,755,305,551
1023,1023,0,1023,1023,0,946,1023,307,746,648,305,547,908,817,305,551
414,1023,0,220,1023,0,516,708,305,379,358,305,547,775,760,305,551
258,1023,0,94,928,0,144,346,305,309,315,305,547,740,733,305,551
349,1023,0,171,1023,0,292,444,305,329,319,305,547,769,760,305,551
540,1023,0,357,1023,0,373,530,305,343,330,305,547,746,729,305,551
445,1023,0,303,1023,0,636,825,305,460,411,305,547,780,757,305,551
538,1023,0,264,1023,0,298,397,305,339,323,305,547,813,781,305,551
352,1023,0,330,1023,0,480,636,305,396,354,305,547,794,767,305,551
413,1023,0,160,1023,0,416,605,305,356,340,305,548,771,754,305,555
293,1023,0,141,1023,0,215,380,305,354,343,305,548,767,757,305,555
378,1023,0,193,1023,0,346,516,305,324,322,305,548,783,766,305,555
356,1023,0,201,1023,0,494,699,305,334,326,305,548,781,760,305,555
316,1023,0,144,1023,0,538,748,305,331,327,305,548,748,735,305,555
448,1023,0,204,1023,0,336,486,305,489,428,305,548,756,741,305,555
426,1023,0,242,1023,0,377,544,305,362,344,305,548,778,752,305,555
614,1023,0,315,1023,0,470,647,305,449,401,305,548,776,745,305,555
526,1023,0,239,1023,0,369,537,305,328,326,305,548,796,785,305,555
367,1023,0,271,1023,0,519,713,305,331,324,305,548,785,765,305,555
375,1023,0,301,1023,0,296,413,305,380,351,305,548,776,748,305,555
240,985,0,292,1023,0,261,396,305,716,626,305,548,781,749,305,555
346,1023,0,263,1023,0,751,924,306,548,466,305,548,781,760,305,555
812,1023,0,558,1023,0,296,414,305,358,332,305,548,866,816,305,555
322,1023,0,175,1023,0,293,450,305,436,406,305,548,773,753,305,555
405,1023,0,156,1023,0,611,809,305,408,372,305,548,765,754,305,555
297,1023,0,214,1023,0,318,441,305,673,598,305,548,776,753,305,555
343,1023,0,199,1023,0,586,785,305,367,351,305,548,759,745,305,555
767,1023,0,579,1023,0,830,983,306,678,591,305,548,796,773,305,555
394,1023,0,305,1023,0,518,687,305,350,330,305,548,766,746,305,555
381,1023,0,134,1023,0,288,438,305,348,330,305,548,769,754,305,555
479,1023,0,271,1023,0,192,360,305,379,350,305,548,762,730,305,555
366,1023,0,169,1023,0,319,484,305,331,324,305,548,786,758,305,555
269,1023,0,120,1023,0,215,377,305,315,320,305,548,771,764,305,555
344,1023,0,139,1023,0,665,869,305,473,424,305,548,744,731,305,555
340,1023,0,160,1023,0,316,478,305,321,314,305,548,771,758,305,555
568,1023,0,551,1023,0,585,759,305,720,649,305,548,843,803,305,555
367,1023,0,208,1023,0,432,613,305,359,336,305,548,762,746,305,555
300,1023,0,96,1022,0,117,334,305,323,315,305,548,768,756,305,555
377,1023,0,184,1023,0,521,723,305,408,369,305,548,764,747,305,555
387,1023,0,164,1023,0,514,715,305,337,332,305,548,732,721,305,555
304,1023,0,256,1023,0,714,890,305,506,438,305,549,759,739,305,555
456,1023,0,213,1023,0,182,351,305,418,387,305,549,736,705,305,555
307,1023,0,109,1023,0,351,538,305,316,312,305,549,723,715,305,555
717,1023,0,624,1023,0,868,1002,307,677,563,305,549,810,765,305,555
392,1023,0,274,1023,0,0,471,305,334,323,305,549,675,640,305,555
361,1023,0,191,1023,0,432,605,305,431,382,305,549,754,737,305,559
417,1023,0,165,1023,0,382,566,305,330,324,305,549,780,760,305,559
655,1023,0,560,1023,0,683,853,305,504,419,305,549,822,771,305,559
359,1023,0,130,1023,0,376,538,305,317,316,305,549,724,709,305,559
463,1023,0,416,1023,0,655,824,305,431,374,305,549,762,741,305,559
300,1023,0,107,1023,0,666,877,305,408,389,305,549,728,716,305,559
342,1023,0,119,1023,0,225,377,305,339,330,305,549,739,727,305,559
338,1023,0,220,1023,0,669,871,305,433,395,305,549,741,730,305,559
484,1023,0,265,1023,0,230,382,305,332,328,305,549,772,755,305,559
516,1023,0,466,1023,0,456,629,305,373,340,305,549,716,681,305,559
527,1023,0,220,1023,0,643,825,305,411,366,305,549,777,757,305,559
570,1023,0,366,1023,0,315,436,305,382,351,305,549,804,776,305,559
363,1023,0,227,1023,0,194,354,305,368,335,305,549,763,737,305,559
618,1023,0,359,1023,0,770,938,306,558,470,305,549,801,773,305,559
451,1023,0,164,1023,0,266,403,305,325,327,305,549,778,752,305,559
375,1023,0,162,1023,0,241,390,305,336,322,305,549,751,701,305,559
294,1023,0,138,1023,0,249,395,305,327,320,305,549,772,764,305,559
539,1023,0,423,1023,0,214,367,305,349,333,305,549,790,772,305,559
403,1023,0,303,1023,0,588,771,305,434,391,305,549,769,750,305,559
760,1023,0,578,1023,0,598,787,305,459,376,305,549,871,804,305,559
501,1023,0,378,1023,0,387,557,305,357,335,305,549,781,758,305,559
473,1023,0,307,1023,0,324,473,305,328,324,305,549,777,754,305,559
359,1023,0,239,1023,0,715,884,305,476,384,305,549,783,763,305,559
380,1023,0,249,1023,0,421,581,305,379,352,305,549,736,719,305,559
766,1023,0,1023,1023,0,942,1023,307,778,659,305,549,890,820,305,559
295,1023,0,129,1023,0,234,353,305,323,315,305,549,771,754,305,559
345,1023,0,115,1023,0,492,698,305,339,334,305,549,776,759,305,559
348,1023,0,330,1023,0,378,516,305,367,331,305,550,767,748,305,559
922,1023,0,911,1023,0,500,677,305,397,352,305,550,881,847,305,559
369,1023,0,258,1023,0,660,846,305,401,365,305,550,740,725,305,559
330,1023,0,111,1023,0,207,375,305,329,323,305,550,748,734,305,559
381,1023,0,242,1023,0,350,508,305,348,331,305,550,794,777,305,559
346,1023,0,104,1023,0,367,548,305,328,317,305,550,760,749,305,559
496,1023,0,431,1023,0,306,443,305,343,329,305,550,810,780,305,559
235,1023,0,220,1023,0,474,643,305,650,575,305,550,752,727,305,559
406,1023,0,227,1023,0,196,364,305,404,372,305,550,740,715,305,563
564,1023,0,451,1023,0,241,379,305,462,402,305,550,790,764,305,563
246,1023,0,99,1023,0,535,754,305,462,434,305,550,794,788,305,563
432,1023,0,272,1023,0,362,504,305,586,503,305,550,799,776,305,563
444,1023,0,410,1023,0,475,628,305,339,319,305,550,751,717,305,563
288,1023,0,224,1023,0,535,719,305,696,638,305,550,785,756,305,563
340,1023,0,132,1023,0,151,346,305,334,325,305,550,727,706,305,563
362,1023,0,222,1023,0,264,406,305,321,320,305,550,781,757,305,563
333,1023,0,229,1023,0,671,868,305,496,448,305,550,781,762,305,563
341,1023,0,170,1023,0,351,517,305,439,401,305,550,769,757,305,563
352,1023,0,215,1023,0,275,416,305,364,343,305,550,743,720,305,563
429,1023,0,230,1023,0,678,865,305,437,390,305,550,744,706,305,563
538,1023,0,397,1023,0,768,941,306,543,465,305,550,752,722,305,563
490,1023,0,185,1023,0,213,375,305,352,336,305,550,756,742,305,563
584,1023,0,399,1023,0,441,603,305,449,392,305,550,835,814,305,563
529,1023,0,302,1023,0,300,443,305,326,318,305,550,784,761,305,563
503,1023,0,213,1023,0,272,418,305,335,324,305,550,787,776,305,563
403,1023,0,159,1023,0,242,382,305,366,346,305,550,772,755,305,563
348,1023,0,194,1023,0,383,524,305,656,592,305,550,777,757,305,563
316,1023,0,131,1023,0,236,396,305,455,422,305,550,748,732,305,563
393,1023,0,210,1023,0,337,496,305,633,570,305,550,798,782,305,563
402,1023,0,256,1023,0,413,602,305,337,328,305,550,807,779,305,563
364,1023,0,177,1023,0,632,833,305,392,364,305,550,743,730,305,563
488,1023,0,255,1023,0,308,420,305,333,319,305,550,773,741,305,563
445,1023,0,225,1023,0,719,911,305,472,414,305,550,784,761,305,563
609,1023,0,395,1023,0,692,866,305,446,385,305,550,800,775,305,563
395,1023,0,170,1023,0,388,563,305,335,326,305,550,784,771,305,563
333,1023,0,307,1023,0,214,366,305,661,575,305,550,760,734,305,563
441,1023,0,425,1023,0,852,1005,306,627,531,305,551,707,685,305,563
431,1023,0,255,1023,0,488,660,305,338,329,305,551,750,710,305,563
402,1023,0,140,1023,0,276,426,305,348,328,305,551,769,748,305,563
467,1023,0,254,1023,0,592,762,305,428,365,305,551,777,749,305,563
710,1023,0,357,1023,0,805,994,306,586,528,305,551,813,793,305,563
374,1023,0,193,1023,0,662,840,305,479,412,305,551,801,784,305,563
275,1023,0,330,1023,0,740,893,305,521,421,305,551,774,740,305,563
343,1023,0,232,1023,0,414,591,305,319,320,305,551,739,719,305,563
369,1023,0,190,1023,0,306,443,305,695,666,305,551,782,752,305,563
650,1023,0,276,1023,0,352,427,305,353,320,305,551,779,735,305,563
320,1023,0,132,1023,0,519,722,305,390,360,305,551,763,751,305,563
422,1023,0,174,1023,0,696,891,305,447,399,305,551,734,713,305,563
294,1023,0,161,1023,0,439,630,305,353,340,305,551,763,737,305,563
450,1023,0,230,1023,0,646,838,305,437,389,305,551,769,738,305,563
416,1023,0,265,1023,0,200,369,305,324,320,305,551,741,730,305,563
403,1023,0,225,1023,0,209,360,305,337,320,305,551,774,759,305,563
319,1023,0,101,1023,0,225,383,305,318,319,305,551,753,743,305,563
338,1023,0,347,1023,0,535,703,305,377,342,305,551,785,752,305,563
347,1023,0,173,1023,0,215,382,305,340,334,305,551,774,761,305,563
507,1023,0,342,1023,0,498,680,305,363,337,305,551,786,765,305,563
510,1023,0,404,1023,0,241,378,305,338,323,305,551,792,775,305,563
339,1023,0,273,1023,0,607,789,305,390,349,305,551,719,690,305,563
350,1023,0,134,1023,0,666,863,305,433,395,305,551,753,742,305,563
402,1023,0,402,1023,0,823,977,306,630,534,305,551,731,676,305,563
258,1023,0,145,1023,0,590,786,305,444,397,305,551,724,704,305,563
1023,1023,0,773,1023,0,428,588,305,460,389,305,551,890,828,305,563
486,1023,0,288,1023,0,276,402,305,459,402,305,551,777,751,305,563
414,1023,0,143,1023,0,486,696,305,357,341,305,551,757,746,305,563
345,1023,0,133,1023,0,200,360,305,337,328,305,551,761,748,305,563
300,1023,0,174,1023,0,160,344,305,329,319,305,551,726,700,305,563
455,1023,0,156,1023,0,729,910,305,485,420,305,551,764,747,305,563
461,1023,0,278,1023,0,317,459,305,422,377,305,551,788,746,305,563
381,1023,0,169,1023,0,269,416,305,360,347,305,551,784,767,305,563
402,1023,0,115,1023,0,174,351,305,337,325,305,551,761,749,305,563
866,1023,0,521,1023,0,655,818,305,448,389,305,551,815,787,305,563
321,1023,0,166,1023,0,745,933,306,499,448,305,551,802,781,305,563
347,1023,0,115,1023,0,471,669,305,339,329,305,551,743,732,305,563
230,1023,0,187,1023,0,412,575,305,321,314,305,551,729,696,305,563
357,1023,0,353,1023,0,425,576,305,406,352,305,551,767,724,305,563
347,1023,0,119,1023,0,176,352,305,324,316,305,551,737,703,305,563
365,1023,0,203,1023,0,295,469,305,356,343,305,551,759,745,305,568
362,1023,0,412,1023,0,773,926,306,550,447,305,551,814,774,305,568
399,1023,0,160,1023,0,247,395,305,353,346,305,551,751,735,305,568
265,1023,0,60,663,0,209,376,305,329,318,305,551,746,734,305,568
533,1023,0,285,1023,0,269,411,305,455,405,305,551,782,767,305,568
545,1023,0,261,1023,0,618,801,305,401,360,305,551,829,785,305,568
253,1023,0,177,1023,0,478,659,305,668,604,305,551,734,712,305,568
361,1023,0,122,1023,0,180,356,305,318,318,305,552,755,743,305,568
405,1023,0,234,1023,0,680,842,305,443,382,305,552,765,747,305,568
371,1023,0,190,1023,0,387,569,305,332,325,305,552,742,728,305,568
370,1023,0,163,1023,0,543,751,305,337,334,305,552,770,757,305,568
236,1023,0,160,1023,0,340,498,305,323,316,305,552,734,704,305,568
246,1023,0,142,1023,0,312,444,305,304,308,305,552,685,662,305,568
306,1023,0,190,1023,0,595,779,305,369,340,305,552,757,731,305,568
448,1023,0,204,1023,0,633,827,305,410,373,305,552,774,756,305,568
354,1023,0,245,1023,0,750,924,306,668,594,305,552,742,700,305,568
353,1023,0,213,1023,0,698,886,305,452,402,305,552,825,793,305,568
402,1023,0,247,1023,0,751,931,306,522,453,305,552,707,688,305,568
393,1023,0,347,1023,0,358,507,305,332,320,305,552,755,707,305,568
445,1023,0,207,1023,0,669,862,305,432,381,305,552,781,767,305,568
243,1023,0,246,1023,0,643,813,305,393,349,305,552,701,674,305,568
368,1023,0,162,1023,0,200,367,305,348,332,305,552,758,745,305,568
383,1023,0,362,1023,0,426,570,305,600,504,305,552,839,808,305,568
362,1023,0,156,1023,0,456,639,305,349,330,305,552,782,768,305,568
346,1023,0,153,1023,0,291,437,305,322,317,305,552,757,741,305,568
544,1023,0,323,1023,0,370,523,305,360,333,305,552,716,684,305,568
250,1023,0,173,1023,0,797,971,306,584,507,305,552,721,700,305,568
428,1023,0,202,1023,0,274,418,305,358,335,305,552,783,762,305,568
381,1023,0,195,1023,0,575,776,305,364,344,305,552,764,750,305,568
511,1023,0,268,1023,0,789,949,306,742,652,305,552,878,847,305,568
405,1023,0,134,1023,0,307,461,305,350,337,305,552,774,762,305,568
349,1023,0,388,1023,0,383,515,305,327,319,305,552,820,777,305,568
459,1023,0,350,1023,0,267,398,305,324,322,305,552,774,759,305,568
466,1023,0,223,1023,0,343,461,305,349,329,305,552,773,758,305,568
328,1023,0,349,1023,0,339,490,305,412,366,305,552,626,557,305,568
490,1023,0,188,1023,0,659,845,305,414,375,305,552,783,761,305,568
365,1023,0,239,1023,0,365,533,305,335,327,305,552,741,710,305,568
336,1023,0,179,1023,0,554,745,305,412,364,305,552,740,717,305,568
361,1023,0,154,1023,0,593,797,305,355,341,305,552,784,764,305,568
251,1023,0,46,494,0,126,343,305,594,556,305,552,708,702,305,568
318,1023,0,332,1023,0,805,974,306,584,504,305,552,769,747,305,568
513,1023,0,242,1023,0,409,578,305,364,338,305,552,809,786,305,568
721,1023,0,370,1023,0,796,922,306,579,449,305,553,818,754,305,568
378,1023,0,193,1023,0,616,810,305,384,353,305,553,828,808,305,568
512,1023,0,271,1023,0,447,638,305,336,321,305,553,781,769,305,568
343,1023,0,175,1023,0,360,539,305,443,406,305,553,770,763,305,568
842,1023,0,503,1023,0,778,941,306,575,474,305,553,860,812,305,568
420,1023,0,158,1023,0,322,465,305,326,323,305,553,747,733,305,568
409,1023,0,145,1023,0,186,350,305,345,329,305,553,767,750,305,568
337,1023,0,186,1023,0,227,379,305,367,352,305,553,760,745,305,568
888,1023,0,651,1023,0,878,1023,306,669,600,305,553,851,787,305,568
291,1023,0,97,1023,0,164,346,305,376,364,305,553,771,753,305,572
347,1023,0,193,1023,0,303,448,305,359,340,305,553,783,763,305,572
596,1023,0,421,1023,0,348,495,305,405,365,305,553,792,770,305,572
378,1023,0,223,1023,0,484,686,305,329,331,305,553,753,742,305,572
421,1023,0,281,1023,0,732,908,305,527,452,305,553,727,698,305,572
342,1023,0,105,1023,0,190,363,305,309,314,305,553,702,691,305,572
316,1023,0,120,1023,0,769,971,306,531,490,305,553,738,718,305,572
443,1023,0,182,1023,0,204,358,305,340,329,305,553,784,767,305,572
383,1023,0,174,1023,0,390,566,305,368,342,305,553,761,751,305,572
388,1023,0,191,1023,0,264,405,305,535,472,305,553,747,720,305,572
514,1023,0,164,1023,0,373,529,305,330,319,305,553,738,691,305,572
481,1023,0,221,1023,0,540,725,305,345,331,305,553,696,678,305,572
359,1023,0,131,1023,0,410,602,305,328,319,305,553,723,712,305,572
375,1023,0,226,1023,0,248,376,305,352,334,305,553,764,731,305,572
402,1023,0,163,1023,0,254,417,305,394,368,305,553,760,750,305,572
320,1023,0,215,1023,0,672,860,305,670,609,305,553,745,720,305,572
320,1023,0,184,1023,0,441,609,305,334,318,305,553,765,740,305,572
395,1023,0,163,1023,0,219,371,305,336,327,305,553,757,746,305,572
368,1023,0,141,1023,0,537,741,305,354,341,305,553,771,759,305,572
418,1023,0,331,1023,0,241,389,305,358,337,305,553,765,734,305,572
356,1023,0,198,1023,0,369,534,305,362,344,305,553,744,730,305,572
470,1023,0,230,1023,0,193,361,305,389,358,305,553,763,729,305,572
364,1023,0,435,1023,0,405,536,305,378,343,305,553,786,759,305,572
449,1023,0,214,1023,0,467,656,305,351,346,305,553,778,762,305,572
356,1023,0,162,1023,0,448,631,305,570,509,305,553,759,743,305,572
357,1023,0,158,1023,0,562,768,305,346,336,305,553,759,748,305,572
292,1023,0,177,1023,0,172,345,305,358,346,305,553,763,751,305,572
300,1023,0,293,1023,0,718,885,305,565,473,305,553,744,701,305,572
517,1023,0,184,1023,0,433,619,305,380,358,305,554,780,765,305,572
349,1023,0,174,1023,0,388,561,305,346,332,305,554,764,739,305,572
538,1023,0,403,1023,0,381,532,305,396,354,305,554,791,768,305,572
537,1023,0,280,1023,0,691,872,305,550,473,305,554,784,767,305,572
381,1023,0,290,1023,0,394,555,305,442,384,305,554,792,766,305,572
435,1023,0,176,1023,0,548,744,305,404,371,305,554,780,759,305,572
328,1023,0,297,1023,0,573,743,305,348,325,305,554,764,725,305,572
454,1023,0,337,1023,0,522,702,305,438,381,305,554,769,717,305,572
518,1023,0,284,1023,0,198,365,305,416,378,305,554,770,755,305,572
450,1023,0,242,1023,0,349,500,305,410,373,305,554,776,757,305,572
412,1023,0,147,1023,0,182,352,305,339,331,305,554,751,729,305,572
329,1023,0,138,1023,0,194,372,305,319,322,305,554,730,715,305,572
444,1023,0,268,1023,0,512,702,305,343,334,305,554,749,734,305,572
391,1023,0,157,1023,0,184,352,305,337,326,305,554,763,747,305,572
460,1023,0,199,1023,0,608,787,305,422,362,305,554,764,746,305,572
380,1023,0,190,1023,0,238,380,305,347,334,305,554,763,741,305,572
405,1023,0,142,1023,0,148,338,305,320,316,305,554,699,681,305,572
540,1023,0,286,1023,0,413,584,305,340,328,305,554,730,708,305,572
326,1023,0,140,1023,0,522,719,305,357,345,305,554,723,690,305,572
521,1023,0,409,1023,0,443,601,305,380,341,305,554,768,727,305,572
410,1023,0,272,1023,0,289,438,305,379,358,305,554,789,769,305,572
1023,1023,0,1023,1023,0,780,938,306,599,470,305,554,945,834,305,576
337,1023,0,195,1023,0,190,351,305,657,595,305,554,760,745,305,576
335,1023,0,193,1023,0,265,403,305,602,531,305,554,769,738,305,576
397,1023,0,239,1023,0,422,578,305,335,328,305,554,784,745,305,576
377,1023,0,129,1023,0,284,424,305,327,326,305,554,777,767,305,576
529,1023,0,220,1023,0,742,925,306,504,444,305,554,760,738,305,576
246,1023,0,101,1023,0,316,482,305,325,316,305,554,755,743,305,576
433,1023,0,190,1023,0,183,355,305,320,318,305,554,735,725,305,576
463,1023,0,326,1023,0,635,813,305,391,358,305,554,743,716,305,576
409,1023,0,173,1023,0,323,488,305,335,324,305,554,750,733,305,576
357,1023,0,262,1023,0,546,723,305,353,331,305,554,731,711,305,576
367,1023,0,167,1023,0,211,370,305,346,333,305,554,702,677,305,576
403,1023,0,173,1023,0,510,705,305,329,323,305,555,695,662,305,576
378,1023,0,121,1023,0,255,408,305,662,653,305,555,735,718,305,576
263,1023,0,158,1023,0,499,698,305,652,606,305,555,762,753,305,576
349,1023,0,216,1023,0,264,397,305,336,321,305,555,759,732,305,576
440,1023,0,158,1023,0,432,622,305,329,324,305,555,763,749,305,576
798,1023,0,855,1023,0,739,897,305,526,413,305,555,858,811,305,576
299,1023,0,174,1023,0,408,596,305,335,325,305,555,765,742,305,576
382,1023,0,283,1023,0,401,578,305,411,380,305,555,767,743,305,576
388,1023,0,208,1023,0,303,455,305,374,351,305,555,767,747,305,576
635,1023,0,460,1023,0,315,452,305,516,439,305,555,745,720,305,576
461,1023,0,178,1023,0,509,703,305,378,353,305,555,751,726,305,576
357,1023,0,170,1023,0,256,406,305,353,343,305,555,755,741,305,576
316,1023,0,105,1023,0,199,362,305,313,314,305,555,762,744,305,576
528,1023,0,258,1023,0,262,384,305,352,338,305,555,819,765,305,576
297,1023,0,136,1023,0,204,369,305,538,497,305,555,762,751,305,576
531,1023,0,186,1023,0,615,782,305,402,351,305,555,757,738,305,576
164,1023,0,132,1023,0,236,398,305,602,581,305,555,804,793,305,576
379,1023,0,120,1023,0,620,817,305,400,362,305,555,769,756,305,580
381,1023,0,339,1023,0,316,432,305,333,325,305,555,726,680,305,580
1012,1023,0,518,1023,0,333,413,305,394,343,305,555,843,770,305,580
448,1023,0,190,1023,0,172,350,305,330,316,305,555,732,717,305,580
530,1023,0,230,1023,0,550,733,305,355,336,305,555,721,694,305,580
319,1023,0,109,1023,0,159,352,305,321,316,305,555,759,745,305,580
463,1023,0,266,1023,0,388,556,305,332,324,305,555,776,756,305,580
394,1023,0,166,1023,0,359,517,305,327,318,305,555,746,734,305,580
338,1023,0,168,1023,0,360,523,305,349,332,305,555,732,720,305,580
749,1023,0,452,1023,0,699,869,305,475,397,305,555,824,789,305,580
1023,1023,0,1023,1023,0,742,916,305,552,445,305,555,827,716,305,580
360,1023,0,149,1023,0,362,540,305,318,326,305,555,772,760,305,580
508,1023,0,202,1023,0,762,945,306,513,450,305,555,726,712,305,580
358,1023,0,219,1023,0,331,453,305,316,315,305,555,717,695,305,580
370,1023,0,316,1023,0,608,783,305,371,336,305,555,780,727,305,580
478,1023,0,215,1023,0,632,816,305,400,358,305,556,816,803,305,580
397,1023,0,130,1023,0,272,430,305,346,334,305,556,739,727,305,580
363,1023,0,248,1023,0,407,586,305,355,342,305,556,739,718,305,580
405,1023,0,164,1023,0,250,395,305,322,321,305,556,777,762,305,580
383,1023,0,172,1023,0,719,915,305,470,425,305,556,766,748,305,580
382,1023,0,284,1023,0,435,626,305,343,332,305,556,771,754,305,580
291,1023,0,282,1023,0,484,641,305,330,319,305,556,755,723,305,580
411,1023,0,252,1023,0,649,840,305,403,372,305,556,748,730,305,580
795,1023,0,762,1023,0,754,931,306,575,486,305,556,870,806,305,580
572,1023,0,351,1023,0,226,375,305,536,453,305,556,771,739,305,580
328,1023,0,125,1023,0,288,448,305,324,315,305,556,754,738,305,580
230,1023,0,270,1023,0,519,686,305,491,417,305,556,786,758,305,580
369,1023,0,142,1023,0,303,454,305,339,333,305,556,758,747,305,580
639,1023,0,251,1023,0,373,536,305,354,332,305,556,829,799,305,580
1023,1023,0,757,1023,0,593,713,305,526,405,305,556,858,762,305,580
646,1023,0,313,1023,0,411,553,305,403,354,305,556,801,777,305,580
358,1023,0,194,1023,0,630,825,305,531,470,305,556,724,706,305,580
235,1023,0,202,1023,0,492,680,305,549,488,305,556,749,731,305,580
455,1023,0,376,1023,0,278,419,305,332,316,305,556,756,719,305,580
433,1023,0,174,1023,0,187,367,305,322,320,305,556,733,714,305,580
471,1023,0,437,1023,0,317,429,305,327,319,305,556,774,746,305,580
426,1023,0,192,1023,0,248,394,305,346,335,305,556,765,732,305,580
355,1023,0,319,1023,0,771,938,306,546,457,305,556,753,721,305,580
1023,1023,0,547,1023,0,608,810,305,577,424,305,556,865,779,305,580
484,1023,0,214,1023,0,337,485,305,354,331,305,556,775,756,305,580
725,1023,0,517,1023,0,352,442,305,511,428,305,556,888,827,305,584
401,1023,0,185,1023,0,624,823,305,401,366,305,556,769,756,305,584
359,1023,0,144,1023,0,490,692,305,362,332,305,556,758,748,305,584
446,1023,0,354,1023,0,320,449,305,321,321,305,556,777,738,305,584
431,1023,0,172,1023,0,193,360,305,322,322,305,556,744,710,305,584
535,1023,0,412,1023,0,223,379,305,353,335,305,556,768,739,305,584
512,1023,0,355,1023,0,722,891,305,523,437,305,556,774,744,305,584
395,1023,0,164,1023,0,573,769,305,431,389,305,556,784,767,305,584
470,1023,0,233,1023,0,414,583,305,361,336,305,556,796,762,305,584
437,1023,0,182,1023,0,470,654,305,363,343,305,556,774,761,305,584
533,1023,0,398,1023,0,401,556,305,416,369,305,556,819,803,305,584
460,1023,0,181,1023,0,619,818,305,379,352,305,556,769,753,305,584
720,1023,0,646,1023,0,846,975,306,702,534,305,556,821,745,305,584
282,1023,0,147,1023,0,338,517,305,338,337,305,556,779,771,305,584
549,1023,0,283,1023,0,508,682,305,376,347,305,556,772,722,305,584
960,1023,0,891,1023,0,477,636,305,530,436,305,556,827,783,305,584
350,1023,0,180,1023,0,348,511,305,452,400,305,557,772,754,305,584
417,1023,0,294,1023,0,470,644,305,345,332,305,557,760,709,305,584
432,1023,0,206,1023,0,584,783,305,441,400,305,557,765,745,305,584
311,1023,0,256,1023,0,502,676,305,446,389,305,557,766,727,305,584
390,1023,0,445,1023,0,410,541,305,378,338,305,557,747,714,305,584
333,1023,0,178,1023,0,498,697,305,436,394,305,557,769,757,305,584
356,1023,0,214,1023,0,819,996,306,600,530,305,557,709,658,305,584
429,1023,0,317,1023,0,714,885,305,541,452,305,557,752,727,305,584
296,1023,0,207,1023,0,480,660,305,334,323,305,557,769,748,305,584
503,1023,0,364,1023,0,195,364,305,419,380,305,557,770,748,305,584
346,1023,0,230,1023,0,470,639,305,389,351,305,557,779,759,305,584
295,1023,0,143,1023,0,232,395,305,316,318,305,557,757,747,305,584
486,1023,0,224,1023,0,342,507,305,342,335,305,557,780,762,305,584
372,1023,0,301,1023,0,487,650,305,338,326,305,557,748,721,305,584
358,1023,0,262,1023,0,377,541,305,446,399,305,557,779,741,305,584
223,1023,0,59,745,0,66,331,305,369,366,305,557,786,782,305,584
392,1023,0,160,1023,0,514,717,305,381,346,305,557,765,756,305,584
656,1023,0,368,1023,0,532,686,305,476,394,305,557,817,786,305,584
407,1023,0,184,1023,0,164,352,305,396,372,305,557,773,759,305,584
488,1023,0,282,1023,0,272,402,305,355,338,305,557,768,745,305,584
548,1023,0,387,1023,0,258,401,305,464,401,305,557,733,695,305,584
281,1023,0,130,1023,0,157,339,305,396,366,305,557,700,675,305,584
354,1023,0,126,1023,0,171,347,305,309,310,305,557,748,730,305,584
427,1023,0,214,1023,0,479,671,305,327,315,305,557,681,666,305,584
489,1023,0,393,1023,0,785,948,306,586,491,305,557,733,702,305,584
447,1023,0,182,1023,0,331,480,305,354,338,305,557,768,754,305,584
1023,1023,0,1023,1023,0,848,993,306,835,723,305,557,945,861,305,584
330,1023,0,169,1023,0,388,565,305,335,326,305,557,752,743,305,584
437,1023,0,469,1023,0,399,531,305,479,396,305,557,787,752,305,584
438,1023,0,364,1023,0,225,372,305,451,404,305,557,785,765,305,584
363,1023,0,204,1023,0,335,498,305,336,331,305,557,760,743,305,584
373,1023,0,220,1023,0,329,478,305,433,389,305,557,781,769,305,584
439,1023,0,251,1023,0,451,626,305,341,327,305,557,785,756,305,584
384,1023,0,327,1023,0,362,503,305,352,331,305,557,779,753,305,584
232,874,0,288,1023,0,694,835,305,780,683,305,557,795,734,305,584
404,1023,0,172,1023,0,513,714,305,339,326,305,557,705,695,305,584
370,1023,0,290,1023,0,464,627,305,340,320,305,557,759,721,305,584
285,1023,0,130,1023,0,423,612,305,628,581,305,557,752,734,305,584
775,1023,0,336,1023,0,634,816,305,423,362,305,557,830,757,305,584
192,919,0,215,1023,0,458,619,305,715,644,305,557,759,722,305,584
639,1023,0,246,1023,0,323,433,305,352,319,305,558,816,749,305,588
369,1023,0,152,1023,0,678,873,305,459,416,305,558,762,752,305,588
406,1023,0,293,1023,0,515,686,305,345,329,305,558,739,702,305,588
396,1023,0,207,1023,0,305,444,305,327,322,305,558,763,734,305,588
229,1023,0,193,1023,0,351,485,305,536,452,305,558,726,700,305,588
456,1023,0,187,1023,0,440,606,305,390,353,305,558,749,720,305,588
341,1023,0,253,1023,0,617,782,305,468,383,305,558,742,704,305,588
438,1023,0,182,1023,0,271,411,305,347,336,305,558,768,746,305,588
234,1023,0,157,1023,0,462,667,305,335,330,305,558,819,809,305,588
400,1023,0,309,1023,0,529,703,305,362,332,305,558,668,638,305,588
319,1023,0,287,1023,0,430,577,305,432,377,305,558,741,689,305,588
513,1023,0,300,1023,0,364,527,305,351,334,305,558,721,707,305,588
245,1023,0,362,1023,0,699,860,305,675,588,305,558,750,723,305,588
612,1023,0,401,1023,0,708,879,305,517,441,305,558,785,760,305,588
410,1023,0,218,1023,0,397,549,305,390,349,305,558,769,728,305,588
314,1023,0,207,1023,0,611,799,305,514,452,305,558,770,755,305,588
554,1023,0,303,1023,0,573,776,305,354,343,305,558,797,781,305,588
434,1023,0,199,1023,0,220,387,305,349,331,305,558,734,706,305,588
421,1023,0,236,1023,0,300,447,305,340,326,305,558,692,662,305,588
357,1023,0,414,1023,0,826,985,306,608,513,305,558,709,679,305,588
411,1023,0,435,1023,0,754,898,305,749,656,305,558,778,724,305,588
497,1023,0,342,1023,0,490,669,305,359,342,305,558,785,767,305,588
521,1023,0,286,1023,0,267,414,305,414,372,305,558,781,767,305,588
379,1023,0,177,1023,0,323,476,305,333,325,305,558,767,754,305,588
388,1023,0,340,1023,0,491,664,305,436,379,305,558,761,736,305,588
466,1023,0,172,1023,0,219,375,305,343,325,305,558,794,768,305,588
425,1023,0,263,1023,0,383,538,305,395,359,305,558,778,755,305,588
419,1023,0,289,1023,0,297,462,305,707,697,305,558,792,773,305,588
418,1023,0,221,1023,0,200,364,305,326,318,305,558,768,742,305,588
313,1023,0,128,1023,0,59,322,305,328,324,305,558,702,683,305,588
429,1023,0,188,1023,0,568,765,305,370,344,305,558,764,737,305,588
372,1023,0,165,1023,0,453,643,305,400,368,305,558,736,726,305,588
337,1023,0,280,1023,0,329,460,305,318,312,305,558,695,638,305,588
374,1023,0,130,1023,0,483,680,305,341,333,305,558,754,733,305,588
486,1023,0,284,1023,0,472,649,305,350,336,305,558,790,772,305,588
634,1023,0,412,1023,0,324,451,305,387,346,305,558,784,762,305,588
408,1023,0,190,1023,0,287,437,305,346,334,305,558,773,754,305,588
418,1023,0,199,1023,0,287,429,305,462,406,305,558,789,772,305,588
595,1023,0,401,1023,0,814,965,306,606,496,305,558,845,799,305,588
272,1023,0,117,1023,0,230,386,305,331,317,305,558,739,730,305,588
356,1023,0,184,1023,0,286,425,305,608,537,305,558,755,737,305,588
369,1023,0,128,1023,0,536,746,305,371,354,305,558,750,735,305,588
461,1023,0,188,1023,0,373,533,305,343,328,305,558,775,756,305,588
930,1023,0,694,1023,0,494,675,305,402,355,305,559,881,818,305,588
413,1023,0,248,1023,0,202,357,305,337,331,305,559,757,733,305,588
277,1023,0,343,1023,0,477,623,305,324,319,305,559,736,691,305,588
293,1023,0,164,1023,0,409,585,305,389,362,305,559,778,765,305,588
181,991,0,183,1023,0,560,739,305,632,559,305,559,757,725,305,588
370,1023,0,216,1023,0,276,435,305,552,501,305,559,785,770,305,592
360,1023,0,165,1023,0,375,559,305,383,366,305,559,765,747,305,592
458,1023,0,154,1023,0,349,504,305,323,315,305,559,760,748,305,592
442,1023,0,245,1023,0,274,410,305,394,367,305,559,783,744,305,592
466,1023,0,237,1023,0,557,756,305,365,344,305,559,768,749,305,592
508,1023,0,305,1023,0,319,450,305,361,337,305,559,775,755,305,592
354,1023,0,291,1023,0,437,611,305,328,318,305,559,768,734,305,592
314,1023,0,246,1023,0,801,962,306,567,475,305,559,718,698,305,592
530,1023,0,300,1023,0,796,962,306,720,649,305,559,851,824,305,592
550,1023,0,341,1023,0,323,466,305,449,392,305,559,784,754,305,592
258,1023,0,146,1023,0,665,843,305,428,373,305,559,710,697,305,592
377,1023,0,178,1023,0,402,597,305,331,323,305,559,764,753,305,592
181,677,0,310,1023,0,820,969,306,795,706,305,559,813,765,305,592
115,1023,0,16,226,0,5,314,305,348,339,305,559,675,674,305,592
568,1023,0,430,1023,0,840,1019,306,620,554,305,559,830,803,305,592
606,1023,0,422,1023,0,233,354,305,533,438,305,559,811,775,305,592
549,1023,0,448,1023,0,264,406,305,464,395,305,559,820,791,305,592
428,1023,0,561,1023,0,487,640,305,510,411,305,559,777,743,305,592
509,1023,0,179,1023,0,432,620,305,350,337,305,559,784,765,305,592
390,1023,0,146,1023,0,386,565,305,355,335,305,559,775,759,305,592
331,1023,0,177,1023,0,249,392,305,664,609,305,559,793,778,305,592
339,1023,0,184,1023,0,422,608,305,328,323,305,559,771,762,305,592
485,1023,0,495,1023,0,412,573,305,351,330,305,559,781,758,305,592
361,1023,0,135,1023,0,314,471,305,316,318,305,559,755,734,305,592
382,1023,0,150,1023,0,241,389,305,315,319,305,559,766,743,305,592
733,1023,0,632,1023,0,776,939,306,579,495,305,559,826,791,305,592
409,1023,0,173,1023,0,215,370,305,354,328,305,559,767,744,305,592
266,1023,0,259,1023,0,834,1001,306,623,546,305,559,777,744,305,592
373,1023,0,116,1023,0,579,788,305,376,354,305,559,549,514,305,592
344,1023,0,127,1023,0,146,334,305,377,351,305,559,747,730,305,592
360,1023,0,225,1023,0,334,485,305,343,334,305,559,747,708,305,592
510,1023,0,414,1023,0,474,649,305,346,329,305,559,806,781,305,592
370,1023,0,128,1023,0,553,752,305,353,333,305,559,757,742,305,592
321,1023,0,114,1023,0,678,880,305,420,388,305,559,767,759,305,592
412,1023,0,173,1023,0,497,692,305,337,329,305,559,752,729,305,592
722,1023,0,374,1023,0,365,506,305,382,344,305,559,847,819,305,592
782,1023,0,465,1023,0,540,741,305,531,482,305,559,825,751,305,592
368,1023,0,287,1023,0,275,397,305,437,368,305,559,754,709,305,592
470,1023,0,214,1023,0,544,738,305,354,336,305,559,765,748,305,592
396,1023,0,274,1023,0,446,629,305,370,346,305,559,764,748,305,592
739,1023,0,637,1023,0,780,927,306,577,466,305,559,770,717,305,592
308,1023,0,76,796,0,134,331,305,343,334,305,559,733,713,305,592
404,1023,0,232,1023,0,465,662,305,345,329,305,560,755,739,305,592
451,1023,0,213,1023,0,279,417,305,343,326,305,560,769,756,305,592
234,1023,0,199,1023,0,562,740,305,350,330,305,560,741,714,305,592
309,1023,0,349,1023,0,442,595,305,430,366,305,560,787,747,305,592
497,1023,0,326,1023,0,271,420,305,400,364,305,560,781,751,305,592
627,1023,0,328,1023,0,488,638,305,474,390,305,560,777,756,305,592
403,1023,0,306,1023,0,790,962,306,556,479,305,560,752,725,305,592
297,1023,0,237,1023,0,279,404,305,403,358,305,560,773,759,305,592
479,1023,0,442,1023,0,374,534,305,343,327,305,560,759,738,305,592
373,1023,0,161,1023,0,767,937,306,531,446,305,560,762,746,305,592
426,1023,0,200,1023,0,527,720,305,382,357,305,560,784,768,305,592
423,1023,0,184,1023,0,271,422,305,350,344,305,560,778,750,305,592
292,1023,0,103,1023,0,168,355,305,317,321,305,560,736,723,305,592
784,1023,0,496,1023,0,548,704,305,665,565,305,560,841,762,305,592
437,1023,0,194,1023,0,286,418,305,333,318,305,560,764,734,305,592
538,1023,0,427,1023,0,312,444,305,421,367,305,560,804,785,305,592
346,1023,0,215,1023,0,353,515,305,377,345,305,560,768,741,305,592
417,1023,0,162,1023,0,195,360,305,351,335,305,560,777,745,305,592
490,1023,0,231,1023,0,648,832,305,379,348,305,560,702,680,305,592
550,1023,0,345,1023,0,409,556,305,347,327,305,560,789,753,305,592
358,1023,0,345,1023,0,513,689,305,416,364,305,560,777,742,305,592
413,1023,0,168,1023,0,260,400,305,440,386,305,560,780,768,305,592
382,1023,0,217,1023,0,740,935,306,495,445,305,560,782,764,305,592
1023,1023,0,735,1023,0,902,1023,307,715,601,305,560,819,776,305,596
384,1023,0,229,1023,0,389,562,305,471,429,305,560,745,724,305,596
382,1023,0,503,1023,0,597,774,305,580,499,305,560,831,805,305,596
438,1023,0,362,1023,0,447,602,305,425,375,305,560,798,765,305,596
329,1023,0,110,1023,0,518,720,305,341,336,305,560,703,694,305,596
429,1023,0,202,1023,0,328,474,305,343,328,305,560,786,769,305,596
399,1023,0,152,1023,0,649,850,305,394,370,305,560,757,744,305,596
571,1023,0,368,1023,0,383,520,305,339,324,305,560,833,812,305,596
304,1023,0,328,1023,0,749,908,305,510,417,305,560,724,692,305,596
890,1023,0,726,1023,0,706,886,305,498,418,305,560,866,801,305,596
509,1023,0,400,1023,0,546,727,305,471,412,305,560,795,756,305,596
766,1023,0,328,1023,0,255,370,305,373,331,305,560,789,761,305,596
469,1023,0,290,1023,0,425,600,305,424,375,305,560,775,749,305,596
122,1023,0,16,207,0,0,313,305,334,335,305,560,673,669,305,596
400,1023,0,224,1023,0,223,369,305,456,406,305,560,806,784,305,596
331,1023,0,106,1023,0,449,653,305,337,326,305,560,767,757,305,596
423,1023,0,214,1023,0,485,679,305,387,361,305,560,779,759,305,596
352,1023,0,226,1023,0,509,664,305,330,319,305,560,769,736,305,596
256,1023,0,100,1023,0,239,395,305,324,320,305,560,709,672,305,596
297,1023,0,135,1023,0,218,376,305,327,324,305,560,758,739,305,596
350,1023,0,181,1023,0,351,505,305,327,321,305,561,765,751,305,596
468,1023,0,259,1023,0,340,494,305,410,377,305,561,770,752,305,596
470,1023,0,397,1023,0,315,445,305,362,344,305,561,778,757,305,596
302,1023,0,231,1023,0,371,503,305,537,445,305,561,755,726,305,596
454,1023,0,185,1023,0,197,365,305,327,327,305,561,692,678,305,596
477,1023,0,162,1023,0,159,353,305,344,334,305,561,761,741,305,596
542,1023,0,372,1023,0,791,949,306,562,465,305,561,800,762,305,596
505,1023,0,230,1023,0,181,360,305,330,322,305,561,711,681,305,596
532,1023,0,557,1023,0,311,422,305,410,352,305,561,735,688,305,596
822,1023,0,443,1023,0,819,998,306,596,533,305,561,810,749,305,596
328,1023,0,159,1023,0,341,494,305,555,502,305,561,770,756,305,596
562,1023,0,316,1023,0,639,816,305,425,375,305,561,798,773,305,596
417,1023,0,300,1023,0,525,702,305,532,445,305,561,776,749,305,596
485,1023,0,261,1023,0,344,498,305,379,354,305,561,771,756,305,596
353,1023,0,163,1023,0,223,385,305,432,395,305,561,780,767,305,596
548,1023,0,331,1023,0,688,889,305,451,402,305,561,771,743,305,596
1003,1023,0,668,1023,0,315,394,305,617,531,305,561,879,840,305,596
344,1023,0,225,1023,0,740,913,305,506,431,305,561,770,753,305,596
659,1023,0,417,1023,0,664,827,305,465,373,305,561,798,733,305,596
295,1023,0,124,1023,0,788,987,306,551,508,305,561,743,726,305,596
331,1023,0,183,1023,0,264,408,305,361,339,305,561,747,728,305,596
353,1023,0,262,1023,0,401,560,305,450,393,305,561,719,686,305,596
473,1023,0,158,1023,0,209,366,305,343,329,305,561,764,736,305,596
437,1023,0,406,1023,0,571,737,305,393,348,305,561,743,713,305,596
432,1023,0,168,1023,0,345,507,305,327,326,305,561,760,752,305,596
548,1023,0,324,1023,0,427,609,305,334,329,305,561,770,751,305,596
302,1023,0,187,1023,0,185,365,305,399,371,305,561,775,759,305,596
473,1023,0,170,1023,0,397,569,305,393,360,305,561,770,751,305,596
395,1023,0,147,1023,0,237,388,305,330,321,305,561,759,746,305,596
358,1023,0,290,1023,0,374,535,305,378,350,305,561,784,759,305,596
379,1023,0,161,1023,0,498,696,305,369,351,305,561,776,762,305,596
277,1023,0,254,1023,0,428,580,305,326,318,305,561,756,706,305,596
290,1023,0,227,1023,0,290,444,305,343,333,305,561,767,756,305,596
300,1023,0,103,1023,0,230,387,305,314,314,305,561,745,731,305,596
389,1023,0,146,1023,0,550,756,305,343,332,305,561,782,767,305,596
387,1023,0,118,1023,0,182,349,305,323,315,305,561,753,743,305,596
580,1023,0,374,1023,0,642,804,305,429,372,305,561,737,702,305,596
414,1023,0,182,1023,0,614,817,305,455,413,305,561,663,653,305,596
363,1023,0,262,1023,0,252,389,305,389,360,305,561,771,758,305,600
260,1023,0,189,1023,0,623,805,305,493,420,305,561,761,716,305,600
362,1023,0,119,1023,0,533,737,305,341,332,305,561,760,747,305,600
279,1023,0,299,1023,0,852,995,306,639,525,305,561,775,722,305,600
376,1023,0,121,1023,0,290,431,305,314,313,305,561,721,701,305,600
278,1023,0,230,1023,0,291,425,305,324,317,305,562,709,672,305,600
376,1023,0,178,1023,0,349,516,305,331,320,305,562,772,761,305,600
504,1023,0,383,1023,0,728,912,305,481,416,305,562,792,765,305,600
455,1023,0,309,1023,0,442,610,305,403,358,305,562,762,745,305,600
823,1023,0,632,1023,0,342,438,305,377,338,305,562,876,845,305,600
464,1023,0,348,1023,0,297,427,305,368,346,305,562,770,745,305,600
639,1023,0,286,1023,0,702,866,305,474,386,305,562,844,776,305,600
358,1023,0,198,1023,0,240,389,305,345,331,305,562,739,718,305,600
309,1023,0,173,1023,0,676,879,305,524,480,305,562,770,758,305,600
392,1023,0,241,1023,0,444,626,305,332,323,305,562,781,760,305,600
322,1023,0,131,1023,0,583,789,305,462,424,305,562,752,737,305,600
365,1023,0,487,1023,0,621,787,305,497,437,305,562,796,767,305,600
396,1023,0,129,1023,0,691,886,305,456,405,305,562,723,708,305,600
251,1023,0,273,1023,0,363,489,305,597,494,305,562,771,739,305,600
424,1023,0,193,1023,0,690,885,305,439,396,305,562,754,734,305,600
426,1023,0,272,1023,0,274,404,305,543,484,305,562,818,802,305,600
421,1023,0,175,1023,0,339,496,305,325,317,305,562,780,766,305,600
1023,1023,0,1023,1023,0,530,699,305,434,352,305,562,877,787,305,600
379,1023,0,119,1023,0,183,363,305,313,313,305,562,719,699,305,600
238,1023,0,187,1023,0,242,383,305,603,531,305,562,755,722,305,600
465,1023,0,210,1023,0,192,357,305,378,354,305,562,756,742,305,600
300,1023,0,205,1023,0,429,602,305,322,318,305,562,729,693,305,600
277,1023,0,156,1023,0,235,381,305,347,329,305,562,772,763,305,600
387,1023,0,209,1023,0,619,803,305,398,367,305,562,772,754,305,600
397,1023,0,140,1023,0,162,351,305,325,320,305,562,733,726,305,600
471,1023,0,259,1023,0,602,791,305,522,460,305,562,798,770,305,600
434,1023,0,311,1023,0,570,761,305,362,342,305,562,754,736,305,600
397,1023,0,415,1023,0,521,700,305,371,347,305,562,829,802,305,600
397,1023,0,130,1023,0,549,749,305,347,333,305,562,758,740,305,600
398,1023,0,162,1023,0,233,369,305,363,344,305,562,775,758,305,600
473,1023,0,390,1023,0,545,732,305,337,328,305,562,761,746,305,600
391,1023,0,155,1023,0,470,663,305,334,321,305,562,701,678,305,600
351,1023,0,195,1023,0,541,734,305,357,337,305,562,774,755,305,600
322,1023,0,317,1023,0,733,902,305,487,411,305,562,763,742,305,600
491,1023,0,334,1023,0,270,422,305,367,346,305,563,794,764,305,605
498,1023,0,253,1023,0,289,408,305,364,338,305,563,820,747,305,605
418,1023,0,213,1023,0,240,394,305,327,323,305,563,769,735,305,605
415,1023,0,266,1023,0,164,349,305,335,328,305,563,815,788,305,605
585,1023,0,665,1023,0,710,892,305,598,463,305,563,849,798,305,605
371,1023,0,210,1023,0,173,350,305,328,325,305,563,766,745,305,605
650,1023,0,308,1023,0,755,937,306,530,451,305,563,834,799,305,605
366,1023,0,227,1023,0,324,450,305,405,368,305,563,773,737,305,605
528,1023,0,216,1023,0,264,372,305,367,342,305,563,789,768,305,605
411,1023,0,213,1023,0,570,763,305,395,357,305,563,775,756,305,605
489,1023,0,178,1023,0,286,439,305,335,327,305,563,780,766,305,605
751,1023,0,340,1023,0,404,509,305,506,428,305,563,833,763,305,605
418,1023,0,228,1023,0,276,427,305,373,353,305,563,781,760,305,605
376,1023,0,259,1023,0,414,582,305,322,315,305,563,741,717,305,605
381,1023,0,284,1023,0,206,367,305,335,329,305,563,770,744,305,605
317,1023,0,235,1023,0,581,756,305,360,331,305,563,777,748,305,605
904,1023,0,596,1023,0,383,487,305,426,338,305,563,791,723,305,605
333,1023,0,195,1023,0,204,370,305,313,311,305,563,757,739,305,605
325,1023,0,150,1023,0,549,758,305,347,340,305,563,747,735,305,605
342,1023,0,144,1023,0,296,450,305,362,347,305,563,746,727,305,605
203,1005,0,199,1023,0,726,902,305,536,455,305,563,763,735,305,605
360,1023,0,276,1023,0,352,484,305,405,364,305,563,709,685,305,605
303,1023,0,167,1023,0,447,648,305,334,335,305,563,743,723,305,605
386,1023,0,172,1023,0,373,546,305,373,362,305,563,765,740,305,605
469,1023,0,321,1023,0,772,914,306,573,455,305,563,760,721,305,605
424,1023,0,220,1023,0,445,628,305,350,335,305,563,778,756,305,605
384,1023,0,224,1023,0,380,549,305,392,368,305,563,769,741,305,605
381,1023,0,279,1023,0,740,885,305,487,389,305,563,758,706,305,605
397,1023,0,181,1023,0,672,862,305,419,375,305,563,692,661,305,605
367,1023,0,189,1023,0,492,688,305,336,333,305,563,774,763,305,605
468,1023,0,236,1023,0,246,377,305,395,364,305,563,779,752,305,605
503,1023,0,364,1023,0,567,746,305,429,378,305,563,791,763,305,605
427,1023,0,192,1023,0,244,387,305,385,352,305,563,763,718,305,605
451,1023,0,441,1023,0,369,492,305,335,321,305,563,804,767,305,605
521,1023,0,321,1023,0,569,758,305,401,366,305,563,793,776,305,605
565,1023,0,414,1023,0,386,524,305,343,330,305,563,783,753,305,605
385,1023,0,191,1023,0,416,598,305,320,319,305,563,764,750,305,605
373,1023,0,141,1023,0,635,834,305,392,365,305,563,726,701,305,605
981,1023,0,632,1023,0,584,790,305,490,383,305,563,811,737,305,605
354,1023,0,143,1023,0,283,441,305,393,380,305,563,776,764,305,605
333,1023,0,165,1023,0,622,822,305,381,357,305,563,756,717,305,605
1023,1023,0,1023,1023,0,502,629,305,667,542,305,563,958,881,305,605
450,1023,0,226,1023,0,584,780,305,409,378,305,563,788,771,305,605
1023,1023,0,793,1023,0,442,618,305,544,437,305,563,898,803,305,605
348,1023,0,225,1023,0,445,633,305,398,372,305,563,760,747,305,605
349,1023,0,368,1023,0,801,964,306,567,472,305,563,747,727,305,605
526,1023,0,270,1023,0,632,822,305,395,353,305,564,796,782,305,605
380,1023,0,161,1023,0,658,858,305,429,388,305,564,741,720,305,605
452,1023,0,339,1023,0,397,549,305,544,467,305,564,801,771,305,605
314,1023,0,137,1023,0,206,363,305,312,309,305,564,686,669,305,605
340,1023,0,318,1023,0,486,653,305,325,323,305,564,733,685,305,605
464,1023,0,181,1023,0,159,348,305,346,332,305,564,739,728,305,605
229,1023,0,141,1023,0,393,578,305,594,544,305,564,786,749,305,605
308,1023,0,310,1023,0,650,814,305,731,643,305,564,777,730,305,605
399,1023,0,131,1023,0,659,850,305,421,385,305,564,757,746,305,609
420,1023,0,233,1023,0,192,358,305,454,402,305,564,758,733,305,609
370,1023,0,304,1023,0,728,893,305,528,429,305,564,727,682,305,609
551,1023,0,471,1023,0,681,867,305,480,421,305,564,812,776,305,609
1023,1023,0,962,1023,0,733,894,305,569,460,305,564,908,838,305,609
606,1023,0,319,1023,0,378,539,305,350,335,305,564,766,734,305,609
298,1023,0,219,1023,0,286,417,305,489,418,305,564,752,734,305,609
356,1023,0,166,1023,0,268,407,305,381,356,305,564,758,732,305,609
361,1023,0,231,1023,0,408,570,305,512,432,305,564,727,702,305,609
435,1023,0,175,1023,0,349,512,305,333,328,305,564,777,755,305,609
441,1023,0,237,1023,0,203,359,305,333,320,305,564,776,758,305,609
397,1023,0,161,1023,0,373,546,305,326,321,305,564,735,723,305,609
367,1023,0,260,1023,0,827,991,306,611,528,305,564,732,681,305,609
344,1023,0,169,1023,0,324,478,305,318,313,305,564,758,735,305,609
389,1023,0,147,1023,0,421,609,305,319,322,305,564,770,752,305,609
438,1023,0,376,1023,0,374,519,305,441,385,305,564,790,765,305,609
441,1023,0,182,1023,0,521,728,305,343,331,305,564,746,733,305,609
386,1023,0,287,1023,0,326,476,305,320,315,305,564,786,763,305,609
332,1023,0,136,1023,0,335,500,305,317,316,305,564,755,743,305,609
365,1023,0,116,1023,0,426,614,305,326,316,305,564,762,750,305,609
515,1023,0,249,1023,0,240,394,305,337,331,305,564,751,737,305,609
352,1023,0,138,1023,0,274,426,305,300,311,305,564,725,713,305,609
339,1023,0,88,862,0,128,329,305,314,321,305,564,746,736,305,609
437,1023,0,230,1023,0,586,782,305,367,338,305,564,762,752,305,609
407,1023,0,200,1023,0,268,407,305,329,318,305,564,777,760,305,609
546,1023,0,380,1023,0,454,629,305,461,408,305,564,787,759,305,609
441,1023,0,224,1023,0,202,367,305,326,318,305,564,746,730,305,609
737,1023,0,588,1023,0,329,479,305,408,359,305,564,781,748,305,609
320,1023,0,169,1023,0,329,482,305,401,371,305,564,771,760,305,609
429,1023,0,246,1023,0,394,575,305,377,349,305,564,780,760,305,609
446,1023,0,383,1023,0,307,409,305,386,339,305,564,817,778,305,609
561,1023,0,220,1023,0,318,460,305,356,337,305,564,767,749,305,609
300,1023,0,203,1023,0,366,540,305,346,342,305,564,770,754,305,609
409,1023,0,213,1023,0,423,601,305,348,342,305,565,755,737,305,609
520,1023,0,261,1023,0,550,740,305,383,360,305,565,771,748,305,609
265,1023,0,168,1023,0,151,339,305,393,354,305,565,798,776,305,609
336,1023,0,178,1023,0,219,385,305,331,331,305,565,759,748,305,609
393,1023,0,266,1023,0,439,617,305,358,332,305,565,775,734,305,609
441,1023,0,211,1023,0,613,805,305,391,357,305,565,759,739,305,609
285,1023,0,173,1023,0,648,831,305,424,378,305,565,735,718,305,609
392,1023,0,317,1023,0,533,700,305,375,335,305,565,753,709,305,609
343,1023,0,128,1023,0,209,365,305,319,317,305,565,761,749,305,609
368,1023,0,137,1023,0,100,320,305,327,321,305,565,718,697,305,609
422,1023,0,219,1023,0,358,508,305,353,333,305,565,779,759,305,609
334,1023,0,194,1023,0,252,402,305,325,320,305,565,774,757,305,609
506,1023,0,226,1023,0,244,358,305,388,366,305,565,804,776,305,609
489,1023,0,237,1023,0,374,542,305,390,363,305,565,800,779,305,609
553,1023,0,686,1023,0,406,554,305,388,345,305,565,811,771,305,609
674,1023,0,350,1023,0,343,437,305,345,323,305,565,825,759,305,609
300,1023,0,276,1023,0,610,772,305,412,362,305,565,732,702,305,609
375,1023,0,179,1023,0,268,403,305,352,331,305,565,762,728,305,609
394,1023,0,232,1023,0,330,464,305,467,407,305,565,782,758,305,609
485,1023,0,279,1023,0,313,461,305,333,330,305,565,727,702,305,609
384,1023,0,189,1023,0,234,376,305,321,314,305,565,772,760,305,609
816,1023,0,570,1023,0,687,829,305,668,591,305,565,860,787,305,613
459,1023,0,210,1023,0,309,444,305,328,326,305,565,716,701,305,613
378,1023,0,190,1023,0,312,455,305,323,317,305,565,765,737,305,613
349,1023,0,164,1023,0,234,375,305,492,443,305,565,775,756,305,613
1023,1023,0,517,1023,0,599,726,305,453,360,305,565,868,773,305,613
370,1023,0,177,1023,0,241,388,305,361,337,305,565,765,752,305,613
421,1023,0,218,1023,0,250,388,305,341,324,305,565,768,730,305,613
245,1023,0,169,1023,0,470,653,305,624,569,305,565,840,812,305,613
458,1023,0,247,1023,0,375,534,305,387,346,305,565,757,737,305,613
407,1023,0,223,1023,0,326,471,305,359,339,305,565,766,744,305,613
390,1023,0,352,1023,0,737,914,305,507,439,305,565,791,765,305,613
519,1023,0,264,1023,0,617,786,305,559,504,305,565,777,747,305,613
385,1023,0,252,1023,0,289,430,305,383,359,305,565,755,728,305,613
506,1023,0,310,1023,0,193,367,305,378,355,305,565,787,756,305,613
362,1023,0,396,1023,0,470,643,305,427,384,305,565,749,720,305,613
487,1023,0,275,1023,0,459,625,305,386,346,305,565,794,769,305,613
370,1023,0,132,1023,0,147,340,305,310,312,305,565,716,701,305,613
728,1023,0,631,1023,0,490,633,305,612,507,305,565,840,796,305,613
553,1023,0,478,1023,0,757,927,306,524,440,305,565,822,795,305,613
336,1023,0,164,1023,0,369,544,305,321,323,305,565,727,709,305,613
312,1023,0,167,1023,0,298,455,305,331,324,305,565,747,731,305,613
360,1023,0,145,1023,0,374,545,305,324,315,305,566,715,684,305,613
507,1023,0,506,1023,0,409,582,305,354,334,305,566,819,786,305,613
264,1023,0,121,1023,0,180,351,305,328,326,305,566,758,743,305,613
449,1023,0,284,1023,0,181,352,305,391,359,305,566,755,707,305,613
358,1023,0,188,1023,0,174,355,305,367,352,305,566,762,744,305,613
263,1023,0,207,1023,0,670,839,305,695,616,305,566,740,714,305,613
281,1023,0,88,952,0,103,333,305,326,321,305,566,707,692,305,613
480,1023,0,253,1023,0,247,391,305,455,394,305,566,794,770,305,613
418,1023,0,231,1023,0,625,811,305,497,433,305,566,789,770,305,613
361,1023,0,120,1023,0,300,449,305,309,314,305,566,717,708,305,613
354,1023,0,144,1023,0,237,386,305,349,339,305,566,769,757,305,613
353,1023,0,168,1023,0,496,692,305,336,332,305,566,756,739,305,613
887,1023,0,479,1023,0,631,822,305,629,579,305,566,857,762,305,613
431,1023,0,179,1023,0,287,429,305,409,381,305,566,769,747,305,613
452,1023,0,265,1023,0,693,883,305,437,394,305,566,810,795,305,613
437,1023,0,243,1023,0,449,627,305,326,313,305,566,755,731,305,613
457,1023,0,170,1023,0,373,544,305,352,334,305,566,750,739,305,613
363,1023,0,179,1023,0,476,670,305,333,326,305,566,737,724,305,613
294,1023,0,116,1023,0,192,361,305,328,318,305,566,747,737,305,613
351,1023,0,217,1023,0,666,864,305,429,393,305,566,764,748,305,613
384,1023,0,146,1023,0,212,372,305,324,318,305,566,768,760,305,613
382,1023,0,161,1023,0,236,390,305,313,311,305,566,762,749,305,613
329,1023,0,118,1023,0,211,380,305,327,321,305,566,729,713,305,613
290,1023,0,146,1023,0,504,711,305,384,356,305,566,826,813,305,613
621,1023,0,501,1023,0,880,1023,306,680,587,305,566,835,811,305,613
461,1023,0,245,1023,0,630,813,305,448,391,305,566,778,757,305,613
432,1023,0,201,1023,0,446,628,305,332,324,305,566,743,721,305,617
344,1023,0,103,943,0,417,601,305,342,330,305,566,761,749,305,617
336,1023,0,118,1023,0,138,343,305,322,317,305,566,723,713,305,617
715,1023,0,387,1023,0,526,698,305,411,363,305,566,804,776,305,617
329,1023,0,300,1023,0,688,868,305,438,381,305,566,775,758,305,617
429,1023,0,278,1023,0,755,929,306,545,463,305,566,772,736,305,617
262,1023,0,332,1023,0,330,439,305,369,342,305,566,714,673,305,617
337,1023,0,211,1023,0,654,837,305,532,453,305,566,778,750,305,617
212,1023,0,183,1023,0,273,426,305,735,675,305,566,759,720,305,617
359,1023,0,175,1023,0,251,403,305,404,380,305,566,774,755,305,617
393,1023,0,289,1023,0,707,881,305,455,391,305,566,795,769,305,617
368,1023,0,191,1023,0,468,673,305,363,344,305,567,783,772,305,617
344,1023,0,171,1023,0,734,920,306,526,462,305,567,746,726,305,617
415,1023,0,195,1023,0,437,608,305,333,324,305,567,746,727,305,617
357,1023,0,146,1023,0,400,578,305,526,479,305,567,761,747,305,617
360,1023,0,139,1023,0,714,906,305,444,408,305,567,727,703,305,617
311,1023,0,164,1023,0,557,752,305,455,406,305,567,754,741,305,617
457,1023,0,306,1023,0,748,919,306,498,421,305,567,734,709,305,617
502,1023,0,254,1023,0,541,737,305,344,332,305,567,788,761,305,617
426,1023,0,214,1023,0,370,525,305,421,378,305,567,739,721,305,617
391,1023,0,280,1023,0,271,398,305,345,331,305,567,744,726,305,617
294,1023,0,109,1023,0,310,481,305,331,329,305,567,774,762,305,617
454,1023,0,235,1023,0,531,721,305,496,435,305,567,783,768,305,617
174,813,0,213,1023,0,642,807,305,708,624,305,567,773,740,305,617
340,1023,0,338,1023,0,601,785,305,572,474,305,567,777,757,305,617
380,1023,0,194,1023,0,390,578,305,361,345,305,567,774,755,305,617
436,1023,0,165,1023,0,296,438,305,348,334,305,567,742,732,305,617
426,1023,0,208,1023,0,538,731,305,356,339,305,567,766,745,305,617
580,1023,0,294,1023,0,301,410,305,371,341,305,567,827,802,305,617
426,1023,0,185,1023,0,381,548,305,361,347,305,567,740,720,305,617
383,1023,0,205,1023,0,286,420,305,318,315,305,567,675,654,305,617
736,1023,0,557,1023,0,750,911,305,568,483,305,567,829,785,305,617
435,1023,0,202,1023,0,535,729,305,382,361,305,567,758,739,305,617
306,1023,0,356,1023,0,309,414,305,517,407,305,567,765,724,305,617
380,1023,0,202,1023,0,735,912,305,485,413,305,567,744,712,305,617
382,1023,0,233,1023,0,832,1008,306,614,547,305,567,763,748,305,617
522,1023,0,298,1023,0,572,756,305,351,334,305,567,765,740,305,617
121,1023,0,18,225,0,3,319,305,325,321,305,567,704,702,305,617
369,1023,0,394,1023,0,429,569,305,342,326,305,567,777,743,305,617
367,1023,0,322,1023,0,516,678,305,649,558,305,567,766,705,305,617
536,1023,0,249,1023,0,552,749,305,372,350,305,567,791,778,305,617
132,1023,0,15,198,0,0,310,305,322,325,305,567,737,737,305,617
704,1023,0,451,1023,0,621,789,305,547,481,305,567,859,839,305,617
766,1023,0,493,1023,0,664,814,305,491,387,305,567,799,732,305,617
470,1023,0,279,1023,0,713,894,305,487,423,305,567,782,765,305,617
511,1023,0,245,1023,0,762,944,306,521,456,305,567,773,756,305,617
410,1023,0,139,1023,0,282,427,305,329,325,305,567,729,715,305,617
224,1023,0,195,1023,0,560,744,305,596,523,305,567,798,757,305,621
734,1023,0,518,1023,0,305,425,305,548,440,305,567,773,729,305,621
339,1023,0,151,1023,0,198,352,305,329,326,305,567,764,753,305,621
396,1023,0,205,1023,0,505,688,305,356,339,305,567,773,738,305,621
335,1023,0,193,1023,0,146,336,305,321,314,305,567,711,693,305,621
433,1023,0,257,1023,0,331,469,305,444,400,305,567,802,788,305,621
306,1023,0,188,1023,0,538,730,305,381,353,305,568,744,714,305,621
390,1023,0,214,1023,0,583,780,305,362,343,305,568,788,778,305,621
357,1023,0,190,1023,0,176,359,305,337,323,305,568,762,745,305,621
386,1023,0,76,671,0,96,327,305,519,467,305,568,560,507,305,621
497,1023,0,428,1023,0,739,903,305,530,441,305,568,801,750,305,621
822,1023,0,634,1023,0,756,919,306,587,441,305,568,863,784,305,621
368,1023,0,173,1023,0,424,607,305,336,323,305,568,752,740,305,621
442,1023,0,218,1023,0,341,492,305,335,336,305,568,773,749,305,621
449,1023,0,232,1023,0,378,544,305,328,326,305,568,780,768,305,621
382,1023,0,371,1023,0,367,495,305,389,346,305,568,780,721,305,621
614,1023,0,293,1023,0,543,736,305,368,338,305,568,814,788,305,621
434,1023,0,162,1023,0,210,377,305,335,330,305,568,779,767,305,621
513,1023,0,295,1023,0,258,395,305,349,336,305,568,781,758,305,621
409,1023,0,168,1023,0,219,378,305,323,318,305,568,764,744,305,621
255,1023,0,220,1023,0,313,419,305,512,413,305,568,768,725,305,621
1023,1023,0,525,1023,0,858,986,307,643,518,305,568,810,781,305,621
369,1023,0,244,1023,0,393,537,305,335,322,305,568,753,734,305,621
321,1023,0,119,1023,0,202,372,305,330,325,305,568,716,689,305,621
641,1023,0,302,1023,0,392,546,305,369,334,305,568,837,814,305,621
379,1023,0,148,1023,0,340,488,305,356,334,305,568,769,751,305,621
159,693,0,171,1023,0,726,897,305,747,675,305,568,772,735,305,621
379,1023,0,226,1023,0,405,568,305,367,340,305,568,729,710,305,621
365,1023,0,108,1023,0,458,661,305,345,331,305,568,775,761,305,621
474,1023,0,262,1023,0,216,368,305,422,377,305,568,766,732,305,621
431,1023,0,194,1023,0,247,393,305,333,321,305,568,756,743,305,621
729,1023,0,483,1023,0,763,950,306,571,513,305,568,872,823,305,621
477,1023,0,330,1023,0,341,496,305,363,343,305,568,785,772,305,621
366,1023,0,135,1023,0,472,672,305,333,327,305,568,755,737,305,621
264,1023,0,239,1023,0,814,976,306,585,494,305,568,755,730,305,621
587,1023,0,401,1023,0,260,390,305,352,330,305,568,802,768,305,621
289,1023,0,174,1023,0,438,643,305,328,324,305,568,748,735,305,621
389,1023,0,157,1023,0,442,638,305,336,328,305,568,735,716,305,621
395,1023,0,251,1023,0,322,474,305,506,447,305,568,779,736,305,621
356,1023,0,303,1023,0,255,397,305,358,335,305,568,774,753,305,621
349,1023,0,157,1023,0,231,377,305,343,327,305,568,760,743,305,621
433,1023,0,176,1023,0,524,725,305,347,335,305,568,777,760,305,621
578,1023,0,295,1023,0,423,588,305,466,402,305,568,772,723,305,621
376,1023,0,326,1023,0,256,383,305,351,325,305,568,779,747,305,621
529,1023,0,288,1023,0,305,443,305,361,340,305,568,830,814,305,621
430,1023,0,279,1023,0,647,835,305,610,558,305,568,775,755,305,621
335,1023,0,163,1023,0,714,902,305,465,411,305,568,776,764,305,621
263,1023,0,49,558,0,498,705,305,364,352,305,569,558,533,305,621
471,1023,0,191,1023,0,392,539,305,341,328,305,569,778,762,305,621
877,1023,0,437,1023,0,605,792,305,483,388,305,569,871,786,305,621
407,1023,0,290,1023,0,716,896,305,485,421,305,569,794,776,305,621
390,1023,0,269,1023,0,277,418,305,347,331,305,569,772,755,305,621
876,1023,0,656,1023,0,327,470,305,364,343,305,569,885,838,305,625
281,1023,0,101,1006,0,147,345,305,329,321,305,569,765,750,305,625
392,1023,0,200,1023,0,524,725,305,442,397,305,569,790,775,305,625
360,1023,0,180,1023,0,586,784,305,594,540,305,569,786,768,305,625
309,1023,0,201,1023,0,749,942,306,725,685,305,569,764,748,305,625
384,1023,0,224,1023,0,434,613,305,349,328,305,569,764,751,305,625
444,1023,0,201,1023,0,269,416,305,331,317,305,569,719,702,305,625
707,1023,0,476,1023,0,494,655,305,355,342,305,569,753,706,305,625
442,1023,0,330,1023,0,579,762,305,443,391,305,569,785,761,305,625
401,1023,0,137,1023,0,176,352,305,326,317,305,569,745,729,305,625
590,1023,0,319,1023,0,381,529,305,371,347,305,569,772,743,305,625
339,1023,0,153,1023,0,331,494,305,518,472,305,569,777,757,305,625
372,1023,0,155,1023,0,250,412,305,333,330,305,569,750,739,305,625
288,1023,0,269,1023,0,420,580,305,522,449,305,569,751,704,305,625
275,1023,0,167,1023,0,717,917,305,484,450,305,569,766,752,305,625
458,1023,0,468,1023,0,265,401,305,560,506,305,569,785,761,305,625
378,1023,0,247,1023,0,646,820,305,442,385,305,569,736,713,305,625
615,1023,0,362,1023,0,211,359,305,327,320,305,569,747,730,305,625
293,1023,0,196,1023,0,448,609,305,321,320,305,569,730,699,305,625
429,1023,0,130,1023,0,304,441,305,332,320,305,569,773,758,305,625
254,1023,0,222,1023,0,719,890,305,548,466,305,569,739,705,305,625
1023,1023,0,703,1023,0,569,743,305,496,380,305,569,870,773,305,625
1023,1023,0,1023,1023,0,441,514,305,663,528,305,569,979,897,305,625
367,1023,0,143,1023,0,157,341,305,320,315,305,569,766,753,305,625
336,1023,0,125,1023,0,596,809,305,365,354,305,569,774,760,305,625
437,1023,0,295,1023,0,285,438,305,357,335,305,569,794,774,305,625
349,1023,0,248,1023,0,272,422,305,468,410,305,569,765,732,305,625
429,1023,0,165,1023,0,284,426,305,314,317,305,569,767,741,305,625
347,1023,0,147,1023,0,476,671,305,473,428,305,569,768,755,305,625
443,1023,0,319,1023,0,282,412,305,331,320,305,569,796,770,305,625
370,1023,0,230,1023,0,260,393,305,497,434,305,569,786,741,305,625
120,982,0,28,337,0,83,330,305,541,527,305,569,657,652,305,625
1023,1023,0,991,1023,0,373,468,305,411,345,305,569,912,832,305,625
463,1023,0,418,1023,0,402,565,305,411,374,305,569,797,762,305,625
319,1023,0,334,1023,0,746,911,305,543,451,305,569,771,727,305,625
465,1023,0,359,1023,0,375,540,305,351,334,305,569,776,766,305,625
293,1023,0,100,944,0,142,337,305,305,313,305,569,760,751,305,625
473,1023,0,256,1023,0,770,947,306,519,452,305,569,784,753,305,625
381,1023,0,168,1023,0,185,355,305,351,334,305,569,751,726,305,625
486,1023,0,294,1023,0,216,356,305,335,321,305,570,786,770,305,625
574,1023,0,227,1023,0,459,629,305,354,339,305,570,769,751,305,625
288,1023,0,227,1023,0,621,794,305,379,343,305,570,770,726,305,625
547,1023,0,268,1023,0,577,758,305,372,343,305,570,827,802,305,625
480,1023,0,242,1023,0,351,477,305,356,334,305,570,817,792,305,625
426,1023,0,180,1023,0,389,551,305,321,314,305,570,763,746,305,625
338,1023,0,122,1023,0,166,353,305,362,352,305,570,749,744,305,625
374,1023,0,146,1023,0,485,686,305,356,335,305,570,765,752,305,625
351,1023,0,169,1023,0,684,881,305,446,401,305,570,739,726,305,625
413,1023,0,144,1023,0,185,369,305,367,348,305,570,700,677,305,625
393,1023,0,218,1023,0,661,849,305,533,472,305,570,788,766,305,625
491,1023,0,377,1023,0,351,507,305,393,369,305,570,781,759,305,625
444,1023,0,281,1023,0,384,552,305,395,361,305,570,786,772,305,625
408,1023,0,197,1023,0,174,348,305,318,316,305,570,737,720,305,629
453,1023,0,170,1023,0,294,436,305,355,335,305,570,763,736,305,629
408,1023,0,205,1023,0,508,707,305,360,344,305,570,719,698,305,629
436,1023,0,209,1023,0,412,577,305,316,319,305,570,699,668,305,629
299,1023,0,191,1023,0,530,716,305,380,347,305,570,696,646,305,629
468,1023,0,268,1023,0,694,877,305,426,381,305,570,741,727,305,629
282,1023,0,309,1023,0,593,754,305,396,350,305,570,758,717,305,629
378,1023,0,167,1023,0,379,548,305,321,321,305,570,757,737,305,629
465,1023,0,397,1023,0,210,371,305,377,354,305,570,740,723,305,629
445,1023,0,226,1023,0,256,393,305,337,330,305,570,768,752,305,629
366,1023,0,109,930,0,158,349,305,320,317,305,570,761,751,305,629
460,1023,0,210,1023,0,296,436,305,337,323,305,570,761,744,305,629
327,1023,0,117,1023,0,194,361,305,363,351,305,570,755,739,305,629
651,1023,0,384,1023,0,526,702,305,371,342,305,570,773,745,305,629
308,1023,0,120,1023,0,634,843,305,390,362,305,570,697,685,305,629
648,1023,0,361,1023,0,422,582,305,368,348,305,570,781,756,305,629
360,1023,0,284,1023,0,313,450,305,377,341,305,570,707,675,305,629
511,1023,0,168,1023,0,325,473,305,367,349,305,570,764,741,305,629
449,1023,0,366,1023,0,416,597,305,347,334,305,570,787,767,305,629
624,1023,0,427,1023,0,710,892,305,540,473,305,570,846,799,305,629
334,1023,0,161,1023,0,291,446,305,358,343,305,570,754,728,305,629
480,1023,0,171,1023,0,274,411,305,331,324,305,570,758,738,305,629
320,1023,0,179,1023,0,469,670,305,334,330,305,570,764,750,305,629
291,1023,0,131,1023,0,202,367,305,351,342,305,570,730,721,305,629
325,1023,0,313,1023,0,590,762,305,358,343,305,570,734,687,305,629
780,1023,0,474,1023,0,772,945,306,571,482,305,570,860,786,305,629
496,1023,0,377,1023,0,248,378,305,457,404,305,570,774,747,305,629
579,1023,0,257,1023,0,622,807,305,388,352,305,571,828,807,305,629
460,1023,0,198,1023,0,450,639,305,339,329,305,571,782,765,305,629
351,1023,0,202,1023,0,669,878,305,483,440,305,571,773,759,305,629
372,1023,0,260,1023,0,271,418,305,356,338,305,571,773,755,305,629
509,1023,0,355,1023,0,532,719,305,446,407,305,571,785,758,305,629
574,1023,0,282,1023,0,702,866,305,458,380,305,571,831,802,305,629
481,1023,0,159,1023,0,312,462,305,310,317,305,571,764,734,305,629
380,1023,0,250,1023,0,320,488,305,336,327,305,571,789,775,305,629
422,1023,0,227,1023,0,248,397,305,438,396,305,571,751,730,305,629
579,1023,0,383,1023,0,331,473,305,346,329,305,571,803,752,305,629
281,1023,0,168,1023,0,302,452,305,313,313,305,571,737,720,305,629
380,1023,0,167,1023,0,583,781,305,581,530,305,571,771,758,305,629
519,1023,0,357,1023,0,332,471,305,408,368,305,571,760,741,305,629
442,1023,0,342,1023,0,713,894,305,454,404,305,571,804,787,305,629
380,1023,0,169,1023,0,536,734,305,346,334,305,571,753,739,305,629
377,1023,0,197,1023,0,217,374,305,318,313,305,571,754,722,305,629
405,1023,0,167,1023,0,244,399,305,325,319,305,571,776,756,305,633
479,1023,0,233,1023,0,554,736,305,349,329,305,571,748,718,305,633
306,1023,0,160,1023,0,327,479,305,318,316,305,571,730,714,305,633
747,1023,0,434,1023,0,335,453,305,398,352,305,571,821,803,305,633
402,1023,0,273,1023,0,678,862,305,453,398,305,571,797,778,305,633
315,1023,0,145,1023,0,564,759,305,350,331,305,571,760,745,305,633
354,1023,0,420,1023,0,432,583,305,371,343,305,571,775,735,305,633
531,1023,0,329,1023,0,217,368,305,387,357,305,571,768,746,305,633
314,1023,0,265,1023,0,456,636,305,563,484,305,571,736,714,305,633
478,1023,0,201,1023,0,171,350,305,337,326,305,571,792,773,305,633
413,1023,0,414,1023,0,350,481,305,396,352,305,571,780,745,305,633
411,1023,0,249,1023,0,209,368,305,374,344,305,571,763,750,305,633
355,1023,0,123,1023,0,174,350,305,355,335,305,571,757,743,305,633
422,1023,0,213,1023,0,356,512,305,338,333,305,571,753,731,305,633
367,1023,0,141,1023,0,249,404,305,329,322,305,571,741,733,305,633
485,1023,0,263,1023,0,216,378,305,332,324,305,571,746,733,305,633
362,1023,0,122,1023,0,316,464,305,390,372,305,571,738,719,305,633
366,1023,0,133,1023,0,345,513,305,325,319,305,571,756,742,305,633
437,1023,0,416,1023,0,604,774,305,410,355,305,571,735,707,305,633
404,1023,0,178,1023,0,535,730,305,364,342,305,571,768,753,305,633
365,1023,0,127,1023,0,271,426,305,336,328,305,571,749,729,305,633
508,1023,0,231,1023,0,313,448,305,397,366,305,571,770,751,305,633
440,1023,0,311,1023,0,334,489,305,350,335,305,571,751,715,305,633
357,1023,0,151,1023,0,636,828,305,407,370,305,571,757,730,305,633
313,1023,0,182,1023,0,630,818,305,522,457,305,571,726,700,305,633
292,1023,0,130,1023,0,352,527,305,316,317,305,571,725,711,305,633
403,1023,0,238,1023,0,291,447,305,351,329,305,571,775,763,305,633
745,1023,0,338,1023,0,452,594,305,371,336,305,571,841,803,305,633
369,1023,0,110,1023,0,347,507,305,323,322,305,571,744,728,305,633
291,1023,0,313,1023,0,691,852,305,524,427,305,571,805,753,305,633
326,1023,0,182,1023,0,397,576,305,325,322,305,571,743,709,305,633
365,1023,0,202,1023,0,215,378,305,718,650,305,572,793,765,305,633
415,1023,0,155,1023,0,365,534,305,329,330,305,572,762,752,305,633
83,745,0,20,270,0,103,332,305,368,367,305,572,622,623,305,633
518,1023,0,282,1023,0,195,366,305,322,317,305,572,753,723,305,633
568,1023,0,292,1023,0,385,553,305,384,358,305,572,786,760,305,633
455,1023,0,206,1023,0,234,392,305,349,338,305,572,762,747,305,633
442,1023,0,171,1023,0,345,514,305,358,342,305,572,755,733,305,633
477,1023,0,273,1023,0,409,556,305,467,389,305,572,788,754,305,633
364,1023,0,229,1023,0,374,520,305,336,319,305,572,761,721,305,633
711,1023,0,463,1023,0,464,629,305,360,333,305,572,833,765,305,633
666,1023,0,388,1023,0,691,888,305,463,416,305,572,826,806,305,633
361,1023,0,93,965,0,244,405,305,309,310,305,572,747,735,305,633
394,1023,0,195,1023,0,475,664,305,347,329,305,572,770,743,305,633
429,1023,0,219,1023,0,565,762,305,348,335,305,572,772,745,305,633
251,1023,0,223,1023,0,267,401,305,359,338,305,572,745,715,305,633
298,1023,0,102,1000,0,154,346,305,322,317,305,572,745,734,305,633
338,1023,0,123,1023,0,227,395,305,367,348,305,572,754,732,305,633
551,1023,0,322,1023,0,275,397,305,480,408,305,572,795,769,305,633
575,1023,0,497,1023,0,414,552,305,482,412,305,572,778,742,305,637
323,1023,0,337,1023,0,339,466,305,420,368,305,572,771,729,305,637
601,1023,0,575,1023,0,477,631,305,358,329,305,572,844,817,305,637
387,1023,0,327,1023,0,305,453,305,420,378,305,572,783,750,305,637
421,1023,0,310,1023,0,269,396,305,406,350,305,572,762,740,305,637
342,1023,0,165,1023,0,290,430,305,320,314,305,572,722,707,305,637
474,1023,0,135,1023,0,279,423,305,333,318,305,572,738,721,305,637
434,1023,0,201,1023,0,227,377,305,362,344,305,572,779,761,305,637
410,1023,0,190,1023,0,309,459,305,353,340,305,572,785,765,305,637
520,1023,0,233,1023,0,188,349,305,322,321,305,572,779,754,305,637
305,1023,0,185,1023,0,275,395,305,581,491,305,572,734,697,305,637
287,1023,0,113,1023,0,253,407,305,320,321,305,572,708,695,305,637
384,1023,0,183,1023,0,690,872,305,442,395,305,572,768,750,305,637
406,1023,0,224,1023,0,415,584,305,442,391,305,572,794,772,305,637
596,1023,0,272,1023,0,320,468,305,371,345,305,572,762,742,305,637
474,1023,0,299,1023,0,440,601,305,339,326,305,572,801,775,305,637
416,1023,0,159,1023,0,269,424,305,334,323,305,572,758,749,305,637
449,1023,0,247,1023,0,467,656,305,337,321,305,572,772,749,305,637
438,1023,0,201,1023,0,294,442,305,342,328,305,572,784,766,305,637
702,1023,0,359,1023,0,391,524,305,368,337,305,572,805,784,305,637
566,1023,0,292,1023,0,783,949,306,559,475,305,572,817,796,305,637
383,1023,0,265,1023,0,647,823,305,393,359,305,572,735,690,305,637
364,1023,0,210,1023,0,654,848,305,411,378,305,572,765,750,305,637
337,1023,0,162,1023,0,589,791,305,414,375,305,572,754,728,305,637
327,1023,0,318,1023,0,385,506,305,509,405,305,572,805,771,305,637
418,1023,0,177,1023,0,438,616,305,337,325,305,572,754,728,305,637
252,1023,0,190,1023,0,439,613,305,702,642,305,572,750,727,305,637
1023,1023,0,830,1023,0,856,1005,306,686,565,305,572,891,829,305,637
480,1023,0,228,1023,0,193,365,305,334,324,305,572,729,708,305,637
395,1023,0,216,1023,0,240,379,305,530,459,305,572,765,744,305,637
442,1023,0,161,1023,0,425,621,305,322,321,305,572,756,745,305,637
379,1023,0,278,1023,0,347,474,305,350,332,305,572,697,679,305,637
676,1023,0,290,1023,0,242,402,305,332,327,305,573,778,760,305,637
386,1023,0,206,1023,0,253,406,305,340,328,305,573,766,747,305,637
453,1023,0,387,1023,0,764,921,306,546,442,305,573,791,755,305,637
429,1023,0,178,1023,0,517,718,305,354,335,305,573,797,777,305,637
380,1023,0,205,1023,0,480,681,305,365,353,305,573,786,774,305,637
523,1023,0,347,1023,0,370,505,305,471,387,305,573,772,731,305,637
324,1023,0,180,1023,0,403,590,305,336,321,305,573,763,745,305,637
351,1023,0,96,990,0,150,341,305,321,319,305,573,753,737,305,637
1023,1023,0,1023,1023,0,704,847,305,562,410,305,573,923,842,305,637
357,1023,0,274,1023,0,581,771,305,366,344,305,573,778,762,305,637
374,1023,0,133,1023,0,276,425,305,322,319,305,573,768,757,305,637
419,1023,0,242,1023,0,460,648,305,431,391,305,573,759,737,305,637
421,1023,0,177,1023,0,224,372,305,672,645,305,573,786,761,305,637
731,1023,0,676,1023,0,676,829,305,623,526,305,573,830,803,305,637
325,1023,0,165,1023,0,442,644,305,335,329,305,573,760,742,305,637
471,1023,0,262,1023,0,357,509,305,352,335,305,573,768,752,305,637
284,1023,0,113,1023,0,503,715,305,331,324,305,573,755,749,305,637
393,1023,0,390,1023,0,712,871,305,690,596,305,573,769,725,305,637
1023,1023,0,1023,1023,0,851,989,306,642,520,305,573,902,828,305,637
482,1023,0,219,1023,0,247,389,305,335,325,305,573,729,707,305,637
305,1023,0,135,1023,0,95,332,305,373,364,305,573,760,746,305,637
400,1023,0,479,1023,0,306,418,305,348,327,305,573,808,754,305,637
328,1023,0,110,1023,0,206,373,305,333,319,305,573,747,737,305,637
371,1023,0,122,1023,0,556,756,305,377,350,305,573,752,734,305,637
422,1023,0,254,1023,0,636,832,305,372,355,305,573,748,735,305,637
529,1023,0,259,1023,0,347,503,305,346,335,305,573,777,752,305,642
1023,1023,0,840,1023,0,723,851,305,594,477,305,573,740,661,305,642
713,1023,0,407,1023,0,708,869,305,568,458,305,573,840,805,305,642
368,1023,0,198,1023,0,361,524,305,341,333,305,573,767,754,305,642
428,1023,0,258,1023,0,178,347,305,441,400,305,573,765,745,305,642
370,1023,0,181,1023,0,532,734,305,345,337,305,573,782,766,305,642
371,1023,0,164,1023,0,381,543,305,381,351,305,573,766,750,305,642
342,1023,0,140,1023,0,366,549,305,348,334,305,573,758,744,305,642
423,1023,0,245,1023,0,661,852,305,512,445,305,573,785,759,305,642
418,1023,0,206,1023,0,259,403,305,364,351,305,573,759,739,305,642
346,1023,0,195,1023,0,259,409,305,328,322,305,573,773,752,305,642
451,1023,0,216,1023,0,712,902,305,459,409,305,573,777,757,305,642
370,1023,0,164,1023,0,315,479,305,371,357,305,573,773,750,305,642
298,1023,0,109,1023,0,501,713,305,341,330,305,573,735,727,305,642
367,1023,0,157,1023,0,159,346,305,370,349,305,573,740,714,305,642
1023,1023,0,719,1023,0,383,521,305,442,381,305,573,834,764,305,642
395,1023,0,216,1023,0,557,749,305,439,388,305,573,784,762,305,642
258,1023,0,269,1023,0,799,971,306,587,514,305,573,741,713,305,642
360,1023,0,192,1023,0,299,446,305,411,376,305,573,772,757,305,642
567,1023,0,328,1023,0,505,701,305,374,339,305,573,823,791,305,642
369,1023,0,187,1023,0,491,688,305,348,333,305,573,768,749,305,642
390,1023,0,201,1023,0,756,942,306,506,448,305,573,661,633,305,642
441,1023,0,357,1023,0,516,690,305,397,357,305,573,798,775,305,642
489,1023,0,414,1023,0,724,891,305,567,472,305,573,788,727,305,642
282,1023,0,247,1023,0,637,824,305,413,369,305,574,761,728,305,642
391,1023,0,368,1023,0,209,370,305,380,360,305,574,762,744,305,642
438,1023,0,235,1023,0,524,716,305,360,339,305,574,794,770,305,642
353,1023,0,135,1023,0,566,765,305,359,340,305,574,768,759,305,642
367,1023,0,137,1023,0,494,692,305,358,346,305,574,758,746,305,642
438,1023,0,187,1023,0,636,820,305,393,358,305,574,786,767,305,642
283,1023,0,302,1023,0,325,462,305,499,421,305,574,721,670,305,642
362,1023,0,167,1023,0,305,436,305,596,510,305,574,729,715,305,642
1023,1023,0,801,1023,0,370,495,305,461,371,305,574,820,788,305,642
480,1023,0,293,1023,0,720,910,305,494,442,305,574,748,733,305,642
371,1023,0,196,1023,0,737,905,305,524,431,305,574,742,708,305,642
333,1023,0,138,1023,0,469,666,305,372,356,305,574,744,736,305,642
351,1023,0,136,1023,0,282,437,305,323,316,305,574,767,752,305,642
491,1023,0,175,1023,0,391,568,305,320,322,305,574,766,750,305,642
326,1023,0,245,1023,0,692,869,305,483,408,305,574,784,767,305,642
333,1023,0,168,1023,0,640,841,305,445,400,305,574,767,754,305,642
402,1023,0,193,1023,0,404,574,305,399,365,305,574,768,757,305,642
368,1023,0,192,1023,0,410,587,305,389,355,305,574,769,755,305,642
343,1023,0,230,1023,0,251,396,305,621,558,305,574,768,751,305,642
782,1023,0,312,1023,0,371,484,305,381,350,305,574,822,765,305,642
801,1023,0,694,1023,0,265,361,305,641,514,305,574,838,755,305,642
380,1023,0,216,1023,0,240,386,305,329,316,305,574,750,723,305,642
460,1023,0,239,1023,0,747,937,306,503,447,305,574,735,711,305,642
474,1023,0,220,1023,0,216,377,305,357,335,305,574,780,749,305,646
741,1023,0,526,1023,0,520,714,305,425,364,305,574,841,795,305,646
379,1023,0,229,1023,0,564,746,305,404,360,305,574,722,702,305,646
380,1023,0,369,1023,0,350,493,305,729,654,305,574,806,767,305,646
350,1023,0,232,1023,0,497,688,305,519,468,305,574,784,761,305,646
276,1023,0,204,1023,0,400,555,305,322,315,305,574,743,720,305,646
227,1023,0,153,1023,0,770,943,306,519,443,305,574,757,748,305,646
427,1023,0,228,1023,0,190,348,305,346,335,305,574,784,759,305,646
321,1023,0,217,1023,0,531,723,305,552,482,305,574,753,708,305,646
179,820,0,331,1023,0,635,779,305,689,573,305,574,810,760,305,646
408,1023,0,149,1023,0,215,378,305,321,322,305,574,758,733,305,646
304,1023,0,241,1023,0,271,411,305,468,404,305,574,748,714,305,646
397,1023,0,186,1023,0,327,489,305,346,333,305,574,749,729,305,646
383,1023,0,314,1023,0,404,558,305,328,317,305,574,732,694,305,646
619,1023,0,348,1023,0,469,637,305,343,323,305,574,803,788,305,646
486,1023,0,160,1023,0,334,496,305,326,321,305,574,767,756,305,646
28,267,0,5,70,0,0,312,305,494,497,305,574,585,586,305,646
573,1023,0,522,1023,0,821,986,306,724,621,305,574,818,773,305,646
334,1023,0,130,1023,0,151,344,305,328,318,305,574,741,730,305,646
916,1023,0,468,1023,0,720,908,305,503,420,305,574,854,810,305,646
361,1023,0,202,1023,0,183,354,305,322,315,305,574,694,685,305,646
487,1023,0,368,1023,0,619,790,305,480,405,305,574,756,730,305,646
313,1023,0,237,1023,0,174,350,305,373,350,305,575,751,739,305,646
495,1023,0,264,1023,0,395,559,305,374,351,305,575,777,759,305,646
339,1023,0,129,1023,0,312,475,305,352,338,305,575,772,760,305,646
375,1023,0,134,1023,0,237,395,305,342,328,305,575,741,723,305,646
971,1023,0,650,1023,0,536,700,305,414,346,305,575,890,828,305,646
384,1023,0,153,1023,0,191,372,305,334,327,305,575,752,727,305,646
304,1023,0,232,1023,0,247,400,305,718,655,305,575,761,734,305,646
562,1023,0,457,1023,0,702,875,305,493,416,305,575,792,757,305,646
466,1023,0,220,1023,0,194,351,305,384,360,305,575,744,723,305,646
417,1023,0,400,1023,0,672,834,305,447,367,305,575,798,729,305,646
633,1023,0,390,1023,0,622,826,305,429,370,305,575,833,774,305,646
492,1023,0,224,1023,0,595,785,305,425,385,305,575,774,758,305,646
420,1023,0,159,1023,0,175,345,305,393,366,305,575,758,743,305,646
443,1023,0,170,1023,0,613,812,305,381,357,305,575,777,764,305,646
369,1023,0,215,1023,0,438,604,305,400,356,305,575,768,744,305,646
320,1023,0,166,1023,0,167,351,305,322,319,305,575,713,685,305,646
370,1023,0,211,1023,0,544,747,305,341,335,305,575,771,759,305,646
513,1023,0,214,1023,0,475,654,305,359,336,305,575,777,748,305,646
586,1023,0,541,1023,0,772,931,306,610,449,305,575,847,801,305,646
423,1023,0,218,1023,0,253,391,305,335,321,305,575,769,754,305,646
295,1023,0,158,1023,0,150,344,305,325,315,305,575,748,728,305,646
338,1023,0,173,1023,0,603,806,305,376,355,305,575,770,744,305,646
559,1023,0,465,1023,0,431,587,305,422,367,305,575,801,761,305,650
366,1023,0,163,1023,0,355,527,305,332,320,305,575,770,757,305,650
361,1023,0,121,1023,0,562,766,305,351,337,305,575,764,757,305,650
464,1023,0,496,1023,0,736,895,305,486,402,305,575,710,665,305,650
489,1023,0,224,1023,0,355,520,305,383,355,305,575,796,777,305,650
417,1023,0,288,1023,0,431,612,305,310,321,305,575,750,728,305,650
355,1023,0,141,1023,0,208,364,305,319,315,305,575,733,719,305,650
283,1023,0,115,1023,0,207,376,305,338,334,305,575,746,736,305,650
357,1023,0,221,1023,0,245,389,305,392,371,305,575,788,758,305,650
371,1023,0,162,1023,0,712,893,305,469,406,305,575,750,738,305,650
347,1023,0,136,1023,0,468,670,305,342,333,305,575,761,752,305,650
258,1023,0,111,1023,0,219,388,305,317,318,305,575,754,737,305,650
293,1023,0,178,1023,0,398,570,305,317,317,305,575,717,700,305,650
474,1023,0,250,1023,0,614,797,305,380,348,305,575,752,731,305,650
210,992,0,251,1023,0,672,846,305,733,668,305,575,760,730,305,650
403,1023,0,389,1023,0,398,541,305,365,345,305,575,764,739,305,650
348,1023,0,275,1023,0,562,735,305,400,356,305,576,779,749,305,650
372,1023,0,138,1023,0,533,737,305,364,349,305,576,761,746,305,650
424,1023,0,180,1023,0,297,439,305,364,348,305,576,768,748,305,650
442,1023,0,225,1023,0,499,694,305,342,324,305,576,783,764,305,650
395,1023,0,194,1023,0,280,416,305,360,340,305,576,770,755,305,650
393,1023,0,348,1023,0,391,538,305,330,327,305,576,768,746,305,650
355,1023,0,188,1023,0,600,797,305,389,357,305,576,620,574,305,650
319,1023,0,102,1023,0,553,759,305,361,348,305,576,710,702,305,650
528,1023,0,245,1023,0,296,434,305,339,327,305,576,734,713,305,650
465,1023,0,210,1023,0,361,513,305,347,327,305,576,788,770,305,650
396,1023,0,245,1023,0,472,634,305,426,373,305,576,776,734,305,650
403,1023,0,159,1023,0,617,819,305,367,349,305,576,730,709,305,650
430,1023,0,219,1023,0,370,540,305,332,329,305,576,781,747,305,650
904,1023,0,611,1023,0,628,811,305,526,411,305,576,931,894,305,650
265,1023,0,148,1023,0,449,658,305,339,332,305,576,771,753,305,650
323,1023,0,147,1023,0,275,434,305,336,328,305,576,762,747,305,650
400,1023,0,143,1023,0,257,400,305,323,320,305,576,771,759,305,650
340,1023,0,286,1023,0,369,491,305,324,315,305,576,786,759,305,650
304,1023,0,178,1023,0,432,616,305,348,337,305,576,736,710,305,650
677,1023,0,427,1023,0,747,937,306,521,456,305,576,831,768,305,650
296,1023,0,99,1023,0,148,341,305,324,319,305,576,750,739,305,650
354,1023,0,195,1023,0,495,687,305,353,334,305,576,777,763,305,650
243,1023,0,218,1023,0,351,491,305,318,311,305,576,706,680,305,650
417,1023,0,313,1023,0,551,744,305,348,332,305,576,757,725,305,654
972,1023,0,630,1023,0,460,629,305,411,351,305,576,887,835,305,654
381,1023,0,223,1023,0,660,851,305,481,424,305,576,777,740,305,654
505,1023,0,329,1023,0,885,1023,306,671,589,305,576,737,711,305,654
583,1023,0,598,1023,0,349,456,305,569,503,305,576,855,821,305,654
472,1023,0,255,1023,0,252,410,305,325,329,305,576,808,779,305,654
554,1023,0,353,1023,0,834,1002,306,638,565,305,576,819,787,305,654
402,1023,0,258,1023,0,622,803,305,441,384,305,576,706,688,305,654
462,1023,0,162,1023,0,266,412,305,369,351,305,576,701,680,305,654
611,1023,0,347,1023,0,339,431,305,358,331,305,576,850,798,305,654
446,1023,0,162,1023,0,586,786,305,369,353,305,576,783,764,305,654
394,1023,0,246,1023,0,636,824,305,415,370,305,576,753,713,305,654
473,1023,0,318,1023,0,567,749,305,399,360,305,576,817,787,305,654
444,1023,0,338,1023,0,361,509,305,336,327,305,576,698,671,305,654
424,1023,0,294,1023,0,434,609,305,376,354,305,576,806,791,305,654
358,1023,0,170,1023,0,338,474,305,552,523,305,576,774,760,305,654
388,1023,0,157,1023,0,382,565,305,434,393,305,576,753,740,305,654
332,1023,0,108,1023,0,314,480,305,329,320,305,576,766,751,305,654
296,1023,0,204,1023,0,686,852,305,425,360,305,576,728,693,305,654
404,1023,0,218,1023,0,277,417,305,328,316,305,576,702,679,305,654
347,1023,0,162,1023,0,331,499,305,328,323,305,576,752,739,305,654
353,1023,0,239,1023,0,372,519,305,381,358,305,576,749,729,305,654
329,1023,0,303,1023,0,882,1023,307,675,583,305,577,820,773,305,654
476,1023,0,198,1023,0,755,937,306,535,462,305,577,755,727,305,654
384,1023,0,277,1023,0,218,365,305,349,330,305,577,770,755,305,654
367,1023,0,140,1023,0,586,793,305,341,337,305,577,763,747,305,654
648,1023,0,310,1023,0,822,967,306,597,483,305,577,808,742,305,654
374,1023,0,186,1023,0,398,576,305,320,318,305,577,741,733,305,654
442,1023,0,268,1023,0,560,751,305,622,594,305,577,802,781,305,654
388,1023,0,196,1023,0,313,457,305,385,358,305,577,779,757,305,654
430,1023,0,223,1023,0,380,558,305,360,342,305,577,778,763,305,654
390,1023,0,189,1023,0,589,785,305,379,350,305,577,769,751,305,654
418,1023,0,214,1023,0,338,487,305,350,339,305,577,773,745,305,654
358,1023,0,155,1023,0,165,343,305,316,312,305,577,746,729,305,654
526,1023,0,429,1023,0,617,788,305,399,368,305,577,764,727,305,654
381,1023,0,178,1023,0,557,764,305,363,339,305,577,775,764,305,654
504,1023,0,147,1023,0,331,478,305,329,318,305,577,776,760,305,654
436,1023,0,311,1023,0,321,473,305,341,328,305,577,770,755,305,654
332,1023,0,125,1023,0,290,443,305,315,313,305,577,763,752,305,654
541,1023,0,375,1023,0,618,802,305,408,369,305,577,782,760,305,654
311,1023,0,259,1023,0,745,894,305,589,473,305,577,700,679,305,654
433,1023,0,242,1023,0,528,720,305,347,335,305,577,778,762,305,654
417,1023,0,250,1023,0,320,466,305,401,364,305,577,758,733,305,654
333,1023,0,205,1023,0,315,458,305,331,320,305,577,705,666,305,654
351,1023,0,124,1023,0,592,797,305,373,354,305,577,771,756,305,654
401,1023,0,250,1023,0,300,456,305,351,336,305,577,759,737,305,654
406,1023,0,256,1023,0,458,631,305,321,314,305,577,717,696,305,654
604,1023,0,338,1023,0,285,431,305,474,418,305,577,782,751,305,654
444,1023,0,436,1023,0,457,630,305,353,328,305,577,794,758,305,654
296,1023,0,153,1023,0,375,538,305,626,574,305,577,755,732,305,658
378,1023,0,173,1023,0,389,567,305,347,337,305,577,752,741,305,658
728,1023,0,642,1023,0,303,436,305,495,421,305,577,853,826,305,658
398,1023,0,167,1023,0,244,394,305,320,315,305,577,766,734,305,658
527,1023,0,217,1023,0,239,362,305,333,324,305,577,825,792,305,658
651,1023,0,294,1023,0,567,770,305,392,347,305,577,827,772,305,658
357,1023,0,151,1023,0,482,680,305,376,364,305,577,769,755,305,658
428,1023,0,209,1023,0,450,639,305,418,375,305,577,768,742,305,658
496,1023,0,371,1023,0,493,669,305,404,364,305,577,797,757,305,658
278,1023,0,116,1023,0,479,682,305,336,327,305,577,754,743,305,658
397,1023,0,176,1023,0,250,394,305,442,399,305,577,768,729,305,658
480,1023,0,522,1023,0,364,511,305,641,527,305,577,770,738,305,658
413,1023,0,310,1023,0,589,781,305,389,362,305,577,772,756,305,658
328,1023,0,143,1023,0,277,426,305,323,315,305,577,677,660,305,658
326,1023,0,153,1023,0,263,424,305,332,323,305,577,767,758,305,658
204,1023,0,197,1023,0,441,613,305,417,374,305,577,754,707,305,658
652,1023,0,529,1023,0,528,722,305,420,368,305,577,845,802,305,658
382,1023,0,194,1023,0,197,366,305,352,341,305,577,772,751,305,658
1023,1023,0,1023,1023,0,838,937,306,679,522,305,577,857,770,305,658
439,1023,0,257,1023,0,761,942,306,531,461,305,577,704,686,305,658
502,1023,0,406,1023,0,201,359,305,329,323,305,578,782,758,305,658
349,1023,0,118,1023,0,207,369,305,317,316,305,578,700,683,305,658
330,1023,0,269,1023,0,311,432,305,419,365,305,578,687,653,305,658
404,1023,0,284,1023,0,312,459,305,325,322,305,578,779,748,305,658
226,1023,0,133,1023,0,222,382,305,322,323,305,578,768,760,305,658
404,1023,0,333,1023,0,352,481,305,323,322,305,578,759,734,305,658
444,1023,0,364,1023,0,591,780,305,355,342,305,578,798,769,305,658
364,1023,0,236,1023,0,580,770,305,414,379,305,578,771,745,305,658
423,1023,0,201,1023,0,523,721,305,338,327,305,578,740,721,305,658
300,1023,0,128,1023,0,428,629,305,347,332,305,578,770,763,305,658
523,1023,0,290,1023,0,638,811,305,473,408,305,578,794,772,305,658
393,1023,0,266,1023,0,564,758,305,404,366,305,578,803,775,305,658
297,1023,0,334,1023,0,737,901,305,609,518,305,578,749,702,305,658
498,1023,0,279,1023,0,402,569,305,343,335,305,578,788,758,305,658
487,1023,0,273,1023,0,488,673,305,353,333,305,578,797,783,305,658
385,1023,0,230,1023,0,389,540,305,369,336,305,578,721,690,305,658
361,1023,0,203,1023,0,369,537,305,381,359,305,578,754,740,305,658
424,1023,0,218,1023,0,242,389,305,344,336,305,578,779,761,305,662
288,1023,0,341,1023,0,313,432,305,468,383,305,578,746,705,305,662
434,1023,0,211,1023,0,734,927,306,472,435,305,578,788,775,305,662
1023,1023,0,1023,1023,0,440,539,305,557,396,305,578,965,842,305,662
359,1023,0,259,1023,0,554,739,305,343,324,305,578,719,675,305,662
274,1023,0,94,1023,0,578,789,305,344,335,305,578,706,693,305,662
355,1023,0,247,1023,0,630,810,305,480,403,305,578,770,731,305,662
391,1023,0,198,1023,0,283,425,305,447,412,305,578,781,764,305,662
381,1023,0,145,1023,0,311,459,305,313,312,305,578,727,714,305,662
469,1023,0,371,1023,0,857,1023,306,644,583,305,578,748,725,305,662
320,1023,0,84,868,0,271,430,305,317,324,305,578,740,735,305,662
320,1023,0,124,1023,0,594,808,305,361,350,305,578,722,711,305,662
386,1023,0,138,1023,0,319,472,305,335,328,305,578,749,737,305,662
405,1023,0,169,1023,0,191,363,305,386,362,305,578,761,735,305,662
614,1023,0,360,1023,0,590,767,305,524,443,305,578,804,779,305,662
380,1023,0,159,1023,0,440,623,305,337,330,305,578,755,743,305,662
271,1023,0,207,1023,0,667,850,305,411,365,305,578,734,707,305,662
421,1023,0,194,1023,0,295,416,305,344,325,305,578,773,747,305,662
349,1023,0,305,1023,0,675,835,305,546,439,305,578,761,713,305,662
414,1023,0,231,1023,0,487,671,305,346,328,305,578,768,748,305,662
325,1023,0,199,1023,0,638,832,305,427,384,305,578,751,735,305,662
373,1023,0,252,1023,0,664,855,305,461,405,305,578,759,723,305,662
455,1023,0,189,1023,0,210,365,305,339,324,305,578,747,722,305,662
332,1023,0,157,1023,0,596,774,305,379,342,305,579,751,737,305,662
641,1023,0,602,1023,0,787,947,306,582,480,305,579,872,825,305,662
329,1023,0,131,1023,0,254,404,305,429,396,305,579,770,755,305,662
210,1023,0,38,304,0,87,330,305,334,328,305,579,711,671,305,662
448,1023,0,220,1023,0,402,574,305,348,336,305,579,799,786,305,662
378,1023,0,354,1023,0,441,596,305,600,503,305,579,782,751,305,662
337,1023,0,147,1023,0,328,499,305,322,322,305,579,760,750,305,662
508,1023,0,455,1023,0,591,749,305,380,342,305,579,802,771,305,662
372,1023,0,183,1023,0,330,491,305,348,338,305,579,750,731,305,662
418,1023,0,192,1023,0,265,406,305,336,334,305,579,734,706,305,662
331,1023,0,224,1023,0,310,458,305,353,338,305,579,779,765,305,662
535,1023,0,199,1023,0,413,591,305,337,328,305,579,729,709,305,662
352,1023,0,325,1023,0,727,884,305,680,588,305,579,815,767,305,662
401,1023,0,397,1023,0,398,547,305,457,389,305,579,729,702,305,662
260,1023,0,221,1023,0,842,1023,306,628,584,305,579,781,771,305,662
371,1023,0,159,1023,0,220,382,305,330,319,305,579,792,778,305,662
389,1023,0,192,1023,0,626,793,305,464,391,305,579,761,744,305,662
427,1023,0,256,1023,0,609,800,305,427,383,305,579,779,763,305,666
360,1023,0,132,1023,0,348,521,305,323,318,305,579,705,674,305,666
377,1023,0,214,1023,0,781,964,306,609,545,305,579,744,702,305,666
423,1023,0,198,1023,0,524,723,305,344,333,305,579,703,674,305,666
407,1023,0,236,1023,0,329,487,305,326,319,305,579,780,766,305,666
321,1023,0,290,1023,0,291,413,305,347,327,305,579,776,737,305,666
264,1023,0,157,1023,0,667,875,305,531,487,305,579,745,729,305,666
313,1023,0,127,1023,0,539,747,305,353,339,305,579,732,721,305,666
321,1023,0,135,1023,0,469,667,305,330,318,305,579,748,734,305,666
341,1023,0,221,1023,0,626,795,305,459,395,305,579,600,552,305,666
497,1023,0,332,1023,0,322,470,305,497,438,305,579,811,795,305,666
440,1023,0,191,1023,0,262,396,305,346,332,305,579,765,743,305,666
332,1023,0,144,1023,0,590,799,305,360,343,305,579,766,759,305,666
352,1023,0,131,1023,0,183,344,305,335,327,305,579,732,714,305,666
416,1023,0,180,1023,0,327,490,305,332,331,305,579,776,771,305,666
801,1023,0,841,1023,0,837,967,306,650,523,305,579,804,747,305,666
307,1023,0,120,1023,0,209,372,305,332,325,305,579,733,707,305,666
151,1023,0,11,154,0,236,413,305,334,336,305,579,693,691,305,666
359,1023,0,212,1023,0,338,511,305,336,329,305,579,763,749,305,666
475,1023,0,298,1023,0,199,359,305,369,348,305,579,767,736,305,666
616,1023,0,359,1023,0,723,889,305,501,398,305,579,817,760,305,666
286,1023,0,182,1023,0,311,469,305,346,337,305,579,766,749,305,666
390,1023,0,262,1023,0,413,579,305,327,326,305,579,778,761,305,666
508,1023,0,408,1023,0,371,522,305,335,322,305,579,714,694,305,666
643,1023,0,287,1023,0,542,756,305,365,334,305,579,823,741,305,666
391,1023,0,253,1023,0,664,821,305,447,369,305,579,756,734,305,666
319,1023,0,325,1023,0,681,859,305,548,467,305,579,677,633,305,666
437,1023,0,323,1023,0,637,815,305,509,452,305,579,814,791,305,666
396,1023,0,246,1023,0,376,549,305,318,319,305,579,754,728,305,666
378,1023,0,144,1023,0,677,875,305,434,394,305,579,795,784,305,666
321,1023,0,122,1023,0,257,405,305,326,323,305,579,745,732,305,666
398,1023,0,257,1023,0,477,656,305,387,358,305,579,743,708,305,666
321,1023,0,214,1023,0,389,554,305,715,654,305,579,781,743,305,666
575,1023,0,487,1023,0,682,845,305,463,393,305,579,808,765,305,666
401,1023,0,236,1023,0,497,682,305,325,322,305,580,705,674,305,666
435,1023,0,383,1023,0,972,1023,307,766,703,305,580,787,765,305,666
306,1023,0,173,1023,0,581,771,305,421,380,305,580,810,797,305,666
428,1023,0,383,1023,0,568,737,305,364,334,305,580,775,735,305,666
432,1023,0,229,1023,0,0,344,305,342,324,305,580,776,762,305,666
121,631,0,124,1023,0,619,807,305,389,349,305,580,755,732,305,666
421,1023,0,264,1023,0,401,572,305,363,346,305,580,758,721,305,666
488,1023,0,334,1023,0,303,452,305,337,327,305,580,796,771,305,666
472,1023,0,239,1023,0,196,353,305,418,380,305,580,775,758,305,666
352,1023,0,208,1023,0,170,351,305,324,319,305,580,747,733,305,666
354,1023,0,117,1023,0,73,327,305,310,314,305,580,660,639,305,666
353,1023,0,200,1023,0,401,573,305,426,382,305,580,741,724,305,666
375,1023,0,153,1023,0,177,359,305,334,335,305,580,744,732,305,666
382,1023,0,183,1023,0,722,912,305,517,458,305,580,745,711,305,666
424,1023,0,233,1023,0,393,563,305,342,329,305,580,751,734,305,666
323,1023,0,120,1023,0,144,348,305,326,320,305,580,758,742,305,666
378,1023,0,142,1023,0,175,348,305,337,325,305,580,753,742,305,666
494,1023,0,210,1023,0,195,359,305,382,356,305,580,785,751,305,666
528,1023,0,351,1023,0,745,916,306,517,435,305,580,753,729,305,666
309,1023,0,163,1023,0,303,454,305,373,352,305,580,777,756,305,666
462,1023,0,270,1023,0,648,824,305,551,462,305,580,781,766,305,666
484,1023,0,244,1023,0,735,911,305,488,409,305,580,719,701,305,666
421,1023,0,328,1023,0,411,588,305,380,346,305,580,762,740,305,666
344,1023,0,146,1023,0,724,912,305,468,413,305,580,758,742,305,666
365,1023,0,139,1023,0,334,496,305,336,327,305,580,736,712,305,666
383,1023,0,177,1023,0,314,474,305,337,331,305,580,776,759,305,666
337,1023,0,128,1023,0,647,849,305,399,367,305,580,746,737,305,670
453,1023,0,399,1023,0,384,523,305,437,376,305,580,772,743,305,670
251,1023,0,165,1023,0,237,385,305,313,316,305,580,686,660,305,670
461,1023,0,216,1023,0,401,572,305,344,328,305,580,767,745,305,670
417,1023,0,437,1023,0,732,890,305,499,405,305,580,739,683,305,670
419,1023,0,170,1023,0,267,409,305,327,328,305,580,773,759,305,670
352,1023,0,114,1023,0,314,471,305,324,321,305,580,741,723,305,670
353,1023,0,115,1023,0,212,379,305,327,320,305,580,743,723,305,670
445,1023,0,268,1023,0,306,450,305,356,337,305,580,776,753,305,670
286,1023,0,135,1023,0,293,442,305,360,345,305,580,753,736,305,670
298,1023,0,306,1023,0,600,761,305,412,350,305,580,735,708,305,670
567,1023,0,395,1023,0,747,911,305,501,420,305,580,754,720,305,670
450,1023,0,204,1023,0,254,387,305,352,333,305,580,772,749,305,670
306,1023,0,114,1023,0,415,610,305,325,314,305,580,745,729,305,670
330,1023,0,131,1023,0,183,356,305,313,313,305,580,707,681,305,670
343,1023,0,139,1023,0,227,380,305,326,320,305,580,782,769,305,670
374,1023,0,263,1023,0,735,919,306,481,415,305,580,743,713,305,670
420,1023,0,166,1023,0,576,771,305,377,345,305,580,767,755,305,670
342,1023,0,204,1023,0,650,858,305,391,366,305,580,757,742,305,670
590,1023,0,179,1023,0,239,373,305,338,323,305,580,778,766,305,670
348,1023,0,145,1023,0,497,705,305,361,341,305,580,760,750,305,670
300,1023,0,211,1023,0,430,599,305,382,352,305,580,725,684,305,670
387,1023,0,265,1023,0,370,543,305,358,341,305,580,756,738,305,670
489,1023,0,264,1023,0,455,640,305,379,361,305,580,791,779,305,670
411,1023,0,244,1023,0,384,554,305,321,319,305,580,763,739,305,670
285,1023,0,309,1023,0,378,481,305,348,328,305,580,751,721,305,670
368,1023,0,171,1023,0,369,538,305,326,317,305,580,766,753,305,670
513,1023,0,245,1023,0,258,397,305,690,640,305,580,836,817,305,670
325,1023,0,303,1023,0,499,666,305,378,349,305,580,730,698,305,670
362,1023,0,249,1023,0,410,579,305,457,401,305,580,779,764,305,670
477,1023,0,473,1023,0,631,804,305,405,358,305,580,794,762,305,670
341,1023,0,218,1023,0,669,856,305,448,396,305,581,765,753,305,670
388,1023,0,172,1023,0,249,394,305,410,367,305,581,760,729,305,670
465,1023,0,354,1023,0,722,895,305,538,451,305,581,794,760,305,670
572,1023,0,379,1023,0,623,798,305,430,378,305,581,789,735,305,670
447,1023,0,175,1023,0,469,655,305,385,356,305,581,777,766,305,670
323,1023,0,99,1023,0,298,462,305,328,320,305,581,726,709,305,670
367,1023,0,261,1023,0,196,352,305,389,365,305,581,758,722,305,670
287,1023,0,112,1023,0,557,774,305,349,339,305,581,718,701,305,670
433,1023,0,154,1023,0,549,737,305,354,336,305,581,756,731,305,670
331,1023,0,119,1023,0,477,675,305,332,324,305,581,752,737,305,670
614,1023,0,319,1023,0,581,776,305,371,339,305,581,834,782,305,670
530,1023,0,574,1023,0,394,525,305,455,377,305,581,747,721,305,670
352,1023,0,191,1023,0,470,635,305,353,332,305,581,770,746,305,670
411,1023,0,155,1023,0,659,847,305,460,398,305,581,799,782,305,670
1023,1023,0,1023,1023,0,868,1023,306,690,572,305,581,920,838,305,670
374,1023,0,200,1023,0,265,423,305,401,376,305,581,773,752,305,670
410,1023,0,341,1023,0,281,407,305,344,327,305,581,774,749,305,674
292,1023,0,112,1023,0,609,821,305,373,355,305,581,747,731,305,674
497,1023,0,225,1023,0,247,397,305,336,319,305,581,748,729,305,674
582,1023,0,448,1023,0,325,468,305,536,465,305,581,769,746,305,674
414,1023,0,196,1023,0,409,583,305,353,337,305,581,779,764,305,674
232,1023,0,191,1023,0,475,678,305,614,559,305,581,783,767,305,674
265,1023,0,86,955,0,297,458,305,311,311,305,581,741,726,305,674
365,1023,0,191,1023,0,433,625,305,388,366,305,581,774,759,305,674
348,1023,0,175,1023,0,515,720,305,358,338,305,581,753,730,305,674
549,1023,0,319,1023,0,757,914,306,562,458,305,581,791,768,305,674
433,1023,0,184,1023,0,368,535,305,344,337,305,581,772,760,305,674
324,1023,0,161,1023,0,355,522,305,328,326,305,581,768,756,305,674
532,1023,0,278,1023,0,299,412,305,408,363,305,581,775,761,305,674
489,1023,0,284,1023,0,572,765,305,385,356,305,581,799,768,305,674
538,1023,0,300,1023,0,246,392,305,337,324,305,581,801,786,305,674
426,1023,0,345,1023,0,423,585,305,422,372,305,581,760,734,305,674
268,1023,0,272,1023,0,592,756,305,416,362,305,581,748,703,305,674
408,1023,0,354,1023,0,538,712,305,353,330,305,581,775,722,305,674
340,1023,0,146,1023,0,673,876,305,418,389,305,581,768,756,305,674
380,1023,0,155,1023,0,343,477,305,316,311,305,581,742,711,305,674
609,1023,0,336,1023,0,307,414,305,364,334,305,581,843,780,305,674
502,1023,0,279,1023,0,505,688,305,353,331,305,581,800,775,305,674
353,1023,0,321,1023,0,391,571,305,410,377,305,581,788,766,305,674
346,1023,0,110,1023,0,382,564,305,333,325,305,581,737,718,305,674
271,1023,0,90,1023,0,129,338,305,314,310,305,581,733,726,305,674
552,1023,0,392,1023,0,691,870,305,497,424,305,581,804,774,305,674
385,1023,0,231,1023,0,385,562,305,395,372,305,581,771,757,305,674
598,1023,0,234,1023,0,376,533,305,361,342,305,582,761,745,305,674
404,1023,0,236,1023,0,353,510,305,366,352,305,582,782,771,305,674
315,1023,0,257,1023,0,725,893,305,528,437,305,582,738,703,305,674
345,1023,0,137,1023,0,181,366,305,363,344,305,582,768,760,305,674
1023,1023,0,1023,1023,0,366,401,305,526,372,305,582,927,840,305,674
423,1023,0,191,1023,0,228,378,305,332,321,305,582,758,743,305,674
417,1023,0,311,1023,0,625,812,305,389,355,305,582,767,731,305,674
217,1023,0,186,1023,0,220,369,305,699,639,305,582,801,768,305,674
390,1023,0,115,1023,0,676,870,305,419,377,305,582,713,689,305,674
402,1023,0,247,1023,0,212,362,305,411,357,305,582,767,751,305,674
796,1023,0,441,1023,0,656,797,305,528,439,305,582,817,739,305,674
416,1023,0,182,1023,0,790,982,306,550,493,305,582,740,725,305,674
350,1023,0,140,1023,0,381,553,305,326,318,305,582,716,708,305,674
450,1023,0,326,1023,0,650,841,305,417,379,305,582,792,773,305,674
377,1023,0,173,1023,0,207,356,305,328,323,305,582,749,739,305,674
308,1023,0,314,1023,0,342,482,305,460,405,305,582,740,707,305,674
379,1023,0,259,1023,0,670,857,305,404,362,305,582,754,722,305,674
377,1023,0,182,1023,0,298,438,305,355,339,305,582,784,759,305,674
456,1023,0,362,1023,0,276,412,305,331,322,305,582,780,760,305,674
369,1023,0,129,1023,0,310,463,305,334,321,305,582,727,714,305,674
520,1023,0,531,1023,0,575,740,305,584,487,305,582,799,757,305,674
359,1023,0,149,1023,0,428,613,305,345,333,305,582,757,723,305,674
364,1023,0,146,1023,0,374,548,305,332,325,305,582,756,741,305,674
437,1023,0,337,1023,0,365,480,305,326,319,305,582,791,767,305,679
539,1023,0,305,1023,0,695,880,305,476,410,305,582,768,741,305,679
400,1023,0,265,1023,0,568,737,305,522,442,305,582,799,778,305,679
524,1023,0,481,1023,0,296,431,305,326,328,305,582,790,767,305,679
534,1023,0,252,1023,0,503,693,305,421,378,305,582,786,766,305,679
612,1023,0,513,1023,0,480,662,305,406,365,305,582,798,776,305,679
262,1023,0,107,1023,0,151,352,305,323,316,305,582,748,736,305,679
317,1023,0,301,1023,0,700,877,305,560,477,305,582,798,758,305,679
415,1023,0,259,1023,0,428,612,305,411,374,305,582,774,751,305,679
902,1023,0,493,1023,0,773,904,305,560,422,305,582,860,794,305,679
480,1023,0,264,1023,0,784,983,306,553,510,305,582,803,787,305,679
435,1023,0,205,1023,0,706,893,305,484,434,305,582,743,726,305,679
488,1023,0,242,1023,0,644,834,305,490,429,305,582,785,771,305,679
578,1023,0,359,1023,0,284,418,305,366,341,305,582,743,718,305,679
326,1023,0,170,1023,0,267,412,305,325,315,305,582,749,739,305,679
462,1023,0,190,1023,0,176,355,305,331,322,305,582,717,689,305,679
669,1023,0,351,1023,0,217,346,305,465,405,305,582,820,769,305,679
352,1023,0,238,1023,0,308,451,305,385,363,305,582,739,702,305,679
375,1023,0,161,1023,0,176,352,305,368,350,305,582,693,657,305,679
442,1023,0,178,1023,0,205,369,305,376,351,305,582,750,733,305,679
979,1023,0,485,1023,0,604,793,305,436,378,305,582,863,788,305,679
441,1023,0,559,1023,0,759,929,306,615,534,305,582,815,757,305,679
841,1023,0,510,1023,0,399,513,305,396,344,305,582,833,787,305,679
292,1023,0,112,1023,0,257,416,305,332,326,305,582,759,745,305,679
433,1023,0,230,1023,0,347,501,305,379,354,305,582,760,749,305,679
599,1023,0,398,1023,0,633,818,305,533,460,305,582,802,773,305,679
448,1023,0,240,1023,0,309,441,305,429,379,305,582,784,755,305,679
375,1023,0,205,1023,0,224,380,305,342,332,305,583,760,744,305,679
638,1023,0,400,1023,0,422,545,305,344,321,305,583,823,776,305,679
401,1023,0,139,1023,0,279,415,305,336,325,305,583,749,737,305,679
326,1023,0,189,1023,0,237,391,305,572,511,305,583,749,729,305,679
294,1023,0,131,1023,0,232,390,305,329,316,305,583,747,727,305,679
293,1023,0,194,1023,0,746,933,306,502,439,305,583,777,761,305,679
823,1023,0,744,1023,0,761,943,306,583,481,305,583,865,821,305,679
412,1023,0,196,1023,0,213,380,305,343,335,305,583,769,750,305,679
284,1023,0,112,1023,0,321,488,305,317,316,305,583,727,720,305,679
327,1023,0,180,1023,0,263,406,305,415,376,305,583,762,749,305,679
311,1023,0,248,1023,0,394,555,305,404,369,305,583,766,746,305,679
311,1023,0,101,1021,0,524,733,305,342,329,305,583,713,690,305,679
418,1023,0,175,1023,0,188,358,305,330,328,305,583,754,743,305,679
450,1023,0,173,1023,0,246,380,305,333,329,305,583,757,734,305,679
413,1023,0,196,1023,0,502,695,305,381,357,305,583,776,764,305,679
317,1023,0,139,1023,0,182,358,305,331,321,305,583,750,735,305,679
703,1023,0,444,1023,0,798,967,306,561,484,305,583,725,700,305,679
483,1023,0,247,1023,0,191,372,305,350,333,305,583,743,733,305,679
360,1023,0,168,1023,0,234,390,305,512,456,305,583,772,759,305,679
412,1023,0,343,1023,0,413,539,305,332,323,305,583,714,683,305,679
461,1023,0,319,1023,0,377,553,305,418,395,305,583,783,750,305,679
328,1023,0,125,1023,0,172,357,305,339,326,305,583,754,734,305,679
289,1023,0,294,1023,0,560,720,305,370,337,305,583,809,772,305,679
933,1023,0,641,1023,0,341,483,305,473,403,305,583,842,777,305,683
381,1023,0,195,1023,0,698,884,305,433,382,305,583,730,707,305,683
374,1023,0,141,1023,0,687,890,305,427,387,305,583,766,750,305,683
378,1023,0,166,1023,0,596,795,305,383,358,305,583,760,735,305,683
492,1023,0,348,1023,0,516,691,305,338,326,305,583,769,739,305,683
447,1023,0,273,1023,0,391,556,305,351,339,305,583,771,758,305,683
335,1023,0,185,1023,0,510,724,305,353,337,305,583,777,766,305,683
400,1023,0,179,1023,0,267,418,305,338,329,305,583,760,745,305,683
383,1023,0,180,1023,0,673,871,305,468,424,305,583,767,755,305,683
437,1023,0,394,1023,0,536,710,305,357,336,305,583,784,745,305,683
398,1023,0,197,1023,0,475,670,305,475,433,305,583,761,741,305,683
368,1023,0,152,1023,0,259,410,305,338,325,305,583,771,759,305,683
354,1023,0,179,1023,0,154,341,305,400,367,305,583,745,721,305,683
321,1023,0,259,1023,0,411,550,305,322,315,305,583,719,692,305,683
315,1023,0,231,1023,0,405,560,305,317,316,305,583,704,674,305,683
301,1023,0,188,1023,0,178,359,305,329,325,305,583,772,756,305,683
657,1023,0,380,1023,0,311,455,305,400,369,305,583,783,756,305,683
417,1023,0,210,1023,0,373,542,305,377,349,305,583,761,745,305,683
529,1023,0,183,1023,0,535,728,305,369,346,305,583,723,706,305,683
372,1023,0,179,1023,0,474,667,305,347,338,305,583,766,749,305,683
345,1023,0,278,1023,0,354,493,305,372,345,305,583,769,717,305,683
211,967,0,260,1023,0,341,465,305,364,335,305,583,722,692,305,683
389,1023,0,133,1023,0,340,509,305,335,323,305,584,746,737,305,683
444,1023,0,214,1023,0,738,922,306,481,429,305,584,752,719,305,683
411,1023,0,153,1023,0,395,561,305,356,338,305,584,699,658,305,683
433,1023,0,519,1023,0,855,984,307,635,507,305,584,733,690,305,683
86,612,0,45,511,0,279,451,305,328,329,305,584,813,801,305,683
371,1023,0,149,1023,0,484,687,305,343,330,305,584,766,755,305,683
295,1023,0,114,1023,0,153,354,305,315,313,305,584,764,754,305,683
369,1023,0,174,1023,0,273,418,305,378,357,305,584,748,730,305,683
457,1023,0,635,1023,0,484,641,305,362,334,305,584,800,762,305,683
342,1023,0,166,1023,0,331,491,305,510,459,305,584,770,753,305,683
501,1023,0,188,1023,0,686,880,305,444,397,305,584,732,709,305,683
471,1023,0,276,1023,0,204,365,305,466,423,305,584,804,789,305,683
312,1023,0,137,1023,0,649,855,305,409,388,305,584,744,738,305,683
421,1023,0,380,1023,0,278,419,305,340,322,305,584,790,762,305,683
431,1023,0,424,1023,0,369,509,305,351,322,305,584,763,724,305,683
867,1023,0,470,1023,0,447,568,305,405,346,305,584,827,746,305,683
391,1023,0,235,1023,0,778,960,306,561,496,305,584,798,779,305,683
452,1023,0,254,1023,0,306,459,305,369,347,305,584,770,756,305,683
457,1023,0,279,1023,0,539,729,305,344,342,305,584,707,679,305,683
324,1023,0,124,1023,0,213,380,305,336,324,305,584,720,711,305,683
321,1023,0,161,1023,0,556,752,305,346,335,305,584,756,740,305,683
653,1023,0,561,1023,0,353,478,305,428,372,305,584,794,768,305,683
523,1023,0,220,1023,0,682,871,305,440,393,305,584,764,754,305,683
347,1023,0,199,1023,0,733,913,305,471,406,305,584,695,672,305,683
440,1023,0,270,1023,0,753,934,306,524,455,305,584,777,764,305,683
416,1023,0,152,1023,0,357,520,305,377,351,305,584,762,745,305,683
580,1023,0,283,1023,0,388,552,305,358,342,305,584,747,724,305,687
364,1023,0,231,1023,0,715,897,305,535,464,305,584,772,731,305,687
431,1023,0,179,1023,0,298,441,305,331,319,305,584,785,774,305,687
408,1023,0,255,1023,0,170,346,305,384,360,305,584,770,751,305,687
357,1023,0,183,1023,0,233,402,305,334,329,305,584,767,752,305,687
333,1023,0,139,1023,0,143,342,305,404,371,305,584,752,738,305,687
340,1023,0,176,1023,0,698,883,305,472,417,305,584,753,730,305,687
438,1023,0,201,1023,0,495,687,305,343,330,305,584,767,752,305,687
338,1023,0,224,1023,0,329,468,305,324,323,305,584,766,754,305,687
335,1023,0,151,1023,0,379,562,305,317,318,305,584,751,742,305,687
429,1023,0,207,1023,0,584,772,305,386,357,305,584,741,725,305,687
443,1023,0,217,1023,0,381,549,305,339,326,305,584,744,721,305,687
353,1023,0,201,1023,0,339,486,305,341,332,305,584,698,687,305,687
894,1023,0,683,1023,0,521,662,305,544,450,305,584,864,788,305,687
493,1023,0,255,1023,0,404,545,305,450,418,305,584,815,761,305,687
564,1023,0,324,1023,0,715,890,305,485,411,305,584,809,785,305,687
343,1023,0,186,1023,0,391,542,305,395,353,305,584,768,751,305,687
738,1023,0,604,1023,0,869,1023,306,669,598,305,584,860,838,305,687
527,1023,0,255,1023,0,288,425,305,352,333,305,584,782,762,305,687
505,1023,0,247,1023,0,373,542,305,336,331,305,584,766,749,305,687
369,1023,0,166,1023,0,577,772,305,374,351,305,584,755,729,305,687
515,1023,0,304,1023,0,354,518,305,360,340,305,584,753,743,305,687
445,1023,0,286,1023,0,793,969,306,592,526,305,584,810,798,305,687
654,1023,0,302,1023,0,310,449,305,392,362,305,585,778,761,305,687
387,1023,0,185,1023,0,341,497,305,374,354,305,585,765,743,305,687
366,1023,0,123,1023,0,549,757,305,343,336,305,585,761,746,305,687
342,1023,0,139,1023,0,199,365,305,353,337,305,585,751,739,305,687
415,1023,0,146,1023,0,433,626,305,319,317,305,585,771,761,305,687
415,1023,0,222,1023,0,524,715,305,338,332,305,585,704,678,305,687
548,1023,0,286,1023,0,214,366,305,326,320,305,585,787,756,305,687
415,1023,0,176,1023,0,314,465,305,323,315,305,585,756,726,305,687
355,1023,0,240,1023,0,423,578,305,328,318,305,585,717,702,305,687
354,1023,0,156,1023,0,440,605,305,347,326,305,585,743,723,305,687
305,1023,0,185,1023,0,468,645,305,425,384,305,585,756,735,305,687
449,1023,0,167,1023,0,626,820,305,461,407,305,585,777,752,305,687
278,1023,0,101,1023,0,280,438,305,322,318,305,585,757,742,305,687
338,1023,0,230,1023,0,222,384,305,380,354,305,585,791,773,305,687
409,1023,0,328,1023,0,328,478,305,340,329,305,585,754,738,305,687
347,1023,0,179,1023,0,234,386,305,325,320,305,585,760,749,305,687
411,1023,0,239,1023,0,543,740,305,356,340,305,585,761,733,305,687
446,1023,0,261,1023,0,374,520,305,337,322,305,585,738,715,305,687
364,1023,0,232,1023,0,769,947,306,521,450,305,585,791,762,305,687
304,1023,0,402,1023,0,721,874,305,648,531,305,585,773,730,305,687
357,1023,0,118,1023,0,364,545,305,320,321,305,585,756,742,305,687
913,1023,0,420,1023,0,361,454,305,455,391,305,585,829,771,305,687
455,1023,0,358,1023,0,566,760,305,589,529,305,585,804,789,305,687
619,1023,0,361,1023,0,482,679,305,352,333,305,585,854,819,305,687
332,1023,0,254,1023,0,340,487,305,398,363,305,585,787,772,305,687
734,1023,0,362,1023,0,674,833,305,483,415,305,585,861,806,305,687
327,1023,0,251,1023,0,616,800,305,369,346,305,585,748,725,305,687
424,1023,0,202,1023,0,619,809,305,398,364,305,585,783,771,305,687
451,1023,0,245,1023,0,817,987,306,582,501,305,585,767,752,305,687
307,1023,0,346,1023,0,719,887,305,465,395,305,585,759,735,305,691
427,1023,0,390,1023,0,450,625,305,592,511,305,585,807,777,305,691
352,1023,0,233,1023,0,734,912,305,493,422,305,585,703,665,305,691
438,1023,0,196,1023,0,464,648,305,370,336,305,585,761,748,305,691
377,1023,0,130,1023,0,598,801,305,381,357,305,585,746,724,305,691
399,1023,0,172,1023,0,394,574,305,347,334,305,585,769,759,305,691
456,1023,0,197,1023,0,397,552,305,355,329,305,585,759,741,305,691
273,1023,0,132,1023,0,154,345,305,321,321,305,585,750,741,305,691
401,1023,0,218,1023,0,668,864,305,419,389,305,585,785,769,305,691
469,1023,0,271,1023,0,791,971,306,563,493,305,585,756,743,305,691
424,1023,0,166,1023,0,187,358,305,333,330,305,585,746,734,305,691
403,1023,0,271,1023,0,710,885,305,451,395,305,585,736,716,305,691
415,1023,0,244,1023,0,701,890,305,581,515,305,585,782,757,305,691
424,1023,0,113,1023,0,309,465,305,325,323,305,585,724,715,305,691
329,1023,0,194,1023,0,309,455,305,380,351,305,585,767,755,305,691
257,1023,0,140,1023,0,359,518,305,343,325,305,585,737,712,305,691
309,1023,0,145,1023,0,168,345,305,322,317,305,585,760,748,305,691
330,1023,0,134,1023,0,211,371,305,317,313,305,585,724,717,305,691
517,1023,0,296,1023,0,361,476,305,377,339,305,585,810,759,305,691
449,1023,0,237,1023,0,377,542,305,353,334,305,585,811,788,305,691
700,1023,0,409,1023,0,287,387,305,382,347,305,585,817,738,305,691
422,1023,0,176,1023,0,411,583,305,337,323,305,586,741,718,305,691
363,1023,0,225,1023,0,579,736,305,416,359,305,586,745,709,305,691
332,1023,0,142,1023,0,534,731,305,345,328,305,586,725,698,305,691
332,1023,0,103,1023,0,410,605,305,331,331,305,586,761,747,305,691
370,1023,0,157,1023,0,212,378,305,371,350,305,586,775,761,305,691
494,1023,0,376,1023,0,325,480,305,336,327,305,586,791,773,305,691
635,1023,0,327,1023,0,246,363,305,345,328,305,586,833,777,305,691
524,1023,0,372,1023,0,235,382,305,442,390,305,586,749,727,305,691
362,1023,0,111,1023,0,245,398,305,328,314,305,586,757,744,305,691
432,1023,0,146,1023,0,307,452,305,317,315,305,586,724,686,305,691
384,1023,0,171,1023,0,223,381,305,341,329,305,586,742,718,305,691
573,1023,0,417,1023,0,406,544,305,355,335,305,586,828,797,305,691
352,1023,0,147,1023,0,272,424,305,324,317,305,586,768,741,305,691
327,1023,0,158,1023,0,107,332,305,351,339,305,586,712,702,305,691
314,1023,0,128,1023,0,297,458,305,328,328,305,586,750,737,305,691
573,1023,0,297,1023,0,546,721,305,404,370,305,586,782,757,305,691
338,1023,0,156,1023,0,243,399,305,327,317,305,586,771,749,305,691
311,1023,0,146,1023,0,318,478,305,335,325,305,586,736,722,305,691
448,1023,0,175,1023,0,209,372,305,332,328,305,586,749,726,305,691
360,1023,0,309,1023,0,709,888,305,551,464,305,586,743,707,305,691
436,1023,0,190,1023,0,618,816,305,435,390,305,586,771,753,305,691
400,1023,0,239,1023,0,225,373,305,428,387,305,586,774,759,305,691
453,1023,0,153,1023,0,658,857,305,411,382,305,586,757,741,305,691
277,1023,0,204,1023,0,504,700,305,443,402,305,586,762,736,305,691
413,1023,0,160,1023,0,354,528,305,353,342,305,586,656,648,305,691
378,1023,0,266,1023,0,465,662,305,332,326,305,586,775,762,305,691
515,1023,0,258,1023,0,428,601,305,335,324,305,586,715,696,305,691
392,1023,0,301,1023,0,264,406,305,335,326,305,586,784,763,305,695
478,1023,0,239,1023,0,370,537,305,337,326,305,586,783,772,305,695
372,1023,0,162,1023,0,639,843,305,393,366,305,586,771,748,305,695
384,1023,0,206,1023,0,603,796,305,414,374,305,586,771,756,305,695
666,1023,0,505,1023,0,357,493,305,408,359,305,586,766,732,305,695
349,1023,0,388,1023,0,823,984,306,603,515,305,586,740,703,305,695
42,275,0,100,858,0,278,405,305,334,322,305,586,703,664,305,695
526,1023,0,263,1023,0,360,527,305,331,320,305,586,781,762,305,695
468,1023,0,265,1023,0,802,976,306,583,508,305,586,732,708,305,695
379,1023,0,377,1023,0,585,755,305,658,574,305,586,813,784,305,695
302,1023,0,115,1023,0,216,379,305,340,331,305,586,728,718,305,695
444,1023,0,256,1023,0,316,465,305,352,337,305,586,786,771,305,695
515,1023,0,209,1023,0,656,843,305,434,387,305,586,726,690,305,695
354,1023,0,136,1023,0,214,376,305,331,326,305,586,775,765,305,695
402,1023,0,164,1023,0,472,637,305,334,325,305,586,783,763,305,695
537,1023,0,231,1023,0,436,614,305,367,342,305,586,796,777,305,695
447,1023,0,334,1023,0,485,649,305,433,370,305,586,759,709,305,695
475,1023,0,372,1023,0,357,493,305,450,388,305,586,798,773,305,695
364,1023,0,117,1023,0,800,990,306,559,506,305,586,717,697,305,695
247,1023,0,102,1023,0,295,453,305,363,343,305,586,727,720,305,695
363,1023,0,209,1023,0,257,396,305,342,328,305,587,758,745,305,695
464,1023,0,374,1023,0,347,492,305,394,365,305,587,766,749,305,695
359,1023,0,262,1023,0,634,818,305,400,358,305,587,757,723,305,695
386,1023,0,182,1023,0,411,587,305,334,322,305,587,750,738,305,695
366,1023,0,253,1023,0,684,865,305,421,374,305,587,587,518,305,695
410,1023,0,265,1023,0,803,972,306,582,500,305,587,784,742,305,695
375,1023,0,221,1023,0,473,659,305,409,390,305,587,761,745,305,695
493,1023,0,417,1023,0,584,764,305,373,342,305,587,771,753,305,695
308,1023,0,156,1023,0,275,436,305,325,320,305,587,762,753,305,695
572,1023,0,368,1023,0,271,406,305,359,337,305,587,765,734,305,695
271,1023,0,137,1023,0,217,373,305,391,364,305,587,746,736,305,695
344,1023,0,278,1023,0,424,593,305,375,347,305,587,769,733,305,695
316,1023,0,143,1023,0,345,518,305,336,323,305,587,767,757,305,695
102,389,0,365,1023,0,402,494,305,350,321,305,587,739,664,305,695
280,1023,0,136,1023,0,295,456,305,319,318,305,587,758,748,305,695
420,1023,0,183,1023,0,408,587,305,340,336,305,587,767,753,305,695
258,1023,0,308,1023,0,600,773,305,558,464,305,587,738,687,305,699
447,1023,0,208,1023,0,693,873,305,553,480,305,587,788,762,305,699
454,1023,0,230,1023,0,377,542,305,351,338,305,587,774,754,305,699
477,1023,0,401,1023,0,870,1019,306,648,553,305,587,741,703,305,699
332,1023,0,271,1023,0,678,847,305,419,364,305,587,742,703,305,699
458,1023,0,237,1023,0,321,475,305,354,335,305,587,782,749,305,699
422,1023,0,311,1023,0,375,522,305,375,351,305,587,753,724,305,699
284,1023,0,169,1023,0,489,677,305,471,412,305,587,735,706,305,699
344,1023,0,207,1023,0,685,889,305,431,392,305,587,776,764,305,699
342,1023,0,189,1023,0,457,619,305,442,373,305,587,720,703,305,699
393,1023,0,171,1023,0,274,426,305,329,324,305,587,746,721,305,699
660,1023,0,362,1023,0,355,467,305,379,339,305,587,827,776,305,699
313,1023,0,130,1023,0,220,380,305,327,318,305,587,761,748,305,699
384,1023,0,142,1023,0,391,571,305,326,323,305,587,746,712,305,699
409,1023,0,361,1023,0,411,573,305,331,318,305,587,804,785,305,699
277,1023,0,104,1023,0,333,517,305,318,313,305,587,745,736,305,699
360,1023,0,204,1023,0,469,645,305,363,339,305,587,746,727,305,699
460,1023,0,141,1023,0,197,360,305,318,316,305,587,761,746,305,699
474,1023,0,325,1023,0,640,821,305,412,368,305,587,761,731,305,699
248,1023,0,98,1023,0,113,333,305,328,318,305,587,713,705,305,699
361,1023,0,133,1023,0,229,388,305,360,349,305,587,777,757,305,699
399,1023,0,160,1023,0,464,662,305,363,344,305,587,771,756,305,699
272,1023,0,268,1023,0,759,916,306,514,420,305,587,785,756,305,699
374,1023,0,295,1023,0,650,833,305,393,355,305,587,754,734,305,699
383,1023,0,215,1023,0,402,571,305,319,316,305,587,680,632,305,699
395,1023,0,165,1023,0,775,959,306,539,475,305,587,752,738,305,699
378,1023,0,222,1023,0,561,758,305,342,327,305,587,715,678,305,699
130,1023,0,14,171,0,0,310,305,338,332,305,587,710,709,305,699
290,1023,0,143,1023,0,331,490,305,363,343,305,587,723,696,305,699
467,1023,0,323,1023,0,211,370,305,410,371,305,587,786,755,305,699
363,1023,0,186,1023,0,280,427,305,396,372,305,587,761,737,305,699
421,1023,0,188,1023,0,242,391,305,343,333,305,587,773,763,305,699
276,1023,0,197,1023,0,686,860,305,429,375,305,587,738,723,305,699
321,1023,0,295,1023,0,839,993,306,611,516,305,588,653,608,305,699
468,1023,0,176,1023,0,434,622,305,342,331,305,588,740,720,305,699
370,1023,0,151,1023,0,432,623,305,376,345,305,588,759,734,305,699
551,1023,0,269,1023,0,319,442,305,438,371,305,588,834,787,305,699
497,1023,0,252,1023,0,334,482,305,339,333,305,588,724,707,305,699
468,1023,0,186,1023,0,234,392,305,385,347,305,588,763,754,305,699
562,1023,0,301,1023,0,316,441,305,334,327,305,588,805,778,305,699
490,1023,0,242,1023,0,375,538,305,386,359,305,588,779,737,305,699
472,1023,0,191,1023,0,497,677,305,368,344,305,588,782,765,305,699
383,1023,0,183,1023,0,416,593,305,329,322,305,588,761,730,305,699
419,1023,0,221,1023,0,248,392,305,338,328,305,588,741,706,305,699
392,1023,0,346,1023,0,595,774,305,445,385,305,588,756,740,305,699
553,1023,0,303,1023,0,429,597,305,424,378,305,588,784,760,305,699
323,1023,0,137,1023,0,556,764,305,355,340,305,588,778,757,305,703
467,1023,0,307,1023,0,334,463,305,341,331,305,588,773,750,305,703
344,1023,0,282,1023,0,282,396,305,337,330,305,588,750,716,305,703
455,1023,0,117,1023,0,320,475,305,322,316,305,588,747,732,305,703
374,1023,0,165,1023,0,217,383,305,346,331,305,588,751,742,305,703
413,1023,0,220,1023,0,322,468,305,453,401,305,588,796,771,305,703
420,1023,0,246,1023,0,240,397,305,383,356,305,588,785,766,305,703
539,1023,0,257,1023,0,225,368,305,332,323,305,588,811,793,305,703
250,1023,0,245,1023,0,743,906,305,678,609,305,588,832,820,305,703
144,580,0,240,1023,0,786,933,306,786,708,305,588,802,768,305,703
391,1023,0,334,1023,0,213,378,305,533,479,305,588,762,746,305,703
460,1023,0,282,1023,0,636,819,305,392,356,305,588,715,684,305,703
395,1023,0,222,1023,0,260,407,305,324,322,305,588,749,726,305,703
413,1023,0,219,1023,0,234,381,305,321,315,305,588,788,771,305,703
362,1023,0,247,1023,0,287,426,305,558,475,305,588,735,694,305,703
294,1023,0,162,1023,0,304,443,305,505,440,305,588,723,697,305,703
599,1023,0,272,1023,0,286,430,305,355,338,305,588,760,735,305,703
405,1023,0,188,1023,0,329,482,305,548,494,305,588,791,777,305,703
401,1023,0,141,1023,0,653,853,305,411,380,305,588,758,740,305,703
349,1023,0,148,1023,0,268,410,305,321,323,305,588,770,746,305,703
348,1023,0,139,1023,0,631,837,305,378,360,305,588,758,747,305,703
672,1023,0,481,1023,0,466,644,305,518,465,305,588,862,821,305,703
406,1023,0,189,1023,0,355,528,305,328,329,305,588,795,772,305,703
582,1023,0,341,1023,0,436,616,305,405,371,305,588,828,800,305,703
456,1023,0,193,1023,0,285,434,305,336,322,305,588,781,759,305,703
460,1023,0,266,1023,0,542,737,305,362,348,305,588,790,775,305,703
372,1023,0,155,1023,0,517,710,305,368,339,305,588,769,755,305,703
667,1023,0,367,1023,0,268,401,305,352,332,305,588,787,760,305,703
638,1023,0,344,1023,0,456,632,305,352,329,305,588,824,765,305,703
387,1023,0,359,1023,0,536,696,305,403,353,305,588,726,692,305,703
420,1023,0,216,1023,0,379,544,305,370,344,305,588,784,771,305,703
376,1023,0,256,1023,0,656,835,305,419,374,305,588,766,739,305,703
404,1023,0,269,1023,0,264,403,305,346,327,305,588,782,764,305,703
270,981,0,502,1023,0,306,419,305,439,374,305,588,716,607,305,703
358,1023,0,178,1023,0,727,921,306,482,438,305,588,769,750,305,703
384,1023,0,107,1023,0,204,368,305,338,328,305,588,703,680,305,703
383,1023,0,144,1023,0,330,477,305,333,322,305,588,778,760,305,703
324,1023,0,99,990,0,160,341,305,309,311,305,588,738,725,305,703
424,1023,0,169,1023,0,207,367,305,325,317,305,588,711,672,305,703
387,1023,0,271,1023,0,463,594,305,340,326,305,588,696,664,305,703
324,1023,0,142,1023,0,226,392,305,360,343,305,588,698,671,305,703
201,1023,0,252,1023,0,206,354,305,600,510,305,588,714,669,305,703
342,1023,0,289,1023,0,432,578,305,337,325,305,588,760,720,305,703
428,1023,0,213,1023,0,343,503,305,341,324,305,588,726,701,305,703
361,1023,0,164,1023,0,610,816,305,380,356,305,588,771,750,305,703
383,1023,0,233,1023,0,275,428,305,403,371,305,588,770,757,305,703
439,1023,0,436,1023,0,663,815,305,445,369,305,588,785,757,305,703
524,1023,0,345,1023,0,636,831,305,409,376,305,588,782,765,305,703
426,1023,0,244,1023,0,664,852,305,479,412,305,588,760,733,305,703
388,1023,0,197,1023,0,251,397,305,384,356,305,588,772,751,305,703
702,1023,0,291,1023,0,301,442,305,360,340,305,588,816,745,305,703
452,1023,0,199,1023,0,275,425,305,323,317,305,589,748,727,305,707
379,1023,0,297,1023,0,601,783,305,399,356,305,589,742,699,305,707
740,1023,0,460,1023,0,691,882,305,631,530,305,589,851,758,305,707
520,1023,0,249,1023,0,726,911,305,469,411,305,589,782,759,305,707
443,1023,0,250,1023,0,297,435,305,368,343,305,589,787,757,305,707
441,1023,0,141,1023,0,715,910,305,471,423,305,589,761,741,305,707
303,1023,0,279,1023,0,644,810,305,704,616,305,589,776,728,305,707
391,1023,0,240,1023,0,644,826,305,540,499,305,589,788,762,305,707
283,1023,0,163,1023,0,206,375,305,318,322,305,589,777,765,305,707
424,1023,0,421,1023,0,354,480,305,527,435,305,589,795,758,305,707
453,1023,0,211,1023,0,442,619,305,333,325,305,589,786,759,305,707
363,1023,0,117,1023,0,429,620,305,325,326,305,589,726,716,305,707
255,1023,0,313,1023,0,698,856,305,544,444,305,589,739,696,305,707
350,1023,0,123,1023,0,222,394,305,327,318,305,589,721,696,305,707
441,1023,0,371,1023,0,428,588,305,358,334,305,589,753,724,305,707
527,1023,0,380,1023,0,734,903,305,476,411,305,589,763,719,305,707
342,1023,0,172,1023,0,389,563,305,314,316,305,589,725,709,305,707
683,1023,0,872,1023,0,753,902,305,595,468,305,589,847,775,305,707
509,1023,0,425,1023,0,393,531,305,506,428,305,589,813,783,305,707
418,1023,0,245,1023,0,220,374,305,374,347,305,589,769,744,305,707
326,1023,0,82,856,0,130,350,305,309,312,305,589,737,725,305,707
361,1023,0,128,1023,0,545,738,305,365,345,305,589,761,749,305,707
771,1023,0,712,1023,0,780,952,306,557,471,305,589,817,773,305,707
293,1023,0,222,1023,0,431,609,305,553,497,305,589,779,740,305,707
269,1023,0,122,1023,0,367,558,305,324,317,305,589,772,759,305,707
129,1023,0,13,188,0,88,334,305,327,325,305,589,636,633,305,707
337,1023,0,123,1023,0,366,533,305,355,341,305,589,758,744,305,707
414,1023,0,426,1023,0,624,796,305,384,345,305,589,768,731,305,707
1023,1023,0,819,1023,0,655,852,305,489,369,305,589,886,743,305,707
300,1023,0,88,980,0,156,353,305,324,318,305,589,722,713,305,707
362,1023,0,127,1023,0,246,398,305,387,361,305,589,771,755,305,707
371,1023,0,160,1023,0,522,732,305,342,325,305,589,741,727,305,707
373,1023,0,247,1023,0,774,935,306,537,445,305,589,707,675,305,707
354,1023,0,134,1023,0,220,378,305,319,315,305,589,778,767,305,707
331,1023,0,132,1023,0,197,369,305,339,332,305,589,758,747,305,707
135,1023,0,13,162,0,0,310,305,325,319,305,589,709,703,305,707
277,1023,0,188,1023,0,329,458,305,315,313,305,589,730,696,305,707
356,1023,0,312,1023,0,584,758,305,370,338,305,589,707,686,305,707
298,1023,0,260,1023,0,705,873,305,497,419,305,589,747,714,305,707
442,1023,0,259,1023,0,426,603,305,337,320,305,589,729,704,305,707
490,1023,0,201,1023,0,324,485,305,334,326,305,589,784,746,305,707
380,1023,0,121,1023,0,421,619,305,330,321,305,589,763,752,305,707
431,1023,0,275,1023,0,357,510,305,322,321,305,589,757,737,305,707
441,1023,0,170,1023,0,402,572,305,370,345,305,589,775,762,305,707
386,1023,0,172,1023,0,335,480,305,347,339,305,589,772,757,305,707
291,1023,0,88,970,0,206,386,305,321,327,305,589,751,745,305,707
260,1023,0,117,1023,0,776,980,306,535,502,305,589,741,734,305,707
320,1023,0,116,1023,0,222,367,305,321,314,305,589,743,724,305,707
313,1023,0,179,1023,0,355,511,305,313,314,305,589,719,693,305,707
393,1023,0,233,1023,0,709,889,305,608,539,305,589,792,774,305,707
382,1023,0,220,1023,0,208,365,305,573,501,305,590,792,775,305,707
501,1023,0,307,1023,0,245,385,305,356,338,305,590,786,768,305,711
330,1023,0,223,1023,0,722,918,305,750,709,305,590,779,762,305,711
307,1023,0,193,1023,0,385,535,305,345,319,305,590,742,727,305,711
366,1023,0,144,1023,0,180,353,305,340,333,305,590,763,743,305,711
347,1023,0,138,1023,0,422,616,305,314,319,305,590,751,741,305,711
380,1023,0,146,1023,0,207,361,305,327,319,305,590,765,751,305,711
362,1023,0,248,1023,0,525,706,305,431,375,305,590,781,762,305,711
514,1023,0,181,1023,0,617,810,305,407,372,305,590,764,749,305,711
598,1023,0,313,1023,0,424,605,305,359,340,305,590,834,781,305,711
51,467,0,14,174,0,0,313,305,463,460,305,590,673,671,305,711
395,1023,0,258,1023,0,277,416,305,320,316,305,590,753,699,305,711
508,1023,0,278,1023,0,810,977,306,584,499,305,590,754,734,305,711
375,1023,0,320,1023,0,359,472,305,333,322,305,590,727,698,305,711
346,1023,0,141,1023,0,201,353,305,504,468,305,590,780,766,305,711
364,1023,0,136,1023,0,368,539,305,319,315,305,590,749,734,305,711
198,1023,0,186,1023,0,247,399,305,318,324,305,590,796,765,305,711
415,1023,0,224,1023,0,375,556,305,643,591,305,590,799,780,305,711
970,1023,0,737,1023,0,586,783,305,483,425,305,590,879,831,305,711
495,1023,0,497,1023,0,492,642,305,411,355,305,590,764,732,305,711
437,1023,0,369,1023,0,306,395,305,496,413,305,590,816,738,305,711
604,1023,0,316,1023,0,444,577,305,354,327,305,590,834,770,305,711
491,1023,0,187,1023,0,252,397,305,349,333,305,590,793,779,305,711
508,1023,0,396,1023,0,340,474,305,406,365,305,590,793,751,305,711
310,1023,0,137,1023,0,300,431,305,325,321,305,590,764,755,305,711
339,1023,0,202,1023,0,379,561,305,357,347,305,590,787,774,305,711
442,1023,0,151,1023,0,270,411,305,353,342,305,590,779,766,305,711
328,1023,0,159,1023,0,629,839,305,383,361,305,590,789,777,305,711
283,1023,0,162,1023,0,551,761,305,360,350,305,590,775,763,305,711
326,1023,0,258,1023,0,412,580,305,409,370,305,590,735,714,305,711
284,1023,0,83,880,0,265,424,305,308,314,305,590,754,744,305,711
534,1023,0,285,1023,0,222,371,305,432,385,305,590,763,735,305,711
415,1023,0,146,1023,0,240,393,305,336,336,305,590,750,738,305,711
359,1023,0,148,1023,0,152,342,305,534,496,305,590,764,746,305,711
464,1023,0,227,1023,0,259,401,305,385,351,305,590,779,758,305,711
424,1023,0,146,1023,0,194,365,305,335,329,305,590,761,751,305,711
353,1023,0,110,1023,0,505,714,305,331,330,305,590,754,747,305,711
590,1023,0,288,1023,0,331,470,305,354,338,305,590,781,761,305,711
357,1023,0,125,1023,0,301,451,305,341,328,305,590,768,759,305,711
449,1023,0,231,1023,0,382,542,305,359,338,305,590,787,770,305,711
483,1023,0,216,1023,0,610,790,305,389,356,305,590,765,746,305,711
568,1023,0,418,1023,0,379,498,305,361,329,305,590,737,692,305,711
417,1023,0,272,1023,0,366,522,305,344,325,305,590,771,735,305,711
387,1023,0,293,1023,0,628,800,305,381,343,305,590,764,725,305,711
329,1023,0,217,1023,0,457,627,305,379,347,305,590,766,749,305,711
284,1023,0,130,1023,0,654,856,305,491,448,305,590,771,759,305,711
573,1023,0,450,1023,0,372,551,305,578,516,305,591,840,810,305,716
352,1023,0,142,1023,0,238,409,305,334,329,305,591,762,746,305,716
458,1023,0,424,1023,0,431,588,305,334,327,305,591,806,774,305,716
374,1023,0,186,1023,0,200,366,305,457,408,305,591,777,763,305,716
456,1023,0,277,1023,0,489,665,305,393,353,305,591,788,759,305,716
353,1023,0,123,1023,0,123,334,305,315,317,305,591,726,716,305,716
319,1023,0,143,1023,0,239,394,305,347,333,305,591,756,744,305,716
353,1023,0,191,1023,0,514,715,305,371,349,305,591,781,762,305,716
660,1023,0,388,1023,0,748,939,306,553,468,305,591,828,791,305,716
480,1023,0,296,1023,0,705,865,305,453,384,305,591,772,748,305,716
342,1023,0,155,1023,0,435,634,305,333,325,305,591,783,764,305,716
484,1023,0,227,1023,0,203,370,305,338,331,305,591,788,760,305,716
617,1023,0,257,1023,0,455,628,305,374,340,305,591,835,780,305,716
468,1023,0,200,1023,0,291,437,305,333,329,305,591,764,746,305,716
366,1023,0,176,1023,0,262,415,305,319,317,305,591,778,767,305,716
1023,1023,0,891,1023,0,336,411,305,452,373,305,591,914,821,305,716
359,1023,0,191,1023,0,479,676,305,343,330,305,591,759,749,305,716
428,1023,0,269,1023,0,353,498,305,332,327,305,591,736,703,305,716
367,1023,0,137,1023,0,236,400,305,346,334,305,591,754,741,305,716
351,1023,0,114,1023,0,387,574,305,333,325,305,591,702,683,305,716
359,1023,0,187,1023,0,265,417,305,327,323,305,591,773,734,305,716
515,1023,0,176,1023,0,210,370,305,323,319,305,591,771,758,305,716
387,1023,0,402,1023,0,433,591,305,338,330,305,591,807,777,305,716
459,1023,0,358,1023,0,240,391,305,502,447,305,591,786,765,305,716
342,1023,0,182,1023,0,379,562,305,334,326,305,591,791,780,305,716
387,1023,0,230,1023,0,200,362,305,447,397,305,591,766,738,305,716
407,1023,0,196,1023,0,649,845,305,401,363,305,591,767,742,305,716
409,1023,0,156,1023,0,235,381,305,335,331,305,591,757,748,305,716
339,1023,0,148,1023,0,146,341,305,360,343,305,591,770,753,305,716
484,1023,0,237,1023,0,513,704,305,355,335,305,591,808,777,305,716
429,1023,0,234,1023,0,444,614,305,448,388,305,591,769,752,305,716
395,1023,0,221,1023,0,771,948,306,602,533,305,591,773,756,305,716
411,1023,0,233,1023,0,420,601,305,340,324,305,591,780,762,305,716
665,1023,0,451,1023,0,635,805,305,485,416,305,591,792,736,305,716
413,1023,0,229,1023,0,474,669,305,534,477,305,591,781,753,305,716
577,1023,0,258,1023,0,437,617,305,383,345,305,591,830,791,305,716
372,1023,0,121,1023,0,224,387,305,348,343,305,591,749,738,305,716
452,1023,0,174,1023,0,405,578,305,372,343,305,591,776,765,305,716
295,1023,0,128,1023,0,206,365,305,316,316,305,591,771,761,305,716
308,1023,0,156,1023,0,457,649,305,343,332,305,591,744,728,305,716
390,1023,0,262,1023,0,262,398,305,331,317,305,591,768,750,305,716
524,1023,0,553,1023,0,349,469,305,329,321,305,591,777,710,305,716
438,1023,0,218,1023,0,222,381,305,333,325,305,591,782,763,305,716
331,1023,0,186,1023,0,406,560,305,384,356,305,591,768,754,305,720
383,1023,0,267,1023,0,615,787,305,495,420,305,591,793,771,305,720
547,1023,0,362,1023,0,506,690,305,348,330,305,591,782,765,305,720
399,1023,0,206,1023,0,267,416,305,421,384,305,591,774,753,305,720
371,1023,0,308,1023,0,266,411,305,446,399,305,592,789,776,305,720
1023,1023,0,599,1023,0,684,829,305,493,380,305,592,860,788,305,720
840,1023,0,575,1023,0,856,1023,306,642,578,305,592,853,828,305,720
355,1023,0,113,1023,0,220,375,305,326,317,305,592,757,744,305,720
445,1023,0,123,1023,0,620,815,305,380,356,305,592,762,746,305,720
544,1023,0,350,1023,0,749,928,306,530,443,305,592,795,726,305,720
473,1023,0,196,1023,0,203,369,305,338,325,305,592,782,762,305,720
572,1023,0,295,1023,0,492,675,305,442,396,305,592,775,757,305,720
348,1023,0,151,1023,0,169,345,305,308,311,305,592,704,685,305,720
841,1023,0,837,1023,0,803,951,306,627,526,305,592,813,759,305,720
572,1023,0,393,1023,0,701,871,305,495,417,305,592,817,792,305,720
509,1023,0,556,1023,0,421,533,305,370,331,305,592,792,735,305,720
1023,1023,0,965,1023,0,544,669,305,593,433,305,592,925,847,305,720
639,1023,0,375,1023,0,562,730,305,389,348,305,592,799,776,305,720
386,1023,0,358,1023,0,668,847,305,515,436,305,592,763,746,305,720
406,1023,0,356,1023,0,450,615,305,327,315,305,592,765,728,305,720
387,1023,0,194,1023,0,295,429,305,321,316,305,592,742,717,305,720
401,1023,0,188,1023,0,204,362,305,346,331,305,592,761,747,305,720
318,1023,0,286,1023,0,403,554,305,324,315,305,592,740,715,305,720
1023,1023,0,1023,1023,0,803,937,306,764,676,305,592,930,826,305,720
205,1023,0,172,1023,0,785,955,306,589,501,305,592,736,702,305,720
444,1023,0,237,1023,0,346,499,305,398,359,305,592,764,731,305,720
202,1023,0,235,1023,0,276,391,305,685,628,305,592,843,812,305,720
419,1023,0,197,1023,0,164,354,305,320,316,305,592,756,727,305,720
403,1023,0,311,1023,0,275,404,305,482,462,305,592,794,772,305,720
646,1023,0,741,1023,0,422,575,305,627,544,305,592,858,829,305,720
402,1023,0,224,1023,0,436,618,305,365,344,305,592,778,751,305,720
462,1023,0,170,1023,0,332,491,305,332,326,305,592,745,723,305,720
265,1023,0,187,1023,0,788,966,306,549,478,305,592,736,706,305,720
402,1023,0,128,1023,0,222,373,305,311,314,305,592,701,685,305,720
827,1023,0,355,1023,0,428,558,305,405,348,305,592,825,750,305,720
385,1023,0,136,1023,0,335,492,305,328,323,305,592,754,743,305,720
317,1023,0,114,1023,0,379,565,305,328,328,305,592,775,763,305,720
453,1023,0,288,1023,0,373,525,305,328,323,305,592,783,760,305,720
356,1023,0,177,1023,0,145,342,305,362,342,305,592,752,733,305,720
295,1023,0,205,1023,0,311,449,305,320,312,305,592,747,717,305,720
438,1023,0,295,1023,0,539,715,305,355,334,305,592,706,674,305,720
451,1023,0,305,1023,0,482,659,305,365,345,305,592,789,770,305,720
399,1023,0,281,1023,0,297,425,305,420,378,305,592,745,717,305,720
420,1023,0,133,1023,0,296,436,305,323,319,305,592,770,763,305,720
438,1023,0,217,1023,0,548,744,305,385,352,305,592,758,736,305,720
320,1023,0,291,1023,0,268,402,305,725,641,305,592,776,747,305,720
336,1023,0,125,1023,0,191,368,305,346,338,305,592,747,738,305,720
271,1023,0,415,1023,0,782,934,306,548,445,305,592,743,701,305,720
416,1023,0,211,1023,0,752,941,306,509,446,305,592,730,719,305,720
242,1023,0,213,1023,0,631,813,305,531,452,305,592,794,768,305,720
554,1023,0,229,1023,0,584,763,305,375,346,305,592,775,761,305,720
388,1023,0,148,1023,0,595,799,305,395,373,305,592,790,778,305,720
345,1023,0,237,1023,0,701,886,305,499,429,305,592,765,750,305,720
438,1023,0,337,1023,0,812,974,306,578,488,305,592,690,650,305,724
283,1023,0,214,1023,0,776,949,306,717,653,305,592,752,706,305,724
336,1023,0,200,1023,0,477,681,305,345,338,305,592,783,772,305,724
353,1023,0,427,1023,0,412,559,305,390,346,305,592,780,750,305,724
560,1023,0,411,1023,0,762,932,306,541,458,305,593,758,720,305,724
305,1023,0,239,1023,0,772,939,306,524,441,305,593,673,647,305,724
420,1023,0,203,1023,0,154,343,305,325,319,305,593,748,736,305,724
343,1023,0,198,1023,0,519,715,305,344,327,305,593,785,771,305,724
656,1023,0,294,1023,0,635,796,305,441,374,305,593,781,749,305,724
463,1023,0,224,1023,0,431,617,305,329,322,305,593,772,746,305,724
523,1023,0,567,1023,0,337,466,305,351,345,305,593,811,781,305,724
464,1023,0,484,1023,0,327,435,305,334,320,305,593,745,704,305,724
319,1023,0,423,1023,0,730,893,305,530,433,305,593,779,731,305,724
641,1023,0,441,1023,0,452,605,305,509,421,305,593,837,787,305,724
347,1023,0,213,1023,0,588,781,305,366,344,305,593,748,726,305,724
315,1023,0,154,1023,0,508,705,305,336,326,305,593,765,735,305,724
319,1023,0,195,1023,0,516,732,305,345,341,305,593,785,773,305,724
400,1023,0,189,1023,0,405,588,305,327,322,305,593,786,763,305,724
427,1023,0,221,1023,0,194,354,305,450,396,305,593,772,733,305,724
379,1023,0,340,1023,0,321,463,305,338,321,305,593,753,720,305,724
397,1023,0,149,1023,0,581,780,305,375,355,305,593,756,742,305,724
417,1023,0,217,1023,0,302,445,305,356,341,305,593,768,743,305,724
339,1023,0,164,1023,0,486,679,305,413,380,305,593,771,757,305,724
355,1023,0,211,1023,0,254,406,305,453,412,305,593,793,777,305,724
341,1023,0,167,1023,0,216,367,305,331,328,305,593,765,749,305,724
387,1023,0,167,1023,0,175,345,305,337,328,305,593,749,734,305,724
435,1023,0,176,1023,0,434,610,305,329,321,305,593,714,686,305,724
349,1023,0,143,1023,0,487,683,305,387,366,305,593,777,756,305,724
266,1023,0,114,1016,0,752,948,306,504,456,305,593,727,718,305,724
345,1023,0,199,1023,0,251,393,305,551,475,305,593,764,729,305,724
498,1023,0,247,1023,0,208,369,305,438,389,305,593,769,748,305,724
480,1023,0,320,1023,0,525,701,305,352,329,305,593,780,751,305,724
536,1023,0,345,1023,0,295,433,305,331,321,305,593,772,751,305,724
696,1023,0,394,1023,0,324,449,305,364,336,305,593,797,759,305,724
494,1023,0,305,1023,0,383,527,305,463,440,305,593,732,698,305,724
224,921,0,320,1023,0,291,408,305,558,464,305,593,775,721,305,724
440,1023,0,259,1023,0,493,676,305,483,427,305,593,787,754,305,724
357,1023,0,191,1023,0,293,431,305,350,337,305,593,765,744,305,724
465,1023,0,260,1023,0,389,555,305,347,328,305,593,748,727,305,724
371,1023,0,129,1023,0,583,779,305,364,341,305,593,741,729,305,724
207,911,0,407,1023,0,563,703,305,726,621,305,593,850,805,305,724
424,1023,0,139,1023,0,592,778,305,366,341,305,593,737,719,305,724
689,1023,0,422,1023,0,719,903,305,626,573,305,593,846,789,305,724
380,1023,0,177,1023,0,586,792,305,371,356,305,593,776,761,305,724
349,1023,0,153,1023,0,251,404,305,364,343,305,593,750,733,305,724
446,1023,0,164,1023,0,340,497,305,321,314,305,593,754,731,305,724
490,1023,0,310,1023,0,542,722,305,519,433,305,593,763,740,305,724
474,1023,0,297,1023,0,314,447,305,347,328,305,593,759,728,305,724
410,1023,0,194,1023,0,230,376,305,326,318,305,593,779,755,305,728
377,1023,0,153,1023,0,424,619,305,346,337,305,593,771,761,305,728
377,1023,0,167,1023,0,654,855,305,404,372,305,593,743,715,305,728
366,1023,0,254,1023,0,712,905,305,466,416,305,593,808,782,305,728
243,1023,0,205,1023,0,534,713,305,335,323,305,593,754,737,305,728
358,1023,0,136,1023,0,494,698,305,337,330,305,593,774,761,305,728
537,1023,0,285,1023,0,521,698,305,492,426,305,593,828,807,305,728
416,1023,0,388,1023,0,547,741,305,405,365,305,593,787,761,305,728
275,1023,0,261,1023,0,493,672,305,341,328,305,593,775,741,305,728
370,1023,0,296,1023,0,205,372,305,353,333,305,594,777,754,305,728
358,1023,0,209,1023,0,298,438,305,340,333,305,594,767,742,305,728
371,1023,0,192,1023,0,457,642,305,380,351,305,594,769,756,305,728
371,1023,0,145,1023,0,285,424,305,342,322,305,594,768,751,305,728
441,1023,0,225,1023,0,206,362,305,344,334,305,594,748,733,305,728
306,1023,0,166,1023,0,531,710,305,415,363,305,594,745,727,305,728
387,1023,0,165,1023,0,295,444,305,334,322,305,594,738,720,305,728
540,1023,0,165,1023,0,697,893,305,471,428,305,594,783,768,305,728
467,1023,0,232,1023,0,244,390,305,364,338,305,594,781,745,305,728
340,1023,0,123,1023,0,152,349,305,315,315,305,594,747,731,305,728
311,1023,0,307,1023,0,451,580,305,319,315,305,594,777,744,305,728
317,1023,0,127,1023,0,662,862,305,563,517,305,594,748,734,305,728
486,1023,0,211,1023,0,591,782,305,374,348,305,594,774,755,305,728
356,1023,0,170,1023,0,674,874,305,429,390,305,594,765,743,305,728
271,1023,0,92,951,0,143,337,305,303,311,305,594,732,723,305,728
419,1023,0,216,1023,0,486,671,305,330,322,305,594,779,752,305,728
523,1023,0,287,1023,0,345,478,305,360,342,305,594,784,763,305,728
462,1023,0,230,1023,0,175,350,305,323,324,305,594,778,759,305,728
277,1023,0,119,1023,0,227,399,305,320,322,305,594,768,759,305,728
435,1023,0,253,1023,0,374,530,305,329,315,305,594,755,736,305,728
358,1023,0,193,1023,0,559,744,305,426,376,305,594,703,658,305,728
592,1023,0,424,1023,0,759,932,306,532,449,305,594,834,807,305,728
316,1023,0,148,1023,0,303,452,305,328,320,305,594,751,727,305,728
409,1023,0,113,1023,0,344,511,305,318,318,305,594,748,735,305,728
379,1023,0,205,1023,0,480,673,305,434,391,305,594,781,759,305,728
306,1023,0,107,1023,0,152,338,305,324,316,305,594,762,752,305,728
416,1023,0,226,1023,0,385,535,305,371,349,305,594,785,764,305,728
252,1023,0,237,1023,0,692,874,305,538,463,305,594,784,758,305,728
498,1023,0,270,1023,0,577,762,305,423,382,305,594,788,770,305,728
381,1023,0,194,1023,0,253,399,305,337,327,305,594,764,751,305,728
303,1023,0,147,1023,0,223,376,305,329,324,305,594,765,757,305,728
934,1023,0,905,1023,0,757,887,305,577,441,305,594,891,821,305,728
356,1023,0,118,1023,0,254,405,305,333,322,305,594,740,717,305,728
456,1023,0,291,1023,0,217,371,305,664,594,305,594,798,770,305,728
359,1023,0,154,1023,0,348,517,305,332,323,305,594,779,768,305,728
363,1023,0,225,1023,0,314,452,305,411,371,305,594,787,770,305,728
358,1023,0,345,1023,0,312,444,305,381,344,305,594,746,714,305,728
426,1023,0,218,1023,0,653,844,305,419,381,305,594,792,780,305,728
322,1023,0,217,1023,0,309,442,305,489,424,305,594,712,671,305,728
303,1023,0,103,1015,0,161,345,305,320,323,305,594,744,733,305,728
834,1023,0,494,1023,0,447,598,305,375,329,305,594,844,809,305,728
542,1023,0,322,1023,0,234,384,305,337,323,305,594,743,723,305,728
311,1023,0,341,1023,0,275,384,305,390,349,305,594,844,814,305,732
122,453,0,330,1023,0,878,1007,307,703,591,305,594,800,760,305,732
435,1023,0,277,1023,0,322,462,305,346,332,305,594,767,740,305,732
411,1023,0,237,1023,0,235,378,305,372,341,305,594,765,740,305,732
1023,1023,0,1023,1023,0,432,567,305,621,559,305,594,964,904,305,732
415,1023,0,220,1023,0,408,591,305,334,324,305,594,762,744,305,732
356,1023,0,230,1023,0,326,447,305,314,318,305,594,736,707,305,732
368,1023,0,172,1023,0,468,648,305,412,374,305,594,767,748,305,732
455,1023,0,243,1023,0,838,1018,306,619,555,305,594,761,744,305,732
371,1023,0,205,1023,0,460,652,305,322,314,305,594,714,692,305,732
442,1023,0,175,1023,0,206,367,305,344,335,305,595,775,755,305,732
287,1023,0,118,1023,0,481,692,305,340,328,305,595,755,741,305,732
510,1023,0,217,1023,0,176,343,305,357,335,305,595,757,740,305,732
308,1023,0,91,954,0,748,953,306,492,458,305,595,762,754,305,732
399,1023,0,333,1023,0,469,627,305,337,323,305,595,719,689,305,732
447,1023,0,246,1023,0,231,397,305,341,333,305,595,742,730,305,732
498,1023,0,380,1023,0,813,982,306,604,523,305,595,786,766,305,732
306,1023,0,235,1023,0,484,650,305,333,318,305,595,756,732,305,732
500,1023,0,310,1023,0,642,822,305,415,374,305,595,810,794,305,732
352,1023,0,165,1023,0,679,878,305,414,383,305,595,769,740,305,732
425,1023,0,303,1023,0,676,860,305,453,399,305,595,813,783,305,732
368,1023,0,236,1023,0,577,769,305,387,354,305,595,730,702,305,732
296,1023,0,188,1023,0,663,836,305,426,370,305,595,728,704,305,732
420,1023,0,180,1023,0,313,439,305,429,368,305,595,729,704,305,732
867,1023,0,797,1023,0,696,867,305,548,403,305,595,855,775,305,732
413,1023,0,224,1023,0,414,595,305,377,352,305,595,790,770,305,732
319,1023,0,216,1023,0,494,685,305,459,410,305,595,750,723,305,732
303,1023,0,291,1023,0,612,790,305,386,352,305,595,756,726,305,732
472,1023,0,217,1023,0,528,711,305,435,385,305,595,762,747,305,732
435,1023,0,167,1023,0,355,522,305,332,322,305,595,735,714,305,732
436,1023,0,320,1023,0,414,571,305,397,358,305,595,792,772,305,732
277,1023,0,143,1023,0,395,579,305,503,458,305,595,780,771,305,732
361,1023,0,142,1023,0,224,379,305,327,325,305,595,762,749,305,732
324,1023,0,291,1023,0,428,585,305,657,576,305,595,785,733,305,732
449,1023,0,271,1023,0,654,839,305,440,383,305,595,746,718,305,732
342,1023,0,110,1023,0,125,334,305,342,342,305,595,705,691,305,732
346,1023,0,210,1023,0,302,451,305,347,332,305,595,776,745,305,732
546,1023,0,303,1023,0,653,844,305,480,420,305,595,792,757,305,732
316,1023,0,121,1023,0,212,374,305,343,333,305,595,756,735,305,732
293,1023,0,189,1023,0,310,461,305,353,333,305,595,775,762,305,736
409,1023,0,247,1023,0,482,670,305,463,416,305,595,791,770,305,736
308,1023,0,185,1023,0,283,422,305,411,380,305,595,755,732,305,736
332,1023,0,143,1023,0,628,833,305,376,360,305,595,760,752,305,736
408,1023,0,194,1023,0,751,934,306,502,435,305,595,772,748,305,736
343,1023,0,132,1023,0,656,861,305,418,387,305,595,754,744,305,736
323,1023,0,133,1023,0,270,424,305,387,357,305,595,738,728,305,736
372,1023,0,173,1023,0,480,657,305,428,373,305,595,760,743,305,736
341,1023,0,105,1023,0,328,501,305,321,316,305,595,769,760,305,736
389,1023,0,223,1023,0,681,860,305,534,463,305,595,774,757,305,736
423,1023,0,205,1023,0,439,614,305,366,337,305,595,783,767,305,736
328,1023,0,166,1023,0,312,474,305,336,322,305,595,733,717,305,736
441,1023,0,194,1023,0,432,621,305,356,331,305,595,763,747,305,736
541,1023,0,279,1023,0,289,412,305,420,380,305,595,776,752,305,736
304,1023,0,141,1023,0,461,666,305,340,330,305,595,755,743,305,736
244,1023,0,248,1023,0,755,925,306,584,498,305,595,804,780,305,736
332,1023,0,145,1023,0,693,890,305,458,407,305,595,752,739,305,736
404,1023,0,168,1023,0,282,433,305,339,325,305,595,734,719,305,736
428,1023,0,268,1023,0,214,371,305,422,385,305,595,775,744,305,736
391,1023,0,148,1023,0,491,695,305,352,336,305,596,772,759,305,736
330,1023,0,276,1023,0,380,513,305,398,349,305,596,761,726,305,736
464,1023,0,218,1023,0,330,477,305,338,333,305,596,742,732,305,736
491,1023,0,235,1023,0,179,366,305,317,320,305,596,762,744,305,736
388,1023,0,231,1023,0,460,635,305,334,322,305,596,645,629,305,736
449,1023,0,533,1023,0,691,850,305,447,373,305,596,727,695,305,736
342,1023,0,139,1023,0,259,408,305,309,311,305,596,756,743,305,736
251,1023,0,373,1023,0,656,823,305,451,384,305,596,817,780,305,736
428,1023,0,363,1023,0,742,906,305,505,415,305,596,815,772,305,736
385,1023,0,144,1023,0,381,569,305,391,363,305,596,756,742,305,736
418,1023,0,177,1023,0,384,551,305,337,324,305,596,765,747,305,736
347,1023,0,151,1023,0,613,805,305,368,348,305,596,722,703,305,736
402,1023,0,161,1023,0,417,601,305,346,335,305,596,757,730,305,736
452,1023,0,252,1023,0,438,613,305,326,322,305,596,757,739,305,736
806,1023,0,487,1023,0,280,376,305,364,341,305,596,840,765,305,736
466,1023,0,204,1023,0,262,407,305,387,360,305,596,770,751,305,736
718,1023,0,505,1023,0,403,523,305,425,365,305,596,846,799,305,736
496,1023,0,423,1023,0,298,431,305,373,340,305,596,810,787,305,736
438,1023,0,189,1023,0,205,368,305,379,346,305,596,757,719,305,736
398,1023,0,259,1023,0,268,403,305,358,338,305,596,757,737,305,736
318,1023,0,129,1023,0,268,420,305,326,322,305,596,761,741,305,736
400,1023,0,271,1023,0,405,570,305,333,324,305,596,771,749,305,736
346,1023,0,222,1023,0,366,528,305,333,320,305,596,753,741,305,736
340,1023,0,109,1023,0,751,951,306,495,455,305,596,695,688,305,736
524,1023,0,284,1023,0,625,807,305,387,357,305,596,758,735,305,736
300,1023,0,189,1023,0,721,908,305,467,409,305,596,711,692,305,740
249,1023,0,225,1023,0,384,527,305,331,317,305,596,728,691,305,740
448,1023,0,264,1023,0,367,529,305,466,392,305,596,775,759,305,740
804,1023,0,443,1023,0,587,770,305,473,376,305,596,823,763,305,740
387,1023,0,170,1023,0,243,391,305,328,321,305,596,763,734,305,740
364,1023,0,291,1023,0,352,499,305,325,318,305,596,777,748,305,740
448,1023,0,222,1023,0,195,360,305,394,373,305,596,780,742,305,740
260,1023,0,114,1023,0,602,810,305,386,363,305,596,774,762,305,740
413,1023,0,261,1023,0,295,428,305,368,340,305,596,786,763,305,740
548,1023,0,206,1023,0,193,362,305,316,314,305,596,801,778,305,740
362,1023,0,148,1023,0,270,416,305,328,323,305,596,764,756,305,740
439,1023,0,268,1023,0,665,843,305,421,369,305,596,739,714,305,740
661,1023,0,552,1023,0,792,937,306,580,461,305,596,833,812,305,740
534,1023,0,195,1023,0,725,913,305,474,423,305,596,802,788,305,740
328,1023,0,272,1023,0,504,687,305,324,322,305,596,717,699,305,740
517,1023,0,299,1023,0,783,959,306,570,494,305,596,726,692,305,740
293,1023,0,153,1023,0,485,678,305,327,327,305,596,738,725,305,740
289,1023,0,328,1023,0,734,895,305,509,412,305,596,827,790,305,740
768,1023,0,312,1023,0,268,377,305,358,334,305,596,824,775,305,740
338,1023,0,109,1023,0,425,623,305,331,323,305,596,737,724,305,740
384,1023,0,166,1023,0,221,379,305,320,315,305,596,740,729,305,740
373,1023,0,126,1023,0,176,355,305,324,323,305,597,717,707,305,740
686,1023,0,456,1023,0,952,1023,306,748,697,305,597,821,784,305,740
519,1023,0,663,1023,0,777,947,306,559,468,305,597,809,773,305,740
374,1023,0,146,1023,0,200,366,305,319,322,305,597,762,749,305,740
309,1023,0,171,1023,0,678,839,305,463,385,305,597,706,678,305,740
275,1023,0,170,1023,0,186,365,305,733,683,305,597,733,700,305,740
441,1023,0,168,1023,0,211,369,305,325,319,305,597,764,732,305,740
378,1023,0,120,1023,0,307,449,305,332,323,305,597,747,735,305,740
528,1023,0,288,1023,0,487,660,305,342,331,305,597,748,709,305,740
380,1023,0,143,1023,0,585,787,305,369,343,305,597,780,768,305,740
493,1023,0,214,1023,0,447,614,305,343,323,305,597,774,762,305,740
437,1023,0,324,1023,0,806,963,306,568,471,305,597,725,693,305,740
390,1023,0,181,1023,0,264,405,305,317,318,305,597,761,752,305,740
366,1023,0,135,1023,0,412,602,305,331,319,305,597,778,762,305,740
368,1023,0,200,1023,0,327,477,305,322,322,305,597,774,753,305,740
509,1023,0,257,1023,0,518,687,305,526,452,305,597,811,796,305,744
312,1023,0,187,1023,0,217,371,305,379,351,305,597,731,695,305,744
355,1023,0,237,1023,0,234,382,305,718,649,305,597,771,727,305,744
298,1023,0,187,1023,0,572,752,305,355,331,305,597,722,699,305,744
360,1023,0,395,1023,0,279,394,305,318,318,305,597,775,733,305,744
505,1023,0,267,1023,0,603,787,305,504,429,305,597,795,777,305,744
370,1023,0,271,1023,0,358,498,305,340,326,305,597,778,738,305,744
370,1023,0,200,1023,0,539,730,305,360,350,305,597,708,675,305,744
327,1023,0,126,1023,0,163,349,305,367,353,305,597,766,756,305,744
393,1023,0,228,1023,0,328,482,305,385,357,305,597,767,748,305,744
446,1023,0,231,1023,0,678,870,305,415,372,305,597,769,748,305,744
117,998,0,20,250,0,18,316,305,327,329,305,597,733,731,305,744
411,1023,0,194,1023,0,320,465,305,387,362,305,597,778,762,305,744
426,1023,0,146,1023,0,535,728,305,361,343,305,597,773,754,305,744
460,1023,0,335,1023,0,402,550,305,373,337,305,597,836,792,305,744
327,1023,0,121,1023,0,608,820,305,381,358,305,597,767,750,305,744
443,1023,0,161,1023,0,379,562,305,345,331,305,597,791,780,305,744
372,1023,0,312,1023,0,514,692,305,360,340,305,597,775,738,305,744
368,1023,0,406,1023,0,400,551,305,395,356,305,597,790,766,305,744
509,1023,0,322,1023,0,332,469,305,364,335,305,597,789,762,305,744
444,1023,0,179,1023,0,278,434,305,340,332,305,597,739,718,305,744
403,1023,0,189,1023,0,437,618,305,331,317,305,597,766,752,305,744
331,1023,0,124,1023,0,293,453,305,319,314,305,597,730,717,305,744
341,1023,0,175,1023,0,365,538,305,377,356,305,597,764,734,305,744
325,1023,0,155,1023,0,227,383,305,338,322,305,597,737,723,305,744
512,1023,0,290,1023,0,275,419,305,410,367,305,597,796,770,305,744
402,1023,0,248,1023,0,467,653,305,351,338,305,597,735,718,305,744
328,1023,0,367,1023,0,382,509,305,407,364,305,597,750,703,305,744
440,1023,0,367,1023,0,273,411,305,357,334,305,597,780,761,305,744
1023,1023,0,1023,1023,0,683,850,305,686,606,305,597,947,877,305,744
386,1023,0,190,1023,0,241,388,305,368,354,305,597,766,752,305,744
680,1023,0,312,1023,0,229,378,305,365,345,305,597,815,796,305,744
375,1023,0,179,1023,0,603,797,305,377,356,305,597,744,732,305,744
439,1023,0,233,1023,0,195,357,305,326,317,305,598,761,738,305,748
421,1023,0,259,1023,0,352,502,305,337,332,305,598,747,730,305,748
412,1023,0,166,1023,0,198,370,305,322,319,305,598,747,711,305,748
356,1023,0,153,1023,0,417,600,305,351,337,305,598,772,761,305,748
374,1023,0,293,1023,0,573,770,305,432,390,305,598,795,770,305,748
434,1023,0,447,1023,0,578,752,305,384,350,305,598,730,699,305,748
429,1023,0,245,1023,0,247,380,305,309,316,305,598,814,802,305,748
336,1023,0,283,1023,0,410,559,305,384,353,305,598,741,715,305,748
358,1023,0,130,1023,0,153,347,305,317,310,305,598,758,739,305,748
769,1023,0,427,1023,0,698,876,305,478,401,305,598,798,739,305,748
336,1023,0,120,1023,0,677,884,305,416,391,305,598,691,671,305,748
390,1023,0,208,1023,0,707,903,305,498,440,305,598,788,769,305,748
337,1023,0,338,1023,0,349,473,305,332,322,305,598,750,731,305,748
335,1023,0,204,1023,0,240,388,305,459,394,305,598,748,730,305,748
258,1023,0,195,1023,0,325,474,305,579,513,305,598,744,721,305,748
447,1023,0,238,1023,0,298,441,305,363,340,305,598,767,743,305,748
422,1023,0,219,1023,0,386,554,305,329,321,305,598,766,748,305,748
349,1023,0,159,1023,0,267,417,305,340,333,305,598,764,755,305,748
267,1023,0,90,951,0,594,811,305,360,354,305,598,735,727,305,748
391,1023,0,159,1023,0,459,652,305,332,322,305,598,750,733,305,748
525,1023,0,208,1023,0,225,380,305,323,317,305,598,784,758,305,748
793,1023,0,539,1023,0,419,539,305,374,340,305,598,863,818,305,748
410,1023,0,251,1023,0,542,727,305,462,402,305,598,746,718,305,748
598,1023,0,280,1023,0,573,729,305,367,331,305,598,817,766,305,748
465,1023,0,193,1023,0,392,566,305,337,327,305,598,755,739,305,748
316,1023,0,141,1023,0,234,377,305,319,314,305,598,686,666,305,748
657,1023,0,282,1023,0,320,430,305,355,333,305,598,836,816,305,748
357,1023,0,409,1023,0,390,542,305,699,640,305,598,847,827,305,748
345,1023,0,183,1023,0,352,521,305,563,502,305,598,759,737,305,748
393,1023,0,279,1023,0,808,983,306,570,500,305,598,712,667,305,748
258,1023,0,151,1023,0,444,650,305,354,344,305,598,759,750,305,748
512,1023,0,340,1023,0,339,483,305,349,326,305,598,783,748,305,748
585,1023,0,349,1023,0,535,689,305,443,380,305,598,800,773,305,748
385,1023,0,227,1023,0,529,710,305,409,365,305,598,793,767,305,748
277,1023,0,160,1023,0,204,362,305,337,326,305,598,773,757,305,748
662,1023,0,382,1023,0,614,784,305,443,377,305,598,775,754,305,748
380,1023,0,202,1023,0,460,657,305,328,323,305,598,727,700,305,748
377,1023,0,174,1023,0,263,418,305,338,328,305,598,759,734,305,748
539,1023,0,353,1023,0,446,593,305,349,328,305,598,804,769,305,748
444,1023,0,285,1023,0,487,676,305,339,332,305,598,760,741,305,748
503,1023,0,242,1023,0,435,619,305,330,322,305,598,786,774,305,748
360,1023,0,132,1023,0,224,371,305,336,322,305,598,766,740,305,748
338,1023,0,368,1023,0,478,636,305,330,322,305,598,813,779,305,748
351,1023,0,148,1023,0,315,474,305,347,330,305,598,713,694,305,748
350,1023,0,158,1023,0,455,640,305,321,318,305,598,755,743,305,748
378,1023,0,528,1023,0,723,875,305,746,650,305,598,854,803,305,748
404,1023,0,221,1023,0,228,374,305,548,473,305,598,788,772,305,748
675,1023,0,661,1023,0,456,584,305,378,337,305,598,825,793,305,748
521,1023,0,515,1023,0,551,716,305,553,483,305,598,838,809,305,748
439,1023,0,300,1023,0,430,619,305,353,329,305,598,761,732,305,748
468,1023,0,374,1023,0,429,597,305,413,350,305,598,788,769,305,748
292,1023,0,185,1023,0,624,808,305,388,351,305,598,727,702,305,748
489,1023,0,199,1023,0,220,361,305,330,321,305,598,772,745,305,748
465,1023,0,328,1023,0,641,830,305,403,367,305,598,781,763,305,748
451,1023,0,261,1023,0,422,585,305,332,323,305,598,732,721,305,748
482,1023,0,282,1023,0,633,822,305,448,392,305,598,784,759,305,748
1023,1023,0,657,1023,0,298,404,305,413,356,305,598,867,800,305,753
357,1023,0,149,1023,0,463,657,305,337,326,305,598,761,746,305,753
291,1023,0,108,1023,0,161,346,305,335,328,305,598,743,732,305,753
434,1023,0,160,1023,0,541,745,305,341,333,305,598,770,758,305,753
482,1023,0,380,1023,0,352,497,305,324,319,305,598,706,679,305,753
597,1023,0,363,1023,0,447,615,305,470,414,305,598,824,812,305,753
413,1023,0,340,1023,0,305,445,305,361,341,305,598,781,757,305,753
265,1023,0,379,1023,0,946,1023,307,758,680,305,598,722,675,305,753
470,1023,0,191,1023,0,493,686,305,335,326,305,599,665,644,305,753
345,1023,0,173,1023,0,340,483,305,354,337,305,599,765,750,305,753
376,1023,0,151,1023,0,258,402,305,360,341,305,599,770,750,305,753
289,1023,0,220,1023,0,523,702,305,614,536,305,599,751,726,305,753
493,1023,0,227,1023,0,226,373,305,338,330,305,599,764,728,305,753
356,1023,0,115,1023,0,157,347,305,316,314,305,599,755,743,305,753
471,1023,0,201,1023,0,231,375,305,332,325,305,599,793,776,305,753
433,1023,0,234,1023,0,365,534,305,379,355,305,599,794,767,305,753
378,1023,0,122,1023,0,212,370,305,317,316,305,599,770,749,305,753
444,1023,0,199,1023,0,510,703,305,385,357,305,599,766,751,305,753
398,1023,0,252,1023,0,303,426,305,493,403,305,599,765,740,305,753
434,1023,0,180,1023,0,660,855,305,447,379,305,599,770,756,305,753
562,1023,0,492,1023,0,387,530,305,438,374,305,599,788,743,305,753
631,1023,0,275,1023,0,754,937,306,534,470,305,599,765,710,305,753
238,1023,0,260,1023,0,706,869,305,589,470,305,599,772,738,305,753
354,1023,0,454,1023,0,450,594,305,482,394,305,599,793,758,305,753
320,1023,0,137,1023,0,174,361,305,318,316,305,599,765,747,305,753
403,1023,0,185,1023,0,348,510,305,336,325,305,599,768,753,305,753
478,1023,0,266,1023,0,674,844,305,444,377,305,599,762,735,305,753
235,1023,0,94,1023,0,143,349,305,317,316,305,599,748,733,305,753
398,1023,0,224,1023,0,185,356,305,343,329,305,599,745,727,305,753
311,1023,0,120,1023,0,266,417,305,315,315,305,599,764,759,305,753
423,1023,0,200,1023,0,210,375,305,316,318,305,599,775,761,305,753
303,1023,0,194,1023,0,544,755,305,354,337,305,599,748,739,305,753
405,1023,0,239,1023,0,260,401,305,352,337,305,599,763,727,305,753
759,1023,0,402,1023,0,594,797,305,430,357,305,599,852,830,305,753
594,1023,0,485,1023,0,260,408,305,417,381,305,599,826,809,305,753
185,961,0,218,1023,0,191,346,305,687,616,305,599,805,782,305,753
284,1023,0,193,1023,0,491,670,305,328,316,305,599,731,713,305,753
399,1023,0,398,1023,0,378,544,305,366,346,305,599,786,756,305,753
497,1023,0,202,1023,0,257,409,305,329,324,305,599,753,719,305,753
379,1023,0,140,1023,0,709,911,305,456,415,305,599,756,741,305,753
414,1023,0,229,1023,0,448,644,305,381,344,305,599,787,776,305,753
262,1023,0,103,1023,0,449,655,305,328,320,305,599,754,743,305,753
367,1023,0,354,1023,0,394,515,305,398,344,305,599,762,735,305,753
478,1023,0,253,1023,0,737,912,305,511,439,305,599,793,765,305,753
428,1023,0,337,1023,0,321,447,305,314,313,305,599,767,739,305,753
755,1023,0,576,1023,0,411,518,305,417,366,305,599,841,776,305,757
444,1023,0,199,1023,0,178,348,305,354,332,305,599,744,729,305,757
830,1023,0,269,1023,0,402,492,305,433,376,305,599,807,744,305,757
582,1023,0,377,1023,0,783,948,306,550,468,305,599,745,711,305,757
792,1023,0,377,1023,0,402,518,305,403,364,305,599,809,742,305,757
504,1023,0,370,1023,0,232,374,305,354,337,305,599,763,744,305,757
396,1023,0,260,1023,0,383,551,305,341,332,305,599,773,736,305,757
244,1023,0,203,1023,0,332,467,305,586,502,305,599,773,737,305,757
383,1023,0,179,1023,0,453,646,305,382,355,305,599,771,756,305,757
608,1023,0,159,1023,0,264,382,305,546,449,305,599,815,786,305,757
427,1023,0,216,1023,0,309,454,305,361,345,305,599,787,772,305,757
411,1023,0,439,1023,0,483,636,305,372,340,305,599,733,668,305,757
417,1023,0,229,1023,0,267,421,305,358,350,305,599,777,752,305,757
450,1023,0,229,1023,0,180,353,305,324,323,305,599,722,698,305,757
286,1023,0,151,1023,0,587,783,305,364,338,305,599,716,696,305,757
428,1023,0,311,1023,0,293,431,305,374,350,305,599,776,762,305,757
479,1023,0,395,1023,0,399,553,305,331,323,305,599,808,780,305,757
353,1023,0,114,1023,0,603,807,305,361,347,305,599,745,736,305,757
918,1023,0,597,1023,0,505,649,305,449,358,305,600,846,781,305,757
402,1023,0,192,1023,0,588,776,305,418,369,305,600,757,741,305,757
381,1023,0,275,1023,0,768,928,306,586,486,305,600,742,728,305,757
447,1023,0,279,1023,0,629,821,305,405,364,305,600,791,772,305,757
254,1023,0,161,1023,0,618,804,305,367,341,305,600,757,738,305,757
409,1023,0,204,1023,0,338,477,305,347,332,305,600,786,769,305,757
325,1023,0,211,1023,0,579,774,305,629,588,305,600,758,744,305,757
314,1023,0,219,1023,0,250,397,305,316,314,305,600,695,671,305,757
779,1023,0,342,1023,0,328,411,305,364,331,305,600,839,809,305,757
331,1023,0,165,1023,0,594,798,305,364,344,305,600,736,714,305,757
545,1023,0,259,1023,0,455,624,305,630,554,305,600,792,764,305,757
419,1023,0,192,1023,0,201,359,305,324,315,305,600,709,680,305,757
257,1023,0,231,1023,0,879,1023,306,664,582,305,600,734,692,305,757
492,1023,0,442,1023,0,364,498,305,351,326,305,600,817,794,305,757
287,1023,0,139,1023,0,240,395,305,390,364,305,600,768,756,305,757
401,1023,0,231,1023,0,370,540,305,311,317,305,600,783,766,305,757
454,1023,0,308,1023,0,290,431,305,454,397,305,600,771,750,305,757
651,1023,0,419,1023,0,259,376,305,354,338,305,600,825,798,305,757
321,1023,0,119,1023,0,128,343,305,311,311,305,600,757,748,305,757
415,1023,0,245,1023,0,192,360,305,329,316,305,600,721,699,305,757
700,1023,0,457,1023,0,716,885,305,496,423,305,600,776,751,305,757
344,1023,0,109,1023,0,308,479,305,319,323,305,600,763,752,305,757
268,1023,0,244,1023,0,474,652,305,662,591,305,600,736,702,305,757
394,1023,0,194,1023,0,317,461,305,333,320,305,600,724,697,305,761
410,1023,0,211,1023,0,232,366,305,330,328,305,600,758,736,305,761
390,1023,0,152,1023,0,304,443,305,366,343,305,600,769,750,305,761
491,1023,0,399,1023,0,319,475,305,369,349,305,600,787,761,305,761
506,1023,0,476,1023,0,439,573,305,434,376,305,600,791,757,305,761
341,1023,0,178,1023,0,563,765,305,455,411,305,600,781,759,305,761
256,1023,0,161,1023,0,283,414,305,624,555,305,600,739,724,305,761
418,1023,0,157,1023,0,447,634,305,325,321,305,600,710,693,305,761
420,1023,0,330,1023,0,359,508,305,335,326,305,600,653,627,305,761
320,1023,0,173,1023,0,228,384,305,339,327,305,600,768,736,305,761
349,1023,0,134,1023,0,474,678,305,325,325,305,600,773,752,305,761
313,1023,0,107,1023,0,212,372,305,331,319,305,600,729,715,305,761
454,1023,0,132,1023,0,305,458,305,316,310,305,600,737,729,305,761
421,1023,0,165,1023,0,829,1012,306,599,544,305,600,731,718,305,761
418,1023,0,240,1023,0,268,418,305,366,345,305,600,770,755,305,761
261,1023,0,90,884,0,168,356,305,313,316,305,600,737,727,305,761
797,1023,0,606,1023,0,424,529,305,370,334,305,600,848,773,305,761
424,1023,0,249,1023,0,333,481,305,445,407,305,600,788,770,305,761
139,1023,0,14,171,0,30,321,305,314,318,305,600,631,628,305,761
421,1023,0,161,1023,0,203,372,305,323,321,305,600,771,764,305,761
335,1023,0,179,1023,0,347,504,305,338,328,305,600,766,755,305,761
1000,1023,0,500,1023,0,298,419,305,378,342,305,600,819,768,305,761
563,1023,0,441,1023,0,820,989,306,609,515,305,600,826,760,305,761
317,1023,0,342,1023,0,731,889,305,494,401,305,600,783,757,305,761
382,1023,0,297,1023,0,456,639,305,328,330,305,600,764,735,305,761
479,1023,0,399,1023,0,774,942,306,583,493,305,600,764,751,305,761
191,1023,0,159,1023,0,623,810,305,388,351,305,600,762,735,305,761
457,1023,0,234,1023,0,599,795,305,370,348,305,600,769,754,305,761
345,1023,0,135,1023,0,671,870,305,410,383,305,600,730,710,305,761
479,1023,0,284,1023,0,274,421,305,331,320,305,600,740,724,305,761
285,1023,0,219,1023,0,355,509,305,349,337,305,600,769,752,305,761
388,1023,0,269,1023,0,340,490,305,333,316,305,601,770,737,305,761
497,1023,0,235,1023,0,542,733,305,398,356,305,601,758,735,305,761
476,1023,0,223,1023,0,726,898,305,555,466,305,601,785,770,305,761
598,1023,0,587,1023,0,785,944,306,565,467,305,601,778,748,305,761
441,1023,0,170,1023,0,597,799,305,377,361,305,601,776,763,305,761
417,1023,0,177,1023,0,171,357,305,330,318,305,601,751,700,305,761
424,1023,0,246,1023,0,272,410,305,312,315,305,601,772,740,305,761
584,1023,0,250,1023,0,240,358,305,335,325,305,601,801,750,305,761
616,1023,0,220,1023,0,365,511,305,346,328,305,601,760,749,305,761
315,1023,0,258,1023,0,639,799,305,427,361,305,601,765,722,305,761
340,1023,0,134,1023,0,237,391,305,341,326,305,601,758,736,305,761
315,1023,0,78,760,0,144,345,305,446,394,305,601,780,771,305,761
416,1023,0,157,1023,0,472,678,305,329,325,305,601,760,747,305,761
529,1023,0,230,1023,0,195,348,305,368,345,305,601,778,764,305,765
827,1023,0,660,1023,0,473,615,305,485,403,305,601,845,801,305,765
258,1023,0,144,1023,0,171,352,305,575,514,305,601,774,763,305,765
1023,1023,0,875,1023,0,764,927,306,611,457,305,601,896,789,305,765
234,1023,0,170,1023,0,179,350,305,557,492,305,601,722,693,305,765
1013,1023,0,868,1023,0,408,529,305,466,380,305,601,898,816,305,765
715,1023,0,385,1023,0,401,548,305,473,428,305,601,838,769,305,765
470,1023,0,190,1023,0,335,474,305,354,332,305,601,770,743,305,765
499,1023,0,210,1023,0,209,375,305,330,324,305,601,727,697,305,765
393,1023,0,150,1023,0,753,945,306,503,451,305,601,721,708,305,765
542,1023,0,300,1023,0,243,374,305,346,331,305,601,789,758,305,765
424,1023,0,170,1023,0,677,868,305,429,386,305,601,746,734,305,765
663,1023,0,466,1023,0,405,529,305,616,551,305,601,807,786,305,765
353,1023,0,138,1023,0,346,506,305,310,319,305,601,744,734,305,765
286,1023,0,115,1023,0,437,638,305,317,320,305,601,754,744,305,765
334,1023,0,206,1023,0,377,517,305,417,364,305,601,750,728,305,765
433,1023,0,232,1023,0,401,567,305,385,357,305,601,778,740,305,765
335,1023,0,255,1023,0,617,774,305,573,461,305,601,760,738,305,765
357,1023,0,185,1023,0,233,385,305,351,329,305,601,772,757,305,765
321,1023,0,130,1023,0,340,514,305,347,340,305,601,763,747,305,765
117,1023,0,10,115,0,95,335,305,334,333,305,601,619,612,305,765
376,1023,0,148,1023,0,181,353,305,323,316,305,601,698,683,305,765
419,1023,0,307,1023,0,570,760,305,421,384,305,601,794,770,305,765
454,1023,0,288,1023,0,326,481,305,341,329,305,601,799,785,305,765
271,1023,0,281,1023,0,541,721,305,333,326,305,601,712,693,305,765
342,1023,0,188,1023,0,415,592,305,344,332,305,601,783,767,305,765
404,1023,0,228,1023,0,183,359,305,362,336,305,601,725,689,305,765
367,1023,0,197,1023,0,563,712,305,388,342,305,601,752,731,305,765
279,1023,0,237,1023,0,150,338,305,396,374,305,601,734,716,305,765
325,1023,0,168,1023,0,264,413,305,354,341,305,601,764,751,305,765
397,1023,0,192,1023,0,715,909,305,480,425,305,601,778,760,305,765
960,1023,0,536,1023,0,355,483,305,437,363,305,601,816,781,305,765
332,1023,0,234,1023,0,608,802,305,739,689,305,601,777,750,305,765
396,1023,0,349,1023,0,793,963,306,597,508,305,601,774,743,305,765
513,1023,0,245,1023,0,261,411,305,394,368,305,601,764,739,305,765
397,1023,0,141,1023,0,535,741,305,338,333,305,601,763,754,305,765
403,1023,0,210,1023,0,573,759,305,363,340,305,601,740,719,305,765
494,1023,0,264,1023,0,255,390,305,394,362,305,601,789,746,305,765
272,1023,0,111,1023,0,493,699,305,454,420,305,601,750,737,305,765
512,1023,0,389,1023,0,548,715,305,385,349,305,601,852,834,305,765
562,1023,0,525,1023,0,326,447,305,372,340,305,602,786,758,305,765
332,1023,0,165,1023,0,235,390,305,333,318,305,602,739,719,305,765
344,1023,0,198,1023,0,579,761,305,596,522,305,602,755,719,305,769
328,1023,0,188,1023,0,500,695,305,394,363,305,602,764,744,305,769
307,1023,0,174,1023,0,297,444,305,548,483,305,602,728,716,305,769
314,1023,0,135,1023,0,768,966,306,527,476,305,602,756,743,305,769
272,1023,0,98,1023,0,223,380,305,327,325,305,602,753,734,305,769
349,1023,0,134,1023,0,219,380,305,341,330,305,602,766,758,305,769
212,978,0,321,1023,0,482,637,305,364,340,305,602,754,722,305,769
451,1023,0,179,1023,0,264,392,305,326,321,305,602,776,760,305,769
475,1023,0,254,1023,0,298,434,305,321,318,305,602,750,735,305,769
363,1023,0,204,1023,0,481,665,305,344,335,305,602,754,731,305,769
472,1023,0,268,1023,0,395,564,305,352,336,305,602,761,741,305,769
332,1023,0,178,1023,0,405,572,305,407,373,305,602,749,714,305,769
303,1023,0,110,1023,0,90,330,305,312,311,305,602,704,688,305,769
310,1023,0,133,1023,0,276,437,305,330,321,305,602,748,733,305,769
307,1023,0,150,1023,0,581,790,305,357,343,305,602,769,752,305,769
336,1023,0,325,1023,0,708,852,305,476,380,305,602,727,683,305,769
435,1023,0,350,1023,0,382,529,305,336,321,305,602,781,750,305,769
411,1023,0,378,1023,0,414,562,305,337,322,305,602,745,698,305,769
512,1023,0,251,1023,0,202,343,305,319,319,305,602,823,787,305,769
285,1023,0,98,1023,0,512,723,305,345,337,305,602,724,713,305,769
400,1023,0,161,1023,0,397,574,305,325,321,305,602,774,761,305,769
225,1023,0,123,1023,0,539,740,305,349,334,305,602,744,726,305,769
297,1023,0,267,1023,0,279,419,305,597,529,305,602,768,738,305,769
336,1023,0,119,1023,0,536,739,305,351,345,305,602,767,749,305,769
397,1023,0,318,1023,0,332,447,305,337,321,305,602,747,713,305,769
359,1023,0,150,1023,0,174,353,305,497,444,305,602,787,769,305,769
290,1023,0,195,1023,0,619,808,305,590,524,305,602,771,758,305,769
452,1023,0,255,1023,0,177,356,305,432,391,305,602,757,727,305,769
749,1023,0,330,1023,0,334,426,305,386,339,305,602,846,796,305,769
787,1023,0,430,1023,0,494,675,305,468,379,305,602,817,748,305,769
462,1023,0,230,1023,0,190,356,305,343,330,305,602,690,669,305,769
369,1023,0,314,1023,0,422,578,305,406,361,305,602,770,742,305,769
361,1023,0,167,1023,0,557,766,305,351,345,305,602,771,755,305,769
337,1023,0,118,1023,0,184,356,305,329,325,305,602,709,703,305,769
245,1023,0,239,1023,0,805,977,306,737,681,305,602,755,732,305,769
269,1023,0,260,1023,0,467,614,305,487,409,305,602,703,647,305,769
359,1023,0,177,1023,0,679,884,305,433,397,305,602,796,761,305,773
474,1023,0,215,1023,0,388,548,305,371,342,305,602,793,769,305,773
404,1023,0,278,1023,0,436,605,305,334,323,305,602,792,773,305,773
467,1023,0,335,1023,0,583,756,305,505,432,305,602,792,775,305,773
410,1023,0,366,1023,0,804,963,306,600,501,305,602,769,738,305,773
522,1023,0,255,1023,0,222,370,305,333,326,305,602,788,759,305,773
490,1023,0,354,1023,0,354,512,305,394,368,305,602,799,778,305,773
392,1023,0,167,1023,0,671,871,305,415,384,305,602,777,758,305,773
238,1023,0,255,1023,0,434,611,305,489,428,305,602,778,747,305,773
349,1023,0,431,1023,0,316,410,305,394,347,305,602,758,699,305,773
315,1023,0,236,1023,0,434,596,305,328,317,305,602,734,703,305,773
526,1023,0,332,1023,0,475,648,305,372,343,305,603,826,810,305,773
543,1023,0,266,1023,0,375,529,305,317,313,305,603,755,710,305,773
276,1023,0,99,1023,0,201,365,305,313,310,305,603,724,706,305,773
340,1023,0,101,1023,0,228,393,305,331,331,305,603,762,752,305,773
281,1023,0,160,1023,0,167,359,305,347,340,305,603,761,746,305,773
406,1023,0,274,1023,0,766,941,306,528,451,305,603,764,748,305,773
540,1023,0,445,1023,0,696,844,305,479,387,305,603,798,773,305,773
482,1023,0,313,1023,0,611,797,305,389,355,305,603,772,753,305,773
553,1023,0,337,1023,0,431,603,305,329,321,305,603,753,727,305,773
337,1023,0,327,1023,0,831,998,306,603,520,305,603,714,653,305,773
702,1023,0,415,1023,0,295,393,305,364,344,305,603,804,784,305,773
391,1023,0,211,1023,0,687,876,305,451,401,305,603,770,753,305,773
220,1023,0,252,1023,0,667,853,305,446,392,305,603,779,756,305,773
670,1023,0,744,1023,0,586,762,305,481,413,305,603,847,811,305,773
373,1023,0,134,1023,0,595,796,305,380,351,305,603,761,752,305,773
350,1023,0,137,1023,0,360,532,305,332,327,305,603,756,738,305,773
426,1023,0,167,1023,0,256,379,305,342,326,305,603,768,750,305,773
790,1023,0,396,1023,0,529,653,305,388,342,305,603,802,752,305,773
366,1023,0,145,1023,0,217,368,305,342,336,305,603,764,747,305,773
488,1023,0,246,1023,0,375,541,305,369,350,305,603,764,737,305,773
389,1023,0,239,1023,0,375,539,305,388,353,305,603,757,738,305,773
279,1023,0,151,1023,0,302,449,305,672,617,305,603,685,670,305,773
499,1023,0,284,1023,0,666,856,305,421,373,305,603,824,804,305,773
409,1023,0,269,1023,0,287,420,305,351,331,305,603,770,747,305,773
378,1023,0,155,1023,0,291,439,305,328,319,305,603,762,744,305,773
492,1023,0,249,1023,0,484,660,305,353,334,305,603,774,748,305,773
1022,1023,0,662,1023,0,309,413,305,381,339,305,603,849,808,305,773
324,1023,0,155,1023,0,203,367,305,325,322,305,603,751,740,305,777
622,1023,0,442,1023,0,241,379,305,355,341,305,603,765,722,305,777
413,1023,0,140,1023,0,651,838,305,405,366,305,603,741,705,305,777
339,1023,0,157,1023,0,627,818,305,472,417,305,603,758,738,305,777
373,1023,0,166,1023,0,464,650,305,346,335,305,603,762,752,305,777
260,1023,0,80,877,0,390,595,305,321,319,305,603,604,576,305,777
384,1023,0,151,1023,0,354,512,305,384,360,305,603,762,742,305,777
337,1023,0,331,1023,0,253,375,305,362,333,305,603,761,734,305,777
438,1023,0,172,1023,0,217,373,305,337,326,305,603,761,743,305,777
466,1023,0,247,1023,0,770,950,306,596,530,305,603,782,762,305,777
429,1023,0,230,1023,0,342,499,305,560,500,305,603,792,766,305,777
525,1023,0,262,1023,0,307,449,305,388,353,305,603,766,744,305,777
428,1023,0,204,1023,0,520,718,305,344,333,305,603,785,769,305,777
371,1023,0,168,1023,0,367,532,305,329,320,305,603,700,678,305,777
381,1023,0,208,1023,0,243,374,305,374,346,305,603,762,736,305,777
280,1023,0,356,1023,0,361,503,305,588,512,305,603,735,703,305,777
734,1023,0,513,1023,0,306,408,305,669,599,305,603,823,749,305,777
452,1023,0,353,1023,0,571,757,305,366,339,305,603,803,764,305,777
302,1023,0,297,1023,0,599,780,305,426,374,305,603,789,761,305,777
743,1023,0,694,1023,0,724,835,305,492,368,305,603,822,746,305,777
318,1023,0,143,1023,0,265,415,305,320,314,305,603,750,739,305,777
269,1023,0,383,1023,0,853,1011,306,633,544,305,603,809,784,305,777
346,1023,0,120,1023,0,632,839,305,395,366,305,603,754,739,305,777
266,1023,0,243,1023,0,701,875,305,467,401,305,603,686,637,305,777
297,1023,0,347,1023,0,358,468,305,322,315,305,604,741,715,305,777
301,1023,0,159,1023,0,677,885,305,492,454,305,604,771,747,305,777
835,1023,0,740,1023,0,602,776,305,416,364,305,604,879,833,305,777
551,1023,0,358,1023,0,309,438,305,336,323,305,604,838,813,305,777
788,1023,0,618,1023,0,615,800,305,650,575,305,604,868,802,305,777
358,1023,0,253,1023,0,563,752,305,706,647,305,604,772,737,305,777
395,1023,0,273,1023,0,256,397,305,355,334,305,604,780,758,305,777
539,1023,0,324,1023,0,204,360,305,448,386,305,604,808,786,305,777
311,1023,0,97,979,0,340,507,305,318,313,305,604,754,739,305,777
410,1023,0,505,1023,0,349,456,305,426,362,305,604,775,713,305,777
485,1023,0,249,1023,0,195,374,305,329,324,305,604,754,740,305,777
402,1023,0,201,1023,0,324,485,305,344,332,305,604,773,762,305,777
286,1023,0,108,1023,0,319,488,305,317,313,305,604,772,765,305,781
269,1023,0,242,1023,0,283,413,305,571,481,305,604,752,717,305,781
364,1023,0,201,1023,0,290,442,305,345,338,305,604,770,756,305,781
500,1023,0,288,1023,0,463,633,305,328,326,305,604,726,693,305,781
387,1023,0,207,1023,0,594,782,305,408,372,305,604,787,765,305,781
346,1023,0,113,1023,0,189,352,305,379,357,305,604,747,729,305,781
320,1023,0,250,1023,0,290,409,305,629,550,305,604,764,719,305,781
292,1023,0,86,953,0,406,610,305,315,313,305,604,718,712,305,781
1023,1023,0,970,1023,0,874,1023,306,684,604,305,604,909,832,305,781
389,1023,0,155,1023,0,218,365,305,342,326,305,604,765,748,305,781
451,1023,0,185,1023,0,379,545,305,339,325,305,604,761,745,305,781
386,1023,0,280,1023,0,309,458,305,640,582,305,604,800,779,305,781
440,1023,0,194,1023,0,597,782,305,384,352,305,604,770,753,305,781
589,1023,0,370,1023,0,452,619,305,395,357,305,604,830,806,305,781
399,1023,0,177,1023,0,731,916,305,476,417,305,604,716,697,305,781
382,1023,0,210,1023,0,569,760,305,339,332,305,604,761,731,305,781
308,1023,0,94,967,0,255,412,305,321,317,305,604,766,756,305,781
672,1023,0,296,1023,0,274,381,305,345,323,305,604,811,739,305,781
278,1023,0,299,1023,0,531,711,305,359,337,305,604,740,707,305,781
309,1023,0,155,1023,0,417,612,305,335,327,305,604,764,746,305,781
411,1023,0,232,1023,0,298,436,305,305,311,305,604,790,754,305,781
351,1023,0,180,1023,0,593,799,305,373,353,305,604,767,755,305,781
371,1023,0,150,1023,0,339,514,305,316,322,305,604,745,735,305,781
321,1023,0,106,1023,0,242,396,305,329,323,305,604,757,744,305,781
397,1023,0,124,1023,0,299,455,305,322,325,305,604,736,724,305,781
365,1023,0,139,1023,0,148,340,305,335,328,305,604,765,748,305,781
419,1023,0,261,1023,0,696,876,305,451,391,305,604,760,739,305,781
292,1023,0,133,1023,0,187,361,305,317,317,305,604,738,721,305,781
469,1023,0,205,1023,0,517,699,305,371,350,305,604,773,750,305,781
427,1023,0,300,1023,0,470,624,305,386,343,305,604,793,758,305,781
425,1023,0,321,1023,0,650,822,305,408,357,305,604,751,723,305,781
506,1023,0,333,1023,0,413,574,305,333,327,305,604,755,715,305,781
405,1023,0,141,1023,0,256,409,305,334,337,305,604,763,747,305,781
338,1023,0,217,1023,0,383,534,305,369,345,305,604,725,709,305,781
432,1023,0,180,1023,0,165,344,305,315,313,305,604,690,667,305,781
312,1023,0,88,942,0,101,332,305,317,319,305,604,716,694,305,781
220,1023,0,183,1023,0,603,779,305,373,343,305,604,685,663,305,781
384,1023,0,179,1023,0,485,667,305,345,327,305,604,769,756,305,781
369,1023,0,177,1023,0,448,643,305,341,329,305,604,751,736,305,781
468,1023,0,213,1023,0,224,383,305,342,328,305,604,732,708,305,785
345,1023,0,140,1023,0,390,579,305,325,323,305,604,745,732,305,785
502,1023,0,247,1023,0,694,875,305,436,384,305,604,789,752,305,785
335,1023,0,218,1023,0,290,433,305,404,375,305,605,741,700,305,785
300,1023,0,210,1023,0,249,391,305,724,659,305,605,711,668,305,785
387,1023,0,196,1023,0,328,486,305,377,350,305,605,764,752,305,785
334,1023,0,337,1023,0,640,817,305,506,425,305,605,750,716,305,785
380,1023,0,202,1023,0,305,453,305,331,324,305,605,765,737,305,785
843,1023,0,475,1023,0,538,734,305,465,386,305,605,837,770,305,785
466,1023,0,365,1023,0,282,406,305,366,330,305,605,755,730,305,785
438,1023,0,241,1023,0,551,745,305,394,359,305,605,799,787,305,785
704,1023,0,614,1023,0,401,534,305,405,358,305,605,812,780,305,785
367,1023,0,238,1023,0,159,349,305,342,336,305,605,755,736,305,785
468,1023,0,331,1023,0,455,594,305,337,321,305,605,771,753,305,785
471,1023,0,191,1023,0,364,531,305,324,324,305,605,759,742,305,785
374,1023,0,152,1023,0,174,350,305,343,324,305,605,727,708,305,785
417,1023,0,294,1023,0,359,531,305,456,410,305,605,795,778,305,785
431,1023,0,224,1023,0,534,724,305,558,490,305,605,744,714,305,785
401,1023,0,394,1023,0,813,964,306,604,497,305,605,826,788,305,785
326,1023,0,149,1023,0,379,570,305,324,323,305,605,772,761,305,785
287,1023,0,209,1023,0,417,575,305,349,325,305,605,738,708,305,785
488,1023,0,185,1023,0,590,789,305,368,352,305,605,769,756,305,785
453,1023,0,282,1023,0,327,471,305,383,358,305,605,807,782,305,785
337,1023,0,177,1023,0,221,388,305,344,333,305,605,768,752,305,785
389,1023,0,186,1023,0,758,947,306,527,468,305,605,750,735,305,785
394,1023,0,184,1023,0,568,766,305,379,351,305,605,769,752,305,785
495,1023,0,430,1023,0,523,705,305,376,341,305,605,781,752,305,785
366,1023,0,187,1023,0,390,577,305,333,321,305,605,798,774,305,785
455,1023,0,214,1023,0,191,360,305,331,320,305,605,791,775,305,785
799,1023,0,373,1023,0,911,1023,306,697,636,305,605,805,725,305,785
542,1023,0,359,1023,0,617,779,305,396,355,305,605,645,586,305,785
244,1023,0,227,1023,0,625,821,305,751,701,305,605,761,736,305,785
325,1023,0,170,1023,0,696,892,305,456,406,305,605,767,749,305,785
308,1023,0,337,1023,0,653,819,305,451,374,305,605,728,673,305,785
1023,1023,0,786,1023,0,758,936,306,525,449,305,605,843,796,305,785
391,1023,0,177,1023,0,455,650,305,441,402,305,605,780,761,305,785
423,1023,0,267,1023,0,424,570,305,314,318,305,605,703,659,305,785
384,1023,0,148,1023,0,312,463,305,403,365,305,605,761,745,305,785
289,1023,0,198,1023,0,316,458,305,338,321,305,605,737,711,305,785
491,1023,0,216,1023,0,704,896,305,447,401,305,605,727,691,305,785
411,1023,0,222,1023,0,200,368,305,367,347,305,605,786,767,305,785
321,1023,0,219,1023,0,359,513,305,358,336,305,605,765,741,305,785
453,1023,0,298,1023,0,334,488,305,399,365,305,605,782,758,305,790
368,1023,0,141,1023,0,149,349,305,335,318,305,605,757,744,305,790
416,1023,0,145,1023,0,258,408,305,332,329,305,605,739,720,305,790
585,1023,0,499,1023,0,765,925,306,530,436,305,605,790,765,305,790
356,1023,0,139,1023,0,505,697,305,368,342,305,605,771,756,305,790
381,1023,0,224,1023,0,769,952,306,551,488,305,605,719,704,305,790
437,1023,0,220,1023,0,401,584,305,345,333,305,605,748,739,305,790
268,1023,0,235,1023,0,368,501,305,323,318,305,605,719,682,305,790
471,1023,0,225,1023,0,163,345,305,333,324,305,605,775,755,305,790
921,1023,0,720,1023,0,623,818,305,482,410,305,605,834,769,305,790
354,1023,0,175,1023,0,342,505,305,341,329,305,605,772,760,305,790
371,1023,0,136,1023,0,275,426,305,322,314,305,605,768,758,305,790
384,1023,0,160,1023,0,242,394,305,338,325,305,606,764,718,305,790
392,1023,0,246,1023,0,637,824,305,712,644,305,606,732,701,305,790
330,1023,0,177,1023,0,513,698,305,347,325,305,606,736,719,305,790
412,1023,0,149,1023,0,295,450,305,330,320,305,606,754,741,305,790
395,1023,0,184,1023,0,542,728,305,381,347,305,606,775,747,305,790
380,1023,0,170,1023,0,407,590,305,335,328,305,606,772,757,305,790
712,1023,0,449,1023,0,713,898,305,617,537,305,606,859,802,305,790
433,1023,0,191,1023,0,430,619,305,315,317,305,606,772,756,305,790
380,1023,0,247,1023,0,744,905,305,510,426,305,606,766,739,305,790
609,1023,0,280,1023,0,525,692,305,373,336,305,606,810,794,305,790
396,1023,0,156,1023,0,178,350,305,378,351,305,606,725,709,305,790
386,1023,0,144,1023,0,511,715,305,359,339,305,606,776,753,305,790
416,1023,0,178,1023,0,737,929,306,504,450,305,606,767,748,305,790
400,1023,0,216,1023,0,188,364,305,376,354,305,606,795,768,305,790
427,1023,0,211,1023,0,677,870,305,518,454,305,606,769,747,305,790
406,1023,0,320,1023,0,718,892,305,605,518,305,606,747,721,305,790
354,1023,0,337,1023,0,496,665,305,354,329,305,606,761,730,305,790
268,1023,0,217,1023,0,214,369,305,389,366,305,606,771,733,305,790
83,683,0,41,474,0,152,346,305,312,311,305,606,608,594,305,790
431,1023,0,156,1023,0,331,495,305,356,340,305,606,749,732,305,790
869,1023,0,547,1023,0,848,1010,306,632,550,305,606,847,778,305,790
340,1023,0,189,1023,0,457,652,305,353,340,305,606,787,772,305,790
424,1023,0,227,1023,0,352,525,305,327,324,305,606,795,773,305,790
344,1023,0,170,1023,0,612,798,305,519,455,305,606,632,604,305,790
436,1023,0,136,1023,0,274,421,305,312,317,305,606,768,758,305,794
526,1023,0,268,1023,0,816,981,306,602,516,305,606,759,723,305,794
421,1023,0,194,1023,0,374,535,305,332,322,305,606,774,755,305,794
444,1023,0,338,1023,0,325,462,305,357,331,305,606,792,778,305,794
542,1023,0,486,1023,0,259,394,305,363,336,305,606,790,761,305,794
380,1023,0,214,1023,0,715,909,305,459,417,305,606,753,736,305,794
305,1023,0,201,1023,0,178,358,305,697,627,305,606,752,710,305,794
328,1023,0,273,1023,0,467,639,305,477,398,305,606,743,693,305,794
394,1023,0,175,1023,0,671,866,305,449,405,305,606,783,770,305,794
526,1023,0,612,1023,0,508,671,305,356,332,305,606,819,787,305,794
300,1023,0,140,1023,0,522,723,305,392,363,305,606,763,755,305,794
293,1023,0,132,1023,0,164,345,305,315,318,305,606,743,734,305,794
444,1023,0,275,1023,0,389,551,305,328,316,305,606,786,743,305,794
274,1023,0,287,1023,0,746,910,305,503,410,305,606,758,707,305,794
660,1023,0,320,1023,0,750,953,306,515,469,305,606,829,794,305,794
366,1023,0,316,1023,0,605,771,305,693,612,305,606,794,769,305,794
1023,1023,0,1023,1023,0,730,898,305,642,515,305,606,943,873,305,794
258,1023,0,133,1023,0,0,340,305,351,335,305,606,699,667,305,794
247,1023,0,130,1023,0,381,563,305,331,317,305,606,772,746,305,794
441,1023,0,224,1023,0,308,451,305,350,347,305,606,770,748,305,794
308,1023,0,154,1023,0,171,342,305,378,352,305,606,749,739,305,794
301,1023,0,78,864,0,172,354,305,531,503,305,606,595,569,305,794
444,1023,0,314,1023,0,283,431,305,394,375,305,606,786,762,305,794
482,1023,0,354,1023,0,486,662,305,449,386,305,607,840,818,305,794
391,1023,0,185,1023,0,597,783,305,411,371,305,607,707,694,305,794
389,1023,0,229,1023,0,354,513,305,393,362,305,607,767,747,305,794
377,1023,0,250,1023,0,405,572,305,351,346,305,607,776,762,305,794
815,1023,0,717,1023,0,311,408,305,509,432,305,607,821,754,305,794
387,1023,0,298,1023,0,573,740,305,462,399,305,607,789,748,305,794
483,1023,0,270,1023,0,504,692,305,388,368,305,607,762,733,305,794
329,1023,0,215,1023,0,679,860,305,421,376,305,607,727,702,305,798
419,1023,0,310,1023,0,453,638,305,468,425,305,607,776,761,305,798
547,1023,0,539,1023,0,258,403,305,377,345,305,607,807,786,305,798
359,1023,0,139,1023,0,198,359,305,325,317,305,607,753,735,305,798
365,1023,0,170,1023,0,202,369,305,373,358,305,607,775,764,305,798
318,1023,0,168,1023,0,326,502,305,338,332,305,607,741,731,305,798
527,1023,0,222,1023,0,259,399,305,364,334,305,607,790,771,305,798
420,1023,0,201,1023,0,393,551,305,423,380,305,607,784,771,305,798
322,1023,0,201,1023,0,438,615,305,645,572,305,607,712,675,305,798
403,1023,0,188,1023,0,238,379,305,517,466,305,607,777,761,305,798
493,1023,0,311,1023,0,364,510,305,481,418,305,607,791,757,305,798
464,1023,0,291,1023,0,368,521,305,419,377,305,607,773,734,305,798
379,1023,0,479,1023,0,347,462,305,657,533,305,607,773,736,305,798
357,1023,0,225,1023,0,625,807,305,441,384,305,607,745,724,305,798
448,1023,0,206,1023,0,637,829,305,391,354,305,607,770,758,305,798
424,1023,0,212,1023,0,498,701,305,338,336,305,607,738,721,305,798
367,1023,0,227,1023,0,289,421,305,402,360,305,607,758,732,305,798
428,1023,0,168,1023,0,234,375,305,310,315,305,607,731,716,305,798
543,1023,0,353,1023,0,255,393,305,400,371,305,607,789,775,305,798
463,1023,0,300,1023,0,517,671,305,378,338,305,607,761,727,305,798
353,1023,0,275,1023,0,493,665,305,335,324,305,607,687,651,305,798
363,1023,0,285,1023,0,368,496,305,337,322,305,607,676,651,305,798
580,1023,0,403,1023,0,510,685,305,395,353,305,607,734,711,305,798
270,1023,0,167,1023,0,465,639,305,346,325,305,607,736,713,305,798
367,1023,0,179,1023,0,211,372,305,324,318,305,607,777,765,305,798
457,1023,0,229,1023,0,653,844,305,414,371,305,607,786,757,305,798
482,1023,0,196,1023,0,636,821,305,397,354,305,607,749,734,305,798
398,1023,0,361,1023,0,428,587,305,357,334,305,607,750,699,305,798
345,1023,0,110,1023,0,143,343,305,320,317,305,607,761,749,305,798
433,1023,0,215,1023,0,343,496,305,338,326,305,607,761,733,305,798
456,1023,0,211,1023,0,716,906,305,454,404,305,607,717,675,305,798
401,1023,0,296,1023,0,612,804,305,410,372,305,607,769,731,305,798
311,1023,0,127,1023,0,649,858,305,399,379,305,607,744,719,305,798
389,1023,0,259,1023,0,648,823,305,394,354,305,607,746,722,305,798
361,1023,0,202,1023,0,448,624,305,586,519,305,607,768,753,305,798
276,1023,0,248,1023,0,586,763,305,386,351,305,607,742,690,305,798
248,1023,0,138,1023,0,540,754,305,359,344,305,607,756,749,305,798
389,1023,0,216,1023,0,386,548,305,374,354,305,607,779,763,305,798
346,1023,0,150,1023,0,185,356,305,333,322,305,607,705,691,305,798
327,1023,0,220,1023,0,323,472,305,498,435,305,607,782,765,305,798
304,1023,0,140,1023,0,230,371,305,417,384,305,607,747,736,305,798
384,1023,0,211,1023,0,230,393,305,329,325,305,607,801,789,305,798
352,1023,0,207,1023,0,232,372,305,389,352,305,607,728,707,305,798
443,1023,0,467,1023,0,370,493,305,489,401,305,607,791,746,305,798
405,1023,0,365,1023,0,372,503,305,334,324,305,607,709,674,305,798
329,1023,0,132,1023,0,366,532,305,331,320,305,607,712,697,305,798
390,1023,0,227,1023,0,500,684,305,327,323,305,607,724,683,305,798
400,1023,0,264,1023,0,258,409,305,463,408,305,607,791,775,305,798
298,1023,0,144,1023,0,411,579,305,548,480,305,608,777,761,305,802
366,1023,0,279,1023,0,642,816,305,512,413,305,608,753,724,305,802
338,1023,0,184,1023,0,442,629,305,481,427,305,608,768,753,305,802
345,1023,0,138,1023,0,743,936,306,496,445,305,608,751,738,305,802
424,1023,0,262,1023,0,196,346,305,429,392,305,608,780,760,305,802
338,1023,0,149,1023,0,439,634,305,332,322,305,608,761,751,305,802
249,1023,0,231,1023,0,440,597,305,441,381,305,608,758,715,305,802
339,1023,0,258,1023,0,534,711,305,366,333,305,608,776,745,305,802
307,1023,0,173,1023,0,414,609,305,362,349,305,608,773,763,305,802
555,1023,0,312,1023,0,524,700,305,370,345,305,608,762,725,305,802
437,1023,0,171,1023,0,420,587,305,334,326,305,608,756,731,305,802
444,1023,0,267,1023,0,471,646,305,379,352,305,608,772,740,305,802
297,1023,0,409,1023,0,757,907,305,638,532,305,608,811,773,305,802
393,1023,0,257,1023,0,666,844,305,410,365,305,608,731,707,305,802
380,1023,0,158,1023,0,241,400,305,337,330,305,608,768,754,305,802
547,1023,0,240,1023,0,538,711,305,368,341,305,608,812,791,305,802
579,1023,0,191,1023,0,425,601,305,334,325,305,608,713,692,305,802
422,1023,0,292,1023,0,215,370,305,345,327,305,608,759,737,305,802
290,1023,0,105,1023,0,172,350,305,320,314,305,608,754,741,305,802
272,1023,0,193,1023,0,649,842,305,442,404,305,608,764,748,305,802
552,1023,0,429,1023,0,347,457,305,505,391,305,608,750,720,305,802
289,1023,0,190,1023,0,250,384,305,350,332,305,608,749,717,305,802
367,1023,0,285,1023,0,435,628,305,351,337,305,608,772,761,305,802
453,1023,0,251,1023,0,410,583,305,324,317,305,608,775,759,305,802
399,1023,0,181,1023,0,258,405,305,352,339,305,608,771,752,305,802
400,1023,0,133,1023,0,175,343,305,331,319,305,608,732,713,305,802
332,1023,0,211,1023,0,555,707,305,400,365,305,608,756,731,305,806
391,1023,0,367,1023,0,358,485,305,360,330,305,608,788,738,305,806
357,1023,0,232,1023,0,457,624,305,376,342,305,608,717,679,305,806
376,1023,0,275,1023,0,655,847,305,414,367,305,608,757,738,305,806
373,1023,0,120,1023,0,292,463,305,317,318,305,608,760,748,305,806
415,1023,0,242,1023,0,296,440,305,339,327,305,608,693,673,305,806
146,1023,0,91,932,0,161,339,305,732,717,305,608,786,783,305,806
873,1023,0,546,1023,0,818,992,306,623,547,305,608,847,763,305,806
455,1023,0,260,1023,0,267,402,305,320,316,305,608,760,707,305,806
437,1023,0,346,1023,0,219,370,305,432,388,305,608,767,750,305,806
281,1023,0,101,1023,0,564,779,305,337,336,305,608,756,747,305,806
627,1023,0,302,1023,0,450,620,305,345,334,305,608,725,705,305,806
305,1023,0,113,1023,0,444,647,305,338,331,305,608,755,744,305,806
484,1023,0,370,1023,0,685,857,305,569,478,305,608,787,751,305,806
962,1023,0,619,1023,0,343,455,305,440,381,305,608,789,754,305,806
255,1023,0,88,967,0,318,483,305,318,313,305,608,750,736,305,806
717,1023,0,504,1023,0,830,983,306,626,530,305,608,859,812,305,806
501,1023,0,394,1023,0,675,835,305,471,396,305,608,777,761,305,806
234,1023,0,153,1023,0,709,904,305,588,531,305,608,716,697,305,806
659,1023,0,409,1023,0,314,472,305,376,356,305,608,856,824,305,806
327,1023,0,284,1023,0,298,432,305,350,325,305,608,692,671,305,806
381,1023,0,240,1023,0,375,531,305,324,316,305,608,772,737,305,806
400,1023,0,279,1023,0,363,512,305,350,337,305,608,734,717,305,806
384,1023,0,124,1023,0,343,504,305,323,326,305,608,747,737,305,806
412,1023,0,199,1023,0,194,366,305,375,352,305,608,773,754,305,806
416,1023,0,198,1023,0,392,569,305,338,326,305,608,758,731,305,806
565,1023,0,183,1023,0,188,363,305,327,320,305,608,737,721,305,806
506,1023,0,247,1023,0,646,829,305,405,365,305,608,778,756,305,806
417,1023,0,175,1023,0,276,426,305,335,324,305,608,735,711,305,806
373,1023,0,168,1023,0,191,363,305,353,341,305,609,753,725,305,806
516,1023,0,340,1023,0,408,557,305,330,319,305,609,716,677,305,806
378,1023,0,152,1023,0,443,629,305,344,336,305,609,749,722,305,806
440,1023,0,152,1023,0,604,803,305,376,352,305,609,718,699,305,806
417,1023,0,236,1023,0,210,364,305,396,358,305,609,776,757,305,806
454,1023,0,267,1023,0,269,403,305,339,335,305,609,738,708,305,806
202,967,0,303,1023,0,560,703,305,629,559,305,609,780,759,305,806
298,1023,0,108,1023,0,272,438,305,377,363,305,609,754,743,305,806
412,1023,0,203,1023,0,536,728,305,380,353,305,609,776,753,305,806
399,1023,0,195,1023,0,663,852,305,406,374,305,609,778,754,305,806
399,1023,0,151,1023,0,424,605,305,376,354,305,609,765,754,305,806
395,1023,0,229,1023,0,176,354,305,398,363,305,609,781,758,305,806
379,1023,0,184,1023,0,315,449,305,324,316,305,609,719,680,305,806
570,1023,0,346,1023,0,267,401,305,349,339,305,609,809,783,305,806
465,1023,0,332,1023,0,273,373,305,331,319,305,609,726,669,305,806
337,1023,0,220,1023,0,445,605,305,395,357,305,609,752,730,305,806
225,1023,0,215,1023,0,640,826,305,471,414,305,609,747,708,305,806
321,1023,0,187,1023,0,616,787,305,485,407,305,609,731,712,305,806
353,1023,0,171,1023,0,137,334,305,326,317,305,609,743,734,305,806
346,1023,0,166,1023,0,737,932,306,471,427,305,609,694,679,305,806
367,1023,0,158,1023,0,339,492,305,370,352,305,609,773,748,305,810
356,1023,0,212,1023,0,341,492,305,405,378,305,609,771,742,305,810
318,1023,0,141,1023,0,454,661,305,346,328,305,609,773,751,305,810
352,1023,0,411,1023,0,425,567,305,327,318,305,609,714,686,305,810
248,1023,0,101,1023,0,313,475,305,327,326,305,609,690,665,305,810
449,1023,0,254,1023,0,233,386,305,330,322,305,609,788,766,305,810
428,1023,0,190,1023,0,584,781,305,369,348,305,609,779,763,305,810
491,1023,0,325,1023,0,476,660,305,394,354,305,609,801,766,305,810
356,1023,0,139,1023,0,525,733,305,339,331,305,609,777,764,305,810
481,1023,0,330,1023,0,517,676,305,403,360,305,609,757,732,305,810
405,1023,0,242,1023,0,309,454,305,335,327,305,609,762,730,305,810
523,1023,0,343,1023,0,256,387,305,408,371,305,609,798,781,305,810
384,1023,0,279,1023,0,513,686,305,437,376,305,609,771,744,305,810
499,1023,0,192,1023,0,279,386,305,348,322,305,609,823,771,305,810
354,1023,0,249,1023,0,600,796,305,371,347,305,609,747,730,305,810
330,1023,0,266,1023,0,261,388,305,523,441,305,609,758,721,305,810
395,1023,0,152,1023,0,747,944,306,508,457,305,609,709,689,305,810
254,1023,0,126,1023,0,456,649,305,404,378,305,609,765,757,305,810
397,1023,0,176,1023,0,769,952,306,584,519,305,609,756,739,305,810
691,1023,0,376,1023,0,463,630,305,436,384,305,609,847,802,305,810
406,1023,0,135,1023,0,213,373,305,331,317,305,609,749,728,305,810
421,1023,0,299,1023,0,470,643,305,347,332,305,609,764,735,305,810
388,1023,0,166,1023,0,344,514,305,334,321,305,609,776,743,305,810
241,1023,0,156,1023,0,661,834,305,431,373,305,609,763,736,305,810
296,1023,0,162,1023,0,354,501,305,316,311,305,609,682,671,305,810
372,1023,0,140,1023,0,588,792,305,357,338,305,609,712,683,305,814
457,1023,0,248,1023,0,279,408,305,338,323,305,609,732,718,305,814
312,1023,0,303,1023,0,329,473,305,352,334,305,609,792,765,305,814
475,1023,0,171,1023,0,355,515,305,358,335,305,609,749,737,305,814
314,1023,0,274,1023,0,372,523,305,390,357,305,609,768,740,305,814
781,1023,0,489,1023,0,618,809,305,669,608,305,609,822,792,305,814
972,1023,0,825,1023,0,795,960,306,700,601,305,609,894,836,305,814
345,1023,0,152,1023,0,276,424,305,330,321,305,610,707,680,305,814
122,1021,0,48,605,0,114,335,305,631,621,305,610,744,739,305,814
459,1023,0,183,1023,0,212,365,305,337,328,305,610,719,693,305,814
405,1023,0,263,1023,0,811,979,306,618,541,305,610,756,733,305,814
555,1023,0,256,1023,0,644,825,305,402,364,305,610,780,763,305,814
264,1023,0,177,1023,0,602,802,305,393,360,305,610,742,710,305,814
384,1023,0,147,1023,0,175,350,305,404,377,305,610,762,752,305,814
347,1023,0,305,1023,0,674,843,305,426,371,305,610,746,708,305,814
496,1023,0,238,1023,0,346,513,305,348,337,305,610,770,729,305,814
474,1023,0,436,1023,0,301,420,305,471,398,305,610,813,770,305,814
400,1023,0,200,1023,0,376,546,305,337,332,305,610,777,758,305,814
552,1023,0,377,1023,0,700,870,305,454,381,305,610,775,740,305,814
285,1023,0,129,1023,0,214,374,305,318,317,305,610,762,747,305,814
354,1023,0,146,1023,0,624,818,305,393,363,305,610,783,773,305,814
567,1023,0,251,1023,0,643,828,305,487,424,305,610,794,776,305,814
380,1023,0,161,1023,0,344,500,305,332,321,305,610,760,740,305,814
564,1023,0,211,1023,0,245,386,305,322,310,305,610,676,666,305,814
816,1023,0,351,1023,0,296,403,305,410,347,305,610,867,799,305,814
345,1023,0,119,1023,0,206,377,305,314,317,305,610,743,730,305,814
383,1023,0,241,1023,0,689,852,305,539,444,305,610,776,754,305,814
346,1023,0,130,1023,0,233,384,305,338,324,305,610,741,726,305,814
391,1023,0,249,1023,0,658,850,305,410,375,305,610,769,741,305,814
925,1023,0,1023,1023,0,577,750,305,571,451,305,610,884,815,305,814
233,1023,0,155,1023,0,260,434,305,460,400,305,610,758,718,305,814
423,1023,0,152,1023,0,163,349,305,332,319,305,610,773,758,305,814
342,1023,0,139,1023,0,324,481,305,337,326,305,610,731,714,305,814
408,1023,0,520,1023,0,816,992,306,606,540,305,610,830,802,305,814
251,1023,0,191,1023,0,347,494,305,647,585,305,610,744,699,305,814
368,1023,0,278,1023,0,418,595,305,372,348,305,610,786,768,305,814
351,1023,0,220,1023,0,513,688,305,331,323,305,610,718,691,305,814
314,1023,0,168,1023,0,287,418,305,314,312,305,610,690,677,305,814
380,1023,0,189,1023,0,309,466,305,331,316,305,610,754,739,305,814
422,1023,0,176,1023,0,635,838,305,448,416,305,610,764,747,305,814
497,1023,0,296,1023,0,652,828,305,485,413,305,610,758,734,305,814
417,1023,0,260,1023,0,497,670,305,510,432,305,610,748,707,305,814
409,1023,0,148,1023,0,315,465,305,371,356,305,610,753,735,305,814
293,1023,0,102,1023,0,145,342,305,307,311,305,610,751,743,305,814
497,1023,0,303,1023,0,783,953,306,549,476,305,610,758,736,305,814
422,1023,0,202,1023,0,308,448,305,352,328,305,610,794,776,305,814
349,1023,0,245,1023,0,755,936,306,526,456,305,610,690,646,305,814
487,1023,0,250,1023,0,357,501,305,382,350,305,610,788,765,305,814
277,1023,0,130,1023,0,338,496,305,335,334,305,610,777,764,305,818
469,1023,0,310,1023,0,612,786,305,394,352,305,610,779,748,305,818
501,1023,0,284,1023,0,356,513,305,345,332,305,610,809,792,305,818
433,1023,0,193,1023,0,278,430,305,328,320,305,610,742,726,305,818
302,1023,0,223,1023,0,682,829,305,449,366,305,610,763,713,305,818
388,1023,0,165,1023,0,195,348,305,331,318,305,610,766,748,305,818
276,1023,0,110,1023,0,478,687,305,324,320,305,610,756,746,305,818
490,1023,0,181,1023,0,440,604,305,332,321,305,610,738,721,305,818
423,1023,0,190,1023,0,305,450,305,336,320,305,610,756,735,305,818
297,1023,0,250,1023,0,289,426,305,677,602,305,610,759,727,305,818
455,1023,0,391,1023,0,444,599,305,332,319,305,610,740,710,305,818
402,1023,0,241,1023,0,599,790,305,379,353,305,610,754,736,305,818
556,1023,0,269,1023,0,289,434,305,380,348,305,610,750,719,305,818
386,1023,0,166,1023,0,157,338,305,314,315,305,611,764,748,305,818
350,1023,0,146,1023,0,382,568,305,312,318,305,611,762,742,305,818
413,1023,0,291,1023,0,326,449,305,325,320,305,611,805,777,305,818
289,1023,0,240,1023,0,320,452,305,318,317,305,611,723,693,305,818
344,1023,0,76,867,0,548,763,305,383,363,305,611,599,569,305,818
417,1023,0,177,1023,0,314,464,305,341,324,305,611,775,763,305,818
369,1023,0,122,1023,0,129,342,305,312,318,305,611,744,722,305,818
350,1023,0,174,1023,0,628,832,305,437,401,305,611,760,749,305,818
362,1023,0,237,1023,0,848,997,306,644,547,305,611,727,710,305,818
437,1023,0,268,1023,0,258,391,305,579,512,305,611,790,761,305,818
598,1023,0,304,1023,0,580,755,305,415,377,305,611,783,760,305,818
347,1023,0,118,1023,0,384,570,305,321,316,305,611,760,743,305,818
472,1023,0,242,1023,0,403,569,305,360,345,305,611,785,761,305,818
284,1023,0,216,1023,0,427,599,305,418,375,305,611,745,726,305,818
358,1023,0,178,1023,0,367,543,305,315,315,305,611,764,752,305,818
398,1023,0,191,1023,0,203,358,305,324,322,305,611,754,730,305,818
825,1023,0,456,1023,0,453,643,305,407,372,305,611,863,788,305,818
404,1023,0,210,1023,0,250,393,305,392,364,305,611,753,724,305,818
574,1023,0,378,1023,0,885,1023,306,671,613,305,611,786,765,305,818
353,1023,0,145,1023,0,487,694,305,325,322,305,611,761,746,305,818
363,1023,0,161,1023,0,248,420,305,346,335,305,611,749,737,305,818
386,1023,0,159,1023,0,245,382,305,327,317,305,611,745,722,305,818
527,1023,0,289,1023,0,662,836,305,422,373,305,611,793,770,305,818
634,1023,0,406,1023,0,666,867,305,540,482,305,611,829,787,305,818
427,1023,0,202,1023,0,841,1023,306,616,575,305,611,771,738,305,818
273,1004,0,301,1023,0,824,979,306,621,527,305,611,774,738,305,818
322,1023,0,386,1023,0,456,593,305,364,331,305,611,774,725,305,818
366,1023,0,228,1023,0,749,935,306,539,483,305,611,782,759,305,818
357,1023,0,193,1023,0,257,420,305,560,510,305,611,780,767,305,822
253,1023,0,416,1023,0,258,394,305,342,333,305,611,689,631,305,822
566,1023,0,304,1023,0,412,569,305,363,340,305,611,770,756,305,822
402,1023,0,214,1023,0,273,422,305,477,426,305,611,780,760,305,822
400,1023,0,176,1023,0,555,754,305,361,336,305,611,801,789,305,822
345,1023,0,193,1023,0,651,844,305,556,488,305,611,732,721,305,822
207,1023,0,136,1023,0,294,431,305,643,589,305,611,782,763,305,822
497,1023,0,231,1023,0,273,398,305,322,318,305,611,775,753,305,822
351,1023,0,165,1023,0,425,609,305,321,322,305,611,745,728,305,822
386,1023,0,256,1023,0,410,577,305,508,435,305,611,733,715,305,822
455,1023,0,213,1023,0,422,606,305,351,337,305,611,804,786,305,822
453,1023,0,258,1023,0,794,972,306,573,501,305,611,772,752,305,822
482,1023,0,238,1023,0,413,597,305,377,347,305,611,772,748,305,822
317,1023,0,105,1023,0,523,731,305,343,326,305,611,754,735,305,822
419,1023,0,189,1023,0,193,371,305,376,356,305,611,773,758,305,822
313,1023,0,279,1023,0,449,613,305,615,533,305,611,801,773,305,822
418,1023,0,150,1023,0,501,695,305,329,321,305,611,725,694,305,822
456,1023,0,277,1023,0,426,592,305,348,330,305,611,744,718,305,822
416,1023,0,196,1023,0,203,365,305,355,337,305,611,748,725,305,822
346,1023,0,130,1023,0,205,361,305,325,314,305,611,750,739,305,822
551,1023,0,303,1023,0,384,531,305,332,328,305,611,789,750,305,822
222,1023,0,205,1023,0,765,932,306,572,492,305,611,776,742,305,822
497,1023,0,189,1023,0,713,883,305,499,423,305,611,778,760,305,822
344,1023,0,173,1023,0,320,475,305,352,336,305,611,771,758,305,822
463,1023,0,238,1023,0,287,423,305,446,400,305,611,776,747,305,822
409,1023,0,212,1023,0,624,816,305,468,423,305,611,780,765,305,822
368,1023,0,97,955,0,398,573,305,326,321,305,611,744,720,305,822
604,1023,0,338,1023,0,263,362,305,402,357,305,611,832,764,305,822
404,1023,0,182,1023,0,170,353,305,409,378,305,611,772,758,305,822
665,1023,0,431,1023,0,755,902,305,545,437,305,611,799,776,305,822
532,1023,0,404,1023,0,401,577,305,386,353,305,611,790,768,305,822
363,1023,0,156,1023,0,726,918,305,532,475,305,611,773,754,305,822
365,1023,0,336,1023,0,797,959,306,563,474,305,611,720,670,305,822
481,1023,0,314,1023,0,822,976,306,598,500,305,611,766,734,305,822
372,1023,0,249,1023,0,343,488,305,320,319,305,611,753,735,305,822
416,1023,0,273,1023,0,563,742,305,424,370,305,611,784,768,305,822
195,1023,0,19,216,0,101,331,305,341,334,305,611,560,547,305,822
445,1023,0,241,1023,0,422,601,305,339,325,305,611,772,752,305,822
392,1023,0,165,1023,0,734,923,306,484,433,305,612,744,710,305,822
431,1023,0,226,1023,0,309,448,305,503,443,305,612,789,761,305,822
682,1023,0,354,1023,0,340,443,305,354,326,305,612,832,759,305,827
327,1023,0,304,1023,0,218,373,305,664,596,305,612,770,752,305,827
280,1023,0,98,968,0,620,828,305,396,368,305,612,752,739,305,827
441,1023,0,270,1023,0,244,388,305,401,373,305,612,788,764,305,827
392,1023,0,142,1023,0,230,385,305,348,334,305,612,766,730,305,827
490,1023,0,173,1023,0,598,786,305,365,339,305,612,792,780,305,827
372,1023,0,214,1023,0,238,389,305,320,319,305,612,766,752,305,827
299,1023,0,311,1023,0,731,901,305,523,422,305,612,787,752,305,827
888,1023,0,576,1023,0,334,421,305,434,348,305,612,838,775,305,827
619,1023,0,140,789,0,199,339,305,524,417,305,612,808,789,305,827
365,1023,0,147,1023,0,577,783,305,365,348,305,612,778,755,305,827
587,1023,0,421,1023,0,439,600,305,361,334,305,612,774,736,305,827
408,1023,0,165,1023,0,226,371,305,318,314,305,612,751,728,305,827
407,1023,0,228,1023,0,183,360,305,332,323,305,612,731,713,305,827
420,1023,0,184,1023,0,223,375,305,361,341,305,612,768,750,305,827
329,1023,0,287,1023,0,850,1015,306,638,559,305,612,728,697,305,827
367,1023,0,146,1023,0,688,890,305,428,390,305,612,725,715,305,827
339,1023,0,121,1023,0,424,623,305,317,324,305,612,758,746,305,827
357,1023,0,220,1023,0,435,622,305,340,331,305,612,762,747,305,827
620,1023,0,326,1023,0,306,425,305,389,348,305,612,823,766,305,827
325,1023,0,201,1023,0,489,672,305,641,575,305,612,771,744,305,827
356,1023,0,144,1023,0,639,841,305,398,369,305,612,768,758,305,827
347,1023,0,278,1023,0,525,684,305,343,323,305,612,776,742,305,827
269,1023,0,154,1023,0,690,893,305,456,416,305,612,733,711,305,827
749,1023,0,727,1023,0,767,925,306,576,466,305,612,887,834,305,827
406,1023,0,357,1023,0,625,793,305,425,370,305,612,770,738,305,827
241,1023,0,187,1023,0,826,992,306,599,509,305,612,760,730,305,827
408,1023,0,358,1023,0,323,479,305,466,420,305,612,795,773,305,827
398,1023,0,258,1023,0,285,404,305,321,317,305,612,741,712,305,827
405,1023,0,172,1023,0,264,418,305,334,328,305,612,752,741,305,827
423,1023,0,281,1023,0,280,417,305,393,371,305,612,782,743,305,827
334,1023,0,167,1023,0,171,349,305,324,323,305,612,751,739,305,827
492,1023,0,255,1023,0,294,433,305,387,362,305,612,744,717,305,827
365,1023,0,158,1023,0,620,823,305,378,361,305,612,776,765,305,827
476,1023,0,327,1023,0,495,675,305,434,386,305,612,765,746,305,827
315,1023,0,159,1023,0,231,393,305,332,323,305,612,760,739,305,827
246,1023,0,338,1023,0,844,1005,306,671,592,305,612,789,763,305,827
299,1023,0,172,1023,0,216,376,305,341,331,305,612,738,714,305,827
401,1023,0,198,1023,0,412,591,305,390,361,305,612,782,765,305,827
717,1023,0,453,1023,0,440,608,305,381,352,305,612,793,769,305,827
493,1023,0,297,1023,0,654,806,305,526,420,305,612,779,742,305,831
386,1023,0,192,1023,0,516,720,305,368,344,305,612,775,752,305,831
1001,1023,0,708,1023,0,712,900,305,548,472,305,612,885,813,305,831
459,1023,0,218,1023,0,433,613,305,365,347,305,612,782,766,305,831
456,1023,0,401,1023,0,344,487,305,423,376,305,612,795,765,305,831
442,1023,0,345,1023,0,660,841,305,420,370,305,612,788,763,305,831
333,1023,0,293,1023,0,335,500,305,345,336,305,612,763,747,305,831
456,1023,0,208,1023,0,498,679,305,332,331,305,612,775,748,305,831
511,1023,0,468,1023,0,336,458,305,418,361,305,612,826,806,305,831
765,1023,0,463,1023,0,785,972,306,572,497,305,612,858,786,305,831
398,1023,0,278,1023,0,363,504,305,333,322,305,612,751,720,305,831
384,1023,0,286,1023,0,467,622,305,425,372,305,612,789,772,305,831
322,1023,0,127,1023,0,343,517,305,345,337,305,612,746,734,305,831
358,1023,0,174,1023,0,223,378,305,393,368,305,612,766,745,305,831
429,1023,0,257,1023,0,356,517,305,344,335,305,612,778,757,305,831
448,1023,0,393,1023,0,366,497,305,406,362,305,612,789,761,305,831
480,1023,0,216,1023,0,305,438,305,486,427,305,612,816,785,305,831
519,1023,0,215,1023,0,448,628,305,347,331,305,612,784,767,305,831
453,1023,0,274,1023,0,407,590,305,380,356,305,612,778,751,305,831
326,1023,0,228,1023,0,529,719,305,428,389,305,612,792,776,305,831
421,1023,0,273,1023,0,604,784,305,389,353,305,612,757,735,305,831
413,1023,0,193,1023,0,298,434,305,371,354,305,612,761,741,305,831
362,1023,0,304,1023,0,670,838,305,402,360,305,612,755,735,305,831
343,1023,0,172,1023,0,255,402,305,361,351,305,612,743,734,305,831
380,1023,0,181,1023,0,270,422,305,438,396,305,612,766,746,305,831
434,1023,0,170,1023,0,330,488,305,322,331,305,612,758,749,305,831
447,1023,0,331,1023,0,377,488,305,592,534,305,612,792,758,305,831
859,1023,0,529,1023,0,767,941,306,556,466,305,613,849,810,305,831
354,1023,0,145,1023,0,433,632,305,330,321,305,613,696,683,305,831
306,1023,0,119,1023,0,389,575,305,325,325,305,613,757,739,305,831
499,1023,0,461,1023,0,749,906,305,676,582,305,613,794,759,305,831
435,1023,0,230,1023,0,761,936,306,583,501,305,613,792,775,305,831
361,1023,0,179,1023,0,389,542,305,320,315,305,613,762,740,305,831
315,1023,0,216,1023,0,399,575,305,352,346,305,613,769,729,305,831
284,1023,0,140,1023,0,646,852,305,407,375,305,613,772,765,305,831
482,1023,0,303,1023,0,740,919,306,491,420,305,613,791,772,305,831
379,1023,0,201,1023,0,312,450,305,487,427,305,613,788,775,305,831
374,1023,0,108,1013,0,263,408,305,343,329,305,613,736,721,305,831
290,1023,0,132,1023,0,657,869,305,397,382,305,613,772,764,305,831
387,1023,0,191,1023,0,544,745,305,366,349,305,613,763,739,305,831
330,1023,0,158,1023,0,430,596,305,437,387,305,613,753,739,305,831
355,1023,0,151,1023,0,196,365,305,321,320,305,613,751,739,305,831
339,1023,0,238,1023,0,485,671,305,664,596,305,613,745,719,305,831
790,1023,0,456,1023,0,473,602,305,396,345,305,613,799,751,305,831
470,1023,0,350,1023,0,768,944,306,588,513,305,613,798,758,305,835
248,1023,0,299,1023,0,827,988,306,626,535,305,613,787,756,305,835
590,1023,0,240,1023,0,544,731,305,394,361,305,613,769,751,305,835
518,1023,0,399,1023,0,288,418,305,361,335,305,613,710,679,305,835
1023,1023,0,785,1023,0,633,812,305,514,427,305,613,867,811,305,835
301,1023,0,128,1023,0,631,836,305,392,360,305,613,772,760,305,835
329,1023,0,471,1023,0,810,949,306,708,597,305,613,806,730,305,835
436,1023,0,292,1023,0,817,992,306,619,553,305,613,767,747,305,835
358,1023,0,410,1023,0,732,893,305,492,407,305,613,790,753,305,835
431,1023,0,234,1023,0,753,927,306,565,478,305,613,748,721,305,835
304,1023,0,314,1023,0,790,954,306,572,480,305,613,806,769,305,835
361,1023,0,128,1023,0,273,416,305,342,333,305,613,759,749,305,835
826,1023,0,551,1023,0,290,427,305,442,389,305,613,838,818,305,835
736,1023,0,550,1023,0,857,1023,306,677,625,305,613,847,810,305,835
343,1023,0,457,1023,0,333,443,305,573,474,305,613,776,743,305,835
370,1023,0,157,1023,0,268,412,305,345,328,305,613,759,748,305,835
359,1023,0,153,1023,0,296,456,305,340,330,305,613,770,752,305,835
417,1023,0,207,1023,0,383,545,305,346,329,305,613,770,751,305,835
361,1023,0,125,1023,0,183,363,305,320,317,305,613,756,739,305,835
346,1023,0,193,1023,0,295,447,305,330,327,305,613,720,706,305,835
407,1023,0,155,1023,0,584,784,305,366,348,305,613,757,743,305,835
327,1023,0,131,1023,0,506,710,305,352,338,305,613,760,739,305,835
554,1023,0,162,1023,0,286,417,305,348,333,305,613,763,738,305,835
530,1023,0,231,1023,0,334,484,305,330,321,305,613,772,747,305,835
410,1023,0,190,1023,0,507,690,305,333,326,305,613,732,711,305,835
376,1023,0,218,1023,0,238,387,305,370,350,305,613,763,741,305,835
413,1023,0,178,1023,0,458,639,305,333,318,305,613,744,721,305,835
400,1023,0,281,1023,0,242,379,305,363,340,305,613,778,763,305,835
317,1023,0,149,1023,0,543,749,305,366,350,305,613,761,740,305,835
422,1023,0,202,1023,0,301,417,305,339,331,305,613,768,746,305,835
415,1023,0,283,1023,0,334,469,305,369,352,305,613,755,731,305,835
429,1023,0,265,1023,0,417,580,305,326,325,305,613,788,771,305,835
486,1023,0,419,1023,0,332,458,305,339,330,305,613,774,748,305,835
479,1023,0,305,1023,0,230,386,305,380,346,305,613,738,716,305,835
353,1023,0,179,1023,0,242,396,305,335,324,305,613,767,742,305,835
561,1023,0,321,1023,0,384,547,305,317,320,305,613,789,748,305,835
414,1023,0,309,1023,0,343,481,305,478,414,305,613,812,776,305,835
631,1023,0,367,1023,0,305,431,305,418,360,305,613,809,787,305,835
371,1023,0,219,1023,0,258,411,305,381,351,305,613,784,764,305,835
342,1023,0,119,1023,0,473,675,305,334,327,305,613,641,607,305,835
251,1023,0,128,1023,0,468,678,305,328,325,305,613,761,746,305,835
361,1023,0,140,1023,0,422,611,305,323,318,305,613,771,757,305,835
626,1023,0,322,1023,0,709,878,305,530,431,305,613,841,775,305,835
403,1023,0,266,1023,0,854,1023,306,659,592,305,613,756,730,305,835
284,1023,0,253,1023,0,339,467,305,532,443,305,613,738,721,305,835
384,1023,0,342,1023,0,273,391,305,322,318,305,613,747,714,305,839
655,1023,0,390,1023,0,426,581,305,348,328,305,613,839,821,305,839
437,1023,0,229,1023,0,715,885,305,506,428,305,614,779,737,305,839
393,1023,0,157,1023,0,492,697,305,331,325,305,614,724,714,305,839
455,1023,0,282,1023,0,419,595,305,354,332,305,614,792,761,305,839
343,1023,0,232,1023,0,657,838,305,395,360,305,614,759,731,305,839
367,1023,0,149,1023,0,147,339,305,344,333,305,614,761,747,305,839
315,1023,0,122,1023,0,610,820,305,376,358,305,614,742,733,305,839
418,1023,0,259,1023,0,772,959,306,542,484,305,614,781,747,305,839
580,1023,0,586,1023,0,778,949,306,557,456,305,614,845,792,305,839
363,1023,0,210,1023,0,304,464,305,375,356,305,614,788,769,305,839
528,1023,0,238,1023,0,217,361,305,423,373,305,614,767,737,305,839
515,1023,0,417,1023,0,426,589,305,361,339,305,614,762,728,305,839
417,1023,0,361,1023,0,550,755,305,360,340,305,614,709,688,305,839
330,1023,0,163,1023,0,369,549,305,324,317,305,614,772,762,305,839
436,1023,0,178,1023,0,481,666,305,341,328,305,614,742,726,305,839
375,1023,0,178,1023,0,394,564,305,330,323,305,614,756,726,305,839
249,1023,0,193,1023,0,191,366,305,736,676,305,614,759,730,305,839
505,1023,0,327,1023,0,478,632,305,478,390,305,614,750,701,305,839
268,1023,0,135,1023,0,444,654,305,326,324,305,614,739,725,305,839
335,1023,0,454,1023,0,490,631,305,630,515,305,614,780,735,305,839
369,1023,0,154,1023,0,193,364,305,323,323,305,614,677,655,305,839
285,1023,0,258,1023,0,727,899,305,680,606,305,614,772,725,305,839
410,1023,0,203,1023,0,349,495,305,317,313,305,614,765,749,305,839
411,1023,0,174,1023,0,300,457,305,320,324,305,614,788,773,305,839
462,1023,0,210,1023,0,351,517,305,366,350,305,614,710,693,305,839
413,1023,0,215,1023,0,262,420,305,380,349,305,614,778,762,305,839
396,1023,0,209,1023,0,378,539,305,363,342,305,614,729,691,305,839
404,1023,0,155,1023,0,286,425,305,331,324,305,614,754,729,305,839
380,1023,0,182,1023,0,295,426,305,324,314,305,614,757,735,305,839
740,1023,0,517,1023,0,813,970,306,623,529,305,614,851,802,305,839
371,1023,0,139,1023,0,451,647,305,342,333,305,614,739,725,305,839
435,1023,0,456,1023,0,424,575,305,392,352,305,614,773,749,305,839
386,1023,0,316,1023,0,691,854,305,446,379,305,614,772,738,305,839
370,1023,0,145,1023,0,227,377,305,352,340,305,614,755,745,305,839
234,1023,0,171,1023,0,168,339,305,657,599,305,614,756,735,305,839
488,1023,0,252,1023,0,468,651,305,470,407,305,614,773,744,305,839
401,1023,0,159,1023,0,470,665,305,357,342,305,614,789,776,305,839
405,1023,0,335,1023,0,728,894,305,509,415,305,614,746,710,305,839
613,1023,0,402,1023,0,714,902,305,500,440,305,614,811,769,305,839
498,1023,0,281,1023,0,261,399,305,361,339,305,614,748,723,305,839
664,1023,0,621,1023,0,611,791,305,504,413,305,614,843,782,305,839
332,1023,0,126,1023,0,240,394,305,367,346,305,614,761,739,305,839
310,1023,0,142,1023,0,479,682,305,359,335,305,614,733,725,305,839
429,1023,0,185,1023,0,217,373,305,413,381,305,614,779,768,305,839
427,1023,0,174,1023,0,257,395,305,392,362,305,614,747,727,305,839
357,1023,0,236,1023,0,729,909,305,574,502,305,614,772,749,305,839
397,1023,0,217,1023,0,811,1000,306,585,529,305,614,780,764,305,839
289,1023,0,226,1023,0,455,619,305,329,324,305,614,740,721,305,839
384,1023,0,157,1023,0,577,774,305,368,346,305,614,765,748,305,839
454,1023,0,372,1023,0,352,490,305,323,326,305,614,767,743,305,839
441,1023,0,218,1023,0,396,569,305,341,333,305,614,776,756,305,839
336,1023,0,239,1023,0,405,572,305,332,322,305,614,762,735,305,843
406,1023,0,280,1023,0,301,430,305,428,381,305,614,778,759,305,843
567,1023,0,323,1023,0,880,1023,306,659,590,305,614,748,707,305,843
349,1023,0,234,1023,0,680,866,305,451,401,305,614,793,765,305,843
409,1023,0,262,1023,0,549,738,305,376,356,305,614,777,762,305,843
395,1023,0,155,1023,0,196,357,305,326,321,305,614,768,749,305,843
786,1023,0,619,1023,0,291,382,305,680,609,305,614,824,765,305,843
524,1023,0,291,1023,0,745,913,305,521,437,305,614,786,754,305,843
336,1023,0,159,1023,0,430,622,305,332,320,305,614,770,754,305,843
275,1023,0,110,1023,0,690,905,305,446,418,305,614,785,782,305,843
439,1023,0,294,1023,0,684,866,305,427,382,305,614,792,762,305,843
638,1023,0,328,1023,0,421,571,305,397,354,305,614,748,688,305,843
569,1023,0,252,1023,0,596,781,305,400,377,305,614,772,741,305,843
614,1023,0,323,1023,0,443,612,305,427,374,305,614,781,756,305,843
482,1023,0,562,1023,0,435,603,305,436,380,305,615,841,808,305,843
326,1023,0,225,1023,0,272,419,305,345,334,305,615,766,751,305,843
986,1023,0,549,1023,0,484,651,305,433,359,305,615,852,756,305,843
313,1023,0,145,1023,0,328,503,305,519,481,305,615,777,763,305,843
468,1023,0,281,1023,0,165,349,305,360,343,305,615,760,748,305,843
474,1023,0,201,1023,0,231,378,305,342,325,305,615,773,746,305,843
671,1023,0,334,1023,0,565,766,305,361,338,305,615,825,784,305,843
418,1023,0,136,1023,0,636,832,305,384,354,305,615,715,704,305,843
353,1023,0,228,1023,0,565,756,305,380,338,305,615,732,694,305,843
331,1023,0,203,1023,0,261,410,305,333,327,305,615,767,733,305,843
433,1023,0,224,1023,0,489,680,305,409,376,305,615,815,785,305,843
424,1023,0,260,1023,0,241,382,305,349,330,305,615,770,748,305,843
366,1023,0,232,1023,0,189,369,305,326,325,305,615,758,739,305,843
508,1023,0,260,1023,0,570,753,305,368,343,305,615,764,733,305,843
379,1023,0,169,1023,0,720,907,305,494,444,305,615,752,729,305,843
727,1023,0,358,1023,0,281,396,305,486,414,305,615,837,785,305,843
367,1023,0,216,1023,0,350,515,305,391,368,305,615,763,739,305,843
397,1023,0,214,1023,0,461,645,305,335,329,305,615,788,770,305,843
377,1023,0,127,1023,0,271,428,305,394,376,305,615,759,741,305,843
433,1023,0,253,1023,0,255,387,305,454,409,305,615,775,744,305,843
373,1023,0,296,1023,0,722,894,305,464,393,305,615,737,704,305,843
465,1023,0,277,1023,0,190,344,305,363,340,305,615,784,757,305,843
418,1023,0,259,1023,0,198,364,305,342,330,305,615,720,703,305,843
398,1023,0,321,1023,0,191,355,305,358,341,305,615,775,754,305,843
467,1023,0,213,1023,0,687,866,305,443,383,305,615,764,746,305,843
397,1023,0,317,1023,0,283,408,305,430,381,305,615,790,751,305,843
360,1023,0,329,1023,0,476,642,305,336,331,305,615,734,682,305,847
469,1023,0,249,1023,0,455,634,305,341,327,305,615,763,725,305,847
317,1023,0,173,1023,0,342,498,305,331,324,305,615,751,722,305,847
280,1023,0,73,794,0,187,363,305,324,317,305,615,707,698,305,847
338,1023,0,134,1023,0,159,346,305,355,339,305,615,726,713,305,847
624,1023,0,416,1023,0,745,925,306,534,453,305,615,811,731,305,847
375,1023,0,257,1023,0,394,557,305,341,331,305,615,756,723,305,847
344,1023,0,160,1023,0,383,560,305,352,337,305,615,768,755,305,847
676,1023,0,447,1023,0,336,449,305,347,325,305,615,808,759,305,847
337,1023,0,270,1023,0,315,446,305,331,324,305,615,757,734,305,847
211,1023,0,86,945,0,202,378,305,484,448,305,615,766,753,305,847
550,1023,0,282,1023,0,374,510,305,357,334,305,615,791,769,305,847
339,1023,0,196,1023,0,607,813,305,377,356,305,615,789,774,305,847
286,1023,0,319,1023,0,764,929,306,528,438,305,615,779,737,305,847
391,1023,0,180,1023,0,722,908,305,471,415,305,615,709,669,305,847
311,1023,0,135,1023,0,226,383,305,315,317,305,615,760,754,305,847
375,1023,0,212,1023,0,451,656,305,344,328,305,615,784,768,305,847
469,1023,0,352,1023,0,366,483,305,339,321,305,615,741,709,305,847
1023,1023,0,1023,1023,0,613,753,305,518,381,305,615,870,793,305,847
560,1023,0,513,1023,0,423,567,305,440,373,305,615,823,794,305,847
456,1023,0,294,1023,0,321,474,305,360,343,305,615,757,734,305,847
343,1023,0,389,1023,0,632,791,305,397,352,305,615,712,670,305,847
524,1023,0,220,1023,0,424,587,305,364,343,305,615,796,775,305,847
567,1023,0,271,1023,0,208,367,305,373,344,305,615,753,712,305,847
319,1023,0,405,1023,0,390,526,305,585,482,305,615,777,742,305,847
292,1023,0,249,1023,0,200,363,305,649,570,305,615,758,735,305,847
224,1023,0,115,1023,0,667,875,305,413,384,305,615,732,719,305,847
316,1023,0,195,1023,0,276,407,305,354,326,305,615,741,721,305,847
486,1023,0,588,1023,0,899,1023,307,693,580,305,615,788,750,305,847
276,1023,0,289,1023,0,423,583,305,330,321,305,615,738,683,305,847
236,1023,0,193,1023,0,213,362,305,716,649,305,615,756,728,305,847
445,1023,0,290,1023,0,633,784,305,383,338,305,615,746,716,305,847
666,1023,0,421,1023,0,630,808,305,410,351,305,615,762,722,305,847
338,1023,0,123,1023,0,336,510,305,328,319,305,615,757,750,305,847
391,1023,0,167,1023,0,322,481,305,341,329,305,615,789,769,305,847
365,1023,0,125,1023,0,496,677,305,395,361,305,615,714,705,305,847
436,1023,0,213,1023,0,560,755,305,400,368,305,615,781,768,305,847
270,1023,0,77,841,0,243,416,305,320,316,305,616,706,696,305,847
438,1023,0,148,1023,0,497,681,305,363,344,305,616,776,763,305,847
374,1023,0,220,1023,0,340,491,305,391,361,305,616,766,748,305,847
126,1023,0,82,973,0,316,504,305,324,325,305,616,606,597,305,847
421,1023,0,172,1023,0,164,344,305,322,321,305,616,755,744,305,847
276,1023,0,109,1023,0,511,718,305,347,331,305,616,719,710,305,847
455,1023,0,206,1023,0,583,778,305,371,350,305,616,793,774,305,847
353,1023,0,147,1023,0,322,483,305,321,323,305,616,743,727,305,847
574,1023,0,515,1023,0,840,974,306,666,539,305,616,827,797,305,847
445,1023,0,391,1023,0,258,388,305,354,326,305,616,745,704,305,847
522,1023,0,272,1023,0,262,408,305,345,328,305,616,760,734,305,847
422,1023,0,203,1023,0,481,675,305,354,342,305,616,782,769,305,847
491,1023,0,439,1023,0,804,964,306,569,478,305,616,696,667,305,847
336,1023,0,148,1023,0,555,759,305,368,345,305,616,759,745,305,847
311,1023,0,188,1023,0,566,771,305,371,349,305,616,784,771,305,847
436,1023,0,214,1023,0,211,360,305,324,322,305,616,761,747,305,847
375,1023,0,156,1023,0,642,844,305,380,359,305,616,737,708,305,851
349,1023,0,143,1023,0,594,785,305,396,365,305,616,774,758,305,851
460,1023,0,206,1023,0,576,768,305,379,359,305,616,790,759,305,851
361,1023,0,172,1023,0,211,374,305,322,314,305,616,743,711,305,851
443,1023,0,148,1023,0,493,689,305,344,327,305,616,759,746,305,851
380,1023,0,205,1023,0,333,463,305,319,313,305,616,789,758,305,851
476,1023,0,206,1023,0,199,367,305,337,333,305,616,755,732,305,851
482,1023,0,316,1023,0,489,690,305,355,344,305,616,826,806,305,851
418,1023,0,200,1023,0,429,615,305,345,331,305,616,747,731,305,851
307,1023,0,118,1023,0,275,421,305,312,310,305,616,720,708,305,851
554,1023,0,377,1023,0,287,436,305,538,471,305,616,826,808,305,851
1001,1023,0,822,1023,0,690,875,305,546,408,305,616,851,767,305,851
462,1023,0,335,1023,0,422,590,305,364,343,305,616,757,728,305,851
362,1023,0,177,1023,0,338,503,305,374,352,305,616,760,748,305,851
459,1023,0,176,1023,0,612,809,305,377,348,305,616,751,731,305,851
377,1023,0,140,1023,0,304,455,305,322,318,305,616,777,767,305,851
434,1023,0,305,1023,0,506,682,305,339,325,305,616,794,762,305,851
523,1023,0,291,1023,0,213,365,305,350,320,305,616,782,761,305,851
298,1023,0,329,1023,0,576,760,305,367,343,305,616,732,694,305,851
584,1023,0,281,1023,0,322,425,305,363,330,305,616,806,751,305,851
293,1023,0,251,1023,0,683,866,305,538,466,305,616,784,769,305,851
344,1023,0,160,1023,0,425,611,305,379,348,305,616,771,752,305,851
540,1023,0,413,1023,0,245,401,305,511,451,305,616,774,746,305,851
362,1023,0,243,1023,0,422,577,305,439,378,305,616,756,711,305,851
427,1023,0,218,1023,0,783,967,306,543,483,305,616,762,743,305,851
472,1023,0,242,1023,0,467,641,305,366,337,305,616,769,737,305,851
395,1023,0,280,1023,0,647,843,305,393,362,305,616,762,727,305,851
500,1023,0,330,1023,0,704,885,305,478,414,305,616,739,682,305,851
461,1023,0,222,1023,0,682,868,305,440,395,305,616,771,744,305,851
416,1023,0,252,1023,0,457,624,305,345,333,305,616,747,693,305,851
552,1023,0,260,1023,0,645,832,305,403,363,305,616,795,775,305,851
365,1023,0,194,1023,0,235,404,305,321,322,305,616,756,746,305,851
390,1023,0,266,1023,0,294,434,305,313,314,305,616,775,731,305,851
927,1023,0,850,1023,0,431,542,305,400,338,305,616,852,793,305,851
375,1023,0,232,1023,0,510,716,305,332,331,305,616,758,740,305,851
379,1023,0,198,1023,0,163,346,305,341,329,305,616,758,742,305,851
359,1023,0,154,1023,0,178,350,305,333,323,305,616,764,747,305,851
415,1023,0,190,1023,0,701,892,305,485,430,305,616,772,751,305,851
466,1023,0,210,1023,0,448,625,305,424,378,305,616,785,771,305,851
447,1023,0,191,1023,0,161,342,305,330,325,305,616,737,720,305,851
396,1023,0,137,1023,0,665,863,305,426,393,305,616,763,747,305,851
383,1023,0,263,1023,0,327,463,305,402,360,305,616,791,778,305,855
354,1023,0,290,1023,0,375,534,305,335,319,305,616,793,774,305,855
204,1023,0,47,552,0,270,447,305,338,336,305,616,781,776,305,855
467,1023,0,263,1023,0,286,423,305,425,389,305,616,792,770,305,855
355,1023,0,143,1023,0,557,765,305,346,336,305,616,774,761,305,855
367,1023,0,136,1023,0,358,520,305,324,316,305,616,772,756,305,855
273,1023,0,515,1023,0,843,979,306,762,665,305,616,832,771,305,855
367,1023,0,135,1023,0,333,492,305,321,315,305,616,753,734,305,855
377,1023,0,225,1023,0,357,526,305,417,382,305,616,789,766,305,855
679,1023,0,470,1023,0,244,359,305,381,351,305,616,837,814,305,855
327,1023,0,166,1023,0,214,362,305,314,314,305,616,739,713,305,855
345,1023,0,139,1023,0,413,608,305,321,316,305,617,750,735,305,855
324,1023,0,306,1023,0,307,424,305,414,361,305,617,763,739,305,855
416,1023,0,248,1023,0,288,428,305,335,330,305,617,759,733,305,855
449,1023,0,274,1023,0,483,650,305,441,384,305,617,717,687,305,855
595,1023,0,426,1023,0,350,482,305,360,337,305,617,760,731,305,855
1023,1023,0,1023,1023,0,779,910,305,725,599,305,617,906,829,305,855
294,1023,0,236,1023,0,671,865,305,482,428,305,617,739,720,305,855
391,1023,0,159,1023,0,354,519,305,358,345,305,617,782,772,305,855
691,1023,0,344,1023,0,367,475,305,410,369,305,617,833,814,305,855
571,1023,0,288,1023,0,388,550,305,341,326,305,617,803,788,305,855
346,1023,0,211,1023,0,479,675,305,368,353,305,617,772,760,305,855
536,1023,0,479,1023,0,449,598,305,359,334,305,617,753,727,305,855
400,1023,0,283,1023,0,362,522,305,469,399,305,617,787,774,305,855
463,1023,0,271,1023,0,263,402,305,352,333,305,617,796,780,305,855
431,1023,0,208,1023,0,332,483,305,355,343,305,617,683,644,305,855
342,1023,0,161,1023,0,291,449,305,322,315,305,617,765,749,305,855
656,1023,0,528,1023,0,735,919,306,513,452,305,617,851,823,305,855
294,1023,0,293,1023,0,834,993,306,612,518,305,617,796,739,305,855
405,1023,0,233,1023,0,290,448,305,330,316,305,617,773,764,305,855
384,1023,0,217,1023,0,403,576,305,352,328,305,617,773,762,305,855
301,1023,0,206,1023,0,511,666,305,338,321,305,617,738,710,305,855
334,1023,0,122,1023,0,301,452,305,369,349,305,617,773,756,305,855
294,1023,0,230,1023,0,632,805,305,601,516,305,617,745,710,305,855
457,1023,0,166,1023,0,178,362,305,338,327,305,617,762,754,305,855
319,1023,0,155,1023,0,284,444,305,329,316,305,617,766,751,305,855
296,1023,0,125,1023,0,422,619,305,322,318,305,617,741,725,305,855
605,1023,0,390,1023,0,396,521,305,377,349,305,617,820,788,305,855
344,1023,0,91,884,0,162,355,305,319,312,305,617,744,725,305,855
276,1023,0,253,1023,0,706,891,305,477,415,305,617,778,742,305,855
749,1023,0,607,1023,0,531,704,305,385,341,305,617,822,753,305,855
565,1023,0,284,1023,0,698,867,305,464,394,305,617,822,790,305,855
401,1023,0,175,1023,0,652,846,305,400,367,305,617,761,742,305,860
379,1023,0,153,1023,0,614,820,305,374,358,305,617,774,759,305,860
551,1023,0,261,1023,0,616,825,305,460,406,305,617,821,759,305,860
279,1023,0,182,1023,0,519,672,305,395,352,305,617,700,675,305,860
288,1023,0,284,1023,0,338,476,305,369,347,305,617,783,751,305,860
273,1023,0,170,1023,0,284,443,305,335,326,305,617,775,758,305,860
302,1023,0,195,1023,0,620,812,305,403,364,305,617,715,683,305,860
322,1023,0,326,1023,0,663,830,305,439,375,305,617,799,759,305,860
324,1023,0,124,1023,0,293,447,305,335,318,305,617,751,732,305,860
365,1023,0,231,1023,0,428,613,305,336,327,305,617,791,774,305,860
323,1023,0,206,1023,0,465,654,305,337,332,305,617,737,715,305,860
545,1023,0,252,1023,0,595,784,305,419,378,305,617,746,716,305,860
493,1023,0,255,1023,0,416,594,305,473,423,305,617,820,795,305,860
392,1023,0,161,1023,0,186,359,305,451,414,305,617,749,731,305,860
259,1023,0,299,1023,0,247,394,305,709,626,305,617,766,734,305,860
404,1023,0,162,1023,0,159,336,305,389,363,305,617,762,748,305,860
531,1023,0,293,1023,0,218,372,305,407,364,305,617,796,764,305,860
327,1023,0,278,1023,0,495,672,305,343,324,305,617,738,712,305,860
412,1023,0,178,1023,0,637,829,305,424,387,305,617,781,768,305,860
340,1023,0,141,1023,0,330,480,305,326,321,305,617,748,719,305,860
289,1023,0,168,1023,0,354,504,305,372,350,305,617,756,741,305,860
272,1023,0,493,1023,0,356,467,305,651,531,305,617,793,735,305,860
936,1023,0,817,1023,0,663,825,305,497,366,305,617,844,768,305,860
427,1023,0,263,1023,0,190,358,305,335,325,305,617,788,772,305,860
359,1023,0,156,1023,0,240,390,305,334,326,305,617,763,756,305,860
370,1023,0,255,1023,0,676,864,305,483,421,305,617,757,729,305,860
312,1023,0,366,1023,0,761,919,306,607,513,305,617,724,688,305,860
437,1023,0,372,1023,0,297,431,305,315,318,305,617,776,753,305,860
355,1023,0,158,1023,0,193,356,305,324,316,305,617,760,736,305,860
408,1023,0,281,1023,0,390,533,305,486,411,305,617,776,735,305,860
349,1023,0,159,1023,0,283,427,305,424,388,305,617,807,791,305,860
245,1023,0,168,1023,0,586,773,305,356,335,305,617,746,720,305,860
391,1023,0,281,1023,0,208,367,305,339,332,305,617,750,731,305,860
369,1023,0,214,1023,0,267,408,305,371,349,305,618,731,707,305,864
365,1023,0,138,1023,0,376,554,305,329,320,305,618,729,707,305,864
330,1023,0,302,1023,0,550,732,305,425,371,305,618,761,732,305,864
412,1023,0,256,1023,0,460,638,305,479,393,305,618,785,762,305,864
563,1023,0,379,1023,0,642,822,305,444,385,305,618,766,737,305,864
48,546,0,6,69,0,7,314,305,318,317,305,618,600,605,305,864
531,1023,0,642,1023,0,875,1018,307,689,587,305,618,837,767,305,864
384,1023,0,176,1023,0,245,376,305,329,323,305,618,756,741,305,864
409,1023,0,286,1023,0,259,399,305,345,333,305,618,785,769,305,864
349,1023,0,158,1023,0,340,499,305,362,342,305,618,667,652,305,864
466,1023,0,240,1023,0,434,615,305,381,359,305,618,761,749,305,864
464,1023,0,429,1023,0,339,479,305,492,425,305,618,816,788,305,864
476,1023,0,253,1023,0,338,476,305,349,334,305,618,727,689,305,864
426,1023,0,369,1023,0,390,562,305,399,373,305,618,791,768,305,864
330,1023,0,161,1023,0,539,747,305,367,349,305,618,763,755,305,864
282,1023,0,183,1023,0,269,418,305,402,381,305,618,761,740,305,864
450,1023,0,193,1023,0,358,524,305,356,337,305,618,746,731,305,864
548,1023,0,240,1023,0,520,716,305,390,369,305,618,785,762,305,864
386,1023,0,273,1023,0,500,694,305,458,406,305,618,768,749,305,864
434,1023,0,158,1023,0,242,397,305,389,371,305,618,749,734,305,864
414,1023,0,187,1023,0,211,365,305,334,328,305,618,706,690,305,864
326,1023,0,202,1023,0,188,360,305,369,349,305,618,756,739,305,864
497,1023,0,353,1023,0,344,477,305,354,335,305,618,763,738,305,864
359,1023,0,172,1023,0,131,332,305,396,368,305,618,741,712,305,864
382,1023,0,291,1023,0,257,385,305,325,319,305,618,779,735,305,864
400,1023,0,228,1023,0,272,429,305,345,335,305,618,770,750,305,864
355,1023,0,183,1023,0,211,377,305,380,355,305,618,749,737,305,864
939,1023,0,567,1023,0,304,388,305,387,344,305,618,820,744,305,864
497,1023,0,192,1023,0,685,870,305,431,381,305,618,767,737,305,864
573,1023,0,388,1023,0,508,702,305,444,398,305,618,845,813,305,864
640,1023,0,388,1023,0,792,955,306,556,463,305,618,735,701,305,864
392,1023,0,212,1023,0,266,390,305,341,326,305,618,771,741,305,864
388,1023,0,437,1023,0,558,732,305,350,331,305,618,775,720,305,864
406,1023,0,213,1023,0,580,762,305,392,357,305,618,759,729,305,864
805,1023,0,738,1023,0,807,942,306,693,581,305,618,841,797,305,864
395,1023,0,177,1023,0,465,662,305,343,330,305,618,764,741,305,864
469,1023,0,260,1023,0,823,990,306,613,531,305,618,741,711,305,864
184,834,0,228,1023,0,782,944,306,759,685,305,618,799,760,305,868
462,1023,0,189,1023,0,579,777,305,397,367,305,618,782,772,305,868
404,1023,0,352,1023,0,415,580,305,350,336,305,618,740,706,305,868
642,1023,0,600,1023,0,452,613,305,373,330,305,618,859,835,305,868
517,1023,0,255,1023,0,225,368,305,372,346,305,618,797,783,305,868
353,1023,0,212,1023,0,388,554,305,335,321,305,618,759,744,305,868
355,1023,0,285,1023,0,787,960,306,594,506,305,618,781,758,305,868
365,1023,0,118,1023,0,324,488,305,327,315,305,618,724,709,305,868
436,1023,0,218,1023,0,474,657,305,349,336,305,618,773,757,305,868
377,1023,0,97,929,0,291,441,305,323,312,305,618,756,737,305,868
344,1023,0,196,1023,0,436,623,305,335,325,305,618,777,747,305,868
359,1023,0,131,1023,0,557,755,305,501,454,305,618,774,761,305,868
530,1023,0,325,1023,0,253,402,305,441,392,305,618,775,754,305,868
422,1023,0,374,1023,0,813,972,306,598,502,305,618,771,737,305,868
376,1023,0,267,1023,0,553,737,305,400,363,305,618,774,746,305,868
455,1023,0,141,1023,0,408,589,305,337,331,305,618,754,741,305,868
450,1023,0,268,1023,0,193,351,305,329,324,305,618,768,741,305,868
407,1023,0,166,1023,0,272,406,305,426,385,305,618,782,769,305,868
609,1023,0,396,1023,0,462,591,305,360,329,305,618,800,725,305,868
288,1023,0,191,1023,0,328,510,305,360,344,305,619,777,766,305,868
351,1023,0,154,1023,0,733,930,306,474,430,305,619,749,739,305,868
479,1023,0,276,1023,0,337,486,305,361,339,305,619,780,766,305,868
418,1023,0,220,1023,0,163,340,305,344,333,305,619,763,744,305,868
371,1023,0,191,1023,0,348,500,305,332,327,305,619,741,716,305,868
316,1023,0,124,1023,0,234,380,305,339,330,305,619,747,733,305,868
327,1023,0,295,1023,0,319,453,305,511,440,305,619,772,750,305,868
259,1023,0,153,1023,0,234,373,305,325,319,305,619,727,696,305,868
354,1023,0,312,1023,0,393,554,305,339,325,305,619,737,689,305,868
386,1023,0,184,1023,0,206,367,305,572,508,305,619,747,714,305,868
329,1023,0,117,1023,0,226,389,305,311,311,305,619,746,735,305,868
380,1023,0,260,1023,0,192,360,305,339,324,305,619,768,752,305,868
274,1023,0,184,1023,0,389,554,305,564,495,305,619,758,743,305,868
926,1023,0,561,1023,0,336,466,305,368,347,305,619,858,820,305,868
329,1023,0,153,1023,0,321,477,305,328,321,305,619,740,726,305,868
422,1023,0,292,1023,0,397,556,305,341,335,305,619,780,755,305,868
297,1023,0,163,1023,0,753,940,306,582,516,305,619,763,744,305,868
296,1023,0,158,1023,0,269,416,305,405,379,305,619,692,680,305,868
521,1023,0,592,1023,0,393,530,305,597,499,305,619,803,749,305,868
130,1023,0,12,144,0,0,311,305,319,320,305,619,714,714,305,868
450,1023,0,238,1023,0,673,852,305,530,453,305,619,793,767,305,872
243,1023,0,61,700,0,169,356,305,392,374,305,619,765,763,305,872
754,1023,0,588,1023,0,384,482,305,354,327,305,619,835,746,305,872
361,1023,0,216,1023,0,539,742,305,342,332,305,619,757,737,305,872
441,1023,0,272,1023,0,801,976,306,571,500,305,619,740,709,305,872
482,1023,0,302,1023,0,471,674,305,428,397,305,619,810,790,305,872
436,1023,0,282,1023,0,278,412,305,646,590,305,619,816,785,305,872
415,1023,0,205,1023,0,199,364,305,327,322,305,619,741,726,305,872
465,1023,0,567,1023,0,683,832,305,568,454,305,619,765,712,305,872
373,1023,0,229,1023,0,204,356,305,324,317,305,619,760,743,305,872
485,1023,0,277,1023,0,258,396,305,338,329,305,619,749,724,305,872
314,1023,0,153,1023,0,564,769,305,399,372,305,619,762,726,305,872
387,1023,0,186,1023,0,665,855,305,455,397,305,619,769,745,305,872
413,1023,0,245,1023,0,256,399,305,413,378,305,619,776,752,305,872
355,1023,0,192,1023,0,494,702,305,354,334,305,619,763,754,305,872
547,1023,0,267,1023,0,352,472,305,340,327,305,619,759,729,305,872
490,1023,0,313,1023,0,293,441,305,369,349,305,619,818,791,305,872
389,1023,0,221,1023,0,615,819,305,397,376,305,619,707,680,305,872
486,1023,0,276,1023,0,530,730,305,341,330,305,619,798,787,305,872
245,1023,0,250,1023,0,845,1004,306,651,569,305,619,802,770,305,872
484,1023,0,279,1023,0,387,548,305,464,409,305,619,803,782,305,872
313,1023,0,121,1023,0,335,504,305,319,316,305,619,762,748,305,872
205,1023,0,245,1023,0,812,972,306,582,488,305,619,744,733,305,872
354,1023,0,159,1023,0,474,673,305,332,329,305,619,762,740,305,872
466,1023,0,149,1023,0,194,361,305,334,329,305,619,744,731,305,872
756,1023,0,395,1023,0,313,396,305,412,374,305,619,854,767,305,872
357,1023,0,180,1023,0,605,758,305,427,359,305,619,708,674,305,872
299,1023,0,146,1023,0,137,344,305,313,315,305,619,729,718,305,872
358,1023,0,390,1023,0,749,908,305,516,424,305,619,761,727,305,872
303,1023,0,240,1023,0,436,594,305,316,314,305,619,762,745,305,872
201,1018,0,191,1023,0,276,416,305,388,359,305,619,575,505,305,872
367,1023,0,155,1023,0,599,801,305,379,356,305,619,739,728,305,872
425,1023,0,166,1023,0,685,851,305,455,384,305,619,752,735,305,872
388,1023,0,269,1023,0,662,850,305,442,397,305,619,775,758,305,872
486,1023,0,307,1023,0,263,382,305,346,330,305,619,778,753,305,872
312,1023,0,399,1023,0,399,526,305,489,393,305,619,748,706,305,872
384,1023,0,209,1023,0,293,417,305,346,328,305,619,707,664,305,872
399,1023,0,185,1023,0,880,1023,306,662,595,305,619,720,697,305,872
438,1023,0,238,1023,0,759,914,306,513,419,305,619,706,682,305,872
377,1023,0,258,1023,0,344,495,305,389,355,305,619,792,767,305,872
405,1023,0,202,1023,0,642,829,305,586,551,305,619,802,779,305,872
440,1023,0,267,1023,0,615,798,305,378,355,305,619,746,725,305,872
522,1023,0,328,1023,0,814,991,306,591,521,305,619,781,760,305,872
466,1023,0,255,1023,0,668,848,305,458,405,305,619,765,738,305,876
457,1023,0,225,1023,0,293,438,305,341,327,305,619,774,738,305,876
300,1023,0,197,1023,0,246,381,305,706,644,305,620,756,706,305,876
377,1023,0,205,1023,0,359,480,305,339,319,305,620,744,730,305,876
341,1023,0,213,1023,0,373,547,305,375,349,305,620,765,745,305,876
375,1023,0,293,1023,0,409,562,305,378,346,305,620,777,757,305,876
441,1023,0,193,1023,0,442,631,305,351,336,305,620,782,761,305,876
419,1023,0,265,1023,0,327,456,305,358,340,305,620,772,757,305,876
294,1023,0,102,1023,0,233,397,305,326,319,305,620,757,743,305,876
431,1023,0,239,1023,0,484,658,305,434,378,305,620,776,743,305,876
317,1023,0,154,1023,0,665,868,305,432,396,305,620,763,748,305,876
542,1023,0,289,1023,0,247,385,305,366,336,305,620,788,750,305,876
414,1023,0,335,1023,0,567,756,305,418,361,305,620,791,769,305,876
980,1023,0,845,1023,0,293,388,305,436,370,305,620,850,802,305,876
404,1023,0,162,1023,0,594,790,305,380,356,305,620,782,763,305,876
475,1023,0,285,1023,0,469,655,305,337,325,305,620,758,728,305,876
349,1023,0,177,1023,0,157,343,305,475,433,305,620,773,761,305,876
407,1023,0,191,1023,0,218,368,305,330,329,305,620,766,747,305,876
430,1023,0,222,1023,0,425,594,305,345,330,305,620,772,743,305,876
442,1023,0,199,1023,0,377,531,305,352,335,305,620,782,767,305,876
323,1023,0,142,1023,0,561,768,305,424,393,305,620,765,754,305,876
359,1023,0,224,1023,0,355,503,305,484,419,305,620,768,750,305,876
307,1023,0,125,1023,0,208,377,305,331,322,305,620,742,723,305,876
397,1023,0,268,1023,0,359,515,305,463,414,305,620,765,749,305,876
318,1023,0,160,1023,0,319,453,305,333,322,305,620,702,685,305,876
349,1023,0,196,1023,0,531,699,305,362,337,305,620,730,698,305,876
386,1023,0,179,1023,0,317,469,305,352,337,305,620,746,734,305,880
445,1023,0,248,1023,0,544,717,305,686,616,305,620,788,744,305,880
433,1023,0,143,1023,0,224,378,305,349,357,305,620,772,759,305,880
318,1023,0,120,1023,0,622,835,305,383,360,305,620,758,751,305,880
321,1023,0,118,1023,0,335,499,305,415,391,305,620,757,740,305,880
356,1023,0,143,1023,0,625,833,305,390,365,305,620,780,770,305,880
800,1023,0,518,1023,0,357,501,305,387,335,305,620,826,757,305,880
382,1023,0,203,1023,0,631,810,305,399,356,305,620,772,754,305,880
417,1023,0,275,1023,0,208,357,305,391,359,305,620,780,764,305,880
595,1023,0,492,1023,0,347,464,305,354,333,305,620,778,740,305,880
323,1023,0,347,1023,0,396,540,305,333,321,305,620,714,691,305,880
355,1023,0,176,1023,0,239,391,305,323,319,305,620,767,753,305,880
372,1023,0,116,1023,0,535,740,305,361,339,305,620,764,752,305,880
270,1023,0,119,1023,0,199,360,305,471,439,305,620,755,745,305,880
311,1023,0,122,1023,0,569,781,305,364,347,305,620,740,730,305,880
397,1023,0,200,1023,0,256,398,305,345,337,305,620,767,744,305,880
383,1023,0,172,1023,0,277,436,305,318,316,305,620,761,745,305,880
433,1023,0,164,1023,0,822,1005,306,613,554,305,620,755,732,305,880
424,1023,0,446,1023,0,534,696,305,358,329,305,620,780,752,305,880
318,1023,0,123,1023,0,156,338,305,324,322,305,620,758,743,305,880
548,1023,0,360,1023,0,324,458,305,408,361,305,620,824,804,305,880
664,1023,0,377,1023,0,316,453,305,387,357,305,620,857,841,305,880
359,1023,0,178,1023,0,205,368,305,353,342,305,620,778,760,305,880
424,1023,0,219,1023,0,408,581,305,340,329,305,620,788,774,305,880
423,1023,0,354,1023,0,254,383,305,483,416,305,621,813,774,305,880
317,1023,0,233,1023,0,216,368,305,518,475,305,621,761,736,305,880
372,1023,0,268,1023,0,543,749,305,421,385,305,621,826,809,305,880
392,1023,0,222,1023,0,149,356,305,327,321,305,621,741,729,305,880
442,1023,0,169,1023,0,692,883,305,437,393,305,621,763,733,305,880
383,1023,0,177,1023,0,230,372,305,350,337,305,621,755,738,305,884
241,1023,0,260,1023,0,536,702,305,532,447,305,621,791,759,305,884
330,1023,0,147,1023,0,143,344,305,332,321,305,621,766,750,305,884
660,1023,0,463,1023,0,532,720,305,413,375,305,621,838,794,305,884
1023,1023,0,1023,1023,0,778,909,305,632,466,305,621,950,864,305,884
313,1023,0,133,1023,0,142,340,305,313,314,305,621,749,743,305,884
392,1023,0,297,1023,0,422,584,305,351,334,305,621,805,772,305,884
341,1023,0,191,1023,0,268,417,305,463,420,305,621,760,746,305,884
507,1023,0,310,1023,0,663,845,305,496,427,305,621,809,790,305,884
356,1023,0,136,1023,0,195,365,305,321,312,305,621,772,758,305,884
275,1023,0,154,1023,0,624,827,305,431,402,305,621,767,755,305,884
392,1023,0,190,1023,0,600,797,305,391,362,305,621,748,721,305,884
532,1023,0,236,1023,0,307,452,305,345,323,305,621,731,689,305,884
630,1023,0,479,1023,0,319,448,305,382,347,305,621,732,707,305,884
314,1023,0,232,1023,0,252,398,305,321,318,305,621,815,777,305,884
517,1023,0,417,1023,0,337,461,305,426,373,305,621,781,745,305,884
496,1023,0,313,1023,0,429,596,305,330,317,305,621,710,683,305,884
321,1023,0,192,1023,0,452,612,305,419,384,305,621,766,737,305,884
387,1023,0,158,1023,0,565,771,305,585,544,305,621,787,754,305,884
394,1023,0,162,1023,0,571,772,305,375,346,305,621,776,765,305,884
441,1023,0,533,1023,0,824,977,306,597,492,305,621,766,725,305,884
432,1023,0,400,1023,0,391,538,305,380,353,305,621,773,735,305,884
299,1023,0,109,1023,0,563,774,305,485,457,305,621,815,808,305,884
402,1023,0,477,1023,0,506,698,305,438,380,305,621,804,779,305,884
327,1023,0,211,1023,0,240,396,305,358,341,305,621,754,741,305,884
350,1023,0,209,1023,0,780,959,306,547,468,305,621,723,691,305,884
501,1023,0,354,1023,0,291,413,305,422,366,305,621,780,753,305,884
406,1023,0,263,1023,0,544,731,305,429,390,305,621,772,750,305,884
346,1023,0,206,1023,0,801,978,306,573,496,305,621,748,731,305,884
398,1023,0,337,1023,0,697,860,305,620,526,305,621,792,767,305,884
333,1023,0,172,1023,0,184,352,305,360,345,305,621,767,748,305,884
310,1023,0,264,1023,0,414,564,305,487,408,305,621,752,725,305,884
456,1023,0,208,1023,0,428,608,305,334,323,305,621,784,767,305,884
519,1023,0,310,1023,0,393,563,305,340,336,305,621,770,753,305,884
360,1023,0,138,1023,0,480,684,305,341,334,305,621,769,752,305,884
414,1023,0,147,1023,0,172,349,305,325,324,305,621,739,731,305,884
382,1023,0,181,1023,0,627,813,305,482,427,305,621,763,741,305,884
448,1023,0,241,1023,0,379,543,305,382,361,305,621,776,741,305,888
284,1023,0,149,1023,0,302,459,305,332,331,305,621,764,749,305,888
299,1023,0,134,1023,0,708,910,305,455,415,305,621,772,761,305,888
427,1023,0,450,1023,0,751,919,306,538,460,305,621,783,743,305,888
383,1023,0,169,1023,0,327,470,305,488,441,305,621,783,767,305,888
869,1023,0,553,1023,0,766,955,306,717,627,305,621,868,808,305,888
325,1023,0,458,1023,0,347,449,305,352,323,305,621,770,718,305,888
318,1023,0,225,1023,0,351,528,305,330,319,305,621,764,752,305,888
333,1023,0,288,1023,0,461,624,305,409,356,305,621,800,777,305,888
270,1023,0,225,1023,0,267,394,305,619,531,305,621,737,701,305,888
453,1023,0,198,1023,0,477,655,305,453,399,305,621,782,768,305,888
461,1023,0,220,1023,0,415,569,305,376,345,305,621,820,793,305,888
390,1023,0,247,1023,0,776,953,306,550,477,305,621,750,735,305,888
384,1023,0,179,1023,0,490,676,305,331,321,305,621,790,775,305,888
271,1023,0,180,1023,0,617,801,305,502,429,305,621,758,722,305,888
453,1023,0,313,1023,0,630,817,305,393,359,305,621,766,748,305,888
366,1023,0,139,1023,0,762,960,306,516,475,305,621,654,644,305,888
560,1023,0,314,1023,0,570,761,305,418,355,305,621,832,810,305,888
374,1023,0,144,1023,0,336,507,305,308,315,305,621,750,730,305,888
426,1023,0,170,1023,0,319,472,305,326,322,305,621,778,768,305,888
377,1023,0,173,1023,0,526,721,305,355,337,305,621,765,754,305,888
340,1023,0,103,1021,0,159,346,305,334,329,305,621,727,711,305,888
221,1023,0,180,1023,0,654,837,305,437,385,305,621,744,721,305,888
330,1023,0,225,1023,0,251,419,305,329,327,305,621,761,741,305,888
64,589,0,6,68,0,0,309,305,307,312,305,621,582,584,305,888
463,1023,0,228,1023,0,520,687,305,399,358,305,621,786,754,305,888
476,1023,0,224,1023,0,706,903,305,464,424,305,621,803,792,305,888
427,1023,0,472,1023,0,937,1023,306,733,671,305,622,749,738,305,888
240,1023,0,222,1023,0,330,460,305,595,509,305,622,766,725,305,888
423,1023,0,212,1023,0,500,697,305,379,356,305,622,777,758,305,888
519,1023,0,437,1023,0,681,844,305,584,490,305,622,756,729,305,888
584,1023,0,346,1023,0,710,883,305,518,427,305,622,846,809,305,888
344,1023,0,194,1023,0,369,529,305,332,318,305,622,756,724,305,892
705,1023,0,741,1023,0,743,880,305,619,504,305,622,792,746,305,892
327,1023,0,271,1023,0,652,860,305,449,406,305,622,775,749,305,892
395,1023,0,244,1023,0,215,366,305,318,320,305,622,771,749,305,892
292,1023,0,136,1023,0,233,382,305,313,321,305,622,757,731,305,892
233,1023,0,180,1023,0,441,611,305,718,657,305,622,745,722,305,892
247,1023,0,134,1023,0,207,368,305,516,459,305,622,791,775,305,892
1023,1023,0,1023,1023,0,735,902,305,721,641,305,622,958,906,305,892
559,1023,0,358,1023,0,552,733,305,418,371,305,622,795,760,305,892
356,1023,0,182,1023,0,771,970,306,535,495,305,622,751,729,305,892
443,1023,0,197,1023,0,767,945,306,568,500,305,622,770,750,305,892
372,1023,0,137,1023,0,502,702,305,362,341,305,622,786,774,305,892
115,912,0,56,663,0,154,357,305,710,688,305,622,676,675,305,892
211,1023,0,155,1023,0,325,467,305,362,341,305,622,763,728,305,892
309,1023,0,120,1023,0,271,424,305,324,320,305,622,739,723,305,892
292,1023,0,115,1023,0,258,410,305,317,312,305,622,764,754,305,892
368,1023,0,204,1023,0,221,373,305,489,422,305,622,783,767,305,892
462,1023,0,314,1023,0,332,484,305,406,375,305,622,797,778,305,892
468,1023,0,272,1023,0,703,886,305,551,480,305,622,782,771,305,892
409,1023,0,145,1023,0,734,931,306,475,431,305,622,730,716,305,892
311,1023,0,133,1023,0,572,784,305,367,354,305,622,779,764,305,892
422,1023,0,321,1023,0,209,366,305,357,338,305,622,733,697,305,892
381,1023,0,156,1023,0,615,819,305,383,363,305,622,791,779,305,892
343,1023,0,219,1023,0,740,917,306,596,514,305,622,770,746,305,892
850,1023,0,453,1023,0,295,404,305,366,332,305,622,803,745,305,892
615,1023,0,361,1023,0,485,654,305,469,389,305,622,828,813,305,892
432,1023,0,194,1023,0,202,375,305,323,316,305,622,724,710,305,892
513,1023,0,415,1023,0,499,672,305,391,354,305,622,819,775,305,892
432,1023,0,314,1023,0,430,597,305,349,337,305,622,780,757,305,892
301,1023,0,108,1023,0,108,332,305,318,318,305,622,744,733,305,892
345,1023,0,170,1023,0,265,411,305,415,385,305,622,792,775,305,892
795,1023,0,332,1023,0,554,746,305,438,367,305,622,827,760,305,892
555,1023,0,330,1023,0,196,377,305,356,340,305,622,772,759,305,892
399,1023,0,504,1023,0,692,840,305,435,360,305,622,787,747,305,892
392,1023,0,458,1023,0,415,544,305,618,514,305,622,802,769,305,892
428,1023,0,299,1023,0,584,776,305,363,338,305,622,786,752,305,897
588,1023,0,446,1023,0,680,862,305,469,405,305,622,797,773,305,897
300,1023,0,182,1023,0,282,387,305,328,316,305,622,740,714,305,897
354,1023,0,123,1023,0,332,492,305,382,360,305,622,747,728,305,897
310,1023,0,165,1023,0,481,681,305,333,328,305,622,749,729,305,897
483,1023,0,205,1023,0,594,781,305,384,355,305,622,762,729,305,897
1023,1023,0,746,1023,0,764,884,305,607,465,305,622,871,826,305,897
455,1023,0,176,1023,0,734,922,306,510,445,305,622,710,689,305,897
395,1023,0,168,1023,0,214,367,305,380,356,305,622,770,750,305,897
356,1023,0,174,1023,0,697,902,305,445,411,305,622,776,764,305,897
291,1023,0,136,1023,0,210,378,305,333,324,305,622,775,766,305,897
307,1023,0,210,1023,0,674,858,305,515,440,305,622,745,692,305,897
773,1023,0,636,1023,0,295,383,305,465,397,305,622,832,787,305,897
389,1023,0,168,1023,0,375,545,305,316,319,305,622,764,736,305,897
381,1023,0,181,1023,0,165,356,305,356,341,305,622,773,758,305,897
903,1023,0,436,1023,0,313,398,305,457,380,305,622,837,759,305,897
184,1023,0,191,1023,0,271,406,305,637,588,305,622,789,770,305,897
377,1023,0,236,1023,0,389,552,305,364,347,305,622,751,734,305,897
510,1023,0,233,1023,0,222,369,305,396,356,305,622,772,747,305,897
375,1023,0,141,1023,0,511,713,305,344,335,305,622,760,749,305,897
317,1023,0,121,1023,0,252,402,305,319,314,305,622,762,751,305,897
449,1023,0,145,1023,0,187,355,305,319,318,305,622,701,684,305,897
410,1023,0,211,1023,0,686,884,305,443,410,305,622,753,740,305,897
329,1023,0,143,1023,0,546,747,305,457,424,305,622,753,741,305,897
363,1023,0,198,1023,0,243,385,305,644,580,305,622,793,772,305,897
460,1023,0,273,1023,0,210,379,305,516,462,305,622,742,719,305,897
362,1023,0,228,1023,0,287,425,305,335,321,305,622,761,735,305,897
491,1023,0,212,1023,0,215,373,305,373,351,305,622,769,737,305,897
395,1023,0,355,1023,0,320,417,305,618,540,305,622,780,731,305,897
324,1023,0,169,1023,0,290,440,305,388,363,305,622,752,741,305,897
463,1023,0,682,1023,0,849,989,306,646,533,305,622,760,729,305,897
372,1023,0,266,1023,0,508,701,305,461,411,305,622,778,758,305,897
314,1023,0,104,1023,0,208,368,305,324,319,305,622,768,751,305,897
306,1023,0,122,1023,0,147,344,305,321,322,305,623,750,738,305,897
281,1023,0,92,947,0,536,745,305,355,342,305,623,737,728,305,897
338,1023,0,168,1023,0,194,358,305,684,639,305,623,768,756,305,897
517,1023,0,341,1023,0,292,409,305,341,325,305,623,795,774,305,897
242,964,0,261,1023,0,376,505,305,458,386,305,623,737,705,305,897
185,1023,0,140,1023,0,111,332,305,338,331,305,623,793,773,305,897
362,1023,0,190,1023,0,301,440,305,343,327,305,623,785,762,305,897
419,1023,0,150,1023,0,642,841,305,409,365,305,623,723,705,305,897
721,1023,0,405,1023,0,413,571,305,399,345,305,623,830,785,305,897
335,1023,0,222,1023,0,542,730,305,391,363,305,623,768,747,305,897
403,1023,0,160,1023,0,381,556,305,339,327,305,623,741,710,305,897
399,1023,0,291,1023,0,421,575,305,430,371,305,623,757,740,305,897
403,1023,0,148,1023,0,239,386,305,325,320,305,623,754,737,305,897
382,1023,0,208,1023,0,325,451,305,392,344,305,623,781,761,305,897
365,1023,0,167,1023,0,229,388,305,342,334,305,623,769,755,305,897
485,1023,0,238,1023,0,705,886,305,453,398,305,623,745,703,305,901
253,1023,0,198,1023,0,653,829,305,438,382,305,623,743,722,305,901
329,1023,0,151,1023,0,280,434,305,338,328,305,623,784,772,305,901
319,1023,0,138,1023,0,243,393,305,334,326,305,623,771,759,305,901
350,1023,0,208,1023,0,203,361,305,370,344,305,623,768,742,305,901
278,1023,0,202,1023,0,487,668,305,651,594,305,623,784,761,305,901
434,1023,0,268,1023,0,398,572,305,338,328,305,623,778,759,305,901
391,1023,0,396,1023,0,676,834,305,602,494,305,623,764,710,305,901
354,1023,0,126,1023,0,690,894,305,429,403,305,623,701,681,305,901
536,1023,0,323,1023,0,500,690,305,351,332,305,623,788,769,305,901
220,883,0,423,1023,0,691,846,305,626,520,305,623,771,700,305,901
396,1023,0,207,1023,0,233,381,305,576,503,305,623,765,732,305,901
366,1023,0,182,1023,0,234,378,305,326,320,305,623,690,672,305,901
348,1023,0,199,1023,0,221,373,305,329,323,305,623,754,737,305,901
415,1023,0,288,1023,0,298,440,305,324,318,305,623,738,720,305,901
412,1023,0,214,1023,0,275,428,305,417,384,305,623,798,787,305,901
376,1023,0,172,1023,0,535,732,305,367,342,305,623,775,764,305,901
299,1023,0,303,1023,0,375,516,305,367,341,305,623,757,723,305,901
499,1023,0,322,1023,0,782,949,306,557,475,305,623,787,760,305,901
552,1023,0,303,1023,0,251,373,305,348,332,305,623,813,794,305,901
317,1023,0,147,1023,0,201,365,305,334,324,305,623,756,741,305,901
311,1023,0,207,1023,0,170,341,305,493,426,305,623,681,650,305,901
524,1023,0,217,1023,0,278,398,305,340,323,305,623,779,759,305,901
331,1023,0,242,1023,0,613,781,305,435,362,305,623,766,717,305,901
402,1023,0,420,1023,0,305,433,305,626,545,305,623,809,787,305,901
458,1023,0,207,1023,0,186,358,305,321,322,305,623,765,748,305,901
375,1023,0,329,1023,0,291,429,305,322,320,305,623,741,703,305,901
417,1023,0,160,1023,0,674,868,305,420,380,305,623,788,774,305,901
346,1023,0,126,1023,0,578,780,305,349,341,305,623,758,745,305,901
357,1023,0,139,1023,0,470,661,305,324,323,305,623,768,743,305,901
374,1023,0,166,1023,0,194,359,305,339,323,305,623,765,734,305,901
433,1023,0,232,1023,0,279,419,305,323,317,305,623,794,767,305,901
405,1023,0,182,1023,0,521,722,305,358,344,305,623,784,764,305,901
216,1023,0,157,1023,0,159,339,305,574,506,305,623,739,718,305,901
431,1023,0,262,1023,0,614,796,305,431,380,305,623,775,760,305,901
354,1023,0,202,1023,0,231,374,305,333,320,305,623,766,741,305,901
238,1023,0,93,942,0,154,347,305,322,315,305,623,729,718,305,905
334,1023,0,89,894,0,442,643,305,327,326,305,623,800,794,305,905
419,1023,0,149,1023,0,308,462,305,351,338,305,623,742,731,305,905
393,1023,0,151,1023,0,233,388,305,327,320,305,623,740,728,305,905
523,1023,0,436,1023,0,707,888,305,463,403,305,623,831,811,305,905
357,1023,0,177,1023,0,576,774,305,378,346,305,623,773,754,305,905
341,1023,0,109,1023,0,231,382,305,306,313,305,623,771,756,305,905
387,1023,0,425,1023,0,742,895,305,528,423,305,623,775,744,305,905
454,1023,0,161,1023,0,327,472,305,361,340,305,623,778,762,305,905
303,1023,0,179,1023,0,487,682,305,323,321,305,623,732,694,305,905
389,1023,0,149,1023,0,548,751,305,343,332,305,623,764,746,305,905
335,1023,0,132,1023,0,218,376,305,318,312,305,623,727,717,305,905
399,1023,0,143,1023,0,256,407,305,365,339,305,624,783,769,305,905
341,1023,0,244,1023,0,460,643,305,331,320,305,624,736,713,305,905
343,1023,0,184,1023,0,282,436,305,588,538,305,624,780,756,305,905
369,1023,0,169,1023,0,328,469,305,353,329,305,624,765,747,305,905
368,1023,0,196,1023,0,540,744,305,414,374,305,624,768,746,305,905
410,1023,0,265,1023,0,533,727,305,494,447,305,624,785,770,305,905
380,1023,0,229,1023,0,478,667,305,369,340,305,624,773,756,305,905
388,1023,0,233,1023,0,300,428,305,390,356,305,624,795,765,305,905
324,1023,0,138,1023,0,319,489,305,375,353,305,624,759,735,305,905
1023,1023,0,1023,1023,0,677,833,305,540,389,305,624,869,759,305,905
442,1023,0,180,1023,0,659,851,305,411,371,305,624,787,775,305,905
457,1023,0,369,1023,0,365,489,305,612,503,305,624,794,770,305,905
378,1023,0,189,1023,0,272,422,305,353,345,305,624,768,753,305,905
451,1023,0,197,1023,0,230,374,305,321,315,305,624,754,729,305,905
415,1023,0,291,1023,0,390,528,305,344,328,305,624,736,707,305,905
390,1023,0,246,1023,0,384,529,305,325,321,305,624,710,674,305,905
500,1023,0,273,1023,0,375,537,305,331,327,305,624,773,759,305,905
298,1023,0,124,1023,0,295,458,305,335,318,305,624,780,771,305,905
465,1023,0,300,1023,0,277,412,305,352,330,305,624,801,782,305,905
461,1023,0,164,1023,0,224,389,305,361,350,305,624,741,728,305,905
339,1023,0,155,1023,0,175,346,305,369,341,305,624,766,746,305,905
350,1023,0,151,1023,0,349,512,305,324,328,305,624,736,716,305,905
223,1023,0,136,1023,0,329,489,305,617,573,305,624,771,758,305,905
394,1023,0,189,1023,0,300,445,305,403,372,305,624,778,750,305,905
610,1023,0,286,1023,0,650,838,305,420,373,305,624,818,767,305,905
461,1023,0,405,1023,0,512,669,305,628,524,305,624,805,785,305,905
461,1023,0,218,1023,0,495,683,305,382,353,305,624,757,736,305,905
375,1023,0,170,1023,0,607,807,305,363,351,305,624,739,728,305,905
433,1023,0,292,1023,0,167,341,305,324,322,305,624,771,754,305,905
868,1023,0,525,1023,0,373,491,305,419,363,305,624,813,768,305,909
320,1023,0,173,1023,0,753,938,306,509,447,305,624,746,728,305,909
299,1023,0,230,1023,0,329,456,305,327,319,305,624,714,675,305,909
332,1023,0,127,1023,0,349,519,305,325,320,305,624,764,748,305,909
382,1023,0,226,1023,0,357,527,305,371,344,305,624,777,760,305,909
335,1023,0,145,1023,0,227,384,305,438,396,305,624,741,728,305,909
437,1023,0,159,1023,0,255,400,305,338,325,305,624,770,762,305,909
303,1023,0,196,1023,0,231,386,305,358,345,305,624,782,756,305,909
453,1023,0,422,1023,0,727,883,305,521,424,305,624,829,802,305,909
403,1023,0,158,1023,0,315,461,305,336,317,305,624,686,653,305,909
283,1023,0,127,1023,0,206,368,305,337,324,305,624,765,757,305,909
336,1023,0,198,1023,0,201,359,305,326,321,305,624,765,740,305,909
317,1023,0,175,1023,0,358,502,305,320,317,305,624,778,756,305,909
431,1023,0,210,1023,0,339,452,305,399,350,305,624,743,720,305,909
400,1023,0,174,1023,0,308,456,305,334,326,305,624,785,767,305,909
499,1023,0,316,1023,0,678,870,305,449,408,305,624,789,770,305,909
306,1023,0,364,1023,0,648,802,305,404,352,305,624,790,763,305,909
304,1023,0,225,1023,0,210,369,305,509,448,305,624,786,748,305,909
543,1023,0,246,1023,0,836,992,306,638,559,305,624,759,737,305,909
576,1023,0,299,1023,0,637,816,305,408,366,305,624,780,752,305,909
390,1023,0,149,1023,0,286,435,305,329,324,305,624,750,741,305,909
888,1023,0,471,1023,0,694,887,305,459,400,305,624,840,786,305,909
320,1023,0,147,1023,0,258,399,305,380,358,305,624,763,748,305,909
359,1023,0,158,1023,0,278,416,305,315,315,305,624,704,669,305,909
517,1023,0,252,1023,0,427,608,305,415,380,305,624,808,796,305,909
425,1023,0,316,1023,0,389,551,305,348,334,305,624,781,769,305,909
287,1023,0,138,1023,0,684,878,305,427,381,305,624,671,644,305,909
544,1023,0,266,1023,0,717,920,305,493,456,305,624,825,806,305,909
328,1023,0,208,1023,0,580,789,305,394,363,305,624,777,766,305,909
360,1023,0,172,1023,0,701,896,305,445,397,305,624,777,755,305,909
337,1023,0,124,1023,0,326,503,305,324,320,305,624,743,734,305,909
544,1023,0,346,1023,0,462,636,305,380,352,305,624,787,757,305,909
758,1023,0,668,1023,0,585,720,305,484,405,305,624,840,798,305,909
328,1023,0,115,1023,0,268,420,305,316,312,305,624,766,756,305,909
287,1023,0,104,1023,0,467,674,305,339,325,305,624,749,735,305,909
587,1023,0,308,1023,0,419,581,305,336,327,305,624,810,772,305,909
424,1023,0,211,1023,0,365,533,305,324,319,305,625,814,792,305,909
315,1023,0,150,1023,0,502,707,305,318,321,305,625,762,733,305,909
335,1023,0,160,1023,0,370,541,305,316,313,305,625,742,732,305,909
602,1023,0,354,1023,0,241,389,305,387,359,305,625,786,761,305,909
463,1023,0,193,1023,0,356,505,305,365,353,305,625,725,706,305,909
383,1023,0,270,1023,0,341,477,305,322,315,305,625,771,744,305,909
316,1023,0,186,1023,0,543,749,305,455,420,305,625,756,737,305,909
728,1023,0,388,1023,0,596,798,305,374,351,305,625,824,803,305,909
408,1023,0,252,1023,0,201,372,305,459,406,305,625,780,759,305,909
301,1023,0,156,1023,0,703,909,305,442,414,305,625,768,756,305,909
345,1023,0,158,1023,0,568,756,305,371,342,305,625,758,733,305,909
374,1023,0,199,1023,0,512,707,305,447,404,305,625,780,755,305,909
1023,1023,0,653,1023,0,332,410,305,395,339,305,625,902,810,305,909
414,1023,0,217,1023,0,223,387,305,344,332,305,625,767,744,305,909
446,1023,0,170,1023,0,510,708,305,345,331,305,625,735,703,305,909
367,1023,0,222,1023,0,667,861,305,401,370,305,625,764,748,305,913
434,1023,0,256,1023,0,445,596,305,406,357,305,625,765,735,305,913
437,1023,0,212,1023,0,144,337,305,318,317,305,625,782,766,305,913
447,1023,0,314,1023,0,334,441,305,484,392,305,625,773,745,305,913
456,1023,0,232,1023,0,542,726,305,352,338,305,625,781,763,305,913
458,1023,0,172,1023,0,881,1023,306,662,607,305,625,665,653,305,913
562,1023,0,367,1023,0,287,421,305,345,333,305,625,765,745,305,913
300,1023,0,163,1023,0,605,817,305,377,358,305,625,767,753,305,913
360,1023,0,209,1023,0,508,703,305,355,342,305,625,766,739,305,913
389,1023,0,179,1023,0,421,585,305,381,350,305,625,755,737,305,913
491,1023,0,210,1023,0,324,477,305,335,325,305,625,742,726,305,913
352,1023,0,316,1023,0,607,793,305,431,390,305,625,757,735,305,913
388,1023,0,228,1023,0,202,363,305,329,319,305,625,781,754,305,913
416,1023,0,220,1023,0,255,399,305,333,327,305,625,767,740,305,913
460,1023,0,194,1023,0,334,474,305,361,327,305,625,764,740,305,913
394,1023,0,192,1023,0,181,356,305,339,332,305,625,754,738,305,913
409,1023,0,184,1023,0,313,453,305,376,347,305,625,783,762,305,913
423,1023,0,239,1023,0,546,748,305,356,338,305,625,791,783,305,913
451,1023,0,218,1023,0,348,496,305,526,455,305,625,784,762,305,913
369,1023,0,137,1023,0,197,372,305,344,330,305,625,755,741,305,913
572,1023,0,332,1023,0,594,762,305,470,396,305,625,802,781,305,913
475,1023,0,205,1023,0,316,471,305,340,329,305,625,779,764,305,913
340,1023,0,170,1023,0,483,681,305,330,328,305,625,771,759,305,913
335,1023,0,257,1023,0,284,415,305,500,428,305,625,760,718,305,913
363,1023,0,217,1023,0,363,524,305,346,343,305,625,742,708,305,913
486,1023,0,345,1023,0,361,515,305,594,532,305,625,783,760,305,913
625,1023,0,507,1023,0,406,577,305,540,474,305,625,839,788,305,913
347,1023,0,183,1023,0,374,553,305,340,332,305,625,763,757,305,913
655,1023,0,286,1023,0,700,890,305,462,400,305,625,823,767,305,913
272,1023,0,353,1023,0,580,743,305,355,332,305,625,770,723,305,913
285,1023,0,172,1023,0,424,616,305,323,322,305,625,741,709,305,913
441,1023,0,145,1023,0,509,711,305,349,326,305,625,779,772,305,913
394,1023,0,159,1023,0,514,707,305,404,371,305,625,769,757,305,913
277,1023,0,120,1023,0,156,340,305,349,334,305,625,754,746,305,913
405,1023,0,171,1023,0,279,425,305,324,322,305,625,738,726,305,913
314,1023,0,292,1023,0,249,394,305,428,373,305,625,733,704,305,913
490,1023,0,259,1023,0,402,580,305,403,370,305,625,798,779,305,913
321,1023,0,154,1023,0,318,470,305,404,363,305,625,746,730,305,913
265,1023,0,97,1023,0,152,345,305,310,311,305,625,752,737,305,913
395,1023,0,186,1023,0,299,460,305,348,337,305,625,731,708,305,913
332,1023,0,224,1023,0,420,573,305,330,323,305,625,753,721,305,913
283,1023,0,251,1023,0,703,900,305,453,412,305,625,765,749,305,917
410,1023,0,188,1023,0,182,357,305,343,331,305,625,745,731,305,917
457,1023,0,293,1023,0,217,372,305,399,368,305,625,796,777,305,917
305,1023,0,137,1023,0,349,513,305,329,321,305,625,750,720,305,917
331,1023,0,185,1023,0,168,347,305,332,319,305,625,767,742,305,917
436,1023,0,276,1023,0,409,572,305,427,373,305,625,765,742,305,917
320,1023,0,138,1023,0,225,378,305,333,323,305,625,758,740,305,917
794,1023,0,450,1023,0,286,396,305,502,422,305,625,838,802,305,917
540,1023,0,456,1023,0,908,1023,307,735,657,305,625,815,784,305,917
224,1005,0,308,1023,0,828,973,306,632,519,305,625,770,702,305,917
394,1023,0,157,1023,0,216,376,305,344,337,305,625,759,740,305,917
542,1023,0,264,1023,0,706,883,305,496,425,305,625,777,754,305,917
402,1023,0,277,1023,0,562,746,305,366,343,305,626,788,767,305,917
421,1023,0,332,1023,0,406,566,305,342,325,305,626,730,700,305,917
486,1023,0,257,1023,0,331,468,305,571,496,305,626,831,791,305,917
337,1023,0,243,1023,0,358,496,305,377,339,305,626,774,756,305,917
417,1023,0,128,1023,0,328,484,305,317,318,305,626,755,743,305,917
474,1023,0,912,1023,0,823,953,306,679,549,305,626,855,774,305,917
398,1023,0,179,1023,0,200,366,305,353,340,305,626,749,735,305,917
489,1023,0,518,1023,0,817,981,306,639,554,305,626,844,796,305,917
475,1023,0,182,1023,0,207,371,305,333,323,305,626,777,766,305,917
384,1023,0,222,1023,0,295,454,305,313,314,305,626,712,695,305,917
306,1023,0,143,1023,0,119,341,305,374,351,305,626,739,725,305,917
284,1023,0,164,1023,0,607,788,305,425,377,305,626,741,729,305,917
325,1023,0,347,1023,0,320,465,305,439,395,305,626,831,798,305,917
155,1002,0,106,1023,0,386,570,305,366,347,305,626,781,756,305,917
517,1023,0,412,1023,0,227,371,305,474,421,305,626,792,776,305,917
371,1023,0,374,1023,0,796,950,306,597,491,305,626,805,771,305,917
533,1023,0,261,1023,0,503,697,305,326,329,305,626,721,710,305,917
178,611,0,391,1023,0,902,1023,307,710,599,305,626,749,707,305,917
192,1017,0,221,1023,0,400,538,305,641,587,305,626,801,765,305,917
430,1023,0,220,1023,0,229,369,305,470,409,305,626,775,762,305,917
482,1023,0,294,1023,0,308,442,305,396,360,305,626,782,746,305,917
751,1023,0,738,1023,0,839,976,306,639,521,305,626,816,766,305,917
293,1023,0,168,1023,0,642,851,305,411,382,305,626,754,743,305,917
120,1023,0,21,273,0,0,311,305,641,633,305,626,746,744,305,917
401,1023,0,123,1023,0,519,719,305,333,324,305,626,726,716,305,921
388,1023,0,169,1023,0,256,407,305,324,322,305,626,753,738,305,921
432,1023,0,234,1023,0,254,399,305,426,390,305,626,777,747,305,921
473,1023,0,300,1023,0,423,599,305,442,396,305,626,828,805,305,921
440,1023,0,244,1023,0,509,693,305,372,343,305,626,761,737,305,921
402,1023,0,272,1023,0,732,909,305,499,432,305,626,758,722,305,921
259,1023,0,157,1023,0,627,837,305,395,368,305,626,763,748,305,921
333,1023,0,168,1023,0,746,936,306,489,433,305,626,705,672,305,921
441,1023,0,180,1023,0,217,371,305,363,351,305,626,766,746,305,921
499,1023,0,404,1023,0,422,610,305,643,588,305,626,858,836,305,921
350,1023,0,315,1023,0,273,417,305,323,320,305,626,822,785,305,921
322,1023,0,134,1023,0,289,447,305,328,315,305,626,769,753,305,921
350,1023,0,314,1023,0,389,528,305,319,319,305,626,728,700,305,921
331,1023,0,137,1023,0,436,629,305,328,322,305,626,765,747,305,921
378,1023,0,271,1023,0,406,574,305,345,330,305,626,776,757,305,921
529,1023,0,388,1023,0,282,430,305,375,358,305,626,833,812,305,921
429,1023,0,184,1023,0,765,950,306,541,472,305,626,678,642,305,921
391,1023,0,148,1023,0,227,377,305,313,319,305,626,739,723,305,921
468,1023,0,249,1023,0,307,441,305,337,320,305,626,722,697,305,921
354,1023,0,148,1023,0,468,668,305,341,336,305,626,776,766,305,921
444,1023,0,210,1023,0,410,585,305,342,331,305,626,741,729,305,921
366,1023,0,124,1023,0,527,722,305,350,336,305,626,763,748,305,921
460,1023,0,286,1023,0,255,384,305,324,315,305,626,740,701,305,921
449,1023,0,306,1023,0,385,555,305,412,379,305,626,732,703,305,921
341,1023,0,169,1023,0,174,355,305,523,461,305,626,753,729,305,921
408,1023,0,168,1023,0,140,334,305,316,318,305,626,743,707,305,921
473,1023,0,245,1023,0,219,368,305,316,321,305,626,772,750,305,921
456,1023,0,309,1023,0,381,529,305,325,321,305,626,771,748,305,921
438,1023,0,342,1023,0,476,644,305,328,322,305,626,737,716,305,921
382,1023,0,231,1023,0,776,961,306,550,484,305,626,778,765,305,921
780,1023,0,447,1023,0,482,656,305,355,339,305,626,839,820,305,921
689,1023,0,397,1023,0,624,830,305,458,392,305,626,821,778,305,921
386,1023,0,206,1023,0,386,568,305,347,324,305,626,746,721,305,921
366,1023,0,131,1023,0,558,746,305,494,433,305,626,804,796,305,921
540,1023,0,463,1023,0,720,890,305,502,418,305,626,811,738,305,921
396,1023,0,196,1023,0,424,601,305,345,331,305,626,783,754,305,921
391,1023,0,314,1023,0,321,443,305,350,331,305,626,769,742,305,921
348,1023,0,137,1023,0,388,577,305,325,320,305,626,758,741,305,921
192,914,0,286,1023,0,712,879,305,605,511,305,626,794,762,305,921
331,1023,0,222,1023,0,167,346,305,371,350,305,626,742,717,305,921
441,1023,0,199,1023,0,721,910,305,483,425,305,626,757,737,305,921
369,1023,0,169,1023,0,324,481,305,336,329,305,626,748,733,305,925
623,1023,0,489,1023,0,774,953,306,597,527,305,626,859,828,305,925
525,1023,0,261,1023,0,281,428,305,459,414,305,626,793,778,305,925
385,1023,0,533,1023,0,726,890,305,563,463,305,626,792,745,305,925
450,1023,0,303,1023,0,311,430,305,596,470,305,626,777,749,305,925
280,1023,0,139,1023,0,293,449,305,667,657,305,626,781,767,305,925
437,1023,0,191,1023,0,241,389,305,451,404,305,626,778,760,305,925
407,1023,0,288,1023,0,860,1023,306,654,577,305,626,723,696,305,925
351,1023,0,221,1023,0,455,641,305,326,319,305,627,735,715,305,925
466,1023,0,230,1023,0,420,591,305,335,327,305,627,791,774,305,925
404,1023,0,205,1023,0,207,370,305,312,320,305,627,775,764,305,925
334,1023,0,150,1023,0,259,415,305,338,327,305,627,769,753,305,925
413,1023,0,269,1023,0,350,516,305,320,316,305,627,763,746,305,925
329,1023,0,165,1023,0,187,365,305,325,318,305,627,762,751,305,925
384,1023,0,241,1023,0,356,510,305,447,391,305,627,794,774,305,925
335,1023,0,149,1023,0,241,392,305,322,321,305,627,770,750,305,925
377,1023,0,132,1023,0,302,457,305,323,319,305,627,782,770,305,925
360,1023,0,157,1023,0,463,663,305,324,321,305,627,773,758,305,925
396,1023,0,280,1023,0,425,598,305,360,341,305,627,765,737,305,925
324,1023,0,113,1023,0,154,343,305,316,318,305,627,760,747,305,925
360,1023,0,283,1023,0,557,740,305,378,346,305,627,776,722,305,925
389,1023,0,178,1023,0,418,604,305,331,325,305,627,787,767,305,925
293,1023,0,135,1023,0,195,368,305,313,314,305,627,763,753,305,925
586,1023,0,375,1023,0,434,588,305,394,355,305,627,799,770,305,925
351,1023,0,292,1023,0,273,429,305,426,391,305,627,783,773,305,925
529,1023,0,214,1023,0,535,724,305,407,378,305,627,783,762,305,925
421,1023,0,149,1023,0,562,755,305,365,340,305,627,786,775,305,925
458,1023,0,231,1023,0,378,533,305,385,356,305,627,759,742,305,925
271,1023,0,133,1023,0,400,590,305,523,476,305,627,776,740,305,925
288,1023,0,138,1023,0,613,822,305,383,353,305,627,753,744,305,925
438,1023,0,360,1023,0,524,711,305,366,345,305,627,800,774,305,925
680,1023,0,356,1023,0,646,811,305,441,359,305,627,844,784,305,925
351,1023,0,214,1023,0,603,779,305,514,414,305,627,715,687,305,925
266,1023,0,284,1023,0,336,458,305,318,315,305,627,775,757,305,925
310,1023,0,230,1023,0,253,375,305,427,370,305,627,792,771,305,925
401,1023,0,139,1023,0,298,441,305,322,323,305,627,753,739,305,925
261,1023,0,211,1023,0,480,668,305,679,610,305,627,801,778,305,925
477,1023,0,199,1023,0,466,642,305,366,344,305,627,752,736,305,925
427,1023,0,232,1023,0,687,872,305,432,387,305,627,765,739,305,929
431,1023,0,155,1023,0,252,397,305,330,319,305,627,772,761,305,929
216,1023,0,210,1023,0,171,348,305,691,633,305,627,717,675,305,929
191,1023,0,601,1023,0,392,573,305,472,419,305,627,809,774,305,929
488,1023,0,296,1023,0,374,540,305,352,336,305,627,800,780,305,929
710,1023,0,394,1023,0,421,553,305,367,334,305,627,833,779,305,929
355,1023,0,314,1023,0,605,789,305,611,530,305,627,777,744,305,929
352,1023,0,126,1023,0,227,376,305,528,475,305,627,787,767,305,929
315,1023,0,224,1023,0,230,368,305,320,317,305,627,778,752,305,929
372,1023,0,166,1023,0,192,352,305,371,351,305,627,729,715,305,929
348,1023,0,162,1023,0,499,704,305,338,329,305,627,747,735,305,929
323,1023,0,270,1023,0,626,821,305,395,362,305,627,813,790,305,929
552,1023,0,227,1023,0,322,465,305,317,313,305,627,718,690,305,929
372,1023,0,408,1023,0,315,445,305,521,436,305,627,779,747,305,929
380,1023,0,183,1023,0,749,946,306,514,464,305,627,774,763,305,929
291,1023,0,70,756,0,171,353,305,314,311,305,627,730,719,305,929
461,1023,0,558,1023,0,464,604,305,348,328,305,627,780,741,305,929
800,1023,0,554,1023,0,466,639,305,463,383,305,627,856,768,305,929
456,1023,0,227,1023,0,344,508,305,375,349,305,627,784,768,305,929
377,1023,0,361,1023,0,354,495,305,328,324,305,627,766,736,305,929
829,1023,0,531,1023,0,609,803,305,578,521,305,627,834,811,305,929
423,1023,0,146,1023,0,284,419,305,321,312,305,627,770,755,305,929
641,1023,0,290,1023,0,369,485,305,339,320,305,627,746,702,305,929
475,1023,0,267,1023,0,205,360,305,357,335,305,627,788,771,305,929
463,1023,0,228,1023,0,794,968,306,579,500,305,627,762,741,305,929
307,1023,0,276,1023,0,328,461,305,328,319,305,627,764,733,305,929
465,1023,0,367,1023,0,254,375,305,416,368,305,627,791,739,305,929
381,1023,0,202,1023,0,553,751,305,511,457,305,627,780,766,305,929
806,1023,0,537,1023,0,754,926,306,541,450,305,627,853,776,305,929
293,1023,0,571,1023,0,842,975,306,621,491,305,627,789,733,305,929
204,1023,0,43,540,0,136,342,305,365,365,305,627,782,781,305,929
498,1023,0,224,1023,0,196,355,305,409,369,305,627,749,723,305,929
455,1023,0,281,1023,0,299,424,305,450,391,305,627,811,775,305,929
380,1023,0,143,1023,0,626,829,305,392,361,305,627,801,788,305,929
195,1007,0,228,1023,0,661,841,305,458,391,305,627,774,746,305,929
455,1023,0,202,1023,0,434,615,305,319,320,305,627,752,740,305,929
463,1023,0,259,1023,0,679,865,305,436,389,305,627,794,775,305,929
556,1023,0,354,1023,0,310,422,305,354,338,305,627,851,836,305,929
371,1023,0,261,1023,0,723,912,305,482,428,305,628,814,796,305,929
402,1023,0,156,1023,0,197,360,305,338,330,305,628,758,741,305,929
365,1023,0,209,1023,0,469,665,305,351,339,305,628,776,756,305,929
260,1023,0,229,1023,0,281,411,305,327,316,305,628,774,735,305,929
357,1023,0,112,1023,0,261,418,305,333,323,305,628,765,756,305,934
432,1023,0,307,1023,0,663,850,305,499,440,305,628,703,655,305,934
337,1023,0,102,1023,0,443,641,305,337,331,305,628,742,730,305,934
391,1023,0,180,1023,0,347,509,305,323,322,305,628,773,748,305,934
260,1023,0,110,1023,0,146,341,305,309,311,305,628,730,719,305,934
471,1023,0,305,1023,0,321,463,305,375,354,305,628,778,758,305,934
418,1023,0,236,1023,0,581,771,305,361,345,305,628,775,763,305,934
317,1023,0,173,1023,0,339,473,305,439,385,305,628,747,727,305,934
295,1023,0,205,1023,0,495,679,305,553,481,305,628,755,723,305,934
488,1023,0,191,1023,0,173,341,305,337,326,305,628,729,713,305,934
440,1023,0,208,1023,0,238,384,305,399,363,305,628,779,760,305,934
391,1023,0,175,1023,0,624,824,305,384,357,305,628,789,771,305,934
405,1023,0,307,1023,0,457,628,305,449,396,305,628,816,800,305,934
401,1023,0,195,1023,0,225,374,305,370,351,305,628,760,735,305,934
315,1023,0,164,1023,0,319,484,305,341,336,305,628,763,754,305,934
328,1023,0,184,1023,0,270,410,305,335,325,305,628,748,728,305,934
420,1023,0,187,1023,0,160,346,305,358,338,305,628,779,742,305,934
436,1023,0,274,1023,0,202,363,305,320,315,305,628,778,756,305,934
410,1023,0,208,1023,0,746,933,306,496,437,305,628,741,715,305,934
253,1023,0,143,1023,0,200,377,305,316,316,305,628,759,751,305,934
623,1023,0,319,1023,0,250,369,305,365,338,305,628,831,793,305,934
346,1023,0,177,1023,0,218,378,305,315,315,305,628,751,732,305,934
477,1023,0,248,1023,0,547,747,305,401,365,305,628,783,762,305,934
470,1023,0,169,1023,0,358,507,305,348,330,305,628,746,722,305,934
442,1023,0,189,1023,0,586,774,305,399,360,305,628,764,740,305,934
451,1023,0,204,1023,0,475,673,305,346,335,305,628,779,767,305,934
332,1023,0,183,1023,0,663,857,305,418,377,305,628,768,752,305,934
413,1023,0,203,1023,0,205,360,305,365,349,305,628,776,757,305,934
306,1023,0,218,1023,0,194,360,305,607,510,305,628,763,739,305,934
320,1023,0,196,1023,0,481,654,305,323,320,305,628,697,676,305,934
443,1023,0,193,1023,0,565,759,305,403,360,305,628,785,764,305,934
215,1023,0,182,1023,0,719,898,305,655,589,305,628,773,742,305,934
590,1023,0,226,1023,0,193,339,305,329,324,305,628,823,783,305,934
855,1023,0,291,1023,0,646,743,305,585,418,305,628,806,743,305,934
403,1023,0,195,1023,0,211,379,305,326,326,305,628,784,773,305,934
517,1023,0,377,1023,0,747,908,305,524,432,305,628,841,819,305,934
461,1023,0,201,1023,0,204,362,305,339,324,305,628,770,757,305,934
785,1023,0,430,1023,0,575,758,305,500,399,305,628,849,763,305,938
318,1023,0,122,1023,0,606,812,305,376,357,305,628,752,733,305,938
470,1023,0,345,1023,0,339,498,305,343,325,305,628,777,756,305,938
941,1023,0,479,1023,0,283,371,305,376,325,305,628,858,772,305,938
252,1023,0,131,1023,0,255,416,305,321,323,305,628,759,748,305,938
264,1023,0,214,1023,0,626,796,305,382,346,305,628,745,709,305,938
339,1023,0,52,540,0,358,535,305,441,406,305,628,745,728,305,938
403,1023,0,186,1023,0,469,647,305,361,348,305,628,775,758,305,938
432,1023,0,361,1023,0,682,858,305,757,694,305,628,791,768,305,938
465,1023,0,388,1023,0,290,416,305,334,324,305,628,800,782,305,938
311,1023,0,382,1023,0,458,618,305,582,497,305,628,784,751,305,938
415,1023,0,127,1023,0,159,346,305,357,341,305,628,722,696,305,938
162,668,0,268,1023,0,796,957,306,584,489,305,628,758,705,305,938
746,1023,0,465,1023,0,725,905,305,492,414,305,628,842,788,305,938
272,1023,0,156,1023,0,408,614,305,331,331,305,628,775,765,305,938
340,1023,0,141,1023,0,211,369,305,327,318,305,628,729,716,305,938
355,1023,0,290,1023,0,450,593,305,392,344,305,628,771,744,305,938
434,1023,0,380,1023,0,470,616,305,347,326,305,628,781,734,305,938
495,1023,0,301,1023,0,441,614,305,328,325,305,628,794,776,305,938
479,1023,0,342,1023,0,306,470,305,379,360,305,628,768,743,305,938
741,1023,0,385,1023,0,849,1023,306,629,567,305,629,820,789,305,938
341,1023,0,111,1023,0,179,353,305,339,331,305,629,759,745,305,938
767,1023,0,438,1023,0,295,398,305,448,373,305,629,838,768,305,938
340,1023,0,123,1023,0,286,436,305,325,315,305,629,748,739,305,938
372,1023,0,103,887,0,298,427,305,321,316,305,629,750,739,305,938
323,1023,0,120,1023,0,683,888,305,422,388,305,629,735,723,305,938
447,1023,0,425,1023,0,620,757,305,369,339,305,629,772,713,305,938
377,1023,0,196,1023,0,599,802,305,409,384,305,629,764,754,305,938
501,1023,0,199,1023,0,278,413,305,369,354,305,629,783,762,305,938
550,1023,0,355,1023,0,745,922,306,558,482,305,629,821,795,305,938
259,1023,0,159,1023,0,297,447,305,372,358,305,629,768,743,305,938
1023,1023,0,1023,1023,0,599,769,305,690,630,305,629,908,796,305,938
383,1023,0,141,1023,0,324,476,305,330,326,305,629,761,750,305,938
514,1023,0,301,1023,0,590,780,305,383,353,305,629,783,761,305,938
419,1023,0,187,1023,0,260,409,305,412,370,305,629,795,774,305,942
432,1023,0,176,1023,0,498,697,305,372,353,305,629,748,722,305,942
216,1023,0,328,1023,0,702,863,305,588,480,305,629,804,758,305,942
657,1023,0,350,1023,0,355,498,305,351,329,305,629,806,733,305,942
494,1023,0,138,1023,0,282,431,305,313,319,305,629,772,756,305,942
458,1023,0,184,1023,0,185,344,305,350,334,305,629,768,758,305,942
377,1023,0,226,1023,0,217,372,305,317,313,305,629,747,732,305,942
304,1023,0,180,1023,0,644,832,305,440,395,305,629,746,733,305,942
837,1023,0,800,1023,0,550,719,305,378,339,305,629,812,780,305,942
301,1023,0,213,1023,0,333,500,305,361,330,305,629,780,759,305,942
293,1023,0,131,1023,0,107,343,305,353,331,305,629,747,737,305,942
357,1023,0,321,1023,0,641,827,305,407,367,305,629,716,695,305,942
228,1023,0,283,1023,0,659,832,305,431,365,305,629,735,705,305,942
473,1023,0,298,1023,0,732,923,306,492,435,305,629,728,712,305,942
361,1023,0,114,1023,0,141,342,305,320,316,305,629,742,728,305,942
297,1023,0,212,1023,0,697,879,305,442,388,305,629,729,707,305,942
293,1023,0,431,1023,0,493,632,305,492,389,305,629,792,757,305,942
225,1023,0,218,1023,0,715,888,305,767,700,305,629,782,732,305,942
593,1023,0,313,1023,0,342,473,305,369,341,305,629,743,700,305,942
398,1023,0,264,1023,0,640,825,305,417,372,305,629,741,684,305,942
451,1023,0,218,1023,0,294,445,305,326,316,305,629,798,781,305,942
358,1023,0,141,1023,0,483,688,305,349,335,305,629,769,761,305,942
325,1023,0,128,1023,0,222,373,305,361,344,305,629,720,698,305,942
639,1023,0,429,1023,0,230,375,305,385,357,305,629,772,739,305,942
224,945,0,202,1023,0,549,718,305,377,337,305,629,773,745,305,942
241,1023,0,83,944,0,279,437,305,320,316,305,629,707,690,305,942
335,1023,0,137,1023,0,612,812,305,460,419,305,629,766,751,305,942
307,1023,0,129,1023,0,464,673,305,330,323,305,629,755,740,305,942
374,1023,0,211,1023,0,316,460,305,352,335,305,629,783,765,305,942
363,1023,0,139,1023,0,232,379,305,319,321,305,629,781,768,305,942
280,1023,0,351,1023,0,402,533,305,424,361,305,629,771,739,305,942
582,1023,0,543,1023,0,573,764,305,369,347,305,629,821,776,305,942
306,1023,0,289,1023,0,799,967,306,577,495,305,629,799,782,305,942
291,1023,0,128,1023,0,278,442,305,330,329,305,629,773,764,305,942
157,1023,0,13,172,0,0,312,305,334,331,305,629,716,716,305,942
1023,1023,0,1023,1023,0,784,949,306,612,500,305,629,875,803,305,942
260,1023,0,272,1023,0,652,838,305,543,467,305,629,779,750,305,942
361,1023,0,198,1023,0,201,363,305,339,324,305,629,758,742,305,942
626,1023,0,354,1023,0,238,380,305,386,349,305,629,764,741,305,942
295,1023,0,184,1023,0,433,607,305,368,341,305,629,705,680,305,942
250,1023,0,95,997,0,523,740,305,345,333,305,629,756,751,305,942
347,1023,0,163,1023,0,207,368,305,324,316,305,629,782,765,305,942
293,1023,0,199,1023,0,220,387,305,334,326,305,629,772,762,305,946
308,1023,0,111,1023,0,239,391,305,315,315,305,629,737,726,305,946
731,1023,0,360,1023,0,278,410,305,331,323,305,629,821,793,305,946
435,1023,0,235,1023,0,287,430,305,337,327,305,629,786,767,305,946
314,1023,0,175,1023,0,417,605,305,334,325,305,629,745,728,305,946
404,1023,0,282,1023,0,385,552,305,395,365,305,629,804,782,305,946
435,1023,0,201,1023,0,564,762,305,356,341,305,629,701,651,305,946
122,537,0,332,1023,0,936,1023,307,779,678,305,629,794,746,305,946
753,1023,0,747,1023,0,528,684,305,382,335,305,629,816,755,305,946
394,1023,0,172,1023,0,302,461,305,327,317,305,629,757,744,305,946
224,1023,0,221,1023,0,388,539,305,334,323,305,629,673,637,305,946
360,1023,0,146,1023,0,403,574,305,346,341,305,629,739,722,305,946
330,1023,0,194,1023,0,190,356,305,324,317,305,629,704,669,305,946
258,922,0,288,1023,0,723,889,305,704,623,305,629,774,733,305,946
358,1023,0,241,1023,0,406,551,305,378,345,305,629,719,690,305,946
361,1023,0,349,1023,0,441,599,305,336,325,305,629,769,733,305,946
373,1023,0,196,1023,0,381,560,305,330,322,305,629,788,763,305,946
361,1023,0,176,1023,0,245,390,305,421,391,305,629,796,785,305,946
433,1023,0,174,1023,0,557,755,305,381,355,305,629,763,743,305,946
402,1023,0,307,1023,0,725,905,305,509,437,305,629,774,755,305,946
453,1023,0,212,1023,0,812,993,306,592,525,305,630,765,752,305,946
430,1023,0,311,1023,0,276,413,305,362,340,305,630,790,752,305,946
348,1023,0,134,1023,0,249,404,305,337,328,305,630,771,756,305,946
460,1023,0,252,1023,0,388,549,305,342,322,305,630,760,748,305,946
496,1023,0,357,1023,0,357,497,305,337,327,305,630,790,772,305,946
385,1023,0,249,1023,0,447,649,305,333,321,305,630,759,746,305,946
325,1023,0,164,1023,0,299,453,305,473,435,305,630,750,736,305,946
369,1023,0,168,1023,0,253,411,305,569,517,305,630,797,780,305,946
343,1023,0,132,1023,0,526,733,305,363,344,305,630,769,758,305,946
663,1023,0,298,1023,0,821,1010,306,612,543,305,630,820,772,305,946
575,1023,0,438,1023,0,686,848,305,475,395,305,630,792,764,305,946
472,1023,0,372,1023,0,505,679,305,372,343,305,630,802,771,305,946
221,1023,0,241,1023,0,667,839,305,591,500,305,630,742,676,305,946
506,1023,0,260,1023,0,206,365,305,419,382,305,630,772,746,305,946
266,1023,0,202,1023,0,373,528,305,344,331,305,630,748,724,305,946
360,1023,0,489,1023,0,886,1023,307,684,582,305,630,801,757,305,946
332,1023,0,145,1023,0,0,333,305,341,342,305,630,762,744,305,946
420,1023,0,210,1023,0,388,569,305,344,330,305,630,774,760,305,946
422,1023,0,169,1023,0,162,349,305,349,334,305,630,765,754,305,946
481,1023,0,286,1023,0,237,376,305,363,341,305,630,770,747,305,946
502,1023,0,355,1023,0,398,564,305,596,578,305,630,805,780,305,946
332,1023,0,218,1023,0,372,534,305,395,362,305,630,771,750,305,946
344,1023,0,274,1023,0,745,908,305,601,509,305,630,763,729,305,946
392,1023,0,249,1023,0,453,617,305,322,319,305,630,763,744,305,950
326,1023,0,195,1023,0,583,762,305,354,332,305,630,711,689,305,950
311,1023,0,156,1023,0,344,520,305,321,317,305,630,755,737,305,950
406,1023,0,198,1023,0,206,364,305,347,326,305,630,774,752,305,950
372,1023,0,406,1023,0,458,619,305,334,321,305,630,749,709,305,950
648,1023,0,450,1023,0,423,606,305,438,383,305,630,835,816,305,950
359,1023,0,125,1023,0,171,346,305,324,321,305,630,740,731,305,950
378,1023,0,230,1023,0,609,777,305,440,390,305,630,772,756,305,950
436,1023,0,226,1023,0,243,392,305,335,327,305,630,706,685,305,950
470,1023,0,285,1023,0,586,777,305,401,366,305,630,788,757,305,950
356,1023,0,190,1023,0,681,885,305,444,408,305,630,742,725,305,950
366,1023,0,209,1023,0,661,851,305,401,366,305,630,677,653,305,950
340,1023,0,202,1023,0,340,493,305,516,452,305,630,763,744,305,950
446,1023,0,296,1023,0,397,527,305,353,333,305,630,794,768,305,950
323,1023,0,137,1023,0,346,514,305,351,334,305,630,764,743,305,950
316,1023,0,240,1023,0,561,730,305,471,397,305,630,741,680,305,950
733,1023,0,571,1023,0,382,489,305,359,323,305,630,849,771,305,950
413,1023,0,180,1023,0,628,830,305,379,349,305,630,755,748,305,950
337,1023,0,188,1023,0,168,346,305,326,318,305,630,740,727,305,950
417,1023,0,343,1023,0,247,374,305,587,482,305,630,784,754,305,950
389,1023,0,381,1023,0,339,486,305,458,398,305,630,770,747,305,950
443,1023,0,254,1023,0,490,690,305,331,329,305,630,796,784,305,950
354,1023,0,172,1023,0,330,490,305,329,324,305,630,776,761,305,950
525,1023,0,243,1023,0,334,486,305,399,372,305,630,785,751,305,950
585,1023,0,246,1023,0,599,773,305,487,441,305,630,806,782,305,950
425,1023,0,228,1023,0,486,669,305,349,333,305,630,766,750,305,950
303,1023,0,173,1023,0,609,794,305,407,354,305,630,767,749,305,950
199,1023,0,230,1023,0,602,774,305,723,647,305,630,747,713,305,950
765,1023,0,448,1023,0,578,760,305,391,341,305,630,865,818,305,950
417,1023,0,314,1023,0,733,891,305,491,401,305,630,746,713,305,950
942,1023,0,592,1023,0,891,1023,307,711,623,305,630,871,811,305,950
462,1023,0,204,1023,0,237,388,305,349,337,305,630,745,722,305,950
452,1023,0,228,1023,0,423,587,305,531,485,305,630,793,770,305,950
414,1023,0,235,1023,0,355,518,305,469,407,305,630,744,729,305,950
470,1023,0,172,1023,0,507,691,305,378,347,305,630,748,735,305,954
328,1023,0,161,1023,0,394,573,305,345,331,305,630,786,773,305,954
490,1023,0,240,1023,0,280,421,305,360,341,305,630,769,750,305,954
447,1023,0,274,1023,0,818,985,306,598,515,305,630,743,723,305,954
598,1023,0,417,1023,0,238,384,305,397,361,305,630,831,805,305,954
383,1023,0,510,1023,0,281,401,305,433,376,305,630,774,746,305,954
341,1023,0,142,1023,0,251,404,305,310,312,305,631,778,766,305,954
1023,1023,0,822,1023,0,347,428,305,452,355,305,631,853,771,305,954
473,1023,0,369,1023,0,385,523,305,308,313,305,631,773,736,305,954
413,1023,0,172,1023,0,293,441,305,455,447,305,631,764,747,305,954
424,1023,0,187,1023,0,533,728,305,352,333,305,631,789,770,305,954
414,1023,0,152,1023,0,356,521,305,319,317,305,631,722,697,305,954
341,1023,0,228,1023,0,313,480,305,321,320,305,631,764,743,305,954
353,1023,0,124,1023,0,383,569,305,313,314,305,631,729,721,305,954
489,1023,0,208,1023,0,440,625,305,361,342,305,631,810,779,305,954
371,1023,0,164,1023,0,522,724,305,445,406,305,631,794,781,305,954
414,1023,0,176,1023,0,331,484,305,323,318,305,631,773,751,305,954
479,1023,0,320,1023,0,500,684,305,378,353,305,631,812,797,305,954
447,1023,0,396,1023,0,387,532,305,327,325,305,631,735,703,305,954
354,1023,0,184,1023,0,290,440,305,384,363,305,631,780,766,305,954
401,1023,0,162,1023,0,91,327,305,357,338,305,631,748,730,305,954
425,1023,0,277,1023,0,340,500,305,321,319,305,631,816,797,305,954
321,1023,0,135,1023,0,250,399,305,317,317,305,631,759,751,305,954
360,1023,0,137,1023,0,548,739,305,354,333,305,631,733,708,305,954
444,1023,0,261,1023,0,590,785,305,392,364,305,631,770,739,305,954
494,1023,0,286,1023,0,649,833,305,396,361,305,631,791,763,305,954
493,1023,0,437,1023,0,503,690,305,396,360,305,631,794,771,305,958
494,1023,0,226,1023,0,315,450,305,356,343,305,631,708,690,305,958
336,1023,0,162,1023,0,162,345,305,596,544,305,631,765,755,305,958
388,1023,0,153,1023,0,193,357,305,347,345,305,631,776,757,305,958
302,1023,0,90,1001,0,336,512,305,315,313,305,631,732,726,305,958
487,1023,0,349,1023,0,255,401,305,329,319,305,631,775,741,305,958
324,1023,0,109,1023,0,504,717,305,343,337,305,631,770,763,305,958
489,1023,0,220,1023,0,710,905,305,462,424,305,631,776,765,305,958
268,1023,0,149,1023,0,483,647,305,340,324,305,631,735,712,305,958
719,1023,0,380,1023,0,663,822,305,448,374,305,631,847,802,305,958
362,1023,0,149,1023,0,218,374,305,330,324,305,631,759,735,305,958
328,1023,0,181,1023,0,501,651,305,458,410,305,631,780,759,305,958
817,1023,0,691,1023,0,466,593,305,494,416,305,631,847,763,305,958
812,1023,0,492,1023,0,722,882,305,507,409,305,631,862,791,305,958
380,1023,0,234,1023,0,242,397,305,338,322,305,631,758,741,305,958
38,351,0,13,172,0,31,313,305,715,715,305,631,587,591,305,958
458,1023,0,170,1023,0,465,659,305,335,321,305,631,770,751,305,958
448,1023,0,273,1023,0,281,436,305,328,319,305,631,686,660,305,958
318,1023,0,138,1023,0,609,809,305,371,356,305,631,722,700,305,958
363,1023,0,259,1023,0,551,730,305,362,340,305,631,734,710,305,958
387,1023,0,257,1023,0,500,683,305,342,336,305,631,727,682,305,958
353,1023,0,160,1023,0,685,881,305,431,391,305,631,769,753,305,958
452,1023,0,307,1023,0,412,578,305,356,337,305,631,784,755,305,958
440,1023,0,305,1023,0,228,383,305,401,355,305,631,771,751,305,958
396,1023,0,184,1023,0,501,694,305,383,351,305,631,774,744,305,958
280,1023,0,144,1023,0,279,419,305,425,385,305,631,746,734,305,958
296,1023,0,124,1023,0,217,378,305,315,312,305,631,768,759,305,958
402,1023,0,263,1023,0,751,928,306,515,440,305,631,752,732,305,958
399,1023,0,220,1023,0,367,526,305,364,346,305,631,785,764,305,958
614,1023,0,369,1023,0,719,907,305,469,416,305,631,821,787,305,958
397,1023,0,218,1023,0,542,737,305,602,542,305,631,795,778,305,958
332,1023,0,220,1023,0,293,435,305,453,406,305,631,778,759,305,958
458,1023,0,211,1023,0,302,432,305,390,361,305,631,760,732,305,958
274,1023,0,138,1023,0,511,722,305,341,331,305,631,774,763,305,958
303,1023,0,130,1023,0,319,470,305,427,390,305,631,766,742,305,958
418,1023,0,296,1023,0,423,606,305,331,322,305,631,807,787,305,958
220,1023,0,156,1023,0,290,416,305,689,662,305,631,744,730,305,958
376,1023,0,139,1023,0,249,406,305,320,311,305,631,764,750,305,958
462,1023,0,230,1023,0,611,798,305,383,346,305,631,756,734,305,958
655,1023,0,382,1023,0,299,426,305,392,357,305,631,775,747,305,962
457,1023,0,266,1023,0,301,420,305,319,320,305,631,774,756,305,962
409,1023,0,513,1023,0,804,954,306,604,494,305,631,742,691,305,962
370,1023,0,187,1023,0,232,387,305,321,322,305,631,754,744,305,962
857,1023,0,384,1023,0,306,403,305,390,343,305,631,817,752,305,962
249,1023,0,154,1023,0,410,573,305,530,471,305,631,785,775,305,962
476,1023,0,292,1023,0,638,823,305,402,370,305,631,813,792,305,962
425,1023,0,174,1023,0,516,700,305,329,326,305,631,772,753,305,962
370,1023,0,167,1023,0,414,595,305,334,329,305,631,772,747,305,962
309,1023,0,213,1023,0,215,366,305,325,313,305,631,752,738,305,962
39,358,0,15,216,0,0,307,305,675,672,305,631,629,630,305,962
383,1023,0,107,1023,0,211,380,305,316,316,305,631,717,708,305,962
992,1023,0,449,1023,0,303,413,305,412,356,305,632,863,801,305,962
1022,1023,0,692,1023,0,382,501,305,445,357,305,632,886,801,305,962
265,1023,0,128,1023,0,194,364,305,318,319,305,632,773,766,305,962
416,1023,0,172,1023,0,192,366,305,327,320,305,632,733,723,305,962
281,1023,0,123,1023,0,294,457,305,341,341,305,632,737,729,305,962
282,1023,0,145,1023,0,437,627,305,573,518,305,632,757,734,305,962
308,1023,0,165,1023,0,212,368,305,325,326,305,632,759,747,305,962
389,1023,0,235,1023,0,709,883,305,494,421,305,632,774,752,305,962
1023,1023,0,802,1023,0,714,884,305,502,389,305,632,872,778,305,962
399,1023,0,197,1023,0,337,510,305,321,320,305,632,784,777,305,962
492,1023,0,213,1023,0,379,539,305,330,325,305,632,809,797,305,962
308,1023,0,94,912,0,403,584,305,314,319,305,632,731,721,305,962
405,1023,0,439,1023,0,478,623,305,377,340,305,632,797,737,305,962
580,1023,0,591,1023,0,506,663,305,448,370,305,632,839,794,305,962
468,1023,0,214,1023,0,316,450,305,325,315,305,632,751,728,305,962
291,1023,0,98,1023,0,256,415,305,334,327,305,632,749,743,305,962
524,1023,0,278,1023,0,758,933,306,522,446,305,632,715,692,305,962
305,1023,0,198,1023,0,284,434,305,341,322,305,632,772,760,305,962
410,1023,0,256,1023,0,518,715,305,345,337,305,632,743,715,305,962
417,1023,0,211,1023,0,314,450,305,360,333,305,632,782,748,305,962
411,1023,0,222,1023,0,769,946,306,530,457,305,632,757,725,305,962
431,1023,0,269,1023,0,436,612,305,375,354,305,632,744,702,305,962
509,1023,0,667,1023,0,834,970,306,638,520,305,632,787,744,305,962
390,1023,0,197,1023,0,445,602,305,371,339,305,632,774,747,305,962
281,1023,0,140,1023,0,253,396,305,389,364,305,632,761,750,305,962
358,1023,0,149,1023,0,420,612,305,332,325,305,632,775,760,305,962
247,1023,0,91,1015,0,296,467,305,311,313,305,632,720,706,305,962
320,1023,0,129,1023,0,843,1023,306,625,590,305,632,768,758,305,962
645,1023,0,398,1023,0,936,1023,306,728,683,305,632,846,830,305,966
341,1023,0,160,1023,0,370,515,305,333,324,305,632,770,750,305,966
401,1023,0,180,1023,0,582,782,305,383,358,305,632,780,764,305,966
460,1023,0,264,1023,0,191,355,305,510,451,305,632,769,747,305,966
408,1023,0,164,1023,0,291,431,305,364,347,305,632,744,728,305,966
316,1023,0,129,1023,0,410,604,305,323,320,305,632,727,717,305,966
237,1023,0,276,1023,0,325,444,305,449,390,305,632,728,697,305,966
418,1023,0,188,1023,0,554,744,305,460,407,305,632,764,749,305,966
308,1023,0,114,1023,0,323,483,305,312,312,305,632,768,752,305,966
414,1023,0,236,1023,0,553,727,305,390,352,305,632,770,753,305,966
287,1023,0,241,1023,0,360,497,305,351,329,305,632,715,672,305,966
374,1023,0,229,1023,0,201,360,305,353,327,305,632,741,710,305,966
294,1023,0,183,1023,0,393,574,305,332,316,305,632,743,712,305,966
473,1023,0,339,1023,0,699,875,305,448,389,305,632,757,704,305,966
286,1023,0,93,964,0,128,339,305,307,311,305,632,735,724,305,966
371,1023,0,188,1023,0,521,722,305,405,374,305,632,787,768,305,966
313,1023,0,130,1023,0,271,436,305,313,318,305,632,748,738,305,966
569,1023,0,349,1023,0,766,947,306,551,484,305,632,788,760,305,966
703,1023,0,400,1023,0,736,885,305,565,451,305,632,816,775,305,966
332,1023,0,282,1023,0,243,379,305,346,328,305,632,708,686,305,966
523,1023,0,290,1023,0,234,373,305,340,328,305,632,770,755,305,966
583,1023,0,231,1023,0,709,895,305,468,409,305,632,764,749,305,966
315,1023,0,147,1023,0,99,326,305,318,315,305,632,719,702,305,966
328,1023,0,373,1023,0,427,588,305,497,423,305,632,796,753,305,966
427,1023,0,229,1023,0,213,366,305,365,339,305,632,766,730,305,966
483,1023,0,209,1023,0,765,946,306,538,471,305,632,773,760,305,966
342,1023,0,154,1023,0,280,420,305,341,328,305,632,757,732,305,966
249,1023,0,237,1023,0,223,356,305,708,619,305,632,791,744,305,966
398,1023,0,246,1023,0,309,459,305,454,414,305,632,816,800,305,966
368,1023,0,192,1023,0,372,520,305,347,329,305,632,768,758,305,966
342,1023,0,275,1023,0,713,894,305,478,415,305,632,793,752,305,966
325,1023,0,186,1023,0,184,358,305,520,482,305,632,775,759,305,971
409,1023,0,183,1023,0,165,353,305,345,331,305,632,774,763,305,971
420,1023,0,184,1023,0,290,431,305,463,422,305,632,785,767,305,971
112,1007,0,10,128,0,62,331,305,344,336,305,632,588,582,305,971
395,1023,0,358,1023,0,489,642,305,376,336,305,632,805,777,305,971
398,1023,0,299,1023,0,663,848,305,634,565,305,632,798,774,305,971
380,1023,0,296,1023,0,656,830,305,406,360,305,632,728,691,305,971
442,1023,0,199,1023,0,333,483,305,331,321,305,632,750,732,305,971
314,1023,0,329,1023,0,622,797,305,443,384,305,632,759,727,305,971
317,1023,0,91,922,0,253,413,305,324,321,305,632,722,712,305,971
390,1023,0,362,1023,0,279,434,305,478,425,305,632,783,768,305,971
372,1023,0,179,1023,0,301,441,305,341,322,305,632,759,751,305,971
364,1023,0,212,1023,0,596,778,305,400,366,305,632,755,733,305,971
356,1023,0,194,1023,0,241,384,305,325,325,305,633,656,619,305,971
677,1023,0,603,1023,0,326,445,305,486,408,305,633,842,798,305,971
141,741,0,184,1023,0,265,385,305,558,462,305,633,753,716,305,971
487,1023,0,171,1023,0,251,392,305,330,322,305,633,776,756,305,971
497,1023,0,532,1023,0,713,853,305,515,405,305,633,775,735,305,971
522,1023,0,372,1023,0,391,536,305,419,359,305,633,793,748,305,971
155,821,0,190,1023,0,728,903,305,759,705,305,633,786,750,305,971
335,1023,0,250,1023,0,334,496,305,396,368,305,633,760,733,305,971
370,1023,0,137,1023,0,423,616,305,352,333,305,633,775,761,305,971
444,1023,0,178,1023,0,604,802,305,375,346,305,633,803,792,305,971
379,1023,0,188,1023,0,130,347,305,359,338,305,633,758,745,305,971
417,1023,0,219,1023,0,232,371,305,424,385,305,633,784,766,305,971
445,1023,0,194,1023,0,548,742,305,369,341,305,633,784,767,305,971
431,1023,0,138,1023,0,184,352,305,333,328,305,633,764,743,305,971
364,1023,0,320,1023,0,724,888,305,480,398,305,633,730,691,305,971
376,1023,0,237,1023,0,584,789,305,378,353,305,633,764,745,305,971
524,1023,0,315,1023,0,291,431,305,365,344,305,633,769,753,305,971
311,1023,0,107,1023,0,177,358,305,311,313,305,633,690,681,305,971
1023,1023,0,1023,1023,0,801,923,306,755,605,305,633,1023,904,305,975
220,1023,0,122,1023,0,605,813,305,588,579,305,633,727,705,305,975
419,1023,0,191,1023,0,480,677,305,335,328,305,633,780,766,305,975
354,1023,0,165,1023,0,637,835,305,447,405,305,633,768,746,305,975
428,1023,0,250,1023,0,394,537,305,435,394,305,633,795,778,305,975
285,1023,0,188,1023,0,151,344,305,325,323,305,633,766,756,305,975
400,1023,0,207,1023,0,619,820,305,388,365,305,633,780,762,305,975
351,1023,0,206,1023,0,690,878,305,574,511,305,633,793,773,305,975
536,1023,0,227,1023,0,561,745,305,375,350,305,633,758,747,305,975
441,1023,0,249,1023,0,198,368,305,362,351,305,633,753,737,305,975
415,1023,0,220,1023,0,332,493,305,324,315,305,633,781,754,305,975
588,1023,0,312,1023,0,222,367,305,335,325,305,633,782,764,305,975
226,1013,0,280,1023,0,619,792,305,683,607,305,633,786,757,305,975
440,1023,0,182,1023,0,275,407,305,330,318,305,633,778,768,305,975
478,1023,0,219,1023,0,721,916,305,483,431,305,633,747,730,305,975
288,1023,0,188,1023,0,521,712,305,345,331,305,633,745,706,305,975
190,880,0,237,1023,0,844,999,306,732,654,305,633,784,743,305,975
256,1023,0,125,1023,0,440,649,305,326,328,305,633,753,745,305,975
341,1023,0,164,1023,0,366,545,305,326,321,305,633,769,751,305,975
575,1023,0,290,1023,0,467,642,305,344,328,305,633,764,741,305,975
544,1023,0,332,1023,0,242,385,305,329,325,305,633,790,775,305,975
244,1023,0,169,1023,0,509,682,305,434,375,305,633,765,731,305,975
55,504,0,7,101,0,0,307,305,415,415,305,633,681,678,305,975
339,1023,0,256,1023,0,811,978,306,589,504,305,633,752,702,305,975
338,1023,0,150,1023,0,373,553,305,332,322,305,633,768,759,305,975
279,1023,0,115,1023,0,555,770,305,343,334,305,633,757,741,305,975
402,1023,0,226,1023,0,665,859,305,419,384,305,633,769,752,305,975
344,1023,0,216,1023,0,596,799,305,441,401,305,633,774,764,305,975
352,1023,0,210,1023,0,342,490,305,437,383,305,633,791,755,305,975
391,1023,0,297,1023,0,258,407,305,559,480,305,633,778,759,305,975
363,1023,0,170,1023,0,171,344,305,378,358,305,633,766,753,305,975
1023,1023,0,944,1023,0,366,457,305,599,489,305,633,890,822,305,975
488,1023,0,283,1023,0,605,784,305,617,542,305,633,763,747,305,975
446,1023,0,234,1023,0,729,907,305,588,512,305,633,794,764,305,975
265,1023,0,268,1023,0,602,778,305,374,334,305,633,772,753,305,975
250,1023,0,73,823,0,454,664,305,491,464,305,633,791,782,305,975
409,1023,0,253,1023,0,559,749,305,387,353,305,633,716,692,305,975
774,1023,0,664,1023,0,760,903,305,539,420,305,633,840,761,305,975
337,1023,0,262,1023,0,500,674,305,362,331,305,633,742,710,305,975
234,1023,0,480,1023,0,748,895,305,637,529,305,633,783,749,305,975
490,1023,0,297,1023,0,741,931,306,524,463,305,633,772,742,305,975
651,1023,0,382,1023,0,395,550,305,456,374,305,633,809,787,305,975
524,1023,0,300,1023,0,261,400,305,408,374,305,633,821,794,305,975
322,1023,0,202,1023,0,487,672,305,392,351,305,633,764,747,305,975
353,1023,0,154,1023,0,620,825,305,395,370,305,633,779,765,305,979
367,1023,0,165,1023,0,291,438,305,352,333,305,633,766,754,305,979
525,1023,0,387,1023,0,581,787,305,731,721,305,633,840,823,305,979
346,1023,0,230,1023,0,670,849,305,418,363,305,633,712,676,305,979
243,1023,0,155,1023,0,224,373,305,327,324,305,633,783,774,305,979
349,1023,0,219,1023,0,300,444,305,323,316,305,633,750,728,305,979
24,234,0,5,82,0,0,311,305,611,614,305,633,557,558,305,979
325,1023,0,134,1023,0,500,704,305,340,336,305,633,757,740,305,979
428,1023,0,236,1023,0,404,590,305,344,332,305,633,786,766,305,979
364,1023,0,410,1023,0,734,892,305,537,440,305,633,780,751,305,979
274,1023,0,158,1023,0,764,949,306,532,471,305,633,727,697,305,979
488,1023,0,221,1023,0,338,498,305,595,538,305,634,807,791,305,979
1023,1023,0,846,1023,0,554,744,305,491,415,305,634,900,853,305,979
442,1023,0,269,1023,0,404,578,305,423,382,305,634,764,755,305,979
658,1023,0,405,1023,0,735,912,305,503,429,305,634,815,788,305,979
404,1023,0,596,1023,0,823,960,306,665,590,305,634,830,771,305,979
413,1023,0,164,1023,0,714,907,305,461,412,305,634,755,735,305,979
349,1023,0,239,1023,0,278,429,305,349,331,305,634,784,765,305,979
456,1023,0,252,1023,0,462,652,305,340,328,305,634,804,786,305,979
312,1023,0,94,1023,0,155,355,305,483,450,305,634,790,770,305,979
278,1023,0,140,1023,0,215,368,305,333,325,305,634,775,763,305,979
428,1023,0,257,1023,0,700,863,305,436,378,305,634,723,705,305,979
1023,1023,0,1023,1023,0,678,842,305,624,503,305,634,1005,922,306,979
437,1023,0,293,1023,0,505,689,305,371,352,305,634,761,734,305,979
449,1023,0,328,1023,0,298,416,305,647,561,305,634,766,745,305,979
429,1023,0,290,1023,0,199,361,305,330,330,305,634,785,762,305,979
501,1023,0,299,1023,0,343,498,305,324,323,305,634,767,753,305,979
453,1023,0,180,1023,0,280,394,305,363,338,305,634,807,781,305,979
12,112,0,47,689,0,540,785,305,742,746,305,634,778,783,305,979
467,1023,0,169,1023,0,178,344,305,327,317,305,634,789,771,305,979
380,1023,0,135,1023,0,257,414,305,356,344,305,634,757,732,305,979
498,1023,0,294,1023,0,191,358,305,322,316,305,634,769,753,305,979
620,1023,0,327,1023,0,295,419,305,381,345,305,634,796,761,305,979
239,1023,0,122,1023,0,247,409,305,336,327,305,634,756,749,305,979
441,1023,0,228,1023,0,176,335,305,341,325,305,634,762,725,305,979
359,1023,0,220,1023,0,158,347,305,352,341,305,634,736,728,305,979
854,1023,0,591,1023,0,653,795,305,497,405,305,634,804,764,305,983
1023,1023,0,1023,1023,0,679,793,305,533,389,305,634,911,798,305,983
449,1023,0,167,1023,0,158,343,305,370,349,305,634,704,686,305,983
370,1023,0,207,1023,0,247,395,305,431,396,305,634,783,767,305,983
393,1023,0,126,1023,0,230,382,305,332,318,305,634,771,758,305,983
379,1023,0,197,1023,0,781,957,306,566,490,305,634,714,662,305,983
261,1023,0,147,1023,0,520,714,305,601,541,305,634,733,719,305,983
421,1023,0,200,1023,0,256,406,305,375,361,305,634,781,758,305,983
265,1023,0,259,1023,0,497,656,305,400,351,305,634,765,732,305,983
655,1023,0,440,1023,0,589,747,305,484,408,305,634,793,766,305,983
299,1023,0,127,1023,0,357,526,305,325,313,305,634,733,720,305,983
338,1023,0,251,1023,0,636,819,305,698,633,305,634,779,740,305,983
467,1023,0,178,1023,0,600,799,305,743,700,305,634,754,717,305,983
356,1023,0,225,1023,0,188,362,305,533,482,305,634,796,781,305,983
386,1023,0,484,1023,0,454,620,305,357,329,305,634,819,782,305,983
301,1023,0,154,1023,0,371,557,305,311,312,305,634,745,732,305,983
781,1023,0,488,1023,0,603,731,305,478,388,305,634,858,798,305,983
545,1023,0,214,1023,0,318,442,305,439,383,305,634,776,750,305,983
283,1023,0,198,1023,0,296,414,305,546,448,305,634,733,705,305,983
373,1023,0,179,1023,0,403,567,305,327,319,305,634,780,759,305,983
393,1023,0,319,1023,0,193,351,305,320,321,305,634,721,675,305,983
430,1023,0,356,1023,0,458,620,305,356,336,305,634,805,778,305,983
347,1023,0,228,1023,0,384,561,305,476,416,305,634,788,754,305,983
494,1023,0,329,1023,0,766,917,306,557,443,305,634,795,767,305,983
220,1023,0,186,1023,0,217,365,305,706,644,305,634,732,718,305,983
397,1023,0,162,1023,0,186,360,305,356,339,305,634,765,754,305,983
494,1023,0,290,1023,0,643,827,305,430,376,305,634,789,766,305,983
744,1023,0,718,1023,0,424,592,305,439,377,305,634,889,861,305,983
463,1023,0,210,1023,0,702,898,305,447,403,305,634,795,786,305,983
390,1023,0,168,1023,0,203,367,305,403,370,305,634,773,752,305,983
412,1023,0,203,1023,0,217,368,305,339,331,305,634,777,766,305,983
463,1023,0,363,1023,0,473,643,305,348,324,305,634,801,778,305,983
403,1023,0,201,1023,0,597,766,305,469,398,305,634,777,754,305,983
332,1023,0,379,1023,0,330,452,305,460,391,305,634,793,771,305,983
334,1023,0,110,1023,0,237,392,305,318,323,305,634,777,764,305,983
390,1023,0,199,1023,0,217,367,305,321,313,305,634,771,753,305,983
325,1023,0,152,1023,0,338,489,305,378,353,305,634,744,724,305,983
459,1023,0,233,1023,0,731,929,306,480,437,305,634,791,772,305,983
721,1023,0,709,1023,0,718,887,305,773,678,305,634,844,784,305,983
232,1023,0,117,1023,0,351,524,305,330,325,305,634,746,734,305,983
522,1023,0,221,1023,0,174,353,305,331,322,305,634,763,739,305,983
507,1023,0,237,1023,0,246,400,305,350,336,305,634,752,740,305,983
417,1023,0,261,1023,0,220,372,305,354,329,305,634,743,720,305,983
406,1023,0,142,1023,0,788,979,306,553,499,305,634,770,755,305,983
518,1023,0,241,1023,0,452,625,305,358,333,305,634,799,781,305,983
278,1023,0,204,1023,0,440,631,305,436,394,305,634,762,743,305,983
392,1023,0,244,1023,0,319,476,305,327,322,305,634,722,689,305,983
256,979,0,301,1023,0,669,825,305,445,369,305,634,771,719,305,983
387,1023,0,351,1023,0,165,342,305,447,396,305,634,765,743,305,983
385,1023,0,191,1023,0,579,779,305,482,435,305,634,792,777,305,983
337,1023,0,197,1023,0,392,533,305,320,315,305,634,754,729,305,983
354,1023,0,199,1023,0,722,916,305,495,444,305,634,736,721,305,987
209,1023,0,172,1023,0,676,872,305,404,380,305,634,767,751,305,987
660,1023,0,396,1023,0,576,748,305,499,423,305,635,804,775,305,987
543,1023,0,567,1023,0,358,524,305,382,354,305,635,814,798,305,987
431,1023,0,215,1023,0,193,363,305,340,329,305,635,786,757,305,987
619,1023,0,458,1023,0,393,556,305,354,338,305,635,793,762,305,987
395,1023,0,188,1023,0,476,680,305,329,323,305,635,725,707,305,987
603,1023,0,464,1023,0,262,399,305,558,486,305,635,835,815,305,987
423,1023,0,194,1023,0,192,367,305,335,330,305,635,799,779,305,987
384,1023,0,158,1023,0,143,332,305,454,386,305,635,765,744,305,987
343,1023,0,137,1023,0,139,332,305,352,337,305,635,762,750,305,987
408,1023,0,194,1023,0,476,657,305,339,331,305,635,785,768,305,987
306,1023,0,220,1023,0,295,429,305,390,351,305,635,756,734,305,987
231,1023,0,102,1023,0,245,405,305,314,311,305,635,552,528,305,987
433,1023,0,323,1023,0,713,879,305,459,387,305,635,742,711,305,987
458,1023,0,268,1023,0,495,682,305,358,342,305,635,775,761,305,987
652,1023,0,501,1023,0,789,973,306,566,499,305,635,818,802,305,987
298,1023,0,128,1023,0,224,383,305,348,331,305,635,763,742,305,987
518,1023,0,230,1023,0,187,356,305,319,318,305,635,719,694,305,987
323,1023,0,175,1023,0,556,762,305,362,350,305,635,770,758,305,987
473,1023,0,185,1023,0,192,359,305,354,339,305,635,763,744,305,987
321,1023,0,125,1023,0,208,382,305,347,336,305,635,766,746,305,987
608,1023,0,386,1023,0,520,709,305,372,343,305,635,838,789,305,987
377,1023,0,215,1023,0,228,380,305,357,338,305,635,759,725,305,987
369,1023,0,204,1023,0,585,764,305,430,376,305,635,801,768,305,987
343,1023,0,116,1023,0,218,382,305,578,536,305,635,798,789,305,987
296,1023,0,205,1023,0,249,380,305,342,326,305,635,713,693,305,987
332,1023,0,244,1023,0,403,579,305,390,360,305,635,775,749,305,987
490,1023,0,220,1023,0,369,508,305,365,345,305,635,766,739,305,987
282,1023,0,192,1023,0,254,382,305,519,424,305,635,770,744,305,987
264,1023,0,190,1023,0,242,364,305,491,396,305,635,714,663,305,991
432,1023,0,337,1023,0,322,457,305,347,329,305,635,808,781,305,991
249,1023,0,60,716,0,336,518,305,316,316,305,635,710,702,305,991
510,1023,0,350,1023,0,643,825,305,464,399,305,635,782,752,305,991
468,1023,0,198,1023,0,411,591,305,387,364,305,635,770,752,305,991
358,1023,0,242,1023,0,566,733,305,469,394,305,635,761,723,305,991
674,1023,0,427,1023,0,734,921,306,488,428,305,635,835,788,305,991
519,1023,0,348,1023,0,672,849,305,529,438,305,635,809,784,305,991
793,1023,0,598,1023,0,293,389,305,351,328,305,635,836,745,305,991
322,1023,0,90,952,0,142,343,305,324,316,305,635,698,687,305,991
777,1023,0,450,1023,0,380,540,305,355,323,305,635,850,809,305,991
425,1023,0,372,1023,0,347,473,305,340,325,305,635,773,734,305,991
390,1023,0,198,1023,0,402,547,305,326,318,305,635,728,704,305,991
403,1023,0,258,1023,0,239,394,305,325,326,305,635,737,723,305,991
393,1023,0,176,1023,0,315,484,305,357,348,305,635,763,746,305,991
474,1023,0,318,1023,0,426,602,305,352,332,305,635,821,792,305,991
429,1023,0,225,1023,0,395,557,305,321,318,305,635,737,710,305,991
413,1023,0,196,1023,0,732,923,306,483,424,305,635,758,738,305,991
447,1023,0,326,1023,0,441,576,305,487,386,305,635,759,720,305,991
316,1023,0,106,1023,0,206,375,305,332,321,305,635,759,749,305,991
369,1023,0,212,1023,0,518,708,305,335,321,305,635,657,627,305,991
129,565,0,244,1023,0,662,846,305,705,626,305,635,777,735,305,991
1023,1023,0,1023,1023,0,643,760,305,645,423,305,635,1011,838,305,991
32,295,0,4,53,0,0,311,305,310,313,305,635,598,601,305,991
572,1023,0,294,1023,0,682,866,305,470,405,305,635,801,773,305,991
426,1023,0,198,1023,0,227,373,305,382,362,305,635,761,734,305,991
417,1023,0,185,1023,0,294,444,305,348,340,305,635,768,751,305,991
309,1023,0,126,1023,0,254,410,305,312,311,305,635,735,722,305,991
372,1023,0,238,1023,0,384,550,305,331,328,305,635,804,788,305,995
414,1023,0,217,1023,0,447,596,305,373,336,305,635,743,705,305,995
436,1023,0,371,1023,0,777,932,306,551,450,305,635,840,800,305,995
393,1023,0,204,1023,0,260,407,305,341,330,305,635,695,663,305,995
268,1023,0,137,1023,0,494,710,305,328,328,305,635,744,737,305,995
257,1023,0,350,1023,0,745,904,305,657,566,305,635,768,729,305,995
346,1023,0,273,1023,0,306,447,305,375,349,305,635,758,747,305,995
439,1023,0,359,1023,0,489,656,305,352,326,305,635,775,735,305,995
532,1023,0,205,1023,0,818,1001,306,580,519,305,635,716,684,305,995
512,1023,0,239,1023,0,307,435,305,340,328,305,635,761,733,305,995
353,1023,0,159,1023,0,130,333,305,340,323,305,635,758,726,305,995
388,1023,0,188,1023,0,356,510,305,361,341,305,635,790,765,305,995
586,1023,0,289,1023,0,702,861,305,520,426,305,635,800,767,305,995
416,1023,0,359,1023,0,706,872,305,488,406,305,635,775,753,305,995
376,1023,0,233,1023,0,629,823,305,528,470,305,635,796,771,305,995
445,1023,0,325,1023,0,260,402,305,336,327,305,635,778,763,305,995
436,1023,0,433,1023,0,742,907,305,644,554,305,635,785,729,305,995
388,1023,0,309,1023,0,481,671,305,420,380,305,635,794,757,305,995
293,1023,0,173,1023,0,493,712,305,344,331,305,635,727,711,305,995
516,1023,0,242,1023,0,374,534,305,341,324,305,635,781,768,305,995
644,1023,0,486,1023,0,416,558,305,404,367,305,636,848,833,305,995
439,1023,0,206,1023,0,423,602,305,367,354,305,636,778,745,305,995
306,1023,0,208,1023,0,241,386,305,382,360,305,636,750,720,305,995
274,1023,0,169,1023,0,660,849,305,418,374,305,636,717,689,305,995
489,1023,0,239,1023,0,345,511,305,345,334,305,636,780,756,305,995
531,1023,0,427,1023,0,606,785,305,602,514,305,636,797,769,305,995
392,1023,0,301,1023,0,344,444,305,393,345,305,636,771,733,305,995
590,1023,0,339,1023,0,380,530,305,349,335,305,636,819,805,305,995
89,818,0,10,136,0,0,308,305,317,320,305,636,657,660,305,995
409,1023,0,485,1023,0,522,702,305,372,346,305,636,769,750,305,995
233,1023,0,203,1023,0,483,663,305,536,470,305,636,758,728,305,995
299,1023,0,160,1023,0,248,410,305,330,321,305,636,787,775,305,995
422,1023,0,275,1023,0,551,739,305,357,337,305,636,770,750,305,995
357,1023,0,260,1023,0,492,635,305,363,332,305,636,765,733,305,995
429,1023,0,173,1023,0,496,656,305,387,347,305,636,757,731,305,995
527,1023,0,367,1023,0,374,520,305,359,332,305,636,775,740,305,995
385,1023,0,154,1023,0,323,460,305,428,384,305,636,802,784,305,995
407,1023,0,281,1023,0,333,472,305,347,332,305,636,723,699,305,995
377,1023,0,123,1023,0,202,361,305,338,330,305,636,781,768,305,995
381,1023,0,154,1023,0,214,377,305,327,324,305,636,749,721,305,995
375,1023,0,134,1023,0,164,342,305,423,382,305,636,775,762,305,995
419,1023,0,163,1023,0,296,451,305,339,329,305,636,771,758,305,995
350,1023,0,271,1023,0,422,580,305,335,318,305,636,760,714,305,995
362,1023,0,162,1023,0,258,403,305,723,661,305,636,773,749,305,995
370,1023,0,134,1023,0,263,409,305,346,331,305,636,758,745,305,999
433,1023,0,246,1023,0,168,343,305,366,345,305,636,772,760,305,999
404,1023,0,127,1023,0,685,874,305,426,384,305,636,755,738,305,999
406,1023,0,182,1023,0,207,373,305,331,325,305,636,776,762,305,999
478,1023,0,321,1023,0,410,565,305,351,341,305,636,804,778,305,999
290,1023,0,102,1023,0,507,722,305,344,333,305,636,759,746,305,999
446,1023,0,160,1023,0,700,893,305,444,396,305,636,734,726,305,999
349,1023,0,187,1023,0,698,883,305,461,408,305,636,760,746,305,999
450,1023,0,190,1023,0,505,695,305,335,324,305,636,705,681,305,999
403,1023,0,153,1023,0,199,369,305,333,322,305,636,757,747,305,999
504,1023,0,302,1023,0,228,381,305,342,332,305,636,764,745,305,999
328,1023,0,252,1023,0,590,778,305,406,375,305,636,763,746,305,999
578,1023,0,289,1023,0,683,855,305,461,391,305,636,831,816,305,999
481,1023,0,295,1023,0,666,842,305,420,365,305,636,753,715,305,999
698,1023,0,506,1023,0,395,557,305,378,351,305,636,864,846,305,999
522,1023,0,264,1023,0,484,678,305,354,338,305,636,707,686,305,999
317,1023,0,478,1023,0,833,977,306,625,519,305,636,759,720,305,999
761,1023,0,614,1023,0,480,666,305,394,356,305,636,831,801,305,999
338,1023,0,157,1023,0,567,775,305,368,353,305,636,762,744,305,999
452,1023,0,285,1023,0,727,894,305,531,447,305,636,793,774,305,999
248,1023,0,61,634,0,281,454,305,404,390,305,636,801,797,305,999
1023,1023,0,1023,1023,0,618,719,305,670,504,305,636,1006,861,305,999
328,1023,0,91,911,0,682,884,305,444,406,305,636,727,716,305,999
266,1023,0,110,1020,0,186,355,305,338,330,305,636,738,708,305,999
417,1023,0,396,1023,0,615,774,305,391,344,305,636,751,714,305,999
428,1023,0,262,1023,0,182,361,305,475,433,305,636,767,751,305,999
418,1023,0,192,1023,0,315,455,305,326,320,305,636,760,737,305,999
423,1023,0,518,1023,0,460,615,305,399,354,305,636,818,757,305,999
448,1023,0,220,1023,0,240,402,305,376,352,305,636,775,752,305,999
443,1023,0,220,1023,0,232,377,305,319,315,305,636,779,766,305,999
324,1023,0,387,1023,0,765,925,306,546,448,305,636,773,740,305,999
641,1023,0,422,1023,0,877,1023,306,669,585,305,636,835,808,305,999
372,1023,0,241,1023,0,202,363,305,343,335,305,636,778,750,305,999
422,1023,0,223,1023,0,428,598,305,328,321,305,636,750,729,305,1003
188,1023,0,28,237,0,14,313,305,349,342,305,636,705,701,305,1003
717,1023,0,362,1023,0,398,569,305,412,371,305,636,782,758,305,1003
405,1023,0,360,1023,0,508,661,305,572,456,305,636,774,719,305,1003
590,1023,0,487,1023,0,491,655,305,604,513,305,636,847,793,305,1003
335,1023,0,118,1023,0,120,338,305,314,313,305,636,771,753,305,1003
421,1023,0,244,1023,0,267,397,305,347,334,305,636,782,754,305,1003
334,1023,0,102,988,0,242,392,305,317,312,305,636,764,757,305,1003
485,1023,0,308,1023,0,336,468,305,344,326,305,636,721,687,305,1003
398,1023,0,350,1023,0,692,865,305,449,384,305,636,765,737,305,1003
424,1023,0,171,1023,0,528,719,305,350,328,305,637,696,669,305,1003
356,1023,0,153,1023,0,278,429,305,353,338,305,637,757,743,305,1003
260,1023,0,258,1023,0,851,1011,306,668,587,305,637,691,657,305,1003
377,1023,0,199,1023,0,148,337,305,311,317,305,637,767,754,305,1003
331,1023,0,184,1023,0,271,403,305,369,347,305,637,778,749,305,1003
391,1023,0,358,1023,0,333,459,305,346,329,305,637,742,720,305,1003
985,1023,0,1023,1023,0,487,652,305,527,435,305,637,843,805,305,1003
733,1023,0,391,1023,0,449,563,305,432,379,305,637,792,715,305,1003
418,1023,0,239,1023,0,303,459,305,452,416,305,637,802,784,305,1003
247,1023,0,183,1023,0,661,838,305,552,469,305,637,733,716,305,1003
851,1023,0,449,1023,0,527,689,305,366,329,305,637,837,769,305,1003
343,1023,0,98,970,0,354,528,305,329,319,305,637,762,742,305,1003
338,1023,0,459,1023,0,284,400,305,655,555,305,637,780,733,305,1003
425,1023,0,175,1023,0,214,368,305,312,310,305,637,698,664,305,1003
487,1023,0,391,1023,0,466,654,305,372,345,305,637,801,772,305,1003
346,1023,0,190,1023,0,541,735,305,413,383,305,637,771,748,305,1003
316,1023,0,188,1023,0,546,737,305,401,374,305,637,772,762,305,1003
335,1023,0,237,1023,0,678,882,305,510,464,305,637,758,740,305,1003
337,1023,0,148,1023,0,341,504,305,348,333,305,637,776,764,305,1008
346,1023,0,112,1023,0,218,380,305,343,334,305,637,777,769,305,1008
470,1023,0,226,1023,0,612,797,305,432,389,305,637,782,758,305,1008
278,1023,0,284,1023,0,286,390,305,366,334,305,637,740,703,305,1008
378,1023,0,230,1023,0,311,454,305,359,336,305,637,767,739,305,1008
884,1023,0,697,1023,0,388,502,305,467,367,305,637,882,825,305,1008
675,1023,0,334,1023,0,711,891,305,476,412,305,637,832,817,305,1008
381,1023,0,172,1023,0,392,568,305,501,442,305,637,799,784,305,1008
222,1023,0,64,618,0,86,324,305,421,396,305,637,565,521,305,1008
347,1023,0,120,1023,0,257,412,305,357,340,305,637,764,747,305,1008
358,1023,0,148,1023,0,505,691,305,332,325,305,637,736,720,305,1008
432,1023,0,306,1023,0,516,708,305,344,336,305,637,781,755,305,1008
456,1023,0,408,1023,0,327,457,305,410,359,305,637,807,785,305,1008
455,1023,0,225,1023,0,511,672,305,370,332,305,637,767,729,305,1008
435,1023,0,230,1023,0,282,416,305,347,335,305,637,789,764,305,1008
416,1023,0,202,1023,0,419,595,305,388,357,305,637,780,758,305,1008
243,1023,0,198,1023,0,685,866,305,498,427,305,637,769,746,305,1008
449,1023,0,194,1023,0,253,388,305,330,322,305,637,768,758,305,1008
381,1023,0,207,1023,0,290,431,305,335,327,305,637,773,764,305,1008
408,1023,0,173,1023,0,358,524,305,327,317,305,637,763,752,305,1008
308,1023,0,234,1023,0,181,356,305,312,314,305,637,768,750,305,1008
343,1023,0,309,1023,0,783,957,306,592,523,305,637,758,701,305,1008
311,1023,0,132,1023,0,194,346,305,329,319,305,637,758,741,305,1008
439,1023,0,346,1023,0,377,542,305,347,328,305,637,799,787,305,1008
370,1023,0,238,1023,0,693,875,305,425,378,305,637,695,675,305,1008
396,1023,0,374,1023,0,552,695,305,422,357,305,637,808,754,305,1008
345,1023,0,269,1023,0,329,449,305,365,344,305,637,789,764,305,1008
338,1023,0,237,1023,0,700,895,305,651,606,305,637,789,773,305,1008
399,1023,0,189,1023,0,435,619,305,344,331,305,637,763,753,305,1008
320,1023,0,164,1023,0,621,825,305,382,359,305,637,745,729,305,1008
223,1023,0,251,1023,0,502,669,305,589,501,305,637,780,757,305,1008
437,1023,0,203,1023,0,707,899,305,532,497,305,637,753,737,305,1008
288,1023,0,321,1023,0,661,847,305,753,696,305,637,789,759,305,1008
377,1023,0,251,1023,0,659,846,305,419,383,305,637,787,764,305,1008
304,1023,0,226,1023,0,362,491,305,343,328,305,637,732,693,305,1008
384,1023,0,284,1023,0,565,769,305,354,340,305,637,754,736,305,1008
369,1023,0,249,1023,0,311,466,305,320,324,305,637,809,797,305,1008
442,1023,0,489,1023,0,634,799,305,404,349,305,637,747,717,305,1012
489,1023,0,363,1023,0,282,410,305,338,324,305,637,739,719,305,1012
359,1023,0,279,1023,0,565,742,305,511,426,305,637,765,716,305,1012
410,1023,0,123,1023,0,250,399,305,320,317,305,637,748,734,305,1012
477,1023,0,252,1023,0,671,851,305,410,370,305,637,712,686,305,1012
527,1023,0,170,1023,0,225,380,305,343,333,305,637,778,758,305,1012
317,1023,0,112,1023,0,270,435,305,470,442,305,637,755,734,305,1012
402,1023,0,206,1023,0,218,370,305,319,322,305,637,765,750,305,1012
293,1023,0,280,1023,0,338,479,305,644,565,305,637,751,734,305,1012
476,1023,0,290,1023,0,731,892,305,538,447,305,637,737,715,305,1012
600,1023,0,374,1023,0,337,485,305,453,397,305,637,785,750,305,1012
365,1023,0,182,1023,0,212,366,305,328,319,305,637,743,730,305,1012
427,1023,0,169,1023,0,662,859,305,410,377,305,637,762,741,305,1012
398,1023,0,228,1023,0,337,496,305,363,348,305,637,779,752,305,1012
420,1023,0,161,1023,0,206,368,305,334,320,305,637,754,733,305,1012
417,1023,0,200,1023,0,756,939,306,527,463,305,637,702,681,305,1012
399,1023,0,319,1023,0,591,772,305,366,345,305,637,798,775,305,1012
306,1023,0,380,1023,0,666,837,305,554,466,305,637,821,785,305,1012
349,1023,0,323,1023,0,777,947,306,553,465,305,637,773,731,305,1012
371,1023,0,160,1023,0,638,844,305,393,366,305,637,767,756,305,1012
353,1023,0,180,1023,0,414,598,305,382,360,305,637,791,781,305,1012
477,1023,0,242,1023,0,419,582,305,392,354,305,637,793,765,305,1012
360,1023,0,184,1023,0,346,507,305,338,323,305,637,742,704,305,1012
254,1023,0,80,886,0,344,532,305,315,313,305,637,740,734,305,1012
453,1023,0,129,1023,0,512,697,305,347,330,305,637,749,731,305,1012
444,1023,0,370,1023,0,441,595,305,382,349,305,638,797,767,305,1012
393,1023,0,188,1023,0,379,545,305,326,321,305,638,780,760,305,1012
344,1023,0,152,1023,0,294,428,305,340,324,305,638,764,726,305,1012
375,1023,0,134,1023,0,137,335,305,362,357,305,638,770,756,305,1012
561,1023,0,397,1023,0,227,376,305,339,325,305,638,792,775,305,1012
484,1023,0,182,1023,0,543,737,305,362,337,305,638,779,758,305,1012
414,1023,0,215,1023,0,570,764,305,432,393,305,638,775,748,305,1012
350,1023,0,125,1023,0,489,697,305,345,334,305,638,793,770,305,1012
430,1023,0,197,1023,0,277,421,305,322,317,305,638,748,736,305,1012
340,1023,0,182,1023,0,294,429,305,477,423,305,638,765,737,305,1012
315,1023,0,289,1023,0,378,550,305,337,334,305,638,755,743,305,1012
649,1023,0,405,1023,0,847,1023,306,656,613,305,638,834,773,305,1012
511,1023,0,303,1023,0,516,714,305,351,334,305,638,824,794,305,1012
394,1023,0,150,1023,0,332,487,305,354,341,305,638,773,750,305,1012
254,1023,0,177,1023,0,589,780,305,407,374,305,638,741,711,305,1012
382,1023,0,312,1023,0,240,376,305,309,314,305,638,750,712,305,1012
368,1023,0,172,1023,0,239,391,305,407,381,305,638,769,753,305,1012
536,1023,0,409,1023,0,827,984,306,617,528,305,638,818,792,305,1012
393,1023,0,217,1023,0,778,957,306,542,473,305,638,727,694,305,1016
351,1023,0,163,1023,0,433,609,305,361,339,305,638,764,745,305,1016
249,1023,0,191,1023,0,398,550,305,592,510,305,638,736,704,305,1016
861,1023,0,554,1023,0,381,523,305,381,339,305,638,839,762,305,1016
369,1023,0,207,1023,0,393,574,305,320,319,305,638,773,756,305,1016
465,1023,0,300,1023,0,375,533,305,338,322,305,638,828,816,305,1016
381,1023,0,184,1023,0,475,665,305,360,338,305,638,745,716,305,1016
452,1023,0,603,1023,0,493,652,305,548,454,305,638,797,747,305,1016
535,1023,0,417,1023,0,319,438,305,330,321,305,638,749,712,305,1016
374,1023,0,176,1023,0,370,524,305,432,381,305,638,777,762,305,1016
260,1023,0,134,1023,0,263,402,305,336,331,305,638,753,741,305,1016
309,1023,0,151,1023,0,174,349,305,323,317,305,638,762,744,305,1016
452,1023,0,501,1023,0,617,793,305,609,510,305,638,796,760,305,1016
371,1023,0,323,1023,0,269,411,305,363,335,305,638,735,687,305,1016
448,1023,0,409,1023,0,658,836,305,520,431,305,638,816,772,305,1016
311,1023,0,203,1023,0,361,507,305,581,511,305,638,746,729,305,1016
232,1023,0,96,1023,0,112,338,305,314,314,305,638,779,760,305,1016
346,1023,0,133,1023,0,372,552,305,313,312,305,638,779,768,305,1016
332,1023,0,264,1023,0,610,791,305,379,345,305,638,742,707,305,1016
420,1023,0,212,1023,0,234,372,305,440,392,305,638,778,755,305,1016
295,1023,0,203,1023,0,577,783,305,406,378,305,638,774,758,305,1016
367,1023,0,148,1023,0,315,456,305,403,367,305,638,782,770,305,1016
663,1023,0,474,1023,0,306,434,305,539,456,305,638,819,796,305,1016
507,1023,0,234,1023,0,210,384,305,400,368,305,638,761,746,305,1016
399,1023,0,352,1023,0,722,893,305,487,406,305,638,772,744,305,1016
371,1023,0,188,1023,0,717,905,305,469,413,305,638,760,739,305,1016
263,1023,0,178,1023,0,233,390,305,692,636,305,638,753,708,305,1016
185,1023,0,56,680,0,404,621,305,449,433,305,638,572,529,305,1016
443,1023,0,210,1023,0,769,959,306,538,478,305,638,785,774,305,1016
1023,1023,0,732,1023,0,536,709,305,480,377,305,638,882,788,305,1016
437,1023,0,319,1023,0,445,619,305,355,335,305,638,712,691,305,1016
819,1023,0,585,1023,0,461,601,305,378,339,305,638,837,814,305,1016
529,1023,0,347,1023,0,700,882,305,446,392,305,638,790,769,305,1016
394,1023,0,199,1023,0,389,524,305,348,332,305,638,765,732,305,1016
367,1023,0,139,1023,0,293,436,305,332,328,305,638,770,755,305,1020
235,1023,0,84,892,0,216,383,305,323,317,305,638,763,751,305,1020
359,1023,0,196,1023,0,579,787,305,363,346,305,638,789,776,305,1020
294,1023,0,229,1023,0,344,499,305,405,369,305,638,804,791,305,1020
626,1023,0,349,1023,0,470,633,305,348,331,305,638,801,769,305,1020
292,1023,0,112,1023,0,325,486,305,332,330,305,638,763,750,305,1020
402,1023,0,170,1023,0,471,661,305,355,344,305,638,777,752,305,1020
725,1023,0,397,1023,0,293,393,305,358,332,305,638,836,787,305,1020
468,1023,0,413,1023,0,678,828,305,473,374,305,638,786,758,305,1020
605,1023,0,550,1023,0,311,451,305,388,355,305,638,846,804,305,1020
256,1023,0,175,1023,0,671,872,305,434,399,305,638,773,759,305,1020
317,1023,0,212,1023,0,358,512,305,354,329,305,638,721,700,305,1020
497,1023,0,244,1023,0,207,370,305,330,324,305,638,808,792,305,1020
329,1023,0,307,1023,0,840,999,306,738,663,305,638,787,750,305,1020
416,1023,0,151,1023,0,347,508,305,348,331,305,638,741,732,305,1020
301,1023,0,112,1023,0,749,950,306,504,467,305,638,759,749,305,1020
510,1023,0,247,1023,0,203,356,305,327,325,305,638,767,744,305,1020
421,1023,0,285,1023,0,425,581,305,493,423,305,638,785,754,305,1020
170,1023,0,164,1023,0,628,844,305,494,468,305,638,777,769,305,1020
279,1023,0,125,1023,0,514,724,305,335,331,305,638,760,742,305,1020
451,1023,0,266,1023,0,332,487,305,343,330,305,638,753,733,305,1020
371,1023,0,157,1023,0,170,345,305,317,315,305,638,770,754,305,1020
357,1023,0,206,1023,0,664,866,305,405,372,305,639,741,719,305,1020
443,1023,0,251,1023,0,415,592,305,359,344,305,639,782,765,305,1020
409,1023,0,286,1023,0,378,547,305,334,325,305,639,777,766,305,1020
443,1023,0,462,1023,0,835,994,306,608,514,305,639,735,702,305,1020
386,1023,0,344,1023,0,932,1023,307,722,650,305,639,730,686,305,1020
364,1023,0,144,1023,0,207,364,305,345,330,305,639,787,770,305,1020
538,1023,0,342,1023,0,228,376,305,462,412,305,639,811,789,305,1020
474,1023,0,488,1023,0,896,1023,306,697,623,305,639,834,813,305,1020
375,1023,0,195,1023,0,484,675,305,351,338,305,639,776,758,305,1020
379,1023,0,175,1023,0,274,399,305,388,360,305,639,779,761,305,1020
275,1023,0,85,934,0,231,413,305,308,315,305,639,758,748,305,1020
459,1023,0,218,1023,0,339,503,305,331,321,305,639,765,750,305,1020
575,1023,0,264,1023,0,660,831,305,429,365,305,639,777,753,305,1020
389,1023,0,211,1023,0,336,491,305,324,321,305,639,781,759,305,1020
383,1023,0,223,1023,0,190,361,305,458,419,305,639,788,774,305,1020
494,1023,0,190,1023,0,578,773,305,366,347,305,639,705,689,305,1020
419,1023,0,203,1023,0,331,489,305,332,323,305,639,779,761,305,1020
290,1023,0,190,1023,0,623,812,305,689,629,305,639,736,714,305,1020
373,1023,0,216,1023,0,455,655,305,371,356,305,639,780,764,305,1020
269,1023,0,81,889,0,176,363,305,503,477,305,639,804,800,305,1020
302,1023,0,197,1023,0,629,809,305,442,388,305,639,774,732,305,1020
431,1023,0,212,1023,0,519,710,305,348,329,305,639,782,766,305,1023
325,1023,0,216,1023,0,510,700,305,358,336,305,639,774,753,305,1023
