"FSC-A","FSC-H","FSC-W","SSC-A","SSC-H","SSC-W","BL1-A","BL1-H","BL1-W","BL3-A","BL3-H","BL3-W","Event","VL1-A","VL1-H","VL1-W","Time"
425,1023,0,331,1023,0,662,844,305,501,434,305,305,783,755,305,0
469,1023,0,317,1023,0,420,606,305,364,337,305,305,796,785,305,0
405,1023,0,289,1023,0,433,623,305,393,355,305,306,808,795,305,0
345,1023,0,194,1023,0,613,820,305,398,374,305,306,808,795,305,0
444,1023,0,235,1023,0,523,717,305,400,372,305,306,780,758,305,0
355,1023,0,300,1023,0,784,959,306,563,484,305,306,795,757,305,0
796,1023,0,671,1023,0,664,827,305,576,474,305,306,868,832,305,0
501,1023,0,265,1023,0,494,684,305,412,381,305,306,796,775,305,0
432,1023,0,216,1023,0,206,360,305,338,332,305,306,791,770,305,0
451,1023,0,415,1023,0,266,410,305,445,391,305,306,810,789,305,0
476,1023,0,266,1023,0,681,873,305,459,412,305,306,794,770,305,0
661,1023,0,609,1023,0,885,1017,307,688,570,305,306,871,810,305,0
837,1023,0,604,1023,0,652,805,305,701,649,305,306,902,853,305,0
641,1023,0,458,1023,0,707,871,305,545,455,305,306,822,777,305,0
373,1023,0,167,1023,0,696,896,305,434,396,305,307,796,779,305,0
272,1023,0,199,1023,0,743,927,306,526,461,305,307,802,768,305,0
334,1023,0,120,1023,0,674,882,305,414,388,305,307,785,772,305,0
232,1023,0,112,1023,0,360,543,305,418,394,305,307,600,565,305,3
471,1023,0,247,1023,0,388,555,305,374,348,305,307,810,788,305,3
308,1023,0,125,1023,0,191,359,305,320,313,305,307,787,779,305,3
424,1023,0,220,1023,0,592,787,305,422,379,305,307,798,764,305,3
642,1023,0,412,1023,0,514,706,305,420,366,305,307,842,772,305,3
943,1023,0,924,1023,0,668,833,305,543,439,305,307,905,847,305,3
384,1023,0,184,1023,0,317,457,305,343,329,305,307,797,776,305,3
497,1023,0,243,1023,0,275,420,305,339,323,305,307,801,769,305,3
345,1023,0,272,1023,0,672,866,305,467,423,305,307,819,806,305,3
543,1023,0,273,1023,0,531,721,305,371,345,305,307,786,741,305,3
513,1023,0,216,1023,0,453,635,305,345,329,305,307,768,757,305,3
453,1023,0,249,1023,0,264,411,305,338,326,305,307,772,744,305,3
521,1023,0,429,1023,0,517,701,305,403,366,305,307,861,829,305,3
482,1023,0,484,1023,0,237,386,305,376,347,305,307,778,745,305,3
407,1023,0,310,1023,0,399,563,305,427,379,305,308,798,781,305,3
503,1023,0,297,1023,0,655,827,305,425,373,305,308,804,764,305,3
974,1023,0,930,1023,0,707,846,305,565,447,305,308,887,808,305,3
376,1023,0,252,1023,0,446,638,305,343,330,305,308,778,766,305,3
316,1023,0,201,1023,0,679,875,305,440,394,305,308,773,759,305,3
449,1023,0,326,1023,0,741,921,306,514,442,305,308,793,755,305,3
259,1023,0,150,1023,0,196,356,305,407,363,305,308,787,758,305,7
431,1023,0,269,1023,0,553,749,305,364,346,305,308,796,773,305,7
460,1023,0,266,1023,0,205,365,305,359,336,305,308,782,758,305,7
368,1023,0,255,1023,0,645,821,305,478,405,305,308,823,794,305,7
824,1023,0,717,1023,0,457,603,305,573,476,305,308,875,835,305,7
402,1023,0,268,1023,0,334,487,305,357,343,305,308,797,776,305,7
475,1023,0,357,1023,0,451,629,305,391,361,305,308,827,779,305,7
395,1023,0,258,1023,0,362,528,305,332,329,305,309,791,770,305,7
300,1023,0,153,1023,0,330,493,305,329,326,305,309,763,743,305,7
400,1023,0,202,1023,0,671,851,305,468,398,305,309,818,766,305,7
477,1023,0,239,1023,0,518,716,305,367,341,305,309,789,767,305,7
527,1023,0,361,1023,0,357,515,305,446,396,305,309,799,773,305,7
344,1023,0,254,1023,0,485,677,305,418,376,305,309,781,747,305,7
378,1023,0,351,1023,0,215,369,305,466,417,305,309,844,822,305,7
424,1023,0,185,1023,0,279,430,305,318,321,305,309,778,755,305,7
415,1023,0,224,1023,0,444,635,305,433,395,305,309,809,787,305,7
490,1023,0,232,1023,0,752,941,306,522,468,305,309,791,764,305,7
443,1023,0,234,1023,0,461,647,305,345,337,305,309,792,769,305,7
297,1023,0,202,1023,0,604,807,305,391,370,305,309,790,779,305,7
693,1023,0,374,1023,0,507,661,305,387,347,305,309,837,789,305,7
616,1023,0,319,1023,0,566,740,305,384,350,305,309,792,751,305,7
496,1023,0,290,1023,0,352,505,305,378,347,305,309,781,737,305,7
475,1023,0,271,1023,0,471,658,305,365,343,305,309,804,781,305,7
375,1023,0,247,1023,0,451,639,305,496,442,305,310,819,803,305,7
355,1023,0,240,1023,0,669,864,305,420,380,305,310,793,779,305,7
1023,1023,0,1023,1023,0,850,919,306,826,624,305,310,1023,963,308,7
547,1023,0,273,1023,0,384,552,305,429,379,305,310,798,783,305,7
489,1023,0,286,1023,0,669,851,305,552,472,305,310,863,806,305,7
423,1023,0,269,1023,0,312,464,305,377,352,305,310,766,746,305,7
291,1023,0,139,1023,0,609,816,305,369,352,305,310,785,769,305,7
378,1023,0,250,1023,0,219,373,305,392,361,305,310,773,747,305,7
339,1023,0,150,1023,0,352,528,305,394,375,305,310,776,761,305,7
320,1023,0,198,1023,0,711,906,305,463,415,305,310,784,773,305,7
809,1023,0,663,1023,0,327,421,305,409,344,305,310,820,801,305,7
550,1023,0,292,1023,0,397,559,305,353,338,305,310,785,764,305,10
378,1023,0,197,1023,0,343,510,305,328,343,305,310,798,782,305,10
360,1023,0,143,1023,0,447,644,305,349,339,305,311,803,779,305,10
517,1023,0,399,1023,0,665,848,305,429,375,305,311,805,782,305,10
472,1023,0,232,1023,0,552,742,305,383,352,305,311,799,779,305,10
427,1023,0,172,1023,0,367,530,305,348,332,305,311,786,774,305,10
506,1023,0,447,1023,0,661,847,305,452,394,305,311,853,837,305,10
435,1023,0,206,1023,0,317,463,305,347,340,305,311,791,770,305,10
944,1023,0,648,1023,0,748,884,305,561,439,305,311,822,782,305,10
410,1023,0,137,1023,0,229,367,305,665,621,305,311,860,846,305,10
411,1023,0,166,1023,0,455,642,305,388,358,305,311,792,772,305,10
377,1023,0,160,1023,0,494,676,305,340,329,305,311,773,761,305,10
523,1023,0,386,1023,0,517,692,305,405,367,305,311,840,811,305,10
465,1023,0,364,1023,0,614,793,305,478,424,305,312,823,789,305,10
735,1023,0,961,1023,0,777,926,306,575,465,305,312,792,759,305,10
559,1023,0,437,1023,0,822,981,306,636,548,305,312,828,790,305,10
557,1023,0,249,1023,0,283,423,305,409,378,305,312,822,787,305,13
466,1023,0,498,1023,0,585,779,305,558,490,305,312,823,796,305,13
967,1023,0,552,1023,0,547,703,305,466,374,305,312,912,851,305,13
576,1023,0,321,1023,0,803,969,306,602,517,305,312,836,809,305,13
404,1023,0,223,1023,0,460,652,305,395,369,305,312,794,778,305,13
600,1023,0,463,1023,0,680,845,305,525,448,305,312,809,776,305,13
388,1023,0,244,1023,0,643,827,305,422,377,305,312,802,776,305,13
323,1023,0,139,1023,0,247,407,305,340,331,305,313,804,785,305,13
596,1023,0,502,1023,0,843,1011,306,629,552,305,313,877,856,305,13
377,1023,0,221,1023,0,400,583,305,353,338,305,313,794,780,305,13
493,1023,0,267,1023,0,568,764,305,361,346,305,313,810,796,305,13
365,1023,0,281,1023,0,640,838,305,406,377,305,313,804,782,305,13
406,1023,0,176,1023,0,260,404,305,354,334,305,313,764,734,305,13
420,1023,0,212,1023,0,406,572,305,349,338,305,313,798,771,305,13
244,1023,0,114,1023,0,510,723,305,343,330,305,313,779,764,305,13
340,1023,0,167,1023,0,269,426,305,331,327,305,313,785,773,305,13
423,1023,0,268,1023,0,398,580,305,350,338,305,313,826,816,305,13
447,1023,0,398,1023,0,713,895,305,552,475,305,313,877,844,305,13
334,1023,0,193,1023,0,354,530,305,351,336,305,313,782,759,305,13
406,1023,0,117,1023,0,626,836,305,407,385,305,313,741,731,305,13
526,1023,0,441,1023,0,537,735,305,390,361,305,313,818,798,305,13
222,1023,0,115,1023,0,435,647,305,395,379,305,313,774,761,305,13
692,1023,0,351,1023,0,468,645,305,392,356,305,314,799,760,305,13
545,1023,0,494,1023,0,542,726,305,436,390,305,314,789,750,305,13
559,1023,0,276,1023,0,547,717,305,388,349,305,314,848,784,305,13
790,1023,0,787,1023,0,320,443,305,488,399,305,314,850,808,305,13
463,1023,0,217,1023,0,724,901,305,532,456,305,314,831,798,305,16
600,1023,0,374,1023,0,393,545,305,556,483,305,314,782,753,305,16
337,1023,0,141,1023,0,663,864,305,426,390,305,314,796,784,305,16
559,1023,0,528,1023,0,374,534,305,401,361,305,314,772,745,305,16
270,1023,0,161,1023,0,667,879,305,428,405,305,314,786,776,305,16
331,1023,0,154,1023,0,271,432,305,325,319,305,314,793,782,305,16
331,1023,0,158,1023,0,338,504,305,375,355,305,314,779,766,305,16
423,1023,0,296,1023,0,302,444,305,440,384,305,314,814,795,305,16
945,1023,0,642,1023,0,323,424,305,410,343,305,314,821,785,305,16
1023,1023,0,916,1023,0,617,789,305,530,418,305,314,913,815,305,16
383,1023,0,277,1023,0,282,431,305,343,328,305,314,800,783,305,16
289,1023,0,106,1023,0,587,802,305,375,360,305,314,770,759,305,16
379,1023,0,151,1023,0,277,425,305,319,321,305,314,786,760,305,16
468,1023,0,343,1023,0,817,994,306,711,657,305,315,827,800,305,16
572,1023,0,523,1023,0,256,403,305,408,363,305,315,817,805,305,16
405,1023,0,195,1023,0,346,485,305,362,332,305,315,794,757,305,16
623,1023,0,458,1023,0,311,447,305,371,342,305,315,803,779,305,16
753,1023,0,586,1023,0,340,499,305,633,588,305,315,790,761,305,16
780,1023,0,731,1023,0,771,915,305,617,491,305,315,877,804,305,16
508,1023,0,356,1023,0,319,469,305,349,338,305,315,812,781,305,16
458,1023,0,271,1023,0,745,928,306,567,497,305,315,781,760,305,16
447,1023,0,194,1023,0,354,510,305,334,326,305,315,779,762,305,16
635,1023,0,265,1023,0,330,475,305,361,347,305,315,822,803,305,16
322,1023,0,240,1023,0,347,530,305,335,341,305,315,800,787,305,16
591,1023,0,327,1023,0,347,496,305,359,337,305,315,805,777,305,16
1023,1023,0,0,1023,0,1023,1023,314,1023,875,305,316,1023,1023,311,16
259,1023,0,107,1023,0,682,886,305,449,417,305,316,790,767,305,16
367,1023,0,223,1023,0,440,615,305,411,366,305,316,795,753,305,20
346,1023,0,207,1023,0,677,874,305,428,386,305,316,789,754,305,20
576,1023,0,290,1023,0,253,395,305,342,330,305,316,780,763,305,20
416,1023,0,167,1023,0,654,850,305,415,378,305,316,784,773,305,20
1023,1023,0,891,1023,0,946,1023,307,761,650,305,316,931,833,305,20
459,1023,0,278,1023,0,467,640,305,356,334,305,316,811,791,305,20
389,1023,0,156,1023,0,289,439,305,337,326,305,316,791,777,305,20
737,1023,0,660,1023,0,446,618,305,391,341,305,316,866,818,305,20
714,1023,0,721,1023,0,523,694,305,581,491,305,316,807,769,305,20
440,1023,0,231,1023,0,488,671,305,365,339,305,316,781,746,305,20
583,1023,0,517,1023,0,315,459,305,412,372,305,316,847,822,305,20
338,1023,0,144,1023,0,362,540,305,365,350,305,316,750,738,305,20
923,1023,0,653,1023,0,790,942,306,602,503,305,316,900,846,305,20
460,1023,0,332,1023,0,339,489,305,441,396,305,317,813,789,305,20
573,1023,0,381,1023,0,777,946,306,565,486,305,317,821,791,305,20
283,1023,0,125,1023,0,255,411,305,316,321,305,317,795,784,305,20
391,1023,0,336,1023,0,253,390,305,354,340,305,317,796,769,305,20
328,1023,0,190,1023,0,609,804,305,395,364,305,317,812,794,305,20
877,1023,0,719,1023,0,854,983,307,670,545,305,317,857,789,305,20
360,1023,0,139,1023,0,560,761,305,385,354,305,317,779,768,305,20
755,1023,0,884,1023,0,830,981,306,644,543,305,317,925,843,305,20
631,1023,0,345,1023,0,718,892,305,508,432,305,317,853,826,305,20
1023,1023,0,1023,1023,0,323,347,305,414,318,305,317,614,368,305,20
417,1023,0,182,1023,0,430,608,305,337,330,305,317,792,774,305,20
465,1023,0,349,1023,0,751,922,306,536,455,305,317,838,807,305,20
663,1023,0,378,1023,0,352,482,305,386,345,305,317,833,770,305,20
473,1023,0,392,1023,0,694,877,305,487,433,305,317,807,783,305,20
622,1023,0,430,1023,0,733,897,305,498,413,305,317,795,772,305,20
352,1023,0,187,1023,0,737,929,306,586,536,305,317,787,771,305,20
679,1023,0,505,1023,0,478,640,305,431,359,305,317,869,816,305,20
365,1023,0,180,1023,0,678,879,305,443,410,305,318,804,790,305,20
391,1023,0,233,1023,0,719,895,305,608,534,305,318,803,776,305,20
465,1023,0,287,1023,0,547,734,305,387,360,305,318,799,776,305,20
456,1023,0,231,1023,0,199,358,305,325,319,305,318,816,799,305,20
469,1023,0,217,1023,0,842,1023,306,627,572,305,318,764,749,305,20
354,1023,0,156,1023,0,618,815,305,387,359,305,318,801,784,305,23
391,1023,0,379,1023,0,763,907,305,739,640,305,318,630,581,305,23
345,1023,0,149,1023,0,387,575,305,348,330,305,318,780,756,305,23
447,1023,0,202,1023,0,498,684,305,415,375,305,318,791,763,305,23
427,1023,0,420,1023,0,234,380,305,528,456,305,318,831,801,305,23
343,1023,0,192,1023,0,268,427,305,348,330,305,318,769,750,305,23
566,1023,0,648,1023,0,616,784,305,563,461,305,318,832,790,305,23
335,1023,0,191,1023,0,486,690,305,364,342,305,318,778,764,305,23
555,1023,0,265,1023,0,465,642,305,380,345,305,318,774,746,305,23
1023,1023,0,1023,1023,0,1023,1023,312,997,793,305,318,1023,1012,311,23
30,225,0,288,1023,0,0,305,305,113,305,305,318,688,579,305,23
628,1023,0,392,1023,0,390,559,305,450,400,305,318,792,763,305,23
345,1023,0,158,1023,0,585,789,305,363,347,305,318,782,760,305,23
1023,1023,0,828,1023,0,790,939,306,602,498,305,318,879,800,305,23
282,1023,0,204,1023,0,680,858,305,496,425,305,319,773,742,305,23
313,1023,0,181,1023,0,154,341,305,364,346,305,319,788,774,305,23
401,1023,0,202,1023,0,570,765,305,367,348,305,319,787,770,305,23
383,1023,0,180,1023,0,316,482,305,349,338,305,319,796,784,305,23
421,1023,0,219,1023,0,424,607,305,377,358,305,319,774,758,305,23
601,1023,0,560,1023,0,453,616,305,423,374,305,319,826,789,305,23
338,1023,0,215,1023,0,624,830,305,414,382,305,319,801,787,305,23
504,1023,0,417,1023,0,626,817,305,454,407,305,319,793,760,305,23
394,1023,0,237,1023,0,404,577,305,359,337,305,319,774,755,305,23
260,1023,0,172,1023,0,676,883,305,451,409,305,319,817,803,305,23
372,1023,0,112,1023,0,454,641,305,340,333,305,319,768,747,305,23
357,1023,0,180,1023,0,730,893,305,713,648,305,319,792,772,305,26
413,1023,0,171,1023,0,404,579,305,340,331,305,320,781,751,305,26
437,1023,0,211,1023,0,687,874,305,515,456,305,320,784,759,305,26
411,1023,0,382,1023,0,657,844,305,477,417,305,320,818,793,305,26
358,1023,0,121,1023,0,385,563,305,347,339,305,320,794,780,305,26
439,1023,0,219,1023,0,407,579,305,346,336,305,320,793,762,305,26
372,1023,0,259,1023,0,529,720,305,399,352,305,320,809,777,305,26
436,1023,0,250,1023,0,660,857,305,449,399,305,320,798,780,305,26
515,1023,0,454,1023,0,453,625,305,398,357,305,320,775,738,305,26
384,1023,0,185,1023,0,435,634,305,326,324,305,320,791,778,305,26
466,1023,0,303,1023,0,443,627,305,365,339,305,320,807,784,305,26
283,1023,0,422,1023,0,493,669,305,654,557,305,320,732,670,305,26
1023,1023,0,1023,1023,0,751,861,305,649,520,305,321,845,781,305,26
447,1023,0,404,1023,0,797,965,306,597,516,305,321,800,768,305,26
488,1023,0,226,1023,0,380,541,305,343,329,305,321,786,766,305,26
489,1023,0,412,1023,0,725,900,305,562,480,305,321,841,813,305,26
532,1023,0,349,1023,0,392,552,305,351,327,305,321,791,775,305,26
425,1023,0,138,1023,0,458,657,305,334,327,305,321,800,788,305,26
383,1023,0,148,1023,0,387,571,305,324,322,305,321,774,757,305,26
800,1023,0,667,1023,0,355,517,305,433,388,305,321,787,755,305,26
429,1023,0,259,1023,0,737,924,306,508,450,305,321,786,764,305,26
1023,1023,0,1023,1023,0,938,1023,308,751,600,305,321,945,879,305,30
570,1023,0,658,1023,0,415,564,305,412,370,305,321,815,790,305,30
536,1023,0,431,1023,0,645,825,305,430,376,305,321,809,767,305,30
482,1023,0,316,1023,0,679,852,305,480,418,305,321,784,742,305,30
436,1023,0,376,1023,0,496,690,305,353,341,305,321,822,806,305,30
528,1023,0,329,1023,0,500,667,305,462,393,305,321,808,782,305,30
541,1023,0,340,1023,0,552,730,305,406,361,305,321,792,761,305,30
835,1023,0,589,1023,0,785,927,306,619,496,305,321,862,805,305,30
371,1023,0,164,1023,0,535,740,305,343,340,305,321,786,772,305,30
476,1023,0,422,1023,0,288,434,305,368,346,305,322,787,757,305,30
430,1023,0,187,1023,0,407,587,305,332,324,305,322,791,773,305,30
298,1023,0,158,1023,0,604,806,305,491,451,305,322,790,780,305,30
300,1023,0,105,1023,0,358,543,305,315,316,305,322,797,789,305,30
418,1023,0,321,1023,0,745,919,306,534,461,305,322,812,772,305,30
381,1023,0,161,1023,0,394,575,305,329,321,305,322,771,749,305,30
750,1023,0,784,1023,0,852,1007,306,693,612,305,322,807,757,305,30
237,1023,0,144,1023,0,0,394,305,347,333,305,322,792,784,305,30
361,1023,0,158,1023,0,462,657,305,346,328,305,322,769,754,305,30
383,1023,0,298,1023,0,677,858,305,449,395,305,322,814,792,305,30
488,1023,0,301,1023,0,379,542,305,354,336,305,322,817,789,305,30
320,1023,0,142,1023,0,403,598,305,331,317,305,322,799,788,305,30
593,1023,0,263,1023,0,415,573,305,349,328,305,322,788,760,305,30
354,1023,0,200,1023,0,645,840,305,478,429,305,322,802,783,305,30
456,1023,0,292,1023,0,307,448,305,370,342,305,322,801,780,305,30
653,1023,0,532,1023,0,533,701,305,386,344,305,322,792,756,305,30
563,1023,0,341,1023,0,518,702,305,366,341,305,322,775,748,305,30
412,1023,0,169,1023,0,563,760,305,402,374,305,322,809,791,305,30
307,1023,0,140,1023,0,418,617,305,324,321,305,322,779,763,305,33
351,1023,0,115,1023,0,397,597,305,347,338,305,323,780,771,305,33
520,1023,0,350,1023,0,297,431,305,392,362,305,323,791,770,305,33
396,1023,0,410,1023,0,472,663,305,401,371,305,323,817,799,305,33
482,1023,0,353,1023,0,789,949,306,742,684,305,323,815,790,305,33
348,1023,0,125,1023,0,396,583,305,313,316,305,323,796,783,305,33
313,1023,0,240,1023,0,395,567,305,372,355,305,323,802,785,305,33
763,1023,0,558,1023,0,681,827,305,507,395,305,323,889,817,305,33
346,1023,0,228,1023,0,256,405,305,347,333,305,323,775,756,305,33
423,1023,0,191,1023,0,391,569,305,361,345,305,323,794,757,305,33
451,1023,0,197,1023,0,567,769,305,548,501,305,323,803,778,305,33
472,1023,0,317,1023,0,657,836,305,439,380,305,323,812,784,305,33
281,1023,0,178,1023,0,461,667,305,369,362,305,323,785,770,305,33
367,1023,0,143,1023,0,413,605,305,322,317,305,323,785,762,305,33
414,1023,0,256,1023,0,626,826,305,423,389,305,323,803,779,305,33
461,1023,0,334,1023,0,673,850,305,471,405,305,323,801,776,305,33
482,1023,0,425,1023,0,296,440,305,355,338,305,324,841,824,305,33
488,1023,0,217,1023,0,274,415,305,327,317,305,324,830,801,305,33
542,1023,0,354,1023,0,496,676,305,513,447,305,324,773,751,305,33
520,1023,0,351,1023,0,523,693,305,468,408,305,324,795,763,305,33
353,1023,0,173,1023,0,440,630,305,337,326,305,324,784,770,305,33
303,1023,0,335,1023,0,687,865,305,467,411,305,324,839,812,305,33
329,1023,0,201,1023,0,444,631,305,390,365,305,324,801,773,305,33
630,1023,0,539,1023,0,681,850,305,578,490,305,324,819,776,305,33
501,1023,0,274,1023,0,383,515,305,363,337,305,324,803,777,305,33
880,1023,0,987,1023,0,580,740,305,436,388,305,324,821,786,305,33
301,1023,0,107,1023,0,270,430,305,334,323,305,324,771,760,305,36
738,1023,0,680,1023,0,444,582,305,454,372,305,324,848,791,305,36
358,1023,0,134,1023,0,511,714,305,360,343,305,324,796,774,305,36
318,1023,0,404,1023,0,234,388,305,380,358,305,324,795,781,305,36
474,1023,0,252,1023,0,756,940,306,511,448,305,324,807,765,305,36
646,1023,0,595,1023,0,459,614,305,397,360,305,325,813,756,305,36
432,1023,0,396,1023,0,329,457,305,576,497,305,325,784,751,305,36
895,1023,0,599,1023,0,591,768,305,415,359,305,325,892,843,305,36
215,988,0,530,1023,0,744,914,305,570,477,305,325,817,779,305,36
317,1023,0,293,1023,0,499,661,305,480,417,305,325,789,757,305,36
1023,1023,0,1023,1023,0,821,946,306,661,540,305,325,803,749,305,36
295,1023,0,126,1023,0,474,685,305,335,322,305,325,787,772,305,36
343,1023,0,215,1023,0,617,810,305,516,454,305,325,797,766,305,36
324,1023,0,189,1023,0,689,892,305,473,433,305,325,792,775,305,36
615,1023,0,489,1023,0,375,538,305,380,351,305,325,837,807,305,36
404,1023,0,195,1023,0,489,683,305,351,334,305,325,769,730,305,36
560,1023,0,505,1023,0,797,951,306,603,514,305,325,773,732,305,36
505,1023,0,507,1023,0,400,545,305,423,384,305,325,794,750,305,36
556,1023,0,502,1023,0,693,878,305,560,457,305,325,868,808,305,36
484,1023,0,305,1023,0,744,922,306,607,540,305,325,802,777,305,36
496,1023,0,396,1023,0,323,467,305,366,344,305,325,796,762,305,36
364,1023,0,172,1023,0,698,896,305,451,404,305,326,736,714,305,36
352,1023,0,264,1023,0,396,562,305,386,357,305,326,799,775,305,36
419,1023,0,346,1023,0,622,808,305,491,427,305,326,857,831,305,36
352,1023,0,261,1023,0,708,884,305,495,418,305,326,798,765,305,36
575,1023,0,375,1023,0,355,510,305,413,377,305,326,821,790,305,36
398,1023,0,271,1023,0,668,857,305,452,405,305,326,796,777,305,36
421,1023,0,292,1023,0,345,516,305,453,421,305,326,801,780,305,36
421,1023,0,296,1023,0,211,359,305,357,339,305,326,798,778,305,36
707,1023,0,281,1023,0,477,656,305,350,324,305,326,840,779,305,40
376,1023,0,203,1023,0,497,700,305,335,328,305,326,823,810,305,40
674,1023,0,499,1023,0,761,920,306,568,457,305,326,891,853,305,40
457,1023,0,220,1023,0,331,492,305,380,356,305,326,800,785,305,40
401,1023,0,279,1023,0,264,414,305,450,410,305,326,815,798,305,40
432,1023,0,207,1023,0,715,901,305,480,425,305,327,799,784,305,40
486,1023,0,626,1023,0,408,552,305,452,391,305,327,806,772,305,40
374,1023,0,284,1023,0,517,705,305,379,357,305,327,773,746,305,40
421,1023,0,197,1023,0,327,491,305,325,327,305,327,811,798,305,40
360,1023,0,282,1023,0,753,933,306,548,485,305,327,803,765,305,40
637,1023,0,353,1023,0,668,847,305,478,415,305,327,860,842,305,40
336,1023,0,274,1023,0,434,629,305,349,334,305,327,766,746,305,40
343,1023,0,207,1023,0,446,645,305,387,362,305,327,813,799,305,40
375,1023,0,229,1023,0,389,556,305,365,337,305,327,814,799,305,40
395,1023,0,331,1023,0,377,539,305,393,374,305,327,810,793,305,40
332,1023,0,302,1023,0,700,891,305,523,462,305,327,792,767,305,40
609,1023,0,351,1023,0,378,491,305,349,334,305,327,849,777,305,40
369,1023,0,169,1023,0,268,405,305,319,322,305,327,794,773,305,40
514,1023,0,316,1023,0,370,525,305,367,338,305,327,564,501,305,40
351,1023,0,148,1023,0,407,596,305,350,340,305,327,784,771,305,40
483,1023,0,227,1023,0,232,377,305,334,324,305,327,759,730,305,40
681,1023,0,388,1023,0,462,626,305,399,363,305,327,808,775,305,40
383,1023,0,123,1023,0,232,394,305,669,622,305,327,811,798,305,40
423,1023,0,243,1023,0,451,632,305,359,343,305,328,790,758,305,43
565,1023,0,369,1023,0,534,729,305,392,368,305,328,824,801,305,43
329,1023,0,165,1023,0,482,687,305,347,339,305,328,776,763,305,43
521,1023,0,417,1023,0,703,875,305,489,409,305,328,810,790,305,43
403,1023,0,395,1023,0,394,571,305,390,369,305,328,787,763,305,43
1023,1023,0,804,1023,0,804,939,306,612,470,305,328,905,801,305,43
1023,1023,0,1023,1023,0,947,1013,308,796,602,305,328,1023,941,307,43
570,1023,0,376,1023,0,366,525,305,446,387,305,328,794,763,305,43
426,1023,0,157,1023,0,480,673,305,355,337,305,328,799,785,305,43
418,1023,0,271,1023,0,507,693,305,434,392,305,328,809,784,305,43
430,1023,0,243,1023,0,389,568,305,422,386,305,328,787,764,305,43
361,1023,0,171,1023,0,356,533,305,335,323,305,328,789,773,305,43
442,1023,0,176,1023,0,320,457,305,346,331,305,328,788,753,305,43
366,1023,0,234,1023,0,369,545,305,542,493,305,328,821,802,305,43
438,1023,0,238,1023,0,246,404,305,392,371,305,328,806,779,305,43
358,1023,0,165,1023,0,573,771,305,378,360,305,328,776,762,305,43
676,1023,0,454,1023,0,522,694,305,431,377,305,328,778,751,305,43
440,1023,0,269,1023,0,627,827,305,408,375,305,329,780,761,305,43
314,1023,0,197,1023,0,594,800,305,385,361,305,329,797,777,305,43
459,1023,0,351,1023,0,463,639,305,421,376,305,329,796,774,305,43
454,1023,0,367,1023,0,297,440,305,424,387,305,329,818,778,305,43
282,1023,0,132,1023,0,619,828,305,370,356,305,329,770,760,305,43
400,1023,0,219,1023,0,398,561,305,370,345,305,329,805,772,305,43
268,1023,0,449,1023,0,874,1012,307,676,567,305,329,850,796,305,43
507,1023,0,509,1023,0,755,927,306,563,478,305,329,852,817,305,43
346,1023,0,321,1023,0,311,462,305,363,346,305,329,772,749,305,43
391,1023,0,382,1023,0,843,1021,306,627,565,305,329,802,777,305,43
358,1023,0,184,1023,0,498,698,305,371,344,305,329,790,771,305,43
468,1023,0,206,1023,0,657,848,305,422,383,305,329,832,818,305,43
398,1023,0,413,1023,0,396,566,305,399,380,305,329,777,761,305,43
358,1023,0,274,1023,0,258,423,305,460,417,305,329,588,547,305,43
447,1023,0,273,1023,0,715,919,305,483,443,305,329,809,791,305,43
372,1023,0,130,1023,0,632,839,305,391,368,305,329,779,766,305,43
275,1023,0,213,1023,0,457,668,305,373,362,305,329,773,762,305,43
428,1023,0,212,1023,0,611,808,305,414,372,305,329,809,790,305,46
388,1023,0,289,1023,0,552,752,305,422,393,305,329,788,767,305,46
319,1023,0,155,1023,0,458,658,305,347,334,305,329,783,768,305,46
1023,1023,0,798,1023,0,580,728,305,478,371,305,330,896,830,305,46
674,1023,0,465,1023,0,399,525,305,499,441,305,330,859,788,305,46
412,1023,0,360,1023,0,329,461,305,415,372,305,330,795,765,305,46
788,1023,0,717,1023,0,833,992,306,641,549,305,330,889,841,305,46
694,1023,0,639,1023,0,787,945,306,585,498,305,330,686,612,305,46
424,1023,0,224,1023,0,224,376,305,355,337,305,330,785,767,305,46
342,1023,0,229,1023,0,336,494,305,362,344,305,330,807,786,305,46
691,1023,0,415,1023,0,361,487,305,392,348,305,330,797,763,305,46
412,1023,0,207,1023,0,415,600,305,377,354,305,330,826,813,305,46
395,1023,0,529,1023,0,486,661,305,468,409,305,330,783,757,305,46
525,1023,0,295,1023,0,541,728,305,419,380,305,330,805,786,305,46
461,1023,0,222,1023,0,615,808,305,428,390,305,330,781,758,305,46
305,1023,0,331,1023,0,558,742,305,468,408,305,330,805,782,305,46
333,1023,0,150,1023,0,236,391,305,359,341,305,330,761,733,305,46
348,1023,0,153,1023,0,507,711,305,344,331,305,330,781,764,305,46
363,1023,0,278,1023,0,670,865,305,541,485,305,330,812,793,305,46
465,1023,0,230,1023,0,592,792,305,357,339,305,330,786,772,305,46
427,1023,0,209,1023,0,548,743,305,353,342,305,330,770,744,305,46
666,1023,0,481,1023,0,338,427,305,369,336,305,330,850,779,305,46
481,1023,0,287,1023,0,389,558,305,361,347,305,331,789,765,305,46
548,1023,0,454,1023,0,612,772,305,530,459,305,331,813,774,305,46
326,1023,0,157,1023,0,609,811,305,381,362,305,331,790,777,305,46
873,1023,0,675,1023,0,713,866,305,537,448,305,331,869,793,305,46
600,1023,0,408,1023,0,494,672,305,409,370,305,331,827,803,305,46
513,1023,0,338,1023,0,411,578,305,419,384,305,331,813,789,305,49
344,1023,0,196,1023,0,365,545,305,341,331,305,331,785,762,305,49
411,1023,0,259,1023,0,634,833,305,410,380,305,331,790,771,305,49
312,1023,0,135,1023,0,453,650,305,334,321,305,331,792,784,305,49
464,1023,0,350,1023,0,668,828,305,650,549,305,331,822,779,305,49
453,1023,0,267,1023,0,178,356,305,359,336,305,331,795,768,305,49
511,1023,0,420,1023,0,401,567,305,364,344,305,331,833,806,305,49
349,1023,0,182,1023,0,377,553,305,328,322,305,332,782,769,305,49
480,1023,0,262,1023,0,481,680,305,356,336,305,332,817,802,305,49
450,1023,0,564,1023,0,675,864,305,682,616,305,332,841,813,305,49
567,1023,0,294,1023,0,711,893,305,478,417,305,332,799,771,305,49
844,1023,0,557,1023,0,613,773,305,462,389,305,332,811,775,305,49
342,1023,0,347,1023,0,625,826,305,400,372,305,332,811,794,305,49
577,1023,0,377,1023,0,317,468,305,511,444,305,332,779,730,305,49
450,1023,0,297,1023,0,288,419,305,379,346,305,332,784,760,305,49
317,1023,0,181,1023,0,554,760,305,377,353,305,332,789,754,305,49
386,1023,0,275,1023,0,195,362,305,343,328,305,332,818,785,305,49
452,1023,0,355,1023,0,571,757,305,427,379,305,332,799,771,305,49
459,1023,0,274,1023,0,331,468,305,342,331,305,332,805,778,305,49
480,1023,0,483,1023,0,518,710,305,545,474,305,332,842,810,305,49
417,1023,0,264,1023,0,433,605,305,377,343,305,332,802,776,305,49
384,1023,0,208,1023,0,411,576,305,369,350,305,332,795,765,305,49
494,1023,0,297,1023,0,406,565,305,478,413,305,332,812,786,305,49
331,1023,0,161,1023,0,360,540,305,338,328,305,332,756,739,305,49
336,1023,0,162,1023,0,626,823,305,423,386,305,332,778,759,305,49
654,1023,0,665,1023,0,758,927,306,575,488,305,333,831,806,305,49
345,1023,0,289,1023,0,586,771,305,494,433,305,333,797,779,305,49
531,1023,0,293,1023,0,300,450,305,452,400,305,333,768,743,305,53
360,1023,0,161,1023,0,230,392,305,662,626,305,333,815,803,305,53
563,1023,0,266,1023,0,437,607,305,405,369,305,333,788,770,305,53
570,1023,0,396,1023,0,332,472,305,408,371,305,333,830,804,305,53
435,1023,0,180,1023,0,344,489,305,327,315,305,333,795,779,305,53
537,1023,0,461,1023,0,395,548,305,459,396,305,333,808,782,305,53
515,1023,0,542,1023,0,718,894,305,532,459,305,333,818,795,305,53
478,1023,0,274,1023,0,384,543,305,340,325,305,333,822,777,305,53
628,1023,0,696,1023,0,386,544,305,391,363,305,333,803,778,305,53
445,1023,0,294,1023,0,697,881,305,625,557,305,333,802,778,305,53
440,1023,0,389,1023,0,541,731,305,404,362,305,334,792,774,305,53
345,1023,0,189,1023,0,345,514,305,334,325,305,334,779,766,305,53
471,1023,0,431,1023,0,698,901,305,480,431,305,334,870,855,305,53
306,1023,0,148,1023,0,289,448,305,328,320,305,334,798,782,305,53
393,1023,0,302,1023,0,387,562,305,362,341,305,334,803,784,305,53
243,1023,0,113,1023,0,422,626,305,396,379,305,334,622,598,305,53
329,1023,0,216,1023,0,658,857,305,457,412,305,334,798,768,305,53
517,1023,0,359,1023,0,429,602,305,394,359,305,334,810,791,305,53
745,1023,0,388,1023,0,345,483,305,415,368,305,334,811,776,305,53
493,1023,0,383,1023,0,404,563,305,385,352,305,334,822,781,305,53
385,1023,0,339,1023,0,194,359,305,344,329,305,334,826,807,305,53
319,1023,0,129,1023,0,228,390,305,332,320,305,334,791,775,305,53
388,1023,0,170,1023,0,345,511,305,348,338,305,334,789,774,305,53
482,1023,0,325,1023,0,285,423,305,407,370,305,334,812,798,305,53
571,1023,0,381,1023,0,281,417,305,353,332,305,334,781,754,305,53
324,1023,0,118,1023,0,359,528,305,351,334,305,334,796,785,305,56
307,1023,0,248,1023,0,600,804,305,527,478,305,334,808,795,305,56
481,1023,0,294,1023,0,721,884,305,551,454,305,334,755,710,305,56
390,1023,0,338,1023,0,432,616,305,385,357,305,335,786,770,305,56
420,1023,0,284,1023,0,263,401,305,615,566,305,335,819,781,305,56
488,1023,0,308,1023,0,669,850,305,450,394,305,335,799,775,305,56
593,1023,0,423,1023,0,755,923,306,581,503,305,335,849,821,305,56
490,1023,0,496,1023,0,515,707,305,366,342,305,335,840,824,305,56
386,1023,0,182,1023,0,214,376,305,367,346,305,335,760,741,305,56
617,1023,0,457,1023,0,669,835,305,529,429,305,335,859,831,305,56
449,1023,0,207,1023,0,393,563,305,383,355,305,335,758,720,305,56
585,1023,0,465,1023,0,607,751,305,420,353,305,335,850,775,305,56
450,1023,0,311,1023,0,386,537,305,432,380,305,335,771,738,305,56
298,1023,0,230,1023,0,354,523,305,406,375,305,335,796,782,305,56
310,1023,0,108,1023,0,454,656,305,325,318,305,335,790,784,305,56
286,1023,0,118,1023,0,222,382,305,326,324,305,335,776,766,305,56
513,1023,0,229,1023,0,359,515,305,343,333,305,335,766,745,305,56
471,1023,0,239,1023,0,326,462,305,361,343,305,335,787,757,305,56
458,1023,0,247,1023,0,517,711,305,373,353,305,335,798,778,305,56
609,1023,0,405,1023,0,339,449,305,410,368,305,336,806,783,305,56
407,1023,0,385,1023,0,495,678,305,375,351,305,336,794,777,305,56
888,1023,0,473,1023,0,493,652,305,394,346,305,336,834,798,305,56
443,1023,0,221,1023,0,625,822,305,389,365,305,336,745,725,305,56
548,1023,0,378,1023,0,391,563,305,456,410,305,336,790,764,305,56
673,1023,0,480,1023,0,604,766,305,516,429,305,336,810,767,305,56
428,1023,0,196,1023,0,269,408,305,339,327,305,336,783,757,305,56
644,1023,0,422,1023,0,749,937,306,612,553,305,336,830,806,305,56
491,1023,0,236,1023,0,555,756,305,417,391,305,336,806,791,305,56
646,1023,0,758,1023,0,285,387,305,365,337,305,336,855,827,305,56
599,1023,0,394,1023,0,494,664,305,390,348,305,336,813,785,305,56
275,1023,0,96,1023,0,559,776,305,345,342,305,336,778,754,305,56
438,1023,0,239,1023,0,348,498,305,343,331,305,336,804,771,305,56
645,1023,0,560,1023,0,706,862,305,527,442,305,336,794,752,305,59
490,1023,0,299,1023,0,667,859,305,417,381,305,336,794,773,305,59
854,1023,0,667,1023,0,746,909,305,601,500,305,337,898,815,305,59
989,1023,0,990,1023,0,818,955,306,637,508,305,337,923,851,305,59
404,1023,0,180,1023,0,367,540,305,330,325,305,337,781,756,305,59
895,1023,0,668,1023,0,723,892,305,527,443,305,337,879,822,305,59
341,1023,0,183,1023,0,265,421,305,415,392,305,337,803,783,305,59
416,1023,0,173,1023,0,401,589,305,385,368,305,337,794,781,305,59
347,1023,0,192,1023,0,712,905,305,472,428,305,337,797,782,305,59
421,1023,0,247,1023,0,345,497,305,433,391,305,337,796,780,305,59
746,1023,0,393,1023,0,758,922,306,527,446,305,337,818,795,305,59
401,1023,0,549,1023,0,746,911,305,597,512,305,337,859,833,305,59
504,1023,0,337,1023,0,590,768,305,474,402,305,337,787,756,305,59
386,1023,0,263,1023,0,296,451,305,334,332,305,337,778,760,305,59
590,1023,0,474,1023,0,523,699,305,477,418,305,337,800,768,305,59
362,1023,0,147,1023,0,171,348,305,326,316,305,337,799,787,305,59
343,1023,0,132,1023,0,487,691,305,361,340,305,337,776,765,305,59
398,1023,0,284,1023,0,550,740,305,360,338,305,337,776,756,305,59
92,829,0,11,152,0,0,312,305,403,393,305,337,698,697,305,59
360,1023,0,226,1023,0,332,483,305,349,339,305,337,803,784,305,59
366,1023,0,204,1023,0,368,544,305,385,364,305,337,795,780,305,59
349,1023,0,213,1023,0,748,941,306,518,463,305,337,792,770,305,59
297,1023,0,199,1023,0,408,595,305,405,371,305,338,795,778,305,59
228,1023,0,97,1023,0,521,737,305,490,459,305,338,780,771,305,59
334,1023,0,227,1023,0,353,506,305,378,354,305,338,799,784,305,59
342,1023,0,208,1023,0,643,846,305,538,488,305,338,810,793,305,59
799,1023,0,689,1023,0,772,908,305,620,511,305,338,828,790,305,59
1023,1023,0,1023,1023,0,293,326,305,425,324,305,338,598,358,305,59
489,1023,0,254,1023,0,311,467,305,417,377,305,338,809,790,305,59
612,1023,0,748,1023,0,892,996,307,722,576,305,338,850,786,305,59
346,1023,0,296,1023,0,448,627,305,375,344,305,338,797,763,305,59
304,1023,0,207,1023,0,391,552,305,441,391,305,338,644,588,305,59
446,1023,0,209,1023,0,497,672,305,350,335,305,338,809,782,305,63
392,1023,0,324,1023,0,376,546,305,350,336,305,338,821,806,305,63
459,1023,0,257,1023,0,702,892,305,470,413,305,338,800,787,305,63
468,1023,0,375,1023,0,739,901,305,536,443,305,338,830,793,305,63
335,1023,0,180,1023,0,659,860,305,428,398,305,338,794,774,305,63
275,1023,0,131,1023,0,329,500,305,323,319,305,338,790,778,305,63
508,1023,0,312,1023,0,409,591,305,430,390,305,338,792,772,305,63
452,1023,0,236,1023,0,309,462,305,342,328,305,338,826,812,305,63
701,1023,0,448,1023,0,742,906,305,657,570,305,339,850,779,305,63
423,1023,0,178,1023,0,472,671,305,338,328,305,339,784,761,305,63
545,1023,0,400,1023,0,358,506,305,396,367,305,339,788,765,305,63
399,1023,0,203,1023,0,490,685,305,345,336,305,339,802,789,305,63
474,1023,0,298,1023,0,779,959,306,621,560,305,339,824,802,305,63
689,1023,0,471,1023,0,506,669,305,412,369,305,339,799,763,305,63
304,1023,0,188,1023,0,468,668,305,447,411,305,339,783,769,305,63
408,1023,0,301,1023,0,305,452,305,344,333,305,339,792,769,305,63
745,1023,0,570,1023,0,749,927,306,544,472,305,339,882,852,305,63
360,1023,0,278,1023,0,329,488,305,333,326,305,339,778,746,305,63
415,1023,0,228,1023,0,646,841,305,429,389,305,339,811,791,305,63
347,1023,0,184,1023,0,327,486,305,330,318,305,340,803,789,305,63
472,1023,0,304,1023,0,522,714,305,375,349,305,340,790,765,305,63
438,1023,0,259,1023,0,624,816,305,443,399,305,340,842,818,305,63
316,1023,0,134,1023,0,338,507,305,334,326,305,340,795,777,305,66
698,1023,0,587,1023,0,740,889,305,600,497,305,340,869,834,305,66
482,1023,0,466,1023,0,251,398,305,416,384,305,340,792,758,305,66
447,1023,0,266,1023,0,593,786,305,449,390,305,340,805,783,305,66
269,1023,0,197,1023,0,412,596,305,575,514,305,340,791,767,305,66
686,1023,0,615,1023,0,922,1023,307,745,661,305,340,873,835,305,66
390,1023,0,255,1023,0,463,647,305,505,446,305,340,807,790,305,66
1023,1023,0,1023,1023,0,899,1018,307,720,597,305,340,957,903,305,66
477,1023,0,390,1023,0,657,811,305,544,431,305,340,845,781,305,66
280,1023,0,126,1023,0,313,479,305,350,343,305,341,770,757,305,66
306,1023,0,184,1023,0,663,858,305,449,401,305,341,807,792,305,66
350,1023,0,181,1023,0,231,381,305,336,329,305,341,791,772,305,66
340,1023,0,152,1023,0,371,556,305,343,341,305,341,794,776,305,66
355,1023,0,178,1023,0,294,455,305,336,331,305,341,623,592,305,66
588,1023,0,390,1023,0,547,726,305,412,375,305,341,785,761,305,66
293,1023,0,240,1023,0,663,836,305,478,412,305,341,796,771,305,66
973,1023,0,1023,1023,0,342,472,305,413,362,305,341,829,758,305,66
298,1023,0,126,1023,0,636,844,305,345,364,305,341,799,788,305,66
425,1023,0,351,1023,0,460,638,305,410,366,305,341,792,745,305,66
311,1023,0,94,966,0,502,683,305,643,590,305,341,812,800,305,66
310,1023,0,130,1023,0,468,670,305,333,328,305,341,769,757,305,66
490,1023,0,215,1023,0,610,804,305,393,366,305,341,803,787,305,66
302,1023,0,160,1023,0,418,603,305,343,329,305,341,783,766,305,66
468,1023,0,295,1023,0,752,939,306,562,504,305,341,790,760,305,66
421,1023,0,327,1023,0,236,391,305,347,333,305,341,809,791,305,66
305,1023,0,187,1023,0,488,690,305,402,376,305,341,778,760,305,66
399,1023,0,278,1023,0,288,435,305,356,332,305,341,772,754,305,66
538,1023,0,339,1023,0,261,405,305,345,333,305,342,806,767,305,66
358,1023,0,165,1023,0,549,756,305,372,354,305,342,797,782,305,69
476,1023,0,292,1023,0,309,450,305,564,415,305,342,809,785,305,69
478,1023,0,233,1023,0,462,642,305,350,325,305,342,798,781,305,69
440,1023,0,344,1023,0,344,509,305,471,427,305,342,785,763,305,69
317,1023,0,135,1023,0,502,709,305,358,342,305,342,790,773,305,69
332,1023,0,167,1023,0,290,447,305,328,320,305,342,780,770,305,69
448,1023,0,344,1023,0,353,495,305,539,459,305,342,803,779,305,69
386,1023,0,262,1023,0,344,489,305,336,334,305,342,801,782,305,69
438,1023,0,244,1023,0,430,624,305,345,332,305,342,798,788,305,69
637,1023,0,329,1023,0,764,939,306,610,525,305,342,821,796,305,69
850,1023,0,732,1023,0,709,872,305,510,410,305,342,878,824,305,69
474,1023,0,392,1023,0,389,518,305,561,465,305,342,820,791,305,69
438,1023,0,225,1023,0,793,963,306,602,524,305,342,825,804,305,69
516,1023,0,627,1023,0,319,456,305,399,363,305,342,831,800,305,69
519,1023,0,453,1023,0,727,904,305,539,464,305,342,789,747,305,69
366,1023,0,263,1023,0,355,513,305,393,359,305,342,793,773,305,69
366,1023,0,151,1023,0,184,361,305,345,335,305,343,776,764,305,69
471,1023,0,330,1023,0,680,861,305,472,415,305,343,815,792,305,69
426,1023,0,311,1023,0,749,935,306,525,464,305,343,827,808,305,69
517,1023,0,611,1023,0,806,973,306,715,631,305,343,872,837,305,69
404,1023,0,187,1023,0,321,482,305,408,382,305,343,808,784,305,69
331,1023,0,186,1023,0,386,560,305,334,323,305,343,758,745,305,69
556,1023,0,298,1023,0,686,874,305,489,404,305,343,804,782,305,69
300,1023,0,204,1023,0,296,449,305,526,474,305,343,797,777,305,69
410,1023,0,186,1023,0,644,849,305,433,394,305,343,776,761,305,69
513,1023,0,581,1023,0,820,976,306,642,550,305,343,868,789,305,69
527,1023,0,440,1023,0,512,690,305,386,344,305,343,830,788,305,69
310,1023,0,169,1023,0,250,399,305,377,360,305,343,785,765,305,69
430,1023,0,147,1023,0,347,511,305,337,323,305,343,792,774,305,69
412,1023,0,233,1023,0,495,689,305,346,332,305,343,816,793,305,69
320,1023,0,147,1023,0,175,357,305,326,322,305,344,782,760,305,69
343,1023,0,164,1023,0,731,929,306,580,539,305,344,797,783,305,69
249,1023,0,195,1023,0,444,653,305,329,323,305,344,798,786,305,69
400,1023,0,339,1023,0,700,889,305,532,490,305,344,825,796,305,72
504,1023,0,323,1023,0,286,425,305,338,329,305,344,789,733,305,72
331,1023,0,114,1023,0,348,516,305,444,413,305,344,780,758,305,72
480,1023,0,248,1023,0,695,880,305,564,494,305,344,792,776,305,72
287,1023,0,212,1023,0,367,530,305,490,437,305,344,801,792,305,72
1023,1023,0,1023,1023,0,859,1007,306,677,568,305,344,912,854,305,72
269,1023,0,103,1023,0,240,400,305,329,327,305,344,790,777,305,72
15,103,0,11,94,0,63,321,305,735,707,305,344,568,518,305,72
391,1023,0,183,1023,0,503,716,305,371,350,305,344,795,779,305,72
634,1023,0,462,1023,0,561,685,305,544,455,305,344,799,770,305,72
1023,1023,0,735,1023,0,658,793,305,578,453,305,344,846,776,305,72
310,1023,0,153,1023,0,259,420,305,371,363,305,344,803,792,305,72
1023,1023,0,1023,1023,0,789,933,306,687,571,305,344,929,859,305,72
418,1023,0,244,1023,0,535,737,305,353,340,305,344,769,751,305,72
376,1023,0,343,1023,0,383,573,305,360,352,305,345,782,761,305,72
369,1023,0,269,1023,0,635,809,305,523,440,305,345,807,777,305,72
322,1023,0,298,1023,0,232,368,305,378,358,305,345,793,775,305,72
333,1023,0,219,1023,0,734,924,306,568,507,305,345,805,787,305,72
358,1023,0,167,1023,0,234,393,305,371,354,305,345,793,773,305,72
336,1023,0,184,1023,0,555,756,305,363,344,305,345,805,789,305,72
478,1023,0,236,1023,0,282,421,305,358,342,305,345,778,766,305,72
299,1023,0,156,1023,0,584,787,305,447,404,305,345,805,787,305,72
349,1023,0,173,1023,0,448,644,305,334,326,305,345,798,784,305,72
290,1023,0,174,1023,0,334,494,305,366,341,305,345,786,765,305,72
360,1023,0,179,1023,0,461,652,305,336,332,305,345,795,782,305,76
1023,1023,0,1023,1023,0,847,977,306,678,551,305,345,921,857,305,76
512,1023,0,417,1023,0,662,846,305,490,426,305,345,792,771,305,76
355,1023,0,235,1023,0,180,357,305,338,332,305,346,801,784,305,76
323,1023,0,180,1023,0,646,851,305,491,464,305,346,796,780,305,76
387,1023,0,189,1023,0,336,476,305,350,330,305,346,803,785,305,76
435,1023,0,211,1023,0,479,671,305,340,324,305,346,794,768,305,76
473,1023,0,290,1023,0,774,952,306,555,486,305,346,784,764,305,76
453,1023,0,239,1023,0,630,824,305,436,390,305,346,799,782,305,76
355,1023,0,131,1023,0,429,633,305,319,317,305,346,781,765,305,76
634,1023,0,491,1023,0,362,519,305,555,477,305,346,838,813,305,76
343,1023,0,176,1023,0,162,346,305,322,322,305,346,795,786,305,76
308,1023,0,201,1023,0,566,768,305,357,341,305,346,808,785,305,76
697,1023,0,764,1023,0,623,788,305,577,478,305,346,820,784,305,76
369,1023,0,173,1023,0,449,652,305,343,335,305,346,781,769,305,76
822,1023,0,639,1023,0,735,918,305,673,615,305,346,895,833,305,76
274,1023,0,159,1023,0,554,771,305,379,371,305,346,805,793,305,76
328,1023,0,279,1023,0,455,638,305,581,521,305,346,797,779,305,76
688,1023,0,393,1023,0,542,697,305,475,382,305,346,863,793,305,76
581,1023,0,365,1023,0,739,910,305,522,449,305,347,796,772,305,76
526,1023,0,272,1023,0,369,530,305,350,336,305,347,795,772,305,76
232,1023,0,89,1004,0,350,539,305,642,622,305,347,801,794,305,76
291,1023,0,137,1023,0,331,495,305,324,326,305,347,804,791,305,76
548,1023,0,179,1023,0,714,901,305,476,415,305,347,826,806,305,76
426,1023,0,308,1023,0,500,691,305,362,340,305,347,828,800,305,76
540,1023,0,444,1023,0,275,399,305,388,359,305,347,841,804,305,76
350,1023,0,137,1023,0,244,392,305,324,319,305,347,779,760,305,76
392,1023,0,186,1023,0,567,776,305,385,366,305,347,810,793,305,76
576,1023,0,371,1023,0,771,929,306,585,494,305,347,826,793,305,79
394,1023,0,236,1023,0,560,757,305,393,361,305,347,801,783,305,79
364,1023,0,267,1023,0,673,867,305,453,404,305,347,796,777,305,79
309,1023,0,170,1023,0,244,395,305,375,365,305,347,792,776,305,79
603,1023,0,366,1023,0,679,866,305,455,407,305,347,818,795,305,79
504,1023,0,307,1023,0,490,663,305,390,351,305,348,786,762,305,79
994,1023,0,1023,1023,0,883,1023,307,694,597,305,348,919,847,305,79
1023,1023,0,1023,1023,0,922,1023,307,828,751,305,348,966,891,305,79
357,1023,0,180,1023,0,312,468,305,334,326,305,348,781,769,305,79
337,1023,0,211,1023,0,770,943,306,729,663,305,348,821,776,305,79
429,1023,0,188,1023,0,404,588,305,376,359,305,348,846,828,305,79
310,1023,0,210,1023,0,357,546,305,352,334,305,348,813,801,305,79
341,1023,0,377,1023,0,653,848,305,466,418,305,348,804,772,305,79
829,1023,0,729,1023,0,682,845,305,591,498,305,348,852,784,305,79
510,1023,0,206,1023,0,420,586,305,358,336,305,348,722,696,305,79
339,1023,0,203,1023,0,732,926,306,685,640,305,348,791,773,305,79
351,1023,0,156,1023,0,397,584,305,347,337,305,348,788,773,305,79
504,1023,0,359,1023,0,498,682,305,353,341,305,348,822,802,305,79
534,1023,0,366,1023,0,695,868,305,495,411,305,348,855,790,305,79
497,1023,0,627,1023,0,734,901,305,585,491,305,348,792,760,305,79
224,1023,0,75,830,0,320,489,305,627,604,305,348,815,806,305,79
1023,1023,0,1023,1023,0,445,583,305,526,413,305,348,868,811,305,79
404,1023,0,355,1023,0,784,952,306,551,464,305,348,814,775,305,79
436,1023,0,309,1023,0,504,701,305,441,403,305,348,812,793,305,79
405,1023,0,183,1023,0,262,407,305,466,428,305,348,789,769,305,79
315,1023,0,162,1023,0,460,651,305,338,329,305,349,801,775,305,79
1023,1023,0,972,1023,0,805,923,306,604,452,305,349,859,793,305,79
301,1023,0,139,1023,0,364,542,305,333,328,305,349,771,760,305,79
346,1023,0,146,1023,0,184,367,305,424,392,305,349,798,788,305,79
656,1023,0,493,1023,0,399,559,305,470,411,305,349,806,774,305,79
308,1023,0,145,1023,0,640,852,305,382,362,305,349,790,781,305,79
401,1023,0,313,1023,0,349,509,305,533,470,305,349,812,788,305,79
434,1023,0,201,1023,0,434,614,305,374,349,305,349,813,796,305,79
478,1023,0,310,1023,0,545,732,305,401,358,305,349,854,827,305,82
452,1023,0,364,1023,0,434,610,305,398,366,305,349,797,777,305,82
521,1023,0,419,1023,0,402,560,305,425,380,305,349,780,750,305,82
389,1023,0,297,1023,0,434,611,305,352,338,305,349,813,795,305,82
409,1023,0,230,1023,0,214,374,305,349,339,305,349,782,768,305,82
349,1023,0,148,1023,0,448,644,305,347,330,305,349,786,764,305,82
329,1023,0,170,1023,0,603,806,305,377,347,305,350,805,791,305,82
1023,1023,0,928,1023,0,868,1011,307,690,590,305,350,948,873,305,82
464,1023,0,414,1023,0,338,473,305,425,376,305,350,836,788,305,82
621,1023,0,390,1023,0,373,533,305,476,414,305,350,834,798,305,82
506,1023,0,270,1023,0,322,462,305,341,328,305,350,777,759,305,82
409,1023,0,187,1023,0,251,393,305,354,342,305,350,792,766,305,82
405,1023,0,285,1023,0,732,914,305,509,444,305,350,788,763,305,82
431,1023,0,338,1023,0,402,578,305,346,331,305,350,785,751,305,82
446,1023,0,209,1023,0,358,530,305,381,357,305,350,728,708,305,82
775,1023,0,691,1023,0,538,708,305,596,471,305,350,889,847,305,82
569,1023,0,465,1023,0,322,455,305,382,350,305,350,759,733,305,82
510,1023,0,309,1023,0,567,765,305,473,420,305,350,845,813,305,86
325,1023,0,150,1023,0,435,638,305,329,330,305,351,778,766,305,86
477,1023,0,544,1023,0,649,836,305,486,424,305,351,814,785,305,86
255,1023,0,95,1017,0,184,366,305,318,319,305,351,781,767,305,86
452,1023,0,247,1023,0,333,499,305,423,389,305,351,785,769,305,86
472,1023,0,312,1023,0,206,367,305,343,336,305,351,788,774,305,86
610,1023,0,273,1023,0,398,568,305,430,399,305,351,774,756,305,86
410,1023,0,193,1023,0,703,895,305,465,413,305,351,786,773,305,86
320,1023,0,130,1023,0,294,460,305,333,329,305,351,775,765,305,86
401,1023,0,185,1023,0,618,814,305,373,351,305,351,790,776,305,86
415,1023,0,238,1023,0,439,623,305,450,405,305,351,802,783,305,86
398,1023,0,141,1023,0,397,576,305,351,332,305,351,777,766,305,86
554,1023,0,797,1023,0,797,953,306,617,520,305,351,849,802,305,86
390,1023,0,182,1023,0,534,735,305,394,374,305,351,797,777,305,86
832,1023,0,575,1023,0,643,808,305,513,403,305,351,885,801,305,86
367,1023,0,171,1023,0,321,481,305,388,367,305,351,764,740,305,86
228,1023,0,310,1023,0,676,869,305,595,539,305,351,863,844,305,86
413,1023,0,244,1023,0,674,859,305,456,398,305,351,782,764,305,86
543,1023,0,389,1023,0,267,405,305,352,331,305,351,806,769,305,86
289,1023,0,175,1023,0,438,633,305,401,372,305,352,771,748,305,86
439,1023,0,404,1023,0,669,851,305,722,663,305,352,813,783,305,86
303,1023,0,260,1023,0,338,496,305,393,362,305,352,798,774,305,86
331,1023,0,186,1023,0,517,726,305,373,354,305,352,791,775,305,86
632,1023,0,434,1023,0,724,891,305,555,460,305,352,801,775,305,86
478,1023,0,285,1023,0,438,619,305,356,336,305,352,800,784,305,86
345,1023,0,191,1023,0,293,442,305,376,359,305,352,785,762,305,86
375,1023,0,258,1023,0,414,604,305,349,332,305,352,804,785,305,86
434,1023,0,184,1023,0,651,836,305,481,419,305,352,811,767,305,86
397,1023,0,336,1023,0,690,868,305,503,429,305,352,791,764,305,86
557,1023,0,280,1023,0,720,897,305,521,454,305,352,784,767,305,86
462,1023,0,268,1023,0,422,602,305,351,337,305,352,779,764,305,86
323,1023,0,164,1023,0,659,857,305,516,464,305,352,809,795,305,86
410,1023,0,185,1023,0,463,654,305,386,366,305,352,776,763,305,89
443,1023,0,338,1023,0,533,725,305,378,355,305,352,803,786,305,89
546,1023,0,272,1023,0,628,816,305,404,367,305,352,822,801,305,89
384,1023,0,392,1023,0,600,809,305,693,655,305,352,838,820,305,89
442,1023,0,207,1023,0,363,514,305,358,343,305,352,779,762,305,89
303,1023,0,171,1023,0,375,562,305,345,330,305,352,788,776,305,89
130,1023,0,44,541,0,106,331,305,484,470,305,352,690,686,305,89
404,1023,0,204,1023,0,253,403,305,335,330,305,353,778,764,305,89
339,1023,0,159,1023,0,676,880,305,480,437,305,353,809,783,305,89
796,1023,0,388,1023,0,566,713,305,372,333,305,353,879,801,305,89
483,1023,0,365,1023,0,764,950,306,540,478,305,353,836,806,305,89
384,1023,0,269,1023,0,546,739,305,371,352,305,353,795,776,305,89
324,1023,0,121,1023,0,652,859,305,399,382,305,353,776,763,305,89
572,1023,0,321,1023,0,559,741,305,445,404,305,353,802,781,305,89
568,1023,0,274,1023,0,403,564,305,379,347,305,353,779,747,305,89
636,1023,0,565,1023,0,548,711,305,536,440,305,353,805,771,305,89
530,1023,0,456,1023,0,323,461,305,365,342,305,353,775,753,305,89
339,1023,0,133,1023,0,636,834,305,395,365,305,353,793,777,305,89
438,1023,0,426,1023,0,792,978,306,603,546,305,353,863,847,305,89
353,1023,0,171,1023,0,468,668,305,348,341,305,353,807,790,305,89
370,1023,0,216,1023,0,704,897,305,456,409,305,353,802,788,305,89
397,1023,0,320,1023,0,272,425,305,367,359,305,353,785,764,305,89
364,1023,0,229,1023,0,285,440,305,537,500,305,353,782,773,305,89
302,1023,0,133,1023,0,476,687,305,352,343,305,353,796,785,305,89
366,1023,0,136,1023,0,604,810,305,370,351,305,353,782,765,305,89
380,1023,0,178,1023,0,551,751,305,365,346,305,354,794,772,305,89
344,1023,0,245,1023,0,675,872,305,434,389,305,354,799,770,305,89
607,1023,0,382,1023,0,473,658,305,408,373,305,354,822,791,305,92
723,1023,0,432,1023,0,368,511,305,373,344,305,354,780,746,305,92
292,1023,0,154,1023,0,512,712,305,432,406,305,354,785,772,305,92
436,1023,0,376,1023,0,385,559,305,545,474,305,354,816,779,305,92
379,1023,0,159,1023,0,300,459,305,472,426,305,354,789,775,305,92
366,1023,0,126,1023,0,353,520,305,340,327,305,354,789,780,305,92
448,1023,0,224,1023,0,604,794,305,393,361,305,354,796,773,305,92
707,1023,0,527,1023,0,698,869,305,455,399,305,354,835,806,305,92
1023,1023,0,1023,1023,0,832,972,306,856,720,305,355,921,815,305,92
713,1023,0,894,1023,0,729,885,305,561,455,305,355,811,776,305,92
293,1023,0,118,1023,0,529,738,305,337,332,305,355,774,766,305,92
801,1023,0,438,1023,0,404,521,305,393,333,305,355,821,782,305,92
336,1023,0,163,1023,0,361,546,305,339,333,305,355,780,769,305,92
384,1023,0,316,1023,0,361,526,305,348,326,305,355,781,766,305,92
776,1023,0,589,1023,0,699,874,305,548,441,305,355,909,872,305,92
479,1023,0,317,1023,0,220,364,305,400,373,305,355,806,773,305,92
722,1023,0,451,1023,0,805,952,306,590,470,305,355,895,856,305,92
685,1023,0,723,1023,0,589,768,305,708,678,305,355,823,794,305,92
373,1023,0,297,1023,0,260,393,305,400,366,305,355,792,768,305,92
469,1023,0,267,1023,0,521,714,305,470,420,305,355,807,784,305,92
1023,1023,0,1010,1023,0,703,870,305,593,428,305,355,885,825,305,95
752,1023,0,572,1023,0,557,752,305,405,373,305,355,865,811,305,95
381,1023,0,185,1023,0,460,661,305,329,324,305,355,797,784,305,95
458,1023,0,248,1023,0,453,642,305,410,376,305,355,784,761,305,95
555,1023,0,390,1023,0,663,850,305,449,401,305,355,814,776,305,95
596,1023,0,343,1023,0,253,405,305,392,377,305,355,826,758,305,95
393,1023,0,485,1023,0,563,735,305,517,431,305,355,808,771,305,95
466,1023,0,262,1023,0,306,461,305,354,340,305,356,773,758,305,95
331,1023,0,265,1023,0,733,917,306,519,452,305,356,788,765,305,95
326,1023,0,200,1023,0,479,676,305,354,339,305,356,797,784,305,95
469,1023,0,383,1023,0,856,1023,306,665,595,305,356,793,766,305,95
362,1023,0,196,1023,0,495,693,305,355,344,305,356,793,780,305,95
433,1023,0,221,1023,0,335,496,305,387,361,305,356,771,758,305,95
382,1023,0,202,1023,0,311,469,305,367,349,305,356,787,758,305,95
525,1023,0,252,1023,0,608,788,305,402,366,305,356,807,778,305,95
349,1023,0,162,1023,0,596,802,305,403,381,305,356,799,781,305,95
489,1023,0,232,1023,0,355,462,305,325,326,305,356,772,740,305,95
922,1023,0,639,1023,0,689,861,305,465,379,305,356,883,820,305,95
574,1023,0,486,1023,0,340,475,305,362,340,305,356,873,834,305,95
698,1023,0,643,1023,0,785,939,306,609,508,305,356,809,766,305,95
402,1023,0,176,1023,0,604,806,305,407,375,305,356,793,776,305,95
584,1023,0,420,1023,0,744,900,305,687,593,305,356,819,784,305,95
511,1023,0,351,1023,0,297,414,305,368,341,305,356,780,750,305,95
463,1023,0,335,1023,0,340,487,305,397,369,305,356,791,765,305,95
795,1023,0,674,1023,0,676,847,305,610,512,305,356,786,755,305,95
710,1023,0,578,1023,0,719,902,305,563,474,305,356,858,791,305,95
459,1023,0,325,1023,0,707,893,305,510,447,305,356,838,807,305,95
410,1023,0,190,1023,0,241,384,305,319,320,305,357,761,748,305,99
526,1023,0,438,1023,0,611,803,305,446,407,305,357,809,782,305,99
428,1023,0,185,1023,0,293,419,305,360,337,305,357,806,777,305,99
470,1023,0,274,1023,0,458,643,305,369,347,305,357,807,788,305,99
320,1023,0,193,1023,0,401,596,305,348,339,305,357,784,773,305,99
460,1023,0,297,1023,0,296,437,305,349,333,305,357,808,792,305,99
1001,1023,0,660,1023,0,731,866,305,534,386,305,357,871,804,305,99
604,1023,0,494,1023,0,714,894,305,513,439,305,357,805,780,305,99
648,1023,0,460,1023,0,437,610,305,379,348,305,357,838,813,305,99
500,1023,0,266,1023,0,459,646,305,412,381,305,357,792,756,305,99
495,1023,0,372,1023,0,458,633,305,388,361,305,357,772,733,305,99
396,1023,0,162,1023,0,726,914,305,563,497,305,357,822,782,305,99
315,1023,0,139,1023,0,616,823,305,378,360,305,357,802,791,305,99
439,1023,0,240,1023,0,425,608,305,350,335,305,357,782,760,305,99
464,1023,0,356,1023,0,583,764,305,442,391,305,357,793,758,305,99
428,1023,0,266,1023,0,650,837,305,428,384,305,357,811,774,305,99
538,1023,0,550,1023,0,729,891,305,607,511,305,357,799,769,305,99
712,1023,0,711,1023,0,784,929,306,632,526,305,357,822,783,305,99
350,1023,0,172,1023,0,398,579,305,379,357,305,357,789,772,305,99
425,1023,0,269,1023,0,240,401,305,335,325,305,358,814,791,305,99
405,1023,0,244,1023,0,471,666,305,546,468,305,358,817,793,305,99
397,1023,0,235,1023,0,721,909,305,493,435,305,358,796,777,305,99
410,1023,0,210,1023,0,260,410,305,430,393,305,358,780,753,305,99
337,1023,0,80,686,0,195,357,305,608,511,305,358,767,700,305,99
555,1023,0,278,1023,0,488,668,305,389,356,305,358,797,770,305,99
612,1023,0,670,1023,0,624,772,305,516,420,305,358,805,766,305,99
366,1023,0,203,1023,0,591,796,305,391,375,305,358,796,783,305,99
574,1023,0,381,1023,0,818,976,306,611,516,305,358,813,768,305,99
397,1023,0,199,1023,0,451,646,305,355,338,305,358,778,761,305,99
359,1023,0,209,1023,0,646,833,305,442,383,305,358,793,754,305,99
419,1023,0,291,1023,0,228,382,305,352,337,305,358,775,756,305,102
554,1023,0,612,1023,0,702,872,305,513,431,305,358,868,823,305,102
328,1023,0,238,1023,0,439,643,305,382,360,305,358,783,772,305,102
394,1023,0,234,1023,0,579,781,305,420,381,305,358,800,779,305,102
363,1023,0,280,1023,0,770,944,306,581,501,305,358,796,761,305,102
345,1023,0,190,1023,0,188,347,305,330,316,305,358,776,752,305,102
392,1023,0,214,1023,0,559,766,305,385,363,305,358,806,788,305,102
417,1023,0,286,1023,0,557,738,305,400,359,305,358,810,786,305,102
336,1023,0,240,1023,0,249,390,305,395,363,305,358,805,769,305,102
372,1023,0,184,1023,0,608,803,305,396,362,305,359,787,772,305,102
391,1023,0,271,1023,0,703,891,305,544,482,305,359,795,768,305,102
42,371,0,30,355,0,0,318,305,715,710,305,359,561,554,305,102
1023,1023,0,1023,1023,0,899,977,307,795,690,305,359,1023,909,305,102
399,1023,0,298,1023,0,703,885,305,596,522,305,359,854,826,305,102
381,1023,0,293,1023,0,656,840,305,524,432,305,359,795,773,305,102
419,1023,0,327,1023,0,719,914,305,505,450,305,359,816,797,305,102
669,1023,0,369,1023,0,397,547,305,374,342,305,359,805,781,305,102
358,1023,0,156,1023,0,701,902,305,458,416,305,359,794,776,305,102
372,1023,0,300,1023,0,473,670,305,335,323,305,359,799,770,305,102
497,1023,0,251,1023,0,465,656,305,379,354,305,359,812,798,305,102
799,1023,0,1022,1023,0,422,566,305,437,373,305,359,774,740,305,102
350,1023,0,160,1023,0,562,759,305,362,345,305,359,770,759,305,102
493,1023,0,462,1023,0,619,803,305,440,392,305,359,817,787,305,102
458,1023,0,338,1023,0,266,427,305,398,386,305,359,797,773,305,102
458,1023,0,314,1023,0,227,378,305,426,383,305,360,806,786,305,102
400,1023,0,251,1023,0,681,870,305,588,527,305,360,828,807,305,102
733,1023,0,866,1023,0,773,915,306,586,452,305,360,889,838,305,102
316,1023,0,140,1023,0,475,681,305,329,333,305,360,789,773,305,102
495,1023,0,416,1023,0,464,646,305,373,351,305,360,836,822,305,102
726,1023,0,792,1023,0,743,878,305,723,626,305,360,837,786,305,102
413,1023,0,211,1023,0,688,883,305,438,400,305,360,784,769,305,105
429,1023,0,173,1023,0,690,880,305,531,471,305,360,814,796,305,105
342,1023,0,166,1023,0,572,777,305,371,355,305,360,793,778,305,105
373,1023,0,178,1023,0,198,355,305,379,353,305,360,772,759,305,105
451,1023,0,267,1023,0,308,451,305,415,380,305,360,796,769,305,105
537,1023,0,816,1023,0,663,819,305,660,551,305,360,812,768,305,105
492,1023,0,268,1023,0,661,833,305,438,378,305,360,812,790,305,105
379,1023,0,205,1023,0,218,377,305,335,319,305,360,775,759,305,105
369,1023,0,179,1023,0,580,783,305,399,371,305,360,773,752,305,105
382,1023,0,268,1023,0,460,657,305,346,335,305,360,794,782,305,105
365,1023,0,150,1023,0,274,430,305,356,338,305,361,804,792,305,105
349,1023,0,228,1023,0,451,643,305,340,330,305,361,777,757,305,105
338,1023,0,158,1023,0,239,385,305,327,327,305,361,801,790,305,105
342,1023,0,248,1023,0,473,654,305,470,407,305,361,815,785,305,105
332,1023,0,232,1023,0,576,780,305,374,353,305,361,795,780,305,105
423,1023,0,161,1023,0,483,669,305,356,341,305,361,820,794,305,105
508,1023,0,228,1023,0,624,807,305,489,437,305,361,785,757,305,105
500,1023,0,282,1023,0,438,618,305,385,360,305,361,784,765,305,105
414,1023,0,268,1023,0,483,677,305,349,337,305,361,789,776,305,105
390,1023,0,263,1023,0,227,381,305,383,360,305,361,805,781,305,105
359,1023,0,234,1023,0,232,393,305,351,340,305,361,793,775,305,105
404,1023,0,197,1023,0,767,958,306,539,484,305,361,766,737,305,105
379,1023,0,166,1023,0,202,370,305,345,331,305,361,776,757,305,105
337,1023,0,190,1023,0,285,443,305,380,364,305,361,797,778,305,105
430,1023,0,288,1023,0,220,381,305,341,326,305,361,835,810,305,105
377,1023,0,164,1023,0,402,583,305,437,392,305,361,796,781,305,105
492,1023,0,235,1023,0,696,877,305,474,410,305,361,787,769,305,105
852,1023,0,559,1023,0,404,507,305,460,363,305,361,849,776,305,109
462,1023,0,304,1023,0,734,922,306,498,434,305,361,805,781,305,109
605,1023,0,334,1023,0,251,406,305,379,347,305,362,759,726,305,109
425,1023,0,265,1023,0,402,611,305,425,399,305,362,801,781,305,109
385,1023,0,161,1023,0,688,887,305,505,460,305,362,813,797,305,109
370,1023,0,248,1023,0,317,482,305,340,329,305,362,777,762,305,109
440,1023,0,262,1023,0,561,734,305,366,338,305,362,827,781,305,109
415,1023,0,223,1023,0,507,700,305,377,349,305,362,785,759,305,109
374,1023,0,208,1023,0,454,652,305,356,331,305,362,788,762,305,109
577,1023,0,375,1023,0,664,849,305,487,422,305,362,801,773,305,109
385,1023,0,360,1023,0,451,628,305,459,387,305,362,779,763,305,109
544,1023,0,467,1023,0,842,1007,306,635,562,305,362,807,771,305,109
412,1023,0,239,1023,0,454,648,305,367,348,305,362,798,784,305,109
565,1023,0,245,1023,0,579,767,305,385,358,305,362,813,786,305,109
440,1023,0,232,1023,0,539,732,305,401,364,305,362,786,766,305,109
486,1023,0,304,1023,0,582,772,305,505,448,305,362,791,757,305,109
446,1023,0,208,1023,0,417,587,305,376,347,305,362,797,779,305,109
391,1023,0,220,1023,0,378,550,305,403,368,305,362,788,774,305,109
662,1023,0,425,1023,0,694,856,305,485,406,305,362,846,819,305,109
465,1023,0,288,1023,0,462,642,305,368,338,305,362,774,760,305,109
403,1023,0,317,1023,0,429,605,305,347,331,305,362,772,758,305,109
450,1023,0,319,1023,0,653,846,305,446,403,305,363,802,782,305,109
523,1023,0,494,1023,0,732,898,305,516,433,305,363,775,754,305,109
328,1023,0,201,1023,0,437,602,305,380,358,305,363,782,751,305,109
394,1023,0,205,1023,0,143,347,305,313,316,305,363,733,697,305,109
592,1023,0,520,1023,0,674,843,305,480,407,305,363,810,783,305,109
1023,1023,0,1023,1023,0,950,1023,307,752,653,305,363,859,777,305,109
403,1023,0,165,1023,0,542,733,305,369,343,305,363,796,769,305,109
371,1023,0,160,1023,0,448,649,305,333,320,305,363,809,797,305,109
418,1023,0,234,1023,0,351,514,305,327,322,305,363,762,730,305,109
393,1023,0,246,1023,0,227,383,305,426,390,305,363,794,776,305,109
460,1023,0,300,1023,0,301,442,305,399,355,305,363,790,765,305,112
510,1023,0,309,1023,0,440,615,305,621,564,305,363,818,795,305,112
963,1023,0,883,1023,0,650,827,305,557,468,305,363,901,846,305,112
384,1023,0,154,1023,0,270,411,305,355,342,305,363,800,784,305,112
417,1023,0,216,1023,0,452,645,305,478,429,305,363,788,769,305,112
311,1023,0,155,1023,0,484,687,305,337,332,305,363,774,756,305,112
645,1023,0,255,1023,0,459,613,305,428,367,305,363,865,792,305,112
433,1023,0,273,1023,0,270,422,305,373,354,305,363,765,738,305,112
378,1023,0,181,1023,0,551,754,305,366,342,305,363,783,760,305,112
403,1023,0,216,1023,0,332,480,305,379,346,305,363,794,778,305,112
731,1023,0,581,1023,0,805,958,306,657,560,305,363,810,771,305,112
330,1023,0,192,1023,0,442,640,305,406,381,305,364,788,771,305,112
1023,1023,0,1023,1023,0,826,939,306,674,542,305,364,839,773,305,112
792,1023,0,487,1023,0,361,445,305,433,354,305,364,855,778,305,112
558,1023,0,291,1023,0,612,795,305,427,385,305,364,768,731,305,112
602,1023,0,574,1023,0,577,748,305,458,398,305,364,828,785,305,112
555,1023,0,406,1023,0,485,662,305,438,390,305,364,846,824,305,112
413,1023,0,219,1023,0,382,542,305,370,353,305,364,785,766,305,112
496,1023,0,244,1023,0,555,723,305,374,347,305,364,779,755,305,112
495,1023,0,349,1023,0,290,438,305,371,347,305,364,734,693,305,112
394,1023,0,179,1023,0,407,585,305,329,326,305,364,805,787,305,112
419,1023,0,253,1023,0,366,538,305,352,336,305,364,779,763,305,112
293,1023,0,119,1023,0,257,404,305,375,363,305,364,800,785,305,112
294,1023,0,102,1023,0,574,791,305,363,354,305,364,793,784,305,112
469,1023,0,214,1023,0,408,593,305,404,377,305,365,761,742,305,112
337,1023,0,220,1023,0,365,536,305,360,353,305,365,786,765,305,115
1023,1023,0,1023,1023,0,941,1023,307,856,749,305,365,903,811,305,115
355,1023,0,216,1023,0,400,579,305,354,338,305,365,786,766,305,115
377,1023,0,168,1023,0,287,425,305,319,317,305,365,764,742,305,115
343,1023,0,186,1023,0,740,931,306,504,449,305,365,797,775,305,115
423,1023,0,215,1023,0,360,512,305,335,326,305,365,803,780,305,115
459,1023,0,249,1023,0,751,946,306,515,466,305,365,797,782,305,115
799,1023,0,608,1023,0,729,872,305,623,504,305,365,876,829,305,115
446,1023,0,220,1023,0,402,583,305,368,348,305,365,787,774,305,115
321,1023,0,125,1023,0,288,455,305,328,326,305,365,769,754,305,115
388,1023,0,205,1023,0,797,983,306,561,504,305,365,819,796,305,115
503,1023,0,272,1023,0,334,460,305,346,330,305,365,803,781,305,115
287,1023,0,191,1023,0,238,397,305,450,419,305,365,802,777,305,115
382,1023,0,208,1023,0,329,488,305,381,360,305,365,805,789,305,115
323,1023,0,189,1023,0,535,737,305,359,342,305,365,798,784,305,115
380,1023,0,235,1023,0,645,838,305,442,392,305,365,812,786,305,115
631,1023,0,351,1023,0,310,459,305,354,338,305,366,845,828,305,115
365,1023,0,218,1023,0,666,864,305,428,382,305,366,790,772,305,115
302,1023,0,122,1023,0,297,464,305,326,329,305,366,768,757,305,115
566,1023,0,399,1023,0,476,664,305,366,347,305,366,845,816,305,119
339,1023,0,202,1023,0,253,413,305,342,334,305,366,798,784,305,119
422,1023,0,176,1023,0,502,691,305,356,330,305,366,791,772,305,119
260,1023,0,121,1023,0,381,579,305,320,315,305,366,789,781,305,119
400,1023,0,236,1023,0,491,694,305,344,330,305,366,777,756,305,119
402,1023,0,530,1023,0,720,849,305,573,438,305,366,855,808,305,119
498,1023,0,394,1023,0,506,707,305,362,338,305,366,807,787,305,119
1023,1023,0,1023,1023,0,746,904,305,634,498,305,366,924,830,305,119
347,1023,0,300,1023,0,436,605,305,357,334,305,366,826,812,305,119
393,1023,0,270,1023,0,398,571,305,409,364,305,366,808,785,305,119
610,1023,0,916,1023,0,813,980,306,707,635,305,367,904,864,305,119
619,1023,0,435,1023,0,425,591,305,559,485,305,367,864,846,305,119
347,1023,0,170,1023,0,367,544,305,334,324,305,367,778,748,305,119
465,1023,0,268,1023,0,299,447,305,351,339,305,367,803,774,305,119
300,1023,0,104,1023,0,290,449,305,330,326,305,367,787,775,305,119
407,1023,0,212,1023,0,410,600,305,429,393,305,367,807,791,305,119
384,1023,0,346,1023,0,311,459,305,413,378,305,367,814,796,305,119
294,1023,0,149,1023,0,642,852,305,381,366,305,367,786,774,305,119
464,1023,0,221,1023,0,379,519,305,368,335,305,367,762,748,305,119
478,1023,0,332,1023,0,307,450,305,345,344,305,367,834,813,305,119
367,1023,0,130,1023,0,333,493,305,335,333,305,367,784,774,305,119
484,1023,0,358,1023,0,500,679,305,391,360,305,367,791,765,305,119
463,1023,0,243,1023,0,623,821,305,446,400,305,367,841,820,305,119
458,1023,0,268,1023,0,608,797,305,432,388,305,367,788,770,305,119
353,1023,0,197,1023,0,559,763,305,422,391,305,367,790,767,305,119
204,1023,0,82,982,0,455,662,305,674,644,305,367,805,799,305,119
366,1023,0,177,1023,0,434,616,305,363,342,305,367,781,764,305,119
403,1023,0,205,1023,0,241,390,305,362,347,305,367,771,747,305,119
387,1023,0,259,1023,0,429,615,305,339,331,305,367,800,788,305,119
415,1023,0,200,1023,0,310,473,305,353,342,305,367,780,748,305,119
624,1023,0,284,1023,0,334,477,305,402,367,305,368,755,724,305,122
381,1023,0,277,1023,0,302,435,305,370,349,305,368,797,786,305,122
342,1023,0,206,1023,0,399,586,305,416,385,305,368,814,799,305,122
409,1023,0,185,1023,0,709,899,305,487,428,305,368,782,754,305,122
302,1023,0,367,1023,0,308,471,305,345,337,305,368,782,767,305,122
360,1023,0,198,1023,0,610,808,305,391,364,305,368,804,779,305,122
348,1023,0,275,1023,0,602,802,305,423,396,305,368,797,779,305,122
476,1023,0,267,1023,0,437,616,305,369,349,305,368,790,774,305,122
700,1023,0,372,1023,0,728,893,305,568,468,305,368,840,803,305,122
380,1023,0,236,1023,0,333,491,305,425,386,305,368,762,751,305,122
418,1023,0,206,1023,0,427,610,305,365,340,305,368,794,777,305,122
539,1023,0,393,1023,0,550,728,305,466,406,305,368,822,788,305,122
287,1023,0,156,1023,0,511,699,305,414,372,305,368,805,781,305,122
352,1023,0,283,1023,0,327,485,305,373,354,305,369,776,756,305,122
424,1023,0,209,1023,0,357,524,305,384,358,305,369,792,777,305,122
471,1023,0,308,1023,0,468,657,305,380,356,305,369,777,744,305,122
526,1023,0,298,1023,0,441,624,305,416,381,305,369,790,771,305,122
527,1023,0,385,1023,0,256,407,305,352,330,305,369,760,734,305,122
428,1023,0,252,1023,0,534,703,305,453,407,305,369,802,770,305,122
480,1023,0,254,1023,0,591,783,305,443,401,305,369,804,782,305,122
487,1023,0,273,1023,0,445,634,305,341,332,305,369,773,751,305,122
596,1023,0,366,1023,0,290,430,305,471,406,305,369,813,784,305,122
413,1023,0,221,1023,0,317,482,305,389,365,305,369,776,759,305,122
260,1023,0,103,1023,0,721,930,306,467,438,305,369,782,772,305,122
460,1023,0,276,1023,0,544,732,305,447,401,305,369,806,785,305,122
473,1023,0,265,1023,0,421,586,305,354,333,305,369,766,731,305,122
668,1023,0,815,1023,0,580,755,305,508,428,305,369,822,791,305,125
1023,1023,0,1023,1023,0,666,787,305,598,452,305,369,952,833,305,125
433,1023,0,217,1023,0,282,422,305,473,433,305,369,795,782,305,125
849,1023,0,997,1023,0,797,954,306,634,540,305,369,907,873,305,125
455,1023,0,285,1023,0,294,432,305,374,336,305,370,771,751,305,125
382,1023,0,167,1023,0,306,457,305,365,355,305,370,791,776,305,125
478,1023,0,335,1023,0,718,897,305,479,414,305,370,807,783,305,125
496,1023,0,453,1023,0,303,441,305,346,326,305,370,856,838,305,125
395,1023,0,325,1023,0,527,727,305,386,364,305,370,801,783,305,125
396,1023,0,259,1023,0,600,778,305,442,396,305,370,800,780,305,125
409,1023,0,303,1023,0,680,865,305,483,420,305,370,815,793,305,125
502,1023,0,274,1023,0,502,684,305,356,339,305,370,781,760,305,125
351,1023,0,124,1023,0,476,683,305,361,345,305,371,781,765,305,128
556,1023,0,252,1023,0,343,505,305,374,343,305,371,818,785,305,128
347,1023,0,231,1023,0,604,797,305,483,429,305,371,783,757,305,128
468,1023,0,266,1023,0,454,642,305,419,380,305,371,821,800,305,128
1023,1023,0,851,1023,0,840,1004,306,656,578,305,371,942,893,305,128
338,1023,0,191,1023,0,292,445,305,332,327,305,371,798,772,305,128
270,1023,0,149,1023,0,350,530,305,334,325,305,371,610,584,305,128
177,1023,0,113,1023,0,190,368,305,572,551,305,371,605,593,305,128
715,1023,0,424,1023,0,417,568,305,462,403,305,371,769,729,305,128
310,1023,0,194,1023,0,418,609,305,329,322,305,371,784,765,305,128
347,1023,0,314,1023,0,714,889,305,562,481,305,371,795,742,305,128
335,1023,0,214,1023,0,624,825,305,411,381,305,371,793,778,305,128
409,1023,0,384,1023,0,434,616,305,394,369,305,371,815,793,305,128
418,1023,0,365,1023,0,394,576,305,324,323,305,371,810,799,305,128
350,1023,0,184,1023,0,549,750,305,405,380,305,372,815,799,305,128
366,1023,0,221,1023,0,174,350,305,406,371,305,372,796,781,305,128
439,1023,0,272,1023,0,489,678,305,352,337,305,372,783,765,305,128
445,1023,0,242,1023,0,390,557,305,342,336,305,372,783,771,305,128
324,1023,0,221,1023,0,405,595,305,353,340,305,372,805,787,305,128
373,1023,0,251,1023,0,602,800,305,540,487,305,372,814,797,305,128
368,1023,0,164,1023,0,271,412,305,340,329,305,372,788,766,305,128
376,1023,0,257,1023,0,427,622,305,359,346,305,372,789,777,305,128
332,1023,0,119,1023,0,452,658,305,327,323,305,372,797,787,305,128
807,1023,0,735,1023,0,823,997,306,621,531,305,372,852,797,305,128
507,1023,0,301,1023,0,490,677,305,453,395,305,372,801,781,305,128
376,1023,0,157,1023,0,617,818,305,414,380,305,372,783,768,305,128
626,1023,0,346,1023,0,588,766,305,475,397,305,372,853,776,305,132
451,1023,0,235,1023,0,340,486,305,337,328,305,372,773,756,305,132
407,1023,0,233,1023,0,604,806,305,523,473,305,372,793,779,305,132
307,1023,0,235,1023,0,318,500,305,440,409,305,373,790,757,305,132
340,1023,0,103,1023,0,191,356,305,328,319,305,373,783,769,305,132
347,1023,0,187,1023,0,685,886,305,475,434,305,373,790,775,305,132
466,1023,0,202,1023,0,576,766,305,399,359,305,373,783,765,305,132
625,1023,0,394,1023,0,439,599,305,489,423,305,373,810,779,305,132
636,1023,0,500,1023,0,296,431,305,407,362,305,373,811,763,305,132
444,1023,0,308,1023,0,249,393,305,388,353,305,373,796,774,305,132
848,1023,0,776,1023,0,851,969,307,713,584,305,373,867,802,305,132
416,1023,0,301,1023,0,502,686,305,362,337,305,373,853,834,305,132
272,1023,0,146,1023,0,757,958,306,529,487,305,373,791,781,305,132
370,1023,0,266,1023,0,567,768,305,400,371,305,373,767,746,305,132
317,1023,0,153,1023,0,649,854,305,416,388,305,373,778,756,305,132
378,1023,0,185,1023,0,451,653,305,354,344,305,373,797,780,305,132
574,1023,0,353,1023,0,598,757,305,420,362,305,373,848,789,305,132
428,1023,0,236,1023,0,702,890,305,588,523,305,373,820,798,305,132
426,1023,0,210,1023,0,534,719,305,373,352,305,373,788,766,305,132
508,1023,0,288,1023,0,459,644,305,375,353,305,373,804,778,305,132
384,1023,0,243,1023,0,307,439,305,376,358,305,373,780,754,305,132
388,1023,0,176,1023,0,389,552,305,429,389,305,373,791,764,305,132
22,211,0,3,41,0,203,388,305,318,321,305,374,644,647,305,132
342,1023,0,187,1023,0,249,406,305,326,322,305,374,786,769,305,132
634,1023,0,370,1023,0,348,488,305,384,350,305,374,779,758,305,135
398,1023,0,213,1023,0,590,791,305,392,355,305,374,801,785,305,135
484,1023,0,401,1023,0,297,431,305,479,419,305,374,813,769,305,135
377,1023,0,252,1023,0,242,390,305,342,336,305,374,814,797,305,135
577,1023,0,328,1023,0,763,934,306,527,448,305,374,855,819,305,135
323,1023,0,254,1023,0,478,668,305,358,335,305,374,789,758,305,135
265,1023,0,175,1023,0,516,727,305,364,344,305,374,786,772,305,135
363,1023,0,154,1023,0,670,870,305,414,387,305,374,792,777,305,135
344,1023,0,60,567,0,185,374,305,578,534,305,374,777,761,305,135
488,1023,0,253,1023,0,645,837,305,484,426,305,374,815,796,305,135
413,1023,0,200,1023,0,239,383,305,339,337,305,374,776,760,305,135
512,1023,0,527,1023,0,340,460,305,466,401,305,374,821,800,305,135
1023,1023,0,1023,1023,0,810,950,306,628,509,305,374,877,827,305,135
438,1023,0,384,1023,0,411,584,305,400,372,305,374,778,753,305,135
492,1023,0,282,1023,0,434,611,305,377,355,305,374,843,827,305,135
510,1023,0,254,1023,0,316,471,305,338,327,305,374,780,756,305,135
467,1023,0,236,1023,0,636,829,305,420,381,305,375,771,744,305,135
506,1023,0,331,1023,0,738,919,306,508,439,305,375,779,754,305,135
707,1023,0,615,1023,0,713,890,305,645,563,305,375,877,838,305,135
457,1023,0,228,1023,0,634,826,305,447,398,305,375,806,791,305,135
248,1023,0,132,1023,0,572,788,305,397,381,305,375,779,769,305,135
625,1023,0,429,1023,0,712,893,305,507,446,305,375,819,781,305,135
504,1023,0,508,1023,0,404,579,305,462,402,305,375,788,737,305,135
376,1023,0,183,1023,0,575,779,305,362,346,305,375,781,767,305,135
415,1023,0,302,1023,0,395,559,305,420,368,305,375,811,789,305,138
397,1023,0,217,1023,0,613,811,305,423,389,305,375,795,781,305,138
502,1023,0,387,1023,0,290,442,305,418,383,305,375,799,779,305,138
98,880,0,35,465,0,191,375,305,379,379,305,375,667,668,305,138
359,1023,0,252,1023,0,756,924,306,545,467,305,375,790,773,305,138
334,1023,0,149,1023,0,474,678,305,351,329,305,375,783,773,305,138
648,1023,0,367,1023,0,704,900,305,469,409,305,375,816,737,305,138
403,1023,0,277,1023,0,266,406,305,340,335,305,375,760,745,305,138
325,1023,0,145,1023,0,451,655,305,351,335,305,375,772,748,305,138
320,1023,0,188,1023,0,692,881,305,502,445,305,375,796,775,305,138
561,1023,0,332,1023,0,211,368,305,380,350,305,376,791,738,305,138
448,1023,0,274,1023,0,777,951,306,594,517,305,376,840,818,305,138
839,1023,0,644,1023,0,810,963,306,620,530,305,376,818,780,305,138
364,1023,0,208,1023,0,677,875,305,428,387,305,376,778,762,305,138
416,1023,0,335,1023,0,672,839,305,469,393,305,376,825,785,305,138
286,1023,0,157,1023,0,251,410,305,335,331,305,376,792,780,305,138
311,1023,0,325,1023,0,747,914,305,543,458,305,376,777,756,305,138
423,1023,0,219,1023,0,714,900,305,477,418,305,376,795,776,305,138
405,1023,0,212,1023,0,352,508,305,364,347,305,376,799,783,305,138
1023,1023,0,1023,1023,0,872,1004,307,713,596,305,376,939,829,305,138
800,1023,0,739,1023,0,727,878,305,598,486,305,376,865,822,305,138
811,1023,0,474,1023,0,799,971,306,600,499,305,376,863,801,305,138
554,1023,0,341,1023,0,595,772,305,468,394,305,376,789,754,305,138
795,1023,0,790,1023,0,795,931,306,627,522,305,376,890,847,305,138
345,1023,0,132,1023,0,349,505,305,328,320,305,376,789,777,305,138
508,1023,0,345,1023,0,785,940,306,571,471,305,377,810,781,305,138
403,1023,0,196,1023,0,361,535,305,350,341,305,377,770,736,305,138
344,1023,0,184,1023,0,549,748,305,407,383,305,377,793,771,305,142
346,1023,0,141,1023,0,288,441,305,324,318,305,377,775,756,305,142
494,1023,0,283,1023,0,375,482,305,445,399,305,377,789,761,305,142
709,1023,0,528,1023,0,460,625,305,472,409,305,377,816,787,305,142
298,1023,0,147,1023,0,499,702,305,413,384,305,377,792,782,305,142
502,1023,0,252,1023,0,659,841,305,546,470,305,377,796,773,305,142
896,1023,0,626,1023,0,722,861,305,607,508,305,377,911,845,305,142
301,1023,0,238,1023,0,611,804,305,482,418,305,377,805,769,305,142
452,1023,0,328,1023,0,462,650,305,618,603,305,377,829,808,305,142
571,1023,0,656,1023,0,794,940,306,642,525,305,377,814,747,305,142
517,1023,0,326,1023,0,659,844,305,438,390,305,377,801,785,305,142
423,1023,0,225,1023,0,442,627,305,423,383,305,377,795,767,305,142
338,1023,0,172,1023,0,493,690,305,357,343,305,377,790,775,305,142
421,1023,0,157,1023,0,530,728,305,363,344,305,377,794,779,305,142
293,1023,0,111,1023,0,518,730,305,338,331,305,377,782,773,305,142
453,1023,0,236,1023,0,495,689,305,408,367,305,377,824,806,305,142
356,1023,0,165,1023,0,637,840,305,385,372,305,377,786,773,305,142
284,1023,0,134,1023,0,638,846,305,417,390,305,378,798,786,305,142
434,1023,0,390,1023,0,689,878,305,472,400,305,378,806,783,305,142
406,1023,0,344,1023,0,768,932,306,563,479,305,378,801,767,305,142
493,1023,0,292,1023,0,733,915,305,506,439,305,378,792,772,305,142
351,1023,0,288,1023,0,690,887,305,499,449,305,378,780,753,305,142
334,1023,0,193,1023,0,473,631,305,412,385,305,378,788,771,305,142
295,1023,0,104,1023,0,188,362,305,328,323,305,378,789,782,305,142
481,1023,0,338,1023,0,281,421,305,459,403,305,378,771,732,305,142
580,1023,0,548,1023,0,728,894,305,557,474,305,378,814,769,305,142
404,1023,0,247,1023,0,744,911,305,538,461,305,378,799,779,305,142
368,1023,0,187,1023,0,348,512,305,343,334,305,378,786,760,305,145
346,1023,0,165,1023,0,300,464,305,341,343,305,378,773,763,305,145
548,1023,0,611,1023,0,786,924,306,608,482,305,378,878,798,305,145
462,1023,0,261,1023,0,253,404,305,381,350,305,378,768,742,305,145
382,1023,0,190,1023,0,546,742,305,416,377,305,378,772,752,305,145
277,1023,0,114,1023,0,395,592,305,339,337,305,378,805,791,305,145
345,1023,0,228,1023,0,614,825,305,622,582,305,378,660,628,305,145
461,1023,0,405,1023,0,703,879,305,567,493,305,379,793,768,305,145
431,1023,0,246,1023,0,389,561,305,356,342,305,379,810,795,305,145
734,1023,0,513,1023,0,343,437,305,417,350,305,379,830,806,305,145
577,1023,0,266,1023,0,186,356,305,396,363,305,379,776,751,305,145
492,1023,0,370,1023,0,304,428,305,380,347,305,379,803,758,305,145
426,1023,0,190,1023,0,235,379,305,327,325,305,379,753,737,305,145
375,1023,0,174,1023,0,429,618,305,330,319,305,379,785,766,305,145
508,1023,0,405,1023,0,462,644,305,358,342,305,379,850,818,305,145
432,1023,0,168,1023,0,416,598,305,349,334,305,379,766,757,305,145
442,1023,0,269,1023,0,482,666,305,393,357,305,379,798,779,305,145
300,1023,0,157,1023,0,552,753,305,366,341,305,379,771,747,305,145
339,1023,0,145,1023,0,465,673,305,333,329,305,379,764,750,305,148
403,1023,0,261,1023,0,520,734,305,493,469,305,379,790,775,305,148
586,1023,0,439,1023,0,338,467,305,381,348,305,379,786,762,305,148
517,1023,0,243,1023,0,397,555,305,357,333,305,379,767,739,305,148
752,1023,0,389,1023,0,348,428,305,368,330,305,380,846,772,305,148
425,1023,0,223,1023,0,751,933,306,521,447,305,380,791,771,305,148
360,1023,0,146,1023,0,384,569,305,310,311,305,380,775,756,305,148
446,1023,0,307,1023,0,700,888,305,511,454,305,380,799,766,305,148
532,1023,0,274,1023,0,664,845,305,437,386,305,380,787,765,305,148
452,1023,0,382,1023,0,673,850,305,443,379,305,380,852,834,305,148
412,1023,0,243,1023,0,662,861,305,490,438,305,380,808,789,305,148
526,1023,0,385,1023,0,673,786,305,763,619,305,380,812,744,305,148
337,1023,0,234,1023,0,422,596,305,487,429,305,380,812,790,305,148
346,1023,0,180,1023,0,579,786,305,373,354,305,380,789,772,305,148
479,1023,0,183,1023,0,409,578,305,332,329,305,380,778,749,305,148
574,1023,0,424,1023,0,415,578,305,541,473,305,380,814,784,305,148
300,1023,0,107,1023,0,427,628,305,324,317,305,380,796,781,305,148
525,1023,0,334,1023,0,649,830,305,518,447,305,381,808,784,305,148
501,1023,0,350,1023,0,622,807,305,384,356,305,381,785,750,305,148
495,1023,0,279,1023,0,637,833,305,497,446,305,381,806,787,305,148
355,1023,0,173,1023,0,377,556,305,332,324,305,381,783,770,305,148
392,1023,0,227,1023,0,687,872,305,490,435,305,381,820,793,305,148
394,1023,0,295,1023,0,610,794,305,409,370,305,381,807,777,305,148
453,1023,0,260,1023,0,663,856,305,432,387,305,381,793,771,305,148
192,1023,0,48,435,0,131,327,305,612,552,305,381,555,507,305,151
349,1023,0,166,1023,0,423,613,305,339,327,305,381,797,783,305,151
629,1023,0,523,1023,0,429,592,305,399,357,305,381,864,820,305,151
311,1023,0,146,1023,0,214,368,305,349,340,305,381,773,753,305,151
403,1023,0,262,1023,0,524,722,305,391,364,305,381,838,816,305,151
445,1023,0,212,1023,0,362,530,305,332,325,305,381,772,760,305,151
825,1023,0,721,1023,0,555,692,305,620,510,305,381,884,814,305,151
477,1023,0,387,1023,0,442,632,305,359,336,305,381,811,778,305,151
433,1023,0,267,1023,0,415,605,305,330,324,305,381,834,816,305,151
357,1023,0,203,1023,0,500,690,305,410,375,305,381,779,760,305,151
341,1023,0,191,1023,0,817,1004,306,609,558,305,381,809,792,305,151
504,1023,0,290,1023,0,613,808,305,580,519,305,382,810,791,305,151
506,1023,0,298,1023,0,383,555,305,354,337,305,382,784,750,305,151
626,1023,0,527,1023,0,804,960,306,652,562,305,382,831,803,305,151
486,1023,0,408,1023,0,491,684,305,437,401,305,382,819,791,305,151
346,1023,0,246,1023,0,322,462,305,359,337,305,382,794,776,305,151
450,1023,0,239,1023,0,689,885,305,424,388,305,382,825,811,305,151
497,1023,0,373,1023,0,346,488,305,396,352,305,382,816,789,305,151
366,1023,0,374,1023,0,453,637,305,344,333,305,382,777,746,305,151
293,1023,0,128,1023,0,231,402,305,337,331,305,382,775,768,305,155
348,1023,0,307,1023,0,625,806,305,460,419,305,382,825,805,305,155
733,1023,0,425,1023,0,853,1023,306,640,574,305,382,820,744,305,155
387,1023,0,201,1023,0,414,596,305,351,334,305,382,771,746,305,155
525,1023,0,220,1023,0,728,913,305,495,435,305,382,832,817,305,155
475,1023,0,295,1023,0,390,552,305,428,379,305,383,801,779,305,155
1023,1023,0,1023,1023,0,983,1023,308,790,656,305,383,909,807,305,155
357,1023,0,182,1023,0,273,422,305,345,334,305,383,766,750,305,155
290,1023,0,133,1023,0,236,395,305,366,349,305,383,786,777,305,155
592,1023,0,711,1023,0,782,975,306,637,595,305,383,893,855,305,155
500,1023,0,406,1023,0,498,655,305,395,353,305,383,850,831,305,155
324,1023,0,142,1023,0,383,567,305,322,324,305,383,786,774,305,155
409,1023,0,98,1023,0,156,356,305,700,654,305,383,804,789,305,155
929,1023,0,854,1023,0,516,665,305,659,602,305,383,855,811,305,155
519,1023,0,373,1023,0,580,759,305,479,405,305,383,796,763,305,155
401,1023,0,176,1023,0,564,763,305,363,352,305,383,799,785,305,155
388,1023,0,216,1023,0,416,603,305,345,332,305,383,782,765,305,155
406,1023,0,263,1023,0,591,785,305,415,377,305,383,762,730,305,155
448,1023,0,222,1023,0,543,741,305,384,355,305,383,764,737,305,155
378,1023,0,206,1023,0,508,698,305,422,388,305,383,774,757,305,155
720,1023,0,607,1023,0,661,818,305,525,434,305,384,849,814,305,158
708,1023,0,686,1023,0,657,839,305,630,551,305,384,867,809,305,158
436,1023,0,251,1023,0,539,740,305,351,340,305,384,818,798,305,158
440,1023,0,208,1023,0,558,757,305,375,351,305,384,777,761,305,158
956,1023,0,675,1023,0,805,982,306,598,529,305,384,868,841,305,158
478,1023,0,231,1023,0,363,522,305,389,372,305,384,795,778,305,158
367,1023,0,182,1023,0,492,685,305,361,343,305,384,800,782,305,158
376,1023,0,205,1023,0,221,377,305,357,339,305,384,802,783,305,158
54,466,0,26,297,0,280,455,305,726,642,305,384,548,471,305,158
386,1023,0,227,1023,0,433,619,305,387,356,305,384,811,787,305,158
512,1023,0,457,1023,0,446,606,305,356,334,305,385,832,803,305,161
257,1023,0,101,1023,0,320,480,305,322,321,305,385,631,597,305,161
391,1023,0,198,1023,0,282,434,305,335,340,305,385,771,758,305,161
423,1023,0,312,1023,0,456,637,305,344,327,305,385,757,713,305,161
681,1023,0,509,1023,0,638,826,305,439,387,305,385,877,855,305,161
415,1023,0,186,1023,0,445,633,305,354,346,305,385,781,762,305,161
455,1023,0,252,1023,0,665,866,305,437,399,305,385,803,788,305,161
241,1023,0,127,1023,0,392,585,305,696,672,305,385,803,793,305,161
434,1023,0,200,1023,0,397,575,305,333,322,305,385,777,764,305,161
327,1023,0,230,1023,0,629,822,305,427,384,305,385,777,758,305,161
327,1023,0,183,1023,0,606,811,305,380,366,305,385,782,769,305,161
606,1023,0,457,1023,0,541,721,305,370,340,305,386,768,746,305,161
319,1023,0,178,1023,0,646,856,305,398,381,305,386,783,762,305,161
399,1023,0,207,1023,0,370,552,305,331,323,305,386,763,745,305,161
451,1023,0,196,1023,0,189,352,305,335,326,305,386,795,782,305,161
519,1023,0,219,1023,0,524,716,305,350,338,305,386,797,773,305,165
446,1023,0,355,1023,0,602,792,305,450,404,305,386,816,778,305,165
484,1023,0,425,1023,0,462,644,305,372,350,305,386,829,797,305,165
389,1023,0,328,1023,0,486,679,305,386,357,305,386,787,769,305,165
322,1023,0,91,956,0,291,443,305,371,344,305,386,719,706,305,165
318,1023,0,107,1023,0,478,692,305,341,326,305,386,782,765,305,165
365,1023,0,160,1023,0,294,446,305,328,327,305,386,778,768,305,165
507,1023,0,239,1023,0,565,761,305,369,344,305,386,784,744,305,165
431,1023,0,247,1023,0,411,591,305,610,576,305,386,784,763,305,165
394,1023,0,186,1023,0,650,851,305,494,447,305,386,789,774,305,165
349,1023,0,337,1023,0,585,758,305,442,380,305,387,805,769,305,165
276,1023,0,199,1023,0,534,721,305,385,355,305,387,769,754,305,165
95,821,0,143,1023,0,230,401,305,340,339,305,387,693,689,305,165
395,1023,0,197,1023,0,601,793,305,417,378,305,387,781,759,305,165
411,1023,0,196,1023,0,450,645,305,386,365,305,387,794,779,305,165
334,1023,0,176,1023,0,621,829,305,543,496,305,387,809,796,305,165
377,1023,0,225,1023,0,379,542,305,365,339,305,387,802,783,305,165
706,1023,0,802,1023,0,675,864,305,595,529,305,387,860,798,305,165
466,1023,0,310,1023,0,715,901,305,498,447,305,387,796,770,305,165
648,1023,0,647,1023,0,419,568,305,406,368,305,387,819,792,305,165
602,1023,0,581,1023,0,541,707,305,436,374,305,387,793,762,305,165
440,1023,0,303,1023,0,402,571,305,375,350,305,387,762,743,305,165
432,1023,0,210,1023,0,329,492,305,335,333,305,387,768,758,305,165
439,1023,0,260,1023,0,408,580,305,392,358,305,387,804,786,305,168
760,1023,0,508,1023,0,545,714,305,430,378,305,387,805,756,305,168
335,1023,0,178,1023,0,387,574,305,330,324,305,388,776,757,305,168
401,1023,0,208,1023,0,279,420,305,398,369,305,388,787,770,305,168
388,1023,0,250,1023,0,455,641,305,467,416,305,388,797,777,305,168
283,1023,0,250,1023,0,597,786,305,507,450,305,388,802,780,305,168
723,1023,0,820,1023,0,538,705,305,599,515,305,388,840,804,305,168
824,1023,0,593,1023,0,808,941,306,661,542,305,388,856,764,305,168
486,1023,0,238,1023,0,299,448,305,377,351,305,388,779,762,305,168
328,1023,0,133,1023,0,378,555,305,336,331,305,388,776,764,305,168
424,1023,0,261,1023,0,618,818,305,410,378,305,388,794,772,305,168
294,1023,0,231,1023,0,339,490,305,638,582,305,388,808,781,305,168
420,1023,0,279,1023,0,482,679,305,349,329,305,388,779,749,305,168
298,1023,0,157,1023,0,532,740,305,335,334,305,388,772,764,305,168
407,1023,0,362,1023,0,264,400,305,340,327,305,388,758,733,305,168
368,1023,0,140,1023,0,404,585,305,379,356,305,388,802,783,305,168
570,1023,0,438,1023,0,809,968,306,622,525,305,388,797,768,305,171
342,1023,0,105,1023,0,162,352,305,334,322,305,388,794,773,305,171
573,1023,0,351,1023,0,471,638,305,416,372,305,388,775,755,305,171
537,1023,0,450,1023,0,744,919,306,544,467,305,389,785,758,305,171
596,1023,0,433,1023,0,528,703,305,476,411,305,389,818,790,305,171
485,1023,0,273,1023,0,774,945,306,554,468,305,389,848,803,305,171
328,1023,0,166,1023,0,330,497,305,336,330,305,389,795,783,305,171
448,1023,0,347,1023,0,310,465,305,533,490,305,389,822,802,305,171
833,1023,0,538,1023,0,744,915,305,551,428,305,389,899,842,305,171
526,1023,0,511,1023,0,858,1015,306,666,581,305,389,801,760,305,171
470,1023,0,516,1023,0,450,626,305,383,352,305,389,772,739,305,171
636,1023,0,469,1023,0,712,882,305,517,445,305,389,827,804,305,171
406,1023,0,195,1023,0,377,548,305,356,347,305,389,785,763,305,171
576,1023,0,406,1023,0,825,986,306,612,518,305,389,790,768,305,171
335,1023,0,232,1023,0,494,694,305,391,364,305,389,811,794,305,171
315,1023,0,106,1023,0,282,446,305,326,322,305,389,774,758,305,171
382,1023,0,170,1023,0,493,697,305,332,321,305,389,780,767,305,171
584,1023,0,519,1023,0,767,925,306,547,437,305,389,859,805,305,171
383,1023,0,219,1023,0,296,435,305,348,331,305,390,774,754,305,175
508,1023,0,290,1023,0,429,595,305,445,395,305,390,782,739,305,175
105,778,0,222,1023,0,275,429,305,425,394,305,390,619,597,305,175
407,1023,0,154,1023,0,288,433,305,325,320,305,390,781,752,305,175
408,1023,0,313,1023,0,738,915,305,535,467,305,390,811,771,305,175
494,1023,0,271,1023,0,256,403,305,378,356,305,390,760,735,305,175
584,1023,0,411,1023,0,606,785,305,423,373,305,390,795,773,305,175
320,1023,0,302,1023,0,556,730,305,339,327,305,390,789,765,305,175
354,1023,0,297,1023,0,633,831,305,423,384,305,390,844,822,305,175
503,1023,0,477,1023,0,336,489,305,344,335,305,390,842,815,305,175
320,1023,0,136,1023,0,318,471,305,331,324,305,390,774,753,305,175
397,1023,0,203,1023,0,200,356,305,424,377,305,391,803,787,305,175
267,1023,0,108,1023,0,264,420,305,317,316,305,391,787,775,305,175
311,1023,0,190,1023,0,501,710,305,357,336,305,391,807,795,305,175
301,1023,0,289,1023,0,730,913,305,604,536,305,391,804,763,305,175
513,1023,0,407,1023,0,810,975,306,608,524,305,391,818,781,305,175
397,1023,0,283,1023,0,722,910,305,540,481,305,391,815,795,305,175
332,1023,0,134,1023,0,280,443,305,336,334,305,391,785,769,305,175
534,1023,0,548,1023,0,365,521,305,560,472,305,391,844,808,305,178
353,1023,0,318,1023,0,386,526,305,401,367,305,391,801,773,305,178
364,1023,0,230,1023,0,227,379,305,340,326,305,391,782,767,305,178
360,1023,0,149,1023,0,341,503,305,361,341,305,391,762,752,305,178
386,1023,0,178,1023,0,359,529,305,342,324,305,391,754,738,305,178
359,1023,0,131,1023,0,143,338,305,353,337,305,391,756,743,305,178
519,1023,0,236,1023,0,501,686,305,384,348,305,391,790,759,305,178
928,1023,0,970,1023,0,514,706,305,425,381,305,391,819,770,305,178
606,1023,0,383,1023,0,328,472,305,375,343,305,391,779,753,305,178
413,1023,0,294,1023,0,385,554,305,372,347,305,391,774,752,305,178
354,1023,0,248,1023,0,516,715,305,345,326,305,392,772,745,305,178
203,1023,0,103,1023,0,279,450,305,376,362,305,392,589,566,305,178
454,1023,0,280,1023,0,448,636,305,398,374,305,392,801,765,305,178
389,1023,0,164,1023,0,467,653,305,345,333,305,392,773,760,305,178
610,1023,0,390,1023,0,308,451,305,463,406,305,392,809,769,305,178
486,1023,0,234,1023,0,594,786,305,411,383,305,392,790,774,305,178
496,1023,0,186,1023,0,534,717,305,356,331,305,392,797,778,305,178
315,1023,0,146,1023,0,704,903,305,464,419,305,392,764,750,305,181
484,1023,0,406,1023,0,379,547,305,405,368,305,393,797,773,305,181
298,1023,0,240,1023,0,627,836,305,504,465,305,393,822,794,305,181
482,1023,0,350,1023,0,748,929,306,527,458,305,393,783,749,305,181
320,1023,0,151,1023,0,619,826,305,387,362,305,393,786,769,305,181
321,1023,0,203,1023,0,693,887,305,497,444,305,393,794,774,305,181
717,1023,0,333,1023,0,679,883,305,465,425,305,393,834,792,305,181
455,1023,0,264,1023,0,293,444,305,385,360,305,393,733,705,305,181
406,1023,0,233,1023,0,323,478,305,427,389,305,393,798,782,305,181
460,1023,0,448,1023,0,649,835,305,461,403,305,393,796,745,305,181
348,1023,0,198,1023,0,244,392,305,373,355,305,393,779,763,305,181
212,1023,0,95,1023,0,282,440,305,319,315,305,393,792,785,305,181
300,1023,0,161,1023,0,433,639,305,328,319,305,393,780,770,305,181
371,1023,0,184,1023,0,220,378,305,354,334,305,393,806,775,305,181
146,1023,0,33,452,0,40,314,305,487,476,305,393,558,549,305,181
322,1023,0,187,1023,0,459,635,305,402,370,305,393,780,747,305,181
460,1023,0,254,1023,0,494,674,305,342,333,305,394,780,746,305,181
368,1023,0,163,1023,0,277,413,305,347,328,305,394,788,775,305,181
1023,1023,0,1023,1023,0,885,1018,307,765,638,305,394,939,855,305,181
404,1023,0,218,1023,0,629,831,305,396,368,305,394,803,788,305,181
678,1023,0,765,1023,0,787,932,306,609,486,305,394,888,833,305,184
378,1023,0,243,1023,0,442,630,305,485,435,305,394,819,796,305,184
901,1023,0,664,1023,0,829,969,306,674,565,305,394,851,801,305,184
373,1023,0,221,1023,0,624,823,305,411,382,305,394,776,738,305,184
388,1023,0,207,1023,0,461,641,305,364,341,305,394,819,800,305,184
295,1023,0,167,1023,0,533,743,305,354,339,305,394,780,769,305,184
375,1023,0,195,1023,0,557,752,305,351,339,305,394,792,770,305,184
338,1023,0,176,1023,0,346,518,305,372,341,305,394,782,766,305,184
316,1023,0,193,1023,0,378,557,305,341,331,305,394,794,774,305,184
463,1023,0,305,1023,0,449,640,305,365,340,305,394,827,813,305,184
520,1023,0,342,1023,0,656,843,305,479,420,305,394,788,763,305,184
555,1023,0,338,1023,0,613,797,305,390,362,305,394,791,768,305,184
449,1023,0,283,1023,0,393,573,305,382,357,305,394,781,769,305,184
287,1023,0,116,1023,0,562,773,305,366,351,305,395,786,777,305,184
379,1023,0,200,1023,0,527,724,305,372,351,305,395,787,772,305,184
538,1023,0,373,1023,0,361,513,305,331,323,305,395,816,774,305,184
681,1023,0,638,1023,0,766,899,305,625,474,305,395,876,801,305,184
418,1023,0,255,1023,0,792,976,306,590,530,305,395,805,783,305,184
765,1023,0,508,1023,0,302,417,305,406,358,305,395,809,784,305,184
497,1023,0,376,1023,0,217,384,305,392,366,305,395,748,717,305,184
319,1023,0,210,1023,0,701,896,305,471,424,305,395,764,738,305,184
361,1023,0,179,1023,0,207,371,305,333,319,305,395,811,790,305,184
390,1023,0,263,1023,0,249,382,305,332,324,305,395,777,745,305,188
305,1023,0,181,1023,0,269,409,305,354,361,305,395,770,756,305,188
527,1023,0,376,1023,0,541,727,305,383,347,305,395,867,850,305,188
475,1023,0,182,1023,0,621,819,305,385,358,305,396,783,763,305,188
240,1023,0,108,1023,0,251,408,305,331,328,305,396,771,760,305,188
407,1023,0,194,1023,0,283,431,305,390,385,305,396,774,760,305,188
499,1023,0,452,1023,0,738,901,305,552,462,305,396,798,761,305,188
444,1023,0,251,1023,0,330,479,305,420,387,305,396,790,771,305,188
481,1023,0,257,1023,0,412,584,305,384,359,305,396,787,767,305,188
774,1023,0,465,1023,0,544,697,305,495,415,305,396,766,727,305,188
355,1023,0,204,1023,0,311,462,305,336,329,305,396,775,764,305,188
539,1023,0,262,1023,0,275,419,305,354,333,305,396,813,792,305,188
358,1023,0,235,1023,0,471,669,305,357,340,305,396,816,799,305,188
846,1023,0,502,1023,0,632,773,305,461,372,305,396,854,813,305,188
393,1023,0,405,1023,0,548,750,305,417,381,305,396,812,788,305,188
444,1023,0,336,1023,0,739,922,306,516,447,305,396,804,783,305,191
375,1023,0,190,1023,0,486,678,305,354,345,305,396,788,766,305,191
394,1023,0,272,1023,0,322,476,305,338,324,305,397,798,782,305,191
395,1023,0,336,1023,0,434,620,305,433,395,305,397,821,797,305,191
466,1023,0,376,1023,0,394,564,305,423,384,305,397,779,747,305,191
435,1023,0,229,1023,0,658,843,305,474,420,305,397,812,790,305,191
365,1023,0,321,1023,0,304,460,305,327,320,305,397,787,765,305,191
648,1023,0,401,1023,0,695,888,305,465,404,305,397,860,800,305,191
542,1023,0,196,1023,0,351,504,305,340,325,305,397,786,773,305,191
381,1023,0,282,1023,0,333,500,305,500,455,305,397,796,774,305,191
309,1023,0,136,1023,0,304,456,305,351,350,305,397,770,758,305,191
350,1023,0,214,1023,0,333,484,305,353,339,305,397,777,753,305,191
495,1023,0,305,1023,0,571,757,305,429,388,305,397,792,769,305,191
938,1023,0,662,1023,0,802,975,306,610,531,305,397,870,792,305,191
492,1023,0,290,1023,0,264,406,305,322,316,305,397,763,730,305,191
423,1023,0,225,1023,0,378,548,305,350,336,305,397,797,781,305,191
546,1023,0,512,1023,0,353,490,305,386,353,305,397,837,818,305,191
408,1023,0,252,1023,0,550,723,305,388,356,305,397,784,767,305,191
271,1023,0,166,1023,0,685,885,305,571,513,305,397,790,768,305,191
431,1023,0,282,1023,0,270,413,305,381,358,305,397,799,773,305,191
484,1023,0,220,1023,0,363,521,305,433,389,305,397,804,775,305,191
372,1023,0,240,1023,0,359,526,305,498,455,305,397,811,800,305,191
345,1023,0,168,1023,0,631,827,305,436,391,305,398,766,753,305,191
341,1023,0,176,1023,0,323,477,305,346,335,305,398,787,764,305,191
378,1023,0,265,1023,0,480,675,305,361,339,305,398,817,799,305,191
329,1023,0,146,1023,0,495,701,305,463,421,305,398,812,802,305,191
228,1023,0,78,938,0,390,584,305,634,611,305,398,812,808,305,191
526,1023,0,418,1023,0,606,793,305,427,386,305,398,821,792,305,191
520,1023,0,318,1023,0,230,381,305,332,322,305,398,793,761,305,191
764,1023,0,502,1023,0,592,737,305,390,341,305,398,870,797,305,191
372,1023,0,280,1023,0,509,713,305,373,353,305,398,834,809,305,191
332,1023,0,181,1023,0,321,461,305,546,470,305,398,809,782,305,191
441,1023,0,379,1023,0,518,708,305,357,338,305,398,834,816,305,194
401,1023,0,213,1023,0,510,702,305,426,384,305,398,780,765,305,194
309,1023,0,163,1023,0,324,497,305,331,327,305,398,757,744,305,194
706,1023,0,568,1023,0,820,961,306,650,533,305,398,833,796,305,194
520,1023,0,310,1023,0,186,360,305,329,318,305,398,728,708,305,194
268,1023,0,221,1023,0,289,431,305,351,338,305,398,796,782,305,194
384,1023,0,289,1023,0,676,867,305,448,393,305,398,795,779,305,194
360,1023,0,144,1023,0,337,497,305,338,327,305,399,780,754,305,194
382,1023,0,211,1023,0,523,725,305,380,356,305,399,784,766,305,194
298,1023,0,133,1023,0,219,392,305,345,336,305,399,788,772,305,194
372,1023,0,237,1023,0,555,747,305,382,356,305,399,774,755,305,194
477,1023,0,279,1023,0,296,435,305,379,345,305,399,783,766,305,194
350,1023,0,132,1023,0,531,736,305,344,331,305,399,790,778,305,194
438,1023,0,180,1023,0,522,719,305,437,394,305,399,816,798,305,198
543,1023,0,302,1023,0,582,760,305,423,364,305,399,814,791,305,198
536,1023,0,660,1023,0,622,803,305,407,361,305,399,790,769,305,198
289,1023,0,100,1023,0,164,350,305,705,682,305,399,781,771,305,198
308,1023,0,138,1023,0,463,667,305,341,334,305,399,782,762,305,198
621,1023,0,533,1023,0,851,1002,306,670,580,305,399,885,851,305,198
426,1023,0,346,1023,0,727,904,305,682,618,305,399,859,828,305,198
461,1023,0,300,1023,0,328,464,305,369,338,305,400,782,765,305,198
270,1023,0,111,1023,0,336,511,305,351,345,305,400,767,755,305,198
463,1023,0,247,1023,0,478,667,305,377,348,305,400,808,791,305,198
355,1023,0,168,1023,0,246,393,305,338,327,305,400,761,753,305,198
625,1023,0,507,1023,0,725,887,305,547,450,305,400,780,729,305,198
392,1023,0,230,1023,0,591,789,305,426,384,305,400,778,761,305,198
340,1023,0,182,1023,0,323,478,305,377,353,305,400,769,751,305,198
456,1023,0,274,1023,0,464,656,305,356,337,305,400,783,760,305,198
463,1023,0,275,1023,0,635,831,305,392,373,305,400,800,780,305,198
455,1023,0,391,1023,0,476,665,305,489,429,305,400,830,801,305,198
441,1023,0,311,1023,0,240,398,305,350,339,305,400,793,778,305,198
390,1023,0,262,1023,0,440,640,305,342,329,305,400,812,792,305,198
482,1023,0,371,1023,0,706,896,305,470,415,305,400,767,737,305,198
351,1023,0,162,1023,0,495,698,305,360,342,305,400,764,738,305,198
562,1023,0,413,1023,0,398,561,305,345,332,305,400,777,737,305,198
473,1023,0,314,1023,0,435,611,305,405,374,305,400,794,775,305,198
501,1023,0,308,1023,0,496,683,305,473,421,305,401,818,785,305,198
511,1023,0,255,1023,0,608,793,305,440,386,305,401,800,780,305,201
451,1023,0,253,1023,0,424,601,305,378,347,305,401,772,733,305,201
514,1023,0,241,1023,0,229,376,305,419,382,305,401,783,766,305,201
278,1023,0,110,1023,0,216,385,305,358,349,305,401,787,773,305,201
402,1023,0,178,1023,0,376,554,305,332,331,305,401,783,769,305,201
461,1023,0,290,1023,0,219,375,305,326,324,305,401,814,793,305,201
642,1023,0,430,1023,0,777,946,306,576,494,305,401,830,790,305,201
317,1023,0,129,1023,0,546,761,305,374,353,305,401,794,783,305,201
537,1023,0,501,1023,0,412,566,305,428,367,305,401,773,744,305,201
484,1023,0,376,1023,0,446,626,305,487,414,305,401,804,759,305,201
442,1023,0,213,1023,0,583,771,305,389,355,305,401,780,762,305,201
344,1023,0,245,1023,0,430,630,305,365,348,305,401,779,754,305,201
549,1023,0,328,1023,0,739,896,305,800,720,305,401,813,749,305,201
448,1023,0,299,1023,0,298,441,305,428,377,305,401,797,769,305,201
395,1023,0,202,1023,0,416,601,305,357,333,305,401,813,794,305,201
300,1023,0,189,1023,0,289,454,305,370,357,305,401,783,772,305,201
561,1023,0,412,1023,0,498,675,305,418,378,305,401,795,763,305,201
399,1023,0,280,1023,0,467,662,305,349,331,305,401,800,781,305,201
447,1023,0,446,1023,0,750,935,306,537,471,305,402,839,811,305,201
587,1023,0,399,1023,0,327,472,305,516,450,305,402,847,804,305,201
395,1023,0,193,1023,0,347,516,305,342,326,305,402,780,758,305,201
341,1023,0,172,1023,0,479,684,305,342,329,305,402,782,763,305,201
415,1023,0,309,1023,0,333,486,305,375,350,305,402,789,770,305,204
961,1023,0,500,1023,0,415,501,305,413,355,305,402,839,770,305,204
387,1023,0,182,1023,0,359,520,305,354,334,305,402,789,768,305,204
403,1023,0,334,1023,0,276,424,305,441,390,305,402,804,768,305,204
437,1023,0,176,1023,0,434,630,305,343,331,305,402,802,777,305,204
443,1023,0,363,1023,0,547,731,305,381,360,305,402,774,755,305,204
401,1023,0,273,1023,0,655,836,305,433,387,305,402,792,768,305,204
549,1023,0,290,1023,0,577,761,305,397,366,305,402,793,769,305,204
317,1023,0,242,1023,0,288,445,305,376,356,305,402,807,768,305,204
563,1023,0,440,1023,0,386,537,305,490,423,305,403,800,774,305,204
477,1023,0,432,1023,0,437,626,305,419,383,305,403,791,756,305,204
347,1023,0,229,1023,0,522,711,305,694,628,305,403,816,802,305,204
500,1023,0,317,1023,0,423,593,305,385,355,305,403,851,825,305,204
364,1023,0,298,1023,0,384,564,305,355,340,305,403,787,758,305,204
394,1023,0,208,1023,0,395,555,305,509,447,305,403,777,751,305,204
315,1023,0,182,1023,0,631,842,305,421,394,305,403,792,772,305,204
547,1023,0,574,1023,0,252,397,305,349,329,305,403,840,822,305,204
830,1023,0,528,1023,0,804,946,306,599,472,305,403,844,768,305,204
436,1023,0,228,1023,0,426,604,305,368,346,305,403,781,767,305,204
524,1023,0,309,1023,0,886,1023,306,680,607,305,403,802,776,305,204
435,1023,0,268,1023,0,398,566,305,413,378,305,403,800,781,305,204
462,1023,0,341,1023,0,554,733,305,502,426,305,403,801,776,305,204
733,1023,0,561,1023,0,713,879,305,569,479,305,403,856,819,305,204
410,1023,0,263,1023,0,568,766,305,365,347,305,403,783,759,305,204
416,1023,0,273,1023,0,749,931,306,545,467,305,403,785,740,305,204
404,1023,0,275,1023,0,320,456,305,393,360,305,403,791,772,305,204
376,1023,0,157,1023,0,477,679,305,374,352,305,403,804,791,305,204
388,1023,0,199,1023,0,482,670,305,366,348,305,404,790,769,305,204
337,1023,0,126,1023,0,274,433,305,356,343,305,404,785,773,305,204
416,1023,0,334,1023,0,458,609,305,380,351,305,404,811,785,305,204
399,1023,0,190,1023,0,243,400,305,340,330,305,404,774,762,305,204
421,1023,0,187,1023,0,332,485,305,348,329,305,404,801,784,305,207
374,1023,0,166,1023,0,668,859,305,438,383,305,404,786,773,305,207
371,1023,0,230,1023,0,396,584,305,358,340,305,404,757,741,305,207
795,1023,0,911,1023,0,760,905,305,577,472,305,404,891,834,305,207
404,1023,0,453,1023,0,480,657,305,579,500,305,404,840,815,305,207
308,1023,0,119,1023,0,355,538,305,322,319,305,404,795,788,305,207
375,1023,0,253,1023,0,546,738,305,389,357,305,404,791,772,305,207
412,1023,0,302,1023,0,299,447,305,584,518,305,404,789,764,305,207
1023,1023,0,929,1023,0,829,1007,306,639,566,305,404,910,828,305,207
464,1023,0,191,1023,0,285,435,305,337,320,305,404,786,770,305,207
461,1023,0,258,1023,0,478,668,305,375,349,305,404,809,793,305,207
576,1023,0,430,1023,0,702,875,305,551,470,305,404,820,793,305,207
274,1023,0,146,1023,0,629,837,305,391,369,305,405,759,751,305,207
410,1023,0,286,1023,0,730,911,305,526,457,305,405,791,771,305,207
686,1023,0,814,1023,0,343,471,305,576,524,305,405,836,801,305,207
461,1023,0,423,1023,0,449,605,305,531,439,305,405,797,759,305,207
450,1023,0,317,1023,0,267,413,305,355,338,305,405,802,761,305,207
361,1023,0,182,1023,0,595,797,305,406,383,305,405,779,763,305,207
705,1023,0,489,1023,0,278,409,305,407,357,305,405,804,776,305,207
567,1023,0,333,1023,0,454,634,305,351,333,305,405,759,739,305,207
377,1023,0,139,1023,0,187,366,305,343,331,305,405,774,759,305,207
382,1023,0,312,1023,0,334,494,305,362,347,305,405,786,768,305,211
280,1023,0,154,1023,0,383,568,305,340,334,305,405,776,759,305,211
482,1023,0,259,1023,0,546,737,305,367,346,305,405,820,792,305,211
324,1023,0,156,1023,0,372,552,305,346,339,305,405,777,763,305,211
547,1023,0,594,1023,0,744,920,306,573,493,305,405,889,853,305,211
353,1023,0,184,1023,0,416,615,305,365,352,305,405,785,771,305,211
1023,1023,0,1023,1023,0,894,991,307,719,563,305,406,937,846,305,211
327,1023,0,160,1023,0,423,612,305,361,349,305,406,765,750,305,211
492,1023,0,401,1023,0,572,757,305,518,445,305,406,839,817,305,211
772,1023,0,693,1023,0,810,960,306,700,612,305,406,864,821,305,211
404,1023,0,269,1023,0,240,397,305,364,341,305,406,807,792,305,211
630,1023,0,327,1023,0,507,682,305,391,358,305,406,807,777,305,211
453,1023,0,274,1023,0,808,981,306,584,505,305,406,795,771,305,211
401,1023,0,261,1023,0,417,586,305,413,373,305,406,807,778,305,211
787,1023,0,678,1023,0,528,671,305,391,334,305,406,844,760,305,211
289,1023,0,147,1023,0,227,389,305,725,696,305,406,804,792,305,211
480,1023,0,236,1023,0,314,467,305,352,329,305,406,791,775,305,211
745,1023,0,889,1023,0,772,933,306,651,568,305,407,884,836,305,211
261,1023,0,173,1023,0,608,821,305,391,372,305,407,789,778,305,211
343,1023,0,190,1023,0,683,882,305,425,387,305,407,798,782,305,214
526,1023,0,288,1023,0,452,632,305,403,366,305,407,787,759,305,214
399,1023,0,153,1023,0,357,522,305,417,377,305,407,634,597,305,214
342,1023,0,162,1023,0,615,817,305,384,358,305,407,788,771,305,214
922,1023,0,618,1023,0,538,679,305,433,359,305,407,882,845,305,214
351,1023,0,146,1023,0,297,452,305,357,340,305,407,795,781,305,214
281,1023,0,213,1023,0,799,973,306,580,504,305,407,755,708,305,214
412,1023,0,270,1023,0,341,492,305,400,375,305,407,794,768,305,214
441,1023,0,300,1023,0,361,527,305,424,392,305,407,796,769,305,214
468,1023,0,412,1023,0,241,388,305,391,351,305,407,827,805,305,214
596,1023,0,379,1023,0,274,409,305,424,371,305,407,827,809,305,214
608,1023,0,312,1023,0,454,629,305,452,394,305,407,800,773,305,214
386,1023,0,191,1023,0,529,728,305,394,372,305,407,797,777,305,214
568,1023,0,353,1023,0,344,491,305,384,359,305,407,832,804,305,214
370,1023,0,187,1023,0,563,763,305,496,446,305,407,795,777,305,214
663,1023,0,517,1023,0,482,658,305,668,601,305,407,851,821,305,214
386,1023,0,131,1023,0,297,451,305,329,325,305,408,733,726,305,214
586,1023,0,516,1023,0,657,807,305,482,398,305,408,834,792,305,214
465,1023,0,374,1023,0,393,542,305,443,396,305,408,815,797,305,214
349,1023,0,167,1023,0,320,485,305,328,321,305,408,797,786,305,214
759,1023,0,664,1023,0,537,703,305,438,382,305,408,806,770,305,214
354,1023,0,252,1023,0,469,652,305,659,598,305,408,793,762,305,217
289,1023,0,72,721,0,204,368,305,585,554,305,408,807,792,305,217
388,1023,0,159,1023,0,399,572,305,336,319,305,408,793,778,305,217
412,1023,0,158,1023,0,299,445,305,367,347,305,408,791,775,305,217
437,1023,0,302,1023,0,705,888,305,469,412,305,408,801,762,305,217
636,1023,0,488,1023,0,283,386,305,391,349,305,408,787,745,305,217
258,1023,0,111,1023,0,366,559,305,320,320,305,408,803,789,305,217
496,1023,0,297,1023,0,411,575,305,367,346,305,408,789,769,305,217
458,1023,0,216,1023,0,508,700,305,377,353,305,408,785,772,305,217
600,1023,0,399,1023,0,652,835,305,622,560,305,408,788,757,305,217
399,1023,0,267,1023,0,226,379,305,333,325,305,408,768,746,305,217
984,1023,0,955,1023,0,867,1000,307,683,580,305,408,884,825,305,217
813,1023,0,494,1023,0,739,913,305,576,468,305,408,837,805,305,217
570,1023,0,420,1023,0,540,723,305,542,481,305,408,833,798,305,217
421,1023,0,201,1023,0,422,596,305,361,342,305,409,795,771,305,217
304,1023,0,229,1023,0,417,592,305,734,681,305,409,797,769,305,217
457,1023,0,228,1023,0,297,452,305,353,341,305,409,784,769,305,217
353,1023,0,138,1023,0,648,846,305,407,371,305,409,800,785,305,217
520,1023,0,313,1023,0,445,624,305,440,390,305,409,784,766,305,217
512,1023,0,391,1023,0,743,903,305,577,475,305,409,796,769,305,217
321,1023,0,146,1023,0,244,395,305,332,320,305,409,790,775,305,217
428,1023,0,241,1023,0,457,651,305,362,348,305,409,768,741,305,217
417,1023,0,230,1023,0,371,541,305,345,331,305,409,792,770,305,217
515,1023,0,316,1023,0,368,528,305,385,355,305,409,803,779,305,217
569,1023,0,299,1023,0,705,872,305,457,399,305,409,802,783,305,217
392,1023,0,312,1023,0,626,801,305,566,488,305,409,804,777,305,217
372,1023,0,225,1023,0,535,720,305,368,348,305,409,804,787,305,217
304,1023,0,148,1023,0,305,468,305,343,335,305,409,783,771,305,217
346,1023,0,216,1023,0,249,401,305,364,349,305,409,789,766,305,221
373,1023,0,152,1023,0,370,549,305,340,327,305,409,779,758,305,221
503,1023,0,183,1023,0,247,399,305,348,329,305,409,679,669,305,221
383,1023,0,147,1023,0,433,630,305,341,340,305,409,777,752,305,221
379,1023,0,342,1023,0,298,430,305,734,676,305,410,840,815,305,221
397,1023,0,297,1023,0,689,864,305,494,423,305,410,820,777,305,221
462,1023,0,276,1023,0,745,929,306,526,457,305,410,801,776,305,221
490,1023,0,290,1023,0,314,442,305,366,344,305,410,790,774,305,221
250,1023,0,153,1023,0,574,784,305,379,362,305,410,816,804,305,221
605,1023,0,308,1023,0,382,545,305,357,344,305,410,790,765,305,221
345,1023,0,172,1023,0,294,454,305,346,336,305,410,792,783,305,221
454,1023,0,299,1023,0,245,394,305,338,329,305,410,834,805,305,221
490,1023,0,409,1023,0,645,838,305,503,449,305,410,798,779,305,221
376,1023,0,152,1023,0,430,612,305,375,355,305,410,778,749,305,221
378,1023,0,158,1023,0,356,521,305,356,340,305,410,795,779,305,221
368,1023,0,174,1023,0,388,562,305,342,330,305,410,790,775,305,221
429,1023,0,212,1023,0,553,754,305,377,355,305,410,804,792,305,221
364,1023,0,155,1023,0,518,718,305,344,333,305,410,785,771,305,221
603,1023,0,800,1023,0,830,987,306,650,545,305,410,860,823,305,221
698,1023,0,353,1023,0,493,673,305,387,356,305,410,783,749,305,221
337,1023,0,112,1023,0,231,370,305,722,685,305,410,808,789,305,221
694,1023,0,521,1023,0,603,769,305,548,454,305,410,791,755,305,221
349,1023,0,272,1023,0,417,616,305,357,339,305,410,802,783,305,221
700,1023,0,522,1023,0,655,809,305,498,409,305,410,860,793,305,221
385,1023,0,263,1023,0,689,883,305,451,404,305,410,782,767,305,224
679,1023,0,415,1023,0,523,689,305,394,357,305,411,781,751,305,224
383,1023,0,176,1023,0,385,567,305,331,325,305,411,794,777,305,224
389,1023,0,237,1023,0,262,415,305,343,334,305,411,815,801,305,224
396,1023,0,223,1023,0,637,836,305,407,375,305,411,778,759,305,224
507,1023,0,249,1023,0,521,709,305,373,347,305,411,781,761,305,224
317,1023,0,148,1023,0,238,413,305,348,342,305,411,798,787,305,224
369,1023,0,216,1023,0,379,546,305,347,337,305,411,802,783,305,224
361,1023,0,183,1023,0,652,854,305,424,390,305,411,790,773,305,224
353,1023,0,197,1023,0,609,808,305,427,385,305,411,788,766,305,224
474,1023,0,195,1023,0,300,449,305,332,332,305,411,783,767,305,224
542,1023,0,321,1023,0,261,394,305,346,329,305,411,803,782,305,224
484,1023,0,371,1023,0,412,584,305,392,358,305,411,797,762,305,224
267,1023,0,224,1023,0,444,628,305,366,347,305,411,792,777,305,224
505,1023,0,284,1023,0,463,648,305,354,330,305,411,790,760,305,224
479,1023,0,233,1023,0,628,820,305,430,392,305,411,815,793,305,224
388,1023,0,175,1023,0,474,673,305,437,394,305,412,798,783,305,224
599,1023,0,316,1023,0,579,751,305,382,351,305,412,802,781,305,224
585,1023,0,581,1023,0,396,555,305,445,397,305,412,802,767,305,224
724,1023,0,406,1023,0,718,899,305,507,431,305,412,864,835,305,224
535,1023,0,284,1023,0,362,520,305,490,432,305,412,793,767,305,224
428,1023,0,298,1023,0,500,675,305,421,371,305,412,781,752,305,224
376,1023,0,148,1023,0,351,523,305,330,324,305,412,778,759,305,224
331,1023,0,214,1023,0,699,900,305,479,432,305,412,802,787,305,227
584,1023,0,533,1023,0,439,594,305,412,367,305,412,810,776,305,227
494,1023,0,287,1023,0,516,687,305,387,356,305,412,779,751,305,227
366,1023,0,265,1023,0,306,448,305,392,362,305,412,795,763,305,227
440,1023,0,305,1023,0,473,663,305,394,361,305,412,822,780,305,227
348,1023,0,154,1023,0,240,394,305,353,336,305,412,758,732,305,227
486,1023,0,349,1023,0,610,793,305,607,521,305,412,840,809,305,227
337,1023,0,211,1023,0,480,682,305,361,347,305,412,797,778,305,227
376,1023,0,194,1023,0,566,767,305,365,348,305,412,779,743,305,227
458,1023,0,263,1023,0,383,552,305,360,337,305,412,794,780,305,227
219,632,0,772,1023,0,0,310,305,302,309,305,412,614,445,305,227
431,1023,0,193,1023,0,498,692,305,417,383,305,412,797,761,305,227
345,1023,0,271,1023,0,464,663,305,359,342,305,413,790,774,305,227
568,1023,0,419,1023,0,859,1023,306,663,592,305,413,801,756,305,227
486,1023,0,269,1023,0,578,773,305,416,373,305,413,821,799,305,227
292,1023,0,207,1023,0,403,599,305,341,333,305,413,783,769,305,227
579,1023,0,267,1023,0,650,819,305,424,366,305,413,799,766,305,227
480,1023,0,232,1023,0,516,717,305,379,364,305,413,770,757,305,227
516,1023,0,449,1023,0,397,553,305,409,372,305,413,836,811,305,227
649,1023,0,514,1023,0,413,562,305,379,343,305,413,819,791,305,227
444,1023,0,169,1023,0,517,724,305,365,346,305,413,781,764,305,227
1023,1023,0,1023,1023,0,835,988,306,665,568,305,413,925,850,305,227
327,1023,0,184,1023,0,420,605,305,370,344,305,413,811,797,305,227
526,1023,0,328,1023,0,566,757,305,417,375,305,413,808,785,305,230
261,1023,0,162,1023,0,559,770,305,368,354,305,413,786,769,305,230
371,1023,0,208,1023,0,329,489,305,338,328,305,413,776,763,305,230
458,1023,0,331,1023,0,188,368,305,336,327,305,413,801,784,305,230
416,1023,0,276,1023,0,538,735,305,441,404,305,413,789,771,305,230
443,1023,0,216,1023,0,552,744,305,351,340,305,413,792,741,305,230
441,1023,0,225,1023,0,524,708,305,388,356,305,413,799,776,305,230
902,1023,0,617,1023,0,731,872,305,542,426,305,413,894,852,305,230
365,1023,0,316,1023,0,608,799,305,442,392,305,413,801,776,305,230
546,1023,0,305,1023,0,565,753,305,388,350,305,414,824,792,305,230
433,1023,0,211,1023,0,340,507,305,335,331,305,414,793,767,305,230
593,1023,0,401,1023,0,325,443,305,344,332,305,414,830,810,305,230
341,1023,0,237,1023,0,757,946,306,534,476,305,414,761,728,305,230
364,1023,0,156,1023,0,608,810,305,382,361,305,414,818,798,305,230
630,1023,0,380,1023,0,502,676,305,396,359,305,414,832,809,305,230
493,1023,0,296,1023,0,277,417,305,388,361,305,414,800,762,305,230
309,1023,0,416,1023,0,766,921,306,556,459,305,414,793,776,305,230
354,1023,0,208,1023,0,602,806,305,373,351,305,414,778,767,305,230
357,1023,0,194,1023,0,740,923,306,546,483,305,414,782,755,305,230
667,1023,0,570,1023,0,396,522,305,532,436,305,414,841,806,305,234
454,1023,0,281,1023,0,405,583,305,353,342,305,414,815,796,305,234
452,1023,0,286,1023,0,308,449,305,498,435,305,414,795,764,305,234
433,1023,0,247,1023,0,660,860,305,439,401,305,414,784,764,305,234
378,1023,0,293,1023,0,384,557,305,366,355,305,414,789,771,305,234
405,1023,0,224,1023,0,623,816,305,435,387,305,414,792,771,305,234
418,1023,0,272,1023,0,326,481,305,354,344,305,414,749,726,305,234
397,1023,0,216,1023,0,539,742,305,375,360,305,414,786,763,305,234
513,1023,0,383,1023,0,366,508,305,469,409,305,415,803,771,305,234
288,1023,0,155,1023,0,551,759,305,361,345,305,415,787,774,305,234
418,1023,0,260,1023,0,712,895,305,512,448,305,415,792,769,305,234
498,1023,0,268,1023,0,260,397,305,345,333,305,415,794,745,305,234
489,1023,0,525,1023,0,562,745,305,409,375,305,415,808,778,305,234
854,1023,0,1023,1023,0,992,1023,307,797,682,305,415,853,798,305,234
439,1023,0,275,1023,0,395,556,305,444,396,305,415,810,793,305,234
823,1023,0,751,1023,0,497,656,305,553,463,305,415,823,789,305,234
267,1023,0,89,1016,0,469,684,305,348,345,305,415,769,758,305,234
481,1023,0,326,1023,0,299,442,305,374,348,305,415,793,771,305,234
416,1023,0,194,1023,0,699,887,305,463,411,305,415,807,783,305,234
481,1023,0,268,1023,0,406,586,305,448,403,305,415,786,764,305,234
388,1023,0,296,1023,0,441,625,305,410,383,305,415,810,787,305,234
460,1023,0,356,1023,0,270,416,305,393,359,305,415,789,769,305,234
458,1023,0,294,1023,0,222,387,305,434,391,305,415,767,736,305,234
639,1023,0,421,1023,0,434,546,305,395,351,305,415,827,761,305,234
504,1023,0,318,1023,0,462,644,305,356,334,305,416,785,764,305,234
566,1023,0,418,1023,0,280,427,305,482,417,305,416,836,816,305,237
372,1023,0,180,1023,0,379,568,305,348,334,305,416,783,770,305,237
365,1023,0,216,1023,0,343,504,305,379,357,305,416,773,755,305,237
740,1023,0,479,1023,0,532,693,305,640,569,305,416,873,793,305,237
322,1023,0,137,1023,0,111,326,305,309,314,305,416,749,736,305,237
376,1023,0,192,1023,0,311,465,305,324,322,305,416,773,759,305,237
341,1023,0,188,1023,0,311,453,305,359,338,305,416,817,789,305,237
542,1023,0,399,1023,0,734,887,305,539,443,305,416,789,767,305,237
333,1023,0,143,1023,0,431,627,305,375,349,305,416,784,770,305,237
475,1023,0,314,1023,0,499,675,305,360,339,305,416,778,750,305,237
382,1023,0,251,1023,0,517,704,305,376,350,305,416,810,770,305,237
388,1023,0,220,1023,0,444,630,305,359,337,305,417,785,755,305,237
476,1023,0,296,1023,0,615,808,305,409,367,305,417,814,786,305,237
371,1023,0,175,1023,0,302,456,305,336,329,305,417,801,786,305,237
771,1023,0,642,1023,0,743,908,305,545,453,305,417,916,882,305,240
442,1023,0,207,1023,0,266,416,305,344,331,305,417,792,775,305,240
293,1023,0,163,1023,0,277,437,305,332,326,305,417,777,768,305,240
340,1023,0,140,1023,0,225,382,305,334,325,305,417,778,764,305,240
549,1023,0,479,1023,0,732,919,306,514,451,305,417,862,840,305,240
288,1023,0,141,1023,0,355,538,305,330,332,305,417,799,789,305,240
369,1023,0,242,1023,0,207,359,305,369,352,305,417,804,790,305,240
321,1023,0,185,1023,0,383,560,305,349,341,305,417,794,779,305,240
421,1023,0,287,1023,0,492,684,305,343,329,305,417,790,773,305,240
344,1023,0,199,1023,0,383,561,305,356,339,305,417,774,749,305,240
473,1023,0,224,1023,0,666,852,305,431,379,305,417,797,775,305,240
629,1023,0,344,1023,0,569,729,305,461,393,305,418,781,750,305,240
537,1023,0,461,1023,0,688,845,305,537,426,305,418,803,742,305,240
255,1023,0,98,1023,0,377,574,305,340,336,305,418,779,771,305,240
387,1023,0,161,1023,0,338,491,305,356,340,305,418,771,755,305,240
609,1023,0,360,1023,0,788,967,306,559,498,305,418,778,748,305,240
276,1023,0,128,1023,0,446,652,305,356,343,305,418,804,795,305,240
410,1023,0,258,1023,0,412,595,305,380,360,305,418,804,780,305,240
353,1023,0,226,1023,0,647,838,305,431,386,305,418,801,761,305,244
671,1023,0,497,1023,0,696,849,305,499,399,305,418,861,817,305,244
575,1023,0,296,1023,0,256,399,305,340,329,305,418,818,795,305,244
413,1023,0,209,1023,0,396,580,305,396,367,305,418,757,741,305,244
371,1023,0,180,1023,0,553,756,305,364,347,305,418,778,760,305,244
446,1023,0,308,1023,0,458,652,305,388,367,305,418,772,758,305,244
252,1023,0,116,1023,0,283,441,305,334,327,305,418,781,767,305,244
345,1023,0,303,1023,0,297,443,305,390,354,305,419,787,751,305,244
279,1023,0,171,1023,0,249,400,305,333,326,305,419,781,767,305,244
401,1023,0,332,1023,0,424,602,305,359,339,305,419,821,798,305,244
434,1023,0,194,1023,0,473,671,305,329,324,305,419,766,751,305,244
288,1023,0,204,1023,0,713,892,305,493,424,305,419,791,769,305,244
558,1023,0,462,1023,0,327,479,305,538,464,305,419,680,619,305,244
289,1023,0,412,1023,0,773,936,306,609,521,305,419,812,785,305,244
680,1023,0,797,1023,0,303,434,305,616,536,305,419,851,822,305,244
347,1023,0,153,1023,0,780,978,306,542,497,305,419,795,778,305,244
355,1023,0,163,1023,0,574,776,305,385,358,305,419,808,776,305,244
303,1023,0,144,1023,0,313,482,305,324,313,305,419,781,769,305,244
358,1023,0,163,1023,0,430,625,305,337,329,305,419,787,774,305,244
272,1023,0,132,1023,0,400,580,305,330,325,305,419,776,762,305,244
485,1023,0,269,1023,0,630,827,305,412,379,305,419,800,770,305,244
538,1023,0,275,1023,0,492,673,305,380,347,305,419,794,768,305,247
481,1023,0,208,1023,0,438,624,305,360,341,305,419,800,780,305,247
361,1023,0,179,1023,0,456,661,305,346,342,305,420,801,786,305,247
442,1023,0,213,1023,0,724,905,305,589,514,305,420,790,757,305,247
385,1023,0,160,1023,0,453,644,305,342,326,305,420,797,782,305,247
434,1023,0,265,1023,0,466,654,305,349,332,305,420,799,781,305,247
390,1023,0,212,1023,0,724,917,305,497,441,305,420,808,791,305,247
407,1023,0,306,1023,0,452,656,305,340,332,305,420,805,785,305,247
283,1023,0,184,1023,0,215,382,305,383,363,305,420,795,780,305,247
497,1023,0,399,1023,0,608,782,305,412,361,305,420,788,767,305,247
343,1023,0,200,1023,0,333,492,305,394,371,305,420,799,787,305,247
476,1023,0,231,1023,0,255,394,305,393,361,305,420,776,745,305,247
508,1023,0,274,1023,0,304,441,305,356,333,305,420,798,766,305,247
266,1023,0,157,1023,0,254,408,305,338,325,305,420,794,781,305,247
428,1023,0,207,1023,0,314,464,305,408,378,305,420,796,768,305,247
691,1023,0,549,1023,0,700,864,305,518,426,305,420,803,755,305,247
482,1023,0,290,1023,0,515,708,305,367,342,305,420,777,741,305,247
687,1023,0,346,1023,0,384,521,305,404,356,305,420,841,810,305,247
455,1023,0,185,1023,0,331,484,305,345,331,305,421,771,756,305,250
261,1023,0,139,1023,0,471,688,305,337,328,305,421,780,768,305,250
578,1023,0,394,1023,0,467,634,305,403,363,305,421,811,781,305,250
383,1023,0,203,1023,0,331,480,305,386,371,305,421,802,782,305,250
560,1023,0,346,1023,0,639,837,305,413,379,305,421,801,781,305,250
301,1023,0,119,1023,0,134,335,305,314,316,305,421,772,757,305,250
296,1023,0,129,1023,0,170,354,305,331,322,305,421,794,781,305,250
429,1023,0,217,1023,0,491,683,305,362,342,305,421,789,773,305,250
406,1023,0,213,1023,0,345,494,305,358,338,305,421,792,780,305,250
624,1023,0,461,1023,0,483,657,305,534,460,305,421,819,781,305,250
442,1023,0,197,1023,0,551,747,305,393,358,305,421,809,794,305,250
372,1023,0,162,1023,0,284,435,305,321,317,305,421,769,756,305,250
569,1023,0,562,1023,0,744,918,306,558,478,305,422,825,787,305,250
378,1023,0,157,1023,0,418,611,305,336,334,305,422,801,784,305,250
400,1023,0,235,1023,0,655,845,305,434,388,305,422,786,771,305,250
516,1023,0,428,1023,0,724,891,305,533,453,305,422,802,771,305,250
522,1023,0,258,1023,0,290,436,305,420,387,305,422,774,744,305,250
464,1023,0,656,1023,0,753,904,305,591,460,305,422,765,697,305,250
563,1023,0,473,1023,0,730,903,305,506,435,305,422,816,791,305,250
1023,1023,0,1023,1023,0,1012,1023,309,831,674,305,422,1023,911,305,250
438,1023,0,379,1023,0,338,500,305,514,456,305,422,795,776,305,250
537,1023,0,450,1023,0,643,811,305,535,458,305,422,827,786,305,250
400,1023,0,168,1023,0,449,640,305,336,329,305,422,756,727,305,254
387,1023,0,169,1023,0,436,624,305,358,339,305,422,806,792,305,254
346,1023,0,136,1023,0,253,413,305,336,329,305,422,768,754,305,254
534,1023,0,240,1023,0,609,794,305,392,367,305,422,787,770,305,254
466,1023,0,567,1023,0,308,453,305,451,405,305,422,821,792,305,254
517,1023,0,299,1023,0,641,820,305,422,380,305,422,761,745,305,254
392,1023,0,331,1023,0,555,753,305,538,479,305,422,816,799,305,254
351,1023,0,167,1023,0,625,819,305,451,401,305,422,817,800,305,254
541,1023,0,370,1023,0,525,695,305,432,379,305,422,788,754,305,254
401,1023,0,262,1023,0,416,599,305,439,396,305,422,792,768,305,254
354,1023,0,160,1023,0,507,707,305,452,399,305,423,794,766,305,254
984,1023,0,1023,1023,0,823,982,306,665,568,305,423,927,885,305,254
408,1023,0,190,1023,0,217,372,305,327,318,305,423,779,765,305,254
493,1023,0,362,1023,0,710,901,305,542,483,305,423,798,775,305,254
320,1023,0,131,1023,0,552,766,305,339,333,305,423,783,770,305,254
440,1023,0,384,1023,0,326,474,305,467,414,305,423,809,783,305,254
366,1023,0,154,1023,0,244,400,305,334,320,305,423,763,754,305,254
361,1023,0,328,1023,0,713,892,305,697,640,305,423,804,779,305,254
307,1023,0,164,1023,0,536,743,305,381,372,305,423,785,773,305,257
575,1023,0,390,1023,0,652,811,305,436,368,305,423,860,834,305,257
641,1023,0,303,1023,0,558,757,305,393,370,305,423,811,790,305,257
327,1023,0,173,1023,0,541,744,305,460,416,305,423,775,758,305,257
1023,1023,0,1023,1023,0,669,808,305,609,468,305,423,902,848,305,257
513,1023,0,408,1023,0,350,495,305,392,355,305,423,830,809,305,257
347,1023,0,112,876,0,359,515,305,708,668,305,424,812,794,305,257
482,1023,0,224,1023,0,474,661,305,400,366,305,424,817,800,305,257
425,1023,0,273,1023,0,225,370,305,365,343,305,424,810,787,305,257
475,1023,0,315,1023,0,412,577,305,394,364,305,424,799,779,305,257
338,1023,0,215,1023,0,650,854,305,472,434,305,424,793,767,305,257
862,1023,0,698,1023,0,360,498,305,518,429,305,424,860,826,305,257
354,1023,0,137,1023,0,623,823,305,386,360,305,424,789,774,305,257
478,1023,0,261,1023,0,550,725,305,381,347,305,424,816,793,305,257
378,1023,0,153,1023,0,439,601,305,734,681,305,424,794,773,305,257
395,1023,0,172,1023,0,519,721,305,383,354,305,424,781,758,305,257
423,1023,0,255,1023,0,308,448,305,321,326,305,424,789,770,305,257
362,1023,0,238,1023,0,598,801,305,389,368,305,424,792,769,305,257
742,1023,0,548,1023,0,294,421,305,361,333,305,424,827,806,305,257
479,1023,0,246,1023,0,484,653,305,435,385,305,424,793,770,305,257
424,1023,0,227,1023,0,275,424,305,362,340,305,425,803,784,305,257
328,1023,0,130,1023,0,456,659,305,336,324,305,425,788,772,305,257
476,1023,0,331,1023,0,263,415,305,404,376,305,425,796,771,305,257
292,1023,0,204,1023,0,622,828,305,416,390,305,425,804,788,305,260
354,1023,0,165,1023,0,345,514,305,392,369,305,425,791,779,305,260
413,1023,0,188,1023,0,475,663,305,331,325,305,425,771,756,305,260
320,1023,0,145,1023,0,694,893,305,457,417,305,425,777,764,305,260
437,1023,0,153,1023,0,485,683,305,340,325,305,425,769,745,305,260
576,1023,0,308,1023,0,248,388,305,375,355,305,425,775,739,305,260
474,1023,0,534,1023,0,546,715,305,568,480,305,425,823,784,305,260
427,1023,0,214,1023,0,609,796,305,470,411,305,425,790,762,305,260
587,1023,0,298,1023,0,490,670,305,380,347,305,425,790,771,305,260
395,1023,0,217,1023,0,627,833,305,456,425,305,425,806,790,305,260
418,1023,0,278,1023,0,430,623,305,375,346,305,425,835,806,305,260
318,1023,0,138,1023,0,186,373,305,330,336,305,426,786,766,305,260
405,1023,0,232,1023,0,379,548,305,386,351,305,426,797,778,305,260
515,1023,0,232,1023,0,568,768,305,377,343,305,426,841,805,305,260
336,1023,0,176,1023,0,515,725,305,415,395,305,426,775,763,305,260
638,1023,0,879,1023,0,824,999,306,715,649,305,426,902,856,305,260
261,1023,0,138,1023,0,394,580,305,336,323,305,426,795,779,305,260
410,1023,0,162,1023,0,431,616,305,338,324,305,426,774,767,305,260
439,1023,0,258,1023,0,581,773,305,434,392,305,426,794,775,305,260
387,1023,0,159,1023,0,252,408,305,384,362,305,426,776,751,305,260
334,1023,0,220,1023,0,599,783,305,448,403,305,426,791,774,305,260
455,1023,0,346,1023,0,407,597,305,476,431,305,426,778,750,305,260
523,1023,0,255,1023,0,728,905,305,530,462,305,426,838,819,305,260
630,1023,0,330,1023,0,281,421,305,334,336,305,426,778,754,305,263
600,1023,0,486,1023,0,496,655,305,634,536,305,427,796,765,305,263
337,1023,0,226,1023,0,435,623,305,367,348,305,427,796,770,305,263
383,1023,0,203,1023,0,285,432,305,331,329,305,427,795,781,305,263
395,1023,0,239,1023,0,375,545,305,329,325,305,427,784,764,305,263
365,1023,0,297,1023,0,709,894,305,549,482,305,427,805,780,305,263
593,1023,0,456,1023,0,295,429,305,490,478,305,427,784,743,305,263
473,1023,0,262,1023,0,642,817,305,435,380,305,427,803,787,305,263
381,1023,0,248,1023,0,272,408,305,389,360,305,427,791,753,305,263
413,1023,0,198,1023,0,286,436,305,344,332,305,427,811,790,305,263
374,1023,0,147,1023,0,409,591,305,331,326,305,427,788,770,305,263
499,1023,0,198,1023,0,501,689,305,416,369,305,427,786,768,305,263
494,1023,0,248,1023,0,338,499,305,352,338,305,427,847,829,305,263
499,1023,0,364,1023,0,504,673,305,469,399,305,427,818,764,305,263
464,1023,0,387,1023,0,770,953,306,566,504,305,427,827,801,305,263
511,1023,0,380,1023,0,596,768,305,472,408,305,427,806,775,305,263
461,1023,0,425,1023,0,662,835,305,522,446,305,427,821,795,305,263
564,1023,0,401,1023,0,505,697,305,392,356,305,428,814,795,305,263
403,1023,0,287,1023,0,654,827,305,539,441,305,428,810,783,305,263
631,1023,0,390,1023,0,735,917,305,554,480,305,428,821,780,305,267
325,1023,0,158,1023,0,250,418,305,366,360,305,428,772,754,305,267
481,1023,0,319,1023,0,386,546,305,380,354,305,428,827,804,305,267
418,1023,0,226,1023,0,300,446,305,393,367,305,428,779,758,305,267
359,1023,0,246,1023,0,463,654,305,401,363,305,428,803,779,305,267
527,1023,0,302,1023,0,368,522,305,401,360,305,428,795,766,305,267
443,1023,0,267,1023,0,640,835,305,422,377,305,428,788,755,305,267
401,1023,0,272,1023,0,456,654,305,417,391,305,428,804,791,305,267
377,1023,0,389,1023,0,749,931,306,594,522,305,428,835,807,305,267
433,1023,0,488,1023,0,762,928,306,604,514,305,428,822,769,305,267
455,1023,0,197,1023,0,309,469,305,358,340,305,428,794,770,305,267
357,1023,0,280,1023,0,676,861,305,516,451,305,428,805,762,305,267
440,1023,0,290,1023,0,230,387,305,353,334,305,429,762,731,305,267
289,1023,0,117,1023,0,271,431,305,327,324,305,429,785,775,305,267
387,1023,0,232,1023,0,642,836,305,461,413,305,429,809,793,305,267
515,1023,0,251,1023,0,502,686,305,380,354,305,429,780,752,305,267
487,1023,0,229,1023,0,383,545,305,350,337,305,429,776,762,305,267
310,1023,0,238,1023,0,389,561,305,402,372,305,429,796,749,305,267
576,1023,0,247,1023,0,446,594,305,371,339,305,429,856,800,305,267
546,1023,0,308,1023,0,336,492,305,389,360,305,429,790,768,305,267
383,1023,0,251,1023,0,653,840,305,530,456,305,429,821,804,305,267
394,1023,0,184,1023,0,504,705,305,342,330,305,429,799,786,305,270
453,1023,0,303,1023,0,447,629,305,399,363,305,429,792,756,305,270
476,1023,0,391,1023,0,677,858,305,513,437,305,429,823,796,305,270
328,1023,0,189,1023,0,506,670,305,397,365,305,429,798,771,305,270
337,1023,0,174,1023,0,475,676,305,361,340,305,429,784,772,305,270
364,1023,0,156,1023,0,348,515,305,334,326,305,429,793,780,305,270
387,1023,0,180,1023,0,407,591,305,331,317,305,429,798,774,305,270
362,1023,0,135,1023,0,247,399,305,333,329,305,430,771,761,305,270
355,1023,0,176,1023,0,346,516,305,333,335,305,430,792,776,305,270
504,1023,0,677,1023,0,329,495,305,365,343,305,430,831,810,305,270
411,1023,0,258,1023,0,427,601,305,372,352,305,430,799,774,305,270
343,1023,0,133,1023,0,156,343,305,323,315,305,430,791,767,305,270
462,1023,0,247,1023,0,336,488,305,338,329,305,430,814,789,305,270
776,1023,0,553,1023,0,807,982,306,616,546,305,430,867,822,305,270
423,1023,0,351,1023,0,306,433,305,418,384,305,430,851,829,305,270
407,1023,0,227,1023,0,332,485,305,375,350,305,430,790,775,305,270
340,1023,0,344,1023,0,722,897,305,565,482,305,430,810,779,305,270
236,1023,0,131,1023,0,484,681,305,424,382,305,430,799,762,305,270
359,1023,0,234,1023,0,614,808,305,479,435,305,430,841,821,305,273
357,1023,0,228,1023,0,582,776,305,371,350,305,431,842,830,305,273
445,1023,0,276,1023,0,281,438,305,400,361,305,431,794,773,305,273
430,1023,0,274,1023,0,461,650,305,396,363,305,431,829,817,305,273
219,1023,0,123,1023,0,630,849,305,432,406,305,431,779,773,305,273
355,1023,0,167,1023,0,452,649,305,370,349,305,431,780,761,305,273
245,1023,0,230,1023,0,674,881,305,675,637,305,431,822,790,305,273
476,1023,0,264,1023,0,552,748,305,417,386,305,431,836,820,305,273
417,1023,0,309,1023,0,547,741,305,475,426,305,431,813,789,305,273
531,1023,0,362,1023,0,280,417,305,426,379,305,431,802,774,305,273
477,1023,0,251,1023,0,311,449,305,365,341,305,431,783,768,305,273
501,1023,0,320,1023,0,238,386,305,345,337,305,431,794,780,305,273
342,1023,0,152,1023,0,392,585,305,329,327,305,432,774,759,305,273
541,1023,0,346,1023,0,547,716,305,432,379,305,432,789,752,305,273
668,1023,0,391,1023,0,575,758,305,498,427,305,432,838,802,305,277
354,1023,0,247,1023,0,613,821,305,404,380,305,432,803,788,305,277
553,1023,0,418,1023,0,465,630,305,395,360,305,432,777,732,305,277
562,1023,0,542,1023,0,660,840,305,432,381,305,432,819,788,305,277
280,1023,0,155,1023,0,468,677,305,339,328,305,432,769,754,305,277
373,1023,0,296,1023,0,688,879,305,610,569,305,432,805,790,305,277
357,1023,0,185,1023,0,355,531,305,322,316,305,432,778,768,305,277
385,1023,0,348,1023,0,831,1012,306,613,557,305,432,788,756,305,277
236,1023,0,183,1023,0,467,679,305,723,689,305,432,690,663,305,277
296,1023,0,117,1023,0,508,720,305,342,333,305,432,801,792,305,277
410,1023,0,375,1023,0,287,412,305,463,400,305,432,799,752,305,277
432,1023,0,337,1023,0,689,880,305,469,422,305,432,805,781,305,277
381,1023,0,182,1023,0,660,850,305,449,405,305,432,781,755,305,277
363,1023,0,134,1023,0,317,478,305,320,320,305,432,791,770,305,277
294,1023,0,175,1023,0,720,927,306,511,474,305,432,795,782,305,277
312,1023,0,108,1023,0,262,410,305,314,313,305,432,707,688,305,277
517,1023,0,279,1023,0,604,792,305,390,359,305,432,776,751,305,277
428,1023,0,214,1023,0,262,402,305,347,332,305,432,794,774,305,277
388,1023,0,147,1023,0,404,579,305,367,354,305,433,772,760,305,277
361,1023,0,177,1023,0,424,618,305,413,384,305,433,798,783,305,277
455,1023,0,241,1023,0,391,559,305,344,337,305,433,784,759,305,277
584,1023,0,460,1023,0,708,874,305,624,525,305,433,836,800,305,277
410,1023,0,174,1023,0,505,695,305,359,342,305,433,806,793,305,277
438,1023,0,301,1023,0,443,610,305,387,360,305,433,803,781,305,277
543,1023,0,297,1023,0,380,531,305,402,364,305,433,804,779,305,277
447,1023,0,400,1023,0,625,795,305,463,400,305,433,805,774,305,280
424,1023,0,231,1023,0,842,1015,306,639,580,305,433,795,775,305,280
432,1023,0,292,1023,0,765,931,306,628,546,305,433,841,813,305,280
441,1023,0,217,1023,0,302,462,305,344,333,305,433,774,755,305,280
653,1023,0,362,1023,0,482,648,305,419,369,305,433,765,728,305,280
344,1023,0,185,1023,0,248,397,305,344,335,305,433,805,790,305,280
370,1023,0,202,1023,0,417,609,305,358,349,305,433,797,777,305,280
317,1023,0,241,1023,0,398,573,305,407,376,305,433,801,785,305,280
403,1023,0,243,1023,0,324,482,305,335,331,305,434,835,821,305,280
726,1023,0,679,1023,0,746,931,306,544,470,305,434,843,811,305,280
511,1023,0,304,1023,0,480,654,305,526,480,305,434,813,786,305,280
463,1023,0,238,1023,0,633,819,305,426,382,305,434,797,779,305,280
410,1023,0,273,1023,0,660,849,305,435,395,305,434,762,739,305,280
624,1023,0,820,1023,0,849,984,307,676,564,305,434,824,750,305,280
364,1023,0,169,1023,0,690,876,305,475,409,305,434,771,746,305,280
147,1023,0,31,392,0,34,324,305,480,467,305,434,774,767,305,283
509,1023,0,445,1023,0,786,964,306,578,507,305,434,803,774,305,283
372,1023,0,191,1023,0,177,350,305,329,327,305,434,739,717,305,283
441,1023,0,224,1023,0,274,418,305,368,340,305,434,760,741,305,283
573,1023,0,304,1023,0,362,500,305,393,355,305,434,802,774,305,283
457,1023,0,153,1023,0,374,551,305,354,336,305,434,798,787,305,283
403,1023,0,260,1023,0,663,854,305,444,404,305,435,845,826,305,283
386,1023,0,209,1023,0,500,698,305,367,351,305,435,789,766,305,283
588,1023,0,367,1023,0,593,781,305,421,376,305,435,766,745,305,283
635,1023,0,405,1023,0,708,876,305,530,458,305,435,807,771,305,283
479,1023,0,292,1023,0,735,913,305,651,578,305,435,804,774,305,283
923,1023,0,866,1023,0,889,1019,307,695,580,305,435,834,795,305,283
376,1023,0,229,1023,0,627,821,305,390,359,305,435,803,788,305,283
476,1023,0,257,1023,0,222,380,305,358,331,305,435,759,739,305,283
882,1023,0,862,1023,0,788,924,306,622,498,305,435,813,750,305,283
340,1023,0,104,1023,0,199,369,305,334,327,305,435,768,744,305,283
360,1023,0,141,1023,0,545,742,305,362,349,305,435,795,773,305,283
565,1023,0,330,1023,0,481,647,305,408,367,305,436,784,761,305,286
348,1023,0,166,1023,0,420,612,305,336,328,305,436,793,782,305,286
605,1023,0,387,1023,0,682,850,305,588,491,305,436,856,803,305,286
617,1023,0,401,1023,0,392,543,305,378,350,305,436,769,747,305,286
379,1023,0,187,1023,0,213,371,305,335,324,305,436,810,796,305,286
404,1023,0,337,1023,0,518,709,305,437,395,305,436,813,789,305,286
339,1023,0,158,1023,0,529,738,305,357,350,305,436,765,747,305,286
430,1023,0,221,1023,0,598,802,305,445,412,305,436,834,812,305,286
335,1023,0,161,1023,0,450,641,305,456,402,305,436,787,770,305,286
424,1023,0,248,1023,0,385,559,305,366,346,305,436,820,802,305,286
555,1023,0,344,1023,0,722,906,305,482,421,305,436,765,729,305,286
489,1023,0,220,1023,0,662,830,305,424,367,305,436,760,738,305,286
357,1023,0,145,1023,0,252,396,305,320,317,305,436,785,759,305,286
439,1023,0,186,1023,0,614,813,305,371,354,305,436,780,761,305,286
458,1023,0,281,1023,0,385,566,305,372,352,305,436,797,778,305,286
535,1023,0,303,1023,0,430,569,305,519,436,305,436,792,752,305,286
429,1023,0,193,1023,0,495,680,305,383,365,305,436,796,781,305,286
586,1023,0,379,1023,0,377,535,305,429,384,305,436,741,706,305,286
382,1023,0,319,1023,0,505,691,305,449,399,305,436,830,814,305,286
461,1023,0,248,1023,0,533,729,305,364,345,305,436,796,779,305,290
516,1023,0,266,1023,0,413,576,305,449,398,305,437,781,752,305,290
594,1023,0,475,1023,0,403,558,305,372,352,305,437,782,761,305,290
321,1023,0,165,1023,0,731,896,305,507,418,305,437,812,785,305,290
422,1023,0,241,1023,0,628,830,305,434,394,305,437,790,774,305,290
444,1023,0,278,1023,0,350,511,305,433,402,305,437,807,792,305,290
509,1023,0,342,1023,0,327,477,305,428,391,305,437,808,772,305,290
358,1023,0,114,1023,0,223,383,305,332,327,305,437,799,789,305,290
326,1023,0,161,1023,0,258,414,305,329,322,305,437,799,786,305,290
457,1023,0,275,1023,0,767,922,306,556,450,305,437,788,740,305,290
370,1023,0,328,1023,0,657,837,305,459,394,305,437,817,769,305,290
391,1023,0,153,1023,0,576,768,305,390,362,305,437,776,760,305,290
361,1023,0,230,1023,0,709,889,305,592,526,305,437,806,785,305,290
242,1023,0,106,1023,0,503,721,305,338,333,305,437,793,782,305,290
392,1023,0,171,1023,0,252,409,305,357,343,305,437,776,756,305,290
383,1023,0,146,1023,0,541,743,305,368,348,305,437,765,732,305,290
650,1023,0,711,1023,0,721,871,305,539,440,305,437,867,825,305,293
363,1023,0,185,1023,0,489,687,305,359,336,305,437,793,780,305,293
434,1023,0,585,1023,0,810,972,306,617,531,305,438,879,839,305,293
410,1023,0,286,1023,0,419,596,305,334,324,305,438,828,803,305,293
222,1023,0,233,1023,0,746,930,306,586,516,305,438,803,781,305,293
419,1023,0,163,1023,0,355,519,305,326,320,305,438,751,732,305,293
400,1023,0,190,1023,0,323,476,305,360,334,305,438,805,783,305,293
607,1023,0,470,1023,0,588,764,305,421,372,305,438,795,767,305,293
275,1023,0,106,1023,0,185,363,305,414,400,305,438,565,539,305,293
524,1023,0,387,1023,0,528,719,305,365,347,305,438,843,817,305,293
385,1023,0,225,1023,0,637,836,305,414,380,305,438,813,796,305,293
362,1023,0,185,1023,0,362,526,305,320,315,305,438,757,742,305,293
468,1023,0,207,1023,0,350,495,305,344,333,305,438,780,764,305,293
271,1023,0,101,1023,0,165,347,305,312,318,305,438,771,760,305,293
427,1023,0,265,1023,0,332,482,305,367,342,305,438,787,747,305,293
428,1023,0,220,1023,0,401,567,305,345,330,305,438,767,741,305,293
341,1023,0,186,1023,0,663,853,305,585,525,305,439,795,780,305,293
297,1023,0,184,1023,0,589,779,305,602,532,305,439,794,760,305,293
687,1023,0,619,1023,0,324,448,305,479,406,305,439,754,711,305,296
407,1023,0,246,1023,0,731,922,306,495,439,305,439,783,764,305,296
1016,1023,0,949,1023,0,761,909,305,583,472,305,439,920,852,305,296
368,1023,0,165,1023,0,222,370,305,356,342,305,439,788,772,305,296
535,1023,0,274,1023,0,700,869,305,558,463,305,439,833,802,305,296
449,1023,0,198,1023,0,379,543,305,383,357,305,439,782,752,305,296
264,1023,0,111,1023,0,154,350,305,331,324,305,439,775,759,305,296
341,1023,0,185,1023,0,535,738,305,512,461,305,439,788,773,305,296
401,1023,0,262,1023,0,394,555,305,383,357,305,440,782,750,305,296
400,1023,0,266,1023,0,631,818,305,409,373,305,440,790,760,305,296
744,1023,0,381,1023,0,803,967,306,584,492,305,440,859,796,305,296
408,1023,0,179,1023,0,471,664,305,340,329,305,440,800,789,305,296
291,1023,0,157,1023,0,226,388,305,325,320,305,440,782,775,305,296
458,1023,0,319,1023,0,401,549,305,441,383,305,440,842,816,305,296
303,1023,0,183,1023,0,356,532,305,333,327,305,440,569,530,305,296
384,1023,0,242,1023,0,469,662,305,369,353,305,440,795,778,305,296
417,1023,0,196,1023,0,414,592,305,357,337,305,440,786,768,305,296
376,1023,0,243,1023,0,728,911,305,515,446,305,440,856,831,305,296
37,347,0,10,107,0,0,312,305,606,605,305,440,599,601,305,300
387,1023,0,206,1023,0,716,912,305,618,568,305,440,797,778,305,300
413,1023,0,240,1023,0,690,876,305,452,395,305,440,810,785,305,300
584,1023,0,490,1023,0,663,833,305,467,394,305,440,803,775,305,300
339,1023,0,180,1023,0,690,891,305,468,424,305,440,805,789,305,300
555,1023,0,379,1023,0,297,419,305,430,372,305,441,779,749,305,300
366,1023,0,247,1023,0,452,633,305,506,446,305,441,820,796,305,300
384,1023,0,137,1023,0,263,396,305,324,318,305,441,758,746,305,300
486,1023,0,348,1023,0,487,673,305,423,380,305,441,813,790,305,300
432,1023,0,322,1023,0,702,863,305,507,423,305,441,769,745,305,300
329,1023,0,185,1023,0,569,773,305,412,376,305,441,793,776,305,300
334,1023,0,173,1023,0,410,600,305,337,333,305,441,793,780,305,300
368,1023,0,157,1023,0,664,870,305,419,386,305,441,783,760,305,300
370,1023,0,114,1023,0,169,354,305,315,317,305,441,785,774,305,300
426,1023,0,361,1023,0,484,665,305,421,377,305,441,792,762,305,300
282,1023,0,99,1023,0,171,362,305,318,328,305,441,784,769,305,300
371,1023,0,126,1023,0,423,614,305,337,335,305,441,777,761,305,300
437,1023,0,191,1023,0,249,399,305,364,342,305,441,768,747,305,300
360,1023,0,214,1023,0,555,749,305,431,383,305,441,808,786,305,300
419,1023,0,238,1023,0,621,809,305,455,405,305,441,777,741,305,300
447,1023,0,218,1023,0,402,571,305,387,358,305,441,782,768,305,300
468,1023,0,235,1023,0,713,898,305,456,402,305,441,782,768,305,300
542,1023,0,383,1023,0,325,454,305,401,363,305,441,755,724,305,303
551,1023,0,298,1023,0,356,522,305,356,335,305,441,841,820,305,303
402,1023,0,294,1023,0,562,757,305,386,366,305,441,793,757,305,303
433,1023,0,409,1023,0,642,825,305,602,526,305,441,805,770,305,303
56,516,0,25,340,0,88,318,305,539,538,305,441,620,622,305,303
581,1023,0,477,1023,0,707,897,305,719,673,305,442,842,816,305,303
606,1023,0,421,1023,0,788,932,306,583,463,305,442,848,776,305,303
501,1023,0,315,1023,0,433,607,305,362,338,305,442,789,773,305,303
406,1023,0,150,1023,0,504,691,305,362,340,305,442,784,759,305,303
349,1023,0,114,1023,0,226,384,305,333,321,305,442,761,743,305,303
497,1023,0,506,1023,0,571,748,305,437,382,305,442,795,769,305,303
573,1023,0,439,1023,0,793,965,306,576,502,305,442,788,760,305,303
793,1023,0,614,1023,0,880,1023,306,708,652,305,442,860,805,305,306
194,1023,0,51,617,0,107,333,305,543,535,305,442,684,684,305,306
366,1023,0,190,1023,0,465,663,305,338,330,305,442,775,764,305,306
533,1023,0,298,1023,0,375,531,305,387,354,305,442,795,768,305,306
265,1023,0,98,1023,0,208,367,305,699,675,305,442,808,799,305,306
183,1023,0,68,868,0,104,329,305,545,511,305,442,803,795,305,306
504,1023,0,524,1023,0,423,586,305,393,360,305,442,816,797,305,306
495,1023,0,450,1023,0,306,464,305,373,347,305,442,851,818,305,306
559,1023,0,255,1023,0,699,842,305,510,406,305,443,790,753,305,306
705,1023,0,505,1023,0,782,926,306,601,476,305,443,847,818,305,306
382,1023,0,248,1023,0,436,618,305,367,352,305,443,751,728,305,306
291,1023,0,183,1023,0,581,779,305,454,411,305,443,558,516,305,306
365,1023,0,255,1023,0,433,603,305,363,345,305,443,804,783,305,306
380,1023,0,164,1023,0,340,482,305,341,335,305,443,628,590,305,306
357,1023,0,199,1023,0,477,677,305,368,349,305,443,792,772,305,306
308,1023,0,171,1023,0,520,729,305,358,343,305,443,797,780,305,306
340,1023,0,238,1023,0,332,516,305,386,374,305,443,781,768,305,306
296,1023,0,173,1023,0,627,831,305,454,420,305,443,826,814,305,306
356,1023,0,170,1023,0,381,559,305,338,339,305,443,769,756,305,306
468,1023,0,240,1023,0,462,652,305,328,326,305,443,843,822,305,306
595,1023,0,575,1023,0,331,501,305,488,440,305,443,883,844,305,306
657,1023,0,410,1023,0,455,621,305,414,372,305,443,755,718,305,306
518,1023,0,310,1023,0,273,397,305,412,371,305,443,804,780,305,306
767,1023,0,471,1023,0,803,953,306,595,483,305,443,848,781,305,306
576,1023,0,376,1023,0,359,500,305,494,433,305,443,785,738,305,306
360,1023,0,137,1023,0,418,608,305,343,332,305,443,776,761,305,306
297,1023,0,72,777,0,559,776,305,357,342,305,443,710,696,305,306
307,1023,0,213,1023,0,192,364,305,408,381,305,443,790,776,305,310
265,1023,0,90,1023,0,356,529,305,328,318,305,443,756,746,305,310
963,1023,0,954,1023,0,363,535,305,429,385,305,444,823,805,305,310
380,1023,0,166,1023,0,642,837,305,410,376,305,444,804,785,305,310
300,1023,0,116,1023,0,232,385,305,338,330,305,444,760,746,305,310
361,1023,0,186,1023,0,385,567,305,355,343,305,444,826,815,305,310
352,1023,0,278,1023,0,738,931,306,534,479,305,444,786,769,305,310
466,1023,0,280,1023,0,496,686,305,406,371,305,444,771,753,305,310
410,1023,0,241,1023,0,337,495,305,355,334,305,444,781,767,305,310
426,1023,0,162,1023,0,424,599,305,346,334,305,444,776,762,305,310
517,1023,0,493,1023,0,534,712,305,480,412,305,444,775,744,305,310
360,1023,0,200,1023,0,241,400,305,385,366,305,444,787,770,305,310
1018,1023,0,539,1023,0,759,938,306,549,457,305,444,882,834,305,310
319,1023,0,175,1023,0,592,800,305,405,374,305,444,784,767,305,310
407,1023,0,263,1023,0,725,914,305,511,452,305,444,823,797,305,310
513,1023,0,448,1023,0,814,988,306,623,551,305,444,815,779,305,310
227,1023,0,114,1023,0,637,852,305,412,392,305,444,808,800,305,310
137,941,0,106,1023,0,183,354,305,665,636,305,444,712,691,305,310
325,1023,0,134,1023,0,545,750,305,349,332,305,444,788,774,305,310
287,1023,0,227,1023,0,717,906,305,516,457,305,444,790,769,305,310
313,1023,0,174,1023,0,245,415,305,366,353,305,444,794,775,305,313
385,1023,0,217,1023,0,422,603,305,374,355,305,444,778,766,305,313
358,1023,0,208,1023,0,704,905,305,459,423,305,444,775,760,305,313
315,1023,0,141,1023,0,334,495,305,348,335,305,444,782,769,305,313
385,1023,0,226,1023,0,340,486,305,350,339,305,445,786,764,305,313
292,1023,0,166,1023,0,324,493,305,329,325,305,445,798,788,305,313
366,1023,0,188,1023,0,337,497,305,341,330,305,445,802,787,305,313
492,1023,0,209,1023,0,309,445,305,357,336,305,445,781,763,305,313
404,1023,0,194,1023,0,432,619,305,380,361,305,445,791,767,305,313
431,1023,0,309,1023,0,493,668,305,358,344,305,445,819,790,305,313
516,1023,0,362,1023,0,216,361,305,357,331,305,445,814,796,305,313
358,1023,0,155,1023,0,288,446,305,335,326,305,445,773,745,305,313
411,1023,0,302,1023,0,420,594,305,398,356,305,445,798,771,305,313
509,1023,0,260,1023,0,319,455,305,439,394,305,445,810,794,305,313
517,1023,0,368,1023,0,284,415,305,345,336,305,445,769,742,305,313
387,1023,0,202,1023,0,525,720,305,360,342,305,445,790,775,305,313
419,1023,0,195,1023,0,260,409,305,327,317,305,445,772,746,305,313
875,1023,0,1023,1023,0,856,995,307,740,638,305,445,900,801,305,313
505,1023,0,213,1023,0,289,432,305,337,328,305,445,803,761,305,313
733,1023,0,394,1023,0,687,882,305,459,412,305,445,867,806,305,313
418,1023,0,320,1023,0,266,426,305,376,351,305,445,837,804,305,316
388,1023,0,179,1023,0,749,943,306,550,502,305,446,805,791,305,316
611,1023,0,404,1023,0,529,710,305,459,402,305,446,805,782,305,316
458,1023,0,237,1023,0,627,801,305,389,353,305,446,792,763,305,316
547,1023,0,212,1023,0,492,637,305,385,345,305,446,775,749,305,316
458,1023,0,205,1023,0,710,904,305,465,411,305,446,789,776,305,316
278,1023,0,115,1023,0,390,582,305,387,372,305,446,788,780,305,316
607,1023,0,918,1023,0,784,925,306,645,522,305,446,838,777,305,316
559,1023,0,255,1023,0,577,743,305,420,370,305,446,848,793,305,316
857,1023,0,667,1023,0,605,741,305,648,527,305,446,861,830,305,316
569,1023,0,338,1023,0,421,577,305,356,336,305,446,842,823,305,316
689,1023,0,588,1023,0,729,882,305,593,490,305,446,825,790,305,316
293,1023,0,220,1023,0,471,673,305,349,336,305,446,789,774,305,316
485,1023,0,211,1023,0,712,912,305,460,428,305,446,803,782,305,316
409,1023,0,348,1023,0,715,891,305,484,413,305,446,831,806,305,316
479,1023,0,221,1023,0,347,503,305,382,354,305,446,767,746,305,316
309,1023,0,109,1023,0,301,470,305,306,315,305,446,768,755,305,319
263,1023,0,125,1023,0,650,860,305,407,383,305,446,781,771,305,319
317,1023,0,151,1023,0,297,462,305,334,336,305,446,794,782,305,319
319,1023,0,192,1023,0,240,392,305,376,361,305,446,801,786,305,319
501,1023,0,454,1023,0,320,443,305,424,375,305,446,798,767,305,319
464,1023,0,242,1023,0,507,689,305,404,367,305,446,780,758,305,319
442,1023,0,263,1023,0,356,503,305,544,485,305,447,774,755,305,319
523,1023,0,342,1023,0,619,779,305,461,382,305,447,798,760,305,319
330,1023,0,158,1023,0,255,408,305,321,316,305,447,790,776,305,319
558,1023,0,398,1023,0,425,599,305,382,350,305,447,755,726,305,319
543,1023,0,280,1023,0,369,532,305,407,370,305,447,763,741,305,319
499,1023,0,436,1023,0,743,916,305,562,471,305,447,784,762,305,319
799,1023,0,689,1023,0,846,999,306,656,564,305,447,818,789,305,319
411,1023,0,278,1023,0,493,685,305,393,365,305,447,799,769,305,319
392,1023,0,269,1023,0,252,409,305,492,448,305,447,828,807,305,319
531,1023,0,330,1023,0,434,606,305,372,351,305,447,772,737,305,319
413,1023,0,342,1023,0,484,671,305,367,348,305,447,784,770,305,319
487,1023,0,267,1023,0,319,448,305,335,330,305,447,770,749,305,319
605,1023,0,376,1023,0,411,530,305,533,466,305,447,820,746,305,319
468,1023,0,280,1023,0,550,735,305,576,504,305,448,810,786,305,319
287,1023,0,140,1023,0,404,598,305,322,319,305,448,784,771,305,319
349,1023,0,146,1023,0,492,687,305,348,338,305,448,783,773,305,319
612,1023,0,363,1023,0,453,627,305,354,343,305,448,804,783,305,319
774,1023,0,468,1023,0,837,987,306,635,533,305,448,798,768,305,323
371,1023,0,153,1023,0,651,848,305,460,411,305,448,806,791,305,323
411,1023,0,264,1023,0,466,651,305,427,384,305,448,800,771,305,323
408,1023,0,267,1023,0,255,398,305,468,415,305,448,807,779,305,323
328,1023,0,213,1023,0,401,580,305,392,365,305,448,805,782,305,323
303,1023,0,164,1023,0,586,790,305,502,461,305,448,797,781,305,323
365,1023,0,211,1023,0,396,582,305,337,333,305,448,800,782,305,323
259,1023,0,105,1023,0,316,484,305,715,695,305,448,806,795,305,323
331,1023,0,224,1023,0,423,619,305,381,362,305,448,790,774,305,323
346,1023,0,161,1023,0,574,755,305,515,434,305,448,808,751,305,323
694,1023,0,409,1023,0,421,576,305,359,332,305,448,848,822,305,323
407,1023,0,222,1023,0,321,464,305,357,349,305,448,772,750,305,326
418,1023,0,231,1023,0,497,686,305,338,320,305,448,781,768,305,326
799,1023,0,613,1023,0,696,851,305,538,437,305,448,826,790,305,326
617,1023,0,387,1023,0,821,996,306,617,547,305,448,842,780,305,326
516,1023,0,306,1023,0,492,653,305,407,363,305,448,782,757,305,326
384,1023,0,378,1023,0,636,817,305,424,385,305,449,704,648,305,326
374,1023,0,433,1023,0,705,880,305,482,415,305,449,790,765,305,326
694,1023,0,443,1023,0,719,884,305,508,415,305,449,855,798,305,326
433,1023,0,281,1023,0,727,918,305,526,464,305,449,782,760,305,326
460,1023,0,174,1023,0,296,435,305,348,326,305,449,766,754,305,326
377,1023,0,215,1023,0,228,389,305,336,332,305,449,786,762,305,326
382,1023,0,197,1023,0,234,374,305,331,321,305,449,779,764,305,326
986,1023,0,945,1023,0,464,606,305,454,370,305,449,857,789,305,326
354,1023,0,184,1023,0,644,841,305,422,392,305,449,797,783,305,326
275,1023,0,148,1023,0,564,781,305,378,357,305,449,799,789,305,326
536,1023,0,569,1023,0,348,486,305,357,343,305,449,826,790,305,326
515,1023,0,285,1023,0,736,913,305,543,476,305,449,805,776,305,326
433,1023,0,321,1023,0,723,897,305,603,530,305,449,820,785,305,326
520,1023,0,334,1023,0,763,948,306,544,478,305,449,837,808,305,329
347,1023,0,240,1023,0,306,440,305,358,334,305,449,803,787,305,329
352,1023,0,125,1023,0,392,571,305,327,322,305,449,780,764,305,329
383,1023,0,221,1023,0,623,822,305,437,399,305,449,784,762,305,329
409,1023,0,179,1023,0,453,627,305,370,346,305,449,794,776,305,329
392,1023,0,233,1023,0,304,458,305,325,321,305,449,849,825,305,329
558,1023,0,368,1023,0,650,837,305,448,401,305,449,781,755,305,329
862,1023,0,861,1023,0,794,967,306,672,568,305,449,884,811,305,329
527,1023,0,299,1023,0,384,554,305,387,362,305,450,833,807,305,329
337,1023,0,184,1023,0,389,565,305,497,445,305,450,789,776,305,329
570,1023,0,413,1023,0,483,657,305,449,399,305,450,779,747,305,329
395,1023,0,222,1023,0,273,432,305,333,328,305,450,788,774,305,329
608,1023,0,388,1023,0,396,560,305,388,354,305,450,792,774,305,329
452,1023,0,240,1023,0,513,678,305,399,359,305,450,787,766,305,329
376,1023,0,235,1023,0,703,888,305,541,476,305,450,786,762,305,329
555,1023,0,338,1023,0,516,690,305,390,367,305,450,803,779,305,329
378,1023,0,151,1023,0,437,634,305,348,331,305,450,785,768,305,329
331,1023,0,188,1023,0,220,382,305,441,412,305,450,795,781,305,329
530,1023,0,244,1023,0,441,617,305,364,336,305,450,756,738,305,329
468,1023,0,253,1023,0,429,568,305,381,343,305,450,847,798,305,329
373,1023,0,110,1023,0,430,624,305,329,320,305,450,772,758,305,329
670,1023,0,581,1023,0,797,966,306,704,638,305,450,882,847,305,329
773,1023,0,726,1023,0,506,650,305,452,373,305,450,803,756,305,329
378,1023,0,178,1023,0,644,845,305,430,390,305,450,792,777,305,329
293,1023,0,313,1023,0,632,817,305,450,391,305,450,781,754,305,329
519,1023,0,257,1023,0,342,494,305,347,335,305,450,788,773,305,329
445,1023,0,301,1023,0,340,490,305,339,334,305,450,815,799,305,329
406,1023,0,597,1023,0,708,865,305,661,560,305,451,832,772,305,333
687,1023,0,583,1023,0,938,1023,307,732,657,305,451,837,805,305,333
411,1023,0,168,1023,0,564,763,305,365,343,305,451,790,775,305,333
617,1023,0,425,1023,0,706,880,305,528,429,305,451,852,790,305,333
332,1023,0,145,1023,0,218,375,305,351,336,305,451,770,754,305,333
411,1023,0,245,1023,0,358,518,305,643,587,305,451,813,787,305,333
520,1023,0,377,1023,0,595,777,305,405,366,305,451,796,767,305,333
546,1023,0,415,1023,0,691,869,305,506,434,305,451,775,753,305,333
492,1023,0,278,1023,0,315,466,305,404,373,305,451,823,794,305,333
316,1023,0,148,1023,0,424,634,305,738,720,305,451,813,806,305,333
391,1023,0,152,1023,0,453,648,305,504,473,305,451,766,755,305,333
398,1023,0,169,1023,0,378,548,305,324,321,305,451,776,762,305,333
530,1023,0,286,1023,0,395,544,305,375,340,305,451,795,763,305,333
461,1023,0,191,1023,0,316,458,305,354,343,305,451,771,756,305,333
312,1023,0,216,1023,0,660,845,305,417,372,305,451,789,765,305,333
405,1023,0,197,1023,0,378,557,305,360,342,305,451,793,780,305,333
503,1023,0,454,1023,0,770,930,306,623,530,305,451,802,768,305,333
383,1023,0,229,1023,0,266,418,305,345,334,305,451,743,707,305,333
417,1023,0,591,1023,0,393,546,305,417,376,305,451,810,773,305,333
409,1023,0,250,1023,0,670,853,305,475,412,305,451,801,761,305,333
408,1023,0,301,1023,0,471,654,305,432,390,305,451,805,786,305,333
586,1023,0,309,1023,0,313,443,305,350,334,305,451,805,759,305,333
391,1023,0,283,1023,0,560,760,305,354,341,305,451,773,758,305,336
453,1023,0,398,1023,0,655,851,305,451,410,305,452,789,767,305,336
282,1023,0,194,1023,0,556,753,305,363,344,305,452,800,777,305,336
446,1023,0,209,1023,0,447,639,305,329,322,305,452,792,770,305,336
518,1023,0,239,1023,0,512,690,305,355,344,305,452,759,736,305,336
386,1023,0,191,1023,0,503,692,305,337,324,305,452,780,768,305,336
369,1023,0,233,1023,0,594,788,305,384,363,305,452,784,769,305,336
249,1023,0,190,1023,0,349,523,305,325,322,305,452,800,786,305,336
348,1023,0,166,1023,0,274,432,305,388,365,305,452,801,781,305,336
324,1023,0,154,1023,0,242,393,305,344,339,305,452,795,784,305,336
389,1023,0,159,1023,0,234,382,305,341,324,305,452,787,770,305,336
446,1023,0,299,1023,0,412,597,305,371,352,305,452,787,759,305,336
453,1023,0,213,1023,0,240,389,305,351,336,305,452,817,805,305,336
577,1023,0,351,1023,0,613,794,305,398,364,305,452,803,785,305,336
586,1023,0,362,1023,0,450,630,305,500,445,305,452,802,773,305,336
440,1023,0,217,1023,0,365,535,305,353,334,305,452,801,779,305,336
517,1023,0,497,1023,0,332,463,305,446,389,305,452,776,741,305,336
319,1023,0,158,1023,0,295,449,305,324,322,305,452,778,753,305,336
571,1023,0,476,1023,0,776,943,306,618,544,305,452,833,804,305,336
433,1023,0,225,1023,0,267,409,305,371,356,305,452,796,775,305,336
407,1023,0,184,1023,0,386,554,305,363,342,305,452,786,768,305,336
306,1023,0,92,948,0,428,628,305,377,361,305,453,769,755,305,336
476,1023,0,359,1023,0,350,485,305,402,364,305,453,763,746,305,339
446,1023,0,192,1023,0,261,422,305,356,349,305,453,761,747,305,339
338,1023,0,180,1023,0,493,690,305,349,342,305,453,803,785,305,339
599,1023,0,429,1023,0,415,584,305,401,372,305,453,828,797,305,339
275,1023,0,114,1023,0,328,497,305,386,366,305,453,549,512,305,339
139,1023,0,37,464,0,160,351,305,486,473,305,453,691,688,305,339
399,1023,0,287,1023,0,493,676,305,359,342,305,453,810,790,305,339
685,1023,0,465,1023,0,684,855,305,491,397,305,453,860,784,305,339
486,1023,0,220,1023,0,607,797,305,382,361,305,453,842,828,305,339
417,1023,0,382,1023,0,547,722,305,486,411,305,453,798,747,305,339
293,1023,0,106,1023,0,482,694,305,326,325,305,453,787,773,305,339
1023,1023,0,993,1023,0,891,1023,307,698,588,305,453,941,893,305,339
584,1023,0,490,1023,0,817,954,306,710,607,305,453,828,787,305,339
359,1023,0,123,1023,0,655,859,305,417,385,305,453,802,792,305,339
306,1023,0,153,1023,0,293,456,305,379,358,305,453,777,763,305,339
647,1023,0,648,1023,0,371,518,305,422,367,305,453,824,782,305,339
522,1023,0,431,1023,0,552,736,305,467,408,305,453,854,826,305,339
557,1023,0,368,1023,0,489,660,305,403,361,305,453,799,760,305,339
536,1023,0,304,1023,0,485,674,305,370,346,305,453,791,757,305,339
429,1023,0,129,1023,0,621,815,305,383,348,305,453,750,739,305,339
300,1023,0,258,1023,0,374,537,305,369,345,305,453,770,744,305,339
530,1023,0,392,1023,0,390,556,305,433,385,305,453,809,785,305,339
321,1023,0,110,1023,0,435,630,305,324,321,305,453,776,757,305,339
320,1023,0,157,1023,0,531,740,305,348,338,305,453,785,776,305,339
405,1023,0,326,1023,0,737,918,306,530,457,305,454,773,747,305,339
467,1023,0,315,1023,0,706,889,305,534,465,305,454,807,778,305,339
433,1023,0,304,1023,0,539,718,305,508,454,305,454,778,758,305,339
375,1023,0,272,1023,0,608,792,305,392,361,305,454,752,737,305,339
902,1023,0,590,1023,0,724,884,305,776,701,305,454,862,807,305,339
416,1023,0,236,1023,0,687,864,305,483,415,305,454,791,769,305,339
322,1023,0,132,1023,0,320,493,305,337,327,305,454,796,780,305,339
578,1023,0,604,1023,0,783,961,306,576,500,305,454,826,798,305,339
442,1023,0,263,1023,0,282,422,305,422,380,305,454,777,742,305,342
483,1023,0,297,1023,0,297,443,305,370,344,305,454,775,757,305,342
361,1023,0,129,1023,0,395,576,305,387,363,305,454,804,791,305,342
772,1023,0,540,1023,0,743,898,305,582,453,305,454,878,820,305,342
515,1023,0,220,1023,0,501,683,305,364,347,305,454,816,793,305,342
411,1023,0,559,1023,0,551,705,305,485,402,305,454,833,807,305,342
713,1023,0,638,1023,0,565,741,305,555,466,305,454,805,757,305,342
450,1023,0,187,1023,0,483,674,305,336,324,305,454,789,770,305,342
348,1023,0,207,1023,0,347,507,305,331,333,305,454,782,766,305,342
410,1023,0,193,1023,0,228,392,305,339,332,305,454,784,768,305,342
348,1023,0,187,1023,0,535,731,305,518,463,305,454,791,774,305,342
383,1023,0,244,1023,0,487,684,305,506,451,305,454,840,818,305,342
386,1023,0,173,1023,0,243,400,305,356,343,305,454,800,783,305,342
633,1023,0,441,1023,0,517,669,305,501,427,305,454,805,775,305,342
1023,1023,0,713,1023,0,668,831,305,586,440,305,455,882,795,305,342
574,1023,0,402,1023,0,301,456,305,377,358,305,455,778,760,305,342
398,1023,0,189,1023,0,474,677,305,384,363,305,455,807,790,305,342
451,1023,0,251,1023,0,295,442,305,365,344,305,455,812,796,305,342
388,1023,0,166,1023,0,689,888,305,441,398,305,455,798,775,305,346
367,1023,0,163,1023,0,243,395,305,360,348,305,455,801,776,305,346
487,1023,0,453,1023,0,337,484,305,394,364,305,455,845,820,305,346
316,1023,0,136,1023,0,668,861,305,431,389,305,455,771,757,305,346
404,1023,0,266,1023,0,183,357,305,442,400,305,455,790,764,305,346
389,1023,0,200,1023,0,295,457,305,338,331,305,455,769,744,305,346
503,1023,0,395,1023,0,634,811,305,454,388,305,455,814,787,305,346
620,1023,0,596,1023,0,303,431,305,463,390,305,455,800,765,305,346
449,1023,0,310,1023,0,645,838,305,453,405,305,455,806,776,305,346
431,1023,0,201,1023,0,375,550,305,382,359,305,455,800,786,305,346
331,1023,0,140,1023,0,172,353,305,332,320,305,455,796,786,305,346
458,1023,0,372,1023,0,531,702,305,446,396,305,455,818,794,305,346
418,1023,0,243,1023,0,409,600,305,327,324,305,455,806,788,305,346
593,1023,0,580,1023,0,690,841,305,542,430,305,455,839,800,305,346
388,1023,0,174,1023,0,256,403,305,327,327,305,455,769,733,305,346
412,1023,0,174,1023,0,504,709,305,389,369,305,455,780,757,305,346
324,1023,0,167,1023,0,255,402,305,451,416,305,455,805,779,305,346
218,1023,0,94,1023,0,572,792,305,354,346,305,456,584,560,305,346
390,1023,0,228,1023,0,410,594,305,368,346,305,456,774,758,305,346
366,1023,0,194,1023,0,682,880,305,427,385,305,456,760,740,305,346
622,1023,0,333,1023,0,238,383,305,395,362,305,456,841,821,305,346
364,1023,0,177,1023,0,299,456,305,338,332,305,456,803,792,305,346
281,1023,0,219,1023,0,426,626,305,352,340,305,456,777,765,305,346
390,1023,0,293,1023,0,755,940,306,525,459,305,456,774,753,305,346
517,1023,0,405,1023,0,689,874,305,452,399,305,456,806,780,305,346
357,1023,0,182,1023,0,499,705,305,348,334,305,456,795,782,305,346
386,1023,0,133,1023,0,301,457,305,323,318,305,456,747,731,305,346
373,1023,0,210,1023,0,264,406,305,358,342,305,456,791,777,305,346
533,1023,0,209,1023,0,681,855,305,436,373,305,456,777,752,305,346
399,1023,0,269,1023,0,230,379,305,347,333,305,456,836,805,305,346
602,1023,0,452,1023,0,620,801,305,437,380,305,456,798,773,305,346
274,1023,0,127,1023,0,480,694,305,444,422,305,456,783,775,305,346
285,1023,0,170,1023,0,411,561,305,379,356,305,456,794,774,305,349
567,1023,0,321,1023,0,300,440,305,338,332,305,456,799,781,305,349
319,1023,0,236,1023,0,658,853,305,446,407,305,456,811,791,305,349
492,1023,0,296,1023,0,257,417,305,356,346,305,456,808,794,305,349
410,1023,0,244,1023,0,396,562,305,353,337,305,456,811,789,305,349
628,1023,0,479,1023,0,644,794,305,516,406,305,456,834,789,305,349
347,1023,0,134,1023,0,585,790,305,371,342,305,456,797,784,305,349
548,1023,0,518,1023,0,567,732,305,489,416,305,457,813,782,305,349
407,1023,0,197,1023,0,374,530,305,393,372,305,457,796,776,305,349
419,1023,0,186,1023,0,445,629,305,350,329,305,457,748,728,305,349
887,1023,0,832,1023,0,770,929,306,696,606,305,457,894,816,305,349
1023,1023,0,1023,1023,0,1010,1023,308,817,690,305,457,1003,901,305,349
312,1023,0,142,1023,0,368,554,305,333,319,305,457,782,761,305,349
399,1023,0,201,1023,0,383,565,305,476,428,305,457,790,778,305,349
415,1023,0,468,1023,0,551,733,305,375,335,305,457,815,782,305,349
345,1023,0,201,1023,0,700,881,305,456,396,305,457,781,764,305,349
344,1023,0,211,1023,0,521,728,305,386,374,305,457,818,795,305,349
307,1023,0,127,1023,0,359,546,305,341,338,305,457,809,797,305,349
480,1023,0,336,1023,0,553,742,305,493,432,305,457,808,772,305,349
427,1023,0,207,1023,0,480,669,305,369,346,305,457,786,760,305,352
437,1023,0,222,1023,0,548,738,305,375,347,305,457,769,746,305,352
469,1023,0,275,1023,0,426,612,305,390,364,305,457,817,795,305,352
472,1023,0,204,1023,0,558,745,305,375,353,305,457,779,757,305,352
431,1023,0,227,1023,0,714,893,305,493,433,305,457,791,777,305,352
365,1023,0,197,1023,0,397,583,305,322,325,305,457,802,786,305,352
369,1023,0,363,1023,0,174,351,305,333,324,305,457,794,761,305,352
349,1023,0,133,1023,0,430,630,305,341,332,305,457,792,775,305,352
344,1023,0,151,1023,0,611,814,305,451,410,305,457,810,791,305,352
538,1023,0,350,1023,0,317,467,305,332,322,305,458,835,814,305,352
368,1023,0,147,1023,0,478,681,305,330,326,305,458,774,762,305,352
427,1023,0,365,1023,0,390,577,305,471,426,305,458,792,778,305,352
589,1023,0,650,1023,0,387,530,305,450,394,305,458,810,775,305,352
295,1023,0,142,1023,0,624,834,305,381,359,305,458,778,759,305,352
320,1023,0,241,1023,0,694,862,305,636,557,305,458,818,785,305,352
460,1023,0,319,1023,0,304,448,305,335,323,305,458,818,794,305,352
421,1023,0,228,1023,0,374,541,305,396,373,305,458,806,790,305,352
659,1023,0,471,1023,0,828,973,306,639,519,305,458,876,809,305,352
337,1023,0,240,1023,0,661,848,305,442,387,305,458,796,757,305,352
474,1023,0,298,1023,0,591,785,305,380,353,305,458,806,786,305,352
405,1023,0,183,1023,0,450,641,305,344,338,305,458,801,788,305,352
759,1023,0,693,1023,0,388,540,305,472,402,305,458,880,854,305,352
330,1023,0,178,1023,0,389,572,305,352,337,305,458,794,771,305,352
562,1023,0,412,1023,0,696,862,305,555,466,305,458,798,770,305,352
541,1023,0,385,1023,0,316,450,305,468,417,305,458,843,820,305,352
476,1023,0,241,1023,0,442,615,305,333,331,305,458,762,732,305,352
379,1023,0,192,1023,0,402,583,305,351,333,305,458,778,764,305,352
325,1023,0,127,1023,0,601,811,305,372,354,305,458,777,762,305,356
518,1023,0,323,1023,0,306,419,305,404,363,305,458,785,758,305,356
566,1023,0,378,1023,0,295,449,305,381,353,305,458,779,762,305,356
702,1023,0,525,1023,0,576,743,305,589,497,305,458,830,797,305,356
741,1023,0,1023,1023,0,671,823,305,574,459,305,458,891,846,305,356
393,1023,0,201,1023,0,372,549,305,338,327,305,458,780,763,305,356
551,1023,0,274,1023,0,261,407,305,351,331,305,458,771,754,305,356
412,1023,0,244,1023,0,590,787,305,435,399,305,458,776,744,305,356
470,1023,0,272,1023,0,338,487,305,413,378,305,459,784,759,305,356
481,1023,0,448,1023,0,430,611,305,369,350,305,459,848,828,305,356
341,1023,0,203,1023,0,252,406,305,448,415,305,459,793,775,305,356
395,1023,0,213,1023,0,328,489,305,349,337,305,459,798,777,305,356
841,1023,0,463,1023,0,435,575,305,456,395,305,459,791,757,305,356
434,1023,0,282,1023,0,607,798,305,506,445,305,459,776,760,305,356
430,1023,0,244,1023,0,230,377,305,357,336,305,459,769,755,305,356
372,1023,0,202,1023,0,352,515,305,714,672,305,459,672,634,305,356
457,1023,0,311,1023,0,394,563,305,420,376,305,459,792,776,305,356
879,1023,0,968,1023,0,855,1020,306,706,639,305,459,913,859,305,356
368,1023,0,179,1023,0,181,352,305,346,331,305,459,804,789,305,356
480,1023,0,334,1023,0,793,964,306,582,509,305,459,781,758,305,356
575,1023,0,318,1023,0,631,814,305,428,374,305,459,854,813,305,356
338,1023,0,142,1023,0,263,412,305,363,349,305,459,769,747,305,356
379,1023,0,134,1023,0,339,503,305,333,323,305,459,785,775,305,356
386,1023,0,137,1023,0,274,428,305,315,313,305,459,777,762,305,356
561,1023,0,262,1023,0,637,819,305,456,403,305,459,798,778,305,356
659,1023,0,665,1023,0,504,668,305,446,376,305,459,846,821,305,356
1019,1023,0,985,1023,0,703,877,305,601,505,305,459,908,841,305,356
328,1023,0,162,1023,0,581,782,305,375,348,305,459,785,766,305,356
457,1023,0,231,1023,0,509,681,305,409,366,305,459,812,791,305,356
322,1023,0,178,1023,0,397,589,305,364,355,305,459,798,784,305,356
489,1023,0,271,1023,0,427,606,305,464,416,305,459,802,761,305,359
399,1023,0,191,1023,0,329,489,305,440,409,305,459,782,767,305,359
757,1023,0,615,1023,0,305,429,305,443,376,305,459,873,844,305,359
499,1023,0,486,1023,0,710,886,305,505,431,305,459,809,777,305,359
424,1023,0,261,1023,0,530,728,305,368,348,305,460,790,772,305,359
617,1023,0,444,1023,0,676,872,305,534,443,305,460,857,822,305,359
433,1023,0,156,1023,0,458,653,305,330,324,305,460,756,745,305,359
531,1023,0,328,1023,0,446,610,305,396,359,305,460,808,779,305,359
316,1023,0,144,1023,0,195,371,305,360,342,305,460,785,774,305,359
503,1023,0,510,1023,0,732,910,305,508,432,305,460,851,837,305,359
436,1023,0,223,1023,0,767,942,306,537,459,305,460,791,773,305,359
409,1023,0,284,1023,0,451,625,305,470,419,305,460,803,779,305,359
413,1023,0,291,1023,0,260,394,305,386,355,305,460,811,793,305,359
369,1023,0,173,1023,0,438,630,305,353,339,305,460,808,789,305,359
316,1023,0,195,1023,0,405,600,305,348,338,305,460,779,763,305,359
398,1023,0,172,1023,0,311,464,305,364,349,305,460,775,760,305,359
359,1023,0,370,1023,0,545,737,305,487,427,305,460,809,759,305,359
895,1023,0,692,1023,0,879,1006,307,736,624,305,460,866,802,305,359
463,1023,0,266,1023,0,421,601,305,345,338,305,460,782,762,305,359
355,1023,0,173,1023,0,499,699,305,353,341,305,460,773,752,305,359
310,1023,0,262,1023,0,670,873,305,558,510,305,460,808,791,305,359
379,1023,0,138,1023,0,667,868,305,415,389,305,460,803,790,305,359
549,1023,0,499,1023,0,703,877,305,506,433,305,460,819,797,305,359
421,1023,0,266,1023,0,654,844,305,432,395,305,461,782,756,305,359
388,1023,0,145,1023,0,289,447,305,333,329,305,461,782,772,305,359
395,1023,0,207,1023,0,545,745,305,392,369,305,461,818,800,305,359
388,1023,0,189,1023,0,312,472,305,328,327,305,461,805,788,305,362
420,1023,0,227,1023,0,511,711,305,411,375,305,461,795,776,305,362
676,1023,0,487,1023,0,769,946,306,618,550,305,461,904,871,305,362
543,1023,0,506,1023,0,278,410,305,388,357,305,461,800,757,305,362
329,1023,0,192,1023,0,690,889,305,559,508,305,461,810,796,305,362
485,1023,0,269,1023,0,290,439,305,356,334,305,461,784,749,305,362
497,1023,0,326,1023,0,502,680,305,428,386,305,461,793,770,305,362
354,1023,0,211,1023,0,361,539,305,380,358,305,461,818,802,305,362
710,1023,0,667,1023,0,594,743,305,520,421,305,461,788,746,305,362
607,1023,0,467,1023,0,431,603,305,518,459,305,461,805,779,305,362
431,1023,0,394,1023,0,531,711,305,533,446,305,461,791,763,305,362
512,1023,0,210,1023,0,348,496,305,356,334,305,461,794,780,305,362
367,1023,0,212,1023,0,715,910,305,504,451,305,461,769,757,305,362
547,1023,0,240,1023,0,206,375,305,334,326,305,461,761,713,305,362
260,1023,0,121,1023,0,377,563,305,339,331,305,461,795,785,305,362
401,1023,0,365,1023,0,503,682,305,359,337,305,461,815,791,305,362
438,1023,0,205,1023,0,328,476,305,340,329,305,461,777,757,305,362
407,1023,0,328,1023,0,517,704,305,449,398,305,461,823,797,305,362
462,1023,0,416,1023,0,733,910,305,655,574,305,461,822,775,305,362
327,1023,0,224,1023,0,269,402,305,397,361,305,461,791,752,305,362
300,1023,0,107,1023,0,489,702,305,331,331,305,461,774,766,305,362
468,1023,0,384,1023,0,357,508,305,455,442,305,462,831,812,305,362
277,1023,0,111,1023,0,395,573,305,332,330,305,462,767,755,305,362
356,1023,0,320,1023,0,378,545,305,386,358,305,462,778,757,305,362
435,1023,0,267,1023,0,589,767,305,399,363,305,462,801,772,305,362
410,1023,0,190,1023,0,597,794,305,368,347,305,462,779,764,305,362
677,1023,0,416,1023,0,360,492,305,602,521,305,462,847,821,305,365
343,1023,0,207,1023,0,363,527,305,382,361,305,462,808,793,305,365
437,1023,0,184,1023,0,403,585,305,401,369,305,462,797,779,305,365
451,1023,0,187,1023,0,556,724,305,401,358,305,462,786,762,305,365
438,1023,0,299,1023,0,458,656,305,339,332,305,462,783,765,305,365
394,1023,0,290,1023,0,334,500,305,377,350,305,462,804,766,305,365
558,1023,0,484,1023,0,283,419,305,561,488,305,462,774,738,305,365
682,1023,0,405,1023,0,467,628,305,439,391,305,462,762,741,305,365
270,1023,0,128,1023,0,424,629,305,331,326,305,462,800,790,305,365
338,1023,0,172,1023,0,626,831,305,438,401,305,462,798,790,305,365
325,1023,0,174,1023,0,680,882,305,446,409,305,462,810,787,305,365
608,1023,0,374,1023,0,566,728,305,398,357,305,462,778,743,305,365
420,1023,0,335,1023,0,288,438,305,371,348,305,462,796,761,305,365
470,1023,0,279,1023,0,261,401,305,420,378,305,462,783,767,305,365
282,1023,0,230,1023,0,344,518,305,345,331,305,462,741,722,305,365
389,1023,0,278,1023,0,303,443,305,374,347,305,462,787,768,305,365
478,1023,0,297,1023,0,384,561,305,348,343,305,462,863,832,305,365
443,1023,0,263,1023,0,454,616,305,399,370,305,462,802,764,305,365
427,1023,0,256,1023,0,267,406,305,336,330,305,463,762,718,305,365
418,1023,0,208,1023,0,269,421,305,394,370,305,463,763,750,305,365
382,1023,0,147,1023,0,361,529,305,331,324,305,463,791,761,305,365
366,1023,0,188,1023,0,640,840,305,386,360,305,463,825,805,305,365
326,1023,0,132,1023,0,221,378,305,322,315,305,463,765,751,305,365
601,1023,0,683,1023,0,651,813,305,567,472,305,463,793,753,305,365
434,1023,0,222,1023,0,500,702,305,363,346,305,463,804,783,305,365
530,1023,0,364,1023,0,683,875,305,470,423,305,463,793,767,305,365
645,1023,0,505,1023,0,628,803,305,462,386,305,463,854,837,305,369
479,1023,0,577,1023,0,845,1009,306,670,596,305,463,801,765,305,369
462,1023,0,288,1023,0,294,440,305,349,331,305,463,749,738,305,369
360,1023,0,148,1023,0,621,825,305,401,376,305,463,795,773,305,369
351,1023,0,242,1023,0,486,692,305,344,331,305,463,777,764,305,369
311,1023,0,142,1023,0,626,822,305,390,361,305,463,799,786,305,369
332,1023,0,181,1023,0,461,658,305,333,329,305,463,793,769,305,369
372,1023,0,267,1023,0,356,520,305,382,351,305,463,851,828,305,369
297,1023,0,130,1023,0,155,360,305,328,327,305,463,761,750,305,369
797,1023,0,776,1023,0,901,1023,307,707,598,305,463,830,790,305,369
309,1023,0,242,1023,0,556,764,305,404,372,305,463,795,781,305,369
401,1023,0,209,1023,0,569,762,305,371,349,305,463,802,786,305,369
351,1023,0,180,1023,0,253,404,305,350,338,305,464,795,776,305,369
537,1023,0,364,1023,0,428,594,305,388,350,305,464,855,814,305,369
402,1023,0,163,1023,0,302,459,305,350,341,305,464,777,752,305,372
488,1023,0,330,1023,0,605,785,305,478,415,305,464,791,769,305,372
393,1023,0,346,1023,0,522,716,305,511,454,305,464,808,791,305,372
548,1023,0,353,1023,0,366,526,305,432,394,305,464,797,777,305,372
374,1023,0,274,1023,0,185,372,305,338,323,305,464,828,817,305,372
464,1023,0,296,1023,0,544,719,305,383,351,305,464,830,810,305,372
551,1023,0,480,1023,0,779,960,306,608,541,305,464,810,780,305,372
297,1023,0,141,1023,0,286,443,305,329,327,305,464,789,779,305,372
461,1023,0,283,1023,0,242,383,305,358,337,305,464,833,807,305,372
321,1023,0,122,1023,0,274,429,305,315,312,305,464,776,763,305,372
345,1023,0,161,1023,0,674,878,305,428,392,305,464,813,800,305,372
424,1023,0,263,1023,0,359,510,305,403,368,305,464,795,776,305,372
542,1023,0,287,1023,0,367,524,305,355,337,305,464,780,751,305,372
450,1023,0,259,1023,0,772,944,306,626,539,305,464,791,767,305,372
263,1023,0,111,1023,0,356,540,305,714,690,305,464,803,791,305,372
342,1023,0,151,1023,0,550,758,305,352,344,305,464,780,763,305,372
601,1023,0,331,1023,0,497,659,305,390,349,305,464,784,765,305,372
408,1023,0,260,1023,0,644,841,305,432,383,305,465,785,768,305,372
348,1023,0,321,1023,0,350,515,305,342,329,305,465,788,770,305,372
358,1023,0,161,1023,0,347,507,305,331,323,305,465,758,735,305,372
450,1023,0,308,1023,0,698,877,305,534,461,305,465,800,771,305,372
415,1023,0,307,1023,0,703,896,305,532,474,305,465,815,783,305,372
288,1023,0,200,1023,0,556,751,305,467,416,305,465,814,796,305,372
521,1023,0,243,1023,0,672,861,305,421,373,305,465,777,756,305,372
327,1023,0,108,1023,0,298,459,305,328,313,305,465,785,766,305,372
335,1023,0,150,1023,0,471,666,305,350,335,305,465,780,763,305,375
321,1023,0,134,1023,0,518,721,305,343,337,305,465,764,733,305,375
393,1023,0,170,1023,0,578,770,305,364,344,305,465,809,795,305,375
296,1023,0,119,1023,0,250,410,305,332,331,305,465,769,752,305,375
380,1023,0,256,1023,0,390,560,305,338,325,305,465,807,788,305,375
374,1023,0,199,1023,0,400,583,305,348,338,305,465,804,784,305,375
503,1023,0,392,1023,0,401,566,305,411,378,305,465,812,792,305,375
360,1023,0,123,1023,0,386,561,305,339,329,305,465,771,757,305,375
444,1023,0,245,1023,0,668,864,305,452,403,305,465,766,741,305,375
447,1023,0,429,1023,0,650,841,305,444,395,305,465,859,835,305,375
452,1023,0,215,1023,0,221,368,305,333,319,305,466,764,742,305,375
941,1023,0,482,1023,0,790,962,306,567,476,305,466,853,778,305,375
409,1023,0,182,1023,0,290,428,305,338,329,305,466,792,774,305,375
470,1023,0,372,1023,0,492,680,305,362,336,305,466,839,818,305,375
659,1023,0,563,1023,0,559,728,305,476,375,305,466,829,794,305,375
486,1023,0,446,1023,0,523,708,305,363,339,305,466,845,828,305,375
309,1023,0,173,1023,0,449,654,305,334,328,305,466,781,772,305,375
579,1023,0,225,1023,0,492,692,305,343,341,305,466,796,775,305,375
433,1023,0,242,1023,0,717,907,305,521,463,305,466,794,766,305,375
395,1023,0,189,1023,0,679,878,305,419,384,305,466,786,772,305,375
470,1023,0,295,1023,0,845,1013,306,630,558,305,466,751,727,305,375
491,1023,0,303,1023,0,460,620,305,371,343,305,466,767,751,305,379
599,1023,0,644,1023,0,270,395,305,457,384,305,466,870,803,305,379
438,1023,0,274,1023,0,603,789,305,411,379,305,466,805,786,305,379
558,1023,0,572,1023,0,375,532,305,457,419,305,466,735,698,305,379
383,1023,0,217,1023,0,656,842,305,425,374,305,466,797,772,305,379
405,1023,0,209,1023,0,430,603,305,465,416,305,467,806,783,305,379
454,1023,0,303,1023,0,601,788,305,460,407,305,467,814,795,305,379
524,1023,0,463,1023,0,679,853,305,489,416,305,467,850,828,305,379
363,1023,0,197,1023,0,333,498,305,348,331,305,467,793,777,305,379
457,1023,0,281,1023,0,301,459,305,385,367,305,467,779,749,305,379
510,1023,0,454,1023,0,664,854,305,664,585,305,467,852,807,305,379
320,1023,0,188,1023,0,428,623,305,341,336,305,467,787,763,305,379
586,1023,0,441,1023,0,651,824,305,475,408,305,467,785,734,305,379
773,1023,0,583,1023,0,597,776,305,444,389,305,467,859,791,305,379
290,1023,0,113,1023,0,291,450,305,343,330,305,467,799,789,305,379
568,1023,0,323,1023,0,773,955,306,556,486,305,467,840,806,305,379
1023,1023,0,1023,1023,0,843,993,306,659,540,305,467,919,819,305,379
439,1023,0,519,1023,0,318,457,305,508,447,305,467,811,785,305,382
411,1023,0,252,1023,0,374,533,305,381,357,305,467,786,759,305,382
495,1023,0,215,1023,0,616,793,305,387,352,305,467,775,750,305,382
626,1023,0,476,1023,0,365,495,305,409,354,305,467,857,827,305,382
1023,1023,0,893,1023,0,611,756,305,740,665,305,467,891,788,305,382
395,1023,0,312,1023,0,268,426,305,339,332,305,467,801,783,305,382
363,1023,0,202,1023,0,393,575,305,325,321,305,467,786,773,305,382
567,1023,0,334,1023,0,291,426,305,356,341,305,467,846,822,305,382
383,1023,0,243,1023,0,616,808,305,420,388,305,467,803,783,305,382
471,1023,0,276,1023,0,673,859,305,567,494,305,467,809,789,305,382
384,1023,0,205,1023,0,254,399,305,322,317,305,467,826,811,305,382
344,1023,0,223,1023,0,647,826,305,521,448,305,467,850,828,305,382
390,1023,0,278,1023,0,297,448,305,339,329,305,467,803,790,305,382
546,1023,0,589,1023,0,721,890,305,595,516,305,468,817,761,305,382
704,1023,0,526,1023,0,779,955,306,575,501,305,468,801,770,305,382
472,1023,0,313,1023,0,654,838,305,450,394,305,468,793,767,305,382
346,1023,0,263,1023,0,681,858,305,587,510,305,468,814,782,305,382
335,1023,0,169,1023,0,270,416,305,347,339,305,468,784,757,305,382
448,1023,0,176,1023,0,382,562,305,394,376,305,468,792,779,305,382
605,1023,0,438,1023,0,646,830,305,466,389,305,468,848,821,305,382
498,1023,0,429,1023,0,685,849,305,511,420,305,468,819,764,305,382
330,1023,0,162,1023,0,150,340,305,315,314,305,468,759,740,305,382
411,1023,0,197,1023,0,376,558,305,346,337,305,468,802,785,305,382
394,1023,0,162,1023,0,210,377,305,331,321,305,468,758,734,305,382
360,1023,0,166,1023,0,547,750,305,346,332,305,468,786,776,305,382
389,1023,0,200,1023,0,297,431,305,340,334,305,468,777,756,305,382
55,513,0,7,90,0,0,313,305,701,698,305,468,601,606,305,385
367,1023,0,130,1023,0,153,347,305,316,310,305,468,777,763,305,385
466,1023,0,179,1023,0,348,500,305,323,319,305,468,759,737,305,385
632,1023,0,489,1023,0,278,415,305,361,337,305,468,821,780,305,385
400,1023,0,259,1023,0,683,862,305,538,460,305,468,805,786,305,385
507,1023,0,218,1023,0,616,805,305,419,378,305,469,798,773,305,385
797,1023,0,460,1023,0,581,747,305,468,396,305,469,705,667,305,385
435,1023,0,247,1023,0,337,506,305,367,349,305,469,797,778,305,385
356,1023,0,138,1023,0,429,624,305,361,337,305,469,779,763,305,385
323,1023,0,130,1023,0,170,349,305,345,329,305,469,794,778,305,385
501,1023,0,302,1023,0,337,494,305,369,346,305,469,820,792,305,385
387,1023,0,206,1023,0,296,444,305,353,340,305,469,774,762,305,385
467,1023,0,190,1023,0,305,445,305,345,339,305,469,783,766,305,385
380,1023,0,417,1023,0,605,796,305,419,374,305,469,817,789,305,385
455,1023,0,309,1023,0,697,876,305,545,471,305,469,811,779,305,385
221,1023,0,191,1023,0,635,825,305,449,389,305,469,791,776,305,385
326,1023,0,156,1023,0,0,327,305,318,319,305,469,787,774,305,385
1023,1023,0,1023,1023,0,849,991,306,656,548,305,469,925,841,305,385
396,1023,0,241,1023,0,489,682,305,354,335,305,469,789,768,305,385
707,1023,0,672,1023,0,831,960,307,641,523,305,469,865,793,305,385
450,1023,0,285,1023,0,545,742,305,399,371,305,469,823,801,305,385
291,1023,0,191,1023,0,423,626,305,401,381,305,469,787,774,305,389
375,1023,0,213,1023,0,589,782,305,396,366,305,469,769,750,305,389
317,1023,0,175,1023,0,259,397,305,330,325,305,469,784,768,305,389
365,1023,0,220,1023,0,290,442,305,370,361,305,469,775,755,305,389
271,1023,0,166,1023,0,619,823,305,403,374,305,469,760,735,305,389
394,1023,0,251,1023,0,330,479,305,379,352,305,470,763,752,305,389
628,1023,0,462,1023,0,402,566,305,443,398,305,470,827,805,305,389
524,1023,0,350,1023,0,544,728,305,412,370,305,470,766,740,305,389
486,1023,0,373,1023,0,608,779,305,434,374,305,470,773,736,305,389
319,1023,0,158,1023,0,597,808,305,367,345,305,470,788,775,305,389
308,1023,0,128,1023,0,522,715,305,347,333,305,470,785,769,305,389
385,1023,0,170,1023,0,387,559,305,340,330,305,470,791,777,305,389
414,1023,0,215,1023,0,475,667,305,349,334,305,470,799,771,305,389
652,1023,0,643,1023,0,772,927,306,599,503,305,470,807,758,305,389
150,1023,0,33,369,0,40,323,305,455,442,305,470,765,764,305,389
409,1023,0,179,1023,0,549,746,305,360,338,305,470,799,784,305,389
330,1023,0,152,1023,0,351,531,305,332,321,305,470,785,767,305,389
525,1023,0,410,1023,0,572,751,305,477,414,305,470,826,793,305,389
480,1023,0,337,1023,0,760,938,306,539,467,305,470,810,793,305,392
346,1023,0,228,1023,0,427,626,305,354,341,305,470,792,777,305,392
369,1023,0,212,1023,0,311,455,305,342,326,305,470,818,797,305,392
383,1023,0,188,1023,0,412,597,305,374,356,305,470,796,775,305,392
473,1023,0,302,1023,0,320,468,305,338,329,305,470,774,746,305,392
764,1023,0,525,1023,0,504,655,305,448,383,305,470,790,761,305,392
282,1023,0,121,1023,0,246,412,305,336,334,305,470,796,785,305,392
355,1023,0,180,1023,0,699,892,305,462,408,305,471,813,797,305,392
355,1023,0,232,1023,0,538,738,305,364,347,305,471,810,785,305,392
378,1023,0,227,1023,0,403,592,305,349,336,305,471,784,763,305,392
464,1023,0,272,1023,0,470,632,305,403,363,305,471,770,747,305,392
312,1023,0,153,1023,0,278,422,305,342,332,305,471,796,779,305,392
302,1023,0,198,1023,0,630,827,305,390,362,305,471,805,793,305,392
362,1023,0,152,1023,0,426,622,305,337,327,305,471,788,776,305,392
469,1023,0,346,1023,0,319,473,305,355,346,305,471,826,798,305,392
389,1023,0,195,1023,0,659,852,305,423,379,305,471,770,737,305,392
365,1023,0,151,1023,0,505,701,305,348,337,305,471,772,754,305,392
535,1023,0,590,1023,0,317,462,305,372,344,305,471,822,797,305,392
352,1023,0,132,1023,0,650,857,305,412,385,305,471,781,767,305,392
406,1023,0,269,1023,0,275,421,305,358,338,305,471,773,747,305,392
286,1023,0,103,1023,0,269,421,305,354,336,305,471,791,780,305,392
408,1023,0,193,1023,0,293,432,305,337,323,305,471,795,774,305,392
577,1023,0,477,1023,0,680,846,305,483,407,305,471,864,838,305,395
494,1023,0,359,1023,0,505,678,305,413,374,305,471,825,797,305,395
352,1023,0,217,1023,0,680,882,305,455,418,305,471,810,791,305,395
280,1023,0,332,1023,0,761,912,305,664,559,305,471,810,744,305,395
340,1023,0,181,1023,0,404,584,305,349,330,305,471,782,765,305,395
545,1023,0,353,1023,0,351,489,305,378,348,305,472,784,762,305,395
506,1023,0,324,1023,0,421,596,305,357,335,305,472,809,785,305,395
436,1023,0,220,1023,0,711,882,305,511,434,305,472,794,761,305,395
606,1023,0,516,1023,0,628,799,305,498,418,305,472,790,753,305,395
580,1023,0,307,1023,0,330,461,305,347,330,305,472,769,751,305,395
430,1023,0,220,1023,0,208,361,305,328,319,305,472,782,769,305,395
434,1023,0,279,1023,0,591,786,305,625,562,305,472,822,800,305,395
528,1023,0,409,1023,0,236,384,305,364,344,305,472,802,767,305,395
492,1023,0,128,838,0,194,362,305,329,318,305,472,594,514,305,395
487,1023,0,425,1023,0,626,823,305,608,557,305,472,831,795,305,395
413,1023,0,194,1023,0,387,556,305,383,374,305,472,740,702,305,395
289,1023,0,128,1023,0,198,369,305,715,684,305,472,793,783,305,395
401,1023,0,154,1023,0,352,529,305,333,315,305,472,838,821,305,395
382,1023,0,253,1023,0,325,494,305,399,374,305,472,799,775,305,395
324,1023,0,151,1023,0,342,505,305,337,324,305,472,771,747,305,395
673,1023,0,696,1023,0,807,959,306,679,594,305,472,827,790,305,395
457,1023,0,354,1023,0,639,801,305,501,424,305,472,814,757,305,395
336,1023,0,221,1023,0,638,825,305,428,385,305,472,786,759,305,395
378,1023,0,132,1023,0,160,344,305,324,315,305,472,733,720,305,395
316,1023,0,144,1023,0,242,395,305,321,316,305,472,781,755,305,395
498,1023,0,279,1023,0,561,760,305,349,329,305,472,835,817,305,395
348,1023,0,242,1023,0,669,865,305,463,418,305,472,797,780,305,395
397,1023,0,262,1023,0,705,891,305,597,535,305,472,820,793,305,395
698,1023,0,471,1023,0,729,904,305,552,419,305,472,855,789,305,395
634,1023,0,384,1023,0,462,631,305,384,357,305,472,832,807,305,395
646,1023,0,408,1023,0,632,803,305,488,407,305,472,798,772,305,395
431,1023,0,185,1023,0,463,646,305,371,351,305,472,773,757,305,395
1023,1023,0,1023,1023,0,902,1008,307,728,580,305,472,949,832,305,398
311,1023,0,123,1023,0,232,401,305,351,349,305,472,766,750,305,398
411,1023,0,268,1023,0,382,559,305,380,357,305,472,805,783,305,398
501,1023,0,371,1023,0,663,851,305,525,454,305,473,822,799,305,398
675,1023,0,285,1023,0,346,493,305,360,345,305,473,572,517,305,398
470,1023,0,616,1023,0,766,938,306,541,464,305,473,856,832,305,398
319,1023,0,150,1023,0,639,849,305,442,406,305,473,797,780,305,398
410,1023,0,233,1023,0,242,387,305,347,327,305,473,780,759,305,398
484,1023,0,344,1023,0,769,941,306,571,489,305,473,823,792,305,398
471,1023,0,307,1023,0,568,740,305,388,355,305,473,775,732,305,398
530,1023,0,415,1023,0,285,417,305,405,374,305,473,833,803,305,398
1023,1023,0,1023,1023,0,809,934,306,712,614,305,473,895,816,305,398
356,1023,0,223,1023,0,368,546,305,341,333,305,473,800,786,305,398
609,1023,0,358,1023,0,475,647,305,359,339,305,473,784,747,305,398
518,1023,0,336,1023,0,654,836,305,569,499,305,473,813,794,305,398
358,1023,0,205,1023,0,706,916,305,467,431,305,473,778,759,305,398
198,1023,0,75,898,0,159,353,305,538,518,305,473,756,749,305,398
479,1023,0,331,1023,0,368,542,305,464,403,305,473,816,789,305,398
617,1023,0,488,1023,0,268,373,305,355,331,305,473,880,859,305,398
412,1023,0,340,1023,0,286,438,305,327,323,305,473,759,744,305,398
310,1023,0,135,1023,0,474,677,305,336,330,305,473,775,756,305,402
578,1023,0,553,1023,0,388,528,305,440,394,305,473,833,792,305,402
411,1023,0,212,1023,0,254,412,305,349,334,305,473,773,755,305,402
431,1023,0,158,1023,0,202,357,305,343,327,305,473,765,739,305,402
395,1023,0,185,1023,0,398,578,305,346,334,305,473,766,750,305,402
452,1023,0,417,1023,0,700,871,305,517,436,305,473,811,784,305,402
645,1023,0,530,1023,0,863,1012,306,709,625,305,474,845,812,305,402
467,1023,0,226,1023,0,392,559,305,380,347,305,474,779,755,305,402
464,1023,0,305,1023,0,534,726,305,445,394,305,474,823,799,305,402
322,1023,0,140,1023,0,263,419,305,351,335,305,474,783,765,305,402
687,1023,0,454,1023,0,576,726,305,509,405,305,474,868,818,305,402
323,1023,0,327,1023,0,716,910,305,483,432,305,474,785,766,305,402
279,1023,0,104,1023,0,188,371,305,688,661,305,474,806,797,305,402
443,1023,0,258,1023,0,300,438,305,348,332,305,474,803,782,305,405
351,1023,0,192,1023,0,229,379,305,337,322,305,474,788,764,305,405
372,1023,0,175,1023,0,312,476,305,351,338,305,474,800,784,305,405
594,1023,0,616,1023,0,722,853,305,562,444,305,474,879,813,305,405
413,1023,0,132,1023,0,564,755,305,362,341,305,474,789,777,305,405
421,1023,0,272,1023,0,293,441,305,340,338,305,474,842,828,305,405
402,1023,0,186,1023,0,376,536,305,342,329,305,474,759,732,305,405
331,1023,0,210,1023,0,428,619,305,445,404,305,474,797,775,305,405
722,1023,0,621,1023,0,608,808,305,439,402,305,474,846,795,305,405
848,1023,0,721,1023,0,460,622,305,514,439,305,474,816,772,305,405
351,1023,0,224,1023,0,244,393,305,335,328,305,474,777,761,305,405
341,1023,0,170,1023,0,606,816,305,359,354,305,474,801,789,305,405
492,1023,0,393,1023,0,654,829,305,519,441,305,474,812,788,305,405
679,1023,0,402,1023,0,608,764,305,478,405,305,474,789,764,305,405
466,1023,0,380,1023,0,611,779,305,437,369,305,475,767,745,305,405
471,1023,0,235,1023,0,522,715,305,359,335,305,475,786,769,305,405
389,1023,0,190,1023,0,338,496,305,336,329,305,475,787,762,305,405
382,1023,0,172,1023,0,366,529,305,361,342,305,475,780,765,305,405
424,1023,0,218,1023,0,301,446,305,351,330,305,475,775,753,305,405
904,1023,0,982,1023,0,804,943,306,651,468,305,475,868,805,305,405
775,1023,0,467,1023,0,381,485,305,382,336,305,475,839,788,305,405
541,1023,0,437,1023,0,797,974,306,604,539,305,475,809,783,305,405
427,1023,0,393,1023,0,664,846,305,514,453,305,475,797,764,305,408
298,1023,0,143,1023,0,636,851,305,407,385,305,475,605,589,305,408
427,1023,0,337,1023,0,304,456,305,357,342,305,475,794,762,305,408
335,1023,0,158,1023,0,487,686,305,348,337,305,475,803,786,305,408
415,1023,0,184,1023,0,388,562,305,357,341,305,475,777,757,305,408
391,1023,0,211,1023,0,467,645,305,447,394,305,475,804,773,305,408
539,1023,0,420,1023,0,769,944,306,549,481,305,475,790,764,305,408
233,1023,0,46,555,0,119,329,305,591,576,305,475,800,794,305,408
423,1023,0,325,1023,0,243,396,305,356,333,305,475,801,786,305,408
466,1023,0,282,1023,0,428,606,305,377,353,305,475,774,758,305,408
359,1023,0,369,1023,0,742,920,306,553,481,305,475,818,797,305,408
914,1023,0,580,1023,0,751,913,305,621,503,305,475,905,844,305,408
710,1023,0,514,1023,0,365,515,305,441,392,305,476,795,767,305,408
424,1023,0,196,1023,0,411,569,305,404,357,305,476,807,787,305,408
377,1023,0,195,1023,0,486,682,305,422,385,305,476,797,780,305,408
318,1023,0,183,1023,0,456,649,305,386,365,305,476,809,784,305,412
384,1023,0,201,1023,0,598,791,305,408,366,305,476,813,775,305,412
369,1023,0,157,1023,0,701,902,305,453,414,305,476,798,784,305,412
465,1023,0,271,1023,0,333,481,305,468,420,305,476,827,813,305,412
875,1023,0,738,1023,0,665,829,305,550,459,305,476,859,840,305,412
307,1023,0,114,1023,0,319,467,305,734,692,305,476,806,792,305,412
684,1023,0,462,1023,0,723,895,305,547,456,305,476,771,719,305,412
298,1023,0,298,1023,0,515,730,305,546,504,305,476,824,803,305,412
562,1023,0,329,1023,0,560,705,305,559,468,305,476,799,775,305,412
377,1023,0,236,1023,0,361,530,305,568,519,305,476,815,786,305,412
361,1023,0,205,1023,0,440,636,305,493,436,305,476,822,805,305,412
389,1023,0,188,1023,0,475,677,305,334,326,305,476,755,738,305,412
520,1023,0,293,1023,0,458,643,305,377,352,305,476,822,792,305,412
449,1023,0,291,1023,0,577,770,305,381,361,305,476,777,766,305,415
392,1023,0,186,1023,0,392,575,305,374,357,305,476,797,776,305,415
432,1023,0,276,1023,0,301,451,305,379,357,305,476,828,808,305,415
381,1023,0,153,1023,0,494,694,305,335,328,305,477,799,783,305,415
412,1023,0,237,1023,0,480,667,305,346,330,305,477,796,778,305,415
329,1023,0,176,1023,0,687,870,305,621,553,305,477,799,772,305,415
811,1023,0,577,1023,0,555,693,305,402,352,305,477,867,822,305,415
605,1023,0,412,1023,0,773,941,306,568,475,305,477,862,806,305,415
402,1023,0,284,1023,0,663,839,305,452,393,305,477,783,751,305,415
464,1023,0,263,1023,0,452,629,305,408,376,305,477,795,767,305,415
269,1023,0,94,1023,0,460,674,305,346,341,305,477,788,777,305,415
402,1023,0,243,1023,0,397,583,305,347,337,305,477,779,753,305,415
405,1023,0,270,1023,0,676,854,305,601,523,305,477,852,821,305,415
177,1023,0,122,1023,0,512,734,305,734,716,305,477,788,778,305,415
463,1023,0,417,1023,0,669,849,305,440,389,305,477,797,777,305,415
458,1023,0,249,1023,0,459,651,305,380,356,305,477,822,804,305,415
448,1023,0,207,1023,0,644,831,305,397,361,305,477,784,771,305,415
393,1023,0,178,1023,0,132,336,305,342,332,305,477,773,761,305,415
357,1023,0,268,1023,0,693,882,305,511,456,305,477,802,778,305,415
454,1023,0,237,1023,0,525,719,305,353,339,305,477,768,728,305,415
306,1023,0,103,1023,0,292,449,305,321,317,305,477,774,763,305,415
305,1023,0,110,1023,0,202,374,305,316,313,305,477,779,769,305,415
414,1023,0,280,1023,0,659,841,305,460,407,305,477,795,773,305,415
362,1023,0,192,1023,0,231,389,305,324,328,305,477,789,769,305,415
337,1023,0,137,1023,0,630,836,305,365,357,305,477,775,760,305,415
528,1023,0,418,1023,0,341,487,305,456,408,305,477,814,789,305,415
316,1023,0,172,1023,0,506,711,305,340,334,305,477,792,775,305,418
346,1023,0,181,1023,0,385,558,305,380,355,305,478,776,751,305,418
436,1023,0,259,1023,0,412,580,305,427,379,305,478,808,788,305,418
382,1023,0,166,1023,0,267,418,305,346,332,305,478,778,765,305,418
326,1023,0,288,1023,0,502,667,305,414,359,305,478,800,773,305,418
372,1023,0,217,1023,0,392,550,305,370,354,305,478,775,752,305,418
332,1023,0,289,1023,0,725,916,305,547,490,305,478,816,797,305,418
657,1023,0,369,1023,0,390,533,305,447,386,305,478,804,768,305,418
334,1023,0,152,1023,0,585,770,305,566,489,305,478,819,794,305,418
307,1023,0,126,1023,0,469,680,305,347,337,305,478,794,786,305,418
466,1023,0,291,1023,0,464,644,305,383,354,305,478,802,782,305,418
389,1023,0,255,1023,0,489,683,305,412,368,305,478,782,755,305,418
379,1023,0,261,1023,0,712,891,305,746,688,305,478,801,769,305,418
516,1023,0,519,1023,0,511,693,305,464,409,305,478,815,781,305,418
453,1023,0,230,1023,0,361,522,305,423,380,305,478,789,771,305,418
402,1023,0,218,1023,0,425,598,305,370,352,305,478,807,788,305,418
363,1023,0,228,1023,0,399,584,305,327,332,305,478,773,758,305,418
429,1023,0,292,1023,0,497,689,305,460,409,305,478,823,794,305,418
279,1023,0,84,895,0,174,348,305,732,710,305,478,791,779,305,421
308,1023,0,91,996,0,234,384,305,316,315,305,478,782,772,305,421
432,1023,0,280,1023,0,297,447,305,361,344,305,479,771,752,305,421
630,1023,0,512,1023,0,678,839,305,564,427,305,479,876,818,305,421
332,1023,0,139,1023,0,322,484,305,354,344,305,479,804,789,305,421
417,1023,0,269,1023,0,614,790,305,434,378,305,479,803,774,305,421
539,1023,0,449,1023,0,348,491,305,343,329,305,479,836,817,305,421
370,1023,0,198,1023,0,333,496,305,330,323,305,479,789,775,305,421
471,1023,0,270,1023,0,238,386,305,335,328,305,479,840,821,305,421
472,1023,0,217,1023,0,705,882,305,518,435,305,479,805,790,305,421
390,1023,0,174,1023,0,389,567,305,323,319,305,479,780,771,305,421
554,1023,0,474,1023,0,316,461,305,418,369,305,479,851,816,305,421
354,1023,0,205,1023,0,609,801,305,431,388,305,479,817,800,305,421
380,1023,0,196,1023,0,437,622,305,367,345,305,479,792,780,305,421
422,1023,0,224,1023,0,437,627,305,322,318,305,479,837,817,305,421
379,1023,0,352,1023,0,470,663,305,464,421,305,479,801,779,305,421
428,1023,0,239,1023,0,326,488,305,385,362,305,479,786,760,305,421
548,1023,0,344,1023,0,695,870,305,508,438,305,479,688,636,305,421
334,1023,0,110,1023,0,567,772,305,360,336,305,479,787,777,305,421
383,1023,0,150,1023,0,563,753,305,396,366,305,479,807,788,305,425
218,1023,0,80,954,0,206,374,305,318,314,305,479,549,528,305,425
399,1023,0,198,1023,0,331,488,305,343,324,305,479,775,757,305,425
448,1023,0,269,1023,0,381,554,305,383,361,305,479,778,760,305,425
390,1023,0,189,1023,0,614,810,305,410,380,305,479,791,780,305,425
356,1023,0,200,1023,0,418,597,305,353,337,305,479,807,785,305,425
583,1023,0,280,1023,0,483,671,305,453,409,305,479,809,786,305,425
313,1023,0,141,1023,0,525,733,305,331,332,305,479,807,793,305,425
294,1023,0,221,1023,0,229,398,305,361,345,305,479,618,598,305,425
357,1023,0,251,1023,0,376,549,305,432,396,305,480,824,802,305,425
510,1023,0,280,1023,0,588,783,305,407,366,305,480,804,785,305,425
323,1023,0,137,1023,0,568,780,305,375,365,305,480,783,774,305,425
376,1023,0,582,1023,0,752,923,306,567,483,305,480,793,752,305,425
419,1023,0,136,1023,0,301,451,305,320,315,305,480,765,748,305,425
431,1023,0,224,1023,0,304,452,305,336,324,305,480,771,754,305,425
383,1023,0,199,1023,0,471,672,305,395,369,305,480,799,778,305,425
98,777,0,91,962,0,145,342,305,708,637,305,480,563,470,305,425
396,1023,0,216,1023,0,357,524,305,325,320,305,480,790,774,305,425
503,1023,0,334,1023,0,429,596,305,701,692,305,480,791,758,305,428
350,1023,0,208,1023,0,399,579,305,366,353,305,480,789,773,305,428
283,1023,0,103,1023,0,342,527,305,311,317,305,480,782,772,305,428
341,1023,0,182,1023,0,703,887,305,462,411,305,480,800,783,305,428
665,1023,0,391,1023,0,592,757,305,453,383,305,480,812,787,305,428
723,1023,0,638,1023,0,899,1023,307,708,602,305,480,856,823,305,428
365,1023,0,183,1023,0,585,788,305,374,359,305,480,783,770,305,428
696,1023,0,467,1023,0,477,647,305,544,475,305,480,787,747,305,428
350,1023,0,147,1023,0,229,397,305,336,326,305,480,798,788,305,428
471,1023,0,223,1023,0,734,917,306,487,432,305,480,768,745,305,428
420,1023,0,242,1023,0,624,817,305,414,365,305,480,796,782,305,428
658,1023,0,693,1023,0,824,968,306,632,522,305,480,857,799,305,428
436,1023,0,346,1023,0,757,935,306,644,575,305,480,849,810,305,428
398,1023,0,222,1023,0,510,684,305,397,358,305,480,811,788,305,428
431,1023,0,245,1023,0,699,885,305,465,417,305,480,785,770,305,428
618,1023,0,712,1023,0,812,963,306,774,686,305,480,803,753,305,428
322,1023,0,163,1023,0,691,900,305,469,431,305,480,809,798,305,428
573,1023,0,542,1023,0,318,463,305,563,479,305,481,786,760,305,428
419,1023,0,341,1023,0,357,508,305,485,428,305,481,803,769,305,428
652,1023,0,495,1023,0,659,830,305,435,374,305,481,868,852,305,428
341,1023,0,199,1023,0,405,600,305,418,388,305,481,784,770,305,428
360,1023,0,174,1023,0,395,583,305,442,405,305,481,807,785,305,428
356,1023,0,156,1023,0,533,734,305,379,359,305,481,789,768,305,431
1023,1023,0,856,1023,0,829,958,306,638,499,305,481,822,769,305,431
383,1023,0,182,1023,0,267,420,305,379,355,305,481,781,767,305,431
522,1023,0,281,1023,0,503,683,305,369,341,305,481,817,799,305,431
301,1023,0,123,1023,0,641,856,305,387,373,305,481,806,791,305,431
346,1023,0,175,1023,0,552,755,305,377,360,305,481,811,800,305,431
355,1023,0,142,1023,0,192,358,305,312,316,305,481,792,781,305,431
560,1023,0,257,1023,0,434,607,305,353,334,305,481,803,783,305,431
326,1023,0,287,1023,0,251,395,305,332,326,305,481,801,791,305,431
673,1023,0,459,1023,0,703,854,305,506,416,305,481,887,833,305,431
474,1023,0,457,1023,0,354,517,305,564,509,305,481,845,830,305,431
615,1023,0,545,1023,0,565,752,305,425,387,305,481,794,764,305,431
567,1023,0,497,1023,0,362,507,305,415,369,305,481,810,784,305,431
303,1023,0,123,1023,0,329,501,305,725,696,305,482,812,801,305,431
352,1023,0,148,1023,0,588,794,305,422,388,305,482,814,794,305,431
353,1023,0,207,1023,0,248,404,305,335,334,305,482,784,772,305,431
360,1023,0,149,1023,0,358,525,305,343,334,305,482,791,779,305,431
538,1023,0,321,1023,0,439,608,305,501,434,305,482,794,774,305,435
311,1023,0,183,1023,0,263,405,305,380,358,305,482,809,795,305,435
454,1023,0,207,1023,0,326,472,305,341,329,305,482,768,753,305,435
446,1023,0,335,1023,0,794,981,306,607,552,305,482,851,832,305,435
196,1023,0,49,613,0,116,332,305,477,461,305,482,620,609,305,435
305,1023,0,101,1023,0,338,512,305,321,315,305,482,787,775,305,435
365,1023,0,185,1023,0,234,392,305,375,352,305,482,792,782,305,435
579,1023,0,526,1023,0,829,980,306,710,621,305,482,837,802,305,435
430,1023,0,191,1023,0,492,679,305,493,427,305,482,800,776,305,435
588,1023,0,368,1023,0,536,716,305,445,394,305,482,825,797,305,435
458,1023,0,216,1023,0,636,828,305,376,352,305,482,785,769,305,435
343,1023,0,189,1023,0,639,827,305,423,380,305,482,790,777,305,435
407,1023,0,187,1023,0,274,421,305,319,319,305,482,784,767,305,435
312,1023,0,162,1023,0,424,621,305,361,344,305,482,777,766,305,435
352,1023,0,168,1023,0,333,495,305,365,348,305,482,791,774,305,435
333,1023,0,188,1023,0,520,713,305,364,335,305,482,811,787,305,435
425,1023,0,396,1023,0,332,481,305,522,454,305,482,808,787,305,435
319,1023,0,249,1023,0,417,577,305,374,350,305,482,777,749,305,435
504,1023,0,579,1023,0,715,873,305,538,438,305,482,778,742,305,435
1023,1023,0,1023,1023,0,864,1013,306,691,591,305,482,891,825,305,435
354,1023,0,118,1023,0,493,692,305,327,325,305,482,777,766,305,435
496,1023,0,347,1023,0,470,655,305,374,355,305,482,804,785,305,435
439,1023,0,232,1023,0,242,401,305,337,322,305,483,807,791,305,438
457,1023,0,249,1023,0,736,925,306,530,468,305,483,811,795,305,438
364,1023,0,204,1023,0,576,779,305,534,482,305,483,798,787,305,438
659,1023,0,541,1023,0,711,871,305,527,434,305,483,818,790,305,438
539,1023,0,470,1023,0,551,733,305,444,389,305,483,802,777,305,438
550,1023,0,360,1023,0,433,618,305,628,526,305,483,822,799,305,438
415,1023,0,215,1023,0,605,800,305,464,418,305,483,814,792,305,438
297,1023,0,119,1023,0,256,417,305,335,323,305,483,774,764,305,438
430,1023,0,241,1023,0,854,1023,306,645,589,305,483,782,766,305,438
331,1023,0,226,1023,0,461,663,305,368,360,305,483,790,775,305,438
463,1023,0,443,1023,0,585,781,305,435,397,305,483,778,751,305,438
454,1023,0,257,1023,0,520,715,305,382,359,305,483,792,769,305,438
394,1023,0,242,1023,0,404,585,305,355,345,305,483,811,789,305,438
401,1023,0,190,1023,0,490,683,305,385,360,305,483,808,787,305,438
1023,1023,0,564,1023,0,785,951,306,570,477,305,483,888,835,305,438
406,1023,0,285,1023,0,448,612,305,367,348,305,483,823,792,305,438
636,1023,0,426,1023,0,618,789,305,525,434,305,483,835,790,305,438
289,1023,0,138,1023,0,474,681,305,338,330,305,483,798,787,305,438
216,1023,0,116,1023,0,352,523,305,527,478,305,483,560,524,305,438
350,1023,0,110,1023,0,309,468,305,330,328,305,483,800,787,305,438
281,1023,0,118,1023,0,300,461,305,329,327,305,483,776,766,305,441
602,1023,0,293,1023,0,348,501,305,355,347,305,484,805,773,305,441
442,1023,0,349,1023,0,599,791,305,387,355,305,484,798,764,305,441
384,1023,0,202,1023,0,657,856,305,437,399,305,484,802,786,305,441
395,1023,0,420,1023,0,724,894,305,574,495,305,484,823,794,305,441
335,1023,0,191,1023,0,633,824,305,419,383,305,484,801,776,305,441
357,1023,0,190,1023,0,704,902,305,491,445,305,484,791,770,305,441
782,1023,0,1023,1023,0,832,980,306,734,645,305,484,899,806,305,441
1023,1023,0,1023,1023,0,789,939,306,616,472,305,484,918,801,305,441
300,1023,0,233,1023,0,641,845,305,413,387,305,484,782,767,305,441
489,1023,0,231,1023,0,430,616,305,377,360,305,484,774,751,305,441
363,1023,0,159,1023,0,298,447,305,401,374,305,484,784,770,305,441
294,1023,0,202,1023,0,260,423,305,350,337,305,484,800,790,305,441
375,1023,0,211,1023,0,267,412,305,335,331,305,484,798,782,305,441
421,1023,0,279,1023,0,395,581,305,361,349,305,484,777,754,305,441
496,1023,0,411,1023,0,632,793,305,492,404,305,484,822,790,305,441
311,1023,0,114,1023,0,316,482,305,309,315,305,484,780,769,305,441
367,1023,0,330,1023,0,690,870,305,499,427,305,484,802,783,305,441
349,1023,0,250,1023,0,333,496,305,362,348,305,484,785,766,305,445
470,1023,0,274,1023,0,303,434,305,364,344,305,484,805,776,305,445
473,1023,0,203,1023,0,305,443,305,359,335,305,484,772,751,305,445
448,1023,0,304,1023,0,529,730,305,354,335,305,485,804,784,305,445
593,1023,0,490,1023,0,281,420,305,646,566,305,485,784,750,305,445
349,1023,0,202,1023,0,281,430,305,363,348,305,485,781,756,305,445
397,1023,0,151,1023,0,425,624,305,337,331,305,485,792,768,305,445
233,1023,0,68,865,0,167,355,305,310,310,305,485,559,541,305,445
346,1023,0,285,1023,0,638,824,305,451,391,305,485,802,782,305,445
385,1023,0,237,1023,0,406,589,305,334,324,305,485,773,760,305,445
490,1023,0,364,1023,0,396,566,305,372,349,305,485,815,779,305,445
396,1023,0,186,1023,0,433,615,305,340,332,305,485,794,769,305,445
322,1023,0,156,1023,0,285,453,305,356,354,305,485,577,548,305,445
396,1023,0,203,1023,0,347,507,305,393,369,305,485,793,779,305,448
337,1023,0,175,1023,0,269,428,305,334,332,305,485,799,784,305,448
691,1023,0,409,1023,0,717,883,305,505,416,305,485,839,817,305,448
317,1023,0,161,1023,0,559,763,305,367,347,305,485,674,632,305,448
379,1023,0,193,1023,0,534,740,305,366,356,305,485,790,772,305,448
513,1023,0,343,1023,0,589,753,305,417,369,305,485,802,762,305,448
414,1023,0,207,1023,0,357,497,305,423,377,305,485,769,744,305,448
588,1023,0,291,1023,0,616,794,305,496,414,305,485,867,829,305,448
447,1023,0,249,1023,0,425,612,305,370,350,305,485,835,813,305,448
396,1023,0,166,1023,0,263,403,305,362,342,305,486,758,742,305,448
473,1023,0,231,1023,0,234,396,305,326,319,305,486,815,802,305,448
342,1023,0,218,1023,0,351,525,305,327,322,305,486,772,756,305,448
349,1023,0,297,1023,0,260,396,305,429,390,305,486,792,772,305,448
862,1023,0,640,1023,0,556,759,305,510,455,305,486,906,844,305,448
559,1023,0,477,1023,0,591,776,305,383,355,305,486,840,806,305,448
227,1023,0,194,1023,0,633,843,305,475,449,305,486,792,783,305,448
455,1023,0,329,1023,0,516,674,305,364,334,305,486,783,756,305,448
682,1023,0,513,1023,0,515,682,305,490,423,305,486,796,769,305,451
443,1023,0,198,1023,0,338,484,305,343,325,305,486,785,769,305,451
472,1023,0,302,1023,0,344,502,305,348,337,305,486,768,749,305,451
581,1023,0,467,1023,0,391,548,305,382,348,305,486,835,811,305,451
186,1023,0,65,788,0,179,371,305,577,561,305,486,554,542,305,451
408,1023,0,210,1023,0,429,616,305,546,490,305,486,809,792,305,451
403,1023,0,230,1023,0,370,533,305,402,379,305,486,801,787,305,451
317,1023,0,152,1023,0,388,569,305,340,330,305,486,782,769,305,451
509,1023,0,281,1023,0,552,745,305,402,372,305,486,823,805,305,451
508,1023,0,240,1023,0,260,402,305,412,385,305,486,787,763,305,451
503,1023,0,200,1023,0,397,571,305,346,331,305,486,801,783,305,451
129,1023,0,41,507,0,415,630,305,312,311,305,486,603,592,305,451
808,1023,0,768,1023,0,818,959,306,642,535,305,487,842,793,305,451
346,1023,0,201,1023,0,451,640,305,444,399,305,487,777,766,305,451
477,1023,0,213,1023,0,670,851,305,432,379,305,487,789,768,305,451
518,1023,0,426,1023,0,318,462,305,404,368,305,487,754,711,305,451
359,1023,0,225,1023,0,271,424,305,338,323,305,487,845,815,305,451
606,1023,0,343,1023,0,421,580,305,457,397,305,487,814,783,305,451
565,1023,0,218,1023,0,224,372,305,482,419,305,487,773,751,305,451
371,1023,0,222,1023,0,367,529,305,486,427,305,487,799,770,305,451
435,1023,0,216,1023,0,626,821,305,460,412,305,487,792,769,305,451
498,1023,0,404,1023,0,571,725,305,361,338,305,487,793,765,305,451
405,1023,0,171,1023,0,534,728,305,360,349,305,487,790,771,305,451
346,1023,0,199,1023,0,549,750,305,453,411,305,487,794,775,305,451
651,1023,0,316,1023,0,588,786,305,421,370,305,487,853,781,305,451
405,1023,0,191,1023,0,452,634,305,342,325,305,487,797,785,305,454
353,1023,0,126,1023,0,445,647,305,337,331,305,487,783,774,305,454
476,1023,0,356,1023,0,477,639,305,407,367,305,487,809,770,305,454
384,1023,0,201,1023,0,422,610,305,368,349,305,487,806,792,305,454
258,1023,0,120,1023,0,204,377,305,720,690,305,487,786,777,305,454
386,1023,0,239,1023,0,715,902,305,555,497,305,487,794,780,305,454
493,1023,0,324,1023,0,298,421,305,391,353,305,487,781,759,305,454
203,1023,0,95,1023,0,510,733,305,678,659,305,487,818,812,305,454
438,1023,0,215,1023,0,458,646,305,441,396,305,487,797,775,305,454
286,796,0,1023,1023,0,237,347,305,712,684,305,487,622,552,305,454
913,1023,0,685,1023,0,480,629,305,492,414,305,487,763,707,305,454
320,1023,0,174,1023,0,441,616,305,344,332,305,487,800,784,305,454
419,1023,0,212,1023,0,403,585,305,370,354,305,487,793,770,305,454
473,1023,0,260,1023,0,338,484,305,371,349,305,487,762,743,305,454
367,1023,0,244,1023,0,205,363,305,372,352,305,488,784,766,305,454
427,1023,0,222,1023,0,493,683,305,339,330,305,488,806,785,305,454
521,1023,0,505,1023,0,556,724,305,386,348,305,488,798,762,305,454
429,1023,0,179,1023,0,628,822,305,404,379,305,488,796,778,305,454
346,1023,0,175,1023,0,590,798,305,370,359,305,488,780,767,305,454
431,1023,0,245,1023,0,460,654,305,342,335,305,488,804,791,305,454
636,1023,0,534,1023,0,300,456,305,484,422,305,488,851,828,305,454
406,1023,0,200,1023,0,412,594,305,349,332,305,488,789,775,305,454
309,1023,0,147,1023,0,416,621,305,717,694,305,488,783,773,305,454
116,1008,0,27,359,0,69,322,305,436,429,305,488,595,597,305,458
559,1023,0,340,1023,0,661,825,305,467,392,305,488,814,781,305,458
431,1023,0,340,1023,0,756,927,306,552,469,305,488,812,776,305,458
341,1023,0,401,1023,0,685,875,305,519,451,305,488,797,771,305,458
451,1023,0,220,1023,0,280,414,305,337,335,305,488,723,707,305,458
609,1023,0,336,1023,0,517,680,305,500,417,305,488,813,773,305,458
303,1023,0,101,1023,0,551,766,305,338,332,305,488,792,785,305,458
382,1023,0,153,1023,0,270,426,305,380,365,305,488,779,760,305,458
297,1023,0,185,1023,0,243,410,305,350,343,305,488,791,768,305,458
375,1023,0,120,1023,0,279,439,305,320,317,305,488,762,745,305,458
657,1023,0,510,1023,0,359,513,305,466,392,305,488,778,743,305,458
505,1023,0,353,1023,0,472,651,305,371,348,305,488,796,775,305,458
398,1023,0,245,1023,0,365,531,305,381,357,305,488,774,747,305,458
564,1023,0,642,1023,0,283,402,305,515,443,305,489,830,784,305,458
307,1023,0,102,1023,0,429,630,305,364,350,305,489,744,731,305,458
608,1023,0,356,1023,0,309,445,305,433,381,305,489,809,778,305,458
477,1023,0,283,1023,0,557,745,305,389,350,305,489,734,685,305,458
301,1023,0,118,1023,0,317,477,305,327,317,305,489,795,785,305,458
401,1023,0,252,1023,0,329,481,305,376,361,305,489,817,800,305,461
760,1023,0,571,1023,0,687,833,305,532,422,305,489,823,788,305,461
622,1023,0,585,1023,0,831,974,306,667,554,305,489,836,796,305,461
301,1023,0,121,1023,0,401,588,305,334,330,305,489,767,754,305,461
565,1023,0,378,1023,0,484,661,305,355,336,305,489,812,795,305,461
654,1023,0,552,1023,0,739,916,305,511,425,305,489,843,787,305,461
329,1023,0,286,1023,0,522,669,305,494,402,305,489,789,742,305,461
195,1023,0,153,1023,0,489,698,305,376,360,305,489,605,572,305,461
558,1023,0,371,1023,0,388,538,305,390,358,305,489,839,819,305,461
506,1023,0,443,1023,0,428,598,305,486,429,305,489,800,776,305,461
522,1023,0,375,1023,0,513,696,305,434,384,305,489,791,772,305,461
560,1023,0,251,1023,0,652,828,305,471,400,305,489,781,761,305,461
434,1023,0,248,1023,0,323,456,305,446,401,305,489,774,754,305,461
333,1023,0,185,1023,0,387,559,305,488,438,305,489,789,764,305,461
335,1023,0,220,1023,0,527,725,305,371,349,305,490,814,799,305,464
425,1023,0,177,1023,0,316,464,305,350,332,305,490,785,768,305,464
322,1023,0,304,1023,0,315,469,305,345,332,305,490,797,783,305,464
1023,1023,0,674,1023,0,761,923,306,574,459,305,490,921,854,305,464
503,1023,0,413,1023,0,652,809,305,432,358,305,490,841,802,305,464
422,1023,0,269,1023,0,313,459,305,371,356,305,490,789,773,305,464
556,1023,0,365,1023,0,745,910,305,554,464,305,490,800,768,305,464
298,1023,0,154,1023,0,408,606,305,360,346,305,490,818,803,305,464
510,1023,0,410,1023,0,494,668,305,589,509,305,490,825,784,305,464
706,1023,0,651,1023,0,753,908,305,583,491,305,490,819,777,305,464
308,1023,0,165,1023,0,528,724,305,713,661,305,490,802,794,305,464
324,1023,0,139,1023,0,269,414,305,359,348,305,490,780,771,305,464
432,1023,0,172,1023,0,355,511,305,340,328,305,490,801,783,305,464
538,1023,0,357,1023,0,630,802,305,462,404,305,490,757,733,305,464
489,1023,0,288,1023,0,513,702,305,361,338,305,490,804,761,305,464
434,1023,0,191,1023,0,330,485,305,436,392,305,490,766,754,305,464
640,1023,0,345,1023,0,701,876,305,495,422,305,490,801,775,305,464
689,1023,0,382,1023,0,504,684,305,397,364,305,490,798,770,305,464
258,1023,0,144,1023,0,510,717,305,357,341,305,490,773,758,305,468
390,1023,0,150,1023,0,567,770,305,393,360,305,490,777,762,305,468
305,1023,0,149,1023,0,179,355,305,321,327,305,490,794,784,305,468
336,1023,0,223,1023,0,589,799,305,406,380,305,490,795,775,305,468
562,1023,0,368,1023,0,565,737,305,432,379,305,491,825,782,305,468
319,1023,0,114,1023,0,401,588,305,362,342,305,491,770,756,305,468
530,1023,0,248,1023,0,241,401,305,345,331,305,491,773,746,305,468
368,1023,0,154,1023,0,439,636,305,346,334,305,491,772,749,305,468
336,1023,0,147,1023,0,677,879,305,427,394,305,491,787,767,305,468
514,1023,0,351,1023,0,710,894,305,497,437,305,491,814,791,305,468
265,1023,0,158,1023,0,316,498,305,363,350,305,491,788,775,305,471
396,1023,0,276,1023,0,436,623,305,372,351,305,491,822,804,305,471
632,1023,0,550,1023,0,769,923,306,571,453,305,491,774,717,305,471
820,1023,0,620,1023,0,623,771,305,455,388,305,491,846,809,305,471
766,1023,0,567,1023,0,446,609,305,404,349,305,491,882,858,305,471
329,1023,0,208,1023,0,237,403,305,334,332,305,491,798,785,305,471
467,1023,0,362,1023,0,355,478,305,462,404,305,491,829,810,305,471
464,1023,0,271,1023,0,739,934,306,501,452,305,491,812,790,305,471
342,1023,0,152,1023,0,575,780,305,402,376,305,492,783,768,305,471
243,1023,0,70,810,0,162,344,305,407,389,305,492,591,561,305,471
1023,1023,0,1023,1023,0,1023,1023,310,869,708,305,492,1023,922,306,471
37,801,0,109,1023,0,284,537,305,334,324,305,492,720,695,305,471
491,1023,0,279,1023,0,171,347,305,313,314,305,492,759,748,305,471
585,1023,0,340,1023,0,371,535,305,368,349,305,492,778,758,305,471
457,1023,0,314,1023,0,801,975,306,590,515,305,492,811,766,305,471
353,1023,0,153,1023,0,532,739,305,368,347,305,492,796,776,305,471
339,1023,0,171,1023,0,266,413,305,347,333,305,492,799,774,305,474
346,1023,0,173,1023,0,208,371,305,341,334,305,492,788,776,305,474
286,1023,0,145,1023,0,415,612,305,371,356,305,492,792,778,305,474
420,1023,0,224,1023,0,694,893,305,484,441,305,492,797,784,305,474
465,1023,0,270,1023,0,607,777,305,433,375,305,492,787,767,305,474
450,1023,0,369,1023,0,744,921,306,602,532,305,492,798,775,305,474
597,1023,0,480,1023,0,377,524,305,355,339,305,492,895,861,305,474
262,1023,0,227,1023,0,638,800,305,449,388,305,492,799,754,305,474
394,1023,0,189,1023,0,390,576,305,335,329,305,492,838,815,305,474
381,1023,0,172,1023,0,596,796,305,375,355,305,493,779,765,305,474
567,1023,0,335,1023,0,809,977,306,658,586,305,493,818,789,305,474
281,1023,0,111,1023,0,468,681,305,348,336,305,493,771,752,305,474
434,1023,0,254,1023,0,631,827,305,433,383,305,493,769,754,305,474
299,1023,0,129,1023,0,541,755,305,433,409,305,493,799,791,305,477
469,1023,0,262,1023,0,732,906,305,491,423,305,493,808,779,305,477
241,1023,0,83,930,0,328,508,305,325,320,305,493,778,763,305,477
395,1023,0,283,1023,0,561,753,305,435,390,305,493,748,722,305,477
303,1023,0,132,1023,0,504,712,305,670,641,305,493,838,826,305,477
1023,1023,0,1023,1023,0,709,864,305,648,539,305,493,931,873,305,477
337,1023,0,169,1023,0,413,606,305,369,349,305,493,775,766,305,477
457,1023,0,391,1023,0,588,769,305,415,372,305,493,813,783,305,477
487,1023,0,238,1023,0,451,629,305,412,373,305,493,776,754,305,537
763,1023,0,659,1023,0,810,951,306,599,478,305,493,848,819,305,537
613,1023,0,582,1023,0,323,463,305,374,346,305,493,746,725,305,537
368,1023,0,318,1023,0,784,969,306,553,486,305,493,788,770,305,537
445,1023,0,193,1023,0,352,487,305,414,378,305,493,784,761,305,537
583,1023,0,382,1023,0,421,572,305,401,355,305,493,781,757,305,537
413,1023,0,208,1023,0,709,893,305,484,433,305,493,808,791,305,537
627,1023,0,549,1023,0,763,952,306,577,520,305,493,808,775,305,537
1023,1023,0,1009,1023,0,801,972,306,632,533,305,493,923,817,305,537
779,1023,0,347,1023,0,514,702,305,402,349,305,493,850,831,305,537
547,1023,0,652,1023,0,783,963,306,688,624,305,493,881,843,305,537
246,1023,0,114,1023,0,474,687,305,569,542,305,493,814,804,305,537
523,1023,0,296,1023,0,433,590,305,354,333,305,493,818,791,305,537
407,1023,0,214,1023,0,248,388,305,372,350,305,494,782,770,305,537
417,1023,0,209,1023,0,549,754,305,383,356,305,494,787,772,305,537
736,1023,0,585,1023,0,711,884,305,520,433,305,494,890,817,305,537
455,1023,0,325,1023,0,291,431,305,342,329,305,494,832,800,305,537
356,1023,0,461,1023,0,543,715,305,571,478,305,494,858,804,305,537
1023,1023,0,706,1023,0,476,663,305,516,455,305,494,864,803,305,537
458,1023,0,259,1023,0,552,738,305,362,342,305,494,794,766,305,537
375,1023,0,176,1023,0,181,361,305,347,332,305,494,786,767,305,537
663,1023,0,472,1023,0,459,619,305,399,363,305,494,836,815,305,537
957,1023,0,798,1023,0,840,949,307,654,498,305,494,878,842,305,537
942,1023,0,504,1023,0,382,521,305,446,375,305,494,860,800,305,537
307,1023,0,192,1023,0,597,803,305,379,357,305,494,821,801,305,537
659,1023,0,816,1023,0,366,505,305,397,354,305,494,823,795,305,537
367,1023,0,187,1023,0,419,605,305,352,344,305,494,801,785,305,537
1023,1023,0,831,1023,0,864,982,307,663,523,305,494,851,766,305,537
790,1023,0,502,1023,0,418,559,305,418,366,305,494,785,750,305,537
312,1023,0,187,1023,0,326,495,305,340,328,305,494,797,780,305,537
511,1023,0,185,1023,0,495,683,305,352,332,305,494,773,745,305,537
567,1023,0,512,1023,0,350,463,305,449,389,305,494,811,770,305,537
550,1023,0,360,1023,0,248,398,305,424,391,305,494,797,774,305,537
1023,1023,0,1023,1023,0,895,1023,306,746,627,305,494,967,869,305,537
551,1023,0,389,1023,0,828,994,306,647,576,305,494,788,759,305,537
357,1023,0,201,1023,0,344,515,305,369,350,305,494,795,777,305,537
755,1023,0,701,1023,0,864,1023,306,678,615,305,494,884,812,305,537
409,1023,0,222,1023,0,322,481,305,412,387,305,494,777,752,305,537
402,1023,0,237,1023,0,429,604,305,388,355,305,494,794,772,305,537
740,1023,0,405,1023,0,598,768,305,398,351,305,494,836,816,305,537
749,1023,0,584,1023,0,607,772,305,534,452,305,494,794,748,305,537
515,1023,0,251,1023,0,345,499,305,396,362,305,494,769,743,305,537
851,1023,0,863,1023,0,828,1015,306,623,569,305,494,887,857,305,537
615,1023,0,558,1023,0,785,941,306,605,501,305,494,816,775,305,537
421,1023,0,314,1023,0,508,705,305,353,331,305,494,834,800,305,537
331,1023,0,136,1023,0,400,579,305,344,330,305,494,803,786,305,537
383,1023,0,244,1023,0,736,933,306,508,459,305,494,803,788,305,537
1023,1023,0,1023,1023,0,737,880,305,593,482,305,494,908,865,305,537
416,1023,0,377,1023,0,340,480,305,349,331,305,494,808,776,305,537
716,1023,0,641,1023,0,413,560,305,499,417,305,494,808,772,305,537
550,1023,0,244,1023,0,463,660,305,387,358,305,495,814,791,305,537
674,1023,0,447,1023,0,299,444,305,392,372,305,495,757,727,305,537
359,1023,0,251,1023,0,655,852,305,670,620,305,495,811,790,305,537
335,1023,0,195,1023,0,467,672,305,470,438,305,495,608,573,305,537
899,1023,0,748,1023,0,803,950,306,647,555,305,495,804,772,305,537
420,1023,0,232,1023,0,329,474,305,410,379,305,495,835,805,305,540
346,1023,0,353,1023,0,759,946,306,580,525,305,495,809,783,305,540
861,1023,0,757,1023,0,409,550,305,414,357,305,495,844,794,305,540
272,1023,0,122,1023,0,240,401,305,339,333,305,495,799,786,305,540
941,1023,0,681,1023,0,315,390,305,480,386,305,495,851,785,305,540
319,1023,0,158,1023,0,362,548,305,333,324,305,495,799,783,305,540
525,1023,0,427,1023,0,518,700,305,369,346,305,495,785,759,305,540
397,1023,0,138,1023,0,573,773,305,349,344,305,495,762,745,305,540
334,1023,0,218,1023,0,417,607,305,340,336,305,495,785,759,305,540
435,1023,0,275,1023,0,774,963,306,560,501,305,495,822,796,305,540
509,1023,0,387,1023,0,425,587,305,429,379,305,495,802,770,305,540
778,1023,0,528,1023,0,614,809,305,685,622,305,495,866,804,305,540
416,1023,0,237,1023,0,400,578,305,339,333,305,495,820,806,305,540
567,1023,0,374,1023,0,643,825,305,481,410,305,495,796,768,305,540
1023,1023,0,1023,1023,0,832,905,305,709,513,305,495,952,844,305,540
751,1023,0,875,1023,0,762,916,306,584,484,305,495,793,740,305,540
347,1023,0,146,1023,0,270,431,305,314,321,305,495,802,789,305,540
419,1023,0,233,1023,0,734,927,306,677,634,305,495,816,800,305,540
1023,1023,0,950,1023,0,904,1023,306,715,631,305,495,922,866,305,540
253,1023,0,116,1023,0,234,394,305,375,362,305,495,792,771,305,540
888,1023,0,801,1023,0,802,950,306,620,506,305,495,849,811,305,540
336,1023,0,294,1023,0,201,368,305,410,378,305,495,838,821,305,540
500,1023,0,393,1023,0,817,979,306,626,544,305,495,800,779,305,540
340,1023,0,167,1023,0,374,552,305,343,332,305,495,781,769,305,540
343,1023,0,205,1023,0,424,607,305,366,349,305,495,805,785,305,540
368,1023,0,181,1023,0,452,651,305,329,326,305,495,785,762,305,540
413,1023,0,183,1023,0,400,582,305,378,350,305,495,778,764,305,540
909,1023,0,783,1023,0,775,958,306,583,490,305,495,860,788,305,540
550,1023,0,604,1023,0,481,638,305,397,352,305,496,778,741,305,540
582,1023,0,437,1023,0,513,700,305,424,384,305,496,823,798,305,540
424,1023,0,477,1023,0,648,837,305,496,437,305,496,822,796,305,540
710,1023,0,657,1023,0,412,564,305,513,434,305,496,826,795,305,540
515,1023,0,370,1023,0,285,425,305,370,340,305,496,790,770,305,540
849,1023,0,679,1023,0,665,821,305,501,403,305,496,828,786,305,540
486,1023,0,298,1023,0,714,885,305,496,409,305,496,817,794,305,540
960,1023,0,555,1023,0,407,531,305,642,576,305,496,873,800,305,540
716,1023,0,472,1023,0,823,953,306,621,493,305,496,815,776,305,540
417,1023,0,311,1023,0,234,378,305,405,377,305,496,812,797,305,540
463,1023,0,219,1023,0,310,444,305,369,345,305,496,796,781,305,540
359,1023,0,179,1023,0,532,738,305,450,412,305,496,806,789,305,540
671,1023,0,348,1023,0,471,639,305,403,366,305,496,817,783,305,540
455,1023,0,296,1023,0,624,813,305,407,367,305,496,796,780,305,540
909,1023,0,710,1023,0,790,932,306,599,487,305,496,783,741,305,540
798,1023,0,906,1023,0,679,861,305,519,445,305,496,900,861,305,540
519,1023,0,415,1023,0,798,957,306,623,534,305,496,820,786,305,540
403,1023,0,235,1023,0,290,433,305,316,320,305,496,776,765,305,540
452,1023,0,298,1023,0,775,956,306,556,491,305,496,783,762,305,543
425,1023,0,327,1023,0,780,959,306,573,500,305,496,814,780,305,543
469,1023,0,208,1023,0,350,503,305,358,340,305,496,776,757,305,543
858,1023,0,867,1023,0,321,451,305,403,363,305,496,830,794,305,543
604,1023,0,643,1023,0,690,859,305,502,426,305,496,787,757,305,543
646,1023,0,482,1023,0,767,924,306,562,464,305,496,797,769,305,543
475,1023,0,278,1023,0,405,576,305,329,324,305,496,798,773,305,543
688,1023,0,563,1023,0,728,885,305,566,466,305,496,866,821,305,543
497,1023,0,233,1023,0,396,568,305,404,374,305,496,795,782,305,543
680,1023,0,525,1023,0,712,901,305,563,500,305,496,872,823,305,543
395,1023,0,240,1023,0,558,743,305,383,355,305,496,806,779,305,543
790,1023,0,797,1023,0,323,451,305,574,487,305,496,775,732,305,543
814,1023,0,752,1023,0,526,682,305,469,403,305,496,801,755,305,543
985,1023,0,1023,1023,0,426,543,305,634,519,305,497,829,786,305,543
428,1023,0,198,1023,0,356,534,305,354,344,305,497,793,771,305,543
677,1023,0,558,1023,0,394,551,305,404,372,305,497,843,814,305,543
394,1023,0,332,1023,0,336,493,305,644,588,305,497,819,793,305,543
561,1023,0,436,1023,0,341,477,305,374,347,305,497,779,754,305,543
332,1023,0,227,1023,0,623,827,305,417,392,305,497,800,781,305,543
481,1023,0,361,1023,0,658,841,305,467,406,305,497,813,792,305,543
350,1023,0,181,1023,0,522,723,305,347,339,305,497,799,780,305,543
513,1023,0,330,1023,0,271,417,305,359,342,305,497,831,801,305,543
436,1023,0,283,1023,0,593,789,305,420,378,305,497,851,816,305,543
357,1023,0,191,1023,0,652,838,305,436,385,305,497,810,792,305,543
496,1023,0,365,1023,0,316,458,305,384,359,305,497,785,751,305,543
368,1023,0,170,1023,0,311,472,305,339,321,305,497,777,754,305,543
295,1023,0,113,1023,0,316,489,305,330,320,305,497,760,743,305,547
550,1023,0,300,1023,0,334,482,305,364,338,305,497,740,703,305,547
376,1023,0,190,1023,0,497,710,305,370,356,305,497,784,770,305,547
214,1023,0,103,1003,0,229,387,305,679,650,305,497,793,782,305,547
362,1023,0,116,1023,0,349,514,305,339,322,305,497,783,761,305,547
395,1023,0,211,1023,0,616,806,305,521,457,305,498,809,792,305,547
316,1023,0,133,1023,0,373,558,305,338,334,305,498,787,774,305,547
452,1023,0,295,1023,0,483,645,305,394,348,305,498,803,781,305,547
380,1023,0,191,1023,0,304,453,305,334,325,305,498,766,725,305,547
362,1023,0,196,1023,0,432,628,305,339,333,305,498,782,767,305,547
432,1023,0,277,1023,0,327,484,305,473,420,305,498,812,792,305,547
331,1023,0,235,1023,0,248,401,305,395,369,305,498,788,772,305,547
531,1023,0,431,1023,0,315,451,305,345,337,305,498,805,786,305,547
427,1023,0,476,1023,0,774,953,306,729,673,305,498,839,803,305,547
331,1023,0,151,1023,0,396,582,305,328,320,305,498,779,770,305,547
301,1023,0,135,1023,0,248,404,305,344,344,305,498,802,787,305,547
442,1023,0,327,1023,0,510,688,305,420,370,305,498,809,781,305,547
372,1023,0,147,1023,0,211,376,305,336,323,305,498,801,788,305,550
258,1023,0,143,1023,0,299,460,305,337,335,305,498,784,770,305,550
402,1023,0,215,1023,0,405,585,305,347,338,305,499,792,777,305,550
368,1023,0,175,1023,0,553,765,305,390,364,305,499,745,725,305,550
355,1023,0,227,1023,0,508,704,305,531,472,305,499,809,783,305,550
384,1023,0,158,1023,0,340,503,305,402,370,305,499,786,757,305,550
336,1023,0,155,1023,0,612,820,305,376,363,305,499,784,767,305,550
434,1023,0,318,1023,0,476,668,305,394,360,305,499,739,719,305,550
536,1023,0,364,1023,0,545,724,305,502,436,305,499,806,776,305,550
430,1023,0,114,1023,0,309,456,305,325,320,305,499,767,735,305,550
552,1023,0,418,1023,0,554,733,305,512,438,305,499,793,766,305,553
400,1023,0,272,1023,0,419,597,305,401,373,305,499,819,794,305,553
616,1023,0,476,1023,0,632,792,305,439,375,305,499,837,799,305,553
389,1023,0,236,1023,0,298,451,305,382,361,305,499,800,781,305,553
476,1023,0,229,1023,0,548,742,305,384,354,305,500,781,758,305,553
367,1023,0,220,1023,0,406,600,305,341,329,305,500,812,796,305,556
440,1023,0,342,1023,0,420,577,305,507,419,305,500,842,816,305,556
305,1023,0,142,1023,0,273,432,305,324,323,305,500,772,764,305,556
458,1023,0,201,1023,0,377,542,305,347,340,305,500,784,769,305,556
378,1023,0,176,1023,0,451,649,305,456,410,305,500,809,788,305,556
528,1023,0,383,1023,0,298,434,305,436,388,305,500,792,769,305,556
505,1023,0,301,1023,0,747,907,305,611,523,305,501,797,772,305,560
367,1023,0,79,872,0,409,593,305,658,620,305,501,814,803,305,560
299,1023,0,121,1023,0,170,355,305,349,340,305,501,785,772,305,560
354,1023,0,155,1023,0,381,573,305,356,345,305,501,778,762,305,560
421,1023,0,276,1023,0,766,956,306,575,519,305,501,816,796,305,560
326,1023,0,245,1023,0,642,828,305,493,430,305,501,799,770,305,560
183,983,0,341,1023,0,336,460,305,675,572,305,501,622,563,305,560
378,1023,0,139,1023,0,438,627,305,381,359,305,501,791,772,305,560
345,1023,0,347,1023,0,366,539,305,633,574,305,501,816,797,305,560
438,1023,0,205,1023,0,370,541,305,385,360,305,501,785,768,305,560
87,790,0,20,251,0,62,319,305,579,576,305,501,698,699,305,560
382,1023,0,283,1023,0,444,635,305,376,360,305,501,789,768,305,563
375,1023,0,226,1023,0,495,692,305,375,355,305,501,808,781,305,563
528,1023,0,397,1023,0,347,498,305,408,370,305,501,812,786,305,563
302,1023,0,112,1023,0,597,810,305,367,349,305,501,787,779,305,563
421,1023,0,249,1023,0,478,672,305,348,335,305,502,823,791,305,563
337,1023,0,219,1023,0,297,452,305,364,345,305,502,798,784,305,563
510,1023,0,356,1023,0,738,905,305,536,446,305,502,786,747,305,563
253,1023,0,138,1023,0,232,388,305,324,322,305,502,799,789,305,563
329,1023,0,208,1023,0,553,748,305,386,363,305,502,799,779,305,563
955,973,0,1023,1023,0,299,330,305,429,318,305,502,570,344,305,563
336,1023,0,134,1023,0,459,658,305,333,328,305,502,774,758,305,563
374,1023,0,366,1023,0,659,828,305,627,537,305,502,806,760,305,566
436,1023,0,266,1023,0,398,573,305,362,341,305,502,792,780,305,566
537,1023,0,324,1023,0,777,932,306,554,450,305,502,819,789,305,566
562,1023,0,540,1023,0,791,947,306,604,507,305,502,766,733,305,566
420,1023,0,193,1023,0,687,875,305,532,469,305,502,773,753,305,566
378,1023,0,180,1023,0,466,666,305,365,345,305,502,785,758,305,566
341,1023,0,310,1023,0,415,598,305,373,356,305,502,800,774,305,566
298,1023,0,169,1023,0,690,888,305,450,412,305,503,804,789,305,570
451,1023,0,218,1023,0,551,738,305,363,337,305,503,781,752,305,570
335,1023,0,214,1023,0,603,789,305,553,473,305,503,811,770,305,570
462,1023,0,381,1023,0,642,800,305,551,449,305,503,852,825,305,573
421,1023,0,241,1023,0,681,868,305,441,393,305,503,806,775,305,573
389,1023,0,128,1023,0,431,625,305,330,330,305,503,769,759,305,573
407,1023,0,206,1023,0,487,678,305,430,389,305,503,797,750,305,573
277,1023,0,180,1023,0,435,633,305,340,342,305,504,805,791,305,573
426,1023,0,200,1023,0,303,451,305,344,330,305,504,778,762,305,573
438,1023,0,204,1023,0,791,974,306,566,500,305,504,790,765,305,573
299,1023,0,190,1023,0,722,916,305,495,443,305,504,802,781,305,576
380,1023,0,241,1023,0,287,443,305,389,367,305,504,810,790,305,576
430,1023,0,216,1023,0,573,766,305,357,340,305,504,787,763,305,576
388,1023,0,228,1023,0,429,618,305,335,322,305,504,791,776,305,576
473,1023,0,217,1023,0,441,619,305,469,415,305,504,817,797,305,576
370,1023,0,173,1023,0,412,591,305,351,335,305,505,794,768,305,579
388,1023,0,162,1023,0,323,475,305,313,317,305,505,788,769,305,579
507,1023,0,319,1023,0,698,856,305,484,386,305,505,785,760,305,579
502,1023,0,341,1023,0,555,737,305,393,363,305,505,779,750,305,579
489,1023,0,198,1023,0,219,359,305,359,336,305,505,789,759,305,579
496,1023,0,314,1023,0,467,646,305,382,356,305,505,802,766,305,579
368,1023,0,231,1023,0,677,872,305,519,465,305,505,825,804,305,579
513,1023,0,266,1023,0,581,760,305,407,362,305,505,793,762,305,583
488,1023,0,345,1023,0,471,657,305,419,387,305,505,776,743,305,583
576,1023,0,272,1023,0,182,361,305,397,374,305,505,778,761,305,583
425,1023,0,290,1023,0,732,923,306,594,525,305,505,810,788,305,583
399,1023,0,243,1023,0,682,877,305,480,431,305,505,791,774,305,583
365,1023,0,252,1023,0,666,854,305,464,396,305,505,806,779,305,583
355,1023,0,124,1023,0,259,411,305,313,316,305,505,774,758,305,583
314,1023,0,112,1023,0,247,403,305,694,672,305,505,814,799,305,583
192,1023,0,66,769,0,340,517,305,670,649,305,506,801,793,305,583
456,1023,0,296,1023,0,303,424,305,375,345,305,506,792,775,305,583
470,1023,0,214,1023,0,502,698,305,347,337,305,506,799,779,305,586
547,1023,0,364,1023,0,736,912,305,514,433,305,506,826,791,305,586
502,1023,0,376,1023,0,521,703,305,577,512,305,506,788,752,305,586
788,1023,0,743,1023,0,642,797,305,511,412,305,506,846,798,305,586
808,1023,0,776,1023,0,733,913,305,549,480,305,506,895,834,305,586
486,1023,0,373,1023,0,277,410,305,373,349,305,506,799,769,305,586
454,1023,0,522,1023,0,0,311,305,297,311,305,506,562,409,305,586
306,1023,0,161,1023,0,386,565,305,449,407,305,506,797,769,305,589
436,1023,0,339,1023,0,329,458,305,347,335,305,506,796,777,305,589
316,1023,0,141,1023,0,410,605,305,328,323,305,507,803,788,305,589
477,1023,0,213,1023,0,405,576,305,338,330,305,507,802,783,305,589
503,1023,0,386,1023,0,435,604,305,445,402,305,507,792,772,305,593
459,1023,0,172,1023,0,571,773,305,419,391,305,507,792,777,305,593
394,1023,0,172,1023,0,700,895,305,497,445,305,507,807,786,305,593
434,1023,0,211,1023,0,463,651,305,343,336,305,507,798,783,305,593
385,1023,0,205,1023,0,525,730,305,351,329,305,507,803,788,305,593
542,1023,0,287,1023,0,538,684,305,520,404,305,507,810,776,305,593
434,1023,0,227,1023,0,763,949,306,536,471,305,507,805,774,305,593
346,1023,0,294,1023,0,657,855,305,457,418,305,507,778,752,305,593
388,1023,0,164,1023,0,469,671,305,366,347,305,508,793,766,305,593
307,1023,0,177,1023,0,577,786,305,379,367,305,508,840,826,305,593
505,1023,0,246,1023,0,592,784,305,424,381,305,508,817,798,305,593
432,1023,0,308,1023,0,326,472,305,354,338,305,508,793,777,305,593
352,1023,0,220,1023,0,690,886,305,461,416,305,508,790,758,305,596
551,1023,0,478,1023,0,803,939,306,657,536,305,508,843,785,305,596
328,1023,0,200,1023,0,268,425,305,352,341,305,508,802,780,305,596
430,1023,0,233,1023,0,491,687,305,360,351,305,508,798,777,305,596
536,1023,0,303,1023,0,516,699,305,421,380,305,508,800,757,305,596
344,1023,0,155,1023,0,474,676,305,360,345,305,508,800,776,305,596
440,1023,0,315,1023,0,521,712,305,492,441,305,508,825,801,305,596
746,1023,0,484,1023,0,491,642,305,520,429,305,508,806,768,305,599
570,1023,0,324,1023,0,509,688,305,438,387,305,509,823,797,305,599
323,1023,0,131,1023,0,450,645,305,327,321,305,509,786,776,305,599
413,1023,0,199,1023,0,338,492,305,343,330,305,509,802,788,305,599
512,1023,0,508,1023,0,740,886,305,574,471,305,509,800,738,305,599
337,1023,0,179,1023,0,446,648,305,354,336,305,509,806,790,305,599
244,1023,0,258,1023,0,729,903,305,632,543,305,509,838,806,305,599
327,1023,0,184,1023,0,252,395,305,308,313,305,509,765,732,305,599
347,1023,0,170,1023,0,438,632,305,334,333,305,509,781,768,305,599
483,1023,0,199,1023,0,601,796,305,383,351,305,509,796,778,305,599
318,1023,0,127,1023,0,343,512,305,309,316,305,509,792,779,305,599
302,1023,0,183,1023,0,734,921,306,509,445,305,509,793,775,305,599
458,1023,0,194,1023,0,280,427,305,340,328,305,509,773,761,305,603
472,1023,0,369,1023,0,578,766,305,399,361,305,509,854,829,305,603
340,1023,0,301,1023,0,417,596,305,452,406,305,509,806,783,305,603
550,1023,0,313,1023,0,425,594,305,352,338,305,509,764,740,305,603
558,1023,0,441,1023,0,380,533,305,433,395,305,509,798,779,305,603
639,1023,0,323,1023,0,471,635,305,473,407,305,510,852,833,305,603
391,1023,0,222,1023,0,444,627,305,356,337,305,510,781,754,305,603
404,1023,0,252,1023,0,275,422,305,400,371,305,510,778,759,305,603
648,1023,0,607,1023,0,672,850,305,514,443,305,510,905,881,305,606
273,1023,0,237,1023,0,684,859,305,622,540,305,510,815,785,305,606
260,1023,0,122,1023,0,640,849,305,384,373,305,510,798,790,305,606
321,1023,0,282,1023,0,683,887,305,427,397,305,510,642,621,305,606
636,1023,0,555,1023,0,838,983,306,634,519,305,510,836,802,305,606
360,1023,0,179,1023,0,747,930,306,517,447,305,510,794,778,305,606
603,1023,0,248,1023,0,433,610,305,363,343,305,510,778,757,305,606
432,1023,0,265,1023,0,359,510,305,390,362,305,510,791,764,305,606
353,1023,0,272,1023,0,381,553,305,404,373,305,510,806,789,305,609
325,1023,0,137,1023,0,195,365,305,326,314,305,510,787,770,305,609
432,1023,0,198,1023,0,457,650,305,349,340,305,511,769,756,305,609
393,1023,0,182,1023,0,451,639,305,331,327,305,511,732,706,305,609
329,1023,0,286,1023,0,273,434,305,460,420,305,511,800,778,305,609
393,1023,0,250,1023,0,750,939,306,515,456,305,511,797,782,305,609
582,1023,0,254,1023,0,361,505,305,348,333,305,511,756,732,305,609
72,643,0,118,1023,0,106,339,305,335,330,305,511,820,817,305,609
516,1023,0,221,1023,0,238,382,305,350,343,305,511,716,697,305,609
500,1023,0,470,1023,0,387,550,305,431,389,305,511,828,799,305,612
451,1023,0,267,1023,0,443,638,305,342,331,305,511,762,745,305,612
1017,1023,0,1022,1023,0,644,811,305,608,472,305,511,884,797,305,612
546,1023,0,201,1023,0,228,386,305,346,339,305,511,753,737,305,612
284,1023,0,282,1023,0,753,925,306,657,584,305,511,808,770,305,612
324,1023,0,185,1023,0,564,771,305,367,351,305,511,789,778,305,612
527,1023,0,536,1023,0,559,711,305,470,396,305,511,778,711,305,612
539,1023,0,368,1023,0,763,924,306,551,461,305,511,818,785,305,612
487,1023,0,357,1023,0,407,584,305,361,347,305,511,797,765,305,612
224,1023,0,161,1023,0,649,849,305,604,556,305,512,781,766,305,612
322,1023,0,249,1023,0,469,635,305,410,367,305,512,811,766,305,612
477,1023,0,300,1023,0,257,392,305,364,345,305,512,826,805,305,616
406,1023,0,237,1023,0,308,462,305,336,328,305,512,780,763,305,616
442,1023,0,317,1023,0,585,777,305,425,383,305,512,847,825,305,616
349,1023,0,165,1023,0,675,878,305,428,395,305,512,816,800,305,616
530,1023,0,297,1023,0,543,734,305,402,373,305,512,807,776,305,619
582,1023,0,249,1023,0,582,767,305,401,362,305,512,803,763,305,619
357,1023,0,136,1023,0,336,502,305,317,320,305,512,791,775,305,619
385,1023,0,181,1023,0,192,359,305,360,348,305,512,779,746,305,619
1023,1023,0,1023,1023,0,907,1012,307,731,581,305,512,894,787,305,619
397,1023,0,166,1023,0,428,599,305,355,336,305,512,769,752,305,619
319,1023,0,108,1023,0,184,349,305,373,350,305,512,749,741,305,619
701,1023,0,531,1023,0,791,964,306,626,554,305,512,818,789,305,619
366,1023,0,238,1023,0,460,658,305,368,350,305,512,811,790,305,619
429,1023,0,263,1023,0,619,811,305,448,407,305,513,808,780,305,619
529,1023,0,460,1023,0,712,875,305,543,444,305,513,818,785,305,622
403,1023,0,183,1023,0,440,639,305,364,355,305,513,793,781,305,622
436,1023,0,280,1023,0,380,557,305,345,335,305,513,814,799,305,622
279,1023,0,179,1023,0,687,871,305,506,434,305,513,807,784,305,622
472,1023,0,371,1023,0,249,391,305,341,325,305,513,825,796,305,622
114,992,0,29,369,0,216,396,305,387,387,305,513,722,720,305,622
469,1023,0,248,1023,0,705,897,305,491,438,305,513,790,767,305,622
330,1023,0,151,1023,0,362,528,305,356,330,305,513,781,767,305,622
375,1023,0,169,1023,0,199,369,305,321,321,305,513,785,776,305,622
383,1023,0,349,1023,0,230,393,305,370,354,305,513,770,744,305,622
400,1023,0,175,1023,0,415,603,305,336,330,305,513,799,789,305,626
532,1023,0,471,1023,0,406,578,305,519,460,305,513,834,815,305,626
349,1023,0,136,1023,0,372,552,305,342,331,305,513,797,784,305,626
938,1023,0,687,1023,0,585,743,305,501,397,305,514,854,777,305,626
436,1023,0,256,1023,0,404,590,305,341,329,305,514,792,772,305,626
729,1023,0,531,1023,0,618,805,305,456,371,305,514,862,821,305,626
444,1023,0,246,1023,0,434,620,305,345,325,305,514,789,775,305,626
413,1023,0,228,1023,0,771,960,306,555,501,305,514,783,747,305,626
566,1023,0,446,1023,0,663,837,305,548,471,305,514,810,787,305,626
360,1023,0,301,1023,0,216,365,305,374,347,305,514,790,767,305,629
464,1023,0,228,1023,0,368,543,305,333,328,305,514,809,789,305,629
398,1023,0,318,1023,0,274,405,305,386,360,305,514,796,772,305,629
315,1023,0,248,1023,0,468,677,305,355,343,305,514,800,783,305,629
439,1023,0,227,1023,0,239,383,305,349,336,305,514,780,762,305,629
469,1023,0,225,1023,0,542,735,305,391,360,305,514,783,766,305,629
339,1023,0,163,1023,0,389,582,305,323,324,305,514,767,752,305,629
325,1023,0,181,1023,0,532,736,305,403,374,305,515,800,782,305,629
868,1023,0,543,1023,0,395,506,305,462,383,305,515,871,787,305,629
475,1023,0,200,1023,0,459,643,305,377,359,305,515,795,779,305,632
428,1023,0,295,1023,0,348,508,305,341,335,305,515,823,796,305,632
316,1023,0,275,1023,0,166,350,305,313,314,305,515,609,574,305,632
444,1023,0,347,1023,0,420,606,305,331,321,305,515,813,788,305,632
188,1023,0,156,1023,0,473,686,305,711,688,305,515,797,786,305,632
325,1023,0,354,1023,0,709,888,305,537,472,305,515,850,821,305,632
50,311,0,56,490,0,242,390,305,725,691,305,515,559,513,305,632
467,1023,0,167,1023,0,421,587,305,363,346,305,515,810,768,305,632
800,1023,0,579,1023,0,652,821,305,486,403,305,515,787,743,305,632
345,1023,0,135,1023,0,365,548,305,418,385,305,515,822,805,305,632
254,1023,0,91,1023,0,545,765,305,341,336,305,515,783,775,305,635
273,1023,0,111,1023,0,343,515,305,332,329,305,515,793,787,305,635
456,1023,0,331,1023,0,688,872,305,483,422,305,515,788,769,305,635
478,1023,0,335,1023,0,360,520,305,423,380,305,516,817,790,305,635
477,1023,0,324,1023,0,571,763,305,417,391,305,516,804,782,305,635
304,1023,0,95,987,0,670,875,305,405,378,305,516,763,755,305,635
291,1023,0,173,1023,0,637,844,305,420,384,305,516,809,796,305,639
434,1023,0,197,1023,0,575,776,305,412,378,305,516,795,781,305,639
312,1023,0,159,1023,0,338,511,305,366,346,305,516,782,769,305,639
280,1023,0,120,1023,0,189,360,305,324,318,305,516,788,776,305,642
389,1023,0,232,1023,0,659,851,305,467,425,305,516,796,763,305,642
395,1023,0,246,1023,0,808,990,306,624,566,305,516,793,767,305,642
348,1023,0,223,1023,0,606,805,305,397,359,305,516,785,772,305,642
477,1023,0,350,1023,0,278,411,305,379,354,305,516,800,762,305,642
355,1023,0,189,1023,0,300,446,305,435,399,305,516,798,776,305,642
280,1023,0,134,1023,0,440,649,305,461,426,305,516,806,793,305,642
270,1023,0,229,1023,0,741,926,306,612,551,305,517,809,776,305,642
120,721,0,746,1023,0,343,521,305,502,459,305,517,699,653,305,642
464,1023,0,346,1023,0,420,608,305,382,356,305,517,787,771,305,642
367,1023,0,248,1023,0,728,926,306,496,448,305,517,816,801,305,642
169,1023,0,117,1023,0,343,516,305,337,328,305,517,551,518,305,642
385,1023,0,233,1023,0,465,662,305,329,322,305,517,810,794,305,645
485,1023,0,231,1023,0,591,786,305,591,528,305,517,818,794,305,645
402,1023,0,204,1023,0,774,962,306,595,538,305,517,799,780,305,645
335,1023,0,165,1023,0,368,544,305,342,329,305,517,777,764,305,645
446,1023,0,247,1023,0,609,800,305,439,393,305,517,792,775,305,645
362,1023,0,202,1023,0,431,609,305,347,339,305,517,783,759,305,645
510,1023,0,275,1023,0,334,463,305,472,405,305,517,804,785,305,645
454,1023,0,290,1023,0,348,496,305,368,343,305,517,805,774,305,645
420,1023,0,244,1023,0,777,963,306,550,491,305,517,792,772,305,645
721,1023,0,272,1023,0,630,800,305,431,377,305,518,785,753,305,649
769,1023,0,556,1023,0,411,578,305,529,455,305,518,848,820,305,649
406,1023,0,199,1023,0,590,790,305,563,507,305,518,820,804,305,649
512,1023,0,324,1023,0,497,673,305,373,345,305,518,824,793,305,649
286,1023,0,134,1023,0,215,379,305,627,585,305,518,771,748,305,649
380,1023,0,201,1023,0,157,344,305,318,318,305,518,791,778,305,649
303,1023,0,211,1023,0,321,481,305,351,340,305,518,807,796,305,649
452,1023,0,242,1023,0,496,691,305,359,338,305,518,789,774,305,649
407,1023,0,191,1023,0,191,360,305,326,324,305,518,773,752,305,649
520,1023,0,368,1023,0,502,691,305,360,340,305,518,824,805,305,649
368,1023,0,211,1023,0,419,605,305,359,346,305,518,790,777,305,649
391,1023,0,268,1023,0,707,879,305,561,476,305,518,812,784,305,649
929,1023,0,894,1023,0,392,524,305,406,346,305,518,894,846,305,649
649,1023,0,445,1023,0,613,795,305,484,386,305,518,858,798,305,652
339,1023,0,146,1023,0,385,575,305,314,320,305,518,794,782,305,652
526,1023,0,251,1023,0,413,588,305,346,331,305,518,783,763,305,652
351,1023,0,149,1023,0,717,919,305,473,432,305,518,796,786,305,652
383,1023,0,295,1023,0,386,550,305,452,396,305,519,798,764,305,652
439,1023,0,251,1023,0,389,571,305,372,353,305,519,786,771,305,652
348,1023,0,193,1023,0,490,701,305,346,339,305,519,787,772,305,652
371,1023,0,292,1023,0,660,845,305,533,463,305,519,810,783,305,655
482,1023,0,321,1023,0,467,651,305,379,351,305,519,802,772,305,655
725,1023,0,651,1023,0,763,895,305,578,452,305,519,820,778,305,655
351,1023,0,173,1023,0,488,684,305,377,357,305,519,774,760,305,655
311,1023,0,154,1023,0,214,384,305,322,317,305,519,783,767,305,655
706,1023,0,960,1023,0,379,506,305,567,469,305,519,793,744,305,655
689,1023,0,442,1023,0,843,990,306,665,570,305,519,814,783,305,655
333,1023,0,143,1023,0,410,601,305,344,329,305,519,790,776,305,655
936,1023,0,760,1023,0,874,989,307,675,544,305,519,856,798,305,655
180,1023,0,49,610,0,395,609,305,472,454,305,519,554,539,305,655
334,1023,0,228,1023,0,740,922,306,575,505,305,519,814,782,305,655
290,1023,0,130,1023,0,382,570,305,333,328,305,519,783,769,305,655
326,1023,0,153,1023,0,281,430,305,588,541,305,519,806,789,305,655
722,1023,0,426,1023,0,309,462,305,514,445,305,519,796,772,305,659
408,1023,0,309,1023,0,367,550,305,352,343,305,519,854,826,305,659
351,1023,0,208,1023,0,628,823,305,513,454,305,519,807,788,305,659
404,1023,0,200,1023,0,570,761,305,516,451,305,520,814,791,305,659
571,1023,0,440,1023,0,327,467,305,462,399,305,520,772,745,305,659
461,1023,0,290,1023,0,531,725,305,359,341,305,520,796,758,305,659
503,1023,0,305,1023,0,544,729,305,378,352,305,520,774,739,305,659
406,1023,0,143,1023,0,350,518,305,378,361,305,520,772,746,305,659
462,1023,0,375,1023,0,568,761,305,425,377,305,520,805,780,305,659
340,1023,0,219,1023,0,738,938,306,491,445,305,520,812,799,305,659
373,1023,0,174,1023,0,227,382,305,326,320,305,520,794,772,305,659
412,1023,0,234,1023,0,398,579,305,360,337,305,520,787,777,305,659
322,1023,0,218,1023,0,493,672,305,666,602,305,520,802,774,305,659
426,1023,0,151,1023,0,378,556,305,351,340,305,520,788,763,305,659
370,1023,0,226,1023,0,683,875,305,575,513,305,520,809,787,305,662
461,1023,0,304,1023,0,582,752,305,413,368,305,520,789,761,305,662
486,1023,0,293,1023,0,207,365,305,358,344,305,520,816,793,305,662
362,1023,0,185,1023,0,276,435,305,344,331,305,520,750,727,305,662
495,1023,0,252,1023,0,655,840,305,431,384,305,520,798,776,305,662
448,1023,0,319,1023,0,687,878,305,506,447,305,520,817,792,305,662
312,1023,0,165,1023,0,209,372,305,332,329,305,520,797,785,305,662
302,1023,0,161,1023,0,406,597,305,335,338,305,520,792,775,305,662
476,1023,0,267,1023,0,316,449,305,436,391,305,521,782,759,305,662
354,1023,0,164,1023,0,481,682,305,397,366,305,521,802,777,305,662
457,1023,0,253,1023,0,238,383,305,380,353,305,521,773,749,305,662
479,1023,0,246,1023,0,362,501,305,347,329,305,521,804,785,305,662
587,1023,0,381,1023,0,705,879,305,551,472,305,521,874,826,305,662
464,1023,0,389,1023,0,673,844,305,457,400,305,521,796,767,305,662
332,1023,0,176,1023,0,232,397,305,723,678,305,521,805,788,305,665
425,1023,0,475,1023,0,785,944,306,611,516,305,521,833,786,305,665
418,1023,0,210,1023,0,445,626,305,500,443,305,521,801,782,305,665
508,1023,0,365,1023,0,688,868,305,519,448,305,521,811,789,305,665
437,1023,0,213,1023,0,712,903,305,469,416,305,521,792,779,305,665
621,1023,0,427,1023,0,450,602,305,389,356,305,521,803,774,305,665
389,1023,0,195,1023,0,393,560,305,337,332,305,521,803,769,305,665
408,1023,0,296,1023,0,726,909,305,501,441,305,521,779,760,305,665
321,1023,0,139,1023,0,460,660,305,326,321,305,521,786,773,305,665
255,1023,0,193,1023,0,569,769,305,448,404,305,521,801,786,305,665
381,1023,0,159,1023,0,389,563,305,359,345,305,521,798,781,305,668
355,1023,0,190,1023,0,360,532,305,340,334,305,521,789,762,305,668
356,1023,0,170,1023,0,405,572,305,349,335,305,521,768,745,305,668
412,1023,0,189,1023,0,253,405,305,337,328,305,522,783,769,305,668
480,1023,0,255,1023,0,571,759,305,433,388,305,522,801,782,305,668
388,1023,0,207,1023,0,423,605,305,340,330,305,522,800,770,305,668
483,1023,0,513,1023,0,810,966,306,614,516,305,522,899,863,305,668
575,1023,0,405,1023,0,275,421,305,401,366,305,522,824,806,305,668
430,1023,0,263,1023,0,414,602,305,358,337,305,522,790,766,305,668
270,1023,0,102,1023,0,114,327,305,319,311,305,522,588,570,305,668
470,1023,0,448,1023,0,732,884,305,562,457,305,522,816,776,305,668
337,1023,0,160,1023,0,609,817,305,379,361,305,522,790,777,305,672
305,1023,0,136,1023,0,246,400,305,316,323,305,522,791,779,305,672
547,1023,0,261,1023,0,437,609,305,355,336,305,522,795,770,305,672
620,1023,0,449,1023,0,825,984,306,619,531,305,522,798,756,305,672
427,1023,0,233,1023,0,287,452,305,360,344,305,522,767,743,305,672
324,1023,0,150,1023,0,655,857,305,408,381,305,522,796,784,305,672
425,1023,0,278,1023,0,359,519,305,474,422,305,523,822,801,305,672
387,1023,0,149,1023,0,444,641,305,331,327,305,523,777,764,305,675
431,1023,0,270,1023,0,484,682,305,402,381,305,523,802,782,305,675
540,1023,0,415,1023,0,411,583,305,555,494,305,523,810,788,305,675
1023,1023,0,1022,1023,0,833,953,306,695,562,305,523,920,849,305,675
310,1023,0,124,1023,0,224,378,305,318,317,305,523,576,548,305,678
1023,1023,0,956,1023,0,560,711,305,511,415,305,523,851,767,305,678
261,1023,0,354,1023,0,375,529,305,358,344,305,523,788,763,305,678
572,1023,0,478,1023,0,388,545,305,370,346,305,523,784,766,305,678
555,1023,0,350,1023,0,349,525,305,389,364,305,523,830,781,305,678
436,1023,0,254,1023,0,718,910,305,570,507,305,523,799,777,305,678
356,1023,0,159,1023,0,381,563,305,325,325,305,523,787,773,305,678
352,1023,0,164,1023,0,263,410,305,341,329,305,523,797,783,305,678
504,1023,0,307,1023,0,360,497,305,391,354,305,524,801,774,305,678
730,1023,0,553,1023,0,641,809,305,486,396,305,524,898,847,305,678
591,1023,0,449,1023,0,705,860,305,525,419,305,524,860,830,305,678
355,1023,0,160,1023,0,615,827,305,377,358,305,524,797,786,305,678
370,1023,0,176,1023,0,441,633,305,388,361,305,524,815,795,305,678
515,1023,0,387,1023,0,256,398,305,345,333,305,524,802,769,305,678
605,1023,0,816,1023,0,835,986,306,727,642,305,524,824,766,305,682
309,1023,0,160,1023,0,251,415,305,344,328,305,524,788,778,305,682
300,1023,0,119,1023,0,527,736,305,344,326,305,524,762,750,305,682
343,1023,0,165,1023,0,441,630,305,401,374,305,524,787,775,305,682
636,1023,0,472,1023,0,588,737,305,475,392,305,524,858,824,305,682
395,1023,0,212,1023,0,409,598,305,331,323,305,524,780,759,305,682
448,1023,0,146,1023,0,150,342,305,361,338,305,524,794,781,305,682
398,1023,0,254,1023,0,732,912,305,490,422,305,524,852,833,305,682
537,1023,0,545,1023,0,558,723,305,587,501,305,524,824,788,305,682
326,1023,0,199,1023,0,249,405,305,357,341,305,524,796,772,305,685
271,1023,0,163,1023,0,586,790,305,398,373,305,524,822,808,305,685
371,1023,0,257,1023,0,396,585,305,336,327,305,524,721,706,305,685
377,1023,0,312,1023,0,512,713,305,738,655,305,525,805,773,305,685
488,1023,0,228,1023,0,230,383,305,337,333,305,525,788,767,305,685
292,1023,0,101,1023,0,438,626,305,682,647,305,525,808,799,305,685
389,1023,0,182,1023,0,284,428,305,360,341,305,525,781,770,305,685
669,1023,0,399,1023,0,527,696,305,396,366,305,525,811,768,305,685
324,1023,0,136,1023,0,378,564,305,329,318,305,525,792,779,305,685
511,1023,0,251,1023,0,724,903,305,513,438,305,525,795,759,305,685
294,1023,0,154,1023,0,510,716,305,340,329,305,525,753,740,305,685
538,1023,0,266,1023,0,542,727,305,366,345,305,525,783,763,305,688
444,1023,0,276,1023,0,271,414,305,328,321,305,525,790,772,305,688
270,1023,0,118,1023,0,645,856,305,396,370,305,525,794,779,305,688
428,1023,0,364,1023,0,758,933,306,596,520,305,525,829,791,305,688
757,1023,0,648,1023,0,780,908,305,602,467,305,525,844,783,305,688
585,1023,0,475,1023,0,342,482,305,365,345,305,525,838,800,305,688
309,1023,0,204,1023,0,588,778,305,426,382,305,525,794,779,305,688
328,1023,0,143,1023,0,329,489,305,357,337,305,526,823,810,305,688
360,1023,0,295,1023,0,359,522,305,406,377,305,526,779,759,305,691
553,1023,0,392,1023,0,409,570,305,450,396,305,526,783,760,305,691
447,1023,0,389,1023,0,712,888,305,560,481,305,526,809,775,305,691
543,1023,0,306,1023,0,528,713,305,375,354,305,526,768,729,305,691
609,1023,0,472,1023,0,835,997,306,615,531,305,526,784,759,305,691
442,1023,0,350,1023,0,309,446,305,378,356,305,526,808,774,305,691
394,1023,0,156,1023,0,316,477,305,323,322,305,526,802,784,305,691
337,1023,0,124,1023,0,365,545,305,321,318,305,526,783,768,305,691
340,1023,0,142,1023,0,336,506,305,379,362,305,526,794,783,305,691
926,1023,0,981,1023,0,736,857,305,611,474,305,526,925,857,305,695
358,1023,0,249,1023,0,658,838,305,550,481,305,526,805,776,305,695
506,1023,0,216,1023,0,630,834,305,424,356,305,526,831,764,305,695
322,1023,0,149,1023,0,546,758,305,350,347,305,526,799,783,305,695
383,1023,0,197,1023,0,270,424,305,328,343,305,526,770,758,305,695
384,1023,0,163,1023,0,282,434,305,324,320,305,526,779,756,305,695
585,1023,0,300,1023,0,285,414,305,367,339,305,526,796,773,305,695
291,1023,0,154,1023,0,601,814,305,490,451,305,527,806,793,305,695
381,1023,0,332,1023,0,436,605,305,611,545,305,527,800,777,305,695
408,1023,0,156,1023,0,285,441,305,330,320,305,527,785,773,305,695
330,1023,0,248,1023,0,730,913,305,557,494,305,527,829,803,305,698
383,1023,0,198,1023,0,176,358,305,351,333,305,527,803,769,305,698
408,1023,0,324,1023,0,247,399,305,346,332,305,527,833,793,305,698
498,1023,0,260,1023,0,387,563,305,357,341,305,527,793,774,305,698
330,1023,0,186,1023,0,553,752,305,383,352,305,527,800,779,305,698
370,1023,0,141,1023,0,287,436,305,339,332,305,527,772,761,305,698
325,1023,0,143,1023,0,407,595,305,359,343,305,527,800,784,305,698
695,1023,0,671,1023,0,779,929,306,587,489,305,527,846,802,305,698
336,1023,0,210,1023,0,332,485,305,367,347,305,527,783,763,305,701
310,1023,0,156,1023,0,264,423,305,331,326,305,527,787,778,305,701
428,1023,0,270,1023,0,669,857,305,477,418,305,527,804,784,305,701
278,1023,0,107,1023,0,241,399,305,328,322,305,527,781,772,305,701
484,1023,0,303,1023,0,318,469,305,361,341,305,527,812,798,305,701
513,1023,0,251,1023,0,793,966,306,572,494,305,527,770,752,305,701
232,1023,0,341,1023,0,670,866,305,476,428,305,528,817,792,305,701
392,1023,0,228,1023,0,209,373,305,323,323,305,528,796,782,305,701
486,1023,0,251,1023,0,309,465,305,356,339,305,528,785,767,305,705
440,1023,0,248,1023,0,265,396,305,317,315,305,528,763,745,305,705
208,1023,0,88,1023,0,194,369,305,696,678,305,528,804,798,305,705
486,1023,0,346,1023,0,473,649,305,425,376,305,528,802,774,305,705
437,1023,0,222,1023,0,276,425,305,342,333,305,528,781,748,305,705
417,1023,0,346,1023,0,432,615,305,518,452,305,528,815,791,305,705
321,1023,0,136,1023,0,704,899,305,501,452,305,528,786,756,305,705
430,1023,0,412,1023,0,380,548,305,366,348,305,528,838,821,305,705
369,1023,0,223,1023,0,293,454,305,371,354,305,528,788,767,305,705
469,1023,0,338,1023,0,374,513,305,365,344,305,528,798,774,305,708
342,1023,0,122,1023,0,371,547,305,312,314,305,528,797,785,305,708
425,1023,0,263,1023,0,256,419,305,351,336,305,528,767,746,305,708
475,1023,0,285,1023,0,394,568,305,353,328,305,528,791,777,305,708
513,1023,0,282,1023,0,485,659,305,357,339,305,528,841,819,305,711
547,1023,0,322,1023,0,472,635,305,391,357,305,529,837,815,305,711
447,1023,0,238,1023,0,334,486,305,397,374,305,529,779,765,305,711
844,1023,0,972,1023,0,577,718,305,510,390,305,529,907,848,305,711
393,1023,0,266,1023,0,620,814,305,634,580,305,529,801,781,305,711
606,1023,0,254,1023,0,386,523,305,354,339,305,529,796,777,305,711
429,1023,0,223,1023,0,475,661,305,377,348,305,529,813,797,305,711
339,1023,0,176,1023,0,353,537,305,379,360,305,529,799,783,305,711
604,1023,0,409,1023,0,776,955,306,558,464,305,529,862,793,305,711
433,1023,0,238,1023,0,689,879,305,446,401,305,529,812,791,305,711
720,1023,0,724,1023,0,784,931,306,617,518,305,529,834,767,305,714
763,1023,0,1014,1023,0,839,955,307,682,525,305,529,908,835,305,714
484,1023,0,302,1023,0,283,429,305,326,326,305,529,803,786,305,714
425,1023,0,218,1023,0,159,344,305,334,320,305,529,794,777,305,714
383,1023,0,285,1023,0,800,984,306,627,569,305,529,818,803,305,714
660,1023,0,454,1023,0,426,576,305,391,351,305,529,871,850,305,714
286,1023,0,132,1023,0,183,358,305,322,320,305,530,789,780,305,718
556,1023,0,317,1023,0,276,430,305,408,369,305,530,796,773,305,718
486,1023,0,376,1023,0,614,795,305,430,372,305,530,804,772,305,718
410,1023,0,325,1023,0,794,985,306,593,546,305,530,806,782,305,718
395,1023,0,202,1023,0,449,633,305,389,357,305,530,793,774,305,718
535,1023,0,523,1023,0,743,917,306,564,487,305,530,871,849,305,718
285,1023,0,142,1023,0,379,564,305,334,328,305,530,795,780,305,721
397,1023,0,214,1023,0,619,818,305,376,356,305,530,822,798,305,721
448,1023,0,233,1023,0,386,555,305,479,425,305,530,810,781,305,721
425,1023,0,250,1023,0,742,929,306,501,439,305,530,823,800,305,721
347,1023,0,239,1023,0,365,538,305,346,334,305,530,789,770,305,721
432,1023,0,189,1023,0,791,979,306,564,508,305,530,795,778,305,721
513,1023,0,259,1023,0,316,461,305,360,338,305,531,835,803,305,721
588,1023,0,376,1023,0,424,575,305,369,341,305,531,815,788,305,724
283,1023,0,125,1023,0,472,672,305,328,325,305,531,795,783,305,724
467,1023,0,281,1023,0,369,540,305,373,346,305,531,816,802,305,724
417,1023,0,205,1023,0,287,432,305,339,327,305,531,802,774,305,724
487,1023,0,404,1023,0,240,392,305,366,348,305,531,805,765,305,724
623,1023,0,525,1023,0,746,932,306,548,474,305,531,866,805,305,724
508,1023,0,233,1023,0,274,414,305,335,328,305,531,800,777,305,724
375,1023,0,196,1023,0,586,787,305,387,367,305,531,788,773,305,728
365,1023,0,200,1023,0,303,464,305,401,383,305,531,789,772,305,728
412,1023,0,305,1023,0,500,697,305,418,380,305,531,817,798,305,728
592,1023,0,450,1023,0,696,868,305,551,470,305,531,820,781,305,728
448,1023,0,210,1023,0,282,456,305,350,340,305,531,786,768,305,728
448,1023,0,274,1023,0,656,828,305,527,443,305,531,799,762,305,728
295,1023,0,138,1023,0,210,366,305,348,326,305,532,789,777,305,728
417,1023,0,289,1023,0,695,881,305,532,443,305,532,808,789,305,728
429,1023,0,154,1023,0,411,594,305,348,336,305,532,784,769,305,728
328,1023,0,138,1023,0,349,509,305,336,328,305,532,786,775,305,731
489,1023,0,415,1023,0,370,531,305,338,332,305,532,843,809,305,731
503,1023,0,319,1023,0,763,933,306,548,460,305,532,801,774,305,731
377,1023,0,272,1023,0,312,456,305,457,404,305,532,798,778,305,731
89,617,0,60,652,0,476,687,305,711,684,305,532,765,741,305,731
664,1023,0,534,1023,0,804,946,306,670,531,305,532,868,777,305,734
951,1023,0,1023,1023,0,872,973,307,684,524,305,532,938,864,305,734
128,1023,0,49,625,0,127,343,305,503,493,305,532,577,567,305,734
407,1023,0,214,1023,0,541,725,305,352,333,305,532,776,760,305,734
789,1023,0,786,1023,0,787,931,306,567,450,305,532,804,754,305,734
322,1023,0,110,1023,0,302,466,305,324,316,305,532,786,771,305,734
717,1023,0,484,1023,0,872,1022,306,668,572,305,532,872,844,305,734
448,1023,0,285,1023,0,442,625,305,373,347,305,533,792,770,305,734
452,1023,0,167,1023,0,426,603,305,342,323,305,533,783,771,305,738
776,927,0,1023,1023,0,329,348,305,469,331,305,533,633,418,305,738
617,1023,0,292,1023,0,362,510,305,345,329,305,533,815,801,305,738
467,1023,0,296,1023,0,512,703,305,512,453,305,533,807,780,305,738
225,1023,0,219,1023,0,660,875,305,432,410,305,533,813,805,305,738
669,1023,0,615,1023,0,312,456,305,395,349,305,533,790,766,305,738
1023,1023,0,789,1023,0,668,829,305,575,440,305,533,901,845,305,738
416,1023,0,216,1023,0,644,842,305,414,382,305,533,768,755,305,738
367,1023,0,228,1023,0,667,851,305,494,425,305,533,814,783,305,738
511,1023,0,254,1023,0,505,697,305,404,386,305,533,782,765,305,738
352,1023,0,153,1023,0,521,730,305,372,351,305,533,803,789,305,738
971,1023,0,998,1023,0,396,540,305,599,500,305,533,750,717,305,738
409,1023,0,289,1023,0,633,826,305,556,497,305,533,807,777,305,738
374,1023,0,297,1023,0,265,410,305,472,413,305,533,809,785,305,738
444,1023,0,278,1023,0,499,691,305,373,350,305,533,809,790,305,738
392,1023,0,324,1023,0,682,876,305,455,410,305,533,816,796,305,741
321,1023,0,161,1023,0,343,513,305,320,315,305,533,787,775,305,741
300,1023,0,129,1023,0,286,439,305,337,327,305,533,797,784,305,741
296,1023,0,130,1023,0,507,718,305,334,335,305,534,765,756,305,741
362,1023,0,218,1023,0,719,916,305,531,489,305,534,812,794,305,744
340,1023,0,316,1023,0,755,939,306,539,469,305,534,831,796,305,744
357,1023,0,229,1023,0,677,872,305,527,468,305,534,802,785,305,744
388,1023,0,161,1023,0,451,634,305,364,350,305,534,767,754,305,744
353,1023,0,195,1023,0,313,474,305,356,338,305,534,804,788,305,744
414,1023,0,323,1023,0,408,577,305,444,395,305,534,813,791,305,744
442,1023,0,320,1023,0,604,767,305,630,531,305,534,848,809,305,744
268,1023,0,140,1023,0,249,406,305,326,328,305,534,788,774,305,744
309,1023,0,187,1023,0,289,443,305,439,403,305,534,590,556,305,744
485,1023,0,342,1023,0,465,649,305,347,330,305,534,737,714,305,744
465,1023,0,275,1023,0,321,469,305,329,322,305,534,786,759,305,744
424,1023,0,171,1023,0,579,776,305,364,344,305,534,785,770,305,744
484,1023,0,191,1023,0,454,637,305,438,398,305,534,781,751,305,747
344,1023,0,189,1023,0,365,538,305,318,318,305,534,802,784,305,747
525,1023,0,398,1023,0,291,446,305,409,376,305,534,767,739,305,747
346,1023,0,177,1023,0,441,643,305,333,326,305,534,782,760,305,747
582,1023,0,533,1023,0,713,874,305,637,544,305,534,888,851,305,747
420,1023,0,336,1023,0,573,770,305,483,428,305,535,802,780,305,747
1023,1023,0,1023,1023,0,863,981,307,708,571,305,535,971,894,305,747
340,1023,0,218,1023,0,613,819,305,553,499,305,535,820,805,305,747
341,1023,0,156,1023,0,567,775,305,347,337,305,535,785,777,305,747
688,1023,0,708,1023,0,620,796,305,475,409,305,535,797,766,305,747
208,1023,0,112,1023,0,391,594,305,326,320,305,535,784,777,305,751
365,1023,0,204,1023,0,405,595,305,564,510,305,535,792,766,305,751
381,1023,0,366,1023,0,393,553,305,537,461,305,535,800,759,305,751
356,1023,0,193,1023,0,472,675,305,359,338,305,535,803,787,305,751
360,1023,0,234,1023,0,358,497,305,391,351,305,535,799,774,305,751
334,1023,0,201,1023,0,217,374,305,373,353,305,535,800,776,305,751
435,1023,0,249,1023,0,339,487,305,458,403,305,535,807,786,305,751
406,1023,0,309,1023,0,629,799,305,437,383,305,535,799,778,305,751
373,1023,0,255,1023,0,303,457,305,340,327,305,535,772,742,305,751
370,1023,0,369,1023,0,639,822,305,478,408,305,535,793,760,305,751
509,1023,0,499,1023,0,556,723,305,394,358,305,536,781,748,305,754
565,1023,0,247,1023,0,258,400,305,385,358,305,536,757,733,305,754
623,1023,0,543,1023,0,619,784,305,528,446,305,536,867,826,305,754
304,1023,0,121,1023,0,384,575,305,320,323,305,536,773,763,305,754
530,1023,0,247,1023,0,330,480,305,334,320,305,536,819,789,305,754
311,1023,0,160,1023,0,353,526,305,331,319,305,536,593,550,305,754
428,1023,0,230,1023,0,609,814,305,393,365,305,536,802,787,305,754
398,1023,0,189,1023,0,555,760,305,363,354,305,536,788,769,305,757
356,1023,0,189,1023,0,260,423,305,392,364,305,536,790,777,305,757
402,1023,0,271,1023,0,507,692,305,343,331,305,536,800,780,305,757
479,1023,0,330,1023,0,638,815,305,405,360,305,536,783,767,305,757
391,1023,0,183,1023,0,383,560,305,358,343,305,536,797,770,305,757
375,1023,0,197,1023,0,513,715,305,374,348,305,536,794,782,305,757
1023,1023,0,1023,1023,0,829,953,306,773,715,305,536,942,838,305,757
381,1023,0,221,1023,0,212,379,305,327,324,305,536,771,742,305,757
129,1023,0,40,478,0,172,366,305,346,335,305,536,584,577,305,757
510,1023,0,381,1023,0,342,491,305,365,341,305,536,788,757,305,757
513,1023,0,337,1023,0,524,713,305,373,355,305,536,787,766,305,761
428,1023,0,206,1023,0,354,528,305,334,327,305,536,798,783,305,761
302,1023,0,141,1023,0,231,388,305,318,322,305,536,777,765,305,761
555,1023,0,345,1023,0,399,553,305,421,377,305,536,806,783,305,761
346,1023,0,210,1023,0,359,534,305,523,480,305,536,812,797,305,761
628,1023,0,378,1023,0,529,717,305,410,363,305,536,837,816,305,761
329,1023,0,130,1023,0,599,804,305,366,350,305,537,787,764,305,761
651,1023,0,658,1023,0,678,839,305,502,413,305,537,860,816,305,761
321,1023,0,166,1023,0,313,469,305,335,324,305,537,789,777,305,761
472,1023,0,340,1023,0,632,797,305,691,585,305,537,860,820,305,761
276,1023,0,133,1023,0,231,389,305,324,321,305,537,778,765,305,764
475,1023,0,417,1023,0,468,625,305,373,339,305,537,801,767,305,764
286,1023,0,278,1023,0,276,421,305,337,328,305,537,772,736,305,764
579,1023,0,276,1023,0,702,861,305,466,386,305,537,832,776,305,764
477,1023,0,226,1023,0,331,484,305,407,371,305,537,808,795,305,764
602,1023,0,317,1023,0,535,709,305,384,340,305,537,839,802,305,764
331,1023,0,170,1023,0,578,776,305,746,706,305,537,786,770,305,764
412,1023,0,184,1023,0,446,629,305,363,345,305,537,786,756,305,764
358,1023,0,162,1023,0,418,606,305,386,367,305,537,794,775,305,767
293,1023,0,196,1023,0,220,381,305,341,340,305,538,793,778,305,767
594,1023,0,717,1023,0,281,406,305,510,425,305,538,793,754,305,767
346,1023,0,190,1023,0,605,801,305,378,354,305,538,786,772,305,767
456,1023,0,237,1023,0,574,771,305,420,381,305,538,781,768,305,767
181,1023,0,61,695,0,152,351,305,314,314,305,538,755,750,305,770
390,1023,0,169,1023,0,206,373,305,351,335,305,538,774,756,305,770
513,1023,0,236,1023,0,396,558,305,338,324,305,538,774,751,305,770
321,1023,0,179,1023,0,431,616,305,334,327,305,538,788,766,305,770
433,1023,0,294,1023,0,643,834,305,452,399,305,538,795,773,305,770
476,1023,0,284,1023,0,626,810,305,409,374,305,538,815,789,305,770
396,1023,0,211,1023,0,557,755,305,375,351,305,538,789,766,305,770
364,1023,0,144,1023,0,349,519,305,364,346,305,538,794,777,305,770
532,1023,0,344,1023,0,639,808,305,404,361,305,538,799,771,305,770
502,1023,0,334,1023,0,463,649,305,360,345,305,538,825,810,305,770
545,1023,0,248,1023,0,228,376,305,474,422,305,538,786,765,305,770
442,1023,0,449,1023,0,396,544,305,424,370,305,538,815,773,305,770
20,176,0,68,912,0,279,461,305,641,528,305,538,549,507,305,770
385,1023,0,266,1023,0,365,520,305,598,508,305,538,818,784,305,774
366,1023,0,141,1023,0,440,638,305,338,331,305,538,806,790,305,774
614,1023,0,448,1023,0,481,652,305,451,407,305,539,780,744,305,774
430,1023,0,227,1023,0,257,408,305,335,327,305,539,791,773,305,774
438,1023,0,321,1023,0,704,889,305,491,429,305,539,820,786,305,774
672,1023,0,542,1023,0,627,812,305,471,402,305,539,862,818,305,774
393,1023,0,186,1023,0,470,669,305,341,332,305,539,805,786,305,774
604,1023,0,437,1023,0,351,453,305,392,348,305,539,860,804,305,774
462,1023,0,215,1023,0,313,442,305,358,335,305,539,799,778,305,774
541,1023,0,530,1023,0,455,625,305,494,434,305,539,795,761,305,774
432,1023,0,172,1023,0,545,733,305,348,333,305,539,785,772,305,774
272,1023,0,163,1023,0,400,594,305,364,350,305,539,795,783,305,777
436,1023,0,237,1023,0,403,586,305,359,342,305,539,779,764,305,777
369,1023,0,212,1023,0,718,915,305,506,450,305,539,814,799,305,777
377,1023,0,254,1023,0,756,928,306,573,490,305,539,802,780,305,777
333,1023,0,218,1023,0,793,974,306,641,582,305,539,795,768,305,777
428,1023,0,283,1023,0,626,816,305,472,419,305,539,786,755,305,777
334,1023,0,209,1023,0,731,913,305,590,516,305,539,813,785,305,777
364,1023,0,278,1023,0,487,680,305,365,339,305,539,804,781,305,777
332,1023,0,183,1023,0,449,645,305,359,345,305,539,792,776,305,777
42,364,0,27,316,0,77,321,305,710,706,305,539,551,542,305,777
313,1023,0,135,1023,0,257,419,305,318,311,305,539,800,785,305,777
318,1023,0,126,1023,0,333,504,305,324,320,305,539,784,767,305,780
500,1023,0,391,1023,0,432,605,305,434,392,305,540,818,793,305,780
413,1023,0,215,1023,0,574,778,305,447,407,305,540,806,792,305,780
327,1023,0,259,1023,0,552,735,305,368,337,305,540,800,772,305,780
781,1023,0,617,1023,0,618,780,305,488,398,305,540,858,788,305,780
216,1023,0,93,1023,0,362,551,305,606,587,305,540,806,798,305,780
612,1023,0,494,1023,0,704,856,305,672,564,305,540,840,792,305,780
392,1023,0,161,1023,0,594,807,305,365,358,305,540,783,766,305,780
775,1023,0,487,1023,0,490,647,305,374,342,305,540,788,746,305,780
754,1023,0,452,1023,0,696,837,305,485,385,305,540,859,821,305,780
525,1023,0,451,1023,0,725,914,305,509,442,305,540,847,818,305,780
548,1023,0,349,1023,0,592,767,305,394,354,305,540,806,789,305,780
378,1023,0,212,1023,0,441,630,305,349,334,305,540,772,749,305,780
275,1023,0,232,1023,0,735,905,305,674,605,305,540,817,789,305,780
510,1023,0,277,1023,0,656,842,305,384,363,305,540,784,759,305,780
420,1023,0,221,1023,0,462,638,305,531,448,305,540,802,778,305,784
407,1023,0,265,1023,0,424,595,305,336,322,305,540,805,789,305,784
381,1023,0,322,1023,0,748,934,306,536,478,305,540,839,820,305,784
583,1023,0,442,1023,0,361,519,305,382,352,305,540,827,805,305,784
313,1023,0,166,1023,0,408,593,305,440,401,305,540,808,794,305,784
459,1023,0,212,1023,0,738,926,306,480,433,305,540,783,759,305,784
417,1023,0,394,1023,0,277,422,305,381,357,305,540,791,771,305,784
356,1023,0,169,1023,0,581,788,305,391,373,305,540,787,771,305,784
357,1023,0,132,1023,0,298,446,305,336,331,305,541,787,763,305,784
390,1023,0,220,1023,0,679,881,305,465,423,305,541,779,765,305,787
443,1023,0,198,1023,0,546,738,305,363,353,305,541,773,746,305,787
365,1023,0,200,1023,0,581,790,305,459,417,305,541,814,792,305,787
332,1023,0,176,1023,0,666,857,305,436,388,305,541,789,747,305,787
362,1023,0,286,1023,0,738,914,305,543,468,305,541,789,757,305,787
445,1023,0,280,1023,0,494,690,305,373,344,305,541,725,716,305,787
418,1023,0,188,1023,0,440,623,305,371,350,305,541,786,769,305,787
440,1023,0,318,1023,0,556,763,305,355,341,305,541,819,802,305,787
347,1023,0,225,1023,0,713,896,305,554,483,305,541,811,790,305,787
416,1023,0,256,1023,0,555,746,305,400,363,305,541,778,758,305,787
375,1023,0,169,1023,0,450,649,305,341,340,305,541,768,748,305,787
427,1023,0,151,1023,0,319,465,305,322,315,305,541,758,735,305,790
399,1023,0,165,1023,0,446,642,305,350,330,305,541,796,777,305,790
405,1023,0,302,1023,0,616,808,305,415,377,305,541,804,781,305,790
817,1023,0,419,1023,0,293,382,305,352,325,305,541,809,747,305,790
773,1023,0,579,1023,0,323,452,305,433,380,305,542,772,741,305,790
314,1023,0,110,1023,0,376,563,305,331,330,305,542,772,757,305,790
418,1023,0,219,1023,0,599,792,305,400,368,305,542,807,779,305,790
483,1023,0,317,1023,0,481,648,305,409,366,305,542,814,792,305,794
479,1023,0,212,1023,0,655,840,305,421,371,305,542,798,774,305,794
490,1023,0,409,1023,0,444,627,305,367,345,305,542,834,813,305,794
356,1023,0,233,1023,0,483,687,305,360,349,305,542,795,781,305,794
476,1023,0,353,1023,0,592,778,305,453,402,305,542,784,744,305,794
551,1023,0,299,1023,0,379,537,305,381,352,305,542,786,757,305,794
360,1023,0,286,1023,0,248,389,305,464,410,305,542,792,775,305,794
287,1023,0,146,1023,0,231,388,305,338,335,305,542,797,786,305,794
472,1023,0,229,1023,0,392,567,305,359,346,305,542,786,771,305,794
357,1023,0,217,1023,0,747,938,306,526,473,305,542,802,783,305,794
418,1023,0,201,1023,0,761,948,306,547,484,305,542,800,784,305,797
251,1023,0,68,759,0,153,348,305,488,463,305,542,549,521,305,797
411,1023,0,311,1023,0,277,419,305,441,405,305,543,777,751,305,797
432,1023,0,175,1023,0,357,533,305,330,324,305,543,761,749,305,797
329,1023,0,224,1023,0,621,824,305,556,521,305,543,812,795,305,797
357,1023,0,222,1023,0,640,830,305,420,379,305,543,759,738,305,797
478,1023,0,247,1023,0,400,583,305,430,395,305,543,851,832,305,797
363,1023,0,340,1023,0,300,461,305,375,360,305,543,792,777,305,800
347,1023,0,247,1023,0,537,731,305,395,368,305,543,802,782,305,800
356,1023,0,274,1023,0,679,862,305,525,453,305,543,783,744,305,800
388,1023,0,159,1023,0,475,677,305,333,329,305,543,779,768,305,800
290,1023,0,125,1023,0,373,558,305,334,332,305,543,778,767,305,800
300,1023,0,123,1023,0,633,842,305,390,368,305,543,718,704,305,803
472,1023,0,351,1023,0,632,798,305,417,370,305,543,816,778,305,803
381,1023,0,537,1023,0,609,806,305,481,427,305,543,626,576,305,803
671,1023,0,375,1023,0,848,1023,306,630,564,305,543,827,808,305,803
395,1023,0,325,1023,0,499,654,305,464,393,305,543,817,773,305,803
270,1023,0,202,1023,0,633,819,305,415,368,305,543,774,758,305,803
422,1023,0,212,1023,0,513,696,305,384,353,305,544,787,769,305,803
433,1023,0,177,1023,0,240,395,305,361,343,305,544,782,766,305,807
52,482,0,116,1023,0,206,385,305,372,376,305,544,842,844,305,807
502,1023,0,225,1023,0,504,692,305,343,335,305,544,786,762,305,807
746,1023,0,583,1023,0,625,764,305,526,419,305,544,874,806,305,807
589,1023,0,413,1023,0,372,518,305,412,366,305,544,776,749,305,807
362,1023,0,148,1023,0,243,393,305,324,319,305,544,775,764,305,807
417,1023,0,290,1023,0,462,644,305,453,405,305,544,810,792,305,807
297,1023,0,146,1023,0,289,443,305,319,317,305,544,784,768,305,810
323,1023,0,149,1023,0,216,376,305,432,409,305,544,776,765,305,810
363,1023,0,149,1023,0,449,652,305,359,333,305,544,812,802,305,810
504,1023,0,321,1023,0,333,474,305,418,367,305,544,795,773,305,810
465,1023,0,241,1023,0,642,830,305,426,381,305,544,777,754,305,810
513,1023,0,228,1023,0,594,758,305,498,419,305,545,804,769,305,813
382,1023,0,238,1023,0,410,584,305,337,328,305,545,814,791,305,813
358,1023,0,207,1023,0,674,842,305,701,614,305,545,821,797,305,813
394,1023,0,257,1023,0,664,840,305,423,366,305,545,794,769,305,813
396,1023,0,145,1023,0,354,531,305,336,332,305,545,771,753,305,817
334,1023,0,212,1023,0,317,477,305,350,331,305,545,792,775,305,817
308,1023,0,171,1023,0,591,784,305,398,373,305,545,805,786,305,817
726,1023,0,438,1023,0,686,838,305,733,673,305,545,865,792,305,817
653,1023,0,284,1023,0,307,460,305,472,426,305,545,801,772,305,817
387,1023,0,202,1023,0,579,781,305,382,358,305,545,783,771,305,817
315,1023,0,173,1023,0,583,786,305,383,366,305,545,791,766,305,817
1007,1023,0,1023,1023,0,485,658,305,549,463,305,545,894,831,305,817
1023,1023,0,1023,1023,0,962,1023,307,760,645,305,545,874,825,305,820
287,1023,0,146,1023,0,308,468,305,316,317,305,545,784,775,305,820
270,1023,0,103,1023,0,447,652,305,366,352,305,545,794,780,305,820
424,1023,0,231,1023,0,397,581,305,403,375,305,546,793,779,305,820
358,1023,0,165,1023,0,427,617,305,344,335,305,546,789,777,305,820
470,1023,0,349,1023,0,743,915,306,573,492,305,546,808,788,305,820
483,1023,0,250,1023,0,249,392,305,366,341,305,546,782,756,305,820
595,1023,0,420,1023,0,326,471,305,370,354,305,546,861,829,305,823
354,1023,0,161,1023,0,378,557,305,366,347,305,546,784,761,305,823
552,1023,0,404,1023,0,444,616,305,458,396,305,546,788,758,305,823
365,1023,0,220,1023,0,286,428,305,368,350,305,546,805,789,305,823
535,1023,0,582,1023,0,394,560,305,373,341,305,546,797,774,305,823
525,1023,0,219,1023,0,231,376,305,339,328,305,546,785,761,305,823
1023,1023,0,1023,1023,0,872,998,307,697,581,305,546,928,825,305,823
1023,1023,0,1023,1023,0,876,979,307,715,571,305,546,896,813,305,823
387,1023,0,186,1023,0,491,688,305,376,350,305,546,810,793,305,823
337,1023,0,232,1023,0,415,595,305,396,371,305,546,801,783,305,823
394,1023,0,116,1023,0,251,398,305,335,324,305,546,781,763,305,823
340,1023,0,205,1023,0,421,599,305,350,333,305,546,781,764,305,826
361,1023,0,218,1023,0,657,858,305,424,390,305,546,786,774,305,826
456,1023,0,201,1023,0,201,374,305,364,346,305,547,773,747,305,826
310,1023,0,164,1023,0,630,830,305,394,376,305,547,763,753,305,826
441,1023,0,242,1023,0,488,670,305,361,339,305,547,791,763,305,826
332,1023,0,222,1023,0,296,456,305,358,343,305,547,792,779,305,826
701,1023,0,549,1023,0,758,937,306,567,487,305,547,865,848,305,826
472,1023,0,235,1023,0,377,542,305,362,339,305,547,769,740,305,830
336,1023,0,287,1023,0,440,626,305,385,356,305,547,809,791,305,830
476,1023,0,354,1023,0,444,627,305,556,494,305,547,816,795,305,830
275,1023,0,107,1023,0,148,353,305,325,321,305,547,750,735,305,830
502,1023,0,454,1023,0,468,643,305,386,354,305,547,772,754,305,830
501,1023,0,255,1023,0,535,727,305,450,410,305,547,786,770,305,833
581,1023,0,501,1023,0,651,822,305,492,420,305,547,813,777,305,833
687,1023,0,406,1023,0,665,852,305,456,399,305,547,873,807,305,833
436,1023,0,384,1023,0,279,414,305,393,358,305,547,841,817,305,833
315,1023,0,230,1023,0,713,901,305,583,523,305,547,816,789,305,833
448,1023,0,312,1023,0,201,356,305,397,360,305,547,820,798,305,833
535,1023,0,263,1023,0,473,659,305,353,336,305,547,833,818,305,833
306,1023,0,133,1023,0,514,722,305,347,334,305,547,779,768,305,833
375,1023,0,185,1023,0,325,485,305,330,324,305,547,800,788,305,833
433,1023,0,296,1023,0,562,746,305,399,362,305,548,798,774,305,833
349,1023,0,192,1023,0,287,439,305,365,348,305,548,794,777,305,833
337,1023,0,132,1023,0,235,394,305,323,319,305,548,788,773,305,836
527,1023,0,332,1023,0,445,617,305,421,375,305,548,780,747,305,836
418,1023,0,166,1023,0,386,564,305,342,341,305,548,777,761,305,836
338,1023,0,132,1023,0,540,749,305,398,369,305,548,806,793,305,836
404,1023,0,379,1023,0,791,969,306,576,510,305,548,820,786,305,836
413,1023,0,207,1023,0,268,422,305,324,319,305,548,776,760,305,836
476,1023,0,312,1023,0,816,989,306,593,521,305,548,824,806,305,836
286,1023,0,259,1023,0,443,632,305,500,452,305,548,801,767,305,836
407,1023,0,387,1023,0,363,527,305,438,404,305,548,796,772,305,836
782,1023,0,476,1023,0,870,1023,306,674,594,305,548,851,824,305,836
338,1023,0,156,1023,0,358,538,305,344,332,305,548,797,781,305,836
313,1023,0,142,1023,0,269,429,305,310,316,305,548,781,759,305,836
338,1023,0,180,1023,0,254,403,305,336,324,305,548,772,761,305,840
344,1023,0,157,1023,0,609,810,305,369,352,305,548,795,771,305,840
497,1023,0,369,1023,0,704,883,305,448,401,305,548,806,782,305,840
486,1023,0,270,1023,0,423,595,305,387,349,305,548,805,785,305,840
314,1023,0,170,1023,0,607,808,305,470,425,305,548,825,804,305,840
541,1023,0,371,1023,0,249,387,305,347,330,305,548,769,734,305,840
579,1023,0,383,1023,0,515,673,305,428,382,305,548,671,616,305,840
411,1023,0,234,1023,0,286,418,305,353,339,305,549,805,784,305,840
596,1023,0,724,1023,0,837,997,306,643,558,305,549,855,827,305,840
418,1023,0,267,1023,0,271,421,305,378,360,305,549,795,771,305,840
597,1023,0,385,1023,0,363,526,305,410,368,305,549,790,763,305,840
288,1023,0,164,1023,0,662,871,305,406,383,305,549,786,772,305,843
413,1023,0,463,1023,0,739,918,306,506,433,305,549,807,775,305,843
1023,1023,0,1023,1023,0,772,895,305,622,483,305,549,915,832,305,843
339,1023,0,261,1023,0,630,837,305,420,389,305,549,801,785,305,843
368,1023,0,184,1023,0,470,657,305,353,332,305,549,795,780,305,843
425,1023,0,180,1023,0,639,831,305,405,368,305,549,797,779,305,843
468,1023,0,235,1023,0,193,360,305,350,324,305,549,737,726,305,843
387,1023,0,268,1023,0,414,571,305,529,452,305,549,810,777,305,843
479,1023,0,269,1023,0,446,631,305,344,338,305,549,795,782,305,843
483,1023,0,334,1023,0,678,867,305,612,546,305,549,810,783,305,846
208,1023,0,100,1023,0,556,780,305,379,364,305,549,750,742,305,846
590,1023,0,281,1023,0,539,720,305,390,348,305,549,777,757,305,846
372,1023,0,159,1023,0,545,751,305,346,334,305,549,784,765,305,846
343,1023,0,128,1023,0,558,767,305,380,356,305,549,804,790,305,846
381,1023,0,236,1023,0,369,534,305,402,370,305,549,805,775,305,846
389,1023,0,254,1023,0,512,713,305,416,371,305,549,807,793,305,846
407,1023,0,280,1023,0,722,915,305,493,441,305,550,771,757,305,849
668,1023,0,412,1023,0,774,922,306,569,456,305,550,890,825,305,849
189,1023,0,30,384,0,293,476,305,480,467,305,550,788,784,305,849
358,1023,0,125,1023,0,411,602,305,338,324,305,550,771,760,305,849
518,1023,0,280,1023,0,352,498,305,371,345,305,550,820,778,305,849
325,1023,0,126,1023,0,316,479,305,322,318,305,550,764,750,305,849
387,1023,0,168,1023,0,273,426,305,356,342,305,550,794,765,305,849
250,1023,0,217,1023,0,422,578,305,337,326,305,550,752,721,305,849
427,1023,0,212,1023,0,669,849,305,487,417,305,550,818,782,305,849
406,1023,0,192,1023,0,506,694,305,347,331,305,550,774,761,305,853
391,1023,0,196,1023,0,305,456,305,329,319,305,550,777,766,305,853
469,1023,0,362,1023,0,603,783,305,423,375,305,550,810,784,305,853
326,1023,0,143,1023,0,335,505,305,332,322,305,550,801,782,305,853
402,1023,0,214,1023,0,585,785,305,432,390,305,550,798,778,305,853
426,1023,0,372,1023,0,518,692,305,397,359,305,550,779,760,305,853
441,1023,0,253,1023,0,313,464,305,335,331,305,550,774,758,305,853
608,1023,0,446,1023,0,647,806,305,533,443,305,550,799,771,305,853
586,1023,0,322,1023,0,479,650,305,409,366,305,550,781,759,305,853
376,1023,0,177,1023,0,479,678,305,379,363,305,550,794,778,305,853
681,1023,0,286,1023,0,460,634,305,351,336,305,550,760,716,305,853
340,1023,0,210,1023,0,222,387,305,361,345,305,551,793,779,305,856
410,1023,0,248,1023,0,708,895,305,498,440,305,551,800,777,305,856
359,1023,0,167,1023,0,601,805,305,370,355,305,551,811,788,305,856
366,1023,0,165,1023,0,375,556,305,329,322,305,551,792,779,305,856
330,1023,0,178,1023,0,430,625,305,362,350,305,551,817,802,305,856
186,1023,0,104,1023,0,418,626,305,663,642,305,551,808,800,305,859
824,1023,0,1023,1023,0,891,1023,307,738,641,305,551,814,749,305,859
390,1023,0,199,1023,0,683,860,305,454,389,305,551,792,768,305,859
385,1023,0,317,1023,0,485,674,305,508,450,305,551,817,777,305,859
376,1023,0,182,1023,0,738,900,305,508,421,305,551,805,779,305,859
365,1023,0,247,1023,0,664,843,305,581,506,305,551,789,757,305,859
352,1023,0,219,1023,0,462,660,305,357,346,305,551,803,786,305,859
363,1023,0,176,1023,0,416,591,305,346,333,305,551,776,756,305,859
306,1023,0,188,1023,0,707,897,305,606,547,305,551,788,766,305,859
1023,1023,0,1023,1023,0,980,1023,308,883,764,305,551,974,869,305,863
361,1023,0,136,1023,0,198,359,305,333,325,305,552,793,777,305,863
331,1023,0,129,1023,0,504,704,305,343,336,305,552,755,726,305,863
355,1023,0,145,1023,0,271,409,305,337,325,305,552,796,772,305,863
393,1023,0,181,1023,0,321,484,305,348,333,305,552,777,755,305,866
469,1023,0,228,1023,0,265,406,305,326,324,305,552,786,768,305,866
518,1023,0,480,1023,0,439,579,305,469,388,305,552,807,774,305,866
659,1023,0,487,1023,0,490,614,305,478,378,305,552,893,834,305,866
103,829,0,77,929,0,254,420,305,317,322,305,552,686,673,305,866
475,1023,0,234,1023,0,358,529,305,367,354,305,552,785,766,305,866
1023,1023,0,582,1023,0,537,680,305,443,351,305,552,886,841,305,869
351,1023,0,171,1023,0,347,528,305,351,338,305,552,819,804,305,869
361,1023,0,151,1023,0,182,345,305,349,335,305,552,760,726,305,869
475,1023,0,288,1023,0,359,515,305,374,355,305,552,812,790,305,869
363,1023,0,164,1023,0,320,471,305,326,318,305,552,788,774,305,869
319,1023,0,165,1023,0,460,659,305,415,375,305,553,814,797,305,869
338,1023,0,286,1023,0,252,387,305,405,367,305,553,801,760,305,869
332,1023,0,144,1023,0,562,773,305,438,410,305,553,788,773,305,869
312,1023,0,143,922,0,251,366,305,720,623,305,553,775,742,305,873
572,1023,0,375,1023,0,337,498,305,492,443,305,553,790,765,305,873
277,1023,0,255,1023,0,490,702,305,348,333,305,553,790,776,305,873
376,1023,0,203,1023,0,356,536,305,342,334,305,553,803,793,305,873
342,1023,0,163,1023,0,455,656,305,349,337,305,553,809,796,305,876
353,1023,0,229,1023,0,427,610,305,386,359,305,553,803,778,305,876
466,1023,0,218,1023,0,462,648,305,352,342,305,553,788,772,305,876
305,1023,0,118,1023,0,411,607,305,352,338,305,553,777,770,305,876
368,1023,0,245,1023,0,624,829,305,426,397,305,553,811,797,305,876
324,1023,0,202,1023,0,465,669,305,377,359,305,553,786,766,305,876
496,1023,0,236,1023,0,344,493,305,349,335,305,553,786,765,305,876
324,1023,0,208,1023,0,663,850,305,427,394,305,553,794,764,305,876
380,1023,0,177,1023,0,297,450,305,355,342,305,553,785,764,305,876
351,1023,0,205,1023,0,574,776,305,352,344,305,553,786,762,305,876
516,1023,0,211,1023,0,266,405,305,618,519,305,554,738,694,305,879
429,1023,0,290,1023,0,632,815,305,431,380,305,554,822,801,305,879
656,1023,0,711,1023,0,831,989,306,641,554,305,554,893,865,305,879
446,1023,0,333,1023,0,413,594,305,367,350,305,554,820,801,305,879
381,1023,0,122,1023,0,598,781,305,375,348,305,554,776,762,305,879
508,1023,0,272,1023,0,433,595,305,357,340,305,554,799,782,305,879
470,1023,0,290,1023,0,237,397,305,391,363,305,554,791,776,305,879
252,1023,0,129,1023,0,234,401,305,338,327,305,554,786,776,305,879
439,1023,0,215,1023,0,335,483,305,352,336,305,554,802,786,305,879
413,1023,0,188,1023,0,327,483,305,347,335,305,554,787,766,305,879
363,1023,0,138,1023,0,730,928,306,482,434,305,554,810,788,305,882
376,1023,0,140,1023,0,225,374,305,359,342,305,554,749,734,305,882
891,1023,0,571,1023,0,562,730,305,444,390,305,554,787,752,305,882
497,1023,0,301,1023,0,537,724,305,367,342,305,554,802,781,305,882
382,1023,0,221,1023,0,606,807,305,399,372,305,554,805,788,305,882
304,1023,0,194,1023,0,497,687,305,407,371,305,554,801,787,305,882
393,1023,0,207,1023,0,461,660,305,355,342,305,554,785,769,305,882
603,1023,0,394,1023,0,244,389,305,398,361,305,554,809,784,305,882
330,1023,0,137,1023,0,276,428,305,338,328,305,554,782,765,305,882
441,1023,0,341,1023,0,674,868,305,492,435,305,554,850,826,305,882
514,1023,0,276,1023,0,378,541,305,361,339,305,554,785,765,305,882
426,1023,0,238,1023,0,643,834,305,400,365,305,554,772,753,305,882
370,1023,0,234,1023,0,637,828,305,422,375,305,554,781,761,305,882
412,1023,0,221,1023,0,354,508,305,336,328,305,554,809,788,305,882
306,1023,0,134,1023,0,280,435,305,330,327,305,554,800,789,305,886
285,1023,0,112,1023,0,149,341,305,333,332,305,555,784,767,305,886
338,1023,0,264,1023,0,250,399,305,362,346,305,555,791,762,305,886
506,1023,0,216,1023,0,384,523,305,342,336,305,555,802,783,305,886
392,1023,0,201,1023,0,585,778,305,657,606,305,555,808,783,305,886
348,1023,0,296,1023,0,788,953,306,658,575,305,555,818,760,305,886
818,1023,0,672,1023,0,546,704,305,506,428,305,555,806,768,305,886
396,1023,0,159,1023,0,295,447,305,352,345,305,555,768,761,305,886
451,1023,0,364,1023,0,737,908,305,691,620,305,555,811,766,305,886
423,1023,0,190,1023,0,529,725,305,433,394,305,555,799,783,305,886
357,1023,0,189,1023,0,319,476,305,327,320,305,555,810,792,305,886
266,1023,0,123,1023,0,161,354,305,326,324,305,555,797,784,305,886
372,1023,0,191,1023,0,432,624,305,337,339,305,555,772,740,305,886
308,1023,0,178,1023,0,444,643,305,347,338,305,555,789,776,305,886
307,1023,0,183,1023,0,424,626,305,351,339,305,555,796,782,305,889
348,1023,0,208,1023,0,296,446,305,372,355,305,555,767,753,305,889
454,1023,0,294,1023,0,525,718,305,394,364,305,555,804,776,305,889
542,1023,0,473,1023,0,590,770,305,500,427,305,555,823,796,305,889
366,1023,0,125,1023,0,293,451,305,317,312,305,555,766,756,305,889
414,1023,0,342,1023,0,377,540,305,336,322,305,555,843,827,305,889
373,1023,0,141,1023,0,180,368,305,329,325,305,555,788,775,305,889
408,1023,0,406,1023,0,703,896,305,576,510,305,555,824,803,305,889
334,1023,0,127,1023,0,451,655,305,334,331,305,555,781,766,305,889
383,1023,0,231,1023,0,240,389,305,349,339,305,555,792,774,305,889
318,1023,0,167,1023,0,390,577,305,396,373,305,555,781,766,305,889
332,1023,0,224,1023,0,399,586,305,415,382,305,555,820,802,305,889
317,1023,0,163,1023,0,558,764,305,491,443,305,555,790,771,305,889
737,1023,0,394,1023,0,691,827,305,628,491,305,555,834,787,305,889
421,1023,0,361,1023,0,303,444,305,374,345,305,555,823,782,305,889
282,1023,0,116,1023,0,212,380,305,333,326,305,556,781,770,305,892
402,1023,0,216,1023,0,545,743,305,381,352,305,556,792,771,305,892
471,1023,0,234,1023,0,483,675,305,405,375,305,556,833,813,305,892
281,1023,0,119,1023,0,237,398,305,312,313,305,556,797,783,305,892
235,1023,0,280,1023,0,269,427,305,365,346,305,556,797,780,305,892
305,1023,0,124,1023,0,286,439,305,344,332,305,556,789,777,305,892
438,1023,0,199,1023,0,371,529,305,348,333,305,556,782,763,305,896
525,1023,0,347,1023,0,767,946,306,552,471,305,556,813,776,305,896
41,388,0,3,43,0,0,315,305,313,317,305,556,574,571,305,896
371,1023,0,171,1023,0,328,479,305,335,328,305,556,778,761,305,896
739,1023,0,732,1023,0,849,977,307,694,578,305,556,869,821,305,896
195,935,0,181,1023,0,347,471,305,586,480,305,556,568,466,305,896
440,1023,0,658,1023,0,776,948,306,761,703,305,556,873,843,305,896
368,1023,0,464,1023,0,335,505,305,387,358,305,556,802,785,305,896
532,1023,0,278,1023,0,494,680,305,390,359,305,556,802,774,305,896
566,1023,0,457,1023,0,765,937,306,544,456,305,556,864,825,305,896
406,1023,0,233,1023,0,552,743,305,367,345,305,556,796,777,305,896
318,1023,0,340,1023,0,551,730,305,571,497,305,556,808,779,305,896
349,1023,0,169,1023,0,387,580,305,333,326,305,556,804,786,305,896
321,1023,0,137,1023,0,564,773,305,372,350,305,556,795,785,305,896
781,1023,0,556,1023,0,668,851,305,471,406,305,556,832,798,305,896
364,1023,0,389,1023,0,760,927,306,580,490,305,556,834,798,305,899
428,1023,0,237,1023,0,588,783,305,416,376,305,557,786,770,305,899
443,1023,0,256,1023,0,420,606,305,349,334,305,557,786,757,305,899
318,1023,0,135,1023,0,809,999,306,596,544,305,557,801,785,305,899
431,1023,0,275,1023,0,374,547,305,374,351,305,557,821,812,305,899
445,1023,0,292,1023,0,758,938,306,543,473,305,557,817,791,305,899
329,1023,0,148,1023,0,231,389,305,325,322,305,557,774,764,305,899
358,1023,0,195,1023,0,326,486,305,313,318,305,557,784,765,305,902
459,1023,0,301,1023,0,640,825,305,490,428,305,557,783,746,305,902
672,1023,0,437,1023,0,303,446,305,413,370,305,557,773,742,305,902
300,1023,0,229,1023,0,165,349,305,338,330,305,557,797,771,305,902
331,1023,0,200,1023,0,264,414,305,431,387,305,557,766,736,305,902
379,1023,0,328,1023,0,502,683,305,377,355,305,557,797,761,305,902
311,1023,0,201,1023,0,656,827,305,557,470,305,557,807,771,305,902
430,1023,0,276,1023,0,266,403,305,326,325,305,557,834,810,305,902
477,1023,0,297,1023,0,550,745,305,410,381,305,557,814,790,305,902
584,1023,0,416,1023,0,534,713,305,370,345,305,557,823,799,305,902
440,1023,0,193,1023,0,538,732,305,369,344,305,557,789,772,305,902
262,1023,0,260,1023,0,482,656,305,342,324,305,557,800,764,305,902
442,1023,0,168,1023,0,515,705,305,373,343,305,557,806,786,305,902
561,1023,0,261,1023,0,646,856,305,531,466,305,557,848,787,305,905
443,1023,0,236,1023,0,593,792,305,391,359,305,558,791,764,305,905
395,1023,0,216,1023,0,588,778,305,474,418,305,558,790,771,305,905
436,1023,0,295,1023,0,257,411,305,334,326,305,558,805,786,305,905
349,1023,0,187,1023,0,523,720,305,380,357,305,558,806,778,305,905
580,1023,0,420,1023,0,489,661,305,458,393,305,558,837,815,305,905
457,1023,0,397,1023,0,520,703,305,447,389,305,558,793,770,305,905
377,1023,0,173,1023,0,250,400,305,394,361,305,558,779,763,305,905
362,1023,0,280,1023,0,491,671,305,417,374,305,558,797,763,305,905
519,1023,0,243,1023,0,643,821,305,435,387,305,558,786,771,305,905
679,1023,0,400,1023,0,475,638,305,434,382,305,558,864,776,305,905
440,1023,0,312,1023,0,471,644,305,366,350,305,558,797,777,305,905
297,1023,0,170,1023,0,273,424,305,394,369,305,558,794,776,305,905
330,1023,0,354,1023,0,425,580,305,525,497,305,558,806,782,305,905
420,1023,0,323,1023,0,272,418,305,432,390,305,558,803,765,305,905
449,1023,0,283,1023,0,313,452,305,367,346,305,558,817,793,305,905
328,1023,0,159,1023,0,603,805,305,396,366,305,558,791,775,305,905
380,1023,0,257,1023,0,561,746,305,407,369,305,558,805,782,305,905
326,1023,0,171,1023,0,597,795,305,376,354,305,558,787,777,305,905
422,1023,0,190,1023,0,668,837,305,410,370,305,558,808,790,305,905
435,1023,0,300,1023,0,412,593,305,386,361,305,558,830,808,305,905
357,1023,0,221,1023,0,208,374,305,344,327,305,558,813,788,305,905
584,1023,0,237,1023,0,783,928,306,574,464,305,558,809,778,305,905
486,1023,0,305,1023,0,229,375,305,346,327,305,558,824,812,305,905
591,1023,0,353,1023,0,744,892,305,615,490,305,558,861,807,305,909
377,1023,0,185,1023,0,363,536,305,399,377,305,558,786,774,305,909
405,1023,0,179,1023,0,385,564,305,333,327,305,558,792,777,305,909
467,1023,0,192,1023,0,697,884,305,490,426,305,558,812,800,305,909
305,1023,0,257,1023,0,487,671,305,510,444,305,558,815,774,305,909
452,1023,0,203,1023,0,318,474,305,375,356,305,558,802,781,305,909
756,1023,0,392,1023,0,443,604,305,379,351,305,558,853,803,305,909
525,1023,0,312,1023,0,254,405,305,389,364,305,558,834,813,305,909
520,1023,0,256,1023,0,536,714,305,377,348,305,558,825,798,305,909
348,1023,0,304,1023,0,529,724,305,374,349,305,558,794,778,305,909
467,1023,0,316,1023,0,227,382,305,334,327,305,558,801,776,305,909
380,1023,0,276,1023,0,486,662,305,569,487,305,558,818,768,305,909
382,1023,0,180,1023,0,269,425,305,345,339,305,558,799,784,305,909
330,1023,0,211,1023,0,466,662,305,356,349,305,558,792,775,305,909
496,1023,0,286,1023,0,593,765,305,380,345,305,558,797,765,305,909
374,1023,0,157,1023,0,340,518,305,360,353,305,558,804,788,305,909
384,1023,0,178,1023,0,288,444,305,327,324,305,558,799,782,305,909
384,1023,0,218,1023,0,743,937,306,506,453,305,558,800,781,305,909
425,1023,0,298,1023,0,644,842,305,442,404,305,559,801,783,305,912
240,1023,0,179,1023,0,672,868,305,599,548,305,559,781,767,305,912
362,1023,0,155,1023,0,258,416,305,347,342,305,559,797,783,305,912
468,1023,0,295,1023,0,642,832,305,486,429,305,559,793,769,305,912
827,1023,0,1023,1023,0,360,365,305,510,406,305,559,683,456,305,912
381,1023,0,240,1023,0,395,569,305,360,340,305,559,814,791,305,912
338,1023,0,117,1023,0,355,527,305,318,313,305,559,787,775,305,912
359,1023,0,143,1023,0,552,756,305,350,335,305,559,798,784,305,912
295,1023,0,319,1023,0,260,403,305,392,360,305,559,792,774,305,912
441,1023,0,212,1023,0,452,636,305,339,326,305,559,804,790,305,912
364,1023,0,209,1023,0,620,810,305,471,421,305,559,821,785,305,912
348,1023,0,324,1023,0,482,669,305,503,440,305,559,853,807,305,912
361,1023,0,160,1023,0,391,578,305,332,321,305,559,782,766,305,912
298,1023,0,233,1023,0,382,560,305,324,316,305,559,779,753,305,912
424,1023,0,231,1023,0,475,666,305,380,354,305,559,789,749,305,912
273,1023,0,147,1023,0,386,582,305,376,365,305,559,798,786,305,912
415,1023,0,315,1023,0,359,502,305,351,341,305,559,804,777,305,912
476,1023,0,311,1023,0,298,446,305,340,328,305,559,776,758,305,912
397,1023,0,180,1023,0,727,926,306,501,455,305,559,769,752,305,912
508,1023,0,420,1023,0,765,905,305,634,516,305,559,862,816,305,915
467,1023,0,191,1023,0,509,695,305,370,349,305,559,786,771,305,915
439,1023,0,456,1023,0,287,430,305,378,349,305,559,811,779,305,915
378,1023,0,318,1023,0,657,865,305,480,446,305,559,860,843,305,915
589,1023,0,316,1023,0,686,853,305,452,387,305,559,815,780,305,915
384,1023,0,264,1023,0,257,403,305,349,336,305,559,794,765,305,915
421,1023,0,321,1023,0,357,515,305,355,336,305,559,816,796,305,915
674,1023,0,399,1023,0,768,921,306,582,488,305,559,808,768,305,915
489,1023,0,234,1023,0,261,403,305,359,339,305,559,763,737,305,915
723,1023,0,600,1023,0,324,454,305,440,384,305,559,771,725,305,915
703,1023,0,571,1023,0,673,852,305,481,409,305,559,868,834,305,915
462,1023,0,421,1023,0,285,421,305,373,349,305,559,835,812,305,915
377,1023,0,256,1023,0,787,964,306,588,512,305,559,816,791,305,915
665,1023,0,482,1023,0,378,525,305,407,364,305,559,793,767,305,915
1003,1023,0,962,1023,0,578,695,305,542,379,305,559,856,780,305,915
331,1023,0,154,1023,0,405,594,305,355,342,305,560,791,774,305,915
471,1023,0,294,1023,0,620,799,305,417,372,305,560,779,745,305,919
456,1023,0,265,1023,0,438,601,305,412,363,305,560,794,774,305,919
438,1023,0,262,1023,0,422,605,305,352,340,305,560,816,800,305,919
562,1023,0,578,1023,0,693,854,305,476,394,305,560,840,810,305,919
532,1023,0,260,1023,0,449,628,305,388,362,305,560,753,733,305,919
396,1023,0,183,1023,0,269,428,305,386,357,305,560,787,759,305,919
433,1023,0,338,1023,0,778,939,306,593,503,305,560,822,783,305,919
464,1023,0,278,1023,0,628,823,305,529,465,305,560,823,802,305,919
417,1023,0,303,1023,0,494,683,305,365,346,305,560,814,793,305,919
476,1023,0,336,1023,0,442,600,305,405,365,305,560,813,781,305,919
464,1023,0,250,1023,0,575,772,305,455,403,305,560,818,792,305,919
321,1023,0,206,1023,0,429,610,305,365,344,305,560,790,775,305,919
456,1023,0,402,1023,0,512,673,305,380,351,305,560,861,831,305,919
358,1023,0,223,1023,0,743,931,306,783,737,305,560,756,730,305,919
331,1023,0,178,1023,0,598,797,305,365,349,305,560,788,775,305,919
452,1023,0,210,1023,0,281,424,305,365,347,305,560,788,772,305,919
505,1023,0,287,1023,0,487,629,305,370,340,305,560,796,770,305,919
647,1023,0,611,1023,0,302,457,305,417,374,305,560,562,495,305,919
520,1023,0,270,1023,0,572,759,305,400,371,305,560,800,782,305,919
568,1023,0,386,1023,0,729,899,305,676,611,305,560,845,812,305,919
473,1023,0,311,1023,0,256,405,305,383,360,305,560,810,791,305,919
450,1023,0,280,1023,0,200,378,305,339,333,305,560,794,772,305,919
299,1023,0,225,1023,0,611,807,305,456,419,305,560,784,770,305,922
466,1023,0,224,1023,0,233,379,305,388,353,305,560,773,746,305,922
350,1023,0,271,1023,0,664,845,305,550,480,305,560,809,769,305,922
354,1023,0,157,1023,0,368,547,305,363,353,305,560,795,774,305,922
524,1023,0,288,1023,0,727,894,305,521,435,305,560,825,774,305,922
390,1023,0,216,1023,0,542,750,305,374,350,305,560,840,818,305,922
342,1023,0,381,1023,0,660,822,305,585,484,305,560,798,727,305,922
450,1023,0,207,1023,0,512,698,305,349,332,305,560,803,784,305,922
333,1023,0,191,1023,0,499,701,305,372,354,305,560,800,778,305,922
1023,1023,0,862,1023,0,510,677,305,661,555,305,560,811,730,305,922
338,1023,0,173,1023,0,339,516,305,337,326,305,561,773,758,305,922
593,1023,0,587,1023,0,267,399,305,416,376,305,561,843,816,305,922
441,1023,0,198,1023,0,652,853,305,544,495,305,561,797,784,305,922
430,1023,0,152,1023,0,399,576,305,341,325,305,561,734,721,305,922
542,1023,0,316,1023,0,797,988,306,571,516,305,561,854,822,305,922
374,1023,0,296,1023,0,492,694,305,462,425,305,561,794,772,305,922
308,1023,0,253,1023,0,278,421,305,697,635,305,561,780,753,305,922
350,1023,0,195,1023,0,337,495,305,359,344,305,561,805,792,305,922
488,1023,0,482,1023,0,585,757,305,479,412,305,561,829,789,305,925
487,1023,0,228,1023,0,350,496,305,386,360,305,561,820,795,305,925
288,1023,0,201,1023,0,291,444,305,687,656,305,561,803,792,305,925
499,1023,0,423,1023,0,295,431,305,350,336,305,561,846,811,305,925
548,1023,0,379,1023,0,255,409,305,399,366,305,561,828,808,305,925
493,1023,0,287,1023,0,381,548,305,338,327,305,561,797,778,305,925
443,1023,0,215,1023,0,460,651,305,342,328,305,561,797,780,305,925
529,1023,0,259,1023,0,294,440,305,375,350,305,561,795,778,305,925
584,1023,0,415,1023,0,506,667,305,445,374,305,561,825,791,305,925
304,1023,0,226,1023,0,690,884,305,463,411,305,561,800,776,305,925
262,1023,0,136,1023,0,435,602,305,338,328,305,561,788,762,305,925
255,1023,0,238,1023,0,358,544,305,346,340,305,561,793,783,305,925
461,1023,0,260,1023,0,443,629,305,364,339,305,561,825,803,305,925
325,1023,0,202,1023,0,257,428,305,382,369,305,561,790,774,305,925
247,1023,0,129,1023,0,225,400,305,320,319,305,561,794,782,305,925
616,1023,0,421,1023,0,341,489,305,378,358,305,561,836,818,305,925
743,1023,0,893,1023,0,512,614,305,715,623,305,561,911,840,305,925
585,1023,0,308,1023,0,623,796,305,399,354,305,561,788,757,305,925
370,1023,0,260,1023,0,730,922,306,516,468,305,561,799,783,305,925
274,1023,0,193,1023,0,674,878,305,520,470,305,561,814,799,305,929
354,1023,0,264,1023,0,390,560,305,491,404,305,561,789,772,305,929
710,1023,0,424,1023,0,418,538,305,421,371,305,561,849,775,305,929
500,1023,0,370,1023,0,442,614,305,479,430,305,561,795,768,305,929
326,1023,0,147,1023,0,261,418,305,314,314,305,561,792,781,305,929
229,1023,0,111,1023,0,154,356,305,318,318,305,561,779,773,305,929
463,1023,0,294,1023,0,616,808,305,422,378,305,561,804,783,305,929
411,1023,0,202,1023,0,605,805,305,382,367,305,562,773,749,305,929
594,1023,0,404,1023,0,422,571,305,392,357,305,562,803,777,305,929
365,1023,0,182,1023,0,410,601,305,343,327,305,562,770,758,305,929
475,1023,0,246,1023,0,402,568,305,332,326,305,562,798,775,305,929
429,1023,0,265,1023,0,482,672,305,366,346,305,562,779,762,305,929
580,1023,0,571,1023,0,729,913,305,732,672,305,562,854,810,305,929
339,1023,0,228,1023,0,535,735,305,442,408,305,562,805,786,305,929
657,1023,0,464,1023,0,490,660,305,398,350,305,562,843,787,305,929
345,1023,0,138,1023,0,548,755,305,370,355,305,562,779,763,305,929
362,1023,0,234,1023,0,514,709,305,359,350,305,562,788,771,305,929
538,1023,0,245,1023,0,809,984,306,585,513,305,562,789,772,305,929
262,1023,0,120,1023,0,677,888,305,439,408,305,562,790,778,305,929
490,1023,0,236,1023,0,471,646,305,351,331,305,562,789,767,305,929
418,1023,0,362,1023,0,511,679,305,461,405,305,562,792,757,305,929
289,1023,0,121,1023,0,373,559,305,359,352,305,562,767,756,305,929
621,1023,0,266,1023,0,547,720,305,370,340,305,562,827,760,305,929
266,1023,0,190,1023,0,420,604,305,385,359,305,562,799,777,305,932
492,1023,0,314,1023,0,280,408,305,389,357,305,562,815,787,305,932
525,1023,0,273,1023,0,402,562,305,343,333,305,562,794,767,305,932
285,1023,0,166,1023,0,189,359,305,360,338,305,562,798,776,305,932
313,1023,0,164,1023,0,232,383,305,330,323,305,562,791,780,305,932
381,1023,0,193,1023,0,354,517,305,351,336,305,562,800,782,305,932
441,1023,0,298,1023,0,512,697,305,456,417,305,562,808,790,305,932
444,1023,0,229,1023,0,346,503,305,347,334,305,562,818,799,305,932
353,1023,0,178,1023,0,750,938,306,514,456,305,562,797,781,305,932
340,1023,0,189,1023,0,428,606,305,353,333,305,562,801,779,305,932
505,1023,0,231,1023,0,562,750,305,357,338,305,562,798,775,305,932
338,1023,0,171,1023,0,337,494,305,360,339,305,562,793,775,305,932
295,1023,0,132,1023,0,447,650,305,395,375,305,562,797,784,305,932
466,1023,0,263,1023,0,434,606,305,365,344,305,562,785,751,305,932
363,1023,0,221,1023,0,415,606,305,360,344,305,562,785,765,305,932
373,1023,0,190,1023,0,429,598,305,379,352,305,562,788,766,305,935
410,1023,0,149,1023,0,369,545,305,324,319,305,562,772,746,305,935
490,1023,0,496,1023,0,515,692,305,576,489,305,562,859,825,305,935
373,1023,0,252,1023,0,703,901,305,583,534,305,562,818,799,305,935
238,1023,0,156,1023,0,555,752,305,435,397,305,562,800,785,305,935
888,1023,0,787,1023,0,758,918,306,621,523,305,562,862,796,305,935
352,1023,0,182,1023,0,207,374,305,330,325,305,562,791,781,305,935
413,1023,0,194,1023,0,270,407,305,392,367,305,562,793,760,305,935
367,1023,0,212,1023,0,270,425,305,464,413,305,562,791,769,305,935
458,1023,0,290,1023,0,539,708,305,436,377,305,562,814,789,305,935
686,1023,0,414,1023,0,514,679,305,395,362,305,563,845,781,305,935
412,1023,0,266,1023,0,628,820,305,514,455,305,563,833,816,305,935
356,1023,0,137,1023,0,366,541,305,335,332,305,563,777,769,305,935
359,1023,0,171,1023,0,325,480,305,345,333,305,563,796,781,305,935
343,1023,0,125,1023,0,242,400,305,320,320,305,563,770,755,305,935
359,1023,0,317,1023,0,543,742,305,649,605,305,563,804,789,305,935
371,1023,0,311,1023,0,479,656,305,380,362,305,563,804,773,305,935
294,1023,0,119,1023,0,445,645,305,321,322,305,563,789,775,305,935
387,1023,0,152,1023,0,670,873,305,468,420,305,563,807,796,305,935
382,1023,0,198,1023,0,240,389,305,377,358,305,563,799,779,305,935
129,1023,0,63,774,0,137,347,305,480,469,305,563,613,605,305,935
493,1023,0,254,1023,0,475,664,305,350,331,305,563,792,778,305,935
508,1023,0,432,1023,0,307,428,305,372,335,305,563,811,764,305,938
417,1023,0,236,1023,0,681,866,305,435,385,305,563,800,781,305,938
282,1023,0,113,1023,0,359,546,305,336,330,305,563,799,784,305,938
435,1023,0,214,1023,0,584,764,305,382,347,305,563,790,776,305,938
352,1023,0,192,1023,0,317,479,305,342,330,305,563,793,782,305,938
291,1023,0,154,1023,0,313,471,305,380,357,305,563,789,768,305,938
257,1023,0,103,1023,0,197,371,305,330,324,305,563,766,756,305,938
523,1023,0,308,1023,0,423,598,305,399,360,305,563,791,774,305,938
738,1023,0,484,1023,0,576,734,305,447,391,305,563,785,745,305,938
550,1023,0,278,1023,0,335,486,305,357,345,305,563,800,783,305,938
449,1023,0,204,1023,0,489,684,305,385,359,305,563,792,779,305,938
507,1023,0,384,1023,0,657,830,305,480,412,305,563,805,783,305,938
417,1023,0,246,1023,0,378,542,305,331,326,305,563,782,760,305,938
418,1023,0,295,1023,0,482,675,305,488,435,305,563,796,777,305,938
539,1023,0,489,1023,0,766,925,306,549,450,305,563,864,831,305,938
473,1023,0,456,1023,0,580,750,305,437,382,305,563,815,763,305,938
260,1023,0,303,1023,0,235,391,305,352,334,305,563,632,606,305,938
572,1023,0,470,1023,0,507,685,305,504,437,305,563,807,775,305,938
620,1023,0,357,1023,0,332,471,305,407,359,305,563,780,745,305,938
316,1023,0,119,1023,0,529,741,305,349,336,305,563,796,785,305,942
374,1023,0,198,1023,0,440,627,305,339,333,305,563,789,763,305,942
361,1023,0,145,1023,0,478,668,305,739,701,305,563,822,810,305,942
520,1023,0,327,1023,0,544,715,305,413,369,305,563,791,755,305,942
484,1023,0,292,1023,0,516,698,305,346,331,305,563,777,748,305,942
897,1023,0,746,1023,0,559,700,305,517,408,305,563,804,735,305,942
472,1023,0,199,1023,0,698,888,305,513,450,305,564,821,793,305,942
457,1023,0,256,1023,0,499,682,305,358,343,305,564,808,779,305,942
643,1023,0,377,1023,0,285,420,305,359,339,305,564,813,792,305,942
546,1023,0,351,1023,0,312,443,305,393,363,305,564,798,777,305,942
445,1023,0,360,1023,0,335,481,305,376,344,305,564,810,788,305,942
401,1023,0,201,1023,0,239,382,305,365,343,305,564,760,736,305,942
380,1023,0,219,1023,0,491,692,305,352,337,305,564,815,796,305,942
654,1023,0,478,1023,0,823,974,306,627,527,305,564,782,746,305,942
540,1023,0,311,1023,0,330,459,305,547,519,305,564,803,778,305,942
1023,1023,0,1023,1023,0,730,881,305,572,459,305,564,902,855,305,942
434,1023,0,413,1023,0,669,841,305,614,537,305,564,797,764,305,942
381,1023,0,226,1023,0,474,667,305,393,369,305,564,795,779,305,942
393,1023,0,289,1023,0,541,731,305,360,349,305,564,802,783,305,942
373,1023,0,182,1023,0,345,511,305,351,347,305,564,790,773,305,942
330,1023,0,186,1023,0,294,445,305,327,321,305,564,790,771,305,942
418,1023,0,152,1023,0,225,377,305,343,331,305,564,783,765,305,945
317,1023,0,175,1023,0,332,485,305,338,328,305,564,805,782,305,945
428,1023,0,275,1023,0,462,648,305,387,361,305,564,810,785,305,945
501,1023,0,374,1023,0,610,793,305,428,381,305,564,768,750,305,945
384,1023,0,184,1023,0,647,821,305,472,408,305,564,773,750,305,945
430,1023,0,248,1023,0,514,702,305,378,348,305,564,795,771,305,945
353,1023,0,121,1023,0,387,566,305,705,670,305,564,814,801,305,945
526,1023,0,329,1023,0,431,596,305,418,378,305,564,782,759,305,945
1023,1023,0,1023,1023,0,972,1023,307,836,724,305,564,901,842,305,945
702,1023,0,487,1023,0,740,877,305,644,546,305,564,866,803,305,945
313,1023,0,152,1023,0,558,761,305,347,330,305,564,779,766,305,945
489,1023,0,516,1023,0,383,523,305,415,367,305,564,781,750,305,945
421,1023,0,327,1023,0,686,876,305,493,436,305,564,827,794,305,945
368,1023,0,233,1023,0,646,840,305,439,389,305,564,798,783,305,945
490,1023,0,185,1023,0,169,349,305,359,337,305,564,775,754,305,945
500,1023,0,295,1023,0,510,697,305,380,350,305,564,800,774,305,945
488,1023,0,288,1023,0,440,610,305,432,385,305,564,806,781,305,945
649,1023,0,555,1023,0,722,897,305,539,444,305,564,858,784,305,948
60,443,0,43,439,0,73,320,305,688,646,305,564,568,505,305,948
393,1023,0,267,1023,0,437,608,305,364,339,305,564,782,760,305,948
178,935,0,159,1023,0,826,963,306,820,728,305,564,751,663,305,948
658,1023,0,499,1023,0,562,714,305,496,392,305,564,863,846,305,948
317,1023,0,181,1023,0,371,548,305,337,331,305,564,793,780,305,948
372,1023,0,206,1023,0,539,738,305,389,361,305,564,805,793,305,948
545,1023,0,223,1023,0,383,551,305,386,346,305,564,790,765,305,948
495,1023,0,358,1023,0,671,836,305,480,403,305,564,828,805,305,948
409,1023,0,179,1023,0,490,684,305,348,344,305,565,791,774,305,948
348,1023,0,173,1023,0,281,442,305,344,339,305,565,796,779,305,948
443,1023,0,195,1023,0,511,709,305,344,334,305,565,772,758,305,948
397,1023,0,165,1023,0,474,661,305,353,329,305,565,783,765,305,948
314,1023,0,273,1023,0,579,776,305,428,384,305,565,805,783,305,948
426,1023,0,349,1023,0,243,381,305,372,347,305,565,809,798,305,948
325,1023,0,169,1023,0,652,862,305,414,383,305,565,785,774,305,948
801,1023,0,560,1023,0,511,649,305,441,385,305,565,813,781,305,948
590,1023,0,368,1023,0,551,727,305,432,384,305,565,797,772,305,952
324,1023,0,124,1023,0,304,478,305,360,349,305,565,772,764,305,952
359,1023,0,171,1023,0,204,376,305,334,324,305,565,783,760,305,952
520,1023,0,344,1023,0,309,443,305,332,326,305,565,846,823,305,952
324,1023,0,184,1023,0,328,467,305,339,330,305,565,800,782,305,952
564,1023,0,300,1023,0,417,566,305,399,358,305,565,807,768,305,952
1023,1023,0,859,1023,0,808,932,306,618,476,305,565,897,791,305,952
360,1023,0,280,1023,0,763,931,306,580,490,305,565,790,760,305,952
436,1023,0,330,1023,0,536,696,305,386,351,305,565,807,781,305,952
127,1023,0,19,241,0,45,316,305,624,617,305,565,745,743,305,952
505,1023,0,323,1023,0,439,605,305,400,366,305,565,800,778,305,952
308,1023,0,148,1023,0,263,410,305,352,339,305,565,793,764,305,952
480,1023,0,237,1023,0,454,623,305,384,359,305,565,784,767,305,952
675,1023,0,497,1023,0,711,903,305,503,411,305,565,872,806,305,952
308,1023,0,191,1023,0,290,445,305,681,650,305,565,813,803,305,952
405,1023,0,201,1023,0,530,722,305,404,372,305,565,794,770,305,952
287,1023,0,161,1023,0,652,862,305,445,414,305,565,796,783,305,952
327,1023,0,135,1023,0,249,409,305,346,334,305,565,797,785,305,952
237,1023,0,76,862,0,178,359,305,311,313,305,565,763,754,305,952
423,1023,0,228,1023,0,597,789,305,389,364,305,565,793,771,305,952
573,1023,0,287,1023,0,455,631,305,364,355,305,565,801,776,305,952
571,1023,0,668,1023,0,733,921,306,676,614,305,565,910,887,305,952
595,1023,0,314,1023,0,323,486,305,436,399,305,565,785,763,305,952
477,1023,0,285,1023,0,308,436,305,373,349,305,565,820,800,305,955
458,1023,0,410,1023,0,751,918,306,529,444,305,566,868,833,305,955
501,1023,0,308,1023,0,528,714,305,402,362,305,566,789,771,305,955
538,1023,0,555,1023,0,576,788,305,448,407,305,566,849,833,305,955
373,1023,0,162,1023,0,735,928,306,498,449,305,566,785,769,305,955
486,1023,0,365,1023,0,415,596,305,412,375,305,566,830,812,305,955
570,1023,0,507,1023,0,536,706,305,462,386,305,566,827,795,305,955
432,1023,0,221,1023,0,542,735,305,341,325,305,566,785,769,305,955
346,1023,0,282,1023,0,497,696,305,352,330,305,566,801,782,305,955
403,1023,0,318,1023,0,255,408,305,335,328,305,566,819,796,305,955
362,1023,0,163,1023,0,266,417,305,340,324,305,566,802,785,305,955
572,1023,0,294,1023,0,543,730,305,355,340,305,566,811,784,305,955
537,1023,0,334,1023,0,536,731,305,365,345,305,566,799,771,305,955
625,1023,0,361,1023,0,717,908,305,471,414,305,566,865,801,305,955
329,1023,0,165,1023,0,284,449,305,322,322,305,566,799,785,305,955
360,1023,0,358,1023,0,672,871,305,426,393,305,566,772,749,305,955
403,1023,0,354,1023,0,710,892,305,651,607,305,566,785,763,305,955
560,1023,0,274,1023,0,305,442,305,392,356,305,566,794,771,305,955
396,1023,0,177,1023,0,525,713,305,386,359,305,566,778,762,305,955
395,1023,0,205,1023,0,429,630,305,343,341,305,566,782,772,305,955
441,1023,0,342,1023,0,543,728,305,444,398,305,566,797,766,305,955
373,1023,0,215,1023,0,516,714,305,358,338,305,566,795,780,305,958
414,1023,0,289,1023,0,294,447,305,339,326,305,566,803,783,305,958
346,1023,0,132,1023,0,417,602,305,334,323,305,566,800,788,305,958
515,1023,0,474,1023,0,429,599,305,401,364,305,566,781,753,305,958
470,1023,0,383,1023,0,481,678,305,474,427,305,566,674,628,305,958
559,1023,0,341,1023,0,632,811,305,406,365,305,566,779,757,305,958
876,1023,0,653,1023,0,756,890,305,595,471,305,566,857,775,305,958
434,1023,0,249,1023,0,172,349,305,353,334,305,566,787,767,305,958
431,1023,0,280,1023,0,596,773,305,491,411,305,566,833,802,305,958
296,1023,0,125,1023,0,379,568,305,329,319,305,566,777,760,305,958
581,1023,0,407,1023,0,313,447,305,391,354,305,566,805,779,305,958
408,1023,0,262,1023,0,393,557,305,401,370,305,566,807,785,305,958
380,1023,0,223,1023,0,563,755,305,373,353,305,566,798,774,305,958
560,1023,0,335,1023,0,343,473,305,350,334,305,566,805,766,305,958
291,1023,0,123,1023,0,248,405,305,336,329,305,566,787,772,305,958
455,1023,0,266,1023,0,741,916,305,553,475,305,566,811,787,305,958
447,1023,0,193,1023,0,480,677,305,345,328,305,566,786,755,305,958
339,1023,0,172,1023,0,348,523,305,332,319,305,566,775,766,305,958
413,1023,0,324,1023,0,429,609,305,368,341,305,566,808,792,305,958
472,1023,0,276,1023,0,335,485,305,345,335,305,566,805,776,305,958
364,1023,0,161,1023,0,375,545,305,330,328,305,567,804,786,305,961
355,1023,0,171,1023,0,540,765,305,712,696,305,567,794,775,305,961
413,1023,0,373,1023,0,634,817,305,435,378,305,567,831,790,305,961
451,1023,0,291,1023,0,518,712,305,406,380,305,567,789,771,305,961
502,1023,0,271,1023,0,451,624,305,396,363,305,567,803,780,305,961
330,1023,0,193,1023,0,337,483,305,332,324,305,567,809,793,305,961
462,1023,0,370,1023,0,900,1023,306,698,629,305,567,845,814,305,961
309,1023,0,182,1023,0,319,489,305,399,374,305,567,800,785,305,961
255,1023,0,87,1003,0,570,784,305,349,341,305,567,783,775,305,961
382,1023,0,199,1023,0,203,369,305,379,362,305,567,806,787,305,961
643,1023,0,335,1023,0,279,426,305,508,474,305,567,865,799,305,961
416,1023,0,184,1023,0,240,398,305,387,357,305,567,746,732,305,961
387,1023,0,242,1023,0,657,855,305,425,386,305,567,793,773,305,961
553,1023,0,376,1023,0,572,725,305,448,381,305,567,855,809,305,961
458,1023,0,254,1023,0,573,767,305,435,385,305,567,825,785,305,961
482,1023,0,236,1023,0,607,785,305,406,358,305,567,799,774,305,961
524,1023,0,291,1023,0,357,522,305,341,335,305,567,774,759,305,961
446,1023,0,274,1023,0,392,550,305,348,337,305,567,826,796,305,961
389,1023,0,171,1023,0,298,439,305,458,414,305,567,798,775,305,965
412,1023,0,215,1023,0,434,621,305,366,344,305,567,781,761,305,965
404,1023,0,205,1023,0,679,865,305,467,414,305,567,781,749,305,965
395,1023,0,158,1023,0,606,806,305,373,352,305,567,804,787,305,965
396,1023,0,246,1023,0,317,463,305,486,423,305,567,794,769,305,965
494,1023,0,346,1023,0,426,602,305,361,340,305,567,794,773,305,965
428,1023,0,239,1023,0,617,800,305,393,357,305,567,805,787,305,965
438,1023,0,238,1023,0,358,516,305,401,375,305,567,806,785,305,965
642,1023,0,549,1023,0,573,743,305,462,390,305,567,821,779,305,965
344,1023,0,242,1023,0,271,421,305,352,337,305,567,818,793,305,965
436,1023,0,234,1023,0,316,452,305,411,375,305,567,796,780,305,965
409,1023,0,159,1023,0,260,405,305,383,355,305,567,779,747,305,965
509,1023,0,210,1023,0,693,860,305,489,413,305,567,790,768,305,965
473,1023,0,313,1023,0,460,639,305,510,446,305,567,834,810,305,965
318,1023,0,279,1023,0,642,837,305,448,396,305,567,791,780,305,965
565,1023,0,436,1023,0,282,421,305,449,404,305,567,808,776,305,965
311,1023,0,281,1023,0,686,872,305,453,405,305,567,790,768,305,965
481,1023,0,325,1023,0,397,552,305,393,359,305,568,807,778,305,965
417,1023,0,389,1023,0,462,626,305,370,342,305,568,801,757,305,965
415,1023,0,147,783,0,138,324,305,399,350,305,568,599,489,305,965
328,1023,0,138,1023,0,658,865,305,422,391,305,568,806,788,305,965
440,1023,0,284,1023,0,704,886,305,514,448,305,568,804,774,305,965
432,1023,0,395,1023,0,701,868,305,507,426,305,568,816,777,305,965
469,1023,0,275,1023,0,426,593,305,398,359,305,568,814,775,305,968
1023,1023,0,1023,1023,0,840,998,306,696,611,305,568,941,849,305,968
359,1023,0,152,1023,0,236,396,305,369,362,305,568,794,781,305,968
253,1023,0,445,1023,0,346,497,305,579,513,305,568,660,611,305,968
444,1023,0,197,1023,0,260,410,305,343,332,305,568,802,785,305,968
642,1023,0,297,1023,0,422,590,305,372,335,305,568,834,787,305,968
434,1023,0,278,1023,0,734,919,306,498,438,305,568,812,796,305,968
418,1023,0,152,1023,0,568,764,305,366,346,305,568,780,768,305,968
362,1023,0,224,1023,0,347,506,305,340,331,305,568,808,789,305,968
464,1023,0,401,1023,0,467,648,305,372,344,305,568,806,776,305,968
439,1023,0,236,1023,0,422,595,305,368,344,305,568,775,755,305,968
477,1023,0,330,1023,0,485,662,305,384,351,305,568,780,758,305,968
270,1023,0,127,1023,0,643,847,305,414,388,305,568,763,751,305,968
514,1023,0,309,1023,0,502,692,305,460,406,305,568,787,755,305,968
425,1023,0,194,1023,0,252,394,305,349,336,305,568,778,763,305,968
330,1023,0,230,1023,0,704,900,305,668,622,305,568,811,787,305,968
543,1023,0,406,1023,0,750,918,306,520,439,305,568,815,781,305,971
334,1023,0,104,1023,0,250,402,305,325,316,305,568,767,750,305,971
395,1023,0,305,1023,0,351,520,305,361,342,305,568,799,784,305,971
462,1023,0,276,1023,0,647,827,305,421,370,305,568,818,797,305,971
471,1023,0,229,1023,0,591,773,305,493,422,305,568,818,801,305,971
458,1023,0,226,1023,0,373,540,305,351,335,305,568,814,795,305,971
755,1023,0,377,1023,0,655,824,305,436,367,305,568,884,853,305,971
443,1023,0,267,1023,0,474,630,305,350,329,305,568,804,765,305,971
406,1023,0,142,1023,0,665,858,305,435,391,305,568,788,779,305,971
425,1023,0,171,1023,0,455,637,305,344,330,305,568,793,775,305,971
435,1023,0,273,1023,0,443,619,305,352,335,305,568,817,788,305,971
412,1023,0,282,1023,0,419,605,305,368,347,305,569,813,797,305,971
491,1023,0,299,1023,0,559,730,305,372,337,305,569,810,786,305,971
324,1023,0,115,1023,0,399,599,305,320,318,305,569,765,757,305,971
492,1023,0,401,1023,0,606,788,305,534,456,305,569,818,792,305,975
324,1023,0,204,1023,0,437,628,305,376,351,305,569,793,764,305,975
430,1023,0,335,1023,0,506,695,305,408,374,305,569,782,753,305,975
482,1023,0,238,1023,0,587,778,305,375,354,305,569,802,779,305,975
498,1023,0,291,1023,0,692,869,305,433,382,305,569,783,755,305,975
427,1023,0,205,1023,0,427,612,305,395,363,305,569,765,748,305,975
291,1023,0,152,1023,0,466,672,305,342,334,305,569,785,771,305,975
360,1023,0,340,1023,0,736,902,305,644,557,305,569,805,777,305,975
349,1023,0,195,1023,0,541,717,305,366,342,305,569,809,789,305,975
311,1023,0,114,1023,0,370,554,305,327,326,305,569,777,763,305,975
566,1023,0,566,1023,0,680,870,305,592,532,305,569,837,808,305,975
415,1023,0,189,1023,0,459,652,305,341,333,305,569,789,778,305,978
315,1023,0,155,1023,0,721,923,306,486,440,305,569,798,786,305,978
367,1023,0,261,1023,0,640,818,305,426,372,305,569,815,779,305,978
294,1023,0,127,1023,0,256,416,305,334,323,305,569,790,780,305,978
417,1023,0,185,1023,0,398,550,305,336,320,305,569,782,769,305,978
451,1023,0,189,1023,0,467,665,305,330,319,305,569,807,783,305,978
329,1023,0,123,1023,0,410,589,305,350,337,305,569,798,781,305,978
237,1023,0,168,1023,0,587,794,305,375,356,305,569,791,770,305,978
484,1023,0,269,1023,0,414,594,305,434,389,305,569,805,778,305,978
321,1023,0,226,1023,0,191,362,305,329,322,305,569,782,752,305,978
263,1023,0,118,1023,0,492,703,305,341,332,305,569,781,772,305,978
297,1023,0,163,1023,0,471,659,305,396,356,305,569,754,741,305,978
462,1023,0,371,1023,0,359,511,305,416,380,305,569,803,778,305,978
429,1023,0,317,1023,0,331,479,305,405,369,305,569,814,786,305,981
416,1023,0,182,1023,0,395,577,305,357,344,305,569,777,759,305,981
348,1023,0,188,1023,0,350,521,305,666,604,305,569,785,768,305,981
352,1023,0,148,1023,0,300,459,305,367,349,305,570,783,766,305,981
419,1023,0,164,1023,0,275,422,305,334,323,305,570,801,783,305,981
265,1023,0,107,1023,0,522,730,305,676,645,305,570,813,803,305,981
530,1023,0,260,1023,0,213,374,305,400,364,305,570,776,760,305,981
385,1023,0,319,1023,0,577,770,305,430,379,305,570,798,765,305,981
389,1023,0,191,1023,0,281,418,305,330,315,305,570,807,784,305,981
476,1023,0,292,1023,0,438,613,305,372,347,305,570,781,752,305,981
430,1023,0,213,1023,0,389,559,305,340,326,305,570,786,767,305,981
334,1023,0,147,1023,0,455,661,305,360,342,305,570,816,800,305,981
517,1023,0,400,1023,0,782,955,306,601,521,305,570,825,796,305,981
612,1023,0,411,1023,0,735,894,305,537,434,305,570,900,879,305,981
577,1023,0,424,1023,0,561,741,305,387,352,305,570,859,836,305,981
298,1023,0,141,1023,0,286,444,305,529,489,305,570,779,758,305,984
417,1023,0,142,1023,0,655,849,305,409,369,305,570,784,773,305,984
369,1023,0,154,1023,0,416,614,305,341,331,305,570,781,770,305,984
377,1023,0,205,1023,0,441,634,305,341,326,305,570,781,764,305,984
339,1023,0,142,1023,0,287,443,305,337,328,305,570,794,777,305,984
372,1023,0,206,1023,0,423,581,305,455,382,305,570,800,766,305,984
297,1023,0,156,1023,0,520,731,305,353,335,305,570,796,777,305,984
537,1023,0,389,1023,0,546,707,305,390,358,305,570,815,795,305,984
470,1023,0,305,1023,0,405,558,305,353,335,305,570,811,785,305,984
941,1023,0,749,1023,0,798,976,306,629,550,305,570,899,833,305,984
542,1023,0,470,1023,0,430,575,305,387,346,305,570,829,805,305,984
355,1023,0,317,1023,0,498,697,305,383,360,305,570,800,779,305,984
435,1023,0,210,1023,0,570,759,305,373,347,305,570,810,786,305,984
551,1023,0,281,1023,0,310,458,305,412,373,305,570,770,739,305,984
310,1023,0,143,1023,0,390,582,305,356,351,305,570,792,782,305,984
361,1023,0,212,1023,0,457,651,305,366,351,305,570,794,778,305,984
335,1023,0,214,1023,0,694,889,305,504,450,305,570,800,785,305,988
364,1023,0,203,1023,0,459,651,305,359,343,305,570,788,768,305,988
387,1023,0,275,1023,0,577,766,305,422,383,305,570,807,786,305,988
459,1023,0,215,1023,0,541,738,305,380,357,305,570,774,757,305,988
331,1023,0,166,1023,0,315,470,305,367,349,305,570,775,755,305,988
404,1023,0,280,1023,0,398,562,305,403,360,305,570,815,789,305,988
227,1023,0,197,1023,0,563,779,305,526,494,305,570,774,758,305,988
626,1023,0,390,1023,0,541,711,305,417,374,305,570,771,742,305,988
494,1023,0,246,1023,0,259,411,305,341,331,305,570,799,773,305,988
507,1023,0,220,1023,0,477,668,305,319,321,305,570,816,797,305,988
458,1023,0,311,1023,0,708,891,305,464,399,305,570,833,811,305,988
527,1023,0,291,1023,0,548,732,305,358,341,305,571,825,794,305,988
462,1023,0,223,1023,0,424,612,305,342,335,305,571,790,769,305,991
407,1023,0,266,1023,0,464,646,305,448,405,305,571,814,792,305,991
430,1023,0,273,1023,0,333,482,305,390,357,305,571,795,776,305,991
318,1023,0,156,1023,0,230,382,305,385,363,305,571,794,775,305,991
375,1023,0,161,1023,0,533,734,305,419,388,305,571,811,791,305,991
635,1023,0,537,1023,0,392,546,305,398,367,305,571,788,753,305,991
492,1023,0,351,1023,0,328,467,305,423,383,305,571,797,763,305,991
458,1023,0,356,1023,0,359,498,305,607,537,305,571,788,731,305,991
406,1023,0,310,1023,0,765,946,306,545,476,305,571,814,786,305,991
869,1023,0,512,1023,0,659,840,305,476,382,305,571,876,838,305,991
335,1023,0,105,1023,0,409,596,305,330,329,305,571,789,776,305,991
605,1023,0,486,1023,0,523,694,305,489,412,305,571,812,776,305,991
293,1023,0,222,1023,0,751,941,306,589,532,305,571,816,795,305,991
999,1023,0,891,1023,0,847,1005,306,654,560,305,571,916,886,305,991
357,1023,0,153,1023,0,309,468,305,341,333,305,571,775,760,305,991
591,1023,0,339,1023,0,374,499,305,359,332,305,571,847,816,305,991
353,1023,0,245,1023,0,435,620,305,393,364,305,571,793,764,305,991
321,1023,0,147,1023,0,306,470,305,328,324,305,571,802,789,305,991
317,1023,0,174,1023,0,483,679,305,488,433,305,571,789,747,305,991
431,1023,0,274,1023,0,511,707,305,350,336,305,571,812,793,305,994
452,1023,0,240,1023,0,473,661,305,357,344,305,571,802,785,305,994
580,1023,0,449,1023,0,786,940,306,608,503,305,571,840,797,305,994
509,1023,0,574,1023,0,519,697,305,514,432,305,571,842,797,305,994
438,1023,0,211,1023,0,552,745,305,383,365,305,571,794,776,305,994
384,1023,0,160,1023,0,658,846,305,419,374,305,571,783,770,305,994
357,1023,0,165,1023,0,311,474,305,328,319,305,571,788,772,305,994
393,1023,0,177,1023,0,339,516,305,318,313,305,571,801,780,305,994
422,1023,0,193,1023,0,285,431,305,348,334,305,571,790,777,305,994
628,1023,0,306,1023,0,289,439,305,369,342,305,571,791,751,305,994
313,1023,0,168,1023,0,276,439,305,333,321,305,571,779,751,305,994
446,1023,0,390,1023,0,478,671,305,425,384,305,572,787,764,305,998
1023,1023,0,1023,1023,0,750,937,306,799,709,305,572,944,858,305,998
573,1023,0,587,1023,0,808,971,306,623,536,305,572,853,818,305,998
418,1023,0,287,1023,0,737,909,305,530,451,305,572,799,764,305,998
347,1023,0,267,1023,0,228,382,305,358,334,305,572,787,759,305,998
308,1023,0,251,1023,0,443,643,305,364,346,305,572,774,763,305,998
413,1023,0,293,1023,0,276,412,305,422,391,305,572,781,758,305,998
274,1023,0,127,1023,0,292,456,305,318,318,305,572,809,799,305,998
457,1023,0,291,1023,0,598,773,305,497,421,305,572,817,780,305,998
363,1023,0,278,1023,0,547,745,305,391,365,305,572,842,821,305,998
857,1023,0,903,1023,0,744,935,306,658,580,305,572,940,898,305,1001
616,1023,0,647,1023,0,317,434,305,499,429,305,572,860,837,305,1001
689,1023,0,382,1023,0,363,526,305,410,371,305,572,840,811,305,1001
403,1023,0,269,1023,0,506,671,305,373,350,305,572,819,776,305,1001
469,1023,0,554,1023,0,310,450,305,419,371,305,572,810,771,305,1001
604,1023,0,321,1023,0,542,736,305,424,368,305,572,858,810,305,1001
604,1023,0,715,1023,0,774,923,306,675,570,305,572,861,814,305,1001
350,1023,0,209,1023,0,356,520,305,329,325,305,572,791,772,305,1001
322,1023,0,144,1023,0,389,575,305,330,329,305,572,785,769,305,1001
499,1023,0,251,1023,0,398,567,305,342,326,305,572,795,767,305,1001
183,1023,0,41,487,0,280,452,305,551,530,305,572,547,527,305,1001
436,1023,0,279,1023,0,237,373,305,393,368,305,572,791,773,305,1004
412,1023,0,188,1023,0,682,880,305,463,412,305,572,799,784,305,1004
349,1023,0,256,1023,0,359,518,305,374,356,305,572,807,774,305,1004
368,1023,0,153,1023,0,166,356,305,327,322,305,572,763,749,305,1004
346,1023,0,159,1023,0,343,509,305,373,359,305,572,799,781,305,1004
367,1023,0,173,1023,0,504,700,305,337,322,305,572,789,767,305,1004
667,1023,0,414,1023,0,833,988,306,637,551,305,572,802,766,305,1004
453,1023,0,409,1023,0,574,766,305,389,357,305,572,839,813,305,1004
485,1023,0,270,1023,0,460,642,305,409,377,305,573,811,789,305,1004
597,1023,0,252,1023,0,237,376,305,381,341,305,573,783,757,305,1004
759,1023,0,397,1023,0,305,438,305,411,377,305,573,777,742,305,1004
504,1023,0,409,1023,0,802,941,306,609,487,305,573,815,772,305,1004
397,1023,0,198,1023,0,419,609,305,342,331,305,573,799,784,305,1004
648,1023,0,351,1023,0,575,761,305,391,352,305,573,868,830,305,1004
435,1023,0,189,1023,0,264,410,305,357,338,305,573,789,777,305,1004
502,1023,0,252,1023,0,530,729,305,346,335,305,573,796,778,305,1004
294,1023,0,160,1023,0,230,391,305,362,346,305,573,804,793,305,1004
463,1023,0,247,1023,0,406,583,305,383,354,305,573,804,778,305,1004
862,1023,0,823,1023,0,848,1014,306,809,749,305,573,858,804,305,1004
1023,1023,0,1023,1023,0,596,751,305,657,553,305,573,928,853,305,1008
363,1023,0,259,1023,0,514,709,305,522,462,305,573,793,775,305,1008
376,1023,0,183,1023,0,445,637,305,356,341,305,573,795,781,305,1008
421,1023,0,185,1023,0,224,375,305,443,423,305,573,787,763,305,1008
378,1023,0,197,1023,0,442,613,305,346,325,305,573,803,779,305,1008
352,1023,0,198,1023,0,577,780,305,366,345,305,573,788,775,305,1008
474,1023,0,254,1023,0,665,847,305,491,427,305,573,811,792,305,1008
543,1023,0,344,1023,0,731,893,305,514,423,305,573,806,772,305,1008
615,1023,0,357,1023,0,667,837,305,459,386,305,573,806,770,305,1008
458,1023,0,208,1023,0,455,638,305,369,349,305,573,766,750,305,1008
514,1023,0,422,1023,0,633,818,305,444,391,305,573,795,773,305,1008
506,1023,0,400,1023,0,603,773,305,434,375,305,573,752,725,305,1008
736,1023,0,897,1023,0,412,537,305,450,376,305,573,828,770,305,1008
358,1023,0,230,1023,0,409,601,305,380,361,305,573,808,791,305,1008
285,1023,0,130,1023,0,214,378,305,333,327,305,573,798,784,305,1008
278,1023,0,207,1023,0,231,392,305,327,328,305,573,796,784,305,1011
372,1023,0,209,1023,0,243,396,305,354,336,305,573,829,807,305,1011
380,1023,0,202,1023,0,483,686,305,393,366,305,573,789,773,305,1011
1023,1023,0,795,1023,0,685,859,305,501,404,305,573,915,837,305,1011
396,1023,0,190,1023,0,536,718,305,397,361,305,573,801,781,305,1011
490,1023,0,221,1023,0,589,781,305,422,391,305,573,792,772,305,1011
612,1023,0,327,1023,0,602,758,305,384,343,305,573,812,783,305,1011
381,1023,0,314,1023,0,261,398,305,390,359,305,573,808,782,305,1011
356,1023,0,168,1023,0,457,645,305,344,333,305,573,792,777,305,1011
393,1023,0,375,1023,0,541,730,305,458,403,305,573,821,795,305,1011
168,1023,0,66,822,0,157,357,305,326,322,305,574,550,538,305,1011
483,1023,0,323,1023,0,535,723,305,371,352,305,574,799,774,305,1011
486,1023,0,262,1023,0,614,806,305,396,364,305,574,805,781,305,1011
384,1023,0,245,1023,0,511,705,305,486,430,305,574,807,784,305,1011
431,1023,0,255,1023,0,419,600,305,372,357,305,574,804,782,305,1011
274,1023,0,113,1023,0,254,416,305,334,327,305,574,790,780,305,1011
334,1023,0,225,1023,0,680,877,305,534,478,305,574,804,787,305,1014
256,1023,0,128,1023,0,596,807,305,375,357,305,574,804,782,305,1014
952,1023,0,916,1023,0,553,689,305,535,407,305,574,913,850,305,1014
696,1023,0,545,1023,0,519,681,305,387,347,305,574,806,779,305,1014
450,1023,0,672,1023,0,474,655,305,433,389,305,574,834,814,305,1014
504,1023,0,431,1023,0,579,752,305,383,347,305,574,805,782,305,1014
309,1023,0,212,1023,0,524,734,305,423,397,305,574,829,815,305,1014
739,1023,0,593,1023,0,846,967,307,648,506,305,574,806,751,305,1014
510,1023,0,378,1023,0,286,403,305,361,337,305,574,845,820,305,1014
399,1023,0,271,1023,0,195,358,305,341,331,305,574,790,778,305,1014
395,1023,0,340,1023,0,744,910,305,512,429,305,574,814,775,305,1014
331,1023,0,145,1023,0,570,777,305,362,354,305,574,797,774,305,1014
670,1023,0,362,1023,0,735,885,305,534,404,305,574,870,789,305,1014
415,1023,0,241,1023,0,654,850,305,495,444,305,574,801,778,305,1014
356,1023,0,212,1023,0,410,599,305,382,358,305,574,811,796,305,1014
376,1023,0,140,1023,0,616,819,305,382,355,305,574,759,747,305,1014
469,1023,0,232,1023,0,588,779,305,425,380,305,574,795,777,305,1014
436,1023,0,204,1023,0,476,670,305,454,405,305,574,800,770,305,1014
398,1023,0,267,1023,0,286,426,305,341,329,305,574,820,808,305,1014
390,1023,0,245,1023,0,428,605,305,365,349,305,574,788,765,305,1014
353,1023,0,163,1023,0,466,670,305,333,325,305,574,804,785,305,1014
629,1023,0,490,1023,0,844,1016,306,633,564,305,574,863,814,305,1014
842,1023,0,950,1023,0,861,1012,306,666,573,305,574,909,866,305,1017
573,1023,0,445,1023,0,354,509,305,443,397,305,574,797,763,305,1017
535,1023,0,345,1023,0,418,593,305,400,371,305,574,847,821,305,1017
377,1023,0,172,1023,0,374,541,305,361,342,305,574,788,764,305,1017
343,1023,0,175,1023,0,672,869,305,596,548,305,574,817,804,305,1017
354,1023,0,157,1023,0,431,635,305,493,462,305,574,809,797,305,1017
324,1023,0,212,1023,0,804,979,306,599,530,305,574,783,765,305,1017
418,1023,0,253,1023,0,473,659,305,347,328,305,574,791,773,305,1017
506,1023,0,226,1023,0,254,400,305,340,333,305,574,785,763,305,1017
351,1023,0,166,1023,0,701,890,305,462,410,305,574,805,787,305,1017
317,1023,0,211,1023,0,612,813,305,500,457,305,574,800,782,305,1017
365,1023,0,256,1023,0,679,869,305,529,467,305,574,814,790,305,1017
662,1023,0,554,1023,0,448,599,305,448,381,305,574,872,847,305,1017
404,1023,0,150,1023,0,434,612,305,340,331,305,574,803,785,305,1017
496,1023,0,394,1023,0,603,798,305,577,524,305,574,803,778,305,1017
1023,1023,0,511,1023,0,671,831,305,620,521,305,574,834,796,305,1017
338,1023,0,242,1023,0,565,766,305,357,340,305,574,790,780,305,1017
499,1023,0,276,1023,0,662,849,305,445,396,305,575,830,801,305,1021
514,1023,0,384,1023,0,300,452,305,510,466,305,575,797,770,305,1021
331,1023,0,162,1023,0,221,383,305,677,640,305,575,796,783,305,1021
489,1023,0,339,1023,0,425,598,305,380,361,305,575,810,785,305,1021
400,1023,0,235,1023,0,437,615,305,411,379,305,575,790,773,305,1021
571,1023,0,246,1023,0,329,473,305,366,345,305,575,788,767,305,1021
313,1023,0,104,1023,0,304,473,305,724,704,305,575,781,770,305,1021
371,1023,0,219,1023,0,622,827,305,454,384,305,575,810,794,305,1021
446,1023,0,218,1023,0,503,687,305,359,333,305,575,812,787,305,1021
324,1023,0,272,1023,0,631,805,305,448,391,305,575,808,765,305,1021
411,1023,0,203,1023,0,264,415,305,356,345,305,575,790,769,305,1021
478,1023,0,497,1023,0,309,457,305,472,400,305,575,807,780,305,1021
454,1023,0,290,1023,0,672,864,305,443,393,305,575,815,792,305,1021
489,1023,0,284,1023,0,543,734,305,367,340,305,575,815,790,305,1021
401,1023,0,188,1023,0,330,488,305,392,366,305,575,779,762,305,1023
