"FSC-A","FSC-H","FSC-W","SSC-A","SSC-H","SSC-W","BL1-A","BL1-H","BL1-W","BL3-A","BL3-H","BL3-W","Event","VL1-A","VL1-H","VL1-W","Time"
476,1023,0,373,1023,0,537,337,305,543,347,305,305,764,750,305,0
483,1023,0,361,1023,0,536,342,305,515,324,305,305,759,741,305,0
406,1023,0,281,1023,0,511,326,305,444,320,305,306,751,725,305,0
545,1023,0,452,1023,0,553,351,305,549,343,305,306,771,741,305,0
260,1023,0,306,1023,0,474,329,305,423,324,305,306,757,742,305,0
491,1023,0,403,1023,0,590,353,305,546,333,305,306,769,745,305,0
666,1023,0,666,1023,0,580,335,305,585,340,305,306,809,740,305,0
372,1023,0,300,1023,0,504,331,305,545,332,305,306,742,728,305,0
482,1023,0,411,1023,0,536,341,305,509,328,305,306,756,729,305,0
377,1023,0,398,1023,0,553,348,305,558,344,305,306,775,738,305,0
381,1023,0,267,1023,0,488,324,305,526,322,305,306,753,739,305,0
319,1023,0,373,1023,0,493,322,305,682,504,305,306,790,770,305,0
506,1023,0,574,1023,0,560,340,305,537,344,305,306,779,748,305,0
385,1023,0,403,1023,0,524,333,305,516,334,305,306,733,717,305,0
356,1023,0,231,1023,0,509,326,305,490,322,305,306,748,728,305,0
458,1023,0,312,1023,0,467,317,305,493,325,305,307,743,717,305,0
416,1023,0,258,1023,0,527,334,305,530,327,305,307,718,697,305,0
392,1023,0,346,1023,0,516,328,305,495,326,305,307,751,721,305,0
442,1023,0,277,1023,0,524,328,305,518,326,305,307,740,723,305,0
379,1023,0,202,1023,0,481,320,305,466,320,305,307,707,696,305,0
417,1023,0,411,1023,0,568,335,305,542,332,305,307,761,737,305,0
316,1023,0,377,1023,0,510,323,305,537,325,305,308,760,746,305,0
602,1023,0,521,1023,0,540,350,305,567,332,305,308,719,692,305,0
396,1023,0,247,1023,0,503,323,305,469,318,305,308,737,720,305,0
277,1023,0,215,1023,0,460,319,305,518,333,305,308,719,706,305,0
306,1023,0,216,1023,0,493,324,305,490,323,305,308,718,704,305,0
515,1023,0,411,1023,0,536,340,305,526,340,305,308,760,749,305,0
430,1023,0,240,1023,0,511,337,305,505,329,305,308,739,726,305,0
410,1023,0,307,1023,0,471,322,305,449,319,305,309,743,717,305,0
371,1023,0,198,1023,0,488,327,305,505,327,305,309,732,722,305,0
476,1023,0,316,1023,0,528,331,305,492,324,305,309,754,733,305,0
399,1023,0,222,1023,0,510,332,305,525,332,305,309,761,736,305,0
338,1023,0,268,1023,0,543,335,305,532,322,305,309,717,677,305,0
523,1023,0,270,1023,0,517,326,305,509,325,305,309,752,739,305,0
319,1023,0,180,1023,0,484,325,305,519,330,305,309,729,707,305,0
505,1023,0,507,1023,0,480,322,305,566,351,305,309,660,590,305,0
491,1023,0,354,1023,0,542,330,305,566,350,305,309,765,744,305,0
452,1023,0,444,1023,0,556,348,305,515,333,305,309,781,759,305,0
310,1023,0,239,1023,0,422,315,305,394,314,305,309,733,722,305,0
521,1023,0,425,1023,0,535,339,305,589,372,305,310,772,745,305,0
660,1023,0,640,1023,0,568,340,305,574,343,305,310,782,732,305,0
298,1023,0,260,1023,0,513,330,305,549,341,305,310,696,674,305,0
487,1023,0,288,1023,0,494,330,305,527,325,305,310,726,713,305,0
596,1023,0,443,1023,0,522,331,305,521,326,305,310,779,745,305,0
412,1023,0,279,1023,0,500,324,305,518,322,305,310,749,733,305,0
327,1023,0,256,1023,0,438,322,305,626,421,305,310,726,705,305,0
503,1023,0,373,1023,0,532,339,305,518,329,305,310,745,708,305,0
400,1023,0,492,1023,0,550,345,305,558,348,305,311,754,733,305,0
483,1023,0,332,1023,0,522,328,305,547,334,305,311,766,727,305,0
383,1023,0,186,1023,0,454,324,305,499,324,305,311,718,708,305,0
437,1023,0,428,1023,0,545,343,305,512,335,305,311,748,727,305,0
520,1023,0,431,1023,0,543,342,305,551,341,305,311,756,731,305,0
397,1023,0,248,1023,0,496,325,305,474,327,305,311,722,686,305,0
475,1023,0,328,1023,0,458,321,305,441,319,305,311,732,713,305,0
362,1023,0,291,1023,0,523,330,305,496,327,305,311,744,727,305,0
425,1023,0,246,1023,0,474,324,305,502,320,305,311,731,719,305,0
358,1023,0,389,1023,0,516,332,305,565,342,305,311,763,728,305,0
454,1023,0,530,1023,0,543,345,305,551,338,305,311,756,739,305,0
486,1023,0,295,1023,0,465,326,305,464,327,305,312,766,746,305,0
436,1023,0,333,1023,0,528,331,305,505,325,305,312,741,719,305,0
348,1023,0,229,1023,0,441,321,305,477,320,305,312,724,708,305,0
430,1023,0,494,1023,0,561,355,305,559,343,305,312,784,765,305,0
473,1023,0,412,1023,0,516,329,305,515,328,305,312,780,753,305,0
488,1023,0,274,1023,0,478,323,305,485,318,305,312,741,724,305,0
389,1023,0,315,1023,0,523,326,305,488,326,305,312,748,732,305,0
310,1023,0,250,1023,0,515,327,305,504,322,305,312,738,717,305,0
330,1023,0,376,1023,0,536,336,305,604,389,305,312,724,686,305,0
400,1023,0,427,1023,0,528,337,305,539,328,305,312,769,739,305,0
507,1023,0,409,1023,0,529,328,305,572,333,305,312,765,746,305,0
331,1023,0,252,1023,0,472,322,305,507,328,305,313,717,693,305,0
472,1023,0,361,1023,0,485,326,305,570,356,305,313,761,742,305,0
373,1023,0,224,1023,0,483,328,305,486,316,305,313,735,725,305,0
442,1023,0,491,1023,0,565,342,305,572,343,305,313,674,619,305,0
348,1023,0,203,1023,0,518,330,305,492,330,305,313,731,719,305,0
395,1023,0,461,1023,0,543,340,305,568,342,305,313,769,738,305,0
553,1023,0,394,1023,0,534,336,305,519,332,305,313,733,699,305,0
378,1023,0,337,1023,0,532,335,305,567,348,305,313,744,717,305,0
531,1023,0,451,1023,0,574,357,305,595,358,305,313,768,750,305,0
461,1023,0,450,1023,0,542,338,305,637,394,305,313,770,752,305,0
445,1023,0,285,1023,0,527,335,305,506,329,305,313,740,724,305,0
336,1023,0,220,1023,0,480,325,305,469,326,305,313,724,715,305,0
256,1023,0,210,1023,0,507,329,305,515,325,305,313,702,688,305,0
483,1023,0,256,1023,0,494,326,305,514,321,305,313,719,680,305,0
548,1023,0,336,1023,0,527,336,305,532,339,305,313,748,722,305,0
377,1023,0,240,1023,0,521,334,305,532,330,305,314,722,709,305,0
352,1023,0,282,1023,0,519,338,305,499,327,305,314,721,706,305,0
421,1023,0,397,1023,0,486,325,305,506,327,305,314,741,731,305,0
346,1023,0,160,1023,0,449,314,305,411,320,305,314,702,680,305,0
454,1023,0,406,1023,0,524,329,305,572,346,305,314,775,755,305,0
249,1023,0,244,1023,0,480,323,305,431,327,305,314,734,701,305,0
440,1023,0,274,1023,0,513,338,305,490,328,305,314,751,735,305,0
302,1023,0,242,1023,0,463,318,305,542,319,305,315,746,722,305,0
406,1023,0,290,1023,0,498,331,305,566,356,305,315,749,729,305,0
422,1023,0,612,1023,0,575,363,305,595,372,305,315,769,750,305,0
259,1023,0,129,1023,0,490,319,305,119,317,305,315,663,647,305,0
527,1023,0,305,1023,0,512,325,305,469,324,305,315,740,707,305,0
358,1023,0,502,1023,0,553,345,305,567,354,305,315,761,745,305,0
459,1023,0,305,1023,0,494,324,305,488,327,305,315,738,708,305,0
467,1023,0,584,1023,0,572,343,305,566,340,305,316,779,757,305,0
369,1023,0,205,1023,0,505,333,305,495,331,305,316,746,733,305,0
403,1023,0,285,1023,0,514,328,305,559,335,305,316,715,693,305,0
326,1023,0,262,1023,0,492,331,305,540,327,305,316,728,717,305,0
450,1023,0,242,1023,0,516,327,305,498,325,305,316,756,741,305,0
328,1023,0,237,1023,0,512,326,305,492,322,305,316,694,686,305,0
277,1023,0,220,1023,0,519,331,305,523,331,305,316,684,670,305,0
328,1023,0,159,1023,0,475,324,305,458,319,305,316,700,684,305,0
370,1023,0,235,1023,0,539,342,305,535,335,305,316,585,548,305,0
400,1023,0,267,1023,0,489,325,305,442,316,305,316,689,677,305,0
353,1023,0,333,1023,0,521,330,305,494,322,305,316,780,760,305,0
323,1023,0,392,1023,0,526,332,305,602,380,305,316,739,727,305,0
322,1023,0,263,1023,0,514,328,305,512,327,305,317,731,714,305,0
679,1023,0,624,1023,0,581,361,305,595,356,305,317,785,741,305,0
531,1023,0,489,1023,0,529,338,305,568,346,305,317,772,742,305,0
482,1023,0,381,1023,0,528,330,305,539,328,305,317,753,717,305,0
502,1023,0,530,1023,0,574,366,305,576,357,305,317,753,725,305,0
334,1023,0,162,1023,0,452,317,305,256,316,305,317,689,664,305,0
309,1023,0,218,1023,0,546,340,305,483,322,305,317,725,714,305,0
362,1023,0,310,1023,0,510,330,305,526,331,305,317,731,714,305,0
282,1023,0,112,1023,0,486,316,305,468,315,305,317,658,639,305,0
329,1023,0,280,1023,0,502,323,305,489,320,305,317,723,674,305,0
322,1023,0,236,1023,0,495,328,305,501,344,305,318,729,707,305,0
549,1023,0,464,1023,0,514,328,305,550,342,305,318,758,706,305,0
471,1023,0,319,1023,0,506,324,305,491,325,305,318,763,747,305,0
375,1023,0,230,1023,0,386,322,305,523,327,305,318,711,676,305,0
409,1023,0,496,1023,0,523,334,305,531,326,305,318,755,742,305,0
328,1023,0,362,1023,0,519,332,305,529,332,305,318,733,721,305,0
338,1023,0,129,1023,0,437,314,305,391,314,305,318,712,693,305,0
300,1023,0,196,1023,0,433,319,305,412,316,305,318,677,656,305,0
442,1023,0,354,1023,0,560,348,305,548,337,305,319,748,733,305,0
385,1023,0,307,1023,0,535,344,305,538,329,305,319,737,723,305,0
406,1023,0,238,1023,0,508,330,305,487,318,305,319,735,725,305,0
390,1023,0,427,1023,0,583,381,305,583,375,305,319,767,746,305,0
399,1023,0,227,1023,0,473,327,305,398,320,305,319,729,716,305,0
384,1023,0,219,1023,0,497,339,305,492,328,305,319,754,737,305,0
448,1023,0,333,1023,0,494,322,305,711,498,305,319,764,750,305,0
488,1023,0,297,1023,0,526,327,305,502,330,305,319,729,708,305,0
410,1023,0,322,1023,0,532,335,305,481,332,305,319,733,707,305,0
283,1023,0,156,1023,0,441,312,305,559,346,305,319,694,674,305,0
488,1023,0,270,1023,0,495,326,305,511,335,305,319,728,711,305,0
276,1023,0,180,1023,0,518,337,305,503,326,305,319,717,705,305,0
421,1023,0,319,1023,0,538,334,305,531,329,305,320,738,709,305,0
405,1023,0,440,1023,0,555,353,305,523,332,305,320,763,727,305,0
388,1023,0,299,1023,0,479,320,305,476,319,305,320,747,712,305,0
438,1023,0,242,1023,0,510,330,305,510,327,305,320,730,710,305,0
361,1023,0,477,1023,0,555,347,305,568,350,305,320,769,745,305,0
340,1023,0,192,1023,0,480,328,305,442,317,305,320,710,698,305,0
414,1023,0,546,1023,0,535,341,305,551,332,305,320,754,718,305,0
720,1023,0,551,1023,0,569,342,305,568,336,305,320,809,791,305,0
377,1023,0,439,1023,0,514,330,305,588,354,305,321,767,751,305,0
423,1023,0,396,1023,0,478,328,305,558,333,305,321,734,714,305,0
360,1023,0,246,1023,0,512,325,305,469,323,305,321,725,676,305,0
632,1023,0,388,1023,0,547,331,305,506,325,305,321,791,750,305,0
224,1023,0,129,1023,0,473,317,305,497,319,305,321,614,582,305,0
352,1023,0,340,1023,0,549,351,305,536,346,305,321,761,748,305,0
658,1023,0,531,1023,0,543,335,305,538,329,305,321,779,694,305,0
328,1023,0,183,1023,0,469,315,305,433,313,305,322,708,679,305,0
453,1023,0,366,1023,0,501,327,305,500,324,305,322,767,718,305,0
309,1023,0,148,1023,0,454,316,305,343,310,305,322,657,641,305,0
348,1023,0,183,1023,0,437,314,305,522,322,305,322,732,714,305,0
405,1023,0,211,1023,0,393,314,305,468,318,305,322,705,686,305,0
395,1023,0,209,1023,0,531,329,305,458,322,305,322,739,726,305,0
460,1023,0,504,1023,0,544,339,305,567,344,305,322,780,756,305,0
379,1023,0,273,1023,0,510,322,305,599,363,305,322,704,656,305,0
578,1023,0,467,1023,0,527,320,305,398,321,305,322,793,738,305,0
242,1023,0,234,1023,0,444,316,305,581,353,305,322,657,621,305,0
466,1023,0,241,1023,0,509,331,305,546,333,305,322,744,711,305,0
429,1023,0,370,1023,0,534,335,305,473,321,305,322,746,725,305,0
539,1023,0,373,1023,0,512,336,305,513,328,305,323,772,756,305,0
314,1023,0,266,1023,0,498,328,305,706,508,305,323,755,712,305,0
351,1023,0,389,1023,0,478,321,305,561,335,305,323,766,739,305,0
376,1023,0,346,1023,0,515,336,305,530,335,305,323,766,747,305,0
279,1023,0,148,1023,0,443,325,305,466,316,305,323,690,685,305,0
325,1023,0,286,1023,0,518,332,305,523,332,305,323,734,701,305,0
693,1023,0,521,1023,0,557,328,305,547,337,305,323,804,749,305,0
477,1023,0,522,1023,0,545,347,305,543,346,305,323,769,746,305,0
475,1023,0,472,1023,0,545,336,305,546,330,305,323,762,730,305,0
367,1023,0,270,1023,0,468,323,305,510,335,305,323,732,698,305,0
395,1023,0,269,1023,0,484,321,305,549,332,305,324,733,713,305,0
350,1023,0,260,1023,0,515,340,305,451,323,305,324,732,702,305,0
360,1023,0,235,1023,0,531,327,305,506,328,305,324,714,706,305,0
401,1023,0,369,1023,0,497,330,305,538,338,305,324,744,718,305,0
406,1023,0,268,1023,0,565,353,305,552,343,305,324,725,705,305,0
484,1023,0,609,1023,0,582,349,305,582,339,305,324,791,760,305,0
368,1023,0,325,1023,0,530,338,305,539,333,305,324,756,737,305,0
407,1023,0,291,1023,0,508,326,305,480,316,305,324,742,704,305,0
553,1023,0,481,1023,0,563,357,305,567,347,305,325,828,807,305,0
420,1023,0,474,1023,0,523,334,305,571,347,305,325,756,728,305,0
445,1023,0,481,1023,0,554,345,305,531,334,305,325,758,740,305,0
433,1023,0,338,1023,0,514,327,305,511,327,305,325,759,735,305,0
351,1023,0,213,1023,0,406,316,305,504,333,305,325,717,690,305,0
436,1023,0,365,1023,0,518,329,305,522,325,305,325,745,714,305,0
440,1023,0,484,1023,0,547,343,305,544,330,305,326,747,716,305,0
589,1023,0,492,1023,0,548,342,305,537,332,305,326,773,754,305,0
489,1023,0,422,1023,0,547,332,305,553,337,305,326,738,703,305,0
431,1023,0,265,1023,0,525,333,305,530,325,305,326,755,744,305,0
393,1023,0,254,1023,0,493,326,305,514,322,305,326,753,733,305,0
447,1023,0,245,1023,0,545,342,305,0,337,305,326,719,700,305,0
492,1023,0,412,1023,0,511,330,305,517,328,305,326,777,761,305,0
332,1023,0,383,1023,0,509,333,305,563,341,305,326,738,729,305,0
446,1023,0,321,1023,0,476,323,305,500,324,305,326,757,744,305,0
512,1023,0,309,1023,0,509,331,305,510,319,305,326,741,728,305,0
459,1023,0,407,1023,0,537,340,305,567,352,305,326,776,744,305,0
465,1023,0,407,1023,0,583,345,305,542,332,305,326,776,753,305,0
296,1023,0,403,1023,0,531,336,305,543,337,305,326,759,748,305,0
495,1023,0,411,1023,0,561,344,305,528,336,305,326,795,773,305,0
315,1023,0,363,1023,0,534,339,305,523,327,305,326,743,731,305,0
522,1023,0,303,1023,0,542,330,305,545,324,305,326,742,716,305,0
324,1023,0,325,1023,0,498,328,305,519,323,305,327,718,692,305,0
468,1023,0,315,1023,0,486,326,305,0,333,305,327,762,743,305,0
443,1023,0,435,1023,0,500,322,305,536,342,305,327,753,737,305,0
439,1023,0,394,1023,0,550,337,305,558,358,305,327,756,737,305,0
404,1023,0,310,1023,0,514,326,305,503,318,305,327,755,736,305,0
475,1023,0,329,1023,0,530,344,305,516,334,305,327,746,724,305,0
657,1023,0,494,1023,0,555,355,305,547,337,305,327,773,748,305,0
424,1023,0,362,1023,0,540,338,305,540,328,305,327,734,717,305,0
387,1023,0,302,1023,0,513,330,305,506,324,305,327,767,748,305,0
464,1023,0,300,1023,0,520,333,305,541,328,305,327,749,708,305,0
389,1023,0,411,1023,0,560,349,305,550,336,305,327,737,720,305,0
266,1023,0,265,1023,0,497,326,305,539,336,305,327,732,718,305,0
521,1023,0,413,1023,0,482,325,305,508,339,305,328,731,700,305,0
536,1023,0,399,1023,0,577,351,305,546,335,305,328,767,741,305,0
385,1023,0,310,1023,0,485,325,305,494,324,305,328,767,729,305,0
326,1023,0,219,1023,0,459,317,305,403,315,305,328,711,695,305,0
301,1023,0,140,1023,0,462,325,305,405,316,305,328,711,691,305,0
584,1023,0,502,1023,0,561,347,305,561,350,305,328,778,756,305,0
494,1023,0,389,1023,0,545,344,305,513,329,305,328,747,728,305,0
455,1023,0,364,1023,0,557,348,305,548,338,305,328,721,699,305,0
237,1023,0,158,1023,0,445,316,305,0,312,305,328,525,478,305,0
375,1023,0,182,1023,0,492,329,305,450,320,305,328,702,684,305,0
308,1023,0,171,1023,0,481,326,305,420,316,305,328,709,684,305,0
307,1023,0,221,1023,0,448,322,305,469,314,305,328,706,676,305,0
391,1023,0,302,1023,0,525,333,305,537,325,305,328,732,717,305,0
521,1023,0,421,1023,0,520,334,305,534,333,305,329,758,735,305,0
357,1023,0,323,1023,0,496,321,305,465,322,305,329,739,720,305,0
391,1023,0,399,1023,0,539,343,305,512,330,305,329,747,726,305,0
433,1023,0,267,1023,0,455,315,305,496,329,305,329,740,726,305,0
618,1023,0,418,1023,0,549,332,305,528,322,305,329,795,723,305,0
511,1023,0,455,1023,0,557,348,305,585,341,305,329,776,758,305,0
420,1023,0,349,1023,0,455,319,305,506,324,305,329,765,719,305,0
492,1023,0,330,1023,0,536,342,305,508,328,305,329,748,727,305,0
456,1023,0,268,1023,0,492,323,305,523,318,305,329,722,673,305,0
489,1023,0,380,1023,0,523,328,305,558,329,305,329,770,755,305,0
458,1023,0,325,1023,0,563,347,305,558,341,305,329,768,745,305,0
529,1023,0,569,1023,0,565,346,305,566,353,305,329,776,752,305,0
336,1023,0,234,1023,0,500,334,305,512,325,305,329,747,732,305,0
486,1023,0,463,1023,0,535,344,305,572,343,305,330,777,760,305,0
397,1023,0,427,1023,0,557,340,305,547,335,305,330,737,712,305,0
475,1023,0,278,1023,0,564,328,305,492,328,305,330,754,741,305,0
547,1023,0,476,1023,0,542,333,305,549,330,305,330,778,754,305,0
350,1023,0,268,1023,0,432,318,305,490,322,305,330,749,724,305,0
326,1023,0,184,1023,0,523,325,305,423,316,305,330,726,716,305,0
539,1023,0,359,1023,0,488,321,305,485,321,305,330,747,723,305,0
349,1023,0,389,1023,0,529,333,305,541,329,305,330,749,734,305,0
328,1023,0,187,1023,0,427,316,305,388,317,305,330,722,709,305,0
406,1023,0,554,1023,0,520,330,305,617,382,305,330,756,739,305,0
465,1023,0,313,1023,0,532,333,305,539,329,305,331,716,696,305,0
653,1023,0,437,1023,0,548,341,305,565,334,305,331,760,725,305,0
451,1023,0,532,1023,0,537,337,305,526,334,305,331,757,731,305,0
228,1023,0,274,1023,0,468,321,305,707,482,305,331,548,476,305,0
610,1023,0,635,1023,0,558,346,305,637,364,305,331,727,641,305,0
367,1023,0,212,1023,0,530,334,305,544,328,305,331,745,727,305,0
374,1023,0,266,1023,0,462,320,305,553,343,305,331,742,710,305,0
429,1023,0,336,1023,0,506,320,305,474,318,305,331,750,733,305,0
567,1023,0,531,1023,0,536,333,305,525,327,305,331,791,767,305,0
311,1023,0,269,1023,0,495,321,305,495,327,305,331,734,716,305,0
444,1023,0,318,1023,0,527,330,305,517,338,305,332,752,729,305,0
390,1023,0,454,1023,0,557,339,305,540,328,305,332,775,746,305,0
225,1023,0,233,1023,0,412,320,305,685,432,305,332,627,548,305,0
418,1023,0,338,1023,0,507,333,305,482,327,305,332,751,716,305,0
428,1023,0,341,1023,0,525,328,305,484,318,305,332,742,702,305,0
456,1023,0,617,1023,0,572,354,305,638,384,305,332,757,735,305,0
315,1023,0,217,1023,0,452,317,305,477,325,305,332,722,710,305,0
293,1023,0,210,1023,0,461,321,305,403,314,305,332,735,720,305,0
322,1023,0,300,1023,0,521,336,305,433,323,305,332,750,731,305,0
462,1023,0,206,1023,0,473,316,305,579,368,305,332,694,653,305,0
520,1023,0,432,1023,0,541,339,305,570,344,305,332,768,749,305,0
290,1023,0,310,1023,0,549,338,305,526,329,305,332,737,729,305,0
392,1023,0,374,1023,0,578,363,305,574,354,305,333,757,742,305,0
448,1023,0,426,1023,0,500,328,305,516,323,305,333,753,741,305,0
543,1023,0,564,1023,0,550,337,305,552,331,305,333,696,607,305,0
404,1023,0,460,1023,0,576,347,305,543,332,305,333,783,762,305,0
379,1023,0,316,1023,0,528,332,305,0,326,305,333,735,716,305,0
361,1023,0,339,1023,0,556,355,305,528,363,305,333,755,712,305,0
327,1023,0,154,1023,0,508,324,305,493,321,305,333,716,701,305,0
503,1023,0,292,1023,0,554,334,305,533,325,305,333,753,735,305,0
353,1023,0,338,1023,0,536,335,305,510,328,305,333,737,719,305,0
346,1023,0,261,1023,0,451,323,305,616,393,305,333,747,721,305,0
318,1023,0,367,1023,0,511,331,305,571,357,305,333,741,710,305,0
449,1023,0,352,1023,0,485,326,305,456,320,305,333,740,724,305,0
452,1023,0,378,1023,0,544,336,305,522,330,305,333,760,744,305,0
403,1023,0,174,1023,0,497,328,305,424,313,305,333,738,724,305,0
491,1023,0,415,1023,0,560,339,305,584,347,305,333,771,746,305,0
366,1023,0,340,1023,0,509,327,305,501,327,305,333,730,710,305,0
404,1023,0,403,1023,0,534,333,305,563,348,305,334,704,655,305,0
518,1023,0,344,1023,0,532,336,305,523,329,305,334,767,753,305,0
460,1023,0,423,1023,0,535,339,305,503,329,305,334,761,721,305,0
295,1023,0,187,1023,0,489,325,305,452,322,305,334,718,709,305,0
411,1023,0,333,1023,0,504,328,305,493,321,305,334,727,711,305,0
471,1023,0,355,1023,0,536,339,305,543,337,305,334,741,721,305,0
351,1023,0,329,1023,0,514,328,305,537,330,305,334,727,718,305,0
585,1023,0,431,1023,0,520,331,305,642,418,305,334,782,747,305,0
342,1023,0,283,1023,0,526,333,305,480,322,305,334,729,721,305,0
286,1023,0,207,1023,0,505,331,305,470,323,305,334,728,717,305,0
512,1023,0,264,1023,0,503,326,305,476,320,305,334,759,741,305,0
320,1023,0,408,1023,0,541,325,305,596,342,305,335,702,621,305,0
433,1023,0,188,1023,0,461,317,305,429,321,305,335,737,717,305,0
445,1023,0,304,1023,0,536,337,305,515,337,305,335,759,744,305,0
425,1023,0,373,1023,0,538,339,305,568,335,305,335,776,756,305,0
391,1023,0,217,1023,0,517,337,305,545,331,305,335,736,723,305,0
346,1023,0,263,1023,0,487,332,305,529,321,305,335,761,744,305,0
436,1023,0,562,1023,0,551,346,305,577,355,305,335,775,750,305,0
456,1023,0,504,1023,0,571,346,305,552,335,305,335,762,739,305,0
385,1023,0,415,1023,0,554,347,305,564,336,305,335,748,734,305,0
381,1023,0,223,1023,0,526,338,305,543,336,305,335,740,707,305,0
533,1023,0,406,1023,0,527,331,305,530,328,305,336,795,719,305,0
438,1023,0,529,1023,0,578,368,305,568,350,305,336,784,757,305,0
519,1023,0,578,1023,0,565,337,305,563,338,305,336,756,734,305,0
413,1023,0,228,1023,0,459,326,305,518,325,305,336,716,701,305,0
438,1023,0,345,1023,0,496,335,305,520,336,305,336,744,724,305,0
333,1023,0,231,1023,0,522,337,305,501,331,305,336,740,724,305,0
342,1023,0,207,1023,0,508,326,305,501,322,305,336,709,682,305,0
399,1023,0,439,1023,0,517,326,305,543,328,305,336,724,697,305,0
381,1023,0,525,1023,0,579,367,305,576,352,305,336,750,726,305,0
473,1023,0,450,1023,0,518,337,305,556,329,305,336,734,704,305,0
517,1023,0,381,1023,0,516,333,305,523,328,305,336,769,749,305,0
395,1023,0,330,1023,0,517,336,305,543,333,305,336,750,738,305,0
377,1023,0,412,1023,0,505,331,305,546,338,305,336,767,747,305,0
560,1023,0,416,1023,0,521,330,305,535,328,305,336,751,722,305,0
287,1023,0,152,1023,0,454,320,305,514,327,305,336,673,657,305,0
424,1023,0,528,1023,0,570,353,305,559,343,305,336,769,743,305,0
436,1023,0,321,1023,0,490,320,305,531,327,305,337,744,728,305,0
348,1023,0,218,1023,0,491,329,305,373,347,305,337,730,698,305,0
437,1023,0,440,1023,0,586,359,305,542,344,305,337,772,739,305,0
480,1023,0,398,1023,0,531,340,305,553,345,305,337,774,746,305,0
411,1023,0,233,1023,0,470,319,305,497,324,305,337,727,711,305,0
652,1023,0,683,1023,0,585,351,305,587,352,305,337,824,761,305,0
365,1023,0,188,1023,0,478,319,305,528,328,305,338,694,683,305,0
404,1023,0,241,1023,0,493,322,305,541,336,305,338,722,688,305,0
471,1023,0,413,1023,0,507,326,305,529,336,305,338,762,743,305,0
477,1023,0,307,1023,0,528,335,305,554,334,305,338,762,728,305,0
462,1023,0,386,1023,0,530,337,305,531,326,305,338,754,732,305,0
326,1023,0,218,1023,0,489,324,305,520,341,305,338,747,736,305,0
502,1023,0,324,1023,0,518,331,305,544,333,305,338,742,724,305,0
474,1023,0,394,1023,0,540,340,305,539,330,305,338,749,719,305,0
415,1023,0,315,1023,0,485,321,305,544,332,305,338,742,725,305,0
397,1023,0,201,1023,0,497,320,305,492,325,305,338,742,722,305,0
560,1023,0,479,1023,0,531,332,305,563,353,305,338,789,768,305,0
372,1023,0,228,1023,0,435,321,305,544,337,305,338,741,699,305,0
482,1023,0,468,1023,0,549,347,305,548,341,305,339,781,749,305,0
307,1023,0,171,1023,0,430,314,305,568,356,305,339,708,673,305,0
320,1023,0,234,1023,0,525,332,305,505,334,305,339,730,705,305,0
395,1023,0,286,1023,0,504,333,305,509,327,305,339,713,700,305,0
343,1023,0,233,1023,0,488,322,305,458,315,305,339,747,726,305,0
341,1023,0,174,1023,0,476,328,305,461,323,305,339,724,706,305,0
465,1023,0,296,1023,0,517,329,305,575,354,305,339,770,746,305,0
327,1023,0,196,1023,0,497,326,305,492,324,305,340,756,744,305,0
235,1023,0,258,1023,0,472,324,305,520,330,305,340,744,721,305,0
287,1023,0,201,1023,0,503,329,305,395,322,305,340,531,484,305,0
377,1023,0,547,1023,0,537,337,305,534,335,305,340,779,747,305,0
364,1023,0,215,1023,0,473,325,305,523,325,305,340,721,710,305,0
345,1023,0,258,1023,0,515,325,305,504,329,305,340,735,713,305,0
588,1023,0,434,1023,0,541,335,305,511,330,305,340,771,753,305,0
251,1023,0,181,1023,0,523,332,305,493,330,305,340,639,623,305,0
501,1023,0,440,1023,0,549,350,305,543,342,305,340,768,745,305,0
425,1023,0,327,1023,0,510,345,305,498,328,305,340,751,734,305,0
415,1023,0,407,1023,0,565,349,305,537,330,305,340,760,747,305,0
425,1023,0,269,1023,0,466,321,305,520,324,305,340,741,726,305,0
272,1023,0,244,1023,0,506,323,305,467,320,305,340,750,740,305,0
495,1023,0,357,1023,0,538,339,305,505,328,305,340,772,736,305,0
479,1023,0,415,1023,0,537,324,305,544,331,305,341,751,728,305,0
482,1023,0,639,1023,0,604,368,305,597,369,305,341,776,752,305,0
381,1023,0,242,1023,0,490,322,305,479,316,305,341,698,673,305,0
500,1023,0,348,1023,0,523,324,305,532,324,305,341,772,743,305,0
301,1023,0,202,1023,0,465,325,305,472,320,305,341,704,685,305,0
577,1023,0,531,1023,0,554,345,305,583,357,305,341,783,754,305,0
488,1023,0,572,1023,0,555,340,305,549,344,305,341,747,716,305,0
278,1023,0,198,1023,0,480,321,305,487,318,305,341,734,722,305,0
392,1023,0,381,1023,0,574,347,305,506,330,305,341,723,708,305,0
342,1023,0,268,1023,0,557,343,305,543,341,305,341,735,720,305,0
306,1023,0,238,1023,0,543,345,305,528,337,305,341,757,744,305,0
471,1023,0,283,1023,0,492,321,305,547,330,305,341,736,727,305,0
490,1023,0,289,1023,0,575,342,305,519,326,305,341,735,713,305,0
364,1023,0,228,1023,0,520,327,305,533,335,305,342,725,712,305,0
454,1023,0,265,1023,0,481,324,305,563,369,305,342,739,720,305,0
398,1023,0,458,1023,0,511,321,305,540,327,305,342,674,625,305,0
537,1023,0,583,1023,0,538,338,305,673,448,305,342,788,740,305,0
427,1023,0,480,1023,0,554,347,305,545,337,305,342,758,744,305,0
480,1023,0,345,1023,0,508,335,305,408,336,305,342,755,724,305,0
338,1023,0,270,1023,0,503,321,305,547,327,305,342,741,707,305,0
508,1023,0,420,1023,0,537,333,305,529,338,305,343,774,752,305,0
478,1023,0,323,1023,0,528,330,305,575,337,305,343,729,701,305,0
384,1023,0,267,1023,0,509,327,305,458,324,305,343,717,703,305,0
214,1023,0,206,1023,0,519,331,305,478,320,305,343,490,477,305,0
548,1023,0,498,1023,0,560,337,305,608,346,305,343,748,717,305,0
447,1023,0,373,1023,0,520,337,305,528,335,305,343,757,740,305,0
563,1023,0,523,1023,0,558,345,305,562,342,305,343,785,761,305,0
318,1023,0,278,1023,0,482,327,305,504,321,305,343,722,712,305,0
350,1023,0,187,1023,0,500,324,305,493,319,305,343,734,714,305,0
419,1023,0,357,1023,0,527,322,305,527,325,305,343,745,726,305,0
334,1023,0,261,1023,0,517,331,305,519,329,305,343,721,709,305,0
279,1023,0,184,1023,0,443,323,305,451,321,305,343,704,678,305,0
491,1023,0,431,1023,0,554,342,305,562,338,305,343,773,758,305,0
444,1023,0,293,1023,0,519,337,305,500,332,305,343,733,710,305,0
379,1023,0,408,1023,0,528,337,305,552,338,305,343,758,743,305,0
419,1023,0,140,1023,0,424,318,305,492,318,305,343,714,696,305,0
479,1023,0,440,1023,0,553,341,305,520,326,305,343,760,742,305,0
516,1023,0,360,1023,0,523,339,305,528,335,305,344,756,743,305,0
484,1023,0,360,1023,0,507,327,305,527,329,305,344,773,760,305,0
698,1023,0,529,1023,0,540,327,305,564,329,305,344,768,724,305,0
449,1023,0,233,1023,0,492,325,305,437,314,305,344,719,703,305,0
545,1023,0,393,1023,0,536,328,305,531,327,305,344,754,740,305,0
423,1023,0,398,1023,0,538,334,305,538,327,305,344,760,728,305,0
461,1023,0,473,1023,0,508,324,305,524,325,305,344,747,702,305,0
437,1023,0,440,1023,0,516,332,305,536,333,305,344,755,728,305,0
323,1023,0,159,1023,0,496,320,305,483,316,305,344,710,686,305,0
355,1023,0,162,1023,0,435,316,305,460,316,305,345,708,690,305,0
473,1023,0,487,1023,0,547,335,305,535,336,305,345,761,734,305,0
416,1023,0,556,1023,0,567,352,305,563,343,305,345,753,728,305,0
382,1023,0,307,1023,0,500,329,305,526,327,305,345,748,729,305,0
377,1023,0,279,1023,0,460,323,305,459,320,305,345,726,687,305,0
668,1023,0,650,1023,0,542,338,305,573,343,305,345,793,768,305,0
444,1023,0,386,1023,0,533,334,305,550,333,305,345,762,748,305,0
375,1023,0,184,1023,0,521,330,305,493,322,305,345,711,689,305,0
417,1023,0,361,1023,0,513,330,305,560,345,305,345,752,736,305,0
280,1023,0,282,1023,0,536,338,305,514,332,305,345,734,715,305,0
391,1023,0,364,1023,0,497,332,305,518,324,305,345,652,614,305,0
617,1023,0,674,1023,0,581,365,305,597,374,305,345,796,763,305,0
458,1023,0,472,1023,0,574,368,305,567,351,305,345,753,730,305,0
473,1023,0,283,1023,0,511,340,305,467,326,305,345,725,713,305,0
378,1023,0,364,1023,0,562,337,305,571,353,305,345,780,765,305,0
387,1023,0,296,1023,0,480,328,305,529,334,305,345,743,733,305,0
443,1023,0,306,1023,0,525,328,305,499,326,305,345,755,724,305,0
300,1023,0,230,1023,0,532,342,305,518,330,305,346,706,690,305,0
429,1023,0,381,1023,0,500,333,305,527,320,305,346,721,696,305,0
439,1023,0,336,1023,0,510,326,305,532,332,305,346,714,701,305,0
276,1023,0,258,1023,0,502,336,305,491,327,305,346,732,719,305,0
402,1023,0,331,1023,0,516,332,305,560,329,305,346,767,747,305,0
462,1023,0,347,1023,0,530,340,305,550,333,305,346,772,753,305,0
533,1023,0,495,1023,0,550,350,305,537,340,305,347,778,755,305,0
411,1023,0,284,1023,0,492,329,305,487,317,305,347,739,724,305,0
436,1023,0,212,1023,0,492,325,305,504,324,305,347,736,722,305,0
334,1023,0,216,1023,0,505,325,305,506,324,305,347,742,720,305,0
356,1023,0,208,1023,0,508,324,305,492,324,305,347,754,741,305,0
688,1023,0,573,1023,0,538,331,305,604,335,305,347,794,720,305,0
413,1023,0,380,1023,0,536,342,305,496,332,305,347,745,736,305,0
322,1023,0,242,1023,0,574,360,305,539,344,305,347,728,715,305,0
758,1023,0,535,1023,0,546,332,305,569,330,305,348,810,739,305,0
493,1023,0,374,1023,0,515,324,305,496,321,305,348,755,720,305,0
445,1023,0,215,1023,0,461,320,305,495,317,305,348,752,737,305,0
388,1023,0,239,1023,0,505,331,305,464,319,305,348,716,697,305,0
394,1023,0,339,1023,0,551,334,305,501,319,305,348,756,737,305,0
443,1023,0,594,1023,0,551,346,305,550,341,305,348,768,751,305,0
460,1023,0,452,1023,0,555,345,305,545,342,305,348,767,743,305,0
487,1023,0,432,1023,0,486,325,305,526,323,305,348,764,744,305,0
572,1023,0,606,1023,0,578,354,305,581,350,305,348,782,766,305,0
423,1023,0,325,1023,0,542,336,305,574,345,305,348,724,708,305,0
397,1023,0,218,1023,0,481,325,305,478,321,305,348,697,674,305,0
610,1023,0,329,1023,0,520,329,305,522,323,305,348,747,724,305,0
464,1023,0,405,1023,0,537,339,305,542,333,305,349,767,746,305,0
467,1023,0,282,1023,0,544,336,305,505,337,305,349,751,726,305,0
356,1023,0,204,1023,0,486,326,305,549,333,305,349,695,689,305,0
386,1023,0,266,1023,0,542,338,305,477,327,305,349,732,717,305,0
378,1023,0,299,1023,0,502,333,305,528,330,305,349,740,722,305,0
458,1023,0,343,1023,0,534,339,305,504,340,305,349,760,742,305,0
442,1023,0,305,1023,0,503,325,305,506,322,305,349,740,713,305,0
386,1023,0,190,1023,0,357,314,305,486,321,305,349,738,729,305,0
358,1023,0,253,1023,0,454,319,305,437,317,305,349,727,716,305,0
599,1023,0,451,1023,0,525,334,305,537,335,305,349,757,716,305,0
425,1023,0,385,1023,0,522,336,305,527,344,305,349,757,738,305,0
285,1023,0,164,1023,0,466,314,305,395,312,305,349,653,637,305,0
508,1023,0,571,1023,0,572,340,305,576,346,305,349,774,749,305,0
529,1023,0,454,1023,0,556,335,305,544,331,305,350,772,753,305,0
340,1023,0,226,1023,0,514,331,305,503,331,305,350,689,669,305,0
426,1023,0,324,1023,0,490,325,305,532,332,305,350,750,726,305,0
423,1023,0,449,1023,0,512,325,305,511,330,305,350,750,723,305,0
485,1023,0,449,1023,0,565,347,305,550,335,305,350,766,744,305,0
664,1023,0,491,1023,0,571,334,305,558,332,305,350,787,704,305,0
240,1023,0,148,1023,0,470,325,305,485,325,305,350,696,675,305,0
283,1023,0,191,1023,0,477,319,305,520,331,305,350,744,735,305,0
489,1023,0,430,1023,0,507,333,305,548,336,305,350,763,740,305,0
449,1023,0,261,1023,0,495,334,305,471,324,305,350,740,717,305,0
374,1023,0,225,1023,0,539,323,305,505,325,305,350,729,718,305,0
506,1023,0,451,1023,0,559,348,305,540,340,305,350,769,751,305,0
404,1023,0,280,1023,0,530,327,305,489,322,305,350,683,659,305,0
358,1023,0,208,1023,0,498,324,305,491,319,305,351,700,676,305,0
334,1023,0,273,1023,0,435,318,305,626,415,305,351,743,728,305,0
305,1023,0,362,1023,0,521,333,305,498,328,305,351,738,728,305,0
422,1023,0,257,1023,0,546,324,305,491,318,305,351,744,726,305,0
435,1023,0,315,1023,0,521,332,305,535,329,305,351,758,728,305,0
277,1023,0,206,1023,0,505,330,305,660,476,305,351,709,678,305,0
500,1023,0,651,1023,0,583,368,305,604,366,305,351,792,742,305,0
393,1023,0,206,1023,0,508,329,305,483,321,305,351,723,709,305,0
319,1023,0,257,1023,0,523,340,305,504,329,305,351,737,721,305,0
472,1023,0,278,1023,0,512,325,305,469,320,305,351,725,694,305,0
352,1023,0,233,1023,0,472,321,305,458,318,305,351,744,726,305,0
352,1023,0,229,1023,0,491,321,305,504,329,305,351,738,725,305,0
414,1023,0,320,1023,0,502,324,305,528,325,305,351,751,728,305,0
405,1023,0,375,1023,0,521,334,305,534,332,305,351,733,716,305,0
411,1023,0,384,1023,0,515,330,305,560,334,305,351,748,718,305,0
534,1023,0,381,1023,0,516,332,305,560,339,305,351,776,764,305,0
349,1023,0,419,1023,0,521,338,305,576,338,305,351,761,746,305,0
700,1023,0,544,1023,0,531,328,305,603,347,305,352,778,721,305,0
416,1023,0,213,1023,0,476,315,305,487,330,305,352,656,582,305,0
372,1023,0,220,1023,0,505,322,305,502,325,305,352,739,729,305,0
372,1023,0,179,1023,0,384,316,305,429,318,305,352,706,685,305,0
431,1023,0,320,1023,0,496,326,305,551,330,305,352,740,727,305,0
421,1023,0,284,1023,0,545,331,305,502,322,305,352,751,736,305,0
446,1023,0,334,1023,0,492,319,305,530,327,305,352,770,749,305,0
332,1023,0,409,1023,0,522,338,305,545,330,305,352,735,720,305,0
384,1023,0,304,1023,0,522,330,305,670,473,305,352,791,772,305,0
401,1023,0,191,1023,0,473,318,305,457,318,305,352,737,717,305,0
376,1023,0,281,1023,0,452,323,305,467,321,305,352,744,734,305,0
730,1023,0,691,1023,0,582,344,305,569,348,305,352,812,731,305,0
666,1023,0,619,1023,0,581,358,305,603,352,305,352,799,772,305,0
474,1023,0,523,1023,0,542,344,305,666,487,305,352,781,753,305,0
349,1023,0,283,1023,0,523,332,305,620,422,305,352,752,728,305,0
410,1023,0,460,1023,0,545,340,305,568,344,305,353,764,747,305,0
435,1023,0,463,1023,0,516,330,305,527,323,305,353,766,750,305,0
449,1023,0,352,1023,0,525,327,305,522,322,305,353,707,665,305,0
559,1023,0,498,1023,0,584,381,305,589,379,305,353,774,755,305,0
444,1023,0,374,1023,0,502,321,305,471,318,305,353,753,731,305,0
659,1023,0,416,1023,0,551,345,305,541,335,305,353,795,743,305,0
460,1023,0,391,1023,0,535,329,305,566,337,305,353,770,755,305,0
426,1023,0,510,1023,0,561,348,305,585,368,305,353,768,747,305,0
464,1023,0,296,1023,0,537,347,305,515,330,305,353,738,717,305,0
381,1023,0,438,1023,0,530,338,305,573,353,305,353,768,753,305,0
517,1023,0,438,1023,0,550,337,305,579,337,305,353,769,742,305,0
294,1023,0,297,1023,0,510,318,305,721,510,305,353,790,772,305,0
508,1023,0,433,1023,0,571,364,305,644,359,305,354,792,753,305,0
555,1023,0,584,1023,0,591,350,305,598,343,305,354,813,732,305,0
396,1023,0,505,1023,0,559,357,305,599,369,305,354,769,745,305,0
524,1023,0,488,1023,0,567,345,305,581,345,305,354,770,753,305,0
379,1023,0,236,1023,0,494,323,305,517,328,305,354,713,689,305,0
317,1023,0,221,1023,0,470,319,305,426,316,305,354,735,720,305,0
591,1023,0,427,1023,0,557,340,305,576,339,305,354,770,734,305,0
476,1023,0,315,1023,0,541,336,305,506,324,305,354,724,703,305,0
254,1023,0,179,1023,0,499,332,305,493,319,305,354,719,708,305,0
330,1023,0,279,1023,0,502,328,305,507,326,305,354,711,700,305,0
376,1023,0,343,1023,0,499,325,305,509,332,305,354,744,725,305,0
637,1023,0,695,1023,0,587,360,305,610,366,305,355,793,758,305,0
326,1023,0,284,1023,0,521,337,305,523,338,305,355,725,712,305,0
405,1023,0,300,1023,0,485,323,305,511,328,305,355,756,742,305,0
197,1023,0,262,1023,0,507,321,305,659,493,305,355,620,574,305,0
191,1023,0,244,1023,0,504,323,305,517,330,305,355,611,568,305,0
651,1023,0,454,1023,0,562,335,305,560,339,305,355,808,726,305,0
412,1023,0,411,1023,0,532,333,305,524,337,305,355,741,724,305,0
406,1023,0,253,1023,0,488,322,305,493,326,305,355,727,716,305,0
448,1023,0,529,1023,0,541,341,305,554,336,305,356,763,740,305,0
302,1023,0,151,1023,0,437,320,305,495,323,305,356,704,670,305,0
270,1023,0,343,1023,0,505,324,305,506,320,305,356,760,747,305,0
451,1023,0,332,1023,0,457,320,305,491,324,305,356,740,712,305,0
297,1023,0,172,1023,0,447,318,305,456,315,305,356,721,711,305,0
376,1023,0,301,1023,0,537,339,305,506,325,305,356,750,737,305,0
280,1023,0,233,1023,0,445,315,305,433,314,305,356,684,674,305,0
362,1023,0,411,1023,0,514,328,305,592,378,305,356,762,745,305,0
390,1023,0,262,1023,0,503,325,305,492,321,305,356,754,731,305,0
571,1023,0,585,1023,0,569,348,305,542,341,305,356,784,759,305,0
494,1023,0,425,1023,0,529,340,305,558,344,305,357,767,753,305,0
413,1023,0,354,1023,0,525,331,305,613,397,305,357,774,756,305,0
424,1023,0,336,1023,0,496,323,305,532,337,305,357,735,709,305,0
474,1023,0,581,1023,0,560,351,305,581,365,305,357,755,727,305,0
394,1023,0,570,1023,0,530,340,305,553,343,305,357,774,759,305,0
412,1023,0,250,1023,0,458,320,305,527,329,305,357,750,718,305,0
565,1023,0,509,1023,0,547,346,305,535,333,305,357,776,755,305,0
418,1023,0,272,1023,0,485,325,305,503,322,305,357,731,718,305,0
385,1023,0,326,1023,0,534,333,305,499,330,305,357,776,762,305,0
390,1023,0,267,1023,0,506,328,305,507,319,305,358,731,707,305,0
413,1023,0,514,1023,0,529,338,305,576,342,305,358,766,730,305,0
426,1023,0,270,1023,0,533,335,305,538,326,305,358,751,731,305,0
589,1023,0,466,1023,0,540,339,305,493,330,305,358,764,742,305,0
337,1023,0,418,1023,0,558,350,305,546,342,305,358,768,753,305,0
476,1023,0,209,1023,0,514,331,305,452,319,305,358,741,724,305,0
283,1023,0,134,1023,0,523,336,305,431,321,305,358,698,687,305,0
350,1023,0,270,1023,0,491,327,305,472,320,305,358,730,722,305,0
416,1023,0,480,1023,0,530,337,305,514,328,305,358,753,737,305,0
680,1023,0,665,1023,0,586,340,305,604,355,305,358,794,753,305,0
425,1023,0,352,1023,0,469,321,305,508,328,305,358,743,713,305,0
361,1023,0,291,1023,0,603,373,305,540,342,305,359,735,707,305,0
469,1023,0,468,1023,0,552,324,305,531,327,305,359,756,739,305,0
246,1023,0,256,1023,0,514,327,305,530,327,305,359,721,705,305,0
363,1023,0,434,1023,0,499,331,305,545,329,305,359,751,738,305,0
462,1023,0,521,1023,0,547,338,305,530,331,305,359,744,718,305,0
440,1023,0,356,1023,0,562,336,305,542,329,305,359,744,732,305,0
235,1023,0,346,1023,0,537,333,305,435,332,305,360,737,722,305,0
515,1023,0,357,1023,0,530,330,305,461,321,305,360,758,741,305,0
329,1023,0,127,1023,0,458,317,305,0,311,305,360,694,683,305,0
365,1023,0,324,1023,0,506,334,305,543,333,305,360,740,726,305,0
252,1023,0,183,1023,0,416,320,305,452,312,305,360,723,704,305,0
306,1023,0,291,1023,0,459,325,305,507,322,305,360,722,700,305,0
547,1023,0,417,1023,0,518,333,305,547,335,305,360,747,716,305,0
331,1023,0,208,1023,0,444,316,305,457,316,305,360,739,728,305,0
399,1023,0,525,1023,0,564,337,305,547,338,305,360,771,738,305,0
426,1023,0,172,1023,0,516,319,305,525,316,305,360,720,707,305,0
336,1023,0,254,1023,0,533,338,305,0,339,305,360,749,737,305,0
337,1023,0,169,1023,0,455,316,305,484,318,305,360,687,631,305,0
566,1023,0,332,1023,0,533,331,305,517,330,305,361,752,735,305,0
419,1023,0,270,1023,0,473,326,305,602,389,305,361,742,725,305,0
477,1023,0,420,1023,0,558,338,305,589,353,305,361,781,763,305,0
454,1023,0,344,1023,0,556,337,305,527,328,305,361,751,725,305,0
405,1023,0,381,1023,0,525,335,305,549,335,305,361,733,713,305,0
322,1023,0,123,1023,0,460,315,305,420,313,305,361,686,675,305,0
417,1023,0,280,1023,0,459,315,305,447,318,305,361,741,709,305,0
437,1023,0,346,1023,0,523,329,305,466,323,305,362,737,711,305,0
595,1023,0,450,1023,0,552,335,305,546,335,305,362,673,600,305,0
356,1023,0,283,1023,0,479,328,305,523,322,305,362,742,705,305,0
384,1023,0,415,1023,0,557,353,305,553,347,305,362,725,704,305,0
359,1023,0,315,1023,0,531,332,305,519,328,305,362,766,745,305,0
286,1023,0,326,1023,0,497,325,305,502,329,305,363,725,712,305,0
373,1023,0,227,1023,0,523,333,305,489,319,305,363,685,672,305,0
399,1023,0,240,1023,0,526,333,305,428,325,305,363,721,691,305,0
447,1023,0,336,1023,0,535,336,305,543,336,305,364,735,721,305,0
400,1023,0,418,1023,0,542,336,305,575,336,305,364,749,727,305,0
460,1023,0,361,1023,0,548,339,305,483,323,305,364,733,711,305,0
486,1023,0,560,1023,0,562,350,305,592,365,305,364,789,755,305,0
387,1023,0,317,1023,0,510,325,305,536,330,305,364,742,719,305,0
248,1023,0,263,1023,0,515,337,305,506,333,305,364,739,732,305,0
348,1023,0,180,1023,0,441,316,305,451,316,305,364,691,681,305,0
458,1023,0,566,1023,0,557,344,305,590,353,305,364,750,723,305,0
364,1023,0,275,1023,0,536,338,305,536,337,305,364,725,706,305,0
391,1023,0,202,1023,0,507,332,305,482,323,305,364,722,710,305,0
383,1023,0,302,1023,0,503,327,305,507,325,305,365,755,724,305,0
413,1023,0,339,1023,0,653,446,305,634,411,305,365,744,714,305,0
411,1023,0,282,1023,0,495,333,305,472,333,305,365,754,739,305,0
504,1023,0,305,1023,0,486,321,305,517,324,305,365,747,688,305,0
450,1023,0,399,1023,0,559,353,305,567,342,305,365,762,743,305,0
363,1023,0,200,1023,0,456,318,305,503,319,305,365,711,697,305,0
419,1023,0,431,1023,0,540,331,305,562,333,305,365,772,733,305,0
331,1023,0,176,1023,0,387,316,305,575,346,305,365,740,722,305,0
362,1023,0,238,1023,0,489,322,305,438,322,305,365,744,728,305,0
294,1023,0,385,1023,0,552,346,305,543,337,305,365,764,751,305,0
501,1023,0,344,1023,0,490,331,305,545,338,305,365,777,760,305,0
418,1023,0,347,1023,0,486,325,305,539,337,305,365,731,716,305,0
394,1023,0,249,1023,0,516,344,305,539,337,305,365,614,586,305,0
438,1023,0,291,1023,0,439,327,305,469,322,305,365,725,707,305,0
609,1023,0,535,1023,0,562,342,305,573,344,305,365,771,748,305,0
439,1023,0,346,1023,0,501,331,305,549,337,305,366,744,723,305,0
447,1023,0,327,1023,0,507,327,305,453,322,305,366,750,715,305,0
401,1023,0,271,1023,0,474,327,305,489,326,305,366,724,709,305,0
410,1023,0,278,1023,0,518,336,305,515,331,305,366,723,706,305,0
297,1023,0,174,1023,0,493,331,305,525,323,305,366,709,697,305,0
463,1023,0,290,1023,0,515,329,305,518,327,305,366,743,728,305,0
536,1023,0,249,1023,0,515,333,305,567,333,305,366,742,711,305,0
382,1023,0,475,1023,0,558,348,305,624,398,305,367,751,725,305,0
529,1023,0,364,1023,0,544,343,305,590,343,305,367,766,750,305,0
418,1023,0,306,1023,0,493,323,305,545,322,305,367,748,699,305,0
420,1023,0,459,1023,0,532,343,305,570,355,305,367,772,753,305,0
389,1023,0,339,1023,0,483,325,305,538,330,305,367,756,746,305,0
455,1023,0,636,1023,0,567,348,305,551,340,305,367,766,746,305,0
655,1023,0,392,1023,0,504,324,305,541,326,305,367,770,696,305,0
360,1023,0,205,1023,0,507,326,305,479,321,305,367,723,702,305,0
440,1023,0,429,1023,0,540,334,305,634,415,305,367,799,782,305,0
550,1023,0,433,1023,0,540,333,305,542,338,305,368,756,726,305,0
503,1023,0,285,1023,0,503,325,305,501,327,305,368,776,738,305,0
509,1023,0,481,1023,0,565,344,305,552,338,305,368,776,757,305,0
394,1023,0,365,1023,0,509,332,305,505,331,305,368,742,721,305,0
347,1023,0,328,1023,0,557,330,305,526,331,305,368,724,716,305,0
399,1023,0,479,1023,0,561,342,305,567,348,305,368,769,751,305,0
371,1023,0,319,1023,0,492,325,305,533,322,305,368,711,681,305,0
406,1023,0,398,1023,0,544,343,305,557,351,305,368,762,735,305,0
439,1023,0,297,1023,0,536,326,305,462,323,305,368,743,715,305,0
283,1023,0,129,1023,0,483,321,305,506,321,305,368,722,711,305,0
351,1023,0,231,1023,0,491,327,305,415,314,305,368,730,719,305,0
503,1023,0,473,1023,0,551,334,305,526,327,305,368,746,727,305,0
514,1023,0,329,1023,0,502,322,305,525,335,305,369,733,712,305,0
394,1023,0,300,1023,0,488,327,305,446,321,305,369,723,691,305,0
480,1023,0,345,1023,0,549,341,305,519,335,305,369,775,755,305,0
312,1023,0,431,1023,0,583,369,305,563,346,305,369,769,742,305,0
338,1023,0,164,1023,0,404,311,305,483,316,305,369,703,680,305,0
470,1023,0,294,1023,0,470,323,305,493,322,305,369,744,729,305,0
619,1023,0,396,1023,0,539,330,305,553,329,305,369,775,747,305,0
373,1023,0,290,1023,0,503,318,305,510,329,305,369,760,744,305,0
525,1023,0,464,1023,0,549,343,305,554,340,305,369,757,738,305,0
316,1023,0,204,1023,0,446,315,305,521,323,305,369,729,719,305,0
499,1023,0,499,1023,0,530,337,305,550,346,305,370,760,732,305,0
578,1023,0,365,1023,0,558,326,305,673,451,305,370,732,696,305,0
397,1023,0,220,1023,0,437,316,305,439,311,305,370,728,708,305,0
304,1023,0,181,1023,0,497,330,305,523,329,305,370,717,709,305,0
472,1023,0,506,1023,0,544,337,305,557,337,305,370,766,739,305,0
374,1023,0,384,1023,0,531,335,305,542,330,305,370,772,760,305,0
484,1023,0,497,1023,0,531,333,305,548,336,305,370,774,759,305,0
351,1023,0,278,1023,0,559,344,305,538,337,305,370,744,731,305,0
406,1023,0,270,1023,0,435,317,305,518,327,305,370,758,727,305,0
479,1023,0,485,1023,0,567,350,305,575,348,305,370,768,726,305,0
278,1023,0,117,1023,0,509,329,305,381,316,305,370,682,661,305,0
475,1023,0,432,1023,0,556,342,305,566,344,305,370,765,743,305,0
323,1023,0,217,1023,0,527,331,305,488,321,305,371,741,724,305,0
661,1023,0,550,1023,0,620,378,305,616,377,305,371,797,764,305,0
347,1023,0,370,1023,0,472,327,305,517,325,305,371,733,722,305,0
307,1023,0,209,1023,0,456,320,305,468,320,305,371,704,696,305,0
528,1023,0,355,1023,0,499,324,305,551,332,305,371,767,739,305,0
299,1023,0,250,1023,0,457,320,305,498,323,305,371,727,712,305,0
326,1023,0,198,1023,0,483,321,305,473,317,305,371,721,709,305,0
584,1023,0,590,1023,0,606,371,305,638,408,305,371,858,822,305,0
480,1023,0,298,1023,0,526,337,305,540,333,305,371,730,714,305,0
422,1023,0,215,1023,0,471,326,305,449,325,305,371,746,729,305,0
325,1023,0,196,1023,0,449,322,305,570,362,305,371,739,725,305,0
579,1023,0,399,1023,0,537,329,305,569,326,305,371,731,694,305,0
382,1023,0,263,1023,0,519,329,305,534,331,305,372,754,741,305,0
426,1023,0,298,1023,0,503,322,305,529,322,305,372,772,752,305,0
411,1023,0,237,1023,0,514,327,305,464,322,305,372,744,733,305,0
319,1023,0,172,1023,0,512,340,305,530,331,305,372,714,705,305,0
532,1023,0,299,1023,0,501,322,305,515,322,305,372,730,684,305,0
418,1023,0,583,1023,0,538,333,305,576,342,305,372,750,724,305,0
441,1023,0,580,1023,0,550,349,305,570,346,305,372,776,738,305,0
409,1023,0,353,1023,0,534,334,305,553,331,305,372,760,744,305,0
431,1023,0,313,1023,0,458,321,305,528,333,305,372,741,703,305,0
390,1023,0,402,1023,0,531,338,305,513,330,305,372,747,720,305,0
369,1023,0,187,1023,0,483,326,305,486,322,305,372,726,709,305,0
424,1023,0,296,1023,0,489,325,305,533,326,305,373,760,731,305,0
628,1023,0,540,1023,0,556,344,305,556,335,305,373,806,754,305,0
320,1023,0,182,1023,0,490,326,305,458,322,305,373,718,701,305,0
417,1023,0,304,1023,0,470,322,305,490,320,305,373,725,700,305,0
437,1023,0,207,1023,0,486,322,305,0,315,305,373,703,692,305,0
335,1023,0,176,1023,0,466,317,305,447,315,305,373,700,676,305,0
278,1023,0,135,1023,0,454,317,305,478,317,305,373,642,615,305,0
267,1023,0,153,1023,0,460,316,305,492,320,305,373,710,696,305,0
385,1023,0,483,1023,0,546,343,305,559,335,305,374,774,759,305,0
466,1023,0,321,1023,0,509,330,305,504,329,305,374,753,737,305,0
395,1023,0,345,1023,0,552,345,305,553,340,305,374,727,705,305,0
418,1023,0,256,1023,0,504,325,305,510,334,305,374,751,720,305,0
392,1023,0,334,1023,0,507,334,305,490,323,305,374,731,712,305,0
425,1023,0,277,1023,0,490,328,305,517,325,305,374,761,748,305,0
447,1023,0,390,1023,0,537,342,305,538,332,305,374,739,720,305,0
601,1023,0,612,1023,0,538,333,305,552,329,305,375,787,764,305,0
396,1023,0,279,1023,0,521,331,305,573,345,305,375,736,714,305,0
511,1023,0,309,1023,0,495,323,305,479,323,305,375,742,731,305,0
359,1023,0,190,1023,0,483,322,305,493,320,305,375,703,688,305,0
455,1023,0,405,1023,0,560,352,305,542,344,305,375,762,743,305,0
281,1023,0,153,1023,0,459,319,305,501,325,305,375,695,674,305,0
417,1023,0,298,1023,0,531,336,305,514,333,305,375,726,701,305,0
380,1023,0,187,1023,0,489,321,305,625,419,305,375,692,673,305,0
306,1023,0,283,1023,0,515,332,305,504,328,305,375,744,734,305,0
427,1023,0,347,1023,0,508,327,305,522,327,305,375,698,666,305,0
227,1023,0,154,1023,0,463,321,305,460,314,305,375,720,713,305,0
377,1023,0,330,1023,0,492,326,305,556,337,305,376,728,713,305,0
394,1023,0,318,1023,0,515,328,305,481,323,305,376,721,706,305,0
672,1023,0,401,1023,0,537,327,305,545,332,305,376,790,705,305,0
412,1023,0,301,1023,0,504,323,305,510,322,305,376,762,745,305,0
412,1023,0,333,1023,0,498,328,305,485,328,305,376,732,712,305,0
518,1023,0,512,1023,0,520,330,305,572,337,305,376,768,737,305,0
313,1023,0,346,1023,0,530,339,305,564,344,305,376,582,536,305,0
256,1023,0,193,1023,0,483,325,305,475,319,305,376,676,655,305,0
349,1023,0,385,1023,0,487,324,305,516,326,305,376,748,729,305,0
564,1023,0,578,1023,0,557,349,305,646,417,305,377,803,770,305,0
339,1023,0,437,1023,0,538,339,305,516,330,305,377,769,742,305,0
518,1023,0,517,1023,0,555,347,305,602,360,305,377,778,755,305,0
476,1023,0,434,1023,0,542,340,305,544,333,305,377,781,751,305,0
744,1023,0,584,1023,0,591,339,305,620,349,305,377,817,756,305,0
339,1023,0,240,1023,0,484,319,305,494,322,305,377,660,643,305,0
579,1023,0,648,1023,0,537,334,305,607,373,305,377,782,761,305,0
307,1023,0,214,1023,0,448,324,305,462,316,305,377,745,727,305,0
351,1023,0,269,1023,0,458,325,305,513,321,305,377,719,697,305,0
436,1023,0,496,1023,0,556,353,305,560,353,305,378,774,758,305,0
344,1023,0,201,1023,0,486,324,305,332,314,305,378,718,701,305,0
401,1023,0,377,1023,0,529,337,305,579,360,305,378,759,741,305,0
403,1023,0,230,1023,0,481,324,305,456,320,305,378,719,705,305,0
329,1023,0,205,1023,0,508,333,305,523,328,305,378,714,704,305,0
476,1023,0,577,1023,0,563,354,305,567,344,305,378,791,762,305,0
266,1023,0,168,1023,0,479,324,305,499,319,305,378,707,696,305,0
441,1023,0,284,1023,0,506,320,305,471,321,305,379,727,685,305,0
338,1023,0,336,1023,0,510,330,305,519,325,305,379,731,712,305,0
525,1023,0,579,1023,0,587,364,305,577,354,305,379,776,755,305,0
323,1023,0,201,1023,0,511,329,305,483,321,305,379,717,683,305,0
447,1023,0,280,1023,0,504,330,305,527,331,305,379,765,745,305,0
442,1023,0,360,1023,0,521,328,305,467,319,305,379,758,725,305,0
608,1023,0,500,1023,0,565,359,305,538,338,305,379,782,758,305,0
349,1023,0,270,1023,0,535,339,305,525,338,305,379,723,701,305,0
389,1023,0,442,1023,0,531,330,305,533,336,305,379,764,727,305,0
712,1023,0,642,1023,0,567,351,305,553,337,305,380,792,759,305,0
326,1023,0,132,1023,0,447,324,305,489,320,305,380,711,703,305,0
445,1023,0,454,1023,0,535,334,305,507,328,305,380,746,725,305,0
427,1023,0,206,1023,0,476,328,305,481,318,305,380,746,733,305,0
438,1023,0,390,1023,0,517,330,305,505,323,305,380,767,750,305,0
363,1023,0,308,1023,0,500,328,305,513,325,305,380,739,717,305,0
361,1023,0,402,1023,0,548,341,305,538,331,305,380,746,722,305,0
364,1023,0,238,1023,0,482,321,305,497,325,305,380,745,728,305,0
262,1023,0,144,1023,0,474,320,305,447,319,305,380,706,687,305,0
549,1023,0,428,1023,0,535,337,305,492,325,305,381,758,739,305,0
449,1023,0,342,1023,0,531,341,305,516,332,305,381,759,742,305,0
761,1023,0,671,1023,0,544,334,305,557,334,305,381,808,750,305,0
421,1023,0,337,1023,0,553,346,305,552,343,305,381,751,724,305,0
439,1023,0,310,1023,0,499,324,305,485,324,305,381,696,679,305,0
408,1023,0,174,1023,0,459,317,305,363,312,305,381,726,711,305,0
645,1023,0,376,1023,0,529,331,305,527,328,305,381,761,744,305,0
417,1023,0,283,1023,0,517,336,305,548,342,305,381,741,711,305,0
328,1023,0,148,1023,0,506,323,305,395,318,305,381,714,695,305,0
291,1023,0,147,1023,0,484,325,305,448,322,305,381,684,674,305,0
467,1023,0,275,1023,0,509,327,305,517,329,305,382,753,732,305,0
456,1023,0,585,1023,0,562,348,305,550,342,305,382,772,741,305,0
451,1023,0,280,1023,0,489,320,305,573,348,305,382,732,716,305,0
349,1023,0,244,1023,0,526,339,305,501,326,305,382,749,737,305,0
405,1023,0,273,1023,0,532,336,305,496,330,305,382,734,712,305,0
426,1023,0,349,1023,0,526,334,305,503,325,305,383,726,709,305,0
460,1023,0,332,1023,0,521,329,305,503,328,305,383,759,735,305,0
283,1023,0,225,1023,0,476,321,305,457,318,305,383,605,583,305,0
406,1023,0,340,1023,0,508,326,305,528,325,305,383,743,726,305,0
569,1023,0,298,1023,0,485,324,305,485,323,305,383,752,730,305,0
364,1023,0,180,1023,0,473,327,305,489,325,305,383,724,711,305,0
377,1023,0,500,1023,0,586,347,305,597,347,305,383,648,512,305,0
463,1023,0,309,1023,0,511,326,305,497,318,305,384,745,725,305,0
553,1023,0,617,1023,0,561,346,305,550,347,305,384,755,739,305,0
371,1023,0,536,1023,0,541,344,305,545,331,305,384,746,732,305,0
421,1023,0,199,1023,0,487,322,305,499,324,305,384,709,668,305,0
462,1023,0,324,1023,0,534,335,305,508,339,305,384,761,735,305,0
639,1023,0,439,1023,0,541,328,305,524,332,305,384,805,758,305,0
379,1023,0,274,1023,0,486,324,305,528,321,305,384,713,687,305,0
362,1023,0,215,1023,0,459,315,305,473,317,305,384,708,693,305,0
351,1023,0,289,1023,0,492,323,305,495,320,305,384,734,707,305,0
425,1023,0,258,1023,0,471,326,305,508,330,305,384,728,717,305,0
486,1023,0,582,1023,0,592,362,305,580,359,305,384,794,770,305,0
397,1023,0,171,1023,0,495,320,305,503,319,305,385,687,669,305,0
430,1023,0,206,1023,0,461,318,305,452,319,305,385,741,723,305,0
687,1023,0,465,1023,0,566,337,305,529,329,305,385,812,741,305,0
488,1023,0,201,1023,0,516,327,305,512,320,305,385,747,726,305,0
457,1023,0,476,1023,0,586,359,305,560,342,305,385,770,747,305,0
510,1023,0,413,1023,0,544,343,305,574,340,305,385,763,747,305,0
356,1023,0,204,1023,0,504,329,305,433,317,305,385,734,701,305,0
274,1023,0,227,1023,0,483,319,305,437,322,305,385,710,695,305,0
354,1023,0,196,1023,0,496,322,305,533,344,305,385,709,691,305,0
329,1023,0,166,1023,0,450,316,305,462,316,305,385,690,659,305,0
360,1023,0,236,1023,0,485,321,305,513,320,305,385,702,685,305,0
478,1023,0,416,1023,0,494,327,305,489,320,305,385,771,756,305,0
492,1023,0,320,1023,0,541,342,305,486,329,305,385,772,754,305,0
687,1023,0,661,1023,0,568,341,305,600,340,305,385,824,746,305,0
486,1023,0,622,1023,0,551,355,305,570,349,305,386,771,747,305,0
550,1023,0,388,1023,0,555,334,305,551,335,305,386,713,662,305,0
391,1023,0,344,1023,0,515,328,305,497,326,305,386,691,654,305,0
541,1023,0,553,1023,0,544,332,305,588,353,305,386,777,739,305,0
386,1023,0,206,1023,0,442,317,305,424,314,305,386,737,708,305,0
353,1023,0,379,1023,0,537,348,305,543,340,305,386,774,765,305,0
367,1023,0,231,1023,0,480,325,305,509,319,305,386,733,698,305,0
396,1023,0,361,1023,0,537,340,305,532,336,305,386,750,717,305,0
405,1023,0,340,1023,0,526,328,305,730,546,305,386,750,727,305,0
383,1023,0,258,1023,0,502,324,305,458,323,305,386,733,714,305,0
562,1023,0,412,1023,0,570,345,305,565,341,305,386,763,730,305,0
476,1023,0,469,1023,0,549,341,305,523,334,305,386,763,739,305,0
355,1023,0,152,1023,0,517,334,305,424,322,305,387,745,727,305,0
479,1023,0,574,1023,0,551,334,305,525,328,305,387,758,701,305,0
655,1023,0,614,1023,0,558,339,305,562,338,305,387,784,758,305,0
567,1023,0,449,1023,0,546,337,305,549,327,305,387,745,724,305,0
508,1023,0,362,1023,0,537,334,305,500,328,305,387,731,703,305,0
294,1023,0,95,1023,0,449,315,305,384,311,305,387,672,664,305,0
250,1023,0,117,1023,0,500,328,305,441,319,305,387,640,633,305,0
469,1023,0,361,1023,0,483,324,305,508,324,305,387,706,693,305,0
484,1023,0,495,1023,0,540,339,305,533,333,305,387,672,616,305,0
427,1023,0,364,1023,0,516,328,305,497,323,305,387,738,728,305,0
541,1023,0,560,1023,0,571,353,305,579,354,305,387,775,749,305,0
437,1023,0,355,1023,0,472,321,305,538,330,305,387,761,742,305,0
544,1023,0,626,1023,0,559,340,305,555,332,305,387,765,745,305,0
441,1023,0,344,1023,0,504,330,305,531,329,305,388,747,731,305,0
367,1023,0,427,1023,0,512,331,305,513,327,305,388,749,709,305,0
387,1023,0,264,1023,0,515,332,305,469,326,305,388,728,719,305,0
358,1023,0,154,1023,0,465,322,305,407,317,305,388,725,712,305,0
362,1023,0,190,1023,0,396,319,305,434,316,305,388,731,713,305,0
380,1023,0,228,1023,0,476,320,305,485,318,305,388,708,686,305,0
432,1023,0,270,1023,0,491,328,305,530,326,305,388,717,694,305,0
429,1023,0,459,1023,0,545,340,305,569,344,305,388,759,748,305,0
391,1023,0,328,1023,0,543,333,305,569,345,305,388,759,747,305,0
241,1023,0,145,1023,0,456,320,305,421,318,305,389,720,707,305,0
290,1023,0,151,1023,0,511,330,305,460,324,305,389,683,668,305,0
321,1023,0,220,1023,0,502,332,305,485,326,305,389,729,716,305,0
403,1023,0,351,1023,0,522,328,305,495,328,305,389,746,703,305,0
598,1023,0,514,1023,0,519,334,305,516,338,305,389,795,784,305,73
511,1023,0,494,1023,0,523,337,305,603,374,305,389,798,772,305,73
322,1023,0,181,1023,0,389,317,305,532,317,305,389,698,664,305,73
428,1023,0,309,1023,0,520,333,305,0,328,305,389,749,738,305,73
329,1023,0,290,1023,0,481,327,305,472,319,305,389,749,730,305,73
326,1023,0,204,1023,0,483,319,305,511,324,305,389,731,705,305,73
323,1023,0,220,1023,0,519,336,305,504,327,305,389,737,705,305,73
374,1023,0,237,1023,0,491,323,305,542,332,305,389,730,714,305,73
447,1023,0,242,1023,0,558,334,305,564,346,305,389,741,721,305,73
410,1023,0,269,1023,0,480,318,305,468,314,305,389,742,728,305,73
548,1023,0,365,1023,0,500,323,305,530,322,305,390,769,746,305,73
545,1023,0,543,1023,0,539,326,305,519,319,305,390,681,631,305,73
482,1023,0,322,1023,0,536,335,305,499,326,305,390,739,720,305,73
320,1023,0,393,1023,0,514,333,305,551,335,305,390,754,741,305,73
611,1023,0,627,1023,0,556,339,305,561,335,305,390,787,755,305,73
399,1023,0,282,1023,0,506,323,305,505,321,305,390,756,740,305,73
334,1023,0,246,1023,0,467,318,305,478,322,305,390,733,695,305,73
384,1023,0,417,1023,0,502,328,305,516,326,305,390,756,730,305,73
398,1023,0,237,1023,0,467,321,305,401,312,305,390,754,742,305,73
456,1023,0,360,1023,0,511,327,305,550,331,305,391,752,734,305,73
457,1023,0,291,1023,0,491,321,305,490,320,305,391,746,726,305,73
436,1023,0,433,1023,0,504,323,305,542,326,305,391,751,713,305,73
378,1023,0,267,1023,0,506,325,305,550,329,305,391,752,741,305,73
400,1023,0,276,1023,0,520,330,305,522,334,305,391,742,712,305,73
384,1023,0,200,1023,0,467,317,305,470,319,305,391,722,708,305,73
211,1023,0,188,1023,0,323,311,305,475,317,305,391,504,476,305,73
724,1023,0,607,1023,0,570,329,305,566,331,305,391,810,740,305,73
291,1023,0,179,1023,0,487,324,305,471,318,305,391,574,528,305,73
387,1023,0,139,1023,0,449,318,305,449,314,305,391,703,676,305,73
392,1023,0,293,1023,0,522,330,305,502,326,305,391,747,718,305,73
545,1023,0,450,1023,0,527,338,305,543,332,305,392,753,720,305,73
502,1023,0,427,1023,0,514,326,305,696,544,305,392,730,710,305,73
390,1023,0,355,1023,0,519,326,305,485,318,305,392,712,681,305,73
375,1023,0,369,1023,0,535,340,305,455,328,305,392,696,680,305,73
434,1023,0,314,1023,0,512,325,305,525,328,305,392,743,724,305,73
242,1023,0,149,1023,0,466,321,305,491,317,305,392,432,429,305,73
253,1023,0,154,1023,0,454,319,305,451,315,305,392,697,688,305,73
419,1023,0,439,1023,0,542,339,305,562,341,305,392,761,739,305,73
360,1023,0,345,1023,0,502,324,305,496,321,305,392,747,733,305,73
493,1023,0,431,1023,0,541,351,305,519,341,305,392,747,733,305,73
432,1023,0,340,1023,0,523,328,305,453,320,305,392,754,739,305,73
363,1023,0,336,1023,0,546,345,305,522,330,305,393,660,622,305,73
570,1023,0,375,1023,0,536,338,305,514,331,305,393,747,722,305,73
581,1023,0,353,1023,0,541,333,305,499,327,305,393,778,755,305,73
377,1023,0,244,1023,0,488,330,305,483,321,305,393,704,690,305,73
403,1023,0,222,1023,0,526,336,305,522,330,305,393,764,750,305,73
345,1023,0,186,1023,0,436,317,305,343,314,305,393,708,698,305,73
383,1023,0,185,1023,0,476,323,305,453,318,305,393,741,721,305,73
301,1023,0,245,1023,0,511,324,305,478,319,305,393,707,703,305,73
450,1023,0,381,1023,0,526,339,305,543,334,305,393,770,748,305,73
592,1023,0,455,1023,0,546,333,305,587,340,305,394,765,726,305,73
366,1023,0,559,1023,0,552,347,305,605,363,305,394,766,746,305,73
424,1023,0,243,1023,0,507,328,305,426,317,305,394,753,743,305,73
327,1023,0,290,1023,0,532,341,305,527,332,305,394,739,716,305,73
377,1023,0,221,1023,0,478,327,305,405,322,305,394,731,718,305,73
656,1023,0,498,1023,0,552,338,305,660,433,305,394,795,732,305,73
424,1023,0,369,1023,0,547,349,305,524,328,305,394,758,733,305,73
704,1023,0,606,1023,0,567,345,305,554,335,305,394,805,748,305,73
479,1023,0,340,1023,0,511,328,305,486,326,305,395,787,764,305,73
372,1023,0,277,1023,0,451,322,305,522,327,305,395,744,733,305,73
336,1023,0,201,1023,0,485,325,305,490,321,305,395,740,727,305,73
390,1023,0,208,1023,0,532,343,305,506,332,305,395,747,734,305,73
319,1023,0,369,1023,0,564,361,305,626,402,305,395,718,703,305,73
662,1023,0,586,1023,0,558,340,305,558,335,305,395,775,740,305,73
399,1023,0,450,1023,0,537,342,305,564,338,305,395,755,741,305,73
292,1023,0,315,1023,0,490,333,305,533,328,305,395,738,724,305,73
452,1023,0,373,1023,0,532,333,305,444,320,305,395,764,739,305,73
514,1023,0,556,1023,0,551,334,305,561,341,305,395,772,750,305,73
416,1023,0,292,1023,0,498,329,305,514,329,305,396,743,724,305,73
461,1023,0,356,1023,0,511,330,305,524,331,305,396,751,737,305,73
513,1023,0,318,1023,0,518,331,305,490,327,305,396,734,711,305,73
356,1023,0,253,1023,0,485,328,305,511,322,305,396,758,747,305,73
427,1023,0,430,1023,0,527,333,305,527,329,305,396,747,727,305,73
699,1023,0,702,1023,0,584,340,305,597,346,305,396,711,630,305,73
502,1023,0,573,1023,0,599,377,305,616,371,305,396,768,745,305,73
514,1023,0,374,1023,0,494,323,305,516,329,305,397,740,721,305,73
306,1023,0,154,1023,0,475,323,305,492,319,305,397,695,671,305,73
482,1023,0,547,1023,0,542,341,305,588,348,305,397,770,746,305,73
463,1023,0,448,1023,0,504,326,305,554,332,305,397,770,721,305,73
353,1023,0,237,1023,0,430,319,305,608,401,305,397,713,699,305,73
442,1023,0,581,1023,0,585,364,305,554,346,305,397,759,721,305,73
308,1023,0,165,1023,0,438,315,305,448,321,305,397,689,679,305,73
357,1023,0,248,1023,0,495,323,305,506,320,305,397,716,683,305,73
355,1023,0,279,1023,0,509,327,305,525,323,305,397,741,723,305,73
415,1023,0,350,1023,0,515,328,305,501,321,305,397,772,742,305,73
562,1023,0,476,1023,0,550,343,305,584,366,305,397,744,718,305,73
340,1023,0,269,1023,0,496,322,305,534,338,305,398,722,700,305,73
496,1023,0,356,1023,0,543,336,305,562,347,305,398,737,722,305,73
527,1023,0,380,1023,0,485,327,305,493,328,305,398,757,724,305,73
330,1023,0,183,1023,0,465,320,305,495,320,305,398,685,674,305,73
447,1023,0,344,1023,0,505,323,305,519,323,305,398,771,742,305,73
390,1023,0,415,1023,0,548,348,305,528,331,305,398,763,745,305,73
488,1023,0,365,1023,0,528,337,305,521,334,305,398,743,718,305,73
455,1023,0,417,1023,0,497,322,305,482,321,305,398,664,639,305,73
422,1023,0,381,1023,0,501,331,305,498,325,305,398,755,738,305,73
269,1023,0,226,1023,0,411,316,305,499,324,305,399,731,698,305,73
692,1023,0,605,1023,0,586,360,305,574,348,305,399,773,749,305,73
627,1023,0,530,1023,0,562,346,305,571,347,305,399,765,724,305,73
298,1023,0,255,1023,0,476,327,305,485,319,305,399,742,702,305,73
664,1023,0,725,1023,0,547,327,305,709,513,305,400,790,754,305,73
290,1023,0,207,1023,0,449,322,305,457,321,305,400,728,710,305,73
299,1023,0,295,1023,0,479,323,305,479,323,305,400,739,714,305,73
488,1023,0,445,1023,0,530,342,305,518,330,305,400,756,733,305,73
501,1023,0,354,1023,0,532,340,305,525,339,305,400,731,715,305,73
384,1023,0,458,1023,0,530,333,305,554,334,305,400,766,745,305,73
543,1023,0,383,1023,0,536,341,305,581,334,305,400,753,729,305,73
373,1023,0,308,1023,0,521,326,305,486,321,305,400,751,738,305,73
417,1023,0,330,1023,0,536,339,305,522,339,305,400,751,737,305,73
240,1023,0,154,1023,0,434,324,305,488,323,305,401,707,690,305,73
318,1023,0,209,1023,0,435,318,305,468,317,305,401,725,712,305,73
445,1023,0,502,1023,0,528,335,305,607,365,305,401,775,753,305,73
709,1023,0,622,1023,0,576,341,305,638,437,305,401,780,741,305,73
339,1023,0,215,1023,0,506,332,305,486,325,305,401,725,709,305,73
694,1023,0,595,1023,0,548,329,305,544,331,305,401,768,731,305,73
430,1023,0,278,1023,0,496,323,305,480,326,305,401,741,696,305,73
488,1023,0,416,1023,0,520,332,305,531,332,305,401,768,751,305,73
369,1023,0,215,1023,0,501,330,305,510,327,305,401,748,735,305,73
312,1023,0,441,1023,0,533,333,305,538,338,305,401,657,620,305,73
384,1023,0,230,1023,0,490,326,305,551,349,305,401,754,724,305,73
555,1023,0,264,1023,0,476,324,305,499,320,305,401,703,658,305,73
414,1023,0,399,1023,0,480,324,305,505,326,305,401,766,726,305,73
381,1023,0,253,1023,0,452,315,305,455,320,305,401,729,696,305,73
390,1023,0,276,1023,0,528,332,305,499,332,305,401,759,748,305,73
347,1023,0,355,1023,0,505,336,305,528,331,305,401,742,731,305,73
460,1023,0,273,1023,0,532,336,305,537,325,305,401,751,737,305,73
508,1023,0,465,1023,0,517,331,305,529,335,305,401,740,707,305,73
446,1023,0,272,1023,0,545,340,305,515,326,305,401,721,692,305,73
393,1023,0,252,1023,0,510,331,305,504,322,305,401,735,723,305,73
315,1023,0,196,1023,0,501,332,305,417,321,305,402,724,718,305,73
512,1023,0,368,1023,0,595,365,305,583,366,305,402,737,702,305,73
494,1023,0,370,1023,0,548,350,305,553,339,305,402,746,724,305,73
342,1023,0,328,1023,0,505,323,305,535,320,305,402,691,603,305,73
614,1023,0,651,1023,0,561,341,305,589,353,305,402,758,721,305,73
564,1023,0,475,1023,0,555,342,305,545,342,305,402,767,743,305,73
488,1023,0,458,1023,0,533,333,305,522,330,305,402,761,724,305,73
377,1023,0,370,1023,0,537,343,305,545,338,305,402,754,730,305,73
373,1023,0,323,1023,0,468,322,305,519,325,305,402,752,722,305,73
467,1023,0,337,1023,0,525,337,305,509,330,305,403,763,739,305,73
384,1023,0,292,1023,0,498,323,305,492,321,305,403,721,696,305,73
502,1023,0,379,1023,0,520,331,305,514,329,305,403,767,745,305,73
504,1023,0,421,1023,0,552,339,305,557,339,305,403,766,741,305,73
521,1023,0,440,1023,0,531,327,305,526,323,305,403,767,737,305,73
369,1023,0,345,1023,0,505,332,305,486,329,305,403,753,739,305,73
378,1023,0,229,1023,0,459,326,305,453,322,305,403,584,551,305,73
475,1023,0,364,1023,0,557,342,305,506,327,305,403,739,725,305,73
410,1023,0,285,1023,0,515,322,305,475,319,305,403,703,676,305,73
470,1023,0,321,1023,0,495,319,305,484,321,305,404,740,721,305,73
456,1023,0,228,1023,0,515,328,305,505,323,305,404,749,733,305,73
439,1023,0,276,1023,0,531,335,305,480,321,305,404,760,745,305,73
339,1023,0,290,1023,0,495,324,305,509,328,305,404,758,737,305,73
424,1023,0,291,1023,0,472,318,305,392,316,305,404,765,756,305,73
427,1023,0,536,1023,0,546,343,305,543,341,305,404,725,688,305,73
457,1023,0,313,1023,0,551,351,305,524,339,305,404,738,715,305,73
361,1023,0,159,1023,0,484,324,305,462,322,305,404,732,720,305,73
579,1023,0,561,1023,0,566,353,305,573,348,305,404,823,779,305,73
482,1023,0,493,1023,0,564,339,305,571,349,305,405,762,738,305,73
397,1023,0,544,1023,0,547,343,305,0,340,305,405,699,681,305,73
273,1023,0,185,1023,0,481,321,305,562,349,305,405,745,730,305,73
302,1023,0,166,1023,0,497,329,305,477,326,305,405,701,680,305,73
441,1023,0,294,1023,0,496,326,305,466,322,305,405,735,701,305,73
722,1023,0,463,1023,0,539,326,305,718,601,305,405,798,713,305,73
347,1023,0,238,1023,0,495,326,305,494,325,305,405,733,715,305,73
387,1023,0,293,1023,0,544,338,305,525,333,305,405,759,720,305,73
322,1023,0,159,1023,0,457,319,305,444,315,305,405,705,689,305,73
365,1023,0,470,1023,0,533,343,305,479,328,305,405,771,756,305,73
485,1023,0,445,1023,0,531,335,305,535,331,305,406,776,753,305,73
358,1023,0,209,1023,0,474,321,305,394,312,305,406,666,640,305,73
441,1023,0,345,1023,0,530,332,305,502,329,305,406,746,723,305,73
346,1023,0,159,1023,0,445,318,305,468,319,305,406,733,724,305,73
416,1023,0,408,1023,0,522,327,305,578,358,305,406,736,711,305,73
393,1023,0,327,1023,0,529,328,305,498,319,305,406,711,694,305,73
424,1023,0,313,1023,0,531,327,305,532,321,305,406,748,720,305,73
345,1023,0,273,1023,0,527,331,305,465,321,305,406,672,659,305,73
313,1023,0,251,1023,0,535,341,305,537,329,305,406,735,719,305,73
398,1023,0,266,1023,0,501,320,305,414,319,305,406,685,674,305,73
325,1023,0,231,1023,0,477,317,305,483,316,305,406,732,706,305,73
410,1023,0,405,1023,0,532,331,305,505,323,305,407,762,745,305,73
553,1023,0,392,1023,0,523,326,305,512,321,305,407,743,714,305,73
432,1023,0,356,1023,0,539,336,305,538,329,305,407,765,745,305,73
446,1023,0,426,1023,0,520,323,305,577,343,305,407,769,711,305,73
393,1023,0,229,1023,0,488,323,305,496,327,305,407,711,691,305,73
470,1023,0,456,1023,0,514,334,305,443,354,305,407,769,742,305,73
314,1023,0,289,1023,0,532,329,305,472,322,305,407,711,695,305,73
544,1023,0,539,1023,0,524,336,305,524,338,305,407,783,762,305,73
425,1023,0,293,1023,0,510,325,305,480,322,305,408,749,729,305,73
472,1023,0,300,1023,0,520,335,305,492,332,305,408,714,698,305,73
448,1023,0,318,1023,0,438,322,305,515,334,305,408,768,743,305,73
487,1023,0,376,1023,0,500,328,305,511,333,305,408,746,727,305,73
490,1023,0,565,1023,0,564,343,305,525,339,305,408,761,734,305,73
400,1023,0,356,1023,0,511,324,305,512,324,305,408,734,706,305,73
401,1023,0,274,1023,0,495,325,305,427,320,305,408,740,724,305,73
423,1023,0,277,1023,0,485,323,305,510,323,305,408,764,745,305,73
436,1023,0,482,1023,0,554,344,305,609,368,305,408,775,749,305,73
518,1023,0,480,1023,0,560,346,305,573,332,305,408,754,734,305,73
468,1023,0,401,1023,0,558,340,305,521,333,305,408,765,748,305,73
410,1023,0,535,1023,0,536,338,305,552,334,305,409,748,724,305,73
392,1023,0,400,1023,0,560,358,305,539,348,305,409,755,743,305,73
397,1023,0,293,1023,0,525,335,305,541,345,305,409,746,731,305,73
404,1023,0,352,1023,0,515,332,305,467,328,305,409,750,717,305,73
363,1023,0,288,1023,0,498,326,305,478,320,305,409,749,726,305,73
466,1023,0,378,1023,0,529,333,305,709,500,305,409,776,754,305,73
720,1023,0,551,1023,0,554,342,305,539,328,305,409,803,737,305,73
272,1002,0,370,1023,0,509,319,305,695,416,305,409,616,492,305,73
401,1023,0,277,1023,0,497,325,305,526,327,305,409,741,730,305,73
304,1023,0,446,1023,0,528,330,305,616,350,305,409,754,734,305,73
414,1023,0,293,1023,0,525,335,305,529,327,305,409,752,732,305,73
362,1023,0,234,1023,0,502,325,305,506,320,305,409,720,714,305,73
293,1023,0,402,1023,0,522,334,305,503,322,305,409,749,727,305,73
683,1023,0,577,1023,0,531,328,305,547,330,305,409,802,719,305,73
466,1023,0,500,1023,0,532,343,305,533,342,305,409,773,745,305,73
517,1023,0,337,1023,0,504,337,305,540,335,305,409,766,753,305,73
462,1023,0,308,1023,0,513,323,305,554,336,305,409,762,745,305,73
383,1023,0,225,1023,0,478,322,305,0,315,305,409,741,722,305,73
413,1023,0,278,1023,0,504,324,305,486,327,305,409,738,708,305,73
333,1023,0,322,1023,0,510,335,305,493,330,305,410,732,715,305,73
354,1023,0,197,1023,0,476,319,305,411,321,305,410,728,698,305,73
460,1023,0,487,1023,0,525,333,305,719,545,305,410,772,751,305,73
381,1023,0,270,1023,0,497,329,305,501,323,305,410,677,664,305,73
458,1023,0,235,1023,0,489,322,305,466,321,305,410,745,721,305,73
314,1023,0,294,1023,0,532,334,305,481,324,305,410,608,570,305,73
421,1023,0,537,1023,0,551,334,305,557,350,305,410,765,747,305,73
428,1023,0,195,1023,0,455,313,305,466,316,305,410,746,722,305,73
383,1023,0,327,1023,0,454,317,305,517,324,305,410,670,587,305,73
463,1023,0,408,1023,0,520,340,305,542,332,305,410,778,750,305,73
327,1023,0,226,1023,0,482,320,305,480,326,305,410,696,679,305,73
470,1023,0,441,1023,0,534,332,305,506,331,305,410,769,734,305,73
443,1023,0,256,1023,0,464,325,305,452,319,305,410,754,734,305,73
415,1023,0,283,1023,0,475,320,305,514,329,305,410,718,675,305,73
635,1023,0,679,1023,0,622,404,305,612,375,305,410,811,755,305,73
372,1023,0,399,1023,0,526,335,305,536,330,305,410,758,743,305,73
456,1023,0,245,1023,0,506,326,305,392,317,305,410,717,704,305,73
503,1023,0,536,1023,0,548,340,305,598,354,305,410,746,722,305,73
383,1023,0,447,1023,0,554,350,305,463,332,305,410,741,724,305,73
302,1023,0,136,1023,0,426,317,305,448,315,305,411,680,654,305,73
394,1023,0,422,1023,0,508,326,305,524,327,305,411,758,735,305,73
620,1023,0,640,1023,0,573,344,305,587,347,305,411,794,767,305,73
402,1023,0,542,1023,0,591,373,305,599,371,305,411,766,738,305,73
376,1023,0,274,1023,0,460,327,305,487,330,305,411,721,710,305,73
408,1023,0,338,1023,0,436,319,305,478,326,305,411,762,750,305,73
467,1023,0,453,1023,0,530,339,305,535,332,305,411,663,632,305,73
409,1023,0,289,1023,0,497,331,305,525,330,305,411,750,723,305,73
555,1023,0,464,1023,0,580,387,305,559,363,305,411,760,734,305,73
340,1023,0,195,1023,0,475,318,305,411,317,305,411,705,688,305,73
375,1023,0,257,1023,0,518,326,305,527,335,305,411,723,692,305,73
451,1023,0,560,1023,0,569,346,305,585,347,305,412,775,729,305,73
359,1023,0,511,1023,0,558,338,305,577,342,305,412,722,675,305,73
402,1023,0,221,1023,0,487,321,305,551,331,305,412,750,728,305,73
442,1023,0,264,1023,0,468,322,305,464,320,305,412,759,743,305,73
481,1023,0,453,1023,0,554,334,305,535,340,305,412,738,720,305,73
384,1023,0,303,1023,0,496,326,305,505,328,305,412,731,702,305,73
391,1023,0,354,1023,0,487,330,305,510,329,305,412,751,729,305,73
501,1023,0,405,1023,0,521,338,305,537,333,305,412,763,735,305,73
483,1023,0,497,1023,0,556,347,305,534,330,305,412,752,733,305,73
409,1023,0,488,1023,0,543,342,305,557,344,305,412,762,730,305,73
321,1023,0,210,1023,0,473,317,305,426,324,305,412,683,673,305,73
358,1023,0,181,1023,0,465,323,305,493,318,305,412,695,678,305,73
368,1023,0,152,1023,0,453,320,305,457,318,305,412,689,674,305,73
415,1023,0,245,1023,0,512,329,305,545,343,305,412,723,701,305,73
480,1023,0,301,1023,0,512,326,305,508,326,305,412,741,726,305,73
296,1023,0,192,1023,0,467,313,305,408,324,305,412,722,710,305,73
377,1023,0,279,1023,0,538,338,305,535,327,305,412,734,705,305,73
375,1023,0,357,1023,0,509,332,305,544,330,305,412,727,694,305,73
471,1023,0,399,1023,0,547,337,305,559,347,305,413,768,732,305,73
533,1023,0,406,1023,0,544,334,305,0,321,305,413,739,727,305,73
489,1023,0,330,1023,0,538,334,305,425,327,305,413,740,718,305,73
518,1023,0,584,1023,0,486,314,305,638,369,305,413,663,538,305,73
343,1023,0,247,1023,0,555,344,305,496,327,305,413,737,721,305,73
363,1023,0,286,1023,0,512,328,305,480,321,305,413,740,721,305,73
422,1023,0,360,1023,0,456,324,305,493,326,305,413,751,732,305,73
407,1023,0,207,1023,0,523,324,305,461,318,305,414,707,692,305,73
504,1023,0,400,1023,0,543,337,305,566,335,305,414,773,747,305,73
227,1023,0,266,1023,0,475,320,305,468,321,305,414,730,716,305,73
406,1023,0,331,1023,0,562,350,305,512,339,305,414,724,706,305,73
435,1023,0,280,1023,0,433,320,305,451,325,305,414,689,644,305,73
348,1023,0,255,1023,0,573,352,305,535,339,305,414,718,690,305,73
295,1023,0,141,1023,0,400,314,305,324,315,305,414,681,669,305,73
403,1023,0,331,1023,0,515,332,305,494,324,305,414,643,596,305,73
366,1023,0,209,1023,0,462,318,305,429,316,305,414,680,651,305,73
596,1023,0,699,1023,0,573,344,305,572,352,305,414,785,754,305,73
447,1023,0,457,1023,0,517,328,305,561,342,305,414,739,724,305,73
488,1023,0,501,1023,0,566,351,305,568,352,305,414,767,745,305,73
399,1023,0,205,1023,0,500,323,305,492,324,305,414,738,722,305,73
455,1023,0,432,1023,0,522,325,305,504,327,305,414,754,726,305,73
386,1023,0,300,1023,0,436,319,305,502,317,305,415,756,740,305,73
450,1023,0,584,1023,0,577,348,305,564,343,305,415,781,760,305,73
580,1023,0,507,1023,0,589,356,305,548,348,305,415,780,765,305,73
405,1023,0,386,1023,0,543,338,305,526,331,305,415,762,747,305,73
380,1023,0,214,1023,0,465,320,305,483,318,305,415,727,707,305,73
437,1023,0,357,1023,0,512,334,305,494,326,305,415,723,708,305,73
392,1023,0,454,1023,0,554,345,305,533,332,305,415,769,749,305,73
486,1023,0,480,1023,0,519,324,305,537,332,305,415,773,753,305,73
272,1023,0,205,1023,0,459,314,305,547,336,305,415,731,704,305,73
310,1023,0,190,1023,0,455,319,305,473,316,305,415,733,714,305,73
592,1023,0,444,1023,0,548,340,305,530,339,305,415,780,744,305,73
267,1023,0,194,1023,0,504,331,305,536,330,305,415,717,706,305,73
484,1023,0,394,1023,0,558,340,305,545,329,305,415,759,727,305,73
344,1023,0,213,1023,0,469,325,305,443,322,305,415,742,732,305,73
360,1023,0,283,1023,0,512,336,305,510,331,305,415,740,730,305,73
450,1023,0,384,1023,0,530,341,305,539,339,305,415,763,742,305,73
496,1023,0,310,1023,0,521,332,305,509,324,305,416,729,714,305,73
475,1023,0,335,1023,0,513,330,305,520,328,305,416,775,758,305,73
328,1023,0,322,1023,0,522,334,305,496,335,305,416,709,678,305,73
286,1023,0,427,1023,0,537,341,305,545,349,305,416,762,742,305,73
404,1023,0,384,1023,0,530,330,305,540,329,305,416,762,731,305,73
435,1023,0,445,1023,0,500,328,305,497,330,305,416,768,751,305,73
479,1023,0,402,1023,0,516,332,305,522,326,305,416,662,641,305,73
737,1023,0,595,1023,0,525,327,305,573,328,305,416,791,718,305,73
388,1023,0,317,1023,0,545,341,305,529,327,305,416,757,743,305,73
460,1023,0,463,1023,0,522,334,305,504,332,305,416,766,741,305,73
359,1023,0,191,1023,0,459,320,305,501,329,305,416,709,698,305,73
320,1023,0,228,1023,0,511,333,305,509,325,305,416,658,640,305,73
360,1023,0,274,1023,0,479,323,305,510,326,305,416,734,697,305,73
376,1023,0,482,1023,0,558,344,305,552,344,305,417,764,742,305,73
409,1023,0,407,1023,0,544,337,305,550,355,305,417,745,733,305,73
406,1023,0,402,1023,0,534,333,305,573,344,305,417,750,716,305,73
234,1023,0,126,1023,0,440,317,305,425,316,305,417,683,673,305,73
521,1023,0,581,1023,0,553,339,305,608,366,305,417,809,738,305,73
351,1023,0,383,1023,0,546,342,305,565,342,305,417,755,732,305,73
504,1023,0,393,1023,0,523,330,305,547,338,305,417,760,723,305,73
462,1023,0,362,1023,0,540,346,305,563,344,305,417,746,731,305,73
426,1023,0,355,1023,0,482,326,305,518,327,305,417,755,734,305,73
370,1023,0,476,1023,0,488,326,305,565,324,305,417,666,590,305,73
382,1023,0,299,1023,0,523,338,305,527,329,305,417,738,723,305,73
443,1023,0,246,1023,0,470,322,305,445,319,305,417,725,698,305,73
626,1023,0,394,1023,0,522,330,305,510,328,305,417,775,756,305,73
430,1023,0,248,1023,0,469,322,305,574,376,305,417,722,704,305,73
613,1023,0,550,1023,0,585,357,305,575,347,305,418,785,759,305,73
357,1023,0,358,1023,0,495,324,305,525,335,305,418,747,707,305,73
345,1023,0,195,1023,0,531,324,305,492,320,305,418,718,696,305,73
462,1023,0,442,1023,0,473,321,305,549,325,305,418,734,678,305,73
403,1023,0,267,1023,0,516,327,305,513,329,305,418,734,706,305,73
370,1023,0,359,1023,0,481,319,305,511,331,305,418,743,711,305,73
395,1023,0,455,1023,0,493,330,305,560,341,305,418,722,701,305,73
754,1023,0,548,1023,0,564,340,305,568,339,305,418,798,730,305,73
486,1023,0,363,1023,0,498,329,305,529,333,305,418,743,723,305,73
556,1023,0,395,1023,0,547,341,305,551,339,305,418,751,736,305,73
548,1023,0,517,1023,0,541,330,305,574,339,305,418,777,742,305,73
397,1023,0,298,1023,0,531,333,305,499,321,305,418,627,594,305,73
333,1023,0,165,1023,0,462,323,305,505,324,305,418,715,704,305,73
328,1023,0,163,1023,0,439,316,305,465,319,305,418,680,667,305,73
454,1023,0,319,1023,0,527,339,305,544,358,305,419,729,709,305,73
522,1023,0,471,1023,0,545,339,305,545,332,305,419,745,714,305,73
415,1023,0,339,1023,0,513,330,305,495,321,305,419,762,739,305,73
426,1023,0,392,1023,0,525,335,305,557,342,305,419,725,699,305,73
456,1023,0,485,1023,0,544,330,305,553,339,305,419,760,725,305,73
471,1023,0,621,1023,0,552,336,305,633,383,305,419,723,657,305,73
386,1023,0,327,1023,0,484,324,305,520,317,305,419,757,711,305,73
391,1023,0,229,1023,0,516,338,305,510,325,305,419,750,724,305,73
294,1023,0,130,1023,0,514,325,305,441,323,305,419,684,658,305,73
391,1023,0,307,1023,0,536,335,305,538,335,305,419,762,749,305,73
635,1023,0,717,1023,0,588,346,305,582,343,305,419,800,741,305,73
317,1023,0,189,1023,0,500,332,305,514,328,305,419,704,678,305,73
311,1023,0,200,1023,0,434,321,305,513,321,305,419,709,696,305,73
268,1023,0,156,1023,0,395,310,305,510,319,305,419,581,518,305,73
407,1023,0,252,1023,0,531,334,305,532,333,305,419,734,706,305,73
309,1023,0,191,1023,0,470,323,305,501,320,305,420,698,681,305,73
399,1023,0,359,1023,0,538,336,305,558,344,305,420,749,727,305,73
484,1023,0,489,1023,0,531,330,305,531,331,305,420,769,732,305,73
467,1023,0,325,1023,0,482,324,305,513,323,305,420,619,579,305,73
440,1023,0,407,1023,0,507,321,305,556,338,305,420,763,716,305,73
504,1023,0,309,1023,0,503,329,305,503,321,305,420,712,672,305,73
405,1023,0,308,1023,0,581,364,305,598,353,305,420,772,744,305,73
328,1023,0,170,1023,0,458,321,305,507,323,305,420,720,711,305,73
570,1023,0,417,1023,0,540,329,305,588,357,305,420,766,739,305,73
479,1023,0,343,1023,0,527,326,305,523,327,305,420,742,717,305,73
655,1023,0,480,1023,0,549,337,305,531,327,305,420,800,722,305,73
711,1023,0,430,1023,0,531,323,305,535,324,305,420,788,705,305,73
460,1023,0,390,1023,0,520,331,305,492,328,305,420,742,726,305,73
327,1023,0,295,1023,0,488,328,305,484,323,305,420,705,699,305,73
266,1023,0,153,1023,0,448,319,305,521,323,305,420,697,676,305,73
382,1023,0,326,1023,0,527,333,305,541,338,305,420,748,717,305,73
453,1023,0,397,1023,0,539,333,305,540,323,305,421,771,737,305,73
325,1023,0,251,1023,0,521,340,305,504,334,305,421,746,737,305,73
423,1023,0,377,1023,0,543,339,305,546,330,305,421,724,686,305,73
432,1023,0,265,1023,0,518,322,305,579,362,305,421,733,697,305,73
728,1023,0,584,1023,0,572,340,305,585,341,305,421,835,773,305,73
341,1023,0,224,1023,0,486,322,305,464,317,305,421,731,720,305,73
378,1023,0,252,1023,0,483,325,305,485,325,305,421,713,694,305,73
343,1023,0,224,1023,0,423,315,305,496,324,305,421,714,693,305,73
397,1023,0,329,1023,0,468,323,305,525,326,305,422,760,746,305,73
400,1023,0,407,1023,0,500,327,305,554,342,305,422,744,726,305,73
385,1023,0,330,1023,0,506,328,305,524,324,305,422,747,723,305,73
401,1023,0,271,1023,0,506,336,305,477,327,305,422,750,730,305,73
693,1023,0,597,1023,0,573,341,305,578,345,305,422,796,728,305,73
346,1023,0,315,1023,0,482,324,305,534,328,305,422,658,605,305,73
420,1023,0,235,1023,0,484,322,305,474,320,305,422,756,732,305,73
365,1023,0,292,1023,0,523,332,305,567,339,305,422,738,695,305,73
245,1023,0,144,1023,0,343,315,305,428,315,305,422,673,640,305,73
285,1023,0,161,1023,0,536,343,305,552,340,305,423,741,735,305,73
384,1023,0,286,1023,0,389,322,305,536,326,305,423,747,737,305,73
342,1023,0,215,1023,0,451,318,305,483,318,305,423,719,697,305,73
336,1023,0,241,1023,0,510,325,305,504,336,305,423,713,705,305,73
625,1023,0,522,1023,0,556,345,305,560,342,305,423,770,737,305,73
479,1023,0,438,1023,0,551,338,305,541,326,305,423,694,642,305,73
542,1023,0,563,1023,0,576,356,305,571,347,305,423,781,741,305,73
405,1023,0,349,1023,0,511,327,305,499,323,305,423,736,700,305,73
445,1023,0,533,1023,0,567,353,305,569,345,305,423,784,764,305,73
405,1023,0,254,1023,0,485,332,305,616,372,305,424,727,700,305,73
374,1023,0,238,1023,0,456,314,305,451,318,305,424,725,711,305,73
406,1023,0,379,1023,0,516,331,305,511,323,305,424,730,712,305,73
490,1023,0,367,1023,0,535,343,305,541,340,305,424,754,722,305,73
433,1023,0,387,1023,0,496,330,305,560,332,305,424,733,675,305,73
315,1023,0,287,1023,0,519,333,305,515,324,305,424,744,731,305,73
380,1023,0,271,1023,0,519,330,305,500,323,305,424,743,721,305,73
533,1023,0,312,1023,0,494,333,305,510,324,305,424,727,713,305,73
446,1023,0,553,1023,0,541,344,305,642,409,305,424,768,737,305,73
343,1023,0,182,1023,0,483,327,305,493,323,305,424,715,697,305,73
328,1023,0,265,1023,0,511,330,305,516,329,305,424,735,692,305,73
268,1023,0,237,1023,0,523,325,305,504,324,305,424,735,721,305,73
448,1023,0,337,1023,0,458,319,305,515,325,305,424,737,717,305,73
375,1023,0,203,1023,0,514,327,305,504,323,305,424,644,615,305,73
608,1023,0,668,1023,0,529,330,305,566,339,305,425,779,743,305,73
261,1023,0,195,1023,0,480,316,305,459,331,305,425,720,692,305,73
471,1023,0,441,1023,0,543,337,305,583,349,305,425,747,728,305,73
215,1023,0,165,1023,0,415,312,305,559,334,305,425,557,527,305,73
333,1023,0,313,1023,0,515,336,305,520,334,305,425,729,713,305,73
491,1023,0,570,1023,0,534,342,305,537,338,305,425,753,735,305,73
586,1023,0,440,1023,0,532,334,305,553,339,305,425,779,746,305,73
567,1023,0,458,1023,0,499,322,305,566,345,305,425,764,712,305,73
540,1023,0,635,1023,0,564,347,305,581,352,305,425,766,731,305,73
314,1023,0,243,1023,0,479,321,305,483,327,305,425,715,702,305,73
357,1023,0,371,1023,0,508,335,305,577,354,305,426,747,733,305,73
461,1023,0,372,1023,0,550,345,305,483,329,305,426,766,750,305,73
373,1023,0,357,1023,0,505,329,305,503,330,305,426,764,747,305,73
504,1023,0,637,1023,0,560,349,305,578,345,305,426,762,729,305,73
382,1023,0,355,1023,0,564,331,305,584,336,305,426,675,640,305,73
275,1023,0,263,1023,0,528,341,305,542,339,305,426,758,753,305,73
400,1023,0,473,1023,0,537,337,305,516,328,305,426,767,734,305,73
320,1023,0,223,1023,0,519,325,305,479,319,305,426,689,654,305,73
310,1023,0,143,1023,0,486,318,305,489,320,305,426,687,672,305,73
297,1023,0,239,1023,0,514,333,305,506,330,305,426,750,734,305,73
370,1023,0,217,1023,0,501,330,305,508,330,305,426,722,703,305,73
400,1023,0,262,1023,0,478,327,305,485,326,305,426,746,725,305,73
404,1023,0,312,1023,0,520,327,305,473,322,305,426,725,712,305,73
433,1023,0,419,1023,0,495,329,305,519,329,305,426,754,739,305,73
466,1023,0,423,1023,0,522,330,305,518,325,305,427,749,696,305,73
362,1023,0,128,1023,0,460,318,305,490,315,305,427,677,669,305,73
423,1023,0,312,1023,0,519,326,305,488,321,305,427,722,700,305,73
554,1023,0,593,1023,0,580,350,305,570,344,305,427,755,729,305,73
255,1023,0,177,1023,0,471,320,305,493,324,305,427,733,729,305,73
497,1023,0,248,1023,0,490,323,305,529,321,305,427,708,693,305,73
337,1023,0,157,1023,0,481,321,305,493,319,305,427,733,723,305,73
385,1023,0,535,1023,0,580,379,305,564,361,305,427,786,773,305,73
330,1023,0,204,1023,0,452,315,305,497,325,305,427,723,695,305,73
416,1023,0,352,1023,0,508,333,305,523,331,305,428,741,715,305,73
382,1023,0,253,1023,0,509,319,305,553,327,305,428,750,740,305,73
302,1023,0,161,1023,0,465,322,305,505,318,305,428,675,667,305,73
562,1023,0,645,1023,0,583,356,305,578,361,305,428,801,783,305,73
395,1023,0,414,1023,0,559,351,305,537,346,305,428,758,735,305,73
362,1023,0,208,1023,0,499,321,305,479,321,305,428,736,712,305,73
497,1023,0,451,1023,0,554,335,305,539,328,305,428,767,746,305,73
422,1023,0,398,1023,0,562,352,305,568,337,305,428,771,742,305,73
370,1023,0,256,1023,0,511,323,305,567,350,305,428,737,710,305,73
208,1023,0,256,1023,0,478,323,305,489,319,305,428,619,600,305,73
615,1023,0,397,1023,0,503,329,305,0,319,305,429,753,719,305,73
518,1023,0,542,1023,0,560,353,305,469,334,305,429,746,724,305,73
335,1023,0,356,1023,0,483,321,305,398,316,305,429,733,702,305,73
360,1023,0,320,1023,0,520,336,305,515,336,305,429,734,715,305,73
441,1023,0,332,1023,0,525,334,305,563,335,305,429,750,737,305,73
496,1023,0,633,1023,0,544,343,305,538,335,305,429,767,750,305,73
463,1023,0,309,1023,0,538,353,305,518,340,305,429,745,729,305,73
470,1023,0,226,1023,0,504,329,305,491,320,305,429,740,724,305,73
401,1023,0,246,1023,0,462,323,305,456,319,305,429,753,735,305,73
498,1023,0,650,1023,0,562,345,305,567,346,305,429,784,763,305,73
376,1023,0,185,1023,0,498,332,305,409,321,305,429,721,708,305,73
301,1023,0,144,1023,0,506,327,305,482,321,305,429,699,683,305,73
394,1023,0,257,1023,0,432,317,305,508,321,305,429,749,727,305,73
285,1023,0,138,1023,0,433,314,305,425,312,305,429,637,622,305,73
340,1023,0,285,1023,0,507,326,305,466,322,305,429,734,725,305,73
449,1023,0,397,1023,0,542,337,305,543,338,305,429,750,732,305,73
547,1023,0,315,1023,0,544,339,305,522,330,305,430,777,749,305,73
372,1023,0,271,1023,0,530,338,305,524,325,305,430,742,725,305,73
606,1023,0,331,1023,0,517,326,305,540,332,305,430,772,742,305,73
397,1023,0,270,1023,0,489,325,305,506,325,305,430,748,729,305,73
328,1023,0,267,1023,0,506,329,305,500,321,305,430,743,704,305,73
344,1023,0,416,1023,0,511,328,305,671,444,305,430,750,730,305,73
436,1023,0,474,1023,0,519,333,305,547,337,305,430,755,708,305,73
397,1023,0,483,1023,0,537,339,305,529,333,305,430,768,754,305,73
350,1023,0,260,1023,0,512,331,305,521,327,305,430,743,728,305,73
473,1023,0,314,1023,0,519,335,305,555,331,305,430,769,747,305,73
354,1023,0,265,1023,0,477,318,305,469,325,305,430,717,705,305,73
421,1023,0,361,1023,0,530,337,305,505,329,305,430,753,737,305,73
527,1023,0,384,1023,0,512,323,305,496,324,305,430,746,715,305,73
419,1023,0,461,1023,0,518,338,305,525,340,305,430,770,752,305,73
381,1023,0,265,1023,0,246,316,305,490,323,305,430,716,702,305,73
723,1023,0,707,1023,0,578,344,305,613,349,305,430,822,754,305,73
466,1023,0,442,1023,0,541,336,305,526,334,305,430,771,743,305,73
320,1023,0,223,1023,0,422,320,305,467,321,305,431,714,702,305,73
492,1023,0,375,1023,0,519,333,305,507,323,305,431,765,749,305,73
534,1023,0,604,1023,0,547,337,305,555,339,305,431,794,767,305,73
541,1023,0,668,1023,0,563,357,305,555,345,305,431,781,756,305,73
405,1023,0,413,1023,0,529,335,305,533,332,305,431,742,704,305,73
358,1023,0,317,1023,0,476,326,305,500,323,305,431,741,728,305,73
738,1023,0,568,1023,0,554,341,305,547,339,305,431,797,711,305,73
326,1023,0,459,1023,0,518,332,305,543,339,305,431,747,706,305,73
369,1023,0,252,1023,0,476,320,305,507,323,305,431,744,725,305,73
433,1023,0,247,1023,0,465,323,305,500,326,305,431,740,727,305,73
426,1023,0,305,1023,0,525,336,305,481,328,305,431,759,743,305,73
475,1023,0,436,1023,0,540,338,305,594,353,305,431,754,726,305,73
466,1023,0,282,1023,0,521,340,305,519,342,305,431,741,730,305,73
308,1023,0,201,1023,0,465,324,305,450,313,305,431,723,713,305,73
250,1023,0,244,1023,0,454,322,305,479,322,305,431,724,710,305,73
270,1023,0,123,1023,0,333,314,305,488,317,305,432,664,646,305,73
382,1023,0,257,1023,0,516,330,305,485,323,305,432,726,701,305,73
400,1023,0,316,1023,0,494,334,305,516,321,305,432,744,710,305,73
346,1023,0,180,1023,0,492,320,305,0,316,305,432,706,694,305,73
446,1023,0,295,1023,0,537,339,305,511,333,305,432,754,744,305,73
478,1023,0,397,1023,0,504,323,305,528,335,305,432,761,735,305,73
567,1023,0,383,1023,0,544,346,305,556,340,305,432,762,746,305,73
269,1023,0,275,1023,0,535,344,305,532,335,305,432,755,740,305,73
307,1023,0,135,1023,0,461,323,305,476,317,305,432,715,701,305,73
432,1023,0,203,1023,0,474,328,305,447,317,305,432,736,723,305,73
693,1023,0,546,1023,0,555,333,305,561,344,305,432,745,691,305,73
432,1023,0,295,1023,0,494,328,305,490,324,305,432,748,736,305,73
431,1023,0,267,1023,0,500,333,305,495,330,305,432,740,702,305,73
545,1023,0,474,1023,0,557,346,305,567,339,305,432,787,769,305,73
368,1023,0,330,1023,0,499,322,305,541,340,305,432,760,738,305,73
366,1023,0,317,1023,0,533,334,305,526,335,305,432,751,725,305,73
571,1023,0,345,1023,0,500,325,305,512,326,305,432,748,722,305,73
378,1023,0,482,1023,0,529,338,305,526,341,305,432,761,740,305,73
362,1023,0,312,1023,0,500,331,305,517,329,305,432,735,727,305,73
351,1023,0,463,1023,0,513,332,305,565,353,305,432,765,746,305,73
436,1023,0,530,1023,0,538,328,305,535,336,305,432,760,741,305,73
421,1023,0,216,1023,0,448,322,305,528,326,305,433,745,713,305,73
451,1023,0,361,1023,0,510,326,305,497,328,305,433,749,722,305,73
487,1023,0,483,1023,0,544,346,305,540,335,305,433,778,762,305,73
388,1023,0,361,1023,0,479,325,305,456,321,305,433,768,745,305,73
403,1023,0,449,1023,0,549,352,305,551,352,305,433,729,710,305,73
421,1023,0,296,1023,0,510,328,305,516,323,305,433,759,733,305,73
363,1023,0,167,1023,0,445,318,305,422,313,305,433,701,686,305,73
442,1023,0,305,1023,0,530,336,305,497,325,305,433,743,723,305,73
460,1023,0,392,1023,0,530,335,305,534,334,305,433,765,754,305,73
421,1023,0,366,1023,0,526,335,305,544,334,305,433,744,711,305,73
384,1023,0,410,1023,0,498,331,305,533,333,305,433,749,732,305,73
439,1023,0,542,1023,0,556,356,305,611,371,305,433,784,761,305,73
498,1023,0,369,1023,0,550,341,305,537,327,305,433,760,734,305,73
385,1023,0,293,1023,0,451,317,305,340,312,305,433,739,724,305,73
313,1023,0,302,1023,0,510,323,305,490,324,305,434,739,713,305,73
359,1023,0,210,1023,0,552,344,305,519,331,305,434,734,710,305,73
407,1023,0,486,1023,0,547,332,305,527,327,305,434,760,734,305,73
425,1023,0,392,1023,0,547,347,305,524,339,305,434,766,734,305,73
446,1023,0,361,1023,0,522,327,305,497,330,305,434,698,684,305,73
419,1023,0,411,1023,0,527,338,305,506,320,305,434,768,754,305,73
630,1023,0,516,1023,0,555,342,305,563,353,305,434,774,750,305,73
600,1023,0,509,1023,0,581,338,305,559,334,305,434,793,738,305,73
466,1023,0,359,1023,0,516,332,305,529,326,305,434,731,706,305,73
546,1023,0,399,1023,0,521,334,305,547,331,305,434,752,715,305,73
289,1023,0,245,1023,0,518,333,305,534,327,305,434,740,730,305,73
657,1023,0,461,1023,0,544,332,305,621,386,305,434,816,741,305,73
397,1023,0,283,1023,0,529,327,305,559,343,305,434,764,752,305,73
397,1023,0,271,1023,0,482,322,305,516,328,305,434,729,694,305,73
423,1023,0,310,1023,0,506,328,305,529,338,305,434,739,717,305,73
492,1023,0,568,1023,0,581,356,305,559,337,305,435,777,753,305,73
418,1023,0,431,1023,0,537,334,305,534,328,305,435,757,714,305,73
369,1023,0,396,1023,0,539,336,305,555,334,305,435,763,745,305,73
354,1023,0,203,1023,0,504,322,305,510,336,305,435,714,691,305,73
256,1023,0,141,1023,0,0,309,305,0,309,305,435,513,481,305,73
368,1023,0,251,1023,0,472,321,305,433,317,305,435,737,726,305,73
487,1023,0,498,1023,0,537,330,305,577,350,305,435,769,749,305,73
361,1023,0,360,1023,0,521,327,305,549,340,305,435,741,714,305,73
335,1023,0,222,1023,0,465,324,305,477,320,305,435,753,742,305,73
434,1023,0,223,1023,0,519,333,305,499,325,305,435,738,725,305,73
484,1023,0,465,1023,0,593,371,305,579,347,305,435,769,724,305,73
455,1023,0,398,1023,0,509,332,305,529,333,305,435,766,745,305,73
424,1023,0,200,1023,0,521,328,305,451,323,305,435,755,737,305,73
410,1023,0,345,1023,0,545,344,305,596,372,305,435,709,690,305,73
462,1023,0,459,1023,0,530,339,305,542,338,305,435,763,745,305,73
382,1023,0,225,1023,0,505,327,305,474,319,305,436,707,698,305,73
453,1023,0,611,1023,0,553,358,305,566,356,305,436,772,756,305,73
302,1023,0,176,1023,0,487,320,305,539,326,305,436,694,675,305,73
436,1023,0,495,1023,0,544,339,305,532,329,305,436,778,763,305,73
281,1023,0,264,1023,0,454,320,305,459,325,305,436,692,678,305,73
369,1023,0,302,1023,0,485,324,305,561,345,305,436,751,729,305,73
684,1023,0,620,1023,0,534,332,305,587,335,305,436,779,733,305,73
335,1023,0,257,1023,0,493,321,305,525,327,305,436,729,716,305,73
420,1023,0,362,1023,0,543,336,305,505,330,305,436,737,712,305,73
499,1023,0,298,1023,0,502,332,305,506,330,305,436,750,718,305,73
400,1023,0,307,1023,0,526,332,305,524,327,305,436,743,727,305,73
308,1023,0,156,1023,0,459,326,305,513,318,305,436,701,667,305,73
228,1023,0,153,1023,0,462,317,305,468,315,305,436,551,528,305,73
440,1023,0,311,1023,0,550,339,305,521,327,305,436,723,701,305,73
387,1023,0,192,1023,0,514,323,305,473,321,305,436,736,725,305,73
498,1023,0,386,1023,0,548,338,305,526,327,305,436,773,756,305,73
439,1023,0,429,1023,0,513,325,305,528,325,305,437,771,754,305,73
567,1023,0,470,1023,0,538,335,305,572,341,305,437,780,740,305,73
541,1023,0,527,1023,0,557,348,305,545,345,305,437,782,738,305,73
760,1023,0,634,1023,0,573,343,305,597,341,305,437,807,744,305,73
378,1023,0,336,1023,0,516,335,305,530,338,305,437,733,710,305,73
318,1023,0,238,1023,0,487,328,305,492,326,305,437,734,715,305,73
485,1023,0,307,1023,0,464,313,305,533,324,305,437,720,685,305,73
326,1023,0,296,1023,0,497,320,305,529,329,305,437,684,624,305,73
373,1023,0,267,1023,0,477,327,305,529,328,305,437,719,701,305,73
511,1023,0,286,1023,0,522,335,305,538,340,305,437,749,715,305,73
410,1023,0,243,1023,0,508,327,305,500,325,305,437,739,727,305,73
446,1023,0,271,1023,0,463,324,305,514,328,305,437,700,678,305,73
346,1023,0,277,1023,0,500,330,305,464,323,305,437,725,717,305,73
398,1023,0,246,1023,0,469,323,305,459,319,305,437,719,700,305,73
470,1023,0,381,1023,0,518,330,305,507,324,305,438,761,730,305,73
366,1023,0,322,1023,0,513,337,305,572,348,305,438,757,728,305,73
338,1023,0,276,1023,0,491,321,305,539,331,305,438,733,723,305,73
333,1023,0,338,1023,0,525,322,305,0,329,305,438,715,704,305,73
298,1023,0,178,1023,0,472,333,305,515,329,305,438,734,721,305,73
295,1023,0,423,1023,0,540,344,305,544,338,305,438,760,738,305,73
309,1023,0,314,1023,0,513,337,305,530,333,305,438,740,703,305,73
511,1023,0,389,1023,0,539,337,305,492,328,305,438,731,686,305,73
337,1023,0,275,1023,0,489,330,305,497,321,305,438,728,715,305,73
571,1023,0,634,1023,0,589,349,305,565,341,305,438,805,773,305,73
402,1023,0,345,1023,0,517,335,305,507,324,305,438,748,697,305,73
353,1023,0,150,1023,0,425,316,305,441,313,305,438,689,676,305,73
627,1023,0,353,1023,0,517,335,305,539,332,305,438,777,743,305,73
315,1023,0,405,1023,0,500,332,305,518,336,305,438,767,754,305,73
531,1023,0,600,1023,0,552,343,305,551,334,305,438,775,753,305,73
361,1023,0,146,1023,0,0,311,305,0,313,305,438,679,667,305,73
341,1023,0,335,1023,0,487,322,305,530,331,305,438,766,742,305,73
470,1023,0,382,1023,0,524,326,305,555,328,305,438,764,721,305,73
405,1023,0,328,1023,0,502,331,305,525,333,305,438,758,723,305,73
310,1023,0,174,1023,0,410,317,305,464,315,305,438,709,689,305,73
247,1023,0,206,1023,0,491,327,305,446,319,305,438,723,708,305,73
361,1023,0,195,1023,0,476,317,305,421,316,305,439,728,688,305,73
342,1023,0,233,1023,0,474,323,305,404,315,305,439,721,693,305,73
602,1023,0,351,1023,0,545,325,305,468,323,305,439,746,710,305,73
345,1023,0,269,1023,0,436,319,305,426,317,305,439,737,724,305,73
439,1023,0,454,1023,0,553,332,305,549,341,305,439,751,730,305,73
338,1023,0,315,1023,0,505,331,305,533,331,305,439,750,730,305,73
329,1023,0,289,1023,0,531,338,305,537,336,305,439,739,717,305,73
286,1023,0,334,1023,0,512,325,305,507,322,305,439,745,698,305,73
374,1023,0,240,1023,0,489,321,305,470,320,305,439,734,711,305,73
387,1023,0,408,1023,0,523,338,305,553,337,305,439,754,719,305,73
597,1023,0,319,1023,0,530,329,305,558,333,305,440,763,740,305,73
499,1023,0,254,1023,0,502,323,305,516,333,305,440,689,650,305,73
386,1023,0,327,1023,0,508,330,305,483,325,305,440,731,717,305,73
443,1023,0,291,1023,0,474,327,305,467,327,305,440,730,712,305,73
459,1023,0,469,1023,0,530,333,305,460,322,305,440,713,698,305,73
464,1023,0,462,1023,0,528,336,305,529,334,305,440,769,729,305,73
486,1023,0,339,1023,0,509,330,305,518,324,305,440,756,732,305,73
376,1023,0,189,1023,0,447,316,305,478,317,305,440,714,687,305,73
374,1023,0,283,1023,0,491,322,305,649,445,305,440,759,743,305,73
397,1023,0,230,1023,0,522,334,305,0,316,305,440,705,693,305,73
355,1023,0,320,1023,0,515,322,305,0,308,305,440,601,559,305,73
397,1023,0,290,1023,0,490,328,305,0,325,305,440,725,684,305,73
317,1023,0,202,1023,0,508,334,305,0,318,305,440,696,677,305,73
490,1023,0,496,1023,0,551,350,305,499,334,305,440,759,724,305,73
475,1023,0,314,1023,0,517,330,305,498,328,305,440,753,737,305,73
447,1023,0,260,1023,0,530,329,305,502,323,305,440,753,735,305,73
403,1023,0,408,1023,0,517,338,305,597,352,305,441,753,739,305,73
485,1023,0,444,1023,0,527,332,305,516,332,305,441,761,748,305,73
356,1023,0,197,1023,0,525,318,305,489,320,305,441,729,711,305,73
346,1023,0,370,1023,0,501,323,305,528,329,305,441,729,718,305,73
400,1023,0,277,1023,0,484,320,305,510,322,305,441,722,699,305,73
386,1023,0,268,1023,0,492,322,305,535,330,305,441,730,713,305,73
344,1023,0,288,1023,0,503,324,305,496,322,305,441,715,688,305,73
310,1023,0,264,1023,0,479,325,305,537,330,305,441,717,705,305,73
383,1023,0,269,1023,0,490,327,305,469,321,305,441,745,718,305,73
340,1023,0,346,1023,0,514,336,305,520,336,305,441,740,728,305,73
397,1023,0,165,1023,0,452,317,305,521,326,305,441,728,719,305,73
528,1023,0,291,1023,0,517,330,305,526,325,305,442,753,724,305,73
382,1023,0,288,1023,0,488,328,305,509,324,305,442,705,659,305,73
272,1023,0,173,1023,0,456,316,305,507,321,305,442,719,702,305,73
666,1023,0,543,1023,0,568,352,305,612,381,305,442,803,775,305,73
413,1023,0,391,1023,0,544,341,305,509,333,305,442,772,750,305,73
355,1023,0,209,1023,0,497,320,305,527,345,305,442,740,716,305,73
491,1023,0,394,1023,0,570,350,305,561,341,305,442,774,742,305,73
338,1023,0,150,1023,0,470,315,305,429,314,305,442,693,668,305,73
505,1023,0,419,1023,0,527,333,305,554,335,305,443,775,729,305,73
407,1023,0,255,1023,0,504,322,305,549,329,305,443,741,726,305,73
472,1023,0,409,1023,0,515,331,305,568,334,305,443,755,737,305,73
419,1023,0,549,1023,0,546,342,305,544,343,305,443,781,763,305,73
320,1023,0,232,1023,0,505,337,305,465,326,305,443,728,718,305,73
429,1023,0,318,1023,0,506,326,305,572,361,305,443,714,695,305,73
455,1023,0,355,1023,0,485,320,305,528,329,305,443,737,718,305,73
344,1023,0,355,1023,0,540,336,305,533,329,305,443,756,748,305,73
510,1023,0,348,1023,0,537,331,305,484,327,305,443,754,715,305,73
408,1023,0,326,1023,0,498,328,305,722,551,305,443,747,731,305,73
407,1023,0,317,1023,0,542,335,305,535,325,305,443,761,730,305,73
379,1023,0,252,1023,0,502,326,305,508,320,305,443,742,730,305,73
222,1023,0,146,1023,0,464,322,305,452,319,305,443,503,464,305,73
470,1023,0,546,1023,0,564,346,305,582,355,305,443,768,748,305,73
350,1023,0,370,1023,0,527,333,305,530,336,305,443,751,734,305,73
521,1023,0,431,1023,0,556,343,305,578,346,305,444,752,725,305,73
385,1023,0,378,1023,0,550,342,305,521,330,305,444,761,746,305,73
415,1023,0,349,1023,0,524,344,305,539,332,305,444,755,732,305,73
396,1023,0,306,1023,0,530,335,305,524,331,305,444,736,711,305,73
631,1023,0,507,1023,0,545,335,305,550,336,305,444,758,739,305,73
474,1023,0,416,1023,0,534,334,305,536,333,305,445,750,727,305,73
316,1023,0,207,1023,0,515,332,305,435,319,305,445,693,672,305,73
458,1023,0,404,1023,0,511,329,305,522,335,305,445,763,742,305,73
678,1023,0,659,1023,0,595,357,305,602,362,305,445,829,797,305,73
363,1023,0,209,1023,0,460,321,305,494,317,305,445,711,702,305,73
428,1023,0,289,1023,0,537,332,305,531,326,305,445,754,730,305,73
513,1023,0,328,1023,0,513,333,305,491,326,305,445,759,737,305,73
440,1023,0,384,1023,0,532,342,305,559,342,305,445,766,748,305,73
421,1023,0,346,1023,0,518,322,305,586,347,305,446,753,693,305,73
242,1023,0,147,1023,0,428,315,305,454,313,305,446,679,664,305,73
426,1023,0,486,1023,0,539,344,305,522,328,305,446,771,743,305,73
576,1023,0,484,1023,0,549,343,305,561,328,305,446,765,712,305,73
385,1023,0,147,1023,0,426,316,305,484,324,305,446,697,673,305,73
430,1023,0,286,1023,0,557,357,305,537,336,305,446,769,750,305,73
410,1023,0,244,1023,0,477,320,305,510,333,305,446,747,716,305,73
542,1023,0,444,1023,0,537,340,305,525,339,305,446,771,747,305,73
506,1023,0,481,1023,0,545,335,305,554,330,305,446,763,745,305,73
404,1023,0,243,1023,0,511,331,305,568,349,305,446,740,711,305,73
427,1023,0,217,1023,0,481,320,305,440,317,305,446,726,688,305,73
409,1023,0,224,1023,0,493,332,305,498,327,305,446,739,723,305,73
300,1023,0,236,1023,0,468,322,305,500,318,305,446,710,694,305,73
279,1023,0,324,1023,0,574,353,305,563,351,305,446,703,690,305,73
469,1023,0,310,1023,0,513,334,305,541,331,305,446,766,748,305,73
627,1023,0,707,1023,0,579,353,305,611,378,305,447,795,776,305,73
377,1023,0,347,1023,0,488,325,305,489,328,305,447,728,713,305,73
355,1023,0,318,1023,0,494,328,305,496,321,305,447,750,729,305,73
331,1023,0,284,1023,0,547,351,305,521,335,305,447,733,711,305,73
325,1023,0,462,1023,0,523,331,305,572,355,305,447,780,765,305,73
436,1023,0,444,1023,0,527,339,305,529,337,305,447,757,742,305,73
405,1023,0,418,1023,0,542,340,305,531,331,305,447,772,749,305,73
375,1023,0,271,1023,0,414,314,305,498,323,305,447,744,732,305,73
355,1023,0,206,1023,0,502,326,305,526,326,305,447,744,736,305,73
292,1023,0,166,1023,0,477,318,305,459,318,305,447,722,703,305,73
271,1023,0,179,1023,0,494,332,305,530,330,305,447,723,714,305,73
352,1023,0,238,1023,0,533,338,305,534,336,305,447,727,696,305,73
467,1023,0,518,1023,0,536,343,305,543,337,305,447,779,762,305,73
337,1023,0,192,1023,0,451,318,305,494,322,305,447,719,683,305,73
404,1023,0,364,1023,0,517,333,305,519,330,305,447,753,740,305,73
516,1023,0,220,1023,0,466,316,305,560,334,305,447,751,705,305,73
491,1023,0,489,1023,0,569,352,305,559,346,305,448,797,772,305,73
454,1023,0,359,1023,0,534,337,305,508,330,305,448,749,728,305,73
340,1023,0,286,1023,0,519,330,305,532,334,305,448,754,739,305,73
413,1023,0,488,1023,0,559,337,305,532,330,305,448,758,745,305,73
197,1023,0,218,1023,0,495,319,305,651,426,305,448,625,562,305,73
557,1023,0,643,1023,0,568,347,305,573,347,305,448,756,724,305,73
359,1023,0,246,1023,0,534,330,305,490,325,305,448,747,725,305,73
589,1023,0,421,1023,0,522,328,305,593,341,305,448,730,663,305,73
505,1023,0,374,1023,0,503,329,305,521,319,305,448,778,762,305,73
369,1023,0,320,1023,0,509,326,305,552,336,305,448,748,738,305,73
448,1023,0,540,1023,0,537,333,305,554,335,305,448,765,743,305,73
350,1023,0,252,1023,0,464,319,305,527,321,305,448,701,678,305,73
466,1023,0,289,1023,0,506,328,305,503,326,305,449,743,717,305,73
359,1023,0,203,1023,0,516,334,305,542,331,305,449,708,686,305,73
354,1023,0,175,1023,0,508,322,305,457,315,305,449,703,690,305,73
416,1023,0,301,1023,0,513,327,305,473,319,305,449,740,724,305,73
393,1023,0,338,1023,0,522,341,305,513,330,305,449,758,743,305,73
510,1023,0,317,1023,0,485,327,305,584,358,305,449,765,746,305,73
503,1023,0,485,1023,0,538,331,305,519,332,305,449,771,718,305,73
459,1023,0,300,1023,0,469,321,305,456,322,305,450,755,729,305,73
422,1023,0,210,1023,0,467,320,305,422,317,305,450,730,702,305,73
604,1023,0,456,1023,0,612,402,305,605,390,305,450,807,786,305,73
341,1023,0,267,1023,0,480,324,305,481,322,305,450,736,697,305,73
388,1023,0,318,1023,0,551,346,305,568,338,305,450,761,744,305,73
428,1023,0,497,1023,0,541,348,305,537,333,305,450,763,718,305,73
533,1023,0,512,1023,0,544,338,305,543,329,305,450,766,743,305,73
547,1023,0,593,1023,0,548,338,305,544,337,305,450,781,763,305,73
454,1023,0,382,1023,0,498,328,305,562,347,305,450,730,701,305,73
460,1023,0,420,1023,0,495,328,305,566,354,305,450,752,735,305,73
373,1023,0,393,1023,0,544,340,305,529,330,305,450,762,738,305,73
636,1023,0,397,1023,0,528,344,305,547,338,305,450,754,734,305,73
364,1023,0,547,1023,0,556,352,305,555,348,305,450,742,727,305,73
424,1023,0,252,1023,0,506,323,305,517,329,305,450,735,716,305,73
324,1023,0,289,1023,0,468,321,305,398,314,305,450,729,704,305,73
284,1023,0,326,1023,0,477,323,305,438,319,305,450,740,727,305,73
504,1023,0,518,1023,0,568,350,305,588,361,305,450,785,759,305,73
445,1023,0,363,1023,0,529,324,305,549,333,305,450,740,699,305,73
458,1023,0,271,1023,0,478,320,305,471,317,305,451,698,660,305,73
448,1023,0,333,1023,0,476,325,305,483,316,305,451,763,743,305,73
420,1023,0,436,1023,0,560,339,305,533,337,305,451,751,719,305,73
600,1023,0,523,1023,0,560,337,305,572,347,305,451,793,763,305,73
346,1023,0,229,1023,0,421,316,305,454,313,305,451,745,736,305,73
539,1023,0,626,1023,0,578,355,305,581,347,305,451,777,748,305,73
403,1023,0,355,1023,0,506,320,305,526,325,305,451,755,733,305,73
685,1023,0,664,1023,0,570,345,305,634,379,305,451,821,758,305,73
528,1023,0,451,1023,0,527,329,305,551,337,305,451,766,735,305,73
398,1023,0,393,1023,0,537,346,305,553,341,305,451,764,747,305,73
398,1023,0,322,1023,0,504,329,305,555,338,305,451,737,684,305,73
298,1023,0,178,1023,0,489,325,305,0,326,305,452,692,681,305,73
381,1023,0,267,1023,0,462,327,305,485,320,305,452,735,711,305,73
530,1023,0,463,1023,0,534,341,305,564,347,305,452,777,756,305,73
384,1023,0,300,1023,0,519,333,305,526,336,305,452,732,725,305,73
322,1023,0,152,1023,0,384,314,305,469,317,305,452,726,707,305,73
233,1023,0,179,1023,0,509,329,305,511,324,305,452,741,729,305,73
423,1023,0,226,1023,0,492,327,305,500,323,305,452,753,738,305,73
420,1023,0,346,1023,0,488,323,305,461,316,305,452,739,712,305,73
368,1023,0,326,1023,0,516,326,305,477,321,305,452,743,698,305,73
477,1023,0,352,1023,0,508,318,305,561,348,305,452,709,672,305,73
512,1023,0,423,1023,0,544,336,305,536,330,305,452,773,750,305,73
400,1023,0,381,1023,0,520,337,305,634,407,305,452,765,720,305,73
324,1023,0,238,1023,0,503,330,305,546,338,305,453,714,701,305,73
194,1023,0,217,1023,0,0,306,305,0,309,305,453,292,311,305,73
360,1023,0,261,1023,0,546,337,305,530,334,305,453,732,708,305,73
348,1023,0,229,1023,0,514,324,305,531,330,305,453,718,705,305,73
469,1023,0,447,1023,0,545,337,305,554,336,305,453,692,667,305,73
477,1023,0,278,1023,0,490,315,305,486,320,305,453,710,690,305,73
350,1023,0,242,1023,0,443,320,305,493,328,305,453,705,690,305,73
423,1023,0,474,1023,0,535,333,305,542,340,305,453,757,738,305,73
375,1023,0,342,1023,0,543,344,305,513,328,305,453,742,712,305,73
309,1023,0,232,1023,0,471,325,305,514,329,305,453,714,697,305,73
300,1023,0,403,1023,0,534,341,305,536,339,305,453,769,756,305,73
446,1023,0,612,1023,0,564,339,305,576,365,305,453,775,754,305,73
618,1023,0,418,1023,0,543,333,305,624,358,305,453,824,744,305,73
408,1023,0,281,1023,0,489,330,305,440,324,305,453,747,722,305,73
460,1023,0,300,1023,0,515,326,305,493,327,305,454,753,735,305,73
422,1023,0,248,1023,0,493,327,305,473,327,305,454,737,726,305,73
372,1023,0,160,1023,0,440,321,305,442,318,305,454,710,695,305,73
563,1023,0,505,1023,0,647,430,305,634,411,305,454,811,778,305,73
419,1023,0,468,1023,0,530,337,305,537,331,305,454,779,763,305,73
550,1023,0,375,1023,0,525,335,305,541,335,305,454,735,713,305,73
455,1023,0,456,1023,0,534,335,305,505,326,305,454,659,616,305,73
336,1023,0,269,1023,0,516,336,305,535,330,305,454,748,732,305,73
485,1023,0,412,1023,0,511,331,305,517,331,305,454,765,748,305,73
478,1023,0,219,1023,0,522,328,305,461,321,305,454,761,744,305,73
510,1023,0,428,1023,0,578,368,305,550,353,305,454,757,731,305,73
489,1023,0,316,1023,0,459,316,305,513,325,305,454,727,701,305,73
409,1023,0,335,1023,0,505,325,305,476,326,305,454,744,703,305,73
355,1023,0,277,1023,0,498,323,305,484,322,305,455,729,706,305,73
277,1023,0,276,1023,0,504,333,305,534,340,305,455,731,717,305,73
304,1023,0,169,1023,0,483,320,305,429,314,305,455,720,707,305,73
332,1023,0,196,1023,0,470,320,305,521,332,305,455,718,697,305,73
326,1023,0,178,1023,0,520,327,305,534,329,305,455,710,690,305,73
373,1023,0,256,1023,0,513,329,305,611,416,305,455,743,720,305,73
404,1023,0,371,1023,0,547,348,305,565,349,305,455,764,739,305,73
608,1023,0,493,1023,0,571,360,305,574,353,305,455,780,761,305,73
452,1023,0,277,1023,0,495,325,305,482,322,305,455,738,706,305,73
487,1023,0,566,1023,0,556,352,305,557,343,305,455,767,745,305,73
507,1023,0,426,1023,0,524,329,305,529,329,305,455,757,735,305,73
460,1023,0,383,1023,0,517,329,305,488,328,305,455,755,739,305,73
545,1023,0,511,1023,0,563,339,305,597,359,305,455,743,714,305,73
293,1023,0,215,1023,0,494,326,305,537,339,305,455,719,693,305,73
288,1023,0,275,1023,0,442,322,305,520,329,305,456,751,726,305,73
327,1023,0,137,1023,0,474,326,305,477,317,305,456,722,709,305,73
273,1023,0,184,1023,0,467,318,305,458,320,305,456,708,699,305,73
349,1023,0,285,1023,0,526,329,305,540,334,305,456,756,738,305,73
423,1023,0,290,1023,0,515,327,305,521,327,305,456,741,724,305,73
348,1023,0,234,1023,0,468,321,305,482,315,305,456,713,708,305,73
388,1023,0,405,1023,0,504,329,305,507,328,305,456,733,720,305,73
556,1023,0,580,1023,0,557,346,305,560,348,305,456,769,728,305,73
348,1023,0,268,1023,0,504,325,305,673,448,305,456,752,703,305,73
424,1023,0,299,1023,0,461,319,305,454,317,305,456,735,710,305,73
456,1023,0,218,1023,0,501,321,305,519,319,305,456,731,694,305,73
349,1023,0,343,1023,0,519,341,305,499,333,305,457,768,758,305,73
252,1023,0,124,1023,0,386,316,305,320,310,305,457,663,658,305,73
369,1023,0,357,1023,0,524,337,305,508,329,305,457,748,737,305,73
460,1023,0,262,1023,0,474,318,305,0,318,305,457,727,706,305,73
299,1023,0,146,1023,0,470,323,305,496,322,305,457,683,673,305,73
366,1023,0,179,1023,0,479,320,305,506,322,305,457,731,710,305,73
207,1023,0,163,1023,0,444,316,305,415,317,305,457,729,719,305,73
404,1023,0,441,1023,0,547,337,305,524,340,305,457,761,749,305,73
540,1023,0,613,1023,0,543,333,305,533,333,305,457,664,594,305,73
447,1023,0,301,1023,0,531,331,305,520,331,305,457,759,745,305,73
524,1023,0,421,1023,0,522,327,305,590,365,305,457,749,731,305,73
346,1023,0,246,1023,0,471,318,305,455,318,305,457,714,698,305,73
324,1023,0,127,1023,0,442,319,305,475,316,305,457,683,665,305,73
302,1023,0,235,1023,0,506,332,305,533,327,305,457,729,710,305,73
381,1023,0,344,1023,0,519,335,305,462,326,305,457,735,724,305,73
380,1023,0,333,1023,0,508,335,305,542,332,305,458,774,757,305,73
476,1023,0,402,1023,0,546,342,305,538,337,305,458,754,729,305,73
394,1023,0,189,1023,0,418,316,305,409,316,305,458,702,672,305,73
333,1023,0,240,1023,0,514,328,305,474,318,305,458,714,696,305,73
364,1023,0,299,1023,0,532,338,305,505,332,305,458,726,709,305,73
445,1023,0,432,1023,0,555,344,305,535,337,305,458,765,736,305,73
478,1023,0,444,1023,0,500,329,305,468,322,305,458,728,685,305,73
425,1023,0,494,1023,0,530,332,305,525,336,305,458,758,716,305,73
329,1023,0,350,1023,0,541,339,305,531,337,305,458,768,742,305,73
222,1023,0,164,1023,0,412,315,305,407,314,305,458,530,519,305,73
440,1023,0,391,1023,0,529,333,305,553,335,305,458,738,708,305,73
370,1023,0,186,1023,0,510,330,305,441,325,305,458,745,729,305,73
409,1023,0,289,1023,0,505,328,305,427,321,305,458,751,727,305,73
442,1023,0,271,1023,0,493,328,305,463,324,305,458,746,723,305,73
394,1023,0,308,1023,0,510,327,305,481,319,305,459,723,686,305,73
483,1023,0,471,1023,0,564,346,305,518,334,305,459,779,760,305,146
440,1023,0,344,1023,0,484,322,305,525,323,305,459,745,699,305,146
500,1023,0,487,1023,0,519,328,305,549,330,305,459,746,724,305,146
712,1023,0,464,1023,0,549,332,305,553,330,305,459,802,719,305,146
212,1023,0,185,1023,0,507,328,305,525,322,305,459,711,698,305,146
420,1023,0,446,1023,0,503,329,305,540,336,305,459,769,751,305,146
342,1023,0,215,1023,0,339,317,305,418,316,305,459,716,705,305,146
451,1023,0,259,1023,0,499,325,305,479,321,305,459,718,681,305,146
294,1023,0,275,1023,0,525,330,305,532,338,305,459,762,751,305,146
413,1023,0,209,1023,0,523,331,305,462,321,305,459,744,720,305,146
394,1023,0,210,1023,0,469,321,305,189,314,305,460,725,695,305,146
348,1023,0,153,1023,0,452,323,305,325,316,305,460,687,667,305,146
501,1023,0,344,1023,0,541,338,305,521,330,305,460,764,745,305,146
338,1023,0,338,1023,0,558,350,305,556,343,305,460,731,706,305,146
400,1023,0,262,1023,0,540,341,305,518,331,305,460,736,725,305,146
344,1023,0,274,1023,0,485,324,305,450,319,305,460,729,719,305,146
365,1023,0,319,1023,0,502,332,305,498,330,305,460,723,705,305,146
395,1023,0,325,1023,0,492,321,305,478,322,305,460,730,691,305,146
394,1023,0,283,1023,0,484,320,305,512,331,305,460,715,677,305,146
515,1023,0,419,1023,0,528,330,305,533,327,305,460,735,705,305,146
437,1023,0,305,1023,0,526,337,305,480,322,305,460,740,709,305,146
495,1023,0,358,1023,0,516,331,305,542,332,305,460,776,757,305,146
371,1023,0,443,1023,0,521,338,305,524,334,305,460,774,758,305,146
310,1023,0,271,1023,0,498,331,305,528,334,305,460,754,745,305,146
361,1023,0,397,1023,0,563,356,305,552,342,305,461,780,756,305,146
327,1023,0,246,1023,0,480,321,305,513,321,305,461,627,602,305,146
510,1023,0,493,1023,0,544,342,305,524,335,305,461,730,696,305,146
707,1023,0,481,1023,0,534,331,305,552,338,305,461,749,735,305,146
325,1023,0,149,1023,0,479,321,305,507,325,305,461,691,682,305,146
275,1023,0,237,1023,0,466,319,305,699,519,305,461,756,729,305,146
421,1023,0,211,1023,0,511,332,305,517,325,305,461,739,718,305,146
326,1023,0,295,1023,0,498,326,305,487,320,305,461,735,705,305,146
500,1023,0,454,1023,0,548,341,305,525,334,305,461,773,755,305,146
400,1023,0,262,1023,0,475,319,305,0,321,305,461,707,679,305,146
387,1023,0,323,1023,0,518,329,305,519,330,305,461,739,725,305,146
508,1023,0,314,1023,0,495,321,305,512,327,305,462,749,738,305,146
448,1023,0,220,1023,0,494,324,305,431,323,305,462,740,715,305,146
435,1023,0,305,1023,0,497,327,305,480,321,305,462,743,696,305,146
408,1023,0,345,1023,0,519,325,305,487,321,305,462,735,712,305,146
448,1023,0,301,1023,0,508,327,305,511,327,305,462,716,670,305,146
387,1023,0,260,1023,0,513,329,305,492,322,305,462,745,725,305,146
402,1023,0,202,1023,0,492,322,305,484,321,305,462,710,695,305,146
528,1023,0,356,1023,0,545,339,305,552,333,305,462,774,754,305,146
463,1023,0,488,1023,0,556,341,305,591,343,305,463,798,775,305,146
480,1023,0,392,1023,0,476,324,305,402,328,305,463,765,726,305,146
370,1023,0,236,1023,0,511,333,305,517,325,305,463,733,721,305,146
338,1023,0,271,1023,0,493,323,305,511,324,305,463,721,712,305,146
698,1023,0,624,1023,0,560,337,305,582,345,305,463,793,715,305,146
285,1023,0,165,1023,0,479,323,305,471,318,305,463,698,690,305,146
368,1023,0,281,1023,0,530,331,305,502,326,305,463,784,769,305,146
430,1023,0,299,1023,0,478,324,305,590,379,305,463,741,726,305,146
462,1023,0,323,1023,0,546,332,305,510,326,305,463,763,750,305,146
376,1023,0,302,1023,0,491,322,305,501,323,305,463,765,755,305,146
461,1023,0,380,1023,0,528,338,305,538,336,305,463,766,752,305,146
410,1023,0,542,1023,0,549,346,305,556,343,305,463,749,738,305,146
414,1023,0,362,1023,0,511,334,305,550,337,305,463,745,733,305,146
253,1023,0,212,1023,0,524,337,305,536,340,305,463,724,707,305,146
318,1023,0,282,1023,0,500,326,305,506,321,305,464,722,709,305,146
471,1023,0,240,1023,0,515,332,305,514,322,305,464,725,709,305,146
452,1023,0,374,1023,0,507,320,305,521,328,305,464,732,710,305,146
703,1023,0,395,1023,0,542,329,305,561,336,305,464,797,716,305,146
376,1023,0,282,1023,0,426,316,305,518,322,305,464,736,680,305,146
460,1023,0,313,1023,0,498,332,305,486,320,305,464,751,740,305,146
509,1023,0,262,1023,0,476,324,305,495,323,305,464,727,703,305,146
483,1023,0,265,1023,0,476,326,305,389,315,305,464,755,727,305,146
394,1023,0,259,1023,0,490,331,305,505,325,305,464,746,726,305,146
461,1023,0,363,1023,0,531,334,305,456,326,305,464,724,705,305,146
500,1023,0,488,1023,0,520,332,305,549,341,305,464,768,747,305,146
476,1023,0,553,1023,0,576,347,305,546,336,305,464,758,732,305,146
341,1023,0,242,1023,0,494,321,305,414,318,305,464,728,709,305,146
462,1023,0,227,1023,0,460,321,305,467,324,305,465,757,745,305,146
389,1023,0,395,1023,0,541,344,305,524,334,305,465,776,756,305,146
469,1023,0,284,1023,0,537,335,305,528,327,305,465,742,714,305,146
449,1023,0,373,1023,0,529,325,305,571,331,305,465,760,744,305,146
494,1023,0,433,1023,0,603,401,305,572,365,305,465,774,752,305,146
318,1023,0,406,1023,0,517,331,305,512,333,305,465,745,738,305,146
254,1023,0,139,1023,0,432,316,305,433,312,305,465,692,669,305,146
488,1023,0,332,1023,0,506,325,305,549,329,305,465,755,739,305,146
443,1023,0,407,1023,0,533,331,305,567,339,305,465,752,735,305,146
535,1023,0,384,1023,0,489,331,305,534,335,305,465,746,693,305,146
360,1023,0,292,1023,0,513,329,305,538,335,305,465,740,708,305,146
456,1023,0,315,1023,0,504,325,305,518,325,305,465,751,741,305,146
626,1023,0,452,1023,0,472,314,305,515,317,305,465,741,688,305,146
542,1023,0,653,1023,0,595,362,305,610,344,305,465,801,735,305,146
388,1023,0,288,1023,0,517,335,305,548,329,305,465,743,727,305,146
508,1023,0,337,1023,0,526,331,305,513,330,305,465,799,756,305,146
406,1023,0,333,1023,0,518,333,305,525,327,305,465,728,717,305,146
330,1023,0,239,1023,0,516,330,305,519,328,305,466,732,723,305,146
284,1023,0,143,1023,0,449,313,305,360,310,305,466,426,395,305,146
432,1023,0,352,1023,0,517,332,305,560,330,305,466,757,730,305,146
446,1023,0,368,1023,0,505,335,305,612,384,305,466,773,752,305,146
374,1023,0,263,1023,0,503,325,305,509,323,305,466,730,713,305,146
477,1023,0,432,1023,0,532,336,305,526,333,305,466,772,749,305,146
503,1023,0,347,1023,0,488,330,305,563,338,305,466,772,757,305,146
335,1023,0,249,1023,0,461,323,305,472,323,305,466,757,739,305,146
442,1023,0,295,1023,0,501,332,305,518,335,305,466,753,724,305,146
419,1023,0,334,1023,0,506,329,305,450,323,305,466,697,670,305,146
341,1023,0,171,1023,0,483,318,305,438,319,305,467,675,645,305,146
501,1023,0,437,1023,0,505,328,305,529,330,305,467,756,741,305,146
338,1023,0,190,1023,0,495,331,305,500,329,305,467,718,700,305,146
629,1023,0,329,1023,0,514,322,305,455,315,305,467,628,533,305,146
559,1023,0,638,1023,0,557,347,305,568,343,305,467,779,750,305,146
347,1023,0,249,1023,0,467,321,305,471,318,305,467,729,713,305,146
398,1023,0,313,1023,0,497,321,305,475,320,305,467,712,699,305,146
550,1023,0,494,1023,0,546,335,305,583,341,305,467,730,701,305,146
348,1023,0,539,1023,0,576,363,305,556,347,305,467,760,739,305,146
416,1023,0,243,1023,0,491,331,305,478,319,305,467,660,619,305,146
358,1023,0,309,1023,0,544,332,305,511,321,305,467,750,736,305,146
500,1023,0,526,1023,0,520,323,305,703,521,305,467,754,717,305,146
400,1023,0,341,1023,0,531,337,305,556,338,305,467,760,745,305,146
318,1023,0,267,1023,0,479,323,305,513,323,305,467,730,705,305,146
402,1023,0,300,1023,0,509,323,305,462,320,305,467,736,700,305,146
379,1023,0,398,1023,0,547,347,305,534,341,305,467,756,732,305,146
346,1023,0,235,1023,0,512,324,305,463,322,305,467,709,688,305,146
357,1023,0,226,1023,0,490,318,305,521,328,305,468,759,738,305,146
272,1023,0,151,1023,0,477,324,305,0,315,305,468,701,695,305,146
373,1023,0,384,1023,0,522,325,305,517,328,305,468,760,736,305,146
419,1023,0,274,1023,0,509,325,305,518,325,305,468,766,753,305,146
480,1023,0,312,1023,0,514,330,305,508,326,305,468,726,705,305,146
397,1023,0,263,1023,0,498,322,305,447,320,305,468,744,729,305,146
421,1023,0,226,1023,0,499,334,305,503,325,305,468,744,734,305,146
495,1023,0,371,1023,0,530,339,305,517,325,305,468,763,743,305,146
353,1023,0,303,1023,0,517,328,305,524,330,305,468,742,722,305,146
329,1023,0,319,1023,0,526,334,305,531,324,305,468,717,685,305,146
542,1023,0,378,1023,0,529,327,305,538,328,305,468,748,729,305,146
432,1023,0,390,1023,0,513,328,305,518,328,305,469,752,723,305,146
317,1023,0,170,1023,0,493,333,305,502,329,305,469,699,678,305,146
337,1023,0,277,1023,0,522,326,305,517,333,305,469,729,718,305,146
430,1023,0,422,1023,0,523,325,305,539,336,305,469,745,730,305,146
384,1023,0,326,1023,0,495,334,305,483,321,305,469,730,714,305,146
405,1023,0,343,1023,0,510,324,305,460,323,305,469,752,730,305,146
456,1023,0,524,1023,0,548,348,305,659,439,305,470,794,776,305,146
578,1023,0,412,1023,0,523,339,305,544,329,305,470,792,773,305,146
423,1023,0,445,1023,0,563,352,305,564,344,305,470,773,730,305,146
346,1023,0,195,1023,0,471,322,305,503,322,305,470,738,713,305,146
320,1023,0,250,1023,0,478,324,305,426,316,305,470,745,732,305,146
307,1023,0,202,1023,0,511,320,305,499,320,305,470,702,692,305,146
440,1023,0,537,1023,0,580,354,305,613,352,305,470,781,762,305,146
517,1023,0,311,1023,0,478,331,305,497,331,305,470,757,743,305,146
492,1023,0,359,1023,0,522,327,305,555,327,305,470,746,699,305,146
466,1023,0,412,1023,0,506,335,305,525,330,305,470,762,749,305,146
362,1023,0,257,1023,0,530,338,305,528,338,305,470,758,736,305,146
476,1023,0,427,1023,0,518,333,305,524,342,305,470,757,742,305,146
398,1023,0,353,1023,0,573,364,305,556,350,305,470,769,758,305,146
458,1023,0,329,1023,0,531,341,305,524,328,305,471,760,742,305,146
696,1023,0,555,1023,0,579,345,305,602,340,305,471,764,727,305,146
335,1023,0,179,1023,0,504,330,305,405,325,305,471,603,554,305,146
309,1023,0,342,1023,0,537,332,305,525,328,305,471,756,744,305,146
483,1023,0,353,1023,0,506,331,305,526,329,305,471,754,728,305,146
246,1023,0,149,1023,0,456,316,305,518,325,305,471,660,646,305,146
388,1023,0,270,1023,0,510,332,305,532,335,305,471,735,725,305,146
363,1023,0,255,1023,0,454,323,305,522,323,305,471,737,728,305,146
224,1023,0,259,1023,0,458,319,305,483,321,305,471,524,504,305,146
499,1023,0,282,1023,0,518,328,305,374,316,305,471,726,707,305,146
630,1023,0,476,1023,0,567,332,305,562,340,305,471,795,727,305,146
564,1023,0,635,1023,0,542,337,305,527,329,305,471,653,584,305,146
445,1023,0,363,1023,0,494,323,305,534,337,305,471,729,680,305,146
407,1023,0,327,1023,0,520,331,305,482,321,305,471,758,747,305,146
197,1023,0,258,1023,0,479,326,305,506,320,305,471,521,495,305,146
289,1023,0,116,1023,0,387,315,305,406,312,305,471,686,677,305,146
311,1023,0,316,1023,0,550,347,305,533,338,305,471,729,690,305,146
393,1023,0,293,1023,0,508,329,305,604,401,305,471,733,710,305,146
357,1023,0,234,1023,0,502,328,305,551,328,305,472,677,636,305,146
414,1023,0,453,1023,0,547,344,305,537,345,305,472,758,734,305,146
442,1023,0,334,1023,0,502,327,305,503,326,305,472,758,740,305,146
442,1023,0,383,1023,0,549,355,305,517,336,305,472,711,691,305,146
368,1023,0,258,1023,0,512,325,305,483,322,305,472,761,739,305,146
265,1023,0,114,1023,0,455,314,305,0,315,305,472,659,645,305,146
358,1023,0,223,1023,0,491,331,305,540,331,305,472,745,724,305,146
406,1023,0,333,1023,0,493,324,305,475,322,305,472,752,738,305,146
362,1023,0,219,1023,0,499,326,305,500,326,305,472,728,707,305,146
215,1023,0,333,1023,0,457,321,305,461,323,305,472,501,473,305,146
471,1023,0,490,1023,0,556,344,305,617,377,305,472,790,767,305,146
252,1023,0,256,1023,0,361,316,305,584,366,305,472,650,609,305,146
453,1023,0,291,1023,0,506,331,305,454,321,305,472,737,699,305,146
342,1023,0,220,1023,0,491,321,305,490,322,305,473,707,671,305,146
511,1023,0,422,1023,0,464,321,305,563,349,305,473,761,732,305,146
311,1023,0,433,1023,0,461,317,305,473,320,305,473,596,563,305,146
638,1023,0,571,1023,0,561,333,305,542,329,305,473,806,723,305,146
299,1023,0,179,1023,0,505,331,305,490,322,305,473,706,698,305,146
265,1023,0,179,1023,0,492,323,305,517,324,305,473,708,687,305,146
368,1023,0,253,1023,0,500,329,305,520,324,305,473,707,667,305,146
403,1023,0,253,1023,0,529,339,305,502,334,305,473,739,713,305,146
348,1023,0,189,1023,0,390,315,305,471,315,305,473,678,654,305,146
431,1023,0,256,1023,0,468,328,305,484,320,305,473,736,700,305,146
552,1023,0,274,1023,0,506,331,305,498,324,305,473,748,718,305,146
633,1023,0,520,1023,0,554,330,305,566,335,305,473,810,752,305,146
515,1023,0,424,1023,0,526,328,305,495,325,305,473,766,732,305,146
354,1023,0,247,1023,0,486,328,305,502,324,305,474,711,689,305,146
558,1023,0,425,1023,0,511,329,305,511,330,305,474,773,738,305,146
452,1023,0,252,1023,0,504,326,305,493,328,305,474,746,730,305,146
520,1023,0,525,1023,0,521,338,305,533,338,305,474,795,769,305,146
225,1023,0,206,1023,0,538,336,305,507,326,305,474,735,721,305,146
208,1023,0,159,1023,0,451,320,305,459,316,305,474,516,508,305,146
350,1023,0,197,1023,0,479,317,305,500,319,305,474,711,675,305,146
416,1023,0,245,1023,0,482,326,305,0,325,305,474,728,717,305,146
416,1023,0,444,1023,0,549,341,305,553,342,305,474,783,770,305,146
492,1023,0,309,1023,0,509,325,305,500,319,305,475,744,729,305,146
289,1023,0,147,1023,0,413,315,305,524,343,305,475,696,683,305,146
499,1023,0,376,1023,0,542,343,305,501,333,305,475,762,737,305,146
317,1023,0,155,1023,0,465,324,305,477,314,305,475,694,687,305,146
309,1023,0,178,1023,0,491,326,305,501,319,305,475,732,721,305,146
446,1023,0,238,1023,0,499,325,305,515,322,305,475,733,702,305,146
335,1023,0,228,1023,0,497,325,305,457,314,305,475,691,678,305,146
427,1023,0,372,1023,0,520,336,305,485,327,305,475,739,726,305,146
479,1023,0,516,1023,0,549,341,305,549,340,305,475,776,756,305,146
379,1023,0,369,1023,0,501,329,305,509,323,305,475,744,712,305,146
340,1023,0,300,1023,0,554,343,305,564,343,305,475,747,726,305,146
525,1023,0,433,1023,0,547,334,305,550,336,305,475,741,708,305,146
666,1023,0,471,1023,0,552,333,305,534,331,305,475,797,728,305,146
438,1023,0,201,1023,0,494,324,305,450,316,305,476,693,680,305,146
521,1023,0,359,1023,0,462,320,305,460,317,305,476,754,702,305,146
340,1023,0,209,1023,0,440,320,305,465,322,305,476,713,696,305,146
455,1023,0,401,1023,0,509,329,305,548,335,305,476,746,729,305,146
405,1023,0,229,1023,0,464,319,305,518,322,305,476,729,693,305,146
365,1023,0,367,1023,0,522,335,305,707,563,305,476,784,772,305,146
409,1023,0,307,1023,0,522,329,305,490,331,305,476,763,748,305,146
421,1023,0,503,1023,0,551,345,305,551,338,305,476,781,763,305,146
427,1023,0,358,1023,0,535,339,305,523,335,305,476,757,731,305,146
453,1023,0,424,1023,0,512,326,305,507,330,305,476,760,746,305,146
461,1023,0,444,1023,0,528,329,305,524,325,305,476,750,718,305,146
554,1023,0,603,1023,0,548,338,305,557,343,305,476,785,745,305,146
410,1023,0,292,1023,0,467,323,305,483,322,305,477,725,715,305,146
498,1023,0,182,1023,0,501,327,305,432,319,305,477,740,725,305,146
266,1023,0,195,1023,0,531,335,305,587,369,305,477,662,613,305,146
373,1023,0,225,1023,0,483,322,305,427,322,305,477,727,704,305,146
385,1023,0,287,1023,0,476,326,305,479,320,305,477,754,741,305,146
445,1023,0,371,1023,0,508,327,305,505,332,305,477,750,712,305,146
384,1023,0,378,1023,0,519,327,305,540,332,305,477,754,721,305,146
358,1023,0,221,1023,0,459,320,305,577,346,305,477,725,708,305,146
342,1023,0,448,1023,0,540,335,305,530,338,305,477,767,738,305,146
404,1023,0,211,1023,0,451,322,305,455,319,305,477,750,726,305,146
688,1023,0,482,1023,0,566,336,305,549,326,305,477,797,721,305,146
269,1023,0,291,1023,0,517,337,305,546,341,305,477,751,741,305,146
286,1023,0,130,1023,0,479,316,305,428,311,305,477,702,693,305,146
483,1023,0,360,1023,0,499,324,305,554,346,305,477,746,718,305,146
405,1023,0,266,1023,0,521,335,305,553,329,305,478,751,730,305,146
418,1023,0,451,1023,0,558,346,305,532,332,305,478,771,734,305,146
399,1023,0,413,1023,0,529,337,305,533,331,305,478,754,736,305,146
419,1023,0,296,1023,0,519,333,305,517,330,305,478,725,704,305,146
419,1023,0,450,1023,0,507,327,305,526,333,305,478,767,750,305,146
660,1023,0,641,1023,0,583,353,305,569,342,305,478,768,719,305,146
357,1023,0,159,1023,0,478,321,305,467,319,305,478,726,711,305,146
372,1023,0,241,1023,0,498,328,305,486,323,305,478,748,725,305,146
318,1023,0,366,1023,0,500,330,305,566,346,305,478,791,763,305,146
295,1023,0,203,1023,0,490,326,305,529,328,305,478,711,686,305,146
463,1023,0,371,1023,0,512,327,305,558,336,305,478,750,729,305,146
633,1023,0,698,1023,0,614,383,305,591,365,305,478,814,779,305,146
349,1023,0,284,1023,0,507,329,305,518,326,305,479,715,702,305,146
318,1023,0,270,1023,0,508,337,305,526,332,305,479,731,721,305,146
421,1023,0,308,1023,0,475,328,305,641,417,305,479,764,742,305,146
358,1023,0,344,1023,0,501,327,305,562,345,305,479,755,724,305,146
452,1023,0,297,1023,0,495,327,305,497,325,305,479,715,693,305,146
411,1023,0,242,1023,0,487,327,305,514,327,305,479,726,710,305,146
523,1023,0,465,1023,0,541,335,305,560,341,305,479,762,735,305,146
593,1023,0,565,1023,0,537,341,305,517,332,305,479,729,711,305,146
708,1023,0,449,1023,0,618,387,305,626,385,305,479,807,775,305,146
410,1023,0,383,1023,0,525,331,305,575,357,305,479,761,726,305,146
426,1023,0,374,1023,0,494,328,305,496,322,305,479,725,709,305,146
342,1023,0,234,1023,0,452,315,305,475,319,305,479,727,718,305,146
364,1023,0,192,1023,0,490,328,305,499,324,305,480,725,709,305,146
359,1023,0,276,1023,0,556,347,305,526,332,305,480,731,711,305,146
393,1023,0,331,1023,0,513,329,305,470,322,305,480,751,739,305,146
579,1023,0,500,1023,0,559,354,305,561,342,305,480,777,748,305,146
466,1023,0,280,1023,0,513,334,305,509,324,305,480,750,728,305,146
338,1023,0,244,1023,0,514,332,305,454,317,305,480,725,699,305,146
439,1023,0,220,1023,0,466,320,305,371,315,305,480,737,710,305,146
454,1023,0,378,1023,0,505,326,305,546,320,305,480,766,746,305,146
382,1023,0,268,1023,0,485,331,305,507,322,305,480,750,741,305,146
498,1023,0,309,1023,0,504,322,305,486,321,305,480,695,663,305,146
372,1023,0,369,1023,0,505,326,305,516,323,305,480,753,734,305,146
412,1023,0,350,1023,0,452,316,305,497,321,305,480,728,716,305,146
392,1023,0,155,1023,0,465,318,305,491,322,305,480,696,662,305,146
505,1023,0,436,1023,0,537,332,305,520,329,305,480,747,717,305,146
432,1023,0,297,1023,0,484,322,305,462,321,305,480,742,728,305,146
573,1023,0,597,1023,0,621,379,305,666,422,305,480,793,760,305,146
275,1023,0,267,1023,0,516,328,305,521,322,305,481,726,709,305,146
427,1023,0,295,1023,0,490,331,305,490,330,305,481,762,746,305,146
599,1023,0,709,1023,0,566,351,305,593,343,305,481,771,723,305,146
509,1023,0,300,1023,0,508,333,305,475,324,305,481,760,746,305,146
408,1023,0,197,1023,0,539,350,305,517,336,305,481,735,711,305,146
390,1023,0,181,1023,0,465,319,305,458,316,305,481,703,688,305,146
363,1023,0,237,1023,0,505,327,305,452,320,305,481,724,706,305,146
348,1023,0,212,1023,0,489,330,305,515,326,305,481,714,708,305,146
646,1023,0,501,1023,0,634,403,305,638,392,305,481,815,777,305,146
246,1023,0,157,1023,0,485,323,305,504,323,305,481,697,684,305,146
305,1023,0,185,1023,0,509,322,305,454,317,305,481,709,700,305,146
468,1023,0,332,1023,0,505,324,305,535,326,305,481,745,729,305,146
397,1023,0,314,1023,0,529,334,305,548,344,305,482,755,738,305,146
299,1023,0,304,1023,0,516,328,305,554,330,305,482,745,717,305,146
501,1023,0,317,1023,0,483,326,305,479,318,305,482,719,700,305,146
478,1023,0,434,1023,0,533,335,305,528,329,305,482,752,731,305,146
443,1023,0,333,1023,0,468,323,305,477,319,305,482,761,745,305,146
450,1023,0,336,1023,0,546,340,305,552,331,305,482,774,757,305,146
404,1023,0,278,1023,0,467,323,305,523,329,305,482,765,740,305,146
641,1023,0,682,1023,0,582,346,305,590,350,305,482,776,748,305,146
369,1023,0,262,1023,0,474,319,305,464,321,305,482,714,678,305,146
692,1023,0,526,1023,0,576,340,305,597,346,305,482,816,750,305,146
447,1023,0,250,1023,0,488,323,305,497,320,305,482,710,693,305,146
323,1023,0,314,1023,0,552,344,305,563,340,305,482,737,718,305,146
426,1023,0,532,1023,0,539,336,305,553,346,305,482,768,754,305,146
436,1023,0,285,1023,0,512,334,305,517,330,305,482,739,711,305,146
436,1023,0,278,1023,0,537,332,305,442,327,305,482,751,738,305,146
485,1023,0,332,1023,0,522,334,305,511,321,305,482,718,705,305,146
324,1023,0,287,1023,0,524,334,305,525,333,305,482,721,694,305,146
426,1023,0,328,1023,0,509,329,305,572,353,305,483,736,714,305,146
706,1023,0,622,1023,0,551,327,305,550,336,305,483,811,761,305,146
376,1023,0,334,1023,0,511,334,305,499,319,305,483,751,738,305,146
434,1023,0,350,1023,0,494,325,305,510,332,305,483,729,716,305,146
646,1023,0,359,1023,0,514,324,305,562,335,305,483,762,691,305,146
364,1023,0,307,1023,0,489,328,305,509,329,305,483,723,692,305,146
453,1023,0,305,1023,0,517,330,305,530,330,305,483,748,733,305,146
379,1023,0,218,1023,0,441,314,305,485,319,305,483,723,712,305,146
361,1023,0,287,1023,0,502,320,305,460,317,305,483,754,743,305,146
472,1023,0,468,1023,0,558,348,305,562,350,305,483,742,703,305,146
368,1023,0,277,1023,0,505,337,305,493,330,305,483,730,698,305,146
281,1023,0,333,1023,0,526,335,305,539,335,305,483,744,730,305,146
364,1023,0,216,1023,0,457,324,305,462,321,305,483,731,719,305,146
529,1023,0,436,1023,0,509,323,305,561,330,305,483,767,752,305,146
448,1023,0,240,1023,0,491,328,305,498,329,305,483,746,707,305,146
291,1023,0,168,1023,0,463,314,305,490,318,305,484,533,482,305,146
298,1023,0,230,1023,0,499,326,305,519,327,305,484,738,714,305,146
488,1023,0,393,1023,0,521,323,305,554,331,305,484,736,712,305,146
441,1023,0,448,1023,0,534,339,305,528,338,305,484,769,749,305,146
472,1023,0,317,1023,0,523,324,305,464,319,305,484,748,731,305,146
342,1023,0,213,1023,0,471,320,305,465,325,305,484,689,674,305,146
335,1023,0,189,1023,0,488,325,305,486,318,305,484,737,717,305,146
296,1023,0,102,1023,0,442,313,305,463,315,305,484,677,673,305,146
303,1023,0,247,1023,0,460,321,305,431,313,305,485,706,689,305,146
441,1023,0,560,1023,0,556,343,305,559,337,305,485,760,743,305,146
509,1023,0,457,1023,0,541,341,305,529,334,305,485,753,728,305,146
477,1023,0,237,1023,0,546,336,305,496,332,305,485,734,716,305,146
497,1023,0,367,1023,0,517,318,305,572,331,305,485,764,740,305,146
403,1023,0,388,1023,0,550,332,305,551,334,305,485,725,700,305,146
361,1023,0,251,1023,0,466,317,305,526,320,305,485,728,708,305,146
465,1023,0,255,1023,0,523,331,305,449,326,305,485,753,740,305,146
392,1023,0,185,1023,0,499,322,305,450,317,305,485,679,645,305,146
611,1023,0,669,1023,0,545,341,305,557,348,305,485,739,692,305,146
453,1023,0,382,1023,0,535,343,305,513,329,305,485,728,705,305,146
392,1023,0,316,1023,0,522,331,305,517,333,305,485,739,724,305,146
430,1023,0,452,1023,0,525,330,305,550,340,305,485,743,726,305,146
403,1023,0,178,1023,0,513,328,305,468,319,305,486,747,730,305,146
320,1023,0,153,1023,0,487,325,305,546,331,305,486,702,682,305,146
257,1023,0,155,1023,0,0,314,305,593,386,305,486,663,624,305,146
423,1023,0,387,1023,0,542,345,305,556,345,305,486,772,749,305,146
372,1023,0,352,1023,0,500,331,305,509,330,305,486,730,714,305,146
456,1023,0,267,1023,0,526,332,305,516,324,305,486,741,721,305,146
288,1023,0,203,1023,0,510,328,305,484,319,305,486,740,729,305,146
311,1023,0,230,1023,0,435,318,305,480,320,305,486,733,716,305,146
328,1023,0,185,1023,0,495,324,305,514,326,305,486,728,714,305,146
459,1023,0,316,1023,0,494,328,305,457,322,305,486,731,703,305,146
422,1023,0,327,1023,0,474,327,305,505,322,305,486,729,681,305,146
340,1023,0,345,1023,0,546,336,305,0,339,305,487,747,727,305,146
609,1023,0,454,1023,0,533,328,305,582,335,305,487,790,713,305,146
376,1023,0,239,1023,0,470,320,305,476,320,305,487,727,708,305,146
364,1023,0,253,1023,0,508,330,305,485,322,305,487,741,720,305,146
580,1023,0,367,1023,0,551,348,305,506,338,305,487,742,719,305,146
348,1023,0,196,1023,0,493,323,305,482,320,305,487,735,726,305,146
510,1023,0,412,1023,0,508,329,305,550,333,305,487,745,723,305,146
499,1023,0,548,1023,0,569,353,305,600,370,305,487,765,749,305,146
375,1023,0,281,1023,0,517,324,305,510,325,305,488,731,710,305,146
448,1023,0,432,1023,0,523,336,305,584,345,305,488,768,747,305,146
395,1023,0,287,1023,0,519,328,305,492,324,305,488,732,721,305,146
244,1023,0,135,1023,0,454,319,305,459,316,305,488,682,672,305,146
399,1023,0,280,1023,0,514,331,305,502,326,305,488,774,760,305,146
303,1023,0,419,1023,0,531,342,305,519,333,305,488,755,719,305,146
309,1023,0,309,1023,0,525,335,305,507,323,305,488,750,731,305,146
463,1023,0,425,1023,0,504,325,305,557,336,305,488,761,735,305,146
466,1023,0,276,1023,0,529,340,305,497,332,305,488,751,736,305,146
702,1023,0,525,1023,0,553,325,305,561,328,305,488,799,717,305,146
457,1023,0,409,1023,0,534,349,305,543,334,305,488,748,733,305,146
426,1023,0,241,1023,0,517,328,305,520,327,305,489,712,698,305,146
323,1023,0,148,1023,0,517,324,305,477,317,305,489,701,684,305,146
388,1023,0,321,1023,0,561,329,305,506,321,305,489,729,710,305,146
520,1023,0,405,1023,0,552,340,305,566,346,305,489,767,752,305,146
304,1023,0,160,1023,0,485,320,305,499,314,305,489,710,700,305,146
440,1023,0,275,1023,0,512,333,305,489,328,305,489,741,728,305,146
501,1023,0,480,1023,0,520,329,305,528,321,305,489,762,727,305,146
467,1023,0,449,1023,0,546,339,305,531,329,305,489,768,750,305,146
561,1023,0,468,1023,0,519,330,305,545,336,305,489,778,751,305,146
443,1023,0,331,1023,0,520,336,305,548,336,305,489,746,734,305,146
331,1023,0,136,1023,0,413,319,305,445,315,305,489,720,703,305,146
450,1023,0,354,1023,0,554,353,305,553,349,305,489,728,716,305,146
305,1023,0,150,1023,0,506,324,305,482,320,305,489,728,719,305,146
493,1023,0,288,1023,0,529,334,305,526,329,305,489,755,739,305,146
453,1023,0,579,1023,0,546,342,305,566,342,305,490,780,752,305,146
441,1023,0,369,1023,0,527,324,305,548,334,305,490,695,620,305,146
394,1023,0,277,1023,0,511,332,305,512,330,305,490,757,744,305,146
305,1023,0,244,1023,0,534,339,305,517,331,305,490,727,710,305,146
300,1023,0,129,1023,0,480,319,305,463,315,305,490,696,684,305,146
383,1023,0,332,1023,0,490,327,305,516,329,305,490,755,731,305,146
390,1023,0,213,1023,0,457,318,305,361,318,305,490,723,708,305,146
263,1023,0,120,1023,0,530,325,305,499,325,305,490,710,688,305,146
278,1023,0,415,1023,0,531,329,305,719,480,305,490,702,601,305,146
419,1023,0,294,1023,0,518,326,305,521,328,305,490,721,694,305,146
386,1023,0,272,1023,0,500,329,305,498,325,305,490,748,738,305,146
373,1023,0,139,1023,0,464,321,305,521,324,305,491,699,679,305,146
632,1023,0,414,1023,0,547,334,305,570,331,305,491,799,732,305,146
517,1023,0,396,1023,0,535,326,305,528,323,305,491,738,697,305,146
288,1023,0,266,1023,0,528,332,305,532,338,305,491,734,725,305,146
598,1023,0,392,1023,0,539,336,305,535,345,305,491,750,730,305,146
475,1023,0,435,1023,0,548,344,305,521,338,305,491,753,736,305,146
251,1023,0,195,1023,0,518,329,305,456,323,305,491,736,729,305,146
339,1023,0,363,1023,0,509,330,305,519,319,305,491,736,718,305,146
367,1023,0,261,1023,0,498,322,305,501,325,305,491,715,694,305,146
327,1023,0,251,1023,0,477,317,305,447,316,305,491,724,709,305,146
426,1023,0,332,1023,0,518,332,305,477,327,305,491,751,735,305,146
414,1023,0,444,1023,0,522,334,305,519,328,305,491,731,716,305,146
364,1023,0,361,1023,0,518,324,305,527,333,305,492,718,704,305,146
413,1023,0,387,1023,0,503,323,305,526,330,305,492,758,734,305,146
452,1023,0,423,1023,0,530,334,305,531,330,305,492,654,594,305,146
427,1023,0,352,1023,0,526,333,305,556,325,305,492,774,758,305,146
425,1023,0,315,1023,0,488,320,305,465,317,305,492,746,733,305,146
264,1023,0,153,1023,0,429,316,305,502,316,305,492,696,688,305,146
382,1023,0,317,1023,0,503,332,305,526,328,305,492,763,738,305,146
453,1023,0,253,1023,0,475,327,305,513,323,305,492,698,658,305,146
311,1023,0,196,1023,0,443,317,305,0,310,305,492,723,711,305,146
355,1023,0,362,1023,0,484,321,305,522,318,305,492,748,719,305,146
356,1023,0,276,1023,0,473,322,305,539,323,305,493,722,706,305,146
773,1023,0,584,1023,0,561,348,305,575,342,305,493,793,734,305,146
341,1023,0,222,1023,0,460,316,305,510,322,305,493,688,676,305,146
340,1023,0,137,1023,0,530,324,305,410,318,305,493,705,686,305,146
711,1023,0,569,1023,0,560,335,305,561,327,305,493,806,759,305,146
278,1023,0,164,1023,0,477,322,305,489,318,305,493,700,693,305,146
193,1023,0,239,1023,0,523,343,305,530,344,305,493,733,724,305,146
277,1023,0,245,1023,0,489,321,305,498,320,305,493,682,666,305,146
406,1023,0,496,1023,0,536,340,305,541,328,305,493,769,746,305,146
317,1023,0,142,1023,0,401,310,305,471,321,305,493,700,674,305,146
374,1023,0,204,1023,0,536,330,305,510,322,305,493,726,699,305,146
472,1023,0,281,1023,0,495,325,305,482,324,305,493,748,730,305,146
337,1023,0,178,1023,0,435,315,305,426,318,305,493,729,711,305,146
375,1023,0,200,1023,0,520,331,305,554,333,305,493,719,706,305,146
446,1023,0,279,1023,0,480,330,305,509,326,305,493,755,739,305,146
477,1023,0,419,1023,0,539,333,305,528,333,305,493,769,734,305,146
278,1023,0,277,1023,0,532,342,305,471,331,305,493,705,690,305,146
319,1023,0,143,1023,0,498,328,305,502,331,305,493,686,672,305,146
339,1023,0,133,1023,0,443,320,305,480,319,305,493,694,666,305,146
399,1023,0,461,1023,0,532,337,305,547,336,305,493,769,739,305,146
306,1023,0,196,1023,0,389,318,305,440,317,305,494,689,677,305,146
356,1023,0,324,1023,0,516,341,305,567,334,305,494,757,742,305,146
295,1023,0,156,1023,0,439,320,305,347,316,305,494,710,689,305,146
513,1023,0,393,1023,0,535,335,305,537,326,305,494,731,703,305,146
335,1023,0,226,1023,0,504,328,305,518,323,305,494,695,669,305,146
420,1023,0,171,1023,0,468,320,305,565,360,305,494,735,719,305,146
371,1023,0,225,1023,0,505,336,305,463,326,305,494,721,701,305,146
387,1023,0,251,1023,0,483,320,305,408,318,305,494,712,674,305,146
347,1023,0,182,1023,0,478,326,305,474,323,305,494,720,708,305,146
437,1023,0,363,1023,0,498,325,305,498,326,305,494,736,714,305,146
522,1023,0,440,1023,0,581,362,305,585,361,305,494,783,762,305,146
674,1023,0,585,1023,0,536,334,305,549,334,305,494,806,774,305,146
224,1023,0,221,1023,0,502,322,305,518,323,305,494,667,623,305,146
364,1023,0,292,1023,0,504,330,305,666,458,305,494,775,752,305,146
359,1023,0,221,1023,0,466,322,305,501,323,305,494,687,671,305,146
354,1023,0,511,1023,0,554,352,305,542,341,305,495,759,737,305,146
292,1023,0,265,1023,0,487,322,305,472,324,305,495,729,714,305,146
361,1023,0,272,1023,0,483,321,305,471,318,305,495,712,697,305,146
466,1023,0,422,1023,0,537,341,305,538,330,305,495,769,756,305,146
512,1023,0,385,1023,0,531,345,305,526,333,305,495,764,739,305,146
427,1023,0,310,1023,0,499,321,305,505,327,305,495,740,726,305,146
464,1023,0,451,1023,0,541,344,305,547,337,305,495,758,724,305,146
358,1023,0,304,1023,0,536,329,305,521,321,305,495,739,720,305,146
417,1023,0,460,1023,0,525,330,305,542,335,305,495,743,714,305,146
394,1023,0,333,1023,0,504,329,305,531,334,305,495,739,703,305,146
403,1023,0,260,1023,0,509,339,305,530,325,305,495,725,709,305,146
446,1023,0,317,1023,0,503,332,305,468,326,305,495,745,731,305,146
252,1023,0,105,1023,0,428,315,305,377,312,305,496,697,681,305,146
685,1023,0,638,1023,0,562,358,305,552,345,305,496,692,626,305,146
348,1023,0,326,1023,0,489,325,305,548,327,305,496,750,742,305,146
432,1023,0,459,1023,0,502,326,305,668,454,305,496,747,711,305,146
358,1023,0,200,1023,0,483,325,305,384,319,305,496,734,717,305,146
471,1023,0,318,1023,0,488,321,305,501,328,305,496,574,497,305,146
363,1023,0,177,1023,0,493,327,305,437,316,305,496,734,724,305,146
541,1023,0,420,1023,0,503,322,305,493,323,305,496,727,699,305,146
407,1023,0,229,1023,0,510,331,305,489,325,305,496,707,693,305,146
455,1023,0,388,1023,0,538,344,305,527,336,305,496,764,737,305,146
428,1023,0,318,1023,0,495,324,305,517,330,305,496,736,706,305,146
346,1023,0,171,1023,0,452,317,305,474,317,305,496,735,712,305,146
500,1023,0,469,1023,0,553,330,305,524,329,305,496,749,732,305,146
387,1023,0,304,1023,0,471,319,305,517,332,305,497,754,740,305,146
716,1023,0,431,1023,0,488,326,305,527,328,305,497,800,721,305,146
523,1023,0,446,1023,0,524,333,305,519,322,305,497,732,688,305,146
347,1023,0,306,1023,0,502,324,305,484,324,305,497,741,720,305,146
612,1023,0,478,1023,0,523,338,305,557,344,305,497,768,745,305,146
471,1023,0,347,1023,0,504,326,305,533,327,305,497,750,736,305,146
334,1023,0,229,1023,0,514,328,305,534,328,305,497,753,727,305,146
298,1023,0,298,1023,0,461,318,305,493,319,305,497,654,632,305,146
560,1023,0,562,1023,0,541,345,305,573,356,305,497,769,742,305,146
339,1023,0,266,1023,0,533,338,305,494,331,305,497,748,737,305,146
451,1023,0,352,1023,0,524,334,305,521,328,305,497,742,719,305,146
416,1023,0,304,1023,0,508,321,305,519,323,305,497,773,754,305,146
398,1023,0,338,1023,0,490,328,305,531,325,305,497,743,713,305,146
480,1023,0,320,1023,0,531,334,305,514,322,305,497,752,732,305,146
290,1023,0,186,1023,0,422,320,305,496,320,305,497,704,696,305,146
389,1023,0,216,1023,0,482,324,305,497,324,305,497,733,713,305,146
645,1023,0,432,1023,0,551,351,305,595,355,305,497,791,778,305,146
340,1023,0,184,1023,0,487,322,305,433,318,305,497,698,684,305,146
280,1023,0,114,1023,0,299,316,305,485,319,305,497,653,643,305,146
417,1023,0,206,1023,0,491,329,305,441,318,305,497,754,742,305,146
466,1023,0,338,1023,0,519,324,305,531,325,305,497,764,736,305,146
301,1023,0,192,1023,0,524,337,305,533,328,305,498,676,665,305,146
400,1023,0,253,1023,0,505,326,305,461,326,305,498,733,711,305,146
515,1023,0,389,1023,0,533,338,305,561,348,305,498,734,712,305,146
502,1023,0,416,1023,0,547,350,305,552,338,305,498,777,754,305,146
524,1023,0,371,1023,0,524,334,305,539,328,305,498,760,725,305,146
299,1023,0,202,1023,0,467,316,305,527,343,305,498,693,686,305,146
377,1023,0,422,1023,0,546,334,305,569,346,305,498,689,668,305,146
427,1023,0,221,1023,0,449,315,305,260,311,305,498,717,696,305,146
407,1023,0,470,1023,0,522,337,305,566,359,305,498,676,618,305,146
401,1023,0,351,1023,0,533,335,305,511,330,305,498,756,734,305,146
380,1023,0,338,1023,0,457,315,305,447,324,305,498,739,712,305,146
505,1023,0,279,1023,0,506,333,305,428,323,305,498,715,697,305,146
691,1023,0,422,1023,0,555,331,305,538,320,305,498,736,701,305,146
680,1023,0,689,1023,0,567,336,305,571,333,305,498,807,754,305,146
344,1023,0,201,1023,0,543,331,305,511,332,305,498,690,673,305,146
397,1023,0,273,1023,0,507,324,305,498,330,305,498,714,692,305,146
426,1023,0,283,1023,0,500,330,305,486,327,305,498,737,724,305,146
614,1023,0,583,1023,0,591,379,305,645,409,305,498,824,780,305,146
323,1023,0,176,1023,0,459,316,305,440,312,305,499,708,701,305,146
557,1023,0,588,1023,0,541,339,305,561,340,305,499,783,767,305,146
344,1023,0,218,1023,0,448,317,305,479,314,305,499,735,723,305,146
411,1023,0,495,1023,0,531,341,305,503,324,305,499,688,641,305,146
244,1023,0,357,1023,0,493,316,305,680,446,305,499,634,539,305,146
311,1023,0,208,1023,0,453,319,305,499,318,305,499,753,736,305,146
404,1023,0,326,1023,0,530,333,305,504,332,305,499,759,744,305,146
462,1023,0,278,1023,0,467,317,305,513,323,305,499,752,733,305,146
423,1023,0,385,1023,0,533,340,305,518,330,305,499,753,741,305,146
315,1023,0,210,1023,0,410,317,305,580,377,305,499,715,704,305,146
481,1023,0,579,1023,0,565,352,305,563,342,305,499,824,790,305,146
478,1023,0,421,1023,0,562,350,305,561,351,305,499,722,698,305,146
751,1023,0,569,1023,0,590,338,305,588,339,305,499,827,754,305,146
381,1023,0,429,1023,0,517,329,305,554,334,305,499,743,724,305,146
439,1023,0,307,1023,0,519,328,305,536,327,305,499,749,729,305,146
353,1023,0,184,1023,0,477,321,305,482,324,305,499,693,683,305,146
473,1023,0,193,1023,0,460,314,305,454,316,305,500,726,698,305,146
475,1023,0,404,1023,0,507,322,305,523,324,305,500,758,737,305,146
460,1023,0,497,1023,0,526,343,305,568,340,305,500,732,696,305,146
290,1023,0,358,1023,0,519,338,305,526,333,305,500,762,737,305,146
661,1023,0,478,1023,0,558,334,305,537,327,305,500,792,711,305,146
474,1023,0,490,1023,0,535,340,305,538,332,305,500,751,721,305,146
452,1023,0,427,1023,0,524,325,305,526,329,305,500,736,700,305,146
429,1023,0,292,1023,0,492,325,305,462,318,305,500,738,713,305,146
743,1023,0,611,1023,0,642,429,305,635,416,305,500,843,810,305,146
499,1023,0,376,1023,0,498,321,305,476,324,305,500,750,724,305,146
402,1023,0,595,1023,0,546,339,305,616,380,305,500,748,727,305,146
456,1023,0,505,1023,0,537,341,305,519,335,305,500,770,751,305,146
711,1023,0,663,1023,0,583,352,305,585,352,305,500,834,763,305,146
319,1023,0,172,1023,0,465,324,305,427,322,305,500,718,703,305,146
424,1023,0,350,1023,0,477,324,305,549,332,305,501,755,717,305,146
482,1023,0,514,1023,0,506,325,305,520,328,305,501,738,703,305,146
369,1023,0,408,1023,0,527,326,305,534,326,305,501,749,726,305,146
343,1023,0,295,1023,0,567,357,305,567,356,305,501,751,715,305,146
519,1023,0,604,1023,0,568,358,305,562,353,305,501,778,749,305,146
379,1023,0,332,1023,0,497,327,305,525,331,305,501,749,731,305,146
556,1023,0,441,1023,0,584,353,305,597,358,305,501,777,754,305,146
343,1023,0,283,1023,0,496,326,305,501,323,305,501,752,739,305,146
425,1023,0,388,1023,0,512,333,305,521,329,305,501,735,717,305,146
424,1023,0,271,1023,0,492,329,305,465,327,305,501,740,712,305,146
247,1023,0,227,1023,0,483,326,305,500,325,305,501,730,714,305,146
456,1023,0,579,1023,0,542,340,305,542,338,305,501,771,753,305,146
337,1023,0,188,1023,0,499,327,305,469,321,305,501,720,706,305,146
485,1023,0,596,1023,0,561,348,305,544,348,305,501,785,761,305,146
392,1023,0,358,1023,0,527,331,305,514,326,305,502,735,715,305,146
423,1023,0,316,1023,0,521,335,305,542,340,305,502,755,743,305,146
378,1023,0,299,1023,0,516,319,305,556,341,305,502,716,700,305,146
426,1023,0,528,1023,0,526,339,305,552,346,305,502,750,729,305,146
387,1023,0,352,1023,0,525,335,305,534,345,305,502,735,720,305,146
351,1023,0,281,1023,0,475,319,305,427,320,305,502,746,734,305,146
355,1023,0,226,1023,0,511,332,305,476,324,305,502,735,722,305,146
381,1023,0,287,1023,0,570,345,305,538,343,305,502,748,723,305,146
535,1023,0,574,1023,0,589,362,305,592,361,305,502,782,754,305,146
435,1023,0,412,1023,0,528,333,305,532,332,305,502,773,760,305,146
519,1023,0,617,1023,0,549,343,305,558,338,305,502,743,704,305,146
515,1023,0,659,1023,0,539,348,305,544,343,305,502,750,728,305,146
391,1023,0,309,1023,0,501,324,305,492,321,305,503,726,705,305,146
415,1023,0,308,1023,0,447,319,305,497,328,305,503,742,722,305,146
410,1023,0,307,1023,0,492,326,305,517,326,305,503,716,695,305,146
482,1023,0,463,1023,0,497,326,305,563,337,305,503,744,723,305,146
322,1023,0,260,1023,0,524,328,305,524,323,305,503,735,713,305,146
711,1023,0,670,1023,0,568,346,305,592,337,305,503,807,730,305,146
293,1023,0,207,1023,0,482,322,305,461,325,305,503,718,702,305,146
478,1023,0,600,1023,0,562,354,305,561,344,305,503,783,763,305,146
428,1023,0,320,1023,0,489,328,305,536,330,305,503,751,716,305,146
323,1023,0,213,1023,0,486,321,305,501,322,305,503,716,700,305,146
372,1023,0,322,1023,0,519,328,305,558,331,305,503,747,732,305,146
213,764,0,289,1023,0,308,311,305,629,354,305,503,535,416,305,146
470,1023,0,463,1023,0,528,341,305,491,333,305,503,743,727,305,146
327,1023,0,195,1023,0,502,328,305,475,320,305,503,740,722,305,146
468,1023,0,366,1023,0,560,332,305,524,323,305,503,733,700,305,146
562,1023,0,615,1023,0,535,332,305,624,384,305,503,768,736,305,146
330,1023,0,251,1023,0,517,327,305,529,328,305,503,755,741,305,146
516,1023,0,323,1023,0,491,325,305,507,326,305,503,760,746,305,146
401,1023,0,331,1023,0,546,342,305,503,322,305,503,738,707,305,219
413,1023,0,267,1023,0,515,331,305,533,325,305,504,738,729,305,219
374,1023,0,405,1023,0,562,345,305,538,335,305,504,782,756,305,219
422,1023,0,557,1023,0,526,338,305,575,355,305,504,767,750,305,219
360,1023,0,425,1023,0,547,341,305,548,334,305,504,767,748,305,219
653,1023,0,631,1023,0,565,346,305,506,330,305,504,812,783,305,219
334,1023,0,176,1023,0,451,321,305,438,314,305,504,721,696,305,219
458,1023,0,279,1023,0,535,338,305,524,332,305,504,738,729,305,219
514,1023,0,502,1023,0,523,335,305,528,332,305,504,763,734,305,219
396,1023,0,381,1023,0,527,336,305,573,341,305,504,762,736,305,219
453,1023,0,257,1023,0,466,318,305,495,315,305,504,730,715,305,219
487,1023,0,348,1023,0,556,345,305,532,335,305,504,770,750,305,219
376,1023,0,327,1023,0,546,337,305,538,338,305,504,750,727,305,219
211,1023,0,284,1023,0,492,320,305,689,469,305,504,634,547,305,219
432,1023,0,359,1023,0,552,348,305,539,344,305,504,731,714,305,219
243,1023,0,120,1023,0,513,337,305,521,327,305,504,573,555,305,219
425,1023,0,451,1023,0,556,353,305,574,362,305,504,736,717,305,219
543,1023,0,678,1023,0,564,341,305,589,347,305,504,791,755,305,219
287,1023,0,348,1023,0,541,345,305,551,340,305,504,761,745,305,219
466,1023,0,297,1023,0,504,330,305,485,323,305,504,749,731,305,219
401,1023,0,362,1023,0,533,333,305,523,335,305,504,701,663,305,219
544,1023,0,462,1023,0,531,332,305,536,337,305,505,741,718,305,219
462,1023,0,292,1023,0,534,336,305,503,329,305,505,734,716,305,219
370,1023,0,179,1023,0,481,315,305,504,317,305,505,721,708,305,219
364,1023,0,244,1023,0,474,321,305,476,324,305,505,733,709,305,219
548,1023,0,513,1023,0,564,344,305,575,341,305,505,780,752,305,219
504,1023,0,381,1023,0,623,394,305,590,365,305,505,791,772,305,219
308,1023,0,288,1023,0,529,329,305,455,319,305,505,708,694,305,219
335,1023,0,219,1023,0,486,325,305,448,319,305,505,724,712,305,219
657,1023,0,557,1023,0,549,335,305,549,326,305,505,719,679,305,219
700,1023,0,568,1023,0,564,334,305,580,340,305,505,821,749,305,219
510,1023,0,474,1023,0,570,343,305,550,336,305,505,774,744,305,219
413,1023,0,588,1023,0,571,352,305,554,347,305,505,767,748,305,219
446,1023,0,343,1023,0,531,332,305,483,326,305,506,767,749,305,219
463,1023,0,393,1023,0,535,339,305,540,335,305,506,760,748,305,219
704,1023,0,482,1023,0,504,333,305,543,328,305,506,765,733,305,219
363,1023,0,266,1023,0,538,336,305,529,331,305,506,666,622,305,219
347,1023,0,255,1023,0,469,323,305,332,316,305,506,749,740,305,219
482,1023,0,307,1023,0,449,313,305,412,321,305,506,760,748,305,219
510,1023,0,369,1023,0,547,329,305,515,328,305,506,759,744,305,219
279,1023,0,161,1023,0,423,313,305,407,313,305,506,710,698,305,219
437,1023,0,241,1023,0,471,322,305,381,320,305,506,756,732,305,219
371,1023,0,213,1023,0,413,317,305,443,317,305,506,730,700,305,219
408,1023,0,369,1023,0,532,336,305,498,332,305,506,783,750,305,219
428,1023,0,273,1023,0,516,324,305,458,320,305,506,744,731,305,219
273,1023,0,133,1023,0,530,326,305,506,328,305,506,712,697,305,219
472,1023,0,452,1023,0,553,343,305,580,353,305,506,770,744,305,219
221,777,0,229,928,0,419,311,305,696,425,305,506,606,459,305,219
399,1023,0,288,1023,0,514,333,305,506,325,305,506,773,756,305,219
301,1023,0,263,1023,0,457,321,305,502,325,305,506,744,718,305,219
415,1023,0,237,1023,0,476,328,305,492,327,305,506,740,720,305,219
467,1023,0,584,1023,0,578,368,305,589,367,305,506,766,728,305,219
363,1023,0,211,1023,0,496,328,305,538,330,305,506,720,700,305,219
386,1023,0,405,1023,0,544,331,305,726,559,305,506,780,759,305,219
393,1023,0,181,1023,0,461,323,305,417,313,305,506,719,700,305,219
471,1023,0,426,1023,0,521,333,305,513,331,305,506,763,741,305,219
463,1023,0,413,1023,0,577,364,305,685,467,305,507,767,739,305,219
524,1023,0,468,1023,0,542,340,305,576,346,305,507,764,732,305,219
498,1023,0,273,1023,0,499,328,305,493,325,305,507,743,727,305,219
577,1023,0,648,1023,0,558,348,305,550,350,305,507,780,755,305,219
451,1023,0,314,1023,0,558,345,305,500,329,305,507,749,735,305,219
501,1023,0,468,1023,0,565,351,305,567,344,305,507,798,776,305,219
631,1023,0,475,1023,0,568,334,305,593,371,305,507,788,715,305,219
472,1023,0,495,1023,0,522,334,305,573,345,305,507,776,757,305,219
300,1023,0,256,1023,0,533,334,305,471,330,305,507,690,670,305,219
412,1023,0,446,1023,0,542,338,305,549,342,305,507,756,742,305,219
458,1023,0,354,1023,0,541,341,305,539,336,305,507,728,701,305,219
401,1023,0,318,1023,0,535,337,305,559,342,305,507,732,704,305,219
406,1023,0,321,1023,0,512,333,305,575,344,305,507,719,702,305,219
403,1023,0,317,1023,0,535,332,305,531,335,305,507,734,717,305,219
283,1023,0,235,1023,0,502,331,305,486,329,305,507,547,519,305,219
385,1023,0,373,1023,0,537,338,305,542,339,305,507,720,704,305,219
239,1023,0,148,1023,0,472,324,305,448,320,305,507,683,673,305,219
440,1023,0,289,1023,0,450,320,305,572,347,305,507,740,727,305,219
447,1023,0,399,1023,0,514,326,305,514,327,305,508,753,732,305,219
381,1023,0,244,1023,0,486,328,305,510,320,305,508,720,706,305,219
375,1023,0,194,1023,0,514,327,305,484,318,305,508,722,702,305,219
296,1023,0,233,1023,0,495,327,305,509,324,305,508,706,692,305,219
325,1023,0,220,1023,0,484,334,305,564,350,305,508,736,714,305,219
381,1023,0,326,1023,0,520,329,305,523,324,305,508,746,724,305,219
327,1023,0,226,1023,0,400,314,305,483,317,305,508,710,702,305,219
310,1023,0,194,1023,0,470,321,305,467,318,305,508,725,703,305,219
519,1023,0,467,1023,0,524,332,305,569,335,305,508,777,761,305,219
360,1023,0,389,1023,0,532,327,305,500,326,305,508,738,705,305,219
338,1023,0,254,1023,0,496,326,305,544,345,305,508,753,742,305,219
465,1023,0,282,1023,0,527,334,305,523,325,305,508,743,712,305,219
389,1023,0,292,1023,0,503,330,305,490,334,305,508,747,729,305,219
384,1023,0,233,1023,0,517,323,305,510,332,305,508,718,682,305,219
285,1023,0,254,1023,0,535,340,305,546,334,305,508,737,724,305,219
372,1023,0,279,1023,0,525,330,305,523,335,305,508,750,736,305,219
400,1023,0,402,1023,0,528,330,305,523,327,305,508,757,724,305,219
388,1023,0,318,1023,0,510,328,305,521,327,305,508,757,737,305,219
322,1023,0,145,1023,0,469,316,305,476,316,305,508,701,686,305,219
353,1023,0,191,1023,0,500,328,305,0,320,305,508,719,687,305,219
452,1023,0,379,1023,0,533,332,305,515,330,305,508,765,739,305,219
379,1023,0,213,1023,0,514,323,305,544,327,305,509,724,711,305,219
495,1023,0,365,1023,0,527,327,305,547,334,305,509,738,692,305,219
282,1023,0,156,1023,0,507,327,305,530,339,305,509,641,621,305,219
698,1023,0,600,1023,0,563,356,305,590,346,305,509,812,780,305,219
625,1023,0,507,1023,0,534,327,305,570,343,305,509,816,732,305,219
342,1023,0,266,1023,0,524,331,305,506,330,305,509,728,715,305,219
414,1023,0,244,1023,0,537,347,305,528,329,305,509,732,719,305,219
461,1023,0,274,1023,0,471,324,305,548,326,305,509,748,728,305,219
307,1023,0,263,1023,0,530,339,305,563,332,305,509,740,728,305,219
482,1023,0,388,1023,0,552,346,305,551,343,305,509,769,757,305,219
361,1023,0,228,1023,0,491,321,305,495,321,305,509,736,712,305,219
303,1023,0,214,1023,0,445,325,305,472,317,305,509,733,708,305,219
227,1023,0,134,1023,0,482,321,305,475,322,305,509,513,487,305,219
599,1023,0,300,1023,0,454,316,305,552,329,305,509,735,717,305,219
563,1023,0,679,1023,0,584,366,305,606,373,305,509,771,749,305,219
293,1023,0,240,1023,0,476,322,305,477,322,305,509,749,723,305,219
272,1023,0,110,1023,0,400,315,305,516,330,305,509,568,540,305,219
310,1023,0,193,1023,0,470,322,305,496,318,305,509,717,696,305,219
338,1023,0,191,1023,0,493,324,305,463,320,305,509,698,675,305,219
704,1023,0,505,1023,0,572,334,305,584,344,305,509,800,725,305,219
277,1023,0,213,1023,0,521,333,305,505,325,305,510,703,691,305,219
350,1023,0,214,1023,0,450,321,305,599,361,305,510,740,722,305,219
350,1023,0,349,1023,0,519,337,305,527,335,305,510,746,724,305,219
333,1023,0,248,1023,0,516,333,305,496,329,305,510,765,749,305,219
365,1023,0,293,1023,0,489,323,305,537,329,305,510,732,695,305,219
511,1023,0,453,1023,0,530,335,305,562,332,305,510,751,719,305,219
374,1023,0,348,1023,0,544,343,305,561,336,305,510,733,715,305,219
419,1023,0,255,1023,0,503,332,305,509,323,305,510,752,724,305,219
419,1023,0,435,1023,0,509,330,305,518,327,305,510,758,739,305,219
517,1023,0,599,1023,0,574,350,305,570,347,305,510,777,757,305,219
514,1023,0,386,1023,0,498,323,305,582,329,305,510,769,734,305,219
365,1023,0,257,1023,0,513,327,305,490,323,305,510,728,706,305,219
366,1023,0,298,1023,0,506,328,305,498,331,305,510,734,722,305,219
646,1023,0,418,1023,0,551,340,305,537,333,305,510,782,764,305,219
396,1023,0,215,1023,0,505,322,305,491,323,305,510,749,741,305,219
391,1023,0,147,1023,0,500,321,305,463,317,305,510,678,648,305,219
380,1023,0,301,1023,0,513,328,305,537,327,305,510,740,722,305,219
466,1023,0,208,1023,0,503,323,305,472,318,305,510,744,722,305,219
423,1023,0,296,1023,0,515,325,305,495,318,305,511,765,751,305,219
386,1023,0,280,1023,0,487,324,305,591,342,305,511,719,685,305,219
354,1023,0,167,1023,0,446,323,305,473,322,305,511,704,691,305,219
389,1023,0,219,1023,0,416,310,305,485,319,305,511,609,539,305,219
364,1023,0,249,1023,0,513,328,305,483,319,305,511,732,710,305,219
597,1023,0,555,1023,0,547,340,305,547,334,305,511,765,742,305,219
681,1023,0,649,1023,0,598,367,305,591,354,305,511,816,784,305,219
321,1023,0,181,1023,0,496,323,305,407,320,305,511,723,705,305,219
596,1023,0,573,1023,0,619,380,305,609,374,305,511,806,772,305,219
431,1023,0,464,1023,0,508,327,305,529,328,305,511,746,731,305,219
319,1023,0,233,1023,0,448,322,305,495,323,305,511,718,674,305,219
392,1023,0,244,1023,0,498,326,305,544,329,305,511,738,729,305,219
409,1023,0,317,1023,0,501,328,305,542,336,305,511,737,716,305,219
556,1023,0,408,1023,0,515,333,305,550,332,305,511,767,746,305,219
536,1023,0,682,1023,0,569,359,305,583,362,305,511,774,733,305,219
502,1023,0,329,1023,0,492,326,305,492,327,305,511,756,736,305,219
330,1023,0,244,1023,0,491,325,305,539,323,305,512,729,700,305,219
476,1023,0,398,1023,0,502,327,305,530,326,305,512,775,759,305,219
466,1023,0,422,1023,0,588,376,305,607,373,305,512,789,770,305,219
725,1023,0,588,1023,0,574,346,305,580,356,305,512,828,755,305,219
516,1023,0,310,1023,0,540,326,305,547,326,305,512,741,715,305,219
476,1023,0,353,1023,0,508,329,305,511,323,305,512,731,700,305,219
272,1023,0,198,1023,0,529,336,305,532,332,305,512,716,702,305,219
373,1023,0,281,1023,0,495,326,305,524,327,305,512,728,715,305,219
236,1023,0,170,1023,0,362,313,305,389,315,305,512,546,499,305,219
442,1023,0,486,1023,0,532,337,305,542,342,305,512,763,739,305,219
361,1023,0,221,1023,0,520,334,305,564,352,305,512,723,710,305,219
480,1023,0,415,1023,0,512,322,305,549,337,305,512,757,734,305,219
304,1023,0,232,1023,0,456,316,305,559,361,305,512,728,706,305,219
343,1023,0,231,1023,0,468,317,305,377,320,305,512,684,657,305,219
765,1023,0,564,1023,0,548,323,305,551,327,305,512,814,740,305,219
399,1023,0,268,1023,0,508,330,305,545,327,305,512,776,756,305,219
315,1023,0,216,1023,0,477,320,305,515,324,305,513,743,725,305,219
450,1023,0,310,1023,0,484,325,305,509,326,305,513,740,699,305,219
408,1023,0,354,1023,0,538,334,305,554,356,305,513,738,718,305,219
767,1023,0,566,1023,0,551,335,305,522,326,305,513,787,709,305,219
349,1023,0,387,1023,0,540,344,305,510,332,305,513,742,703,305,219
669,1023,0,507,1023,0,567,333,305,563,340,305,513,821,775,305,219
436,1023,0,382,1023,0,535,346,305,505,328,305,513,765,745,305,219
601,1023,0,415,1023,0,518,333,305,530,338,305,513,775,759,305,219
305,1023,0,319,1023,0,526,330,305,507,329,305,513,735,718,305,219
371,1023,0,415,1023,0,565,349,305,520,340,305,513,765,752,305,219
402,1023,0,215,1023,0,521,322,305,514,326,305,513,737,713,305,219
443,1023,0,289,1023,0,481,323,305,433,319,305,513,747,728,305,219
259,1023,0,131,1023,0,463,315,305,468,315,305,514,730,718,305,219
700,1023,0,496,1023,0,525,322,305,544,327,305,514,765,710,305,219
541,1023,0,548,1023,0,571,366,305,600,365,305,514,774,753,305,219
487,1023,0,346,1023,0,514,327,305,558,333,305,514,737,710,305,219
362,1023,0,230,1023,0,547,342,305,510,329,305,514,730,713,305,219
472,1023,0,339,1023,0,547,351,305,515,334,305,514,744,729,305,219
295,1023,0,180,1023,0,485,325,305,519,321,305,514,695,658,305,219
447,1023,0,333,1023,0,513,328,305,508,327,305,514,704,690,305,219
458,1023,0,276,1023,0,533,333,305,512,330,305,514,744,726,305,219
302,1023,0,216,1023,0,525,340,305,582,366,305,514,755,743,305,219
468,1023,0,363,1023,0,483,325,305,495,321,305,514,736,701,305,219
381,1023,0,215,1023,0,508,324,305,495,326,305,514,718,705,305,219
316,1023,0,197,1023,0,493,323,305,486,319,305,514,713,693,305,219
443,1023,0,361,1023,0,517,335,305,520,331,305,514,741,727,305,219
429,1023,0,205,1023,0,499,323,305,412,316,305,514,715,697,305,219
491,1023,0,501,1023,0,545,339,305,552,343,305,515,742,719,305,219
479,1023,0,299,1023,0,533,335,305,502,337,305,515,733,713,305,219
269,1023,0,188,1023,0,508,336,305,548,328,305,515,695,685,305,219
293,1023,0,231,1023,0,510,327,305,493,318,305,515,749,730,305,219
359,1023,0,369,1023,0,527,323,305,554,337,305,515,746,704,305,219
407,1023,0,549,1023,0,520,339,305,551,339,305,515,778,762,305,219
317,1023,0,214,1023,0,492,319,305,543,326,305,515,724,699,305,219
423,1023,0,314,1023,0,526,333,305,525,327,305,515,768,746,305,219
428,1023,0,422,1023,0,529,333,305,566,359,305,515,736,711,305,219
598,1023,0,546,1023,0,555,348,305,558,343,305,515,773,737,305,219
356,1023,0,266,1023,0,446,317,305,457,316,305,515,614,544,305,219
575,1023,0,556,1023,0,567,340,305,583,347,305,515,797,776,305,219
504,1023,0,372,1023,0,550,342,305,528,336,305,515,749,725,305,219
509,1023,0,553,1023,0,552,359,305,573,349,305,516,815,785,305,219
348,1023,0,200,1023,0,504,329,305,519,324,305,516,740,730,305,219
446,1023,0,431,1023,0,545,346,305,564,337,305,516,730,700,305,219
749,1023,0,494,1023,0,543,338,305,623,396,305,516,812,731,305,219
329,1023,0,138,1023,0,475,322,305,379,315,305,516,712,706,305,219
343,1023,0,509,1023,0,580,367,305,564,355,305,516,763,749,305,219
474,1023,0,370,1023,0,552,337,305,526,332,305,516,746,724,305,219
407,1023,0,214,1023,0,483,323,305,391,315,305,516,743,730,305,219
366,1023,0,209,1023,0,443,322,305,313,315,305,516,744,737,305,219
480,1023,0,343,1023,0,507,329,305,513,334,305,516,750,733,305,219
321,1023,0,292,1023,0,504,329,305,522,331,305,516,738,708,305,219
341,1023,0,299,1023,0,516,326,305,527,333,305,516,738,722,305,219
353,1023,0,260,1023,0,452,328,305,477,323,305,516,752,736,305,219
440,1023,0,430,1023,0,556,347,305,502,334,305,516,749,728,305,219
430,1023,0,243,1023,0,502,333,305,537,326,305,516,753,740,305,219
443,1023,0,323,1023,0,497,328,305,470,319,305,516,737,716,305,219
405,1023,0,422,1023,0,514,338,305,546,339,305,517,780,755,305,219
445,1023,0,260,1023,0,507,325,305,449,322,305,517,694,634,305,219
569,1023,0,556,1023,0,557,342,305,564,340,305,517,770,719,305,219
491,1023,0,330,1023,0,506,323,305,538,330,305,517,749,726,305,219
437,1023,0,400,1023,0,527,332,305,631,445,305,517,749,712,305,219
414,1023,0,318,1023,0,520,332,305,513,332,305,517,763,743,305,219
599,1023,0,523,1023,0,539,345,305,535,337,305,517,744,706,305,219
422,1023,0,358,1023,0,533,339,305,518,336,305,517,779,753,305,219
364,1023,0,255,1023,0,486,330,305,478,323,305,517,719,695,305,219
405,1023,0,437,1023,0,555,342,305,541,337,305,517,764,748,305,219
477,1023,0,372,1023,0,517,325,305,527,332,305,517,768,731,305,219
299,1023,0,209,1023,0,471,320,305,489,323,305,518,684,670,305,219
590,1023,0,292,1023,0,478,319,305,508,322,305,518,756,725,305,219
431,1023,0,264,1023,0,475,323,305,495,318,305,518,720,685,305,219
464,1023,0,389,1023,0,489,319,305,497,321,305,518,729,710,305,219
401,1023,0,296,1023,0,501,331,305,487,325,305,518,737,714,305,219
415,1023,0,559,1023,0,561,353,305,574,365,305,518,787,770,305,219
461,1023,0,329,1023,0,547,325,305,559,330,305,518,709,681,305,219
376,1023,0,398,1023,0,538,329,305,592,339,305,518,735,702,305,219
489,1023,0,607,1023,0,551,342,305,552,339,305,518,781,759,305,219
393,1023,0,168,1023,0,347,311,305,304,312,305,518,665,632,305,219
528,1023,0,338,1023,0,487,323,305,539,328,305,518,753,731,305,219
355,1023,0,475,1023,0,564,346,305,542,338,305,518,762,722,305,219
451,1023,0,291,1023,0,513,323,305,525,332,305,518,761,743,305,219
471,1023,0,385,1023,0,562,348,305,560,342,305,518,763,743,305,219
453,1023,0,329,1023,0,489,324,305,486,329,305,518,763,726,305,219
474,1023,0,438,1023,0,521,330,305,526,330,305,519,751,716,305,219
470,1023,0,494,1023,0,556,341,305,569,338,305,519,770,730,305,219
434,1023,0,232,1023,0,502,326,305,437,319,305,519,736,716,305,219
409,1023,0,207,1023,0,500,328,305,533,338,305,519,729,718,305,219
294,1023,0,135,1023,0,321,312,305,468,314,305,519,668,654,305,219
610,1023,0,323,1023,0,533,330,305,512,329,305,519,766,746,305,219
315,1023,0,227,1023,0,496,327,305,512,324,305,519,694,663,305,219
432,1023,0,316,1023,0,488,326,305,528,328,305,519,719,698,305,219
400,1023,0,419,1023,0,528,331,305,587,347,305,519,750,713,305,219
470,1023,0,494,1023,0,554,340,305,550,336,305,519,765,740,305,219
366,1023,0,214,1023,0,500,328,305,518,327,305,519,743,732,305,219
346,1023,0,293,1023,0,496,325,305,525,330,305,519,723,684,305,219
398,1023,0,261,1023,0,483,318,305,503,316,305,519,751,737,305,219
353,1023,0,440,1023,0,507,328,305,511,330,305,519,719,704,305,219
357,1023,0,218,1023,0,522,340,305,519,331,305,520,587,553,305,219
400,1023,0,402,1023,0,553,337,305,507,327,305,520,758,730,305,219
497,1023,0,330,1023,0,558,339,305,529,330,305,520,762,739,305,219
260,1023,0,249,1023,0,540,335,305,536,333,305,520,730,718,305,219
286,1023,0,213,1023,0,500,325,305,516,322,305,520,689,677,305,219
316,1023,0,255,1023,0,459,325,305,523,329,305,520,691,672,305,219
374,1023,0,146,1023,0,505,326,305,501,318,305,520,703,683,305,219
539,1023,0,309,1023,0,503,324,305,530,324,305,520,723,704,305,219
388,1023,0,224,1023,0,480,324,305,377,317,305,520,738,726,305,219
416,1023,0,366,1023,0,509,329,305,542,329,305,520,760,739,305,219
495,1023,0,493,1023,0,577,374,305,589,368,305,520,784,743,305,219
669,1023,0,694,1023,0,594,363,305,568,349,305,520,799,775,305,219
334,1023,0,258,1023,0,500,324,305,522,321,305,520,744,724,305,219
668,1023,0,520,1023,0,547,335,305,547,333,305,520,794,715,305,219
305,1023,0,250,1023,0,483,318,305,425,316,305,520,712,698,305,219
489,1023,0,404,1023,0,538,334,305,537,329,305,521,778,761,305,219
318,1023,0,213,1023,0,542,344,305,550,345,305,521,740,730,305,219
467,1023,0,430,1023,0,509,325,305,443,325,305,521,756,739,305,219
447,1023,0,420,1023,0,516,333,305,553,339,305,521,740,714,305,219
429,1023,0,383,1023,0,589,378,305,570,350,305,521,774,749,305,219
466,1023,0,373,1023,0,531,328,305,520,327,305,521,755,734,305,219
344,1023,0,227,1023,0,481,324,305,528,333,305,521,740,726,305,219
537,1023,0,596,1023,0,576,349,305,580,349,305,521,792,762,305,219
304,1023,0,269,1023,0,495,329,305,509,323,305,521,729,712,305,219
473,1023,0,331,1023,0,515,320,305,523,324,305,521,764,717,305,219
352,1023,0,269,1023,0,522,332,305,483,320,305,521,725,698,305,219
552,1023,0,474,1023,0,551,345,305,523,331,305,521,756,738,305,219
446,1023,0,437,1023,0,525,325,305,535,328,305,521,745,701,305,219
383,1023,0,227,1023,0,504,336,305,501,327,305,521,729,711,305,219
449,1023,0,273,1023,0,492,323,305,430,317,305,521,744,724,305,219
424,1023,0,472,1023,0,464,322,305,508,324,305,521,657,630,305,219
353,1023,0,230,1023,0,507,332,305,517,327,305,521,700,688,305,219
329,1023,0,259,1023,0,524,334,305,521,335,305,521,741,729,305,219
474,1023,0,415,1023,0,555,348,305,555,334,305,521,772,754,305,219
548,1023,0,507,1023,0,549,340,305,521,333,305,521,796,752,305,219
442,1023,0,266,1023,0,515,333,305,521,333,305,521,710,670,305,219
228,1023,0,165,1023,0,472,321,305,455,324,305,521,530,501,305,219
567,1023,0,403,1023,0,524,328,305,552,336,305,521,752,714,305,219
522,1023,0,684,1023,0,574,350,305,467,347,305,522,837,810,305,219
374,1023,0,199,1023,0,486,325,305,495,327,305,522,739,728,305,219
380,1023,0,313,1023,0,444,319,305,465,315,305,522,753,741,305,219
306,1023,0,257,1023,0,528,333,305,522,332,305,522,747,727,305,219
343,1023,0,209,1023,0,468,319,305,501,320,305,522,707,683,305,219
395,1023,0,196,1023,0,504,329,305,462,317,305,522,726,714,305,219
500,1023,0,420,1023,0,529,337,305,514,331,305,522,771,743,305,219
212,1023,0,155,1023,0,440,315,305,518,323,305,522,530,510,305,219
491,1023,0,191,1023,0,506,324,305,535,333,305,522,744,720,305,219
332,1023,0,280,1023,0,520,339,305,517,328,305,522,743,728,305,219
398,1023,0,303,1023,0,500,326,305,514,321,305,522,722,693,305,219
625,1023,0,443,1023,0,549,343,305,536,343,305,522,741,708,305,219
424,1023,0,214,1023,0,465,327,305,445,315,305,522,734,712,305,219
399,1023,0,225,1023,0,499,329,305,444,326,305,522,732,718,305,219
423,1023,0,361,1023,0,546,349,305,561,337,305,522,768,753,305,219
397,1023,0,409,1023,0,540,345,305,560,349,305,522,763,743,305,219
517,1023,0,496,1023,0,576,366,305,587,351,305,522,759,725,305,219
439,1023,0,319,1023,0,477,323,305,492,328,305,522,754,736,305,219
342,1023,0,425,1023,0,504,325,305,544,326,305,522,765,744,305,219
412,1023,0,405,1023,0,525,329,305,515,331,305,522,749,729,305,219
396,1023,0,287,1023,0,505,328,305,534,329,305,522,732,713,305,219
507,1023,0,409,1023,0,522,333,305,532,332,305,522,757,740,305,219
453,1023,0,540,1023,0,550,342,305,527,339,305,522,786,765,305,219
297,1023,0,275,1023,0,516,332,305,525,332,305,523,767,750,305,219
397,1023,0,222,1023,0,514,328,305,373,319,305,523,730,716,305,219
312,1023,0,184,1023,0,440,317,305,413,314,305,523,714,701,305,219
343,1023,0,167,1023,0,414,320,305,456,317,305,523,700,681,305,219
364,1023,0,186,1023,0,510,326,305,545,345,305,523,723,700,305,219
380,1023,0,282,1023,0,540,331,305,557,326,305,523,758,734,305,219
485,1023,0,447,1023,0,534,335,305,606,380,305,523,762,743,305,219
461,1023,0,363,1023,0,518,327,305,510,327,305,523,729,718,305,219
340,1023,0,384,1023,0,490,328,305,562,337,305,524,761,731,305,219
468,1023,0,323,1023,0,506,329,305,518,325,305,524,751,721,305,219
430,1023,0,277,1023,0,510,326,305,589,355,305,524,743,731,305,219
458,1023,0,495,1023,0,543,344,305,590,353,305,524,768,752,305,219
695,1023,0,669,1023,0,551,343,305,578,340,305,524,775,754,305,219
460,1023,0,514,1023,0,554,353,305,573,352,305,524,747,728,305,219
432,1023,0,229,1023,0,544,344,305,497,318,305,524,706,687,305,219
520,1023,0,328,1023,0,517,333,305,566,356,305,524,751,724,305,219
396,1023,0,325,1023,0,489,327,305,437,321,305,524,722,700,305,219
492,1023,0,317,1023,0,493,328,305,475,327,305,525,734,705,305,219
366,1023,0,197,1023,0,538,328,305,501,323,305,525,742,726,305,219
406,1023,0,300,1023,0,495,328,305,514,322,305,525,756,722,305,219
509,1023,0,574,1023,0,530,340,305,622,407,305,525,789,744,305,219
651,1023,0,364,1023,0,538,328,305,538,328,305,525,783,725,305,219
329,1023,0,224,1023,0,518,329,305,475,326,305,525,744,726,305,219
299,1023,0,266,1023,0,509,326,305,471,323,305,525,730,717,305,219
400,1023,0,324,1023,0,498,329,305,499,325,305,525,747,735,305,219
536,1023,0,561,1023,0,551,342,305,573,345,305,525,771,725,305,219
436,1023,0,168,1023,0,468,322,305,474,322,305,525,739,726,305,219
386,1023,0,209,1023,0,462,320,305,0,315,305,525,730,715,305,219
622,1023,0,526,1023,0,548,328,305,538,332,305,525,777,742,305,219
326,1023,0,484,1023,0,543,344,305,554,344,305,525,760,742,305,219
505,1023,0,413,1023,0,546,350,305,532,335,305,525,757,717,305,219
584,1023,0,407,1023,0,592,359,305,568,349,305,525,785,757,305,219
435,1023,0,600,1023,0,538,333,305,577,345,305,525,769,742,305,219
312,1023,0,152,1023,0,492,325,305,461,320,305,525,737,718,305,219
360,1023,0,286,1023,0,492,328,305,537,330,305,525,744,725,305,219
775,1023,0,586,1023,0,581,336,305,577,342,305,525,813,741,305,219
385,1023,0,191,1023,0,487,327,305,473,321,305,525,696,682,305,219
443,1023,0,401,1023,0,501,327,305,522,321,305,525,753,731,305,219
366,1023,0,235,1023,0,476,328,305,502,327,305,525,730,707,305,219
491,1023,0,394,1023,0,557,339,305,553,331,305,525,765,748,305,219
568,1023,0,436,1023,0,561,343,305,533,330,305,525,769,734,305,219
330,1023,0,297,1023,0,496,326,305,488,319,305,525,733,711,305,219
522,1023,0,475,1023,0,500,328,305,532,332,305,525,779,755,305,219
522,1023,0,408,1023,0,542,333,305,534,336,305,525,757,717,305,219
406,1023,0,344,1023,0,498,325,305,535,333,305,525,761,748,305,219
468,1023,0,399,1023,0,512,340,305,549,334,305,525,755,739,305,219
647,1023,0,533,1023,0,563,335,305,585,337,305,525,813,733,305,219
449,1023,0,603,1023,0,565,351,305,561,344,305,525,772,747,305,219
417,1023,0,296,1023,0,499,332,305,541,330,305,525,746,721,305,219
376,1023,0,226,1023,0,495,319,305,448,318,305,525,728,717,305,219
401,1023,0,258,1023,0,491,324,305,478,321,305,526,732,717,305,219
581,1023,0,400,1023,0,534,325,305,662,423,305,526,757,708,305,219
511,1023,0,279,1023,0,500,329,305,569,375,305,526,709,694,305,219
372,1023,0,267,1023,0,521,330,305,520,332,305,526,735,723,305,219
517,1023,0,402,1023,0,539,338,305,556,334,305,526,769,739,305,219
444,1023,0,271,1023,0,556,347,305,499,326,305,526,763,747,305,219
390,1023,0,463,1023,0,568,351,305,549,337,305,526,749,723,305,219
565,1023,0,457,1023,0,517,332,305,513,330,305,526,778,749,305,219
374,1023,0,274,1023,0,499,329,305,526,329,305,526,761,731,305,219
538,1023,0,277,1023,0,529,324,305,604,367,305,526,753,730,305,219
536,1023,0,388,1023,0,515,325,305,653,452,305,526,783,733,305,219
289,1023,0,178,1023,0,505,324,305,471,318,305,526,681,661,305,219
395,1023,0,302,1023,0,502,330,305,470,333,305,526,757,739,305,219
396,1023,0,457,1023,0,557,349,305,573,350,305,526,767,742,305,219
310,1023,0,218,1023,0,471,323,305,503,320,305,526,709,697,305,219
552,1023,0,695,1023,0,549,346,305,580,345,305,526,734,693,305,219
478,1023,0,329,1023,0,522,328,305,547,335,305,526,758,722,305,219
726,1023,0,605,1023,0,552,328,305,553,333,305,526,781,701,305,219
432,1023,0,269,1023,0,519,334,305,479,319,305,527,751,715,305,219
531,1023,0,615,1023,0,572,361,305,587,356,305,527,795,776,305,219
331,1023,0,170,1023,0,457,322,305,525,331,305,527,699,682,305,219
550,1023,0,558,1023,0,531,339,305,509,339,305,527,782,757,305,219
493,1023,0,397,1023,0,516,328,305,518,324,305,527,759,720,305,219
375,1023,0,197,1023,0,478,327,305,443,321,305,527,716,699,305,219
443,1023,0,492,1023,0,523,333,305,538,332,305,527,764,745,305,219
523,1023,0,592,1023,0,538,341,305,515,334,305,527,762,730,305,219
419,1023,0,296,1023,0,517,325,305,603,375,305,527,719,697,305,219
563,1023,0,561,1023,0,550,342,305,539,341,305,527,815,748,305,219
439,1023,0,401,1023,0,500,330,305,506,324,305,527,747,730,305,219
478,1023,0,369,1023,0,517,328,305,534,325,305,527,757,714,305,219
467,1023,0,310,1023,0,484,320,305,518,333,305,527,713,693,305,219
358,1023,0,351,1023,0,497,329,305,548,332,305,527,751,732,305,219
324,1023,0,264,1023,0,524,325,305,564,350,305,527,722,708,305,219
391,1023,0,285,1023,0,394,322,305,448,325,305,527,610,536,305,219
355,1023,0,206,1023,0,459,315,305,709,482,305,527,570,488,305,219
406,1023,0,246,1023,0,531,334,305,536,332,305,528,759,741,305,219
254,1023,0,129,1023,0,472,323,305,479,315,305,528,670,646,305,219
289,1023,0,168,1023,0,449,322,305,526,334,305,528,541,503,305,219
435,1023,0,285,1023,0,537,334,305,524,332,305,528,755,717,305,219
487,1023,0,304,1023,0,526,341,305,517,332,305,528,756,743,305,219
632,1023,0,638,1023,0,619,376,305,605,373,305,528,792,769,305,219
528,1023,0,406,1023,0,538,328,305,571,328,305,528,794,729,305,219
351,1023,0,328,1023,0,503,326,305,504,328,305,528,746,722,305,219
588,1023,0,490,1023,0,527,336,305,550,341,305,528,769,747,305,219
313,1023,0,304,1023,0,478,321,305,471,320,305,528,734,711,305,219
691,1023,0,580,1023,0,595,343,305,681,480,305,528,798,715,305,219
576,1023,0,695,1023,0,550,332,305,577,333,305,528,807,768,305,219
410,1023,0,191,1023,0,480,324,305,612,410,305,528,689,669,305,219
457,1023,0,319,1023,0,506,328,305,485,318,305,528,750,734,305,219
550,1023,0,362,1023,0,530,332,305,515,323,305,528,767,743,305,219
420,1023,0,267,1023,0,476,324,305,485,321,305,528,724,683,305,219
415,1023,0,314,1023,0,548,342,305,527,329,305,529,733,703,305,219
671,1023,0,512,1023,0,571,357,305,549,346,305,529,801,760,305,219
503,1023,0,539,1023,0,522,335,305,532,342,305,529,774,754,305,219
361,1023,0,255,1023,0,484,322,305,501,320,305,529,746,730,305,219
563,1023,0,305,1023,0,507,326,305,519,332,305,529,723,707,305,219
412,1023,0,560,1023,0,523,332,305,499,322,305,529,707,664,305,219
632,1023,0,580,1023,0,556,342,305,565,347,305,529,788,737,305,219
376,1023,0,279,1023,0,522,334,305,538,335,305,529,763,750,305,219
522,1023,0,592,1023,0,566,347,305,554,354,305,529,785,761,305,219
447,1023,0,270,1023,0,497,321,305,527,320,305,529,759,717,305,219
371,1023,0,327,1023,0,516,337,305,500,327,305,529,745,732,305,219
321,1023,0,309,1023,0,525,342,305,490,327,305,529,751,738,305,219
552,1023,0,559,1023,0,546,339,305,571,354,305,529,712,683,305,219
329,1023,0,190,1023,0,524,337,305,400,320,305,529,722,698,305,219
477,1023,0,371,1023,0,523,330,305,534,333,305,529,730,689,305,219
356,1023,0,231,1023,0,497,325,305,519,322,305,529,726,711,305,219
447,1023,0,390,1023,0,534,339,305,552,340,305,529,764,735,305,219
389,1023,0,340,1023,0,472,321,305,527,339,305,529,761,748,305,219
633,1023,0,581,1023,0,559,343,305,528,326,305,529,782,764,305,219
199,1023,0,205,1023,0,448,316,305,374,313,305,529,554,529,305,219
351,1023,0,243,1023,0,491,317,305,497,319,305,529,612,551,305,219
456,1023,0,277,1023,0,544,335,305,498,325,305,529,724,709,305,219
515,1023,0,460,1023,0,538,334,305,535,329,305,529,781,755,305,219
429,1023,0,334,1023,0,533,337,305,572,343,305,530,754,735,305,219
372,1023,0,193,1023,0,543,326,305,484,317,305,530,688,666,305,219
270,1023,0,136,1023,0,438,316,305,446,318,305,530,701,692,305,219
378,1023,0,463,1023,0,529,337,305,527,335,305,530,774,742,305,219
485,1023,0,307,1023,0,509,329,305,529,325,305,530,744,707,305,219
403,1023,0,452,1023,0,542,341,305,544,339,305,530,772,743,305,219
359,1023,0,257,1023,0,488,321,305,509,322,305,530,734,717,305,219
479,1023,0,404,1023,0,536,345,305,558,330,305,530,748,721,305,219
511,1023,0,482,1023,0,554,339,305,593,362,305,530,756,719,305,219
409,1023,0,329,1023,0,520,337,305,530,336,305,530,754,724,305,219
448,1023,0,351,1023,0,480,323,305,533,329,305,530,722,691,305,219
565,1023,0,531,1023,0,626,387,305,622,382,305,530,806,763,305,219
406,1023,0,221,1023,0,473,320,305,513,322,305,530,711,689,305,219
661,1023,0,717,1023,0,579,339,305,580,335,305,530,780,723,305,219
393,1023,0,317,1023,0,524,332,305,513,329,305,530,721,700,305,219
400,1023,0,390,1023,0,499,326,305,542,333,305,530,756,732,305,219
451,1023,0,436,1023,0,600,368,305,564,348,305,530,778,769,305,219
512,1023,0,507,1023,0,539,345,305,546,337,305,530,781,761,305,219
346,1023,0,173,1023,0,482,326,305,393,315,305,530,713,701,305,219
565,1023,0,319,1023,0,475,329,305,523,328,305,530,718,670,305,219
424,1023,0,430,1023,0,563,343,305,537,340,305,530,757,732,305,219
380,1023,0,487,1023,0,561,357,305,547,337,305,531,742,707,305,219
547,1023,0,535,1023,0,585,341,305,578,345,305,531,806,745,305,219
204,1023,0,260,1023,0,515,329,305,731,552,305,531,628,571,305,219
407,1023,0,388,1023,0,548,343,305,476,349,305,531,738,728,305,219
320,1023,0,311,1023,0,516,333,305,522,331,305,531,720,704,305,219
236,1023,0,181,1023,0,511,318,305,491,321,305,531,386,370,305,219
475,1023,0,296,1023,0,530,334,305,511,328,305,531,763,745,305,219
317,1023,0,151,1023,0,461,317,305,461,318,305,531,709,681,305,219
278,1023,0,238,1023,0,464,324,305,464,321,305,531,730,722,305,219
306,1023,0,153,1023,0,481,320,305,377,314,305,531,720,711,305,219
411,1023,0,402,1023,0,519,330,305,509,327,305,531,764,743,305,219
479,1023,0,324,1023,0,511,327,305,569,355,305,531,745,715,305,219
564,1023,0,691,1023,0,594,364,305,593,355,305,531,794,773,305,219
346,1023,0,460,1023,0,518,334,305,540,334,305,531,780,761,305,219
463,1023,0,319,1023,0,519,327,305,606,368,305,531,765,740,305,219
371,1023,0,193,1023,0,473,328,305,487,323,305,531,700,681,305,219
388,1023,0,225,1023,0,454,316,305,467,314,305,531,733,684,305,219
517,1023,0,583,1023,0,602,367,305,605,361,305,531,782,746,305,219
420,1023,0,360,1023,0,533,343,305,521,328,305,531,724,707,305,219
438,1023,0,335,1023,0,517,337,305,550,346,305,531,767,756,305,219
462,1023,0,585,1023,0,548,345,305,536,339,305,531,784,765,305,219
334,1023,0,287,1023,0,479,318,305,524,323,305,531,734,689,305,219
368,1023,0,368,1023,0,529,339,305,542,330,305,531,745,731,305,219
486,1023,0,535,1023,0,591,354,305,544,342,305,532,731,708,305,219
661,1023,0,491,1023,0,544,333,305,583,341,305,532,759,704,305,219
402,1023,0,373,1023,0,510,328,305,551,342,305,532,761,738,305,219
473,1023,0,546,1023,0,531,337,305,534,335,305,532,766,743,305,219
408,1023,0,459,1023,0,555,339,305,545,334,305,532,756,728,305,219
522,1023,0,341,1023,0,531,326,305,526,329,305,532,767,731,305,219
388,1023,0,259,1023,0,532,335,305,517,336,305,532,763,753,305,219
459,1023,0,300,1023,0,467,318,305,527,336,305,532,720,700,305,219
348,1023,0,314,1023,0,495,326,305,476,327,305,532,754,722,305,219
325,1023,0,221,1023,0,449,316,305,482,322,305,532,709,692,305,219
312,1023,0,407,1023,0,538,348,305,560,341,305,532,750,729,305,219
480,1023,0,502,1023,0,536,338,305,587,352,305,532,763,719,305,219
372,1023,0,223,1023,0,538,336,305,515,327,305,532,743,715,305,219
322,1023,0,188,1023,0,451,312,305,491,317,305,532,729,705,305,219
364,1023,0,315,1023,0,507,321,305,535,330,305,532,745,730,305,219
357,1023,0,200,1023,0,507,325,305,529,334,305,532,681,663,305,219
440,1023,0,413,1023,0,516,331,305,535,333,305,532,761,732,305,219
447,1023,0,486,1023,0,545,332,305,561,338,305,533,768,745,305,219
570,1023,0,397,1023,0,512,330,305,519,324,305,533,769,751,305,219
455,1023,0,346,1023,0,518,332,305,538,338,305,533,746,719,305,219
321,1023,0,233,1023,0,520,336,305,459,326,305,533,740,729,305,219
368,1023,0,238,1023,0,507,320,305,443,320,305,533,725,712,305,219
483,1023,0,344,1023,0,526,334,305,501,328,305,533,745,726,305,219
529,1023,0,404,1023,0,544,339,305,534,334,305,533,729,688,305,219
408,1023,0,494,1023,0,499,327,305,534,330,305,533,758,740,305,219
472,1023,0,378,1023,0,565,359,305,573,361,305,533,752,739,305,219
536,1023,0,447,1023,0,498,324,305,469,327,305,533,750,732,305,219
373,1023,0,205,1023,0,462,319,305,475,317,305,533,750,737,305,219
566,1023,0,460,1023,0,551,341,305,560,339,305,533,771,746,305,219
412,1023,0,256,1023,0,500,328,305,479,324,305,533,744,720,305,219
338,1023,0,153,1023,0,421,313,305,514,319,305,533,735,728,305,219
382,1023,0,247,1023,0,497,329,305,512,319,305,533,721,703,305,219
341,1023,0,155,1023,0,492,324,305,487,319,305,533,731,721,305,219
446,1023,0,326,1023,0,499,325,305,475,322,305,533,750,721,305,219
514,1023,0,417,1023,0,522,329,305,542,331,305,534,763,713,305,219
397,1023,0,332,1023,0,518,337,305,520,336,305,534,752,739,305,219
403,1023,0,339,1023,0,496,324,305,517,336,305,534,744,729,305,219
466,1023,0,355,1023,0,545,340,305,537,330,305,534,768,743,305,219
539,1023,0,351,1023,0,540,335,305,530,329,305,534,760,739,305,219
377,1023,0,311,1023,0,464,322,305,478,322,305,534,738,717,305,219
379,1023,0,179,1023,0,451,320,305,497,321,305,534,698,692,305,219
396,1023,0,342,1023,0,543,341,305,537,331,305,534,761,743,305,219
427,1023,0,256,1023,0,502,327,305,564,343,305,534,749,734,305,219
303,1023,0,227,1023,0,457,319,305,548,342,305,534,737,720,305,219
452,1023,0,313,1023,0,500,324,305,521,321,305,534,752,727,305,219
412,1023,0,385,1023,0,555,337,305,555,335,305,534,773,741,305,219
320,1023,0,194,1023,0,499,327,305,478,321,305,534,726,708,305,219
366,1023,0,404,1023,0,545,344,305,523,330,305,534,748,725,305,219
698,1023,0,685,1023,0,568,361,305,559,337,305,534,799,740,305,219
423,1023,0,298,1023,0,495,323,305,523,325,305,534,719,686,305,219
378,1023,0,288,1023,0,519,328,305,451,325,305,534,726,694,305,219
428,1023,0,290,1023,0,507,324,305,495,325,305,535,754,739,305,219
673,1023,0,416,1023,0,534,335,305,569,338,305,535,794,730,305,219
501,1023,0,374,1023,0,564,355,305,528,349,305,535,771,750,305,219
493,1023,0,347,1023,0,542,337,305,530,326,305,535,765,744,305,219
497,1023,0,348,1023,0,543,339,305,521,329,305,535,761,725,305,219
422,1023,0,260,1023,0,496,320,305,515,328,305,535,741,710,305,219
381,1023,0,329,1023,0,504,329,305,495,328,305,535,742,714,305,219
527,1023,0,516,1023,0,601,383,305,602,382,305,535,707,658,305,219
689,1023,0,642,1023,0,542,329,305,534,322,305,535,689,608,305,219
700,1023,0,418,1023,0,561,352,305,545,345,305,535,799,754,305,219
463,1023,0,290,1023,0,500,325,305,469,325,305,535,719,673,305,219
369,1023,0,223,1023,0,461,319,305,485,317,305,535,722,712,305,219
511,1023,0,533,1023,0,540,348,305,572,351,305,535,766,745,305,219
345,1023,0,310,1023,0,486,324,305,536,325,305,535,746,734,305,219
618,1023,0,550,1023,0,583,360,305,580,346,305,535,776,746,305,219
321,1023,0,187,1023,0,485,323,305,436,315,305,535,685,668,305,219
533,1023,0,329,1023,0,506,327,305,516,324,305,536,715,686,305,219
359,1023,0,276,1023,0,482,323,305,520,324,305,536,746,729,305,219
263,1023,0,303,1023,0,535,335,305,515,324,305,536,749,734,305,219
358,1023,0,455,1023,0,542,344,305,563,341,305,536,757,739,305,219
347,1023,0,350,1023,0,532,334,305,573,344,305,536,773,755,305,219
479,1023,0,385,1023,0,550,340,305,574,334,305,536,755,738,305,219
427,1023,0,356,1023,0,495,323,305,566,336,305,536,722,676,305,219
530,1023,0,572,1023,0,555,350,305,564,347,305,536,787,768,305,219
604,1023,0,606,1023,0,579,349,305,567,337,305,536,795,741,305,219
507,1023,0,584,1023,0,569,340,305,546,340,305,536,749,733,305,219
436,1023,0,313,1023,0,482,333,305,531,333,305,536,749,730,305,219
523,1023,0,569,1023,0,537,337,305,541,327,305,536,755,733,305,219
422,1023,0,359,1023,0,527,328,305,549,334,305,536,722,707,305,219
399,1023,0,234,1023,0,487,331,305,512,324,305,536,711,691,305,219
466,1023,0,402,1023,0,554,341,305,649,419,305,536,773,754,305,219
544,1023,0,498,1023,0,550,334,305,555,336,305,536,771,733,305,219
400,1023,0,250,1023,0,418,317,305,456,318,305,536,714,678,305,219
426,1023,0,246,1023,0,523,331,305,508,328,305,536,736,725,305,219
268,1023,0,204,1023,0,437,314,305,469,318,305,536,699,682,305,219
378,1023,0,297,1023,0,517,337,305,485,323,305,537,758,743,305,219
361,1023,0,440,1023,0,537,335,305,575,354,305,537,759,727,305,219
375,1023,0,290,1023,0,477,319,305,515,329,305,537,726,713,305,219
466,1023,0,556,1023,0,560,346,305,551,331,305,537,766,740,305,219
289,1023,0,211,1023,0,476,329,305,561,323,305,537,706,683,305,219
392,1023,0,328,1023,0,525,339,305,533,331,305,537,749,737,305,219
430,1023,0,337,1023,0,505,329,305,511,329,305,537,740,726,305,219
411,1023,0,244,1023,0,469,324,305,560,361,305,537,743,707,305,219
482,1023,0,235,1023,0,485,321,305,487,317,305,537,743,707,305,219
359,1023,0,255,1023,0,559,332,305,482,320,305,537,721,704,305,219
574,1023,0,625,1023,0,592,356,305,586,344,305,537,780,743,305,219
521,1023,0,362,1023,0,510,321,305,524,320,305,537,749,726,305,219
405,1023,0,359,1023,0,492,328,305,535,332,305,537,753,740,305,219
540,1023,0,355,1023,0,569,358,305,564,343,305,537,769,746,305,219
546,1023,0,544,1023,0,543,338,305,579,335,305,537,759,721,305,219
309,1023,0,363,1023,0,570,358,305,579,360,305,537,804,793,305,219
446,1023,0,349,1023,0,535,341,305,510,329,305,537,758,732,305,219
473,1023,0,339,1023,0,506,326,305,552,331,305,537,771,750,305,219
512,1023,0,362,1023,0,523,333,305,547,340,305,537,756,736,305,219
484,1023,0,223,1023,0,484,325,305,514,328,305,537,713,679,305,219
373,1023,0,249,1023,0,464,331,305,587,340,305,537,726,713,305,219
469,1023,0,561,1023,0,547,336,305,544,329,305,537,663,606,305,219
689,1023,0,603,1023,0,572,348,305,627,364,305,538,828,786,305,219
308,1023,0,209,1023,0,508,321,305,506,319,305,538,709,680,305,219
324,1023,0,351,1023,0,499,330,305,568,360,305,538,729,708,305,219
663,1023,0,420,1023,0,588,347,305,592,340,305,538,783,698,305,219
418,1023,0,266,1023,0,436,314,305,398,318,305,538,723,703,305,219
521,1023,0,426,1023,0,539,339,305,655,473,305,538,804,758,305,219
448,1023,0,309,1023,0,451,321,305,623,390,305,538,733,699,305,219
368,1023,0,188,1023,0,493,326,305,568,332,305,538,746,729,305,219
498,1023,0,296,1023,0,517,327,305,476,322,305,538,752,736,305,219
613,1023,0,478,1023,0,529,331,305,557,335,305,538,741,710,305,219
424,1023,0,277,1023,0,475,318,305,467,316,305,538,736,723,305,219
380,1023,0,342,1023,0,482,327,305,554,326,305,538,731,704,305,219
371,1023,0,129,1023,0,443,314,305,463,329,305,538,698,678,305,219
423,1023,0,285,1023,0,461,323,305,435,318,305,538,727,704,305,219
643,1023,0,622,1023,0,563,341,305,570,342,305,538,779,735,305,219
313,1023,0,191,1023,0,460,322,305,454,320,305,538,706,694,305,219
345,1023,0,316,1023,0,496,324,305,550,333,305,538,765,746,305,219
523,1023,0,419,1023,0,515,322,305,728,594,305,538,794,724,305,219
443,1023,0,319,1023,0,560,343,305,541,345,305,538,760,745,305,219
376,1023,0,443,1023,0,534,340,305,538,336,305,538,734,712,305,219
370,1023,0,503,1023,0,546,339,305,524,327,305,538,750,728,305,219
350,1023,0,294,1023,0,487,332,305,567,344,305,538,741,730,305,219
459,1023,0,317,1023,0,564,341,305,451,327,305,538,755,727,305,219
448,1023,0,314,1023,0,516,332,305,517,325,305,538,739,722,305,219
373,1023,0,256,1023,0,468,319,305,445,315,305,538,741,720,305,219
436,1023,0,266,1023,0,471,324,305,441,321,305,538,707,696,305,219
381,1023,0,330,1023,0,555,349,305,524,337,305,538,751,723,305,219
404,1023,0,323,1023,0,479,321,305,545,338,305,538,716,692,305,219
439,1023,0,434,1023,0,541,343,305,550,343,305,538,757,713,305,219
427,1023,0,534,1023,0,564,348,305,551,343,305,538,773,751,305,219
447,1023,0,246,1023,0,492,323,305,491,328,305,539,742,717,305,219
437,1023,0,357,1023,0,519,341,305,490,327,305,539,757,724,305,219
444,1023,0,343,1023,0,512,333,305,541,327,305,539,749,728,305,219
418,1023,0,377,1023,0,504,331,305,583,363,305,539,754,741,305,219
505,1023,0,265,1023,0,531,329,305,473,320,305,539,749,717,305,219
502,1023,0,592,1023,0,513,334,305,521,327,305,539,772,753,305,219
506,1023,0,284,1023,0,502,326,305,465,320,305,539,734,700,305,219
450,1023,0,351,1023,0,591,334,305,569,338,305,539,727,676,305,219
463,1023,0,412,1023,0,551,345,305,577,346,305,539,763,735,305,219
421,1023,0,394,1023,0,509,330,305,567,353,305,539,765,737,305,219
488,1023,0,593,1023,0,567,339,305,542,337,305,539,743,725,305,219
481,1023,0,373,1023,0,544,339,305,518,337,305,539,770,744,305,219
336,1023,0,200,1023,0,513,327,305,511,326,305,539,734,705,305,219
720,1023,0,672,1023,0,610,344,305,572,339,305,539,816,743,305,219
556,1023,0,374,1023,0,522,327,305,579,330,305,539,749,710,305,219
451,1023,0,376,1023,0,518,332,305,520,333,305,539,758,723,305,219
304,1023,0,195,1023,0,423,318,305,498,321,305,539,727,707,305,219
392,1023,0,325,1023,0,461,320,305,491,321,305,540,737,681,305,219
581,1023,0,426,1023,0,551,339,305,585,338,305,540,765,744,305,219
237,1023,0,251,1023,0,509,330,305,551,341,305,540,798,782,305,219
515,1023,0,618,1023,0,553,344,305,563,344,305,540,775,749,305,219
587,1023,0,344,1023,0,530,325,305,526,325,305,540,780,758,305,219
444,1023,0,319,1023,0,531,336,305,515,328,305,540,741,712,305,219
452,1023,0,326,1023,0,467,318,305,530,331,305,540,773,751,305,219
333,1023,0,238,1023,0,490,326,305,494,329,305,540,749,738,305,219
573,1023,0,453,1023,0,490,335,305,558,341,305,540,763,722,305,219
488,1023,0,437,1023,0,505,340,305,476,327,305,540,767,751,305,219
327,1023,0,215,1023,0,519,323,305,503,322,305,540,736,725,305,219
526,1023,0,460,1023,0,530,331,305,557,338,305,540,761,728,305,219
420,1023,0,207,1023,0,418,323,305,371,319,305,540,719,683,305,219
477,1023,0,278,1023,0,520,328,305,493,325,305,540,740,707,305,219
308,1023,0,210,1023,0,477,324,305,506,322,305,540,724,709,305,219
545,1023,0,275,1023,0,474,324,305,540,338,305,540,752,711,305,219
294,1023,0,127,1023,0,547,338,305,501,323,305,540,718,698,305,219
378,1023,0,345,1023,0,547,343,305,526,336,305,540,740,730,305,219
606,1023,0,496,1023,0,546,339,305,523,331,305,540,770,729,305,219
356,1023,0,303,1023,0,492,326,305,506,328,305,540,735,720,305,219
423,1023,0,346,1023,0,484,328,305,632,411,305,540,724,701,305,219
591,1023,0,613,1023,0,561,333,305,572,342,305,540,804,750,305,219
472,1023,0,297,1023,0,547,352,305,553,352,305,540,710,672,305,219
402,1023,0,330,1023,0,504,328,305,530,331,305,540,741,708,305,219
495,1023,0,374,1023,0,527,338,305,518,330,305,540,745,721,305,219
351,1023,0,342,1023,0,519,329,305,619,391,305,541,739,718,305,219
318,1023,0,173,1023,0,477,323,305,498,317,305,541,717,702,305,219
405,1023,0,322,1023,0,465,328,305,527,333,305,541,754,717,305,219
434,1023,0,578,1023,0,568,357,305,567,345,305,541,739,719,305,219
338,1023,0,197,1023,0,535,327,305,525,330,305,541,742,733,305,219
484,1023,0,415,1023,0,539,341,305,562,329,305,541,732,711,305,219
395,1023,0,243,1023,0,506,328,305,500,322,305,541,757,744,305,219
437,1023,0,295,1023,0,521,322,305,544,329,305,541,737,722,305,219
467,1023,0,410,1023,0,540,335,305,0,346,305,541,750,730,305,219
397,1023,0,323,1023,0,494,329,305,524,324,305,541,704,655,305,219
400,1023,0,412,1023,0,516,339,305,538,336,305,541,762,747,305,219
469,1023,0,406,1023,0,538,342,305,536,326,305,541,761,738,305,219
363,1023,0,292,1023,0,491,322,305,530,328,305,541,735,718,305,219
237,1023,0,199,1023,0,463,313,305,477,313,305,541,628,608,305,219
339,1023,0,314,1023,0,524,338,305,528,332,305,541,749,740,305,219
742,1023,0,554,1023,0,570,337,305,593,331,305,541,790,723,305,219
358,1023,0,201,1023,0,492,323,305,464,319,305,541,728,712,305,219
420,1023,0,431,1023,0,535,335,305,562,339,305,541,773,752,305,219
439,1023,0,241,1023,0,559,327,305,555,324,305,541,728,701,305,219
425,1023,0,352,1023,0,518,334,305,521,328,305,541,727,712,305,219
378,1023,0,414,1023,0,574,347,305,553,338,305,541,756,723,305,219
299,1023,0,380,1023,0,486,326,305,540,328,305,541,738,721,305,219
446,1023,0,386,1023,0,458,319,305,538,330,305,542,755,729,305,219
349,1023,0,420,1023,0,507,326,305,526,324,305,542,750,727,305,219
508,1023,0,368,1023,0,459,326,305,484,329,305,542,761,739,305,219
391,1023,0,318,1023,0,510,330,305,526,336,305,542,711,682,305,219
450,1023,0,281,1023,0,504,327,305,477,322,305,542,732,708,305,219
297,1023,0,192,1023,0,463,328,305,492,323,305,542,743,733,305,219
417,1023,0,313,1023,0,556,348,305,555,345,305,542,752,734,305,219
535,1023,0,560,1023,0,559,348,305,589,343,305,542,775,753,305,219
391,1023,0,238,1023,0,487,325,305,482,321,305,542,739,729,305,219
437,1023,0,456,1023,0,545,341,305,533,346,305,542,772,733,305,219
367,1023,0,405,1023,0,535,333,305,502,331,305,542,763,745,305,219
525,1023,0,269,1023,0,450,317,305,527,323,305,542,739,698,305,219
460,1023,0,505,1023,0,562,353,305,551,351,305,542,740,711,305,219
333,1023,0,185,1023,0,486,324,305,442,317,305,542,721,702,305,219
308,1023,0,199,1023,0,452,316,305,451,320,305,542,715,701,305,219
580,1023,0,410,1023,0,515,321,305,559,331,305,542,776,729,305,219
266,1023,0,192,1023,0,452,321,305,511,319,305,542,709,698,305,219
448,1023,0,292,1023,0,525,333,305,519,331,305,542,749,731,305,219
502,1023,0,390,1023,0,517,327,305,583,350,305,542,727,691,305,219
396,1023,0,314,1023,0,512,330,305,515,337,305,542,718,692,305,219
458,1023,0,376,1023,0,604,378,305,611,376,305,542,780,746,305,219
459,1023,0,468,1023,0,530,336,305,524,329,305,542,762,740,305,219
383,1023,0,313,1023,0,485,328,305,547,332,305,542,747,728,305,219
264,1023,0,179,1023,0,406,317,305,519,327,305,542,705,680,305,219
374,1023,0,217,1023,0,525,329,305,552,355,305,542,746,730,305,219
471,1023,0,499,1023,0,538,341,305,553,349,305,542,744,727,305,219
439,1023,0,283,1023,0,557,343,305,599,344,305,543,764,750,305,219
474,1023,0,292,1023,0,513,325,305,458,322,305,543,751,699,305,219
444,1023,0,534,1023,0,542,331,305,546,339,305,543,759,730,305,219
542,1023,0,549,1023,0,537,335,305,551,330,305,543,771,755,305,219
428,1023,0,258,1023,0,481,329,305,505,328,305,543,742,720,305,219
333,1023,0,207,1023,0,486,325,305,489,322,305,543,730,696,305,219
265,1023,0,163,1023,0,381,313,305,595,376,305,543,540,452,305,219
458,1023,0,374,1023,0,493,333,305,491,331,305,543,746,716,305,219
490,1023,0,488,1023,0,513,335,305,486,330,305,543,777,747,305,219
405,1023,0,272,1023,0,520,330,305,526,325,305,543,742,717,305,219
473,1023,0,637,1023,0,537,343,305,561,337,305,543,787,764,305,219
367,1023,0,496,1023,0,548,343,305,558,342,305,543,761,742,305,219
297,1023,0,270,1023,0,495,324,305,566,336,305,543,734,697,305,219
458,1023,0,400,1023,0,510,334,305,529,324,305,543,692,677,305,219
297,1023,0,120,1023,0,427,321,305,468,318,305,543,706,694,305,219
330,1023,0,221,1023,0,509,331,305,510,326,305,543,738,730,305,219
443,1023,0,230,1023,0,461,319,305,565,347,305,543,734,683,305,219
437,1023,0,260,1023,0,512,329,305,527,335,305,543,744,725,305,219
369,1023,0,374,1023,0,545,338,305,537,329,305,543,769,746,305,219
546,1023,0,481,1023,0,557,353,305,545,337,305,543,778,751,305,219
374,1023,0,243,1023,0,514,333,305,469,328,305,544,723,706,305,219
391,1023,0,263,1023,0,462,320,305,578,354,305,544,677,656,305,219
330,1023,0,311,1023,0,573,346,305,507,327,305,544,760,726,305,219
423,1023,0,616,1023,0,566,349,305,566,335,305,544,820,800,305,219
331,1023,0,231,1023,0,480,327,305,512,327,305,544,719,710,305,219
393,1023,0,232,1023,0,463,321,305,453,318,305,544,740,723,305,219
411,1023,0,320,1023,0,478,326,305,481,327,305,544,731,721,305,219
448,1023,0,566,1023,0,602,381,305,579,372,305,544,765,740,305,219
563,1023,0,475,1023,0,516,339,305,546,329,305,544,753,730,305,219
325,1023,0,179,1023,0,465,320,305,506,317,305,544,737,725,305,219
340,1023,0,251,1023,0,525,332,305,518,326,305,544,698,668,305,219
386,1023,0,263,1023,0,500,319,305,488,320,305,544,731,710,305,219
554,1023,0,339,1023,0,587,358,305,569,338,305,544,739,721,305,219
363,1023,0,391,1023,0,534,341,305,567,349,305,544,761,735,305,219
575,1023,0,480,1023,0,533,344,305,499,333,305,544,772,755,305,219
266,1023,0,166,1023,0,445,317,305,422,316,305,544,680,665,305,219
294,1023,0,147,1023,0,443,317,305,459,322,305,544,677,657,305,219
445,1023,0,427,1023,0,557,340,305,558,339,305,544,768,737,305,219
473,1023,0,531,1023,0,581,358,305,559,344,305,544,653,612,305,219
361,1023,0,232,1023,0,480,324,305,525,345,305,544,745,734,305,219
398,1023,0,238,1023,0,523,337,305,491,322,305,544,739,724,305,219
384,1023,0,274,1023,0,497,330,305,474,317,305,544,753,735,305,219
388,1023,0,228,1023,0,441,318,305,498,318,305,544,747,734,305,219
672,1023,0,519,1023,0,558,351,305,546,337,305,544,751,731,305,219
568,1023,0,484,1023,0,547,329,305,543,337,305,544,745,723,305,219
318,1023,0,172,1023,0,507,326,305,465,319,305,545,664,638,305,219
342,1023,0,396,1023,0,518,333,305,565,339,305,545,729,710,305,219
317,1023,0,151,1023,0,0,306,305,352,312,305,545,508,473,305,219
485,1023,0,626,1023,0,527,338,305,562,334,305,545,755,733,305,219
407,1023,0,266,1023,0,457,320,305,474,319,305,545,728,666,305,219
345,1023,0,271,1023,0,454,327,305,486,323,305,545,724,689,305,219
433,1023,0,350,1023,0,480,327,305,660,449,305,545,785,759,305,219
393,1023,0,331,1023,0,501,321,305,525,325,305,545,736,718,305,219
380,1023,0,413,1023,0,530,332,305,575,334,305,545,767,753,305,219
282,1023,0,197,1023,0,540,326,305,450,316,305,545,730,721,305,219
674,1023,0,656,1023,0,555,338,305,699,521,305,545,823,741,305,219
639,1023,0,502,1023,0,521,332,305,553,338,305,545,771,722,305,219
531,1023,0,433,1023,0,524,337,305,517,326,305,545,757,742,305,219
463,1023,0,276,1023,0,515,329,305,524,331,305,545,739,716,305,219
449,1023,0,347,1023,0,525,333,305,539,331,305,545,742,714,305,219
357,1023,0,370,1023,0,545,342,305,536,329,305,545,753,737,305,219
619,1023,0,367,1023,0,515,322,305,487,323,305,545,748,699,305,219
472,1023,0,509,1023,0,557,353,305,551,343,305,545,709,670,305,219
349,1023,0,245,1023,0,492,323,305,520,328,305,545,719,706,305,219
403,1023,0,369,1023,0,548,345,305,545,333,305,545,739,728,305,219
320,1023,0,351,1023,0,535,336,305,547,331,305,545,739,726,305,219
505,1023,0,377,1023,0,553,346,305,569,337,305,546,773,757,305,219
375,1023,0,290,1023,0,496,323,305,513,320,305,546,715,690,305,219
254,1023,0,117,1023,0,389,313,305,473,315,305,546,523,489,305,219
371,1023,0,385,1023,0,553,346,305,541,337,305,546,760,736,305,219
315,1023,0,168,1023,0,489,322,305,446,324,305,546,709,699,305,219
380,1023,0,410,1023,0,520,333,305,497,327,305,546,740,722,305,219
386,1023,0,350,1023,0,530,336,305,536,340,305,546,736,718,305,219
382,1023,0,170,1023,0,463,316,305,373,313,305,546,684,667,305,219
514,1023,0,251,1023,0,545,334,305,533,327,305,546,765,727,305,219
270,1023,0,186,1023,0,490,324,305,465,320,305,546,739,726,305,219
380,1023,0,217,1023,0,494,327,305,541,331,305,546,733,721,305,219
312,1023,0,219,1023,0,492,324,305,470,323,305,546,719,705,305,219
327,1023,0,256,1023,0,508,326,305,712,565,305,546,766,752,305,219
445,1023,0,271,1023,0,526,334,305,669,508,305,546,758,727,305,219
347,1023,0,320,1023,0,531,334,305,551,340,305,546,762,744,305,219
435,1023,0,270,1023,0,492,325,305,495,322,305,546,732,715,305,219
446,1023,0,369,1023,0,530,339,305,556,330,305,546,731,705,305,219
486,1023,0,285,1023,0,503,330,305,494,329,305,546,745,720,305,219
426,1023,0,241,1023,0,547,333,305,512,321,305,546,714,681,305,219
683,1023,0,544,1023,0,554,334,305,563,333,305,546,806,726,305,219
281,904,0,310,1023,0,545,332,305,705,488,305,546,803,782,305,219
368,1023,0,264,1023,0,527,329,305,504,331,305,546,717,706,305,219
414,1023,0,316,1023,0,494,323,305,545,333,305,547,740,721,305,219
281,1023,0,206,1023,0,514,336,305,524,336,305,547,744,732,305,219
581,1023,0,589,1023,0,545,336,305,556,335,305,547,782,746,305,219
363,1023,0,269,1023,0,517,332,305,528,329,305,547,758,735,305,219
411,1023,0,242,1023,0,521,337,305,477,325,305,547,743,721,305,219
335,1023,0,190,1023,0,461,320,305,474,324,305,547,698,679,305,219
435,1023,0,515,1023,0,543,341,305,570,335,305,547,759,715,305,219
352,1023,0,178,1023,0,466,319,305,410,313,305,547,711,681,305,219
435,1023,0,323,1023,0,509,326,305,582,338,305,547,739,709,305,219
535,1023,0,497,1023,0,524,335,305,537,330,305,547,750,734,305,219
434,1023,0,486,1023,0,554,345,305,539,336,305,547,785,764,305,219
347,1023,0,351,1023,0,551,340,305,518,328,305,547,750,732,305,219
420,1023,0,329,1023,0,509,329,305,491,328,305,547,765,739,305,219
265,1023,0,110,1023,0,384,311,305,284,311,305,547,494,464,305,219
431,1023,0,270,1023,0,520,337,305,506,336,305,547,755,743,305,219
534,1023,0,411,1023,0,483,319,305,534,326,305,547,736,698,305,219
655,1023,0,574,1023,0,549,331,305,577,346,305,547,810,771,305,219
411,1023,0,270,1023,0,509,327,305,572,339,305,547,753,736,305,219
483,1023,0,437,1023,0,522,328,305,507,323,305,547,758,726,305,219
358,1023,0,328,1023,0,533,332,305,513,324,305,547,750,723,305,219
443,1023,0,141,1023,0,440,318,305,449,324,305,547,720,694,305,219
400,1023,0,213,1023,0,478,324,305,493,320,305,547,716,678,305,219
462,1023,0,310,1023,0,522,328,305,447,321,305,547,744,726,305,219
282,1023,0,195,1023,0,490,326,305,483,324,305,547,693,687,305,219
308,1023,0,277,1023,0,524,337,305,503,328,305,547,752,740,305,219
303,1023,0,223,1023,0,484,324,305,454,323,305,547,731,707,305,219
503,1023,0,504,1023,0,569,361,305,565,348,305,548,789,774,305,219
427,1023,0,378,1023,0,553,346,305,568,344,305,548,754,730,305,219
487,1023,0,287,1023,0,525,331,305,501,322,305,548,721,707,305,219
442,1023,0,335,1023,0,484,324,305,485,326,305,548,759,744,305,219
341,1023,0,411,1023,0,527,334,305,590,361,305,548,773,756,305,219
399,1023,0,448,1023,0,541,338,305,537,340,305,548,757,737,305,219
393,1023,0,324,1023,0,459,320,305,544,334,305,548,732,712,305,219
328,1023,0,216,1023,0,505,331,305,495,320,305,548,718,699,305,219
361,1023,0,271,1023,0,508,329,305,523,327,305,548,748,723,305,219
342,1023,0,240,1023,0,499,333,305,483,323,305,548,713,696,305,219
344,1023,0,174,1023,0,492,320,305,505,318,305,548,734,720,305,219
371,1023,0,256,1023,0,495,321,305,512,326,305,548,713,680,305,219
432,1023,0,376,1023,0,498,327,305,510,325,305,548,744,726,305,219
475,1023,0,403,1023,0,556,342,305,601,371,305,548,756,733,305,219
326,1023,0,499,1023,0,545,340,305,553,340,305,548,752,720,305,219
417,1023,0,389,1023,0,498,332,305,533,334,305,548,751,728,305,219
257,1023,0,130,1023,0,433,323,305,492,325,305,548,471,446,305,219
555,1023,0,658,1023,0,587,359,305,571,350,305,548,767,748,305,219
237,1023,0,167,1023,0,477,322,305,488,317,305,548,530,488,305,219
662,1023,0,705,1023,0,564,339,305,587,346,305,548,776,732,305,219
387,1023,0,252,1023,0,507,324,305,469,322,305,548,733,713,305,219
353,1023,0,220,1023,0,468,319,305,444,319,305,548,702,672,305,219
701,1023,0,458,1023,0,555,336,305,555,332,305,548,795,728,305,219
323,1023,0,174,1023,0,464,322,305,470,321,305,548,725,714,305,219
511,1023,0,374,1023,0,542,337,305,506,331,305,548,759,733,305,219
486,1023,0,552,1023,0,541,341,305,556,350,305,548,768,754,305,219
658,1023,0,412,1023,0,510,329,305,545,341,305,548,773,746,305,219
295,1023,0,273,1023,0,547,348,305,489,326,305,548,716,702,305,219
466,1023,0,467,1023,0,539,334,305,528,329,305,548,767,727,305,219
428,1023,0,346,1023,0,512,327,305,459,326,305,549,767,740,305,219
244,1023,0,208,1023,0,497,328,305,504,322,305,549,723,714,305,219
489,1023,0,518,1023,0,552,339,305,512,328,305,549,734,714,305,219
524,1023,0,325,1023,0,545,333,305,576,331,305,549,738,722,305,219
386,1023,0,327,1023,0,529,325,305,582,358,305,549,728,677,305,219
401,1023,0,316,1023,0,503,329,305,525,330,305,549,743,722,305,219
327,1023,0,206,1023,0,500,330,305,530,326,305,549,756,747,305,219
332,1023,0,253,1023,0,543,346,305,532,336,305,549,741,714,305,219
455,1023,0,377,1023,0,504,328,305,515,335,305,549,737,710,305,219
465,1023,0,332,1023,0,500,328,305,506,318,305,549,656,638,305,219
333,1023,0,229,1023,0,428,317,305,510,332,305,549,750,732,305,219
402,1023,0,309,1023,0,538,332,305,537,331,305,549,735,720,305,219
369,1023,0,192,1023,0,441,314,305,313,313,305,549,683,655,305,219
362,1023,0,192,1023,0,485,325,305,477,323,305,549,733,693,305,219
436,1023,0,325,1023,0,486,318,305,547,332,305,549,767,739,305,219
393,1023,0,441,1023,0,536,342,305,556,346,305,549,769,755,305,219
484,1023,0,432,1023,0,508,327,305,530,332,305,549,730,702,305,219
430,1023,0,531,1023,0,538,341,305,554,341,305,549,765,747,305,219
424,1023,0,263,1023,0,511,331,305,519,327,305,549,755,738,305,219
360,1023,0,256,1023,0,520,330,305,499,326,305,550,735,723,305,219
411,1023,0,351,1023,0,515,328,305,532,328,305,550,771,749,305,219
643,1023,0,720,1023,0,575,355,305,576,347,305,550,786,740,305,219
427,1023,0,328,1023,0,531,330,305,533,327,305,550,751,733,305,219
624,1023,0,561,1023,0,553,345,305,582,348,305,550,758,723,305,219
386,1023,0,362,1023,0,509,330,305,687,491,305,550,771,737,305,219
472,1023,0,407,1023,0,530,328,305,540,332,305,550,766,743,305,219
408,1023,0,275,1023,0,493,326,305,525,324,305,550,741,716,305,219
477,1023,0,345,1023,0,501,324,305,551,340,305,550,745,705,305,219
501,1023,0,460,1023,0,519,322,305,616,392,305,550,746,712,305,219
630,1023,0,522,1023,0,562,350,305,572,348,305,550,780,755,305,219
254,1023,0,262,1023,0,505,332,305,542,338,305,550,515,473,305,219
345,1023,0,170,1023,0,427,317,305,494,320,305,550,704,693,305,219
500,1023,0,334,1023,0,514,340,305,518,342,305,550,714,683,305,219
572,1023,0,429,1023,0,518,325,305,535,327,305,550,760,729,305,219
320,1023,0,313,1023,0,570,346,305,564,348,305,550,759,747,305,219
436,1023,0,296,1023,0,504,327,305,568,332,305,550,753,726,305,219
536,1023,0,302,1023,0,512,330,305,533,325,305,550,775,753,305,219
537,1023,0,432,1023,0,532,339,305,529,335,305,550,780,752,305,219
617,1023,0,470,1023,0,556,338,305,538,334,305,550,768,756,305,219
373,1023,0,245,1023,0,469,322,305,521,346,305,550,738,724,305,219
397,1023,0,412,1023,0,564,338,305,582,352,305,550,743,722,305,219
483,1023,0,641,1023,0,551,339,305,583,354,305,550,771,742,305,219
367,1023,0,204,1023,0,503,328,305,473,323,305,550,706,687,305,219
702,1023,0,605,1023,0,573,335,305,655,390,305,550,818,752,305,219
519,1023,0,444,1023,0,505,331,305,481,330,305,550,760,723,305,219
378,1023,0,254,1023,0,457,319,305,402,314,305,550,732,696,305,219
421,1023,0,441,1023,0,517,329,305,548,331,305,551,763,730,305,219
485,1023,0,393,1023,0,488,319,305,512,327,305,551,749,704,305,219
402,1023,0,422,1023,0,507,330,305,543,352,305,551,765,735,305,219
470,1023,0,292,1023,0,530,333,305,524,329,305,551,738,722,305,219
370,1023,0,255,1023,0,459,318,305,540,331,305,551,733,726,305,219
380,1023,0,322,1023,0,484,328,305,421,324,305,551,735,695,305,219
464,1023,0,475,1023,0,508,330,305,545,339,305,551,776,750,305,219
311,1023,0,346,1023,0,515,323,305,636,392,305,551,804,784,305,219
282,1023,0,210,1023,0,555,364,305,554,339,305,551,729,708,305,219
374,1023,0,281,1023,0,511,330,305,559,360,305,551,756,745,305,219
464,1023,0,291,1023,0,515,332,305,436,326,305,551,688,653,305,219
414,1023,0,207,1023,0,520,336,305,477,319,305,551,731,721,305,219
427,1023,0,507,1023,0,556,354,305,602,373,305,551,672,628,305,219
540,1023,0,357,1023,0,463,322,305,469,319,305,551,733,709,305,219
754,1023,0,509,1023,0,546,325,305,532,336,305,551,807,727,305,219
352,1023,0,254,1023,0,484,323,305,471,323,305,551,729,713,305,293
238,1023,0,187,1023,0,538,344,305,525,335,305,551,733,722,305,293
413,1023,0,275,1023,0,503,325,305,455,316,305,551,761,743,305,293
555,1023,0,446,1023,0,539,336,305,521,331,305,551,759,741,305,293
398,1023,0,390,1023,0,532,337,305,569,347,305,551,713,687,305,293
598,1023,0,463,1023,0,549,345,305,531,335,305,551,758,730,305,293
460,1023,0,356,1023,0,537,335,305,504,326,305,551,736,702,305,293
557,1023,0,357,1023,0,572,331,305,507,326,305,551,759,740,305,293
343,1023,0,333,1023,0,537,339,305,507,327,305,551,736,711,305,293
366,1023,0,228,1023,0,535,335,305,526,333,305,551,712,697,305,293
488,1023,0,410,1023,0,508,331,305,526,325,305,551,758,741,305,293
400,1023,0,370,1023,0,552,344,305,525,336,305,551,758,739,305,293
391,1023,0,236,1023,0,488,323,305,439,321,305,551,750,726,305,293
584,1023,0,446,1023,0,543,343,305,532,339,305,551,768,744,305,293
391,1023,0,295,1023,0,490,322,305,472,319,305,551,715,677,305,293
396,1023,0,251,1023,0,491,328,305,509,328,305,551,765,752,305,293
506,1023,0,373,1023,0,535,334,305,502,331,305,551,798,767,305,293
761,1023,0,594,1023,0,565,339,305,591,336,305,551,821,747,305,293
580,1023,0,471,1023,0,516,331,305,543,333,305,551,778,755,305,293
435,1023,0,246,1023,0,464,327,305,455,323,305,551,717,676,305,293
367,1023,0,285,1023,0,488,323,305,508,325,305,551,741,723,305,293
575,1023,0,448,1023,0,504,318,305,600,356,305,552,774,737,305,293
244,1023,0,171,1023,0,466,320,305,659,471,305,552,609,575,305,293
428,1023,0,278,1023,0,530,330,305,530,327,305,552,738,714,305,293
635,1023,0,389,1023,0,519,335,305,548,337,305,552,770,723,305,293
338,1023,0,327,1023,0,500,331,305,465,331,305,552,722,704,305,293
705,1023,0,447,1023,0,555,329,305,564,337,305,552,784,723,305,293
521,1023,0,436,1023,0,521,328,305,466,325,305,552,748,728,305,293
622,1023,0,447,1023,0,531,329,305,548,339,305,552,768,746,305,293
384,1023,0,377,1023,0,510,330,305,516,327,305,552,763,748,305,293
386,1023,0,162,1023,0,354,317,305,417,318,305,552,706,678,305,293
608,1023,0,503,1023,0,551,339,305,708,454,305,552,785,763,305,293
368,1023,0,394,1023,0,527,330,305,560,328,305,552,777,753,305,293
376,1023,0,136,1023,0,423,317,305,434,318,305,552,681,650,305,293
407,1023,0,422,1023,0,523,331,305,590,348,305,552,748,709,305,293
367,1023,0,236,1023,0,510,332,305,486,320,305,552,592,559,305,293
450,1023,0,473,1023,0,556,338,305,562,334,305,552,754,719,305,293
468,1023,0,491,1023,0,558,342,305,594,362,305,552,744,698,305,293
364,1023,0,389,1023,0,532,336,305,582,342,305,552,751,715,305,293
305,1023,0,189,1023,0,420,317,305,444,313,305,552,687,657,305,293
356,1023,0,305,1023,0,488,324,305,470,321,305,552,753,727,305,293
497,1023,0,487,1023,0,518,343,305,516,331,305,552,777,754,305,293
435,1023,0,335,1023,0,532,336,305,522,332,305,552,751,726,305,293
423,1023,0,323,1023,0,508,325,305,509,326,305,552,775,758,305,293
480,1023,0,292,1023,0,484,325,305,501,325,305,552,737,715,305,293
310,1023,0,226,1023,0,536,343,305,509,328,305,552,734,724,305,293
408,1023,0,363,1023,0,529,333,305,571,354,305,552,742,714,305,293
368,1023,0,373,1023,0,550,337,305,532,338,305,552,748,732,305,293
412,1023,0,402,1023,0,529,328,305,538,335,305,552,766,749,305,293
478,1023,0,268,1023,0,477,318,305,525,322,305,552,734,719,305,293
294,1023,0,295,1023,0,499,330,305,535,336,305,553,727,717,305,293
577,1023,0,351,1023,0,505,326,305,507,326,305,553,747,722,305,293
620,1023,0,568,1023,0,517,331,305,611,351,305,553,780,756,305,293
390,1023,0,275,1023,0,449,323,305,507,320,305,553,735,725,305,293
683,1023,0,623,1023,0,550,331,305,679,533,305,553,792,752,305,293
494,1023,0,308,1023,0,489,325,305,507,322,305,553,760,749,305,293
374,1023,0,285,1023,0,544,350,305,582,356,305,553,753,721,305,293
535,1023,0,386,1023,0,502,332,305,539,334,305,553,751,728,305,293
347,1023,0,298,1023,0,501,323,305,502,322,305,553,663,615,305,293
233,1023,0,148,1023,0,472,324,305,467,318,305,553,514,478,305,293
268,1023,0,139,1023,0,510,329,305,456,322,305,553,704,696,305,293
440,1023,0,361,1023,0,527,320,305,500,319,305,553,720,704,305,293
408,1023,0,286,1023,0,551,346,305,525,332,305,553,744,726,305,293
404,1023,0,505,1023,0,579,360,305,583,351,305,553,631,595,305,293
435,1023,0,475,1023,0,504,328,305,510,331,305,553,762,723,305,293
216,1023,0,230,1023,0,490,326,305,487,325,305,553,710,700,305,293
510,1023,0,416,1023,0,500,322,305,501,327,305,553,766,725,305,293
438,1023,0,520,1023,0,595,369,305,571,357,305,553,758,741,305,293
408,1023,0,386,1023,0,500,330,305,521,334,305,553,742,723,305,293
564,1023,0,534,1023,0,532,332,305,556,337,305,553,772,747,305,293
584,1023,0,710,1023,0,591,357,305,628,383,305,553,773,746,305,293
280,1023,0,148,1023,0,522,334,305,524,325,305,553,695,684,305,293
440,1023,0,293,1023,0,502,328,305,511,323,305,553,739,711,305,293
349,1023,0,172,1023,0,500,327,305,501,317,305,553,696,677,305,293
333,1023,0,373,1023,0,510,325,305,498,320,305,553,747,734,305,293
412,1023,0,287,1023,0,486,321,305,516,324,305,554,748,738,305,293
430,1023,0,327,1023,0,524,333,305,541,328,305,554,741,725,305,293
418,1023,0,312,1023,0,488,326,305,548,326,305,554,757,709,305,293
573,1023,0,477,1023,0,549,337,305,555,333,305,554,779,756,305,293
387,1023,0,345,1023,0,476,318,305,568,350,305,554,696,650,305,293
353,1023,0,275,1023,0,489,326,305,480,325,305,554,740,707,305,293
601,1023,0,449,1023,0,526,325,305,687,483,305,554,769,717,305,293
374,1023,0,200,1023,0,474,323,305,491,324,305,554,724,676,305,293
417,1023,0,295,1023,0,450,319,305,511,325,305,554,733,721,305,293
398,1023,0,283,1023,0,481,324,305,423,315,305,554,745,732,305,293
537,1023,0,668,1023,0,566,352,305,599,385,305,554,772,747,305,293
498,1023,0,228,1023,0,512,332,305,530,326,305,554,763,741,305,293
340,1023,0,360,1023,0,490,328,305,540,331,305,554,744,724,305,293
380,1023,0,343,1023,0,494,325,305,525,329,305,554,749,730,305,293
610,1023,0,308,1023,0,490,322,305,545,344,305,554,736,685,305,293
564,1023,0,543,1023,0,546,337,305,566,339,305,554,793,764,305,293
579,1023,0,275,1023,0,481,315,305,500,320,305,554,769,751,305,293
400,1023,0,390,1023,0,574,338,305,547,330,305,554,749,738,305,293
360,1023,0,209,1023,0,497,326,305,479,330,305,554,740,716,305,293
366,1023,0,266,1023,0,493,323,305,529,337,305,554,722,699,305,293
372,1023,0,209,1023,0,469,324,305,439,322,305,554,717,693,305,293
426,1023,0,301,1023,0,543,342,305,520,332,305,555,767,752,305,293
339,1023,0,342,1023,0,578,332,305,515,326,305,555,750,737,305,293
347,1023,0,277,1023,0,510,328,305,502,324,305,555,730,712,305,293
260,1023,0,118,1023,0,265,312,305,459,317,305,555,677,665,305,293
435,1023,0,216,1023,0,494,322,305,481,324,305,555,719,704,305,293
507,1023,0,345,1023,0,530,344,305,520,333,305,555,658,629,305,293
402,1023,0,371,1023,0,527,335,305,527,329,305,555,703,690,305,293
589,1023,0,544,1023,0,548,345,305,561,346,305,555,690,638,305,293
487,1023,0,458,1023,0,538,338,305,523,326,305,555,780,761,305,293
411,1023,0,298,1023,0,506,333,305,476,332,305,555,765,749,305,293
490,1023,0,362,1023,0,537,345,305,480,329,305,555,750,717,305,293
537,1023,0,661,1023,0,565,342,305,562,336,305,555,769,727,305,293
455,1023,0,405,1023,0,534,335,305,541,337,305,555,745,729,305,293
453,1023,0,281,1023,0,509,333,305,566,364,305,555,738,728,305,293
291,1023,0,293,1023,0,574,345,305,536,335,305,555,734,720,305,293
342,1023,0,316,1023,0,506,332,305,556,337,305,555,747,728,305,293
281,1023,0,184,1023,0,444,320,305,406,316,305,555,706,678,305,293
381,1023,0,299,1023,0,540,351,305,537,331,305,555,753,744,305,293
395,1023,0,386,1023,0,490,335,305,537,328,305,555,752,723,305,293
510,1023,0,341,1023,0,520,331,305,528,322,305,555,757,726,305,293
451,1023,0,475,1023,0,553,342,305,528,331,305,555,779,749,305,293
405,1023,0,263,1023,0,534,337,305,557,339,305,555,750,728,305,293
373,1023,0,234,1023,0,560,355,305,501,329,305,555,727,708,305,293
354,1023,0,407,1023,0,526,337,305,511,327,305,555,730,712,305,293
626,1023,0,531,1023,0,571,345,305,545,339,305,555,789,756,305,293
506,1023,0,566,1023,0,575,358,305,570,353,305,555,770,737,305,293
346,1023,0,232,1023,0,493,328,305,516,348,305,555,718,695,305,293
380,1023,0,164,1023,0,520,335,305,465,326,305,555,698,677,305,293
405,1023,0,305,1023,0,535,325,305,514,335,305,555,717,678,305,293
436,1023,0,368,1023,0,533,334,305,536,334,305,555,760,741,305,293
416,1023,0,408,1023,0,562,351,305,565,352,305,555,779,757,305,293
300,1023,0,434,1023,0,549,355,305,538,343,305,555,767,752,305,293
554,1023,0,502,1023,0,525,328,305,596,363,305,555,772,757,305,293
240,1023,0,118,1023,0,398,314,305,483,318,305,555,513,460,305,293
381,1023,0,498,1023,0,488,324,305,468,321,305,556,633,579,305,293
251,1023,0,208,1023,0,444,322,305,564,357,305,556,573,548,305,293
526,1023,0,647,1023,0,561,345,305,558,337,305,556,772,753,305,293
373,1023,0,283,1023,0,477,326,305,515,331,305,556,747,722,305,293
404,1023,0,397,1023,0,542,340,305,520,332,305,556,754,727,305,293
271,1023,0,246,1023,0,529,334,305,567,333,305,556,731,710,305,293
544,1023,0,541,1023,0,569,344,305,614,379,305,556,781,750,305,293
677,1023,0,411,1023,0,536,332,305,568,332,305,556,801,724,305,293
631,1023,0,463,1023,0,509,333,305,526,343,305,556,754,709,305,293
474,1023,0,475,1023,0,538,350,305,533,338,305,556,749,732,305,293
378,1023,0,176,1023,0,478,320,305,643,429,305,556,705,675,305,293
444,1023,0,264,1023,0,477,321,305,447,317,305,556,733,708,305,293
395,1023,0,471,1023,0,513,334,305,515,333,305,556,773,757,305,293
426,1023,0,351,1023,0,505,337,305,540,333,305,556,753,734,305,293
468,1023,0,277,1023,0,547,334,305,463,324,305,556,736,718,305,293
501,1023,0,587,1023,0,569,334,305,546,337,305,556,757,732,305,293
358,1023,0,277,1023,0,482,324,305,510,322,305,556,734,723,305,293
387,1023,0,243,1023,0,495,327,305,514,324,305,556,725,703,305,293
644,1023,0,597,1023,0,563,356,305,613,351,305,556,794,758,305,293
358,1023,0,346,1023,0,524,335,305,547,350,305,556,706,682,305,293
424,1023,0,245,1023,0,489,320,305,485,324,305,556,728,702,305,293
485,1023,0,255,1023,0,456,315,305,650,413,305,556,708,676,305,293
467,1023,0,576,1023,0,547,341,305,597,366,305,557,783,745,305,293
434,1023,0,277,1023,0,491,320,305,503,329,305,557,763,750,305,293
489,1023,0,314,1023,0,510,323,305,491,319,305,557,767,746,305,293
528,1023,0,567,1023,0,565,346,305,583,355,305,557,768,739,305,293
326,1023,0,286,1023,0,524,344,305,508,333,305,557,752,736,305,293
527,1023,0,671,1023,0,558,342,305,551,341,305,557,800,779,305,293
446,1023,0,554,1023,0,554,358,305,556,347,305,557,777,763,305,293
368,1023,0,259,1023,0,520,326,305,516,318,305,557,741,728,305,293
305,1023,0,263,1023,0,505,333,305,522,332,305,557,758,740,305,293
588,1023,0,408,1023,0,553,335,305,552,332,305,557,768,753,305,293
433,1023,0,303,1023,0,505,332,305,0,329,305,557,763,740,305,293
308,1023,0,227,1023,0,521,333,305,485,324,305,557,705,670,305,293
500,1023,0,366,1023,0,529,340,305,509,328,305,557,750,730,305,293
412,1023,0,208,1023,0,473,324,305,500,326,305,557,720,702,305,293
349,1023,0,207,1023,0,487,322,305,484,318,305,557,717,705,305,293
477,1023,0,353,1023,0,524,331,305,540,345,305,557,762,750,305,293
364,1023,0,350,1023,0,507,333,305,519,328,305,557,760,746,305,293
335,1023,0,298,1023,0,485,321,305,546,341,305,557,721,703,305,293
546,1023,0,431,1023,0,530,329,305,601,359,305,557,770,750,305,293
476,1023,0,318,1023,0,518,335,305,538,331,305,557,741,728,305,293
224,1023,0,166,1023,0,478,319,305,442,315,305,557,431,398,305,293
430,1023,0,267,1023,0,532,326,305,526,330,305,557,745,725,305,293
445,1023,0,277,1023,0,537,341,305,548,335,305,557,694,670,305,293
425,1023,0,377,1023,0,543,338,305,569,342,305,557,760,731,305,293
594,1023,0,458,1023,0,549,352,305,568,356,305,557,781,755,305,293
752,1023,0,615,1023,0,561,339,305,586,346,305,557,820,765,305,293
419,1023,0,301,1023,0,480,325,305,566,348,305,557,746,730,305,293
320,1023,0,220,1023,0,493,324,305,495,328,305,557,741,720,305,293
664,1023,0,697,1023,0,569,340,305,596,348,305,557,768,724,305,293
356,1023,0,206,1023,0,447,325,305,488,321,305,558,441,388,305,293
496,1023,0,352,1023,0,501,331,305,425,324,305,558,738,713,305,293
360,1023,0,165,1023,0,461,320,305,397,318,305,558,706,688,305,293
359,1023,0,294,1023,0,495,323,305,492,319,305,558,715,674,305,293
521,1023,0,381,1023,0,563,355,305,500,339,305,558,766,750,305,293
512,1023,0,431,1023,0,598,367,305,596,364,305,558,818,784,305,293
411,1023,0,347,1023,0,518,330,305,521,329,305,558,739,729,305,293
365,1023,0,263,1023,0,480,323,305,504,322,305,558,595,550,305,293
224,1023,0,230,1023,0,490,313,305,618,394,305,558,620,534,305,293
389,1023,0,176,1023,0,459,322,305,458,313,305,558,707,697,305,293
700,1023,0,519,1023,0,562,332,305,594,348,305,558,778,726,305,293
229,1023,0,154,1023,0,480,322,305,490,320,305,558,735,723,305,293
554,1023,0,397,1023,0,488,328,305,533,335,305,558,748,722,305,293
707,1023,0,595,1023,0,557,336,305,567,330,305,558,813,736,305,293
521,1023,0,554,1023,0,529,335,305,582,352,305,558,778,756,305,293
642,1023,0,310,1023,0,523,325,305,497,328,305,558,711,673,305,293
413,1023,0,384,1023,0,522,327,305,525,324,305,558,730,710,305,293
348,1023,0,246,1023,0,507,333,305,558,352,305,558,744,726,305,293
419,1023,0,359,1023,0,495,329,305,481,325,305,558,764,731,305,293
314,1023,0,292,1023,0,531,335,305,636,423,305,558,743,727,305,293
614,1023,0,610,1023,0,567,335,305,576,336,305,558,809,732,305,293
519,1023,0,488,1023,0,538,340,305,555,347,305,558,772,750,305,293
325,1023,0,415,1023,0,513,329,305,638,464,305,558,788,776,305,293
365,1023,0,294,1023,0,512,332,305,527,329,305,558,751,733,305,293
472,1023,0,377,1023,0,519,336,305,540,332,305,558,753,739,305,293
426,1023,0,423,1023,0,554,336,305,511,332,305,558,765,749,305,293
514,1023,0,283,1023,0,535,339,305,523,332,305,558,759,744,305,293
447,1023,0,420,1023,0,517,329,305,518,327,305,558,733,703,305,293
554,1023,0,489,1023,0,542,344,305,538,336,305,558,769,747,305,293
352,1023,0,302,1023,0,482,322,305,506,322,305,558,745,735,305,293
342,1023,0,316,1023,0,587,342,305,550,338,305,559,768,754,305,293
434,1023,0,232,1023,0,487,330,305,533,335,305,559,714,689,305,293
704,1023,0,558,1023,0,631,399,305,619,392,305,559,807,782,305,293
408,1023,0,487,1023,0,552,341,305,541,339,305,559,784,751,305,293
298,1023,0,175,1023,0,455,326,305,529,323,305,559,679,668,305,293
447,1023,0,309,1023,0,478,329,305,447,320,305,559,735,713,305,293
296,1023,0,251,1023,0,486,325,305,473,325,305,559,728,717,305,293
396,1023,0,320,1023,0,439,326,305,487,333,305,559,726,696,305,293
467,1023,0,268,1023,0,482,329,305,459,324,305,559,740,714,305,293
336,1023,0,238,1023,0,524,327,305,547,325,305,559,738,728,305,293
378,1023,0,205,1023,0,521,326,305,467,321,305,559,746,731,305,293
493,1023,0,419,1023,0,516,333,305,493,330,305,559,762,740,305,293
330,1023,0,407,1023,0,560,351,305,536,341,305,559,757,740,305,293
574,1023,0,381,1023,0,548,333,305,549,331,305,559,759,737,305,293
379,1023,0,354,1023,0,516,332,305,519,329,305,559,758,735,305,293
472,1023,0,476,1023,0,524,330,305,515,336,305,559,747,715,305,293
429,1023,0,326,1023,0,507,336,305,530,331,305,559,742,721,305,293
559,1023,0,573,1023,0,534,339,305,568,340,305,559,770,741,305,293
416,1023,0,409,1023,0,513,333,305,537,334,305,559,749,723,305,293
399,1023,0,292,1023,0,501,329,305,459,325,305,559,734,715,305,293
338,1023,0,253,1023,0,529,336,305,481,320,305,559,717,703,305,293
354,1023,0,380,1023,0,521,330,305,507,323,305,559,738,710,305,293
561,1023,0,471,1023,0,527,333,305,526,333,305,559,730,701,305,293
358,1023,0,190,1023,0,494,327,305,489,320,305,559,733,715,305,293
348,1023,0,181,1023,0,449,315,305,390,311,305,559,691,647,305,293
437,1023,0,265,1023,0,549,341,305,641,433,305,559,742,719,305,293
391,1023,0,239,1023,0,478,318,305,502,319,305,559,738,710,305,293
316,1023,0,216,1023,0,484,323,305,499,320,305,559,671,661,305,293
496,1023,0,527,1023,0,545,344,305,566,356,305,559,764,746,305,293
433,1023,0,246,1023,0,464,326,305,511,323,305,559,733,717,305,293
565,1023,0,477,1023,0,507,322,305,555,335,305,559,774,742,305,293
335,1023,0,203,1023,0,444,320,305,507,316,305,559,728,714,305,293
504,1023,0,403,1023,0,550,348,305,554,334,305,559,754,737,305,293
485,1023,0,287,1023,0,517,328,305,472,318,305,559,758,746,305,293
542,1023,0,610,1023,0,570,351,305,589,368,305,560,804,768,305,293
393,1023,0,495,1023,0,542,336,305,544,341,305,560,783,765,305,293
380,1023,0,159,1023,0,490,322,305,499,319,305,560,690,678,305,293
407,1023,0,211,1023,0,497,323,305,517,324,305,560,736,725,305,293
249,1023,0,289,1023,0,513,338,305,638,434,305,560,744,730,305,293
429,1023,0,299,1023,0,483,317,305,520,323,305,560,749,738,305,293
402,1023,0,252,1023,0,518,325,305,510,324,305,560,756,731,305,293
469,1023,0,472,1023,0,518,334,305,560,348,305,560,761,715,305,293
690,1023,0,554,1023,0,563,345,305,641,424,305,560,767,726,305,293
442,1023,0,498,1023,0,569,350,305,555,340,305,560,755,739,305,293
414,1023,0,184,1023,0,512,328,305,458,322,305,560,732,712,305,293
340,1023,0,184,1023,0,439,319,305,462,323,305,560,711,691,305,293
328,1023,0,260,1023,0,446,312,305,316,312,305,560,748,729,305,293
412,1023,0,393,1023,0,558,345,305,551,339,305,560,762,743,305,293
448,1023,0,612,1023,0,551,339,305,502,331,305,560,775,748,305,293
485,1023,0,340,1023,0,521,326,305,496,331,305,560,741,706,305,293
381,1023,0,333,1023,0,502,331,305,542,341,305,560,757,737,305,293
575,1023,0,520,1023,0,539,327,305,576,348,305,560,792,730,305,293
434,1023,0,309,1023,0,509,329,305,467,324,305,560,747,718,305,293
664,1023,0,422,1023,0,536,330,305,560,341,305,560,771,749,305,293
323,1023,0,189,1023,0,498,325,305,551,325,305,560,697,672,305,293
278,1023,0,164,1023,0,514,330,305,440,319,305,560,719,709,305,293
445,1023,0,589,1023,0,554,349,305,575,361,305,560,771,758,305,293
314,1023,0,343,1023,0,483,321,305,520,333,305,560,735,712,305,293
652,1023,0,381,1023,0,548,340,305,558,328,305,560,776,689,305,293
559,1023,0,337,1023,0,508,338,305,546,328,305,560,757,747,305,293
410,1023,0,520,1023,0,542,344,305,548,340,305,560,760,742,305,293
377,1023,0,162,1023,0,400,313,305,509,321,305,560,684,647,305,293
426,1023,0,370,1023,0,510,329,305,556,326,305,560,758,743,305,293
308,1023,0,205,1023,0,520,329,305,553,349,305,560,728,716,305,293
550,1023,0,427,1023,0,545,339,305,536,335,305,560,777,752,305,293
486,1023,0,468,1023,0,528,337,305,577,338,305,561,746,722,305,293
338,1023,0,191,1023,0,408,316,305,430,316,305,561,723,689,305,293
367,1023,0,198,1023,0,478,329,305,521,325,305,561,691,678,305,293
389,1023,0,222,1023,0,481,321,305,509,318,305,561,741,726,305,293
298,1023,0,185,1023,0,405,318,305,339,316,305,561,522,504,305,293
401,1023,0,305,1023,0,527,332,305,556,344,305,561,756,729,305,293
243,1023,0,149,1023,0,473,322,305,481,322,305,561,553,523,305,293
424,1023,0,529,1023,0,542,331,305,549,342,305,561,769,747,305,293
254,1023,0,293,1023,0,508,332,305,527,331,305,561,749,735,305,293
484,1023,0,336,1023,0,517,330,305,554,331,305,561,740,728,305,293
499,1023,0,522,1023,0,544,343,305,584,350,305,561,753,709,305,293
372,1023,0,285,1023,0,500,332,305,576,347,305,561,752,717,305,293
366,1023,0,309,1023,0,508,322,305,521,326,305,561,757,744,305,293
511,1023,0,506,1023,0,552,346,305,557,341,305,561,758,744,305,293
431,1023,0,352,1023,0,494,327,305,521,332,305,561,740,729,305,293
448,1023,0,436,1023,0,539,338,305,535,336,305,561,731,717,305,293
307,1023,0,287,1023,0,534,346,305,530,336,305,561,704,675,305,293
469,1023,0,282,1023,0,518,327,305,513,323,305,561,725,711,305,293
222,1023,0,187,1023,0,368,315,305,488,320,305,561,538,516,305,293
460,1023,0,381,1023,0,530,329,305,539,342,305,561,738,717,305,293
498,1023,0,341,1023,0,540,343,305,559,336,305,561,764,748,305,293
360,1023,0,367,1023,0,540,343,305,535,331,305,561,739,725,305,293
453,1023,0,318,1023,0,534,335,305,560,338,305,561,732,703,305,293
468,1023,0,374,1023,0,527,334,305,537,334,305,561,742,697,305,293
505,1023,0,565,1023,0,588,354,305,583,343,305,561,777,737,305,293
543,1023,0,463,1023,0,517,325,305,602,348,305,561,741,690,305,293
355,1023,0,215,1023,0,482,322,305,443,316,305,561,718,693,305,293
437,1023,0,304,1023,0,504,332,305,503,327,305,561,725,699,305,293
274,1023,0,177,1023,0,493,321,305,453,317,305,561,699,685,305,293
442,1023,0,200,1023,0,527,332,305,492,320,305,561,726,711,305,293
454,1023,0,356,1023,0,541,340,305,546,332,305,562,759,736,305,293
418,1023,0,225,1023,0,489,318,305,503,319,305,562,753,737,305,293
630,1023,0,601,1023,0,545,342,305,466,348,305,562,799,753,305,293
320,1023,0,257,1023,0,478,327,305,521,332,305,562,748,736,305,293
457,1023,0,406,1023,0,528,337,305,531,334,305,562,758,723,305,293
387,1023,0,154,1023,0,505,327,305,492,323,305,562,734,727,305,293
424,1023,0,322,1023,0,523,335,305,545,339,305,562,760,730,305,293
369,1023,0,288,1023,0,511,329,305,466,321,305,562,695,682,305,293
355,1023,0,440,1023,0,560,354,305,673,424,305,562,770,746,305,293
251,1023,0,104,1023,0,396,313,305,521,328,305,562,661,633,305,293
342,1023,0,135,1023,0,469,315,305,460,315,305,562,727,719,305,293
350,1023,0,218,1023,0,408,315,305,458,317,305,562,730,717,305,293
546,1023,0,505,1023,0,535,328,305,582,335,305,562,759,729,305,293
454,1023,0,225,1023,0,479,323,305,480,318,305,562,752,728,305,293
457,1023,0,393,1023,0,494,330,305,551,353,305,562,759,716,305,293
397,1023,0,282,1023,0,496,328,305,431,323,305,562,701,687,305,293
400,1023,0,221,1023,0,514,327,305,483,324,305,562,748,735,305,293
372,1023,0,295,1023,0,511,323,305,485,323,305,562,720,705,305,293
468,1023,0,357,1023,0,484,323,305,438,317,305,562,759,743,305,293
551,1023,0,558,1023,0,515,331,305,568,344,305,562,793,776,305,293
324,1023,0,383,1023,0,552,355,305,598,352,305,562,754,728,305,293
593,1023,0,472,1023,0,560,345,305,550,341,305,562,770,744,305,293
205,1023,0,232,1023,0,410,314,305,651,437,305,562,611,581,305,293
315,1023,0,153,1023,0,380,313,305,482,315,305,562,670,656,305,293
480,1023,0,582,1023,0,547,349,305,562,340,305,562,774,744,305,293
384,1023,0,470,1023,0,571,348,305,549,343,305,562,765,747,305,293
445,1023,0,273,1023,0,521,336,305,506,326,305,562,747,734,305,293
299,1023,0,217,1023,0,475,323,305,387,315,305,562,706,694,305,293
456,1023,0,244,1023,0,522,332,305,478,325,305,562,741,711,305,293
393,1023,0,280,1023,0,544,337,305,521,329,305,562,715,706,305,293
380,1023,0,344,1023,0,522,336,305,548,338,305,562,774,757,305,293
324,1023,0,221,1023,0,487,321,305,480,321,305,563,745,722,305,293
305,1023,0,381,1023,0,559,354,305,562,345,305,563,773,762,305,293
401,1023,0,280,1023,0,467,323,305,526,328,305,563,746,727,305,293
444,1023,0,449,1023,0,511,335,305,551,349,305,563,759,744,305,293
552,1023,0,362,1023,0,540,336,305,525,327,305,563,753,726,305,293
334,1023,0,192,1023,0,510,325,305,501,321,305,563,730,704,305,293
396,1023,0,300,1023,0,535,331,305,541,330,305,563,733,707,305,293
446,1023,0,420,1023,0,516,328,305,530,327,305,563,751,721,305,293
384,1023,0,245,1023,0,488,325,305,507,326,305,563,728,712,305,293
496,1023,0,325,1023,0,513,335,305,494,332,305,563,754,740,305,293
407,1023,0,285,1023,0,490,321,305,514,322,305,563,726,712,305,293
289,1023,0,154,1023,0,416,321,305,459,317,305,563,728,712,305,293
421,1023,0,249,1023,0,487,322,305,529,321,305,563,727,714,305,293
395,1023,0,345,1023,0,499,325,305,501,324,305,563,742,730,305,293
423,1023,0,314,1023,0,531,339,305,0,336,305,563,754,737,305,293
446,1023,0,389,1023,0,524,325,305,580,345,305,563,754,739,305,293
444,1023,0,360,1023,0,540,333,305,519,327,305,563,753,744,305,293
536,1023,0,594,1023,0,571,347,305,633,419,305,563,782,752,305,293
475,1023,0,451,1023,0,549,339,305,537,335,305,563,731,707,305,293
535,1023,0,522,1023,0,520,330,305,558,332,305,563,776,744,305,293
359,1023,0,176,1023,0,495,320,305,473,320,305,563,733,729,305,293
324,1023,0,218,1023,0,499,325,305,369,316,305,564,758,737,305,293
393,1023,0,214,1023,0,478,322,305,0,327,305,564,723,704,305,293
250,1023,0,169,1023,0,492,324,305,503,328,305,564,703,688,305,293
394,1023,0,449,1023,0,531,340,305,532,332,305,564,728,689,305,293
440,1023,0,470,1023,0,495,324,305,686,531,305,564,699,663,305,293
455,1023,0,269,1023,0,513,335,305,553,335,305,564,753,741,305,293
358,1023,0,268,1023,0,506,326,305,531,326,305,564,741,707,305,293
305,1023,0,176,1023,0,495,324,305,516,329,305,564,688,665,305,293
546,1023,0,617,1023,0,586,368,305,582,360,305,564,782,761,305,293
331,1023,0,363,1023,0,534,339,305,540,333,305,564,764,744,305,293
382,1023,0,284,1023,0,521,333,305,555,337,305,564,748,736,305,293
479,1023,0,394,1023,0,551,343,305,554,343,305,564,764,728,305,293
675,1023,0,680,1023,0,556,337,305,587,353,305,564,772,747,305,293
448,1023,0,290,1023,0,504,333,305,487,328,305,564,715,694,305,293
314,1023,0,98,1023,0,383,313,305,401,313,305,564,654,636,305,293
473,1023,0,453,1023,0,547,333,305,527,333,305,564,755,736,305,293
529,1023,0,519,1023,0,572,350,305,558,349,305,564,736,712,305,293
631,1023,0,512,1023,0,532,334,305,433,387,305,564,784,725,305,293
317,1023,0,305,1023,0,496,324,305,634,406,305,564,669,626,305,293
691,1023,0,484,1023,0,541,338,305,582,332,305,564,792,723,305,293
558,1023,0,508,1023,0,545,339,305,559,335,305,564,770,749,305,293
199,1023,0,242,1023,0,493,319,305,706,551,305,564,617,589,305,293
575,1023,0,603,1023,0,539,327,305,568,349,305,564,787,761,305,293
412,1023,0,413,1023,0,511,325,305,532,331,305,564,774,756,305,293
409,1023,0,306,1023,0,480,319,305,546,339,305,564,743,729,305,293
316,1023,0,236,1023,0,522,327,305,0,330,305,564,714,690,305,293
340,1023,0,254,1023,0,420,316,305,496,324,305,564,727,716,305,293
676,1023,0,429,1023,0,565,337,305,533,327,305,564,789,716,305,293
509,1023,0,311,1023,0,489,324,305,495,321,305,564,766,732,305,293
448,1023,0,591,1023,0,543,345,305,546,342,305,565,753,738,305,293
600,1023,0,442,1023,0,511,322,305,549,332,305,565,810,748,305,293
340,1023,0,192,1023,0,454,314,305,527,326,305,565,725,698,305,293
366,1023,0,203,1023,0,496,329,305,438,318,305,565,708,696,305,293
353,1023,0,392,1023,0,505,327,305,538,342,305,565,758,715,305,293
311,1023,0,319,1023,0,528,332,305,570,342,305,565,753,732,305,293
374,1023,0,285,1023,0,525,323,305,498,325,305,565,755,747,305,293
305,1023,0,230,1023,0,515,335,305,547,326,305,565,711,700,305,293
485,1023,0,407,1023,0,519,332,305,568,352,305,565,742,703,305,293
474,1023,0,284,1023,0,518,331,305,532,329,305,565,735,716,305,293
330,1023,0,141,1023,0,461,313,305,534,344,305,565,658,647,305,293
640,1023,0,664,1023,0,582,348,305,593,349,305,565,822,743,305,293
369,1023,0,422,1023,0,469,327,305,539,328,305,565,750,734,305,293
471,1023,0,383,1023,0,530,339,305,557,336,305,565,754,733,305,293
630,1023,0,481,1023,0,551,328,305,529,332,305,565,780,699,305,293
497,1023,0,557,1023,0,541,329,305,520,331,305,565,742,718,305,293
507,1023,0,300,1023,0,525,332,305,521,328,305,565,765,746,305,293
362,1023,0,263,1023,0,432,321,305,566,339,305,565,733,714,305,293
498,1023,0,451,1023,0,537,332,305,515,330,305,565,762,741,305,293
454,1023,0,270,1023,0,556,352,305,553,339,305,565,761,739,305,293
446,1023,0,201,1023,0,519,329,305,514,327,305,565,749,731,305,293
480,1023,0,334,1023,0,528,329,305,489,330,305,565,767,742,305,293
265,1023,0,183,1023,0,397,313,305,552,346,305,565,536,493,305,293
540,1023,0,402,1023,0,524,329,305,571,345,305,565,771,755,305,293
285,1023,0,272,1023,0,497,337,305,536,330,305,565,724,704,305,293
471,1023,0,400,1023,0,509,332,305,534,335,305,565,760,744,305,293
280,1023,0,112,1023,0,403,316,305,522,352,305,565,687,683,305,293
503,1023,0,572,1023,0,532,331,305,554,334,305,565,755,735,305,293
766,1023,0,517,1023,0,535,331,305,581,350,305,565,800,728,305,293
380,1023,0,307,1023,0,478,325,305,512,327,305,565,740,723,305,293
433,1023,0,374,1023,0,525,333,305,547,337,305,565,754,733,305,293
387,1023,0,274,1023,0,551,348,305,495,328,305,565,761,741,305,293
510,1023,0,264,1023,0,521,328,305,541,332,305,565,736,718,305,293
575,1023,0,422,1023,0,547,339,305,522,327,305,565,743,721,305,293
540,1023,0,437,1023,0,547,350,305,557,353,305,566,783,754,305,293
319,1023,0,239,1023,0,491,321,305,489,321,305,566,696,671,305,293
323,1023,0,293,1023,0,553,337,305,525,337,305,566,726,710,305,293
456,1023,0,423,1023,0,540,344,305,548,344,305,566,783,761,305,293
447,1023,0,303,1023,0,525,335,305,504,330,305,566,760,746,305,293
401,1023,0,403,1023,0,553,344,305,529,336,305,566,746,723,305,293
265,1023,0,422,1023,0,508,337,305,501,334,305,566,650,623,305,293
506,1023,0,291,1023,0,520,325,305,514,327,305,566,764,738,305,293
365,1023,0,248,1023,0,503,333,305,482,333,305,566,736,723,305,293
416,1023,0,459,1023,0,537,342,305,562,356,305,566,754,707,305,293
431,1023,0,365,1023,0,543,340,305,573,362,305,566,716,694,305,293
549,1023,0,625,1023,0,571,354,305,562,343,305,566,785,764,305,293
463,1023,0,548,1023,0,553,341,305,532,335,305,566,760,741,305,293
410,1023,0,347,1023,0,521,333,305,480,320,305,566,751,735,305,293
331,1023,0,187,1023,0,530,326,305,511,323,305,566,739,723,305,293
481,1023,0,409,1023,0,523,327,305,508,331,305,566,751,732,305,293
370,1023,0,235,1023,0,489,327,305,524,324,305,566,713,702,305,293
387,1023,0,349,1023,0,519,332,305,539,337,305,566,770,756,305,293
285,1023,0,281,1023,0,557,350,305,537,338,305,566,753,735,305,293
367,1023,0,258,1023,0,505,334,305,482,327,305,566,743,711,305,293
510,1023,0,471,1023,0,537,331,305,559,345,305,566,763,740,305,293
353,1023,0,197,1023,0,457,325,305,439,317,305,566,683,676,305,293
397,1023,0,309,1023,0,496,325,305,517,326,305,566,732,700,305,293
340,1023,0,384,1023,0,547,339,305,498,329,305,566,767,748,305,293
249,1023,0,408,1023,0,519,321,305,534,328,305,566,704,676,305,293
436,1023,0,445,1023,0,540,341,305,537,336,305,567,779,753,305,293
540,1023,0,457,1023,0,523,325,305,556,326,305,567,763,717,305,293
650,1023,0,469,1023,0,551,342,305,551,339,305,567,820,770,305,293
503,1023,0,375,1023,0,517,324,305,0,325,305,567,756,735,305,293
450,1023,0,276,1023,0,474,315,305,476,318,305,567,759,730,305,293
501,1023,0,564,1023,0,579,361,305,578,346,305,567,792,762,305,293
661,1023,0,678,1023,0,564,348,305,588,357,305,567,804,771,305,293
708,1023,0,490,1023,0,528,328,305,584,368,305,567,787,726,305,293
401,1023,0,444,1023,0,562,357,305,545,343,305,567,764,734,305,293
392,1023,0,230,1023,0,519,332,305,534,327,305,567,717,698,305,293
400,1023,0,286,1023,0,494,331,305,413,316,305,567,730,701,305,293
464,1023,0,241,1023,0,476,323,305,445,317,305,567,735,711,305,293
389,1023,0,298,1023,0,505,324,305,559,342,305,567,717,692,305,293
467,1023,0,552,1023,0,552,349,305,578,348,305,567,749,734,305,293
460,1023,0,594,1023,0,545,341,305,533,337,305,567,779,762,305,293
442,1023,0,416,1023,0,493,324,305,520,333,305,567,735,710,305,293
489,1023,0,299,1023,0,464,318,305,423,334,305,567,754,734,305,293
383,1023,0,295,1023,0,507,328,305,506,328,305,567,734,718,305,293
426,1023,0,333,1023,0,506,331,305,578,354,305,567,750,723,305,293
505,1023,0,464,1023,0,540,344,305,515,335,305,567,746,723,305,293
435,1023,0,424,1023,0,545,341,305,517,334,305,567,738,722,305,293
317,1023,0,372,1023,0,493,328,305,524,323,305,567,753,728,305,293
339,1023,0,215,1023,0,523,327,305,446,325,305,568,715,697,305,293
473,1023,0,456,1023,0,547,334,305,492,325,305,568,771,760,305,293
458,1023,0,409,1023,0,536,343,305,550,338,305,568,742,703,305,293
274,1023,0,203,1023,0,481,328,305,510,327,305,568,733,720,305,293
243,1023,0,228,1023,0,486,319,305,727,569,305,568,767,745,305,293
458,1023,0,330,1023,0,436,317,305,580,348,305,568,735,706,305,293
512,1023,0,479,1023,0,543,338,305,538,332,305,568,761,722,305,293
347,1023,0,278,1023,0,489,327,305,457,318,305,568,738,695,305,293
410,1023,0,373,1023,0,529,334,305,689,483,305,568,774,744,305,293
396,1023,0,200,1023,0,478,322,305,497,322,305,568,736,725,305,293
563,1023,0,438,1023,0,491,325,305,529,334,305,568,742,722,305,293
526,1023,0,443,1023,0,545,331,305,555,335,305,568,778,739,305,293
416,1023,0,321,1023,0,508,321,305,490,322,305,568,739,703,305,293
491,1023,0,253,1023,0,514,325,305,499,329,305,568,757,742,305,293
457,1023,0,611,1023,0,544,344,305,588,363,305,568,761,721,305,293
447,1023,0,304,1023,0,527,328,305,478,325,305,568,769,744,305,293
413,1023,0,224,1023,0,497,323,305,443,316,305,568,739,724,305,293
612,1023,0,381,1023,0,520,337,305,561,330,305,568,743,709,305,293
400,1023,0,340,1023,0,540,337,305,504,331,305,568,748,721,305,293
343,1023,0,170,1023,0,443,322,305,466,321,305,568,725,707,305,293
461,1023,0,407,1023,0,529,332,305,552,331,305,568,779,739,305,293
353,1023,0,243,1023,0,481,321,305,525,326,305,568,741,722,305,293
423,1023,0,401,1023,0,523,335,305,510,331,305,568,755,735,305,293
478,1023,0,295,1023,0,506,322,305,533,325,305,568,750,726,305,293
426,1023,0,302,1023,0,506,323,305,487,327,305,568,764,731,305,293
311,1023,0,251,1023,0,464,324,305,633,409,305,568,776,756,305,293
351,1023,0,301,1023,0,514,330,305,533,324,305,568,747,728,305,293
313,1023,0,165,1023,0,535,327,305,537,331,305,568,671,657,305,293
403,1023,0,348,1023,0,476,317,305,598,343,305,568,726,668,305,293
402,1023,0,319,1023,0,502,325,305,506,321,305,568,752,730,305,293
502,1023,0,288,1023,0,495,329,305,519,328,305,568,721,685,305,293
544,1023,0,401,1023,0,523,335,305,489,336,305,569,771,744,305,293
395,1023,0,382,1023,0,509,326,305,553,336,305,569,758,745,305,293
404,1023,0,383,1023,0,517,328,305,525,329,305,569,747,736,305,293
398,1023,0,267,1023,0,489,321,305,481,325,305,569,729,707,305,293
619,1023,0,507,1023,0,554,339,305,558,333,305,569,720,706,305,293
410,1023,0,498,1023,0,553,342,305,567,348,305,569,770,749,305,293
414,1023,0,426,1023,0,474,322,305,489,323,305,569,757,742,305,293
439,1023,0,417,1023,0,534,338,305,520,333,305,569,741,717,305,293
634,1023,0,722,1023,0,568,336,305,578,336,305,569,793,756,305,293
484,1023,0,438,1023,0,594,348,305,588,349,305,569,672,619,305,293
464,1023,0,477,1023,0,586,337,305,506,331,305,569,776,723,305,293
349,1023,0,273,1023,0,500,332,305,535,320,305,569,739,710,305,293
463,1023,0,533,1023,0,531,336,305,565,335,305,569,782,742,305,293
405,1023,0,189,1023,0,415,317,305,507,319,305,569,704,693,305,293
432,1023,0,365,1023,0,519,328,305,542,330,305,569,752,723,305,293
416,1023,0,404,1023,0,525,341,305,726,563,305,569,774,743,305,293
706,1023,0,642,1023,0,548,336,305,583,347,305,569,775,742,305,293
774,1023,0,593,1023,0,580,346,305,569,346,305,569,823,754,305,293
448,1023,0,334,1023,0,397,314,305,475,322,305,569,752,698,305,293
396,1023,0,382,1023,0,493,322,305,452,321,305,569,734,703,305,293
457,1023,0,279,1023,0,502,328,305,439,320,305,569,705,691,305,293
394,1023,0,286,1023,0,461,328,305,555,350,305,569,713,701,305,293
331,1023,0,230,1023,0,496,325,305,474,315,305,569,749,728,305,293
393,1023,0,293,1023,0,512,332,305,509,331,305,569,727,709,305,293
533,1023,0,610,1023,0,584,354,305,573,337,305,569,771,733,305,293
345,1023,0,378,1023,0,497,328,305,497,326,305,569,734,712,305,293
576,1023,0,341,1023,0,506,332,305,537,328,305,569,737,707,305,293
301,1023,0,164,1023,0,564,361,305,550,342,305,569,716,698,305,293
297,1023,0,202,1023,0,475,323,305,490,320,305,569,718,710,305,293
379,1023,0,340,1023,0,496,333,305,524,334,305,570,734,722,305,293
341,1023,0,389,1023,0,571,366,305,580,372,305,570,758,737,305,293
397,1023,0,313,1023,0,523,340,305,540,332,305,570,734,722,305,293
514,1023,0,320,1023,0,518,341,305,536,333,305,570,720,701,305,293
421,1023,0,287,1023,0,530,341,305,556,342,305,570,747,731,305,293
382,1023,0,327,1023,0,518,323,305,472,321,305,570,747,729,305,293
535,1023,0,315,1023,0,508,329,305,497,326,305,570,738,720,305,293
508,1023,0,426,1023,0,554,349,305,501,338,305,570,743,724,305,293
367,1023,0,242,1023,0,524,334,305,549,333,305,570,753,743,305,293
302,1023,0,164,1023,0,481,328,305,497,328,305,570,682,659,305,293
285,1023,0,209,1023,0,431,313,305,402,320,305,570,688,653,305,293
681,1023,0,537,1023,0,555,333,305,572,337,305,570,780,743,305,293
306,1023,0,149,1023,0,486,322,305,486,316,305,570,686,673,305,293
476,1023,0,296,1023,0,355,315,305,0,316,305,570,734,713,305,293
229,1023,0,167,1023,0,451,319,305,447,314,305,570,554,526,305,293
412,1023,0,361,1023,0,509,336,305,645,461,305,570,751,720,305,293
392,1023,0,320,1023,0,527,334,305,506,328,305,570,746,733,305,293
416,1023,0,282,1023,0,449,323,305,505,321,305,570,726,677,305,293
422,1023,0,315,1023,0,521,335,305,562,343,305,570,739,713,305,293
383,1023,0,211,1023,0,431,317,305,500,319,305,570,711,692,305,293
420,1023,0,287,1023,0,520,327,305,469,327,305,570,749,726,305,293
247,1023,0,178,1023,0,460,323,305,570,364,305,570,710,701,305,293
461,1023,0,379,1023,0,538,332,305,495,328,305,570,724,710,305,293
407,1023,0,334,1023,0,508,330,305,608,350,305,570,724,694,305,293
388,1023,0,360,1023,0,554,329,305,521,324,305,570,757,720,305,293
340,1023,0,255,1023,0,495,326,305,565,343,305,570,735,722,305,293
347,1023,0,387,1023,0,544,340,305,517,334,305,570,772,758,305,293
477,1023,0,331,1023,0,504,329,305,488,323,305,570,758,720,305,293
345,1023,0,136,1023,0,441,321,305,475,318,305,570,712,699,305,293
306,1023,0,246,1023,0,465,321,305,540,325,305,570,703,688,305,293
383,1023,0,429,1023,0,501,323,305,497,324,305,571,751,739,305,293
558,1023,0,422,1023,0,545,335,305,711,494,305,571,802,768,305,293
436,1023,0,463,1023,0,507,334,305,549,342,305,571,770,741,305,293
443,1023,0,280,1023,0,498,323,305,533,328,305,571,756,731,305,293
282,1023,0,313,1023,0,540,345,305,525,336,305,571,736,721,305,293
429,1023,0,221,1023,0,495,326,305,463,324,305,571,730,708,305,293
338,1023,0,153,1023,0,396,318,305,448,318,305,571,699,686,305,293
566,1023,0,376,1023,0,526,333,305,491,324,305,571,764,748,305,293
337,1023,0,278,1023,0,497,329,305,511,332,305,571,710,697,305,293
384,1023,0,201,1023,0,466,317,305,548,325,305,571,685,650,305,293
445,1023,0,334,1023,0,528,339,305,515,325,305,571,738,719,305,293
398,1023,0,267,1023,0,505,326,305,504,324,305,571,717,676,305,293
524,1023,0,369,1023,0,518,330,305,523,328,305,571,758,736,305,293
611,1023,0,554,1023,0,549,331,305,568,332,305,571,767,692,305,293
313,1023,0,162,1023,0,458,321,305,420,312,305,571,730,721,305,293
545,1023,0,472,1023,0,535,325,305,555,329,305,571,756,712,305,293
320,1023,0,350,1023,0,529,334,305,541,333,305,571,765,749,305,293
408,1023,0,332,1023,0,513,325,305,498,319,305,571,615,562,305,293
509,1023,0,417,1023,0,542,337,305,523,328,305,571,762,737,305,293
434,1023,0,248,1023,0,469,322,305,492,320,305,571,748,734,305,293
534,1023,0,438,1023,0,511,335,305,509,328,305,571,735,692,305,293
489,1023,0,387,1023,0,528,331,305,481,325,305,571,762,739,305,293
265,1023,0,186,1023,0,506,332,305,508,328,305,571,721,712,305,293
295,1023,0,169,1023,0,473,323,305,467,319,305,571,735,720,305,293
341,1023,0,211,1023,0,498,323,305,483,319,305,571,673,650,305,293
434,1023,0,243,1023,0,491,325,305,494,325,305,571,715,678,305,293
336,1023,0,258,1023,0,472,321,305,499,320,305,571,699,674,305,293
552,1023,0,562,1023,0,580,352,305,568,337,305,571,788,762,305,293
443,1023,0,331,1023,0,502,325,305,533,330,305,571,747,724,305,293
378,1023,0,251,1023,0,463,322,305,357,322,305,571,739,720,305,293
423,1023,0,291,1023,0,521,339,305,518,340,305,571,742,725,305,293
345,1023,0,188,1023,0,475,319,305,468,319,305,571,694,679,305,293
536,1023,0,571,1023,0,544,336,305,531,329,305,571,772,755,305,293
424,1023,0,373,1023,0,508,328,305,495,324,305,572,760,724,305,293
324,1023,0,278,1023,0,498,331,305,470,322,305,572,736,720,305,293
228,1023,0,176,1023,0,373,314,305,489,318,305,572,708,697,305,293
463,1023,0,416,1023,0,504,326,305,530,330,305,572,749,722,305,293
634,1023,0,525,1023,0,576,349,305,560,332,305,572,798,766,305,293
302,1023,0,254,1023,0,493,326,305,492,320,305,572,702,681,305,293
413,1023,0,473,1023,0,548,340,305,541,341,305,572,738,719,305,293
476,1023,0,498,1023,0,550,341,305,634,414,305,572,789,747,305,293
664,1023,0,633,1023,0,605,369,305,605,368,305,572,802,775,305,293
318,1023,0,326,1023,0,546,346,305,560,343,305,572,760,743,305,293
365,1023,0,366,1023,0,534,330,305,522,324,305,572,456,408,305,293
444,1023,0,273,1023,0,472,319,305,499,316,305,572,712,696,305,293
258,1023,0,175,1023,0,521,321,305,505,318,305,572,662,653,305,293
280,1023,0,299,1023,0,549,349,305,545,339,305,572,732,718,305,293
294,1023,0,189,1023,0,361,314,305,468,315,305,572,718,705,305,293
341,1023,0,440,1023,0,555,359,305,562,351,305,572,760,749,305,293
263,1023,0,117,1023,0,422,316,305,417,315,305,572,653,641,305,293
246,1023,0,112,1023,0,392,311,305,523,323,305,572,509,484,305,293
597,1023,0,401,1023,0,540,338,305,586,347,305,572,789,762,305,293
396,1023,0,448,1023,0,539,339,305,486,329,305,572,762,743,305,293
407,1023,0,343,1023,0,513,328,305,507,324,305,572,766,750,305,293
561,1023,0,699,1023,0,565,352,305,580,355,305,572,780,762,305,293
453,1023,0,220,1023,0,536,337,305,634,397,305,572,720,687,305,293
337,1023,0,247,1023,0,455,320,305,410,315,305,572,746,731,305,293
382,1023,0,259,1023,0,505,323,305,534,326,305,572,727,702,305,293
604,1023,0,489,1023,0,602,364,305,607,377,305,572,793,764,305,293
509,1023,0,462,1023,0,572,352,305,536,341,305,572,757,737,305,293
388,1023,0,267,1023,0,504,327,305,499,324,305,573,718,692,305,293
318,1023,0,198,1023,0,468,323,305,415,317,305,573,704,678,305,293
475,1023,0,271,1023,0,459,315,305,513,327,305,573,741,722,305,293
554,1023,0,487,1023,0,534,350,305,575,352,305,573,759,724,305,293
271,1023,0,189,1023,0,514,332,305,482,318,305,573,696,674,305,293
430,1023,0,264,1023,0,505,330,305,517,329,305,573,723,689,305,293
411,1023,0,412,1023,0,532,334,305,526,331,305,573,753,709,305,293
326,1023,0,139,1023,0,478,321,305,365,315,305,573,673,661,305,293
305,1023,0,242,1023,0,520,336,305,487,330,305,573,731,712,305,293
438,1023,0,277,1023,0,506,329,305,533,341,305,573,704,694,305,293
348,1023,0,237,1023,0,531,339,305,516,333,305,573,723,694,305,293
396,1023,0,302,1023,0,512,325,305,501,322,305,573,702,658,305,293
392,1023,0,301,1023,0,533,330,305,481,320,305,573,755,731,305,293
607,1023,0,681,1023,0,549,335,305,608,350,305,573,773,732,305,293
383,1023,0,409,1023,0,532,347,305,545,347,305,573,751,727,305,293
436,1023,0,272,1023,0,503,326,305,533,324,305,573,749,732,305,293
312,1023,0,401,1023,0,524,339,305,544,341,305,573,770,755,305,293
327,1023,0,273,1023,0,490,323,305,510,327,305,573,724,711,305,293
313,1023,0,167,1023,0,441,317,305,459,317,305,573,701,686,305,293
618,1023,0,538,1023,0,563,338,305,571,343,305,573,793,725,305,293
410,1023,0,376,1023,0,532,340,305,526,336,305,573,742,710,305,293
405,1023,0,200,1023,0,475,322,305,474,320,305,573,735,722,305,293
392,1023,0,389,1023,0,500,329,305,566,345,305,573,759,740,305,293
341,1023,0,315,1023,0,528,334,305,536,335,305,573,741,721,305,293
444,1023,0,559,1023,0,552,348,305,544,338,305,573,770,751,305,293
429,1023,0,449,1023,0,518,338,305,552,342,305,573,745,708,305,293
412,1023,0,285,1023,0,531,335,305,528,330,305,573,744,731,305,293
414,1023,0,351,1023,0,563,360,305,596,366,305,573,668,612,305,293
334,1023,0,306,1023,0,505,332,305,508,323,305,573,735,706,305,293
383,1023,0,466,1023,0,527,328,305,541,339,305,573,761,743,305,293
410,1023,0,449,1023,0,535,338,305,506,330,305,573,748,732,305,293
425,1023,0,323,1023,0,525,328,305,504,324,305,574,747,720,305,293
320,1023,0,221,1023,0,482,325,305,504,330,305,574,740,722,305,293
402,1023,0,189,1023,0,566,330,305,500,319,305,574,650,626,305,293
317,1023,0,378,1023,0,500,326,305,506,331,305,574,775,754,305,293
373,1023,0,260,1023,0,492,329,305,469,321,305,574,750,722,305,293
312,1023,0,466,1023,0,512,343,305,579,361,305,574,762,731,305,293
333,1023,0,220,1023,0,519,332,305,477,322,305,574,743,728,305,293
407,1023,0,176,1023,0,458,321,305,449,321,305,574,752,742,305,293
397,1023,0,298,1023,0,472,317,305,490,322,305,574,743,716,305,293
451,1023,0,326,1023,0,528,328,305,555,339,305,574,744,720,305,293
437,1023,0,318,1023,0,503,332,305,511,330,305,574,723,701,305,293
403,1023,0,331,1023,0,447,321,305,492,327,305,574,731,669,305,293
365,1023,0,196,1023,0,481,319,305,433,317,305,574,716,695,305,293
743,1023,0,507,1023,0,520,325,305,552,323,305,574,794,712,305,293
321,1023,0,243,1023,0,510,326,305,500,330,305,574,725,710,305,293
671,1023,0,536,1023,0,536,332,305,589,362,305,574,777,756,305,293
429,1023,0,315,1023,0,554,341,305,556,333,305,574,731,709,305,293
408,1023,0,362,1023,0,472,321,305,526,331,305,574,748,720,305,293
466,1023,0,261,1023,0,491,322,305,566,324,305,574,734,708,305,293
533,1023,0,477,1023,0,533,324,305,534,328,305,574,743,709,305,293
579,1023,0,491,1023,0,554,338,305,574,354,305,574,785,744,305,293
339,1023,0,158,1023,0,428,314,305,418,317,305,574,691,681,305,293
342,1023,0,227,1023,0,518,337,305,445,322,305,574,718,703,305,293
463,1023,0,340,1023,0,536,336,305,518,328,305,574,637,578,305,293
446,1023,0,283,1023,0,484,324,305,503,326,305,574,736,724,305,293
425,1023,0,285,1023,0,538,343,305,525,342,305,574,613,570,305,293
329,1023,0,408,1023,0,506,333,305,548,335,305,574,745,727,305,293
450,1023,0,346,1023,0,531,332,305,508,327,305,574,700,662,305,293
502,1023,0,451,1023,0,530,330,305,545,327,305,574,763,716,305,293
409,1023,0,327,1023,0,545,345,305,535,347,305,574,755,732,305,293
424,1023,0,249,1023,0,488,322,305,510,324,305,574,744,723,305,293
266,1023,0,173,1023,0,503,328,305,510,325,305,574,700,691,305,293
586,1023,0,533,1023,0,538,338,305,553,348,305,574,758,731,305,293
484,1023,0,264,1023,0,493,321,305,499,322,305,574,678,647,305,293
525,1023,0,559,1023,0,579,356,305,583,348,305,575,765,741,305,293
296,1023,0,213,1023,0,492,327,305,486,320,305,575,708,689,305,293
463,1023,0,418,1023,0,519,330,305,483,334,305,575,770,757,305,293
763,1023,0,636,1023,0,599,351,305,573,337,305,575,811,733,305,293
523,1023,0,461,1023,0,553,347,305,537,339,305,575,754,719,305,293
493,1023,0,383,1023,0,531,331,305,539,328,305,575,737,710,305,293
392,1023,0,360,1023,0,518,336,305,507,333,305,575,762,726,305,293
532,1023,0,426,1023,0,515,329,305,512,327,305,575,769,754,305,293
569,1023,0,457,1023,0,502,334,305,530,334,305,575,781,763,305,293
402,1023,0,200,1023,0,477,319,305,481,320,305,575,724,714,305,293
520,1023,0,405,1023,0,519,329,305,491,324,305,575,752,731,305,293
351,1023,0,358,1023,0,538,335,305,500,327,305,575,762,746,305,293
479,1023,0,381,1023,0,520,333,305,551,331,305,575,739,720,305,293
398,1023,0,248,1023,0,546,333,305,522,336,305,575,734,705,305,293
370,1023,0,158,1023,0,486,318,305,492,323,305,575,698,687,305,293
339,1023,0,380,1023,0,495,324,305,480,326,305,575,736,719,305,293
507,1023,0,377,1023,0,546,344,305,536,332,305,575,739,719,305,293
423,1023,0,279,1023,0,495,328,305,530,340,305,575,754,736,305,293
368,1023,0,180,1023,0,486,325,305,460,318,305,575,709,700,305,293
377,1023,0,274,1023,0,510,332,305,496,322,305,575,744,730,305,293
439,1023,0,358,1023,0,506,329,305,518,323,305,575,737,708,305,293
387,1023,0,294,1023,0,500,325,305,488,329,305,575,741,716,305,293
412,1023,0,263,1023,0,504,337,305,488,324,305,575,757,744,305,293
477,1023,0,388,1023,0,497,325,305,553,342,305,575,750,733,305,293
572,1023,0,378,1023,0,527,323,305,552,326,305,575,738,699,305,293
764,1023,0,570,1023,0,568,338,305,566,328,305,575,803,741,305,293
287,1023,0,223,1023,0,490,318,305,506,322,305,575,768,739,305,293
310,1023,0,284,1023,0,474,323,305,520,319,305,575,727,708,305,293
647,1023,0,653,1023,0,618,354,305,587,349,305,575,787,766,305,293
267,1023,0,256,1023,0,531,327,305,698,503,305,575,749,726,305,293
658,1023,0,546,1023,0,562,351,305,546,336,305,576,787,732,305,293
618,1023,0,470,1023,0,561,342,305,548,334,305,576,771,742,305,293
471,1023,0,389,1023,0,519,327,305,521,327,305,576,746,720,305,293
400,1023,0,363,1023,0,525,324,305,464,318,305,576,710,676,305,293
213,1023,0,254,1023,0,366,314,305,431,310,305,576,464,442,305,293
464,1023,0,391,1023,0,526,332,305,556,342,305,576,745,715,305,293
457,1023,0,344,1023,0,518,325,305,502,324,305,576,755,726,305,293
489,1023,0,410,1023,0,534,335,305,525,325,305,576,760,725,305,293
397,1023,0,292,1023,0,481,318,305,566,388,305,576,749,732,305,293
350,1023,0,393,1023,0,542,341,305,557,336,305,576,609,565,305,293
407,1023,0,292,1023,0,471,324,305,480,317,305,576,753,739,305,293
395,1023,0,387,1023,0,519,334,305,496,324,305,576,728,696,305,293
411,1023,0,230,1023,0,497,326,305,571,330,305,576,737,710,305,293
430,1023,0,462,1023,0,556,338,305,536,335,305,576,736,714,305,293
404,1023,0,404,1023,0,543,342,305,528,330,305,576,749,729,305,293
352,1023,0,194,1023,0,490,323,305,490,320,305,576,726,709,305,293
414,1023,0,286,1023,0,510,334,305,514,326,305,576,767,743,305,293
358,1023,0,199,1023,0,468,320,305,478,315,305,576,738,726,305,293
353,1023,0,308,1023,0,395,318,305,474,325,305,576,748,719,305,293
383,1023,0,338,1023,0,500,330,305,541,337,305,576,740,726,305,293
578,1023,0,572,1023,0,560,341,305,539,337,305,576,779,743,305,293
360,1023,0,343,1023,0,538,345,305,556,337,305,576,711,671,305,293
362,1023,0,398,1023,0,538,342,305,568,344,305,576,723,700,305,293
315,1023,0,177,1023,0,457,318,305,497,334,305,576,712,698,305,293
380,1023,0,552,1023,0,593,366,305,555,348,305,576,766,749,305,293
440,1023,0,354,1023,0,569,341,305,552,345,305,576,755,744,305,293
401,1023,0,358,1023,0,502,330,305,498,326,305,576,730,693,305,293
384,1023,0,263,1023,0,525,325,305,461,324,305,576,731,718,305,293
378,1023,0,347,1023,0,512,328,305,515,326,305,577,737,711,305,293
355,1023,0,324,1023,0,524,334,305,520,332,305,577,765,754,305,293
451,1023,0,271,1023,0,528,342,305,442,325,305,577,742,725,305,293
353,1023,0,409,1023,0,533,341,305,523,332,305,577,761,728,305,293
440,1023,0,381,1023,0,534,336,305,552,331,305,577,742,721,305,293
628,1023,0,595,1023,0,575,363,305,574,350,305,577,765,730,305,293
498,1023,0,462,1023,0,518,332,305,535,331,305,577,758,741,305,293
301,1023,0,165,1023,0,478,322,305,477,319,305,577,737,714,305,293
463,1023,0,207,1023,0,512,323,305,427,323,305,577,746,718,305,293
380,1023,0,223,1023,0,421,318,305,455,317,305,577,717,701,305,293
487,1023,0,473,1023,0,549,335,305,534,332,305,577,761,724,305,293
210,1023,0,199,1023,0,479,318,305,527,319,305,577,622,579,305,293
461,1023,0,434,1023,0,514,329,305,548,340,305,577,754,719,305,293
531,1023,0,324,1023,0,536,336,305,508,324,305,577,756,739,305,293
465,1023,0,451,1023,0,543,341,305,566,344,305,577,759,745,305,293
342,1023,0,359,1023,0,518,333,305,556,352,305,577,735,709,305,293
381,1023,0,360,1023,0,476,323,305,506,319,305,577,751,737,305,293
420,1023,0,239,1023,0,495,323,305,520,333,305,577,744,706,305,293
344,1023,0,243,1023,0,501,329,305,531,335,305,577,739,727,305,293
344,1023,0,177,1023,0,519,325,305,506,323,305,577,749,729,305,293
366,1023,0,275,1023,0,522,338,305,514,329,305,577,756,737,305,293
701,1023,0,410,1023,0,528,328,305,555,324,305,577,709,688,305,293
465,1023,0,382,1023,0,536,343,305,545,346,305,577,755,742,305,293
375,1023,0,398,1023,0,530,335,305,543,339,305,577,741,722,305,293
424,1023,0,416,1023,0,532,336,305,538,333,305,577,758,739,305,293
614,1023,0,593,1023,0,567,359,305,569,356,305,577,820,803,305,293
499,1023,0,431,1023,0,528,338,305,555,333,305,577,771,745,305,293
333,1023,0,240,1023,0,497,326,305,490,322,305,577,748,725,305,293
632,1023,0,497,1023,0,567,339,305,558,336,305,577,821,737,305,293
398,1023,0,238,1023,0,470,323,305,526,325,305,577,679,668,305,293
467,1023,0,206,1023,0,479,327,305,504,347,305,577,752,737,305,293
331,1023,0,207,1023,0,476,320,305,447,317,305,577,744,719,305,293
323,1023,0,443,1023,0,588,371,305,596,373,305,577,783,770,305,293
358,1023,0,347,1023,0,546,344,305,517,328,305,577,680,616,305,293
358,1023,0,272,1023,0,496,318,305,632,395,305,577,747,710,305,293
404,1023,0,310,1023,0,527,342,305,518,334,305,577,743,715,305,293
573,1023,0,400,1023,0,563,352,305,559,347,305,577,767,753,305,293
661,1023,0,591,1023,0,603,383,305,599,375,305,577,834,803,305,293
729,1023,0,515,1023,0,554,340,305,565,333,305,577,774,730,305,293
277,1023,0,197,1023,0,476,321,305,498,323,305,577,718,699,305,293
329,1023,0,215,1023,0,473,319,305,464,324,305,577,714,695,305,293
423,1023,0,239,1023,0,499,323,305,534,322,305,577,727,698,305,293
625,1023,0,461,1023,0,535,339,305,507,330,305,578,756,739,305,293
417,1023,0,383,1023,0,532,336,305,543,354,305,578,739,723,305,293
450,1023,0,368,1023,0,525,335,305,543,339,305,578,735,716,305,293
566,1023,0,610,1023,0,563,341,305,551,340,305,578,747,720,305,293
509,1023,0,365,1023,0,509,330,305,526,327,305,578,751,735,305,293
430,1023,0,345,1023,0,508,325,305,476,324,305,578,691,670,305,293
508,1023,0,403,1023,0,540,337,305,532,351,305,578,709,689,305,293
380,1023,0,192,1023,0,489,328,305,458,322,305,578,721,709,305,293
333,1023,0,226,1023,0,495,329,305,405,319,305,578,741,723,305,293
366,1023,0,329,1023,0,541,346,305,534,355,305,578,615,585,305,293
484,1023,0,364,1023,0,478,325,305,477,329,305,578,626,578,305,293
429,1023,0,338,1023,0,519,333,305,498,324,305,578,761,748,305,293
492,1023,0,421,1023,0,560,346,305,546,340,305,578,775,753,305,293
559,1023,0,541,1023,0,539,335,305,507,329,305,578,764,734,305,293
362,1023,0,390,1023,0,573,362,305,560,345,305,578,769,746,305,293
321,1023,0,227,1023,0,510,324,305,491,322,305,578,728,710,305,293
556,1023,0,678,1023,0,562,359,305,605,366,305,578,766,741,305,293
457,1023,0,232,1023,0,486,321,305,502,320,305,578,748,718,305,293
423,1023,0,430,1023,0,551,328,305,499,328,305,578,755,726,305,293
520,1023,0,509,1023,0,545,338,305,552,335,305,578,777,750,305,293
495,1023,0,430,1023,0,547,343,305,513,330,305,578,760,732,305,293
518,1023,0,281,1023,0,477,320,305,506,328,305,578,756,713,305,293
317,1023,0,215,1023,0,469,317,305,505,323,305,578,727,704,305,293
338,1023,0,180,1023,0,517,327,305,454,325,305,578,700,677,305,293
549,1023,0,401,1023,0,511,325,305,497,321,305,578,754,729,305,293
430,1023,0,237,1023,0,515,331,305,472,321,305,578,744,718,305,293
369,1023,0,323,1023,0,513,329,305,519,329,305,578,744,725,305,293
335,1023,0,302,1023,0,529,337,305,487,325,305,578,731,715,305,293
580,1023,0,271,1023,0,511,326,305,455,322,305,578,729,713,305,293
382,1023,0,296,1023,0,546,340,305,549,338,305,578,768,751,305,293
508,1023,0,272,1023,0,539,329,305,554,329,305,578,747,732,305,293
303,1023,0,215,1023,0,507,325,305,519,327,305,578,722,707,305,293
456,1023,0,296,1023,0,499,326,305,520,328,305,578,756,734,305,293
684,1023,0,394,1023,0,530,331,305,506,319,305,578,794,731,305,293
350,1023,0,172,1023,0,496,323,305,488,321,305,579,692,673,305,293
332,1023,0,255,1023,0,536,346,305,498,335,305,579,745,733,305,293
378,1023,0,244,1023,0,511,328,305,426,322,305,579,717,706,305,293
368,1023,0,319,1023,0,501,329,305,497,326,305,579,737,725,305,293
598,1023,0,420,1023,0,532,332,305,538,326,305,579,761,712,305,293
700,1023,0,405,1023,0,555,325,305,565,338,305,579,795,718,305,293
421,1023,0,316,1023,0,536,332,305,536,321,305,579,761,743,305,293
377,1023,0,324,1023,0,523,337,305,576,350,305,579,732,715,305,293
310,1023,0,128,1023,0,470,327,305,470,322,305,579,729,717,305,293
393,1023,0,147,1023,0,501,322,305,406,320,305,579,707,693,305,293
432,1023,0,261,1023,0,506,327,305,410,316,305,579,727,709,305,293
364,1023,0,273,1023,0,535,338,305,486,323,305,579,703,681,305,293
459,1023,0,391,1023,0,524,338,305,542,335,305,579,769,747,305,293
351,1023,0,280,1023,0,483,322,305,518,327,305,579,732,714,305,293
318,1023,0,139,1023,0,505,327,305,462,320,305,579,682,670,305,293
324,1023,0,198,1023,0,510,333,305,490,325,305,579,575,537,305,293
440,1023,0,342,1023,0,540,330,305,526,339,305,579,769,743,305,293
413,1023,0,481,1023,0,539,335,305,542,332,305,579,775,752,305,293
265,1023,0,208,1023,0,542,340,305,555,337,305,579,731,719,305,293
410,1023,0,206,1023,0,518,323,305,507,328,305,579,729,711,305,293
506,1023,0,304,1023,0,530,339,305,543,344,305,579,743,730,305,293
531,1023,0,481,1023,0,531,334,305,547,333,305,579,780,757,305,293
358,1023,0,228,1023,0,498,335,305,462,328,305,579,733,715,305,293
492,1023,0,443,1023,0,564,350,305,571,355,305,579,775,748,305,293
444,1023,0,238,1023,0,510,329,305,499,323,305,579,719,679,305,293
353,1023,0,229,1023,0,508,331,305,513,326,305,579,729,710,305,293
462,1023,0,476,1023,0,535,332,305,665,494,305,579,776,740,305,293
410,1023,0,272,1023,0,478,325,305,566,351,305,579,731,690,305,293
299,1023,0,244,1023,0,525,331,305,491,323,305,579,738,726,305,293
417,1023,0,446,1023,0,534,339,305,527,333,305,579,766,731,305,293
338,1023,0,340,1023,0,528,342,305,524,335,305,579,750,715,305,293
513,1023,0,330,1023,0,498,331,305,495,322,305,579,758,736,305,293
370,1023,0,332,1023,0,523,333,305,518,333,305,579,750,736,305,293
670,1023,0,571,1023,0,564,347,305,569,344,305,579,782,760,305,293
668,1023,0,553,1023,0,550,329,305,530,329,305,580,794,773,305,293
676,1023,0,420,1023,0,556,326,305,554,326,305,580,777,707,305,293
339,1023,0,319,1023,0,499,331,305,503,331,305,580,734,719,305,293
378,1023,0,226,1023,0,439,323,305,493,321,305,580,745,719,305,293
269,1023,0,173,1023,0,430,318,305,478,317,305,580,703,691,305,293
517,1023,0,450,1023,0,528,330,305,607,383,305,580,765,723,305,293
324,1023,0,159,1023,0,474,319,305,497,316,305,580,719,695,305,293
497,1023,0,565,1023,0,594,369,305,583,366,305,580,761,734,305,293
371,1023,0,337,1023,0,520,334,305,508,327,305,580,753,727,305,293
408,1023,0,295,1023,0,481,322,305,532,331,305,580,748,724,305,293
507,1023,0,419,1023,0,535,339,305,551,333,305,580,764,749,305,293
418,1023,0,274,1023,0,527,335,305,498,324,305,580,739,722,305,293
417,1023,0,295,1023,0,502,327,305,487,329,305,580,733,706,305,293
648,1023,0,499,1023,0,553,345,305,529,337,305,580,805,782,305,293
327,1023,0,213,1023,0,508,336,305,499,327,305,580,733,712,305,293
262,1023,0,192,1023,0,479,316,305,448,316,305,580,703,695,305,293
497,1023,0,297,1023,0,488,331,305,520,325,305,580,766,738,305,293
488,1023,0,253,1023,0,524,332,305,544,330,305,580,756,745,305,293
450,1023,0,518,1023,0,556,349,305,526,338,305,580,756,725,305,293
392,1023,0,272,1023,0,499,326,305,491,320,305,580,747,732,305,293
346,1023,0,190,1023,0,442,311,305,435,318,305,580,684,668,305,293
432,1023,0,267,1023,0,529,326,305,557,346,305,580,749,736,305,293
598,1023,0,502,1023,0,549,336,305,643,412,305,580,777,755,305,293
512,1023,0,454,1023,0,560,343,305,535,332,305,580,719,702,305,293
474,1023,0,292,1023,0,534,331,305,528,326,305,580,732,710,305,293
505,1023,0,279,1023,0,543,349,305,540,348,305,580,737,713,305,293
384,1023,0,348,1023,0,506,323,305,544,333,305,580,742,720,305,293
375,1023,0,317,1023,0,533,336,305,541,330,305,580,754,740,305,293
604,1023,0,439,1023,0,554,330,305,581,334,305,580,793,740,305,293
405,1023,0,479,1023,0,511,332,305,543,348,305,581,759,743,305,293
425,1023,0,180,1023,0,491,319,305,569,362,305,581,715,689,305,293
336,1023,0,197,1023,0,428,320,305,465,315,305,581,682,657,305,293
309,1023,0,172,1023,0,471,324,305,477,320,305,581,711,696,305,293
491,1023,0,402,1023,0,524,331,305,556,338,305,581,762,745,305,293
710,1023,0,614,1023,0,575,344,305,577,348,305,581,817,793,305,293
480,1023,0,387,1023,0,576,356,305,542,329,305,581,755,722,305,293
407,1023,0,579,1023,0,567,354,305,556,340,305,581,789,756,305,293
271,1023,0,311,1023,0,538,349,305,527,342,305,581,746,726,305,293
361,1023,0,141,1023,0,399,317,305,449,315,305,581,687,677,305,293
441,1023,0,245,1023,0,484,327,305,440,318,305,581,726,696,305,293
407,1023,0,444,1023,0,543,349,305,538,343,305,581,764,751,305,293
432,1023,0,375,1023,0,550,346,305,541,339,305,581,480,431,305,293
434,1023,0,257,1023,0,483,323,305,554,347,305,581,687,678,305,293
367,1023,0,162,1023,0,472,325,305,478,318,305,581,721,712,305,293
429,1023,0,264,1023,0,485,325,305,477,330,305,581,762,733,305,293
390,1023,0,342,1023,0,516,327,305,539,332,305,581,738,714,305,293
352,1023,0,257,1023,0,498,330,305,498,328,305,581,724,708,305,293
518,1023,0,335,1023,0,540,340,305,492,329,305,581,758,742,305,293
379,1023,0,168,1023,0,472,320,305,674,420,305,581,719,680,305,293
519,1023,0,448,1023,0,540,334,305,510,331,305,581,768,741,305,293
514,1023,0,439,1023,0,525,332,305,519,335,305,581,768,747,305,293
590,1023,0,367,1023,0,535,334,305,512,325,305,581,791,746,305,293
344,1023,0,242,1023,0,490,328,305,506,327,305,581,691,678,305,293
758,1023,0,593,1023,0,561,337,305,572,341,305,581,813,793,305,293
476,1023,0,370,1023,0,466,321,305,560,335,305,581,722,696,305,293
469,1023,0,346,1023,0,520,328,305,508,327,305,581,725,710,305,293
477,1023,0,264,1023,0,536,344,305,534,330,305,581,744,719,305,293
333,1023,0,304,1023,0,498,327,305,529,327,305,581,737,707,305,293
571,1023,0,517,1023,0,589,361,305,604,362,305,581,798,766,305,293
503,1023,0,273,1023,0,493,327,305,511,326,305,581,760,742,305,293
414,1023,0,215,1023,0,469,325,305,476,320,305,582,725,712,305,293
353,1023,0,393,1023,0,526,343,305,551,338,305,582,769,752,305,293
540,1023,0,469,1023,0,555,343,305,540,334,305,582,761,741,305,293
352,1023,0,296,1023,0,472,319,305,547,332,305,582,731,715,305,293
454,1023,0,351,1023,0,533,331,305,542,340,305,582,726,694,305,293
511,1023,0,376,1023,0,512,333,305,519,337,305,582,757,732,305,293
592,1023,0,383,1023,0,534,327,305,564,331,305,582,750,695,305,293
349,1023,0,379,1023,0,542,337,305,529,332,305,582,758,744,305,293
331,1023,0,173,1023,0,434,316,305,309,311,305,582,704,671,305,293
460,1023,0,378,1023,0,538,338,305,509,332,305,582,745,727,305,293
466,1023,0,305,1023,0,547,347,305,545,348,305,582,753,735,305,293
358,1023,0,275,1023,0,471,323,305,483,329,305,582,754,737,305,293
411,1023,0,351,1023,0,528,335,305,609,380,305,582,753,740,305,293
414,1023,0,238,1023,0,526,332,305,485,320,305,582,752,738,305,293
564,1023,0,508,1023,0,612,378,305,587,365,305,582,838,813,305,293
295,1023,0,317,1023,0,509,335,305,465,323,305,582,632,608,305,293
435,1023,0,256,1023,0,516,334,305,501,331,305,582,765,746,305,293
362,1023,0,416,1023,0,530,333,305,556,335,305,582,745,734,305,293
415,1023,0,249,1023,0,471,317,305,405,313,305,582,735,682,305,293
402,1023,0,292,1023,0,504,332,305,442,320,305,582,692,675,305,293
243,1023,0,154,1023,0,456,315,305,315,315,305,582,668,657,305,293
393,1023,0,323,1023,0,511,327,305,544,338,305,582,760,737,305,293
430,1023,0,331,1023,0,528,332,305,554,349,305,582,749,732,305,293
265,1023,0,177,1023,0,417,317,305,479,322,305,582,685,676,305,293
382,1023,0,270,1023,0,479,324,305,491,318,305,582,727,701,305,293
541,1023,0,575,1023,0,557,352,305,567,356,305,582,744,711,305,293
516,1023,0,237,1023,0,528,323,305,516,317,305,582,622,591,305,293
453,1023,0,313,1023,0,509,321,305,517,319,305,582,769,752,305,293
418,1023,0,228,1023,0,534,342,305,507,332,305,582,679,656,305,293
525,1023,0,455,1023,0,534,328,305,510,333,305,583,770,723,305,293
509,1023,0,374,1023,0,546,338,305,521,333,305,583,745,727,305,293
434,1023,0,268,1023,0,496,325,305,506,331,305,583,724,701,305,293
364,1023,0,182,1023,0,482,330,305,463,322,305,583,738,719,305,293
306,1023,0,172,1023,0,467,323,305,466,318,305,583,726,715,305,293
419,1023,0,351,1023,0,539,329,305,534,334,305,583,742,725,305,293
348,1023,0,321,1023,0,513,340,305,494,331,305,583,761,753,305,293
374,1023,0,267,1023,0,493,324,305,515,321,305,583,737,711,305,293
538,1023,0,527,1023,0,564,350,305,560,341,305,583,764,743,305,293
446,1023,0,485,1023,0,571,339,305,534,329,305,583,787,772,305,293
493,1023,0,598,1023,0,550,339,305,561,345,305,583,771,739,305,293
525,1023,0,499,1023,0,588,365,305,551,347,305,583,752,725,305,293
412,1023,0,287,1023,0,499,322,305,451,317,305,583,728,717,305,293
394,1023,0,207,1023,0,515,330,305,516,329,305,583,726,713,305,293
414,1023,0,252,1023,0,488,325,305,509,326,305,583,751,715,305,293
352,1023,0,277,1023,0,531,337,305,534,337,305,583,718,704,305,293
400,1023,0,288,1023,0,506,326,305,511,337,305,583,756,737,305,293
395,1023,0,229,1023,0,489,321,305,512,323,305,583,733,718,305,293
298,1023,0,139,1023,0,437,320,305,505,323,305,583,664,653,305,293
620,1023,0,418,1023,0,550,329,305,545,331,305,583,796,715,305,293
454,1023,0,388,1023,0,529,336,305,503,321,305,583,743,715,305,293
296,1023,0,144,1023,0,469,320,305,488,314,305,583,690,667,305,293
554,1023,0,411,1023,0,525,329,305,514,329,305,583,763,739,305,293
715,1023,0,422,1023,0,544,331,305,533,324,305,583,806,735,305,293
607,1023,0,668,1023,0,539,338,305,514,340,305,583,776,732,305,293
406,1023,0,293,1023,0,502,326,305,521,334,305,583,747,735,305,293
342,1023,0,211,1023,0,539,329,305,474,318,305,583,702,697,305,293
348,1023,0,265,1023,0,509,323,305,491,328,305,583,709,680,305,293
461,1023,0,397,1023,0,529,334,305,545,334,305,583,758,731,305,293
403,1023,0,256,1023,0,448,322,305,501,318,305,583,745,734,305,293
635,1023,0,594,1023,0,589,348,305,635,401,305,584,788,751,305,293
423,1023,0,343,1023,0,510,328,305,534,334,305,584,762,730,305,293
541,1023,0,441,1023,0,548,331,305,561,333,305,584,676,637,305,293
441,1023,0,339,1023,0,536,343,305,552,332,305,584,762,745,305,293
468,1023,0,468,1023,0,528,330,305,572,344,305,584,766,746,305,293
481,1023,0,593,1023,0,563,354,305,575,352,305,584,794,769,305,293
395,1023,0,556,1023,0,563,350,305,577,354,305,584,757,735,305,293
197,1023,0,195,1023,0,392,315,305,514,336,305,584,485,464,305,293
407,1023,0,279,1023,0,529,330,305,650,437,305,584,760,745,305,293
397,1023,0,280,1023,0,516,330,305,556,329,305,584,761,749,305,293
257,1023,0,230,1023,0,499,331,305,545,337,305,584,705,694,305,293
329,1023,0,307,1023,0,474,325,305,515,329,305,584,738,726,305,293
490,1023,0,477,1023,0,533,331,305,590,353,305,584,737,709,305,293
379,1023,0,291,1023,0,451,322,305,526,323,305,584,732,719,305,293
339,1023,0,227,1023,0,498,325,305,517,323,305,584,734,714,305,293
370,1023,0,200,1023,0,526,337,305,510,329,305,584,696,681,305,293
460,1023,0,263,1023,0,512,334,305,521,332,305,584,748,731,305,293
395,1023,0,353,1023,0,534,331,305,507,329,305,584,727,692,305,293
438,1023,0,351,1023,0,562,355,305,559,346,305,584,731,713,305,293
288,1023,0,204,1023,0,505,325,305,536,328,305,584,750,732,305,293
338,1023,0,204,1023,0,525,326,305,552,336,305,584,702,676,305,293
438,1023,0,399,1023,0,536,327,305,511,323,305,584,763,746,305,293
479,1023,0,386,1023,0,582,349,305,507,327,305,584,751,731,305,293
384,1023,0,278,1023,0,478,320,305,517,333,305,584,734,716,305,293
456,1023,0,256,1023,0,479,320,305,501,320,305,584,733,716,305,293
399,1023,0,310,1023,0,489,331,305,491,321,305,584,749,720,305,293
426,1023,0,395,1023,0,502,328,305,509,324,305,584,772,750,305,293
441,1023,0,347,1023,0,533,340,305,523,330,305,584,738,716,305,293
574,1023,0,546,1023,0,548,339,305,559,334,305,584,799,759,305,293
352,1023,0,206,1023,0,453,319,305,413,316,305,584,733,720,305,293
346,1023,0,362,1023,0,478,330,305,532,335,305,584,734,695,305,293
410,1023,0,380,1023,0,532,339,305,470,330,305,584,745,730,305,293
451,1023,0,316,1023,0,531,339,305,508,323,305,584,742,725,305,293
473,1023,0,248,1023,0,493,323,305,490,319,305,584,740,718,305,293
517,1023,0,348,1023,0,534,329,305,649,467,305,585,763,727,305,293
361,1023,0,324,1023,0,574,359,305,543,341,305,585,743,731,305,293
250,1023,0,142,1023,0,463,318,305,543,338,305,585,699,687,305,293
587,1023,0,654,1023,0,555,345,305,574,350,305,585,827,783,305,293
269,1023,0,252,1023,0,424,317,305,418,319,305,585,582,547,305,293
509,1023,0,447,1023,0,546,339,305,534,339,305,585,758,742,305,293
524,1023,0,274,1023,0,483,321,305,513,324,305,585,727,704,305,293
332,1023,0,201,1023,0,538,330,305,565,329,305,585,679,653,305,293
279,1023,0,220,1023,0,493,329,305,502,328,305,585,748,735,305,293
376,1023,0,325,1023,0,513,335,305,527,354,305,585,737,722,305,293
370,1023,0,456,1023,0,541,335,305,513,327,305,585,748,722,305,293
411,1023,0,250,1023,0,580,349,305,534,330,305,585,755,739,305,293
458,1023,0,321,1023,0,518,327,305,478,325,305,585,764,747,305,293
409,1023,0,301,1023,0,499,330,305,511,331,305,585,742,728,305,293
428,1023,0,316,1023,0,559,328,305,512,329,305,585,736,717,305,293
453,1023,0,478,1023,0,532,341,305,530,341,305,585,752,722,305,293
357,1023,0,269,1023,0,491,328,305,511,320,305,585,728,710,305,293
342,1023,0,187,1023,0,500,330,305,509,323,305,585,737,723,305,293
436,1023,0,350,1023,0,544,333,305,510,328,305,585,736,721,305,293
479,1023,0,286,1023,0,465,325,305,477,323,305,585,732,715,305,293
449,1023,0,364,1023,0,538,332,305,532,334,305,585,767,750,305,293
359,1023,0,183,1023,0,464,319,305,485,325,305,585,706,689,305,293
473,1023,0,418,1023,0,512,325,305,517,327,305,585,756,703,305,293
461,1023,0,596,1023,0,561,354,305,579,363,305,585,753,729,305,293
316,1023,0,274,1023,0,492,321,305,498,325,305,585,753,738,305,293
441,1023,0,329,1023,0,538,339,305,514,332,305,585,729,711,305,293
379,1023,0,443,1023,0,542,343,305,516,326,305,585,747,722,305,293
374,1023,0,352,1023,0,536,338,305,482,329,305,585,745,729,305,293
394,1023,0,386,1023,0,488,325,305,482,328,305,585,727,709,305,293
419,1023,0,502,1023,0,563,345,305,570,340,305,585,776,753,305,293
317,1023,0,347,1023,0,545,348,305,542,340,305,585,729,714,305,293
471,1023,0,348,1023,0,520,336,305,521,330,305,585,757,721,305,293
441,1023,0,266,1023,0,493,327,305,447,319,305,585,718,698,305,293
395,1023,0,354,1023,0,536,337,305,527,339,305,585,723,701,305,293
475,1023,0,440,1023,0,562,344,305,552,341,305,585,770,744,305,293
370,1023,0,341,1023,0,509,332,305,514,336,305,585,767,749,305,293
401,1023,0,257,1023,0,486,319,305,528,327,305,585,743,726,305,293
340,1023,0,263,1023,0,495,327,305,510,327,305,586,721,709,305,293
406,1023,0,320,1023,0,484,322,305,541,329,305,586,747,712,305,293
409,1023,0,405,1023,0,475,323,305,636,424,305,586,766,736,305,293
250,1023,0,138,1023,0,476,325,305,507,328,305,586,718,703,305,293
365,1023,0,344,1023,0,519,331,305,495,325,305,586,735,725,305,293
423,1023,0,307,1023,0,499,328,305,530,329,305,586,738,719,305,293
417,1023,0,382,1023,0,493,328,305,542,332,305,586,727,688,305,293
400,1023,0,220,1023,0,498,323,305,635,410,305,586,739,720,305,293
418,1023,0,290,1023,0,550,348,305,530,336,305,586,719,691,305,293
361,1023,0,229,1023,0,555,327,305,496,319,305,586,742,731,305,293
429,1023,0,329,1023,0,528,331,305,570,350,305,586,735,718,305,293
412,1023,0,197,1023,0,463,320,305,530,326,305,586,721,696,305,293
409,1023,0,374,1023,0,518,327,305,535,332,305,586,766,749,305,293
317,1023,0,286,1023,0,445,317,305,519,326,305,586,738,706,305,293
266,1023,0,225,1023,0,502,330,305,537,327,305,586,719,706,305,293
394,1023,0,295,1023,0,502,325,305,538,330,305,586,735,709,305,293
480,1023,0,346,1023,0,506,330,305,490,326,305,586,769,757,305,293
249,1023,0,114,1023,0,413,312,305,395,311,305,586,438,402,305,293
677,1023,0,398,1023,0,515,324,305,567,333,305,586,783,711,305,293
520,1023,0,345,1023,0,530,338,305,491,325,305,586,696,673,305,293
440,1023,0,378,1023,0,521,331,305,559,345,305,586,747,731,305,293
300,1023,0,231,1023,0,485,326,305,578,357,305,586,731,720,305,293
399,1023,0,344,1023,0,482,328,305,556,335,305,586,721,699,305,293
391,1023,0,259,1023,0,543,336,305,478,325,305,586,732,722,305,293
352,1023,0,282,1023,0,469,318,305,500,322,305,586,753,743,305,293
528,1023,0,566,1023,0,562,354,305,551,347,305,586,784,765,305,293
426,1023,0,297,1023,0,527,328,305,480,320,305,586,723,704,305,293
465,1023,0,285,1023,0,541,330,305,522,324,305,586,719,701,305,293
264,1023,0,114,1023,0,474,320,305,433,313,305,586,482,453,305,293
309,1023,0,306,1023,0,528,322,305,502,321,305,586,740,721,305,293
393,1023,0,382,1023,0,526,333,305,544,333,305,586,761,734,305,293
578,1023,0,446,1023,0,550,347,305,608,395,305,586,760,738,305,293
347,1023,0,255,1023,0,474,320,305,503,331,305,586,702,681,305,293
436,1023,0,309,1023,0,523,334,305,522,328,305,586,734,711,305,293
420,1023,0,402,1023,0,519,337,305,526,340,305,586,751,715,305,293
468,1023,0,418,1023,0,510,331,305,513,323,305,586,761,746,305,293
457,1023,0,373,1023,0,520,341,305,538,339,305,586,755,736,305,293
431,1023,0,351,1023,0,475,336,305,498,329,305,586,737,718,305,293
376,1023,0,265,1023,0,506,332,305,539,334,305,586,748,735,305,293
392,1023,0,265,1023,0,495,324,305,489,326,305,586,747,732,305,293
378,1023,0,272,1023,0,506,328,305,471,325,305,587,743,735,305,293
399,1023,0,358,1023,0,507,327,305,501,330,305,587,751,735,305,293
436,1023,0,396,1023,0,542,342,305,516,334,305,587,730,711,305,293
446,1023,0,260,1023,0,483,325,305,513,324,305,587,731,712,305,293
355,1023,0,292,1023,0,515,332,305,531,324,305,587,754,723,305,293
345,1023,0,179,1023,0,494,325,305,499,321,305,587,737,718,305,293
391,1023,0,190,1023,0,473,318,305,495,322,305,587,749,737,305,293
386,1023,0,439,1023,0,555,353,305,565,347,305,587,747,715,305,293
474,1023,0,361,1023,0,541,335,305,546,336,305,587,761,734,305,293
331,1023,0,240,1023,0,427,317,305,499,321,305,587,745,720,305,293
493,1023,0,437,1023,0,518,330,305,510,329,305,587,752,728,305,293
359,1023,0,236,1023,0,482,322,305,523,323,305,587,737,727,305,293
375,1023,0,334,1023,0,501,326,305,503,323,305,587,754,727,305,293
606,1023,0,542,1023,0,577,360,305,540,343,305,587,766,745,305,293
438,1023,0,455,1023,0,535,332,305,559,329,305,587,752,703,305,293
412,1023,0,251,1023,0,483,325,305,457,317,305,587,703,681,305,293
436,1023,0,348,1023,0,520,327,305,477,323,305,587,751,728,305,293
436,1023,0,264,1023,0,482,325,305,586,366,305,587,737,689,305,293
374,1023,0,264,1023,0,477,318,305,463,321,305,587,711,690,305,293
469,1023,0,487,1023,0,574,354,305,566,347,305,587,798,773,305,293
508,1023,0,587,1023,0,570,342,305,582,352,305,587,763,739,305,293
484,1023,0,521,1023,0,548,340,305,567,337,305,587,777,752,305,293
411,1023,0,245,1023,0,448,323,305,544,337,305,587,731,708,305,293
500,1023,0,410,1023,0,483,320,305,452,322,305,587,726,702,305,293
422,1023,0,218,1023,0,526,340,305,526,336,305,587,724,712,305,293
354,1023,0,124,1023,0,452,313,305,539,347,305,587,673,654,305,293
394,1023,0,367,1023,0,532,343,305,514,337,305,587,754,743,305,293
384,1023,0,250,1023,0,444,319,305,505,320,305,587,750,737,305,293
320,1023,0,207,1023,0,493,320,305,418,312,305,587,742,731,305,293
544,1023,0,652,1023,0,561,340,305,556,339,305,587,777,744,305,293
541,1023,0,439,1023,0,547,345,305,512,332,305,587,715,702,305,293
363,1023,0,178,1023,0,450,318,305,456,318,305,587,725,709,305,293
408,1023,0,218,1023,0,501,327,305,493,322,305,587,741,723,305,293
448,1023,0,330,1023,0,503,326,305,520,337,305,587,753,728,305,293
436,1023,0,350,1023,0,535,342,305,546,333,305,587,743,723,305,293
508,1023,0,456,1023,0,527,329,305,517,335,305,587,766,709,305,293
510,1023,0,393,1023,0,520,318,305,531,325,305,587,760,742,305,293
496,1023,0,460,1023,0,547,340,305,544,335,305,587,758,740,305,293
413,1023,0,377,1023,0,516,323,305,544,326,305,587,681,653,305,293
490,1023,0,327,1023,0,553,342,305,542,337,305,587,749,734,305,293
447,1023,0,262,1023,0,507,327,305,519,335,305,588,771,755,305,293
420,1023,0,425,1023,0,558,345,305,540,349,305,588,787,758,305,293
506,1023,0,605,1023,0,609,386,305,601,355,305,588,792,760,305,293
355,1023,0,451,1023,0,538,345,305,568,338,305,588,745,722,305,293
414,1023,0,279,1023,0,497,327,305,500,319,305,588,739,709,305,293
488,1023,0,348,1023,0,524,337,305,535,337,305,588,758,746,305,293
424,1023,0,270,1023,0,473,327,305,278,325,305,588,727,704,305,293
368,1023,0,296,1023,0,479,322,305,427,316,305,588,695,681,305,293
548,1023,0,492,1023,0,554,334,305,629,378,305,588,783,756,305,293
562,1023,0,495,1023,0,553,333,305,580,355,305,588,758,735,305,293
405,1023,0,506,1023,0,532,336,305,518,326,305,588,755,738,305,293
572,1023,0,581,1023,0,565,360,305,576,359,305,588,782,756,305,293
463,1023,0,268,1023,0,504,327,305,475,316,305,588,760,731,305,293
460,1023,0,320,1023,0,489,332,305,520,325,305,588,739,710,305,293
439,1023,0,429,1023,0,503,332,305,534,331,305,588,782,769,305,293
427,1023,0,295,1023,0,469,320,305,532,331,305,588,758,744,305,293
287,1023,0,255,1023,0,487,326,305,482,323,305,588,681,667,305,293
578,1023,0,421,1023,0,520,330,305,595,341,305,588,774,740,305,293
546,1023,0,500,1023,0,525,337,305,557,337,305,588,786,756,305,293
522,1023,0,415,1023,0,523,336,305,532,326,305,588,747,705,305,293
580,1023,0,396,1023,0,553,335,305,558,332,305,588,751,725,305,293
473,1023,0,572,1023,0,583,356,305,573,350,305,588,746,718,305,293
588,1023,0,492,1023,0,543,330,305,550,336,305,588,764,720,305,293
470,1023,0,304,1023,0,505,335,305,522,333,305,588,734,719,305,293
268,1023,0,192,1023,0,492,334,305,515,327,305,588,729,701,305,293
301,1023,0,144,1023,0,472,322,305,449,321,305,588,706,694,305,293
385,1023,0,324,1023,0,493,327,305,501,321,305,588,738,712,305,293
443,1023,0,345,1023,0,502,328,305,543,335,305,588,729,702,305,293
416,1023,0,332,1023,0,505,331,305,497,327,305,588,757,739,305,293
361,1023,0,268,1023,0,454,318,305,561,341,305,588,589,528,305,366
483,1023,0,397,1023,0,533,337,305,563,339,305,588,731,701,305,366
375,1023,0,290,1023,0,525,333,305,537,336,305,588,749,723,305,366
488,1023,0,270,1023,0,540,348,305,541,344,305,588,764,752,305,366
529,1023,0,417,1023,0,522,329,305,533,329,305,588,763,737,305,366
436,1023,0,421,1023,0,545,343,305,552,336,305,589,673,625,305,366
367,1023,0,260,1023,0,533,331,305,526,325,305,589,747,732,305,366
329,1023,0,212,1023,0,493,327,305,462,315,305,589,737,721,305,366
416,1023,0,223,1023,0,501,328,305,610,371,305,589,737,708,305,366
450,1023,0,559,1023,0,543,349,305,578,353,305,589,766,748,305,366
317,1023,0,156,1023,0,457,318,305,529,326,305,589,739,708,305,366
433,1023,0,393,1023,0,481,328,305,530,330,305,589,757,718,305,366
640,1023,0,470,1023,0,535,329,305,524,322,305,589,751,714,305,366
435,1023,0,484,1023,0,519,334,305,518,326,305,589,745,709,305,366
543,1023,0,436,1023,0,544,338,305,511,337,305,589,778,768,305,366
411,1023,0,271,1023,0,522,320,305,525,317,305,589,753,727,305,366
252,1023,0,128,1023,0,531,325,305,484,332,305,589,684,680,305,366
579,1023,0,534,1023,0,552,342,305,559,342,305,589,786,769,305,366
403,1023,0,385,1023,0,522,336,305,583,380,305,589,748,731,305,366
348,1023,0,272,1023,0,482,329,305,549,350,305,589,732,714,305,366
422,1023,0,307,1023,0,524,334,305,527,328,305,589,744,726,305,366
418,1023,0,260,1023,0,511,327,305,505,324,305,589,747,733,305,366
415,1023,0,364,1023,0,513,325,305,518,327,305,589,739,724,305,366
454,1023,0,269,1023,0,485,318,305,529,326,305,589,743,711,305,366
376,1023,0,195,1023,0,535,320,305,561,349,305,589,682,660,305,366
340,1023,0,494,1023,0,543,344,305,558,338,305,589,758,735,305,366
560,1023,0,571,1023,0,569,353,305,550,343,305,589,725,702,305,366
326,1023,0,244,1023,0,468,321,305,538,332,305,589,739,725,305,366
504,1023,0,280,1023,0,507,322,305,507,331,305,589,765,734,305,366
521,1023,0,469,1023,0,526,325,305,566,337,305,589,756,736,305,366
490,1023,0,401,1023,0,531,336,305,574,342,305,589,750,738,305,366
421,1023,0,270,1023,0,512,325,305,454,322,305,589,711,691,305,366
442,1023,0,259,1023,0,501,322,305,498,328,305,589,735,717,305,366
362,1023,0,243,1023,0,509,331,305,484,329,305,589,738,723,305,366
382,1023,0,250,1023,0,496,323,305,489,322,305,589,734,681,305,366
318,1023,0,167,1023,0,474,325,305,507,332,305,589,708,699,305,366
341,1023,0,203,1023,0,501,324,305,466,319,305,589,737,714,305,366
383,1023,0,232,1023,0,489,326,305,517,321,305,590,749,716,305,366
438,1023,0,440,1023,0,542,341,305,558,348,305,590,784,767,305,366
406,1023,0,463,1023,0,510,322,305,547,335,305,590,787,751,305,366
288,1023,0,176,1023,0,468,321,305,505,321,305,590,725,713,305,366
271,1023,0,116,1023,0,446,318,305,492,319,305,590,721,707,305,366
654,1023,0,595,1023,0,538,323,305,592,333,305,590,812,743,305,366
446,1023,0,359,1023,0,511,340,305,565,342,305,590,750,727,305,366
369,1023,0,246,1023,0,480,326,305,474,323,305,590,731,714,305,366
434,1023,0,517,1023,0,562,348,305,704,520,305,590,794,765,305,366
354,1023,0,230,1023,0,481,325,305,474,322,305,590,748,736,305,366
369,1023,0,191,1023,0,473,320,305,532,321,305,590,714,691,305,366
446,1023,0,363,1023,0,530,331,305,520,327,305,590,746,733,305,366
402,1023,0,260,1023,0,518,338,305,525,327,305,590,717,703,305,366
472,1023,0,320,1023,0,521,330,305,539,332,305,590,737,717,305,366
511,1023,0,476,1023,0,550,345,305,569,346,305,590,765,743,305,366
529,1023,0,447,1023,0,506,325,305,501,332,305,590,774,754,305,366
350,1023,0,206,1023,0,508,322,305,522,320,305,590,697,687,305,366
452,1023,0,292,1023,0,508,330,305,519,326,305,590,661,609,305,366
475,1023,0,289,1023,0,481,323,305,506,322,305,590,725,696,305,366
425,1023,0,395,1023,0,550,338,305,508,332,305,590,757,739,305,366
482,1023,0,287,1023,0,459,323,305,523,327,305,590,734,711,305,366
402,1023,0,264,1023,0,512,323,305,523,324,305,590,757,732,305,366
360,1023,0,361,1023,0,497,326,305,525,328,305,590,731,684,305,366
479,1023,0,318,1023,0,525,337,305,527,338,305,590,762,750,305,366
329,1023,0,280,1023,0,520,330,305,534,335,305,590,729,711,305,366
424,1023,0,368,1023,0,493,327,305,484,323,305,590,729,700,305,366
541,1023,0,467,1023,0,557,346,305,532,342,305,590,726,710,305,366
449,1023,0,276,1023,0,394,320,305,447,316,305,590,765,745,305,366
425,1023,0,514,1023,0,556,340,305,545,341,305,590,760,744,305,366
465,1023,0,348,1023,0,524,335,305,0,322,305,591,751,727,305,366
394,1023,0,310,1023,0,501,325,305,461,328,305,591,748,735,305,366
427,1023,0,376,1023,0,533,338,305,503,323,305,591,763,734,305,366
343,1023,0,235,1023,0,488,325,305,498,327,305,591,736,710,305,366
286,1023,0,156,1023,0,493,323,305,506,326,305,591,716,702,305,366
401,1023,0,374,1023,0,547,346,305,566,340,305,591,767,749,305,366
410,1023,0,280,1023,0,438,322,305,512,330,305,591,720,687,305,366
300,1023,0,190,1023,0,486,326,305,490,320,305,591,681,669,305,366
692,1023,0,465,1023,0,559,336,305,579,338,305,591,805,741,305,366
386,1023,0,274,1023,0,500,333,305,521,325,305,591,727,695,305,366
456,1023,0,301,1023,0,529,338,305,523,331,305,591,758,744,305,366
510,1023,0,421,1023,0,539,333,305,539,335,305,591,751,721,305,366
410,1023,0,399,1023,0,532,336,305,511,325,305,591,757,740,305,366
426,1023,0,420,1023,0,549,341,305,552,343,305,591,755,746,305,366
418,1023,0,336,1023,0,530,328,305,471,320,305,591,745,710,305,366
317,1023,0,188,1023,0,430,314,305,366,314,305,591,556,523,305,366
450,1023,0,305,1023,0,488,317,305,517,324,305,591,742,725,305,366
594,1023,0,593,1023,0,568,340,305,602,338,305,591,805,737,305,366
245,1023,0,373,1023,0,472,322,305,729,585,305,591,779,746,305,366
448,1023,0,365,1023,0,498,326,305,502,335,305,591,755,739,305,366
385,1023,0,245,1023,0,509,334,305,523,337,305,591,724,701,305,366
371,1023,0,230,1023,0,485,327,305,412,314,305,591,745,726,305,366
495,1023,0,416,1023,0,502,327,305,510,332,305,591,748,729,305,366
404,1023,0,354,1023,0,641,418,305,631,382,305,591,712,660,305,366
388,1023,0,339,1023,0,489,325,305,522,324,305,591,730,674,305,366
257,1023,0,180,1023,0,437,320,305,420,316,305,592,706,695,305,366
473,1023,0,463,1023,0,549,346,305,549,333,305,592,770,746,305,366
336,1023,0,220,1023,0,476,322,305,516,321,305,592,744,733,305,366
374,1023,0,453,1023,0,545,345,305,535,335,305,592,774,748,305,366
466,1023,0,452,1023,0,535,339,305,540,333,305,592,760,734,305,366
449,1023,0,393,1023,0,557,348,305,552,344,305,592,732,702,305,366
484,1023,0,559,1023,0,532,338,305,556,351,305,592,747,726,305,366
642,1023,0,486,1023,0,544,331,305,558,335,305,592,773,748,305,366
363,1023,0,331,1023,0,523,328,305,505,326,305,592,736,719,305,366
320,1023,0,218,1023,0,474,323,305,486,316,305,592,647,628,305,366
232,1023,0,221,1023,0,523,332,305,500,319,305,592,704,692,305,366
378,1023,0,396,1023,0,555,341,305,536,336,305,592,769,755,305,366
428,1023,0,315,1023,0,529,341,305,511,337,305,592,733,723,305,366
495,1023,0,239,1023,0,479,323,305,0,310,305,592,742,723,305,366
495,1023,0,431,1023,0,539,336,305,523,334,305,592,753,720,305,366
447,1023,0,346,1023,0,543,344,305,526,337,305,592,743,726,305,366
409,1023,0,274,1023,0,509,333,305,530,331,305,592,758,738,305,366
495,1023,0,265,1023,0,495,323,305,510,318,305,592,734,711,305,366
343,1023,0,240,1023,0,462,322,305,502,318,305,592,737,727,305,366
557,1023,0,415,1023,0,497,326,305,568,350,305,592,757,713,305,366
481,1023,0,346,1023,0,485,323,305,542,347,305,592,720,701,305,366
491,1023,0,310,1023,0,500,326,305,495,321,305,592,771,748,305,366
618,1023,0,411,1023,0,557,334,305,555,330,305,592,712,670,305,366
502,1023,0,565,1023,0,538,343,305,546,334,305,592,773,756,305,366
445,1023,0,277,1023,0,505,327,305,510,324,305,592,727,710,305,366
380,1023,0,386,1023,0,498,328,305,466,324,305,592,755,725,305,366
392,1023,0,236,1023,0,466,327,305,526,331,305,592,748,711,305,366
425,1023,0,483,1023,0,529,343,305,554,341,305,592,762,712,305,366
509,1023,0,325,1023,0,523,326,305,537,330,305,592,731,719,305,366
303,1023,0,218,1023,0,514,331,305,473,325,305,592,730,712,305,366
390,1023,0,324,1023,0,514,336,305,492,327,305,592,722,708,305,366
476,1023,0,259,1023,0,510,322,305,258,314,305,592,727,702,305,366
391,1023,0,311,1023,0,477,322,305,522,328,305,592,743,708,305,366
480,1023,0,396,1023,0,554,332,305,540,331,305,592,778,757,305,366
443,1023,0,376,1023,0,502,323,305,536,327,305,592,756,709,305,366
392,1023,0,245,1023,0,487,324,305,514,322,305,592,727,693,305,366
444,1023,0,539,1023,0,560,348,305,571,346,305,592,781,761,305,366
351,1023,0,456,1023,0,550,348,305,613,378,305,592,766,740,305,366
478,1023,0,321,1023,0,528,343,305,507,332,305,592,744,733,305,366
558,1023,0,498,1023,0,553,344,305,601,375,305,593,759,736,305,366
360,1023,0,394,1023,0,521,334,305,499,331,305,593,766,754,305,366
381,1023,0,313,1023,0,487,329,305,505,325,305,593,760,750,305,366
457,1023,0,384,1023,0,514,327,305,510,323,305,593,760,742,305,366
286,1023,0,213,1023,0,501,331,305,511,324,305,593,727,712,305,366
461,1023,0,530,1023,0,592,366,305,602,389,305,593,771,750,305,366
677,1023,0,496,1023,0,535,335,305,526,327,305,593,765,733,305,366
398,1023,0,300,1023,0,514,330,305,516,326,305,593,754,720,305,366
253,1023,0,187,1023,0,475,327,305,495,330,305,593,532,506,305,366
409,1023,0,233,1023,0,506,325,305,468,318,305,593,756,732,305,366
284,1023,0,192,1023,0,480,325,305,439,318,305,593,709,699,305,366
460,1023,0,394,1023,0,525,329,305,527,323,305,593,749,728,305,366
376,1023,0,460,1023,0,534,340,305,556,336,305,593,756,734,305,366
303,1023,0,149,1023,0,436,318,305,447,314,305,593,692,680,305,366
400,1023,0,344,1023,0,534,344,305,510,336,305,593,762,740,305,366
400,1023,0,337,1023,0,557,354,305,566,362,305,593,722,704,305,366
334,1023,0,273,1023,0,457,312,305,495,328,305,593,716,684,305,366
359,1023,0,153,1023,0,444,316,305,217,310,305,593,513,483,305,366
458,1023,0,516,1023,0,537,344,305,568,341,305,593,751,737,305,366
335,1023,0,155,1023,0,493,323,305,494,326,305,593,705,681,305,366
292,1023,0,123,1023,0,427,318,305,505,318,305,593,626,608,305,366
475,1023,0,471,1023,0,565,350,305,536,345,305,593,765,748,305,366
214,1023,0,152,1023,0,265,313,305,321,312,305,593,529,499,305,366
241,1023,0,117,1023,0,508,331,305,405,315,305,593,656,651,305,366
455,1023,0,370,1023,0,544,337,305,532,325,305,593,743,727,305,366
294,1023,0,272,1023,0,508,327,305,525,338,305,593,706,679,305,366
338,1023,0,200,1023,0,473,323,305,500,325,305,593,733,706,305,366
393,1023,0,208,1023,0,495,325,305,537,327,305,593,742,719,305,366
406,1023,0,266,1023,0,523,333,305,520,328,305,593,757,741,305,366
555,1023,0,552,1023,0,564,356,305,548,343,305,593,774,736,305,366
319,1023,0,230,1023,0,458,323,305,495,322,305,593,735,715,305,366
242,1023,0,210,1023,0,515,332,305,539,327,305,593,674,659,305,366
464,1023,0,147,1023,0,453,322,305,521,319,305,593,680,655,305,366
362,1023,0,283,1023,0,530,334,305,566,352,305,593,708,693,305,366
387,1023,0,529,1023,0,526,336,305,579,346,305,593,676,625,305,366
473,1023,0,365,1023,0,550,325,305,543,324,305,593,744,730,305,366
479,1023,0,295,1023,0,507,326,305,537,330,305,593,761,742,305,366
521,1023,0,677,1023,0,562,341,305,574,345,305,593,699,630,305,366
376,1023,0,265,1023,0,522,333,305,528,329,305,593,713,676,305,366
561,1023,0,526,1023,0,512,336,305,541,336,305,593,811,774,305,366
348,1023,0,158,1023,0,481,321,305,462,313,305,593,698,689,305,366
475,1023,0,416,1023,0,552,350,305,586,392,305,594,769,735,305,366
460,1023,0,463,1023,0,560,342,305,530,339,305,594,762,741,305,366
318,1023,0,215,1023,0,529,342,305,542,339,305,594,695,682,305,366
474,1023,0,360,1023,0,504,329,305,535,329,305,594,752,740,305,366
392,1023,0,377,1023,0,536,332,305,567,349,305,594,759,740,305,366
341,1023,0,188,1023,0,526,323,305,498,319,305,594,726,703,305,366
265,1023,0,192,1023,0,460,321,305,524,335,305,594,689,679,305,366
459,1023,0,612,1023,0,559,356,305,567,361,305,594,778,751,305,366
330,1023,0,226,1023,0,459,314,305,522,320,305,594,722,706,305,366
540,1023,0,362,1023,0,536,328,305,502,327,305,594,737,715,305,366
328,1023,0,286,1023,0,502,327,305,512,327,305,594,736,719,305,366
624,1023,0,568,1023,0,537,334,305,574,345,305,594,778,741,305,366
517,1023,0,498,1023,0,554,344,305,542,330,305,594,756,735,305,366
357,1023,0,210,1023,0,426,320,305,376,317,305,594,710,693,305,366
537,1023,0,504,1023,0,551,340,305,539,336,305,594,783,763,305,366
557,1023,0,608,1023,0,542,338,305,606,355,305,594,766,713,305,366
344,1023,0,174,1023,0,440,322,305,469,317,305,594,715,706,305,366
474,1023,0,291,1023,0,499,326,305,489,321,305,594,748,723,305,366
448,1023,0,438,1023,0,548,338,305,558,344,305,594,766,741,305,366
440,1023,0,351,1023,0,546,333,305,540,335,305,594,773,744,305,366
390,1023,0,249,1023,0,409,324,305,336,322,305,594,700,667,305,366
349,1023,0,295,1023,0,532,338,305,535,342,305,594,728,717,305,366
252,1023,0,397,1023,0,479,324,305,474,315,305,594,579,544,305,366
329,1023,0,244,1023,0,522,335,305,500,324,305,594,732,715,305,366
434,1023,0,408,1023,0,571,363,305,538,348,305,594,765,747,305,366
410,1023,0,322,1023,0,510,330,305,578,350,305,594,754,726,305,366
328,1023,0,159,1023,0,432,315,305,353,311,305,594,401,377,305,366
485,1023,0,412,1023,0,520,328,305,538,329,305,594,739,720,305,366
506,1023,0,271,1023,0,500,325,305,527,321,305,594,711,690,305,366
421,1023,0,282,1023,0,492,326,305,518,337,305,594,728,689,305,366
331,1023,0,156,1023,0,453,318,305,454,315,305,594,708,685,305,366
490,1023,0,343,1023,0,481,327,305,498,324,305,594,760,746,305,366
384,1023,0,238,1023,0,511,324,305,610,417,305,594,746,730,305,366
438,1023,0,594,1023,0,564,348,305,570,343,305,594,769,743,305,366
479,1023,0,463,1023,0,523,335,305,567,344,305,594,769,728,305,366
401,1023,0,198,1023,0,509,325,305,506,315,305,594,746,728,305,366
648,1023,0,580,1023,0,561,353,305,571,346,305,594,766,739,305,366
429,1023,0,239,1023,0,498,330,305,541,334,305,595,744,731,305,366
591,1023,0,426,1023,0,527,333,305,608,392,305,595,759,730,305,366
369,1023,0,248,1023,0,478,317,305,598,365,305,595,629,555,305,366
475,1023,0,510,1023,0,524,332,305,539,334,305,595,773,738,305,366
555,1023,0,341,1023,0,527,332,305,0,319,305,595,712,694,305,366
501,1023,0,384,1023,0,529,333,305,480,337,305,595,777,765,305,366
374,1023,0,295,1023,0,541,345,305,507,334,305,595,728,713,305,366
502,1023,0,534,1023,0,531,334,305,554,340,305,595,764,738,305,366
410,1023,0,455,1023,0,546,342,305,542,345,305,595,749,725,305,366
291,1023,0,162,1023,0,510,335,305,491,322,305,595,713,692,305,366
386,1023,0,328,1023,0,506,328,305,490,321,305,595,733,704,305,366
335,1023,0,178,1023,0,478,317,305,478,318,305,595,686,669,305,366
400,1023,0,309,1023,0,529,329,305,510,330,305,595,740,725,305,366
437,1023,0,242,1023,0,477,328,305,510,327,305,595,724,708,305,366
407,1023,0,254,1023,0,519,329,305,522,322,305,595,723,712,305,366
383,1023,0,403,1023,0,545,344,305,560,338,305,595,756,728,305,366
327,1023,0,366,1023,0,540,341,305,541,343,305,595,774,755,305,366
287,1023,0,233,1023,0,480,321,305,529,327,305,595,680,655,305,366
444,1023,0,268,1023,0,520,334,305,514,326,305,595,698,681,305,366
413,1023,0,392,1023,0,563,348,305,552,347,305,595,805,779,305,366
425,1023,0,225,1023,0,480,324,305,400,316,305,595,731,699,305,366
362,1023,0,245,1023,0,501,322,305,693,497,305,595,768,731,305,366
487,1023,0,272,1023,0,516,322,305,459,314,305,595,733,706,305,366
285,1023,0,246,1023,0,456,317,305,465,313,305,595,600,559,305,366
478,1023,0,316,1023,0,482,329,305,499,320,305,595,744,729,305,366
606,1023,0,483,1023,0,549,336,305,536,337,305,595,768,751,305,366
434,1023,0,401,1023,0,529,342,305,520,329,305,595,755,737,305,366
372,1023,0,213,1023,0,500,324,305,461,319,305,595,739,707,305,366
539,1023,0,358,1023,0,528,326,305,477,325,305,595,742,724,305,366
661,1023,0,466,1023,0,579,360,305,608,375,305,595,806,771,305,366
408,1023,0,486,1023,0,543,338,305,568,344,305,595,757,722,305,366
271,1023,0,327,1023,0,551,344,305,550,355,305,595,748,737,305,366
432,1023,0,209,1023,0,485,331,305,492,322,305,595,713,702,305,366
449,1023,0,348,1023,0,521,329,305,517,334,305,595,738,708,305,366
366,1023,0,223,1023,0,483,325,305,494,325,305,595,723,711,305,366
409,1023,0,210,1023,0,500,324,305,484,320,305,595,730,716,305,366
266,1023,0,261,1023,0,515,328,305,531,331,305,595,718,709,305,366
332,1023,0,280,1023,0,472,325,305,514,331,305,596,728,701,305,366
396,1023,0,327,1023,0,540,335,305,527,333,305,596,751,737,305,366
577,1023,0,663,1023,0,573,348,305,593,346,305,596,785,753,305,366
326,1023,0,186,1023,0,459,323,305,471,320,305,596,711,702,305,366
336,1023,0,232,1023,0,551,339,305,505,333,305,596,724,710,305,366
362,1023,0,394,1023,0,504,334,305,539,328,305,596,752,714,305,366
361,1023,0,215,1023,0,488,329,305,500,319,305,596,740,719,305,366
232,1023,0,124,1023,0,472,323,305,490,327,305,596,633,624,305,366
467,1023,0,341,1023,0,541,339,305,547,341,305,596,767,745,305,366
252,1023,0,152,1023,0,297,309,305,509,317,305,596,499,442,305,366
478,1023,0,493,1023,0,545,350,305,585,370,305,596,767,754,305,366
400,1023,0,201,1023,0,437,318,305,436,317,305,596,732,696,305,366
385,1023,0,284,1023,0,513,331,305,516,326,305,596,775,762,305,366
513,1023,0,379,1023,0,558,346,305,568,341,305,596,755,709,305,366
309,1023,0,159,1023,0,512,326,305,300,312,305,596,620,616,305,366
478,1023,0,360,1023,0,522,332,305,558,338,305,596,748,734,305,366
549,1023,0,477,1023,0,498,321,305,519,326,305,596,781,733,305,366
485,1023,0,224,1023,0,496,325,305,520,325,305,596,696,678,305,366
479,1023,0,276,1023,0,538,331,305,528,329,305,596,746,711,305,366
506,1023,0,434,1023,0,525,342,305,598,363,305,596,767,749,305,366
391,1023,0,302,1023,0,504,326,305,509,320,305,596,735,715,305,366
641,1023,0,534,1023,0,563,344,305,567,339,305,596,823,761,305,366
357,1023,0,301,1023,0,504,329,305,509,328,305,596,733,717,305,366
278,1023,0,156,1023,0,408,311,305,495,329,305,596,673,664,305,366
503,1023,0,437,1023,0,531,335,305,584,348,305,596,751,736,305,366
391,1023,0,387,1023,0,524,333,305,512,327,305,596,721,693,305,366
530,1023,0,327,1023,0,520,332,305,469,324,305,596,749,732,305,366
520,1023,0,326,1023,0,515,329,305,523,327,305,596,761,729,305,366
457,1023,0,281,1023,0,479,325,305,558,334,305,596,732,699,305,366
291,1023,0,123,1023,0,406,309,305,364,318,305,596,684,680,305,366
432,1023,0,298,1023,0,513,333,305,482,328,305,596,753,740,305,366
435,1023,0,445,1023,0,559,349,305,529,344,305,596,755,738,305,366
350,1023,0,330,1023,0,540,337,305,522,329,305,596,754,742,305,366
557,1023,0,497,1023,0,559,349,305,549,332,305,596,766,744,305,366
461,1023,0,346,1023,0,452,324,305,488,317,305,596,762,754,305,366
542,1023,0,514,1023,0,530,334,305,553,331,305,596,753,707,305,366
422,1023,0,337,1023,0,540,341,305,540,341,305,597,754,742,305,366
537,1023,0,314,1023,0,524,328,305,516,328,305,597,743,725,305,366
388,1023,0,275,1023,0,500,323,305,528,328,305,597,756,741,305,366
484,1023,0,355,1023,0,509,332,305,513,328,305,597,749,730,305,366
292,1023,0,227,1023,0,516,325,305,507,320,305,597,728,714,305,366
484,1023,0,587,1023,0,558,338,305,579,347,305,597,780,703,305,366
335,1023,0,293,1023,0,492,321,305,527,321,305,597,734,712,305,366
369,1023,0,415,1023,0,566,342,305,515,330,305,597,751,727,305,366
361,1023,0,290,1023,0,475,323,305,487,323,305,597,748,719,305,366
491,1023,0,330,1023,0,524,329,305,499,319,305,597,733,701,305,366
389,1023,0,290,1023,0,498,328,305,518,322,305,597,719,683,305,366
710,1023,0,564,1023,0,564,329,305,561,328,305,597,801,710,305,366
372,1023,0,215,1023,0,486,322,305,506,334,305,597,724,714,305,366
529,1023,0,622,1023,0,563,348,305,625,411,305,597,766,747,305,366
424,1023,0,396,1023,0,499,326,305,654,411,305,597,750,696,305,366
437,1023,0,376,1023,0,539,333,305,492,330,305,597,718,684,305,366
703,1023,0,494,1023,0,525,325,305,539,328,305,597,779,749,305,366
441,1023,0,322,1023,0,493,327,305,468,323,305,597,720,705,305,366
491,1023,0,298,1023,0,506,329,305,506,321,305,597,736,697,305,366
496,1023,0,381,1023,0,538,331,305,529,329,305,597,766,718,305,366
482,1023,0,294,1023,0,509,328,305,579,375,305,597,726,691,305,366
325,1023,0,217,1023,0,445,315,305,470,315,305,597,734,719,305,366
609,1023,0,439,1023,0,559,349,305,549,336,305,597,734,690,305,366
392,1023,0,317,1023,0,490,326,305,0,334,305,597,744,723,305,366
462,1023,0,304,1023,0,548,343,305,541,337,305,597,756,737,305,366
371,1023,0,221,1023,0,413,318,305,451,317,305,598,637,611,305,366
338,1023,0,193,1023,0,436,319,305,509,355,305,598,699,681,305,366
510,1023,0,588,1023,0,564,357,305,556,351,305,598,680,634,305,366
381,1023,0,342,1023,0,546,343,305,556,342,305,598,754,729,305,366
442,1023,0,449,1023,0,504,326,305,494,331,305,598,763,726,305,366
605,1023,0,387,1023,0,564,346,305,564,351,305,598,775,751,305,366
454,1023,0,272,1023,0,495,324,305,497,325,305,598,749,737,305,366
441,1023,0,322,1023,0,518,325,305,537,332,305,598,758,736,305,366
563,1023,0,475,1023,0,522,328,305,507,323,305,598,775,754,305,366
663,1023,0,388,1023,0,549,330,305,568,337,305,598,804,757,305,366
308,1023,0,199,1023,0,462,322,305,516,322,305,598,714,687,305,366
537,1023,0,254,1023,0,468,321,305,530,320,305,598,737,668,305,366
489,1023,0,380,1023,0,510,328,305,505,325,305,598,767,750,305,366
338,1023,0,167,1023,0,453,317,305,386,314,305,598,719,694,305,366
444,1023,0,236,1023,0,489,326,305,501,321,305,598,753,735,305,366
325,1023,0,177,1023,0,487,321,305,433,317,305,598,674,657,305,366
441,1023,0,266,1023,0,548,344,305,540,330,305,598,749,725,305,366
505,1023,0,249,1023,0,483,320,305,544,335,305,598,722,709,305,366
424,1023,0,250,1023,0,486,325,305,498,324,305,598,748,719,305,366
358,1023,0,306,1023,0,501,325,305,528,330,305,598,757,733,305,366
288,1023,0,175,1023,0,440,316,305,516,330,305,598,694,684,305,366
486,1023,0,298,1023,0,521,335,305,538,336,305,598,739,727,305,366
427,1023,0,262,1023,0,493,323,305,600,372,305,598,756,737,305,366
515,1023,0,279,1023,0,535,331,305,503,327,305,598,747,732,305,366
477,1023,0,418,1023,0,541,346,305,551,349,305,598,745,712,305,366
452,1023,0,328,1023,0,545,343,305,547,336,305,598,760,746,305,366
363,1023,0,358,1023,0,518,334,305,592,359,305,598,745,723,305,366
272,1023,0,229,1023,0,520,340,305,495,324,305,598,731,719,305,366
516,1023,0,269,1023,0,522,330,305,533,322,305,598,750,734,305,366
369,1023,0,412,1023,0,501,333,305,488,329,305,598,734,695,305,366
441,1023,0,523,1023,0,589,373,305,584,372,305,598,752,734,305,366
362,1023,0,383,1023,0,544,340,305,499,336,305,599,732,714,305,366
522,1023,0,378,1023,0,490,322,305,564,335,305,599,772,734,305,366
512,1023,0,503,1023,0,543,337,305,529,325,305,599,733,704,305,366
478,1023,0,355,1023,0,515,323,305,526,322,305,599,753,731,305,366
412,1023,0,291,1023,0,498,328,305,488,324,305,599,767,753,305,366
498,1023,0,416,1023,0,542,342,305,568,340,305,599,779,753,305,366
387,1023,0,239,1023,0,458,318,305,398,315,305,599,739,702,305,366
361,1023,0,264,1023,0,489,328,305,504,326,305,599,739,684,305,366
315,1023,0,277,1023,0,509,326,305,537,341,305,599,734,726,305,366
431,1023,0,331,1023,0,517,335,305,500,334,305,599,752,739,305,366
417,1023,0,511,1023,0,552,349,305,516,331,305,599,750,728,305,366
432,1023,0,354,1023,0,556,343,305,540,337,305,599,750,734,305,366
474,1023,0,277,1023,0,501,330,305,509,323,305,599,741,706,305,366
375,1023,0,283,1023,0,529,333,305,529,337,305,599,765,751,305,366
388,1023,0,433,1023,0,569,361,305,562,359,305,599,749,734,305,366
519,1023,0,483,1023,0,532,326,305,554,332,305,599,747,708,305,366
607,1023,0,360,1023,0,539,337,305,612,371,305,599,787,768,305,366
422,1023,0,361,1023,0,520,333,305,512,337,305,599,761,730,305,366
453,1023,0,322,1023,0,536,337,305,549,331,305,599,759,744,305,366
687,1023,0,541,1023,0,550,335,305,584,341,305,599,778,753,305,366
416,1023,0,363,1023,0,514,331,305,560,334,305,599,760,745,305,366
360,1023,0,220,1023,0,488,321,305,515,325,305,599,751,741,305,366
509,1023,0,470,1023,0,530,336,305,546,329,305,599,745,728,305,366
414,1023,0,226,1023,0,463,324,305,486,317,305,599,724,715,305,366
395,1023,0,333,1023,0,487,329,305,499,321,305,599,730,718,305,366
584,1023,0,422,1023,0,539,334,305,521,329,305,599,739,696,305,366
416,1023,0,337,1023,0,523,328,305,539,322,305,599,744,721,305,366
445,1023,0,436,1023,0,509,327,305,496,324,305,599,728,711,305,366
666,1023,0,455,1023,0,545,331,305,569,325,305,599,776,700,305,366
403,1023,0,408,1023,0,509,334,305,505,332,305,599,765,737,305,366
446,1023,0,516,1023,0,547,334,305,548,338,305,599,766,742,305,366
336,1023,0,144,1023,0,479,323,305,454,319,305,600,716,708,305,366
419,1023,0,540,1023,0,553,351,305,535,342,305,600,776,760,305,366
562,1023,0,444,1023,0,565,359,305,586,350,305,600,683,626,305,366
600,1023,0,503,1023,0,576,351,305,544,341,305,600,785,765,305,366
460,1023,0,330,1023,0,502,324,305,498,328,305,600,742,724,305,366
656,1023,0,657,1023,0,561,332,305,574,328,305,600,805,715,305,366
536,1023,0,410,1023,0,547,340,305,549,336,305,600,749,722,305,366
372,1023,0,235,1023,0,493,329,305,477,321,305,600,552,495,305,366
306,1023,0,183,1023,0,455,321,305,493,321,305,600,732,712,305,366
462,1023,0,300,1023,0,512,335,305,496,321,305,600,749,706,305,366
375,1023,0,299,1023,0,517,328,305,470,323,305,600,731,705,305,366
337,1023,0,169,1023,0,475,325,305,454,321,305,600,696,682,305,366
428,1023,0,280,1023,0,480,325,305,594,355,305,600,723,711,305,366
286,1023,0,155,1023,0,471,315,305,424,315,305,600,658,642,305,366
257,1023,0,123,1023,0,441,319,305,398,312,305,600,654,642,305,366
375,1023,0,288,1023,0,501,324,305,506,324,305,600,747,726,305,366
481,1023,0,302,1023,0,530,338,305,479,323,305,600,741,719,305,366
576,1023,0,569,1023,0,535,330,305,539,339,305,600,757,725,305,366
463,1023,0,436,1023,0,555,334,305,496,333,305,600,759,740,305,366
470,1023,0,484,1023,0,525,332,305,564,364,305,600,755,735,305,366
557,1023,0,322,1023,0,518,330,305,514,332,305,600,768,740,305,366
438,1023,0,371,1023,0,516,335,305,513,324,305,600,762,750,305,366
407,1023,0,287,1023,0,487,323,305,512,324,305,600,679,655,305,366
368,1023,0,261,1023,0,481,330,305,515,329,305,600,743,719,305,366
451,1023,0,348,1023,0,545,343,305,540,338,305,600,743,719,305,366
626,1023,0,393,1023,0,530,326,305,541,334,305,600,756,735,305,366
386,1023,0,579,1023,0,584,376,305,586,359,305,600,778,760,305,366
409,1023,0,338,1023,0,510,330,305,517,332,305,600,698,672,305,366
659,1023,0,625,1023,0,561,343,305,567,342,305,600,766,740,305,366
598,1023,0,652,1023,0,583,364,305,576,357,305,600,825,781,305,366
517,1023,0,312,1023,0,525,333,305,508,331,305,600,754,742,305,366
318,1023,0,268,1023,0,482,325,305,493,320,305,600,757,744,305,366
369,1023,0,228,1023,0,474,324,305,495,326,305,600,709,682,305,366
339,1023,0,185,1023,0,413,318,305,498,316,305,600,655,618,305,366
362,1023,0,245,1023,0,502,330,305,548,354,305,600,734,714,305,366
433,1023,0,291,1023,0,521,335,305,435,320,305,600,722,711,305,366
517,1023,0,355,1023,0,522,333,305,543,335,305,600,739,725,305,366
346,1023,0,234,1023,0,467,322,305,0,317,305,600,737,727,305,366
393,1023,0,252,1023,0,492,327,305,0,316,305,600,716,694,305,366
522,1023,0,436,1023,0,546,338,305,516,328,305,600,785,766,305,366
636,1023,0,499,1023,0,539,337,305,549,346,305,600,800,777,305,366
361,1023,0,276,1023,0,505,328,305,423,318,305,601,762,750,305,366
389,1023,0,390,1023,0,506,331,305,495,329,305,601,759,737,305,366
479,1023,0,398,1023,0,497,323,305,505,329,305,601,735,722,305,366
328,1023,0,265,1023,0,514,325,305,479,322,305,601,690,677,305,366
343,1023,0,277,1023,0,476,326,305,473,323,305,601,748,732,305,366
386,1023,0,374,1023,0,497,323,305,608,379,305,601,741,717,305,366
382,1023,0,230,1023,0,507,320,305,0,322,305,601,627,567,305,366
544,1023,0,553,1023,0,530,336,305,542,338,305,601,757,739,305,366
399,1023,0,270,1023,0,502,330,305,452,329,305,601,723,696,305,366
424,1023,0,342,1023,0,513,327,305,521,332,305,601,773,759,305,366
659,1023,0,580,1023,0,544,332,305,531,333,305,601,767,728,305,366
370,1023,0,230,1023,0,531,324,305,554,340,305,601,731,713,305,366
337,1023,0,342,1023,0,516,331,305,541,333,305,601,712,678,305,366
407,1023,0,304,1023,0,527,332,305,492,319,305,601,751,726,305,366
479,1023,0,268,1023,0,531,333,305,536,332,305,601,762,736,305,366
648,1023,0,433,1023,0,521,322,305,507,323,305,601,772,739,305,366
448,1023,0,247,1023,0,510,332,305,497,326,305,601,710,686,305,366
425,1023,0,380,1023,0,544,334,305,553,336,305,601,760,726,305,366
366,1023,0,327,1023,0,506,329,305,488,321,305,601,750,716,305,366
424,1023,0,235,1023,0,476,323,305,508,323,305,601,744,735,305,366
427,1023,0,461,1023,0,552,347,305,534,331,305,601,723,701,305,366
386,1023,0,373,1023,0,543,344,305,517,329,305,601,768,756,305,366
404,1023,0,266,1023,0,513,330,305,522,327,305,601,733,716,305,366
524,1023,0,445,1023,0,521,329,305,534,330,305,601,760,735,305,366
455,1023,0,433,1023,0,513,339,305,562,332,305,601,741,705,305,366
408,1023,0,260,1023,0,495,319,305,560,345,305,601,748,728,305,366
740,1023,0,540,1023,0,549,327,305,575,329,305,601,797,715,305,366
354,1023,0,244,1023,0,506,322,305,488,319,305,601,707,691,305,366
381,1023,0,325,1023,0,522,337,305,544,332,305,601,761,746,305,366
327,1023,0,274,1023,0,483,326,305,457,323,305,601,754,719,305,366
330,1023,0,274,1023,0,497,329,305,529,327,305,601,758,744,305,366
246,1023,0,121,1023,0,325,310,305,235,310,305,602,464,442,305,366
665,1023,0,585,1023,0,567,345,305,568,338,305,602,793,762,305,366
640,1023,0,413,1023,0,654,438,305,645,415,305,602,689,627,305,366
543,1023,0,561,1023,0,578,346,305,561,339,305,602,800,757,305,366
463,1023,0,544,1023,0,559,355,305,561,334,305,602,794,770,305,366
363,1023,0,214,1023,0,521,328,305,455,323,305,602,733,704,305,366
321,1023,0,314,1023,0,531,331,305,564,339,305,602,758,723,305,366
275,1023,0,127,1023,0,480,325,305,454,320,305,602,539,504,305,366
338,1023,0,274,1023,0,453,321,305,435,316,305,602,747,735,305,366
362,1023,0,177,1023,0,500,330,305,448,322,305,602,707,692,305,366
439,1023,0,397,1023,0,510,329,305,516,332,305,602,742,705,305,366
370,1023,0,228,1023,0,524,336,305,474,321,305,602,722,707,305,366
307,1023,0,112,1023,0,332,310,305,518,332,305,602,500,440,305,366
349,1023,0,215,1023,0,468,322,305,463,322,305,602,724,709,305,366
295,1023,0,181,1023,0,450,316,305,475,320,305,602,654,635,305,366
348,1023,0,299,1023,0,473,324,305,497,322,305,602,738,725,305,366
371,1023,0,172,1023,0,502,325,305,409,319,305,602,754,737,305,366
434,1023,0,481,1023,0,526,328,305,538,331,305,602,764,741,305,366
496,1023,0,587,1023,0,552,347,305,561,345,305,602,765,722,305,366
411,1023,0,520,1023,0,550,343,305,550,341,305,602,757,745,305,366
464,1023,0,291,1023,0,510,337,305,520,330,305,602,742,727,305,366
252,1023,0,138,1023,0,426,317,305,430,317,305,602,681,665,305,366
707,1023,0,621,1023,0,581,353,305,588,357,305,602,842,806,305,366
427,1023,0,236,1023,0,419,321,305,420,319,305,602,704,693,305,366
482,1023,0,534,1023,0,539,337,305,543,340,305,602,785,753,305,366
442,1023,0,457,1023,0,547,340,305,529,341,305,602,751,725,305,366
293,1023,0,341,1023,0,510,327,305,503,326,305,602,721,697,305,366
413,1023,0,461,1023,0,545,347,305,545,340,305,602,764,752,305,366
345,1023,0,224,1023,0,378,310,305,491,321,305,602,491,451,305,366
421,1023,0,274,1023,0,486,323,305,530,328,305,602,757,743,305,366
533,1023,0,333,1023,0,515,332,305,499,323,305,602,762,737,305,366
398,1023,0,371,1023,0,542,339,305,526,333,305,602,737,723,305,366
312,1023,0,168,1023,0,491,323,305,466,319,305,602,716,702,305,366
275,1023,0,195,1023,0,458,320,305,469,319,305,602,722,711,305,366
262,1023,0,198,1023,0,476,322,305,505,329,305,602,719,706,305,366
556,1023,0,599,1023,0,554,345,305,576,354,305,602,776,745,305,366
514,1023,0,552,1023,0,577,358,305,587,348,305,602,782,763,305,366
438,1023,0,337,1023,0,525,331,305,532,329,305,602,756,741,305,366
427,1023,0,369,1023,0,526,334,305,549,339,305,602,741,705,305,366
402,1023,0,341,1023,0,502,323,305,573,334,305,602,761,732,305,366
410,1023,0,414,1023,0,530,332,305,503,326,305,603,743,723,305,366
598,1023,0,418,1023,0,517,327,305,562,332,305,603,741,714,305,366
403,1023,0,282,1023,0,519,329,305,460,321,305,603,743,732,305,366
443,1023,0,355,1023,0,521,327,305,536,330,305,603,750,720,305,366
307,1023,0,278,1023,0,513,333,305,566,337,305,603,721,710,305,366
376,1023,0,269,1023,0,474,320,305,492,323,305,603,715,686,305,366
340,1023,0,459,1023,0,563,360,305,562,353,305,603,785,772,305,366
507,1023,0,495,1023,0,519,330,305,570,364,305,603,784,756,305,366
445,1023,0,467,1023,0,536,341,305,549,338,305,603,768,732,305,366
602,1023,0,540,1023,0,539,339,305,573,349,305,603,781,744,305,366
369,1023,0,192,1023,0,436,314,305,365,319,305,603,565,521,305,366
455,1023,0,321,1023,0,542,332,305,425,322,305,603,731,715,305,366
285,1023,0,111,1023,0,363,312,305,416,312,305,603,454,413,305,366
453,1023,0,409,1023,0,533,346,305,520,337,305,603,744,730,305,366
330,1023,0,254,1023,0,479,328,305,427,316,305,603,731,716,305,366
453,1023,0,329,1023,0,518,332,305,507,335,305,603,759,742,305,366
368,1023,0,155,1023,0,462,324,305,456,316,305,603,745,728,305,366
415,1023,0,392,1023,0,547,345,305,534,338,305,603,767,734,305,366
456,1023,0,367,1023,0,520,334,305,531,332,305,603,752,733,305,366
431,1023,0,297,1023,0,540,338,305,520,324,305,603,734,719,305,366
408,1023,0,285,1023,0,499,325,305,449,324,305,603,700,681,305,366
365,1023,0,228,1023,0,434,320,305,490,318,305,603,733,704,305,366
406,1023,0,328,1023,0,523,342,305,550,344,305,603,750,733,305,366
402,1023,0,280,1023,0,513,323,305,503,324,305,603,749,735,305,366
347,1023,0,224,1023,0,502,331,305,494,321,305,603,739,730,305,366
379,1023,0,234,1023,0,505,324,305,490,322,305,603,724,698,305,366
483,1023,0,435,1023,0,536,328,305,442,320,305,603,798,760,305,366
343,1023,0,270,1023,0,496,322,305,470,333,305,603,725,714,305,366
456,1023,0,516,1023,0,506,331,305,525,332,305,603,774,737,305,366
269,1023,0,227,1023,0,517,328,305,493,325,305,603,737,720,305,366
452,1023,0,384,1023,0,487,324,305,531,326,305,603,741,714,305,366
374,1023,0,439,1023,0,535,339,305,544,337,305,604,784,755,305,366
480,1023,0,318,1023,0,538,336,305,515,329,305,604,759,725,305,366
269,1023,0,169,1023,0,469,321,305,513,324,305,604,727,714,305,366
545,1023,0,536,1023,0,560,351,305,558,348,305,604,774,759,305,366
376,1023,0,281,1023,0,468,319,305,523,328,305,604,737,712,305,366
498,1023,0,482,1023,0,517,326,305,574,335,305,604,766,738,305,366
514,1023,0,319,1023,0,485,322,305,420,318,305,604,756,734,305,366
567,1023,0,434,1023,0,553,334,305,545,336,305,604,763,737,305,366
484,1023,0,484,1023,0,526,336,305,547,333,305,604,752,728,305,366
385,1023,0,330,1023,0,522,326,305,440,320,305,604,725,689,305,366
568,1023,0,505,1023,0,539,329,305,561,330,305,604,767,741,305,366
464,1023,0,422,1023,0,548,336,305,520,327,305,604,768,747,305,366
320,1023,0,194,1023,0,474,321,305,506,327,305,604,719,709,305,366
310,1023,0,376,1023,0,529,336,305,548,333,305,604,750,734,305,366
437,1023,0,370,1023,0,488,327,305,522,329,305,604,767,754,305,366
419,1023,0,468,1023,0,536,332,305,535,330,305,604,764,749,305,366
313,1023,0,131,1023,0,479,322,305,457,315,305,604,684,660,305,366
387,1023,0,283,1023,0,540,344,305,508,336,305,604,740,711,305,366
484,1023,0,317,1023,0,506,330,305,501,324,305,604,722,693,305,366
300,1023,0,208,1023,0,516,329,305,497,328,305,604,720,697,305,366
455,1023,0,333,1023,0,509,321,305,508,324,305,604,751,728,305,366
450,1023,0,431,1023,0,526,331,305,559,341,305,604,749,733,305,366
420,1023,0,227,1023,0,466,315,305,475,321,305,604,685,657,305,366
481,1023,0,304,1023,0,489,324,305,457,324,305,604,747,709,305,366
341,1023,0,383,1023,0,519,338,305,644,443,305,604,752,719,305,366
391,1023,0,155,1023,0,483,319,305,454,318,305,604,724,713,305,366
355,1023,0,181,1023,0,468,318,305,549,339,305,604,735,724,305,366
491,1023,0,345,1023,0,533,333,305,526,332,305,604,760,735,305,366
546,1023,0,478,1023,0,531,339,305,545,341,305,604,773,756,305,366
287,1023,0,157,1023,0,491,323,305,478,319,305,604,720,702,305,366
349,1023,0,252,1023,0,514,332,305,538,326,305,604,729,700,305,366
314,1023,0,180,1023,0,494,325,305,478,318,305,605,698,668,305,366
353,1023,0,225,1023,0,500,328,305,496,323,305,605,711,691,305,366
328,1023,0,232,1023,0,499,325,305,545,331,305,605,719,705,305,366
374,1023,0,192,1023,0,521,333,305,0,314,305,605,739,724,305,366
291,1023,0,129,1023,0,486,325,305,445,323,305,605,724,714,305,366
302,1023,0,101,1023,0,302,311,305,0,307,305,605,479,440,305,366
421,1023,0,395,1023,0,548,353,305,538,338,305,605,771,753,305,366
393,1023,0,239,1023,0,483,323,305,443,320,305,605,704,695,305,366
714,1023,0,703,1023,0,589,342,305,583,342,305,605,805,724,305,366
489,1023,0,403,1023,0,534,333,305,538,340,305,605,770,745,305,366
466,1023,0,392,1023,0,513,331,305,514,320,305,605,763,740,305,366
230,1023,0,159,1023,0,415,311,305,238,311,305,605,541,510,305,366
555,1023,0,492,1023,0,603,381,305,585,365,305,605,790,755,305,366
444,1023,0,307,1023,0,507,330,305,470,327,305,605,750,724,305,366
463,1023,0,308,1023,0,521,325,305,516,332,305,605,705,664,305,366
678,1023,0,481,1023,0,540,324,305,575,340,305,605,801,738,305,366
256,1023,0,150,1023,0,472,321,305,451,315,305,605,686,664,305,366
452,1023,0,524,1023,0,535,343,305,531,342,305,605,761,730,305,366
597,1023,0,501,1023,0,537,341,305,554,336,305,605,779,755,305,366
430,1023,0,268,1023,0,510,327,305,478,325,305,605,757,737,305,366
265,1023,0,133,1023,0,475,317,305,440,312,305,605,667,662,305,366
465,1023,0,223,1023,0,527,340,305,531,335,305,605,766,756,305,366
537,1023,0,657,1023,0,589,380,305,592,365,305,605,767,747,305,366
282,1023,0,170,1023,0,464,326,305,469,332,305,605,690,683,305,366
443,1023,0,383,1023,0,544,342,305,500,329,305,605,742,724,305,366
378,1023,0,505,1023,0,547,342,305,554,340,305,605,764,724,305,366
344,1023,0,219,1023,0,477,319,305,512,323,305,605,733,718,305,366
409,1023,0,366,1023,0,530,329,305,531,336,305,606,743,708,305,366
360,1023,0,265,1023,0,489,326,305,469,320,305,606,734,721,305,366
365,1023,0,506,1023,0,519,334,305,552,332,305,606,763,726,305,366
452,1023,0,408,1023,0,517,329,305,486,320,305,606,751,729,305,366
337,1023,0,230,1023,0,490,330,305,526,325,305,606,748,738,305,366
420,1023,0,246,1023,0,469,320,305,501,325,305,606,725,712,305,366
521,1023,0,417,1023,0,557,340,305,555,339,305,606,738,688,305,366
569,1023,0,312,1023,0,493,327,305,529,325,305,606,735,712,305,366
388,1023,0,240,1023,0,443,312,305,490,315,305,606,727,698,305,366
556,1023,0,339,1023,0,513,323,305,518,324,305,606,758,730,305,366
362,1023,0,356,1023,0,528,335,305,508,331,305,606,741,722,305,366
383,1023,0,285,1023,0,502,323,305,510,321,305,606,730,712,305,366
353,1023,0,215,1023,0,499,330,305,494,332,305,606,729,714,305,366
444,1023,0,289,1023,0,474,321,305,487,319,305,606,732,711,305,366
320,1023,0,376,1023,0,531,333,305,560,339,305,606,780,760,305,366
493,1023,0,419,1023,0,551,344,305,552,331,305,606,777,748,305,366
656,1023,0,569,1023,0,559,330,305,571,336,305,606,768,727,305,366
453,1023,0,425,1023,0,569,346,305,562,341,305,606,763,749,305,366
420,1023,0,301,1023,0,516,326,305,493,328,305,606,743,730,305,366
430,1023,0,383,1023,0,543,334,305,544,337,305,606,759,739,305,366
628,1023,0,384,1023,0,546,327,305,542,324,305,606,729,692,305,366
360,1023,0,315,1023,0,516,334,305,515,327,305,606,743,730,305,366
361,1023,0,399,1023,0,540,341,305,548,338,305,606,757,723,305,366
477,1023,0,349,1023,0,529,334,305,523,327,305,606,731,711,305,366
242,1023,0,160,1023,0,475,329,305,596,387,305,606,648,633,305,366
415,1023,0,268,1023,0,517,337,305,508,329,305,606,746,726,305,366
386,1023,0,292,1023,0,502,331,305,540,340,305,606,711,689,305,366
389,1023,0,311,1023,0,533,334,305,517,329,305,606,732,712,305,366
463,1023,0,366,1023,0,535,339,305,529,343,305,606,747,725,305,366
351,1023,0,356,1023,0,530,334,305,532,339,305,606,769,757,305,366
259,1023,0,121,1023,0,451,315,305,0,309,305,606,673,658,305,366
460,1023,0,413,1023,0,511,330,305,474,327,305,606,762,739,305,366
406,1023,0,511,1023,0,556,345,305,543,340,305,606,769,752,305,366
467,1023,0,386,1023,0,488,318,305,569,335,305,606,767,743,305,366
437,1023,0,289,1023,0,476,324,305,515,329,305,607,742,714,305,366
428,1023,0,270,1023,0,521,334,305,505,324,305,607,739,704,305,366
551,1023,0,537,1023,0,532,330,305,561,340,305,607,778,741,305,366
377,1023,0,256,1023,0,491,323,305,494,322,305,607,511,481,305,366
414,1023,0,380,1023,0,519,333,305,536,330,305,607,756,741,305,366
349,1023,0,262,1023,0,506,334,305,493,329,305,607,724,712,305,366
386,1023,0,346,1023,0,535,336,305,556,336,305,607,736,721,305,366
466,1023,0,310,1023,0,541,341,305,677,475,305,607,774,752,305,366
445,1023,0,512,1023,0,551,348,305,568,352,305,607,788,757,305,366
449,1023,0,317,1023,0,511,326,305,491,320,305,607,740,729,305,366
479,1023,0,404,1023,0,510,335,305,528,332,305,607,749,724,305,366
396,1023,0,424,1023,0,524,341,305,541,343,305,607,756,720,305,366
410,1023,0,357,1023,0,515,330,305,523,330,305,607,746,723,305,366
385,1023,0,232,1023,0,451,320,305,452,320,305,607,729,691,305,366
401,1023,0,541,1023,0,545,348,305,576,359,305,607,785,765,305,366
402,1023,0,291,1023,0,485,321,305,516,324,305,607,717,689,305,366
314,1023,0,182,1023,0,498,322,305,484,324,305,607,680,651,305,366
377,1023,0,378,1023,0,551,339,305,520,326,305,607,742,718,305,366
462,1023,0,482,1023,0,560,346,305,573,343,305,607,767,749,305,366
435,1023,0,450,1023,0,557,337,305,545,332,305,607,772,758,305,366
542,1023,0,452,1023,0,550,350,305,529,344,305,607,746,716,305,366
564,1023,0,695,1023,0,574,359,305,589,381,305,607,784,757,305,366
451,1023,0,254,1023,0,519,328,305,536,323,305,607,675,621,305,366
490,1023,0,375,1023,0,550,332,305,526,329,305,607,753,715,305,366
545,1023,0,519,1023,0,540,335,305,516,325,305,607,744,722,305,366
394,1023,0,326,1023,0,536,334,305,499,324,305,607,745,720,305,366
463,1023,0,407,1023,0,523,329,305,514,330,305,607,773,760,305,366
506,1023,0,385,1023,0,516,332,305,607,365,305,607,771,749,305,366
388,1023,0,421,1023,0,492,335,305,530,335,305,607,762,751,305,366
539,1023,0,396,1023,0,530,330,305,540,328,305,608,777,746,305,366
495,1023,0,262,1023,0,509,325,305,515,329,305,608,741,717,305,366
332,1023,0,266,1023,0,510,331,305,506,336,305,608,735,724,305,366
366,1023,0,265,1023,0,467,321,305,0,316,305,608,749,731,305,366
257,1023,0,121,1023,0,522,332,305,427,314,305,608,695,683,305,366
578,1023,0,456,1023,0,562,343,305,558,335,305,608,775,745,305,366
350,1023,0,235,1023,0,444,319,305,474,319,305,608,741,717,305,366
329,1023,0,206,1023,0,515,331,305,452,317,305,608,725,699,305,366
518,1023,0,390,1023,0,532,332,305,534,325,305,608,661,627,305,366
532,1023,0,416,1023,0,499,335,305,515,321,305,608,761,737,305,366
473,1023,0,655,1023,0,561,347,305,548,336,305,608,768,748,305,366
195,963,0,199,1023,0,324,311,305,728,493,305,608,606,504,305,366
352,1023,0,191,1023,0,482,328,305,498,322,305,608,712,703,305,366
517,1023,0,303,1023,0,480,322,305,443,316,305,608,740,727,305,366
536,1023,0,478,1023,0,553,340,305,528,328,305,608,777,753,305,366
452,1023,0,376,1023,0,553,345,305,503,330,305,608,699,672,305,366
456,1023,0,291,1023,0,503,324,305,518,322,305,608,758,736,305,366
598,1023,0,577,1023,0,587,370,305,577,353,305,608,801,772,305,366
320,1023,0,209,1023,0,510,326,305,418,321,305,608,728,718,305,366
498,1023,0,411,1023,0,545,340,305,533,334,305,608,751,718,305,366
513,1023,0,445,1023,0,499,328,305,540,337,305,608,782,739,305,366
439,1023,0,341,1023,0,482,325,305,490,325,305,608,767,745,305,366
285,1023,0,150,1023,0,271,311,305,0,310,305,608,673,644,305,366
330,1023,0,268,1023,0,494,334,305,496,327,305,608,734,723,305,366
432,1023,0,354,1023,0,492,321,305,551,346,305,608,754,733,305,366
341,1023,0,267,1023,0,508,331,305,475,321,305,608,734,720,305,366
364,1023,0,394,1023,0,515,332,305,540,336,305,608,766,754,305,366
370,1023,0,391,1023,0,568,354,305,549,350,305,608,719,703,305,366
379,1023,0,417,1023,0,547,346,305,545,328,305,608,735,720,305,366
436,1023,0,375,1023,0,544,345,305,533,335,305,608,769,756,305,366
463,1023,0,253,1023,0,502,330,305,514,331,305,608,728,712,305,366
326,1023,0,301,1023,0,515,328,305,504,318,305,608,724,691,305,366
391,1023,0,301,1023,0,468,325,305,516,336,305,608,732,714,305,366
331,1023,0,317,1023,0,520,333,305,540,325,305,608,752,736,305,366
389,1023,0,155,1023,0,509,332,305,468,320,305,608,716,703,305,366
448,1023,0,363,1023,0,514,328,305,539,336,305,608,772,756,305,366
423,1023,0,310,1023,0,524,329,305,531,335,305,608,731,699,305,366
357,1023,0,411,1023,0,517,335,305,528,333,305,608,753,738,305,366
328,1023,0,316,1023,0,596,378,305,600,361,305,608,753,737,305,366
442,1023,0,343,1023,0,552,343,305,541,336,305,608,750,737,305,366
410,1023,0,256,1023,0,451,323,305,540,337,305,608,705,680,305,366
337,1023,0,174,1023,0,499,326,305,502,322,305,609,717,698,305,366
407,1023,0,358,1023,0,534,331,305,490,335,305,609,702,684,305,366
744,1023,0,691,1023,0,589,339,305,602,350,305,609,820,741,305,366
392,1023,0,294,1023,0,514,339,305,558,334,305,609,775,759,305,366
441,1023,0,290,1023,0,517,332,305,500,324,305,609,737,712,305,366
473,1023,0,357,1023,0,546,347,305,536,331,305,609,743,718,305,366
349,1023,0,226,1023,0,479,318,305,409,315,305,609,720,707,305,366
564,1023,0,583,1023,0,550,332,305,547,332,305,609,767,729,305,366
409,1023,0,278,1023,0,526,336,305,538,337,305,609,765,740,305,366
419,1023,0,247,1023,0,507,329,305,533,328,305,609,733,717,305,366
436,1023,0,418,1023,0,513,330,305,535,328,305,609,756,727,305,366
488,1023,0,411,1023,0,518,335,305,570,348,305,609,767,745,305,366
332,1023,0,131,1023,0,332,314,305,486,327,305,609,713,704,305,366
391,1023,0,215,1023,0,424,319,305,410,316,305,609,750,738,305,366
301,1023,0,99,1023,0,500,321,305,453,320,305,609,659,642,305,366
402,1023,0,293,1023,0,469,325,305,424,318,305,609,758,731,305,366
648,1023,0,496,1023,0,556,333,305,562,333,305,609,787,710,305,366
504,1023,0,439,1023,0,512,336,305,541,330,305,609,764,749,305,366
421,1023,0,329,1023,0,512,328,305,519,324,305,609,734,708,305,366
296,1023,0,282,1023,0,513,326,305,532,328,305,609,732,710,305,366
335,1023,0,248,1023,0,482,324,305,527,324,305,609,724,713,305,366
523,1023,0,324,1023,0,507,327,305,567,343,305,609,738,703,305,366
692,1023,0,587,1023,0,572,332,305,564,331,305,609,810,737,305,366
310,1023,0,330,1023,0,489,323,305,459,327,305,609,747,720,305,366
557,1023,0,434,1023,0,537,328,305,542,328,305,609,740,700,305,366
485,1023,0,510,1023,0,564,353,305,580,341,305,609,751,728,305,366
433,1023,0,369,1023,0,494,319,305,499,321,305,609,774,759,305,366
279,1023,0,304,1023,0,543,327,305,534,323,305,609,676,621,305,366
324,1023,0,289,1023,0,534,338,305,530,339,305,609,739,726,305,366
721,1023,0,567,1023,0,538,332,305,590,365,305,609,783,743,305,366
473,1023,0,352,1023,0,504,327,305,513,325,305,609,742,722,305,366
387,1023,0,337,1023,0,534,337,305,541,330,305,609,740,726,305,366
692,1023,0,676,1023,0,577,350,305,586,351,305,609,827,773,305,366
382,1023,0,171,1023,0,565,326,305,499,326,305,609,693,666,305,366
450,1023,0,353,1023,0,533,333,305,511,323,305,609,741,729,305,366
520,1023,0,475,1023,0,541,341,305,522,324,305,609,761,746,305,366
485,1023,0,585,1023,0,564,345,305,536,335,305,609,779,744,305,366
339,1023,0,213,1023,0,499,329,305,528,329,305,609,750,730,305,366
468,1023,0,275,1023,0,515,326,305,456,319,305,609,745,729,305,366
402,1023,0,454,1023,0,531,331,305,0,327,305,609,761,733,305,366
370,1023,0,167,1023,0,479,321,305,383,325,305,609,670,650,305,366
386,1023,0,276,1023,0,498,324,305,378,316,305,609,741,729,305,366
617,1023,0,468,1023,0,565,351,305,563,352,305,609,771,730,305,366
420,1023,0,215,1023,0,529,324,305,471,320,305,609,735,714,305,366
438,1023,0,325,1023,0,510,321,305,565,343,305,609,752,731,305,366
416,1023,0,342,1023,0,521,330,305,549,333,305,610,743,730,305,366
570,1023,0,533,1023,0,563,354,305,559,345,305,610,771,750,305,366
275,1023,0,224,1023,0,505,328,305,491,321,305,610,744,738,305,366
373,1023,0,382,1023,0,561,341,305,620,406,305,610,753,738,305,366
340,1023,0,231,1023,0,455,323,305,489,316,305,610,702,683,305,366
263,1023,0,385,1023,0,563,354,305,580,355,305,610,568,526,305,366
358,1023,0,379,1023,0,513,325,305,528,340,305,610,746,717,305,366
448,1023,0,372,1023,0,497,325,305,516,325,305,610,757,743,305,366
461,1023,0,152,1023,0,432,319,305,434,315,305,610,716,697,305,366
450,1023,0,244,1023,0,496,317,305,482,317,305,610,760,747,305,366
365,1023,0,491,1023,0,527,335,305,559,332,305,610,721,702,305,366
336,1023,0,250,1023,0,502,329,305,508,328,305,610,739,707,305,366
433,1023,0,362,1023,0,542,339,305,481,326,305,610,763,736,305,366
453,1023,0,340,1023,0,485,328,305,518,327,305,610,718,690,305,366
369,1023,0,250,1023,0,513,332,305,498,327,305,610,733,703,305,366
402,1023,0,220,1023,0,489,325,305,485,319,305,610,720,701,305,366
460,1023,0,331,1023,0,493,318,305,614,379,305,610,744,726,305,366
529,1023,0,484,1023,0,573,351,305,577,352,305,610,783,763,305,366
431,1023,0,472,1023,0,543,343,305,527,330,305,610,744,725,305,366
350,1023,0,173,1023,0,471,320,305,448,316,305,610,666,637,305,366
394,1023,0,402,1023,0,546,348,305,539,335,305,610,749,730,305,366
452,1023,0,373,1023,0,538,334,305,523,331,305,610,754,718,305,366
396,1023,0,455,1023,0,529,332,305,518,326,305,610,740,724,305,366
415,1023,0,237,1023,0,494,324,305,444,318,305,610,731,720,305,366
527,1023,0,417,1023,0,528,341,305,526,345,305,610,751,731,305,366
503,1023,0,415,1023,0,532,334,305,582,351,305,610,786,744,305,366
448,1023,0,355,1023,0,498,331,305,560,342,305,610,720,696,305,366
429,1023,0,360,1023,0,531,333,305,524,327,305,610,741,731,305,366
390,1023,0,284,1023,0,526,332,305,521,332,305,610,730,721,305,366
465,1023,0,324,1023,0,512,334,305,522,333,305,610,749,730,305,366
424,1023,0,245,1023,0,512,324,305,451,321,305,610,749,707,305,366
404,1023,0,336,1023,0,485,323,305,512,332,305,610,740,723,305,366
593,1023,0,553,1023,0,560,348,305,563,345,305,610,784,760,305,366
522,1023,0,313,1023,0,503,325,305,512,326,305,610,723,700,305,366
368,1023,0,212,1023,0,494,325,305,483,321,305,610,707,699,305,366
430,1023,0,370,1023,0,521,329,305,540,332,305,610,767,745,305,366
436,1023,0,233,1023,0,499,318,305,484,322,305,610,701,650,305,366
480,1023,0,532,1023,0,560,357,305,526,339,305,610,745,723,305,366
401,1023,0,317,1023,0,528,330,305,503,329,305,610,719,693,305,366
427,1023,0,438,1023,0,548,338,305,530,332,305,610,747,697,305,366
476,1023,0,496,1023,0,556,348,305,534,338,305,610,745,729,305,366
643,1023,0,605,1023,0,564,340,305,564,336,305,610,775,745,305,366
339,1023,0,292,1023,0,514,334,305,522,334,305,610,742,724,305,366
248,1023,0,113,1023,0,443,319,305,347,312,305,611,718,711,305,366
414,1023,0,275,1023,0,482,319,305,499,321,305,611,714,696,305,366
468,1023,0,354,1023,0,538,329,305,529,329,305,611,756,717,305,366
444,1023,0,577,1023,0,571,350,305,578,352,305,611,774,742,305,366
459,1023,0,390,1023,0,512,327,305,553,329,305,611,763,747,305,366
482,1023,0,228,1023,0,514,324,305,505,319,305,611,741,711,305,366
373,1023,0,265,1023,0,486,315,305,501,321,305,611,746,721,305,366
409,1023,0,284,1023,0,518,331,305,495,329,305,611,736,708,305,366
370,1023,0,234,1023,0,463,319,305,483,322,305,611,763,749,305,366
380,1023,0,434,1023,0,572,347,305,552,338,305,611,757,737,305,366
499,1023,0,406,1023,0,546,332,305,564,346,305,611,745,723,305,366
398,1023,0,266,1023,0,535,335,305,514,327,305,611,708,694,305,366
464,1023,0,522,1023,0,541,335,305,517,331,305,611,715,678,305,366
340,1023,0,298,1023,0,492,330,305,519,327,305,611,742,733,305,366
402,1023,0,564,1023,0,545,350,305,550,347,305,611,751,716,305,366
412,1023,0,356,1023,0,548,328,305,544,358,305,611,745,732,305,366
390,1023,0,535,1023,0,605,382,305,595,365,305,611,766,748,305,366
440,1023,0,395,1023,0,560,343,305,553,344,305,611,741,727,305,366
293,1023,0,101,1023,0,363,312,305,416,317,305,611,686,672,305,366
522,1023,0,417,1023,0,540,340,305,553,330,305,611,757,742,305,366
347,1023,0,174,1023,0,520,330,305,506,325,305,611,719,713,305,366
418,1023,0,269,1023,0,434,317,305,526,324,305,611,721,705,305,366
410,1023,0,507,1023,0,532,331,305,608,386,305,611,771,737,305,366
222,1023,0,214,1023,0,402,319,305,466,316,305,611,532,509,305,366
354,1023,0,166,1023,0,472,318,305,417,318,305,611,629,619,305,366
248,1023,0,270,1023,0,461,325,305,483,323,305,611,521,481,305,366
401,1023,0,263,1023,0,500,325,305,0,308,305,611,728,715,305,366
347,1023,0,260,1023,0,525,329,305,243,324,305,611,752,736,305,366
412,1023,0,303,1023,0,500,322,305,612,358,305,611,774,742,305,366
491,1023,0,279,1023,0,533,336,305,523,328,305,611,738,695,305,366
482,1023,0,270,1023,0,521,331,305,496,320,305,611,756,739,305,366
403,1023,0,261,1023,0,512,326,305,484,320,305,611,706,692,305,366
361,1023,0,271,1023,0,529,337,305,488,329,305,611,714,702,305,366
356,1023,0,370,1023,0,511,331,305,538,339,305,611,725,707,305,366
327,1023,0,172,1023,0,497,328,305,480,318,305,612,693,672,305,366
391,1023,0,254,1023,0,527,334,305,534,333,305,612,736,722,305,366
359,1023,0,310,1023,0,505,330,305,537,338,305,612,759,749,305,366
317,1023,0,129,1023,0,458,316,305,506,321,305,612,695,656,305,366
475,1023,0,371,1023,0,503,324,305,514,324,305,612,743,709,305,366
450,1023,0,452,1023,0,570,344,305,556,340,305,612,770,747,305,366
614,1023,0,574,1023,0,560,344,305,598,349,305,612,778,743,305,366
364,1023,0,237,1023,0,479,325,305,563,349,305,612,745,731,305,366
420,1023,0,459,1023,0,528,334,305,543,329,305,612,777,748,305,366
391,1023,0,183,1023,0,487,324,305,523,322,305,612,709,694,305,366
437,1023,0,180,1023,0,486,326,305,509,323,305,612,691,682,305,366
377,1023,0,160,1023,0,501,321,305,452,314,305,612,733,724,305,366
383,1023,0,303,1023,0,524,337,305,498,331,305,612,744,728,305,366
492,1023,0,295,1023,0,521,325,305,504,320,305,612,741,721,305,366
372,1023,0,386,1023,0,489,323,305,497,332,305,612,702,677,305,366
458,1023,0,365,1023,0,528,343,305,552,337,305,612,721,704,305,366
585,1023,0,416,1023,0,554,356,305,573,351,305,612,800,765,305,366
390,1023,0,287,1023,0,490,324,305,480,322,305,612,754,741,305,366
333,1023,0,311,1023,0,486,324,305,691,475,305,612,767,740,305,366
432,1023,0,279,1023,0,514,332,305,0,441,305,612,727,700,305,366
457,1023,0,342,1023,0,525,330,305,415,333,305,612,754,729,305,366
428,1023,0,266,1023,0,457,320,305,504,337,305,612,756,746,305,366
397,1023,0,441,1023,0,552,348,305,522,333,305,612,748,733,305,366
423,1023,0,323,1023,0,511,324,305,487,318,305,612,725,708,305,366
475,1023,0,389,1023,0,501,326,305,489,318,305,612,721,704,305,366
374,1023,0,271,1023,0,493,324,305,510,321,305,612,762,745,305,366
443,1023,0,338,1023,0,512,330,305,520,328,305,612,739,707,305,366
456,1023,0,403,1023,0,526,330,305,533,328,305,613,748,732,305,366
361,1023,0,366,1023,0,503,323,305,536,327,305,613,732,706,305,366
523,1023,0,290,1023,0,540,335,305,469,321,305,613,757,743,305,366
519,1023,0,325,1023,0,503,325,305,531,334,305,613,746,722,305,366
347,1023,0,221,1023,0,493,325,305,456,316,305,613,716,703,305,366
418,1023,0,208,1023,0,502,325,305,530,326,305,613,749,725,305,366
389,1023,0,352,1023,0,538,336,305,501,330,305,613,713,696,305,366
398,1023,0,266,1023,0,444,323,305,440,324,305,613,716,691,305,366
402,1023,0,211,1023,0,491,333,305,505,331,305,613,745,724,305,366
545,1023,0,367,1023,0,486,324,305,514,324,305,613,735,690,305,366
366,1023,0,157,1023,0,446,319,305,517,329,305,613,724,717,305,366
521,1023,0,403,1023,0,530,328,305,511,325,305,613,765,742,305,366
450,1023,0,352,1023,0,516,334,305,449,324,305,613,744,699,305,366
377,1023,0,254,1023,0,470,325,305,492,323,305,613,742,730,305,366
331,1023,0,263,1023,0,487,328,305,495,322,305,613,726,719,305,366
377,1023,0,270,1023,0,496,326,305,464,321,305,613,704,686,305,366
449,1023,0,348,1023,0,542,348,305,549,342,305,613,736,709,305,366
308,1023,0,227,1023,0,432,315,305,492,315,305,613,718,685,305,366
614,1023,0,402,1023,0,528,331,305,557,332,305,613,800,724,305,439
431,1023,0,412,1023,0,450,322,305,583,355,305,613,753,726,305,439
399,1023,0,232,1023,0,519,328,305,444,317,305,613,753,741,305,439
368,1023,0,244,1023,0,429,315,305,402,318,305,613,707,693,305,439
618,1023,0,401,1023,0,551,326,305,544,327,305,613,754,719,305,439
507,1023,0,411,1023,0,552,335,305,530,332,305,613,775,754,305,439
451,1023,0,545,1023,0,527,339,305,526,332,305,613,746,734,305,439
437,1023,0,552,1023,0,544,345,305,576,349,305,613,763,744,305,439
363,1023,0,306,1023,0,530,332,305,528,327,305,613,761,746,305,439
446,1023,0,307,1023,0,513,323,305,511,319,305,613,722,707,305,439
363,1023,0,252,1023,0,509,331,305,459,323,305,613,730,713,305,439
587,1023,0,396,1023,0,532,328,305,570,348,305,613,791,766,305,439
399,1023,0,225,1023,0,513,327,305,525,330,305,613,738,719,305,439
315,1023,0,179,1023,0,463,314,305,445,313,305,613,696,688,305,439
345,1023,0,382,1023,0,509,327,305,435,321,305,613,700,675,305,439
468,1023,0,275,1023,0,521,330,305,453,319,305,613,745,721,305,439
525,1023,0,525,1023,0,521,336,305,531,334,305,613,768,726,305,439
365,1023,0,229,1023,0,485,325,305,461,321,305,613,683,676,305,439
420,1023,0,330,1023,0,527,332,305,554,332,305,613,756,714,305,439
424,1023,0,374,1023,0,514,327,305,492,320,305,613,753,740,305,439
337,1023,0,235,1023,0,459,321,305,459,320,305,613,687,641,305,439
432,1023,0,300,1023,0,502,331,305,490,327,305,613,766,737,305,439
320,1023,0,160,1023,0,416,322,305,473,319,305,613,717,700,305,439
445,1023,0,201,1023,0,483,323,305,590,363,305,614,738,730,305,439
661,1023,0,702,1023,0,566,344,305,573,344,305,614,760,726,305,439
432,1023,0,457,1023,0,506,331,305,504,331,305,614,771,747,305,439
392,1023,0,305,1023,0,496,323,305,496,324,305,614,717,669,305,439
410,1023,0,279,1023,0,457,327,305,496,321,305,614,726,686,305,439
606,1023,0,380,1023,0,535,325,305,0,329,305,614,772,753,305,439
435,1023,0,268,1023,0,496,324,305,469,317,305,614,751,720,305,439
696,1023,0,487,1023,0,525,323,305,552,330,305,614,794,716,305,439
469,1023,0,352,1023,0,539,338,305,499,321,305,614,717,696,305,439
675,1023,0,639,1023,0,570,340,305,555,339,305,614,810,769,305,439
381,1023,0,207,1023,0,516,328,305,549,342,305,614,722,693,305,439
510,1023,0,615,1023,0,574,352,305,566,353,305,614,754,734,305,439
264,1023,0,161,1023,0,468,320,305,437,321,305,614,720,704,305,439
273,1023,0,184,1023,0,467,322,305,497,322,305,614,684,657,305,439
522,1023,0,465,1023,0,549,339,305,581,339,305,614,741,715,305,439
531,1023,0,432,1023,0,517,328,305,558,344,305,614,776,725,305,439
317,1023,0,184,1023,0,446,317,305,489,320,305,614,729,717,305,439
491,1023,0,305,1023,0,547,344,305,547,338,305,614,744,725,305,439
344,1023,0,177,1023,0,494,329,305,466,323,305,614,746,728,305,439
389,1023,0,250,1023,0,510,330,305,397,318,305,614,755,734,305,439
376,1023,0,451,1023,0,513,339,305,552,344,305,614,772,758,305,439
304,1023,0,153,1023,0,379,314,305,440,319,305,614,538,509,305,439
430,1023,0,488,1023,0,521,336,305,517,334,305,614,755,729,305,439
474,1023,0,248,1023,0,504,328,305,515,321,305,614,759,743,305,439
519,1023,0,602,1023,0,601,367,305,570,352,305,614,793,772,305,439
396,1023,0,302,1023,0,501,321,305,551,326,305,614,747,729,305,439
381,1023,0,373,1023,0,533,333,305,527,328,305,614,754,738,305,439
407,1023,0,443,1023,0,491,323,305,544,328,305,614,771,757,305,439
489,1023,0,390,1023,0,530,329,305,546,328,305,614,740,713,305,439
306,1023,0,182,1023,0,456,318,305,0,312,305,614,727,717,305,439
430,1023,0,353,1023,0,471,321,305,481,317,305,614,737,717,305,439
449,1023,0,401,1023,0,541,338,305,540,332,305,614,772,753,305,439
490,1023,0,437,1023,0,557,340,305,523,333,305,614,781,766,305,439
474,1023,0,337,1023,0,530,336,305,522,338,305,614,735,715,305,439
357,1023,0,295,1023,0,493,325,305,517,322,305,614,713,703,305,439
343,1023,0,238,1023,0,484,316,305,557,328,305,614,716,703,305,439
398,1023,0,288,1023,0,484,321,305,466,317,305,614,746,729,305,439
458,1023,0,544,1023,0,548,343,305,602,362,305,614,748,730,305,439
304,1023,0,221,1023,0,524,338,305,540,338,305,614,738,719,305,439
543,1023,0,461,1023,0,521,329,305,541,330,305,614,737,721,305,439
418,1023,0,346,1023,0,502,326,305,523,329,305,614,747,725,305,439
581,1023,0,656,1023,0,553,335,305,561,338,305,614,792,759,305,439
486,1023,0,261,1023,0,469,319,305,539,329,305,614,749,722,305,439
418,1023,0,337,1023,0,490,326,305,448,321,305,614,731,718,305,439
405,1023,0,189,1023,0,507,332,305,506,327,305,614,695,678,305,439
396,1023,0,276,1023,0,489,327,305,511,326,305,614,707,663,305,439
391,1023,0,403,1023,0,543,347,305,554,338,305,615,754,736,305,439
486,1023,0,515,1023,0,555,348,305,570,342,305,615,754,732,305,439
493,1023,0,260,1023,0,513,327,305,528,328,305,615,741,728,305,439
356,1023,0,192,1023,0,485,327,305,423,317,305,615,656,634,305,439
456,1023,0,359,1023,0,517,330,305,501,321,305,615,755,729,305,439
425,1023,0,454,1023,0,519,333,305,528,326,305,615,742,717,305,439
719,1023,0,581,1023,0,549,324,305,589,353,305,615,780,725,305,439
240,1023,0,345,1023,0,534,340,305,526,335,305,615,706,691,305,439
358,1023,0,400,1023,0,501,337,305,541,336,305,615,776,758,305,439
327,1023,0,221,1023,0,527,330,305,521,326,305,615,734,724,305,439
392,1023,0,219,1023,0,465,323,305,519,325,305,615,732,707,305,439
304,1023,0,122,1023,0,471,318,305,355,314,305,615,710,688,305,439
452,1023,0,383,1023,0,535,332,305,531,347,305,615,748,727,305,439
604,1023,0,466,1023,0,514,328,305,556,344,305,615,749,733,305,439
341,1023,0,344,1023,0,557,348,305,545,345,305,615,762,743,305,439
389,1023,0,340,1023,0,505,329,305,551,329,305,615,743,707,305,439
331,1023,0,303,1023,0,490,323,305,506,321,305,615,739,723,305,439
261,1023,0,181,1023,0,500,317,305,501,327,305,615,716,703,305,439
221,1023,0,160,1023,0,448,317,305,425,314,305,615,512,488,305,439
432,1023,0,415,1023,0,513,340,305,552,349,305,615,765,751,305,439
356,1023,0,162,1023,0,525,334,305,436,325,305,615,732,715,305,439
433,1023,0,295,1023,0,528,336,305,497,327,305,615,734,713,305,439
468,1023,0,435,1023,0,568,350,305,555,345,305,615,769,748,305,439
735,1023,0,671,1023,0,571,345,305,568,340,305,615,799,770,305,439
366,1023,0,473,1023,0,512,332,305,522,326,305,615,766,738,305,439
667,1023,0,527,1023,0,551,331,305,555,335,305,615,810,746,305,439
348,1023,0,181,1023,0,416,317,305,487,324,305,615,743,734,305,439
439,1023,0,479,1023,0,534,342,305,534,345,305,615,729,704,305,439
381,1023,0,271,1023,0,454,322,305,0,313,305,615,739,707,305,439
643,1023,0,447,1023,0,548,340,305,559,345,305,615,776,724,305,439
347,1023,0,339,1023,0,512,334,305,527,330,305,615,743,714,305,439
314,1023,0,177,1023,0,475,328,305,454,317,305,615,713,703,305,439
389,1023,0,324,1023,0,553,348,305,523,337,305,615,757,737,305,439
679,1023,0,631,1023,0,542,330,305,573,332,305,615,766,711,305,439
294,1023,0,165,1023,0,475,318,305,463,325,305,615,708,702,305,439
413,1023,0,233,1023,0,481,324,305,472,323,305,615,756,739,305,439
347,1023,0,223,1023,0,508,323,305,518,325,305,615,738,729,305,439
417,1023,0,340,1023,0,497,336,305,541,327,305,615,736,701,305,439
509,1023,0,354,1023,0,554,344,305,541,336,305,615,765,748,305,439
502,1023,0,489,1023,0,552,350,305,556,345,305,615,671,618,305,439
411,1023,0,307,1023,0,500,327,305,587,363,305,615,757,735,305,439
389,1023,0,312,1023,0,501,322,305,497,328,305,615,714,690,305,439
366,1023,0,231,1023,0,481,326,305,494,328,305,615,749,726,305,439
475,1023,0,465,1023,0,538,339,305,580,347,305,615,731,715,305,439
337,1023,0,329,1023,0,531,336,305,509,328,305,616,756,744,305,439
484,1023,0,471,1023,0,549,331,305,543,332,305,616,761,737,305,439
481,1023,0,484,1023,0,556,341,305,551,341,305,616,770,747,305,439
425,1023,0,469,1023,0,533,337,305,509,325,305,616,770,757,305,439
425,1023,0,449,1023,0,521,333,305,556,335,305,616,776,756,305,439
353,1023,0,179,1023,0,476,325,305,451,320,305,616,735,724,305,439
367,1023,0,251,1023,0,481,321,305,487,322,305,616,741,715,305,439
299,1023,0,260,1023,0,519,335,305,534,328,305,616,747,738,305,439
547,1023,0,588,1023,0,571,346,305,616,364,305,616,773,742,305,439
394,1023,0,369,1023,0,550,328,305,525,321,305,616,757,732,305,439
542,1023,0,490,1023,0,591,373,305,582,358,305,616,787,763,305,439
311,1023,0,117,1023,0,221,313,305,568,358,305,616,693,676,305,439
303,1023,0,306,1023,0,495,327,305,553,341,305,616,725,696,305,439
306,1023,0,205,1023,0,431,315,305,521,328,305,616,712,703,305,439
519,1023,0,415,1023,0,558,349,305,567,344,305,616,763,728,305,439
385,1023,0,403,1023,0,528,339,305,531,337,305,616,750,736,305,439
501,1023,0,351,1023,0,503,335,305,512,331,305,616,767,752,305,439
310,1023,0,210,1023,0,499,325,305,495,319,305,616,719,705,305,439
512,1023,0,310,1023,0,533,337,305,495,321,305,616,767,742,305,439
383,1023,0,327,1023,0,573,377,305,591,374,305,616,767,738,305,439
269,1023,0,169,1023,0,478,320,305,424,318,305,616,716,699,305,439
401,1023,0,390,1023,0,562,351,305,539,344,305,616,767,735,305,439
328,1023,0,183,1023,0,487,328,305,482,319,305,616,721,713,305,439
529,1023,0,569,1023,0,528,335,305,527,330,305,616,777,747,305,439
517,1023,0,192,1023,0,493,322,305,504,321,305,616,753,741,305,439
510,1023,0,346,1023,0,523,327,305,484,319,305,616,758,737,305,439
481,1023,0,476,1023,0,543,344,305,551,342,305,616,776,755,305,439
238,1023,0,323,1023,0,572,342,305,701,526,305,616,665,601,305,439
703,1023,0,480,1023,0,559,344,305,554,335,305,616,740,713,305,439
585,1023,0,522,1023,0,582,376,305,583,368,305,616,779,754,305,439
423,1023,0,352,1023,0,525,334,305,520,326,305,616,743,712,305,439
446,1023,0,282,1023,0,486,319,305,443,317,305,616,748,725,305,439
429,1023,0,374,1023,0,522,321,305,522,334,305,616,743,714,305,439
372,1023,0,234,1023,0,465,321,305,516,318,305,616,713,701,305,439
538,1023,0,500,1023,0,544,330,305,543,334,305,616,800,768,305,439
458,1023,0,392,1023,0,561,345,305,522,332,305,616,767,746,305,439
462,1023,0,459,1023,0,524,328,305,567,346,305,616,776,746,305,439
461,1023,0,447,1023,0,533,333,305,520,329,305,616,775,766,305,439
488,1023,0,350,1023,0,523,326,305,513,326,305,616,762,735,305,439
389,1023,0,272,1023,0,545,334,305,526,330,305,616,764,751,305,439
431,1023,0,458,1023,0,535,332,305,545,328,305,616,764,734,305,439
435,1023,0,266,1023,0,502,324,305,453,323,305,616,741,721,305,439
406,1023,0,324,1023,0,538,330,305,539,339,305,616,738,701,305,439
534,1023,0,572,1023,0,581,367,305,571,347,305,616,771,755,305,439
424,1023,0,215,1023,0,526,325,305,458,320,305,616,727,710,305,439
598,1023,0,547,1023,0,553,341,305,618,380,305,616,773,751,305,439
454,1023,0,350,1023,0,518,337,305,524,327,305,616,652,602,305,439
669,1023,0,469,1023,0,630,386,305,636,373,305,616,807,768,305,439
314,1023,0,263,1023,0,553,331,305,493,331,305,616,732,706,305,439
335,1023,0,378,1023,0,528,332,305,523,332,305,616,757,726,305,439
533,1023,0,418,1023,0,534,333,305,647,442,305,617,756,732,305,439
521,1023,0,350,1023,0,520,330,305,478,322,305,617,720,695,305,439
554,1023,0,400,1023,0,526,329,305,532,330,305,617,765,722,305,439
392,1023,0,255,1023,0,488,325,305,504,320,305,617,683,666,305,439
541,1023,0,364,1023,0,531,334,305,524,323,305,617,758,742,305,439
301,1023,0,308,1023,0,529,336,305,560,328,305,617,770,754,305,439
387,1023,0,326,1023,0,504,323,305,533,332,305,617,756,742,305,439
360,1023,0,195,1023,0,480,322,305,505,321,305,617,690,662,305,439
385,1023,0,518,1023,0,543,335,305,571,336,305,617,759,732,305,439
448,1023,0,336,1023,0,546,341,305,545,328,305,617,756,727,305,439
310,1023,0,429,1023,0,511,329,305,723,512,305,617,771,752,305,439
344,1023,0,232,1023,0,492,322,305,537,326,305,617,709,687,305,439
449,1023,0,295,1023,0,497,322,305,441,317,305,617,736,723,305,439
304,1023,0,251,1023,0,492,325,305,519,326,305,617,753,733,305,439
346,1023,0,283,1023,0,519,334,305,534,325,305,617,732,718,305,439
458,1023,0,277,1023,0,513,332,305,507,326,305,617,740,724,305,439
382,1023,0,194,1023,0,490,323,305,402,314,305,617,724,711,305,439
452,1023,0,241,1023,0,515,329,305,551,344,305,617,740,723,305,439
541,1023,0,281,1023,0,556,340,305,535,329,305,617,759,741,305,439
438,1023,0,340,1023,0,528,333,305,539,335,305,617,724,687,305,439
310,1023,0,274,1023,0,429,322,305,528,322,305,617,714,700,305,439
589,1023,0,552,1023,0,557,345,305,517,329,305,617,773,753,305,439
416,1023,0,399,1023,0,534,341,305,495,329,305,617,758,726,305,439
324,1023,0,192,1023,0,454,323,305,0,324,305,617,721,695,305,439
484,1023,0,477,1023,0,556,344,305,521,332,305,617,769,751,305,439
436,1023,0,478,1023,0,533,333,305,526,330,305,617,760,741,305,439
364,1023,0,249,1023,0,491,323,305,499,321,305,617,734,715,305,439
240,1023,0,113,1023,0,467,317,305,484,318,305,617,690,680,305,439
486,1023,0,474,1023,0,524,334,305,590,356,305,617,775,748,305,439
398,1023,0,234,1023,0,554,347,305,497,324,305,617,760,744,305,439
460,1023,0,392,1023,0,523,339,305,533,336,305,617,742,711,305,439
582,1023,0,475,1023,0,526,326,305,526,331,305,617,776,743,305,439
410,1023,0,317,1023,0,478,324,305,498,321,305,617,736,712,305,439
568,1023,0,410,1023,0,566,349,305,588,343,305,617,805,766,305,439
564,1023,0,301,1023,0,519,333,305,516,330,305,617,773,751,305,439
365,1023,0,251,1023,0,505,331,305,472,321,305,617,746,724,305,439
364,1023,0,226,1023,0,510,328,305,512,317,305,617,732,722,305,439
523,1023,0,480,1023,0,560,344,305,539,339,305,617,779,759,305,439
422,1023,0,286,1023,0,512,331,305,496,330,305,617,736,724,305,439
326,1023,0,251,1023,0,537,336,305,599,370,305,617,735,720,305,439
351,1023,0,237,1023,0,462,321,305,383,318,305,618,714,692,305,439
418,1023,0,290,1023,0,512,322,305,533,323,305,618,738,724,305,439
489,1023,0,552,1023,0,561,355,305,563,351,305,618,768,742,305,439
464,1023,0,404,1023,0,506,332,305,527,330,305,618,753,728,305,439
530,1023,0,449,1023,0,540,336,305,547,338,305,618,772,757,305,439
375,1023,0,267,1023,0,497,322,305,529,321,305,618,709,691,305,439
400,1023,0,277,1023,0,542,328,305,488,317,305,618,732,718,305,439
507,1023,0,422,1023,0,561,337,305,535,330,305,618,739,720,305,439
397,1023,0,256,1023,0,493,327,305,477,323,305,618,712,690,305,439
543,1023,0,514,1023,0,551,341,305,528,334,305,618,736,717,305,439
459,1023,0,349,1023,0,536,345,305,554,342,305,618,749,711,305,439
316,1023,0,190,1023,0,478,327,305,504,329,305,618,727,716,305,439
315,1023,0,255,1023,0,497,322,305,549,338,305,618,728,716,305,439
498,1023,0,579,1023,0,553,346,305,561,343,305,618,767,754,305,439
425,1023,0,359,1023,0,482,330,305,524,328,305,618,769,739,305,439
558,1023,0,613,1023,0,557,346,305,561,341,305,618,741,727,305,439
529,1023,0,492,1023,0,529,333,305,567,333,305,618,766,742,305,439
276,1023,0,195,1023,0,482,323,305,575,420,305,618,734,723,305,439
241,1023,0,150,1023,0,383,315,305,238,310,305,618,479,457,305,439
408,1023,0,218,1023,0,466,321,305,502,335,305,618,647,626,305,439
407,1023,0,188,1023,0,487,320,305,418,313,305,618,742,725,305,439
371,1023,0,260,1023,0,504,323,305,535,336,305,618,712,703,305,439
479,1023,0,456,1023,0,523,327,305,522,331,305,618,762,726,305,439
403,1023,0,218,1023,0,473,322,305,510,331,305,618,746,723,305,439
436,1023,0,408,1023,0,525,341,305,525,339,305,618,758,745,305,439
434,1023,0,466,1023,0,537,342,305,542,339,305,618,744,717,305,439
453,1023,0,369,1023,0,530,331,305,512,323,305,618,763,729,305,439
356,1023,0,210,1023,0,452,322,305,517,330,305,618,718,707,305,439
412,1023,0,460,1023,0,524,340,305,547,338,305,618,754,740,305,439
637,1023,0,719,1023,0,567,359,305,594,362,305,618,804,783,305,439
367,1023,0,225,1023,0,489,322,305,496,318,305,618,737,696,305,439
365,1023,0,252,1023,0,512,328,305,489,323,305,618,741,729,305,439
406,1023,0,285,1023,0,471,322,305,505,322,305,618,746,724,305,439
452,1023,0,409,1023,0,529,331,305,536,334,305,618,768,743,305,439
301,1023,0,361,1023,0,562,348,305,561,345,305,618,767,741,305,439
413,1023,0,341,1023,0,522,330,305,537,331,305,618,746,732,305,439
366,1023,0,229,1023,0,497,325,305,447,319,305,618,718,696,305,439
609,1023,0,365,1023,0,495,322,305,615,386,305,618,759,709,305,439
488,1023,0,313,1023,0,531,337,305,510,330,305,619,704,683,305,439
363,1023,0,265,1023,0,492,327,305,506,323,305,619,749,723,305,439
421,1023,0,313,1023,0,498,332,305,503,328,305,619,759,731,305,439
479,1023,0,262,1023,0,533,328,305,530,325,305,619,743,698,305,439
439,1023,0,558,1023,0,598,383,305,580,351,305,619,677,629,305,439
246,1023,0,206,1023,0,481,321,305,501,323,305,619,696,669,305,439
551,1023,0,411,1023,0,536,329,305,582,358,305,619,740,719,305,439
425,1023,0,134,1023,0,437,318,305,458,316,305,619,724,694,305,439
424,1023,0,388,1023,0,516,331,305,581,361,305,619,761,745,305,439
371,1023,0,277,1023,0,542,343,305,541,335,305,619,735,721,305,439
465,1023,0,274,1023,0,513,331,305,571,356,305,619,732,713,305,439
553,1023,0,645,1023,0,587,354,305,579,349,305,619,788,758,305,439
548,1023,0,293,1023,0,446,318,305,484,317,305,619,748,703,305,439
504,1023,0,461,1023,0,527,342,305,516,328,305,619,761,743,305,439
491,1023,0,424,1023,0,533,339,305,569,342,305,619,760,743,305,439
227,1023,0,148,1023,0,526,340,305,513,337,305,619,653,636,305,439
264,1023,0,263,1023,0,519,332,305,515,325,305,619,729,704,305,439
476,1023,0,466,1023,0,541,337,305,554,342,305,619,765,740,305,439
573,1023,0,534,1023,0,526,335,305,559,332,305,619,766,737,305,439
315,1023,0,397,1023,0,541,339,305,525,336,305,619,746,736,305,439
344,1023,0,171,1023,0,437,314,305,335,315,305,619,657,642,305,439
356,1023,0,239,1023,0,481,321,305,462,317,305,619,722,707,305,439
253,1023,0,384,1023,0,536,324,305,706,514,305,619,664,594,305,439
289,1023,0,264,1023,0,488,326,305,527,326,305,619,736,720,305,439
279,1023,0,108,1023,0,379,315,305,529,326,305,619,569,506,305,439
366,1023,0,314,1023,0,474,322,305,536,336,305,619,735,713,305,439
573,1023,0,347,1023,0,508,328,305,549,323,305,619,743,727,305,439
404,1023,0,237,1023,0,496,327,305,548,332,305,619,762,748,305,439
696,1023,0,507,1023,0,565,348,305,568,343,305,619,762,730,305,439
489,1023,0,489,1023,0,561,347,305,558,341,305,619,756,735,305,439
513,1023,0,404,1023,0,501,322,305,565,333,305,619,738,715,305,439
534,1023,0,428,1023,0,537,347,305,554,346,305,619,755,732,305,439
457,1023,0,318,1023,0,517,331,305,481,328,305,619,736,725,305,439
427,1023,0,311,1023,0,508,326,305,513,325,305,619,724,679,305,439
413,1023,0,269,1023,0,505,320,305,526,331,305,619,744,733,305,439
572,1023,0,334,1023,0,538,335,305,558,343,305,619,737,725,305,439
534,1023,0,463,1023,0,544,341,305,575,352,305,619,725,710,305,439
369,1023,0,420,1023,0,549,344,305,551,339,305,619,740,730,305,439
400,1023,0,227,1023,0,476,319,305,0,319,305,619,702,674,305,439
368,1023,0,364,1023,0,502,326,305,480,330,305,619,754,721,305,439
367,1023,0,139,1023,0,416,313,305,0,310,305,619,523,492,305,439
452,1023,0,297,1023,0,508,326,305,534,333,305,619,753,738,305,439
381,1023,0,295,1023,0,512,330,305,598,357,305,620,760,735,305,439
380,1023,0,385,1023,0,518,333,305,567,344,305,620,757,740,305,439
332,1023,0,181,1023,0,445,319,305,447,316,305,620,678,661,305,439
476,1023,0,427,1023,0,567,351,305,572,346,305,620,774,741,305,439
457,1023,0,416,1023,0,533,343,305,541,332,305,620,746,725,305,439
292,1023,0,207,1023,0,500,334,305,539,327,305,620,723,707,305,439
291,1023,0,345,1023,0,496,333,305,533,330,305,620,730,715,305,439
356,1023,0,195,1023,0,496,322,305,484,320,305,620,738,714,305,439
317,1023,0,173,1023,0,485,320,305,494,317,305,620,718,709,305,439
485,1023,0,558,1023,0,569,345,305,577,351,305,620,781,751,305,439
505,1023,0,561,1023,0,553,347,305,553,345,305,620,699,637,305,439
351,1023,0,261,1023,0,482,322,305,505,322,305,620,740,726,305,439
399,1023,0,329,1023,0,501,321,305,527,327,305,620,715,690,305,439
407,1023,0,198,1023,0,449,314,305,563,349,305,620,711,693,305,439
398,1023,0,334,1023,0,520,337,305,521,332,305,620,760,751,305,439
458,1023,0,290,1023,0,475,321,305,504,322,305,620,760,744,305,439
286,1023,0,205,1023,0,454,321,305,427,314,305,620,697,673,305,439
383,1023,0,216,1023,0,431,319,305,454,316,305,620,716,702,305,439
327,1023,0,239,1023,0,502,333,305,502,336,305,620,739,719,305,439
388,1023,0,230,1023,0,484,322,305,463,318,305,620,722,702,305,439
484,1023,0,313,1023,0,519,333,305,577,345,305,620,756,737,305,439
317,1023,0,264,1023,0,533,329,305,520,317,305,620,743,729,305,439
474,1023,0,372,1023,0,531,331,305,590,370,305,620,766,749,305,439
408,1023,0,283,1023,0,495,329,305,519,332,305,620,715,701,305,439
601,1023,0,449,1023,0,516,323,305,521,322,305,620,760,734,305,439
537,1023,0,350,1023,0,508,324,305,530,328,305,620,772,738,305,439
465,1023,0,283,1023,0,514,323,305,527,332,305,620,762,745,305,439
450,1023,0,449,1023,0,514,324,305,558,342,305,620,782,758,305,439
370,1023,0,218,1023,0,513,331,305,491,327,305,620,716,698,305,439
390,1023,0,185,1023,0,441,323,305,421,311,305,620,731,720,305,439
386,1023,0,202,1023,0,481,324,305,474,320,305,620,732,719,305,439
350,1023,0,187,1023,0,482,323,305,497,319,305,620,756,739,305,439
423,1023,0,374,1023,0,526,335,305,584,347,305,620,766,746,305,439
529,1023,0,416,1023,0,501,327,305,510,335,305,620,731,693,305,439
263,1023,0,337,1023,0,551,347,305,532,335,305,620,714,704,305,439
370,1023,0,265,1023,0,501,323,305,528,322,305,620,726,688,305,439
310,1023,0,146,1023,0,498,330,305,504,323,305,620,703,685,305,439
483,1023,0,531,1023,0,564,352,305,565,350,305,620,790,758,305,439
384,1023,0,276,1023,0,503,319,305,497,324,305,620,754,716,305,439
335,1023,0,214,1023,0,417,312,305,486,325,305,620,733,717,305,439
379,1023,0,282,1023,0,526,331,305,518,327,305,620,719,693,305,439
575,1023,0,488,1023,0,524,325,305,534,330,305,620,759,715,305,439
361,1023,0,287,1023,0,507,329,305,499,324,305,620,742,730,305,439
651,1023,0,482,1023,0,515,333,305,584,341,305,620,760,706,305,439
497,1023,0,492,1023,0,518,329,305,548,331,305,620,772,713,305,439
442,1023,0,350,1023,0,507,329,305,524,333,305,620,749,733,305,439
478,1023,0,388,1023,0,514,329,305,516,333,305,621,750,727,305,439
429,1023,0,293,1023,0,512,332,305,527,333,305,621,734,712,305,439
438,1023,0,360,1023,0,546,337,305,547,336,305,621,737,706,305,439
440,1023,0,222,1023,0,502,323,305,699,468,305,621,738,707,305,439
648,1023,0,429,1023,0,541,341,305,563,349,305,621,794,769,305,439
455,1023,0,306,1023,0,513,329,305,609,396,305,621,777,760,305,439
397,1023,0,215,1023,0,476,326,305,460,320,305,621,708,694,305,439
706,1023,0,630,1023,0,598,363,305,591,357,305,621,796,754,305,439
370,1023,0,266,1023,0,491,328,305,556,342,305,621,720,686,305,439
287,1023,0,159,1023,0,525,338,305,516,331,305,621,710,696,305,439
390,1023,0,266,1023,0,486,320,305,487,316,305,621,707,681,305,439
371,1023,0,302,1023,0,481,324,305,494,325,305,621,742,730,305,439
405,1023,0,395,1023,0,529,337,305,450,337,305,621,764,744,305,439
594,1023,0,448,1023,0,523,329,305,535,330,305,621,784,767,305,439
330,1023,0,199,1023,0,483,319,305,487,323,305,621,696,678,305,439
356,1023,0,280,1023,0,501,330,305,495,323,305,621,735,709,305,439
414,1023,0,365,1023,0,509,326,305,542,324,305,621,764,728,305,439
534,1023,0,561,1023,0,544,340,305,539,333,305,621,767,732,305,439
355,1023,0,247,1023,0,499,332,305,493,325,305,621,734,721,305,439
386,1023,0,278,1023,0,515,329,305,524,327,305,621,734,717,305,439
415,1023,0,432,1023,0,585,344,305,522,329,305,621,759,741,305,439
493,1023,0,460,1023,0,601,380,305,605,376,305,621,828,806,305,439
653,1023,0,601,1023,0,557,350,305,618,396,305,621,804,787,305,439
374,1023,0,355,1023,0,527,334,305,492,327,305,621,713,699,305,439
404,1023,0,214,1023,0,398,320,305,486,323,305,621,737,700,305,439
351,1023,0,258,1023,0,492,328,305,550,326,305,621,721,705,305,439
344,1023,0,243,1023,0,499,330,305,553,336,305,621,742,726,305,439
503,1023,0,365,1023,0,536,335,305,520,329,305,621,764,739,305,439
471,1023,0,244,1023,0,459,326,305,494,318,305,621,718,703,305,439
327,1023,0,255,1023,0,395,310,305,432,316,305,621,726,716,305,439
378,1023,0,292,1023,0,484,330,305,530,335,305,621,721,702,305,439
417,1023,0,376,1023,0,508,330,305,536,335,305,621,747,727,305,439
289,1023,0,123,1023,0,450,316,305,487,324,305,621,695,689,305,439
375,1023,0,330,1023,0,477,331,305,507,327,305,621,749,734,305,439
476,1023,0,564,1023,0,564,346,305,539,341,305,621,767,747,305,439
385,1023,0,386,1023,0,543,345,305,572,350,305,621,739,717,305,439
394,1023,0,266,1023,0,503,330,305,644,420,305,621,725,712,305,439
412,1023,0,234,1023,0,474,319,305,463,322,305,621,750,727,305,439
309,1023,0,221,1023,0,432,317,305,543,332,305,621,737,729,305,439
434,1023,0,627,1023,0,614,398,305,603,384,305,622,762,737,305,439
392,1023,0,419,1023,0,530,337,305,520,330,305,622,758,731,305,439
395,1023,0,336,1023,0,503,327,305,538,335,305,622,650,615,305,439
381,1023,0,264,1023,0,532,332,305,486,324,305,622,737,699,305,439
475,1023,0,535,1023,0,547,342,305,577,348,305,622,740,698,305,439
738,1023,0,670,1023,0,520,324,305,563,330,305,622,794,720,305,439
475,1023,0,236,1023,0,516,328,305,530,325,305,622,734,717,305,439
595,1023,0,527,1023,0,574,346,305,728,584,305,622,776,736,305,439
426,1023,0,283,1023,0,506,326,305,445,324,305,622,727,711,305,439
484,1023,0,343,1023,0,519,329,305,596,361,305,622,726,704,305,439
398,1023,0,492,1023,0,535,335,305,537,346,305,622,757,729,305,439
385,1023,0,299,1023,0,486,326,305,590,356,305,622,701,674,305,439
528,1023,0,508,1023,0,556,344,305,556,336,305,622,768,751,305,439
504,1023,0,370,1023,0,544,337,305,531,333,305,622,753,729,305,439
558,1023,0,408,1023,0,536,337,305,520,331,305,622,762,743,305,439
350,1023,0,210,1023,0,521,332,305,498,331,305,622,696,675,305,439
287,1023,0,166,1023,0,460,320,305,515,319,305,622,707,694,305,439
412,1023,0,401,1023,0,559,347,305,581,364,305,622,738,717,305,439
317,1023,0,288,1023,0,536,335,305,694,528,305,622,746,725,305,439
429,1023,0,263,1023,0,483,322,305,494,326,305,622,762,748,305,439
440,1023,0,471,1023,0,517,327,305,574,349,305,622,769,743,305,439
344,1023,0,212,1023,0,501,333,305,425,319,305,622,747,733,305,439
335,1023,0,152,1023,0,449,320,305,481,322,305,622,669,654,305,439
446,1023,0,257,1023,0,528,333,305,506,323,305,622,740,690,305,439
578,1023,0,338,1023,0,552,347,305,508,332,305,622,777,741,305,439
485,1023,0,362,1023,0,549,343,305,522,337,305,622,771,752,305,439
393,1023,0,205,1023,0,497,324,305,485,321,305,622,757,744,305,439
345,1023,0,169,1023,0,459,320,305,483,319,305,622,726,714,305,439
365,1023,0,327,1023,0,520,331,305,529,344,305,622,753,736,305,439
250,1023,0,106,1023,0,447,320,305,477,316,305,622,638,624,305,439
358,1023,0,414,1023,0,542,323,305,560,343,305,622,725,687,305,439
377,1023,0,404,1023,0,546,342,305,566,340,305,622,738,715,305,439
402,1023,0,288,1023,0,537,344,305,507,328,305,622,710,689,305,439
666,1023,0,411,1023,0,547,337,305,548,335,305,622,757,728,305,439
488,1023,0,357,1023,0,497,333,305,521,329,305,622,738,697,305,439
375,1023,0,306,1023,0,509,328,305,509,326,305,622,747,730,305,439
699,1023,0,621,1023,0,561,333,305,584,354,305,622,807,734,305,439
323,1023,0,259,1023,0,497,336,305,472,326,305,622,741,723,305,439
629,1023,0,584,1023,0,555,347,305,565,342,305,622,781,755,305,439
457,1023,0,322,1023,0,506,323,305,519,331,305,622,735,690,305,439
371,1023,0,285,1023,0,519,337,305,475,326,305,622,738,714,305,439
385,1023,0,361,1023,0,524,332,305,509,328,305,622,751,730,305,439
469,1023,0,482,1023,0,564,342,305,556,339,305,622,760,742,305,439
576,1023,0,596,1023,0,539,338,305,553,340,305,622,780,766,305,439
313,1023,0,216,1023,0,463,319,305,479,316,305,622,551,508,305,439
381,1023,0,427,1023,0,513,325,305,496,326,305,622,750,719,305,439
394,1023,0,228,1023,0,520,329,305,506,324,305,622,757,745,305,439
458,1023,0,261,1023,0,518,331,305,531,328,305,622,752,734,305,439
435,1023,0,230,1023,0,470,319,305,506,318,305,623,737,710,305,439
551,1023,0,641,1023,0,569,356,305,593,351,305,623,795,765,305,439
411,1023,0,333,1023,0,495,324,305,550,333,305,623,744,731,305,439
440,1023,0,288,1023,0,510,326,305,423,319,305,623,758,737,305,439
522,1023,0,375,1023,0,536,330,305,539,330,305,623,795,779,305,439
322,1023,0,300,1023,0,508,331,305,521,323,305,623,728,709,305,439
576,1023,0,676,1023,0,566,342,305,615,373,305,623,783,756,305,439
529,1023,0,561,1023,0,563,352,305,543,341,305,623,745,724,305,439
415,1023,0,261,1023,0,523,336,305,477,326,305,623,713,697,305,439
494,1023,0,585,1023,0,557,346,305,570,353,305,623,776,752,305,439
339,1023,0,146,1023,0,444,311,305,267,312,305,623,537,480,305,439
723,1023,0,568,1023,0,545,325,305,524,327,305,623,806,784,305,439
382,1023,0,287,1023,0,496,325,305,520,331,305,623,759,744,305,439
424,1023,0,262,1023,0,508,327,305,481,321,305,623,748,734,305,439
350,1023,0,279,1023,0,472,320,305,498,324,305,623,723,711,305,439
505,1023,0,263,1023,0,532,336,305,486,323,305,623,749,717,305,439
386,1023,0,311,1023,0,525,344,305,501,330,305,623,726,712,305,439
375,1023,0,238,1023,0,494,326,305,465,326,305,623,738,719,305,439
283,1023,0,258,1023,0,496,330,305,520,326,305,623,725,705,305,439
424,1023,0,275,1023,0,527,331,305,559,344,305,623,743,728,305,439
589,1023,0,352,1023,0,555,349,305,534,338,305,623,741,732,305,439
303,1023,0,136,1023,0,441,312,305,426,312,305,623,502,479,305,439
372,1023,0,285,1023,0,538,342,305,519,333,305,623,764,747,305,439
387,1023,0,283,1023,0,486,321,305,478,317,305,623,722,689,305,439
361,1023,0,324,1023,0,506,324,305,474,318,305,623,744,722,305,439
356,1023,0,162,1023,0,459,315,305,444,320,305,623,691,669,305,439
496,1023,0,446,1023,0,545,333,305,632,402,305,623,769,727,305,439
337,1023,0,337,1023,0,537,334,305,507,330,305,623,721,679,305,439
330,1023,0,315,1023,0,513,328,305,492,329,305,623,740,727,305,439
505,1023,0,283,1023,0,502,325,305,503,336,305,623,756,730,305,439
392,1023,0,232,1023,0,464,324,305,490,328,305,623,760,743,305,439
364,1023,0,325,1023,0,551,342,305,561,337,305,623,737,721,305,439
426,1023,0,358,1023,0,536,336,305,573,339,305,623,737,710,305,439
644,1023,0,500,1023,0,587,362,305,583,357,305,623,785,761,305,439
430,1023,0,496,1023,0,531,332,305,573,352,305,623,750,736,305,439
323,1023,0,231,1023,0,473,327,305,501,326,305,623,746,735,305,439
510,1023,0,522,1023,0,504,320,305,582,335,305,623,771,738,305,439
320,1023,0,145,1023,0,463,319,305,448,323,305,624,706,689,305,439
686,1023,0,692,1023,0,574,351,305,602,346,305,624,772,744,305,439
457,1023,0,267,1023,0,524,334,305,499,323,305,624,739,726,305,439
478,1023,0,320,1023,0,480,324,305,517,331,305,624,754,724,305,439
362,1023,0,222,1023,0,525,329,305,527,324,305,624,719,701,305,439
518,1023,0,481,1023,0,548,346,305,573,347,305,624,772,747,305,439
398,1023,0,274,1023,0,506,330,305,531,332,305,624,732,717,305,439
529,1023,0,476,1023,0,521,329,305,530,331,305,624,759,728,305,439
378,1023,0,256,1023,0,525,326,305,543,332,305,624,763,747,305,439
701,1023,0,402,1023,0,537,326,305,518,322,305,624,804,742,305,439
576,1023,0,472,1023,0,562,338,305,557,335,305,624,776,755,305,439
389,1023,0,268,1023,0,549,342,305,515,332,305,624,746,717,305,439
402,1023,0,356,1023,0,576,365,305,511,344,305,624,765,739,305,439
429,1023,0,278,1023,0,497,328,305,501,334,305,624,747,735,305,439
454,1023,0,505,1023,0,571,350,305,569,352,305,624,767,754,305,439
493,1023,0,590,1023,0,549,341,305,551,340,305,624,773,748,305,439
391,1023,0,239,1023,0,507,325,305,428,320,305,624,746,731,305,439
389,1023,0,348,1023,0,536,334,305,503,323,305,624,755,744,305,439
256,1023,0,359,1023,0,509,328,305,472,322,305,624,462,443,305,439
498,1023,0,550,1023,0,596,352,305,630,389,305,624,754,706,305,439
505,1023,0,384,1023,0,513,332,305,516,316,305,624,757,747,305,439
326,1023,0,199,1023,0,525,332,305,497,327,305,624,709,696,305,439
360,1023,0,246,1023,0,452,319,305,517,324,305,624,701,675,305,439
447,1023,0,318,1023,0,494,326,305,479,320,305,624,744,731,305,439
507,1023,0,296,1023,0,511,328,305,509,329,305,624,743,722,305,439
629,1023,0,570,1023,0,545,338,305,535,339,305,624,778,755,305,439
322,1023,0,224,1023,0,515,331,305,521,327,305,624,682,663,305,439
347,1023,0,279,1023,0,485,321,305,546,328,305,624,752,716,305,439
346,1023,0,155,1023,0,411,321,305,452,315,305,624,690,671,305,439
388,1023,0,336,1023,0,515,327,305,494,328,305,624,740,708,305,439
363,1023,0,413,1023,0,512,333,305,543,343,305,624,740,728,305,439
411,1023,0,287,1023,0,448,323,305,462,319,305,624,737,714,305,439
362,1023,0,323,1023,0,506,333,305,502,330,305,624,742,717,305,439
593,1023,0,353,1023,0,533,333,305,652,438,305,624,801,745,305,439
420,1023,0,167,1023,0,451,316,305,459,313,305,624,710,697,305,439
473,1023,0,443,1023,0,532,324,305,503,324,305,624,742,713,305,439
420,1023,0,233,1023,0,490,322,305,456,320,305,624,727,707,305,439
502,1023,0,539,1023,0,558,346,305,583,352,305,624,768,733,305,439
547,1023,0,369,1023,0,566,340,305,500,333,305,625,722,700,305,439
404,1023,0,297,1023,0,517,325,305,527,328,305,625,722,693,305,439
311,1023,0,276,1023,0,517,333,305,553,336,305,625,744,721,305,439
499,1023,0,563,1023,0,551,344,305,543,335,305,625,746,722,305,439
447,1023,0,357,1023,0,540,338,305,524,339,305,625,746,719,305,439
726,1023,0,653,1023,0,590,346,305,595,336,305,625,819,743,305,439
443,1023,0,339,1023,0,528,336,305,527,339,305,625,758,731,305,439
726,1023,0,680,1023,0,571,339,305,594,342,305,625,755,708,305,439
494,1023,0,288,1023,0,498,330,305,0,323,305,625,794,771,305,439
379,1023,0,166,1023,0,493,322,305,440,315,305,625,728,708,305,439
409,1023,0,548,1023,0,542,338,305,729,570,305,625,759,710,305,439
454,1023,0,374,1023,0,515,338,305,551,339,305,625,606,552,305,439
429,1023,0,286,1023,0,458,320,305,516,326,305,625,756,732,305,439
491,1023,0,378,1023,0,577,362,305,568,354,305,625,767,746,305,439
352,1023,0,226,1023,0,471,320,305,578,342,305,625,723,695,305,439
393,1023,0,375,1023,0,544,340,305,565,338,305,625,752,731,305,439
468,1023,0,253,1023,0,450,314,305,518,346,305,625,701,685,305,439
367,1023,0,260,1023,0,472,318,305,509,322,305,625,755,728,305,439
731,1023,0,694,1023,0,628,396,305,637,396,305,625,825,770,305,439
329,1023,0,251,1023,0,449,316,305,457,314,305,625,718,709,305,439
613,1023,0,562,1023,0,590,346,305,566,338,305,625,810,729,305,439
643,1023,0,546,1023,0,548,345,305,575,346,305,625,775,744,305,439
324,1023,0,240,1023,0,474,320,305,491,322,305,625,714,686,305,439
359,1023,0,282,1023,0,517,333,305,507,331,305,625,702,680,305,439
282,1023,0,266,1023,0,520,339,305,471,328,305,625,732,718,305,439
359,1023,0,206,1023,0,402,316,305,423,315,305,625,511,476,305,439
357,1023,0,192,1023,0,388,314,305,524,337,305,625,716,693,305,439
378,1023,0,280,1023,0,483,326,305,505,324,305,625,733,716,305,439
401,1023,0,259,1023,0,498,328,305,503,331,305,625,727,705,305,439
380,1023,0,380,1023,0,520,328,305,0,330,305,625,759,739,305,439
384,1023,0,194,1023,0,478,323,305,455,320,305,625,732,718,305,439
392,1023,0,207,1023,0,485,317,305,0,313,305,625,734,721,305,439
364,1023,0,302,1023,0,497,328,305,372,318,305,625,736,727,305,439
501,1023,0,494,1023,0,506,326,305,492,331,305,625,765,731,305,439
348,1023,0,203,1023,0,479,322,305,464,319,305,625,701,679,305,439
303,1023,0,171,1023,0,478,321,305,482,327,305,625,705,694,305,439
307,1023,0,191,1023,0,493,331,305,449,322,305,625,741,726,305,439
369,1023,0,186,1023,0,448,320,305,370,315,305,625,723,692,305,439
372,1023,0,264,1023,0,495,327,305,468,316,305,625,716,695,305,439
389,1023,0,243,1023,0,521,333,305,502,324,305,625,750,738,305,439
305,1023,0,156,1023,0,486,322,305,370,311,305,625,697,687,305,439
323,1023,0,181,1023,0,484,320,305,454,319,305,625,700,683,305,439
338,1023,0,358,1023,0,517,339,305,667,469,305,625,780,758,305,439
420,1023,0,336,1023,0,501,327,305,512,322,305,625,746,715,305,439
419,1023,0,377,1023,0,523,330,305,529,336,305,625,765,743,305,439
547,1023,0,667,1023,0,596,368,305,574,351,305,625,789,768,305,439
357,1023,0,405,1023,0,531,330,305,473,324,305,625,732,705,305,439
360,1023,0,371,1023,0,489,321,305,558,334,305,625,744,720,305,439
343,1023,0,273,1023,0,486,322,305,543,331,305,625,706,675,305,439
499,1023,0,421,1023,0,530,338,305,588,365,305,625,756,733,305,439
408,1023,0,257,1023,0,532,328,305,506,323,305,625,583,519,305,439
331,1023,0,305,1023,0,491,320,305,519,330,305,625,718,707,305,439
383,1023,0,284,1023,0,472,325,305,381,324,305,625,737,707,305,439
438,1023,0,300,1023,0,473,329,305,543,329,305,626,734,715,305,439
415,1023,0,296,1023,0,482,324,305,546,325,305,626,735,715,305,439
429,1023,0,351,1023,0,517,332,305,604,383,305,626,753,723,305,439
534,1023,0,297,1023,0,519,324,305,492,320,305,626,727,685,305,439
467,1023,0,587,1023,0,559,344,305,595,351,305,626,786,768,305,439
331,1023,0,232,1023,0,470,329,305,556,322,305,626,736,723,305,439
625,1023,0,505,1023,0,535,337,305,596,378,305,626,769,748,305,439
418,1023,0,411,1023,0,538,347,305,556,355,305,626,765,755,305,439
414,1023,0,268,1023,0,494,325,305,500,324,305,626,741,704,305,439
483,1023,0,295,1023,0,517,326,305,463,322,305,626,709,697,305,439
459,1023,0,339,1023,0,480,326,305,480,325,305,626,730,685,305,439
591,1023,0,394,1023,0,517,330,305,538,336,305,626,710,689,305,439
417,1023,0,260,1023,0,492,328,305,472,321,305,626,744,728,305,439
364,1023,0,182,1023,0,478,320,305,0,336,305,626,728,713,305,439
333,1023,0,257,1023,0,519,330,305,511,327,305,626,748,735,305,439
432,1023,0,326,1023,0,515,327,305,485,320,305,626,746,727,305,439
441,1023,0,367,1023,0,503,324,305,501,324,305,626,767,739,305,439
312,1023,0,204,1023,0,450,324,305,467,319,305,626,743,735,305,439
512,1023,0,406,1023,0,550,350,305,527,330,305,626,763,735,305,439
316,1023,0,166,1023,0,442,318,305,427,316,305,626,560,523,305,439
332,1023,0,247,1023,0,484,329,305,477,325,305,626,716,701,305,439
374,1023,0,330,1023,0,500,326,305,503,338,305,626,746,731,305,439
398,1023,0,292,1023,0,509,326,305,472,316,305,626,730,713,305,439
510,1023,0,425,1023,0,541,325,305,520,332,305,626,758,728,305,439
348,1023,0,391,1023,0,496,326,305,549,340,305,626,722,700,305,439
288,1023,0,127,1023,0,451,316,305,482,323,305,626,716,696,305,439
365,1023,0,367,1023,0,498,324,305,494,321,305,626,740,719,305,439
368,1023,0,477,1023,0,525,333,305,591,359,305,626,748,726,305,439
526,1023,0,530,1023,0,571,353,305,569,350,305,626,770,742,305,439
675,1023,0,547,1023,0,569,338,305,566,333,305,626,798,719,305,439
466,1023,0,327,1023,0,441,323,305,507,323,305,626,732,712,305,439
417,1023,0,307,1023,0,471,322,305,496,322,305,626,749,710,305,439
337,1023,0,213,1023,0,437,316,305,501,324,305,626,738,736,305,439
367,1023,0,204,1023,0,469,324,305,492,317,305,626,709,695,305,439
390,1023,0,317,1023,0,516,335,305,536,329,305,626,742,712,305,439
357,1023,0,360,1023,0,531,333,305,554,345,305,626,758,725,305,439
370,1023,0,365,1023,0,549,341,305,527,328,305,626,765,751,305,439
400,1023,0,257,1023,0,517,319,305,537,326,305,626,757,742,305,439
342,1023,0,242,1023,0,463,324,305,479,317,305,626,725,701,305,439
426,1023,0,377,1023,0,573,343,305,595,363,305,626,731,702,305,439
348,1023,0,262,1023,0,492,325,305,560,340,305,626,715,666,305,439
472,1023,0,450,1023,0,491,322,305,503,320,305,626,750,731,305,439
209,1023,0,164,1023,0,469,321,305,657,455,305,626,595,540,305,439
345,1023,0,267,1023,0,525,330,305,675,475,305,626,757,738,305,439
363,1023,0,278,1023,0,481,325,305,464,326,305,626,741,706,305,439
378,1023,0,273,1023,0,455,312,305,478,315,305,626,716,695,305,439
395,1023,0,363,1023,0,526,334,305,544,340,305,626,720,702,305,439
329,1023,0,234,1023,0,464,321,305,552,353,305,626,707,691,305,439
372,1023,0,202,1023,0,510,326,305,524,330,305,626,690,677,305,439
311,1023,0,253,1023,0,520,329,305,494,324,305,626,735,706,305,439
452,1023,0,226,1023,0,513,332,305,523,324,305,626,745,734,305,439
437,1023,0,301,1023,0,487,323,305,472,317,305,627,708,687,305,439
542,1023,0,327,1023,0,517,327,305,508,325,305,627,770,741,305,439
746,1023,0,641,1023,0,579,341,305,568,342,305,627,798,716,305,439
487,1023,0,371,1023,0,522,328,305,564,345,305,627,758,722,305,439
448,1023,0,282,1023,0,506,331,305,476,323,305,627,745,734,305,439
553,1023,0,605,1023,0,576,366,305,570,354,305,627,791,766,305,439
506,1023,0,437,1023,0,557,334,305,562,325,305,627,756,726,305,439
353,1023,0,261,1023,0,439,322,305,454,318,305,627,705,694,305,439
481,1023,0,468,1023,0,519,336,305,514,336,305,627,753,730,305,439
541,1023,0,212,1023,0,488,323,305,532,324,305,627,754,737,305,439
673,1023,0,442,1023,0,564,330,305,566,335,305,627,759,734,305,439
334,1023,0,305,1023,0,526,336,305,546,334,305,627,754,735,305,439
391,1023,0,416,1023,0,547,344,305,560,341,305,627,762,740,305,439
190,1023,0,227,1023,0,480,323,305,494,320,305,627,699,677,305,439
402,1023,0,251,1023,0,489,324,305,419,315,305,627,733,702,305,439
538,1023,0,380,1023,0,524,327,305,605,343,305,627,753,720,305,439
404,1023,0,200,1023,0,453,327,305,454,324,305,627,744,735,305,439
400,1023,0,334,1023,0,526,334,305,535,330,305,627,760,741,305,439
504,1023,0,467,1023,0,549,346,305,534,339,305,627,760,744,305,439
427,1023,0,361,1023,0,591,350,305,560,340,305,627,753,732,305,439
451,1023,0,394,1023,0,531,327,305,540,328,305,627,757,731,305,439
376,1023,0,206,1023,0,468,320,305,472,319,305,627,687,662,305,439
575,1023,0,539,1023,0,564,337,305,555,331,305,627,752,721,305,439
355,1023,0,313,1023,0,466,317,305,542,332,305,627,735,717,305,439
266,1023,0,271,1023,0,496,322,305,524,326,305,627,755,744,305,439
325,1023,0,354,1023,0,507,331,305,539,334,305,627,747,737,305,439
431,1023,0,308,1023,0,461,318,305,507,324,305,627,752,739,305,439
390,1023,0,239,1023,0,481,323,305,463,318,305,627,748,728,305,439
418,1023,0,262,1023,0,476,325,305,550,346,305,627,692,674,305,439
634,1023,0,516,1023,0,569,349,305,582,348,305,627,787,764,305,439
377,1023,0,527,1023,0,516,329,305,552,335,305,627,779,734,305,439
384,1023,0,254,1023,0,457,314,305,467,316,305,627,723,654,305,439
487,1023,0,456,1023,0,553,346,305,699,496,305,627,821,787,305,439
461,1023,0,388,1023,0,522,331,305,544,337,305,627,749,735,305,439
407,1023,0,399,1023,0,520,332,305,546,339,305,627,750,698,305,439
373,1023,0,264,1023,0,488,325,305,526,328,305,627,735,718,305,439
508,1023,0,562,1023,0,540,333,305,548,334,305,627,758,732,305,439
312,1023,0,369,1023,0,573,354,305,624,383,305,627,749,722,305,439
373,1023,0,361,1023,0,471,323,305,581,341,305,627,746,728,305,439
439,1023,0,457,1023,0,520,333,305,539,334,305,627,774,756,305,439
376,1023,0,318,1023,0,543,348,305,536,334,305,628,759,743,305,439
356,1023,0,310,1023,0,517,332,305,519,321,305,628,750,734,305,439
313,1023,0,392,1023,0,465,320,305,510,321,305,628,621,572,305,439
334,1023,0,157,1023,0,483,320,305,454,316,305,628,719,704,305,439
318,1023,0,164,1023,0,476,319,305,452,314,305,628,733,709,305,439
376,1023,0,513,1023,0,545,344,305,730,570,305,628,796,760,305,439
257,1023,0,120,1023,0,402,319,305,499,320,305,628,543,505,305,439
533,1023,0,336,1023,0,541,340,305,541,335,305,628,782,764,305,439
416,1023,0,428,1023,0,543,335,305,524,329,305,628,768,755,305,439
356,1023,0,215,1023,0,455,322,305,513,324,305,628,725,707,305,439
466,1023,0,336,1023,0,525,333,305,485,329,305,628,724,670,305,439
427,1023,0,232,1023,0,506,327,305,556,340,305,628,724,689,305,439
409,1023,0,227,1023,0,453,316,305,516,337,305,628,733,721,305,439
428,1023,0,610,1023,0,534,336,305,536,338,305,628,771,740,305,439
313,1023,0,183,1023,0,494,323,305,427,319,305,628,718,706,305,439
270,1023,0,146,1023,0,420,313,305,384,311,305,628,664,647,305,439
382,1023,0,360,1023,0,549,349,305,538,336,305,628,757,745,305,439
428,1023,0,423,1023,0,546,341,305,551,337,305,628,773,753,305,439
480,1023,0,413,1023,0,549,330,305,536,326,305,628,765,739,305,439
566,1023,0,367,1023,0,500,316,305,497,328,305,628,752,706,305,439
229,1023,0,159,1023,0,377,316,305,506,322,305,628,693,666,305,439
453,1023,0,323,1023,0,502,325,305,521,341,305,628,751,736,305,439
514,1023,0,512,1023,0,566,356,305,563,343,305,628,768,741,305,439
445,1023,0,447,1023,0,530,337,305,516,334,305,628,772,755,305,439
427,1023,0,288,1023,0,501,326,305,478,320,305,628,757,718,305,439
470,1023,0,340,1023,0,511,329,305,532,335,305,628,763,753,305,439
507,1023,0,329,1023,0,514,325,305,510,327,305,628,766,747,305,439
448,1023,0,429,1023,0,549,343,305,483,327,305,628,762,738,305,439
369,1023,0,287,1023,0,500,325,305,468,321,305,628,739,707,305,439
600,1023,0,461,1023,0,569,349,305,574,352,305,628,757,736,305,439
288,1023,0,165,1023,0,472,320,305,530,323,305,628,724,718,305,439
322,1023,0,128,1023,0,472,322,305,488,319,305,628,682,655,305,439
390,1023,0,415,1023,0,543,340,305,545,339,305,628,771,747,305,439
499,1023,0,437,1023,0,527,331,305,526,330,305,628,764,739,305,439
505,1023,0,391,1023,0,534,345,305,527,330,305,628,735,716,305,439
491,1023,0,454,1023,0,535,337,305,539,330,305,628,770,756,305,439
448,1023,0,395,1023,0,531,341,305,552,336,305,628,756,735,305,439
449,1023,0,332,1023,0,511,334,305,494,327,305,628,748,724,305,439
386,1023,0,297,1023,0,468,318,305,508,325,305,628,728,687,305,439
324,1023,0,150,1023,0,311,314,305,454,314,305,628,710,695,305,439
535,1023,0,298,1023,0,518,324,305,552,329,305,628,749,735,305,439
474,1023,0,361,1023,0,528,329,305,554,329,305,628,769,751,305,439
371,1023,0,428,1023,0,549,349,305,569,342,305,628,747,725,305,439
378,1023,0,207,1023,0,500,332,305,495,334,305,628,713,699,305,439
351,1023,0,241,1023,0,500,331,305,513,327,305,628,736,717,305,439
410,1023,0,309,1023,0,487,329,305,510,330,305,629,721,705,305,439
407,1023,0,231,1023,0,508,330,305,461,323,305,629,734,724,305,439
365,1023,0,220,1023,0,490,325,305,479,319,305,629,739,727,305,439
359,1023,0,124,1023,0,455,320,305,464,316,305,629,687,668,305,439
385,1023,0,374,1023,0,500,331,305,519,336,305,629,754,738,305,439
346,1023,0,229,1023,0,504,332,305,509,326,305,629,721,678,305,439
395,1023,0,429,1023,0,502,331,305,546,338,305,629,735,712,305,439
467,1023,0,464,1023,0,519,334,305,513,329,305,629,752,732,305,439
481,1023,0,396,1023,0,527,340,305,526,334,305,629,761,732,305,439
289,1023,0,172,1023,0,513,332,305,485,322,305,629,712,690,305,439
212,1023,0,184,1023,0,471,322,305,493,321,305,629,730,726,305,439
342,1023,0,257,1023,0,461,320,305,526,327,305,629,728,698,305,439
320,1023,0,304,1023,0,548,338,305,504,325,305,629,753,738,305,439
369,1023,0,353,1023,0,514,326,305,509,322,305,629,746,728,305,439
471,1023,0,500,1023,0,560,350,305,547,343,305,629,776,744,305,439
489,1023,0,332,1023,0,511,323,305,507,322,305,629,753,730,305,439
501,1023,0,305,1023,0,542,334,305,483,327,305,629,743,682,305,439
482,1023,0,251,1023,0,509,320,305,473,323,305,629,767,741,305,439
376,1023,0,357,1023,0,535,339,305,569,346,305,629,729,714,305,439
727,1023,0,637,1023,0,584,362,305,542,350,305,629,783,755,305,439
386,1023,0,301,1023,0,500,337,305,507,335,305,629,738,719,305,439
400,1023,0,302,1023,0,495,325,305,476,328,305,629,727,713,305,439
414,1023,0,272,1023,0,514,334,305,477,332,305,629,741,723,305,439
452,1023,0,321,1023,0,523,325,305,547,322,305,629,729,702,305,439
624,1023,0,573,1023,0,562,339,305,534,342,305,629,789,756,305,439
273,1023,0,122,1023,0,502,324,305,485,325,305,629,692,678,305,439
303,1023,0,194,1023,0,495,324,305,484,320,305,629,714,695,305,439
362,1023,0,341,1023,0,528,335,305,477,323,305,629,735,700,305,439
287,1023,0,252,1023,0,517,334,305,556,350,305,629,739,729,305,439
534,1023,0,417,1023,0,506,327,305,518,333,305,629,759,710,305,439
387,1023,0,234,1023,0,481,321,305,488,315,305,629,731,720,305,439
458,1023,0,452,1023,0,505,325,305,539,330,305,629,773,735,305,439
420,1023,0,318,1023,0,479,322,305,443,319,305,629,741,708,305,439
408,1023,0,294,1023,0,499,326,305,535,340,305,629,761,734,305,439
604,1023,0,391,1023,0,518,329,305,512,324,305,629,758,716,305,439
467,1023,0,424,1023,0,524,332,305,492,324,305,629,764,745,305,439
421,1023,0,456,1023,0,540,341,305,573,339,305,629,751,728,305,439
446,1023,0,515,1023,0,542,337,305,516,338,305,629,767,748,305,439
469,1023,0,410,1023,0,532,338,305,559,341,305,629,747,724,305,439
281,1023,0,117,1023,0,416,316,305,463,322,305,629,679,653,305,439
569,1023,0,425,1023,0,497,331,305,541,329,305,629,803,764,305,439
485,1023,0,453,1023,0,545,339,305,514,332,305,629,771,751,305,439
451,1023,0,332,1023,0,541,347,305,552,345,305,629,765,737,305,439
473,1023,0,442,1023,0,561,348,305,545,342,305,629,744,718,305,439
460,1023,0,515,1023,0,534,336,305,545,331,305,630,766,737,305,439
589,1023,0,536,1023,0,531,328,305,594,358,305,630,748,732,305,439
484,1023,0,437,1023,0,529,334,305,554,346,305,630,750,736,305,439
476,1023,0,294,1023,0,523,331,305,565,354,305,630,739,703,305,439
426,1023,0,363,1023,0,537,341,305,555,341,305,630,747,720,305,439
570,1023,0,480,1023,0,548,345,305,554,344,305,630,782,766,305,439
421,1023,0,283,1023,0,516,330,305,466,320,305,630,740,724,305,439
402,1023,0,287,1023,0,532,331,305,485,324,305,630,736,718,305,439
608,1023,0,526,1023,0,563,356,305,518,337,305,630,794,772,305,439
445,1023,0,438,1023,0,485,324,305,504,328,305,630,741,725,305,439
390,1023,0,383,1023,0,519,334,305,503,321,305,630,743,733,305,439
393,1023,0,330,1023,0,525,328,305,563,338,305,630,767,734,305,439
448,1023,0,350,1023,0,519,334,305,515,331,305,630,715,677,305,439
632,1023,0,478,1023,0,553,338,305,554,330,305,630,763,744,305,439
373,1023,0,447,1023,0,518,336,305,554,335,305,630,767,749,305,439
519,1023,0,462,1023,0,542,333,305,540,330,305,630,762,728,305,439
403,1023,0,402,1023,0,514,333,305,515,329,305,630,730,690,305,439
542,1023,0,391,1023,0,510,327,305,526,331,305,630,752,729,305,439
299,1023,0,232,1023,0,522,329,305,528,324,305,630,716,703,305,439
272,1023,0,253,1023,0,483,318,305,432,317,305,630,742,731,305,439
373,1023,0,296,1023,0,506,323,305,478,318,305,630,733,706,305,439
326,1023,0,168,1023,0,508,329,305,432,316,305,630,700,687,305,439
388,1023,0,274,1023,0,477,321,305,486,323,305,630,743,723,305,439
473,1023,0,352,1023,0,530,331,305,480,321,305,630,765,751,305,439
360,1023,0,459,1023,0,526,333,305,522,330,305,630,754,734,305,439
466,1023,0,364,1023,0,525,330,305,529,332,305,630,754,715,305,439
420,1023,0,369,1023,0,487,317,305,513,325,305,630,754,709,305,439
460,1023,0,359,1023,0,510,335,305,552,328,305,630,734,720,305,439
518,1023,0,364,1023,0,490,332,305,590,338,305,630,751,729,305,439
540,1023,0,422,1023,0,545,337,305,538,326,305,630,773,744,305,439
388,1023,0,278,1023,0,480,331,305,549,334,305,630,734,715,305,439
335,1023,0,354,1023,0,511,327,305,493,328,305,630,746,728,305,439
313,1023,0,163,1023,0,466,320,305,467,317,305,630,715,700,305,439
389,1023,0,220,1023,0,477,324,305,431,317,305,630,729,706,305,439
326,1023,0,255,1023,0,459,320,305,525,323,305,630,686,648,305,439
370,1023,0,297,1023,0,545,347,305,557,342,305,630,741,718,305,439
288,1023,0,177,1023,0,470,323,305,378,315,305,630,727,714,305,439
391,1023,0,342,1023,0,514,336,305,501,335,305,630,742,726,305,439
534,1023,0,578,1023,0,548,329,305,538,342,305,630,769,754,305,439
623,1023,0,460,1023,0,548,335,305,499,328,305,630,654,572,305,439
409,1023,0,345,1023,0,512,327,305,544,331,305,631,741,692,305,439
304,1023,0,365,1023,0,508,327,305,472,319,305,631,751,739,305,439
481,1023,0,496,1023,0,559,338,305,534,328,305,631,763,731,305,439
428,1023,0,243,1023,0,471,319,305,498,326,305,631,704,690,305,439
429,1023,0,292,1023,0,503,335,305,538,330,305,631,749,730,305,439
444,1023,0,362,1023,0,513,334,305,530,330,305,631,745,729,305,439
698,1023,0,657,1023,0,576,350,305,581,361,305,631,821,793,305,439
631,1023,0,529,1023,0,541,327,305,542,332,305,631,784,743,305,439
369,1023,0,239,1023,0,481,327,305,463,320,305,631,716,708,305,439
504,1023,0,523,1023,0,571,340,305,585,353,305,631,766,723,305,439
322,1023,0,247,1023,0,470,320,305,421,321,305,631,735,717,305,439
338,1023,0,286,1023,0,505,329,305,466,327,305,631,750,736,305,439
328,1023,0,137,1023,0,389,313,305,371,316,305,631,718,708,305,439
430,1023,0,388,1023,0,524,333,305,506,330,305,631,743,710,305,439
554,1023,0,390,1023,0,528,332,305,508,329,305,631,741,705,305,439
461,1023,0,426,1023,0,521,334,305,540,344,305,631,771,754,305,439
421,1023,0,360,1023,0,557,349,305,531,338,305,631,771,754,305,439
316,1023,0,258,1023,0,496,331,305,484,321,305,631,743,720,305,439
424,1023,0,342,1023,0,508,327,305,512,327,305,631,742,730,305,439
401,1023,0,334,1023,0,546,335,305,571,345,305,631,762,728,305,439
404,1023,0,384,1023,0,576,355,305,587,351,305,631,759,737,305,439
423,1023,0,234,1023,0,501,327,305,440,314,305,631,742,720,305,439
398,1023,0,222,1023,0,480,318,305,416,317,305,631,752,729,305,439
491,1023,0,338,1023,0,493,317,305,498,319,305,631,725,691,305,439
519,1023,0,443,1023,0,500,335,305,556,339,305,631,728,678,305,439
542,1023,0,485,1023,0,560,336,305,545,331,305,631,767,742,305,439
336,1023,0,286,1023,0,507,325,305,510,326,305,631,749,730,305,439
358,1023,0,215,1023,0,497,329,305,402,319,305,631,710,686,305,439
558,1023,0,431,1023,0,522,334,305,496,332,305,631,740,720,305,439
409,1023,0,388,1023,0,548,350,305,537,330,305,631,772,757,305,439
366,1023,0,314,1023,0,466,320,305,488,323,305,631,744,721,305,439
435,1023,0,197,1023,0,504,329,305,455,315,305,631,722,693,305,439
403,1023,0,499,1023,0,537,334,305,516,331,305,631,760,732,305,439
476,1023,0,220,1023,0,507,327,305,499,323,305,631,725,706,305,439
492,1023,0,301,1023,0,486,319,305,489,318,305,631,714,675,305,439
436,1023,0,499,1023,0,552,355,305,535,341,305,631,760,738,305,439
443,1023,0,446,1023,0,527,338,305,560,341,305,631,765,743,305,439
287,1023,0,324,1023,0,445,319,305,493,320,305,631,729,721,305,439
299,1023,0,149,1023,0,510,326,305,468,317,305,631,696,674,305,439
399,1023,0,384,1023,0,517,336,305,491,330,305,631,738,721,305,439
426,1023,0,239,1023,0,469,324,305,495,321,305,631,741,730,305,439
552,1023,0,336,1023,0,534,325,305,515,320,305,631,776,719,305,439
451,1023,0,313,1023,0,506,328,305,497,327,305,631,743,730,305,439
322,1023,0,296,1023,0,533,348,305,511,332,305,631,715,698,305,439
583,1023,0,512,1023,0,562,343,305,554,331,305,631,749,728,305,439
769,1023,0,621,1023,0,583,355,305,680,417,305,631,699,603,305,439
467,1023,0,226,1023,0,512,327,305,519,324,305,631,755,736,305,439
368,1023,0,246,1023,0,487,327,305,519,334,305,631,746,732,305,439
327,1023,0,299,1023,0,511,332,305,522,330,305,631,761,748,305,439
377,1023,0,325,1023,0,552,328,305,542,335,305,631,761,747,305,439
509,1023,0,501,1023,0,537,342,305,541,337,305,632,758,720,305,439
509,1023,0,517,1023,0,521,336,305,524,325,305,632,756,739,305,439
401,1023,0,490,1023,0,548,333,305,521,334,305,632,804,782,305,439
460,1023,0,342,1023,0,490,324,305,592,372,305,632,754,708,305,439
636,1023,0,698,1023,0,566,334,305,542,336,305,632,811,725,305,439
436,1023,0,271,1023,0,519,332,305,514,324,305,632,761,746,305,439
271,1023,0,349,1023,0,484,326,305,575,359,305,632,690,653,305,439
466,1023,0,471,1023,0,499,333,305,552,338,305,632,757,728,305,439
489,1023,0,307,1023,0,538,330,305,535,332,305,632,746,718,305,439
392,1023,0,366,1023,0,526,334,305,549,330,305,632,715,680,305,439
414,1023,0,289,1023,0,499,326,305,462,321,305,632,725,707,305,439
203,913,0,270,1023,0,538,330,305,539,330,305,632,640,575,305,439
407,1023,0,331,1023,0,519,323,305,648,530,305,632,763,743,305,439
480,1023,0,450,1023,0,546,339,305,546,338,305,632,762,732,305,439
325,1023,0,248,1023,0,583,333,305,556,332,305,632,714,698,305,439
411,1023,0,311,1023,0,519,327,305,522,332,305,632,745,704,305,439
527,1023,0,423,1023,0,583,363,305,578,357,305,632,786,765,305,439
326,1023,0,325,1023,0,514,329,305,503,328,305,632,734,694,305,439
452,1023,0,404,1023,0,534,332,305,519,327,305,632,730,709,305,439
322,1023,0,321,1023,0,550,338,305,522,337,305,632,740,719,305,439
376,1023,0,243,1023,0,520,334,305,572,347,305,632,753,736,305,439
379,1023,0,271,1023,0,516,330,305,496,324,305,632,721,697,305,439
363,1023,0,302,1023,0,511,333,305,480,328,305,632,745,734,305,439
421,1023,0,328,1023,0,491,322,305,497,320,305,632,760,728,305,439
325,1023,0,197,1023,0,502,327,305,582,360,305,632,727,702,305,439
461,1023,0,369,1023,0,529,335,305,489,326,305,632,777,740,305,439
385,1023,0,406,1023,0,561,345,305,528,345,305,632,757,738,305,439
312,1023,0,214,1023,0,530,337,305,542,336,305,632,707,693,305,439
386,1023,0,491,1023,0,556,340,305,497,325,305,632,755,736,305,439
585,1023,0,451,1023,0,540,335,305,547,333,305,632,761,737,305,439
347,1023,0,428,1023,0,548,338,305,545,331,305,632,768,750,305,439
405,1023,0,219,1023,0,471,315,305,440,316,305,632,699,682,305,439
400,1023,0,267,1023,0,487,324,305,530,330,305,632,709,675,305,439
422,1023,0,422,1023,0,497,324,305,530,328,305,632,760,745,305,439
387,1023,0,239,1023,0,515,332,305,517,325,305,632,716,704,305,439
477,1023,0,403,1023,0,512,329,305,545,337,305,632,739,711,305,439
453,1023,0,268,1023,0,503,330,305,522,324,305,632,751,730,305,439
409,1023,0,516,1023,0,549,332,305,570,351,305,632,790,760,305,439
577,1023,0,447,1023,0,545,329,305,602,353,305,632,764,745,305,439
399,1023,0,242,1023,0,467,322,305,493,322,305,632,732,724,305,439
509,1023,0,444,1023,0,547,340,305,554,343,305,632,769,747,305,439
438,1023,0,208,1023,0,488,319,305,526,322,305,632,751,735,305,439
380,1023,0,252,1023,0,512,332,305,499,330,305,632,740,727,305,439
468,1023,0,329,1023,0,511,329,305,498,321,305,632,753,737,305,439
434,1023,0,233,1023,0,528,335,305,449,325,305,632,729,715,305,439
323,1023,0,267,1023,0,507,333,305,491,321,305,632,741,730,305,439
351,1023,0,183,1023,0,464,325,305,370,319,305,632,701,686,305,439
475,1023,0,334,1023,0,562,346,305,543,335,305,632,765,743,305,439
501,1023,0,429,1023,0,508,334,305,514,326,305,632,745,724,305,439
319,1023,0,364,1023,0,524,340,305,533,335,305,632,762,748,305,439
446,1023,0,317,1023,0,511,324,305,604,377,305,632,729,700,305,439
342,1023,0,258,1023,0,493,325,305,476,319,305,632,737,726,305,439
367,1023,0,322,1023,0,458,320,305,512,323,305,632,752,718,305,439
436,1023,0,375,1023,0,507,325,305,580,340,305,632,758,713,305,439
408,1023,0,326,1023,0,505,325,305,517,323,305,632,722,680,305,439
362,1023,0,219,1023,0,467,315,305,200,314,305,632,691,674,305,439
280,1023,0,228,1023,0,518,335,305,487,323,305,632,743,732,305,439
474,1023,0,505,1023,0,533,343,305,635,407,305,633,743,721,305,439
333,1023,0,186,1023,0,448,320,305,538,328,305,633,680,667,305,439
381,1023,0,280,1023,0,556,333,305,528,327,305,633,738,725,305,439
468,1023,0,474,1023,0,547,337,305,571,339,305,633,701,621,305,439
721,1023,0,649,1023,0,571,335,305,612,340,305,633,820,761,305,439
425,1023,0,357,1023,0,536,331,305,470,325,305,633,733,721,305,439
601,1023,0,537,1023,0,581,355,305,607,354,305,633,824,776,305,439
375,1023,0,423,1023,0,522,328,305,540,333,305,633,685,628,305,439
500,1023,0,341,1023,0,500,325,305,476,317,305,633,753,729,305,439
381,1023,0,158,1023,0,465,315,305,413,313,305,633,680,659,305,439
384,1023,0,156,1023,0,516,326,305,0,315,305,633,730,719,305,439
304,1023,0,221,1023,0,495,328,305,492,322,305,633,699,682,305,439
435,1023,0,348,1023,0,544,330,305,540,329,305,633,669,611,305,439
690,1023,0,668,1023,0,580,365,305,562,352,305,633,786,764,305,439
372,1023,0,239,1023,0,546,342,305,532,332,305,633,735,724,305,439
446,1023,0,433,1023,0,541,336,305,568,338,305,633,784,752,305,439
494,1023,0,453,1023,0,531,338,305,545,331,305,633,760,734,305,439
507,1023,0,502,1023,0,544,344,305,545,338,305,633,737,698,305,439
518,1023,0,314,1023,0,502,327,305,485,325,305,633,752,725,305,439
429,1023,0,354,1023,0,501,335,305,507,335,305,633,756,744,305,439
417,1023,0,157,1023,0,464,320,305,491,320,305,633,653,622,305,439
515,1023,0,408,1023,0,523,326,305,536,331,305,633,752,697,305,439
455,1023,0,342,1023,0,500,329,305,560,340,305,633,704,664,305,439
397,1023,0,298,1023,0,503,329,305,507,326,305,633,763,746,305,439
371,1023,0,412,1023,0,495,323,305,470,324,305,633,745,716,305,439
504,1023,0,353,1023,0,504,323,305,569,337,305,633,754,727,305,439
327,1023,0,149,1023,0,602,369,305,531,326,305,633,725,709,305,439
267,1023,0,243,1023,0,542,342,305,532,324,305,633,761,752,305,439
413,1023,0,536,1023,0,532,332,305,577,338,305,633,783,768,305,439
343,1023,0,305,1023,0,547,345,305,573,338,305,633,754,746,305,439
286,1023,0,269,1023,0,487,318,305,533,322,305,633,739,711,305,439
532,1023,0,596,1023,0,529,330,305,579,338,305,633,782,733,305,439
441,1023,0,552,1023,0,539,342,305,551,350,305,633,767,740,305,439
380,1023,0,248,1023,0,482,328,305,484,318,305,633,740,730,305,439
460,1023,0,507,1023,0,564,348,305,573,344,305,633,760,721,305,439
384,1023,0,242,1023,0,476,324,305,515,321,305,633,734,710,305,439
342,1023,0,270,1023,0,467,322,305,467,320,305,633,732,719,305,439
371,1023,0,402,1023,0,541,347,305,564,351,305,633,734,699,305,439
318,1023,0,155,1023,0,453,317,305,308,316,305,633,705,685,305,439
405,1023,0,462,1023,0,553,340,305,558,335,305,633,762,723,305,439
442,1023,0,268,1023,0,537,337,305,0,328,305,633,765,752,305,439
432,1023,0,275,1023,0,467,318,305,523,332,305,633,733,693,305,439
514,1023,0,646,1023,0,573,352,305,578,340,305,633,765,736,305,439
339,1023,0,274,1023,0,473,327,305,483,331,305,633,754,729,305,439
370,1023,0,337,1023,0,514,332,305,532,327,305,633,752,732,305,439
311,1023,0,167,1023,0,423,313,305,477,317,305,633,687,660,305,439
369,1023,0,191,1023,0,474,316,305,497,324,305,633,727,691,305,439
201,900,0,278,1023,0,428,311,305,707,464,305,633,620,495,305,512
336,1023,0,242,1023,0,501,321,305,504,329,305,633,740,724,305,512
376,1023,0,194,1023,0,538,337,305,520,332,305,633,734,722,305,512
479,1023,0,306,1023,0,520,332,305,509,325,305,634,750,724,305,512
512,1023,0,365,1023,0,513,329,305,528,333,305,634,766,745,305,512
588,1023,0,682,1023,0,549,333,305,547,338,305,634,783,740,305,512
534,1023,0,670,1023,0,583,328,305,588,339,305,634,712,645,305,512
388,1023,0,425,1023,0,577,354,305,570,350,305,634,767,741,305,512
388,1023,0,282,1023,0,494,325,305,417,314,305,634,704,691,305,512
337,1023,0,144,1023,0,480,318,305,536,324,305,634,725,704,305,512
473,1023,0,270,1023,0,489,325,305,438,319,305,634,769,753,305,512
315,1023,0,274,1023,0,530,336,305,477,322,305,634,758,737,305,512
393,1023,0,390,1023,0,534,332,305,532,328,305,634,757,741,305,512
337,1023,0,155,1023,0,394,309,305,484,314,305,634,697,682,305,512
424,1023,0,336,1023,0,542,342,305,555,343,305,634,720,705,305,512
373,1023,0,286,1023,0,542,344,305,534,329,305,634,719,701,305,512
392,1023,0,231,1023,0,492,325,305,391,315,305,634,730,693,305,512
317,1023,0,338,1023,0,507,320,305,537,324,305,634,695,609,305,512
388,1023,0,155,1023,0,475,322,305,457,320,305,634,739,712,305,512
426,1023,0,291,1023,0,488,323,305,493,321,305,634,753,737,305,512
422,1023,0,415,1023,0,535,338,305,548,331,305,634,748,724,305,512
292,1023,0,169,1023,0,493,323,305,502,319,305,634,492,470,305,512
292,1023,0,247,1023,0,506,322,305,493,322,305,634,672,660,305,512
634,1023,0,620,1023,0,575,342,305,558,335,305,634,814,744,305,512
413,1023,0,410,1023,0,535,338,305,565,344,305,634,758,737,305,512
354,1023,0,215,1023,0,512,334,305,520,323,305,634,723,711,305,512
373,1023,0,477,1023,0,556,346,305,559,335,305,634,775,757,305,512
420,1023,0,324,1023,0,504,327,305,468,322,305,634,741,721,305,512
409,1023,0,264,1023,0,499,322,305,572,352,305,634,681,666,305,512
551,1023,0,615,1023,0,540,337,305,533,342,305,634,775,745,305,512
558,1023,0,396,1023,0,556,346,305,563,339,305,634,756,732,305,512
293,1023,0,364,1023,0,518,338,305,539,336,305,634,761,744,305,512
348,1023,0,251,1023,0,487,323,305,530,342,305,634,750,730,305,512
307,1023,0,135,1023,0,502,325,305,530,325,305,634,708,707,305,512
369,1023,0,323,1023,0,488,321,305,500,325,305,634,743,708,305,512
390,1023,0,280,1023,0,461,319,305,558,345,305,634,728,695,305,512
421,1023,0,256,1023,0,509,329,305,513,326,305,634,738,727,305,512
413,1023,0,324,1023,0,525,338,305,497,324,305,634,736,717,305,512
487,1023,0,554,1023,0,561,347,305,557,345,305,634,778,752,305,512
393,1023,0,242,1023,0,509,329,305,517,322,305,634,737,719,305,512
350,1023,0,255,1023,0,506,333,305,527,332,305,634,712,699,305,512
428,1023,0,300,1023,0,533,335,305,545,335,305,634,773,745,305,512
424,1023,0,326,1023,0,524,330,305,492,329,305,635,738,712,305,512
420,1023,0,487,1023,0,546,335,305,548,340,305,635,782,764,305,512
349,1023,0,378,1023,0,539,330,305,584,353,305,635,733,717,305,512
358,1023,0,376,1023,0,517,330,305,534,330,305,635,760,748,305,512
359,1023,0,315,1023,0,526,336,305,552,347,305,635,747,731,305,512
377,1023,0,314,1023,0,511,330,305,496,327,305,635,734,712,305,512
508,1023,0,464,1023,0,551,345,305,555,332,305,635,771,732,305,512
358,1023,0,182,1023,0,488,319,305,464,320,305,635,658,640,305,512
281,1023,0,341,1023,0,520,332,305,517,322,305,635,708,698,305,512
293,1023,0,139,1023,0,491,329,305,400,319,305,635,705,697,305,512
354,1023,0,193,1023,0,504,324,305,484,321,305,635,721,711,305,512
463,1023,0,319,1023,0,529,333,305,557,334,305,635,752,728,305,512
381,1023,0,219,1023,0,507,331,305,435,318,305,635,733,720,305,512
372,1023,0,266,1023,0,474,326,305,538,337,305,635,737,712,305,512
449,1023,0,609,1023,0,558,344,305,618,388,305,635,792,773,305,512
352,1023,0,250,1023,0,466,327,305,460,318,305,635,704,684,305,512
406,1023,0,293,1023,0,472,323,305,505,324,305,635,771,752,305,512
465,1023,0,309,1023,0,511,324,305,487,322,305,635,763,748,305,512
407,1023,0,321,1023,0,527,338,305,528,336,305,635,732,723,305,512
370,1023,0,222,1023,0,466,319,305,502,320,305,635,722,712,305,512
448,1023,0,406,1023,0,545,348,305,577,355,305,635,773,751,305,512
388,1023,0,223,1023,0,513,330,305,482,330,305,635,747,735,305,512
480,1023,0,401,1023,0,570,352,305,526,331,305,635,758,737,305,512
389,1023,0,463,1023,0,525,333,305,557,345,305,635,749,736,305,512
341,1023,0,293,1023,0,511,332,305,520,324,305,635,748,711,305,512
509,1023,0,424,1023,0,558,340,305,538,330,305,635,793,737,305,512
365,1023,0,328,1023,0,540,338,305,528,335,305,635,753,734,305,512
415,1023,0,293,1023,0,504,331,305,477,326,305,635,748,732,305,512
378,1023,0,414,1023,0,515,333,305,535,338,305,635,737,702,305,512
426,1023,0,259,1023,0,468,326,305,493,319,305,635,729,720,305,512
376,1023,0,257,1023,0,485,326,305,567,344,305,635,753,735,305,512
453,1023,0,389,1023,0,479,324,305,514,329,305,635,749,699,305,512
516,1023,0,582,1023,0,595,372,305,628,388,305,635,786,756,305,512
462,1023,0,355,1023,0,520,334,305,530,331,305,635,759,728,305,512
470,1023,0,296,1023,0,463,320,305,485,317,305,635,741,701,305,512
499,1023,0,279,1023,0,479,321,305,493,321,305,635,733,712,305,512
290,1023,0,281,1023,0,545,344,305,522,332,305,635,732,714,305,512
408,1023,0,346,1023,0,527,346,305,525,336,305,635,752,732,305,512
416,1023,0,531,1023,0,528,338,305,532,326,305,635,730,704,305,512
203,1023,0,240,1023,0,522,334,305,549,343,305,635,633,581,305,512
419,1023,0,204,1023,0,452,322,305,483,324,305,635,750,740,305,512
292,1023,0,426,1023,0,514,331,305,547,335,305,635,756,747,305,512
295,1023,0,156,1023,0,506,330,305,520,323,305,635,714,701,305,512
431,1023,0,344,1023,0,510,336,305,578,364,305,635,749,726,305,512
518,1023,0,345,1023,0,487,323,305,526,324,305,635,747,710,305,512
350,1023,0,226,1023,0,515,331,305,514,326,305,635,749,738,305,512
472,1023,0,329,1023,0,494,330,305,508,328,305,635,768,753,305,512
404,1023,0,429,1023,0,540,344,305,530,333,305,635,743,729,305,512
491,1023,0,393,1023,0,495,320,305,454,327,305,636,756,740,305,512
611,1023,0,352,1023,0,541,336,305,565,332,305,636,777,725,305,512
475,1023,0,461,1023,0,554,345,305,567,335,305,636,757,735,305,512
530,1023,0,344,1023,0,538,340,305,536,332,305,636,650,614,305,512
613,1023,0,603,1023,0,573,360,305,592,358,305,636,750,724,305,512
418,1023,0,540,1023,0,579,359,305,567,348,305,636,771,744,305,512
432,1023,0,410,1023,0,561,340,305,553,338,305,636,756,709,305,512
357,1023,0,189,1023,0,487,321,305,0,311,305,636,728,718,305,512
424,1023,0,283,1023,0,480,323,305,500,321,305,636,744,734,305,512
487,1023,0,500,1023,0,540,343,305,575,347,305,636,791,772,305,512
381,1023,0,345,1023,0,519,328,305,532,325,305,636,746,726,305,512
402,1023,0,275,1023,0,527,332,305,536,328,305,636,765,734,305,512
278,1023,0,436,1023,0,542,339,305,571,338,305,636,742,726,305,512
261,1023,0,148,1023,0,482,325,305,514,322,305,636,691,681,305,512
362,1023,0,250,1023,0,497,325,305,512,322,305,636,748,733,305,512
263,1023,0,344,1023,0,524,338,305,523,334,305,636,742,732,305,512
377,1023,0,320,1023,0,492,320,305,514,328,305,636,752,727,305,512
296,1023,0,326,1023,0,483,327,305,509,327,305,636,754,744,305,512
252,1023,0,185,1023,0,445,317,305,635,439,305,636,586,535,305,512
539,1023,0,336,1023,0,523,334,305,551,334,305,636,774,762,305,512
539,1023,0,543,1023,0,532,327,305,545,330,305,636,785,714,305,512
478,1023,0,166,1023,0,462,320,305,516,326,305,636,727,683,305,512
453,1023,0,459,1023,0,547,345,305,560,333,305,636,757,713,305,512
465,1023,0,267,1023,0,503,327,305,453,322,305,636,739,703,305,512
298,1023,0,201,1023,0,407,315,305,371,315,305,636,681,664,305,512
448,1023,0,454,1023,0,549,343,305,536,339,305,636,763,738,305,512
416,1023,0,486,1023,0,538,341,305,551,350,305,636,772,753,305,512
443,1023,0,220,1023,0,474,321,305,453,314,305,636,723,711,305,512
554,1023,0,501,1023,0,554,339,305,538,335,305,636,757,738,305,512
391,1023,0,323,1023,0,537,335,305,572,333,305,636,763,751,305,512
502,1023,0,469,1023,0,549,343,305,503,330,305,636,764,735,305,512
483,1023,0,349,1023,0,502,335,305,489,333,305,636,758,734,305,512
449,1023,0,434,1023,0,525,330,305,563,342,305,636,751,729,305,512
368,1023,0,196,1023,0,457,322,305,573,365,305,636,735,726,305,512
313,1023,0,163,1023,0,512,327,305,358,320,305,636,718,707,305,512
395,1023,0,263,1023,0,488,324,305,500,322,305,636,745,716,305,512
327,1023,0,246,1023,0,485,329,305,537,328,305,636,721,697,305,512
508,1023,0,338,1023,0,559,337,305,498,329,305,636,771,745,305,512
437,1023,0,427,1023,0,511,332,305,534,338,305,636,759,742,305,512
441,1023,0,509,1023,0,551,340,305,541,332,305,636,787,765,305,512
494,1023,0,630,1023,0,609,389,305,597,374,305,636,768,737,305,512
686,1023,0,387,1023,0,533,330,305,515,336,305,636,786,730,305,512
634,1023,0,656,1023,0,569,335,305,590,338,305,636,803,767,305,512
340,1023,0,263,1023,0,495,330,305,517,327,305,636,729,709,305,512
420,1023,0,208,1023,0,515,340,305,461,327,305,636,733,717,305,512
399,1023,0,451,1023,0,543,338,305,534,333,305,636,768,741,305,512
319,1023,0,232,1023,0,530,342,305,528,336,305,636,750,736,305,512
418,1023,0,368,1023,0,468,326,305,522,320,305,636,719,704,305,512
356,1023,0,193,1023,0,530,334,305,544,329,305,636,719,705,305,512
336,1023,0,297,1023,0,543,326,305,517,330,305,636,740,730,305,512
362,1023,0,261,1023,0,537,334,305,566,340,305,636,736,720,305,512
424,1023,0,300,1023,0,521,324,305,508,325,305,636,750,743,305,512
418,1023,0,219,1023,0,485,329,305,514,329,305,636,743,732,305,512
391,1023,0,448,1023,0,558,360,305,579,356,305,636,777,764,305,512
512,1023,0,474,1023,0,535,338,305,564,346,305,636,777,765,305,512
366,1023,0,213,1023,0,440,322,305,459,317,305,636,714,699,305,512
322,1023,0,259,1023,0,466,317,305,592,351,305,636,716,690,305,512
410,1023,0,356,1023,0,506,332,305,500,325,305,636,752,737,305,512
458,1023,0,479,1023,0,559,342,305,552,335,305,636,782,746,305,512
448,1023,0,378,1023,0,519,334,305,522,336,305,636,768,751,305,512
368,1023,0,293,1023,0,501,323,305,536,326,305,636,742,733,305,512
464,1023,0,346,1023,0,532,338,305,517,336,305,636,769,750,305,512
616,1023,0,382,1023,0,561,353,305,594,353,305,636,769,744,305,512
471,1023,0,357,1023,0,549,332,305,547,329,305,636,757,742,305,512
587,1023,0,513,1023,0,559,343,305,593,361,305,636,785,753,305,512
473,1023,0,372,1023,0,536,335,305,487,326,305,637,735,700,305,512
455,1023,0,477,1023,0,548,343,305,544,333,305,637,769,751,305,512
449,1023,0,375,1023,0,584,363,305,548,351,305,637,821,807,305,512
418,1023,0,374,1023,0,518,336,305,516,336,305,637,776,756,305,512
249,1023,0,182,1023,0,488,323,305,497,323,305,637,679,652,305,512
489,1023,0,365,1023,0,535,334,305,559,339,305,637,742,724,305,512
491,1023,0,373,1023,0,546,340,305,529,328,305,637,757,742,305,512
407,1023,0,449,1023,0,525,333,305,524,330,305,637,765,735,305,512
481,1023,0,385,1023,0,550,333,305,553,346,305,637,759,730,305,512
459,1023,0,420,1023,0,475,326,305,511,324,305,637,761,723,305,512
293,1023,0,162,1023,0,515,329,305,501,322,305,637,678,672,305,512
682,1023,0,711,1023,0,558,343,305,590,358,305,637,776,742,305,512
368,1023,0,260,1023,0,513,328,305,473,326,305,637,723,697,305,512
414,1023,0,224,1023,0,508,329,305,483,326,305,637,737,725,305,512
366,1023,0,189,1023,0,418,315,305,290,320,305,637,705,690,305,512
322,1023,0,156,1023,0,479,323,305,441,316,305,637,689,671,305,512
463,1023,0,283,1023,0,498,330,305,490,323,305,637,712,700,305,512
230,1023,0,160,1023,0,446,311,305,482,318,305,637,468,419,305,512
630,1023,0,453,1023,0,559,345,305,566,343,305,637,772,740,305,512
465,1023,0,395,1023,0,505,325,305,557,335,305,637,765,751,305,512
619,1023,0,443,1023,0,525,326,305,552,330,305,637,784,759,305,512
236,1023,0,268,1023,0,509,332,305,524,326,305,637,747,738,305,512
271,1023,0,264,1023,0,531,335,305,535,334,305,637,735,713,305,512
489,1023,0,512,1023,0,521,338,305,549,342,305,637,771,746,305,512
459,1023,0,381,1023,0,538,348,305,486,343,305,637,758,732,305,512
667,1023,0,377,1023,0,576,345,305,554,331,305,637,771,746,305,512
417,1023,0,550,1023,0,563,357,305,551,341,305,637,769,749,305,512
407,1023,0,288,1023,0,557,335,305,536,338,305,637,704,682,305,512
393,1023,0,385,1023,0,536,332,305,527,327,305,637,757,730,305,512
480,1023,0,324,1023,0,519,325,305,542,330,305,637,761,737,305,512
492,1023,0,450,1023,0,514,332,305,538,332,305,637,757,728,305,512
468,1023,0,394,1023,0,511,331,305,486,331,305,637,783,765,305,512
468,1023,0,317,1023,0,506,331,305,405,320,305,637,764,724,305,512
377,1023,0,274,1023,0,526,334,305,527,334,305,637,720,703,305,512
428,1023,0,179,1023,0,513,330,305,535,331,305,637,712,698,305,512
527,1023,0,339,1023,0,514,330,305,522,330,305,637,749,719,305,512
427,1023,0,273,1023,0,475,320,305,470,316,305,637,717,700,305,512
348,1023,0,275,1023,0,457,325,305,515,324,305,637,720,707,305,512
590,1023,0,483,1023,0,517,328,305,556,339,305,637,766,722,305,512
604,1023,0,540,1023,0,572,345,305,625,412,305,637,777,751,305,512
762,1023,0,662,1023,0,583,341,305,592,334,305,637,821,747,305,512
441,1023,0,391,1023,0,529,338,305,561,344,305,637,760,730,305,512
754,1023,0,602,1023,0,511,327,305,648,393,305,637,765,702,305,512
496,1023,0,385,1023,0,504,322,305,558,344,305,637,739,704,305,512
427,1023,0,269,1023,0,505,327,305,519,325,305,637,736,712,305,512
251,1023,0,210,1023,0,518,339,305,587,358,305,637,692,680,305,512
366,1023,0,226,1023,0,514,326,305,499,327,305,637,745,735,305,512
491,1023,0,466,1023,0,522,338,305,537,330,305,637,776,751,305,512
551,1023,0,451,1023,0,552,344,305,563,345,305,637,757,741,305,512
655,1023,0,586,1023,0,607,371,305,587,366,305,637,818,788,305,512
314,1023,0,166,1023,0,472,319,305,496,322,305,637,652,639,305,512
458,1023,0,395,1023,0,513,328,305,551,339,305,637,760,749,305,512
520,1023,0,425,1023,0,547,336,305,538,332,305,637,772,754,305,512
524,1023,0,452,1023,0,520,336,305,521,334,305,637,775,757,305,512
451,1023,0,291,1023,0,534,334,305,454,323,305,637,735,718,305,512
482,1023,0,317,1023,0,508,331,305,496,321,305,637,765,738,305,512
398,1023,0,234,1023,0,501,324,305,493,324,305,637,741,710,305,512
494,1023,0,517,1023,0,537,337,305,570,339,305,637,767,749,305,512
372,1023,0,358,1023,0,483,321,305,499,328,305,638,754,734,305,512
246,1023,0,159,1023,0,426,320,305,634,430,305,638,536,503,305,512
343,1023,0,256,1023,0,511,329,305,445,318,305,638,750,736,305,512
349,1023,0,218,1023,0,531,345,305,506,328,305,638,708,684,305,512
359,1023,0,329,1023,0,500,327,305,491,321,305,638,733,725,305,512
350,1023,0,272,1023,0,500,322,305,488,324,305,638,728,713,305,512
433,1023,0,359,1023,0,510,327,305,549,349,305,638,715,674,305,512
471,1023,0,416,1023,0,532,339,305,512,333,305,638,756,732,305,512
479,1023,0,562,1023,0,541,346,305,544,338,305,638,823,790,305,512
381,1023,0,301,1023,0,500,332,305,473,319,305,638,733,702,305,512
430,1023,0,265,1023,0,515,340,305,526,330,305,638,722,712,305,512
354,1023,0,277,1023,0,556,356,305,531,343,305,638,747,734,305,512
542,1023,0,518,1023,0,541,338,305,544,348,305,638,776,741,305,512
706,1023,0,641,1023,0,585,344,305,595,343,305,638,819,749,305,512
410,1023,0,226,1023,0,503,329,305,487,322,305,638,683,653,305,512
763,1023,0,578,1023,0,567,337,305,572,338,305,638,791,772,305,512
325,1023,0,217,1023,0,470,325,305,470,329,305,638,731,705,305,512
285,1023,0,365,1023,0,506,326,305,521,331,305,638,740,720,305,512
330,1023,0,219,1023,0,478,318,305,472,320,305,638,696,676,305,512
331,1023,0,329,1023,0,509,329,305,526,335,305,638,747,735,305,512
460,1023,0,320,1023,0,523,340,305,528,338,305,638,741,719,305,512
491,1023,0,615,1023,0,552,342,305,552,338,305,638,783,758,305,512
385,1023,0,224,1023,0,496,324,305,429,320,305,638,715,698,305,512
389,1023,0,287,1023,0,505,324,305,503,322,305,638,737,704,305,512
654,1023,0,596,1023,0,553,341,305,525,334,305,638,807,735,305,512
510,1023,0,365,1023,0,514,329,305,506,329,305,638,755,737,305,512
491,1023,0,413,1023,0,532,323,305,561,339,305,638,784,767,305,512
440,1023,0,550,1023,0,545,350,305,554,340,305,638,793,762,305,512
368,1023,0,230,1023,0,494,327,305,459,322,305,638,731,700,305,512
561,1023,0,235,1023,0,482,324,305,425,322,305,638,763,751,305,512
404,1023,0,442,1023,0,535,334,305,511,331,305,638,771,751,305,512
480,1023,0,480,1023,0,560,346,305,526,340,305,638,768,752,305,512
462,1023,0,364,1023,0,523,328,305,543,330,305,638,763,740,305,512
388,1023,0,375,1023,0,535,344,305,575,354,305,638,762,740,305,512
406,1023,0,223,1023,0,491,318,305,509,324,305,638,729,689,305,512
417,1023,0,393,1023,0,556,352,305,570,359,305,638,763,745,305,512
500,1023,0,320,1023,0,517,336,305,466,329,305,638,747,731,305,512
401,1023,0,257,1023,0,489,316,305,450,313,305,638,685,645,305,512
450,1023,0,376,1023,0,539,345,305,540,339,305,638,726,704,305,512
372,1023,0,238,1023,0,467,319,305,518,327,305,638,745,715,305,512
446,1023,0,275,1023,0,532,342,305,486,323,305,638,743,734,305,512
324,1023,0,194,1023,0,510,323,305,506,329,305,638,734,715,305,512
626,1023,0,409,1023,0,587,331,305,564,330,305,638,777,735,305,512
484,1023,0,647,1023,0,573,357,305,578,351,305,638,782,756,305,512
384,1023,0,339,1023,0,513,325,305,527,328,305,638,753,719,305,512
272,1023,0,162,1023,0,464,318,305,526,319,305,638,725,709,305,512
352,1023,0,199,1023,0,423,319,305,479,320,305,638,738,725,305,512
412,1023,0,377,1023,0,523,332,305,555,339,305,638,739,720,305,512
367,1023,0,191,1023,0,509,328,305,514,325,305,638,734,718,305,512
388,1023,0,351,1023,0,518,337,305,512,332,305,638,764,750,305,512
311,1023,0,232,1023,0,468,321,305,490,320,305,638,717,703,305,512
369,1023,0,387,1023,0,537,337,305,539,331,305,638,745,714,305,512
334,1023,0,187,1023,0,484,329,305,481,319,305,638,743,731,305,512
495,1023,0,394,1023,0,476,323,305,518,323,305,638,780,761,305,512
541,1023,0,501,1023,0,504,333,305,533,334,305,638,768,712,305,512
420,1023,0,362,1023,0,499,326,305,537,328,305,639,770,741,305,512
524,1023,0,304,1023,0,526,331,305,549,339,305,639,805,731,305,512
265,1023,0,148,1023,0,474,321,305,444,322,305,639,718,712,305,512
349,1023,0,327,1023,0,542,328,305,513,332,305,639,705,668,305,512
530,1023,0,418,1023,0,519,338,305,502,330,305,639,762,739,305,512
399,1023,0,390,1023,0,504,320,305,514,331,305,639,735,706,305,512
438,1023,0,454,1023,0,541,332,305,534,338,305,639,732,718,305,512
321,1023,0,244,1023,0,499,329,305,448,319,305,639,744,732,305,512
435,1023,0,255,1023,0,528,332,305,521,323,305,639,756,737,305,512
689,1023,0,599,1023,0,538,326,305,587,339,305,639,792,729,305,512
326,1023,0,179,1023,0,513,326,305,470,318,305,639,719,690,305,512
398,1023,0,560,1023,0,545,341,305,535,347,305,639,779,763,305,512
521,1023,0,381,1023,0,508,331,305,515,335,305,639,770,734,305,512
317,1023,0,292,1023,0,465,317,305,647,378,305,639,748,722,305,512
450,1023,0,364,1023,0,549,344,305,531,333,305,639,756,733,305,512
444,1023,0,367,1023,0,489,328,305,523,332,305,639,746,730,305,512
395,1023,0,407,1023,0,542,337,305,562,345,305,639,774,763,305,512
459,1023,0,472,1023,0,513,330,305,527,330,305,639,767,744,305,512
682,1023,0,564,1023,0,535,333,305,575,341,305,639,783,743,305,512
387,1023,0,208,1023,0,503,323,305,488,324,305,639,713,680,305,512
322,1023,0,278,1023,0,514,331,305,525,329,305,639,755,729,305,512
701,1023,0,472,1023,0,536,334,305,556,332,305,639,790,717,305,512
446,1023,0,546,1023,0,539,339,305,562,351,305,639,779,763,305,512
648,1023,0,568,1023,0,568,344,305,575,336,305,639,774,725,305,512
351,1023,0,184,1023,0,448,313,305,457,314,305,639,734,721,305,512
339,1023,0,396,1023,0,547,341,305,573,355,305,639,740,717,305,512
457,1023,0,396,1023,0,593,378,305,576,363,305,639,733,719,305,512
338,1023,0,202,1023,0,481,329,305,491,328,305,639,715,708,305,512
350,1023,0,270,1023,0,476,328,305,508,320,305,639,721,706,305,512
508,1023,0,306,1023,0,528,333,305,545,326,305,639,772,733,305,512
509,1023,0,493,1023,0,533,334,305,587,342,305,639,751,710,305,512
320,1023,0,246,1023,0,481,326,305,442,317,305,639,736,730,305,512
461,1023,0,294,1023,0,518,337,305,475,328,305,639,733,716,305,512
468,1023,0,314,1023,0,532,335,305,540,335,305,639,763,748,305,512
363,1023,0,235,1023,0,510,326,305,489,324,305,639,735,721,305,512
361,1023,0,308,1023,0,489,325,305,497,325,305,639,748,736,305,512
476,1023,0,401,1023,0,573,364,305,593,357,305,639,758,731,305,512
381,1023,0,161,1023,0,496,332,305,514,334,305,639,728,712,305,512
276,1023,0,189,1023,0,533,341,305,519,334,305,639,720,708,305,512
365,1023,0,263,1023,0,517,333,305,571,346,305,639,756,736,305,512
397,1023,0,252,1023,0,466,316,305,477,318,305,639,741,731,305,512
362,1023,0,207,1023,0,517,329,305,521,318,305,639,715,673,305,512
423,1023,0,269,1023,0,502,330,305,548,336,305,639,753,742,305,512
447,1023,0,535,1023,0,550,350,305,561,340,305,639,784,770,305,512
345,1023,0,301,1023,0,497,323,305,458,321,305,639,723,715,305,512
326,1023,0,240,1023,0,487,328,305,517,327,305,640,709,686,305,512
459,1023,0,341,1023,0,512,329,305,556,330,305,640,752,725,305,512
368,1023,0,165,1023,0,459,326,305,487,327,305,640,709,692,305,512
352,1023,0,144,1023,0,502,322,305,468,317,305,640,667,639,305,512
376,1023,0,282,1023,0,489,323,305,477,325,305,640,728,715,305,512
339,1023,0,147,1023,0,493,322,305,495,331,305,640,709,684,305,512
458,1023,0,357,1023,0,527,331,305,558,332,305,640,753,734,305,512
358,1023,0,258,1023,0,439,316,305,481,322,305,640,735,721,305,512
337,1023,0,183,1023,0,483,318,305,522,332,305,640,711,687,305,512
429,1023,0,536,1023,0,545,337,305,544,334,305,640,771,732,305,512
382,1023,0,236,1023,0,498,321,305,527,331,305,640,690,673,305,512
599,1023,0,645,1023,0,581,352,305,586,350,305,640,806,779,305,512
512,1023,0,463,1023,0,538,332,305,547,331,305,640,771,730,305,512
421,1023,0,257,1023,0,562,333,305,574,334,305,640,761,739,305,512
711,1023,0,699,1023,0,576,335,305,606,335,305,640,834,757,305,512
264,1023,0,279,1023,0,529,342,305,505,327,305,640,748,729,305,512
402,1023,0,316,1023,0,528,331,305,542,334,305,640,747,727,305,512
395,1023,0,160,1023,0,492,319,305,431,317,305,640,715,700,305,512
328,1023,0,296,1023,0,528,337,305,486,325,305,640,728,718,305,512
404,1023,0,327,1023,0,522,336,305,473,327,305,640,752,736,305,512
447,1023,0,290,1023,0,534,336,305,535,329,305,640,729,712,305,512
407,1023,0,432,1023,0,569,362,305,570,357,305,640,750,730,305,512
456,1023,0,283,1023,0,498,331,305,509,325,305,640,752,738,305,512
419,1023,0,331,1023,0,508,328,305,623,401,305,640,719,688,305,512
413,1023,0,411,1023,0,494,329,305,580,357,305,640,773,758,305,512
452,1023,0,301,1023,0,542,337,305,338,332,305,640,745,734,305,512
386,1023,0,352,1023,0,509,330,305,459,329,305,640,756,741,305,512
460,1023,0,411,1023,0,508,327,305,511,328,305,640,778,754,305,512
460,1023,0,289,1023,0,521,330,305,450,329,305,640,752,732,305,512
394,1023,0,344,1023,0,542,337,305,534,334,305,640,773,747,305,512
664,1023,0,488,1023,0,538,331,305,531,329,305,640,790,713,305,512
436,1023,0,430,1023,0,549,340,305,555,333,305,640,778,749,305,512
454,1023,0,417,1023,0,527,335,305,528,330,305,640,744,720,305,512
457,1023,0,345,1023,0,511,325,305,537,333,305,640,737,706,305,512
723,1023,0,652,1023,0,538,338,305,563,333,305,640,797,758,305,512
378,1023,0,321,1023,0,570,345,305,567,332,305,640,755,743,305,512
561,1023,0,591,1023,0,581,350,305,599,355,305,640,787,741,305,512
360,1023,0,394,1023,0,534,337,305,543,337,305,640,756,728,305,512
320,1023,0,331,1023,0,547,363,305,569,349,305,640,773,764,305,512
648,1023,0,364,1023,0,523,323,305,557,329,305,640,765,693,305,512
424,1023,0,275,1023,0,525,332,305,509,325,305,640,764,747,305,512
552,1023,0,418,1023,0,496,333,305,550,328,305,640,761,728,305,512
387,1023,0,290,1023,0,504,324,305,479,320,305,640,762,751,305,512
687,1023,0,506,1023,0,550,337,305,584,346,305,640,774,723,305,512
307,1023,0,171,1023,0,413,316,305,493,320,305,640,678,631,305,512
386,1023,0,403,1023,0,565,348,305,543,341,305,640,751,730,305,512
358,1023,0,200,1023,0,435,313,305,503,321,305,640,731,725,305,512
495,1023,0,411,1023,0,525,336,305,565,336,305,640,769,735,305,512
328,1023,0,234,1023,0,504,329,305,502,327,305,640,729,703,305,512
526,1023,0,307,1023,0,517,330,305,493,321,305,640,761,747,305,512
408,1023,0,308,1023,0,534,330,305,565,351,305,640,753,740,305,512
401,1023,0,232,1023,0,514,329,305,516,328,305,640,727,708,305,512
429,1023,0,229,1023,0,465,322,305,473,321,305,640,736,704,305,512
332,1023,0,283,1023,0,534,337,305,527,332,305,641,729,709,305,512
405,1023,0,260,1023,0,537,346,305,549,345,305,641,736,717,305,512
346,1023,0,162,1023,0,543,330,305,423,315,305,641,688,672,305,512
429,1023,0,448,1023,0,550,336,305,540,335,305,641,776,758,305,512
402,1023,0,295,1023,0,512,329,305,546,333,305,641,741,725,305,512
470,1023,0,304,1023,0,516,336,305,512,322,305,641,761,747,305,512
509,1023,0,515,1023,0,563,346,305,574,348,305,641,776,761,305,512
451,1023,0,351,1023,0,516,331,305,520,334,305,641,757,738,305,512
311,1023,0,187,1023,0,388,318,305,498,321,305,641,703,688,305,512
452,1023,0,397,1023,0,514,327,305,555,336,305,641,742,718,305,512
384,1023,0,222,1023,0,488,320,305,522,325,305,641,737,719,305,512
403,1023,0,204,1023,0,459,319,305,532,325,305,641,748,721,305,512
445,1023,0,411,1023,0,537,339,305,537,332,305,641,738,696,305,512
356,1023,0,356,1023,0,531,343,305,501,328,305,641,749,725,305,512
333,1023,0,226,1023,0,529,332,305,479,328,305,641,708,698,305,512
419,1023,0,193,1023,0,509,327,305,413,316,305,641,726,714,305,512
330,1023,0,249,1023,0,521,331,305,490,326,305,641,742,724,305,512
362,1023,0,171,1023,0,434,316,305,436,314,305,641,707,701,305,512
527,1023,0,490,1023,0,556,338,305,608,367,305,641,769,732,305,512
411,1023,0,315,1023,0,520,334,305,530,335,305,641,720,674,305,512
387,1023,0,439,1023,0,524,339,305,550,342,305,641,752,709,305,512
359,1023,0,230,1023,0,521,339,305,527,335,305,641,746,737,305,512
564,1023,0,632,1023,0,579,355,305,665,426,305,641,813,774,305,512
448,1023,0,340,1023,0,529,337,305,526,333,305,641,774,760,305,512
300,1023,0,295,1023,0,491,327,305,474,329,305,641,740,718,305,512
376,1023,0,185,1023,0,461,321,305,462,320,305,641,736,721,305,512
399,1023,0,190,1023,0,498,325,305,367,322,305,641,724,709,305,512
355,1023,0,223,1023,0,495,329,305,474,323,305,641,461,413,305,512
556,1023,0,372,1023,0,557,348,305,517,338,305,641,750,731,305,512
349,1023,0,190,1023,0,507,327,305,499,331,305,641,751,730,305,512
512,1023,0,407,1023,0,504,332,305,512,330,305,641,764,728,305,512
312,1023,0,377,1023,0,475,327,305,526,335,305,641,768,760,305,512
404,1023,0,212,1023,0,509,323,305,531,329,305,641,754,735,305,512
417,1023,0,187,1023,0,525,343,305,503,326,305,641,741,721,305,512
386,1023,0,308,1023,0,498,328,305,484,324,305,641,740,727,305,512
317,1023,0,146,1023,0,478,324,305,418,314,305,641,723,698,305,512
458,1023,0,469,1023,0,530,336,305,477,327,305,641,747,723,305,512
412,1023,0,252,1023,0,474,316,305,476,317,305,641,747,725,305,512
684,1023,0,476,1023,0,551,330,305,523,325,305,641,795,737,305,512
387,1023,0,320,1023,0,524,335,305,526,326,305,641,733,707,305,512
367,1023,0,187,1023,0,408,318,305,496,316,305,641,714,679,305,512
582,1023,0,530,1023,0,570,352,305,539,335,305,641,755,737,305,512
394,1023,0,288,1023,0,500,323,305,481,328,305,641,730,708,305,512
388,1023,0,305,1023,0,507,327,305,645,442,305,641,756,737,305,512
697,1023,0,463,1023,0,514,327,305,563,340,305,641,799,751,305,512
371,1023,0,171,1023,0,503,326,305,479,322,305,641,715,700,305,512
390,1023,0,323,1023,0,509,331,305,491,321,305,641,720,701,305,512
305,1023,0,213,1023,0,497,326,305,513,325,305,641,719,701,305,512
617,1023,0,655,1023,0,521,332,305,549,329,305,641,786,763,305,512
473,1023,0,298,1023,0,506,329,305,501,323,305,641,738,722,305,512
576,1023,0,364,1023,0,576,339,305,560,340,305,642,782,759,305,512
297,1023,0,292,1023,0,513,333,305,495,329,305,642,746,729,305,512
439,1023,0,312,1023,0,536,343,305,526,330,305,642,769,751,305,512
354,1023,0,215,1023,0,471,321,305,497,321,305,642,723,667,305,512
356,1023,0,230,1023,0,507,331,305,455,328,305,642,712,700,305,512
513,1023,0,561,1023,0,536,333,305,537,336,305,642,768,746,305,512
379,1023,0,200,1023,0,477,323,305,533,327,305,642,710,681,305,512
620,1023,0,560,1023,0,536,336,305,550,330,305,642,792,766,305,512
464,1023,0,365,1023,0,502,329,305,622,428,305,642,755,738,305,512
299,1023,0,269,1023,0,498,330,305,454,327,305,642,718,700,305,512
544,1023,0,414,1023,0,548,336,305,575,335,305,642,761,723,305,512
537,1023,0,336,1023,0,521,331,305,523,324,305,642,774,762,305,512
376,1023,0,356,1023,0,494,329,305,543,335,305,642,765,744,305,512
491,1023,0,374,1023,0,544,342,305,513,325,305,642,766,743,305,512
271,1023,0,212,1023,0,505,324,305,532,325,305,642,550,522,305,512
510,1023,0,371,1023,0,543,339,305,569,343,305,642,767,749,305,512
345,1023,0,179,1023,0,517,322,305,466,319,305,642,691,665,305,512
475,1023,0,462,1023,0,529,333,305,615,374,305,642,777,741,305,512
420,1023,0,569,1023,0,572,348,305,559,338,305,642,761,744,305,512
606,1023,0,670,1023,0,561,345,305,578,344,305,642,828,777,305,512
275,1023,0,167,1023,0,466,318,305,525,325,305,642,683,668,305,512
546,1023,0,398,1023,0,554,342,305,571,338,305,642,765,747,305,512
371,1023,0,224,1023,0,463,325,305,455,318,305,642,731,719,305,512
417,1023,0,297,1023,0,471,323,305,479,322,305,642,749,731,305,512
399,1023,0,308,1023,0,483,322,305,462,323,305,642,739,699,305,512
570,1023,0,351,1023,0,548,329,305,579,348,305,642,751,728,305,512
363,1023,0,229,1023,0,480,325,305,417,318,305,642,730,694,305,512
377,1023,0,317,1023,0,509,329,305,496,333,305,642,732,721,305,512
507,1023,0,304,1023,0,483,330,305,492,321,305,642,722,671,305,512
462,1023,0,354,1023,0,545,342,305,525,329,305,642,754,738,305,512
371,1023,0,239,1023,0,502,331,305,531,329,305,642,701,680,305,512
453,1023,0,373,1023,0,548,334,305,539,337,305,642,741,719,305,512
404,1023,0,508,1023,0,560,344,305,587,346,305,642,694,654,305,512
372,1023,0,371,1023,0,505,327,305,504,327,305,642,742,723,305,512
738,1023,0,576,1023,0,569,335,305,576,341,305,642,813,755,305,512
424,1023,0,377,1023,0,538,334,305,564,347,305,642,753,737,305,512
362,1023,0,249,1023,0,518,334,305,528,331,305,642,745,734,305,512
403,1023,0,433,1023,0,517,342,305,505,327,305,642,756,742,305,512
363,1023,0,333,1023,0,514,333,305,538,329,305,642,743,713,305,512
459,1023,0,368,1023,0,527,344,305,558,338,305,642,753,743,305,512
390,1023,0,127,1023,0,471,317,305,626,436,305,642,661,626,305,512
544,1023,0,422,1023,0,534,334,305,538,332,305,642,779,756,305,512
306,1023,0,199,1023,0,448,319,305,384,313,305,642,690,681,305,512
378,1023,0,402,1023,0,525,330,305,521,327,305,642,747,724,305,512
459,1023,0,368,1023,0,541,337,305,448,330,305,642,744,729,305,512
385,1023,0,376,1023,0,525,332,305,511,326,305,642,758,726,305,512
327,1023,0,416,1023,0,540,332,305,542,327,305,642,675,607,305,512
493,1023,0,397,1023,0,543,340,305,533,332,305,642,772,751,305,512
333,1023,0,308,1023,0,520,327,305,545,333,305,642,754,739,305,512
314,1023,0,171,1023,0,438,318,305,464,319,305,642,685,674,305,512
391,1023,0,256,1023,0,485,323,305,499,327,305,642,734,725,305,512
392,1023,0,391,1023,0,553,348,305,536,336,305,643,755,740,305,512
359,1023,0,195,1023,0,495,326,305,517,321,305,643,724,711,305,512
498,1023,0,616,1023,0,572,354,305,569,347,305,643,762,720,305,512
462,1023,0,365,1023,0,503,326,305,540,331,305,643,774,756,305,512
467,1023,0,254,1023,0,484,319,305,493,318,305,643,749,697,305,512
307,1023,0,143,1023,0,504,323,305,536,332,305,643,723,710,305,512
493,1023,0,343,1023,0,553,343,305,505,321,305,643,762,744,305,512
424,1023,0,477,1023,0,545,344,305,530,333,305,643,761,743,305,512
642,1023,0,679,1023,0,569,349,305,552,337,305,643,784,752,305,512
635,1023,0,647,1023,0,594,368,305,604,357,305,643,805,774,305,512
360,1023,0,248,1023,0,485,319,305,522,330,305,643,738,692,305,512
554,1023,0,277,1023,0,525,331,305,536,332,305,643,767,737,305,512
554,1023,0,484,1023,0,527,337,305,557,337,305,643,773,754,305,512
419,1023,0,210,1023,0,505,324,305,361,314,305,643,733,722,305,512
413,1023,0,198,1023,0,445,323,305,512,324,305,643,733,725,305,512
380,1023,0,261,1023,0,467,317,305,471,316,305,643,713,678,305,512
509,1023,0,407,1023,0,527,332,305,509,329,305,643,775,740,305,512
451,1023,0,453,1023,0,542,337,305,535,336,305,643,769,749,305,512
553,1023,0,490,1023,0,512,328,305,541,336,305,643,780,742,305,512
518,1023,0,668,1023,0,590,359,305,595,352,305,643,782,756,305,512
368,1023,0,269,1023,0,483,323,305,500,317,305,643,745,736,305,512
370,1023,0,191,1023,0,519,330,305,443,316,305,643,698,683,305,512
586,1023,0,528,1023,0,515,324,305,633,383,305,643,783,744,305,512
428,1023,0,382,1023,0,512,329,305,558,345,305,643,747,733,305,512
313,1023,0,325,1023,0,514,334,305,499,325,305,643,739,720,305,512
432,1023,0,404,1023,0,520,323,305,569,340,305,643,746,722,305,512
436,1023,0,202,1023,0,503,324,305,449,319,305,643,737,725,305,512
559,1023,0,473,1023,0,563,353,305,560,356,305,643,784,755,305,512
380,1023,0,274,1023,0,484,326,305,543,328,305,643,750,720,305,512
498,1023,0,516,1023,0,546,347,305,529,337,305,643,746,720,305,512
466,1023,0,535,1023,0,554,345,305,551,340,305,643,759,737,305,512
534,1023,0,369,1023,0,519,330,305,497,328,305,643,749,722,305,512
442,1023,0,520,1023,0,553,345,305,555,348,305,643,767,744,305,512
347,1023,0,223,1023,0,517,332,305,506,320,305,643,724,689,305,512
380,1023,0,175,1023,0,500,330,305,393,318,305,643,729,711,305,512
335,1023,0,261,1023,0,535,339,305,528,334,305,643,744,728,305,512
650,1023,0,580,1023,0,565,334,305,527,328,305,643,785,750,305,512
389,1023,0,287,1023,0,520,332,305,523,323,305,643,738,721,305,512
316,1023,0,166,1023,0,434,317,305,386,322,305,643,643,598,305,512
369,1023,0,280,1023,0,513,326,305,482,322,305,643,734,722,305,512
478,1023,0,432,1023,0,552,342,305,543,340,305,643,775,758,305,512
480,1023,0,259,1023,0,516,324,305,507,329,305,643,743,725,305,512
413,1023,0,253,1023,0,543,336,305,581,356,305,643,766,722,305,512
277,1023,0,123,1023,0,478,315,305,470,321,305,643,665,654,305,512
387,1023,0,228,1023,0,508,325,305,473,319,305,643,735,716,305,512
363,1023,0,313,1023,0,503,329,305,521,321,305,643,759,747,305,512
258,1023,0,164,1023,0,432,313,305,438,321,305,643,546,475,305,512
396,1023,0,351,1023,0,502,326,305,507,328,305,643,758,731,305,512
355,1023,0,346,1023,0,510,325,305,555,343,305,643,753,715,305,512
306,1023,0,192,1023,0,430,312,305,599,396,305,643,567,533,305,512
669,1023,0,637,1023,0,569,343,305,589,341,305,644,786,759,305,512
569,1023,0,444,1023,0,519,327,305,548,330,305,644,782,750,305,512
537,1023,0,500,1023,0,554,339,305,555,337,305,644,742,719,305,512
407,1023,0,361,1023,0,535,330,305,534,332,305,644,764,739,305,512
283,1023,0,248,1023,0,513,334,305,571,363,305,644,739,726,305,512
497,1023,0,533,1023,0,562,354,305,591,362,305,644,791,759,305,512
714,1023,0,639,1023,0,565,336,305,584,345,305,644,822,779,305,512
369,1023,0,452,1023,0,514,325,305,569,343,305,644,756,737,305,512
234,1023,0,276,1023,0,515,324,305,512,325,305,644,743,725,305,512
341,1023,0,290,1023,0,478,324,305,496,321,305,644,752,727,305,512
529,1023,0,414,1023,0,524,338,305,534,335,305,644,752,716,305,512
358,1023,0,218,1023,0,530,329,305,500,326,305,644,733,718,305,512
432,1023,0,293,1023,0,500,324,305,558,342,305,644,748,720,305,512
313,1023,0,314,1023,0,504,327,305,550,330,305,644,736,715,305,512
372,1023,0,243,1023,0,459,319,305,523,318,305,644,716,702,305,512
434,1023,0,361,1023,0,487,326,305,486,325,305,644,734,719,305,512
691,1023,0,456,1023,0,551,329,305,566,330,305,644,792,747,305,512
650,1023,0,489,1023,0,557,343,305,562,345,305,644,768,742,305,512
320,1023,0,176,1023,0,538,348,305,494,335,305,644,709,697,305,512
472,1023,0,371,1023,0,522,325,305,516,328,305,644,769,748,305,512
410,1023,0,212,1023,0,467,323,305,480,320,305,644,725,706,305,512
514,1023,0,386,1023,0,544,333,305,563,342,305,644,755,733,305,512
328,1023,0,208,1023,0,475,325,305,463,323,305,644,716,703,305,512
534,1023,0,369,1023,0,559,340,305,523,333,305,644,736,718,305,512
399,1023,0,366,1023,0,527,329,305,519,328,305,644,761,735,305,512
378,1023,0,343,1023,0,530,331,305,526,338,305,644,693,667,305,512
509,1023,0,421,1023,0,538,337,305,497,329,305,644,768,741,305,512
452,1023,0,408,1023,0,504,332,305,531,334,305,644,761,736,305,512
586,1023,0,562,1023,0,560,363,305,553,351,305,644,759,737,305,512
319,1023,0,180,1023,0,469,326,305,435,322,305,644,722,716,305,512
401,1023,0,328,1023,0,509,329,305,525,332,305,644,720,707,305,512
438,1023,0,287,1023,0,520,329,305,516,329,305,644,730,684,305,512
434,1023,0,325,1023,0,510,330,305,558,333,305,644,722,702,305,512
401,1023,0,232,1023,0,452,319,305,467,319,305,644,736,719,305,512
450,1023,0,272,1023,0,526,331,305,517,322,305,644,760,745,305,512
348,1023,0,236,1023,0,461,323,305,384,317,305,644,742,730,305,512
402,1023,0,294,1023,0,505,327,305,411,320,305,644,728,698,305,512
401,1023,0,300,1023,0,482,319,305,505,319,305,644,720,675,305,512
386,1023,0,154,1023,0,458,314,305,437,319,305,644,729,694,305,512
431,1023,0,289,1023,0,466,330,305,534,327,305,644,752,731,305,512
334,1023,0,248,1023,0,494,326,305,480,323,305,644,713,684,305,512
389,1023,0,302,1023,0,500,330,305,500,321,305,644,733,716,305,512
438,1023,0,339,1023,0,514,322,305,532,334,305,644,756,732,305,512
480,1023,0,288,1023,0,524,327,305,489,321,305,644,760,729,305,512
539,1023,0,362,1023,0,539,333,305,544,332,305,644,760,724,305,512
469,1023,0,248,1023,0,469,320,305,464,330,305,644,727,687,305,512
350,1023,0,161,1023,0,450,321,305,366,311,305,644,697,687,305,512
240,1023,0,290,1023,0,522,325,305,713,536,305,644,652,580,305,512
552,1023,0,355,1023,0,529,329,305,578,353,305,644,753,729,305,512
369,1023,0,143,1023,0,480,325,305,477,322,305,644,724,696,305,512
302,1023,0,161,1023,0,470,313,305,478,316,305,644,708,699,305,512
431,1023,0,327,1023,0,498,324,305,509,323,305,644,749,734,305,512
413,1023,0,324,1023,0,476,322,305,519,326,305,644,741,727,305,512
411,1023,0,283,1023,0,494,334,305,491,324,305,644,751,729,305,512
484,1023,0,456,1023,0,535,335,305,567,341,305,644,756,736,305,512
358,1023,0,286,1023,0,511,330,305,559,332,305,644,723,702,305,512
485,1023,0,329,1023,0,514,331,305,471,319,305,644,734,707,305,512
344,1023,0,252,1023,0,486,322,305,480,319,305,645,694,683,305,512
401,1023,0,362,1023,0,518,324,305,587,343,305,645,758,742,305,512
278,1023,0,153,1023,0,454,324,305,485,322,305,645,672,656,305,512
463,1023,0,435,1023,0,549,337,305,556,338,305,645,765,726,305,512
369,1023,0,207,1023,0,479,319,305,480,318,305,645,736,700,305,512
480,1023,0,355,1023,0,532,333,305,508,327,305,645,766,751,305,512
311,1023,0,413,1023,0,512,333,305,480,331,305,645,753,729,305,512
422,1023,0,259,1023,0,495,322,305,502,326,305,645,703,668,305,512
361,1023,0,432,1023,0,532,331,305,496,323,305,645,751,725,305,512
514,1023,0,412,1023,0,545,336,305,503,327,305,645,784,766,305,512
387,1023,0,270,1023,0,514,330,305,495,322,305,645,699,682,305,512
511,1023,0,325,1023,0,502,328,305,540,329,305,645,770,749,305,512
475,1023,0,423,1023,0,492,322,305,556,334,305,645,755,742,305,512
331,1023,0,275,1023,0,456,325,305,593,368,305,645,729,696,305,512
385,1023,0,165,1023,0,451,315,305,452,317,305,645,685,675,305,512
348,1023,0,288,1023,0,478,320,305,467,320,305,645,743,733,305,512
746,1023,0,683,1023,0,577,343,305,659,422,305,645,819,750,305,512
757,1023,0,655,1023,0,651,414,305,654,414,305,645,838,795,305,512
413,1023,0,261,1023,0,510,326,305,489,325,305,645,737,706,305,512
295,1023,0,98,1023,0,427,315,305,314,310,305,645,657,617,305,512
460,1023,0,398,1023,0,507,321,305,517,328,305,645,757,733,305,512
595,1023,0,386,1023,0,536,324,305,550,328,305,645,806,789,305,512
479,1023,0,239,1023,0,509,331,305,459,321,305,645,733,717,305,512
446,1023,0,349,1023,0,523,337,305,479,319,305,645,770,756,305,512
236,1023,0,262,1023,0,475,324,305,529,321,305,645,759,737,305,512
441,1023,0,298,1023,0,494,323,305,535,332,305,645,742,710,305,512
274,1023,0,172,1023,0,494,331,305,483,322,305,645,724,717,305,512
596,1023,0,421,1023,0,531,334,305,533,338,305,645,769,746,305,512
365,1023,0,239,1023,0,517,338,305,476,327,305,645,673,657,305,512
399,1023,0,232,1023,0,461,319,305,470,320,305,645,723,704,305,512
595,1023,0,267,1023,0,506,324,305,493,322,305,645,728,699,305,512
413,1023,0,293,1023,0,527,337,305,483,328,305,645,765,751,305,512
486,1023,0,355,1023,0,549,335,305,565,336,305,645,746,725,305,512
458,1023,0,405,1023,0,539,341,305,592,357,305,645,753,729,305,512
563,1023,0,424,1023,0,522,334,305,546,336,305,645,744,708,305,512
645,1023,0,543,1023,0,556,343,305,582,334,305,645,786,767,305,512
680,1023,0,446,1023,0,518,324,305,515,320,305,645,773,746,305,512
296,1023,0,297,1023,0,531,337,305,516,334,305,645,747,729,305,512
284,1023,0,160,1023,0,447,316,305,491,317,305,645,641,627,305,512
397,1023,0,227,1023,0,503,330,305,508,328,305,645,729,706,305,512
317,1023,0,144,1023,0,515,335,305,486,323,305,645,682,667,305,512
364,1023,0,231,1023,0,493,328,305,508,322,305,645,732,707,305,512
515,1023,0,390,1023,0,579,355,305,542,341,305,645,766,736,305,512
493,1023,0,254,1023,0,534,334,305,566,347,305,645,730,697,305,512
322,1023,0,288,1023,0,473,318,305,515,320,305,645,765,746,305,512
270,1023,0,125,1023,0,416,315,305,462,316,305,645,571,532,305,512
430,1023,0,338,1023,0,516,332,305,485,326,305,645,736,712,305,512
263,1023,0,139,1023,0,458,318,305,425,313,305,645,706,696,305,512
541,1023,0,678,1023,0,562,349,305,563,347,305,646,772,737,305,512
383,1023,0,334,1023,0,478,323,305,594,361,305,646,731,709,305,512
319,1023,0,314,1023,0,553,362,305,536,345,305,646,733,718,305,512
424,1023,0,348,1023,0,559,360,305,547,348,305,646,752,738,305,512
607,1023,0,528,1023,0,570,350,305,600,352,305,646,790,765,305,512
381,1023,0,497,1023,0,549,342,305,535,337,305,646,772,738,305,512
270,1023,0,247,1023,0,512,329,305,595,373,305,646,740,726,305,512
524,1023,0,409,1023,0,555,353,305,537,337,305,646,763,740,305,512
352,1023,0,438,1023,0,562,347,305,548,336,305,646,776,746,305,512
453,1023,0,286,1023,0,507,321,305,507,326,305,646,752,737,305,512
549,1023,0,499,1023,0,578,345,305,722,538,305,646,772,737,305,512
531,1023,0,440,1023,0,536,340,305,552,337,305,646,764,734,305,512
434,1023,0,322,1023,0,525,326,305,497,325,305,646,765,740,305,512
528,1023,0,493,1023,0,547,334,305,548,344,305,646,775,713,305,512
456,1023,0,520,1023,0,536,325,305,711,446,305,646,770,739,305,512
424,1023,0,480,1023,0,543,347,305,535,336,305,646,750,736,305,512
480,1023,0,369,1023,0,519,332,305,508,322,305,646,743,726,305,512
379,1023,0,322,1023,0,474,325,305,510,326,305,646,737,716,305,512
513,1023,0,537,1023,0,553,342,305,565,355,305,646,773,737,305,512
396,1023,0,295,1023,0,526,333,305,472,324,305,646,744,729,305,512
328,1023,0,305,1023,0,541,340,305,527,329,305,646,717,702,305,512
457,1023,0,514,1023,0,579,351,305,560,342,305,646,767,743,305,512
456,1023,0,257,1023,0,545,335,305,494,324,305,646,710,683,305,512
515,1023,0,482,1023,0,599,378,305,579,357,305,646,770,748,305,512
408,1023,0,204,1023,0,448,322,305,501,323,305,646,737,729,305,512
398,1023,0,365,1023,0,538,337,305,515,326,305,646,740,718,305,512
474,1023,0,471,1023,0,551,357,305,556,347,305,646,813,780,305,512
584,1023,0,535,1023,0,565,349,305,557,338,305,646,767,733,305,512
417,1023,0,283,1023,0,513,329,305,522,329,305,646,740,727,305,512
444,1023,0,312,1023,0,487,320,305,426,316,305,646,729,715,305,512
426,1023,0,431,1023,0,517,335,305,537,336,305,646,757,739,305,512
398,1023,0,270,1023,0,490,329,305,540,324,305,646,743,710,305,512
561,1023,0,459,1023,0,569,355,305,555,346,305,646,762,743,305,512
436,1023,0,239,1023,0,484,331,305,495,328,305,646,739,722,305,512
736,1023,0,575,1023,0,568,341,305,588,353,305,646,816,750,305,512
376,1023,0,337,1023,0,500,332,305,563,345,305,646,755,736,305,512
329,1023,0,180,1023,0,448,318,305,484,319,305,646,713,705,305,512
424,1023,0,283,1023,0,463,325,305,461,324,305,646,740,718,305,512
407,1023,0,206,1023,0,503,329,305,401,320,305,646,731,714,305,512
635,1023,0,482,1023,0,521,326,305,548,332,305,646,783,733,305,512
334,1023,0,229,1023,0,463,318,305,526,324,305,646,683,657,305,512
402,1023,0,282,1023,0,526,330,305,482,322,305,646,757,739,305,512
429,1023,0,365,1023,0,494,327,305,539,330,305,646,750,736,305,512
265,1023,0,231,1023,0,529,330,305,520,329,305,646,755,739,305,512
398,1023,0,340,1023,0,515,337,305,538,337,305,646,745,724,305,512
422,1023,0,399,1023,0,480,330,305,501,318,305,646,733,713,305,512
534,1023,0,301,1023,0,515,325,305,518,327,305,646,742,729,305,512
579,1023,0,620,1023,0,547,338,305,569,347,305,646,826,793,305,512
350,1023,0,317,1023,0,497,330,305,504,324,305,646,749,732,305,512
620,1023,0,498,1023,0,520,328,305,620,369,305,646,792,727,305,512
335,1023,0,225,1023,0,523,322,305,552,363,305,646,745,730,305,512
392,1023,0,341,1023,0,530,339,305,503,324,305,646,738,718,305,512
465,1023,0,437,1023,0,532,336,305,555,341,305,646,755,735,305,512
431,1023,0,324,1023,0,504,335,305,441,322,305,646,759,741,305,512
371,1023,0,262,1023,0,493,327,305,533,341,305,646,743,734,305,512
404,1023,0,518,1023,0,537,338,305,549,338,305,646,778,743,305,512
318,1023,0,228,1023,0,525,333,305,493,326,305,646,740,730,305,512
369,1023,0,292,1023,0,513,321,305,527,335,305,646,727,712,305,512
313,1023,0,442,1023,0,539,339,305,715,497,305,646,680,599,305,512
333,1023,0,412,1023,0,553,345,305,525,334,305,646,757,741,305,512
420,1023,0,308,1023,0,493,336,305,530,329,305,647,734,720,305,512
418,1023,0,186,1023,0,483,317,305,563,346,305,647,719,681,305,512
573,1023,0,390,1023,0,516,327,305,522,329,305,647,777,729,305,512
469,1023,0,476,1023,0,544,333,305,581,330,305,647,765,752,305,512
439,1023,0,320,1023,0,546,335,305,524,324,305,647,771,745,305,512
509,1023,0,658,1023,0,552,341,305,554,339,305,647,775,749,305,512
416,1023,0,232,1023,0,505,327,305,457,320,305,647,742,722,305,512
501,1023,0,277,1023,0,493,328,305,485,321,305,647,729,699,305,512
337,1023,0,157,1023,0,498,321,305,504,321,305,647,667,657,305,512
451,1023,0,336,1023,0,519,326,305,726,546,305,647,775,743,305,512
354,1023,0,278,1023,0,501,326,305,495,319,305,647,736,719,305,512
470,1023,0,345,1023,0,517,332,305,543,336,305,647,751,735,305,512
388,1023,0,301,1023,0,512,326,305,530,330,305,647,742,727,305,512
437,1023,0,418,1023,0,554,332,305,540,333,305,647,752,700,305,512
377,1023,0,247,1023,0,454,324,305,489,318,305,647,738,711,305,512
347,1023,0,158,1023,0,485,322,305,459,315,305,647,674,660,305,512
336,1023,0,284,1023,0,480,320,305,405,313,305,647,721,709,305,512
322,1023,0,342,1023,0,528,332,305,526,325,305,647,764,726,305,512
398,1023,0,268,1023,0,420,321,305,494,318,305,647,735,716,305,512
456,1023,0,341,1023,0,510,334,305,519,324,305,647,727,689,305,512
457,1023,0,293,1023,0,528,334,305,529,325,305,647,771,749,305,512
345,1023,0,305,1023,0,508,333,305,553,342,305,647,756,724,305,512
423,1023,0,467,1023,0,546,337,305,556,341,305,647,771,745,305,512
360,1023,0,229,1023,0,473,327,305,492,323,305,647,715,698,305,512
323,1023,0,195,1023,0,520,337,305,492,329,305,647,716,700,305,512
430,1023,0,309,1023,0,455,322,305,551,339,305,647,753,741,305,512
594,1023,0,587,1023,0,576,350,305,568,347,305,647,759,726,305,512
507,1023,0,411,1023,0,515,328,305,535,326,305,647,759,743,305,512
481,1023,0,502,1023,0,550,339,305,541,337,305,647,762,724,305,512
287,1023,0,166,1023,0,471,320,305,482,317,305,647,704,694,305,512
403,1023,0,300,1023,0,523,336,305,543,336,305,647,754,721,305,512
257,1023,0,310,1023,0,550,334,305,553,335,305,647,742,723,305,512
767,1023,0,649,1023,0,568,341,305,578,332,305,647,815,735,305,512
405,1023,0,321,1023,0,514,331,305,530,327,305,647,717,693,305,512
296,1023,0,270,1023,0,545,322,305,706,473,305,647,609,483,305,512
493,1023,0,462,1023,0,542,338,305,579,348,305,647,754,737,305,512
400,1023,0,222,1023,0,577,330,305,506,321,305,647,724,706,305,512
311,1023,0,158,1023,0,495,317,305,506,320,305,647,715,705,305,512
326,1023,0,148,1023,0,436,323,305,405,313,305,647,699,688,305,512
288,1023,0,281,1023,0,548,344,305,0,331,305,647,734,718,305,512
476,1023,0,386,1023,0,508,327,305,455,324,305,647,754,731,305,512
480,1023,0,594,1023,0,559,356,305,548,340,305,647,784,764,305,512
431,1023,0,516,1023,0,550,345,305,596,355,305,647,767,737,305,512
560,1023,0,473,1023,0,537,339,305,556,341,305,647,754,737,305,512
396,1023,0,466,1023,0,520,339,305,523,335,305,647,747,731,305,512
241,1023,0,393,1023,0,502,321,305,696,513,305,647,685,638,305,512
424,1023,0,358,1023,0,486,327,305,535,324,305,647,759,729,305,512
508,1023,0,312,1023,0,498,321,305,531,328,305,647,726,710,305,512
343,1023,0,233,1023,0,456,328,305,499,326,305,647,719,713,305,512
424,1023,0,370,1023,0,537,331,305,541,339,305,647,753,737,305,512
390,1023,0,223,1023,0,521,338,305,508,323,305,647,734,724,305,512
534,1023,0,350,1023,0,517,329,305,517,336,305,647,739,713,305,512
530,1023,0,587,1023,0,548,341,305,567,342,305,647,772,738,305,512
518,1023,0,341,1023,0,545,336,305,548,327,305,647,748,729,305,512
383,1023,0,333,1023,0,519,334,305,491,322,305,647,737,723,305,512
376,1023,0,265,1023,0,491,329,305,490,321,305,648,752,728,305,512
333,1023,0,153,1023,0,471,323,305,486,322,305,648,730,718,305,512
521,1023,0,312,1023,0,530,335,305,506,330,305,648,756,725,305,512
320,1023,0,185,1023,0,500,324,305,448,321,305,648,735,713,305,512
382,1023,0,279,1023,0,487,327,305,511,324,305,648,754,741,305,512
306,1023,0,146,1023,0,489,319,305,486,320,305,648,680,662,305,512
347,1023,0,169,1023,0,441,319,305,456,322,305,648,716,698,305,512
536,1023,0,497,1023,0,572,359,305,553,341,305,648,774,751,305,512
478,1023,0,537,1023,0,557,348,305,548,350,305,648,766,744,305,512
653,1023,0,534,1023,0,542,338,305,539,337,305,648,775,734,305,512
356,1023,0,223,1023,0,481,329,305,447,318,305,648,719,697,305,512
372,1023,0,265,1023,0,458,317,305,520,324,305,648,756,743,305,512
489,1023,0,477,1023,0,543,339,305,530,336,305,648,759,735,305,512
429,1023,0,430,1023,0,526,331,305,545,333,305,648,770,753,305,512
620,1023,0,619,1023,0,544,339,305,554,336,305,648,766,739,305,512
358,1023,0,228,1023,0,468,317,305,472,317,305,648,738,720,305,512
394,1023,0,573,1023,0,542,335,305,563,344,305,648,764,720,305,512
359,1023,0,196,1023,0,526,332,305,510,331,305,648,727,714,305,512
419,1023,0,203,1023,0,504,327,305,477,321,305,648,737,722,305,512
662,1023,0,576,1023,0,565,342,305,678,439,305,648,805,777,305,512
456,1023,0,371,1023,0,492,325,305,497,324,305,648,752,719,305,512
567,1023,0,525,1023,0,568,347,305,541,336,305,648,756,729,305,512
278,1023,0,178,1023,0,488,322,305,719,569,305,648,756,734,305,512
372,1023,0,390,1023,0,526,328,305,561,344,305,648,755,723,305,512
442,1023,0,259,1023,0,528,330,305,498,340,305,648,753,739,305,512
444,1023,0,520,1023,0,535,336,305,547,331,305,648,769,752,305,512
436,1023,0,322,1023,0,495,321,305,501,325,305,648,693,677,305,512
358,1023,0,307,1023,0,439,318,305,355,315,305,648,724,693,305,512
431,1023,0,370,1023,0,525,329,305,500,333,305,648,757,735,305,512
502,1023,0,552,1023,0,553,331,305,494,324,305,648,766,728,305,512
440,1023,0,519,1023,0,539,341,305,526,328,305,648,737,723,305,512
479,1023,0,331,1023,0,522,332,305,448,320,305,648,750,732,305,512
376,1023,0,318,1023,0,504,324,305,562,347,305,648,758,722,305,512
248,1023,0,132,1023,0,466,324,305,527,331,305,648,713,697,305,512
443,1023,0,309,1023,0,506,324,305,520,321,305,648,763,743,305,512
405,1023,0,569,1023,0,543,342,305,628,372,305,648,768,746,305,512
438,1023,0,456,1023,0,563,351,305,649,370,305,648,778,760,305,512
515,1023,0,322,1023,0,438,319,305,519,327,305,648,758,741,305,512
364,1023,0,302,1023,0,507,322,305,542,329,305,648,659,569,305,512
444,1023,0,336,1023,0,484,326,305,515,331,305,648,743,701,305,512
461,1023,0,468,1023,0,541,345,305,514,341,305,648,768,752,305,512
357,1023,0,323,1023,0,555,333,305,523,325,305,648,722,705,305,512
375,1023,0,276,1023,0,488,318,305,515,321,305,648,736,705,305,512
388,1023,0,363,1023,0,517,336,305,514,335,305,648,763,749,305,512
303,1023,0,112,1023,0,403,314,305,347,312,305,648,710,696,305,512
246,1023,0,194,1023,0,477,320,305,550,358,305,648,728,721,305,512
537,1023,0,345,1023,0,522,329,305,482,327,305,648,758,744,305,512
439,1023,0,418,1023,0,543,339,305,572,337,305,648,769,754,305,512
499,1023,0,371,1023,0,547,338,305,511,335,305,648,757,736,305,512
319,1023,0,174,1023,0,500,329,305,490,325,305,648,710,696,305,512
451,1023,0,471,1023,0,540,341,305,567,344,305,648,760,725,305,512
319,1023,0,282,1023,0,506,332,305,525,325,305,648,741,731,305,512
354,1023,0,189,1023,0,455,320,305,373,320,305,649,711,688,305,512
537,1023,0,419,1023,0,510,322,305,522,322,305,649,748,731,305,512
449,1023,0,357,1023,0,531,328,305,587,358,305,649,746,707,305,512
375,1023,0,280,1023,0,482,326,305,486,323,305,649,739,708,305,512
395,1023,0,326,1023,0,520,330,305,527,329,305,649,760,741,305,512
347,1023,0,186,1023,0,489,321,305,473,317,305,649,714,678,305,512
307,1023,0,162,1023,0,432,320,305,477,318,305,649,683,673,305,512
279,1023,0,242,1023,0,434,320,305,400,319,305,649,738,725,305,512
321,1023,0,175,1023,0,453,320,305,514,322,305,649,721,688,305,512
410,1023,0,363,1023,0,519,334,305,508,325,305,649,720,707,305,512
324,1023,0,241,1023,0,449,324,305,500,322,305,649,733,720,305,512
371,1023,0,306,1023,0,517,329,305,504,321,305,649,740,726,305,512
340,1023,0,220,1023,0,463,323,305,507,318,305,649,714,694,305,512
417,1023,0,406,1023,0,516,329,305,495,322,305,649,770,750,305,512
523,1023,0,381,1023,0,539,336,305,537,333,305,649,770,751,305,512
345,1023,0,208,1023,0,517,335,305,521,328,305,649,721,710,305,512
259,1023,0,133,1023,0,493,326,305,464,319,305,649,682,667,305,512
413,1023,0,322,1023,0,515,331,305,511,328,305,649,756,739,305,512
450,1023,0,299,1023,0,531,346,305,525,335,305,649,745,729,305,512
486,1023,0,497,1023,0,516,328,305,530,333,305,649,764,743,305,512
511,1023,0,388,1023,0,553,340,305,581,346,305,649,757,741,305,512
704,1023,0,416,1023,0,518,326,305,508,329,305,649,785,754,305,512
384,1023,0,288,1023,0,536,338,305,514,333,305,649,734,706,305,512
415,1023,0,309,1023,0,519,332,305,561,336,305,649,744,698,305,512
379,1023,0,141,1023,0,459,315,305,473,316,305,649,708,660,305,512
327,1023,0,268,1023,0,506,326,305,618,379,305,649,768,750,305,512
501,1023,0,386,1023,0,533,332,305,525,328,305,649,761,744,305,512
369,1023,0,254,1023,0,458,317,305,509,322,305,649,753,736,305,512
372,1023,0,200,1023,0,436,323,305,483,320,305,649,709,678,305,512
409,1023,0,285,1023,0,483,320,305,485,320,305,649,712,687,305,512
385,1023,0,233,1023,0,392,317,305,498,319,305,649,661,644,305,512
388,1023,0,337,1023,0,519,342,305,633,383,305,649,761,741,305,512
422,1023,0,429,1023,0,521,336,305,535,333,305,649,755,732,305,512
321,1023,0,163,1023,0,475,318,305,509,323,305,649,691,661,305,512
448,1023,0,394,1023,0,552,336,305,542,336,305,649,766,745,305,512
491,1023,0,282,1023,0,508,323,305,456,317,305,649,731,694,305,512
607,1023,0,487,1023,0,639,431,305,633,408,305,649,820,788,305,512
513,1023,0,373,1023,0,457,322,305,537,327,305,649,746,716,305,512
404,1023,0,263,1023,0,497,325,305,493,325,305,649,731,701,305,512
601,1023,0,528,1023,0,563,334,305,584,343,305,649,771,742,305,512
450,1023,0,403,1023,0,561,343,305,555,334,305,649,767,734,305,512
343,1023,0,325,1023,0,515,328,305,499,327,305,649,746,723,305,512
473,1023,0,310,1023,0,525,335,305,492,326,305,649,762,743,305,512
570,1023,0,581,1023,0,587,374,305,574,357,305,649,775,754,305,512
408,1023,0,265,1023,0,477,326,305,501,329,305,649,759,750,305,512
280,1023,0,166,1023,0,398,314,305,354,312,305,649,713,698,305,585
228,1023,0,289,1023,0,565,363,305,574,366,305,649,594,554,305,585
424,1023,0,256,1023,0,430,320,305,503,323,305,649,747,728,305,585
466,1023,0,452,1023,0,520,335,305,536,330,305,649,768,754,305,585
436,1023,0,234,1023,0,502,318,305,458,317,305,649,754,730,305,585
538,1023,0,467,1023,0,519,339,305,590,371,305,649,769,752,305,585
453,1023,0,254,1023,0,501,331,305,498,329,305,649,722,693,305,585
342,1023,0,249,1023,0,464,317,305,457,318,305,649,741,730,305,585
278,1023,0,187,1023,0,373,316,305,403,316,305,649,714,679,305,585
522,1023,0,370,1023,0,536,326,305,468,323,305,649,762,732,305,585
498,1023,0,460,1023,0,555,335,305,548,329,305,649,774,752,305,585
318,1023,0,162,1023,0,488,321,305,416,324,305,649,678,659,305,585
329,1023,0,102,1023,0,478,318,305,432,315,305,649,696,681,305,585
303,1023,0,180,1023,0,508,332,305,498,326,305,649,708,697,305,585
582,1023,0,495,1023,0,531,338,305,558,340,305,649,757,733,305,585
564,1023,0,439,1023,0,546,339,305,520,329,305,649,776,746,305,585
407,1023,0,417,1023,0,529,338,305,574,353,305,649,783,771,305,585
480,1023,0,529,1023,0,530,338,305,583,337,305,649,726,679,305,585
609,1023,0,565,1023,0,514,329,305,553,334,305,650,776,737,305,585
416,1023,0,171,1023,0,462,317,305,428,315,305,650,701,678,305,585
396,1023,0,310,1023,0,512,335,305,496,326,305,650,725,697,305,585
402,1023,0,222,1023,0,475,324,305,495,319,305,650,751,740,305,585
390,1023,0,336,1023,0,524,333,305,551,329,305,650,656,640,305,585
508,1023,0,455,1023,0,565,346,305,576,339,305,650,769,732,305,585
384,1023,0,374,1023,0,553,346,305,565,342,305,650,760,747,305,585
455,1023,0,345,1023,0,561,361,305,536,342,305,650,660,613,305,585
437,1023,0,257,1023,0,482,320,305,480,323,305,650,692,657,305,585
429,1023,0,450,1023,0,559,351,305,528,339,305,650,768,739,305,585
364,1023,0,317,1023,0,502,321,305,500,328,305,650,737,720,305,585
424,1023,0,335,1023,0,537,340,305,516,327,305,650,750,738,305,585
775,1023,0,624,1023,0,557,334,305,604,338,305,650,795,720,305,585
519,1023,0,377,1023,0,517,328,305,511,323,305,650,752,718,305,585
293,1023,0,245,1023,0,544,342,305,542,339,305,650,735,725,305,585
428,1023,0,320,1023,0,513,331,305,610,377,305,650,752,732,305,585
291,1023,0,132,1023,0,434,318,305,457,316,305,650,710,701,305,585
439,1023,0,542,1023,0,555,348,305,581,354,305,650,761,732,305,585
404,1023,0,231,1023,0,447,316,305,499,321,305,650,727,686,305,585
444,1023,0,350,1023,0,526,331,305,520,332,305,650,764,748,305,585
304,1023,0,274,1023,0,504,324,305,525,322,305,650,748,736,305,585
346,1023,0,247,1023,0,512,336,305,540,345,305,650,761,749,305,585
435,1023,0,300,1023,0,555,344,305,557,347,305,650,773,752,305,585
358,1023,0,250,1023,0,483,328,305,506,329,305,650,728,720,305,585
493,1023,0,523,1023,0,607,398,305,602,388,305,650,773,747,305,585
443,1023,0,324,1023,0,532,339,305,536,344,305,650,739,725,305,585
459,1023,0,343,1023,0,517,331,305,536,345,305,650,747,729,305,585
382,1023,0,203,1023,0,481,327,305,398,319,305,650,541,499,305,585
468,1023,0,288,1023,0,488,325,305,489,325,305,650,770,713,305,585
428,1023,0,342,1023,0,510,329,305,484,327,305,650,770,747,305,585
412,1023,0,412,1023,0,528,341,305,505,329,305,650,751,724,305,585
408,1023,0,210,1023,0,504,330,305,522,323,305,650,732,717,305,585
314,1023,0,229,1023,0,521,337,305,507,332,305,650,707,691,305,585
432,1023,0,374,1023,0,506,323,305,482,323,305,650,754,740,305,585
331,1023,0,147,1023,0,477,316,305,484,321,305,650,708,687,305,585
410,1023,0,275,1023,0,503,322,305,513,323,305,650,736,688,305,585
391,1023,0,449,1023,0,555,341,305,541,337,305,650,779,753,305,585
413,1023,0,360,1023,0,510,331,305,518,332,305,650,750,716,305,585
456,1023,0,504,1023,0,524,338,305,557,348,305,650,765,746,305,585
445,1023,0,329,1023,0,487,322,305,496,325,305,650,735,720,305,585
474,1023,0,288,1023,0,507,333,305,468,318,305,650,723,688,305,585
316,1023,0,215,1023,0,437,318,305,475,317,305,650,717,710,305,585
442,1023,0,396,1023,0,508,339,305,509,325,305,650,768,756,305,585
341,1023,0,322,1023,0,481,323,305,512,317,305,650,757,748,305,585
421,1023,0,233,1023,0,500,330,305,517,325,305,650,724,706,305,585
526,1023,0,471,1023,0,560,350,305,548,334,305,650,752,724,305,585
320,1023,0,130,1023,0,446,324,305,465,320,305,650,721,712,305,585
453,1023,0,528,1023,0,528,334,305,540,334,305,650,763,742,305,585
446,1023,0,272,1023,0,496,322,305,500,330,305,650,744,715,305,585
411,1023,0,250,1023,0,575,328,305,523,326,305,650,739,724,305,585
332,1023,0,199,1023,0,514,329,305,496,326,305,650,743,732,305,585
669,1023,0,710,1023,0,565,350,305,582,358,305,650,816,748,305,585
349,1023,0,420,1023,0,542,344,305,541,332,305,650,743,720,305,585
466,1023,0,183,1023,0,501,324,305,530,332,305,650,694,655,305,585
393,1023,0,405,1023,0,526,333,305,528,337,305,650,748,736,305,585
530,1023,0,296,1023,0,454,318,305,509,320,305,650,715,695,305,585
467,1023,0,301,1023,0,558,332,305,518,326,305,650,755,731,305,585
381,1023,0,334,1023,0,532,336,305,542,344,305,650,764,751,305,585
468,1023,0,526,1023,0,517,340,305,515,330,305,650,751,722,305,585
373,1023,0,221,1023,0,486,329,305,490,320,305,650,716,703,305,585
515,1023,0,287,1023,0,513,333,305,510,330,305,650,763,749,305,585
383,1023,0,305,1023,0,492,326,305,521,324,305,650,743,723,305,585
456,1023,0,469,1023,0,493,328,305,453,321,305,650,743,707,305,585
421,1023,0,242,1023,0,494,322,305,451,322,305,650,737,719,305,585
433,1023,0,478,1023,0,537,344,305,575,358,305,650,745,723,305,585
439,1023,0,415,1023,0,505,332,305,454,332,305,650,774,753,305,585
546,1023,0,486,1023,0,549,343,305,538,336,305,650,778,752,305,585
388,1023,0,289,1023,0,473,330,305,492,322,305,650,743,723,305,585
396,1023,0,282,1023,0,524,340,305,498,330,305,650,753,744,305,585
600,1023,0,347,1023,0,518,321,305,497,322,305,650,725,677,305,585
481,1023,0,321,1023,0,528,338,305,566,339,305,650,746,724,305,585
408,1023,0,559,1023,0,552,346,305,576,356,305,650,772,750,305,585
637,1023,0,485,1023,0,548,337,305,575,341,305,650,786,718,305,585
455,1023,0,315,1023,0,506,329,305,527,329,305,650,753,717,305,585
287,1023,0,191,1023,0,453,319,305,515,325,305,651,727,718,305,585
336,1023,0,226,1023,0,511,330,305,518,325,305,651,705,691,305,585
249,1023,0,176,1023,0,533,332,305,520,326,305,651,727,716,305,585
394,1023,0,304,1023,0,502,326,305,495,321,305,651,721,690,305,585
406,1023,0,299,1023,0,537,330,305,541,335,305,651,723,707,305,585
390,1023,0,196,1023,0,482,323,305,474,325,305,651,723,713,305,585
631,1023,0,455,1023,0,555,344,305,572,342,305,651,801,782,305,585
411,1023,0,411,1023,0,555,352,305,565,346,305,651,784,757,305,585
561,1023,0,458,1023,0,531,344,305,530,332,305,651,771,741,305,585
406,1023,0,327,1023,0,516,335,305,431,323,305,651,726,703,305,585
343,1023,0,452,1023,0,531,334,305,550,342,305,651,770,740,305,585
341,1023,0,214,1023,0,500,326,305,497,316,305,651,718,707,305,585
221,1023,0,222,1023,0,464,324,305,510,331,305,651,729,697,305,585
453,1023,0,275,1023,0,465,323,305,514,321,305,651,731,707,305,585
503,1023,0,270,1023,0,502,331,305,498,329,305,651,754,708,305,585
309,1023,0,335,1023,0,516,338,305,532,329,305,651,752,743,305,585
336,1023,0,222,1023,0,486,325,305,475,321,305,651,719,697,305,585
408,1023,0,268,1023,0,492,325,305,509,326,305,651,736,713,305,585
298,1023,0,112,1023,0,453,318,305,209,311,305,651,642,634,305,585
318,1023,0,180,1023,0,0,316,305,427,317,305,651,719,704,305,585
525,1023,0,536,1023,0,541,327,305,562,331,305,651,760,725,305,585
408,1023,0,276,1023,0,519,326,305,578,359,305,651,732,709,305,585
438,1023,0,368,1023,0,521,330,305,580,359,305,651,779,756,305,585
384,1023,0,244,1023,0,488,327,305,516,326,305,651,723,697,305,585
511,1023,0,436,1023,0,542,342,305,522,337,305,651,779,757,305,585
278,1023,0,314,1023,0,474,325,305,477,323,305,651,765,757,305,585
487,1023,0,329,1023,0,489,322,305,490,322,305,651,748,730,305,585
548,1023,0,436,1023,0,511,333,305,579,353,305,651,767,741,305,585
529,1023,0,269,1023,0,509,331,305,538,333,305,651,771,743,305,585
328,1023,0,165,1023,0,492,322,305,545,329,305,651,707,674,305,585
401,1023,0,248,1023,0,503,325,305,528,323,305,651,749,740,305,585
471,1023,0,430,1023,0,560,348,305,538,341,305,651,765,748,305,585
371,1023,0,323,1023,0,533,336,305,519,336,305,651,751,735,305,585
393,1023,0,280,1023,0,537,338,305,627,432,305,651,736,722,305,585
661,1023,0,358,1023,0,533,331,305,561,334,305,651,752,738,305,585
385,1023,0,478,1023,0,508,327,305,564,340,305,651,744,719,305,585
480,1023,0,397,1023,0,487,328,305,564,338,305,651,755,701,305,585
395,1023,0,474,1023,0,521,332,305,523,326,305,651,760,738,305,585
486,1023,0,469,1023,0,546,343,305,575,349,305,651,740,710,305,585
437,1023,0,293,1023,0,489,326,305,478,326,305,651,752,738,305,585
530,1023,0,537,1023,0,576,361,305,567,346,305,651,767,739,305,585
452,1023,0,320,1023,0,529,330,305,472,325,305,651,755,739,305,585
472,1023,0,498,1023,0,551,333,305,580,340,305,651,772,740,305,585
495,1023,0,369,1023,0,515,325,305,535,327,305,651,766,740,305,585
488,1023,0,509,1023,0,526,337,305,571,353,305,651,751,709,305,585
403,1023,0,404,1023,0,529,343,305,553,338,305,651,775,763,305,585
288,1023,0,193,1023,0,495,325,305,446,320,305,651,710,695,305,585
308,1023,0,395,1023,0,577,347,305,531,337,305,651,752,734,305,585
511,1023,0,537,1023,0,534,337,305,568,343,305,651,775,751,305,585
212,1023,0,177,1023,0,418,318,305,0,312,305,651,454,440,305,585
422,1023,0,279,1023,0,489,323,305,500,326,305,651,743,721,305,585
409,1023,0,301,1023,0,516,327,305,478,323,305,651,738,718,305,585
571,1023,0,567,1023,0,543,337,305,564,347,305,651,770,738,305,585
529,1023,0,396,1023,0,544,345,305,543,335,305,651,721,699,305,585
373,1023,0,280,1023,0,484,328,305,563,351,305,651,726,713,305,585
367,1023,0,292,1023,0,515,328,305,493,327,305,651,755,733,305,585
420,1023,0,389,1023,0,545,335,305,534,336,305,651,762,725,305,585
448,1023,0,279,1023,0,557,334,305,509,321,305,651,748,734,305,585
416,1023,0,443,1023,0,555,337,305,550,329,305,651,767,740,305,585
228,1023,0,229,1023,0,475,317,305,475,322,305,651,519,444,305,585
503,1023,0,468,1023,0,546,339,305,517,341,305,651,748,720,305,585
295,1023,0,378,1023,0,541,346,305,559,339,305,651,710,701,305,585
425,1023,0,287,1023,0,514,324,305,466,319,305,651,730,696,305,585
359,1023,0,303,1023,0,462,321,305,515,325,305,651,747,726,305,585
743,1023,0,476,1023,0,556,337,305,727,558,305,651,818,752,305,585
308,1023,0,335,1023,0,521,328,305,517,324,305,651,737,716,305,585
456,1023,0,362,1023,0,507,332,305,546,333,305,651,766,752,305,585
351,1023,0,344,1023,0,530,339,305,544,338,305,652,741,727,305,585
378,1023,0,240,1023,0,568,340,305,543,326,305,652,713,692,305,585
588,1023,0,627,1023,0,597,378,305,596,381,305,652,791,749,305,585
432,1023,0,290,1023,0,529,338,305,501,329,305,652,727,715,305,585
663,1023,0,576,1023,0,527,328,305,551,330,305,652,800,727,305,585
425,1023,0,214,1023,0,433,317,305,492,317,305,652,727,690,305,585
518,1023,0,406,1023,0,550,342,305,549,341,305,652,751,709,305,585
529,1023,0,392,1023,0,552,330,305,526,330,305,652,759,743,305,585
405,1023,0,282,1023,0,177,312,305,397,317,305,652,745,723,305,585
412,1023,0,333,1023,0,536,330,305,520,322,305,652,760,749,305,585
363,1023,0,195,1023,0,446,318,305,406,313,305,652,691,659,305,585
531,1023,0,490,1023,0,542,341,305,531,333,305,652,779,747,305,585
765,1023,0,612,1023,0,593,353,305,642,382,305,652,812,779,305,585
475,1023,0,358,1023,0,527,328,305,530,329,305,652,726,692,305,585
362,1023,0,218,1023,0,542,348,305,558,353,305,652,752,732,305,585
331,1023,0,319,1023,0,522,338,305,523,332,305,652,753,744,305,585
387,1023,0,263,1023,0,490,322,305,474,319,305,652,742,723,305,585
496,1023,0,587,1023,0,512,335,305,536,338,305,652,708,671,305,585
460,1023,0,262,1023,0,499,322,305,573,354,305,652,737,708,305,585
393,1023,0,265,1023,0,481,330,305,514,332,305,652,718,683,305,585
553,1023,0,472,1023,0,568,348,305,553,336,305,652,793,767,305,585
304,1023,0,103,1023,0,374,311,305,432,313,305,652,681,667,305,585
381,1023,0,147,1023,0,476,313,305,451,315,305,652,714,695,305,585
325,1023,0,94,1023,0,472,317,305,332,313,305,652,643,620,305,585
447,1023,0,338,1023,0,508,332,305,491,323,305,652,750,727,305,585
502,1023,0,433,1023,0,544,343,305,525,333,305,652,750,730,305,585
497,1023,0,248,1023,0,510,326,305,510,325,305,652,766,727,305,585
393,1023,0,350,1023,0,497,328,305,505,326,305,652,741,708,305,585
411,1023,0,280,1023,0,523,327,305,584,359,305,652,752,732,305,585
482,1023,0,314,1023,0,518,334,305,499,326,305,652,744,731,305,585
345,1023,0,206,1023,0,429,314,305,383,313,305,652,704,684,305,585
277,1023,0,237,1023,0,481,322,305,479,325,305,652,702,670,305,585
431,1023,0,550,1023,0,555,347,305,551,353,305,652,738,718,305,585
511,1023,0,448,1023,0,541,334,305,634,408,305,652,772,742,305,585
456,1023,0,364,1023,0,499,326,305,484,322,305,652,738,706,305,585
445,1023,0,310,1023,0,525,332,305,529,330,305,652,755,727,305,585
325,1023,0,216,1023,0,497,329,305,435,320,305,652,716,695,305,585
303,1023,0,184,1023,0,455,321,305,440,316,305,652,699,688,305,585
494,1023,0,217,1023,0,476,324,305,684,496,305,652,750,730,305,585
397,1023,0,287,1023,0,437,327,305,512,327,305,652,719,700,305,585
341,1023,0,194,1023,0,402,316,305,520,327,305,652,724,694,305,585
324,1023,0,114,1023,0,453,313,305,498,321,305,652,687,675,305,585
489,1023,0,344,1023,0,515,327,305,545,336,305,652,752,735,305,585
583,1023,0,399,1023,0,507,325,305,568,373,305,652,747,723,305,585
393,1023,0,446,1023,0,528,336,305,574,331,305,652,626,581,305,585
530,1023,0,299,1023,0,527,329,305,493,328,305,652,723,705,305,585
398,1023,0,273,1023,0,537,337,305,518,329,305,652,752,722,305,585
425,1023,0,202,1023,0,523,330,305,458,314,305,652,734,722,305,585
388,1023,0,179,1023,0,471,323,305,431,320,305,652,689,649,305,585
469,1023,0,318,1023,0,483,320,305,445,320,305,652,747,710,305,585
500,1023,0,344,1023,0,503,330,305,519,326,305,652,778,756,305,585
484,1023,0,401,1023,0,560,344,305,650,447,305,652,758,739,305,585
523,1023,0,238,1023,0,524,322,305,541,326,305,652,755,728,305,585
289,1023,0,169,1023,0,520,324,305,497,321,305,652,692,679,305,585
343,1023,0,239,1023,0,495,326,305,523,328,305,652,745,729,305,585
478,1023,0,494,1023,0,562,344,305,575,352,305,652,779,751,305,585
351,1023,0,157,1023,0,417,315,305,461,319,305,652,709,679,305,585
551,1023,0,668,1023,0,552,341,305,551,341,305,652,744,725,305,585
345,1023,0,143,1023,0,495,321,305,411,323,305,652,742,726,305,585
773,1023,0,609,1023,0,558,334,305,564,341,305,652,814,735,305,585
413,1023,0,301,1023,0,461,322,305,481,320,305,652,744,716,305,585
462,1023,0,355,1023,0,524,331,305,500,325,305,652,733,714,305,585
350,1023,0,271,1023,0,510,331,305,549,330,305,652,751,729,305,585
511,1023,0,385,1023,0,534,337,305,504,338,305,652,744,729,305,585
611,1023,0,509,1023,0,564,355,305,566,354,305,652,775,753,305,585
386,1023,0,323,1023,0,501,325,305,537,334,305,652,754,742,305,585
419,1023,0,259,1023,0,516,331,305,523,330,305,652,748,728,305,585
418,1023,0,303,1023,0,511,332,305,533,329,305,652,755,741,305,585
417,1023,0,546,1023,0,548,336,305,560,342,305,652,756,718,305,585
454,1023,0,306,1023,0,520,330,305,500,323,305,652,730,719,305,585
327,1023,0,273,1023,0,496,325,305,549,335,305,652,731,693,305,585
372,1023,0,159,1023,0,461,324,305,480,319,305,652,717,711,305,585
411,1023,0,168,1023,0,436,315,305,389,314,305,652,705,666,305,585
431,1023,0,305,1023,0,499,324,305,555,339,305,652,753,737,305,585
360,1023,0,220,1023,0,455,317,305,473,318,305,652,747,729,305,585
353,1023,0,302,1023,0,439,315,305,449,320,305,652,733,717,305,585
520,1023,0,367,1023,0,494,321,305,523,324,305,652,746,712,305,585
332,1023,0,377,1023,0,551,354,305,619,400,305,653,749,721,305,585
456,1023,0,330,1023,0,511,328,305,506,321,305,653,726,702,305,585
438,1023,0,361,1023,0,502,329,305,552,341,305,653,764,747,305,585
347,1023,0,276,1023,0,546,352,305,519,333,305,653,723,691,305,585
242,1023,0,137,1023,0,505,337,305,466,329,305,653,569,549,305,585
375,1023,0,450,1023,0,517,324,305,523,331,305,653,760,743,305,585
461,1023,0,354,1023,0,514,331,305,572,350,305,653,732,716,305,585
418,1023,0,295,1023,0,533,338,305,439,330,305,653,742,721,305,585
313,1023,0,247,1023,0,466,321,305,495,323,305,653,743,720,305,585
294,1023,0,174,1023,0,502,326,305,482,317,305,653,718,704,305,585
445,1023,0,269,1023,0,531,335,305,531,341,305,653,746,728,305,585
518,1023,0,322,1023,0,501,331,305,527,327,305,653,760,733,305,585
546,1023,0,649,1023,0,568,350,305,566,345,305,653,790,756,305,585
476,1023,0,355,1023,0,503,325,305,534,327,305,653,747,714,305,585
390,1023,0,346,1023,0,549,344,305,543,333,305,653,765,748,305,585
380,1023,0,391,1023,0,554,345,305,595,367,305,653,768,755,305,585
428,1023,0,327,1023,0,523,328,305,497,328,305,653,766,749,305,585
363,1023,0,191,1023,0,482,322,305,515,322,305,653,703,672,305,585
381,1023,0,285,1023,0,478,324,305,508,334,305,653,699,668,305,585
302,1023,0,193,1023,0,562,332,305,532,331,305,653,697,686,305,585
424,1023,0,189,1023,0,503,324,305,549,341,305,653,729,692,305,585
588,1023,0,624,1023,0,567,354,305,612,363,305,653,780,754,305,585
429,1023,0,353,1023,0,533,335,305,525,336,305,653,782,764,305,585
452,1023,0,261,1023,0,485,324,305,565,343,305,653,754,743,305,585
363,1023,0,260,1023,0,483,321,305,485,323,305,653,681,659,305,585
479,1023,0,471,1023,0,551,341,305,534,332,305,653,775,762,305,585
531,1023,0,427,1023,0,521,337,305,544,343,305,653,782,767,305,585
366,1023,0,423,1023,0,499,327,305,535,334,305,653,738,725,305,585
637,1023,0,326,1023,0,531,324,305,513,327,305,653,748,708,305,585
674,1023,0,587,1023,0,558,338,305,575,349,305,653,782,730,305,585
322,1023,0,175,1023,0,500,328,305,472,318,305,653,713,698,305,585
330,1023,0,169,1023,0,482,324,305,457,320,305,653,711,691,305,585
278,1023,0,195,1023,0,495,324,305,646,386,305,653,638,594,305,585
450,1023,0,363,1023,0,500,333,305,509,326,305,653,745,722,305,585
508,1023,0,493,1023,0,555,348,305,587,383,305,653,760,730,305,585
597,1023,0,333,1023,0,535,336,305,538,337,305,653,765,742,305,585
472,1023,0,454,1023,0,526,335,305,543,335,305,653,755,720,305,585
493,1023,0,457,1023,0,518,328,305,498,328,305,653,755,712,305,585
490,1023,0,430,1023,0,544,349,305,547,340,305,653,763,743,305,585
442,1023,0,377,1023,0,513,338,305,516,331,305,653,771,750,305,585
339,1023,0,191,1023,0,459,321,305,486,318,305,653,738,711,305,585
367,1023,0,242,1023,0,494,323,305,434,321,305,653,695,669,305,585
419,1023,0,227,1023,0,463,319,305,416,323,305,653,733,712,305,585
345,1023,0,160,1023,0,521,335,305,496,325,305,653,740,726,305,585
614,1023,0,468,1023,0,562,328,305,584,343,305,653,818,762,305,585
412,1023,0,298,1023,0,499,328,305,530,325,305,653,761,746,305,585
344,1023,0,339,1023,0,505,328,305,527,327,305,653,721,694,305,585
299,1023,0,217,1023,0,479,331,305,545,332,305,653,719,696,305,585
318,1023,0,218,1023,0,530,337,305,503,329,305,653,735,705,305,585
421,1023,0,296,1023,0,516,329,305,495,323,305,653,727,707,305,585
393,1023,0,246,1023,0,459,327,305,464,324,305,653,738,723,305,585
234,1023,0,128,1023,0,0,308,305,362,311,305,653,538,494,305,585
534,1023,0,550,1023,0,537,343,305,554,343,305,653,758,733,305,585
314,1023,0,239,1023,0,504,322,305,627,405,305,653,745,736,305,585
511,1023,0,361,1023,0,472,319,305,458,315,305,654,757,731,305,585
491,1023,0,564,1023,0,556,337,305,534,335,305,654,785,757,305,585
391,1023,0,342,1023,0,515,328,305,518,325,305,654,741,727,305,585
411,1023,0,328,1023,0,511,330,305,483,323,305,654,746,728,305,585
470,1023,0,369,1023,0,516,331,305,535,340,305,654,753,735,305,585
448,1023,0,372,1023,0,520,334,305,533,327,305,654,757,741,305,585
449,1023,0,500,1023,0,540,327,305,557,343,305,654,763,744,305,585
489,1023,0,208,1023,0,484,325,305,504,326,305,654,746,725,305,585
385,1023,0,303,1023,0,491,322,305,502,323,305,654,754,737,305,585
374,1023,0,352,1023,0,509,330,305,474,328,305,654,749,735,305,585
546,1023,0,550,1023,0,555,335,305,601,361,305,654,757,729,305,585
447,1023,0,392,1023,0,527,327,305,558,330,305,654,756,735,305,585
465,1023,0,283,1023,0,522,334,305,536,336,305,654,744,703,305,585
478,1023,0,441,1023,0,530,338,305,655,422,305,654,738,713,305,585
339,1023,0,366,1023,0,560,336,305,543,332,305,654,743,728,305,585
495,1023,0,519,1023,0,523,329,305,581,365,305,654,784,757,305,585
417,1023,0,306,1023,0,503,329,305,517,328,305,654,757,717,305,585
318,1023,0,370,1023,0,553,344,305,551,335,305,654,720,705,305,585
403,1023,0,480,1023,0,562,346,305,577,347,305,654,784,766,305,585
445,1023,0,323,1023,0,568,349,305,554,337,305,654,734,704,305,585
369,1023,0,207,1023,0,453,319,305,507,326,305,654,748,735,305,585
461,1023,0,366,1023,0,524,325,305,537,335,305,654,742,726,305,585
341,1023,0,188,1023,0,489,324,305,467,321,305,654,694,680,305,585
466,1023,0,320,1023,0,513,331,305,413,324,305,654,730,698,305,585
537,1023,0,332,1023,0,534,328,305,654,479,305,654,771,742,305,585
341,1023,0,284,1023,0,477,322,305,493,320,305,654,739,710,305,585
371,1023,0,265,1023,0,550,340,305,607,380,305,654,751,734,305,585
400,1023,0,235,1023,0,512,332,305,475,322,305,654,751,730,305,585
394,1023,0,274,1023,0,490,324,305,502,323,305,654,740,719,305,585
501,1023,0,295,1023,0,489,326,305,450,323,305,654,746,722,305,585
397,1023,0,234,1023,0,537,342,305,526,334,305,654,714,693,305,585
373,1023,0,313,1023,0,493,327,305,545,324,305,654,715,682,305,585
543,1023,0,433,1023,0,499,330,305,524,327,305,654,756,698,305,585
364,1023,0,203,1023,0,451,319,305,507,318,305,654,730,707,305,585
361,1023,0,332,1023,0,503,329,305,514,330,305,654,756,731,305,585
400,1023,0,187,1023,0,490,322,305,520,318,305,654,706,674,305,585
392,1023,0,303,1023,0,475,326,305,579,342,305,654,732,694,305,585
338,1023,0,263,1023,0,517,331,305,511,322,305,654,745,730,305,585
291,1023,0,165,1023,0,495,323,305,527,329,305,654,690,674,305,585
456,1023,0,539,1023,0,534,333,305,581,337,305,654,760,728,305,585
291,1023,0,233,1023,0,528,331,305,546,328,305,654,734,720,305,585
453,1023,0,253,1023,0,512,325,305,483,324,305,654,736,715,305,585
431,1023,0,296,1023,0,492,325,305,482,320,305,654,749,720,305,585
380,1023,0,144,1023,0,446,314,305,425,318,305,654,727,719,305,585
362,1023,0,366,1023,0,543,338,305,548,337,305,654,762,743,305,585
367,1023,0,243,1023,0,461,324,305,558,334,305,654,742,719,305,585
450,1023,0,403,1023,0,552,336,305,498,325,305,654,752,734,305,585
430,1023,0,465,1023,0,510,332,305,579,349,305,654,742,718,305,585
508,1023,0,394,1023,0,546,340,305,505,323,305,654,782,759,305,585
380,1023,0,251,1023,0,495,326,305,463,322,305,654,752,735,305,585
419,1023,0,286,1023,0,450,322,305,525,329,305,654,734,721,305,585
253,1023,0,132,1023,0,444,325,305,476,317,305,654,513,481,305,585
388,1023,0,293,1023,0,489,323,305,502,325,305,654,745,723,305,585
450,1023,0,288,1023,0,535,336,305,540,340,305,654,764,739,305,585
352,1023,0,368,1023,0,491,324,305,615,409,305,654,756,714,305,585
412,1023,0,253,1023,0,476,321,305,531,326,305,654,729,700,305,585
281,1023,0,240,1023,0,501,336,305,473,326,305,654,736,727,305,585
373,1023,0,240,1023,0,518,329,305,490,317,305,654,716,703,305,585
512,1023,0,449,1023,0,553,356,305,615,369,305,654,765,738,305,585
506,1023,0,303,1023,0,497,321,305,498,320,305,654,741,703,305,585
483,1023,0,498,1023,0,532,336,305,538,332,305,654,765,748,305,585
528,1023,0,267,1023,0,513,319,305,513,321,305,654,722,698,305,585
326,1023,0,478,1023,0,550,350,305,520,335,305,654,767,749,305,585
312,1023,0,199,1023,0,534,329,305,474,319,305,654,671,650,305,585
392,1023,0,350,1023,0,521,335,305,573,347,305,654,718,705,305,585
332,1023,0,290,1023,0,503,332,305,486,322,305,654,730,712,305,585
622,1023,0,654,1023,0,581,375,305,593,366,305,654,794,772,305,585
424,1023,0,434,1023,0,533,339,305,525,336,305,654,747,715,305,585
369,1023,0,355,1023,0,553,347,305,546,340,305,654,770,761,305,585
446,1023,0,349,1023,0,562,356,305,544,346,305,654,754,738,305,585
610,1023,0,622,1023,0,568,338,305,600,341,305,654,780,741,305,585
270,1023,0,205,1023,0,487,325,305,497,322,305,654,732,719,305,585
352,1023,0,274,1023,0,533,339,305,551,335,305,655,725,714,305,585
329,1023,0,261,1023,0,489,329,305,466,317,305,655,726,699,305,585
422,1023,0,225,1023,0,493,331,305,506,323,305,655,729,717,305,585
350,1023,0,365,1023,0,493,323,305,538,329,305,655,756,736,305,585
416,1023,0,365,1023,0,513,329,305,572,357,305,655,733,716,305,585
490,1023,0,431,1023,0,567,336,305,531,329,305,655,766,725,305,585
383,1023,0,543,1023,0,553,337,305,688,522,305,655,772,740,305,585
489,1023,0,298,1023,0,502,326,305,432,321,305,655,743,725,305,585
412,1023,0,429,1023,0,543,341,305,530,329,305,655,746,718,305,585
512,1023,0,227,1023,0,465,317,305,515,323,305,655,688,642,305,585
759,1023,0,626,1023,0,533,324,305,561,328,305,655,810,736,305,585
369,1023,0,163,1023,0,319,317,305,162,315,305,655,709,697,305,585
738,1023,0,620,1023,0,578,352,305,572,345,305,655,811,754,305,585
361,1023,0,369,1023,0,528,334,305,541,330,305,655,749,730,305,585
326,1023,0,335,1023,0,518,337,305,632,403,305,655,745,728,305,585
521,1023,0,350,1023,0,441,321,305,606,386,305,655,716,676,305,585
504,1023,0,524,1023,0,516,335,305,510,328,305,655,748,709,305,585
532,1023,0,349,1023,0,509,326,305,502,323,305,655,742,712,305,585
519,1023,0,478,1023,0,548,350,305,562,346,305,655,763,747,305,585
393,1023,0,252,1023,0,461,318,305,434,315,305,655,735,712,305,585
383,1023,0,333,1023,0,509,326,305,560,326,305,655,743,708,305,585
320,1023,0,265,1023,0,517,324,305,479,325,305,655,689,660,305,585
527,1023,0,366,1023,0,510,330,305,542,333,305,655,734,712,305,585
477,1023,0,417,1023,0,503,327,305,555,338,305,655,774,733,305,585
658,1023,0,546,1023,0,551,340,305,543,337,305,655,775,749,305,585
445,1023,0,317,1023,0,500,320,305,511,323,305,655,746,732,305,585
552,1023,0,412,1023,0,585,349,305,573,346,305,655,768,748,305,585
470,1023,0,397,1023,0,489,323,305,491,333,305,655,746,730,305,585
481,1023,0,422,1023,0,561,335,305,543,328,305,655,754,714,305,585
589,1023,0,495,1023,0,547,340,305,550,350,305,655,758,717,305,585
438,1023,0,349,1023,0,537,340,305,545,336,305,655,736,718,305,585
329,1023,0,178,1023,0,486,322,305,631,419,305,655,743,736,305,585
431,1023,0,329,1023,0,513,327,305,471,316,305,655,756,716,305,585
690,1023,0,597,1023,0,596,345,305,561,335,305,655,823,755,305,585
343,1023,0,151,1023,0,469,320,305,499,318,305,655,711,694,305,585
374,1023,0,269,1023,0,533,319,305,509,318,305,655,734,712,305,585
262,1023,0,126,1023,0,217,314,305,336,312,305,655,656,637,305,585
365,1023,0,277,1023,0,528,333,305,460,326,305,655,748,730,305,585
370,1023,0,245,1023,0,498,323,305,514,332,305,655,701,673,305,585
323,1023,0,500,1023,0,511,330,305,546,334,305,655,732,720,305,585
469,1023,0,310,1023,0,535,331,305,513,323,305,655,748,734,305,585
643,1023,0,475,1023,0,539,324,305,586,352,305,655,757,717,305,585
430,1023,0,314,1023,0,529,331,305,555,332,305,655,728,700,305,585
373,1023,0,218,1023,0,424,314,305,513,335,305,655,724,684,305,585
388,1023,0,326,1023,0,511,332,305,535,323,305,655,744,710,305,585
340,1023,0,292,1023,0,525,332,305,567,359,305,655,728,701,305,585
293,1023,0,238,1023,0,366,319,305,526,322,305,655,715,678,305,585
449,1023,0,413,1023,0,515,327,305,604,372,305,655,747,711,305,585
466,1023,0,276,1023,0,481,319,305,458,317,305,655,741,717,305,585
503,1023,0,536,1023,0,521,336,305,604,349,305,655,787,764,305,585
361,1023,0,214,1023,0,482,328,305,539,332,305,655,733,708,305,585
317,1023,0,183,1023,0,482,323,305,451,314,305,655,726,712,305,585
346,1023,0,276,1023,0,496,326,305,482,317,305,655,716,702,305,585
460,1023,0,370,1023,0,526,328,305,562,349,305,655,750,733,305,585
491,1023,0,656,1023,0,578,360,305,602,369,305,655,772,753,305,585
360,1023,0,435,1023,0,524,331,305,517,331,305,655,753,738,305,585
705,1023,0,682,1023,0,571,349,305,609,338,305,655,811,734,305,585
504,1023,0,325,1023,0,519,334,305,558,330,305,655,734,711,305,585
285,1023,0,199,1023,0,393,310,305,680,437,305,655,623,540,305,585
500,1023,0,375,1023,0,528,338,305,561,337,305,655,738,724,305,585
381,1023,0,268,1023,0,489,322,305,491,316,305,655,738,721,305,585
377,1023,0,275,1023,0,496,330,305,477,324,305,655,758,734,305,585
310,1023,0,242,1023,0,514,325,305,528,342,305,655,707,696,305,585
440,1023,0,479,1023,0,526,335,305,654,431,305,655,760,740,305,585
476,1023,0,352,1023,0,540,334,305,597,355,305,656,763,745,305,585
440,1023,0,443,1023,0,486,320,305,498,322,305,656,761,735,305,585
378,1023,0,321,1023,0,537,336,305,572,332,305,656,750,735,305,585
498,1023,0,314,1023,0,534,327,305,594,378,305,656,756,736,305,585
531,1023,0,261,1023,0,497,326,305,466,319,305,656,748,723,305,585
498,1023,0,450,1023,0,568,358,305,555,352,305,656,705,686,305,585
469,1023,0,414,1023,0,531,337,305,541,338,305,656,767,743,305,585
487,1023,0,620,1023,0,541,340,305,533,338,305,656,785,764,305,585
360,1023,0,329,1023,0,517,328,305,508,322,305,656,758,723,305,585
391,1023,0,398,1023,0,515,331,305,538,338,305,656,747,733,305,585
386,1023,0,184,1023,0,490,327,305,421,318,305,656,722,713,305,585
543,1023,0,566,1023,0,544,345,305,525,344,305,656,776,761,305,585
335,1023,0,173,1023,0,327,314,305,455,314,305,656,731,704,305,585
311,1023,0,250,1023,0,486,318,305,546,330,305,656,702,678,305,585
424,1023,0,402,1023,0,510,327,305,535,331,305,656,748,720,305,585
383,1023,0,237,1023,0,482,327,305,494,326,305,656,730,706,305,585
391,1023,0,326,1023,0,498,326,305,508,333,305,656,763,733,305,585
308,1023,0,237,1023,0,381,317,305,406,315,305,656,738,729,305,585
365,1023,0,387,1023,0,540,330,305,447,325,305,656,755,736,305,585
288,1023,0,186,1023,0,513,336,305,438,324,305,656,716,701,305,585
321,1023,0,325,1023,0,504,328,305,376,324,305,656,757,745,305,585
507,1023,0,637,1023,0,601,378,305,561,365,305,656,786,753,305,585
347,1023,0,255,1023,0,513,326,305,417,326,305,656,715,704,305,585
461,1023,0,517,1023,0,527,334,305,549,344,305,656,782,753,305,585
479,1023,0,430,1023,0,545,341,305,511,338,305,656,762,744,305,585
371,1023,0,193,1023,0,473,321,305,480,326,305,656,703,637,305,585
419,1023,0,422,1023,0,513,331,305,663,443,305,656,768,741,305,585
619,1023,0,405,1023,0,539,329,305,546,341,305,656,762,744,305,585
427,1023,0,192,1023,0,516,324,305,443,315,305,656,749,732,305,585
400,1023,0,324,1023,0,522,337,305,557,337,305,656,764,746,305,585
392,1023,0,293,1023,0,491,322,305,437,320,305,656,747,738,305,585
214,1023,0,169,1023,0,454,319,305,468,316,305,656,718,708,305,585
510,1023,0,326,1023,0,512,325,305,487,322,305,656,768,721,305,585
429,1023,0,299,1023,0,483,326,305,512,327,305,656,732,709,305,585
381,1023,0,183,1023,0,460,322,305,518,324,305,656,721,700,305,585
410,1023,0,416,1023,0,546,334,305,512,329,305,656,765,733,305,585
420,1023,0,362,1023,0,536,342,305,561,335,305,656,769,748,305,585
473,1023,0,386,1023,0,522,323,305,674,458,305,656,731,657,305,585
413,1023,0,430,1023,0,536,337,305,592,375,305,656,726,697,305,585
438,1023,0,290,1023,0,490,324,305,562,346,305,656,769,738,305,585
362,1023,0,426,1023,0,550,352,305,534,345,305,656,640,611,305,585
349,1023,0,230,1023,0,496,322,305,501,332,305,656,755,742,305,585
413,1023,0,247,1023,0,480,329,305,472,331,305,656,734,716,305,585
410,1023,0,344,1023,0,489,323,305,515,325,305,656,770,745,305,585
373,1023,0,202,1023,0,464,321,305,485,322,305,656,731,693,305,585
326,1023,0,237,1023,0,487,324,305,478,320,305,656,727,699,305,585
409,1023,0,368,1023,0,516,328,305,540,326,305,656,744,729,305,585
445,1023,0,211,1023,0,501,327,305,510,327,305,656,745,714,305,585
475,1023,0,496,1023,0,548,342,305,551,347,305,656,756,738,305,585
522,1023,0,447,1023,0,537,328,305,506,328,305,656,729,700,305,585
498,1023,0,454,1023,0,553,344,305,566,344,305,656,776,755,305,585
432,1023,0,452,1023,0,550,341,305,538,333,305,656,770,741,305,585
452,1023,0,342,1023,0,540,327,305,518,327,305,656,761,737,305,585
460,1023,0,372,1023,0,533,337,305,531,333,305,656,737,696,305,585
414,1023,0,340,1023,0,469,324,305,506,329,305,656,760,742,305,585
347,1023,0,230,1023,0,532,327,305,504,324,305,656,725,702,305,585
382,1023,0,191,1023,0,454,315,305,556,349,305,656,717,695,305,585
639,1023,0,496,1023,0,554,326,305,539,326,305,656,819,740,305,585
254,1023,0,254,1023,0,490,325,305,486,319,305,656,711,698,305,585
456,1023,0,345,1023,0,523,330,305,504,327,305,656,754,738,305,585
741,1023,0,645,1023,0,549,329,305,564,328,305,656,797,711,305,585
375,1023,0,209,1023,0,508,329,305,0,325,305,656,740,719,305,585
394,1023,0,331,1023,0,522,330,305,514,331,305,656,756,744,305,585
388,1023,0,335,1023,0,470,323,305,0,322,305,656,719,705,305,585
475,1023,0,278,1023,0,516,329,305,459,327,305,656,752,728,305,585
296,1023,0,277,1023,0,243,312,305,425,316,305,656,603,564,305,585
380,1023,0,415,1023,0,514,330,305,532,324,305,656,739,708,305,585
635,1023,0,514,1023,0,570,349,305,585,345,305,656,769,737,305,585
480,1023,0,500,1023,0,500,325,305,579,352,305,656,745,713,305,585
488,1023,0,479,1023,0,564,346,305,545,335,305,657,740,706,305,585
539,1023,0,425,1023,0,564,340,305,549,336,305,657,767,747,305,585
393,1023,0,356,1023,0,542,341,305,551,336,305,657,768,752,305,585
491,1023,0,465,1023,0,558,348,305,573,344,305,657,757,735,305,585
529,1023,0,272,1023,0,524,333,305,431,320,305,657,734,721,305,585
358,1023,0,207,1023,0,466,320,305,491,320,305,657,716,681,305,585
329,1023,0,227,1023,0,520,327,305,484,321,305,657,720,705,305,585
415,1023,0,379,1023,0,544,350,305,540,335,305,657,742,722,305,585
414,1023,0,349,1023,0,476,318,305,550,340,305,657,782,726,305,585
403,1023,0,316,1023,0,517,335,305,509,335,305,657,762,748,305,585
373,1023,0,252,1023,0,482,320,305,538,323,305,657,750,728,305,585
424,1023,0,442,1023,0,562,350,305,553,340,305,657,776,749,305,585
270,1023,0,204,1023,0,515,332,305,524,323,305,657,769,750,305,585
363,1023,0,246,1023,0,493,326,305,430,319,305,657,725,679,305,585
471,1023,0,252,1023,0,550,348,305,554,339,305,657,754,743,305,585
442,1023,0,408,1023,0,521,332,305,514,328,305,657,759,744,305,585
525,1023,0,436,1023,0,545,338,305,551,342,305,657,759,725,305,585
407,1023,0,237,1023,0,521,332,305,498,329,305,657,735,720,305,585
433,1023,0,198,1023,0,475,318,305,462,318,305,657,732,716,305,585
410,1023,0,312,1023,0,475,326,305,452,319,305,657,730,711,305,585
527,1023,0,568,1023,0,575,348,305,577,349,305,657,779,762,305,585
354,1023,0,337,1023,0,532,333,305,513,324,305,657,752,738,305,585
261,1023,0,198,1023,0,462,320,305,498,320,305,657,724,711,305,585
319,1023,0,175,1023,0,461,315,305,457,314,305,657,461,416,305,585
466,1023,0,262,1023,0,499,325,305,453,319,305,657,762,740,305,585
447,1023,0,329,1023,0,523,332,305,480,328,305,657,763,722,305,585
284,1023,0,142,1023,0,454,319,305,517,326,305,657,722,686,305,585
389,1023,0,247,1023,0,495,330,305,514,333,305,657,746,738,305,585
420,1023,0,296,1023,0,515,330,305,486,325,305,657,757,738,305,585
484,1023,0,411,1023,0,518,332,305,514,330,305,657,745,701,305,585
538,1023,0,509,1023,0,540,343,305,531,337,305,657,781,748,305,585
461,1023,0,392,1023,0,557,346,305,544,336,305,657,729,674,305,585
702,1023,0,389,1023,0,535,323,305,559,329,305,657,765,720,305,585
394,1023,0,484,1023,0,544,348,305,595,370,305,657,767,747,305,585
376,1023,0,420,1023,0,557,347,305,535,334,305,657,764,741,305,585
372,1023,0,332,1023,0,525,337,305,504,334,305,657,747,730,305,585
499,1023,0,570,1023,0,545,345,305,615,366,305,657,789,767,305,585
444,1023,0,313,1023,0,446,322,305,470,323,305,657,735,715,305,585
530,1023,0,289,1023,0,500,325,305,479,320,305,657,739,720,305,585
412,1023,0,350,1023,0,521,329,305,525,333,305,657,714,688,305,585
332,1023,0,182,1023,0,508,335,305,480,320,305,657,699,682,305,585
454,1023,0,246,1023,0,464,319,305,450,323,305,657,725,704,305,585
309,1023,0,181,1023,0,476,320,305,449,320,305,657,717,699,305,585
456,1023,0,363,1023,0,537,337,305,557,347,305,657,737,714,305,585
437,1023,0,296,1023,0,540,333,305,522,331,305,657,761,745,305,585
370,1023,0,279,1023,0,482,322,305,481,318,305,657,754,738,305,585
338,1023,0,174,1023,0,521,332,305,495,322,305,657,728,709,305,585
618,1023,0,310,1023,0,470,316,305,486,316,305,657,745,675,305,585
556,1023,0,448,1023,0,532,337,305,555,333,305,657,757,735,305,585
329,1023,0,198,1023,0,491,327,305,452,322,305,657,735,712,305,585
342,1023,0,204,1023,0,416,320,305,478,317,305,657,737,718,305,585
316,1023,0,125,1023,0,422,314,305,416,315,305,657,486,437,305,585
496,1023,0,306,1023,0,518,323,305,545,323,305,657,670,632,305,585
491,1023,0,344,1023,0,535,341,305,547,341,305,657,775,757,305,585
265,1023,0,170,1023,0,471,321,305,480,319,305,657,726,709,305,585
425,1023,0,491,1023,0,527,335,305,538,338,305,657,769,736,305,585
364,1023,0,393,1023,0,521,338,305,473,329,305,657,765,755,305,585
488,1023,0,586,1023,0,553,342,305,662,441,305,657,788,762,305,585
294,1023,0,278,1023,0,477,327,305,444,317,305,657,750,735,305,585
477,1023,0,484,1023,0,556,347,305,576,340,305,657,760,731,305,585
342,1023,0,208,1023,0,481,323,305,495,326,305,657,704,681,305,585
386,1023,0,232,1023,0,467,317,305,483,316,305,657,732,705,305,585
387,1023,0,292,1023,0,540,345,305,549,331,305,657,738,709,305,585
483,1023,0,349,1023,0,532,328,305,542,332,305,657,771,745,305,585
342,1023,0,208,1023,0,485,320,305,511,324,305,657,707,692,305,585
379,1023,0,404,1023,0,561,349,305,510,330,305,657,749,736,305,585
484,1023,0,446,1023,0,517,332,305,597,363,305,657,764,746,305,585
366,1023,0,216,1023,0,459,318,305,597,367,305,657,731,710,305,585
440,1023,0,312,1023,0,487,322,305,532,324,305,657,739,716,305,585
318,1023,0,242,1023,0,507,333,305,512,326,305,658,724,714,305,585
255,1023,0,260,1023,0,546,348,305,518,328,305,658,615,592,305,585
449,1023,0,437,1023,0,527,331,305,561,341,305,658,768,744,305,585
339,1023,0,255,1023,0,465,321,305,513,328,305,658,740,731,305,585
439,1023,0,298,1023,0,0,313,305,466,318,305,658,736,711,305,585
425,1023,0,392,1023,0,522,328,305,504,327,305,658,751,728,305,585
460,1023,0,224,1023,0,485,324,305,464,322,305,658,681,643,305,585
703,1023,0,447,1023,0,535,325,305,592,342,305,658,680,647,305,585
329,1023,0,342,1023,0,477,327,305,493,325,305,658,750,724,305,585
362,1023,0,220,1023,0,445,317,305,520,319,305,658,708,697,305,585
455,1023,0,437,1023,0,541,338,305,510,325,305,658,737,700,305,585
521,1023,0,396,1023,0,558,348,305,546,339,305,658,778,762,305,585
395,1023,0,338,1023,0,541,344,305,481,324,305,658,753,739,305,585
512,1023,0,335,1023,0,539,323,305,526,329,305,658,799,780,305,585
423,1023,0,315,1023,0,528,333,305,521,331,305,658,747,713,305,585
349,1023,0,215,1023,0,524,333,305,477,327,305,658,749,733,305,585
476,1023,0,370,1023,0,503,331,305,506,331,305,658,740,725,305,585
356,1023,0,204,1023,0,476,322,305,446,317,305,658,725,713,305,585
456,1023,0,479,1023,0,534,338,305,533,331,305,658,762,751,305,585
359,1023,0,301,1023,0,497,330,305,451,319,305,658,732,717,305,585
694,1023,0,550,1023,0,585,348,305,568,344,305,658,755,731,305,585
446,1023,0,302,1023,0,485,320,305,531,338,305,658,753,737,305,585
494,1023,0,344,1023,0,541,338,305,482,323,305,658,759,742,305,585
424,1023,0,463,1023,0,529,336,305,514,333,305,658,761,741,305,585
479,1023,0,423,1023,0,511,327,305,505,319,305,658,773,736,305,585
360,1023,0,371,1023,0,487,325,305,340,314,305,658,736,718,305,585
472,1023,0,308,1023,0,512,332,305,494,326,305,658,725,693,305,585
478,1023,0,266,1023,0,535,328,305,515,324,305,658,733,711,305,585
495,1023,0,458,1023,0,646,437,305,658,436,305,658,805,770,305,585
484,1023,0,550,1023,0,523,339,305,571,333,305,658,766,734,305,585
347,1023,0,226,1023,0,479,327,305,515,328,305,658,756,744,305,585
345,1023,0,249,1023,0,505,331,305,521,325,305,658,727,710,305,585
492,1023,0,479,1023,0,554,343,305,574,344,305,658,757,732,305,585
554,1023,0,375,1023,0,488,322,305,507,324,305,658,715,680,305,585
282,1023,0,165,1023,0,388,315,305,537,341,305,658,600,572,305,585
650,1023,0,685,1023,0,574,369,305,589,362,305,658,797,773,305,585
322,1023,0,177,1023,0,483,323,305,484,316,305,658,712,693,305,585
405,1023,0,222,1023,0,487,322,305,302,313,305,658,718,706,305,585
273,1023,0,164,1023,0,460,323,305,466,321,305,658,686,676,305,585
407,1023,0,496,1023,0,560,346,305,573,349,305,658,767,745,305,585
336,1023,0,242,1023,0,427,321,305,521,324,305,658,745,729,305,585
504,1023,0,335,1023,0,544,344,305,581,348,305,658,789,773,305,585
301,1023,0,348,1023,0,533,333,305,530,331,305,658,735,711,305,585
496,1023,0,348,1023,0,555,353,305,535,335,305,658,755,735,305,585
462,1023,0,365,1023,0,541,335,305,466,331,305,658,730,709,305,585
389,1023,0,378,1023,0,552,347,305,530,341,305,658,741,718,305,585
480,1023,0,331,1023,0,545,332,305,544,330,305,658,762,740,305,585
416,1023,0,304,1023,0,515,324,305,516,322,305,658,741,718,305,585
442,1023,0,353,1023,0,550,341,305,508,330,305,658,673,608,305,585
372,1023,0,312,1023,0,540,338,305,544,332,305,658,756,730,305,585
538,1023,0,402,1023,0,527,331,305,519,325,305,658,752,706,305,585
366,1023,0,307,1023,0,505,335,305,464,323,305,658,738,714,305,585
375,1023,0,214,1023,0,467,321,305,492,319,305,658,742,730,305,585
383,1023,0,239,1023,0,479,326,305,447,319,305,658,724,688,305,585
373,1023,0,365,1023,0,487,323,305,537,332,305,658,737,720,305,585
600,1023,0,458,1023,0,553,333,305,555,328,305,658,787,726,305,585
428,1023,0,408,1023,0,527,332,305,548,343,305,658,764,744,305,585
392,1023,0,278,1023,0,532,333,305,517,330,305,658,739,720,305,585
350,1023,0,192,1023,0,489,326,305,296,322,305,658,711,687,305,585
391,1023,0,301,1023,0,544,336,305,526,327,305,658,746,719,305,585
313,1023,0,162,1023,0,419,322,305,434,320,305,658,711,699,305,585
435,1023,0,368,1023,0,545,340,305,529,325,305,658,760,732,305,585
433,1023,0,254,1023,0,520,327,305,486,324,305,658,753,735,305,585
407,1023,0,356,1023,0,477,328,305,514,329,305,658,743,715,305,585
605,1023,0,307,1023,0,538,325,305,546,325,305,658,793,735,305,585
715,1023,0,628,1023,0,565,336,305,575,350,305,658,813,742,305,585
408,1023,0,262,1023,0,509,324,305,555,334,305,658,750,736,305,585
398,1023,0,313,1023,0,526,327,305,486,326,305,658,763,743,305,585
416,1023,0,406,1023,0,551,336,305,496,332,305,658,732,713,305,585
522,1023,0,463,1023,0,557,347,305,538,342,305,658,770,746,305,585
317,1023,0,271,1023,0,515,334,305,483,324,305,658,746,732,305,585
483,1023,0,337,1023,0,507,329,305,514,332,305,658,768,749,305,585
426,1023,0,250,1023,0,463,320,305,485,316,305,658,728,707,305,585
375,1023,0,284,1023,0,536,340,305,529,334,305,658,661,616,305,585
391,1023,0,298,1023,0,496,324,305,472,323,305,658,750,722,305,585
397,1023,0,377,1023,0,535,352,305,523,339,305,658,770,754,305,585
277,1023,0,351,1023,0,526,331,305,504,328,305,658,743,727,305,585
392,1023,0,343,1023,0,531,337,305,527,334,305,658,751,732,305,585
652,1023,0,604,1023,0,558,342,305,575,342,305,658,748,709,305,585
521,1023,0,389,1023,0,544,340,305,581,345,305,659,739,724,305,585
313,1023,0,211,1023,0,496,325,305,488,317,305,659,693,676,305,585
450,1023,0,294,1023,0,522,334,305,568,347,305,659,746,732,305,585
447,1023,0,604,1023,0,576,360,305,566,351,305,659,781,756,305,585
372,1023,0,156,1023,0,567,332,305,615,387,305,659,747,731,305,585
295,1023,0,179,1023,0,482,318,305,482,318,305,659,694,673,305,585
305,1023,0,168,1023,0,422,312,305,338,313,305,659,689,679,305,585
326,1023,0,186,1023,0,447,322,305,475,321,305,659,729,705,305,585
331,1023,0,212,1023,0,512,330,305,460,323,305,659,728,703,305,585
568,1023,0,601,1023,0,567,351,305,563,345,305,659,766,738,305,585
605,1023,0,621,1023,0,534,339,305,575,357,305,659,775,746,305,585
428,1023,0,468,1023,0,543,339,305,645,405,305,659,765,735,305,585
384,1023,0,339,1023,0,511,332,305,495,327,305,659,749,718,305,585
416,1023,0,397,1023,0,511,331,305,509,328,305,659,756,743,305,585
553,1023,0,292,1023,0,466,326,305,523,323,305,659,738,710,305,585
323,1023,0,248,1023,0,504,330,305,509,328,305,659,719,705,305,585
323,1023,0,283,1023,0,511,327,305,523,328,305,659,750,734,305,585
433,1023,0,272,1023,0,520,337,305,546,351,305,659,726,710,305,585
263,1023,0,122,1023,0,472,319,305,533,334,305,659,664,654,305,585
450,1023,0,210,1023,0,410,320,305,486,321,305,659,736,713,305,585
400,1023,0,315,1023,0,511,323,305,689,533,305,659,693,653,305,585
390,1023,0,302,1023,0,501,326,305,512,326,305,659,735,705,305,585
439,1023,0,299,1023,0,477,322,305,502,320,305,659,748,726,305,585
411,1023,0,351,1023,0,510,323,305,519,326,305,659,741,706,305,585
375,1023,0,503,1023,0,513,331,305,543,328,305,659,661,605,305,585
463,1023,0,322,1023,0,504,323,305,579,372,305,659,751,733,305,585
401,1023,0,212,1023,0,480,329,305,528,337,305,659,725,690,305,585
375,1023,0,395,1023,0,526,337,305,543,334,305,659,776,757,305,585
437,1023,0,436,1023,0,536,335,305,542,340,305,659,744,713,305,585
471,1023,0,341,1023,0,520,339,305,528,332,305,659,740,727,305,585
467,1023,0,385,1023,0,469,327,305,513,331,305,659,750,732,305,585
238,1023,0,115,1023,0,332,310,305,463,318,305,659,516,493,305,585
582,1023,0,504,1023,0,559,340,305,546,329,305,659,775,741,305,585
457,1023,0,361,1023,0,562,343,305,529,331,305,659,759,741,305,585
370,1023,0,567,1023,0,568,347,305,544,342,305,659,767,749,305,585
353,1023,0,213,1023,0,493,325,305,540,328,305,659,744,730,305,585
554,1023,0,533,1023,0,556,338,305,576,340,305,659,772,717,305,585
368,1023,0,308,1023,0,514,330,305,522,337,305,659,746,720,305,585
511,1023,0,496,1023,0,517,326,305,566,338,305,659,765,742,305,585
494,1023,0,334,1023,0,524,343,305,527,328,305,659,763,749,305,585
468,1023,0,642,1023,0,556,356,305,554,349,305,659,757,738,305,585
495,1023,0,644,1023,0,560,343,305,561,349,305,659,780,758,305,585
443,1023,0,316,1023,0,511,329,305,520,331,305,659,760,725,305,585
460,1023,0,332,1023,0,522,335,305,526,335,305,659,732,688,305,585
511,1023,0,309,1023,0,514,338,305,500,327,305,659,773,760,305,585
339,1023,0,283,1023,0,500,323,305,506,323,305,659,736,712,305,585
333,1023,0,183,1023,0,476,327,305,457,317,305,659,729,716,305,585
503,1023,0,377,1023,0,537,339,305,541,340,305,659,718,684,305,585
522,1023,0,398,1023,0,505,327,305,531,337,305,659,743,697,305,585
358,1023,0,289,1023,0,493,327,305,460,322,305,659,725,712,305,585
314,1023,0,162,1023,0,426,322,305,506,320,305,659,730,713,305,585
698,1023,0,647,1023,0,562,334,305,620,353,305,659,752,672,305,585
246,1023,0,147,1023,0,500,332,305,504,329,305,659,729,718,305,585
571,1023,0,523,1023,0,546,344,305,578,339,305,659,782,763,305,585
559,1023,0,422,1023,0,539,338,305,559,335,305,659,770,749,305,585
313,1023,0,229,1023,0,518,333,305,538,333,305,659,697,687,305,585
325,1023,0,170,1023,0,465,322,305,525,329,305,659,733,711,305,585
376,1023,0,300,1023,0,505,329,305,523,331,305,659,763,738,305,585
582,1023,0,529,1023,0,567,345,305,556,337,305,659,774,752,305,585
378,1023,0,208,1023,0,511,320,305,617,411,305,659,696,662,305,585
396,1023,0,312,1023,0,500,329,305,537,328,305,659,746,738,305,585
355,1023,0,255,1023,0,482,324,305,358,324,305,659,725,710,305,585
556,1023,0,625,1023,0,539,327,305,614,372,305,659,814,783,305,585
603,1023,0,413,1023,0,511,319,305,578,344,305,659,768,738,305,585
538,1023,0,415,1023,0,562,341,305,543,332,305,659,739,704,305,585
449,1023,0,298,1023,0,494,320,305,423,317,305,659,751,735,305,585
384,1023,0,268,1023,0,520,331,305,534,338,305,659,731,703,305,585
454,1023,0,240,1023,0,501,328,305,476,324,305,659,764,753,305,585
399,1023,0,255,1023,0,452,319,305,495,324,305,659,730,713,305,585
323,1023,0,195,1023,0,474,319,305,486,325,305,659,714,683,305,585
343,1023,0,256,1023,0,471,326,305,464,317,305,659,694,663,305,585
395,1023,0,388,1023,0,525,336,305,519,336,305,659,719,696,305,585
301,1023,0,264,1023,0,535,327,305,507,324,305,659,705,691,305,585
315,1023,0,278,1023,0,491,320,305,643,432,305,659,753,739,305,585
273,1023,0,156,1023,0,429,318,305,476,315,305,659,723,713,305,585
515,1023,0,505,1023,0,580,344,305,572,348,305,660,771,750,305,585
353,1023,0,201,1023,0,406,320,305,501,319,305,660,739,725,305,585
444,1023,0,431,1023,0,537,337,305,533,326,305,660,755,736,305,585
520,1023,0,394,1023,0,540,335,305,514,329,305,660,759,741,305,585
424,1023,0,291,1023,0,515,325,305,449,321,305,660,724,700,305,585
444,1023,0,238,1023,0,579,337,305,513,316,305,660,748,686,305,585
292,1023,0,293,1023,0,510,324,305,588,350,305,660,713,699,305,585
511,1023,0,494,1023,0,532,337,305,493,342,305,660,777,759,305,585
386,1023,0,309,1023,0,531,338,305,545,337,305,660,743,730,305,585
427,1023,0,316,1023,0,455,328,305,536,332,305,660,723,709,305,585
436,1023,0,287,1023,0,519,336,305,500,332,305,660,740,710,305,585
469,1023,0,460,1023,0,541,344,305,543,338,305,660,736,708,305,585
281,1023,0,314,1023,0,516,332,305,519,321,305,660,763,752,305,585
333,1023,0,303,1023,0,527,335,305,526,335,305,660,641,625,305,585
344,1023,0,411,1023,0,490,329,305,530,334,305,660,747,728,305,585
501,1023,0,495,1023,0,501,329,305,604,370,305,660,735,679,305,585
442,1023,0,282,1023,0,514,332,305,548,332,305,660,708,679,305,585
281,1023,0,111,1023,0,464,317,305,418,318,305,660,693,686,305,585
504,1023,0,332,1023,0,512,330,305,513,340,305,660,753,728,305,585
374,1023,0,247,1023,0,505,327,305,440,324,305,660,739,717,305,585
344,1023,0,187,1023,0,485,323,305,481,322,305,660,726,711,305,585
289,1023,0,284,1023,0,529,347,305,490,330,305,660,731,714,305,585
376,1023,0,184,1023,0,502,327,305,503,323,305,660,688,671,305,585
359,1023,0,257,1023,0,581,342,305,543,325,305,660,745,733,305,585
700,1023,0,586,1023,0,549,332,305,575,341,305,660,799,721,305,585
520,1023,0,457,1023,0,539,331,305,554,337,305,660,748,729,305,585
711,1023,0,694,1023,0,585,342,305,576,339,305,660,819,743,305,585
384,1023,0,209,1023,0,454,322,305,505,323,305,660,729,705,305,585
497,1023,0,305,1023,0,499,325,305,521,322,305,660,735,691,305,585
345,1023,0,234,1023,0,500,331,305,513,322,305,660,708,699,305,585
338,1023,0,520,1023,0,565,353,305,536,344,305,660,628,579,305,585
264,1023,0,270,1023,0,477,316,305,659,392,305,660,600,505,305,585
460,1023,0,270,1023,0,509,328,305,503,320,305,660,740,716,305,585
500,1023,0,239,1023,0,498,323,305,466,318,305,660,743,712,305,585
501,1023,0,431,1023,0,535,334,305,538,328,305,660,751,726,305,585
765,1023,0,570,1023,0,533,339,305,564,329,305,660,769,733,305,585
481,1023,0,419,1023,0,510,328,305,560,336,305,660,754,735,305,585
523,1023,0,572,1023,0,563,358,305,559,341,305,660,774,751,305,585
558,1023,0,478,1023,0,556,350,305,555,344,305,660,754,729,305,585
728,1023,0,455,1023,0,554,333,305,557,329,305,660,809,724,305,585
399,1023,0,269,1023,0,537,333,305,529,323,305,660,745,732,305,585
333,1023,0,180,1023,0,447,316,305,484,318,305,660,710,702,305,585
292,1023,0,226,1023,0,533,337,305,502,329,305,660,744,727,305,585
305,1023,0,192,1023,0,492,325,305,508,326,305,660,732,710,305,585
526,1023,0,540,1023,0,558,343,305,574,350,305,660,770,743,305,585
432,1023,0,353,1023,0,546,345,305,539,336,305,660,737,717,305,585
541,1023,0,531,1023,0,556,342,305,546,327,305,660,806,784,305,585
302,1023,0,343,1023,0,520,335,305,0,349,305,660,754,740,305,585
413,1023,0,462,1023,0,565,350,305,566,337,305,660,777,759,305,585
501,1023,0,364,1023,0,548,339,305,563,338,305,660,766,737,305,585
338,1023,0,259,1023,0,478,319,305,479,321,305,660,731,707,305,585
346,1023,0,288,1023,0,503,326,305,575,350,305,660,750,742,305,585
550,1023,0,520,1023,0,574,363,305,596,352,305,660,697,651,305,585
457,1023,0,256,1023,0,463,320,305,388,315,305,660,753,744,305,585
474,1023,0,281,1023,0,486,324,305,0,316,305,660,742,723,305,585
355,1023,0,240,1023,0,497,326,305,486,323,305,660,743,733,305,585
433,1023,0,479,1023,0,557,350,305,588,362,305,660,734,714,305,585
372,1023,0,348,1023,0,516,336,305,519,333,305,660,743,706,305,585
607,1023,0,604,1023,0,564,346,305,642,412,305,660,784,743,305,585
317,1023,0,167,1023,0,447,325,305,493,321,305,660,724,708,305,585
362,1023,0,280,1023,0,490,327,305,510,323,305,660,747,712,305,585
216,903,0,240,1023,0,498,317,305,528,326,305,660,629,541,305,585
406,1023,0,304,1023,0,523,339,305,528,329,305,660,649,612,305,585
476,1023,0,492,1023,0,554,335,305,561,335,305,660,768,742,305,585
440,1023,0,350,1023,0,514,333,305,542,335,305,660,755,739,305,585
417,1023,0,288,1023,0,508,323,305,522,329,305,660,741,725,305,585
456,1023,0,417,1023,0,536,334,305,549,334,305,661,781,752,305,585
498,1023,0,413,1023,0,542,333,305,547,332,305,661,763,744,305,585
466,1023,0,450,1023,0,496,326,305,0,340,305,661,743,713,305,585
532,1023,0,430,1023,0,543,336,305,565,329,305,661,767,746,305,585
461,1023,0,347,1023,0,573,336,305,532,339,305,661,760,742,305,585
472,1023,0,539,1023,0,578,357,305,561,334,305,661,778,752,305,585
362,1023,0,251,1023,0,496,322,305,525,336,305,661,699,675,305,585
359,1023,0,235,1023,0,441,319,305,481,322,305,661,730,713,305,585
625,1023,0,611,1023,0,584,365,305,583,356,305,661,779,750,305,585
338,1023,0,256,1023,0,515,332,305,466,322,305,661,712,702,305,585
240,1023,0,199,1023,0,444,313,305,376,315,305,661,531,498,305,585
300,1023,0,188,1023,0,381,311,305,472,322,305,661,680,669,305,585
549,1023,0,346,1023,0,557,342,305,565,336,305,661,760,748,305,585
438,1023,0,316,1023,0,508,324,305,537,326,305,661,742,706,305,585
447,1023,0,301,1023,0,508,327,305,476,320,305,661,743,723,305,585
539,1023,0,362,1023,0,555,333,305,539,328,305,661,764,739,305,585
552,1023,0,486,1023,0,504,326,305,512,327,305,661,771,743,305,585
546,1023,0,656,1023,0,584,349,305,584,347,305,661,800,772,305,585
450,1023,0,366,1023,0,551,337,305,564,335,305,661,761,727,305,585
326,1023,0,418,1023,0,488,329,305,528,333,305,661,739,711,305,585
458,1023,0,212,1023,0,500,323,305,493,319,305,661,766,752,305,585
541,1023,0,524,1023,0,556,344,305,542,344,305,661,786,763,305,585
302,1023,0,281,1023,0,523,340,305,493,324,305,661,719,704,305,585
333,1023,0,237,1023,0,415,318,305,500,320,305,661,739,733,305,585
342,1023,0,183,1023,0,471,316,305,403,314,305,661,694,673,305,585
379,1023,0,270,1023,0,516,327,305,534,332,305,661,656,625,305,585
478,1023,0,237,1023,0,516,326,305,454,321,305,661,756,733,305,585
485,1023,0,358,1023,0,535,325,305,524,323,305,661,767,733,305,585
361,1023,0,339,1023,0,532,338,305,491,335,305,661,757,747,305,585
292,1023,0,197,1023,0,504,330,305,501,326,305,661,710,702,305,585
519,1023,0,494,1023,0,548,352,305,544,341,305,661,757,724,305,585
391,1023,0,266,1023,0,417,324,305,504,322,305,661,745,730,305,585
748,1023,0,655,1023,0,576,359,305,605,355,305,661,804,779,305,585
341,1023,0,281,1023,0,549,348,305,547,335,305,661,745,728,305,585
363,1023,0,200,1023,0,481,322,305,458,317,305,661,713,685,305,585
467,1023,0,568,1023,0,561,355,305,572,347,305,661,688,639,305,585
445,1023,0,504,1023,0,535,329,305,556,333,305,661,768,725,305,585
509,1023,0,470,1023,0,521,328,305,501,326,305,661,739,717,305,585
406,1023,0,302,1023,0,526,335,305,603,390,305,661,741,713,305,585
401,1023,0,385,1023,0,539,335,305,519,327,305,661,738,721,305,585
438,1023,0,396,1023,0,525,336,305,562,348,305,661,770,748,305,585
340,1023,0,192,1023,0,489,321,305,486,322,305,661,720,709,305,585
529,1023,0,360,1023,0,525,337,305,531,328,305,661,767,739,305,585
398,1023,0,192,1023,0,434,320,305,445,317,305,661,719,706,305,585
676,1023,0,706,1023,0,544,335,305,569,334,305,661,773,733,305,585
475,1023,0,390,1023,0,527,334,305,467,337,305,661,748,722,305,585
449,1023,0,471,1023,0,539,334,305,526,337,305,661,759,733,305,585
467,1023,0,267,1023,0,473,318,305,417,317,305,661,761,740,305,585
347,1023,0,230,1023,0,505,325,305,494,318,305,661,705,688,305,585
395,1023,0,388,1023,0,537,344,305,603,354,305,661,751,738,305,585
459,1023,0,247,1023,0,436,315,305,491,322,305,661,695,679,305,585
486,1023,0,462,1023,0,551,341,305,514,333,305,661,746,708,305,585
398,1023,0,296,1023,0,497,328,305,519,330,305,661,741,718,305,585
452,1023,0,269,1023,0,520,339,305,485,335,305,661,756,732,305,585
409,1023,0,212,1023,0,489,325,305,449,319,305,661,734,687,305,585
349,1023,0,355,1023,0,501,334,305,522,322,305,661,746,729,305,585
452,1023,0,283,1023,0,503,324,305,510,330,305,661,751,717,305,585
260,1023,0,126,1023,0,471,318,305,445,313,305,661,705,679,305,585
440,1023,0,370,1023,0,535,342,305,593,362,305,661,756,738,305,585
338,1023,0,283,1023,0,533,327,305,510,328,305,661,630,556,305,585
771,1023,0,586,1023,0,572,333,305,543,331,305,661,795,710,305,585
380,1023,0,379,1023,0,497,323,305,551,329,305,661,764,723,305,585
350,1023,0,319,1023,0,522,333,305,530,325,305,661,751,730,305,585
379,1023,0,260,1023,0,467,324,305,479,320,305,661,725,697,305,585
514,1023,0,375,1023,0,518,334,305,530,334,305,661,763,733,305,585
447,1023,0,276,1023,0,503,325,305,470,314,305,661,726,683,305,585
419,1023,0,239,1023,0,488,324,305,516,318,305,661,734,720,305,585
412,1023,0,551,1023,0,540,344,305,541,337,305,661,771,737,305,585
294,1023,0,171,1023,0,489,329,305,521,323,305,661,681,670,305,585
502,1023,0,290,1023,0,517,338,305,527,323,305,661,689,646,305,585
434,1023,0,294,1023,0,537,341,305,502,327,305,661,711,675,305,585
347,1023,0,232,1023,0,411,316,305,423,316,305,661,719,710,305,585
628,1023,0,580,1023,0,518,331,305,553,337,305,661,773,734,305,585
206,1023,0,310,1023,0,528,328,305,686,480,305,661,643,584,305,585
453,1023,0,299,1023,0,526,334,305,540,346,305,661,749,736,305,585
515,1023,0,487,1023,0,538,341,305,507,330,305,661,761,745,305,585
485,1023,0,347,1023,0,543,347,305,545,339,305,661,744,726,305,585
235,1023,0,252,1023,0,466,322,305,508,323,305,661,731,718,305,585
395,1023,0,343,1023,0,577,353,305,493,335,305,661,768,752,305,585
471,1023,0,538,1023,0,571,340,305,559,336,305,662,770,744,305,585
419,1023,0,244,1023,0,475,322,305,442,315,305,662,733,684,305,585
451,1023,0,345,1023,0,519,337,305,528,324,305,662,737,725,305,585
374,1023,0,250,1023,0,501,327,305,519,327,305,662,737,724,305,585
337,1023,0,209,1023,0,508,328,305,495,326,305,662,727,699,305,585
382,1023,0,258,1023,0,524,332,305,561,346,305,662,702,682,305,585
430,1023,0,327,1023,0,503,329,305,528,333,305,662,754,740,305,585
402,1023,0,287,1023,0,514,337,305,521,328,305,662,579,541,305,585
375,1023,0,286,1023,0,490,326,305,514,328,305,662,754,740,305,585
205,1023,0,244,1023,0,510,331,305,475,322,305,662,561,544,305,585
468,1023,0,478,1023,0,532,330,305,535,337,305,662,767,737,305,585
406,1023,0,367,1023,0,527,338,305,547,342,305,662,749,728,305,585
598,1023,0,360,1023,0,526,333,305,319,328,305,662,760,746,305,585
298,1023,0,190,1023,0,489,324,305,527,322,305,662,687,674,305,585
404,1023,0,324,1023,0,504,326,305,473,325,305,662,755,742,305,585
370,1023,0,188,1023,0,550,330,305,427,315,305,662,701,673,305,585
387,1023,0,255,1023,0,521,334,305,519,326,305,662,759,743,305,585
612,1023,0,492,1023,0,540,334,305,585,341,305,662,760,732,305,585
345,1023,0,238,1023,0,502,329,305,484,320,305,662,723,710,305,585
501,1023,0,322,1023,0,537,338,305,532,333,305,662,747,722,305,585
405,1023,0,328,1023,0,491,326,305,422,322,305,662,746,728,305,585
468,1023,0,341,1023,0,477,327,305,522,337,305,662,750,729,305,585
488,1023,0,533,1023,0,550,344,305,551,341,305,662,646,592,305,585
451,1023,0,403,1023,0,533,345,305,567,355,305,662,626,584,305,585
596,1023,0,522,1023,0,552,342,305,547,333,305,662,726,700,305,585
297,1023,0,133,1023,0,435,314,305,494,318,305,662,705,689,305,585
426,1023,0,320,1023,0,562,354,305,516,334,305,662,762,740,305,585
473,1023,0,482,1023,0,540,344,305,521,326,305,662,764,738,305,585
378,1023,0,351,1023,0,506,329,305,556,337,305,662,729,719,305,585
527,1023,0,571,1023,0,563,348,305,530,333,305,662,786,754,305,585
524,1023,0,441,1023,0,518,321,305,535,326,305,662,748,728,305,585
592,1023,0,472,1023,0,514,317,305,533,323,305,662,779,702,305,585
655,1023,0,429,1023,0,555,336,305,525,327,305,662,778,732,305,585
340,1023,0,159,1023,0,468,323,305,513,321,305,662,688,675,305,585
492,1023,0,306,1023,0,497,330,305,510,323,305,662,711,685,305,585
459,1023,0,475,1023,0,555,337,305,542,342,305,662,756,739,305,585
495,1023,0,279,1023,0,507,327,305,586,347,305,662,770,754,305,585
607,1023,0,372,1023,0,530,327,305,541,328,305,662,770,748,305,585
486,1023,0,233,1023,0,488,329,305,470,317,305,662,732,717,305,585
400,1023,0,411,1023,0,514,334,305,552,327,305,662,767,743,305,585
466,1023,0,324,1023,0,501,328,305,452,325,305,662,738,718,305,585
445,1023,0,385,1023,0,538,341,305,546,341,305,662,737,713,305,585
680,1023,0,680,1023,0,567,330,305,584,337,305,662,808,735,305,585
402,1023,0,285,1023,0,464,321,305,496,324,305,662,744,724,305,585
361,1023,0,148,1023,0,493,322,305,477,317,305,662,715,682,305,585
301,1023,0,169,1023,0,475,325,305,440,316,305,662,673,654,305,585
336,1023,0,256,1023,0,520,333,305,478,321,305,662,738,726,305,585
454,1023,0,342,1023,0,540,338,305,501,330,305,662,760,749,305,585
404,1023,0,556,1023,0,549,343,305,607,380,305,662,762,721,305,585
484,1023,0,291,1023,0,500,325,305,503,322,305,662,754,733,305,585
318,1023,0,192,1023,0,467,317,305,491,325,305,662,693,676,305,585
634,1023,0,586,1023,0,549,332,305,526,330,305,662,820,751,305,585
512,1023,0,292,1023,0,488,317,305,521,320,305,662,755,730,305,585
389,1023,0,344,1023,0,550,342,305,502,335,305,662,760,737,305,585
391,1023,0,255,1023,0,509,324,305,460,317,305,662,747,736,305,585
499,1023,0,470,1023,0,564,344,305,518,330,305,662,766,724,305,585
300,1023,0,140,1023,0,460,319,305,491,339,305,662,703,668,305,585
301,1023,0,131,1023,0,468,321,305,444,324,305,662,510,464,305,585
477,1023,0,459,1023,0,566,353,305,559,336,305,662,769,748,305,585
352,1023,0,278,1023,0,515,331,305,474,323,305,662,722,685,305,585
408,1023,0,350,1023,0,515,326,305,483,323,305,662,741,713,305,585
320,1023,0,246,1023,0,437,320,305,516,326,305,662,706,685,305,585
516,1023,0,598,1023,0,537,346,305,542,341,305,662,771,742,305,585
431,1023,0,270,1023,0,485,328,305,475,331,305,662,761,747,305,585
508,1023,0,382,1023,0,542,347,305,551,335,305,662,763,747,305,585
257,1023,0,178,1023,0,481,330,305,423,318,305,662,702,691,305,585
379,1023,0,275,1023,0,519,328,305,573,361,305,662,732,709,305,585
318,1023,0,194,1023,0,490,324,305,534,337,305,662,708,687,305,585
311,1023,0,315,1023,0,493,325,305,534,327,305,662,722,699,305,585
462,1023,0,382,1023,0,500,329,305,515,324,305,662,761,745,305,585
321,1023,0,165,1023,0,451,318,305,467,314,305,662,705,694,305,585
445,1023,0,501,1023,0,542,336,305,528,333,305,662,754,720,305,585
308,1023,0,221,1023,0,452,321,305,397,316,305,662,706,684,305,585
498,1023,0,388,1023,0,521,331,305,540,333,305,662,722,704,305,585
405,1023,0,555,1023,0,565,357,305,553,346,305,662,762,720,305,585
370,1023,0,234,1023,0,515,331,305,493,323,305,662,721,702,305,585
496,1023,0,437,1023,0,538,338,305,562,334,305,662,761,741,305,585
303,1023,0,310,1023,0,469,327,305,504,324,305,662,711,685,305,585
424,1023,0,329,1023,0,513,334,305,532,326,305,662,760,734,305,585
519,1023,0,491,1023,0,503,334,305,550,331,305,663,765,737,305,585
369,1023,0,301,1023,0,527,338,305,531,328,305,663,732,701,305,585
533,1023,0,402,1023,0,489,324,305,522,322,305,663,755,728,305,585
589,1023,0,522,1023,0,545,334,305,549,345,305,663,770,747,305,585
330,1023,0,285,1023,0,501,328,305,506,321,305,663,726,716,305,585
397,1023,0,202,1023,0,479,326,305,419,326,305,663,731,720,305,585
347,1023,0,301,1023,0,519,330,305,523,336,305,663,709,689,305,585
454,1023,0,413,1023,0,548,340,305,550,338,305,663,751,726,305,585
359,1023,0,311,1023,0,484,320,305,473,318,305,663,735,710,305,585
279,1023,0,232,1023,0,472,323,305,507,323,305,663,729,718,305,585
451,1023,0,345,1023,0,483,328,305,579,340,305,663,754,738,305,585
396,1023,0,340,1023,0,486,321,305,483,326,305,663,728,698,305,585
425,1023,0,420,1023,0,560,348,305,545,342,305,663,754,731,305,585
436,1023,0,388,1023,0,497,331,305,519,330,305,663,758,745,305,585
455,1023,0,289,1023,0,507,330,305,518,325,305,663,740,719,305,585
473,1023,0,323,1023,0,426,324,305,443,320,305,663,756,728,305,585
607,1023,0,470,1023,0,513,330,305,553,338,305,663,745,718,305,585
536,1023,0,389,1023,0,523,334,305,526,327,305,663,772,760,305,585
448,1023,0,280,1023,0,509,332,305,500,323,305,663,761,733,305,658
436,1023,0,408,1023,0,554,344,305,558,340,305,663,744,726,305,658
454,1023,0,354,1023,0,543,343,305,545,339,305,663,763,747,305,658
455,1023,0,281,1023,0,548,338,305,548,334,305,663,765,749,305,658
472,1023,0,221,1023,0,511,329,305,493,321,305,663,730,717,305,658
402,1023,0,208,1023,0,470,325,305,511,321,305,663,744,723,305,658
750,1023,0,520,1023,0,559,338,305,547,334,305,663,781,751,305,658
329,1023,0,238,1023,0,565,347,305,526,336,305,663,749,731,305,658
342,1023,0,179,1023,0,479,323,305,466,324,305,663,716,687,305,658
617,1023,0,575,1023,0,569,341,305,549,330,305,663,808,761,305,658
558,1023,0,336,1023,0,508,332,305,524,342,305,663,754,720,305,658
394,1023,0,202,1023,0,493,326,305,540,331,305,663,701,692,305,658
338,1023,0,170,1023,0,357,313,305,500,319,305,663,676,655,305,658
454,1023,0,320,1023,0,475,324,305,504,330,305,663,736,692,305,658
515,1023,0,396,1023,0,561,348,305,536,337,305,663,765,744,305,658
421,1023,0,404,1023,0,590,363,305,576,362,305,663,779,766,305,658
516,1023,0,429,1023,0,507,332,305,550,336,305,663,762,737,305,658
488,1023,0,544,1023,0,537,338,305,562,346,305,663,771,759,305,658
542,1023,0,571,1023,0,536,333,305,558,342,305,663,788,745,305,658
371,1023,0,352,1023,0,560,352,305,553,337,305,663,763,748,305,658
497,1023,0,369,1023,0,586,340,305,575,335,305,663,778,753,305,658
566,1023,0,439,1023,0,520,329,305,514,329,305,663,814,785,305,658
442,1023,0,425,1023,0,527,338,305,560,334,305,663,781,760,305,658
385,1023,0,148,1023,0,492,325,305,494,324,305,663,713,681,305,658
520,1023,0,341,1023,0,516,330,305,473,323,305,663,779,760,305,658
361,1023,0,324,1023,0,536,348,305,538,338,305,663,740,731,305,658
379,1023,0,283,1023,0,519,328,305,481,323,305,663,751,735,305,658
432,1023,0,442,1023,0,526,334,305,533,335,305,663,753,731,305,658
607,1023,0,401,1023,0,529,329,305,538,330,305,663,754,716,305,658
372,1023,0,308,1023,0,507,333,305,528,333,305,663,758,737,305,658
502,1023,0,240,1023,0,503,329,305,525,324,305,663,745,716,305,658
434,1023,0,283,1023,0,469,321,305,534,334,305,663,768,738,305,658
517,1023,0,351,1023,0,532,337,305,529,335,305,663,767,740,305,658
462,1023,0,475,1023,0,540,341,305,550,332,305,663,758,741,305,658
323,1023,0,208,1023,0,482,330,305,563,344,305,663,714,701,305,658
353,1023,0,281,1023,0,487,321,305,549,328,305,663,733,709,305,658
523,1023,0,550,1023,0,565,352,305,574,348,305,663,783,753,305,658
322,1023,0,224,1023,0,411,317,305,506,321,305,663,728,709,305,658
318,1023,0,224,1023,0,477,335,305,458,322,305,663,686,667,305,658
664,1023,0,507,1023,0,550,328,305,584,344,305,663,796,718,305,658
435,1023,0,325,1023,0,532,340,305,546,332,305,663,761,732,305,658
428,1023,0,276,1023,0,528,338,305,529,326,305,663,753,736,305,658
280,1023,0,173,1023,0,450,317,305,487,316,305,663,728,718,305,658
328,1023,0,266,1023,0,506,333,305,529,340,305,663,732,703,305,658
342,1023,0,103,1023,0,0,312,305,413,313,305,663,665,650,305,658
437,1023,0,302,1023,0,499,327,305,510,330,305,663,749,736,305,658
435,1023,0,444,1023,0,525,339,305,572,341,305,663,780,761,305,658
310,1023,0,300,1023,0,483,333,305,574,358,305,663,744,731,305,658
358,1023,0,425,1023,0,528,338,305,572,347,305,663,741,709,305,658
663,1023,0,554,1023,0,570,350,305,601,365,305,663,762,718,305,658
382,1023,0,342,1023,0,529,324,305,501,325,305,663,767,748,305,658
360,1023,0,226,1023,0,484,327,305,458,327,305,663,742,726,305,658
414,1023,0,222,1023,0,505,329,305,509,321,305,664,700,688,305,658
317,1023,0,252,1023,0,503,327,305,542,334,305,664,758,746,305,658
352,1023,0,182,1023,0,467,316,305,466,317,305,664,702,686,305,658
428,1023,0,216,1023,0,484,326,305,479,319,305,664,735,724,305,658
533,1023,0,406,1023,0,520,326,305,515,324,305,664,762,729,305,658
421,1023,0,482,1023,0,565,338,305,544,341,305,664,778,762,305,658
290,1023,0,248,1023,0,528,334,305,644,433,305,664,739,728,305,658
413,1023,0,355,1023,0,482,321,305,540,339,305,664,755,737,305,658
393,1023,0,291,1023,0,513,329,305,476,321,305,664,747,726,305,658
448,1023,0,284,1023,0,518,341,305,513,334,305,664,731,693,305,658
489,1023,0,318,1023,0,503,330,305,479,328,305,664,748,739,305,658
302,1023,0,305,1023,0,484,319,305,459,320,305,664,700,681,305,658
505,1023,0,465,1023,0,534,337,305,564,336,305,664,773,751,305,658
526,1023,0,403,1023,0,524,329,305,499,324,305,664,727,708,305,658
479,1023,0,341,1023,0,461,321,305,525,340,305,664,737,720,305,658
364,1023,0,182,1023,0,505,329,305,501,328,305,664,729,711,305,658
685,1023,0,423,1023,0,584,364,305,574,351,305,664,779,751,305,658
407,1023,0,272,1023,0,500,329,305,516,325,305,664,720,697,305,658
454,1023,0,366,1023,0,506,325,305,504,325,305,664,761,743,305,658
515,1023,0,373,1023,0,542,332,305,491,326,305,664,749,718,305,658
420,1023,0,316,1023,0,514,330,305,471,325,305,664,738,720,305,658
390,1023,0,318,1023,0,527,326,305,517,325,305,664,715,667,305,658
314,1023,0,220,1023,0,457,320,305,489,319,305,664,735,712,305,658
427,1023,0,198,1023,0,486,326,305,256,316,305,664,708,675,305,658
326,1023,0,228,1023,0,479,319,305,485,327,305,664,744,724,305,658
347,1023,0,351,1023,0,520,337,305,520,330,305,664,756,741,305,658
490,1023,0,476,1023,0,528,328,305,485,327,305,664,745,721,305,658
446,1023,0,292,1023,0,494,324,305,512,322,305,664,749,732,305,658
493,1023,0,288,1023,0,488,319,305,553,330,305,664,715,695,305,658
400,1023,0,304,1023,0,507,330,305,575,363,305,664,720,685,305,658
502,1023,0,408,1023,0,539,330,305,547,339,305,664,745,721,305,658
511,1023,0,337,1023,0,548,340,305,563,335,305,664,751,730,305,658
639,1023,0,696,1023,0,576,364,305,584,352,305,664,801,777,305,658
534,1023,0,514,1023,0,568,349,305,552,335,305,664,781,758,305,658
470,1023,0,443,1023,0,558,352,305,541,344,305,664,772,754,305,658
374,1023,0,286,1023,0,495,327,305,477,329,305,664,678,648,305,658
421,1023,0,323,1023,0,484,323,305,483,317,305,664,743,702,305,658
327,1023,0,330,1023,0,495,331,305,493,325,305,664,759,741,305,658
465,1023,0,398,1023,0,503,328,305,497,323,305,664,792,771,305,658
404,1023,0,315,1023,0,490,327,305,479,317,305,664,741,712,305,658
513,1023,0,383,1023,0,562,360,305,550,350,305,664,748,726,305,658
406,1023,0,275,1023,0,499,328,305,495,326,305,664,735,723,305,658
398,1023,0,314,1023,0,513,332,305,499,324,305,664,760,738,305,658
583,1023,0,497,1023,0,554,341,305,585,347,305,664,754,707,305,658
430,1023,0,324,1023,0,542,340,305,527,332,305,664,746,731,305,658
312,1023,0,177,1023,0,492,328,305,625,439,305,664,710,666,305,658
409,1023,0,399,1023,0,525,340,305,504,328,305,664,756,741,305,658
335,1023,0,151,1023,0,500,323,305,463,320,305,664,690,668,305,658
736,1023,0,610,1023,0,555,331,305,560,329,305,664,803,730,305,658
333,1023,0,232,1023,0,481,329,305,542,320,305,664,710,700,305,658
448,1023,0,300,1023,0,499,328,305,557,341,305,664,712,697,305,658
433,1023,0,264,1023,0,548,340,305,529,325,305,664,758,746,305,658
273,1023,0,207,1023,0,510,325,305,474,319,305,664,734,723,305,658
462,1023,0,481,1023,0,527,334,305,514,330,305,664,754,726,305,658
441,1023,0,349,1023,0,486,328,305,521,334,305,664,756,740,305,658
287,1023,0,276,1023,0,494,321,305,521,326,305,664,732,711,305,658
457,1023,0,345,1023,0,506,328,305,518,335,305,664,747,715,305,658
271,1023,0,186,1023,0,489,324,305,509,320,305,664,709,697,305,658
426,1023,0,288,1023,0,588,393,305,562,362,305,664,758,743,305,658
449,1023,0,361,1023,0,513,332,305,535,337,305,664,750,734,305,658
415,1023,0,581,1023,0,542,336,305,511,327,305,664,761,741,305,658
340,1023,0,273,1023,0,503,328,305,471,318,305,665,744,734,305,658
307,1023,0,294,1023,0,491,331,305,499,324,305,665,751,718,305,658
388,1023,0,366,1023,0,548,341,305,536,338,305,665,755,736,305,658
293,1023,0,137,1023,0,408,324,305,402,316,305,665,674,669,305,658
375,1023,0,290,1023,0,525,332,305,515,324,305,665,708,688,305,658
447,1023,0,472,1023,0,531,342,305,519,332,305,665,748,734,305,658
395,1023,0,202,1023,0,318,314,305,402,314,305,665,713,684,305,658
288,1023,0,118,1023,0,436,317,305,426,314,305,665,645,629,305,658
632,1023,0,679,1023,0,568,344,305,576,340,305,665,809,766,305,658
502,1023,0,618,1023,0,551,346,305,561,354,305,665,756,721,305,658
457,1023,0,490,1023,0,533,328,305,508,326,305,665,767,748,305,658
336,1023,0,279,1023,0,501,328,305,487,322,305,665,740,730,305,658
486,1023,0,320,1023,0,507,329,305,529,329,305,665,767,753,305,658
576,1023,0,457,1023,0,532,337,305,533,331,305,665,747,703,305,658
403,1023,0,326,1023,0,481,321,305,547,332,305,665,760,724,305,658
593,1023,0,452,1023,0,534,329,305,522,335,305,665,766,742,305,658
467,1023,0,411,1023,0,536,335,305,547,327,305,665,748,733,305,658
330,1023,0,251,1023,0,525,334,305,480,328,305,665,756,746,305,658
409,1023,0,304,1023,0,515,336,305,456,326,305,665,673,631,305,658
408,1023,0,304,1023,0,522,341,305,541,332,305,665,731,715,305,658
258,1023,0,147,1023,0,457,324,305,473,319,305,665,565,534,305,658
423,1023,0,411,1023,0,515,334,305,523,327,305,665,765,747,305,658
237,1023,0,200,1023,0,471,319,305,485,319,305,665,714,695,305,658
315,1023,0,349,1023,0,511,337,305,529,336,305,665,754,742,305,658
298,1023,0,208,1023,0,491,330,305,488,328,305,665,734,722,305,658
411,1023,0,292,1023,0,532,337,305,462,326,305,665,761,730,305,658
300,1023,0,258,1023,0,414,318,305,458,316,305,665,567,531,305,658
451,1023,0,362,1023,0,516,339,305,516,335,305,665,767,732,305,658
610,1023,0,718,1023,0,585,371,305,602,364,305,665,808,791,305,658
396,1023,0,317,1023,0,536,334,305,494,330,305,665,749,736,305,658
415,1023,0,219,1023,0,503,329,305,495,330,305,665,742,721,305,658
424,1023,0,424,1023,0,553,347,305,528,333,305,665,666,629,305,658
436,1023,0,417,1023,0,581,362,305,533,341,305,665,749,717,305,658
551,1023,0,552,1023,0,556,337,305,581,331,305,665,783,760,305,658
356,1023,0,166,1023,0,497,320,305,428,322,305,665,693,671,305,658
456,1023,0,264,1023,0,497,319,305,507,315,305,665,728,710,305,658
504,1023,0,519,1023,0,543,338,305,545,336,305,665,770,726,305,658
334,1023,0,139,1023,0,421,317,305,487,317,305,665,690,678,305,658
737,1023,0,617,1023,0,570,339,305,574,339,305,665,815,751,305,658
435,1023,0,227,1023,0,518,340,305,462,327,305,665,750,730,305,658
558,1023,0,242,1023,0,525,331,305,495,322,305,665,760,732,305,658
399,1023,0,267,1023,0,519,333,305,516,330,305,665,740,718,305,658
472,1023,0,396,1023,0,486,328,305,524,337,305,665,763,750,305,658
380,1023,0,281,1023,0,500,331,305,474,320,305,665,746,730,305,658
424,1023,0,322,1023,0,504,328,305,531,332,305,665,743,721,305,658
432,1023,0,506,1023,0,563,341,305,587,337,305,665,733,686,305,658
754,1023,0,677,1023,0,563,330,305,578,340,305,665,752,664,305,658
406,1023,0,193,1023,0,466,318,305,461,317,305,665,726,702,305,658
533,1023,0,327,1023,0,516,324,305,542,331,305,665,756,736,305,658
330,1023,0,350,1023,0,530,333,305,527,329,305,665,765,751,305,658
580,1023,0,504,1023,0,545,341,305,583,369,305,665,780,747,305,658
568,1023,0,531,1023,0,557,355,305,561,340,305,665,763,738,305,658
395,1023,0,277,1023,0,496,337,305,480,323,305,665,715,695,305,658
334,1023,0,125,1023,0,228,313,305,381,313,305,665,673,666,305,658
315,1023,0,261,1023,0,432,321,305,426,314,305,665,719,702,305,658
281,1023,0,200,1023,0,398,316,305,459,314,305,665,666,657,305,658
373,1023,0,204,1023,0,433,314,305,395,317,305,665,717,704,305,658
401,1023,0,266,1023,0,498,327,305,548,342,305,665,720,695,305,658
562,1023,0,447,1023,0,518,329,305,536,335,305,665,672,612,305,658
726,1023,0,581,1023,0,551,333,305,572,331,305,665,809,738,305,658
386,1023,0,287,1023,0,545,335,305,547,332,305,665,758,742,305,658
508,1023,0,424,1023,0,502,325,305,529,333,305,665,762,736,305,658
761,1023,0,643,1023,0,562,344,305,629,392,305,665,811,738,305,658
679,1023,0,426,1023,0,578,342,305,562,337,305,665,758,713,305,658
432,1023,0,293,1023,0,559,341,305,526,328,305,665,771,748,305,658
381,1023,0,224,1023,0,415,318,305,466,317,305,665,747,728,305,658
415,1023,0,363,1023,0,497,330,305,551,325,305,665,756,742,305,658
433,1023,0,433,1023,0,525,331,305,559,338,305,665,771,739,305,658
431,1023,0,362,1023,0,456,315,305,500,333,305,665,749,732,305,658
444,1023,0,257,1023,0,469,324,305,520,326,305,665,738,709,305,658
712,1023,0,534,1023,0,566,331,305,582,333,305,665,798,730,305,658
407,1023,0,229,1023,0,479,322,305,581,370,305,665,735,705,305,658
572,1023,0,374,1023,0,521,333,305,543,330,305,665,746,718,305,658
416,1023,0,228,1023,0,523,331,305,461,319,305,665,723,701,305,658
448,1023,0,534,1023,0,575,352,305,554,340,305,665,755,728,305,658
617,1023,0,463,1023,0,558,344,305,547,335,305,665,784,755,305,658
488,1023,0,384,1023,0,532,345,305,505,334,305,665,767,750,305,658
433,1023,0,253,1023,0,479,325,305,451,323,305,665,737,724,305,658
614,1023,0,512,1023,0,535,338,305,554,327,305,665,772,756,305,658
512,1023,0,307,1023,0,538,327,305,606,350,305,665,784,719,305,658
232,1023,0,142,1023,0,364,311,305,395,315,305,665,704,684,305,658
581,1023,0,646,1023,0,586,358,305,585,357,305,665,788,769,305,658
308,1023,0,174,1023,0,471,325,305,465,319,305,665,719,702,305,658
466,1023,0,256,1023,0,515,324,305,498,324,305,665,744,730,305,658
426,1023,0,431,1023,0,513,326,305,510,327,305,665,766,735,305,658
524,1023,0,633,1023,0,563,341,305,559,335,305,665,774,746,305,658
353,1023,0,214,1023,0,432,315,305,474,317,305,665,729,719,305,658
556,1023,0,484,1023,0,522,329,305,542,331,305,665,751,732,305,658
524,1023,0,303,1023,0,500,322,305,485,323,305,665,766,726,305,658
464,1023,0,487,1023,0,531,331,305,530,332,305,665,742,712,305,658
458,1023,0,371,1023,0,519,337,305,569,338,305,665,763,754,305,658
465,1023,0,265,1023,0,511,335,305,516,326,305,666,723,704,305,658
387,1023,0,341,1023,0,523,332,305,521,323,305,666,760,742,305,658
443,1023,0,329,1023,0,497,326,305,488,323,305,666,774,763,305,658
498,1023,0,493,1023,0,515,336,305,587,353,305,666,781,752,305,658
399,1023,0,238,1023,0,471,318,305,476,324,305,666,735,697,305,658
494,1023,0,257,1023,0,497,325,305,488,318,305,666,749,736,305,658
548,1023,0,433,1023,0,517,336,305,487,329,305,666,660,609,305,658
703,1023,0,651,1023,0,593,362,305,584,349,305,666,786,751,305,658
396,1023,0,185,1023,0,454,325,305,486,318,305,666,759,734,305,658
338,1023,0,304,1023,0,507,328,305,0,329,305,666,735,720,305,658
436,1023,0,273,1023,0,503,322,305,508,320,305,666,745,712,305,658
578,1023,0,422,1023,0,547,334,305,523,329,305,666,726,713,305,658
470,1023,0,317,1023,0,513,330,305,568,334,305,666,741,712,305,658
472,1023,0,530,1023,0,563,351,305,550,342,305,666,821,798,305,658
335,1023,0,369,1023,0,522,338,305,523,332,305,666,759,734,305,658
397,1023,0,396,1023,0,542,332,305,564,341,305,666,761,742,305,658
357,1023,0,260,1023,0,462,326,305,542,329,305,666,750,727,305,658
448,1023,0,578,1023,0,563,347,305,547,336,305,666,781,759,305,658
367,1023,0,244,1023,0,467,317,305,501,322,305,666,737,727,305,658
492,1023,0,447,1023,0,544,336,305,573,334,305,666,778,761,305,658
611,1023,0,583,1023,0,550,331,305,545,328,305,666,755,711,305,658
300,1023,0,159,1023,0,473,316,305,0,314,305,666,685,679,305,658
426,1023,0,379,1023,0,530,330,305,544,331,305,666,751,715,305,658
357,1023,0,500,1023,0,562,342,305,592,353,305,666,771,735,305,658
368,1023,0,455,1023,0,536,327,305,558,336,305,666,759,744,305,658
453,1023,0,274,1023,0,469,322,305,520,322,305,666,750,708,305,658
438,1023,0,270,1023,0,538,338,305,546,338,305,666,674,635,305,658
454,1023,0,342,1023,0,519,332,305,629,450,305,666,747,733,305,658
260,1023,0,165,1023,0,443,319,305,378,314,305,666,537,499,305,658
333,1023,0,149,1023,0,413,314,305,472,315,305,666,662,636,305,658
416,1023,0,298,1023,0,505,329,305,520,332,305,666,724,709,305,658
450,1023,0,485,1023,0,557,350,305,553,337,305,666,769,746,305,658
306,1023,0,253,1023,0,464,326,305,437,317,305,666,723,707,305,658
341,1023,0,241,1023,0,513,332,305,438,316,305,666,729,706,305,658
334,1023,0,210,1023,0,478,318,305,480,317,305,666,720,706,305,658
447,1023,0,463,1023,0,552,339,305,584,334,305,666,772,746,305,658
320,1023,0,161,1023,0,462,320,305,455,316,305,666,687,682,305,658
312,1023,0,198,1023,0,523,335,305,549,336,305,666,720,707,305,658
653,1023,0,707,1023,0,581,354,305,574,339,305,666,811,743,305,658
565,1023,0,421,1023,0,558,339,305,512,329,305,666,775,758,305,658
539,1023,0,391,1023,0,498,322,305,529,323,305,666,791,717,305,658
486,1023,0,355,1023,0,506,322,305,440,320,305,666,751,710,305,658
400,1023,0,388,1023,0,538,336,305,529,333,305,666,759,747,305,658
432,1023,0,268,1023,0,485,319,305,500,315,305,666,729,697,305,658
403,1023,0,401,1023,0,536,346,305,514,327,305,666,756,750,305,658
612,1023,0,626,1023,0,590,375,305,593,364,305,666,802,766,305,658
510,1023,0,359,1023,0,478,323,305,477,322,305,666,739,720,305,658
429,1023,0,305,1023,0,481,320,305,487,319,305,666,748,722,305,658
389,1023,0,426,1023,0,534,336,305,516,332,305,666,762,751,305,658
452,1023,0,589,1023,0,597,341,305,601,358,305,666,765,738,305,658
446,1023,0,385,1023,0,567,345,305,527,340,305,666,763,745,305,658
228,1023,0,135,1023,0,430,315,305,414,324,305,666,520,494,305,658
368,1023,0,249,1023,0,516,331,305,514,323,305,666,697,674,305,658
371,1023,0,168,1023,0,476,318,305,486,317,305,666,706,687,305,658
399,1023,0,176,1023,0,509,328,305,522,326,305,666,743,723,305,658
388,1023,0,302,1023,0,503,331,305,558,336,305,666,734,703,305,658
377,1023,0,322,1023,0,526,334,305,516,332,305,666,716,699,305,658
569,1023,0,450,1023,0,525,330,305,532,336,305,666,759,746,305,658
437,1023,0,496,1023,0,536,331,305,559,338,305,666,778,760,305,658
456,1023,0,273,1023,0,514,328,305,510,325,305,666,771,758,305,658
289,1023,0,335,1023,0,493,326,305,581,339,305,666,743,722,305,658
404,1023,0,364,1023,0,515,336,305,499,334,305,666,748,727,305,658
531,1023,0,474,1023,0,524,335,305,555,331,305,666,756,734,305,658
506,1023,0,322,1023,0,418,316,305,535,342,305,666,723,675,305,658
436,1023,0,270,1023,0,491,328,305,451,320,305,666,725,710,305,658
451,1023,0,390,1023,0,509,330,305,514,324,305,666,751,710,305,658
518,1023,0,341,1023,0,500,325,305,473,326,305,666,768,740,305,658
442,1023,0,327,1023,0,489,327,305,495,323,305,666,746,713,305,658
498,1023,0,576,1023,0,546,342,305,551,336,305,667,746,711,305,658
484,1023,0,312,1023,0,522,336,305,489,323,305,667,759,718,305,658
526,1023,0,406,1023,0,517,329,305,567,336,305,667,772,737,305,658
263,1023,0,99,1023,0,460,321,305,537,340,305,667,712,698,305,658
613,1023,0,708,1023,0,573,347,305,575,346,305,667,776,746,305,658
335,1023,0,321,1023,0,522,337,305,543,338,305,667,749,726,305,658
392,1023,0,302,1023,0,462,325,305,426,314,305,667,734,716,305,658
420,1023,0,384,1023,0,522,327,305,526,333,305,667,759,734,305,658
452,1023,0,366,1023,0,517,324,305,478,326,305,667,760,743,305,658
425,1023,0,548,1023,0,585,364,305,585,360,305,667,779,750,305,658
354,1023,0,299,1023,0,540,341,305,521,329,305,667,755,732,305,658
431,1023,0,232,1023,0,518,328,305,465,322,305,667,672,652,305,658
342,1023,0,324,1023,0,527,332,305,561,327,305,667,751,738,305,658
350,1023,0,239,1023,0,496,327,305,477,318,305,667,716,683,305,658
466,1023,0,463,1023,0,524,337,305,554,350,305,667,793,768,305,658
264,1023,0,164,1023,0,480,321,305,0,332,305,667,688,674,305,658
204,1023,0,201,1023,0,447,320,305,487,321,305,667,532,508,305,658
437,1023,0,502,1023,0,540,339,305,540,339,305,667,751,715,305,658
268,1023,0,215,1023,0,425,321,305,537,326,305,667,691,661,305,658
391,1023,0,231,1023,0,476,327,305,446,320,305,667,741,717,305,658
223,1023,0,293,1023,0,519,329,305,562,331,305,667,747,726,305,658
429,1023,0,473,1023,0,556,345,305,536,337,305,667,800,780,305,658
340,1023,0,196,1023,0,496,328,305,487,324,305,667,725,712,305,658
657,1023,0,497,1023,0,535,330,305,575,331,305,667,751,726,305,658
410,1023,0,283,1023,0,537,348,305,584,346,305,667,737,724,305,658
457,1023,0,459,1023,0,568,340,305,633,414,305,667,766,735,305,658
241,1023,0,222,1023,0,501,337,305,518,332,305,667,719,710,305,658
550,1023,0,592,1023,0,584,360,305,586,353,305,667,822,794,305,658
384,1023,0,304,1023,0,520,333,305,511,325,305,667,703,686,305,658
422,1023,0,225,1023,0,423,321,305,485,322,305,667,733,693,305,658
326,1023,0,161,1023,0,403,315,305,437,318,305,667,706,693,305,658
290,1023,0,357,1023,0,552,353,305,569,358,305,667,635,607,305,658
429,1023,0,322,1023,0,500,322,305,501,324,305,667,753,727,305,658
516,1023,0,443,1023,0,533,330,305,533,325,305,667,762,747,305,658
326,1023,0,349,1023,0,517,332,305,538,333,305,667,739,730,305,658
356,1023,0,147,1023,0,339,319,305,373,313,305,667,732,723,305,658
297,1023,0,222,1023,0,511,329,305,486,325,305,667,716,707,305,658
433,1023,0,483,1023,0,555,352,305,533,339,305,667,767,747,305,658
400,1023,0,472,1023,0,541,341,305,555,343,305,667,761,744,305,658
391,1023,0,277,1023,0,472,323,305,555,339,305,667,727,708,305,658
439,1023,0,522,1023,0,554,349,305,569,345,305,667,769,753,305,658
278,1023,0,234,1023,0,551,339,305,491,326,305,667,740,710,305,658
462,1023,0,357,1023,0,489,326,305,547,330,305,667,761,750,305,658
412,1023,0,377,1023,0,517,325,305,501,329,305,667,756,718,305,658
407,1023,0,262,1023,0,472,319,305,508,319,305,667,731,720,305,658
458,1023,0,342,1023,0,539,337,305,566,343,305,667,755,742,305,658
398,1023,0,330,1023,0,499,324,305,392,316,305,667,746,734,305,658
443,1023,0,284,1023,0,505,325,305,526,321,305,667,751,731,305,658
279,1023,0,369,1023,0,508,322,305,725,546,305,667,672,562,305,658
642,1023,0,601,1023,0,591,344,305,561,341,305,667,828,778,305,658
541,1023,0,503,1023,0,569,345,305,548,339,305,667,787,758,305,658
372,1023,0,336,1023,0,597,348,305,525,333,305,667,761,748,305,658
566,1023,0,611,1023,0,614,392,305,618,392,305,667,851,827,305,658
380,1023,0,319,1023,0,555,344,305,545,338,305,667,771,763,305,658
504,1023,0,499,1023,0,554,340,305,542,340,305,667,770,748,305,658
333,1023,0,253,1023,0,415,317,305,520,325,305,667,730,703,305,658
419,1023,0,306,1023,0,544,338,305,603,347,305,667,747,725,305,658
486,1023,0,442,1023,0,537,333,305,537,331,305,667,766,750,305,658
327,1023,0,254,1023,0,521,340,305,529,333,305,667,794,780,305,658
379,1023,0,354,1023,0,527,326,305,504,326,305,667,752,719,305,658
495,1023,0,493,1023,0,535,326,305,560,338,305,667,764,737,305,658
391,1023,0,339,1023,0,527,330,305,505,327,305,667,746,727,305,658
337,1023,0,277,1023,0,431,318,305,548,345,305,667,735,699,305,658
551,1023,0,319,1023,0,530,333,305,500,329,305,667,735,713,305,658
344,1023,0,217,1023,0,485,327,305,491,323,305,667,733,709,305,658
239,1023,0,182,1023,0,426,314,305,332,311,305,667,571,547,305,658
240,1023,0,135,1023,0,464,324,305,455,319,305,667,722,712,305,658
325,1023,0,318,1023,0,478,322,305,469,320,305,667,744,731,305,658
376,1023,0,264,1023,0,487,326,305,490,316,305,667,725,715,305,658
502,1023,0,284,1023,0,496,329,305,454,322,305,667,737,711,305,658
322,1023,0,339,1023,0,506,328,305,475,331,305,667,757,745,305,658
364,1023,0,325,1023,0,514,337,305,537,329,305,667,756,744,305,658
314,1023,0,363,1023,0,524,337,305,552,334,305,667,748,722,305,658
384,1023,0,280,1023,0,530,333,305,504,327,305,667,710,679,305,658
386,1023,0,290,1023,0,560,352,305,541,342,305,668,751,734,305,658
443,1023,0,304,1023,0,499,328,305,523,326,305,668,736,722,305,658
399,1023,0,268,1023,0,491,320,305,494,319,305,668,750,734,305,658
425,1023,0,272,1023,0,514,327,305,503,324,305,668,734,724,305,658
431,1023,0,222,1023,0,486,323,305,492,321,305,668,761,743,305,658
386,1023,0,314,1023,0,519,337,305,542,334,305,668,756,743,305,658
247,1023,0,227,1023,0,535,348,305,673,481,305,668,695,660,305,658
358,1023,0,302,1023,0,470,325,305,462,321,305,668,721,699,305,658
467,1023,0,271,1023,0,447,317,305,472,318,305,668,722,700,305,658
451,1023,0,302,1023,0,497,326,305,539,330,305,668,731,704,305,658
474,1023,0,306,1023,0,535,337,305,523,333,305,668,751,729,305,658
388,1023,0,355,1023,0,543,336,305,534,335,305,668,727,708,305,658
579,1023,0,580,1023,0,569,350,305,560,350,305,668,772,748,305,658
383,1023,0,220,1023,0,523,337,305,492,328,305,668,709,697,305,658
532,1023,0,393,1023,0,522,328,305,487,328,305,668,765,747,305,658
502,1023,0,255,1023,0,503,324,305,443,316,305,668,726,708,305,658
352,1023,0,271,1023,0,484,326,305,520,336,305,668,740,704,305,658
430,1023,0,231,1023,0,435,315,305,429,318,305,668,731,707,305,658
524,1023,0,391,1023,0,495,330,305,556,336,305,668,750,735,305,658
568,1023,0,494,1023,0,534,331,305,604,360,305,668,736,710,305,658
707,1023,0,485,1023,0,540,325,305,557,351,305,668,783,725,305,658
370,1023,0,230,1023,0,525,329,305,532,325,305,668,734,710,305,658
518,1023,0,347,1023,0,500,324,305,487,320,305,668,758,735,305,658
269,1023,0,144,1023,0,431,318,305,464,317,305,668,647,627,305,658
447,1023,0,495,1023,0,558,344,305,563,339,305,668,778,758,305,658
571,1023,0,347,1023,0,563,347,305,561,339,305,668,778,754,305,658
576,1023,0,318,1023,0,527,331,305,501,322,305,668,747,716,305,658
371,1023,0,356,1023,0,525,333,305,539,329,305,668,737,725,305,658
412,1023,0,285,1023,0,520,334,305,492,320,305,668,759,727,305,658
315,1023,0,302,1023,0,504,326,305,690,480,305,668,750,711,305,658
446,1023,0,309,1023,0,512,338,305,500,333,305,668,727,709,305,658
239,1023,0,125,1023,0,449,318,305,478,326,305,668,491,452,305,658
326,1023,0,234,1023,0,494,329,305,476,325,305,668,724,709,305,658
426,1023,0,595,1023,0,557,340,305,546,341,305,668,782,742,305,658
355,1023,0,299,1023,0,530,325,305,511,322,305,668,740,730,305,658
389,1023,0,357,1023,0,528,337,305,502,324,305,668,745,712,305,658
271,1023,0,190,1023,0,498,324,305,558,338,305,668,730,715,305,658
511,1023,0,603,1023,0,549,337,305,561,333,305,668,779,754,305,658
407,1023,0,406,1023,0,543,343,305,558,341,305,668,750,723,305,658
366,1023,0,288,1023,0,516,327,305,530,341,305,668,733,721,305,658
413,1023,0,561,1023,0,548,346,305,551,338,305,668,757,733,305,658
340,1023,0,228,1023,0,493,326,305,425,323,305,668,713,697,305,658
456,1023,0,338,1023,0,533,332,305,527,340,305,668,759,744,305,658
358,1023,0,273,1023,0,509,324,305,511,323,305,668,757,722,305,658
266,1023,0,193,1023,0,461,318,305,514,326,305,668,696,677,305,658
374,1023,0,309,1023,0,471,320,305,476,322,305,668,724,707,305,658
490,1023,0,465,1023,0,601,366,305,591,353,305,668,777,752,305,658
424,1023,0,312,1023,0,512,321,305,518,321,305,668,743,729,305,658
399,1023,0,240,1023,0,560,336,305,489,324,305,668,742,728,305,658
399,1023,0,364,1023,0,507,333,305,521,326,305,668,761,741,305,658
323,1023,0,254,1023,0,543,340,305,515,335,305,668,745,724,305,658
404,1023,0,244,1023,0,466,318,305,470,321,305,668,742,704,305,658
394,1023,0,250,1023,0,507,333,305,481,318,305,668,711,692,305,658
464,1023,0,294,1023,0,507,330,305,511,327,305,668,754,735,305,658
513,1023,0,417,1023,0,559,345,305,559,333,305,668,771,756,305,658
591,1023,0,613,1023,0,527,324,305,534,325,305,668,802,746,305,658
424,1023,0,503,1023,0,541,335,305,556,334,305,668,763,715,305,658
604,1023,0,401,1023,0,505,325,305,522,321,305,668,758,713,305,658
299,1023,0,233,1023,0,498,331,305,497,322,305,668,713,699,305,658
524,1023,0,638,1023,0,574,346,305,590,357,305,668,785,756,305,658
511,1023,0,383,1023,0,538,331,305,581,358,305,668,765,733,305,658
396,1023,0,402,1023,0,541,340,305,559,340,305,668,742,707,305,658
620,1023,0,418,1023,0,504,319,305,541,333,305,668,770,737,305,658
418,1023,0,520,1023,0,518,337,305,510,332,305,668,758,730,305,658
377,1023,0,283,1023,0,496,326,305,474,326,305,668,744,722,305,658
452,1023,0,463,1023,0,525,338,305,564,346,305,668,718,690,305,658
496,1023,0,505,1023,0,578,351,305,559,342,305,668,759,735,305,658
492,1023,0,263,1023,0,510,323,305,518,326,305,668,736,727,305,658
323,1023,0,163,1023,0,441,312,305,394,313,305,668,715,705,305,658
380,1023,0,159,1023,0,467,321,305,478,322,305,668,730,709,305,658
565,1023,0,423,1023,0,549,345,305,554,330,305,668,806,781,305,658
641,1023,0,654,1023,0,537,326,305,560,329,305,669,806,730,305,658
342,1023,0,314,1023,0,478,323,305,494,320,305,669,722,710,305,658
322,1023,0,198,1023,0,475,323,305,485,326,305,669,713,697,305,658
387,1023,0,305,1023,0,492,321,305,458,323,305,669,729,717,305,658
476,1023,0,355,1023,0,512,324,305,537,329,305,669,734,698,305,658
616,1023,0,700,1023,0,553,329,305,582,336,305,669,766,739,305,658
490,1023,0,365,1023,0,533,337,305,503,330,305,669,745,718,305,658
501,1023,0,529,1023,0,604,349,305,603,363,305,669,789,757,305,658
375,1023,0,335,1023,0,482,322,305,448,316,305,669,742,727,305,658
342,1023,0,249,1023,0,503,325,305,544,337,305,669,717,703,305,658
415,1023,0,196,1023,0,510,327,305,460,321,305,669,718,689,305,658
374,1023,0,217,1023,0,488,321,305,462,322,305,669,718,709,305,658
307,1023,0,404,1023,0,555,353,305,534,331,305,669,758,746,305,658
337,1023,0,252,1023,0,506,320,305,511,321,305,669,722,704,305,658
514,1023,0,478,1023,0,533,335,305,529,333,305,669,746,732,305,658
400,1023,0,312,1023,0,492,327,305,443,318,305,669,752,716,305,658
282,1023,0,197,1023,0,488,330,305,455,321,305,669,733,721,305,658
321,1023,0,173,1023,0,495,336,305,487,326,305,669,742,727,305,658
401,1023,0,290,1023,0,528,337,305,472,328,305,669,721,709,305,658
386,1023,0,429,1023,0,543,340,305,548,340,305,669,744,720,305,658
417,1023,0,435,1023,0,549,344,305,560,351,305,669,760,742,305,658
498,1023,0,313,1023,0,563,346,305,535,336,305,669,774,738,305,658
588,1023,0,577,1023,0,543,349,305,585,415,305,669,783,741,305,658
368,1023,0,205,1023,0,369,309,305,0,312,305,669,514,455,305,658
231,1023,0,194,1023,0,521,335,305,531,343,305,669,530,503,305,658
340,1023,0,253,1023,0,480,323,305,483,317,305,669,746,727,305,658
398,1023,0,281,1023,0,470,320,305,459,319,305,669,741,712,305,658
478,1023,0,338,1023,0,536,331,305,549,336,305,669,758,737,305,658
459,1023,0,404,1023,0,548,348,305,542,341,305,669,761,736,305,658
403,1023,0,566,1023,0,577,358,305,570,359,305,669,796,780,305,658
477,1023,0,446,1023,0,586,348,305,557,336,305,669,783,761,305,658
340,1023,0,251,1023,0,477,322,305,477,321,305,669,728,696,305,658
520,1023,0,299,1023,0,514,326,305,561,338,305,669,753,727,305,658
323,1023,0,312,1023,0,496,331,305,629,409,305,669,773,756,305,658
608,1023,0,582,1023,0,555,348,305,550,340,305,669,792,758,305,658
420,1023,0,572,1023,0,568,348,305,538,338,305,669,775,756,305,658
288,1023,0,279,1023,0,477,319,305,592,359,305,669,745,674,305,658
328,1023,0,206,1023,0,433,313,305,431,322,305,669,674,651,305,658
460,1023,0,462,1023,0,534,342,305,531,333,305,669,774,734,305,658
349,1023,0,174,1023,0,473,327,305,471,320,305,669,694,678,305,658
481,1023,0,489,1023,0,545,340,305,533,334,305,669,769,751,305,658
509,1023,0,363,1023,0,504,331,305,531,336,305,669,745,731,305,658
400,1023,0,341,1023,0,531,334,305,522,334,305,669,759,744,305,658
483,1023,0,269,1023,0,500,328,305,521,324,305,669,730,709,305,658
389,1023,0,439,1023,0,538,333,305,516,332,305,669,746,715,305,658
402,1023,0,319,1023,0,493,325,305,535,327,305,669,743,722,305,658
391,1023,0,303,1023,0,499,325,305,521,327,305,669,762,748,305,658
356,1023,0,259,1023,0,473,314,305,462,315,305,669,721,674,305,658
531,1023,0,391,1023,0,523,324,305,520,325,305,669,793,748,305,658
375,1023,0,215,1023,0,485,321,305,478,316,305,669,717,707,305,658
418,1023,0,442,1023,0,536,337,305,596,378,305,669,756,738,305,658
325,1023,0,327,1023,0,548,345,305,509,339,305,669,724,709,305,658
440,1023,0,242,1023,0,509,334,305,540,330,305,669,738,720,305,658
612,1023,0,470,1023,0,554,327,305,661,432,305,669,777,737,305,658
332,1023,0,386,1023,0,502,329,305,535,331,305,669,741,730,305,658
337,1023,0,452,1023,0,546,342,305,552,338,305,669,764,748,305,658
522,1023,0,479,1023,0,523,332,305,551,332,305,669,770,752,305,658
523,1023,0,522,1023,0,576,354,305,553,339,305,669,770,745,305,658
399,1023,0,450,1023,0,551,341,305,562,334,305,669,747,724,305,658
423,1023,0,272,1023,0,528,332,305,502,329,305,669,738,720,305,658
379,1023,0,302,1023,0,530,336,305,591,368,305,669,739,707,305,658
574,1023,0,330,1023,0,521,333,305,521,326,305,669,773,726,305,658
353,1023,0,227,1023,0,511,326,305,511,327,305,669,723,699,305,658
359,1023,0,294,1023,0,506,330,305,532,330,305,669,756,744,305,658
436,1023,0,244,1023,0,491,326,305,510,320,305,669,750,730,305,658
422,1023,0,216,1023,0,459,322,305,476,320,305,669,734,721,305,658
330,1023,0,253,1023,0,478,327,305,522,321,305,669,739,726,305,658
253,1023,0,130,1023,0,0,310,305,593,369,305,669,530,489,305,658
461,1023,0,270,1023,0,465,320,305,511,325,305,669,769,744,305,658
618,1023,0,638,1023,0,645,415,305,646,405,305,669,843,790,305,658
478,1023,0,255,1023,0,512,333,305,504,321,305,669,759,747,305,658
745,1023,0,557,1023,0,562,334,305,607,370,305,669,767,745,305,658
375,1023,0,373,1023,0,583,369,305,570,359,305,669,770,754,305,658
361,1023,0,202,1023,0,487,321,305,493,321,305,669,708,667,305,658
459,1023,0,322,1023,0,542,333,305,523,327,305,669,751,716,305,658
621,1023,0,672,1023,0,629,409,305,629,414,305,669,772,734,305,658
449,1023,0,432,1023,0,524,329,305,520,329,305,669,757,743,305,658
558,1023,0,436,1023,0,513,334,305,534,331,305,669,750,719,305,658
538,1023,0,570,1023,0,557,355,305,577,350,305,669,752,728,305,658
264,1023,0,133,1023,0,391,309,305,512,330,305,669,507,477,305,658
690,1023,0,612,1023,0,558,342,305,566,342,305,669,789,756,305,658
351,1023,0,244,1023,0,481,326,305,508,330,305,669,717,696,305,658
534,1023,0,402,1023,0,541,334,305,524,331,305,669,769,739,305,658
478,1023,0,436,1023,0,531,332,305,553,341,305,669,759,743,305,658
496,1023,0,339,1023,0,510,326,305,548,342,305,669,753,721,305,658
337,1023,0,281,1023,0,484,327,305,503,327,305,669,757,746,305,658
462,1023,0,318,1023,0,466,317,305,465,325,305,670,747,699,305,658
504,1023,0,436,1023,0,498,328,305,529,335,305,670,756,726,305,658
360,1023,0,235,1023,0,486,328,305,488,322,305,670,729,718,305,658
359,1023,0,297,1023,0,491,327,305,492,324,305,670,771,750,305,658
455,1023,0,237,1023,0,532,336,305,502,326,305,670,754,737,305,658
470,1023,0,430,1023,0,543,333,305,499,334,305,670,727,680,305,658
466,1023,0,370,1023,0,533,328,305,483,327,305,670,751,733,305,658
296,1023,0,202,1023,0,514,328,305,467,319,305,670,711,692,305,658
645,1023,0,575,1023,0,567,347,305,540,338,305,670,770,749,305,658
470,1023,0,456,1023,0,563,351,305,530,347,305,670,759,735,305,658
404,1023,0,325,1023,0,475,321,305,500,327,305,670,733,718,305,658
519,1023,0,239,1023,0,463,319,305,0,313,305,670,712,683,305,658
449,1023,0,290,1023,0,506,326,305,0,322,305,670,729,687,305,658
347,1023,0,261,1023,0,504,328,305,467,321,305,670,735,723,305,658
405,1023,0,367,1023,0,521,332,305,352,320,305,670,717,705,305,658
444,1023,0,409,1023,0,556,345,305,528,335,305,670,726,702,305,658
561,1023,0,565,1023,0,569,351,305,540,344,305,670,775,739,305,658
402,1023,0,204,1023,0,498,329,305,0,315,305,670,722,709,305,658
765,1023,0,668,1023,0,584,353,305,585,342,305,670,814,740,305,658
416,1023,0,421,1023,0,483,324,305,537,336,305,670,756,721,305,658
358,1023,0,179,1023,0,460,323,305,531,340,305,670,713,698,305,658
490,1023,0,456,1023,0,579,367,305,564,354,305,670,771,749,305,658
573,1023,0,496,1023,0,526,337,305,554,338,305,670,691,625,305,658
385,1023,0,228,1023,0,515,334,305,500,327,305,670,747,739,305,658
436,1023,0,235,1023,0,520,326,305,520,323,305,670,755,735,305,658
419,1023,0,326,1023,0,490,330,305,481,322,305,670,741,727,305,658
307,1023,0,157,1023,0,542,337,305,478,321,305,670,719,709,305,658
280,1023,0,179,1023,0,463,331,305,473,329,305,670,688,675,305,658
406,1023,0,258,1023,0,528,330,305,518,331,305,670,749,736,305,658
466,1023,0,390,1023,0,569,344,305,525,328,305,670,761,731,305,658
416,1023,0,423,1023,0,538,343,305,0,335,305,670,745,732,305,658
442,1023,0,286,1023,0,491,326,305,507,331,305,670,736,707,305,658
469,1023,0,367,1023,0,533,333,305,536,338,305,670,774,756,305,658
496,1023,0,511,1023,0,541,339,305,678,462,305,670,777,744,305,658
429,1023,0,306,1023,0,474,322,305,537,325,305,670,741,711,305,658
