"FSC-A","FSC-H","FSC-W","SSC-A","SSC-H","SSC-W","BL1-A","BL1-H","BL1-W","BL3-A","BL3-H","BL3-W","Event","VL1-A","VL1-H","VL1-W","Time"
366,1023,0,240,1023,0,158,321,305,518,334,305,305,722,710,305,0
530,1023,0,464,1023,0,190,320,305,488,325,305,305,717,699,305,0
588,1023,0,560,1023,0,292,340,305,501,321,305,305,779,730,305,0
356,1023,0,307,1023,0,575,632,305,572,353,305,305,733,705,305,0
299,1023,0,169,1023,0,236,334,305,433,316,305,305,718,699,305,0
402,1023,0,249,1023,0,260,335,305,508,329,305,305,705,691,305,0
481,1023,0,249,1023,0,281,339,305,506,327,305,306,716,701,305,0
427,1023,0,475,1023,0,247,331,305,520,325,305,306,754,737,305,0
348,1023,0,329,1023,0,268,336,305,509,330,305,306,686,675,305,0
360,1023,0,314,1023,0,235,329,305,513,329,305,306,715,694,305,0
380,1023,0,212,1023,0,160,321,305,466,317,305,306,675,650,305,0
329,1023,0,265,1023,0,342,379,305,516,327,305,306,728,714,305,0
367,1023,0,184,1023,0,242,330,305,492,319,305,306,724,713,305,0
366,1023,0,191,1023,0,183,324,305,490,322,305,306,669,631,305,0
493,1023,0,301,1023,0,349,368,305,517,329,305,306,740,710,305,0
559,1023,0,358,1023,0,268,331,305,506,331,305,306,747,736,305,0
557,1023,0,397,1023,0,323,351,305,496,321,305,306,751,726,305,0
354,1023,0,206,1023,0,149,322,305,407,316,305,306,716,703,305,0
434,1023,0,293,1023,0,275,334,305,531,328,305,306,754,735,305,0
507,1023,0,269,1023,0,236,327,305,511,325,305,306,736,692,305,0
393,1023,0,321,1023,0,222,329,305,489,330,305,306,705,684,305,0
466,1023,0,323,1023,0,270,334,305,509,323,305,306,741,715,305,0
444,1023,0,354,1023,0,204,323,305,459,318,305,306,734,720,305,0
537,1023,0,327,1023,0,252,331,305,519,323,305,306,740,718,305,0
359,1023,0,227,1023,0,231,328,305,492,328,305,306,733,723,305,0
375,1023,0,326,1023,0,277,335,305,479,321,305,306,732,716,305,0
502,1023,0,382,1023,0,290,341,305,538,331,305,306,787,769,305,0
325,1023,0,153,1023,0,115,324,305,473,319,305,306,700,683,305,0
397,1023,0,365,1023,0,245,334,305,521,326,305,306,688,672,305,0
443,1023,0,209,1023,0,339,373,305,492,323,305,307,741,709,305,0
515,1023,0,374,1023,0,217,323,305,473,324,305,307,733,720,305,0
426,1023,0,485,1023,0,189,323,305,497,324,305,307,774,758,305,0
520,1023,0,606,1023,0,264,333,305,551,333,305,307,782,745,305,0
487,1023,0,430,1023,0,270,338,305,528,339,305,307,734,696,305,0
455,1023,0,365,1023,0,268,340,305,511,325,305,307,754,724,305,0
387,1023,0,326,1023,0,196,321,305,509,323,305,307,731,710,305,0
311,1023,0,127,1023,0,110,317,305,460,319,305,307,676,664,305,0
339,1023,0,284,1023,0,256,334,305,487,329,305,307,744,731,305,0
365,1023,0,416,1023,0,359,386,305,520,333,305,307,750,727,305,0
511,1023,0,532,1023,0,273,339,305,520,333,305,307,763,741,305,0
363,1023,0,177,1023,0,533,598,305,540,340,305,307,701,676,305,0
336,1023,0,323,1023,0,178,323,305,526,337,305,307,714,686,305,0
345,1023,0,312,1023,0,292,354,305,528,336,305,307,730,721,305,0
314,1023,0,146,1023,0,134,316,305,449,315,305,307,688,666,305,0
396,1023,0,142,1023,0,0,318,305,378,313,305,307,701,672,305,0
319,1023,0,228,1023,0,734,807,305,649,441,305,307,729,703,305,0
525,1023,0,320,1023,0,250,327,305,479,322,305,307,744,708,305,0
359,1023,0,307,1023,0,209,321,305,459,317,305,307,700,679,305,0
344,1023,0,233,1023,0,235,329,305,465,323,305,307,697,688,305,0
438,1023,0,464,1023,0,225,327,305,510,323,305,307,760,733,305,0
357,1023,0,320,1023,0,209,325,305,493,323,305,308,723,698,305,0
387,1023,0,227,1023,0,167,322,305,435,319,305,308,720,689,305,0
548,1023,0,363,1023,0,282,333,305,537,324,305,308,784,753,305,0
338,1023,0,296,1023,0,267,343,305,520,335,305,308,743,723,305,0
352,1023,0,349,1023,0,219,332,305,495,328,305,308,744,724,305,0
483,1023,0,311,1023,0,216,328,305,475,321,305,308,731,715,305,0
288,1023,0,211,1023,0,643,717,305,587,372,305,308,711,682,305,0
434,1023,0,214,1023,0,143,316,305,461,317,305,308,719,707,305,0
394,1023,0,255,1023,0,183,328,305,504,326,305,308,716,693,305,0
340,1023,0,217,1023,0,213,327,305,521,325,305,308,708,688,305,0
490,1023,0,454,1023,0,307,346,305,503,327,305,308,754,733,305,0
418,1023,0,253,1023,0,248,335,305,501,327,305,308,764,750,305,0
280,1023,0,188,1023,0,205,321,305,654,460,305,308,786,753,305,0
470,1023,0,445,1023,0,264,333,305,519,322,305,308,757,722,305,0
435,1023,0,330,1023,0,404,414,305,518,331,305,308,714,686,305,0
319,1023,0,185,1023,0,586,655,305,554,346,305,308,679,666,305,0
516,1023,0,452,1023,0,304,343,305,525,331,305,308,781,760,305,0
317,1023,0,162,1023,0,197,328,305,412,319,305,308,705,685,305,0
475,1023,0,323,1023,0,249,339,305,514,324,305,308,744,717,305,0
439,1023,0,271,1023,0,506,514,305,539,338,305,308,741,724,305,0
374,1023,0,326,1023,0,298,344,305,534,333,305,308,731,712,305,0
282,1023,0,186,1023,0,183,321,305,426,317,305,309,702,689,305,0
373,1023,0,246,1023,0,207,325,305,445,323,305,309,701,687,305,0
323,1023,0,242,1023,0,234,335,305,489,322,305,309,715,703,305,0
292,1023,0,199,1023,0,210,328,305,455,318,305,309,703,685,305,0
548,1023,0,382,1023,0,498,511,305,564,352,305,309,751,722,305,0
435,1023,0,332,1023,0,252,335,305,504,327,305,309,764,741,305,0
358,1023,0,211,1023,0,206,324,305,460,318,305,309,732,705,305,0
294,1023,0,273,1023,0,242,324,305,489,324,305,309,749,732,305,0
255,1023,0,165,1023,0,279,350,305,458,321,305,309,688,672,305,0
354,1023,0,217,1023,0,199,327,305,470,320,305,309,734,722,305,0
492,1023,0,414,1023,0,252,327,305,506,323,305,309,782,754,305,0
433,1023,0,269,1023,0,240,326,305,486,322,305,309,728,714,305,0
367,1023,0,170,1023,0,266,346,305,515,329,305,309,727,715,305,0
431,1023,0,319,1023,0,207,323,305,479,325,305,309,738,719,305,0
505,1023,0,305,1023,0,273,328,305,533,328,305,309,733,711,305,0
381,1023,0,327,1023,0,242,331,305,612,387,305,309,693,665,305,0
584,1023,0,514,1023,0,248,328,305,592,359,305,309,731,697,305,0
304,1023,0,171,1023,0,192,318,305,507,325,305,309,727,701,305,0
343,1023,0,161,1023,0,243,336,305,511,332,305,310,718,693,305,0
381,1023,0,143,1023,0,188,320,305,472,317,305,310,714,690,305,0
523,1023,0,606,1023,0,255,332,305,536,332,305,310,747,725,305,0
439,1023,0,220,1023,0,229,324,305,485,324,305,310,718,682,305,0
438,1023,0,318,1023,0,192,326,305,502,330,305,310,740,702,305,0
508,1023,0,419,1023,0,285,340,305,526,328,305,310,720,702,305,0
425,1023,0,234,1023,0,211,331,305,459,323,305,310,722,701,305,0
394,1023,0,372,1023,0,148,317,305,486,321,305,310,727,706,305,0
505,1023,0,381,1023,0,240,328,305,546,336,305,310,757,741,305,0
341,1023,0,198,1023,0,94,319,305,426,316,305,310,747,738,305,0
379,1023,0,169,1023,0,99,314,305,428,313,305,310,757,733,305,0
338,1023,0,258,1023,0,229,326,305,500,324,305,310,755,725,305,0
448,1023,0,304,1023,0,508,530,305,533,332,305,310,730,685,305,0
473,1023,0,321,1023,0,277,339,305,519,330,305,310,742,728,305,0
332,1023,0,227,1023,0,213,327,305,480,325,305,310,713,684,305,0
438,1023,0,531,1023,0,228,327,305,535,333,305,310,743,725,305,0
374,1023,0,226,1023,0,235,329,305,480,318,305,310,684,649,305,0
371,1023,0,217,1023,0,79,315,305,463,320,305,310,732,701,305,0
351,1023,0,229,1023,0,268,339,305,428,321,305,310,668,658,305,0
627,1023,0,416,1023,0,384,377,305,541,328,305,311,748,720,305,0
358,1023,0,448,1023,0,299,349,305,551,336,305,311,736,710,305,0
374,1023,0,373,1023,0,269,334,305,495,321,305,311,757,748,305,0
426,1023,0,292,1023,0,202,330,305,502,326,305,311,759,744,305,0
402,1023,0,467,1023,0,249,326,305,518,324,305,311,721,711,305,0
377,1023,0,258,1023,0,187,319,305,466,323,305,311,773,761,305,0
373,1023,0,279,1023,0,327,362,305,446,318,305,311,689,668,305,0
425,1023,0,310,1023,0,171,321,305,510,324,305,311,724,699,305,0
401,1023,0,272,1023,0,236,329,305,472,325,305,311,749,739,305,0
429,1023,0,209,1023,0,264,337,305,488,327,305,311,702,659,305,0
512,1023,0,324,1023,0,259,333,305,521,329,305,311,741,713,305,0
403,1023,0,248,1023,0,685,722,305,623,375,305,311,737,706,305,0
296,1023,0,111,1023,0,107,315,305,431,313,305,311,693,685,305,0
586,1023,0,440,1023,0,317,357,305,554,344,305,311,778,751,305,0
278,1023,0,280,1023,0,289,344,305,457,316,305,311,737,710,305,0
348,1023,0,277,1023,0,385,400,305,494,321,305,311,708,693,305,8
342,1023,0,209,1023,0,225,324,305,503,325,305,311,719,696,305,8
375,1023,0,249,1023,0,202,326,305,495,321,305,312,723,684,305,8
351,1023,0,320,1023,0,181,320,305,498,325,305,312,705,665,305,8
429,1023,0,249,1023,0,282,343,305,478,320,305,312,740,719,305,8
401,1023,0,283,1023,0,196,322,305,462,322,305,312,742,720,305,8
388,1023,0,258,1023,0,186,319,305,477,319,305,312,713,695,305,8
445,1023,0,279,1023,0,248,332,305,497,324,305,312,727,709,305,8
492,1023,0,379,1023,0,267,338,305,496,322,305,312,778,768,305,8
454,1023,0,238,1023,0,136,314,305,434,317,305,312,732,706,305,8
447,1023,0,297,1023,0,235,326,305,487,324,305,312,729,697,305,8
389,1023,0,237,1023,0,203,319,305,459,317,305,312,696,644,305,8
309,1023,0,317,1023,0,213,320,305,511,324,305,312,761,741,305,8
550,1023,0,320,1023,0,281,338,305,493,321,305,312,754,713,305,8
427,1023,0,305,1023,0,589,634,305,559,344,305,312,731,711,305,8
466,1023,0,284,1023,0,190,322,305,502,322,305,312,737,719,305,8
343,1023,0,256,1023,0,284,335,305,490,320,305,312,730,706,305,8
454,1023,0,320,1023,0,208,325,305,483,324,305,312,741,719,305,8
418,1023,0,243,1023,0,262,327,305,498,323,305,312,740,719,305,8
599,1023,0,621,1023,0,273,336,305,565,343,305,313,772,748,305,8
432,1023,0,335,1023,0,299,349,305,512,330,305,313,738,724,305,8
427,1023,0,248,1023,0,147,322,305,443,318,305,313,768,742,305,8
306,1023,0,116,1023,0,424,460,305,482,318,305,313,689,678,305,8
314,1023,0,181,1023,0,232,331,305,493,327,305,313,692,675,305,8
416,1023,0,350,1023,0,301,347,305,526,333,305,313,742,725,305,8
595,1023,0,449,1023,0,269,338,305,509,331,305,313,717,689,305,8
255,1023,0,158,1023,0,205,321,305,473,316,305,313,674,658,305,8
448,1023,0,324,1023,0,324,355,305,507,327,305,313,715,698,305,8
352,1023,0,241,1023,0,260,337,305,469,326,305,313,717,699,305,8
411,1023,0,479,1023,0,850,908,305,737,586,305,313,742,702,305,8
658,1023,0,553,1023,0,291,329,305,517,324,305,313,779,714,305,8
418,1023,0,330,1023,0,179,318,305,482,314,305,313,686,626,305,8
451,1023,0,278,1023,0,293,342,305,483,324,305,313,723,710,305,8
195,1023,0,171,1023,0,183,321,305,457,321,305,313,717,710,305,8
395,1023,0,207,1023,0,214,330,305,458,326,305,313,750,727,305,8
548,1023,0,418,1023,0,286,335,305,509,325,305,314,796,733,305,8
376,1023,0,271,1023,0,224,330,305,495,327,305,314,731,707,305,8
570,1023,0,432,1023,0,324,354,305,535,332,305,314,735,713,305,8
439,1023,0,307,1023,0,252,331,305,515,325,305,314,725,701,305,8
524,1023,0,378,1023,0,334,365,305,540,334,305,314,763,746,305,8
412,1023,0,314,1023,0,217,321,305,455,317,305,314,744,722,305,8
334,1023,0,166,1023,0,235,340,305,491,325,305,314,715,706,305,8
521,1023,0,472,1023,0,244,333,305,536,332,305,314,741,700,305,8
641,1023,0,474,1023,0,238,323,305,536,327,305,314,763,743,305,8
380,1023,0,206,1023,0,234,327,305,516,323,305,314,717,707,305,8
342,1023,0,160,1023,0,94,316,305,477,318,305,314,699,677,305,8
357,1023,0,331,1023,0,320,365,305,495,323,305,314,733,720,305,8
349,1023,0,227,1023,0,72,319,305,372,312,305,314,684,663,305,8
516,1023,0,418,1023,0,220,326,305,473,319,305,314,764,752,305,8
390,1023,0,391,1023,0,398,411,305,506,323,305,314,676,660,305,8
352,1023,0,269,1023,0,223,324,305,420,316,305,314,739,706,305,8
299,1023,0,187,1023,0,220,325,305,442,322,305,314,707,699,305,8
477,1023,0,205,1023,0,367,378,305,469,317,305,314,746,716,305,8
462,1023,0,388,1023,0,266,335,305,481,325,305,314,733,717,305,8
540,1023,0,441,1023,0,253,337,305,523,329,305,315,774,740,305,8
513,1023,0,329,1023,0,214,320,305,517,324,305,315,713,701,305,8
434,1023,0,233,1023,0,153,317,305,487,318,305,315,662,637,305,8
290,1023,0,156,1023,0,201,320,305,464,316,305,315,721,706,305,8
462,1023,0,384,1023,0,282,338,305,515,326,305,315,728,712,305,8
310,1023,0,150,1023,0,181,324,305,464,314,305,315,700,668,305,8
294,1023,0,138,1023,0,145,317,305,416,317,305,315,680,671,305,8
470,1023,0,332,1023,0,223,329,305,526,335,305,315,747,712,305,8
251,1023,0,193,1023,0,240,332,305,439,319,305,315,707,687,305,8
545,1023,0,477,1023,0,311,347,305,544,338,305,315,748,725,305,8
472,1023,0,429,1023,0,253,334,305,527,336,305,315,744,724,305,8
314,1023,0,195,1023,0,164,319,305,454,315,305,315,713,703,305,8
391,1023,0,251,1023,0,216,321,305,502,329,305,315,688,661,305,8
618,1023,0,667,1023,0,274,337,305,526,330,305,315,754,706,305,8
374,1023,0,214,1023,0,198,330,305,450,318,305,315,702,691,305,8
357,1023,0,215,1023,0,163,314,305,455,313,305,315,689,661,305,8
451,1023,0,563,1023,0,267,342,305,563,356,305,315,749,731,305,8
393,1023,0,269,1023,0,179,318,305,469,319,305,315,730,699,305,8
381,1023,0,199,1023,0,234,330,305,505,329,305,316,739,731,305,8
342,1023,0,171,1023,0,0,311,305,463,315,305,316,673,662,305,8
528,1023,0,301,1023,0,155,317,305,480,317,305,316,726,683,305,8
500,1023,0,258,1023,0,249,328,305,474,322,305,316,745,712,305,8
356,1023,0,208,1023,0,225,330,305,475,322,305,316,726,717,305,8
417,1023,0,189,1023,0,194,318,305,487,320,305,316,724,700,305,8
353,1023,0,182,1023,0,172,316,305,338,312,305,316,717,700,305,8
382,1023,0,249,1023,0,171,321,305,457,318,305,316,712,691,305,8
415,1023,0,280,1023,0,251,335,305,516,327,305,316,741,727,305,8
359,1023,0,300,1023,0,247,332,305,534,334,305,316,734,717,305,8
391,1023,0,187,1023,0,137,320,305,506,321,305,316,677,664,305,8
301,1023,0,271,1023,0,433,459,305,528,325,305,316,723,713,305,8
443,1023,0,275,1023,0,207,324,305,479,319,305,316,753,739,305,8
478,1023,0,316,1023,0,194,322,305,503,324,305,316,750,725,305,8
598,1023,0,333,1023,0,289,346,305,527,327,305,316,699,676,305,8
402,1023,0,284,1023,0,222,325,305,510,331,305,316,769,741,305,8
448,1023,0,401,1023,0,259,326,305,523,327,305,316,715,679,305,8
511,1023,0,349,1023,0,323,347,305,547,334,305,316,755,723,305,8
248,1023,0,147,1023,0,222,332,305,412,315,305,316,693,683,305,8
434,1023,0,594,1023,0,331,357,305,559,338,305,316,754,726,305,8
430,1023,0,217,1023,0,278,340,305,517,335,305,317,754,743,305,8
346,1023,0,176,1023,0,428,446,305,448,316,305,317,737,710,305,8
566,1023,0,536,1023,0,341,371,305,560,344,305,317,715,675,305,8
396,1023,0,362,1023,0,273,345,305,518,330,305,317,734,722,305,8
383,1023,0,357,1023,0,206,328,305,437,319,305,317,695,682,305,8
516,1023,0,622,1023,0,254,327,305,560,335,305,317,784,746,305,8
384,1023,0,243,1023,0,514,555,305,525,335,305,317,740,722,305,16
333,1023,0,335,1023,0,222,323,305,515,333,305,317,688,671,305,16
402,1023,0,337,1023,0,292,344,305,505,329,305,317,689,667,305,16
430,1023,0,214,1023,0,373,380,305,447,316,305,317,725,714,305,16
519,1023,0,643,1023,0,315,340,305,553,336,305,317,775,745,305,16
286,1023,0,166,1023,0,246,332,305,444,316,305,317,689,671,305,16
482,1023,0,578,1023,0,315,362,305,550,341,305,317,752,728,305,16
442,1023,0,445,1023,0,273,329,305,495,323,305,317,730,706,305,16
458,1023,0,431,1023,0,263,329,305,517,328,305,317,750,713,305,16
472,1023,0,220,1023,0,218,322,305,472,322,305,317,724,691,305,16
319,1023,0,177,1023,0,422,443,305,497,327,305,317,715,707,305,16
367,1023,0,272,1023,0,283,346,305,499,324,305,317,724,702,305,16
489,1023,0,390,1023,0,196,323,305,512,324,305,317,758,744,305,16
426,1023,0,512,1023,0,252,326,305,465,321,305,317,731,711,305,16
542,1023,0,326,1023,0,233,327,305,498,323,305,317,766,737,305,16
320,1023,0,273,1023,0,343,377,305,564,356,305,317,761,748,305,16
304,1023,0,174,1023,0,154,316,305,276,313,305,317,755,739,305,16
489,1023,0,436,1023,0,252,328,305,546,340,305,318,733,674,305,16
442,1023,0,433,1023,0,272,335,305,505,327,305,318,776,739,305,16
369,1023,0,267,1023,0,102,320,305,437,318,305,318,636,602,305,16
404,1023,0,489,1023,0,254,332,305,470,323,305,318,765,739,305,16
454,1023,0,465,1023,0,286,353,305,532,342,305,318,745,723,305,16
461,1023,0,402,1023,0,515,539,305,526,329,305,318,749,731,305,16
544,1023,0,474,1023,0,258,337,305,516,325,305,318,739,716,305,16
322,1023,0,245,1023,0,208,322,305,456,321,305,318,699,676,305,16
676,1023,0,663,1023,0,339,354,305,555,338,305,318,730,692,305,16
461,1023,0,244,1023,0,687,755,305,623,400,305,318,725,713,305,16
424,1023,0,217,1023,0,241,332,305,483,326,305,318,703,675,305,16
365,1023,0,247,1023,0,211,322,305,437,320,305,318,711,693,305,16
333,1023,0,232,1023,0,519,580,305,523,328,305,318,690,674,305,16
302,1023,0,182,1023,0,394,420,305,490,323,305,318,697,684,305,16
430,1023,0,334,1023,0,830,881,305,715,536,305,318,708,683,305,16
351,1023,0,263,1023,0,341,371,305,480,326,305,318,725,714,305,16
374,1023,0,278,1023,0,248,331,305,438,318,305,318,732,718,305,16
433,1023,0,351,1023,0,255,329,305,524,330,305,318,732,708,305,16
383,1023,0,345,1023,0,326,360,305,520,325,305,318,755,728,305,16
332,1023,0,212,1023,0,207,320,305,469,319,305,319,724,708,305,16
376,1023,0,370,1023,0,789,859,305,692,510,305,319,754,738,305,16
434,1023,0,272,1023,0,270,335,305,504,327,305,319,736,721,305,16
385,1023,0,213,1023,0,256,332,305,477,324,305,319,730,719,305,16
483,1023,0,181,1023,0,237,330,305,501,324,305,319,735,717,305,16
357,1023,0,347,1023,0,178,324,305,467,322,305,319,695,670,305,16
316,1023,0,244,1023,0,171,320,305,493,319,305,319,726,708,305,16
656,1023,0,500,1023,0,303,335,305,534,326,305,319,788,724,305,16
472,1023,0,380,1023,0,227,324,305,482,321,305,319,732,700,305,16
282,1023,0,207,1023,0,203,319,305,674,463,305,319,748,742,305,16
452,1023,0,322,1023,0,441,452,305,525,329,305,319,776,759,305,16
443,1023,0,272,1023,0,523,556,305,526,332,305,319,755,734,305,16
542,1023,0,385,1023,0,248,325,305,534,330,305,319,781,759,305,16
381,1023,0,260,1023,0,241,332,305,497,324,305,319,714,683,305,16
360,1023,0,286,1023,0,220,329,305,484,320,305,319,703,677,305,16
328,1023,0,316,1023,0,242,331,305,494,322,305,319,767,748,305,16
330,1023,0,289,1023,0,201,327,305,501,326,305,319,755,733,305,16
503,1023,0,477,1023,0,612,686,305,602,374,305,319,795,751,305,16
517,1023,0,492,1023,0,240,321,305,490,322,305,319,759,740,305,16
624,1023,0,609,1023,0,323,343,305,578,351,305,319,742,691,305,16
308,1023,0,312,1023,0,835,907,305,718,571,305,319,679,667,305,16
363,1023,0,184,1023,0,163,321,305,455,322,305,319,669,652,305,16
395,1023,0,220,1023,0,225,330,305,456,321,305,319,740,727,305,16
394,1023,0,310,1023,0,253,337,305,461,322,305,319,721,704,305,16
455,1023,0,483,1023,0,271,339,305,531,332,305,319,749,729,305,16
336,1023,0,331,1023,0,224,326,305,499,322,305,319,708,684,305,16
437,1023,0,272,1023,0,191,326,305,498,322,305,319,730,679,305,16
486,1023,0,375,1023,0,268,336,305,523,327,305,320,756,737,305,16
270,1023,0,149,1023,0,208,321,305,475,316,305,320,701,676,305,16
434,1023,0,218,1023,0,245,324,305,496,322,305,320,670,647,305,16
373,1023,0,253,1023,0,205,324,305,491,318,305,320,756,737,305,16
496,1023,0,393,1023,0,266,326,305,504,321,305,320,752,731,305,16
512,1023,0,438,1023,0,278,329,305,506,326,305,320,761,735,305,16
422,1023,0,427,1023,0,348,372,305,564,347,305,320,754,723,305,16
557,1023,0,316,1023,0,277,330,305,524,320,305,320,744,711,305,16
477,1023,0,260,1023,0,253,334,305,506,335,305,320,780,765,305,16
463,1023,0,525,1023,0,288,342,305,487,323,305,320,725,697,305,16
342,1023,0,312,1023,0,180,320,305,459,319,305,320,716,691,305,16
536,1023,0,656,1023,0,310,348,305,543,334,305,320,755,737,305,16
422,1023,0,363,1023,0,427,431,305,505,328,305,320,745,705,305,16
437,1023,0,396,1023,0,256,333,305,510,329,305,320,749,725,305,16
431,1023,0,216,1023,0,230,332,305,488,331,305,320,739,728,305,16
318,1023,0,260,1023,0,248,332,305,520,328,305,320,695,673,305,16
345,1023,0,299,1023,0,433,451,305,535,336,305,320,724,699,305,16
725,1023,0,628,1023,0,238,329,305,497,329,305,320,749,720,305,16
490,1023,0,335,1023,0,215,322,305,504,318,305,320,731,703,305,16
513,1023,0,364,1023,0,242,332,305,524,328,305,320,701,680,305,16
309,1023,0,152,1023,0,231,323,305,459,313,305,320,690,676,305,16
582,1023,0,582,1023,0,199,325,305,518,329,305,320,756,733,305,16
334,1023,0,342,1023,0,327,365,305,511,326,305,320,730,710,305,16
413,1023,0,275,1023,0,242,337,305,475,325,305,321,741,728,305,16
499,1023,0,285,1023,0,239,331,305,498,324,305,321,722,678,305,16
499,1023,0,329,1023,0,275,335,305,534,329,305,321,719,691,305,16
348,1023,0,136,1023,0,144,317,305,444,315,305,321,695,687,305,16
330,1023,0,188,1023,0,0,313,305,333,313,305,321,633,607,305,16
416,1023,0,264,1023,0,240,326,305,458,321,305,321,735,709,305,16
489,1023,0,387,1023,0,206,327,305,525,330,305,321,732,690,305,16
499,1023,0,356,1023,0,189,319,305,477,321,305,321,738,722,305,16
545,1023,0,542,1023,0,298,349,305,530,346,305,321,779,755,305,16
435,1023,0,254,1023,0,234,325,305,466,317,305,321,706,666,305,16
305,1023,0,206,1023,0,170,323,305,481,319,305,321,732,712,305,16
327,1023,0,238,1023,0,175,324,305,457,319,305,321,702,686,305,16
490,1023,0,409,1023,0,239,324,305,503,320,305,321,754,729,305,16
479,1023,0,377,1023,0,246,334,305,517,332,305,321,751,720,305,16
565,1023,0,385,1023,0,358,372,305,514,327,305,321,746,710,305,16
390,1023,0,378,1023,0,253,334,305,506,326,305,321,718,699,305,16
430,1023,0,324,1023,0,247,330,305,489,320,305,321,776,759,305,16
465,1023,0,281,1023,0,226,323,305,492,319,305,321,708,667,305,16
650,1023,0,389,1023,0,280,344,305,539,338,305,322,751,732,305,16
492,1023,0,459,1023,0,282,347,305,518,336,305,322,783,766,305,16
595,1023,0,473,1023,0,292,353,305,552,340,305,322,776,744,305,16
321,1023,0,203,1023,0,189,316,305,471,315,305,322,719,707,305,16
500,1023,0,251,1023,0,215,327,305,450,319,305,322,716,695,305,16
393,1023,0,166,1023,0,110,314,305,447,315,305,322,727,704,305,16
387,1023,0,442,1023,0,275,341,305,498,326,305,322,767,748,305,16
428,1023,0,347,1023,0,511,514,305,558,340,305,322,712,671,305,16
337,1023,0,275,1023,0,236,339,305,520,335,305,322,730,715,305,16
409,1023,0,329,1023,0,214,329,305,480,323,305,322,759,737,305,16
343,1023,0,328,1023,0,189,327,305,489,322,305,322,753,743,305,16
320,1023,0,147,1023,0,410,438,305,485,322,305,322,696,674,305,16
248,1023,0,152,1023,0,117,316,305,463,314,305,322,707,696,305,16
455,1023,0,527,1023,0,319,349,305,555,335,305,322,758,726,305,16
318,1023,0,176,1023,0,156,313,305,406,315,305,322,696,675,305,16
445,1023,0,420,1023,0,238,332,305,523,328,305,322,748,727,305,16
511,1023,0,352,1023,0,239,328,305,494,321,305,322,782,753,305,16
480,1023,0,571,1023,0,279,335,305,534,332,305,322,748,726,305,16
342,1023,0,270,1023,0,195,321,305,482,320,305,322,719,699,305,16
436,1023,0,400,1023,0,263,337,305,511,332,305,322,731,702,305,16
418,1023,0,255,1023,0,197,324,305,492,320,305,322,752,740,305,16
319,1023,0,189,1023,0,147,313,305,446,319,305,322,645,632,305,16
435,1023,0,384,1023,0,294,345,305,543,333,305,322,749,709,305,16
296,1023,0,121,1023,0,220,324,305,410,317,305,323,672,661,305,16
385,1023,0,235,1023,0,189,319,305,458,320,305,323,699,686,305,16
724,1023,0,628,1023,0,527,509,305,595,347,305,323,808,749,305,16
494,1023,0,547,1023,0,849,890,305,735,556,305,323,792,771,305,16
320,1023,0,267,1023,0,277,341,305,511,328,305,323,739,719,305,16
659,1023,0,464,1023,0,314,344,305,548,326,305,323,762,738,305,16
522,1023,0,337,1023,0,283,333,305,523,326,305,323,776,753,305,16
533,1023,0,437,1023,0,261,329,305,492,323,305,323,754,707,305,16
366,1023,0,260,1023,0,135,314,305,472,320,305,323,691,648,305,16
272,1023,0,210,1023,0,239,326,305,501,328,305,323,692,680,305,16
468,1023,0,288,1023,0,232,332,305,475,321,305,323,725,702,305,16
610,1023,0,511,1023,0,319,356,305,555,349,305,323,785,761,305,16
384,1023,0,236,1023,0,211,322,305,441,316,305,323,746,732,305,16
463,1023,0,367,1023,0,319,351,305,506,323,305,323,709,691,305,16
488,1023,0,345,1023,0,261,338,305,483,318,305,323,719,670,305,16
367,1023,0,188,1023,0,223,322,305,481,324,305,323,726,716,305,16
489,1023,0,339,1023,0,291,341,305,534,333,305,323,753,713,305,16
544,1023,0,405,1023,0,536,554,305,552,336,305,323,737,714,305,16
667,1023,0,609,1023,0,368,368,305,539,331,305,323,782,718,305,16
338,1023,0,384,1023,0,264,342,305,524,335,305,323,736,716,305,16
529,1023,0,318,1023,0,473,520,305,536,334,305,324,786,719,305,16
400,1023,0,258,1023,0,203,322,305,431,320,305,324,722,711,305,16
354,1023,0,190,1023,0,239,331,305,494,323,305,324,717,697,305,16
570,1023,0,503,1023,0,644,674,305,644,404,305,324,780,749,305,16
438,1023,0,435,1023,0,524,563,305,548,339,305,324,726,690,305,16
394,1023,0,273,1023,0,231,323,305,486,324,305,324,728,717,305,16
363,1023,0,205,1023,0,76,316,305,467,323,305,324,686,669,305,16
361,1023,0,272,1023,0,175,318,305,483,320,305,324,714,705,305,16
246,1023,0,288,1023,0,592,668,305,578,368,305,324,740,726,305,16
501,1023,0,349,1023,0,259,330,305,497,323,305,324,758,746,305,16
464,1023,0,365,1023,0,360,369,305,515,328,305,324,728,710,305,16
574,1023,0,599,1023,0,269,338,305,535,340,305,324,774,758,305,16
380,1023,0,379,1023,0,317,358,305,502,326,305,324,728,708,305,16
535,1023,0,402,1023,0,252,326,305,483,320,305,324,738,706,305,16
342,1023,0,153,1023,0,274,338,305,379,312,305,324,699,683,305,16
577,1023,0,397,1023,0,256,335,305,512,325,305,324,771,724,305,16
493,1023,0,389,1023,0,222,328,305,494,318,305,324,759,738,305,16
499,1023,0,292,1023,0,292,343,305,510,330,305,324,785,768,305,16
367,1023,0,330,1023,0,240,329,305,499,324,305,324,739,716,305,16
459,1023,0,406,1023,0,253,334,305,518,333,305,324,707,677,305,16
359,1023,0,432,1023,0,210,328,305,482,324,305,324,741,716,305,16
440,1023,0,295,1023,0,370,375,305,474,317,305,324,690,669,305,16
291,1023,0,258,1023,0,418,442,305,477,323,305,324,748,730,305,16
430,1023,0,333,1023,0,137,323,305,498,321,305,325,732,711,305,16
351,1023,0,193,1023,0,274,343,305,501,326,305,325,740,731,305,16
357,1023,0,245,1023,0,227,333,305,488,328,305,325,721,704,305,16
406,1023,0,273,1023,0,204,320,305,422,319,305,325,716,701,305,16
397,1023,0,319,1023,0,236,328,305,501,323,305,325,705,685,305,16
477,1023,0,543,1023,0,357,364,305,551,332,305,325,754,709,305,16
512,1023,0,404,1023,0,322,347,305,507,322,305,325,726,710,305,16
658,1023,0,410,1023,0,292,335,305,549,335,305,325,789,769,305,16
391,1023,0,301,1023,0,281,351,305,516,337,305,325,747,728,305,16
474,1023,0,267,1023,0,234,319,305,519,321,305,325,741,721,305,16
292,1023,0,167,1023,0,222,326,305,480,320,305,325,657,633,305,16
494,1023,0,292,1023,0,299,336,305,515,322,305,325,718,697,305,16
477,1023,0,277,1023,0,251,329,305,499,319,305,325,729,685,305,16
356,1023,0,141,1023,0,253,331,305,426,316,305,325,722,714,305,16
332,1023,0,346,1023,0,320,357,305,507,322,305,325,707,694,305,16
518,1023,0,360,1023,0,221,324,305,508,330,305,325,706,676,305,16
568,1023,0,387,1023,0,433,441,305,501,323,305,325,739,723,305,16
403,1023,0,326,1023,0,196,324,305,493,319,305,325,734,722,305,16
565,1023,0,368,1023,0,312,357,305,547,348,305,325,702,676,305,16
370,1023,0,303,1023,0,219,329,305,499,329,305,325,741,726,305,16
514,1023,0,409,1023,0,468,484,305,528,334,305,325,743,716,305,16
340,1023,0,231,1023,0,271,336,305,498,325,305,326,730,715,305,16
271,1023,0,341,1023,0,311,369,305,536,342,305,326,751,734,305,16
501,1023,0,346,1023,0,263,332,305,512,327,305,326,721,689,305,16
541,1023,0,336,1023,0,216,332,305,516,330,305,326,741,725,305,16
235,1023,0,154,1023,0,232,329,305,432,315,305,326,646,629,305,16
553,1023,0,480,1023,0,286,342,305,517,328,305,326,734,713,305,16
343,1023,0,193,1023,0,209,333,305,498,321,305,326,722,704,305,16
316,1023,0,238,1023,0,203,324,305,423,316,305,326,716,691,305,16
383,1023,0,278,1023,0,328,361,305,511,330,305,326,717,687,305,16
277,1023,0,161,1023,0,112,313,305,408,311,305,326,712,684,305,16
470,1023,0,545,1023,0,711,760,305,639,403,305,326,725,692,305,16
420,1023,0,281,1023,0,253,333,305,490,329,305,326,709,676,305,16
498,1023,0,396,1023,0,299,340,305,511,326,305,326,795,779,305,16
406,1023,0,409,1023,0,276,343,305,472,317,305,326,723,711,305,16
515,1023,0,447,1023,0,393,389,305,473,321,305,326,732,715,305,16
400,1023,0,233,1023,0,413,422,305,493,323,305,326,727,711,305,16
344,1023,0,212,1023,0,163,325,305,457,322,305,326,730,711,305,16
399,1023,0,288,1023,0,233,325,305,484,320,305,326,766,751,305,16
515,1023,0,794,1023,0,337,351,305,719,517,305,326,779,739,305,16
345,1023,0,232,1023,0,119,319,305,420,319,305,327,724,708,305,16
437,1023,0,450,1023,0,258,335,305,503,329,305,327,731,712,305,16
464,1023,0,425,1023,0,319,365,305,544,346,305,327,796,780,305,16
356,1023,0,208,1023,0,155,317,305,496,322,305,327,756,729,305,16
406,1023,0,255,1023,0,210,320,305,507,327,305,327,721,707,305,24
384,1023,0,415,1023,0,280,342,305,531,335,305,327,758,728,305,24
359,1023,0,214,1023,0,144,316,305,389,313,305,327,710,682,305,24
461,1023,0,332,1023,0,239,328,305,509,325,305,327,727,712,305,24
419,1023,0,429,1023,0,211,326,305,534,330,305,327,741,716,305,24
391,1023,0,298,1023,0,544,605,305,553,342,305,327,784,774,305,24
447,1023,0,301,1023,0,280,339,305,466,327,305,327,746,718,305,24
460,1023,0,280,1023,0,217,328,305,499,322,305,327,781,755,305,24
376,1023,0,312,1023,0,662,733,305,598,376,305,327,729,713,305,24
384,1023,0,276,1023,0,251,332,305,497,325,305,327,720,702,305,24
394,1023,0,212,1023,0,215,326,305,443,317,305,327,704,680,305,24
303,1023,0,152,1023,0,514,578,305,510,329,305,327,679,661,305,24
367,1023,0,468,1023,0,252,332,305,526,334,305,327,717,695,305,24
424,1023,0,505,1023,0,246,325,305,551,337,305,327,713,695,305,24
489,1023,0,413,1023,0,221,327,305,501,324,305,327,766,751,305,24
293,1023,0,239,1023,0,233,331,305,492,323,305,327,716,703,305,24
647,1023,0,448,1023,0,277,338,305,554,340,305,327,775,716,305,24
619,1023,0,759,1023,0,304,348,305,543,336,305,327,770,744,305,24
366,1023,0,180,1023,0,251,334,305,512,328,305,327,704,699,305,24
404,1023,0,235,1023,0,212,322,305,472,324,305,328,687,670,305,24
420,1023,0,261,1023,0,216,326,305,496,325,305,328,698,663,305,24
523,1023,0,478,1023,0,284,345,305,555,338,305,328,776,747,305,24
545,1023,0,474,1023,0,240,332,305,524,329,305,328,743,703,305,24
320,1023,0,222,1023,0,242,330,305,514,324,305,328,712,697,305,24
365,1023,0,499,1023,0,256,338,305,548,342,305,328,740,716,305,24
446,1023,0,418,1023,0,260,339,305,541,341,305,328,727,716,305,24
574,1023,0,523,1023,0,516,522,305,551,341,305,328,768,736,305,24
514,1023,0,521,1023,0,292,338,305,543,339,305,328,770,753,305,24
383,1023,0,241,1023,0,252,338,305,487,322,305,328,737,707,305,24
460,1023,0,439,1023,0,343,363,305,544,336,305,328,724,695,305,24
374,1023,0,218,1023,0,130,316,305,420,312,305,328,726,709,305,24
322,1023,0,181,1023,0,111,315,305,499,316,305,328,688,668,305,24
486,1023,0,412,1023,0,234,338,305,517,334,305,328,752,724,305,24
291,1023,0,133,1023,0,218,323,305,490,320,305,328,687,675,305,24
387,1023,0,175,1023,0,219,325,305,430,319,305,328,692,683,305,24
394,1023,0,256,1023,0,190,325,305,504,328,305,328,738,722,305,24
450,1023,0,263,1023,0,256,334,305,434,311,305,328,701,675,305,24
543,1023,0,460,1023,0,281,338,305,501,320,305,328,749,728,305,24
419,1023,0,312,1023,0,365,381,305,463,318,305,328,757,744,305,24
418,1023,0,201,1023,0,246,318,305,455,318,305,328,686,640,305,24
423,1023,0,323,1023,0,234,330,305,500,324,305,328,741,728,305,24
335,1023,0,298,1023,0,212,330,305,405,317,305,328,726,702,305,24
482,1023,0,515,1023,0,305,340,305,537,334,305,329,755,739,305,24
451,1023,0,173,1023,0,222,327,305,420,318,305,329,737,715,305,24
433,1023,0,278,1023,0,232,336,305,489,327,305,329,722,710,305,24
487,1023,0,202,1023,0,284,345,305,527,332,305,329,750,732,305,24
428,1023,0,290,1023,0,165,323,305,459,314,305,329,708,671,305,24
522,1023,0,397,1023,0,319,345,305,482,321,305,329,760,744,305,24
542,1023,0,620,1023,0,298,350,305,572,352,305,329,734,694,305,24
532,1023,0,438,1023,0,576,620,305,592,363,305,329,744,725,305,24
473,1023,0,264,1023,0,225,326,305,466,315,305,329,732,709,305,24
379,1023,0,238,1023,0,195,322,305,465,311,305,329,709,695,305,24
377,1023,0,280,1023,0,590,633,305,579,350,305,329,721,692,305,24
369,1023,0,184,1023,0,195,320,305,462,321,305,329,702,690,305,24
326,1023,0,161,1023,0,185,321,305,417,317,305,329,725,704,305,24
376,1023,0,386,1023,0,219,330,305,502,327,305,329,750,708,305,24
607,1023,0,521,1023,0,474,464,305,545,336,305,329,790,774,305,24
342,1023,0,270,1023,0,174,322,305,453,318,305,329,745,721,305,24
618,1023,0,272,1023,0,248,328,305,534,324,305,329,743,717,305,24
393,1023,0,357,1023,0,246,328,305,481,323,305,329,747,726,305,24
244,1023,0,185,1023,0,249,338,305,505,319,305,330,695,682,305,24
419,1023,0,317,1023,0,259,334,305,469,323,305,330,742,730,305,24
437,1023,0,398,1023,0,266,323,305,518,326,305,330,732,703,305,24
488,1023,0,323,1023,0,265,332,305,502,322,305,330,748,701,305,24
338,1023,0,245,1023,0,217,322,305,450,318,305,330,761,744,305,24
450,1023,0,568,1023,0,318,351,305,520,327,305,330,763,721,305,24
377,1023,0,332,1023,0,233,330,305,460,321,305,330,758,722,305,24
317,1023,0,175,1023,0,253,333,305,460,322,305,330,721,702,305,24
313,1023,0,186,1023,0,187,323,305,445,314,305,330,639,626,305,24
372,1023,0,245,1023,0,154,321,305,455,315,305,330,710,688,305,24
357,1023,0,171,1023,0,185,320,305,457,315,305,330,737,727,305,24
518,1023,0,404,1023,0,247,330,305,525,327,305,330,764,749,305,24
298,1023,0,199,1023,0,173,323,305,445,321,305,330,679,659,305,24
402,1023,0,212,1023,0,206,327,305,469,325,305,330,721,696,305,24
414,1023,0,257,1023,0,176,317,305,454,320,305,330,705,685,305,24
559,1023,0,428,1023,0,304,351,305,511,330,305,330,734,704,305,24
367,1023,0,350,1023,0,281,338,305,517,332,305,330,698,665,305,24
326,1023,0,241,1023,0,252,336,305,467,319,305,330,697,661,305,24
452,1023,0,296,1023,0,238,326,305,500,322,305,330,774,750,305,24
459,1023,0,568,1023,0,383,386,305,536,336,305,330,771,754,305,24
426,1023,0,504,1023,0,252,324,305,528,329,305,330,736,716,305,24
502,1023,0,385,1023,0,295,336,305,537,337,305,331,792,777,305,24
487,1023,0,330,1023,0,203,319,305,500,319,305,331,744,719,305,24
476,1023,0,274,1023,0,258,333,305,528,332,305,331,725,692,305,24
530,1023,0,331,1023,0,259,327,305,527,324,305,331,743,721,305,24
349,1023,0,324,1023,0,226,328,305,497,322,305,331,745,728,305,24
252,1023,0,309,1023,0,226,330,305,503,328,305,331,727,698,305,24
445,1023,0,278,1023,0,299,358,305,507,335,305,331,723,698,305,24
417,1023,0,284,1023,0,282,334,305,489,325,305,331,738,723,305,24
472,1023,0,298,1023,0,276,337,305,479,325,305,331,734,699,305,24
369,1023,0,416,1023,0,269,332,305,512,334,305,331,755,731,305,24
288,1023,0,154,1023,0,44,317,305,463,320,305,331,683,673,305,24
370,1023,0,294,1023,0,446,465,305,520,329,305,331,712,695,305,24
499,1023,0,396,1023,0,411,415,305,518,324,305,331,770,743,305,24
425,1023,0,163,1023,0,267,339,305,508,328,305,331,703,681,305,24
420,1023,0,372,1023,0,285,344,305,488,330,305,331,756,718,305,24
466,1023,0,323,1023,0,255,330,305,503,323,305,331,762,741,305,24
351,1023,0,306,1023,0,220,321,305,517,327,305,331,718,707,305,24
371,1023,0,243,1023,0,128,323,305,499,327,305,331,683,645,305,24
454,1023,0,338,1023,0,152,320,305,426,314,305,331,734,712,305,24
525,1023,0,386,1023,0,239,330,305,502,329,305,331,728,715,305,24
336,1023,0,251,1023,0,228,326,305,498,326,305,332,734,704,305,24
350,1023,0,332,1023,0,264,333,305,477,321,305,332,746,733,305,24
302,1023,0,215,1023,0,277,346,305,490,323,305,332,711,702,305,24
355,1023,0,253,1023,0,218,319,305,464,314,305,332,704,684,305,24
438,1023,0,261,1023,0,162,319,305,418,315,305,332,762,750,305,24
432,1023,0,301,1023,0,222,331,305,516,332,305,332,746,724,305,24
365,1023,0,205,1023,0,189,322,305,385,319,305,332,708,693,305,24
342,1023,0,181,1023,0,335,362,305,474,316,305,332,670,645,305,24
356,1023,0,233,1023,0,241,324,305,447,316,305,332,742,733,305,24
378,1023,0,315,1023,0,237,328,305,487,323,305,332,701,680,305,24
338,1023,0,289,1023,0,247,337,305,499,333,305,332,725,705,305,24
424,1023,0,449,1023,0,262,335,305,468,321,305,332,707,689,305,24
451,1023,0,349,1023,0,323,353,305,502,329,305,332,721,707,305,24
551,1023,0,547,1023,0,289,342,305,534,338,305,332,749,734,305,24
251,1023,0,165,1023,0,619,697,305,564,356,305,332,662,661,305,24
405,1023,0,566,1023,0,328,369,305,527,336,305,332,757,726,305,24
481,1023,0,373,1023,0,344,360,305,513,323,305,332,775,746,305,24
336,1023,0,182,1023,0,191,325,305,467,322,305,332,707,685,305,24
375,1023,0,316,1023,0,220,324,305,456,319,305,332,707,681,305,24
443,1023,0,432,1023,0,653,712,305,609,377,305,332,738,705,305,24
613,1023,0,522,1023,0,821,846,305,718,498,305,332,745,711,305,24
315,1023,0,212,1023,0,191,321,305,475,315,305,332,741,721,305,24
439,1023,0,220,1023,0,488,492,305,524,325,305,333,717,695,305,24
464,1023,0,282,1023,0,259,335,305,512,326,305,333,723,698,305,24
372,1023,0,368,1023,0,222,326,305,475,322,305,333,696,664,305,24
486,1023,0,528,1023,0,385,381,305,571,342,305,333,750,715,305,24
407,1023,0,274,1023,0,237,326,305,483,322,305,333,728,716,305,24
321,1023,0,229,1023,0,226,323,305,515,327,305,333,725,686,305,24
379,1023,0,236,1023,0,188,321,305,342,313,305,333,713,681,305,24
449,1023,0,320,1023,0,260,335,305,496,320,305,333,729,703,305,24
276,1023,0,105,1023,0,82,313,305,386,313,305,333,646,640,305,24
598,1023,0,416,1023,0,268,327,305,488,327,305,333,727,668,305,24
402,1023,0,271,1023,0,245,328,305,507,321,305,333,729,711,305,24
405,1023,0,266,1023,0,216,325,305,473,321,305,333,744,707,305,24
440,1023,0,376,1023,0,545,585,305,563,344,305,333,749,732,305,24
356,1023,0,409,1023,0,337,358,305,477,320,305,333,752,737,305,24
435,1023,0,344,1023,0,253,330,305,512,326,305,333,733,720,305,24
489,1023,0,227,1023,0,291,348,305,532,332,305,333,731,717,305,24
382,1023,0,237,1023,0,176,326,305,500,324,305,333,771,758,305,24
372,1023,0,197,1023,0,75,315,305,488,324,305,333,698,689,305,24
317,1023,0,235,1023,0,295,341,305,510,326,305,333,704,690,305,24
397,1023,0,309,1023,0,214,324,305,515,323,305,333,709,688,305,24
610,1023,0,312,1023,0,202,325,305,493,323,305,333,754,720,305,24
408,1023,0,275,1023,0,258,335,305,479,327,305,333,728,710,305,24
499,1023,0,228,1023,0,210,332,305,468,315,305,333,715,688,305,24
383,1023,0,236,1023,0,255,338,305,535,339,305,333,720,685,305,24
413,1023,0,302,1023,0,412,420,305,538,332,305,334,728,709,305,24
426,1023,0,335,1023,0,246,332,305,544,339,305,334,757,728,305,24
478,1023,0,319,1023,0,232,335,305,479,322,305,334,739,722,305,24
506,1023,0,317,1023,0,232,324,305,497,324,305,334,725,702,305,24
441,1023,0,293,1023,0,275,334,305,522,333,305,334,748,726,305,24
401,1023,0,382,1023,0,283,344,305,525,329,305,334,700,677,305,24
443,1023,0,346,1023,0,302,343,305,536,332,305,334,731,714,305,24
604,1023,0,446,1023,0,260,321,305,532,324,305,334,795,738,305,24
382,1023,0,258,1023,0,216,326,305,399,313,305,334,699,674,305,24
400,1023,0,256,1023,0,181,325,305,462,323,305,334,681,661,305,24
263,1023,0,240,1023,0,143,319,305,450,316,305,334,725,706,305,24
510,1023,0,376,1023,0,305,352,305,508,328,305,334,755,740,305,24
321,1023,0,291,1023,0,198,323,305,485,323,305,334,724,712,305,24
386,1023,0,261,1023,0,203,328,305,512,329,305,334,708,695,305,24
364,1023,0,171,1023,0,147,315,305,448,319,305,334,705,694,305,24
424,1023,0,471,1023,0,296,345,305,528,336,305,334,733,715,305,24
343,1023,0,392,1023,0,293,343,305,521,330,305,335,762,751,305,24
359,1023,0,294,1023,0,226,331,305,491,325,305,335,761,744,305,24
446,1023,0,224,1023,0,262,331,305,460,320,305,335,731,710,305,24
451,1023,0,329,1023,0,225,326,305,517,332,305,335,710,678,305,24
512,1023,0,314,1023,0,268,326,305,513,328,305,335,664,652,305,24
345,1023,0,213,1023,0,0,310,305,391,312,305,335,698,690,305,24
317,1023,0,195,1023,0,182,324,305,469,317,305,335,689,665,305,32
505,1023,0,312,1023,0,275,337,305,474,324,305,335,737,719,305,32
392,1023,0,314,1023,0,280,339,305,506,328,305,335,731,690,305,32
408,1023,0,455,1023,0,582,634,305,574,354,305,335,698,665,305,32
534,1023,0,605,1023,0,289,339,305,545,343,305,335,749,721,305,32
323,1023,0,364,1023,0,160,319,305,458,317,305,335,676,663,305,32
509,1023,0,304,1023,0,216,323,305,518,323,305,335,740,714,305,32
336,1023,0,240,1023,0,528,567,305,545,334,305,335,728,711,305,32
397,1023,0,302,1023,0,234,324,305,494,319,305,335,740,725,305,32
339,1023,0,192,1023,0,269,345,305,497,335,305,336,703,678,305,32
331,1023,0,120,1023,0,187,320,305,427,318,305,336,705,687,305,32
538,1023,0,412,1023,0,182,331,305,519,333,305,336,733,704,305,32
390,1023,0,240,1023,0,153,317,305,500,323,305,336,761,727,305,32
289,1023,0,107,1003,0,139,317,305,0,311,305,336,673,666,305,32
457,1023,0,321,1023,0,284,334,305,512,322,305,336,755,736,305,32
297,1023,0,270,1023,0,177,321,305,481,321,305,336,687,675,305,32
527,1023,0,260,1023,0,266,328,305,505,329,305,336,745,725,305,32
441,1023,0,274,1023,0,224,325,305,493,318,305,336,725,710,305,32
375,1023,0,477,1023,0,227,326,305,545,334,305,336,743,712,305,32
409,1023,0,227,1023,0,369,395,305,492,322,305,336,720,699,305,32
414,1023,0,317,1023,0,273,338,305,539,331,305,336,710,678,305,32
486,1023,0,307,1023,0,301,345,305,509,328,305,336,722,665,305,32
371,1023,0,290,1023,0,205,324,305,507,327,305,336,712,679,305,32
483,1023,0,306,1023,0,201,317,305,457,314,305,336,737,722,305,32
425,1023,0,236,1023,0,207,323,305,507,326,305,336,738,722,305,32
514,1023,0,446,1023,0,293,339,305,691,516,305,336,846,793,305,32
449,1023,0,266,1023,0,265,331,305,523,333,305,337,731,684,305,32
323,1023,0,260,1023,0,258,336,305,481,320,305,337,660,645,305,32
381,1023,0,202,1023,0,216,330,305,480,327,305,337,731,716,305,32
511,1023,0,407,1023,0,285,341,305,509,326,305,337,747,712,305,32
364,1023,0,237,1023,0,194,321,305,455,314,305,337,731,716,305,32
379,1023,0,270,1023,0,724,786,305,640,421,305,337,701,669,305,32
342,1023,0,191,1023,0,231,333,305,513,329,305,337,696,684,305,32
418,1023,0,304,1023,0,234,331,305,513,328,305,337,700,674,305,32
434,1023,0,384,1023,0,391,396,305,517,326,305,337,691,666,305,32
458,1023,0,275,1023,0,185,318,305,490,322,305,337,741,715,305,32
340,1023,0,324,1023,0,246,333,305,498,324,305,337,708,685,305,32
440,1023,0,317,1023,0,364,383,305,436,318,305,337,732,716,305,32
385,1023,0,294,1023,0,202,324,305,476,324,305,337,717,703,305,32
425,1023,0,281,1023,0,249,335,305,501,320,305,337,743,706,305,32
381,1023,0,326,1023,0,246,328,305,521,325,305,337,733,699,305,32
445,1023,0,287,1023,0,249,326,305,495,321,305,337,712,693,305,32
502,1023,0,264,1023,0,340,369,305,544,343,305,337,779,757,305,32
417,1023,0,397,1023,0,655,707,305,609,376,305,338,768,724,305,32
467,1023,0,256,1023,0,236,328,305,474,320,305,338,726,704,305,32
536,1023,0,477,1023,0,272,339,305,552,330,305,338,729,707,305,32
400,1023,0,388,1023,0,227,324,305,507,320,305,338,698,682,305,32
514,1023,0,409,1023,0,263,333,305,518,330,305,338,784,765,305,32
378,1023,0,361,1023,0,239,327,305,530,332,305,338,692,663,305,32
401,1023,0,422,1023,0,248,334,305,502,331,305,338,755,725,305,32
430,1023,0,381,1023,0,276,336,305,533,329,305,338,736,722,305,32
440,1023,0,311,1023,0,153,324,305,478,320,305,338,684,653,305,32
400,1023,0,276,1023,0,220,330,305,451,321,305,338,714,700,305,32
323,1023,0,242,1023,0,228,328,305,459,318,305,338,748,740,305,32
422,1023,0,241,1023,0,540,589,305,533,341,305,338,730,714,305,32
438,1023,0,275,1023,0,214,325,305,522,324,305,338,734,720,305,32
536,1023,0,406,1023,0,401,395,305,544,334,305,338,742,715,305,32
402,1023,0,240,1023,0,291,341,305,468,321,305,338,746,736,305,32
357,1023,0,186,1023,0,259,331,305,494,324,305,338,716,678,305,32
314,1023,0,285,1023,0,588,662,305,562,350,305,338,728,713,305,32
611,1023,0,486,1023,0,273,329,305,533,326,305,338,777,740,305,32
380,1023,0,318,1023,0,265,338,305,502,332,305,338,750,723,305,32
762,1023,0,556,1023,0,338,350,305,555,326,305,338,794,720,305,32
317,1023,0,156,1023,0,214,323,305,463,319,305,339,703,689,305,32
369,1023,0,239,1023,0,171,315,305,463,312,305,339,742,712,305,32
399,1023,0,451,1023,0,393,404,305,549,342,305,339,691,639,305,32
441,1023,0,443,1023,0,267,331,305,521,325,305,339,763,744,305,32
507,1023,0,613,1023,0,231,329,305,531,333,305,339,714,660,305,32
498,1023,0,337,1023,0,188,318,305,515,325,305,339,711,668,305,32
688,1023,0,514,1023,0,285,326,305,551,323,305,339,816,776,305,32
383,1023,0,255,1023,0,223,330,305,507,329,305,339,702,671,305,32
407,1023,0,258,1023,0,140,315,305,482,317,305,339,741,725,305,32
410,1023,0,333,1023,0,274,344,305,523,336,305,339,736,715,305,32
403,1023,0,306,1023,0,274,334,305,503,332,305,339,740,728,305,32
447,1023,0,520,1023,0,398,413,305,563,346,305,339,732,714,305,32
606,1023,0,490,1023,0,316,340,305,545,330,305,339,740,707,305,32
438,1023,0,337,1023,0,311,354,305,502,326,305,339,713,686,305,32
372,1023,0,131,1023,0,425,444,305,445,322,305,339,710,697,305,32
232,1023,0,141,1023,0,131,320,305,382,314,305,339,698,685,305,32
361,1023,0,336,1023,0,280,338,305,550,340,305,339,685,647,305,32
361,1023,0,202,1023,0,260,342,305,510,324,305,339,674,660,305,32
531,1023,0,585,1023,0,340,348,305,559,329,305,339,829,772,305,32
762,1023,0,756,1023,0,505,517,305,658,429,305,339,843,801,305,32
408,1023,0,421,1023,0,235,336,305,503,326,305,339,801,776,305,32
433,1023,0,323,1023,0,386,407,305,498,330,305,340,739,712,305,32
399,1023,0,259,1023,0,268,334,305,479,322,305,340,722,694,305,32
487,1023,0,291,1023,0,273,335,305,579,361,305,340,737,714,305,32
449,1023,0,361,1023,0,255,337,305,510,329,305,340,721,691,305,32
734,1023,0,626,1023,0,350,361,305,549,344,305,340,762,721,305,32
364,1023,0,316,1023,0,283,340,305,483,325,305,340,770,748,305,32
296,1023,0,180,1023,0,207,334,305,464,318,305,340,712,704,305,32
416,1023,0,333,1023,0,234,331,305,497,324,305,340,789,761,305,32
421,1023,0,447,1023,0,255,336,305,508,330,305,340,750,719,305,32
627,1023,0,443,1023,0,275,347,305,516,335,305,340,794,747,305,32
422,1023,0,395,1023,0,254,332,305,520,334,305,340,705,672,305,32
390,1023,0,271,1023,0,168,319,305,489,323,305,340,731,689,305,32
491,1023,0,386,1023,0,216,324,305,526,325,305,340,743,694,305,32
293,1023,0,169,1023,0,254,335,305,480,329,305,340,741,727,305,32
503,1023,0,579,1023,0,324,357,305,553,341,305,340,771,733,305,32
386,1023,0,151,1023,0,177,321,305,346,311,305,340,699,682,305,32
376,1023,0,289,1023,0,235,329,305,490,319,305,340,741,725,305,32
467,1023,0,492,1023,0,309,350,305,536,339,305,340,769,725,305,32
304,1023,0,280,1023,0,217,321,305,501,323,305,340,723,703,305,32
340,1023,0,252,1023,0,263,338,305,475,320,305,340,696,677,305,32
471,1023,0,301,1023,0,313,343,305,505,320,305,341,747,712,305,32
372,1023,0,194,1023,0,266,331,305,469,316,305,341,755,725,305,32
377,1023,0,148,1023,0,138,316,305,431,311,305,341,728,717,305,32
277,1023,0,206,1023,0,239,332,305,517,328,305,341,704,693,305,32
327,1023,0,191,1023,0,97,313,305,397,314,305,341,708,675,305,32
465,1023,0,265,1023,0,234,329,305,445,318,305,341,760,737,305,32
442,1023,0,314,1023,0,264,333,305,501,323,305,341,726,696,305,32
634,1023,0,485,1023,0,251,336,305,533,332,305,341,732,710,305,32
392,1023,0,312,1023,0,325,365,305,504,328,305,341,655,633,305,32
392,1023,0,365,1023,0,569,616,305,574,354,305,341,741,716,305,32
703,1023,0,507,1023,0,498,540,305,577,357,305,341,814,763,305,32
666,1023,0,558,1023,0,319,345,305,534,322,305,341,772,753,305,32
483,1023,0,295,1023,0,324,347,305,520,323,305,341,751,718,305,32
596,1023,0,361,1023,0,261,331,305,531,340,305,341,729,709,305,32
414,1023,0,320,1023,0,228,331,305,483,325,305,341,728,713,305,32
422,1023,0,292,1023,0,232,329,305,521,331,305,341,744,714,305,32
403,1023,0,382,1023,0,254,320,305,531,326,305,341,715,692,305,32
392,1023,0,250,1023,0,299,351,305,505,325,305,341,740,722,305,32
335,1023,0,217,1023,0,263,339,305,505,323,305,341,709,685,305,40
696,1023,0,538,1023,0,391,387,305,525,332,305,341,766,722,305,40
469,1023,0,440,1023,0,222,321,305,560,336,305,342,697,670,305,40
468,1023,0,255,1023,0,241,325,305,473,318,305,342,747,728,305,40
339,1023,0,211,1023,0,261,333,305,540,346,305,342,710,688,305,40
478,1023,0,340,1023,0,190,322,305,493,322,305,342,753,735,305,40
444,1023,0,593,1023,0,698,757,305,651,426,305,342,730,704,305,40
337,1023,0,129,1023,0,135,317,305,450,313,305,342,726,716,305,40
400,1023,0,330,1023,0,402,416,305,552,348,305,342,725,708,305,40
500,1023,0,321,1023,0,254,336,305,491,320,305,342,711,694,305,40
518,1023,0,309,1023,0,242,332,305,536,332,305,342,799,785,305,40
440,1023,0,627,1023,0,293,335,305,563,348,305,342,746,727,305,40
574,1023,0,444,1023,0,244,329,305,520,327,305,342,767,746,305,40
366,1023,0,197,1023,0,210,321,305,489,318,305,342,713,682,305,40
372,1023,0,208,1023,0,220,330,305,472,322,305,342,697,658,305,40
446,1023,0,303,1023,0,239,331,305,498,327,305,342,743,725,305,40
392,1023,0,320,1023,0,252,332,305,505,324,305,342,702,680,305,40
336,1023,0,226,1023,0,196,323,305,436,317,305,342,731,719,305,40
476,1023,0,548,1023,0,232,338,305,709,522,305,342,770,718,305,40
435,1023,0,229,1023,0,213,327,305,457,320,305,342,728,708,305,40
425,1023,0,328,1023,0,150,316,305,459,319,305,343,708,677,305,40
369,1023,0,275,1023,0,249,332,305,497,327,305,343,691,657,305,40
626,1023,0,662,1023,0,346,363,305,584,358,305,343,785,762,305,40
398,1023,0,225,1023,0,211,323,305,452,314,305,343,709,687,305,40
460,1023,0,458,1023,0,237,326,305,514,322,305,343,737,704,305,40
389,1023,0,288,1023,0,248,334,305,471,323,305,343,724,702,305,40
682,1023,0,469,1023,0,300,353,305,553,347,305,343,728,694,305,40
389,1023,0,252,1023,0,242,331,305,462,314,305,343,730,696,305,40
441,1023,0,230,1023,0,270,326,305,506,323,305,343,742,723,305,40
288,1023,0,143,1023,0,191,321,305,392,311,305,343,645,634,305,40
456,1023,0,300,1023,0,268,335,305,510,322,305,343,724,678,305,40
483,1023,0,652,1023,0,306,341,305,536,334,305,343,748,715,305,40
473,1023,0,350,1023,0,234,324,305,515,330,305,343,736,716,305,40
360,1023,0,138,1023,0,156,319,305,195,315,305,343,728,719,305,40
465,1023,0,318,1023,0,234,329,305,522,329,305,343,762,749,305,40
321,1023,0,131,1023,0,617,689,305,571,349,305,343,637,615,305,40
580,1023,0,462,1023,0,303,340,305,536,330,305,343,760,736,305,40
631,1023,0,456,1023,0,274,329,305,508,326,305,343,751,734,305,40
471,1023,0,245,1023,0,197,315,305,482,317,305,343,729,699,305,40
446,1023,0,349,1023,0,221,325,305,506,325,305,343,734,719,305,40
359,1023,0,197,1023,0,146,316,305,460,318,305,344,732,720,305,40
789,1023,0,757,1023,0,322,341,305,575,350,305,344,834,763,305,40
477,1023,0,295,1023,0,160,316,305,409,312,305,344,732,709,305,40
338,1023,0,235,1023,0,183,318,305,444,314,305,344,725,714,305,40
447,1023,0,386,1023,0,274,335,305,500,323,305,344,666,640,305,40
489,1023,0,337,1023,0,265,335,305,498,324,305,344,740,702,305,40
408,1023,0,330,1023,0,270,337,305,522,333,305,344,744,719,305,40
370,1023,0,188,1023,0,182,315,305,371,313,305,344,766,748,305,40
675,1023,0,464,1023,0,292,342,305,521,330,305,344,723,689,305,40
647,1023,0,491,1023,0,238,327,305,501,321,305,344,772,692,305,40
556,1023,0,338,1023,0,243,322,305,479,325,305,344,707,666,305,40
425,1023,0,235,1023,0,290,338,305,424,316,305,344,728,709,305,40
402,1023,0,288,1023,0,179,320,305,450,318,305,344,721,693,305,40
449,1023,0,384,1023,0,250,328,305,470,321,305,344,728,697,305,40
489,1023,0,304,1023,0,271,332,305,486,317,305,344,737,722,305,40
446,1023,0,265,1023,0,159,316,305,452,313,305,344,770,732,305,40
295,1023,0,287,1023,0,215,321,305,508,326,305,344,741,724,305,40
433,1023,0,285,1023,0,383,392,305,518,333,305,344,741,722,305,40
380,1023,0,533,1023,0,328,357,305,516,328,305,345,786,764,305,40
452,1023,0,364,1023,0,357,376,305,516,329,305,345,725,701,305,40
299,1023,0,158,1023,0,221,324,305,434,315,305,345,713,709,305,40
351,1023,0,287,1023,0,214,332,305,485,323,305,345,731,718,305,40
504,1023,0,256,1023,0,525,547,305,547,336,305,345,710,689,305,40
429,1023,0,286,1023,0,272,336,305,503,325,305,345,710,679,305,40
458,1023,0,415,1023,0,314,351,305,524,333,305,345,737,686,305,40
576,1023,0,516,1023,0,278,336,305,544,332,305,345,761,699,305,40
421,1023,0,311,1023,0,267,330,305,517,324,305,345,708,685,305,40
412,1023,0,228,1023,0,230,328,305,504,327,305,345,750,725,305,40
390,1023,0,262,1023,0,260,334,305,484,314,305,345,716,701,305,40
441,1023,0,294,1023,0,295,341,305,472,319,305,345,750,737,305,40
380,1023,0,241,1023,0,171,317,305,463,317,305,345,720,693,305,40
399,1023,0,238,1023,0,244,330,305,483,319,305,345,735,724,305,40
365,1023,0,287,1023,0,219,328,305,470,322,305,345,742,729,305,40
477,1023,0,451,1023,0,312,352,305,515,328,305,345,736,714,305,40
381,1023,0,301,1023,0,636,708,305,584,366,305,345,725,702,305,40
510,1023,0,399,1023,0,549,566,305,568,339,305,345,737,710,305,40
541,1023,0,348,1023,0,284,340,305,540,340,305,345,738,723,305,40
319,1023,0,202,1023,0,263,335,305,470,324,305,346,716,710,305,40
351,1023,0,228,1023,0,182,319,305,498,318,305,346,700,674,305,40
403,1023,0,243,1023,0,456,475,305,506,329,305,346,783,765,305,40
323,1023,0,162,1023,0,136,315,305,453,315,305,346,711,701,305,40
473,1023,0,562,1023,0,709,769,305,653,440,305,346,771,756,305,40
415,1023,0,270,1023,0,166,319,305,502,318,305,346,740,724,305,40
282,1023,0,266,1023,0,338,378,305,462,318,305,346,712,702,305,40
370,1023,0,245,1023,0,221,325,305,492,321,305,346,750,731,305,40
332,1023,0,229,1023,0,201,326,305,475,323,305,346,693,665,305,40
531,1023,0,605,1023,0,381,389,305,545,339,305,346,759,716,305,40
218,1023,0,180,1023,0,237,336,305,472,325,305,346,739,734,305,40
306,1023,0,149,1023,0,169,316,305,456,319,305,346,722,701,305,40
525,1023,0,383,1023,0,345,358,305,507,326,305,346,752,722,305,40
458,1023,0,376,1023,0,215,325,305,533,335,305,346,686,672,305,40
479,1023,0,492,1023,0,299,353,305,542,340,305,347,769,746,305,40
312,1023,0,162,1023,0,175,321,305,441,316,305,347,636,619,305,40
472,1023,0,458,1023,0,256,329,305,529,335,305,347,751,734,305,40
405,1023,0,311,1023,0,195,326,305,507,323,305,347,735,710,305,40
473,1023,0,317,1023,0,190,322,305,461,316,305,347,720,697,305,40
622,1023,0,577,1023,0,285,328,305,527,328,305,347,818,755,305,40
487,1023,0,504,1023,0,297,346,305,487,324,305,347,735,706,305,40
308,1023,0,174,1023,0,252,342,305,464,319,305,347,669,655,305,40
447,1023,0,425,1023,0,283,339,305,525,331,305,347,738,693,305,40
313,1023,0,161,1023,0,208,330,305,463,321,305,347,710,696,305,40
391,1023,0,234,1023,0,277,339,305,510,332,305,347,713,688,305,40
488,1023,0,314,1023,0,229,323,305,490,318,305,347,768,742,305,40
390,1023,0,372,1023,0,676,737,305,628,397,305,347,750,736,305,40
520,1023,0,387,1023,0,432,417,305,523,327,305,347,760,706,305,40
473,1023,0,341,1023,0,442,446,305,483,320,305,347,762,746,305,40
350,1023,0,331,1023,0,200,326,305,508,329,305,347,690,663,305,40
449,1023,0,271,1023,0,273,332,305,514,324,305,347,732,719,305,40
351,1023,0,313,1023,0,247,337,305,514,329,305,347,749,739,305,48
465,1023,0,521,1023,0,252,337,305,536,342,305,347,740,711,305,48
501,1023,0,344,1023,0,253,328,305,496,320,305,347,711,685,305,48
466,1023,0,321,1023,0,574,600,305,568,346,305,347,741,724,305,48
444,1023,0,391,1023,0,267,336,305,507,329,305,348,736,718,305,48
386,1023,0,321,1023,0,231,328,305,490,323,305,348,753,728,305,48
374,1023,0,173,1023,0,215,320,305,382,310,305,348,694,676,305,48
423,1023,0,280,1023,0,155,317,305,509,319,305,348,701,653,305,48
494,1023,0,446,1023,0,258,330,305,475,320,305,348,723,704,305,48
375,1023,0,211,1023,0,263,337,305,457,322,305,348,741,713,305,48
342,1023,0,287,1023,0,240,331,305,477,327,305,348,754,743,305,48
427,1023,0,366,1023,0,266,335,305,515,322,305,348,731,718,305,48
409,1023,0,305,1023,0,225,326,305,477,321,305,348,738,716,305,48
463,1023,0,343,1023,0,259,336,305,502,330,305,348,722,701,305,48
398,1023,0,255,1023,0,146,322,305,472,318,305,348,699,686,305,48
432,1023,0,479,1023,0,270,334,305,533,334,305,348,738,718,305,48
466,1023,0,418,1023,0,242,326,305,494,320,305,348,774,751,305,48
525,1023,0,512,1023,0,449,452,305,553,339,305,348,730,691,305,48
648,1023,0,535,1023,0,266,332,305,529,330,305,348,811,779,305,48
391,1023,0,296,1023,0,271,354,305,517,333,305,348,747,738,305,48
704,1023,0,505,1023,0,308,339,305,540,332,305,348,820,755,305,48
408,1023,0,230,1023,0,259,330,305,473,319,305,348,705,671,305,48
330,1023,0,284,1023,0,264,337,305,486,322,305,348,699,674,305,48
406,1023,0,325,1023,0,256,332,305,542,336,305,348,707,691,305,48
479,1023,0,358,1023,0,192,323,305,473,317,305,348,753,721,305,48
353,1023,0,188,1023,0,510,551,305,516,333,305,349,679,650,305,48
500,1023,0,404,1023,0,292,347,305,529,330,305,349,762,729,305,48
429,1023,0,305,1023,0,266,337,305,495,324,305,349,742,695,305,48
378,1023,0,319,1023,0,239,325,305,491,324,305,349,747,735,305,48
308,1023,0,329,1023,0,269,346,305,509,328,305,349,743,731,305,48
517,1023,0,459,1023,0,235,327,305,519,321,305,349,751,720,305,48
526,1023,0,299,1023,0,229,322,305,473,320,305,349,736,697,305,48
343,1023,0,280,1023,0,256,335,305,510,334,305,349,688,651,305,48
414,1023,0,335,1023,0,272,330,305,506,326,305,349,707,685,305,48
417,1023,0,253,1023,0,263,335,305,497,328,305,349,755,737,305,48
559,1023,0,302,1023,0,259,332,305,529,332,305,349,759,736,305,48
425,1023,0,305,1023,0,246,329,305,484,322,305,349,755,736,305,48
322,1023,0,242,1023,0,222,327,305,438,319,305,349,735,714,305,48
506,1023,0,392,1023,0,265,330,305,523,327,305,349,734,712,305,48
388,1023,0,380,1023,0,355,385,305,516,334,305,349,721,707,305,48
521,1023,0,556,1023,0,338,356,305,576,338,305,349,773,711,305,48
703,1023,0,676,1023,0,353,353,305,567,332,305,349,790,755,305,48
334,1023,0,297,1023,0,417,447,305,493,329,305,349,700,687,305,48
460,1023,0,312,1023,0,289,343,305,511,325,305,349,729,700,305,48
334,1023,0,185,1023,0,154,320,305,420,317,305,349,704,693,305,48
338,1023,0,203,1023,0,434,451,305,512,327,305,349,732,722,305,48
387,1023,0,235,1023,0,456,470,305,522,331,305,349,744,715,305,48
430,1023,0,419,1023,0,368,379,305,593,359,305,349,761,717,305,48
323,1023,0,220,1023,0,203,323,305,488,320,305,349,719,705,305,48
366,1023,0,317,1023,0,261,333,305,521,329,305,350,735,716,305,48
439,1023,0,246,1023,0,276,335,305,482,319,305,350,754,737,305,48
512,1023,0,392,1023,0,264,337,305,501,331,305,350,711,685,305,48
377,1023,0,312,1023,0,412,417,305,514,330,305,350,760,738,305,48
319,1023,0,327,1023,0,266,330,305,517,327,305,350,743,731,305,48
491,1023,0,410,1023,0,222,325,305,519,328,305,350,726,708,305,48
470,1023,0,272,1023,0,250,328,305,497,325,305,350,730,712,305,48
496,1023,0,385,1023,0,277,328,305,497,319,305,350,750,730,305,48
348,1023,0,307,1023,0,256,331,305,491,327,305,350,726,708,305,48
361,1023,0,216,1023,0,420,427,305,495,325,305,350,759,740,305,48
415,1023,0,347,1023,0,210,325,305,500,329,305,350,698,675,305,48
539,1023,0,487,1023,0,268,332,305,521,327,305,350,736,706,305,48
284,1023,0,167,1023,0,185,317,305,430,312,305,350,682,675,305,48
414,1023,0,382,1023,0,258,335,305,531,327,305,350,720,695,305,48
709,1023,0,793,1023,0,291,332,305,519,324,305,350,829,739,305,48
293,1023,0,153,1023,0,426,464,305,504,325,305,350,695,683,305,48
444,1023,0,357,1023,0,273,338,305,539,337,305,350,735,715,305,48
428,1023,0,341,1023,0,473,496,305,523,337,305,350,747,727,305,48
359,1023,0,241,1023,0,273,336,305,493,328,305,351,717,701,305,48
398,1023,0,257,1023,0,225,332,305,488,324,305,351,715,679,305,48
404,1023,0,386,1023,0,273,331,305,473,323,305,351,751,731,305,48
501,1023,0,238,1023,0,225,323,305,462,323,305,351,736,719,305,48
506,1023,0,503,1023,0,292,344,305,523,336,305,351,736,702,305,48
375,1023,0,224,1023,0,163,318,305,457,319,305,351,690,665,305,48
265,1023,0,153,1023,0,151,320,305,428,316,305,351,683,668,305,48
401,1023,0,196,1023,0,189,324,305,487,320,305,351,728,717,305,48
637,1023,0,567,1023,0,289,328,305,537,329,305,351,753,730,305,48
390,1023,0,287,1023,0,200,327,305,487,321,305,351,732,721,305,48
366,1023,0,103,1023,0,136,311,305,401,311,305,351,655,653,305,48
439,1023,0,497,1023,0,306,345,305,483,325,305,351,727,705,305,48
605,1023,0,780,1023,0,333,350,305,570,344,305,351,750,717,305,48
329,1023,0,145,1023,0,167,321,305,401,315,305,351,689,680,305,48
356,1023,0,167,1023,0,346,378,305,420,313,305,351,668,654,305,48
419,1023,0,351,1023,0,674,725,305,614,378,305,351,772,745,305,48
374,1023,0,250,1023,0,270,333,305,484,324,305,351,718,690,305,48
411,1023,0,210,1023,0,193,319,305,511,321,305,351,749,721,305,48
404,1023,0,287,1023,0,210,326,305,521,326,305,351,693,658,305,48
429,1023,0,325,1023,0,318,356,305,515,325,305,351,722,692,305,48
598,1023,0,362,1023,0,327,359,305,545,337,305,351,743,723,305,48
495,1023,0,348,1023,0,379,392,305,529,336,305,351,736,722,305,48
554,1023,0,408,1023,0,271,332,305,531,330,305,351,747,715,305,48
250,1023,0,198,1023,0,148,317,305,467,315,305,351,703,685,305,48
402,1023,0,315,1023,0,277,338,305,521,327,305,351,748,733,305,48
374,1023,0,331,1023,0,231,331,305,504,324,305,352,732,698,305,48
374,1023,0,371,1023,0,726,785,305,650,430,305,352,751,729,305,48
307,1023,0,221,1023,0,184,322,305,473,319,305,352,691,681,305,48
564,1023,0,557,1023,0,319,348,305,549,341,305,352,741,682,305,48
359,1023,0,239,1023,0,254,332,305,521,328,305,352,723,711,305,48
367,1023,0,176,1023,0,172,320,305,463,315,305,352,717,706,305,48
387,1023,0,187,1023,0,208,327,305,496,321,305,352,733,718,305,48
424,1023,0,517,1023,0,227,327,305,492,324,305,352,766,742,305,48
413,1023,0,383,1023,0,265,327,305,518,320,305,352,727,697,305,48
519,1023,0,466,1023,0,234,326,305,501,327,305,352,787,770,305,48
485,1023,0,236,1023,0,253,330,305,515,327,305,352,731,709,305,48
406,1023,0,249,1023,0,196,323,305,473,323,305,352,711,685,305,48
391,1023,0,344,1023,0,269,335,305,469,320,305,352,755,743,305,48
477,1023,0,381,1023,0,299,351,305,559,340,305,352,707,676,305,48
436,1023,0,198,1023,0,325,366,305,482,324,305,352,708,683,305,48
453,1023,0,527,1023,0,261,335,305,540,342,305,352,722,700,305,48
483,1023,0,293,1023,0,260,330,305,477,320,305,352,729,705,305,48
452,1023,0,255,1023,0,232,321,305,478,318,305,352,696,668,305,48
365,1023,0,202,1023,0,202,320,305,486,316,305,352,732,715,305,48
425,1023,0,311,1023,0,249,326,305,464,315,305,352,704,667,305,48
392,1023,0,305,1023,0,306,358,305,540,336,305,353,713,691,305,48
433,1023,0,295,1023,0,207,321,305,470,319,305,353,721,709,305,48
414,1023,0,343,1023,0,502,540,305,515,330,305,353,749,732,305,48
390,1023,0,245,1023,0,290,347,305,529,331,305,353,747,730,305,48
528,1023,0,511,1023,0,672,709,305,618,379,305,353,759,722,305,48
473,1023,0,498,1023,0,244,330,305,513,326,305,353,746,728,305,48
348,1023,0,222,1023,0,302,352,305,467,319,305,353,722,712,305,48
421,1023,0,601,1023,0,262,334,305,563,334,305,353,754,686,305,48
475,1023,0,374,1023,0,230,330,305,501,332,305,353,753,736,305,48
425,1023,0,376,1023,0,281,330,305,496,321,305,353,737,719,305,48
353,1023,0,225,1023,0,491,534,305,513,334,305,353,710,683,305,48
368,1023,0,217,1023,0,145,323,305,441,319,305,353,646,604,305,48
294,1023,0,142,1023,0,195,327,305,455,325,305,353,700,689,305,48
622,1023,0,339,1023,0,259,332,305,524,333,305,353,743,716,305,48
534,1023,0,346,1023,0,255,332,305,525,330,305,353,764,689,305,48
500,1023,0,374,1023,0,554,594,305,552,337,305,353,729,709,305,48
274,1023,0,123,1023,0,148,317,305,460,317,305,353,682,675,305,48
452,1023,0,367,1023,0,438,438,305,502,324,305,353,709,692,305,48
478,1023,0,218,1023,0,107,316,305,443,311,305,353,728,708,305,48
348,1023,0,259,1023,0,218,328,305,484,323,305,353,705,670,305,48
485,1023,0,550,1023,0,254,332,305,484,324,305,354,739,718,305,48
359,1023,0,289,1023,0,221,325,305,511,322,305,354,714,679,305,48
330,1023,0,409,1023,0,122,313,305,542,332,305,354,780,734,305,48
421,1023,0,269,1023,0,543,582,305,556,343,305,354,749,723,305,48
414,1023,0,553,1023,0,274,333,305,534,331,305,354,718,697,305,48
513,1023,0,392,1023,0,299,338,305,544,339,305,354,760,730,305,48
368,1023,0,239,1023,0,209,326,305,460,318,305,354,713,693,305,48
358,1023,0,303,1023,0,457,470,305,512,327,305,354,718,700,305,48
389,1023,0,269,1023,0,666,719,305,631,398,305,354,738,721,305,48
366,1023,0,261,1023,0,553,607,305,533,338,305,354,735,723,305,48
571,1023,0,429,1023,0,265,339,305,531,334,305,354,732,682,305,48
392,1023,0,230,1023,0,184,315,305,449,317,305,354,707,686,305,48
661,1023,0,586,1023,0,346,354,305,577,345,305,354,809,740,305,48
338,1023,0,253,1023,0,442,466,305,525,332,305,354,731,700,305,48
525,1023,0,327,1023,0,271,330,305,519,328,305,354,754,720,305,48
426,1023,0,246,1023,0,163,315,305,482,319,305,354,695,636,305,48
480,1023,0,276,1023,0,304,346,305,464,320,305,354,722,702,305,48
411,1023,0,249,1023,0,263,338,305,536,330,305,354,729,711,305,48
274,1023,0,168,1023,0,113,313,305,433,314,305,354,676,665,305,48
420,1023,0,343,1023,0,308,350,305,465,319,305,354,750,733,305,48
385,1023,0,221,1023,0,474,503,305,514,327,305,354,698,671,305,48
394,1023,0,369,1023,0,248,326,305,524,327,305,354,723,680,305,48
410,1023,0,327,1023,0,163,319,305,464,316,305,354,731,719,305,48
401,1023,0,292,1023,0,235,330,305,489,324,305,355,740,726,305,48
339,1023,0,270,1023,0,294,348,305,480,326,305,355,713,700,305,56
307,1023,0,172,1023,0,640,722,305,576,362,305,355,649,637,305,56
433,1023,0,163,1023,0,493,507,305,512,329,305,355,702,690,305,56
388,1023,0,338,1023,0,279,349,305,533,335,305,355,731,708,305,56
547,1023,0,390,1023,0,266,331,305,519,329,305,355,745,716,305,56
596,1023,0,651,1023,0,261,330,305,539,327,305,355,777,738,305,56
409,1023,0,222,1023,0,261,327,305,478,319,305,355,718,698,305,56
394,1023,0,377,1023,0,211,328,305,507,324,305,355,756,736,305,56
395,1023,0,342,1023,0,220,320,305,478,320,305,355,687,669,305,56
455,1023,0,364,1023,0,221,328,305,495,324,305,355,685,671,305,56
599,1023,0,731,1023,0,332,347,305,555,338,305,355,804,729,305,56
510,1023,0,367,1023,0,311,344,305,503,325,305,355,756,742,305,56
442,1023,0,347,1023,0,262,339,305,528,329,305,355,732,713,305,56
399,1023,0,393,1023,0,236,329,305,492,326,305,355,721,699,305,56
501,1023,0,276,1023,0,312,350,305,511,324,305,355,767,747,305,56
467,1023,0,478,1023,0,276,339,305,526,333,305,355,771,743,305,56
343,1023,0,190,1023,0,216,324,305,480,323,305,355,737,730,305,56
300,1023,0,130,1023,0,174,321,305,463,313,305,355,693,687,305,56
488,1023,0,413,1023,0,282,335,305,535,338,305,355,742,724,305,56
442,1023,0,325,1023,0,220,323,305,463,325,305,355,754,716,305,56
507,1023,0,389,1023,0,392,387,305,545,337,305,355,787,768,305,56
353,1023,0,239,1023,0,208,327,305,465,324,305,356,725,700,305,56
410,1023,0,261,1023,0,256,333,305,507,329,305,356,708,688,305,56
391,1023,0,334,1023,0,235,331,305,443,322,305,356,743,725,305,56
380,1023,0,313,1023,0,316,364,305,486,325,305,356,744,717,305,56
446,1023,0,497,1023,0,331,360,305,547,337,305,356,758,736,305,56
317,1023,0,284,1023,0,219,330,305,476,322,305,356,684,671,305,56
400,1023,0,320,1023,0,191,325,305,512,324,305,356,739,724,305,56
370,1023,0,259,1023,0,286,347,305,520,328,305,356,727,700,305,56
294,1023,0,219,1023,0,182,320,305,447,320,305,356,690,679,305,56
483,1023,0,439,1023,0,284,337,305,502,329,305,356,724,707,305,56
398,1023,0,334,1023,0,237,330,305,505,325,305,356,720,696,305,56
375,1023,0,251,1023,0,304,356,305,512,334,305,356,726,711,305,56
458,1023,0,382,1023,0,196,322,305,495,321,305,356,710,683,305,56
407,1023,0,247,1023,0,258,333,305,490,323,305,356,719,693,305,56
474,1023,0,313,1023,0,395,409,305,519,325,305,356,717,689,305,56
394,1023,0,275,1023,0,316,355,305,511,325,305,356,750,733,305,56
389,1023,0,238,1023,0,184,323,305,471,318,305,356,743,719,305,56
332,1023,0,206,1023,0,265,341,305,477,322,305,357,620,585,305,56
593,1023,0,399,1023,0,260,326,305,509,330,305,357,761,744,305,56
409,1023,0,253,1023,0,145,324,305,428,318,305,357,724,698,305,56
500,1023,0,632,1023,0,255,333,305,546,335,305,357,749,728,305,56
380,1023,0,234,1023,0,111,315,305,575,364,305,357,747,730,305,56
478,1023,0,368,1023,0,363,376,305,532,328,305,357,746,716,305,56
435,1023,0,347,1023,0,273,332,305,495,319,305,357,734,696,305,56
609,1023,0,542,1023,0,314,356,305,530,346,305,357,768,742,305,56
394,1023,0,293,1023,0,331,367,305,496,324,305,357,706,695,305,56
576,1023,0,386,1023,0,281,339,305,505,330,305,357,742,706,305,56
353,1023,0,164,1023,0,117,312,305,501,328,305,357,680,658,305,56
490,1023,0,311,1023,0,213,327,305,491,325,305,357,726,699,305,56
341,1023,0,215,1023,0,133,320,305,431,320,305,357,676,665,305,56
365,1023,0,187,1023,0,231,327,305,473,322,305,357,724,714,305,56
378,1023,0,197,1023,0,242,332,305,506,327,305,357,734,728,305,56
603,1023,0,571,1023,0,708,746,305,658,427,305,357,781,764,305,56
513,1023,0,266,1023,0,255,323,305,515,327,305,357,743,717,305,56
490,1023,0,389,1023,0,191,325,305,500,322,305,357,711,678,305,56
435,1023,0,399,1023,0,199,328,305,492,330,305,357,696,654,305,56
410,1023,0,214,1023,0,196,319,305,490,321,305,357,705,681,305,56
406,1023,0,278,1023,0,107,324,305,486,320,305,357,733,722,305,56
303,1023,0,163,1023,0,232,329,305,436,318,305,357,677,669,305,56
488,1023,0,580,1023,0,429,432,305,535,332,305,358,741,714,305,56
408,1023,0,232,1023,0,135,323,305,488,322,305,358,744,716,305,56
357,1023,0,431,1023,0,326,377,305,560,358,305,358,772,752,305,56
272,1023,0,173,1023,0,174,321,305,480,317,305,358,709,696,305,56
308,1023,0,204,1023,0,143,315,305,391,310,305,358,737,730,305,56
435,1023,0,363,1023,0,519,536,305,532,333,305,358,733,683,305,56
529,1023,0,352,1023,0,296,341,305,526,327,305,358,723,697,305,56
418,1023,0,211,1023,0,248,340,305,541,339,305,358,717,705,305,56
466,1023,0,287,1023,0,294,339,305,526,325,305,358,737,712,305,56
370,1023,0,305,1023,0,584,648,305,573,360,305,358,716,688,305,56
310,1023,0,198,1023,0,190,318,305,486,321,305,358,724,717,305,56
389,1023,0,358,1023,0,219,329,305,475,320,305,358,736,718,305,56
400,1023,0,372,1023,0,548,577,305,548,338,305,358,721,707,305,56
248,1023,0,147,1023,0,570,649,305,530,340,305,358,632,619,305,56
364,1023,0,276,1023,0,604,674,305,566,355,305,359,695,683,305,56
432,1023,0,224,1023,0,249,331,305,463,320,305,359,718,707,305,56
576,1023,0,444,1023,0,342,354,305,529,335,305,359,737,723,305,56
439,1023,0,295,1023,0,240,331,305,493,321,305,359,748,727,305,56
513,1023,0,469,1023,0,307,343,305,507,332,305,359,758,739,305,56
333,1023,0,235,1023,0,239,325,305,526,334,305,359,737,723,305,56
393,1023,0,445,1023,0,314,354,305,526,335,305,359,741,693,305,56
357,1023,0,331,1023,0,155,321,305,482,316,305,359,731,696,305,56
373,1023,0,311,1023,0,209,326,305,482,322,305,359,789,750,305,56
595,1023,0,477,1023,0,320,348,305,544,336,305,359,737,692,305,56
502,1023,0,445,1023,0,263,331,305,532,332,305,359,731,692,305,56
397,1023,0,305,1023,0,490,518,305,525,330,305,359,690,666,305,56
581,1023,0,586,1023,0,314,347,305,548,332,305,359,722,690,305,56
436,1023,0,262,1023,0,229,327,305,438,324,305,359,740,720,305,56
473,1023,0,349,1023,0,181,325,305,538,339,305,359,714,683,305,56
426,1023,0,273,1023,0,295,336,305,481,327,305,359,734,718,305,56
432,1023,0,325,1023,0,296,352,305,533,342,305,359,730,713,305,56
686,1023,0,501,1023,0,276,342,305,495,337,305,359,827,770,305,56
427,1023,0,316,1023,0,194,317,305,507,325,305,359,757,737,305,56
537,1023,0,367,1023,0,261,331,305,507,327,305,359,790,768,305,56
469,1023,0,450,1023,0,290,341,305,535,333,305,359,759,736,305,56
466,1023,0,375,1023,0,297,344,305,495,324,305,360,743,724,305,56
397,1023,0,213,1023,0,129,316,305,446,318,305,360,700,680,305,56
699,1023,0,807,1023,0,636,694,305,615,382,305,360,776,730,305,56
466,1023,0,343,1023,0,304,348,305,533,340,305,360,741,715,305,56
299,1023,0,184,1023,0,378,415,305,480,323,305,360,678,661,305,56
296,1023,0,166,1023,0,817,897,305,707,556,305,360,708,693,305,56
374,1023,0,386,1023,0,315,357,305,533,336,305,360,733,717,305,56
646,1023,0,544,1023,0,317,353,305,543,332,305,360,737,712,305,56
404,1023,0,265,1023,0,161,322,305,491,322,305,360,716,692,305,56
378,1023,0,287,1023,0,222,323,305,489,321,305,360,737,717,305,56
441,1023,0,283,1023,0,277,339,305,432,318,305,360,701,670,305,56
286,1023,0,208,1023,0,254,329,305,499,326,305,360,729,707,305,56
391,1023,0,220,1023,0,173,321,305,458,318,305,360,697,687,305,56
347,1023,0,219,1023,0,102,315,305,368,317,305,360,674,653,305,56
410,1023,0,286,1023,0,233,328,305,479,324,305,360,728,708,305,56
421,1023,0,409,1023,0,223,322,305,528,332,305,360,702,670,305,56
454,1023,0,405,1023,0,310,347,305,499,317,305,360,693,667,305,56
474,1023,0,281,1023,0,266,338,305,516,326,305,360,727,694,305,56
469,1023,0,275,1023,0,242,324,305,446,315,305,360,772,752,305,56
354,1023,0,153,1023,0,280,341,305,431,312,305,360,702,691,305,56
507,1023,0,389,1023,0,291,350,305,530,340,305,360,740,726,305,56
383,1023,0,224,1023,0,223,326,305,494,318,305,361,756,729,305,56
443,1023,0,254,1023,0,209,325,305,495,320,305,361,757,737,305,56
485,1023,0,468,1023,0,226,327,305,522,329,305,361,737,715,305,56
276,1023,0,236,1023,0,237,335,305,482,326,305,361,732,718,305,56
557,1023,0,537,1023,0,279,333,305,485,325,305,361,773,734,305,56
324,1023,0,136,1023,0,205,326,305,460,321,305,361,713,699,305,56
363,1023,0,329,1023,0,351,371,305,494,325,305,361,725,698,305,56
356,1023,0,180,1023,0,194,323,305,432,317,305,361,722,715,305,56
436,1023,0,230,1023,0,201,323,305,446,317,305,361,726,672,305,56
410,1023,0,269,1023,0,324,356,305,492,326,305,361,713,677,305,56
294,1023,0,210,1023,0,240,327,305,389,317,305,361,704,684,305,64
383,1023,0,275,1023,0,162,316,305,501,322,305,361,721,695,305,64
419,1023,0,368,1023,0,408,407,305,507,327,305,361,735,724,305,64
421,1023,0,266,1023,0,237,327,305,515,331,305,361,721,681,305,64
335,1023,0,160,1023,0,280,346,305,420,320,305,361,699,684,305,64
381,1023,0,201,1023,0,194,321,305,467,319,305,361,720,713,305,64
392,1023,0,354,1023,0,250,335,305,500,323,305,361,771,751,305,64
331,1023,0,289,1023,0,243,336,305,499,322,305,361,733,708,305,64
350,1023,0,234,1023,0,206,327,305,481,320,305,362,724,700,305,64
632,1023,0,673,1023,0,308,344,305,515,328,305,362,746,726,305,64
505,1023,0,489,1023,0,273,336,305,534,332,305,362,750,722,305,64
482,1023,0,327,1023,0,446,451,305,523,325,305,362,775,751,305,64
305,1023,0,283,1023,0,250,329,305,479,325,305,362,737,719,305,64
368,1023,0,207,1023,0,148,312,305,476,319,305,362,688,654,305,64
445,1023,0,337,1023,0,635,693,305,588,357,305,362,779,765,305,64
372,1023,0,293,1023,0,238,327,305,458,323,305,362,714,700,305,64
559,1023,0,353,1023,0,230,329,305,508,330,305,362,738,710,305,64
455,1023,0,294,1023,0,188,324,305,459,318,305,362,777,758,305,64
570,1023,0,663,1023,0,289,335,305,547,335,305,362,766,741,305,64
450,1023,0,280,1023,0,235,327,305,496,323,305,362,716,701,305,64
505,1023,0,360,1023,0,239,331,305,521,334,305,362,733,712,305,64
345,1023,0,275,1023,0,210,320,305,473,320,305,362,694,679,305,64
330,1023,0,361,1023,0,295,348,305,508,330,305,362,737,721,305,64
402,1023,0,296,1023,0,202,326,305,506,327,305,362,764,748,305,64
342,1023,0,304,1023,0,203,322,305,492,322,305,362,750,729,305,64
355,1023,0,246,1023,0,185,321,305,585,375,305,362,716,704,305,64
394,1023,0,259,1023,0,179,324,305,452,321,305,362,768,759,305,64
525,1023,0,483,1023,0,271,338,305,549,341,305,362,755,718,305,64
382,1023,0,238,1023,0,216,324,305,441,315,305,362,712,701,305,64
610,1023,0,720,1023,0,336,350,305,551,336,305,362,755,708,305,64
373,1023,0,209,1023,0,546,610,305,546,341,305,363,719,706,305,64
431,1023,0,411,1023,0,420,442,305,525,330,305,363,734,723,305,64
595,1023,0,555,1023,0,409,413,305,603,374,305,363,756,708,305,64
368,1023,0,330,1023,0,257,337,305,506,328,305,363,742,723,305,64
591,1023,0,417,1023,0,273,343,305,539,342,305,363,746,720,305,64
363,1023,0,202,1023,0,301,351,305,464,316,305,363,633,616,305,64
306,1023,0,212,1023,0,208,317,305,471,321,305,363,705,696,305,64
505,1023,0,362,1023,0,612,655,305,589,352,305,363,721,710,305,64
404,1023,0,322,1023,0,268,341,305,484,326,305,363,730,717,305,64
376,1023,0,201,1023,0,310,351,305,525,334,305,363,724,698,305,64
665,1023,0,449,1023,0,317,341,305,555,334,305,363,774,740,305,64
733,1023,0,730,1023,0,326,353,305,563,348,305,363,746,714,305,64
299,1023,0,222,1023,0,470,514,305,497,332,305,363,698,681,305,64
462,1023,0,277,1023,0,212,316,305,470,317,305,363,732,721,305,64
379,1023,0,248,1023,0,217,331,305,509,327,305,363,725,714,305,64
447,1023,0,347,1023,0,254,327,305,504,323,305,363,737,717,305,64
614,1023,0,356,1023,0,242,328,305,502,322,305,363,754,727,305,64
309,1023,0,267,1023,0,93,316,305,472,318,305,363,708,697,305,64
405,1023,0,371,1023,0,254,333,305,480,316,305,363,735,717,305,64
283,1023,0,162,1023,0,131,314,305,421,316,305,363,723,711,305,64
378,1023,0,271,1023,0,276,338,305,510,327,305,363,738,725,305,64
285,1023,0,152,1023,0,30,312,305,446,312,305,363,661,651,305,64
451,1023,0,356,1023,0,267,335,305,498,324,305,363,747,728,305,64
454,1023,0,255,1023,0,178,320,305,465,321,305,363,706,685,305,64
744,1023,0,492,1023,0,353,352,305,560,338,305,363,753,721,305,64
607,1023,0,446,1023,0,290,347,305,549,341,305,364,734,710,305,64
453,1023,0,426,1023,0,282,329,305,520,323,305,364,734,723,305,64
353,1023,0,339,1023,0,289,346,305,507,327,305,364,733,717,305,64
478,1023,0,356,1023,0,287,337,305,540,336,305,364,705,672,305,64
697,1023,0,701,1023,0,364,360,305,563,337,305,364,756,685,305,64
677,1023,0,484,1023,0,364,368,305,556,338,305,364,756,734,305,64
389,1023,0,396,1023,0,555,597,305,577,355,305,364,747,714,305,64
422,1023,0,349,1023,0,244,332,305,502,325,305,364,709,687,305,64
483,1023,0,350,1023,0,249,332,305,524,333,305,364,723,706,305,64
443,1023,0,370,1023,0,226,327,305,471,322,305,364,694,672,305,64
435,1023,0,327,1023,0,194,322,305,510,324,305,364,734,704,305,64
343,1023,0,182,1023,0,198,321,305,410,318,305,364,729,706,305,64
422,1023,0,320,1023,0,163,314,305,629,409,305,364,738,690,305,64
387,1023,0,166,1023,0,196,318,305,465,319,305,364,689,681,305,64
549,1023,0,398,1023,0,679,724,305,621,378,305,364,764,736,305,64
547,1023,0,650,1023,0,293,348,305,549,339,305,364,772,748,305,64
248,1023,0,129,1023,0,139,316,305,482,320,305,364,713,705,305,64
501,1023,0,457,1023,0,247,330,305,612,381,305,364,686,663,305,64
374,1023,0,380,1023,0,346,365,305,567,344,305,364,758,736,305,64
456,1023,0,439,1023,0,272,335,305,518,324,305,364,734,694,305,64
410,1023,0,328,1023,0,707,754,305,642,408,305,364,735,717,305,64
346,1023,0,280,1023,0,209,325,305,410,314,305,364,710,698,305,64
476,1023,0,428,1023,0,294,347,305,518,333,305,364,684,664,305,64
392,1023,0,333,1023,0,173,315,305,470,318,305,364,714,698,305,64
360,1023,0,264,1023,0,154,319,305,434,312,305,365,712,698,305,64
255,1023,0,165,1023,0,402,440,305,475,329,305,365,701,683,305,64
403,1023,0,271,1023,0,212,321,305,490,324,305,365,718,678,305,64
430,1023,0,361,1023,0,239,327,305,544,340,305,365,735,717,305,64
486,1023,0,413,1023,0,257,324,305,510,324,305,365,780,739,305,64
524,1023,0,511,1023,0,170,330,305,504,329,305,365,718,696,305,64
475,1023,0,330,1023,0,241,327,305,528,331,305,365,713,686,305,64
679,1023,0,413,1023,0,275,341,305,540,330,305,365,802,763,305,64
350,1023,0,295,1023,0,249,337,305,484,325,305,365,714,687,305,64
425,1023,0,273,1023,0,241,336,305,532,328,305,365,732,712,305,64
445,1023,0,289,1023,0,222,327,305,500,327,305,365,722,694,305,64
476,1023,0,227,1023,0,214,326,305,468,322,305,365,722,704,305,64
665,1023,0,526,1023,0,641,720,305,620,388,305,365,800,754,305,64
446,1023,0,320,1023,0,218,322,305,507,323,305,365,753,728,305,64
447,1023,0,285,1023,0,188,321,305,472,321,305,365,706,670,305,64
428,1023,0,234,1023,0,238,330,305,520,327,305,365,724,699,305,64
313,1023,0,200,1023,0,162,318,305,438,314,305,365,675,650,305,64
357,1023,0,220,1023,0,154,315,305,422,322,305,365,737,710,305,64
288,1023,0,115,1023,0,118,312,305,370,313,305,365,690,686,305,64
501,1023,0,398,1023,0,225,331,305,535,332,305,365,733,708,305,64
295,1023,0,181,1023,0,215,326,305,474,323,305,365,706,674,305,64
545,1023,0,366,1023,0,230,323,305,508,324,305,365,762,740,305,64
396,1023,0,445,1023,0,589,646,305,559,348,305,365,706,683,305,64
516,1023,0,449,1023,0,306,343,305,541,332,305,365,760,741,305,64
369,1023,0,346,1023,0,224,328,305,538,339,305,365,745,724,305,64
621,1023,0,494,1023,0,656,679,305,602,354,305,366,768,698,305,64
385,1023,0,165,1023,0,156,321,305,454,317,305,366,708,690,305,64
549,1023,0,305,1023,0,216,325,305,489,321,305,366,758,735,305,64
387,1023,0,210,1023,0,93,315,305,347,311,305,366,753,741,305,64
411,1023,0,272,1023,0,226,329,305,487,321,305,366,752,742,305,64
432,1023,0,256,1023,0,710,779,305,639,420,305,366,736,718,305,64
385,1023,0,303,1023,0,243,329,305,483,320,305,366,682,666,305,64
318,1023,0,317,1023,0,297,351,305,507,328,305,366,732,715,305,64
351,1023,0,241,1023,0,414,441,305,486,320,305,366,675,643,305,64
366,1023,0,391,1023,0,219,329,305,464,323,305,366,735,714,305,64
318,1023,0,123,1023,0,100,310,305,539,339,305,366,649,639,305,64
436,1023,0,382,1023,0,278,335,305,509,324,305,366,740,726,305,64
397,1023,0,434,1023,0,311,356,305,532,334,305,366,731,713,305,64
354,1023,0,346,1023,0,262,336,305,509,321,305,366,766,756,305,64
439,1023,0,340,1023,0,226,325,305,506,325,305,366,729,711,305,64
409,1023,0,287,1023,0,282,336,305,520,326,305,366,753,740,305,64
368,1023,0,189,1023,0,188,321,305,519,322,305,366,689,671,305,64
521,1023,0,378,1023,0,246,327,305,512,326,305,366,740,707,305,64
377,1023,0,379,1023,0,278,342,305,507,331,305,366,761,733,305,64
291,1023,0,275,1023,0,243,331,305,522,328,305,366,708,692,305,64
376,1023,0,166,1023,0,145,321,305,420,314,305,366,721,689,305,64
470,1023,0,290,1023,0,219,321,305,441,318,305,366,731,713,305,64
776,1023,0,580,1023,0,332,342,305,540,330,305,367,758,719,305,64
327,1023,0,245,1023,0,208,326,305,504,324,305,367,726,716,305,64
477,1023,0,368,1023,0,469,471,305,554,338,305,367,814,802,305,64
368,1023,0,464,1023,0,260,334,305,696,502,305,367,821,799,305,64
323,1023,0,293,1023,0,673,744,305,619,393,305,367,721,700,305,64
414,1023,0,308,1023,0,182,321,305,451,317,305,367,722,701,305,64
326,1023,0,200,1023,0,162,315,305,454,323,305,367,700,695,305,64
357,1023,0,588,1023,0,268,341,305,525,332,305,367,755,739,305,64
413,1023,0,263,1023,0,236,329,305,470,320,305,367,748,731,305,64
436,1023,0,245,1023,0,175,322,305,488,317,305,367,700,684,305,64
425,1023,0,246,1023,0,231,327,305,506,325,305,367,745,727,305,64
566,1023,0,404,1023,0,238,326,305,524,327,305,367,712,685,305,64
521,1023,0,472,1023,0,290,342,305,544,339,305,367,705,683,305,64
492,1023,0,337,1023,0,684,730,305,624,383,305,367,740,722,305,64
394,1023,0,329,1023,0,231,329,305,531,332,305,367,743,709,305,64
360,1023,0,222,1023,0,174,315,305,496,321,305,367,718,705,305,64
403,1023,0,254,1023,0,258,336,305,510,326,305,367,682,660,305,64
382,1023,0,203,1023,0,179,320,305,458,322,305,367,749,734,305,64
517,1023,0,562,1023,0,291,338,305,554,334,305,367,774,734,305,64
395,1023,0,371,1023,0,694,764,305,629,412,305,367,714,698,305,64
500,1023,0,280,1023,0,327,357,305,534,336,305,367,749,716,305,64
759,1023,0,666,1023,0,346,361,305,557,345,305,367,784,755,305,64
458,1023,0,275,1023,0,224,324,305,507,324,305,368,731,698,305,64
700,1023,0,704,1023,0,699,740,305,642,396,305,368,817,794,305,64
380,1023,0,237,1023,0,693,765,305,635,419,305,368,755,739,305,64
394,1023,0,258,1023,0,134,313,305,473,321,305,368,721,694,305,64
356,1023,0,224,1023,0,114,317,305,469,320,305,368,672,644,305,64
334,1023,0,302,1023,0,261,333,305,535,327,305,368,744,730,305,64
384,1023,0,278,1023,0,221,322,305,474,320,305,368,728,685,305,64
380,1023,0,233,1023,0,171,316,305,361,312,305,368,714,705,305,64
277,1023,0,106,1023,0,216,323,305,458,318,305,368,682,672,305,64
707,1023,0,620,1023,0,331,348,305,554,336,305,368,762,731,305,64
324,1023,0,144,1023,0,205,325,305,486,318,305,368,691,681,305,64
574,1023,0,573,1023,0,565,636,305,709,530,305,368,838,771,305,64
482,1023,0,368,1023,0,266,327,305,507,325,305,368,758,742,305,64
479,1023,0,260,1023,0,227,326,305,472,319,305,368,745,716,305,64
444,1023,0,472,1023,0,303,345,305,529,326,305,368,748,729,305,64
604,1023,0,606,1023,0,361,362,305,535,333,305,368,756,712,305,64
488,1023,0,615,1023,0,239,324,305,558,333,305,368,745,721,305,64
443,1023,0,311,1023,0,173,325,305,451,318,305,368,727,714,305,64
502,1023,0,345,1023,0,278,337,305,531,338,305,368,728,710,305,64
443,1023,0,335,1023,0,225,327,305,511,324,305,368,749,731,305,64
338,1023,0,140,1023,0,79,314,305,0,312,305,368,675,661,305,64
416,1023,0,233,1023,0,479,502,305,526,332,305,368,723,700,305,64
553,1023,0,656,1023,0,295,336,305,548,334,305,369,828,772,305,64
277,1023,0,153,1023,0,192,322,305,402,315,305,369,692,680,305,64
508,1023,0,293,1023,0,284,345,305,529,332,305,369,741,725,305,64
343,1023,0,161,1023,0,189,316,305,471,320,305,369,709,702,305,64
283,1023,0,251,1023,0,196,322,305,482,318,305,369,723,705,305,64
400,1023,0,252,1023,0,252,336,305,508,329,305,369,739,720,305,64
367,1023,0,312,1023,0,192,326,305,491,326,305,369,704,672,305,64
421,1023,0,200,1023,0,241,329,305,476,321,305,369,707,691,305,64
393,1023,0,333,1023,0,183,315,305,421,313,305,369,707,694,305,64
513,1023,0,532,1023,0,276,336,305,528,336,305,369,792,774,305,64
490,1023,0,426,1023,0,330,360,305,511,328,305,369,719,706,305,72
351,1023,0,288,1023,0,201,320,305,447,315,305,369,744,731,305,72
417,1023,0,202,1023,0,317,359,305,480,318,305,369,691,678,305,72
379,1023,0,203,1023,0,187,316,305,450,315,305,369,784,767,305,72
354,1023,0,198,1023,0,154,320,305,431,314,305,369,704,683,305,72
482,1023,0,446,1023,0,321,350,305,508,327,305,369,745,728,305,72
417,1023,0,219,1023,0,171,318,305,378,313,305,369,758,732,305,72
435,1023,0,375,1023,0,232,325,305,454,319,305,369,772,758,305,72
251,1023,0,133,1023,0,234,337,305,473,331,305,369,688,678,305,72
390,1023,0,413,1023,0,363,375,305,502,326,305,369,729,711,305,72
476,1023,0,480,1023,0,264,341,305,520,337,305,369,721,687,305,72
497,1023,0,374,1023,0,308,341,305,520,329,305,369,703,670,305,72
443,1023,0,399,1023,0,259,332,305,510,328,305,369,766,754,305,72
238,1023,0,145,1023,0,220,332,305,492,334,305,369,705,697,305,72
485,1023,0,411,1023,0,367,379,305,519,329,305,369,734,706,305,72
230,1023,0,131,1023,0,136,319,305,456,322,305,370,722,718,305,72
341,1023,0,417,1023,0,171,319,305,515,327,305,370,706,669,305,72
414,1023,0,711,1023,0,235,331,305,537,332,305,370,769,749,305,72
416,1023,0,439,1023,0,257,328,305,498,319,305,370,727,709,305,72
381,1023,0,358,1023,0,219,321,305,503,323,305,370,724,710,305,72
387,1023,0,341,1023,0,279,337,305,482,321,305,370,739,725,305,72
301,1023,0,181,1023,0,264,335,305,507,326,305,370,692,677,305,72
434,1023,0,282,1023,0,167,323,305,471,321,305,370,736,687,305,72
338,1023,0,218,1023,0,263,338,305,469,321,305,370,722,707,305,72
507,1023,0,289,1023,0,275,329,305,515,324,305,370,758,741,305,72
367,1023,0,237,1023,0,186,329,305,490,326,305,370,687,678,305,72
421,1023,0,468,1023,0,272,337,305,530,328,305,370,732,720,305,72
398,1023,0,297,1023,0,323,360,305,462,320,305,370,709,683,305,72
371,1023,0,207,1023,0,253,332,305,436,317,305,370,754,733,305,72
437,1023,0,329,1023,0,198,322,305,494,322,305,370,743,718,305,72
605,1023,0,713,1023,0,250,327,305,562,335,305,370,765,717,305,72
641,1023,0,447,1023,0,325,346,305,562,337,305,370,755,720,305,72
295,1023,0,307,1023,0,255,336,305,514,330,305,370,690,671,305,72
426,1023,0,349,1023,0,245,331,305,526,331,305,370,752,727,305,72
223,1023,0,409,1023,0,169,319,305,507,323,305,370,743,727,305,72
438,1023,0,275,1023,0,252,332,305,494,321,305,370,701,689,305,72
425,1023,0,233,1023,0,223,328,305,437,318,305,371,743,709,305,72
333,1023,0,184,1023,0,189,324,305,445,320,305,371,703,668,305,72
416,1023,0,310,1023,0,272,345,305,507,331,305,371,729,703,305,72
653,1023,0,791,1023,0,309,350,305,547,340,305,371,764,723,305,72
328,1023,0,422,1023,0,244,323,305,522,327,305,371,760,700,305,72
375,1023,0,309,1023,0,475,498,305,548,341,305,371,730,713,305,72
373,1023,0,284,1023,0,642,703,305,598,368,305,371,763,732,305,72
558,1023,0,439,1023,0,313,351,305,533,341,305,371,753,727,305,72
493,1023,0,265,1023,0,220,329,305,489,324,305,371,743,729,305,72
603,1023,0,464,1023,0,275,336,305,512,327,305,371,743,723,305,72
547,1023,0,559,1023,0,278,340,305,504,332,305,371,763,739,305,72
443,1023,0,511,1023,0,327,351,305,548,339,305,371,735,699,305,72
378,1023,0,261,1023,0,177,324,305,514,326,305,371,715,700,305,72
255,1023,0,225,1023,0,152,320,305,392,314,305,371,669,640,305,72
537,1023,0,477,1023,0,257,328,305,526,325,305,371,782,761,305,72
379,1023,0,142,1023,0,183,319,305,437,316,305,371,709,691,305,72
447,1023,0,438,1023,0,251,337,305,530,332,305,371,770,740,305,72
443,1023,0,301,1023,0,210,315,305,490,324,305,371,727,691,305,72
357,1023,0,270,1023,0,246,328,305,539,335,305,371,739,724,305,72
425,1023,0,299,1023,0,325,352,305,470,322,305,371,735,708,305,72
468,1023,0,419,1023,0,268,329,305,544,336,305,371,752,727,305,72
602,1023,0,279,1023,0,288,335,305,545,333,305,371,744,725,305,72
334,1023,0,501,1023,0,269,339,305,516,332,305,372,767,740,305,72
313,1023,0,258,1023,0,247,339,305,410,316,305,372,726,719,305,72
355,1023,0,213,1023,0,192,323,305,487,325,305,372,702,690,305,72
428,1023,0,304,1023,0,174,322,305,471,322,305,372,683,662,305,72
447,1023,0,263,1023,0,152,324,305,487,319,305,372,686,660,305,72
510,1023,0,430,1023,0,251,333,305,528,330,305,372,760,720,305,72
526,1023,0,405,1023,0,488,490,305,552,335,305,372,749,721,305,72
597,1023,0,410,1023,0,293,338,305,540,330,305,372,794,779,305,72
486,1023,0,269,1023,0,419,419,305,500,318,305,372,721,712,305,72
400,1023,0,296,1023,0,272,340,305,518,330,305,372,691,662,305,72
332,1023,0,157,1023,0,145,318,305,424,313,305,372,712,698,305,72
301,1023,0,130,1023,0,184,316,305,344,309,305,372,694,685,305,72
574,1023,0,414,1023,0,267,327,305,542,330,305,372,745,720,305,72
448,1023,0,400,1023,0,321,358,305,563,345,305,372,756,721,305,72
505,1023,0,380,1023,0,245,328,305,531,330,305,372,735,704,305,72
593,1023,0,491,1023,0,295,336,305,542,326,305,372,782,763,305,72
296,1023,0,216,1023,0,170,319,305,466,318,305,372,729,716,305,72
546,1023,0,372,1023,0,309,346,305,519,329,305,372,719,705,305,72
527,1023,0,433,1023,0,373,379,305,523,325,305,372,733,708,305,72
519,1023,0,387,1023,0,304,345,305,503,325,305,372,746,720,305,72
555,1023,0,499,1023,0,249,325,305,536,327,305,372,717,685,305,72
263,1023,0,299,1023,0,319,365,305,563,358,305,372,747,732,305,72
497,1023,0,293,1023,0,257,328,305,486,321,305,372,720,687,305,72
295,1023,0,335,1023,0,200,320,305,460,320,305,373,702,682,305,72
456,1023,0,317,1023,0,247,329,305,540,332,305,373,706,693,305,72
453,1023,0,363,1023,0,258,327,305,494,318,305,373,741,715,305,72
590,1023,0,310,1023,0,261,330,305,508,325,305,373,769,738,305,72
525,1023,0,452,1023,0,309,344,305,568,344,305,373,737,707,305,72
372,1023,0,311,1023,0,298,353,305,500,321,305,373,728,704,305,72
436,1023,0,485,1023,0,295,341,305,552,349,305,373,773,753,305,72
450,1023,0,540,1023,0,406,407,305,562,344,305,373,763,735,305,72
280,1023,0,212,1023,0,267,343,305,506,327,305,373,692,680,305,72
382,1023,0,385,1023,0,220,323,305,538,335,305,373,715,692,305,72
373,1023,0,349,1023,0,770,841,305,674,479,305,373,741,718,305,72
571,1023,0,297,1023,0,294,347,305,525,329,305,373,745,714,305,72
392,1023,0,308,1023,0,228,322,305,486,323,305,373,741,725,305,72
382,1023,0,184,1023,0,233,326,305,468,317,305,373,728,716,305,72
439,1023,0,415,1023,0,291,344,305,504,332,305,373,707,695,305,72
435,1023,0,372,1023,0,196,321,305,463,318,305,373,752,730,305,72
438,1023,0,377,1023,0,252,330,305,503,323,305,373,734,688,305,72
415,1023,0,245,1023,0,228,329,305,477,327,305,373,735,708,305,72
304,1023,0,182,1023,0,155,324,305,493,329,305,373,704,676,305,72
436,1023,0,420,1023,0,246,322,305,508,324,305,373,735,696,305,72
374,1023,0,369,1023,0,247,336,305,492,325,305,373,766,736,305,72
507,1023,0,296,1023,0,260,328,305,528,328,305,373,735,709,305,72
468,1023,0,235,1023,0,169,323,305,461,318,305,373,738,697,305,72
463,1023,0,250,1023,0,254,331,305,480,319,305,373,744,728,305,72
378,1023,0,356,1023,0,273,337,305,542,336,305,373,757,744,305,72
398,1023,0,288,1023,0,214,328,305,461,320,305,374,738,723,305,72
310,1023,0,123,1023,0,44,313,305,466,314,305,374,691,680,305,72
482,1023,0,344,1023,0,221,320,305,455,320,305,374,748,724,305,72
300,1023,0,223,1023,0,243,329,305,429,314,305,374,712,700,305,72
652,1023,0,645,1023,0,333,346,305,512,323,305,374,754,720,305,72
429,1023,0,321,1023,0,276,332,305,517,329,305,374,759,743,305,72
275,1023,0,179,1023,0,226,327,305,497,325,305,374,730,718,305,72
579,1023,0,433,1023,0,278,338,305,505,329,305,374,755,738,305,72
449,1023,0,399,1023,0,214,329,305,461,320,305,374,745,732,305,72
659,1023,0,535,1023,0,378,383,305,526,332,305,374,744,721,305,72
379,1023,0,328,1023,0,301,351,305,479,322,305,374,711,689,305,72
359,1023,0,349,1023,0,277,340,305,467,320,305,374,761,746,305,72
555,1023,0,457,1023,0,287,336,305,552,333,305,374,775,726,305,72
485,1023,0,386,1023,0,509,542,305,533,337,305,374,755,740,305,72
406,1023,0,267,1023,0,237,332,305,506,328,305,374,745,732,305,72
495,1023,0,276,1023,0,289,341,305,518,327,305,374,733,717,305,72
623,1023,0,450,1023,0,278,342,305,508,336,305,374,745,713,305,72
384,1023,0,342,1023,0,181,327,305,511,325,305,374,718,698,305,72
424,1023,0,295,1023,0,425,438,305,531,332,305,374,751,731,305,72
348,1023,0,366,1023,0,199,326,305,500,327,305,374,735,711,305,72
390,1023,0,284,1023,0,194,320,305,462,321,305,374,695,649,305,72
654,1023,0,541,1023,0,347,349,305,586,341,305,374,763,733,305,72
382,1023,0,319,1023,0,372,382,305,482,320,305,374,733,721,305,72
311,1023,0,219,1023,0,264,337,305,354,316,305,374,708,696,305,72
381,1023,0,240,1023,0,190,320,305,437,322,305,374,751,738,305,72
353,1023,0,266,1023,0,213,328,305,465,316,305,374,715,704,305,72
397,1023,0,503,1023,0,782,849,305,688,501,305,374,753,728,305,72
416,1023,0,381,1023,0,228,326,305,473,323,305,375,683,637,305,72
432,1023,0,462,1023,0,257,331,305,514,326,305,375,714,663,305,72
414,1023,0,280,1023,0,263,335,305,465,320,305,375,742,722,305,72
469,1023,0,428,1023,0,309,347,305,541,335,305,375,714,696,305,72
447,1023,0,407,1023,0,259,337,305,509,330,305,375,710,689,305,72
445,1023,0,300,1023,0,187,327,305,523,330,305,375,731,711,305,72
318,1023,0,202,1023,0,182,327,305,444,314,305,375,702,689,305,72
554,1023,0,476,1023,0,227,322,305,495,325,305,375,748,715,305,72
489,1023,0,464,1023,0,243,328,305,503,326,305,375,765,726,305,72
655,1023,0,816,1023,0,357,391,305,556,352,305,375,839,820,305,72
461,1023,0,309,1023,0,421,423,305,507,328,305,375,760,728,305,72
472,1023,0,364,1023,0,305,343,305,490,324,305,375,759,744,305,72
424,1023,0,377,1023,0,299,353,305,511,331,305,375,747,729,305,72
326,1023,0,214,1023,0,278,347,305,535,334,305,375,718,708,305,72
586,1023,0,551,1023,0,334,355,305,567,341,305,375,779,756,305,72
398,1023,0,320,1023,0,246,326,305,499,328,305,375,718,684,305,72
262,1023,0,273,1023,0,206,327,305,484,322,305,375,733,706,305,72
399,1023,0,345,1023,0,251,335,305,506,322,305,375,717,699,305,72
477,1023,0,425,1023,0,312,351,305,543,338,305,375,743,721,305,72
429,1023,0,297,1023,0,279,338,305,518,325,305,375,737,700,305,72
333,1023,0,247,1023,0,264,330,305,477,321,305,375,716,703,305,72
399,1023,0,282,1023,0,115,317,305,469,316,305,375,718,703,305,72
337,1023,0,165,1023,0,185,325,305,458,317,305,376,719,706,305,72
405,1023,0,303,1023,0,245,329,305,494,319,305,376,721,682,305,72
517,1023,0,308,1023,0,380,386,305,527,333,305,376,719,689,305,72
534,1023,0,363,1023,0,294,344,305,523,331,305,376,761,729,305,72
464,1023,0,366,1023,0,459,478,305,509,334,305,376,736,706,305,72
476,1023,0,246,1023,0,113,317,305,446,315,305,376,772,741,305,72
321,1023,0,250,1023,0,195,323,305,435,317,305,376,717,706,305,72
324,1023,0,148,1023,0,212,323,305,415,317,305,376,688,682,305,72
461,1023,0,325,1023,0,260,334,305,505,322,305,376,712,698,305,72
369,1023,0,316,1023,0,213,328,305,497,322,305,376,769,754,305,72
325,1023,0,217,1023,0,224,331,305,498,323,305,376,696,663,305,72
332,1023,0,230,1023,0,264,339,305,492,323,305,376,700,683,305,72
347,1023,0,188,1023,0,250,331,305,495,321,305,376,709,695,305,72
371,1023,0,324,1023,0,289,345,305,524,335,305,376,749,716,305,72
501,1023,0,428,1023,0,428,435,305,521,323,305,376,754,731,305,80
484,1023,0,417,1023,0,266,334,305,517,329,305,376,735,712,305,80
421,1023,0,305,1023,0,153,324,305,491,323,305,376,705,690,305,80
417,1023,0,354,1023,0,339,365,305,516,328,305,376,695,654,305,80
343,1023,0,191,1023,0,79,311,305,474,322,305,376,660,635,305,80
360,1023,0,332,1023,0,306,350,305,488,326,305,376,744,710,305,80
403,1023,0,269,1023,0,259,335,305,513,321,305,376,753,734,305,80
629,1023,0,404,1023,0,576,551,305,563,328,305,376,698,650,305,80
356,1023,0,256,1023,0,286,351,305,479,326,305,376,728,698,305,80
422,1023,0,204,1023,0,234,329,305,466,324,305,376,727,715,305,80
475,1023,0,373,1023,0,739,800,305,657,441,305,376,753,732,305,80
378,1023,0,224,1023,0,205,325,305,490,319,305,376,746,729,305,80
493,1023,0,338,1023,0,407,418,305,544,340,305,377,751,732,305,80
472,1023,0,218,1023,0,225,325,305,445,321,305,377,749,727,305,80
538,1023,0,374,1023,0,276,344,305,513,331,305,377,713,696,305,80
366,1023,0,206,1023,0,244,329,305,500,325,305,377,726,697,305,80
353,1023,0,152,1023,0,146,315,305,459,315,305,377,708,694,305,80
338,1023,0,211,1023,0,158,318,305,414,313,305,377,687,660,305,80
448,1023,0,407,1023,0,264,336,305,498,323,305,377,757,744,305,80
424,1023,0,400,1023,0,310,349,305,509,325,305,377,741,720,305,80
333,1023,0,239,1023,0,235,325,305,488,323,305,377,719,712,305,80
363,1023,0,279,1023,0,436,454,305,478,322,305,377,719,706,305,80
531,1023,0,365,1023,0,289,337,305,503,321,305,377,746,722,305,80
548,1023,0,435,1023,0,603,648,305,586,357,305,377,756,722,305,80
318,1023,0,134,1023,0,185,320,305,441,319,305,377,662,643,305,80
435,1023,0,387,1023,0,747,796,305,665,437,305,377,750,721,305,80
446,1023,0,285,1023,0,238,333,305,506,331,305,377,747,722,305,80
476,1023,0,384,1023,0,339,364,305,490,320,305,377,784,772,305,80
436,1023,0,343,1023,0,302,356,305,524,334,305,377,727,696,305,80
454,1023,0,326,1023,0,244,329,305,477,328,305,378,739,706,305,80
263,1023,0,248,1023,0,232,330,305,479,321,305,378,748,732,305,80
455,1023,0,298,1023,0,285,342,305,527,334,305,378,749,734,305,80
461,1023,0,460,1023,0,210,333,305,519,336,305,378,725,700,305,80
426,1023,0,352,1023,0,263,339,305,522,326,305,378,729,711,305,80
356,1023,0,437,1023,0,317,351,305,529,330,305,378,727,708,305,80
279,1023,0,192,1023,0,146,313,305,526,336,305,378,625,602,305,80
417,1023,0,421,1023,0,303,351,305,505,332,305,378,763,737,305,80
649,1023,0,410,1023,0,289,338,305,659,419,305,378,786,729,305,80
501,1023,0,494,1023,0,521,545,305,539,337,305,378,746,712,305,80
568,1023,0,577,1023,0,369,381,305,565,343,305,378,753,726,305,80
475,1023,0,300,1023,0,227,330,305,511,325,305,378,761,738,305,80
404,1023,0,451,1023,0,292,348,305,543,341,305,378,758,731,305,80
494,1023,0,329,1023,0,183,322,305,488,324,305,378,749,712,305,80
418,1023,0,289,1023,0,182,321,305,458,318,305,378,749,728,305,80
543,1023,0,494,1023,0,306,357,305,532,341,305,378,760,719,305,80
362,1023,0,175,1023,0,162,319,305,452,317,305,378,706,691,305,80
410,1023,0,323,1023,0,206,327,305,522,329,305,378,732,705,305,80
409,1023,0,320,1023,0,230,333,305,534,334,305,378,724,686,305,80
228,1023,0,112,1023,0,52,313,305,420,311,305,378,685,674,305,80
510,1023,0,402,1023,0,220,325,305,492,319,305,379,720,698,305,80
754,1023,0,681,1023,0,327,349,305,550,330,305,379,764,713,305,80
526,1023,0,484,1023,0,684,726,305,632,387,305,379,775,760,305,80
395,1023,0,301,1023,0,224,329,305,460,320,305,379,748,730,305,80
459,1023,0,450,1023,0,232,327,305,499,327,305,379,743,701,305,80
456,1023,0,391,1023,0,253,327,305,514,325,305,379,754,735,305,80
390,1023,0,476,1023,0,238,324,305,751,605,305,379,799,774,305,80
271,1023,0,197,1023,0,159,319,305,470,319,305,379,693,680,305,80
316,1023,0,180,1023,0,206,333,305,503,324,305,379,707,691,305,80
469,1023,0,448,1023,0,221,325,305,453,316,305,379,756,739,305,80
359,1023,0,261,1023,0,203,322,305,479,317,305,379,665,645,305,80
496,1023,0,413,1023,0,248,330,305,507,333,305,379,740,689,305,80
513,1023,0,654,1023,0,327,372,305,540,350,305,379,784,766,305,80
564,1023,0,358,1023,0,298,351,305,542,337,305,379,777,723,305,80
438,1023,0,265,1023,0,255,339,305,498,321,305,379,728,709,305,80
391,1023,0,257,1023,0,197,319,305,489,318,305,379,721,697,305,80
393,1023,0,357,1023,0,234,329,305,471,323,305,379,758,739,305,80
539,1023,0,399,1023,0,378,394,305,558,340,305,379,795,777,305,80
379,1023,0,305,1023,0,246,331,305,462,321,305,379,742,725,305,80
420,1023,0,326,1023,0,286,336,305,515,332,305,379,724,713,305,80
296,1023,0,268,1023,0,545,619,305,539,339,305,379,740,727,305,80
460,1023,0,375,1023,0,244,327,305,493,323,305,379,743,716,305,80
328,1023,0,172,1023,0,160,315,305,431,319,305,380,694,665,305,80
322,1023,0,179,1023,0,144,317,305,328,311,305,380,678,672,305,80
387,1023,0,192,1023,0,154,319,305,441,316,305,380,695,675,305,80
591,1023,0,311,1023,0,255,327,305,498,320,305,380,722,680,305,80
362,1023,0,316,1023,0,214,328,305,504,330,305,380,739,716,305,80
371,1023,0,179,1023,0,242,330,305,486,322,305,380,722,705,305,80
371,1023,0,263,1023,0,171,324,305,466,319,305,380,729,714,305,80
426,1023,0,277,1023,0,230,330,305,503,328,305,380,709,691,305,80
325,1023,0,255,1023,0,406,426,305,498,324,305,380,722,708,305,80
443,1023,0,403,1023,0,283,341,305,527,331,305,380,742,723,305,80
694,1023,0,489,1023,0,265,325,305,513,326,305,380,762,730,305,80
453,1023,0,342,1023,0,265,340,305,518,328,305,380,720,677,305,80
321,1023,0,200,1023,0,661,731,305,608,384,305,380,687,675,305,80
344,1023,0,291,1023,0,261,340,305,473,324,305,380,758,735,305,80
432,1023,0,258,1023,0,265,335,305,515,326,305,380,712,700,305,80
461,1023,0,313,1023,0,240,327,305,463,318,305,380,733,716,305,80
456,1023,0,302,1023,0,250,329,305,476,318,305,380,745,730,305,80
524,1023,0,648,1023,0,249,329,305,562,339,305,380,756,695,305,80
414,1023,0,286,1023,0,277,341,305,443,316,305,380,752,734,305,80
390,1023,0,326,1023,0,269,337,305,520,330,305,380,775,760,305,80
504,1023,0,453,1023,0,390,382,305,507,318,305,381,793,771,305,80
617,1023,0,562,1023,0,341,367,305,559,345,305,381,757,708,305,80
464,1023,0,358,1023,0,273,339,305,514,330,305,381,748,727,305,80
490,1023,0,425,1023,0,285,342,305,537,336,305,381,736,707,305,80
426,1023,0,242,1023,0,168,317,305,480,322,305,381,734,720,305,80
687,1023,0,398,1023,0,253,326,305,529,324,305,381,749,727,305,80
347,1023,0,344,1023,0,249,331,305,506,332,305,381,729,701,305,80
281,1023,0,158,1023,0,257,339,305,504,324,305,381,618,595,305,80
315,1023,0,429,1023,0,299,349,305,570,359,305,381,731,709,305,80
580,1023,0,400,1023,0,279,335,305,505,329,305,381,760,723,305,80
494,1023,0,369,1023,0,257,331,305,535,329,305,381,746,712,305,80
262,1023,0,161,1023,0,200,328,305,476,322,305,381,669,643,305,80
410,1023,0,321,1023,0,272,343,305,496,327,305,381,724,708,305,80
357,1023,0,441,1023,0,292,344,305,543,333,305,381,717,699,305,80
345,1023,0,283,1023,0,221,327,305,463,320,305,381,718,700,305,80
349,1023,0,160,1023,0,186,322,305,467,319,305,381,694,681,305,80
337,1023,0,389,1023,0,242,330,305,506,329,305,381,752,723,305,80
404,1023,0,247,1023,0,224,325,305,451,321,305,381,740,712,305,80
392,1023,0,292,1023,0,177,322,305,451,316,305,381,708,698,305,80
384,1023,0,322,1023,0,278,341,305,507,326,305,381,758,729,305,80
513,1023,0,406,1023,0,274,339,305,531,335,305,381,748,712,305,80
490,1023,0,473,1023,0,216,321,305,535,328,305,381,734,702,305,80
418,1023,0,357,1023,0,249,329,305,524,334,305,381,735,708,305,80
439,1023,0,333,1023,0,236,323,305,470,323,305,381,730,688,305,80
440,1023,0,349,1023,0,439,434,305,519,328,305,382,756,735,305,80
305,1023,0,234,1023,0,294,352,305,463,320,305,382,700,689,305,80
491,1023,0,243,1023,0,498,520,305,518,330,305,382,732,708,305,80
471,1023,0,312,1023,0,301,349,305,525,333,305,382,745,730,305,80
354,1023,0,271,1023,0,162,317,305,493,324,305,382,732,723,305,80
415,1023,0,411,1023,0,311,350,305,514,330,305,382,733,720,305,80
302,1023,0,247,1023,0,223,326,305,454,317,305,382,722,708,305,80
481,1023,0,427,1023,0,280,338,305,547,336,305,382,727,701,305,80
356,1023,0,217,1023,0,193,316,305,496,325,305,382,668,646,305,80
418,1023,0,356,1023,0,282,339,305,526,335,305,382,724,686,305,80
356,1023,0,279,1023,0,225,334,305,470,324,305,382,692,676,305,80
410,1023,0,303,1023,0,244,329,305,524,330,305,382,695,672,305,80
487,1023,0,438,1023,0,294,335,305,530,326,305,382,720,699,305,80
341,1023,0,163,1023,0,111,312,305,417,312,305,382,677,669,305,80
468,1023,0,292,1023,0,269,329,305,489,323,305,382,751,710,305,80
283,1023,0,268,1023,0,181,326,305,486,322,305,382,729,717,305,80
399,1023,0,278,1023,0,237,326,305,507,328,305,382,727,717,305,80
356,1023,0,337,1023,0,200,321,305,434,314,305,382,716,693,305,80
403,1023,0,355,1023,0,263,340,305,512,327,305,382,755,721,305,80
518,1023,0,438,1023,0,514,555,305,572,351,305,382,705,683,305,80
486,1023,0,271,1023,0,238,319,305,459,315,305,382,741,704,305,80
300,1023,0,227,1023,0,277,336,305,503,329,305,382,729,711,305,80
463,1023,0,496,1023,0,294,343,305,534,329,305,383,751,729,305,80
439,1023,0,305,1023,0,740,793,305,657,435,305,383,750,701,305,80
491,1023,0,349,1023,0,306,344,305,479,326,305,383,790,776,305,80
469,1023,0,270,1023,0,482,497,305,539,332,305,383,713,687,305,80
374,1023,0,189,1023,0,261,334,305,403,316,305,383,707,695,305,80
366,1023,0,311,1023,0,214,325,305,454,320,305,383,767,750,305,80
533,1023,0,488,1023,0,271,328,305,525,329,305,383,744,700,305,80
265,1023,0,296,1023,0,230,328,305,519,328,305,383,730,700,305,80
456,1023,0,224,1023,0,190,325,305,513,328,305,383,749,720,305,88
358,1023,0,373,1023,0,248,327,305,517,324,305,383,739,726,305,88
401,1023,0,310,1023,0,556,609,305,547,345,305,383,756,736,305,88
415,1023,0,304,1023,0,255,327,305,472,318,305,383,742,721,305,88
521,1023,0,343,1023,0,301,340,305,511,317,305,383,757,730,305,88
302,1023,0,365,1023,0,270,340,305,449,320,305,383,692,677,305,88
409,1023,0,239,1023,0,545,601,305,533,335,305,383,714,697,305,88
553,1023,0,387,1023,0,237,327,305,525,323,305,383,718,672,305,88
524,1023,0,378,1023,0,252,332,305,505,325,305,383,732,714,305,88
333,1023,0,256,1023,0,213,330,305,468,319,305,383,738,725,305,88
534,1023,0,526,1023,0,316,351,305,542,340,305,383,750,722,305,88
471,1023,0,366,1023,0,254,337,305,540,329,305,383,729,711,305,88
402,1023,0,229,1023,0,215,331,305,476,327,305,383,691,657,305,88
482,1023,0,271,1023,0,196,322,305,469,317,305,384,736,724,305,88
529,1023,0,382,1023,0,288,340,305,507,326,305,384,734,711,305,88
397,1023,0,331,1023,0,278,346,305,500,324,305,384,725,706,305,88
454,1023,0,294,1023,0,226,321,305,498,322,305,384,729,685,305,88
478,1023,0,588,1023,0,233,327,305,512,326,305,384,740,715,305,88
387,1023,0,257,1023,0,227,329,305,476,323,305,384,719,700,305,88
526,1023,0,378,1023,0,269,333,305,525,322,305,384,749,718,305,88
370,1023,0,233,1023,0,231,329,305,484,319,305,384,760,738,305,88
408,1023,0,341,1023,0,235,326,305,498,328,305,384,730,717,305,88
492,1023,0,423,1023,0,267,334,305,516,331,305,384,735,702,305,88
343,1023,0,207,1023,0,541,597,305,531,335,305,384,707,691,305,88
305,1023,0,308,1023,0,262,338,305,476,325,305,384,738,726,305,88
524,1023,0,545,1023,0,705,767,305,647,434,305,384,767,739,305,88
557,1023,0,500,1023,0,269,332,305,518,326,305,384,726,696,305,88
395,1023,0,239,1023,0,240,332,305,448,319,305,384,717,696,305,88
456,1023,0,278,1023,0,162,316,305,508,326,305,384,729,692,305,88
512,1023,0,291,1023,0,260,334,305,502,327,305,384,710,695,305,88
580,1023,0,446,1023,0,268,330,305,548,333,305,384,745,730,305,88
366,1023,0,299,1023,0,324,359,305,464,313,305,384,698,688,305,88
404,1023,0,325,1023,0,438,447,305,515,329,305,384,741,722,305,88
723,1023,0,845,1023,0,327,343,305,547,329,305,385,765,718,305,88
350,1023,0,146,1023,0,17,313,305,378,312,305,385,681,668,305,88
579,1023,0,824,1023,0,342,345,305,541,332,305,385,743,687,305,88
613,1023,0,532,1023,0,313,344,305,553,342,305,385,770,721,305,88
344,1023,0,266,1023,0,303,353,305,482,320,305,385,713,702,305,88
320,1023,0,181,1023,0,193,318,305,449,313,305,385,719,698,305,88
440,1023,0,233,1023,0,144,314,305,400,316,305,385,733,704,305,88
367,1023,0,262,1023,0,258,332,305,480,319,305,385,728,702,305,88
369,1023,0,214,1023,0,205,322,305,479,319,305,385,696,679,305,88
340,1023,0,177,1023,0,387,409,305,470,321,305,385,666,650,305,88
307,1023,0,223,1023,0,532,574,305,547,334,305,385,748,735,305,88
694,1023,0,586,1023,0,345,356,305,563,337,305,385,813,733,305,88
406,1023,0,330,1023,0,348,379,305,522,337,305,385,707,690,305,88
505,1023,0,304,1023,0,563,603,305,555,341,305,385,742,723,305,88
549,1023,0,674,1023,0,261,329,305,524,326,305,385,767,711,305,88
366,1023,0,146,1023,0,226,326,305,454,319,305,385,724,706,305,88
415,1023,0,453,1023,0,243,330,305,505,326,305,385,739,722,305,88
480,1023,0,393,1023,0,517,523,305,559,343,305,385,748,733,305,88
311,1023,0,157,1023,0,186,322,305,419,317,305,385,732,722,305,88
468,1023,0,406,1023,0,210,324,305,504,325,305,385,759,738,305,88
297,1023,0,237,1023,0,138,316,305,511,324,305,385,698,690,305,88
508,1023,0,523,1023,0,245,327,305,485,324,305,385,754,709,305,88
312,1023,0,194,1023,0,124,318,305,440,314,305,386,721,702,305,88
365,1023,0,275,1023,0,309,364,305,523,338,305,386,736,715,305,88
388,1023,0,258,1023,0,284,336,305,509,321,305,386,733,699,305,88
427,1023,0,331,1023,0,250,327,305,501,324,305,386,736,715,305,88
578,1023,0,598,1023,0,318,347,305,540,325,305,386,761,724,305,88
311,1023,0,162,1023,0,162,317,305,391,313,305,386,701,691,305,88
341,1023,0,291,1023,0,387,401,305,506,330,305,386,724,714,305,88
268,1023,0,110,1023,0,139,313,305,200,313,305,386,593,586,305,88
312,1023,0,208,1023,0,545,605,305,532,338,305,386,696,680,305,88
483,1023,0,535,1023,0,273,336,305,529,332,305,386,754,738,305,88
224,1023,0,216,1023,0,82,323,305,428,319,305,386,702,697,305,88
377,1023,0,272,1023,0,213,323,305,438,314,305,386,680,650,305,88
517,1023,0,386,1023,0,280,338,305,513,323,305,386,758,738,305,88
371,1023,0,274,1023,0,249,330,305,449,321,305,386,715,687,305,88
499,1023,0,314,1023,0,240,328,305,523,324,305,386,731,706,305,88
462,1023,0,396,1023,0,241,325,305,490,321,305,386,719,699,305,88
316,1023,0,183,1023,0,271,339,305,492,321,305,386,733,724,305,88
508,1023,0,307,1023,0,296,343,305,489,318,305,386,763,745,305,88
426,1023,0,383,1023,0,230,327,305,504,321,305,386,767,727,305,88
586,1023,0,377,1023,0,268,330,305,539,332,305,386,740,724,305,88
418,1023,0,246,1023,0,215,330,305,492,325,305,386,754,739,305,88
327,1023,0,185,1023,0,172,322,305,490,324,305,387,694,676,305,88
608,1023,0,652,1023,0,328,346,305,566,342,305,387,768,730,305,88
501,1023,0,515,1023,0,309,340,305,527,325,305,387,748,713,305,88
416,1023,0,345,1023,0,275,334,305,515,333,305,387,721,699,305,88
491,1023,0,382,1023,0,283,336,305,504,318,305,387,766,733,305,88
336,1023,0,234,1023,0,161,318,305,473,320,305,387,677,668,305,88
374,1023,0,316,1023,0,288,342,305,538,335,305,387,742,728,305,88
394,1023,0,394,1023,0,303,347,305,519,327,305,387,710,676,305,88
450,1023,0,409,1023,0,243,329,305,501,325,305,387,733,697,305,88
352,1023,0,326,1023,0,534,587,305,543,345,305,387,804,789,305,88
529,1023,0,359,1023,0,313,348,305,517,327,305,387,740,723,305,88
568,1023,0,634,1023,0,312,352,305,542,341,305,387,781,751,305,88
493,1023,0,245,1023,0,469,467,305,534,331,305,387,731,709,305,88
513,1023,0,413,1023,0,297,333,305,543,328,305,387,744,708,305,88
423,1023,0,358,1023,0,319,353,305,460,317,305,387,664,614,305,88
341,1023,0,276,1023,0,231,327,305,411,315,305,387,751,737,305,88
448,1023,0,260,1023,0,189,320,305,441,317,305,387,751,737,305,88
330,1023,0,175,1023,0,187,318,305,503,323,305,387,692,676,305,88
502,1023,0,506,1023,0,278,329,305,532,329,305,387,753,722,305,88
546,1023,0,614,1023,0,386,387,305,521,331,305,388,747,707,305,88
486,1023,0,453,1023,0,244,331,305,523,326,305,388,767,725,305,88
569,1023,0,454,1023,0,269,336,305,556,335,305,388,780,750,305,88
411,1023,0,260,1023,0,194,320,305,380,313,305,388,721,692,305,88
525,1023,0,491,1023,0,642,690,305,597,362,305,388,777,741,305,88
395,1023,0,201,1023,0,147,317,305,461,318,305,388,720,698,305,88
421,1023,0,232,1023,0,176,315,305,464,312,305,388,718,679,305,88
414,1023,0,220,1023,0,166,318,305,465,320,305,388,719,702,305,88
486,1023,0,405,1023,0,250,336,305,508,329,305,388,709,692,305,88
383,1023,0,234,1023,0,239,334,305,444,323,305,388,695,682,305,88
273,1023,0,303,1023,0,280,345,305,508,336,305,388,715,694,305,88
458,1023,0,260,1023,0,290,344,305,512,329,305,388,752,732,305,88
453,1023,0,347,1023,0,256,335,305,537,330,305,388,708,694,305,88
362,1023,0,275,1023,0,240,331,305,482,327,305,388,699,680,305,88
453,1023,0,410,1023,0,245,327,305,503,323,305,388,782,755,305,88
444,1023,0,379,1023,0,223,326,305,495,327,305,388,683,665,305,88
318,1023,0,268,1023,0,168,318,305,440,315,305,388,715,702,305,88
545,1023,0,520,1023,0,246,324,305,506,322,305,388,763,725,305,88
348,1023,0,354,1023,0,261,336,305,552,344,305,388,740,721,305,88
427,1023,0,266,1023,0,254,331,305,502,322,305,388,713,678,305,88
347,1023,0,244,1023,0,131,318,305,471,315,305,389,718,697,305,88
365,1023,0,327,1023,0,374,390,305,514,331,305,389,717,686,305,88
410,1023,0,433,1023,0,309,346,305,556,339,305,389,738,710,305,88
416,1023,0,256,1023,0,243,330,305,472,322,305,389,746,739,305,88
413,1023,0,371,1023,0,249,326,305,517,334,305,389,775,731,305,88
340,1023,0,262,1023,0,320,363,305,525,325,305,389,726,713,305,88
368,1023,0,346,1023,0,235,327,305,490,321,305,389,717,703,305,88
456,1023,0,471,1023,0,287,339,305,543,339,305,389,725,708,305,88
366,1023,0,308,1023,0,228,329,305,482,325,305,389,755,744,305,88
289,1023,0,237,1023,0,432,442,305,651,436,305,389,690,680,305,88
472,1023,0,427,1023,0,312,339,305,541,334,305,389,716,687,305,88
353,1023,0,273,1023,0,191,320,305,421,317,305,389,734,709,305,88
252,1023,0,416,1023,0,305,357,305,647,443,305,389,572,527,305,88
301,1023,0,473,1023,0,275,335,305,563,335,305,389,762,732,305,88
398,1023,0,366,1023,0,240,333,305,504,321,305,389,743,709,305,88
368,1023,0,298,1023,0,240,332,305,492,323,305,389,739,725,305,88
401,1023,0,250,1023,0,415,435,305,501,329,305,389,707,699,305,88
393,1023,0,305,1023,0,169,325,305,468,316,305,389,743,726,305,88
324,1023,0,125,1023,0,38,310,305,392,314,305,389,675,655,305,88
397,1023,0,454,1023,0,243,332,305,523,328,305,389,733,715,305,88
349,1023,0,206,1023,0,232,326,305,489,321,305,389,713,702,305,88
462,1023,0,464,1023,0,354,377,305,556,345,305,389,774,750,305,88
371,1023,0,331,1023,0,197,327,305,459,323,305,389,729,710,305,88
278,1023,0,229,1023,0,209,327,305,479,323,305,389,730,718,305,88
386,1023,0,245,1023,0,556,613,305,539,340,305,389,725,711,305,88
410,1023,0,394,1023,0,567,621,305,590,366,305,390,677,653,305,88
354,1023,0,289,1023,0,526,565,305,552,338,305,390,719,701,305,88
706,1023,0,720,1023,0,304,342,305,618,379,305,390,759,729,305,88
433,1023,0,567,1023,0,306,354,305,528,338,305,390,758,726,305,88
381,1023,0,299,1023,0,196,325,305,503,323,305,390,723,695,305,96
421,1023,0,422,1023,0,609,665,305,581,358,305,390,775,729,305,96
347,1023,0,279,1023,0,247,338,305,478,325,305,390,721,709,305,96
429,1023,0,262,1023,0,218,327,305,470,322,305,390,755,732,305,96
399,1023,0,349,1023,0,478,508,305,502,332,305,390,734,717,305,96
510,1023,0,305,1023,0,287,341,305,458,320,305,390,733,708,305,96
486,1023,0,327,1023,0,234,327,305,485,321,305,390,743,731,305,96
420,1023,0,230,1023,0,233,327,305,495,316,305,390,734,712,305,96
474,1023,0,458,1023,0,240,325,305,519,325,305,390,754,720,305,96
289,1023,0,160,1023,0,127,316,305,344,311,305,390,680,667,305,96
423,1023,0,402,1023,0,270,342,305,497,325,305,390,724,689,305,96
358,1023,0,251,1023,0,200,319,305,472,321,305,390,751,729,305,96
241,1023,0,154,1023,0,225,327,305,411,319,305,390,697,681,305,96
551,1023,0,449,1023,0,249,333,305,531,332,305,390,741,708,305,96
499,1023,0,341,1023,0,287,341,305,513,326,305,390,716,699,305,96
452,1023,0,533,1023,0,232,331,305,541,337,305,390,729,703,305,96
528,1023,0,400,1023,0,551,575,305,552,341,305,391,733,710,305,96
377,1023,0,336,1023,0,245,334,305,512,330,305,391,718,684,305,96
555,1023,0,424,1023,0,338,361,305,565,342,305,391,738,704,305,96
719,1023,0,617,1023,0,334,360,305,545,338,305,391,772,749,305,96
321,1023,0,176,1023,0,177,318,305,439,316,305,391,697,674,305,96
275,1023,0,169,1023,0,167,318,305,467,318,305,391,694,671,305,96
319,1023,0,243,1023,0,135,318,305,471,317,305,391,710,701,305,96
464,1023,0,562,1023,0,306,344,305,520,333,305,391,736,725,305,96
275,1023,0,432,1023,0,208,322,305,397,321,305,391,721,693,305,96
367,1023,0,343,1023,0,313,362,305,481,317,305,391,714,690,305,96
439,1023,0,380,1023,0,219,328,305,519,325,305,391,718,675,305,96
370,1023,0,282,1023,0,216,321,305,468,323,305,391,731,706,305,96
323,1023,0,483,1023,0,246,322,305,533,328,305,391,782,762,305,96
389,1023,0,298,1023,0,267,337,305,513,331,305,391,589,545,305,96
421,1023,0,359,1023,0,242,331,305,533,336,305,391,753,730,305,96
453,1023,0,454,1023,0,253,338,305,534,333,305,391,741,723,305,96
619,1023,0,601,1023,0,568,587,305,582,352,305,391,798,782,305,96
368,1023,0,190,1023,0,333,368,305,448,318,305,391,681,664,305,96
456,1023,0,292,1023,0,237,323,305,465,321,305,391,730,706,305,96
491,1023,0,353,1023,0,195,328,305,508,322,305,391,742,714,305,96
351,1023,0,300,1023,0,259,341,305,508,323,305,391,673,638,305,96
416,1023,0,490,1023,0,312,354,305,551,346,305,392,726,697,305,96
239,1023,0,149,1023,0,200,321,305,457,319,305,392,699,690,305,96
455,1023,0,449,1023,0,265,335,305,529,328,305,392,742,724,305,96
374,1023,0,290,1023,0,175,320,305,506,317,305,392,729,720,305,96
438,1023,0,312,1023,0,275,339,305,498,323,305,392,740,714,305,96
302,1023,0,366,1023,0,290,349,305,523,333,305,392,701,686,305,96
421,1023,0,327,1023,0,259,327,305,513,326,305,392,736,721,305,96
468,1023,0,336,1023,0,248,326,305,498,324,305,392,747,718,305,96
433,1023,0,270,1023,0,264,336,305,501,324,305,392,715,694,305,96
386,1023,0,339,1023,0,242,330,305,516,328,305,392,693,679,305,96
388,1023,0,150,1023,0,130,315,305,422,312,305,392,719,699,305,96
351,1023,0,202,1023,0,154,317,305,452,323,305,392,727,717,305,96
458,1023,0,346,1023,0,226,324,305,548,328,305,392,761,724,305,96
451,1023,0,266,1023,0,266,342,305,496,328,305,392,765,751,305,96
267,1023,0,132,1023,0,9,314,305,477,320,305,392,669,649,305,96
386,1023,0,174,1023,0,196,322,305,441,318,305,392,715,694,305,96
366,1023,0,224,1023,0,238,329,305,467,317,305,392,717,699,305,96
518,1023,0,384,1023,0,223,328,305,507,330,305,392,730,677,305,96
368,1023,0,229,1023,0,197,326,305,463,324,305,392,722,703,305,96
470,1023,0,305,1023,0,188,319,305,478,319,305,393,747,724,305,96
516,1023,0,456,1023,0,255,330,305,516,321,305,393,736,706,305,96
495,1023,0,527,1023,0,247,329,305,567,349,305,393,738,720,305,96
554,1023,0,420,1023,0,328,356,305,492,323,305,393,737,716,305,96
341,1023,0,199,1023,0,240,328,305,497,321,305,393,722,710,305,96
504,1023,0,455,1023,0,272,331,305,519,328,305,393,738,711,305,96
448,1023,0,266,1023,0,313,356,305,544,344,305,393,742,727,305,96
403,1023,0,324,1023,0,186,321,305,478,321,305,393,714,688,305,96
316,1023,0,130,1023,0,93,315,305,383,312,305,393,663,651,305,96
292,1023,0,193,1023,0,119,320,305,466,317,305,393,654,614,305,96
384,1023,0,259,1023,0,510,540,305,528,332,305,393,762,735,305,96
469,1023,0,265,1023,0,251,329,305,504,322,305,393,743,729,305,96
357,1023,0,192,1023,0,167,317,305,449,314,305,393,699,656,305,96
400,1023,0,300,1023,0,286,338,305,549,329,305,393,741,720,305,96
498,1023,0,291,1023,0,311,354,305,489,325,305,393,749,736,305,96
417,1023,0,405,1023,0,244,334,305,519,334,305,393,729,710,305,96
389,1023,0,239,1023,0,201,321,305,433,312,305,393,753,744,305,96
502,1023,0,461,1023,0,277,339,305,508,330,305,393,752,732,305,96
392,1023,0,249,1023,0,187,325,305,471,322,305,393,704,678,305,96
364,1023,0,384,1023,0,364,388,305,522,332,305,393,738,721,305,96
419,1023,0,271,1023,0,208,323,305,512,326,305,393,736,716,305,96
391,1023,0,436,1023,0,263,330,305,517,332,305,393,727,697,305,96
260,1023,0,194,1023,0,189,321,305,482,321,305,393,699,687,305,96
490,1023,0,290,1023,0,168,323,305,464,321,305,394,724,680,305,96
342,1023,0,219,1023,0,210,328,305,477,316,305,394,738,725,305,96
270,1023,0,129,1023,0,159,321,305,434,318,305,394,691,682,305,96
575,1023,0,638,1023,0,663,740,305,636,426,305,394,816,783,305,96
322,1023,0,365,1023,0,277,341,305,463,316,305,394,685,666,305,96
515,1023,0,329,1023,0,283,342,305,482,328,305,394,695,670,305,96
527,1023,0,309,1023,0,395,396,305,438,317,305,394,756,739,305,96
383,1023,0,398,1023,0,158,320,305,521,332,305,394,704,695,305,96
387,1023,0,213,1023,0,165,319,305,461,317,305,394,729,702,305,96
363,1023,0,201,1023,0,232,325,305,433,314,305,394,694,671,305,96
244,1023,0,136,1023,0,216,327,305,420,314,305,394,679,669,305,96
444,1023,0,355,1023,0,415,425,305,528,329,305,394,726,709,305,96
453,1023,0,309,1023,0,213,324,305,476,320,305,394,749,739,305,96
490,1023,0,397,1023,0,310,346,305,526,330,305,394,729,708,305,96
452,1023,0,351,1023,0,279,333,305,535,333,305,394,739,723,305,96
460,1023,0,260,1023,0,231,325,305,489,324,305,394,749,727,305,96
648,1023,0,508,1023,0,492,489,305,569,346,305,394,775,733,305,96
341,1023,0,212,1023,0,734,812,305,648,446,305,394,695,682,305,96
639,1023,0,742,1023,0,311,353,305,550,341,305,394,756,734,305,96
310,1023,0,215,1023,0,168,319,305,450,312,305,394,711,702,305,96
651,1023,0,662,1023,0,307,344,305,548,332,305,394,776,746,305,96
355,1023,0,248,1023,0,125,319,305,442,314,305,394,667,653,305,96
407,1023,0,335,1023,0,238,329,305,499,323,305,394,747,716,305,96
397,1023,0,554,1023,0,289,337,305,545,338,305,394,801,769,305,96
313,1023,0,229,1023,0,180,325,305,481,322,305,395,711,699,305,96
404,1023,0,303,1023,0,302,343,305,502,326,305,395,731,716,305,96
580,1023,0,730,1023,0,291,338,305,569,344,305,395,777,740,305,96
535,1023,0,265,1023,0,231,331,305,496,326,305,395,695,675,305,96
515,1023,0,406,1023,0,417,412,305,539,339,305,395,744,723,305,96
534,1023,0,578,1023,0,243,332,305,531,339,305,395,731,706,305,96
432,1023,0,275,1023,0,215,320,305,511,320,305,395,724,712,305,96
356,1023,0,317,1023,0,241,332,305,491,322,305,395,718,688,305,96
386,1023,0,224,1023,0,198,320,305,486,322,305,395,715,696,305,96
340,1023,0,228,1023,0,226,333,305,509,330,305,395,706,691,305,96
425,1023,0,247,1023,0,192,321,305,483,323,305,395,726,715,305,96
429,1023,0,227,1023,0,211,326,305,412,318,305,395,742,702,305,96
393,1023,0,303,1023,0,275,337,305,547,345,305,395,727,707,305,96
569,1023,0,404,1023,0,292,341,305,545,340,305,395,743,708,305,96
472,1023,0,417,1023,0,672,725,305,615,379,305,395,739,721,305,96
488,1023,0,385,1023,0,257,338,305,533,335,305,395,708,656,305,96
295,1023,0,123,1023,0,203,325,305,444,317,305,395,678,668,305,96
371,1023,0,208,1023,0,209,322,305,481,320,305,395,723,715,305,96
421,1023,0,364,1023,0,273,336,305,530,333,305,395,752,731,305,96
356,1023,0,204,1023,0,226,329,305,453,314,305,395,688,675,305,96
406,1023,0,282,1023,0,489,521,305,526,336,305,395,718,704,305,96
454,1023,0,412,1023,0,457,460,305,526,328,305,395,730,709,305,96
325,1023,0,178,1023,0,229,327,305,479,318,305,396,717,684,305,96
389,1023,0,315,1023,0,245,329,305,467,325,305,396,781,751,305,96
368,1023,0,224,1023,0,93,315,305,391,318,305,396,684,655,305,96
500,1023,0,407,1023,0,285,339,305,529,332,305,396,781,744,305,96
435,1023,0,384,1023,0,225,325,305,502,321,305,396,727,712,305,96
345,1023,0,211,1023,0,170,318,305,427,317,305,396,662,642,305,96
390,1023,0,211,1023,0,336,370,305,459,320,305,396,697,686,305,96
463,1023,0,268,1023,0,549,603,305,566,347,305,396,733,713,305,96
481,1023,0,708,1023,0,730,778,305,659,433,305,396,785,740,305,96
403,1023,0,348,1023,0,277,334,305,536,334,305,396,718,688,305,96
334,1023,0,319,1023,0,211,326,305,491,324,305,396,737,724,305,96
372,1023,0,191,1023,0,211,327,305,499,325,305,396,677,657,305,96
378,1023,0,265,1023,0,223,327,305,467,323,305,396,723,699,305,96
417,1023,0,312,1023,0,309,353,305,530,332,305,396,743,724,305,96
352,1023,0,307,1023,0,201,323,305,473,318,305,396,714,703,305,96
395,1023,0,206,1023,0,201,322,305,488,324,305,396,711,700,305,96
472,1023,0,485,1023,0,283,339,305,494,324,305,396,741,710,305,96
372,1023,0,194,1023,0,278,342,305,439,320,305,396,703,678,305,96
399,1023,0,297,1023,0,215,327,305,517,334,305,396,740,728,305,104
573,1023,0,450,1023,0,331,362,305,572,349,305,396,772,744,305,104
364,1023,0,345,1023,0,249,336,305,464,317,305,397,739,710,305,104
388,1023,0,355,1023,0,199,328,305,519,329,305,397,767,752,305,104
619,1023,0,514,1023,0,662,726,305,616,392,305,397,747,718,305,104
506,1023,0,410,1023,0,706,759,305,636,398,305,397,779,758,305,104
488,1023,0,329,1023,0,249,326,305,491,321,305,397,759,722,305,104
352,1023,0,159,1023,0,357,379,305,474,318,305,397,736,730,305,104
534,1023,0,595,1023,0,340,360,305,562,344,305,397,711,671,305,104
421,1023,0,587,1023,0,457,497,305,585,372,305,397,831,813,305,104
387,1023,0,313,1023,0,254,336,305,497,328,305,397,736,708,305,104
397,1023,0,288,1023,0,318,349,305,556,344,305,397,736,715,305,104
375,1023,0,200,1023,0,473,506,305,526,335,305,397,718,698,305,104
190,1023,0,277,1023,0,236,330,305,531,340,305,397,731,709,305,104
342,1023,0,145,1023,0,100,316,305,424,313,305,397,721,693,305,104
398,1023,0,258,1023,0,255,330,305,504,330,305,397,700,678,305,104
373,1023,0,282,1023,0,363,386,305,490,324,305,397,684,642,305,104
498,1023,0,496,1023,0,313,349,305,548,345,305,397,775,758,305,104
323,1023,0,262,1023,0,234,328,305,540,337,305,397,699,677,305,104
448,1023,0,400,1023,0,257,330,305,518,321,305,397,724,680,305,104
347,1023,0,223,1023,0,165,319,305,456,319,305,397,730,707,305,104
340,1023,0,197,1023,0,330,365,305,398,316,305,397,670,656,305,104
320,1023,0,207,1023,0,183,320,305,489,319,305,397,716,700,305,104
502,1023,0,328,1023,0,211,326,305,491,322,305,398,781,757,305,104
301,1023,0,193,1023,0,152,321,305,416,319,305,398,724,707,305,104
281,1023,0,168,1023,0,120,316,305,425,317,305,398,654,634,305,104
468,1023,0,304,1023,0,189,314,305,467,316,305,398,723,704,305,104
379,1023,0,244,1023,0,242,331,305,474,320,305,398,747,731,305,104
392,1023,0,351,1023,0,566,617,305,556,341,305,398,739,723,305,104
309,1023,0,215,1023,0,0,313,305,412,317,305,398,697,665,305,104
400,1023,0,202,1023,0,253,329,305,487,324,305,398,722,709,305,104
378,1023,0,241,1023,0,558,614,305,567,347,305,398,743,717,305,104
388,1023,0,252,1023,0,197,317,305,454,317,305,398,732,721,305,104
352,1023,0,157,1023,0,240,333,305,377,313,305,398,725,708,305,104
367,1023,0,237,1023,0,517,565,305,505,330,305,398,707,695,305,104
719,1023,0,458,1023,0,318,345,305,555,334,305,398,768,741,305,104
407,1023,0,391,1023,0,224,331,305,482,322,305,398,729,709,305,104
362,1023,0,195,1023,0,239,333,305,479,317,305,398,718,707,305,104
344,1023,0,209,1023,0,226,331,305,503,326,305,398,699,673,305,104
275,1023,0,152,1023,0,200,324,305,481,323,305,398,705,694,305,104
270,1023,0,112,1023,0,106,319,305,435,313,305,398,732,727,305,104
602,1023,0,348,1023,0,855,881,305,735,538,305,398,747,716,305,104
472,1023,0,241,1023,0,247,326,305,513,324,305,398,712,693,305,104
408,1023,0,430,1023,0,376,389,305,568,358,305,398,758,725,305,104
359,1023,0,341,1023,0,218,331,305,528,329,305,398,739,725,305,104
360,1023,0,258,1023,0,214,328,305,490,323,305,398,714,703,305,104
359,1023,0,321,1023,0,287,344,305,544,337,305,399,757,740,305,104
460,1023,0,388,1023,0,690,751,305,633,404,305,399,762,743,305,104
518,1023,0,316,1023,0,270,334,305,490,326,305,399,767,732,305,104
490,1023,0,404,1023,0,578,632,305,575,349,305,399,790,761,305,104
352,1023,0,398,1023,0,213,322,305,534,330,305,399,764,732,305,104
370,1023,0,211,1023,0,230,331,305,477,321,305,399,708,691,305,104
356,1023,0,194,1023,0,245,328,305,480,317,305,399,716,690,305,104
316,1023,0,204,1023,0,262,342,305,433,318,305,399,691,667,305,104
410,1023,0,232,1023,0,456,464,305,545,341,305,399,719,701,305,104
422,1023,0,467,1023,0,280,342,305,536,333,305,399,763,731,305,104
414,1023,0,302,1023,0,467,512,305,532,335,305,399,722,708,305,104
684,1023,0,505,1023,0,314,340,305,565,328,305,399,738,709,305,104
515,1023,0,373,1023,0,299,344,305,525,329,305,399,744,714,305,104
463,1023,0,354,1023,0,526,562,305,569,350,305,399,762,735,305,104
525,1023,0,387,1023,0,272,326,305,501,320,305,399,713,695,305,104
413,1023,0,410,1023,0,814,869,305,708,527,305,399,762,744,305,104
386,1023,0,178,1023,0,232,333,305,490,326,305,399,724,711,305,104
302,1023,0,179,1023,0,176,317,305,444,320,305,399,672,662,305,104
641,1023,0,388,1023,0,290,333,305,535,325,305,399,749,724,305,104
349,1023,0,308,1023,0,243,333,305,505,327,305,399,735,719,305,104
450,1023,0,454,1023,0,239,327,305,508,329,305,399,752,725,305,104
385,1023,0,231,1023,0,419,430,305,486,324,305,399,732,720,305,104
491,1023,0,236,1023,0,225,323,305,497,320,305,399,710,680,305,104
387,1023,0,273,1023,0,163,321,305,482,322,305,399,702,686,305,104
493,1023,0,511,1023,0,303,348,305,525,331,305,399,739,721,305,104
498,1023,0,566,1023,0,253,330,305,551,332,305,399,755,732,305,104
472,1023,0,297,1023,0,196,322,305,527,331,305,399,728,714,305,104
360,1023,0,272,1023,0,280,343,305,450,319,305,400,699,685,305,104
404,1023,0,343,1023,0,377,390,305,483,322,305,400,711,675,305,104
547,1023,0,395,1023,0,281,335,305,521,323,305,400,749,721,305,104
417,1023,0,474,1023,0,290,343,305,510,331,305,400,800,782,305,104
338,1023,0,290,1023,0,238,329,305,493,322,305,400,702,681,305,104
347,1023,0,205,1023,0,166,319,305,461,321,305,400,706,674,305,104
421,1023,0,199,1023,0,251,331,305,527,333,305,400,725,706,305,104
486,1023,0,312,1023,0,321,348,305,540,332,305,400,740,711,305,104
258,1023,0,194,1023,0,829,908,305,718,577,305,400,647,634,305,104
366,1023,0,276,1023,0,452,478,305,511,329,305,400,741,720,305,104
642,1023,0,607,1023,0,314,337,305,537,323,305,400,804,738,305,104
397,1023,0,296,1023,0,207,324,305,474,319,305,400,718,701,305,104
438,1023,0,330,1023,0,209,323,305,510,325,305,400,718,708,305,104
314,1023,0,177,1023,0,541,601,305,529,337,305,400,713,700,305,104
342,1023,0,252,1023,0,189,319,305,524,332,305,400,719,709,305,104
378,1023,0,299,1023,0,233,323,305,518,323,305,400,725,678,305,104
441,1023,0,302,1023,0,261,335,305,486,326,305,400,740,727,305,104
506,1023,0,342,1023,0,345,364,305,534,333,305,400,769,746,305,104
348,1023,0,279,1023,0,683,759,305,624,408,305,400,726,714,305,104
468,1023,0,304,1023,0,241,328,305,487,326,305,400,749,728,305,104
583,1023,0,380,1023,0,251,327,305,507,322,305,400,778,760,305,104
426,1023,0,291,1023,0,266,338,305,534,329,305,400,770,746,305,104
462,1023,0,247,1023,0,244,331,305,508,324,305,401,744,711,305,104
302,1023,0,132,1023,0,164,315,305,437,320,305,401,653,645,305,104
556,1023,0,745,1023,0,378,379,305,576,347,305,401,791,759,305,104
269,1023,0,143,1023,0,455,492,305,477,327,305,401,671,656,305,104
445,1023,0,394,1023,0,239,328,305,507,327,305,401,741,729,305,104
410,1023,0,309,1023,0,210,321,305,481,318,305,401,729,697,305,104
549,1023,0,355,1023,0,270,330,305,486,325,305,401,758,738,305,104
440,1023,0,360,1023,0,282,339,305,530,331,305,401,749,727,305,104
456,1023,0,415,1023,0,310,345,305,532,327,305,401,740,724,305,104
478,1023,0,377,1023,0,245,326,305,505,319,305,401,768,722,305,104
415,1023,0,365,1023,0,210,322,305,652,424,305,401,736,722,305,104
306,1023,0,182,1023,0,469,503,305,519,334,305,401,720,705,305,104
473,1023,0,278,1023,0,273,345,305,514,329,305,401,736,703,305,104
691,1023,0,481,1023,0,299,346,305,527,332,305,401,744,708,305,104
596,1023,0,754,1023,0,295,352,305,562,346,305,401,777,742,305,104
400,1023,0,332,1023,0,149,319,305,440,311,305,401,723,676,305,104
447,1023,0,239,1023,0,591,649,305,561,350,305,401,715,671,305,104
508,1023,0,656,1023,0,355,369,305,571,349,305,401,804,785,305,104
500,1023,0,287,1023,0,253,338,305,549,338,305,401,737,717,305,104
473,1023,0,294,1023,0,217,325,305,469,319,305,401,731,716,305,104
455,1023,0,296,1023,0,358,382,305,491,329,305,401,741,717,305,104
534,1023,0,346,1023,0,286,337,305,551,331,305,401,753,737,305,104
410,1023,0,249,1023,0,203,326,305,496,321,305,401,730,709,305,104
403,1023,0,236,1023,0,175,316,305,526,325,305,401,711,681,305,104
364,1023,0,277,1023,0,283,337,305,510,329,305,401,717,707,305,104
410,1023,0,289,1023,0,277,342,305,533,333,305,402,718,703,305,104
398,1023,0,228,1023,0,246,333,305,490,332,305,402,736,720,305,104
601,1023,0,366,1023,0,357,370,305,488,325,305,402,771,751,305,104
270,1023,0,435,1023,0,219,336,305,526,335,305,402,736,702,305,104
405,1023,0,258,1023,0,216,331,305,431,313,305,402,742,732,305,104
368,1023,0,264,1023,0,187,320,305,432,319,305,402,740,730,305,104
352,1023,0,181,1023,0,297,352,305,491,324,305,402,708,666,305,104
456,1023,0,448,1023,0,419,436,305,559,353,305,402,764,742,305,104
250,1023,0,378,1023,0,198,321,305,466,320,305,402,717,673,305,104
476,1023,0,306,1023,0,247,331,305,506,321,305,402,738,715,305,104
405,1023,0,243,1023,0,247,326,305,501,317,305,402,719,668,305,104
463,1023,0,498,1023,0,255,336,305,535,334,305,402,740,704,305,104
426,1023,0,484,1023,0,256,328,305,511,332,305,402,735,699,305,104
259,1023,0,114,1023,0,190,319,305,443,319,305,402,718,702,305,104
416,1023,0,308,1023,0,222,324,305,515,328,305,402,721,704,305,104
466,1023,0,377,1023,0,277,334,305,544,333,305,402,724,687,305,104
432,1023,0,294,1023,0,252,327,305,505,320,305,402,741,722,305,104
385,1023,0,260,1023,0,267,330,305,516,330,305,402,734,720,305,104
706,1023,0,550,1023,0,630,651,305,620,372,305,402,806,783,305,104
436,1023,0,288,1023,0,239,325,305,488,321,305,402,743,717,305,104
601,1023,0,597,1023,0,312,347,305,548,334,305,402,784,762,305,104
329,1023,0,380,1023,0,277,341,305,496,325,305,402,738,719,305,104
325,1023,0,321,1023,0,248,338,305,505,336,305,403,688,680,305,112
487,1023,0,405,1023,0,644,695,305,616,384,305,403,741,699,305,112
438,1023,0,483,1023,0,320,360,305,555,350,305,403,732,710,305,112
327,1023,0,416,1023,0,345,371,305,521,327,305,403,733,715,305,112
494,1023,0,333,1023,0,205,320,305,509,325,305,403,734,713,305,112
386,1023,0,205,1023,0,255,338,305,467,321,305,403,722,711,305,112
358,1023,0,298,1023,0,269,341,305,488,328,305,403,736,707,305,112
539,1023,0,554,1023,0,284,340,305,527,330,305,403,762,737,305,112
299,1023,0,204,1023,0,89,317,305,464,315,305,403,731,710,305,112
544,1023,0,346,1023,0,222,332,305,476,318,305,403,757,735,305,112
526,1023,0,632,1023,0,264,330,305,544,331,305,403,761,729,305,112
385,1023,0,346,1023,0,332,358,305,493,325,305,403,721,684,305,112
690,1023,0,606,1023,0,271,331,305,532,334,305,403,782,749,305,112
389,1023,0,172,1023,0,179,316,305,432,314,305,403,723,712,305,112
461,1023,0,275,1023,0,241,320,305,473,316,305,403,749,727,305,112
457,1023,0,485,1023,0,253,325,305,535,329,305,403,745,698,305,112
708,1023,0,786,1023,0,354,367,305,572,355,305,403,780,758,305,112
343,1023,0,280,1023,0,549,594,305,546,344,305,403,772,749,305,112
393,1023,0,207,1023,0,154,320,305,500,326,305,403,720,711,305,112
353,1023,0,244,1023,0,106,315,305,408,310,305,403,715,703,305,112
398,1023,0,245,1023,0,261,336,305,518,327,305,403,731,720,305,112
305,1023,0,204,1023,0,111,318,305,466,316,305,404,711,698,305,112
442,1023,0,300,1023,0,216,320,305,523,322,305,404,738,722,305,112
302,1023,0,224,1023,0,272,341,305,535,341,305,404,734,709,305,112
355,1023,0,482,1023,0,218,323,305,476,319,305,404,760,747,305,112
339,1023,0,215,1023,0,231,327,305,448,315,305,404,719,702,305,112
415,1023,0,333,1023,0,297,348,305,532,336,305,404,754,743,305,112
443,1023,0,231,1023,0,245,332,305,500,322,305,404,739,724,305,112
589,1023,0,448,1023,0,214,324,305,503,320,305,404,777,757,305,112
719,1023,0,617,1023,0,296,355,305,549,346,305,404,798,776,305,112
507,1023,0,446,1023,0,783,838,305,689,486,305,404,793,740,305,112
414,1023,0,273,1023,0,424,434,305,489,329,305,404,714,689,305,112
459,1023,0,336,1023,0,275,344,305,523,332,305,404,737,709,305,112
601,1023,0,823,1023,0,356,364,305,599,360,305,404,796,762,305,112
263,1023,0,212,1023,0,199,320,305,456,321,305,404,657,642,305,112
323,1023,0,194,1023,0,202,326,305,461,315,305,404,687,663,305,112
324,1023,0,243,1023,0,184,323,305,504,326,305,404,704,665,305,112
564,1023,0,801,1023,0,354,371,305,560,348,305,404,763,728,305,112
397,1023,0,287,1023,0,211,330,305,441,315,305,404,724,706,305,112
520,1023,0,346,1023,0,245,335,305,497,324,305,404,728,714,305,112
581,1023,0,616,1023,0,283,335,305,551,338,305,404,745,702,305,112
695,1023,0,424,1023,0,473,514,305,538,334,305,404,797,729,305,112
371,1023,0,243,1023,0,276,340,305,475,319,305,405,713,699,305,112
319,1023,0,230,1023,0,529,585,305,541,341,305,405,736,724,305,112
393,1023,0,308,1023,0,198,326,305,507,324,305,405,730,705,305,112
569,1023,0,341,1023,0,232,331,305,492,330,305,405,768,744,305,112
360,1023,0,220,1023,0,230,332,305,478,324,305,405,709,698,305,112
343,1023,0,311,1023,0,426,446,305,572,354,305,405,734,711,305,112
536,1023,0,377,1023,0,335,359,305,514,328,305,405,748,724,305,112
405,1023,0,203,1023,0,214,329,305,482,323,305,405,724,714,305,112
508,1023,0,259,1023,0,278,339,305,504,326,305,405,728,703,305,112
372,1023,0,236,1023,0,267,341,305,479,321,305,405,731,718,305,112
266,1023,0,111,1023,0,119,312,305,338,313,305,405,672,659,305,112
322,1023,0,184,1023,0,476,515,305,534,327,305,405,712,702,305,112
412,1023,0,241,1023,0,261,337,305,483,331,305,405,730,717,305,112
395,1023,0,306,1023,0,299,345,305,506,329,305,405,756,746,305,112
482,1023,0,344,1023,0,263,334,305,507,323,305,405,731,711,305,112
562,1023,0,413,1023,0,338,353,305,513,323,305,405,792,770,305,112
388,1023,0,358,1023,0,238,329,305,493,326,305,405,701,688,305,112
466,1023,0,275,1023,0,340,355,305,490,323,305,405,739,723,305,112
302,1023,0,203,1023,0,224,329,305,467,317,305,405,688,668,305,112
380,1023,0,217,1023,0,208,323,305,460,319,305,405,691,662,305,112
376,1023,0,201,1023,0,227,326,305,476,315,305,406,731,702,305,112
321,1023,0,304,1023,0,255,336,305,522,330,305,406,717,684,305,112
445,1023,0,261,1023,0,203,323,305,447,319,305,406,732,710,305,112
384,1023,0,378,1023,0,670,728,305,615,386,305,406,719,698,305,112
397,1023,0,312,1023,0,182,322,305,508,327,305,406,738,719,305,112
430,1023,0,555,1023,0,263,337,305,556,345,305,406,714,695,305,112
377,1023,0,391,1023,0,256,336,305,490,326,305,406,724,709,305,112
374,1023,0,279,1023,0,238,331,305,507,331,305,406,703,691,305,112
471,1023,0,403,1023,0,609,665,305,574,353,305,406,746,721,305,112
478,1023,0,358,1023,0,204,320,305,515,329,305,406,729,701,305,112
278,1023,0,156,1023,0,207,323,305,471,320,305,406,614,608,305,112
441,1023,0,394,1023,0,351,369,305,529,326,305,406,718,702,305,112
421,1023,0,285,1023,0,270,337,305,488,330,305,406,726,707,305,112
614,1023,0,456,1023,0,300,336,305,524,322,305,406,733,705,305,112
509,1023,0,479,1023,0,311,352,305,562,345,305,406,737,712,305,112
422,1023,0,339,1023,0,231,323,305,457,318,305,406,758,745,305,112
381,1023,0,261,1023,0,252,331,305,502,323,305,406,740,716,305,112
344,1023,0,202,1023,0,180,323,305,478,317,305,406,723,705,305,112
421,1023,0,206,1023,0,192,320,305,527,322,305,406,706,649,305,112
319,1023,0,145,1023,0,225,326,305,484,323,305,406,703,694,305,112
456,1023,0,272,1023,0,184,322,305,458,321,305,407,740,708,305,112
350,1023,0,289,1023,0,390,408,305,512,324,305,407,710,688,305,112
331,1023,0,261,1023,0,242,334,305,512,329,305,407,725,716,305,112
466,1023,0,385,1023,0,276,335,305,535,333,305,407,723,684,305,112
485,1023,0,347,1023,0,271,335,305,492,321,305,407,787,761,305,112
409,1023,0,347,1023,0,221,325,305,521,332,305,407,730,704,305,112
556,1023,0,263,1023,0,258,327,305,480,319,305,407,756,725,305,112
459,1023,0,487,1023,0,364,381,305,593,369,305,407,772,740,305,112
436,1023,0,204,1023,0,365,383,305,487,326,305,407,736,723,305,112
450,1023,0,238,1023,0,245,335,305,483,330,305,407,706,676,305,112
386,1023,0,188,1023,0,318,353,305,514,329,305,407,696,658,305,112
343,1023,0,207,1023,0,736,815,305,650,447,305,407,649,630,305,112
456,1023,0,253,1023,0,196,317,305,476,321,305,407,701,658,305,112
411,1023,0,204,1023,0,182,313,305,439,319,305,407,718,703,305,112
313,1023,0,230,1023,0,286,352,305,547,342,305,407,732,706,305,112
627,1023,0,476,1023,0,298,351,305,550,340,305,407,760,747,305,112
413,1023,0,294,1023,0,238,335,305,470,319,305,407,730,693,305,112
523,1023,0,254,1023,0,211,323,305,513,328,305,407,679,638,305,112
544,1023,0,474,1023,0,420,414,305,533,333,305,407,731,716,305,112
411,1023,0,295,1023,0,530,562,305,543,333,305,407,709,684,305,112
319,1023,0,198,1023,0,214,329,305,479,313,305,408,690,662,305,112
314,1023,0,155,1023,0,102,315,305,457,315,305,408,684,665,305,112
394,1023,0,231,1023,0,269,348,305,547,342,305,408,729,716,305,112
443,1023,0,315,1023,0,200,324,305,630,398,305,408,761,714,305,112
457,1023,0,235,1023,0,505,532,305,530,334,305,408,715,676,305,112
313,1023,0,184,1023,0,160,317,305,371,311,305,408,706,694,305,112
625,1023,0,395,1023,0,225,326,305,489,321,305,408,750,721,305,112
436,1023,0,446,1023,0,309,353,305,537,339,305,408,778,765,305,112
358,1023,0,289,1023,0,698,771,305,635,413,305,408,706,694,305,112
287,1023,0,123,1023,0,400,436,305,456,320,305,408,687,670,305,112
362,1023,0,213,1023,0,206,326,305,489,321,305,408,715,697,305,112
754,1023,0,615,1023,0,369,363,305,571,336,305,408,785,746,305,112
277,1023,0,222,1023,0,225,329,305,447,316,305,408,691,677,305,112
398,1023,0,222,1023,0,545,586,305,549,338,305,408,719,703,305,112
372,1023,0,385,1023,0,291,349,305,541,341,305,408,741,706,305,120
281,1023,0,153,1023,0,103,314,305,485,322,305,408,657,650,305,120
412,1023,0,319,1023,0,294,345,305,494,326,305,408,719,699,305,120
439,1023,0,395,1023,0,388,394,305,502,317,305,408,731,711,305,120
438,1023,0,248,1023,0,221,326,305,479,319,305,408,752,731,305,120
385,1023,0,261,1023,0,254,335,305,476,326,305,409,737,721,305,120
366,1023,0,191,1023,0,222,328,305,517,328,305,409,729,698,305,120
467,1023,0,325,1023,0,266,339,305,524,330,305,409,716,708,305,120
576,1023,0,507,1023,0,353,370,305,522,333,305,409,741,712,305,120
409,1023,0,364,1023,0,411,421,305,522,333,305,409,726,710,305,120
452,1023,0,299,1023,0,320,360,305,525,334,305,409,752,736,305,120
430,1023,0,373,1023,0,267,334,305,500,327,305,409,733,692,305,120
322,1023,0,274,1023,0,210,324,305,497,321,305,409,729,709,305,120
497,1023,0,299,1023,0,275,339,305,489,329,305,409,732,710,305,120
351,1023,0,195,1023,0,230,323,305,476,314,305,409,713,693,305,120
370,1023,0,395,1023,0,356,379,305,509,328,305,409,731,708,305,120
381,1023,0,310,1023,0,187,325,305,498,322,305,409,701,673,305,120
270,1023,0,168,1023,0,195,320,305,485,324,305,409,676,661,305,120
289,1023,0,132,1023,0,132,314,305,177,313,305,409,712,703,305,120
347,1023,0,189,1023,0,166,322,305,468,320,305,409,707,696,305,120
456,1023,0,295,1023,0,250,331,305,494,326,305,409,714,686,305,120
463,1023,0,230,1023,0,286,341,305,480,324,305,409,717,698,305,120
373,1023,0,305,1023,0,279,346,305,520,336,305,409,715,704,305,120
425,1023,0,281,1023,0,210,327,305,482,322,305,409,724,708,305,120
568,1023,0,458,1023,0,318,351,305,492,319,305,409,744,715,305,120
393,1023,0,166,1023,0,169,318,305,467,316,305,409,709,678,305,120
377,1023,0,204,1023,0,214,326,305,373,315,305,409,698,682,305,120
467,1023,0,510,1023,0,306,341,305,498,327,305,409,722,683,305,120
451,1023,0,429,1023,0,267,336,305,497,326,305,409,762,739,305,120
466,1023,0,377,1023,0,275,344,305,502,327,305,409,796,777,305,120
427,1023,0,247,1023,0,205,321,305,475,319,305,409,713,691,305,120
448,1023,0,268,1023,0,255,336,305,498,323,305,409,722,691,305,120
421,1023,0,336,1023,0,380,392,305,538,338,305,410,715,694,305,120
494,1023,0,389,1023,0,304,337,305,534,331,305,410,746,728,305,120
385,1023,0,309,1023,0,240,327,305,511,329,305,410,745,725,305,120
327,1023,0,334,1023,0,322,354,305,565,352,305,410,718,699,305,120
424,1023,0,487,1023,0,445,445,305,541,335,305,410,776,759,305,120
796,1023,0,690,1023,0,288,332,305,539,335,305,410,778,719,305,120
382,1023,0,248,1023,0,200,327,305,476,320,305,410,729,716,305,120
766,1023,0,697,1023,0,548,538,305,635,384,305,410,756,710,305,120
412,1023,0,312,1023,0,208,330,305,506,328,305,410,693,659,305,120
367,1023,0,324,1023,0,248,339,305,541,338,305,410,723,713,305,120
684,1023,0,728,1023,0,384,375,305,599,360,305,410,784,748,305,120
699,1023,0,705,1023,0,284,351,305,566,347,305,410,725,677,305,120
701,1023,0,765,1023,0,684,714,305,643,390,305,410,813,786,305,120
440,1023,0,462,1023,0,448,461,305,524,326,305,410,760,740,305,120
406,1023,0,331,1023,0,236,325,305,502,327,305,410,704,671,305,120
436,1023,0,316,1023,0,247,322,305,458,315,305,410,746,705,305,120
364,1023,0,184,1023,0,261,333,305,521,322,305,410,713,697,305,120
322,1023,0,276,1023,0,166,319,305,442,314,305,410,725,714,305,120
444,1023,0,249,1023,0,267,341,305,484,328,305,410,745,729,305,120
574,1023,0,412,1023,0,330,354,305,536,330,305,410,768,754,305,120
472,1023,0,287,1023,0,216,320,305,473,323,305,410,750,736,305,120
448,1023,0,417,1023,0,248,338,305,524,339,305,411,759,742,305,120
399,1023,0,316,1023,0,213,323,305,473,319,305,411,754,726,305,120
393,1023,0,362,1023,0,306,348,305,523,330,305,411,740,720,305,120
523,1023,0,354,1023,0,287,335,305,520,326,305,411,738,712,305,120
499,1023,0,447,1023,0,514,539,305,536,330,305,411,740,696,305,120
329,1023,0,174,1023,0,101,314,305,463,315,305,411,686,674,305,120
324,1023,0,245,1023,0,243,322,305,467,319,305,411,741,723,305,120
421,1023,0,443,1023,0,253,331,305,535,333,305,411,731,718,305,120
398,1023,0,411,1023,0,226,328,305,488,319,305,411,723,682,305,120
357,1023,0,188,1023,0,216,324,305,493,318,305,411,699,648,305,120
726,1023,0,703,1023,0,462,439,305,572,339,305,411,788,738,305,120
351,1023,0,242,1023,0,190,323,305,465,321,305,411,686,657,305,120
301,1023,0,131,1023,0,202,327,305,460,320,305,411,694,683,305,120
381,1023,0,318,1023,0,203,323,305,490,321,305,411,741,719,305,120
542,1023,0,282,1023,0,483,508,305,525,333,305,411,740,726,305,120
367,1023,0,215,1023,0,143,320,305,462,321,305,411,721,712,305,120
298,1023,0,211,1023,0,147,321,305,486,323,305,411,666,658,305,120
499,1023,0,391,1023,0,268,341,305,521,334,305,411,761,744,305,120
281,1023,0,186,1023,0,178,325,305,425,319,305,411,660,655,305,120
374,1023,0,226,1023,0,172,321,305,469,322,305,411,722,712,305,120
405,1023,0,306,1023,0,218,326,305,472,320,305,411,731,703,305,120
308,1023,0,169,1023,0,319,365,305,408,315,305,411,696,687,305,120
556,1023,0,391,1023,0,281,329,305,493,321,305,411,773,753,305,120
267,1023,0,373,1023,0,221,323,305,668,465,305,411,804,752,305,120
425,1023,0,197,1023,0,193,319,305,434,314,305,412,754,728,305,120
596,1023,0,300,1023,0,312,348,305,556,343,305,412,744,708,305,120
289,1023,0,151,1023,0,640,722,305,582,369,305,412,709,701,305,120
357,1023,0,235,1023,0,175,323,305,481,320,305,412,729,711,305,120
448,1023,0,324,1023,0,301,354,305,463,322,305,412,741,728,305,120
330,1023,0,229,1023,0,195,326,305,454,319,305,412,671,649,305,120
371,1023,0,193,1023,0,361,390,305,484,326,305,412,703,685,305,120
447,1023,0,292,1023,0,230,325,305,501,324,305,412,740,717,305,120
362,1023,0,173,1023,0,226,327,305,308,312,305,412,740,731,305,120
502,1023,0,447,1023,0,290,336,305,518,328,305,412,779,763,305,120
542,1023,0,311,1023,0,265,336,305,495,331,305,412,795,781,305,120
408,1023,0,369,1023,0,241,326,305,480,319,305,412,744,725,305,120
677,1023,0,529,1023,0,313,347,305,555,333,305,412,765,734,305,120
447,1023,0,330,1023,0,255,336,305,510,323,305,412,750,717,305,120
405,1023,0,369,1023,0,245,335,305,486,322,305,412,749,724,305,120
362,1023,0,218,1023,0,173,326,305,489,324,305,412,686,667,305,120
480,1023,0,357,1023,0,698,757,305,632,399,305,412,773,742,305,120
346,1023,0,558,1023,0,318,354,305,563,349,305,412,750,728,305,120
377,1023,0,229,1023,0,253,327,305,537,337,305,412,699,680,305,120
348,1023,0,377,1023,0,178,319,305,501,322,305,412,716,694,305,120
575,1023,0,471,1023,0,256,330,305,513,325,305,412,766,746,305,120
317,1023,0,158,1023,0,136,313,305,429,316,305,413,712,692,305,120
394,1023,0,241,1023,0,361,382,305,486,319,305,413,721,696,305,120
388,1023,0,207,1023,0,240,331,305,458,317,305,413,733,714,305,120
453,1023,0,388,1023,0,230,327,305,509,325,305,413,730,716,305,120
355,1023,0,232,1023,0,116,319,305,491,321,305,413,713,682,305,120
481,1023,0,192,1023,0,346,364,305,532,328,305,413,726,696,305,120
282,1023,0,134,1023,0,189,325,305,484,319,305,413,673,632,305,120
471,1023,0,256,1023,0,221,324,305,492,319,305,413,771,759,305,120
652,1023,0,568,1023,0,284,335,305,548,333,305,413,772,737,305,120
424,1023,0,266,1023,0,225,321,305,480,317,305,413,721,705,305,120
501,1023,0,469,1023,0,241,331,305,499,328,305,413,758,725,305,120
389,1023,0,241,1023,0,233,327,305,492,319,305,413,695,681,305,120
318,1023,0,266,1023,0,379,401,305,517,332,305,413,737,719,305,120
580,1023,0,644,1023,0,348,349,305,577,339,305,413,762,711,305,120
482,1023,0,369,1023,0,218,326,305,455,319,305,413,744,709,305,120
550,1023,0,575,1023,0,224,331,305,496,324,305,413,740,721,305,128
360,1023,0,233,1023,0,233,329,305,479,318,305,413,730,719,305,128
449,1023,0,328,1023,0,242,330,305,511,325,305,414,744,730,305,128
429,1023,0,307,1023,0,205,324,305,477,324,305,414,732,676,305,128
542,1023,0,594,1023,0,289,342,305,550,344,305,414,731,706,305,128
345,1023,0,332,1023,0,158,318,305,535,330,305,414,780,725,305,128
401,1023,0,195,1023,0,242,331,305,467,321,305,414,709,688,305,128
311,1023,0,257,1023,0,263,337,305,490,325,305,414,733,721,305,128
515,1023,0,358,1023,0,303,344,305,494,319,305,414,757,735,305,128
521,1023,0,591,1023,0,284,342,305,570,352,305,414,755,733,305,128
397,1023,0,335,1023,0,223,330,305,492,326,305,414,693,668,305,128
431,1023,0,288,1023,0,219,321,305,463,318,305,414,743,713,305,128
415,1023,0,252,1023,0,228,326,305,499,319,305,414,723,707,305,128
472,1023,0,451,1023,0,279,335,305,529,336,305,414,778,742,305,128
366,1023,0,351,1023,0,347,369,305,518,336,305,414,736,717,305,128
342,1023,0,251,1023,0,161,318,305,427,319,305,414,712,699,305,128
347,1023,0,262,1023,0,95,321,305,488,325,305,414,678,667,305,128
411,1023,0,280,1023,0,223,319,305,516,328,305,414,711,679,305,128
450,1023,0,285,1023,0,377,387,305,556,342,305,414,763,738,305,128
254,1023,0,180,1023,0,460,511,305,511,333,305,414,660,656,305,128
489,1023,0,369,1023,0,302,347,305,521,336,305,414,737,707,305,128
478,1023,0,299,1023,0,250,332,305,464,320,305,414,740,696,305,128
442,1023,0,374,1023,0,217,325,305,643,415,305,414,753,725,305,128
390,1023,0,207,1023,0,154,325,305,477,323,305,414,733,713,305,128
589,1023,0,448,1023,0,699,751,305,638,412,305,415,757,730,305,128
497,1023,0,319,1023,0,377,387,305,493,321,305,415,744,729,305,128
439,1023,0,254,1023,0,172,320,305,305,316,305,415,732,710,305,128
546,1023,0,441,1023,0,296,344,305,540,337,305,415,743,716,305,128
585,1023,0,390,1023,0,260,334,305,519,324,305,415,715,678,305,128
299,1023,0,177,1023,0,190,323,305,449,314,305,415,697,688,305,128
356,1023,0,227,1023,0,205,322,305,476,321,305,415,694,662,305,128
416,1023,0,297,1023,0,232,328,305,483,321,305,415,734,725,305,128
573,1023,0,729,1023,0,299,340,305,542,330,305,415,812,763,305,128
407,1023,0,361,1023,0,260,326,305,534,337,305,415,757,735,305,128
488,1023,0,713,1023,0,304,352,305,565,344,305,415,741,703,305,128
510,1023,0,309,1023,0,301,343,305,547,334,305,415,716,692,305,128
569,1023,0,399,1023,0,289,334,305,506,324,305,415,745,704,305,128
410,1023,0,351,1023,0,216,319,305,491,320,305,415,718,706,305,128
378,1023,0,193,1023,0,231,332,305,503,333,305,415,661,647,305,128
258,1023,0,127,1023,0,158,317,305,459,317,305,415,703,696,305,128
335,1023,0,286,1023,0,489,466,305,552,333,305,415,730,713,305,128
425,1023,0,382,1023,0,225,331,305,496,326,305,415,761,728,305,128
461,1023,0,292,1023,0,306,350,305,494,324,305,415,734,693,305,128
468,1023,0,399,1023,0,291,344,305,526,324,305,415,745,698,305,128
569,1023,0,491,1023,0,260,329,305,514,330,305,415,756,716,305,128
375,1023,0,247,1023,0,148,318,305,469,319,305,415,715,706,305,128
547,1023,0,506,1023,0,263,333,305,500,324,305,415,733,695,305,128
460,1023,0,409,1023,0,253,331,305,527,331,305,415,696,669,305,128
500,1023,0,464,1023,0,354,364,305,544,333,305,415,707,671,305,128
218,1023,0,172,1023,0,9,309,305,397,311,305,415,625,617,305,128
303,1023,0,193,1023,0,251,335,305,457,321,305,415,714,703,305,128
398,1023,0,361,1023,0,295,343,305,536,329,305,416,758,736,305,128
376,1023,0,295,1023,0,272,342,305,529,332,305,416,725,687,305,128
423,1023,0,287,1023,0,321,361,305,518,328,305,416,728,709,305,128
332,1023,0,230,1023,0,188,324,305,458,322,305,416,757,727,305,128
284,1023,0,187,1023,0,264,333,305,489,326,305,416,748,730,305,128
336,1023,0,266,1023,0,202,332,305,491,327,305,416,727,706,305,128
623,1023,0,598,1023,0,365,374,305,569,338,305,416,759,727,305,128
404,1023,0,371,1023,0,247,333,305,519,330,305,416,702,673,305,128
584,1023,0,508,1023,0,343,365,305,543,329,305,416,738,714,305,128
567,1023,0,551,1023,0,309,340,305,555,334,305,416,762,720,305,128
421,1023,0,293,1023,0,377,384,305,488,321,305,416,746,730,305,128
308,1023,0,272,1023,0,250,338,305,518,326,305,416,740,724,305,128
330,1023,0,218,1023,0,220,326,305,496,327,305,416,711,681,305,128
509,1023,0,305,1023,0,656,702,305,604,365,305,416,740,723,305,128
480,1023,0,462,1023,0,277,332,305,541,334,305,416,720,689,305,128
495,1023,0,256,1023,0,252,320,305,497,315,305,416,722,700,305,128
480,1023,0,410,1023,0,232,326,305,431,317,305,416,680,629,305,128
524,1023,0,366,1023,0,299,335,305,532,328,305,416,767,719,305,128
496,1023,0,343,1023,0,264,333,305,515,332,305,416,748,735,305,128
409,1023,0,352,1023,0,230,330,305,469,319,305,416,706,665,305,128
417,1023,0,396,1023,0,181,329,305,518,330,305,416,731,716,305,128
467,1023,0,424,1023,0,348,374,305,545,342,305,416,741,711,305,128
360,1023,0,294,1023,0,398,403,305,512,322,305,416,739,728,305,128
595,1023,0,528,1023,0,251,340,305,495,328,305,416,788,759,305,128
385,1023,0,304,1023,0,273,338,305,493,323,305,417,709,699,305,128
417,1023,0,209,1023,0,488,516,305,547,339,305,417,736,712,305,128
556,1023,0,526,1023,0,877,923,306,754,600,305,417,754,712,305,128
518,1023,0,439,1023,0,195,319,305,524,331,305,417,735,703,305,128
442,1023,0,502,1023,0,257,334,305,541,334,305,417,738,720,305,128
447,1023,0,361,1023,0,277,339,305,507,331,305,417,734,705,305,128
455,1023,0,486,1023,0,212,332,305,522,333,305,417,717,695,305,128
442,1023,0,692,1023,0,276,334,305,552,336,305,417,739,699,305,128
335,1023,0,296,1023,0,254,342,305,518,332,305,417,738,719,305,128
531,1023,0,476,1023,0,382,395,305,534,333,305,417,741,719,305,128
459,1023,0,408,1023,0,257,328,305,474,322,305,417,754,736,305,128
458,1023,0,379,1023,0,320,357,305,522,335,305,417,712,684,305,128
629,1023,0,594,1023,0,321,349,305,539,325,305,417,741,721,305,128
356,1023,0,245,1023,0,718,786,305,643,424,305,417,721,705,305,128
301,1023,0,196,1023,0,171,321,305,490,324,305,417,718,699,305,128
421,1023,0,375,1023,0,323,353,305,559,342,305,417,742,715,305,128
653,1023,0,706,1023,0,364,367,305,526,337,305,417,740,699,305,128
324,1023,0,240,1023,0,208,322,305,495,321,305,417,721,693,305,128
480,1023,0,325,1023,0,224,327,305,495,325,305,417,754,719,305,128
456,1023,0,365,1023,0,232,323,305,501,324,305,417,724,710,305,128
467,1023,0,446,1023,0,590,642,305,575,354,305,417,750,725,305,128
416,1023,0,281,1023,0,248,334,305,482,318,305,418,704,690,305,128
321,1023,0,180,1023,0,309,356,305,488,325,305,418,691,680,305,128
334,1023,0,172,1023,0,179,319,305,447,320,305,418,693,678,305,128
468,1023,0,338,1023,0,491,518,305,544,333,305,418,729,710,305,128
402,1023,0,289,1023,0,264,340,305,458,320,305,418,752,737,305,128
469,1023,0,238,1023,0,225,329,305,452,315,305,418,690,674,305,128
429,1023,0,472,1023,0,241,330,305,508,327,305,418,743,719,305,128
414,1023,0,303,1023,0,290,345,305,520,331,305,418,727,698,305,128
342,1023,0,227,1023,0,181,320,305,493,318,305,418,731,716,305,128
453,1023,0,473,1023,0,525,562,305,569,342,305,418,757,739,305,128
292,1023,0,115,1023,0,150,313,305,413,311,305,418,694,672,305,128
499,1023,0,434,1023,0,423,424,305,525,327,305,418,755,740,305,128
412,1023,0,342,1023,0,240,329,305,500,324,305,418,705,687,305,128
433,1023,0,225,1023,0,278,338,305,420,313,305,418,725,691,305,128
446,1023,0,296,1023,0,127,314,305,469,318,305,418,714,690,305,136
406,1023,0,276,1023,0,249,335,305,511,329,305,418,738,720,305,136
358,1023,0,201,1023,0,183,324,305,469,321,305,418,691,669,305,136
470,1023,0,348,1023,0,382,391,305,522,329,305,418,762,748,305,136
358,1023,0,226,1023,0,165,323,305,495,324,305,418,734,715,305,136
418,1023,0,363,1023,0,238,326,305,451,317,305,418,729,710,305,136
527,1023,0,374,1023,0,248,329,305,523,326,305,418,739,702,305,136
410,1023,0,247,1023,0,300,340,305,546,332,305,419,756,737,305,136
382,1023,0,188,1023,0,159,319,305,472,316,305,419,710,692,305,136
319,1023,0,136,1023,0,500,549,305,477,323,305,419,670,644,305,136
410,1023,0,272,1023,0,194,320,305,479,319,305,419,716,698,305,136
303,1023,0,216,1023,0,239,335,305,466,319,305,419,740,731,305,136
525,1023,0,470,1023,0,340,354,305,539,326,305,419,751,711,305,136
470,1023,0,263,1023,0,218,322,305,466,317,305,419,718,699,305,136
443,1023,0,416,1023,0,355,365,305,513,325,305,419,740,703,305,136
428,1023,0,449,1023,0,278,332,305,508,325,305,419,765,745,305,136
611,1023,0,412,1023,0,283,337,305,522,329,305,419,742,710,305,136
333,1023,0,185,1023,0,273,338,305,471,317,305,419,670,639,305,136
430,1023,0,285,1023,0,409,400,305,523,332,305,419,740,711,305,136
356,1023,0,256,1023,0,793,855,305,688,497,305,419,723,707,305,136
323,1023,0,155,1023,0,181,315,305,450,317,305,419,719,705,305,136
431,1023,0,305,1023,0,225,327,305,478,322,305,419,715,672,305,136
469,1023,0,392,1023,0,234,328,305,515,328,305,419,744,726,305,136
433,1023,0,266,1023,0,246,332,305,497,328,305,419,736,723,305,136
413,1023,0,262,1023,0,240,337,305,510,327,305,419,729,714,305,136
417,1023,0,282,1023,0,369,382,305,491,325,305,419,704,682,305,136
374,1023,0,493,1023,0,307,348,305,543,338,305,419,742,720,305,136
611,1023,0,587,1023,0,439,428,305,563,336,305,419,783,752,305,136
351,1023,0,370,1023,0,327,355,305,489,316,305,419,775,755,305,136
376,1023,0,377,1023,0,449,462,305,515,329,305,419,740,719,305,136
470,1023,0,305,1023,0,168,317,305,457,317,305,420,744,732,305,136
589,1023,0,356,1023,0,642,698,305,602,371,305,420,732,713,305,136
468,1023,0,339,1023,0,537,569,305,536,327,305,420,753,712,305,136
293,1023,0,288,1023,0,252,340,305,509,337,305,420,737,719,305,136
543,1023,0,343,1023,0,791,846,305,689,493,305,420,719,702,305,136
446,1023,0,241,1023,0,120,318,305,469,321,305,420,731,711,305,136
410,1023,0,350,1023,0,232,327,305,473,326,305,420,701,665,305,136
582,1023,0,551,1023,0,299,335,305,552,336,305,420,777,754,305,136
459,1023,0,310,1023,0,203,330,305,500,325,305,420,722,706,305,136
430,1023,0,380,1023,0,679,736,305,617,381,305,420,726,691,305,136
645,1023,0,537,1023,0,296,335,305,550,331,305,420,790,715,305,136
487,1023,0,411,1023,0,240,329,305,496,330,305,420,720,701,305,136
409,1023,0,379,1023,0,288,341,305,496,324,305,420,720,690,305,136
464,1023,0,330,1023,0,287,342,305,511,325,305,420,760,741,305,136
461,1023,0,262,1023,0,230,323,305,508,323,305,420,740,717,305,136
425,1023,0,419,1023,0,251,330,305,517,329,305,420,733,713,305,136
306,1023,0,149,1023,0,190,322,305,438,313,305,420,712,707,305,136
409,1023,0,296,1023,0,234,325,305,431,320,305,420,741,710,305,136
594,1023,0,348,1023,0,458,456,305,550,338,305,420,729,706,305,136
313,1023,0,155,1023,0,266,333,305,421,311,305,420,688,680,305,136
498,1023,0,687,1023,0,338,352,305,523,330,305,420,804,776,305,136
435,1023,0,348,1023,0,274,343,305,502,325,305,420,702,688,305,136
441,1023,0,270,1023,0,227,329,305,515,332,305,420,731,719,305,136
415,1023,0,225,1023,0,582,646,305,544,340,305,420,685,671,305,136
426,1023,0,393,1023,0,533,563,305,564,343,305,420,784,761,305,136
351,1023,0,308,1023,0,233,327,305,511,328,305,420,724,696,305,136
397,1023,0,199,1023,0,221,325,305,478,320,305,420,728,710,305,136
570,1023,0,508,1023,0,276,338,305,542,338,305,420,756,715,305,136
446,1023,0,346,1023,0,372,380,305,528,329,305,420,759,730,305,136
358,1023,0,224,1023,0,263,333,305,468,324,305,420,745,705,305,136
410,1023,0,523,1023,0,290,339,305,529,329,305,421,764,745,305,136
307,1023,0,175,1023,0,264,338,305,482,326,305,421,740,730,305,136
356,1023,0,202,1023,0,185,324,305,500,330,305,421,681,665,305,136
408,1023,0,292,1023,0,576,634,305,546,342,305,421,724,714,305,136
430,1023,0,325,1023,0,253,329,305,520,329,305,421,727,711,305,136
454,1023,0,322,1023,0,215,325,305,517,326,305,421,703,691,305,136
325,1023,0,312,1023,0,276,339,305,517,326,305,421,737,720,305,136
363,1023,0,258,1023,0,210,327,305,500,318,305,421,711,698,305,136
365,1023,0,280,1023,0,208,330,305,499,326,305,421,707,696,305,136
340,1023,0,395,1023,0,276,342,305,519,327,305,421,741,705,305,136
339,1023,0,173,1023,0,624,682,305,584,360,305,421,664,650,305,136
370,1023,0,292,1023,0,235,329,305,482,321,305,421,721,706,305,136
437,1023,0,273,1023,0,280,339,305,501,327,305,421,731,705,305,136
296,1023,0,343,1023,0,239,326,305,529,334,305,421,715,691,305,136
483,1023,0,496,1023,0,276,330,305,531,322,305,421,758,727,305,136
314,1023,0,219,1023,0,230,333,305,486,322,305,421,744,730,305,136
539,1023,0,520,1023,0,279,342,305,545,334,305,421,773,738,305,136
344,1023,0,247,1023,0,211,335,305,508,322,305,421,713,699,305,136
319,1023,0,148,1023,0,202,316,305,488,318,305,421,683,671,305,136
438,1023,0,344,1023,0,563,624,305,562,348,305,421,790,770,305,136
330,1023,0,210,1023,0,244,332,305,525,328,305,421,722,700,305,136
316,1023,0,444,1023,0,259,330,305,539,330,305,421,756,727,305,136
458,1023,0,337,1023,0,215,329,305,521,330,305,421,727,700,305,136
572,1023,0,542,1023,0,292,346,305,549,336,305,421,733,697,305,136
382,1023,0,418,1023,0,230,325,305,477,323,305,421,756,718,305,136
404,1023,0,341,1023,0,250,339,305,529,331,305,421,720,691,305,136
521,1023,0,397,1023,0,275,327,305,504,321,305,422,771,736,305,136
456,1023,0,304,1023,0,256,335,305,484,324,305,422,751,722,305,136
402,1023,0,363,1023,0,217,322,305,528,335,305,422,740,711,305,136
288,1023,0,177,1023,0,148,314,305,425,311,305,422,696,687,305,136
469,1023,0,367,1023,0,244,326,305,513,324,305,422,775,761,305,136
517,1023,0,520,1023,0,290,339,305,539,333,305,422,717,682,305,136
444,1023,0,419,1023,0,288,345,305,538,341,305,422,687,642,305,136
616,1023,0,525,1023,0,290,332,305,518,327,305,422,767,739,305,136
488,1023,0,361,1023,0,267,337,305,491,324,305,422,749,734,305,136
283,1023,0,301,1023,0,248,332,305,464,316,305,422,756,742,305,136
479,1023,0,474,1023,0,283,344,305,484,321,305,422,738,710,305,136
324,1023,0,367,1023,0,292,347,305,510,328,305,422,714,699,305,136
318,1023,0,327,1023,0,412,448,305,534,340,305,422,739,731,305,136
511,1023,0,709,1023,0,277,348,305,539,336,305,422,731,719,305,136
290,1023,0,231,1023,0,277,341,305,468,319,305,422,723,709,305,136
344,1023,0,198,1023,0,230,332,305,452,314,305,422,694,679,305,136
603,1023,0,755,1023,0,304,345,305,551,341,305,422,831,808,305,136
356,1023,0,399,1023,0,216,322,305,510,323,305,422,736,720,305,136
382,1023,0,255,1023,0,175,326,305,458,318,305,422,733,717,305,136
528,1023,0,416,1023,0,484,476,305,580,352,305,422,752,720,305,136
237,1023,0,319,1023,0,318,357,305,481,322,305,422,718,702,305,136
412,1023,0,282,1023,0,252,330,305,448,318,305,423,720,703,305,136
356,1023,0,207,1023,0,217,321,305,456,314,305,423,726,710,305,136
314,1023,0,185,1023,0,259,340,305,496,325,305,423,708,690,305,136
487,1023,0,343,1023,0,260,341,305,505,334,305,423,750,734,305,136
377,1023,0,209,1023,0,552,609,305,551,344,305,423,747,727,305,136
281,1023,0,226,1023,0,251,336,305,452,320,305,423,706,691,305,136
396,1023,0,307,1023,0,236,321,305,526,331,305,423,748,718,305,136
343,1023,0,194,1023,0,439,455,305,526,339,305,423,712,670,305,136
332,1023,0,239,1023,0,257,340,305,557,351,305,423,717,698,305,136
316,1023,0,143,1023,0,222,325,305,417,317,305,423,712,693,305,136
570,1023,0,650,1023,0,316,342,305,558,338,305,423,835,801,305,136
483,1023,0,649,1023,0,213,325,305,737,550,305,423,807,771,305,136
437,1023,0,329,1023,0,182,326,305,492,326,305,423,704,665,305,136
409,1023,0,375,1023,0,257,328,305,508,327,305,423,723,691,305,136
368,1023,0,433,1023,0,279,340,305,568,351,305,423,733,714,305,136
401,1023,0,355,1023,0,187,324,305,501,331,305,423,738,723,305,136
504,1023,0,292,1023,0,228,334,305,421,320,305,423,717,698,305,136
307,1023,0,208,1023,0,268,345,305,459,319,305,423,697,684,305,136
290,1023,0,515,1023,0,230,319,305,535,331,305,423,764,719,305,136
438,1023,0,469,1023,0,248,334,305,543,332,305,423,736,691,305,136
426,1023,0,334,1023,0,505,539,305,524,333,305,423,732,716,305,136
328,1023,0,236,1023,0,212,329,305,462,318,305,423,682,670,305,136
558,1023,0,552,1023,0,314,344,305,542,333,305,423,758,742,305,136
442,1023,0,487,1023,0,274,339,305,549,342,305,423,710,694,305,136
402,1023,0,337,1023,0,321,361,305,516,328,305,423,763,744,305,136
632,1023,0,357,1023,0,596,628,305,586,357,305,423,791,768,305,136
451,1023,0,323,1023,0,238,329,305,495,326,305,424,738,725,305,136
376,1023,0,209,1023,0,310,357,305,537,343,305,424,705,695,305,136
572,1023,0,675,1023,0,319,341,305,568,335,305,424,762,714,305,136
443,1023,0,315,1023,0,242,330,305,445,324,305,424,741,717,305,136
264,1023,0,172,1023,0,261,337,305,495,320,305,424,687,669,305,136
536,1023,0,670,1023,0,300,341,305,551,332,305,424,761,730,305,136
360,1023,0,285,1023,0,194,321,305,497,322,305,424,721,708,305,144
411,1023,0,387,1023,0,221,329,305,517,331,305,424,723,698,305,144
538,1023,0,249,1023,0,209,317,305,460,316,305,424,724,668,305,144
556,1023,0,366,1023,0,312,345,305,531,329,305,424,780,746,305,144
393,1023,0,317,1023,0,234,328,305,506,331,305,424,713,677,305,144
450,1023,0,372,1023,0,604,655,305,580,354,305,424,744,727,305,144
377,1023,0,319,1023,0,225,324,305,477,317,305,424,727,687,305,144
453,1023,0,502,1023,0,286,340,305,540,340,305,424,760,705,305,144
397,1023,0,190,1023,0,200,325,305,491,325,305,424,709,679,305,144
338,1023,0,376,1023,0,269,340,305,447,319,305,424,770,760,305,144
614,1023,0,560,1023,0,292,339,305,556,338,305,424,755,725,305,144
298,1023,0,274,1023,0,267,340,305,484,321,305,424,730,719,305,144
426,1023,0,280,1023,0,193,322,305,477,323,305,424,699,670,305,144
472,1023,0,314,1023,0,393,393,305,507,325,305,425,741,728,305,144
489,1023,0,269,1023,0,260,332,305,518,329,305,425,730,711,305,144
549,1023,0,413,1023,0,236,326,305,518,327,305,425,763,706,305,144
357,1023,0,247,1023,0,290,350,305,553,345,305,425,700,680,305,144
284,1023,0,287,1023,0,225,323,305,632,409,305,425,747,730,305,144
557,1023,0,322,1023,0,364,388,305,522,349,305,425,738,720,305,144
469,1023,0,329,1023,0,321,357,305,537,330,305,425,760,729,305,144
479,1023,0,443,1023,0,293,346,305,526,338,305,425,741,706,305,144
473,1023,0,248,1023,0,218,325,305,455,316,305,425,721,697,305,144
508,1023,0,310,1023,0,216,330,305,493,324,305,425,715,699,305,144
426,1023,0,230,1023,0,484,520,305,515,334,305,425,719,695,305,144
446,1023,0,351,1023,0,264,331,305,484,321,305,425,760,746,305,144
311,1023,0,183,1023,0,70,320,305,456,316,305,425,669,646,305,144
445,1023,0,394,1023,0,217,327,305,505,324,305,425,726,683,305,144
447,1023,0,269,1023,0,196,323,305,478,328,305,425,699,687,305,144
357,1023,0,328,1023,0,281,338,305,489,319,305,425,730,699,305,144
520,1023,0,404,1023,0,309,347,305,517,328,305,425,746,707,305,144
383,1023,0,235,1023,0,281,337,305,483,325,305,425,728,705,305,144
565,1023,0,417,1023,0,242,325,305,503,320,305,425,751,728,305,144
284,1023,0,137,1023,0,196,324,305,454,311,305,425,677,662,305,144
390,1023,0,304,1023,0,215,324,305,487,319,305,425,728,706,305,144
412,1023,0,345,1023,0,187,320,305,479,315,305,425,741,728,305,144
418,1023,0,386,1023,0,271,343,305,524,330,305,425,725,707,305,144
503,1023,0,341,1023,0,221,324,305,505,320,305,425,730,696,305,144
331,1023,0,372,1023,0,588,651,305,565,346,305,425,748,711,305,144
429,1023,0,244,1023,0,232,327,305,517,329,305,425,741,706,305,144
352,1023,0,430,1023,0,279,340,305,503,333,305,426,723,709,305,144
542,1023,0,370,1023,0,317,349,305,516,330,305,426,765,735,305,144
692,1023,0,706,1023,0,307,348,305,551,346,305,426,770,739,305,144
505,1023,0,309,1023,0,285,338,305,504,330,305,426,738,710,305,144
479,1023,0,364,1023,0,270,339,305,529,331,305,426,743,711,305,144
307,1023,0,138,1023,0,163,322,305,462,316,305,426,691,675,305,144
511,1023,0,456,1023,0,276,333,305,505,323,305,426,720,674,305,144
577,1023,0,325,1023,0,251,334,305,529,330,305,426,790,775,305,144
337,1023,0,153,1023,0,179,319,305,440,320,305,426,694,684,305,144
348,1023,0,303,1023,0,202,325,305,510,321,305,426,709,700,305,144
307,1023,0,206,1023,0,291,351,305,514,334,305,426,703,693,305,144
335,1023,0,181,1023,0,137,318,305,466,325,305,426,696,682,305,144
368,1023,0,303,1023,0,273,335,305,502,329,305,426,736,726,305,144
458,1023,0,344,1023,0,337,365,305,553,343,305,426,735,718,305,144
517,1023,0,421,1023,0,477,485,305,549,337,305,426,729,685,305,144
304,1023,0,117,1023,0,89,315,305,328,311,305,426,659,647,305,144
450,1023,0,354,1023,0,586,638,305,573,348,305,426,753,739,305,144
685,1023,0,470,1023,0,301,338,305,535,330,305,426,760,717,305,144
483,1023,0,477,1023,0,267,337,305,524,331,305,426,706,675,305,144
374,1023,0,260,1023,0,229,327,305,503,330,305,426,711,695,305,144
500,1023,0,331,1023,0,297,340,305,532,334,305,426,767,751,305,144
574,1023,0,527,1023,0,291,336,305,546,332,305,426,787,772,305,144
506,1023,0,515,1023,0,306,347,305,536,332,305,426,740,721,305,144
435,1023,0,236,1023,0,227,326,305,429,314,305,426,689,677,305,144
426,1023,0,333,1023,0,146,324,305,480,321,305,426,687,654,305,144
423,1023,0,176,1023,0,238,330,305,449,321,305,426,750,728,305,144
350,1023,0,316,1023,0,230,326,305,464,318,305,426,718,706,305,144
510,1023,0,296,1023,0,228,318,305,454,318,305,426,754,740,305,144
627,1023,0,548,1023,0,378,381,305,555,345,305,426,756,706,305,144
467,1023,0,502,1023,0,316,347,305,532,330,305,427,733,687,305,144
530,1023,0,417,1023,0,204,329,305,512,328,305,427,809,778,305,144
408,1023,0,283,1023,0,175,323,305,463,320,305,427,741,722,305,144
513,1023,0,455,1023,0,747,797,305,658,433,305,427,757,730,305,144
658,1023,0,580,1023,0,332,345,305,558,335,305,427,752,711,305,144
480,1023,0,351,1023,0,411,419,305,531,335,305,427,769,729,305,144
432,1023,0,322,1023,0,332,354,305,515,329,305,427,724,709,305,144
461,1023,0,402,1023,0,270,332,305,507,322,305,427,762,739,305,144
432,1023,0,480,1023,0,450,458,305,530,334,305,427,733,693,305,144
355,1023,0,283,1023,0,167,321,305,469,318,305,427,721,706,305,144
526,1023,0,384,1023,0,263,334,305,511,329,305,427,756,729,305,144
368,1023,0,274,1023,0,160,325,305,468,318,305,427,694,677,305,144
475,1023,0,374,1023,0,292,340,305,499,319,305,427,723,704,305,144
726,1023,0,682,1023,0,290,329,305,533,328,305,427,746,692,305,144
485,1023,0,266,1023,0,224,328,305,482,322,305,427,729,710,305,144
367,1023,0,368,1023,0,311,344,305,540,332,305,427,729,709,305,144
555,1023,0,564,1023,0,317,345,305,557,340,305,427,685,634,305,144
454,1023,0,331,1023,0,270,338,305,510,330,305,427,761,743,305,144
578,1023,0,284,1023,0,446,449,305,529,341,305,427,742,722,305,144
372,1023,0,291,1023,0,289,348,305,488,322,305,427,736,720,305,144
274,1023,0,141,1023,0,83,317,305,0,315,305,427,713,703,305,144
572,1023,0,480,1023,0,286,342,305,515,326,305,427,755,731,305,144
289,1023,0,187,1023,0,151,313,305,414,313,305,427,716,704,305,144
434,1023,0,289,1023,0,259,338,305,498,333,305,427,743,717,305,144
426,1023,0,473,1023,0,462,475,305,558,341,305,427,768,741,305,144
504,1023,0,459,1023,0,283,333,305,523,323,305,427,730,712,305,144
378,1023,0,238,1023,0,143,314,305,373,313,305,427,719,706,305,144
475,1023,0,383,1023,0,222,328,305,518,327,305,428,753,729,305,144
374,1023,0,206,1023,0,113,320,305,409,319,305,428,689,676,305,144
266,1023,0,132,1023,0,101,312,305,630,395,305,428,696,685,305,144
397,1023,0,217,1023,0,195,318,305,443,315,305,428,740,720,305,144
576,1023,0,519,1023,0,298,348,305,512,328,305,428,763,724,305,144
434,1023,0,292,1023,0,233,329,305,488,323,305,428,747,723,305,144
311,1023,0,211,1023,0,137,320,305,434,319,305,428,707,686,305,144
358,1023,0,182,1023,0,373,394,305,501,325,305,428,729,721,305,144
462,1023,0,322,1023,0,188,318,305,478,319,305,428,761,746,305,144
370,1023,0,308,1023,0,91,315,305,526,333,305,428,715,686,305,144
483,1023,0,298,1023,0,221,326,305,447,319,305,428,732,706,305,144
384,1023,0,244,1023,0,210,323,305,501,321,305,428,731,697,305,144
244,1023,0,169,1023,0,123,321,305,467,316,305,428,710,701,305,144
393,1023,0,258,1023,0,239,332,305,439,316,305,428,685,647,305,144
265,1023,0,147,1023,0,212,328,305,513,329,305,428,702,686,305,144
376,1023,0,324,1023,0,218,322,305,516,326,305,428,729,710,305,144
393,1023,0,300,1023,0,310,350,305,516,326,305,428,715,696,305,144
284,1023,0,162,1023,0,196,327,305,474,319,305,428,701,686,305,144
488,1023,0,388,1023,0,250,329,305,503,322,305,428,754,729,305,144
613,1023,0,289,1023,0,257,333,305,486,322,305,428,758,742,305,144
409,1023,0,286,1023,0,230,326,305,484,324,305,428,754,730,305,144
293,1023,0,351,1023,0,303,351,305,526,336,305,428,728,709,305,144
437,1023,0,372,1023,0,282,339,305,503,324,305,428,689,657,305,144
297,1023,0,186,1023,0,184,317,305,452,315,305,428,683,652,305,144
400,1023,0,302,1023,0,267,337,305,509,335,305,429,769,740,305,144
439,1023,0,281,1023,0,217,328,305,474,324,305,429,730,703,305,144
433,1023,0,223,1023,0,203,326,305,484,320,305,429,736,722,305,144
354,1023,0,242,1023,0,158,315,305,460,315,305,429,748,731,305,144
409,1023,0,318,1023,0,526,566,305,536,333,305,429,734,708,305,144
337,1023,0,270,1023,0,197,328,305,460,317,305,429,738,723,305,144
357,1023,0,186,1023,0,389,400,305,508,324,305,429,727,715,305,144
452,1023,0,426,1023,0,268,330,305,495,323,305,429,775,755,305,144
274,1023,0,216,1023,0,234,334,305,463,321,305,429,715,705,305,144
479,1023,0,286,1023,0,294,341,305,542,334,305,429,729,704,305,144
350,1023,0,197,1023,0,287,345,305,441,317,305,429,698,686,305,144
354,1023,0,148,1023,0,202,318,305,471,323,305,429,640,623,305,144
439,1023,0,303,1023,0,243,332,305,488,322,305,429,743,726,305,152
382,1023,0,299,1023,0,340,382,305,461,324,305,429,729,706,305,152
405,1023,0,316,1023,0,261,333,305,495,320,305,429,714,696,305,152
438,1023,0,312,1023,0,175,317,305,468,318,305,429,693,652,305,152
392,1023,0,262,1023,0,194,324,305,439,316,305,429,698,655,305,152
419,1023,0,357,1023,0,263,337,305,503,333,305,429,709,673,305,152
479,1023,0,248,1023,0,243,328,305,475,316,305,429,747,719,305,152
377,1023,0,244,1023,0,212,326,305,505,325,305,429,736,729,305,152
399,1023,0,330,1023,0,221,327,305,462,319,305,429,711,693,305,152
412,1023,0,307,1023,0,195,322,305,447,320,305,429,735,718,305,152
370,1023,0,294,1023,0,196,320,305,498,319,305,429,697,680,305,152
304,1023,0,247,1023,0,268,350,305,528,340,305,429,720,711,305,152
424,1023,0,550,1023,0,431,438,305,531,329,305,429,766,745,305,152
370,1023,0,241,1023,0,127,317,305,451,316,305,430,691,680,305,152
373,1023,0,321,1023,0,178,323,305,408,315,305,430,726,702,305,152
466,1023,0,308,1023,0,224,319,305,451,317,305,430,713,697,305,152
448,1023,0,428,1023,0,758,818,305,680,475,305,430,737,712,305,152
511,1023,0,517,1023,0,274,339,305,524,330,305,430,767,732,305,152
409,1023,0,344,1023,0,514,555,305,535,334,305,430,742,704,305,152
402,1023,0,259,1023,0,303,346,305,453,318,305,430,708,690,305,152
265,1023,0,333,1023,0,257,338,305,506,328,305,430,730,716,305,152
387,1023,0,174,1023,0,238,324,305,498,328,305,430,719,700,305,152
473,1023,0,661,1023,0,336,358,305,524,323,305,430,766,737,305,152
465,1023,0,401,1023,0,735,783,305,653,414,305,430,747,721,305,152
291,1023,0,170,1023,0,139,321,305,468,318,305,430,696,685,305,152
389,1023,0,327,1023,0,317,346,305,532,328,305,430,745,727,305,152
389,1023,0,285,1023,0,213,321,305,482,319,305,430,754,726,305,152
525,1023,0,577,1023,0,293,351,305,542,338,305,430,767,753,305,152
400,1023,0,259,1023,0,182,318,305,459,316,305,430,789,774,305,152
301,1023,0,261,1023,0,161,321,305,456,320,305,430,687,678,305,152
478,1023,0,349,1023,0,689,746,305,622,389,305,430,734,717,305,152
517,1023,0,449,1023,0,246,324,305,523,331,305,430,747,711,305,152
302,1023,0,198,1023,0,214,328,305,490,326,305,430,705,691,305,152
393,1023,0,186,1023,0,273,339,305,496,321,305,430,721,714,305,152
489,1023,0,453,1023,0,234,329,305,522,332,305,430,707,660,305,152
596,1023,0,469,1023,0,353,374,305,561,347,305,431,764,732,305,152
362,1023,0,268,1023,0,173,317,305,451,321,305,431,702,693,305,152
307,1023,0,296,1023,0,224,331,305,485,320,305,431,726,702,305,152
474,1023,0,279,1023,0,219,319,305,511,327,305,431,720,683,305,152
471,1023,0,512,1023,0,260,328,305,540,332,305,431,770,739,305,152
354,1023,0,209,1023,0,174,322,305,488,320,305,431,692,672,305,152
396,1023,0,298,1023,0,209,326,305,508,325,305,431,698,671,305,152
454,1023,0,342,1023,0,255,331,305,522,327,305,431,753,735,305,152
575,1023,0,536,1023,0,237,325,305,503,324,305,431,766,737,305,152
513,1023,0,570,1023,0,351,370,305,546,341,305,431,742,717,305,152
547,1023,0,284,1023,0,328,355,305,490,322,305,431,756,721,305,152
443,1023,0,523,1023,0,281,341,305,527,335,305,431,781,754,305,152
441,1023,0,441,1023,0,265,333,305,523,330,305,431,720,703,305,152
404,1023,0,422,1023,0,318,348,305,515,330,305,431,712,692,305,152
422,1023,0,348,1023,0,253,338,305,490,327,305,431,733,717,305,152
411,1023,0,386,1023,0,390,407,305,491,325,305,431,745,721,305,152
333,1023,0,289,1023,0,174,320,305,498,327,305,431,702,671,305,152
438,1023,0,378,1023,0,269,350,305,529,344,305,431,749,739,305,152
680,1023,0,419,1023,0,287,333,305,506,324,305,431,761,720,305,152
407,1023,0,318,1023,0,231,329,305,464,326,305,431,712,698,305,152
351,1023,0,225,1023,0,215,327,305,466,316,305,431,715,705,305,152
569,1023,0,618,1023,0,279,334,305,516,326,305,431,745,731,305,152
691,1023,0,442,1023,0,726,753,305,642,386,305,431,755,736,305,152
300,1023,0,320,1023,0,490,538,305,495,329,305,431,708,696,305,152
321,1023,0,201,1023,0,180,327,305,495,323,305,431,730,707,305,152
502,1023,0,504,1023,0,260,337,305,538,331,305,431,750,738,305,152
433,1023,0,372,1023,0,386,399,305,518,330,305,431,739,725,305,152
272,1023,0,267,1023,0,205,325,305,450,322,305,431,700,676,305,152
436,1023,0,576,1023,0,385,396,305,536,331,305,431,795,770,305,152
377,1023,0,248,1023,0,190,325,305,482,317,305,431,730,704,305,152
541,1023,0,248,1023,0,272,331,305,507,322,305,431,736,717,305,152
333,1023,0,187,1023,0,519,568,305,530,332,305,432,692,681,305,152
418,1023,0,376,1023,0,256,334,305,494,326,305,432,726,699,305,152
468,1023,0,313,1023,0,240,333,305,518,329,305,432,717,701,305,152
573,1023,0,397,1023,0,275,333,305,526,326,305,432,723,688,305,152
400,1023,0,307,1023,0,270,337,305,489,318,305,432,711,692,305,152
652,1023,0,565,1023,0,296,338,305,546,331,305,432,776,750,305,152
432,1023,0,307,1023,0,175,322,305,449,320,305,432,755,735,305,152
440,1023,0,328,1023,0,148,319,305,492,321,305,432,728,709,305,152
341,1023,0,254,1023,0,175,321,305,490,326,305,432,737,714,305,152
296,1023,0,567,1023,0,254,331,305,558,344,305,432,760,734,305,152
447,1023,0,348,1023,0,315,352,305,536,338,305,432,776,764,305,152
330,1023,0,236,1023,0,248,329,305,487,322,305,432,703,692,305,152
331,1023,0,171,1023,0,217,333,305,481,327,305,432,712,684,305,152
376,1023,0,274,1023,0,388,412,305,507,322,305,432,758,750,305,152
467,1023,0,293,1023,0,393,402,305,522,326,305,432,749,713,305,152
436,1023,0,297,1023,0,458,480,305,497,323,305,432,800,788,305,152
313,1023,0,271,1023,0,255,333,305,489,332,305,432,736,711,305,152
427,1023,0,440,1023,0,269,341,305,495,324,305,432,751,718,305,152
589,1023,0,429,1023,0,441,426,305,505,326,305,432,746,719,305,152
442,1023,0,339,1023,0,221,325,305,513,329,305,432,735,715,305,152
426,1023,0,345,1023,0,260,327,305,518,326,305,432,759,721,305,152
384,1023,0,255,1023,0,282,333,305,510,324,305,432,753,741,305,152
485,1023,0,355,1023,0,450,456,305,522,331,305,433,733,702,305,152
554,1023,0,543,1023,0,298,330,305,497,320,305,433,795,772,305,152
401,1023,0,260,1023,0,299,346,305,527,333,305,433,719,710,305,152
389,1023,0,386,1023,0,223,328,305,525,330,305,433,710,689,305,152
398,1023,0,308,1023,0,224,321,305,495,320,305,433,708,693,305,152
379,1023,0,203,1023,0,161,324,305,483,320,305,433,720,707,305,152
404,1023,0,243,1023,0,214,329,305,475,324,305,433,723,700,305,152
373,1023,0,356,1023,0,335,369,305,526,329,305,433,737,719,305,152
456,1023,0,255,1023,0,279,338,305,506,322,305,433,760,742,305,152
451,1023,0,319,1023,0,387,405,305,488,327,305,433,749,734,305,152
280,1023,0,276,1023,0,208,326,305,510,327,305,433,688,680,305,152
399,1023,0,204,1023,0,210,327,305,439,316,305,433,725,708,305,152
492,1023,0,440,1023,0,277,338,305,527,330,305,433,744,713,305,152
442,1023,0,313,1023,0,227,326,305,492,320,305,433,750,724,305,152
478,1023,0,277,1023,0,404,420,305,510,329,305,433,749,728,305,152
613,1023,0,654,1023,0,309,352,305,553,338,305,433,765,727,305,152
263,1023,0,136,1023,0,195,324,305,424,314,305,433,680,667,305,152
350,1023,0,276,1023,0,224,323,305,533,335,305,433,708,686,305,152
418,1023,0,316,1023,0,242,330,305,509,326,305,433,749,738,305,152
469,1023,0,416,1023,0,259,336,305,539,335,305,433,733,701,305,152
324,1023,0,155,1023,0,131,321,305,473,318,305,434,718,689,305,152
277,1023,0,189,1023,0,148,317,305,404,312,305,434,679,656,305,152
517,1023,0,318,1023,0,251,329,305,534,332,305,434,745,720,305,152
629,1023,0,557,1023,0,322,352,305,546,337,305,434,755,730,305,152
254,1023,0,143,1023,0,216,332,305,454,318,305,434,704,695,305,152
392,1023,0,315,1023,0,207,323,305,485,318,305,434,726,700,305,152
418,1023,0,426,1023,0,448,442,305,521,327,305,434,784,762,305,152
473,1023,0,373,1023,0,242,326,305,509,330,305,434,746,736,305,152
275,1023,0,224,1023,0,237,327,305,486,321,305,434,709,693,305,152
390,1023,0,306,1023,0,258,331,305,526,331,305,434,753,738,305,152
485,1023,0,295,1023,0,218,318,305,506,321,305,434,728,679,305,152
553,1023,0,619,1023,0,761,810,305,688,477,305,434,799,773,305,152
339,1023,0,347,1023,0,256,334,305,512,328,305,434,730,711,305,152
482,1023,0,489,1023,0,313,350,305,551,340,305,434,740,716,305,160
458,1023,0,394,1023,0,223,327,305,518,328,305,434,755,740,305,160
318,1023,0,218,1023,0,227,331,305,485,321,305,434,731,714,305,160
502,1023,0,354,1023,0,588,632,305,567,347,305,434,788,768,305,160
441,1023,0,441,1023,0,287,338,305,524,332,305,434,735,718,305,160
366,1023,0,315,1023,0,196,323,305,428,318,305,434,717,690,305,160
378,1023,0,249,1023,0,243,332,305,463,316,305,434,728,711,305,160
446,1023,0,365,1023,0,258,338,305,492,323,305,434,727,713,305,160
364,1023,0,341,1023,0,266,333,305,510,328,305,434,758,731,305,160
607,1023,0,280,1023,0,266,326,305,491,324,305,434,752,709,305,160
402,1023,0,189,1023,0,507,528,305,533,330,305,434,718,703,305,160
515,1023,0,444,1023,0,256,330,305,519,333,305,434,731,715,305,160
600,1023,0,295,1023,0,272,328,305,535,326,305,434,758,735,305,160
536,1023,0,393,1023,0,394,397,305,518,324,305,434,733,718,305,160
481,1023,0,325,1023,0,216,320,305,495,318,305,434,731,707,305,160
463,1023,0,490,1023,0,238,330,305,521,326,305,435,755,715,305,160
405,1023,0,448,1023,0,205,329,305,499,324,305,435,727,713,305,160
420,1023,0,282,1023,0,192,326,305,490,324,305,435,731,715,305,160
408,1023,0,181,1023,0,258,340,305,491,323,305,435,730,710,305,160
540,1023,0,416,1023,0,252,322,305,497,321,305,435,738,717,305,160
484,1023,0,211,1023,0,231,328,305,509,326,305,435,718,693,305,160
360,1023,0,145,1023,0,171,320,305,421,309,305,435,692,668,305,160
418,1023,0,253,1023,0,363,388,305,506,328,305,435,729,718,305,160
288,1023,0,165,1023,0,247,333,305,522,332,305,435,718,688,305,160
286,1023,0,146,1023,0,145,317,305,416,316,305,435,712,702,305,160
410,1023,0,282,1023,0,316,355,305,489,326,305,435,702,685,305,160
412,1023,0,396,1023,0,255,332,305,515,326,305,435,727,687,305,160
362,1023,0,260,1023,0,254,337,305,485,321,305,435,715,684,305,160
478,1023,0,284,1023,0,471,488,305,519,328,305,435,734,708,305,160
349,1023,0,253,1023,0,512,558,305,536,338,305,435,738,719,305,160
398,1023,0,285,1023,0,451,462,305,508,322,305,435,730,712,305,160
284,1023,0,132,1023,0,194,320,305,446,313,305,435,705,695,305,160
398,1023,0,241,1023,0,204,318,305,433,316,305,435,745,723,305,160
406,1023,0,281,1023,0,176,318,305,518,328,305,435,738,724,305,160
607,1023,0,533,1023,0,319,343,305,524,329,305,435,735,714,305,160
461,1023,0,415,1023,0,181,324,305,528,326,305,435,735,701,305,160
386,1023,0,228,1023,0,155,314,305,414,315,305,435,680,664,305,160
380,1023,0,196,1023,0,102,324,305,498,321,305,436,738,713,305,160
303,1023,0,178,1023,0,121,319,305,493,327,305,436,687,667,305,160
427,1023,0,355,1023,0,312,344,305,496,324,305,436,786,773,305,160
538,1023,0,520,1023,0,272,338,305,557,342,305,436,762,730,305,160
394,1023,0,419,1023,0,224,331,305,686,474,305,436,765,751,305,160
403,1023,0,230,1023,0,310,349,305,525,320,305,436,707,688,305,160
364,1023,0,218,1023,0,230,328,305,521,328,305,436,711,705,305,160
293,1023,0,326,1023,0,209,326,305,465,322,305,436,742,716,305,160
573,1023,0,400,1023,0,538,546,305,568,347,305,436,735,715,305,160
313,1023,0,124,1023,0,136,318,305,447,315,305,436,685,678,305,160
480,1023,0,320,1023,0,215,338,305,501,326,305,436,770,745,305,160
422,1023,0,293,1023,0,231,324,305,484,321,305,436,721,704,305,160
454,1023,0,402,1023,0,255,337,305,545,343,305,436,743,724,305,160
378,1023,0,187,1023,0,171,317,305,415,320,305,436,753,730,305,160
529,1023,0,255,1023,0,217,322,305,516,324,305,436,727,709,305,160
478,1023,0,315,1023,0,302,347,305,507,327,305,436,743,719,305,160
311,1023,0,346,1023,0,267,337,305,483,323,305,436,701,660,305,160
460,1023,0,312,1023,0,490,515,305,507,330,305,436,721,700,305,160
533,1023,0,648,1023,0,380,395,305,564,344,305,436,770,744,305,160
536,1023,0,584,1023,0,350,377,305,556,352,305,436,776,743,305,160
499,1023,0,334,1023,0,282,349,305,535,340,305,436,735,714,305,160
487,1023,0,495,1023,0,280,336,305,518,327,305,436,733,690,305,160
394,1023,0,216,1023,0,566,620,305,550,343,305,436,755,739,305,160
343,1023,0,243,1023,0,270,337,305,522,325,305,436,730,722,305,160
422,1023,0,386,1023,0,598,635,305,573,345,305,436,751,729,305,160
466,1023,0,360,1023,0,224,324,305,478,319,305,436,725,690,305,160
246,1023,0,195,1023,0,124,319,305,460,320,305,436,679,668,305,160
509,1023,0,420,1023,0,257,332,305,540,334,305,436,742,720,305,160
410,1023,0,433,1023,0,270,341,305,512,331,305,437,738,714,305,160
553,1023,0,377,1023,0,288,344,305,530,331,305,437,746,729,305,160
317,1023,0,163,1023,0,415,440,305,464,322,305,437,709,695,305,160
583,1023,0,501,1023,0,297,339,305,543,337,305,437,754,739,305,160
518,1023,0,474,1023,0,675,716,305,627,388,305,437,754,734,305,160
478,1023,0,439,1023,0,603,654,305,585,357,305,437,727,704,305,160
296,1023,0,232,1023,0,187,322,305,467,318,305,437,699,677,305,160
257,1023,0,154,1023,0,142,313,305,327,310,305,437,700,692,305,160
375,1023,0,396,1023,0,298,350,305,462,324,305,437,736,718,305,160
465,1023,0,378,1023,0,298,342,305,490,327,305,437,771,753,305,160
348,1023,0,270,1023,0,407,426,305,482,321,305,437,738,710,305,160
332,1023,0,130,1023,0,191,322,305,402,318,305,437,717,710,305,160
361,1023,0,167,1023,0,68,315,305,441,315,305,437,728,708,305,160
548,1023,0,382,1023,0,318,345,305,497,319,305,437,753,721,305,160
339,1023,0,277,1023,0,186,330,305,478,322,305,437,721,703,305,160
320,1023,0,181,1023,0,193,326,305,477,324,305,437,729,717,305,160
471,1023,0,313,1023,0,253,333,305,517,323,305,437,734,714,305,160
481,1023,0,364,1023,0,236,322,305,488,320,305,437,711,676,305,160
375,1023,0,306,1023,0,275,342,305,463,324,305,437,706,697,305,160
475,1023,0,454,1023,0,285,339,305,526,331,305,437,760,739,305,160
327,1023,0,418,1023,0,268,333,305,542,334,305,437,777,752,305,160
432,1023,0,519,1023,0,240,329,305,495,325,305,437,744,709,305,160
358,1023,0,258,1023,0,219,325,305,522,328,305,437,716,694,305,160
330,1023,0,532,1023,0,243,329,305,544,334,305,437,794,743,305,160
470,1023,0,312,1023,0,327,368,305,542,343,305,437,735,709,305,160
406,1023,0,361,1023,0,207,322,305,519,326,305,437,745,718,305,160
314,1023,0,448,1023,0,302,346,305,516,326,305,437,757,739,305,160
409,1023,0,532,1023,0,328,353,305,557,345,305,437,758,732,305,160
481,1023,0,539,1023,0,254,333,305,549,345,305,437,750,700,305,160
417,1023,0,267,1023,0,214,324,305,488,321,305,437,742,727,305,160
362,1023,0,186,1023,0,216,331,305,516,333,305,438,708,679,305,160
400,1023,0,551,1023,0,254,333,305,541,341,305,438,696,645,305,160
693,1023,0,557,1023,0,310,348,305,522,338,305,438,749,728,305,160
474,1023,0,441,1023,0,258,329,305,506,325,305,438,771,744,305,160
294,1023,0,207,1023,0,222,326,305,490,325,305,438,702,685,305,160
265,1023,0,318,1023,0,156,324,305,475,318,305,438,749,735,305,160
552,1023,0,399,1023,0,224,330,305,477,323,305,438,739,700,305,160
522,1023,0,396,1023,0,333,349,305,525,330,305,438,746,707,305,160
319,1023,0,351,1023,0,235,331,305,478,322,305,438,724,710,305,160
446,1023,0,270,1023,0,631,695,305,588,368,305,438,750,727,305,160
431,1023,0,329,1023,0,410,421,305,523,334,305,438,738,700,305,160
412,1023,0,363,1023,0,213,328,305,489,320,305,438,757,744,305,160
432,1023,0,444,1023,0,256,334,305,524,331,305,438,720,678,305,160
412,1023,0,265,1023,0,198,317,305,477,319,305,438,722,693,305,160
359,1023,0,340,1023,0,258,338,305,481,324,305,438,738,718,305,160
396,1023,0,490,1023,0,236,331,305,644,443,305,438,740,720,305,160
416,1023,0,345,1023,0,702,763,305,631,401,305,438,727,704,305,160
366,1023,0,270,1023,0,271,345,305,487,325,305,438,732,710,305,160
445,1023,0,448,1023,0,226,328,305,546,335,305,438,740,704,305,160
413,1023,0,305,1023,0,264,332,305,521,333,305,438,743,714,305,160
405,1023,0,259,1023,0,301,356,305,515,337,305,438,739,723,305,160
381,1023,0,163,1023,0,460,497,305,489,326,305,438,723,696,305,160
442,1023,0,321,1023,0,165,321,305,514,322,305,438,773,749,305,160
648,1023,0,747,1023,0,576,585,305,604,360,305,438,831,804,305,160
492,1023,0,403,1023,0,269,334,305,522,333,305,439,727,713,305,160
453,1023,0,410,1023,0,301,344,305,512,327,305,439,723,701,305,160
462,1023,0,314,1023,0,230,330,305,510,324,305,439,765,740,305,160
541,1023,0,361,1023,0,241,329,305,526,326,305,439,714,694,305,160
346,1023,0,239,1023,0,223,323,305,491,322,305,439,708,689,305,160
449,1023,0,263,1023,0,217,323,305,474,323,305,439,741,727,305,160
536,1023,0,394,1023,0,242,328,305,535,325,305,439,749,717,305,160
465,1023,0,361,1023,0,294,342,305,528,335,305,439,690,678,305,160
415,1023,0,310,1023,0,309,351,305,554,345,305,439,754,709,305,160
421,1023,0,405,1023,0,381,394,305,494,320,305,439,756,737,305,160
410,1023,0,272,1023,0,453,477,305,530,330,305,439,746,730,305,160
331,1023,0,205,1023,0,212,329,305,498,328,305,439,715,707,305,160
230,1023,0,155,1023,0,55,318,305,507,329,305,439,663,638,305,160
246,1023,0,160,1023,0,338,370,305,537,338,305,439,724,703,305,160
344,1023,0,165,1023,0,221,325,305,478,319,305,439,711,701,305,168
499,1023,0,442,1023,0,323,352,305,558,341,305,439,723,701,305,168
319,1023,0,288,1023,0,334,362,305,510,327,305,439,751,731,305,168
328,1023,0,231,1023,0,163,322,305,445,321,305,439,732,707,305,168
437,1023,0,272,1023,0,562,605,305,540,336,305,439,731,718,305,168
393,1023,0,262,1023,0,338,360,305,499,327,305,439,725,690,305,168
372,1023,0,242,1023,0,472,492,305,533,338,305,439,716,687,305,168
563,1023,0,518,1023,0,294,345,305,534,337,305,439,772,752,305,168
691,1023,0,507,1023,0,363,370,305,571,354,305,439,770,739,305,168
598,1023,0,834,1023,0,325,359,305,546,341,305,439,797,761,305,168
446,1023,0,310,1023,0,509,535,305,536,335,305,439,704,686,305,168
509,1023,0,412,1023,0,286,350,305,527,332,305,439,741,692,305,168
259,1023,0,198,1023,0,143,320,305,477,321,305,439,738,730,305,168
667,1023,0,720,1023,0,348,352,305,565,333,305,439,776,750,305,168
579,1023,0,477,1023,0,268,333,305,524,326,305,439,758,743,305,168
396,1023,0,168,1023,0,334,362,305,532,331,305,439,707,681,305,168
368,1023,0,217,1023,0,201,324,305,484,321,305,440,736,725,305,168
483,1023,0,464,1023,0,408,405,305,545,336,305,440,744,681,305,168
658,1023,0,603,1023,0,281,325,305,550,331,305,440,791,698,305,168
552,1023,0,486,1023,0,289,336,305,524,324,305,440,761,723,305,168
702,1023,0,663,1023,0,312,352,305,565,345,305,440,809,758,305,168
475,1023,0,433,1023,0,291,343,305,558,345,305,440,766,730,305,168
394,1023,0,194,1023,0,230,330,305,495,318,305,440,717,692,305,168
444,1023,0,346,1023,0,259,334,305,488,319,305,440,753,729,305,168
530,1023,0,418,1023,0,206,330,305,545,336,305,440,763,721,305,168
347,1023,0,427,1023,0,293,345,305,524,332,305,440,769,741,305,168
424,1023,0,347,1023,0,698,762,305,630,406,305,440,769,742,305,168
539,1023,0,444,1023,0,297,345,305,521,336,305,440,757,740,305,168
410,1023,0,387,1023,0,232,333,305,493,329,305,440,705,678,305,168
390,1023,0,360,1023,0,250,329,305,501,325,305,440,690,673,305,168
558,1023,0,417,1023,0,264,335,305,527,334,305,440,743,725,305,168
453,1023,0,381,1023,0,275,339,305,531,340,305,440,731,689,305,168
385,1023,0,171,1023,0,137,317,305,418,314,305,440,693,667,305,168
329,1023,0,226,1023,0,188,324,305,484,322,305,440,704,680,305,168
576,1023,0,360,1023,0,263,334,305,508,326,305,440,754,738,305,168
385,1023,0,281,1023,0,207,320,305,458,314,305,440,760,749,305,168
468,1023,0,296,1023,0,237,324,305,504,322,305,440,767,726,305,168
444,1023,0,484,1023,0,642,699,305,604,374,305,440,770,728,305,168
503,1023,0,439,1023,0,281,342,305,512,325,305,440,730,687,305,168
346,1023,0,326,1023,0,215,326,305,506,329,305,440,750,737,305,168
410,1023,0,211,1023,0,185,324,305,483,321,305,440,765,749,305,168
466,1023,0,441,1023,0,763,818,305,679,464,305,440,719,701,305,168
377,1023,0,154,1023,0,233,327,305,454,327,305,440,707,691,305,168
404,1023,0,267,1023,0,275,348,305,524,338,305,441,732,716,305,168
473,1023,0,301,1023,0,209,322,305,493,319,305,441,734,697,305,168
437,1023,0,373,1023,0,284,338,305,487,324,305,441,738,690,305,168
393,1023,0,407,1023,0,240,328,305,530,333,305,441,725,706,305,168
372,1023,0,319,1023,0,222,326,305,498,320,305,441,730,714,305,168
365,1023,0,289,1023,0,200,325,305,457,321,305,441,777,763,305,168
367,1023,0,387,1023,0,492,521,305,544,339,305,441,730,708,305,168
612,1023,0,552,1023,0,263,339,305,541,336,305,441,742,726,305,168
301,1023,0,186,1023,0,170,324,305,469,321,305,441,687,667,305,168
363,1023,0,221,1023,0,223,327,305,458,323,305,441,708,675,305,168
584,1023,0,555,1023,0,675,708,305,635,384,305,441,789,769,305,168
453,1023,0,276,1023,0,308,351,305,516,329,305,441,725,688,305,168
458,1023,0,305,1023,0,244,323,305,491,323,305,441,743,711,305,168
303,1023,0,193,1023,0,187,323,305,447,316,305,441,686,677,305,168
419,1023,0,335,1023,0,316,359,305,540,340,305,441,747,729,305,168
315,1023,0,181,1023,0,263,338,305,476,324,305,441,721,708,305,168
498,1023,0,311,1023,0,259,330,305,490,321,305,441,725,703,305,168
267,1023,0,240,1023,0,222,329,305,471,322,305,441,720,699,305,168
386,1023,0,493,1023,0,396,411,305,518,332,305,441,706,669,305,168
282,1023,0,173,1023,0,208,328,305,360,312,305,441,714,693,305,168
405,1023,0,361,1023,0,755,803,305,670,442,305,441,745,714,305,168
348,1023,0,247,1023,0,345,379,305,516,325,305,441,740,721,305,168
523,1023,0,520,1023,0,283,335,305,536,328,305,441,755,726,305,168
522,1023,0,428,1023,0,285,337,305,535,333,305,441,741,723,305,168
425,1023,0,259,1023,0,423,417,305,492,321,305,441,726,697,305,168
325,1023,0,135,1023,0,151,320,305,436,317,305,441,696,655,305,168
326,1023,0,188,1023,0,154,322,305,443,319,305,441,694,669,305,168
503,1023,0,755,1023,0,276,339,305,537,327,305,441,752,720,305,168
444,1023,0,298,1023,0,193,320,305,475,316,305,441,739,726,305,168
437,1023,0,373,1023,0,293,353,305,541,345,305,441,705,682,305,168
298,1023,0,248,1023,0,186,323,305,480,321,305,442,741,721,305,168
466,1023,0,253,1023,0,237,325,305,487,318,305,442,740,730,305,168
340,1023,0,185,1023,0,160,315,305,474,315,305,442,736,725,305,168
452,1023,0,234,1023,0,216,324,305,488,322,305,442,713,694,305,168
385,1023,0,219,1023,0,180,323,305,467,320,305,442,703,659,305,168
437,1023,0,465,1023,0,251,324,305,529,326,305,442,734,712,305,168
436,1023,0,307,1023,0,242,324,305,513,324,305,442,692,665,305,168
509,1023,0,442,1023,0,285,337,305,501,325,305,442,769,726,305,168
482,1023,0,382,1023,0,273,339,305,538,334,305,442,754,731,305,168
416,1023,0,238,1023,0,201,324,305,474,318,305,442,747,734,305,168
391,1023,0,221,1023,0,228,326,305,493,319,305,442,728,710,305,168
316,1023,0,217,1023,0,270,338,305,515,331,305,442,717,708,305,168
469,1023,0,366,1023,0,361,376,305,510,328,305,442,721,688,305,168
466,1023,0,445,1023,0,252,330,305,549,341,305,442,753,734,305,168
360,1023,0,340,1023,0,281,332,305,533,331,305,442,714,687,305,168
257,1023,0,163,1023,0,176,326,305,474,321,305,442,685,673,305,168
316,1023,0,139,1023,0,136,321,305,461,317,305,442,699,695,305,168
290,1023,0,168,1023,0,160,318,305,0,310,305,442,649,637,305,168
744,1023,0,505,1023,0,336,352,305,562,338,305,442,758,711,305,168
466,1023,0,311,1023,0,234,326,305,516,326,305,442,686,629,305,168
468,1023,0,418,1023,0,249,333,305,513,331,305,442,746,714,305,168
380,1023,0,291,1023,0,198,324,305,422,316,305,442,731,707,305,168
627,1023,0,746,1023,0,302,341,305,546,333,305,442,751,694,305,168
407,1023,0,341,1023,0,306,363,305,500,323,305,442,719,704,305,168
714,1023,0,511,1023,0,479,455,305,570,340,305,442,750,694,305,168
445,1023,0,513,1023,0,329,360,305,564,342,305,442,736,686,305,168
595,1023,0,386,1023,0,255,329,305,506,320,305,442,803,740,305,168
367,1023,0,234,1023,0,214,317,305,446,312,305,443,695,675,305,168
468,1023,0,430,1023,0,272,333,305,487,328,305,443,728,695,305,168
647,1023,0,427,1023,0,396,403,305,557,336,305,443,780,704,305,168
412,1023,0,426,1023,0,307,353,305,521,330,305,443,778,762,305,168
409,1023,0,296,1023,0,312,350,305,504,324,305,443,741,708,305,168
343,1023,0,199,1023,0,374,398,305,489,325,305,443,719,700,305,168
300,1023,0,313,1023,0,275,344,305,510,332,305,443,758,730,305,168
367,1023,0,211,1023,0,263,335,305,507,328,305,443,673,648,305,168
509,1023,0,519,1023,0,271,335,305,554,334,305,443,767,746,305,168
301,1023,0,137,1023,0,223,326,305,342,315,305,443,682,658,305,168
422,1023,0,335,1023,0,255,328,305,496,321,305,443,749,715,305,168
305,1023,0,445,1023,0,280,338,305,528,332,305,443,742,720,305,168
569,1023,0,599,1023,0,296,342,305,508,327,305,443,768,731,305,168
292,1023,0,401,1023,0,316,362,305,543,344,305,443,689,665,305,168
424,1023,0,234,1023,0,243,328,305,489,324,305,443,717,697,305,168
419,1023,0,313,1023,0,265,331,305,488,325,305,443,706,691,305,168
381,1023,0,235,1023,0,463,491,305,510,331,305,443,715,696,305,168
312,1023,0,233,1023,0,178,321,305,457,318,305,443,716,698,305,168
383,1023,0,330,1023,0,222,325,305,515,333,305,443,717,703,305,168
405,1023,0,283,1023,0,257,334,305,486,329,305,443,768,751,305,168
515,1023,0,415,1023,0,272,329,305,534,327,305,443,727,696,305,168
352,1023,0,331,1023,0,206,322,305,509,322,305,443,725,715,305,168
393,1023,0,327,1023,0,205,327,305,485,322,305,443,725,695,305,168
409,1023,0,273,1023,0,219,322,305,481,322,305,444,716,679,305,168
367,1023,0,201,1023,0,192,321,305,462,317,305,444,703,692,305,168
438,1023,0,243,1023,0,250,331,305,501,326,305,444,698,666,305,168
402,1023,0,215,1023,0,281,347,305,519,333,305,444,709,692,305,168
362,1023,0,245,1023,0,519,570,305,544,336,305,444,718,701,305,168
307,1023,0,303,1023,0,198,328,305,662,461,305,444,731,708,305,168
482,1023,0,277,1023,0,212,328,305,482,320,305,444,738,718,305,168
223,1023,0,172,1023,0,175,316,305,461,318,305,444,713,702,305,168
688,1023,0,584,1023,0,310,351,305,543,331,305,444,790,761,305,168
485,1023,0,283,1023,0,203,327,305,463,320,305,444,743,714,305,168
318,1023,0,251,1023,0,270,341,305,532,340,305,444,737,730,305,168
410,1023,0,270,1023,0,285,341,305,522,328,305,444,733,722,305,168
360,1023,0,249,1023,0,230,324,305,517,333,305,444,754,737,305,168
415,1023,0,393,1023,0,203,320,305,419,317,305,444,731,701,305,168
435,1023,0,248,1023,0,419,424,305,475,319,305,444,734,704,305,168
567,1023,0,497,1023,0,244,333,305,529,333,305,444,781,741,305,168
407,1023,0,301,1023,0,203,323,305,471,319,305,444,704,684,305,168
364,1023,0,266,1023,0,172,316,305,356,313,305,444,715,677,305,176
390,1023,0,295,1023,0,269,341,305,510,328,305,444,760,732,305,176
344,1023,0,254,1023,0,210,325,305,503,331,305,444,715,687,305,176
402,1023,0,308,1023,0,232,322,305,510,331,305,444,727,695,305,176
406,1023,0,339,1023,0,222,325,305,493,325,305,444,732,708,305,176
438,1023,0,457,1023,0,243,326,305,505,325,305,444,786,767,305,176
335,1023,0,283,1023,0,240,331,305,496,321,305,444,730,720,305,176
356,1023,0,200,1023,0,200,324,305,413,317,305,444,728,705,305,176
469,1023,0,380,1023,0,250,329,305,505,327,305,444,742,730,305,176
384,1023,0,192,1023,0,175,323,305,501,318,305,444,730,718,305,176
424,1023,0,250,1023,0,340,358,305,510,327,305,445,733,715,305,176
495,1023,0,341,1023,0,211,327,305,506,336,305,445,754,723,305,176
307,1023,0,160,1023,0,235,334,305,506,329,305,445,713,696,305,176
385,1023,0,231,1023,0,230,326,305,471,317,305,445,724,684,305,176
404,1023,0,405,1023,0,236,326,305,478,318,305,445,746,717,305,176
646,1023,0,495,1023,0,748,774,305,670,414,305,445,768,735,305,176
441,1023,0,325,1023,0,302,339,305,513,326,305,445,735,700,305,176
484,1023,0,389,1023,0,280,336,305,507,328,305,445,718,696,305,176
577,1023,0,792,1023,0,374,376,305,545,331,305,445,758,726,305,176
394,1023,0,326,1023,0,184,319,305,499,326,305,445,751,729,305,176
367,1023,0,250,1023,0,205,318,305,490,318,305,445,709,685,305,176
369,1023,0,271,1023,0,227,333,305,462,318,305,445,691,657,305,176
397,1023,0,304,1023,0,361,386,305,532,333,305,445,709,701,305,176
607,1023,0,392,1023,0,302,349,305,537,338,305,445,783,751,305,176
618,1023,0,632,1023,0,735,764,305,670,423,305,445,816,774,305,176
499,1023,0,390,1023,0,298,343,305,521,323,305,445,739,712,305,176
313,1023,0,240,1023,0,247,335,305,535,332,305,445,710,697,305,176
540,1023,0,278,1023,0,259,328,305,507,320,305,445,763,750,305,176
467,1023,0,322,1023,0,170,320,305,483,321,305,445,748,728,305,176
395,1023,0,329,1023,0,290,340,305,526,332,305,445,752,727,305,176
645,1023,0,630,1023,0,322,343,305,535,336,305,445,780,752,305,176
656,1023,0,493,1023,0,345,360,305,559,341,305,445,781,747,305,176
508,1023,0,389,1023,0,309,356,305,535,339,305,445,733,713,305,176
450,1023,0,231,1023,0,185,317,305,486,315,305,445,708,691,305,176
392,1023,0,154,1023,0,93,311,305,389,315,305,445,714,700,305,176
351,1023,0,204,1023,0,236,328,305,515,317,305,446,705,691,305,176
423,1023,0,392,1023,0,402,410,305,510,321,305,446,725,695,305,176
443,1023,0,452,1023,0,200,328,305,506,324,305,446,734,717,305,176
438,1023,0,290,1023,0,309,341,305,507,325,305,446,717,670,305,176
368,1023,0,250,1023,0,163,320,305,491,321,305,446,707,673,305,176
337,1023,0,277,1023,0,266,331,305,439,318,305,446,698,672,305,176
298,1023,0,373,1023,0,345,367,305,592,357,305,446,771,713,305,176
287,1023,0,229,1023,0,792,868,305,694,524,305,446,722,707,305,176
555,1023,0,457,1023,0,564,578,305,573,346,305,446,773,733,305,176
337,1023,0,230,1023,0,263,332,305,491,324,305,446,727,704,305,176
359,1023,0,245,1023,0,177,327,305,504,328,305,446,690,666,305,176
387,1023,0,281,1023,0,250,326,305,486,322,305,446,749,731,305,176
405,1023,0,311,1023,0,250,331,305,513,329,305,446,735,704,305,176
619,1023,0,711,1023,0,461,454,305,562,343,305,446,744,721,305,176
279,1023,0,217,1023,0,203,329,305,513,323,305,446,697,678,305,176
344,1023,0,329,1023,0,167,332,305,518,330,305,446,778,754,305,176
444,1023,0,439,1023,0,242,331,305,536,337,305,446,749,738,305,176
355,1023,0,363,1023,0,367,384,305,472,321,305,446,747,728,305,176
584,1023,0,708,1023,0,316,345,305,551,339,305,446,786,749,305,176
364,1023,0,282,1023,0,145,316,305,408,321,305,446,715,692,305,176
261,1023,0,144,1023,0,84,322,305,478,318,305,446,694,684,305,176
428,1023,0,249,1023,0,231,330,305,500,322,305,446,760,746,305,176
507,1023,0,399,1023,0,289,339,305,477,322,305,446,728,693,305,176
331,1023,0,232,1023,0,187,329,305,491,320,305,446,696,685,305,176
412,1023,0,291,1023,0,238,331,305,506,325,305,446,734,707,305,176
440,1023,0,412,1023,0,296,346,305,524,333,305,446,722,706,305,176
531,1023,0,367,1023,0,239,331,305,471,324,305,447,779,740,305,176
304,1023,0,152,1023,0,585,654,305,567,353,305,447,693,676,305,176
394,1023,0,262,1023,0,236,329,305,456,316,305,447,706,675,305,176
437,1023,0,241,1023,0,144,317,305,449,320,305,447,718,682,305,176
342,1023,0,274,1023,0,184,315,305,481,319,305,447,715,700,305,176
377,1023,0,367,1023,0,357,380,305,531,332,305,447,751,710,305,176
543,1023,0,463,1023,0,214,320,305,503,319,305,447,746,719,305,176
277,1023,0,167,1023,0,188,323,305,510,324,305,447,678,656,305,176
356,1023,0,268,1023,0,270,340,305,493,325,305,447,726,706,305,176
374,1023,0,372,1023,0,189,324,305,543,334,305,447,674,647,305,176
452,1023,0,270,1023,0,212,322,305,463,317,305,447,758,743,305,176
330,1023,0,252,1023,0,228,326,305,463,322,305,447,763,731,305,176
430,1023,0,225,1023,0,207,324,305,436,318,305,447,713,699,305,176
275,1023,0,130,1023,0,107,311,305,431,313,305,447,653,635,305,176
416,1023,0,279,1023,0,172,318,305,475,325,305,447,746,722,305,176
381,1023,0,302,1023,0,301,353,305,479,329,305,447,683,666,305,176
321,1023,0,238,1023,0,253,328,305,490,323,305,447,728,718,305,176
393,1023,0,329,1023,0,292,342,305,507,328,305,447,755,701,305,176
545,1023,0,436,1023,0,263,339,305,512,328,305,447,743,723,305,176
322,1023,0,163,1023,0,169,315,305,361,310,305,447,727,719,305,176
271,1023,0,118,1023,0,178,319,305,462,318,305,447,708,697,305,176
426,1023,0,356,1023,0,279,339,305,521,331,305,447,752,722,305,176
492,1023,0,407,1023,0,283,344,305,521,331,305,447,741,722,305,176
516,1023,0,523,1023,0,315,345,305,534,336,305,447,760,734,305,176
388,1023,0,339,1023,0,234,330,305,499,329,305,447,724,705,305,176
500,1023,0,352,1023,0,223,321,305,541,334,305,447,739,705,305,176
443,1023,0,289,1023,0,216,326,305,462,321,305,447,725,691,305,176
363,1023,0,256,1023,0,208,324,305,440,317,305,447,760,748,305,176
287,1023,0,149,1023,0,206,319,305,421,317,305,447,699,688,305,176
465,1023,0,332,1023,0,280,339,305,485,325,305,447,751,723,305,176
314,1023,0,130,1023,0,73,312,305,401,312,305,448,644,635,305,176
387,1023,0,396,1023,0,250,329,305,512,328,305,448,700,654,305,176
459,1023,0,341,1023,0,274,332,305,520,329,305,448,740,728,305,176
685,1023,0,554,1023,0,272,330,305,513,322,305,448,763,743,305,176
342,1023,0,193,1023,0,151,316,305,434,322,305,448,712,696,305,176
557,1023,0,682,1023,0,308,342,305,543,334,305,448,749,718,305,176
336,1023,0,208,1023,0,167,320,305,447,317,305,448,710,697,305,176
468,1023,0,429,1023,0,290,334,305,533,335,305,448,767,700,305,176
381,1023,0,268,1023,0,187,319,305,447,315,305,448,700,679,305,176
376,1023,0,227,1023,0,175,311,305,470,316,305,448,707,692,305,176
389,1023,0,349,1023,0,225,333,305,497,328,305,448,735,705,305,176
402,1023,0,272,1023,0,429,440,305,472,317,305,448,763,731,305,176
583,1023,0,692,1023,0,306,345,305,578,352,305,448,808,784,305,176
361,1023,0,247,1023,0,216,321,305,429,315,305,448,716,683,305,176
365,1023,0,430,1023,0,218,331,305,526,335,305,448,727,700,305,176
376,1023,0,408,1023,0,244,337,305,538,338,305,448,757,742,305,176
473,1023,0,403,1023,0,248,336,305,518,328,305,448,729,705,305,176
377,1023,0,237,1023,0,400,431,305,467,324,305,448,698,685,305,176
493,1023,0,244,1023,0,265,339,305,504,330,305,448,720,702,305,176
553,1023,0,410,1023,0,263,331,305,520,328,305,448,737,716,305,176
440,1023,0,391,1023,0,477,497,305,556,344,305,448,701,678,305,176
346,1023,0,202,1023,0,175,324,305,459,316,305,448,721,708,305,176
330,1023,0,177,1023,0,138,317,305,458,317,305,448,729,716,305,176
443,1023,0,327,1023,0,263,334,305,499,321,305,448,745,723,305,176
375,1023,0,342,1023,0,219,326,305,507,326,305,448,716,698,305,176
299,1023,0,341,1023,0,260,330,305,516,333,305,449,713,699,305,176
695,1023,0,663,1023,0,321,347,305,556,336,305,449,772,743,305,176
537,1023,0,544,1023,0,308,357,305,533,341,305,449,761,747,305,176
470,1023,0,513,1023,0,316,358,305,555,346,305,449,763,744,305,176
297,1023,0,140,1023,0,133,314,305,428,314,305,449,711,688,305,176
467,1023,0,702,1023,0,314,355,305,542,340,305,449,773,751,305,176
403,1023,0,357,1023,0,314,359,305,543,343,305,449,716,697,305,176
334,1023,0,159,1023,0,242,331,305,493,326,305,449,735,727,305,176
537,1023,0,789,1023,0,316,346,305,569,343,305,449,766,737,305,176
348,1023,0,402,1023,0,190,326,305,536,332,305,449,718,693,305,176
433,1023,0,475,1023,0,741,788,305,655,420,305,449,738,706,305,176
400,1023,0,234,1023,0,182,326,305,436,313,305,449,721,696,305,176
296,1023,0,155,1023,0,240,337,305,497,332,305,449,698,688,305,176
534,1023,0,414,1023,0,205,325,305,528,328,305,449,748,732,305,176
360,1023,0,195,1023,0,189,318,305,423,317,305,449,711,696,305,176
404,1023,0,390,1023,0,318,350,305,502,331,305,449,743,727,305,176
375,1023,0,288,1023,0,800,856,305,697,507,305,449,706,687,305,176
480,1023,0,415,1023,0,337,358,305,547,340,305,449,753,731,305,176
411,1023,0,322,1023,0,249,333,305,509,327,305,449,772,759,305,176
300,1023,0,215,1023,0,271,340,305,515,328,305,449,735,708,305,176
425,1023,0,227,1023,0,282,339,305,355,317,305,449,729,712,305,176
421,1023,0,245,1023,0,260,337,305,503,321,305,449,752,732,305,176
387,1023,0,320,1023,0,185,316,305,512,327,305,449,715,702,305,176
567,1023,0,392,1023,0,450,457,305,539,337,305,449,742,723,305,176
317,1023,0,182,1023,0,477,528,305,486,322,305,449,687,669,305,176
395,1023,0,434,1023,0,256,326,305,574,347,305,449,710,685,305,176
362,1023,0,148,1023,0,241,342,305,511,333,305,450,693,668,305,176
240,1023,0,209,1023,0,251,338,305,499,329,305,450,712,703,305,176
493,1023,0,335,1023,0,231,328,305,490,328,305,450,732,700,305,176
351,1023,0,249,1023,0,250,330,305,462,318,305,450,736,726,305,176
305,1023,0,185,1023,0,157,322,305,435,317,305,450,720,711,305,176
470,1023,0,425,1023,0,204,329,305,448,317,305,450,733,716,305,176
513,1023,0,395,1023,0,494,499,305,528,337,305,450,732,713,305,176
509,1023,0,509,1023,0,321,356,305,531,341,305,450,759,738,305,176
345,1023,0,338,1023,0,191,325,305,543,334,305,450,811,787,305,184
520,1023,0,460,1023,0,712,759,305,650,411,305,450,775,754,305,184
521,1023,0,234,1023,0,396,406,305,520,330,305,450,728,716,305,184
292,1023,0,160,1023,0,262,339,305,459,315,305,450,713,694,305,184
429,1023,0,366,1023,0,275,337,305,516,331,305,450,773,762,305,184
459,1023,0,366,1023,0,233,330,305,489,322,305,450,749,694,305,184
369,1023,0,308,1023,0,230,327,305,485,323,305,450,717,686,305,184
345,1023,0,197,1023,0,186,325,305,488,326,305,450,723,699,305,184
303,1023,0,261,1023,0,405,424,305,504,327,305,450,719,698,305,184
342,1023,0,351,1023,0,330,373,305,530,333,305,450,714,688,305,184
529,1023,0,359,1023,0,317,351,305,533,330,305,450,735,712,305,184
431,1023,0,406,1023,0,284,341,305,531,336,305,450,730,693,305,184
449,1023,0,365,1023,0,505,535,305,551,340,305,450,741,714,305,184
266,1023,0,152,1023,0,162,318,305,614,387,305,450,705,697,305,184
393,1023,0,208,1023,0,172,323,305,456,320,305,450,706,681,305,184
374,1023,0,291,1023,0,204,322,305,455,319,305,451,720,700,305,184
455,1023,0,281,1023,0,430,417,305,506,328,305,451,733,714,305,184
283,1023,0,197,1023,0,251,342,305,460,315,305,451,723,712,305,184
504,1023,0,509,1023,0,271,342,305,520,334,305,451,768,730,305,184
482,1023,0,387,1023,0,574,616,305,577,351,305,451,735,707,305,184
512,1023,0,362,1023,0,578,625,305,558,347,305,451,765,748,305,184
428,1023,0,215,1023,0,152,320,305,449,321,305,451,702,687,305,184
483,1023,0,567,1023,0,474,491,305,552,339,305,451,766,738,305,184
402,1023,0,445,1023,0,771,824,305,678,466,305,451,749,732,305,184
559,1023,0,548,1023,0,330,359,305,536,337,305,451,731,688,305,184
511,1023,0,500,1023,0,249,332,305,513,331,305,451,741,714,305,184
322,1023,0,176,1023,0,134,313,305,457,320,305,451,710,685,305,184
459,1023,0,289,1023,0,274,339,305,501,323,305,451,711,691,305,184
383,1023,0,236,1023,0,254,334,305,522,335,305,451,720,704,305,184
581,1023,0,582,1023,0,271,329,305,540,331,305,451,764,739,305,184
326,1023,0,157,1023,0,106,319,305,452,315,305,451,705,698,305,184
386,1023,0,214,1023,0,192,324,305,447,318,305,451,736,719,305,184
363,1023,0,227,1023,0,249,325,305,489,324,305,451,747,735,305,184
475,1023,0,383,1023,0,312,350,305,515,327,305,451,730,700,305,184
340,1023,0,347,1023,0,190,318,305,510,326,305,451,707,696,305,184
344,1023,0,230,1023,0,282,346,305,524,335,305,451,704,685,305,184
458,1023,0,280,1023,0,210,328,305,510,330,305,451,734,710,305,184
326,1023,0,212,1023,0,136,318,305,437,314,305,451,680,662,305,184
429,1023,0,344,1023,0,155,320,305,492,323,305,452,715,664,305,184
489,1023,0,385,1023,0,251,335,305,524,331,305,452,723,707,305,184
540,1023,0,292,1023,0,431,437,305,496,327,305,452,765,752,305,184
352,1023,0,223,1023,0,538,589,305,547,344,305,452,771,758,305,184
520,1023,0,360,1023,0,300,343,305,500,318,305,452,749,732,305,184
376,1023,0,275,1023,0,254,334,305,516,327,305,452,722,689,305,184
462,1023,0,345,1023,0,227,325,305,504,325,305,452,746,733,305,184
469,1023,0,362,1023,0,257,330,305,522,329,305,452,745,709,305,184
468,1023,0,419,1023,0,229,326,305,509,323,305,452,745,725,305,184
422,1023,0,210,1023,0,186,318,305,400,311,305,452,697,675,305,184
457,1023,0,365,1023,0,250,329,305,527,333,305,452,733,695,305,184
679,1023,0,500,1023,0,324,347,305,545,333,305,452,751,728,305,184
502,1023,0,287,1023,0,299,347,305,544,340,305,452,730,715,305,184
321,1023,0,180,1023,0,135,319,305,316,315,305,452,683,672,305,184
372,1023,0,215,1023,0,327,359,305,457,321,305,452,702,692,305,184
509,1023,0,209,1023,0,234,326,305,489,322,305,452,712,689,305,184
387,1023,0,330,1023,0,335,371,305,558,347,305,452,737,718,305,184
293,1023,0,155,1023,0,407,445,305,498,323,305,452,689,670,305,184
370,1023,0,164,1023,0,220,326,305,468,323,305,452,694,679,305,184
289,1023,0,316,1023,0,260,335,305,496,327,305,452,716,705,305,184
338,1023,0,313,1023,0,261,339,305,513,333,305,452,738,710,305,184
375,1023,0,311,1023,0,208,329,305,551,343,305,452,717,707,305,184
384,1023,0,394,1023,0,454,476,305,543,338,305,452,747,723,305,184
350,1023,0,174,1023,0,138,318,305,451,317,305,452,714,697,305,184
302,1023,0,167,1023,0,213,325,305,489,322,305,452,704,696,305,184
453,1023,0,339,1023,0,298,340,305,502,325,305,452,741,716,305,184
392,1023,0,368,1023,0,220,327,305,499,324,305,452,727,699,305,184
474,1023,0,262,1023,0,194,323,305,432,315,305,452,734,698,305,184
433,1023,0,268,1023,0,221,322,305,479,320,305,452,718,704,305,184
650,1023,0,592,1023,0,275,340,305,539,331,305,452,752,700,305,184
396,1023,0,303,1023,0,265,337,305,506,323,305,452,720,704,305,184
471,1023,0,425,1023,0,262,327,305,532,327,305,452,741,718,305,184
347,1023,0,209,1023,0,221,328,305,487,322,305,453,693,682,305,184
391,1023,0,256,1023,0,214,323,305,510,325,305,453,735,723,305,184
410,1023,0,265,1023,0,216,325,305,405,317,305,453,728,686,305,184
395,1023,0,275,1023,0,232,326,305,492,317,305,453,733,720,305,184
465,1023,0,386,1023,0,603,662,305,578,358,305,453,709,687,305,184
307,1023,0,200,1023,0,157,317,305,467,323,305,453,712,701,305,184
428,1023,0,516,1023,0,267,344,305,525,335,305,453,759,734,305,184
517,1023,0,479,1023,0,744,802,305,665,453,305,453,769,737,305,184
456,1023,0,297,1023,0,184,316,305,433,316,305,453,716,702,305,184
338,1023,0,358,1023,0,382,396,305,544,339,305,453,701,688,305,184
416,1023,0,281,1023,0,262,340,305,528,332,305,453,711,683,305,184
338,1023,0,192,1023,0,230,324,305,454,313,305,453,734,722,305,184
362,1023,0,238,1023,0,190,328,305,485,323,305,453,699,663,305,184
514,1023,0,288,1023,0,386,386,305,500,322,305,453,753,712,305,184
395,1023,0,201,1023,0,174,324,305,473,320,305,453,754,733,305,184
451,1023,0,355,1023,0,288,347,305,523,331,305,453,740,712,305,184
514,1023,0,377,1023,0,325,360,305,521,331,305,453,726,706,305,184
421,1023,0,303,1023,0,379,398,305,534,338,305,453,739,730,305,184
506,1023,0,304,1023,0,204,324,305,519,329,305,453,737,721,305,184
443,1023,0,443,1023,0,486,510,305,557,345,305,453,742,722,305,184
359,1023,0,236,1023,0,264,340,305,498,322,305,453,705,672,305,184
435,1023,0,444,1023,0,290,352,305,514,337,305,453,745,731,305,184
337,1023,0,193,1023,0,97,317,305,388,314,305,453,731,712,305,184
306,1023,0,95,977,0,126,315,305,0,308,305,453,668,659,305,184
314,1023,0,199,1023,0,148,317,305,293,310,305,453,658,637,305,184
265,1023,0,157,1023,0,225,328,305,452,323,305,453,718,713,305,184
517,1023,0,427,1023,0,271,335,305,528,330,305,453,722,707,305,184
602,1023,0,448,1023,0,350,355,305,553,335,305,454,755,726,305,184
288,1023,0,238,1023,0,299,351,305,544,344,305,454,741,728,305,184
392,1023,0,209,1023,0,218,324,305,466,325,305,454,740,727,305,184
274,1023,0,145,1023,0,199,323,305,473,323,305,454,713,705,305,184
450,1023,0,281,1023,0,589,650,305,579,358,305,454,719,697,305,184
281,1023,0,168,1023,0,175,321,305,453,314,305,454,682,673,305,184
515,1023,0,497,1023,0,307,356,305,559,342,305,454,745,712,305,184
711,1023,0,739,1023,0,606,624,305,620,373,305,454,794,748,305,184
505,1023,0,358,1023,0,515,504,305,567,330,305,454,749,718,305,184
521,1023,0,415,1023,0,283,341,305,509,330,305,454,763,730,305,184
507,1023,0,293,1023,0,201,335,305,486,327,305,454,740,719,305,184
417,1023,0,390,1023,0,296,347,305,531,331,305,454,716,679,305,184
439,1023,0,378,1023,0,264,328,305,501,322,305,454,778,748,305,184
420,1023,0,328,1023,0,259,340,305,523,330,305,454,671,644,305,184
492,1023,0,395,1023,0,649,701,305,607,371,305,454,742,717,305,184
422,1023,0,307,1023,0,246,328,305,471,317,305,454,746,715,305,184
316,1023,0,204,1023,0,220,323,305,485,326,305,454,731,721,305,184
320,1023,0,205,1023,0,182,324,305,457,319,305,454,717,705,305,184
365,1023,0,250,1023,0,477,491,305,509,329,305,454,745,735,305,184
378,1023,0,339,1023,0,208,323,305,458,320,305,454,730,693,305,184
615,1023,0,582,1023,0,288,343,305,536,329,305,454,742,709,305,184
623,1023,0,443,1023,0,264,333,305,548,340,305,454,740,692,305,184
309,1023,0,172,1023,0,131,312,305,419,319,305,454,692,677,305,184
341,1023,0,208,1023,0,232,331,305,503,324,305,454,688,676,305,184
443,1023,0,551,1023,0,265,338,305,513,332,305,454,796,767,305,184
433,1023,0,218,1023,0,232,325,305,489,326,305,454,720,700,305,184
335,1023,0,184,1023,0,224,331,305,386,315,305,454,713,691,305,184
577,1023,0,416,1023,0,407,400,305,531,332,305,454,744,719,305,184
647,1023,0,484,1023,0,573,593,305,582,348,305,454,739,706,305,184
338,1023,0,296,1023,0,200,328,305,458,320,305,455,701,665,305,184
264,1023,0,372,1023,0,293,354,305,530,339,305,455,710,698,305,184
315,1023,0,234,1023,0,80,317,305,470,318,305,455,710,690,305,192
500,1023,0,410,1023,0,496,518,305,531,327,305,455,751,735,305,192
294,1023,0,146,1023,0,168,320,305,444,319,305,455,670,652,305,192
304,1023,0,182,1023,0,231,338,305,491,325,305,455,704,694,305,192
426,1023,0,289,1023,0,684,738,305,619,385,305,455,729,704,305,192
375,1023,0,283,1023,0,698,772,305,626,408,305,455,742,734,305,192
676,1023,0,387,1023,0,295,332,305,525,329,305,455,787,766,305,192
445,1023,0,359,1023,0,257,332,305,502,326,305,455,723,697,305,192
487,1023,0,361,1023,0,302,353,305,487,329,305,455,755,720,305,192
384,1023,0,362,1023,0,345,364,305,535,340,305,455,719,692,305,192
517,1023,0,462,1023,0,282,341,305,525,334,305,455,757,720,305,192
420,1023,0,229,1023,0,249,334,305,513,330,305,455,740,725,305,192
389,1023,0,484,1023,0,246,328,305,530,335,305,455,752,723,305,192
378,1023,0,263,1023,0,257,339,305,500,338,305,455,734,708,305,192
272,1023,0,206,1023,0,147,323,305,453,318,305,455,728,718,305,192
433,1023,0,282,1023,0,261,339,305,504,331,305,455,741,720,305,192
463,1023,0,227,1023,0,215,326,305,453,318,305,455,714,699,305,192
396,1023,0,276,1023,0,227,327,305,468,323,305,455,740,694,305,192
401,1023,0,282,1023,0,256,327,305,462,318,305,455,748,729,305,192
466,1023,0,325,1023,0,252,332,305,500,321,305,455,750,727,305,192
400,1023,0,392,1023,0,308,358,305,574,352,305,455,722,704,305,192
470,1023,0,413,1023,0,234,325,305,476,322,305,455,717,699,305,192
595,1023,0,571,1023,0,272,332,305,477,322,305,455,757,726,305,192
396,1023,0,315,1023,0,452,477,305,530,331,305,455,717,694,305,192
334,1023,0,156,1023,0,232,329,305,440,321,305,456,710,690,305,192
375,1023,0,410,1023,0,326,366,305,491,326,305,456,709,683,305,192
386,1023,0,215,1023,0,204,318,305,452,317,305,456,765,751,305,192
447,1023,0,455,1023,0,255,333,305,541,332,305,456,755,726,305,192
370,1023,0,253,1023,0,184,328,305,494,322,305,456,699,687,305,192
455,1023,0,489,1023,0,268,336,305,528,330,305,456,729,711,305,192
437,1023,0,423,1023,0,200,325,305,536,329,305,456,741,689,305,192
438,1023,0,339,1023,0,260,333,305,485,319,305,456,731,679,305,192
526,1023,0,281,1023,0,221,328,305,477,318,305,456,771,734,305,192
459,1023,0,268,1023,0,233,330,305,492,322,305,456,753,729,305,192
354,1023,0,189,1023,0,194,320,305,483,317,305,456,695,667,305,192
364,1023,0,266,1023,0,258,333,305,486,324,305,456,689,679,305,192
485,1023,0,417,1023,0,331,359,305,532,330,305,456,732,678,305,192
339,1023,0,181,1023,0,147,314,305,386,315,305,456,712,691,305,192
371,1023,0,228,1023,0,181,324,305,454,321,305,456,705,694,305,192
410,1023,0,306,1023,0,311,357,305,525,330,305,456,763,740,305,192
447,1023,0,353,1023,0,252,326,305,488,319,305,456,748,729,305,192
374,1023,0,193,1023,0,214,328,305,492,322,305,456,686,673,305,192
739,1023,0,586,1023,0,462,432,305,551,333,305,456,793,751,305,192
314,1023,0,256,1023,0,227,324,305,467,322,305,456,726,709,305,192
355,1023,0,271,1023,0,181,322,305,429,320,305,456,721,696,305,192
355,1023,0,318,1023,0,292,350,305,489,328,305,456,718,694,305,192
502,1023,0,474,1023,0,340,355,305,563,344,305,456,773,749,305,192
417,1023,0,459,1023,0,264,340,305,524,334,305,456,716,689,305,192
393,1023,0,187,1023,0,232,327,305,474,321,305,457,717,707,305,192
312,1023,0,164,1023,0,166,321,305,450,320,305,457,694,682,305,192
442,1023,0,310,1023,0,254,331,305,442,322,305,457,748,720,305,192
509,1023,0,341,1023,0,321,352,305,545,337,305,457,753,737,305,192
592,1023,0,644,1023,0,297,344,305,525,338,305,457,779,750,305,192
278,1023,0,152,1023,0,182,325,305,476,319,305,457,709,698,305,192
320,1023,0,178,1023,0,164,320,305,422,319,305,457,656,641,305,192
446,1023,0,455,1023,0,289,340,305,503,322,305,457,748,728,305,192
440,1023,0,320,1023,0,270,329,305,522,325,305,457,753,732,305,192
368,1023,0,329,1023,0,290,344,305,431,318,305,457,725,701,305,192
369,1023,0,242,1023,0,172,319,305,435,317,305,457,717,694,305,192
270,1023,0,150,1023,0,202,318,305,489,317,305,457,707,702,305,192
322,1023,0,347,1023,0,304,351,305,485,324,305,457,712,699,305,192
515,1023,0,607,1023,0,255,339,305,521,340,305,457,733,714,305,192
567,1023,0,361,1023,0,256,324,305,527,322,305,457,762,735,305,192
471,1023,0,446,1023,0,276,348,305,528,337,305,457,765,741,305,192
317,1023,0,281,1023,0,213,327,305,507,334,305,457,720,711,305,192
631,1023,0,567,1023,0,316,340,305,560,339,305,457,777,750,305,192
533,1023,0,465,1023,0,277,334,305,547,331,305,457,748,727,305,192
465,1023,0,458,1023,0,303,335,305,538,328,305,457,747,721,305,192
455,1023,0,455,1023,0,280,339,305,527,329,305,457,759,723,305,192
524,1023,0,437,1023,0,256,332,305,497,322,305,457,764,725,305,192
355,1023,0,206,1023,0,187,320,305,398,317,305,458,729,712,305,192
561,1023,0,386,1023,0,726,772,305,650,413,305,458,744,718,305,192
436,1023,0,296,1023,0,218,322,305,457,318,305,458,751,740,305,192
353,1023,0,318,1023,0,259,338,305,513,330,305,458,720,692,305,192
422,1023,0,253,1023,0,223,326,305,493,322,305,458,737,723,305,192
539,1023,0,357,1023,0,447,451,305,525,329,305,458,710,680,305,192
348,1023,0,329,1023,0,276,332,305,493,325,305,458,715,670,305,192
488,1023,0,325,1023,0,323,354,305,480,319,305,458,745,699,305,192
452,1023,0,366,1023,0,251,330,305,494,321,305,458,736,705,305,192
510,1023,0,295,1023,0,642,691,305,598,363,305,458,725,704,305,192
343,1023,0,261,1023,0,237,328,305,482,321,305,458,749,736,305,192
344,1023,0,148,1023,0,143,320,305,417,311,305,458,682,662,305,192
427,1023,0,530,1023,0,292,353,305,540,346,305,458,738,717,305,192
350,1023,0,212,1023,0,323,366,305,475,324,305,458,682,662,305,192
600,1023,0,831,1023,0,389,391,305,588,357,305,458,807,782,305,192
404,1023,0,301,1023,0,345,375,305,513,326,305,458,779,756,305,192
262,1023,0,159,1023,0,97,315,305,436,314,305,458,675,662,305,192
426,1023,0,444,1023,0,732,778,305,653,418,305,458,766,753,305,192
338,1023,0,300,1023,0,157,315,305,483,326,305,458,700,681,305,192
505,1023,0,369,1023,0,295,338,305,560,338,305,458,721,702,305,192
297,1023,0,360,1023,0,218,327,305,506,330,305,458,696,676,305,192
358,1023,0,318,1023,0,158,320,305,503,323,305,458,711,690,305,192
416,1023,0,343,1023,0,228,327,305,479,320,305,458,727,710,305,192
356,1023,0,159,1023,0,424,438,305,413,316,305,458,737,715,305,192
323,1023,0,252,1023,0,413,423,305,498,326,305,458,699,688,305,192
544,1023,0,313,1023,0,230,326,305,510,328,305,458,724,704,305,192
441,1023,0,181,1023,0,182,318,305,462,317,305,458,685,667,305,192
388,1023,0,384,1023,0,215,330,305,488,326,305,458,746,722,305,192
645,1023,0,631,1023,0,245,329,305,520,334,305,458,804,764,305,192
466,1023,0,593,1023,0,261,331,305,521,328,305,458,781,747,305,192
398,1023,0,332,1023,0,272,338,305,410,318,305,458,717,691,305,192
293,1023,0,302,1023,0,648,726,305,612,401,305,458,718,693,305,192
482,1023,0,508,1023,0,312,347,305,522,333,305,459,734,697,305,192
399,1023,0,314,1023,0,304,350,305,434,312,305,459,716,700,305,192
397,1023,0,398,1023,0,228,324,305,510,323,305,459,779,717,305,192
366,1023,0,377,1023,0,251,330,305,503,329,305,459,733,697,305,192
300,1023,0,199,1023,0,223,331,305,492,322,305,459,702,680,305,192
454,1023,0,329,1023,0,229,327,305,526,327,305,459,740,726,305,192
373,1023,0,308,1023,0,281,340,305,428,315,305,459,735,710,305,192
524,1023,0,403,1023,0,258,326,305,537,333,305,459,742,694,305,192
511,1023,0,376,1023,0,277,339,305,527,329,305,459,730,712,305,192
351,1023,0,190,1023,0,223,330,305,468,322,305,459,682,664,305,192
348,1023,0,201,1023,0,541,596,305,552,344,305,459,691,676,305,192
371,1023,0,393,1023,0,193,319,305,490,320,305,459,730,711,305,192
305,1023,0,190,1023,0,541,601,305,549,347,305,459,713,701,305,192
462,1023,0,350,1023,0,255,327,305,477,321,305,459,746,702,305,192
390,1023,0,362,1023,0,286,337,305,473,319,305,459,737,709,305,192
341,1023,0,325,1023,0,280,339,305,512,335,305,459,733,708,305,192
318,1023,0,154,1023,0,170,331,305,489,324,305,459,704,697,305,192
550,1023,0,503,1023,0,267,341,305,534,342,305,459,758,744,305,192
473,1023,0,305,1023,0,219,326,305,508,325,305,459,755,740,305,192
329,1023,0,184,1023,0,231,330,305,471,324,305,459,751,739,305,192
402,1023,0,297,1023,0,354,373,305,488,320,305,459,694,673,305,200
496,1023,0,309,1023,0,234,328,305,487,328,305,459,726,705,305,200
492,1023,0,431,1023,0,222,328,305,510,322,305,459,779,760,305,200
417,1023,0,359,1023,0,199,321,305,474,326,305,459,742,728,305,200
615,1023,0,843,1023,0,734,769,305,670,428,305,459,770,729,305,200
380,1023,0,346,1023,0,283,351,305,537,340,305,460,749,733,305,200
345,1023,0,481,1023,0,268,338,305,732,556,305,460,782,734,305,200
270,1023,0,205,1023,0,165,317,305,432,320,305,460,689,681,305,200
408,1023,0,305,1023,0,378,405,305,507,330,305,460,725,700,305,200
371,1023,0,185,1023,0,180,316,305,434,317,305,460,695,672,305,200
439,1023,0,293,1023,0,287,341,305,477,324,305,460,762,745,305,200
416,1023,0,384,1023,0,242,330,305,502,322,305,460,729,705,305,200
464,1023,0,378,1023,0,299,348,305,540,338,305,460,741,727,305,200
359,1023,0,245,1023,0,273,338,305,528,334,305,460,725,706,305,200
423,1023,0,200,1023,0,362,382,305,499,326,305,460,722,702,305,200
378,1023,0,266,1023,0,222,326,305,515,331,305,460,714,674,305,200
267,1023,0,258,1023,0,225,330,305,526,333,305,460,732,720,305,200
488,1023,0,345,1023,0,241,331,305,492,322,305,460,731,712,305,200
679,1023,0,629,1023,0,241,330,305,506,326,305,460,779,723,305,200
442,1023,0,452,1023,0,395,399,305,520,328,305,460,724,701,305,200
352,1023,0,395,1023,0,512,560,305,548,344,305,460,731,715,305,200
337,1023,0,207,1023,0,236,330,305,501,325,305,460,704,694,305,200
455,1023,0,370,1023,0,221,326,305,519,328,305,460,707,690,305,200
318,1023,0,184,1023,0,192,318,305,445,315,305,460,722,715,305,200
581,1023,0,799,1023,0,302,354,305,544,340,305,460,808,784,305,200
487,1023,0,341,1023,0,217,326,305,466,322,305,460,724,690,305,200
448,1023,0,286,1023,0,443,452,305,491,326,305,460,747,725,305,200
321,1023,0,190,1023,0,207,321,305,490,324,305,460,682,661,305,200
406,1023,0,370,1023,0,181,316,305,459,315,305,460,715,699,305,200
654,1023,0,486,1023,0,458,465,305,543,341,305,460,760,738,305,200
314,1023,0,205,1023,0,192,319,305,456,319,305,460,683,670,305,200
252,1023,0,113,1023,0,0,312,305,399,311,305,460,674,663,305,200
378,1023,0,345,1023,0,255,332,305,497,318,305,460,714,667,305,200
604,1023,0,537,1023,0,315,352,305,547,338,305,460,747,723,305,200
438,1023,0,234,1023,0,237,332,305,474,320,305,460,742,724,305,200
282,1023,0,212,1023,0,172,318,305,472,317,305,461,732,720,305,200
328,1023,0,345,1023,0,226,325,305,468,320,305,461,736,720,305,200
480,1023,0,294,1023,0,194,320,305,496,328,305,461,756,711,305,200
453,1023,0,185,1023,0,280,337,305,509,320,305,461,732,718,305,200
504,1023,0,337,1023,0,295,342,305,527,327,305,461,717,674,305,200
743,1023,0,593,1023,0,300,333,305,535,328,305,461,756,695,305,200
418,1023,0,187,1023,0,201,322,305,414,311,305,461,731,723,305,200
453,1023,0,400,1023,0,630,678,305,596,359,305,461,720,691,305,200
469,1023,0,450,1023,0,253,328,305,499,318,305,461,776,746,305,200
331,1023,0,224,1023,0,206,321,305,491,320,305,461,669,661,305,200
318,1023,0,309,1023,0,250,338,305,524,334,305,461,750,739,305,200
298,1023,0,269,1023,0,184,328,305,507,332,305,461,740,720,305,200
361,1023,0,202,1023,0,542,605,305,549,352,305,461,700,674,305,200
580,1023,0,465,1023,0,255,330,305,544,327,305,461,735,691,305,200
354,1023,0,214,1023,0,238,331,305,504,323,305,461,721,706,305,200
405,1023,0,394,1023,0,251,331,305,488,327,305,461,724,712,305,200
405,1023,0,301,1023,0,213,323,305,521,333,305,461,724,708,305,200
330,1023,0,203,1023,0,183,320,305,430,312,305,461,642,620,305,200
443,1023,0,589,1023,0,335,361,305,542,338,305,461,749,718,305,200
407,1023,0,400,1023,0,235,329,305,529,327,305,461,728,694,305,200
419,1023,0,322,1023,0,258,333,305,486,318,305,461,715,700,305,200
617,1023,0,471,1023,0,277,340,305,514,333,305,461,726,701,305,200
408,1023,0,364,1023,0,199,322,305,512,319,305,461,732,708,305,200
340,1023,0,223,1023,0,168,319,305,482,327,305,461,715,697,305,200
311,1023,0,185,1023,0,210,319,305,426,316,305,461,703,679,305,200
432,1023,0,391,1023,0,263,336,305,524,333,305,461,750,715,305,200
358,1023,0,374,1023,0,318,357,305,487,322,305,461,732,706,305,200
417,1023,0,246,1023,0,210,329,305,496,326,305,461,738,705,305,200
447,1023,0,331,1023,0,336,362,305,505,330,305,461,723,690,305,200
398,1023,0,304,1023,0,211,321,305,494,322,305,462,741,690,305,200
406,1023,0,243,1023,0,237,330,305,477,323,305,462,741,719,305,200
576,1023,0,509,1023,0,297,352,305,543,334,305,462,740,719,305,200
443,1023,0,352,1023,0,268,337,305,508,327,305,462,798,768,305,200
437,1023,0,339,1023,0,288,343,305,484,316,305,462,709,671,305,200
465,1023,0,387,1023,0,254,332,305,522,335,305,462,741,722,305,200
741,1023,0,675,1023,0,309,358,305,559,341,305,462,769,752,305,200
553,1023,0,596,1023,0,375,374,305,533,329,305,462,751,708,305,200
321,1023,0,345,1023,0,151,317,305,417,310,305,462,576,542,305,200
402,1023,0,246,1023,0,200,319,305,474,319,305,462,697,665,305,200
393,1023,0,221,1023,0,137,321,305,471,320,305,462,727,711,305,200
392,1023,0,336,1023,0,190,322,305,514,329,305,462,711,698,305,200
333,1023,0,450,1023,0,239,333,305,528,332,305,462,718,703,305,200
375,1023,0,193,1023,0,282,340,305,489,326,305,462,730,721,305,200
446,1023,0,345,1023,0,278,338,305,505,323,305,462,752,725,305,200
362,1023,0,228,1023,0,235,325,305,461,317,305,462,711,699,305,200
435,1023,0,345,1023,0,269,329,305,516,331,305,462,735,714,305,200
340,1023,0,301,1023,0,219,321,305,454,317,305,462,714,706,305,200
442,1023,0,390,1023,0,435,440,305,518,333,305,462,720,706,305,200
468,1023,0,407,1023,0,422,432,305,505,325,305,462,757,742,305,200
482,1023,0,328,1023,0,317,345,305,526,325,305,462,751,720,305,200
237,1023,0,276,1023,0,427,460,305,510,329,305,462,747,724,305,200
511,1023,0,383,1023,0,251,328,305,495,328,305,462,734,717,305,200
342,1023,0,233,1023,0,445,490,305,459,322,305,462,714,700,305,200
348,1023,0,312,1023,0,299,344,305,516,328,305,462,747,706,305,200
438,1023,0,416,1023,0,236,336,305,521,330,305,462,734,716,305,200
402,1023,0,321,1023,0,329,371,305,565,357,305,462,749,729,305,200
320,1023,0,174,1023,0,221,327,305,510,328,305,462,732,719,305,200
416,1023,0,254,1023,0,405,421,305,500,320,305,462,702,690,305,200
539,1023,0,525,1023,0,687,742,305,634,397,305,462,772,751,305,200
425,1023,0,220,1023,0,235,328,305,493,321,305,462,734,708,305,200
518,1023,0,342,1023,0,294,340,305,492,325,305,462,733,711,305,200
457,1023,0,238,1023,0,275,339,305,486,324,305,463,703,686,305,200
285,1023,0,144,1023,0,224,329,305,482,321,305,463,708,699,305,200
502,1023,0,335,1023,0,248,334,305,509,330,305,463,738,729,305,200
391,1023,0,267,1023,0,275,338,305,486,320,305,463,735,717,305,200
305,1023,0,187,1023,0,220,323,305,499,323,305,463,716,698,305,200
510,1023,0,432,1023,0,295,349,305,488,326,305,463,778,753,305,200
658,1023,0,470,1023,0,332,353,305,535,328,305,463,765,748,305,200
612,1023,0,400,1023,0,273,329,305,511,324,305,463,753,732,305,200
486,1023,0,324,1023,0,258,332,305,473,319,305,463,711,688,305,200
387,1023,0,397,1023,0,341,370,305,512,325,305,463,708,681,305,200
490,1023,0,312,1023,0,237,325,305,505,322,305,463,757,738,305,200
414,1023,0,389,1023,0,566,632,305,555,352,305,463,748,733,305,200
392,1023,0,285,1023,0,232,326,305,491,319,305,463,719,708,305,200
334,1023,0,199,1023,0,129,317,305,0,312,305,463,709,702,305,200
365,1023,0,284,1023,0,180,318,305,414,320,305,463,738,721,305,200
516,1023,0,479,1023,0,727,772,305,655,418,305,463,742,713,305,200
564,1023,0,341,1023,0,287,343,305,522,329,305,463,771,752,305,200
401,1023,0,263,1023,0,165,321,305,502,323,305,463,722,713,305,200
309,1023,0,232,1023,0,206,322,305,440,317,305,463,701,683,305,200
526,1023,0,494,1023,0,270,330,305,515,329,305,463,760,729,305,200
348,1023,0,305,1023,0,277,341,305,512,330,305,463,664,644,305,200
339,1023,0,200,1023,0,251,334,305,484,322,305,463,697,685,305,200
416,1023,0,268,1023,0,119,315,305,664,436,305,463,777,748,305,200
397,1023,0,310,1023,0,200,320,305,487,322,305,463,730,718,305,200
384,1023,0,266,1023,0,234,324,305,461,324,305,463,724,710,305,200
326,1023,0,306,1023,0,223,328,305,489,331,305,463,737,717,305,200
559,1023,0,347,1023,0,460,470,305,512,329,305,464,732,703,305,200
406,1023,0,175,1023,0,239,330,305,511,327,305,464,725,716,305,200
402,1023,0,297,1023,0,299,356,305,466,321,305,464,770,757,305,200
504,1023,0,311,1023,0,256,337,305,501,323,305,464,783,751,305,200
399,1023,0,325,1023,0,276,338,305,476,317,305,464,740,710,305,200
430,1023,0,420,1023,0,495,517,305,541,340,305,464,751,717,305,200
435,1023,0,338,1023,0,325,367,305,528,338,305,464,747,725,305,200
420,1023,0,390,1023,0,283,347,305,521,336,305,464,710,684,305,200
335,1023,0,183,1023,0,239,327,305,582,364,305,464,703,684,305,200
375,1023,0,304,1023,0,235,326,305,493,322,305,464,719,696,305,200
469,1023,0,474,1023,0,198,326,305,501,327,305,464,718,682,305,200
388,1023,0,344,1023,0,261,336,305,536,335,305,464,700,675,305,200
489,1023,0,347,1023,0,274,345,305,528,330,305,464,723,691,305,200
483,1023,0,341,1023,0,246,324,305,503,325,305,464,762,741,305,200
343,1023,0,260,1023,0,226,327,305,490,323,305,464,722,706,305,200
276,1023,0,107,1023,0,111,316,305,468,315,305,464,619,605,305,200
355,1023,0,280,1023,0,265,340,305,502,333,305,464,731,714,305,200
355,1023,0,257,1023,0,235,332,305,495,322,305,464,703,682,305,200
339,1023,0,248,1023,0,215,326,305,510,331,305,464,676,662,305,208
452,1023,0,310,1023,0,514,556,305,526,327,305,464,689,662,305,208
516,1023,0,427,1023,0,390,387,305,530,325,305,464,756,735,305,208
407,1023,0,290,1023,0,359,364,305,462,321,305,464,742,720,305,208
433,1023,0,253,1023,0,302,350,305,511,330,305,464,737,727,305,208
345,1023,0,220,1023,0,238,327,305,466,320,305,464,737,710,305,208
431,1023,0,548,1023,0,284,332,305,559,346,305,464,731,709,305,208
436,1023,0,344,1023,0,247,330,305,471,328,305,465,700,660,305,208
368,1023,0,249,1023,0,524,568,305,539,332,305,465,698,678,305,208
347,1023,0,231,1023,0,184,321,305,476,321,305,465,712,687,305,208
426,1023,0,264,1023,0,198,324,305,501,323,305,465,721,708,305,208
325,1023,0,222,1023,0,268,337,305,509,330,305,465,726,715,305,208
369,1023,0,232,1023,0,229,327,305,492,326,305,465,730,697,305,208
422,1023,0,270,1023,0,274,333,305,514,327,305,465,729,689,305,208
363,1023,0,247,1023,0,230,322,305,509,319,305,465,749,726,305,208
519,1023,0,379,1023,0,286,346,305,532,332,305,465,716,706,305,208
344,1023,0,241,1023,0,245,329,305,479,322,305,465,734,720,305,208
456,1023,0,337,1023,0,207,316,305,509,327,305,465,740,714,305,208
548,1023,0,737,1023,0,352,361,305,626,387,305,465,780,752,305,208
431,1023,0,258,1023,0,512,538,305,554,346,305,465,731,717,305,208
422,1023,0,279,1023,0,231,332,305,442,320,305,465,733,708,305,208
361,1023,0,281,1023,0,272,345,305,529,336,305,465,755,721,305,208
503,1023,0,333,1023,0,333,358,305,507,324,305,465,755,729,305,208
324,1023,0,205,1023,0,213,335,305,458,324,305,465,716,703,305,208
416,1023,0,377,1023,0,281,335,305,527,330,305,465,729,713,305,208
558,1023,0,341,1023,0,272,338,305,468,321,305,465,703,671,305,208
306,1023,0,259,1023,0,440,462,305,526,335,305,465,719,704,305,208
449,1023,0,435,1023,0,269,330,305,500,327,305,465,721,680,305,208
326,1023,0,333,1023,0,239,326,305,527,338,305,465,711,676,305,208
428,1023,0,365,1023,0,355,374,305,490,323,305,466,750,734,305,208
331,1023,0,302,1023,0,336,374,305,463,323,305,466,736,719,305,208
361,1023,0,271,1023,0,276,343,305,492,326,305,466,743,727,305,208
493,1023,0,430,1023,0,298,345,305,521,329,305,466,728,710,305,208
355,1023,0,153,1023,0,194,318,305,452,318,305,466,694,684,305,208
440,1023,0,488,1023,0,295,344,305,552,344,305,466,776,743,305,208
515,1023,0,267,1023,0,317,353,305,530,333,305,466,724,709,305,208
745,1023,0,674,1023,0,356,368,305,576,356,305,466,774,733,305,208
405,1023,0,293,1023,0,177,323,305,475,321,305,466,729,697,305,208
436,1023,0,253,1023,0,164,325,305,450,322,305,466,714,693,305,208
389,1023,0,500,1023,0,856,909,305,737,577,305,466,722,687,305,208
459,1023,0,291,1023,0,264,329,305,497,328,305,466,738,723,305,208
416,1023,0,366,1023,0,262,330,305,496,326,305,466,742,729,305,208
421,1023,0,295,1023,0,215,329,305,474,320,305,466,712,699,305,208
465,1023,0,298,1023,0,309,353,305,518,330,305,466,744,728,305,208
464,1023,0,238,1023,0,174,325,305,508,331,305,466,729,707,305,208
250,1023,0,186,1023,0,242,332,305,500,322,305,466,729,712,305,208
496,1023,0,306,1023,0,264,332,305,509,324,305,466,730,697,305,208
417,1023,0,238,1023,0,292,337,305,543,334,305,466,754,739,305,208
473,1023,0,517,1023,0,232,327,305,535,332,305,466,718,705,305,208
480,1023,0,365,1023,0,339,354,305,534,328,305,466,723,705,305,208
482,1023,0,381,1023,0,321,348,305,549,334,305,466,746,724,305,208
423,1023,0,279,1023,0,97,316,305,482,323,305,466,736,715,305,208
398,1023,0,251,1023,0,185,324,305,504,324,305,466,711,677,305,208
564,1023,0,456,1023,0,596,632,305,566,338,305,466,775,748,305,208
389,1023,0,449,1023,0,207,319,305,502,322,305,466,710,686,305,208
334,1023,0,240,1023,0,465,503,305,521,332,305,466,758,750,305,208
252,1023,0,147,1023,0,483,536,305,521,329,305,466,714,706,305,208
318,1023,0,144,1023,0,129,317,305,403,313,305,466,665,642,305,208
266,1023,0,146,1023,0,141,320,305,459,317,305,466,673,651,305,208
392,1023,0,310,1023,0,203,329,305,662,458,305,467,777,757,305,208
487,1023,0,360,1023,0,496,522,305,548,342,305,467,746,727,305,208
287,1023,0,309,1023,0,221,330,305,489,328,305,467,722,707,305,208
345,1023,0,268,1023,0,185,322,305,466,327,305,467,697,684,305,208
660,1023,0,634,1023,0,353,357,305,547,336,305,467,763,737,305,208
479,1023,0,315,1023,0,228,330,305,485,318,305,467,713,700,305,208
364,1023,0,348,1023,0,329,364,305,560,351,305,467,753,722,305,208
484,1023,0,361,1023,0,353,360,305,534,331,305,467,761,746,305,208
660,1023,0,479,1023,0,318,345,305,549,332,305,467,734,701,305,208
419,1023,0,255,1023,0,371,378,305,475,319,305,467,700,684,305,208
471,1023,0,679,1023,0,812,848,305,706,496,305,467,794,769,305,208
444,1023,0,298,1023,0,336,374,305,514,329,305,467,749,720,305,208
414,1023,0,394,1023,0,292,346,305,528,328,305,467,751,722,305,208
495,1023,0,498,1023,0,314,352,305,529,331,305,467,749,715,305,208
472,1023,0,321,1023,0,257,334,305,510,322,305,467,740,719,305,208
346,1023,0,286,1023,0,220,320,305,475,319,305,467,727,717,305,208
405,1023,0,359,1023,0,228,320,305,519,325,305,467,740,721,305,208
328,1023,0,172,1023,0,199,323,305,466,317,305,467,690,655,305,208
269,1023,0,156,1023,0,0,316,305,438,315,305,467,679,655,305,208
502,1023,0,407,1023,0,240,329,305,495,322,305,467,768,753,305,208
324,1023,0,199,1023,0,434,470,305,485,322,305,467,705,690,305,208
502,1023,0,506,1023,0,224,326,305,477,319,305,467,738,720,305,208
468,1023,0,604,1023,0,264,327,305,536,329,305,467,744,721,305,208
357,1023,0,235,1023,0,594,657,305,562,349,305,467,743,731,305,208
613,1023,0,618,1023,0,266,333,305,516,328,305,467,775,735,305,208
413,1023,0,277,1023,0,211,319,305,485,317,305,467,713,694,305,208
440,1023,0,396,1023,0,191,322,305,482,318,305,467,744,690,305,208
492,1023,0,294,1023,0,203,320,305,448,318,305,467,731,696,305,208
389,1023,0,248,1023,0,147,312,305,363,313,305,467,722,715,305,208
342,1023,0,235,1023,0,236,328,305,506,324,305,467,691,676,305,208
495,1023,0,229,1023,0,260,331,305,504,329,305,467,740,716,305,208
380,1023,0,304,1023,0,510,554,305,543,337,305,468,709,697,305,208
443,1023,0,350,1023,0,234,325,305,501,322,305,468,756,729,305,208
445,1023,0,387,1023,0,300,354,305,537,338,305,468,754,741,305,208
345,1023,0,214,1023,0,429,450,305,444,320,305,468,684,672,305,208
401,1023,0,318,1023,0,246,332,305,501,323,305,468,750,738,305,208
476,1023,0,398,1023,0,289,335,305,504,324,305,468,751,741,305,208
464,1023,0,286,1023,0,288,345,305,510,328,305,468,733,714,305,208
743,1023,0,701,1023,0,332,344,305,587,342,305,468,761,729,305,208
371,1023,0,236,1023,0,200,321,305,455,318,305,468,725,705,305,208
396,1023,0,400,1023,0,295,349,305,515,330,305,468,741,707,305,208
426,1023,0,322,1023,0,216,328,305,490,325,305,468,733,716,305,208
524,1023,0,405,1023,0,258,332,305,497,321,305,468,759,737,305,208
341,1023,0,254,1023,0,193,322,305,472,320,305,468,680,654,305,208
434,1023,0,240,1023,0,363,385,305,488,319,305,468,725,704,305,208
478,1023,0,444,1023,0,302,343,305,535,338,305,468,737,711,305,208
554,1023,0,437,1023,0,259,331,305,513,323,305,468,777,764,305,208
358,1023,0,288,1023,0,272,334,305,445,317,305,468,718,704,305,208
530,1023,0,318,1023,0,243,327,305,475,317,305,468,739,726,305,208
455,1023,0,332,1023,0,211,327,305,477,325,305,468,732,705,305,208
575,1023,0,425,1023,0,278,343,305,511,331,305,468,749,722,305,208
352,1023,0,306,1023,0,341,376,305,470,318,305,468,706,681,305,208
634,1023,0,393,1023,0,307,345,305,543,332,305,468,770,746,305,208
436,1023,0,430,1023,0,252,336,305,530,326,305,468,771,738,305,208
349,1023,0,212,1023,0,602,675,305,580,367,305,468,719,700,305,208
391,1023,0,403,1023,0,263,336,305,491,329,305,468,775,763,305,208
477,1023,0,370,1023,0,398,405,305,538,336,305,468,727,706,305,208
403,1023,0,323,1023,0,162,318,305,445,316,305,468,731,695,305,208
387,1023,0,278,1023,0,426,449,305,472,327,305,468,760,736,305,208
452,1023,0,401,1023,0,393,401,305,520,329,305,468,714,690,305,216
382,1023,0,233,1023,0,260,331,305,509,322,305,469,738,727,305,216
454,1023,0,435,1023,0,159,319,305,503,326,305,469,746,724,305,216
375,1023,0,285,1023,0,194,323,305,492,321,305,469,694,673,305,216
324,1023,0,108,980,0,232,318,305,466,314,305,469,684,672,305,216
350,1023,0,215,1023,0,213,327,305,481,323,305,469,734,710,305,216
446,1023,0,221,1023,0,290,346,305,472,320,305,469,704,692,305,216
497,1023,0,306,1023,0,223,322,305,524,327,305,469,680,644,305,216
560,1023,0,464,1023,0,262,327,305,521,327,305,469,725,702,305,216
622,1023,0,555,1023,0,336,352,305,532,331,305,469,764,716,305,216
483,1023,0,360,1023,0,263,334,305,510,322,305,469,760,740,305,216
271,1023,0,322,1023,0,220,322,305,657,437,305,469,748,735,305,216
506,1023,0,365,1023,0,403,401,305,527,327,305,469,786,770,305,216
313,1023,0,281,1023,0,386,413,305,491,328,305,469,741,727,305,216
428,1023,0,321,1023,0,299,352,305,473,320,305,469,678,658,305,216
286,1023,0,220,1023,0,280,348,305,513,337,305,469,724,709,305,216
424,1023,0,311,1023,0,245,332,305,493,321,305,469,751,730,305,216
376,1023,0,251,1023,0,171,319,305,508,327,305,469,737,694,305,216
261,1023,0,192,1023,0,253,328,305,456,318,305,469,673,662,305,216
444,1023,0,493,1023,0,275,337,305,549,348,305,469,747,720,305,216
559,1023,0,532,1023,0,306,344,305,583,351,305,469,776,754,305,216
416,1023,0,333,1023,0,334,354,305,504,323,305,469,739,710,305,216
481,1023,0,350,1023,0,244,331,305,499,321,305,469,773,743,305,216
720,1023,0,501,1023,0,303,340,305,561,336,305,469,767,731,305,216
338,1023,0,324,1023,0,284,350,305,506,323,305,469,726,696,305,216
421,1023,0,537,1023,0,270,340,305,509,329,305,469,749,726,305,216
562,1023,0,310,1023,0,239,327,305,485,324,305,469,759,741,305,216
311,1023,0,139,1023,0,142,320,305,461,321,305,470,668,641,305,216
252,1023,0,159,1023,0,221,327,305,458,316,305,470,680,660,305,216
443,1023,0,388,1023,0,228,329,305,507,326,305,470,754,743,305,216
466,1023,0,258,1023,0,209,322,305,493,324,305,470,725,713,305,216
338,1023,0,192,1023,0,194,328,305,468,317,305,470,697,687,305,216
409,1023,0,313,1023,0,253,338,305,483,321,305,470,711,674,305,216
389,1023,0,298,1023,0,221,324,305,593,366,305,470,747,730,305,216
444,1023,0,245,1023,0,247,335,305,493,321,305,470,731,715,305,216
351,1023,0,266,1023,0,479,518,305,535,332,305,470,676,660,305,216
435,1023,0,201,1023,0,110,314,305,443,310,305,470,711,693,305,216
545,1023,0,418,1023,0,320,360,305,543,348,305,470,763,745,305,216
339,1023,0,211,1023,0,248,331,305,462,320,305,470,711,701,305,216
426,1023,0,368,1023,0,488,499,305,533,332,305,470,769,727,305,216
359,1023,0,206,1023,0,199,325,305,394,316,305,470,730,719,305,216
434,1023,0,357,1023,0,203,322,305,493,325,305,470,752,734,305,216
477,1023,0,382,1023,0,614,667,305,596,358,305,470,734,718,305,216
460,1023,0,319,1023,0,262,332,305,528,332,305,470,741,702,305,216
332,1023,0,256,1023,0,191,323,305,469,321,305,470,724,708,305,216
418,1023,0,438,1023,0,603,655,305,593,362,305,470,678,638,305,216
400,1023,0,507,1023,0,235,333,305,533,339,305,470,751,711,305,216
464,1023,0,258,1023,0,164,320,305,463,315,305,470,714,682,305,216
278,1023,0,167,1023,0,150,323,305,450,314,305,470,690,678,305,216
391,1023,0,236,1023,0,593,642,305,569,349,305,470,738,717,305,216
433,1023,0,522,1023,0,346,368,305,553,341,305,470,767,730,305,216
320,1023,0,155,1023,0,98,322,305,441,315,305,470,710,680,305,216
342,1023,0,169,1023,0,234,328,305,375,309,305,471,738,722,305,216
419,1023,0,381,1023,0,409,425,305,500,326,305,471,719,691,305,216
432,1023,0,315,1023,0,206,322,305,453,324,305,471,718,698,305,216
284,1023,0,130,1023,0,58,313,305,405,318,305,471,663,655,305,216
498,1023,0,372,1023,0,494,517,305,535,332,305,471,728,706,305,216
528,1023,0,401,1023,0,249,333,305,496,325,305,471,747,710,305,216
377,1023,0,234,1023,0,187,315,305,449,314,305,471,712,651,305,216
314,1023,0,274,1023,0,290,348,305,463,320,305,471,750,734,305,216
606,1023,0,319,1023,0,268,335,305,532,327,305,471,748,729,305,216
440,1023,0,313,1023,0,582,623,305,566,346,305,471,748,721,305,216
509,1023,0,323,1023,0,252,336,305,516,332,305,471,741,683,305,216
476,1023,0,416,1023,0,310,340,305,534,334,305,471,742,700,305,216
409,1023,0,290,1023,0,271,337,305,424,320,305,471,734,722,305,216
406,1023,0,245,1023,0,472,490,305,523,328,305,471,729,714,305,216
558,1023,0,377,1023,0,409,396,305,509,326,305,471,778,762,305,216
423,1023,0,249,1023,0,269,334,305,480,322,305,471,712,682,305,216
410,1023,0,452,1023,0,253,328,305,547,335,305,471,721,681,305,216
235,1023,0,115,1023,0,236,325,305,439,318,305,471,664,657,305,216
358,1023,0,179,1023,0,213,328,305,497,320,305,471,727,718,305,216
393,1023,0,309,1023,0,489,509,305,529,332,305,471,725,706,305,216
367,1023,0,213,1023,0,116,319,305,479,324,305,471,737,723,305,216
509,1023,0,304,1023,0,304,340,305,490,321,305,471,731,715,305,216
442,1023,0,292,1023,0,171,312,305,467,315,305,471,732,716,305,216
452,1023,0,276,1023,0,190,324,305,435,320,305,471,725,682,305,216
434,1023,0,298,1023,0,237,329,305,484,316,305,472,755,702,305,216
390,1023,0,227,1023,0,236,329,305,458,318,305,472,707,679,305,216
440,1023,0,275,1023,0,230,330,305,516,331,305,472,756,739,305,216
330,1023,0,191,1023,0,202,322,305,445,317,305,472,686,669,305,216
289,1023,0,287,1023,0,264,338,305,492,330,305,472,723,698,305,216
484,1023,0,486,1023,0,278,340,305,497,330,305,472,804,768,305,216
334,1023,0,242,1023,0,257,342,305,519,333,305,472,739,728,305,216
422,1023,0,363,1023,0,229,328,305,516,324,305,472,751,718,305,216
616,1023,0,503,1023,0,341,359,305,521,328,305,472,793,742,305,216
307,1023,0,187,1023,0,753,830,305,664,467,305,472,708,681,305,216
374,1023,0,289,1023,0,255,336,305,498,325,305,472,721,708,305,216
477,1023,0,244,1023,0,181,319,305,502,323,305,472,731,714,305,216
478,1023,0,394,1023,0,251,329,305,496,321,305,472,768,754,305,216
325,1023,0,261,1023,0,346,375,305,504,325,305,472,740,707,305,216
519,1023,0,500,1023,0,770,811,305,678,451,305,472,757,735,305,216
336,1023,0,226,1023,0,170,322,305,465,318,305,472,705,673,305,216
486,1023,0,472,1023,0,281,339,305,548,340,305,472,788,769,305,216
395,1023,0,250,1023,0,244,330,305,437,318,305,472,720,700,305,216
428,1023,0,247,1023,0,174,324,305,505,324,305,472,724,711,305,216
577,1023,0,331,1023,0,286,335,305,530,326,305,472,740,716,305,216
311,1023,0,146,1023,0,149,317,305,466,317,305,472,662,646,305,216
402,1023,0,430,1023,0,254,337,305,521,334,305,472,719,703,305,216
462,1023,0,418,1023,0,274,333,305,497,319,305,472,733,716,305,216
518,1023,0,373,1023,0,218,320,305,515,325,305,472,759,744,305,216
351,1023,0,260,1023,0,157,318,305,402,317,305,472,739,729,305,216
319,1023,0,551,1023,0,235,327,305,495,331,305,472,785,769,305,216
330,1023,0,225,1023,0,273,344,305,529,336,305,472,716,696,305,216
392,1023,0,179,1023,0,116,313,305,476,316,305,472,725,719,305,216
379,1023,0,222,1023,0,198,324,305,452,321,305,473,732,705,305,224
380,1023,0,301,1023,0,327,353,305,489,327,305,473,699,680,305,224
581,1023,0,593,1023,0,225,328,305,543,332,305,473,759,722,305,224
369,1023,0,340,1023,0,629,674,305,590,355,305,473,750,711,305,224
738,1023,0,533,1023,0,316,336,305,547,328,305,473,788,728,305,224
538,1023,0,414,1023,0,249,333,305,579,350,305,473,726,703,305,224
383,1023,0,311,1023,0,233,328,305,497,325,305,473,767,732,305,224
304,1023,0,211,1023,0,211,326,305,476,323,305,473,723,715,305,224
292,1023,0,158,1023,0,175,319,305,441,317,305,473,704,692,305,224
343,1023,0,261,1023,0,218,327,305,498,324,305,473,763,736,305,224
468,1023,0,376,1023,0,704,770,305,638,414,305,473,730,708,305,224
519,1023,0,395,1023,0,329,349,305,515,327,305,473,743,718,305,224
457,1023,0,268,1023,0,275,335,305,497,324,305,473,724,708,305,224
389,1023,0,292,1023,0,411,422,305,510,329,305,473,690,669,305,224
407,1023,0,346,1023,0,302,347,305,501,324,305,473,710,691,305,224
467,1023,0,465,1023,0,286,340,305,525,331,305,473,723,679,305,224
437,1023,0,243,1023,0,236,329,305,489,322,305,473,748,733,305,224
440,1023,0,261,1023,0,292,353,305,504,331,305,473,718,696,305,224
467,1023,0,290,1023,0,254,337,305,466,321,305,473,731,715,305,224
501,1023,0,399,1023,0,334,361,305,493,321,305,473,754,725,305,224
423,1023,0,326,1023,0,230,328,305,498,319,305,473,736,709,305,224
430,1023,0,304,1023,0,178,318,305,460,322,305,473,712,700,305,224
272,1023,0,224,1023,0,538,602,305,548,343,305,473,665,647,305,224
548,1023,0,656,1023,0,531,549,305,585,356,305,473,779,741,305,224
577,1023,0,593,1023,0,662,700,305,616,370,305,473,756,728,305,224
453,1023,0,316,1023,0,262,344,305,508,330,305,474,749,736,305,224
356,1023,0,301,1023,0,226,322,305,485,315,305,474,739,703,305,224
272,1023,0,438,1023,0,529,572,305,717,546,305,474,819,781,305,224
517,1023,0,398,1023,0,422,425,305,558,334,305,474,735,720,305,224
498,1023,0,512,1023,0,245,325,305,583,354,305,474,724,671,305,224
601,1023,0,535,1023,0,304,338,305,486,320,305,474,792,753,305,224
319,1023,0,232,1023,0,152,319,305,482,317,305,474,707,700,305,224
295,1023,0,184,1023,0,234,328,305,410,315,305,474,698,677,305,224
423,1023,0,454,1023,0,247,326,305,511,324,305,474,744,702,305,224
527,1023,0,365,1023,0,264,331,305,485,322,305,474,761,738,305,224
340,1023,0,189,1023,0,97,316,305,387,322,305,474,716,697,305,224
463,1023,0,389,1023,0,493,530,305,526,330,305,474,752,738,305,224
303,1023,0,153,1023,0,648,731,305,601,384,305,474,682,665,305,224
354,1023,0,347,1023,0,271,335,305,497,327,305,474,726,714,305,224
473,1023,0,324,1023,0,452,458,305,506,327,305,474,729,691,305,224
467,1023,0,350,1023,0,265,338,305,542,334,305,474,742,712,305,224
438,1023,0,362,1023,0,275,338,305,497,324,305,474,734,722,305,224
491,1023,0,278,1023,0,643,718,305,585,369,305,474,728,696,305,224
571,1023,0,401,1023,0,290,340,305,506,325,305,474,747,722,305,224
250,1023,0,117,1023,0,220,326,305,427,315,305,474,707,694,305,224
629,1023,0,583,1023,0,279,332,305,523,323,305,474,758,735,305,224
510,1023,0,350,1023,0,401,412,305,518,327,305,474,764,744,305,224
671,1023,0,855,1023,0,336,351,305,564,339,305,474,768,714,305,224
570,1023,0,349,1023,0,236,325,305,493,324,305,475,762,747,305,224
303,1023,0,140,1023,0,403,436,305,382,311,305,475,672,655,305,224
514,1023,0,293,1023,0,320,351,305,508,320,305,475,764,740,305,224
418,1023,0,232,1023,0,200,317,305,466,316,305,475,716,692,305,224
563,1023,0,340,1023,0,257,333,305,526,333,305,475,773,742,305,224
451,1023,0,341,1023,0,240,332,305,499,329,305,475,667,651,305,224
702,1023,0,478,1023,0,277,329,305,535,331,305,475,771,749,305,224
303,1023,0,239,1023,0,259,338,305,463,322,305,475,642,627,305,224
325,1023,0,189,1023,0,239,330,305,447,315,305,475,707,691,305,224
377,1023,0,202,1023,0,215,323,305,493,329,305,475,704,679,305,224
574,1023,0,469,1023,0,245,334,305,497,329,305,475,753,736,305,224
465,1023,0,348,1023,0,312,352,305,503,326,305,475,739,704,305,224
296,1023,0,165,1023,0,60,313,305,420,314,305,475,641,628,305,224
314,1023,0,131,1023,0,49,309,305,489,321,305,475,611,601,305,224
456,1023,0,410,1023,0,405,394,305,547,336,305,475,757,739,305,224
384,1023,0,344,1023,0,242,333,305,465,323,305,475,733,700,305,224
602,1023,0,551,1023,0,317,351,305,575,361,305,475,794,716,305,224
373,1023,0,291,1023,0,177,319,305,492,326,305,475,758,744,305,224
362,1023,0,243,1023,0,258,343,305,513,335,305,475,696,682,305,224
448,1023,0,369,1023,0,205,322,305,474,318,305,475,760,752,305,224
432,1023,0,374,1023,0,538,579,305,561,343,305,475,751,740,305,224
410,1023,0,306,1023,0,233,321,305,469,315,305,475,733,721,305,224
470,1023,0,293,1023,0,282,338,305,525,333,305,475,751,741,305,224
397,1023,0,205,1023,0,224,331,305,483,322,305,475,724,710,305,224
294,1023,0,145,1023,0,194,323,305,461,325,305,475,730,716,305,224
542,1023,0,536,1023,0,336,354,305,561,346,305,475,742,687,305,224
447,1023,0,379,1023,0,310,346,305,557,338,305,476,780,753,305,224
422,1023,0,339,1023,0,224,322,305,476,314,305,476,742,720,305,224
433,1023,0,388,1023,0,231,332,305,536,332,305,476,731,689,305,224
324,1023,0,165,1023,0,134,319,305,445,316,305,476,677,659,305,224
342,1023,0,214,1023,0,248,336,305,486,326,305,476,730,708,305,224
507,1023,0,280,1023,0,266,335,305,490,322,305,476,751,734,305,224
403,1023,0,248,1023,0,227,330,305,506,324,305,476,725,707,305,224
407,1023,0,297,1023,0,241,327,305,502,321,305,476,731,717,305,224
388,1023,0,587,1023,0,252,330,305,539,335,305,476,756,734,305,224
398,1023,0,257,1023,0,326,361,305,513,336,305,476,713,697,305,224
410,1023,0,439,1023,0,192,319,305,469,317,305,476,562,511,305,224
408,1023,0,290,1023,0,473,503,305,540,344,305,476,749,725,305,224
501,1023,0,295,1023,0,250,332,305,514,322,305,476,731,709,305,224
348,1023,0,290,1023,0,339,367,305,471,319,305,476,688,677,305,224
336,1023,0,333,1023,0,314,359,305,518,323,305,476,739,722,305,224
477,1023,0,442,1023,0,250,338,305,501,327,305,476,707,694,305,224
286,1023,0,155,1023,0,171,321,305,392,311,305,476,715,708,305,224
349,1023,0,172,1023,0,233,329,305,490,319,305,476,706,676,305,224
544,1023,0,491,1023,0,338,357,305,567,342,305,476,762,738,305,224
439,1023,0,380,1023,0,270,341,305,526,338,305,476,757,744,305,224
409,1023,0,275,1023,0,222,332,305,503,326,305,476,783,764,305,224
482,1023,0,514,1023,0,262,334,305,638,417,305,476,743,718,305,224
335,1023,0,329,1023,0,160,328,305,483,323,305,476,683,665,305,232
295,1023,0,205,1023,0,211,324,305,430,316,305,476,735,703,305,232
301,1023,0,150,1023,0,179,316,305,423,314,305,476,681,663,305,232
470,1023,0,439,1023,0,281,338,305,511,330,305,476,745,727,305,232
252,1023,0,167,1023,0,100,316,305,401,317,305,476,596,586,305,232
472,1023,0,350,1023,0,238,334,305,493,330,305,476,742,717,305,232
319,1023,0,247,1023,0,210,321,305,459,318,305,476,717,704,305,232
246,1023,0,299,1023,0,245,335,305,506,333,305,477,712,702,305,232
582,1023,0,497,1023,0,335,363,305,537,334,305,477,734,701,305,232
500,1023,0,562,1023,0,285,346,305,554,341,305,477,772,740,305,232
372,1023,0,241,1023,0,205,327,305,491,323,305,477,721,707,305,232
460,1023,0,278,1023,0,203,323,305,466,326,305,477,728,694,305,232
369,1023,0,239,1023,0,258,328,305,478,316,305,477,732,709,305,232
451,1023,0,332,1023,0,285,335,305,533,328,305,477,774,755,305,232
477,1023,0,178,1023,0,158,317,305,425,319,305,477,711,676,305,232
338,1023,0,174,1023,0,240,333,305,467,326,305,477,708,696,305,232
393,1023,0,380,1023,0,257,336,305,489,323,305,477,736,705,305,232
536,1023,0,334,1023,0,345,360,305,530,331,305,477,694,673,305,232
349,1023,0,215,1023,0,511,566,305,522,337,305,477,566,538,305,232
546,1023,0,356,1023,0,272,344,305,490,329,305,477,762,726,305,232
376,1023,0,329,1023,0,253,330,305,503,324,305,477,721,692,305,232
372,1023,0,206,1023,0,151,317,305,459,318,305,477,721,692,305,232
396,1023,0,364,1023,0,234,323,305,525,336,305,477,735,701,305,232
412,1023,0,286,1023,0,233,329,305,493,321,305,477,757,725,305,232
395,1023,0,195,1023,0,250,333,305,439,315,305,477,716,696,305,232
433,1023,0,305,1023,0,240,332,305,497,326,305,477,752,736,305,232
434,1023,0,252,1023,0,271,334,305,464,326,305,477,750,726,305,232
366,1023,0,249,1023,0,144,325,305,478,324,305,477,725,708,305,232
565,1023,0,576,1023,0,327,368,305,557,345,305,477,764,740,305,232
453,1023,0,290,1023,0,265,340,305,462,323,305,477,753,736,305,232
506,1023,0,356,1023,0,216,328,305,470,317,305,477,733,718,305,232
507,1023,0,428,1023,0,215,326,305,528,328,305,477,727,709,305,232
523,1023,0,427,1023,0,231,328,305,513,325,305,477,762,746,305,232
536,1023,0,418,1023,0,238,325,305,493,320,305,477,734,709,305,232
473,1023,0,414,1023,0,196,324,305,497,326,305,477,757,740,305,232
437,1023,0,523,1023,0,278,340,305,534,333,305,477,769,751,305,232
281,1023,0,358,1023,0,260,337,305,506,328,305,477,728,715,305,232
441,1023,0,322,1023,0,229,331,305,526,333,305,477,699,669,305,232
421,1023,0,248,1023,0,97,315,305,513,325,305,477,718,690,305,232
434,1023,0,200,1023,0,678,740,305,624,398,305,477,696,656,305,232
509,1023,0,442,1023,0,273,335,305,500,322,305,478,726,676,305,232
348,1023,0,349,1023,0,180,322,305,472,319,305,478,728,711,305,232
386,1023,0,273,1023,0,101,315,305,443,316,305,478,698,683,305,232
367,1023,0,153,1023,0,225,327,305,476,324,305,478,687,669,305,232
365,1023,0,361,1023,0,285,338,305,525,332,305,478,792,773,305,232
482,1023,0,315,1023,0,244,335,305,510,328,305,478,730,714,305,232
471,1023,0,334,1023,0,271,329,305,518,321,305,478,756,739,305,232
557,1023,0,289,1023,0,395,387,305,510,323,305,478,735,700,305,232
327,1023,0,145,1023,0,189,317,305,388,314,305,478,703,693,305,232
451,1023,0,450,1023,0,219,326,305,482,317,305,478,796,759,305,232
612,1023,0,640,1023,0,244,328,305,531,333,305,478,741,715,305,232
329,1023,0,198,1023,0,239,326,305,438,317,305,478,712,689,305,232
392,1023,0,295,1023,0,518,568,305,547,338,305,478,733,717,305,232
456,1023,0,432,1023,0,301,345,305,532,338,305,478,736,707,305,232
475,1023,0,344,1023,0,208,319,305,458,320,305,478,747,705,305,232
380,1023,0,267,1023,0,123,320,305,446,320,305,478,701,673,305,232
399,1023,0,215,1023,0,283,343,305,464,315,305,478,719,703,305,232
355,1023,0,240,1023,0,340,369,305,504,330,305,478,681,664,305,232
369,1023,0,361,1023,0,244,334,305,513,329,305,478,691,661,305,232
742,1023,0,686,1023,0,357,344,305,562,327,305,478,798,773,305,232
328,1023,0,262,1023,0,221,333,305,486,327,305,478,707,686,305,232
337,1023,0,184,1023,0,179,322,305,409,316,305,478,706,680,305,232
368,1023,0,221,1023,0,246,332,305,496,328,305,478,736,713,305,232
305,1023,0,175,1023,0,200,322,305,457,316,305,478,705,696,305,232
600,1023,0,640,1023,0,321,341,305,572,340,305,478,770,737,305,232
442,1023,0,270,1023,0,205,325,305,496,325,305,478,735,704,305,232
380,1023,0,293,1023,0,225,328,305,449,314,305,478,754,739,305,232
406,1023,0,240,1023,0,192,320,305,443,315,305,478,733,711,305,232
439,1023,0,352,1023,0,246,329,305,484,323,305,478,742,693,305,232
304,1023,0,237,1023,0,256,326,305,470,319,305,478,755,730,305,232
342,1023,0,216,1023,0,654,724,305,608,389,305,478,710,698,305,232
438,1023,0,437,1023,0,250,332,305,509,334,305,478,724,703,305,232
340,1023,0,253,1023,0,221,327,305,498,323,305,478,743,732,305,232
499,1023,0,589,1023,0,285,333,305,529,330,305,479,793,721,305,232
291,1023,0,188,1023,0,303,358,305,476,320,305,479,675,666,305,232
305,1023,0,232,1023,0,227,329,305,462,322,305,479,708,695,305,232
309,1023,0,160,1023,0,423,460,305,546,349,305,479,627,598,305,232
350,1023,0,368,1023,0,208,322,305,504,327,305,479,748,732,305,232
353,1023,0,457,1023,0,271,337,305,521,323,305,479,724,705,305,232
363,1023,0,285,1023,0,365,382,305,512,328,305,479,728,714,305,232
285,1023,0,233,1023,0,154,319,305,467,322,305,479,700,690,305,232
391,1023,0,281,1023,0,219,327,305,490,324,305,479,735,709,305,232
504,1023,0,450,1023,0,293,346,305,516,323,305,479,753,731,305,232
278,1023,0,463,1023,0,299,341,305,534,334,305,479,737,720,305,232
336,1023,0,216,1023,0,256,337,305,495,323,305,479,719,697,305,232
698,1023,0,736,1023,0,339,356,305,566,341,305,479,759,712,305,232
776,1023,0,688,1023,0,332,346,305,741,522,305,479,799,754,305,232
398,1023,0,398,1023,0,611,661,305,575,349,305,479,762,733,305,232
426,1023,0,202,1023,0,206,325,305,433,314,305,479,722,698,305,232
310,1023,0,205,1023,0,268,332,305,485,322,305,479,730,718,305,232
467,1023,0,346,1023,0,249,340,305,510,331,305,479,743,723,305,232
319,1023,0,191,1023,0,250,327,305,459,317,305,479,693,678,305,232
397,1023,0,245,1023,0,203,322,305,493,324,305,479,733,721,305,232
323,1023,0,173,1023,0,162,317,305,311,311,305,479,725,700,305,232
365,1023,0,381,1023,0,261,327,305,671,456,305,479,761,743,305,232
435,1023,0,374,1023,0,298,351,305,522,323,305,479,760,737,305,232
402,1023,0,283,1023,0,183,320,305,483,321,305,479,734,707,305,232
648,1023,0,373,1023,0,413,411,305,528,337,305,479,760,742,305,232
373,1023,0,336,1023,0,250,330,305,505,322,305,479,726,707,305,232
364,1023,0,273,1023,0,174,320,305,498,316,305,479,733,703,305,232
388,1023,0,296,1023,0,284,340,305,502,328,305,479,707,683,305,232
481,1023,0,318,1023,0,257,337,305,524,332,305,479,733,716,305,232
432,1023,0,336,1023,0,428,430,305,527,326,305,480,738,716,305,232
500,1023,0,195,1023,0,643,642,305,590,343,305,480,656,618,305,232
446,1023,0,291,1023,0,301,346,305,462,317,305,480,738,710,305,232
422,1023,0,305,1023,0,239,330,305,520,330,305,480,721,697,305,232
323,1023,0,281,1023,0,246,327,305,502,324,305,480,718,694,305,240
621,1023,0,567,1023,0,355,371,305,557,342,305,480,763,743,305,240
379,1023,0,268,1023,0,328,363,305,461,319,305,480,722,711,305,240
585,1023,0,429,1023,0,283,334,305,516,328,305,480,742,718,305,240
399,1023,0,221,1023,0,681,753,305,619,400,305,480,737,723,305,240
509,1023,0,361,1023,0,261,336,305,503,328,305,480,712,666,305,240
419,1023,0,244,1023,0,243,330,305,501,326,305,480,720,693,305,240
419,1023,0,288,1023,0,219,323,305,481,323,305,480,732,717,305,240
243,1023,0,177,1023,0,151,323,305,444,321,305,480,679,658,305,240
517,1023,0,352,1023,0,268,333,305,502,326,305,480,774,749,305,240
511,1023,0,324,1023,0,282,339,305,515,330,305,480,775,762,305,240
393,1023,0,270,1023,0,208,320,305,498,323,305,480,677,657,305,240
354,1023,0,208,1023,0,205,325,305,500,329,305,480,706,678,305,240
430,1023,0,517,1023,0,266,326,305,710,489,305,480,753,720,305,240
438,1023,0,292,1023,0,203,323,305,493,321,305,480,737,719,305,240
331,1023,0,148,1023,0,179,317,305,455,314,305,480,695,669,305,240
288,1023,0,162,1023,0,216,324,305,468,320,305,480,731,714,305,240
387,1023,0,300,1023,0,209,320,305,499,325,305,480,727,688,305,240
483,1023,0,364,1023,0,261,340,305,532,331,305,480,811,792,305,240
341,1023,0,193,1023,0,220,322,305,461,317,305,480,689,671,305,240
299,1023,0,176,1023,0,116,320,305,479,322,305,480,699,681,305,240
319,1023,0,163,1023,0,179,321,305,437,317,305,480,690,679,305,240
418,1023,0,286,1023,0,407,422,305,502,328,305,480,680,643,305,240
338,1023,0,195,1023,0,250,335,305,529,334,305,480,692,665,305,240
462,1023,0,295,1023,0,638,702,305,603,376,305,480,722,703,305,240
456,1023,0,252,1023,0,218,323,305,477,320,305,481,715,707,305,240
435,1023,0,362,1023,0,218,330,305,486,327,305,481,754,738,305,240
364,1023,0,197,1023,0,244,335,305,463,324,305,481,725,708,305,240
300,1023,0,255,1023,0,259,330,305,498,325,305,481,734,718,305,240
609,1023,0,448,1023,0,231,332,305,538,328,305,481,740,693,305,240
433,1023,0,352,1023,0,210,331,305,508,321,305,481,735,722,305,240
300,1023,0,422,1023,0,225,326,305,515,329,305,481,709,686,305,240
413,1023,0,427,1023,0,293,344,305,545,334,305,481,756,736,305,240
409,1023,0,519,1023,0,288,344,305,536,332,305,481,742,718,305,240
467,1023,0,349,1023,0,198,323,305,513,329,305,481,732,703,305,240
416,1023,0,328,1023,0,335,367,305,504,329,305,481,738,725,305,240
524,1023,0,463,1023,0,263,334,305,541,333,305,481,736,712,305,240
356,1023,0,282,1023,0,151,320,305,495,325,305,481,732,707,305,240
431,1023,0,305,1023,0,176,318,305,483,320,305,481,721,696,305,240
397,1023,0,274,1023,0,151,314,305,472,320,305,481,720,694,305,240
486,1023,0,258,1023,0,212,321,305,470,320,305,481,750,732,305,240
398,1023,0,351,1023,0,244,328,305,459,320,305,481,737,718,305,240
349,1023,0,187,1023,0,477,525,305,475,323,305,481,721,687,305,240
418,1023,0,382,1023,0,406,423,305,469,319,305,481,716,698,305,240
471,1023,0,407,1023,0,345,363,305,552,339,305,481,789,763,305,240
447,1023,0,600,1023,0,347,359,305,572,343,305,481,725,703,305,240
324,1023,0,345,1023,0,216,328,305,531,338,305,481,736,705,305,240
317,1023,0,190,1023,0,204,327,305,476,325,305,481,659,647,305,240
455,1023,0,449,1023,0,276,335,305,491,323,305,481,754,736,305,240
430,1023,0,280,1023,0,151,316,305,446,319,305,481,728,716,305,240
474,1023,0,488,1023,0,557,580,305,583,357,305,481,747,708,305,240
452,1023,0,367,1023,0,287,341,305,491,325,305,481,731,706,305,240
414,1023,0,340,1023,0,219,319,305,500,324,305,482,740,705,305,240
393,1023,0,277,1023,0,277,339,305,527,334,305,482,734,720,305,240
358,1023,0,234,1023,0,714,785,305,635,412,305,482,733,706,305,240
347,1023,0,261,1023,0,249,327,305,517,332,305,482,750,735,305,240
265,1023,0,363,1023,0,224,322,305,542,335,305,482,752,735,305,240
457,1023,0,266,1023,0,300,343,305,529,334,305,482,746,737,305,240
496,1023,0,500,1023,0,268,332,305,533,335,305,482,762,730,305,240
403,1023,0,279,1023,0,309,348,305,476,317,305,482,763,733,305,240
484,1023,0,386,1023,0,724,784,305,646,423,305,482,732,687,305,240
418,1023,0,594,1023,0,255,327,305,734,542,305,482,839,792,305,240
687,1023,0,366,1023,0,325,355,305,531,340,305,482,771,761,305,240
448,1023,0,315,1023,0,306,344,305,499,322,305,482,772,748,305,240
293,1023,0,155,1023,0,247,330,305,495,327,305,482,718,704,305,240
380,1023,0,275,1023,0,97,319,305,448,318,305,482,705,672,305,240
313,1023,0,359,1023,0,326,366,305,549,346,305,482,750,728,305,240
405,1023,0,250,1023,0,550,604,305,540,341,305,482,753,727,305,240
487,1023,0,276,1023,0,241,326,305,502,320,305,482,737,712,305,240
353,1023,0,240,1023,0,239,327,305,502,325,305,482,758,747,305,240
492,1023,0,273,1023,0,366,382,305,481,322,305,482,726,714,305,240
368,1023,0,163,1023,0,171,325,305,420,317,305,482,726,684,305,240
524,1023,0,510,1023,0,546,563,305,586,358,305,482,731,685,305,240
389,1023,0,395,1023,0,623,677,305,594,366,305,482,716,690,305,240
400,1023,0,249,1023,0,365,384,305,536,335,305,482,737,715,305,240
403,1023,0,194,1023,0,164,324,305,418,312,305,482,753,744,305,240
338,1023,0,246,1023,0,218,327,305,423,318,305,482,729,719,305,240
564,1023,0,574,1023,0,632,664,305,604,362,305,482,806,778,305,240
450,1023,0,362,1023,0,282,340,305,534,334,305,482,729,705,305,240
335,1023,0,268,1023,0,286,350,305,518,343,305,482,735,717,305,240
532,1023,0,417,1023,0,282,332,305,519,325,305,483,749,721,305,240
582,1023,0,411,1023,0,256,343,305,547,334,305,483,755,738,305,240
452,1023,0,254,1023,0,259,334,305,504,323,305,483,735,722,305,240
367,1023,0,234,1023,0,164,319,305,453,319,305,483,691,663,305,240
343,1023,0,340,1023,0,332,360,305,510,323,305,483,691,655,305,240
452,1023,0,276,1023,0,408,400,305,511,324,305,483,729,715,305,240
436,1023,0,533,1023,0,321,347,305,498,326,305,483,748,723,305,240
336,1023,0,210,1023,0,209,323,305,496,319,305,483,708,679,305,240
510,1023,0,520,1023,0,346,360,305,523,326,305,483,778,756,305,240
358,1023,0,263,1023,0,221,323,305,462,314,305,483,722,696,305,240
317,1023,0,193,1023,0,278,354,305,471,322,305,483,696,673,305,240
443,1023,0,291,1023,0,291,350,305,514,333,305,483,700,682,305,240
294,1023,0,331,1023,0,226,322,305,468,322,305,483,733,718,305,240
344,1023,0,223,1023,0,212,329,305,456,319,305,483,719,699,305,240
518,1023,0,422,1023,0,284,334,305,527,332,305,483,764,737,305,240
407,1023,0,490,1023,0,256,331,305,531,331,305,483,740,722,305,240
457,1023,0,302,1023,0,229,325,305,531,328,305,483,739,704,305,240
695,1023,0,680,1023,0,337,344,305,555,334,305,483,842,789,305,240
537,1023,0,335,1023,0,226,328,305,470,317,305,483,696,681,305,240
209,1023,0,180,1023,0,142,318,305,435,320,305,483,707,704,305,240
399,1023,0,221,1023,0,200,324,305,470,323,305,483,676,663,305,240
400,1023,0,294,1023,0,312,358,305,490,324,305,483,740,715,305,240
311,1023,0,152,1023,0,392,420,305,471,323,305,483,657,647,305,240
582,1023,0,434,1023,0,230,325,305,530,332,305,483,730,693,305,240
499,1023,0,415,1023,0,288,340,305,533,334,305,483,742,708,305,240
451,1023,0,300,1023,0,131,320,305,449,317,305,483,739,726,305,248
424,1023,0,223,1023,0,277,348,305,495,322,305,483,705,672,305,248
378,1023,0,380,1023,0,222,330,305,531,335,305,483,736,706,305,248
372,1023,0,223,1023,0,235,330,305,472,319,305,483,703,685,305,248
423,1023,0,205,1023,0,260,335,305,459,314,305,483,745,730,305,248
444,1023,0,363,1023,0,237,329,305,524,326,305,483,737,717,305,248
473,1023,0,408,1023,0,615,653,305,580,354,305,483,725,700,305,248
479,1023,0,431,1023,0,216,331,305,498,322,305,483,736,719,305,248
284,1023,0,146,1023,0,170,326,305,457,323,305,484,716,703,305,248
374,1023,0,249,1023,0,476,492,305,488,326,305,484,716,677,305,248
339,1023,0,124,1023,0,209,325,305,414,311,305,484,721,713,305,248
431,1023,0,313,1023,0,236,335,305,510,332,305,484,735,722,305,248
515,1023,0,298,1023,0,227,322,305,497,320,305,484,722,694,305,248
477,1023,0,370,1023,0,266,328,305,504,326,305,484,737,721,305,248
283,1023,0,129,1023,0,209,320,305,419,314,305,484,713,700,305,248
328,1023,0,217,1023,0,199,325,305,482,318,305,484,702,695,305,248
378,1023,0,187,1023,0,195,322,305,439,319,305,484,698,684,305,248
497,1023,0,366,1023,0,478,493,305,537,330,305,484,725,697,305,248
548,1023,0,409,1023,0,291,333,305,537,336,305,484,757,719,305,248
408,1023,0,310,1023,0,325,362,305,443,313,305,484,756,744,305,248
447,1023,0,253,1023,0,202,329,305,522,325,305,484,721,697,305,248
580,1023,0,811,1023,0,509,507,305,571,347,305,484,781,751,305,248
430,1023,0,400,1023,0,205,326,305,504,325,305,484,725,703,305,248
300,1023,0,234,1023,0,548,609,305,547,344,305,484,713,704,305,248
362,1023,0,210,1023,0,237,334,305,430,316,305,484,757,744,305,248
667,1023,0,459,1023,0,253,323,305,509,320,305,484,779,703,305,248
413,1023,0,277,1023,0,191,323,305,446,313,305,484,714,687,305,248
411,1023,0,316,1023,0,510,550,305,565,344,305,484,720,685,305,248
456,1023,0,325,1023,0,267,338,305,529,330,305,484,718,690,305,248
413,1023,0,330,1023,0,236,334,305,497,325,305,484,735,704,305,248
477,1023,0,294,1023,0,159,321,305,557,345,305,484,745,713,305,248
500,1023,0,377,1023,0,257,335,305,484,322,305,484,750,736,305,248
368,1023,0,240,1023,0,193,318,305,426,315,305,484,709,689,305,248
433,1023,0,292,1023,0,246,333,305,519,326,305,484,767,744,305,248
278,1023,0,177,1023,0,178,316,305,413,312,305,484,689,679,305,248
375,1023,0,189,1023,0,199,324,305,503,321,305,484,721,699,305,248
319,1023,0,305,1023,0,278,336,305,469,319,305,484,706,681,305,248
439,1023,0,433,1023,0,302,346,305,519,325,305,484,706,665,305,248
309,1023,0,146,1023,0,149,322,305,474,325,305,484,660,652,305,248
337,1023,0,443,1023,0,253,334,305,533,339,305,484,714,695,305,248
483,1023,0,355,1023,0,262,339,305,500,326,305,484,700,686,305,248
463,1023,0,290,1023,0,351,373,305,496,320,305,484,731,699,305,248
345,1023,0,225,1023,0,211,324,305,442,321,305,485,693,679,305,248
350,1023,0,261,1023,0,198,322,305,511,328,305,485,742,724,305,248
416,1023,0,302,1023,0,259,320,305,495,319,305,485,735,716,305,248
398,1023,0,324,1023,0,234,328,305,505,320,305,485,727,693,305,248
426,1023,0,444,1023,0,243,329,305,466,321,305,485,736,713,305,248
442,1023,0,364,1023,0,289,345,305,501,328,305,485,701,686,305,248
412,1023,0,366,1023,0,275,333,305,512,325,305,485,752,731,305,248
480,1023,0,409,1023,0,446,442,305,533,332,305,485,706,693,305,248
329,1023,0,150,1023,0,118,313,305,478,316,305,485,639,626,305,248
307,1023,0,260,1023,0,397,424,305,488,331,305,485,729,721,305,248
393,1023,0,325,1023,0,264,337,305,507,330,305,485,730,700,305,248
391,1023,0,234,1023,0,433,457,305,491,327,305,485,707,673,305,248
486,1023,0,251,1023,0,217,319,305,493,318,305,485,713,668,305,248
263,1023,0,183,1023,0,165,313,305,455,319,305,485,690,682,305,248
433,1023,0,425,1023,0,292,341,305,500,320,305,485,704,687,305,248
351,1023,0,192,1023,0,174,322,305,503,325,305,485,692,676,305,248
310,1023,0,128,1023,0,173,320,305,478,320,305,485,703,697,305,248
448,1023,0,466,1023,0,260,335,305,510,328,305,485,744,725,305,248
314,1023,0,128,1023,0,106,315,305,335,310,305,485,697,675,305,248
428,1023,0,269,1023,0,244,328,305,483,319,305,485,735,711,305,248
516,1023,0,370,1023,0,269,345,305,529,330,305,485,709,663,305,248
500,1023,0,378,1023,0,226,329,305,497,325,305,485,732,701,305,248
254,1023,0,125,1023,0,219,331,305,471,327,305,485,701,693,305,248
435,1023,0,502,1023,0,297,345,305,524,327,305,485,751,706,305,248
424,1023,0,344,1023,0,236,330,305,479,323,305,485,708,694,305,248
449,1023,0,289,1023,0,249,338,305,521,333,305,485,749,730,305,248
433,1023,0,332,1023,0,504,527,305,518,326,305,485,742,719,305,248
392,1023,0,364,1023,0,234,324,305,502,321,305,485,726,699,305,248
381,1023,0,329,1023,0,244,329,305,501,328,305,485,742,727,305,248
427,1023,0,296,1023,0,235,333,305,574,353,305,485,749,736,305,248
364,1023,0,259,1023,0,194,328,305,497,324,305,486,707,667,305,248
413,1023,0,255,1023,0,214,327,305,491,326,305,486,763,744,305,248
316,1023,0,224,1023,0,215,323,305,492,319,305,486,766,755,305,248
428,1023,0,272,1023,0,270,332,305,511,329,305,486,751,733,305,248
400,1023,0,202,1023,0,221,324,305,489,324,305,486,720,696,305,248
518,1023,0,394,1023,0,523,547,305,552,337,305,486,750,730,305,248
432,1023,0,320,1023,0,232,325,305,485,322,305,486,730,698,305,248
404,1023,0,323,1023,0,235,333,305,499,328,305,486,769,731,305,248
366,1023,0,337,1023,0,181,322,305,509,327,305,486,704,689,305,248
474,1023,0,313,1023,0,245,326,305,484,319,305,486,727,701,305,248
459,1023,0,258,1023,0,179,318,305,480,321,305,486,722,675,305,248
589,1023,0,532,1023,0,285,334,305,526,329,305,486,807,780,305,248
400,1023,0,274,1023,0,409,425,305,524,333,305,486,724,706,305,248
389,1023,0,339,1023,0,552,591,305,554,337,305,486,726,711,305,248
482,1023,0,341,1023,0,225,332,305,513,333,305,486,703,658,305,248
454,1023,0,336,1023,0,259,326,305,494,322,305,486,778,740,305,248
379,1023,0,397,1023,0,754,820,305,663,451,305,486,697,666,305,248
348,1023,0,246,1023,0,188,317,305,391,316,305,486,727,715,305,248
305,1023,0,241,1023,0,244,329,305,493,325,305,486,746,736,305,248
496,1023,0,397,1023,0,197,324,305,496,324,305,486,743,717,305,248
377,1023,0,304,1023,0,236,329,305,477,318,305,486,739,726,305,248
452,1023,0,604,1023,0,261,338,305,522,335,305,486,748,728,305,248
333,1023,0,147,1023,0,181,326,305,435,315,305,486,704,687,305,248
474,1023,0,358,1023,0,656,712,305,604,374,305,486,761,746,305,248
354,1023,0,348,1023,0,318,350,305,498,319,305,486,687,648,305,248
407,1023,0,287,1023,0,481,507,305,514,325,305,486,727,702,305,248
254,1023,0,93,991,0,172,317,305,404,309,305,486,697,695,305,248
273,1023,0,184,1023,0,182,321,305,450,323,305,486,699,678,305,248
464,1023,0,276,1023,0,168,315,305,420,314,305,486,703,670,305,248
479,1023,0,311,1023,0,250,322,305,482,326,305,486,760,741,305,248
441,1023,0,261,1023,0,139,318,305,502,319,305,486,765,751,305,248
351,1023,0,254,1023,0,528,574,305,553,338,305,487,728,701,305,248
450,1023,0,399,1023,0,263,331,305,517,329,305,487,746,722,305,248
657,1023,0,537,1023,0,680,720,305,632,390,305,487,799,739,305,248
393,1023,0,249,1023,0,240,331,305,467,319,305,487,735,710,305,248
481,1023,0,532,1023,0,249,329,305,528,329,305,487,720,693,305,248
466,1023,0,365,1023,0,308,344,305,546,333,305,487,753,724,305,248
400,1023,0,257,1023,0,243,325,305,475,318,305,487,762,728,305,248
382,1023,0,575,1023,0,277,337,305,566,353,305,487,755,736,305,248
304,1023,0,226,1023,0,209,326,305,479,322,305,487,693,686,305,248
289,1023,0,171,1023,0,206,331,305,474,316,305,487,674,663,305,248
298,1023,0,181,1023,0,442,485,305,493,321,305,487,699,688,305,248
290,1023,0,244,1023,0,246,336,305,472,323,305,487,707,701,305,248
374,1023,0,188,1023,0,241,330,305,450,317,305,487,692,666,305,248
403,1023,0,352,1023,0,294,339,305,510,328,305,487,754,744,305,248
417,1023,0,299,1023,0,264,334,305,471,324,305,487,741,720,305,248
451,1023,0,233,1023,0,183,321,305,491,319,305,487,681,660,305,248
339,1023,0,256,1023,0,605,666,305,583,357,305,487,680,661,305,256
351,1023,0,273,1023,0,180,319,305,497,323,305,487,713,689,305,256
314,1023,0,249,1023,0,233,326,305,497,320,305,487,709,672,305,256
359,1023,0,275,1023,0,233,335,305,512,329,305,487,726,711,305,256
499,1023,0,468,1023,0,355,373,305,548,336,305,487,764,737,305,256
623,1023,0,431,1023,0,402,423,305,509,328,305,487,747,728,305,256
546,1023,0,583,1023,0,316,352,305,535,337,305,487,771,742,305,256
402,1023,0,276,1023,0,228,331,305,429,314,305,487,714,701,305,256
434,1023,0,334,1023,0,288,341,305,511,327,305,487,719,699,305,256
278,1023,0,182,1023,0,528,590,305,540,342,305,487,710,699,305,256
437,1023,0,290,1023,0,213,322,305,423,313,305,487,745,702,305,256
424,1023,0,324,1023,0,326,361,305,512,332,305,487,740,718,305,256
396,1023,0,211,1023,0,214,323,305,485,325,305,487,697,676,305,256
325,1023,0,334,1023,0,169,321,305,490,323,305,487,735,720,305,256
426,1023,0,302,1023,0,300,356,305,544,344,305,487,725,710,305,256
496,1023,0,478,1023,0,346,360,305,510,328,305,487,816,780,305,256
381,1023,0,236,1023,0,214,330,305,469,321,305,488,713,688,305,256
430,1023,0,298,1023,0,584,638,305,562,345,305,488,716,691,305,256
355,1023,0,213,1023,0,248,331,305,489,318,305,488,743,729,305,256
501,1023,0,465,1023,0,647,695,305,597,364,305,488,706,674,305,256
322,1023,0,456,1023,0,238,327,305,513,327,305,488,690,670,305,256
327,1023,0,325,1023,0,265,339,305,512,320,305,488,755,727,305,256
527,1023,0,572,1023,0,268,326,305,520,326,305,488,741,705,305,256
647,1023,0,812,1023,0,299,334,305,565,337,305,488,740,716,305,256
387,1023,0,341,1023,0,195,324,305,506,324,305,488,752,739,305,256
642,1023,0,520,1023,0,282,334,305,532,326,305,488,744,708,305,256
354,1023,0,231,1023,0,176,324,305,496,327,305,488,715,704,305,256
256,1023,0,196,1023,0,619,699,305,580,369,305,488,706,696,305,256
546,1023,0,361,1023,0,238,326,305,528,326,305,488,727,694,305,256
346,1023,0,277,1023,0,230,338,305,489,331,305,488,739,710,305,256
333,1023,0,178,1023,0,369,393,305,479,318,305,488,696,682,305,256
603,1023,0,488,1023,0,271,332,305,524,325,305,488,766,735,305,256
363,1023,0,288,1023,0,576,629,305,581,355,305,488,744,733,305,256
450,1023,0,424,1023,0,277,325,305,534,324,305,488,767,732,305,256
384,1023,0,314,1023,0,180,317,305,498,326,305,488,721,709,305,256
416,1023,0,331,1023,0,244,328,305,513,325,305,488,741,720,305,256
510,1023,0,405,1023,0,440,444,305,522,335,305,488,765,715,305,256
513,1023,0,382,1023,0,229,324,305,477,321,305,488,758,726,305,256
442,1023,0,517,1023,0,384,398,305,556,340,305,488,697,686,305,256
721,1023,0,743,1023,0,372,385,305,580,359,305,488,778,737,305,256
401,1023,0,357,1023,0,247,326,305,508,324,305,488,747,734,305,256
400,1023,0,287,1023,0,433,445,305,554,336,305,488,689,669,305,256
447,1023,0,314,1023,0,500,522,305,517,324,305,488,765,750,305,256
301,1023,0,274,1023,0,202,319,305,529,332,305,488,677,640,305,256
418,1023,0,369,1023,0,285,341,305,525,329,305,488,738,710,305,256
326,1023,0,121,1023,0,323,362,305,466,315,305,488,732,719,305,256
423,1023,0,272,1023,0,315,348,305,419,313,305,488,703,667,305,256
377,1023,0,174,1023,0,309,350,305,384,313,305,488,708,696,305,256
316,1023,0,297,1023,0,257,331,305,504,324,305,488,719,702,305,256
346,1023,0,225,1023,0,203,327,305,485,326,305,488,701,682,305,256
311,1023,0,264,1023,0,267,343,305,502,324,305,489,716,705,305,256
322,1023,0,239,1023,0,206,328,305,495,324,305,489,726,705,305,256
395,1023,0,387,1023,0,335,373,305,507,329,305,489,754,734,305,256
355,1023,0,196,1023,0,229,328,305,488,320,305,489,736,721,305,256
565,1023,0,400,1023,0,274,336,305,508,328,305,489,785,761,305,256
350,1023,0,163,1023,0,101,314,305,408,313,305,489,656,635,305,256
404,1023,0,226,1023,0,214,320,305,459,321,305,489,732,717,305,256
315,1023,0,219,1023,0,151,316,305,473,313,305,489,697,684,305,256
462,1023,0,390,1023,0,285,336,305,499,328,305,489,741,724,305,256
466,1023,0,335,1023,0,231,326,305,480,323,305,489,746,688,305,256
410,1023,0,220,1023,0,187,324,305,494,322,305,489,714,702,305,256
400,1023,0,219,1023,0,230,323,305,469,317,305,489,732,721,305,256
547,1023,0,580,1023,0,331,357,305,566,337,305,489,760,728,305,256
312,1023,0,272,1023,0,267,336,305,504,326,305,489,732,716,305,256
328,1023,0,163,1023,0,169,317,305,444,314,305,489,745,729,305,256
347,1023,0,268,1023,0,258,342,305,520,331,305,489,712,691,305,256
309,1023,0,155,1023,0,165,317,305,391,312,305,489,703,683,305,256
385,1023,0,202,1023,0,241,328,305,483,323,305,489,712,684,305,256
338,1023,0,175,1023,0,393,412,305,494,323,305,489,730,703,305,256
658,1023,0,772,1023,0,495,538,305,569,358,305,489,774,748,305,256
463,1023,0,338,1023,0,244,335,305,456,319,305,489,727,710,305,256
639,1023,0,542,1023,0,447,443,305,555,336,305,489,722,697,305,256
419,1023,0,321,1023,0,191,318,305,485,316,305,489,774,750,305,256
594,1023,0,484,1023,0,421,423,305,555,344,305,489,797,740,305,256
360,1023,0,232,1023,0,217,332,305,493,327,305,489,753,729,305,256
349,1023,0,141,1023,0,742,797,305,654,434,305,489,708,692,305,256
719,1023,0,816,1023,0,331,344,305,565,336,305,489,755,709,305,256
419,1023,0,314,1023,0,286,338,305,504,322,305,489,727,711,305,256
381,1023,0,362,1023,0,261,330,305,502,327,305,489,690,649,305,256
544,1023,0,617,1023,0,338,357,305,534,336,305,489,752,725,305,256
736,1023,0,682,1023,0,264,345,305,523,327,305,490,824,775,305,256
339,1023,0,232,1023,0,589,636,305,578,353,305,490,726,701,305,256
561,1023,0,314,1023,0,287,345,305,536,331,305,490,775,729,305,256
440,1023,0,363,1023,0,291,337,305,519,334,305,490,728,706,305,256
469,1023,0,330,1023,0,234,321,305,402,318,305,490,775,751,305,256
454,1023,0,295,1023,0,275,337,305,535,337,305,490,768,747,305,256
387,1023,0,260,1023,0,247,326,305,506,329,305,490,727,706,305,256
377,1023,0,227,1023,0,258,332,305,521,330,305,490,719,702,305,256
386,1023,0,225,1023,0,130,317,305,458,318,305,490,690,662,305,256
480,1023,0,341,1023,0,541,573,305,557,342,305,490,743,714,305,256
466,1023,0,461,1023,0,319,362,305,557,356,305,490,758,719,305,256
326,1023,0,238,1023,0,208,327,305,440,319,305,490,707,690,305,256
266,1023,0,161,1023,0,169,318,305,497,326,305,490,635,623,305,256
333,1023,0,218,1023,0,244,339,305,486,326,305,490,718,699,305,256
471,1023,0,417,1023,0,153,318,305,447,316,305,490,749,727,305,256
274,1023,0,162,1023,0,171,322,305,363,319,305,490,684,677,305,256
355,1023,0,153,1023,0,206,326,305,404,313,305,490,706,690,305,256
401,1023,0,226,1023,0,231,332,305,499,327,305,490,738,729,305,256
352,1023,0,185,1023,0,190,322,305,422,317,305,490,721,703,305,256
463,1023,0,319,1023,0,268,331,305,525,326,305,490,742,726,305,256
365,1023,0,351,1023,0,269,341,305,522,328,305,490,699,690,305,256
445,1023,0,432,1023,0,287,345,305,459,319,305,490,729,710,305,256
429,1023,0,335,1023,0,244,334,305,522,326,305,490,718,663,305,256
384,1023,0,356,1023,0,235,329,305,505,328,305,490,752,729,305,256
705,1023,0,445,1023,0,324,356,305,547,342,305,490,736,713,305,256
431,1023,0,324,1023,0,249,329,305,482,319,305,490,747,722,305,256
478,1023,0,335,1023,0,246,340,305,527,335,305,490,760,738,305,256
372,1023,0,206,1023,0,259,338,305,468,324,305,490,711,694,305,256
286,1023,0,166,1023,0,189,321,305,361,314,305,490,670,648,305,256
377,1023,0,227,1023,0,242,330,305,448,315,305,490,726,694,305,256
460,1023,0,410,1023,0,192,322,305,489,324,305,490,743,705,305,256
512,1023,0,287,1023,0,569,596,305,569,339,305,491,709,686,305,256
464,1023,0,742,1023,0,325,349,305,560,345,305,491,762,735,305,256
479,1023,0,230,1023,0,240,323,305,475,320,305,491,730,721,305,256
751,1023,0,692,1023,0,329,339,305,529,325,305,491,827,753,305,256
360,1023,0,198,1023,0,210,322,305,470,322,305,491,720,682,305,256
431,1023,0,396,1023,0,204,330,305,491,326,305,491,751,735,305,256
433,1023,0,426,1023,0,265,333,305,522,327,305,491,742,725,305,256
439,1023,0,286,1023,0,280,339,305,495,323,305,491,755,738,305,256
345,1023,0,225,1023,0,142,313,305,480,321,305,491,717,704,305,256
362,1023,0,202,1023,0,214,322,305,439,318,305,491,703,690,305,264
422,1023,0,287,1023,0,230,325,305,489,319,305,491,725,698,305,264
511,1023,0,344,1023,0,253,328,305,468,319,305,491,749,733,305,264
433,1023,0,412,1023,0,272,334,305,532,330,305,491,739,718,305,264
428,1023,0,208,1023,0,357,387,305,492,320,305,491,722,709,305,264
474,1023,0,396,1023,0,322,353,305,542,333,305,491,721,695,305,264
466,1023,0,388,1023,0,239,330,305,492,323,305,491,725,703,305,264
433,1023,0,297,1023,0,235,333,305,497,326,305,491,735,710,305,264
281,1023,0,117,1023,0,200,327,305,423,315,305,491,630,616,305,264
487,1023,0,308,1023,0,364,378,305,502,324,305,491,753,731,305,264
665,1023,0,767,1023,0,403,382,305,585,350,305,491,728,698,305,264
402,1023,0,279,1023,0,216,324,305,420,317,305,491,730,697,305,264
473,1023,0,196,1023,0,257,328,305,500,321,305,491,715,691,305,264
375,1023,0,281,1023,0,225,328,305,471,322,305,491,755,741,305,264
296,1023,0,101,991,0,53,318,305,438,315,305,491,680,662,305,264
530,1023,0,396,1023,0,310,351,305,528,338,305,491,745,713,305,264
335,1023,0,408,1023,0,265,337,305,535,340,305,491,727,696,305,264
310,1023,0,103,1023,0,156,316,305,0,310,305,491,677,668,305,264
425,1023,0,296,1023,0,242,327,305,496,320,305,491,709,696,305,264
405,1023,0,283,1023,0,546,578,305,546,338,305,491,704,683,305,264
428,1023,0,291,1023,0,243,326,305,506,322,305,492,717,690,305,264
455,1023,0,376,1023,0,166,315,305,489,326,305,492,754,722,305,264
320,1023,0,165,1023,0,201,327,305,480,320,305,492,678,665,305,264
534,1023,0,582,1023,0,549,584,305,563,346,305,492,772,736,305,264
476,1023,0,387,1023,0,251,330,305,497,327,305,492,750,716,305,264
434,1023,0,282,1023,0,223,330,305,487,322,305,492,739,714,305,264
378,1023,0,189,1023,0,159,319,305,432,318,305,492,771,760,305,264
504,1023,0,350,1023,0,252,335,305,501,325,305,492,770,755,305,264
301,1023,0,283,1023,0,192,316,305,684,488,305,492,765,731,305,264
411,1023,0,353,1023,0,389,396,305,504,326,305,492,724,684,305,264
409,1023,0,222,1023,0,237,334,305,497,326,305,492,707,695,305,264
357,1023,0,246,1023,0,236,328,305,499,322,305,492,731,700,305,264
368,1023,0,445,1023,0,194,323,305,507,328,305,492,729,712,305,264
473,1023,0,408,1023,0,324,356,305,547,337,305,492,742,720,305,264
246,1023,0,109,1023,0,163,322,305,505,325,305,492,690,679,305,264
521,1023,0,573,1023,0,277,341,305,533,332,305,492,763,738,305,264
383,1023,0,223,1023,0,128,317,305,442,318,305,492,705,691,305,264
349,1023,0,283,1023,0,650,723,305,601,381,305,492,706,680,305,264
478,1023,0,431,1023,0,408,417,305,525,325,305,492,721,680,305,264
377,1023,0,217,1023,0,300,347,305,480,321,305,492,698,686,305,264
361,1023,0,177,1023,0,202,323,305,464,321,305,492,703,683,305,264
472,1023,0,334,1023,0,402,413,305,532,335,305,492,734,714,305,264
292,1023,0,168,1023,0,255,337,305,495,324,305,492,710,685,305,264
398,1023,0,264,1023,0,653,719,305,608,380,305,492,698,681,305,264
514,1023,0,465,1023,0,299,343,305,552,343,305,492,759,732,305,264
347,1023,0,306,1023,0,215,323,305,521,334,305,492,721,703,305,264
390,1023,0,277,1023,0,275,339,305,505,330,305,492,758,743,305,264
372,1023,0,252,1023,0,212,319,305,516,325,305,493,742,722,305,264
401,1023,0,298,1023,0,246,324,305,416,318,305,493,724,713,305,264
357,1023,0,273,1023,0,218,329,305,492,320,305,493,711,679,305,264
562,1023,0,480,1023,0,272,337,305,511,329,305,493,725,678,305,264
378,1023,0,265,1023,0,174,324,305,472,323,305,493,754,740,305,264
423,1023,0,208,1023,0,565,617,305,550,338,305,493,737,726,305,264
553,1023,0,547,1023,0,286,341,305,544,335,305,493,751,731,305,264
407,1023,0,403,1023,0,309,352,305,527,334,305,493,784,768,305,264
307,1023,0,251,1023,0,228,326,305,479,319,305,493,691,672,305,264
404,1023,0,392,1023,0,663,715,305,634,392,305,493,763,724,305,264
266,1023,0,128,1023,0,228,328,305,361,314,305,493,703,693,305,264
669,1023,0,410,1023,0,313,337,305,545,335,305,493,813,787,305,264
309,1023,0,140,1023,0,234,334,305,439,315,305,493,732,723,305,264
476,1023,0,317,1023,0,208,326,305,502,319,305,493,752,743,305,264
538,1023,0,595,1023,0,281,343,305,532,332,305,493,769,742,305,264
265,1023,0,309,1023,0,187,320,305,534,333,305,493,733,705,305,264
514,1023,0,568,1023,0,213,323,305,707,486,305,493,789,762,305,264
477,1023,0,312,1023,0,269,332,305,525,326,305,493,744,711,305,264
452,1023,0,344,1023,0,230,326,305,495,322,305,493,696,653,305,264
484,1023,0,354,1023,0,734,782,305,655,422,305,493,739,706,305,264
517,1023,0,342,1023,0,497,520,305,511,332,305,493,701,649,305,264
503,1023,0,269,1023,0,374,380,305,528,324,305,493,724,692,305,264
339,1023,0,306,1023,0,234,336,305,452,325,305,493,735,708,305,264
297,1023,0,306,1023,0,353,377,305,501,324,305,493,713,692,305,264
402,1023,0,249,1023,0,384,398,305,438,322,305,493,748,723,305,264
434,1023,0,356,1023,0,263,333,305,516,324,305,493,751,711,305,264
308,1023,0,186,1023,0,205,327,305,495,323,305,493,730,719,305,264
420,1023,0,335,1023,0,296,344,305,488,321,305,493,733,701,305,264
354,1023,0,181,1023,0,134,325,305,505,325,305,493,671,656,305,264
653,1023,0,593,1023,0,308,342,305,542,331,305,493,748,702,305,264
381,1023,0,224,1023,0,256,342,305,476,322,305,494,718,702,305,264
532,1023,0,305,1023,0,263,338,305,523,335,305,494,721,692,305,264
363,1023,0,255,1023,0,250,328,305,473,323,305,494,685,667,305,264
517,1023,0,334,1023,0,249,331,305,504,329,305,494,719,686,305,264
389,1023,0,247,1023,0,182,316,305,473,320,305,494,646,615,305,264
330,1023,0,182,1023,0,238,334,305,509,329,305,494,725,716,305,264
463,1023,0,550,1023,0,251,330,305,554,339,305,494,771,726,305,264
312,1023,0,96,997,0,231,330,305,437,319,305,494,664,653,305,264
390,1023,0,219,1023,0,241,336,305,478,321,305,494,728,722,305,264
378,1023,0,270,1023,0,216,320,305,435,314,305,494,704,666,305,264
494,1023,0,430,1023,0,245,332,305,501,327,305,494,741,718,305,264
311,1023,0,251,1023,0,284,346,305,496,321,305,494,662,652,305,264
521,1023,0,523,1023,0,299,344,305,549,336,305,494,750,727,305,264
448,1023,0,372,1023,0,337,365,305,526,327,305,494,730,673,305,264
377,1023,0,303,1023,0,256,337,305,502,326,305,494,730,699,305,264
352,1023,0,234,1023,0,453,471,305,520,331,305,494,739,724,305,264
310,1023,0,151,1023,0,159,316,305,441,320,305,494,696,671,305,264
338,1023,0,168,1023,0,366,395,305,461,316,305,494,719,712,305,264
389,1023,0,205,1023,0,205,331,305,474,319,305,494,715,694,305,264
666,1023,0,585,1023,0,277,329,305,510,323,305,494,780,752,305,264
588,1023,0,423,1023,0,282,331,305,511,324,305,494,741,712,305,264
471,1023,0,390,1023,0,278,339,305,524,331,305,494,720,685,305,272
317,1023,0,264,1023,0,317,357,305,537,346,305,494,713,691,305,272
370,1023,0,180,1023,0,224,322,305,488,320,305,494,753,745,305,272
319,1023,0,208,1023,0,214,325,305,458,318,305,494,706,695,305,272
426,1023,0,306,1023,0,192,324,305,459,324,305,494,709,688,305,272
509,1023,0,482,1023,0,250,327,305,695,477,305,494,770,722,305,272
461,1023,0,463,1023,0,253,334,305,505,327,305,495,732,700,305,272
566,1023,0,417,1023,0,318,333,305,567,338,305,495,796,721,305,272
367,1023,0,272,1023,0,253,332,305,499,321,305,495,737,720,305,272
378,1023,0,395,1023,0,651,711,305,605,373,305,495,736,701,305,272
352,1023,0,231,1023,0,256,333,305,484,317,305,495,718,708,305,272
408,1023,0,611,1023,0,385,406,305,591,372,305,495,804,782,305,272
440,1023,0,187,1023,0,294,344,305,432,322,305,495,741,726,305,272
304,1023,0,121,1023,0,137,317,305,362,309,305,495,695,676,305,272
490,1023,0,580,1023,0,259,329,305,563,340,305,495,751,713,305,272
324,1023,0,340,1023,0,340,368,305,503,323,305,495,719,705,305,272
444,1023,0,276,1023,0,304,347,305,503,327,305,495,736,715,305,272
447,1023,0,409,1023,0,260,335,305,517,331,305,495,758,740,305,272
522,1023,0,462,1023,0,303,346,305,529,333,305,495,737,721,305,272
381,1023,0,212,1023,0,187,318,305,496,324,305,495,734,721,305,272
319,1023,0,400,1023,0,298,352,305,510,338,305,495,705,690,305,272
618,1023,0,557,1023,0,439,429,305,558,338,305,495,768,744,305,272
480,1023,0,319,1023,0,270,336,305,523,329,305,495,709,686,305,272
332,1023,0,201,1023,0,137,316,305,440,315,305,495,687,670,305,272
399,1023,0,205,1023,0,147,315,305,371,315,305,495,722,706,305,272
270,1023,0,96,1023,0,118,317,305,293,310,305,495,694,684,305,272
392,1023,0,357,1023,0,263,340,305,516,327,305,495,721,697,305,272
381,1023,0,212,1023,0,502,537,305,537,333,305,495,737,724,305,272
310,1023,0,239,1023,0,169,323,305,482,325,305,495,709,692,305,272
393,1023,0,361,1023,0,290,345,305,496,328,305,495,715,672,305,272
245,1023,0,213,1023,0,182,322,305,491,321,305,495,709,699,305,272
513,1023,0,340,1023,0,269,337,305,525,329,305,495,740,704,305,272
351,1023,0,399,1023,0,451,463,305,494,326,305,495,718,702,305,272
336,1023,0,215,1023,0,187,325,305,467,321,305,495,697,683,305,272
344,1023,0,210,1023,0,230,325,305,517,323,305,495,683,662,305,272
493,1023,0,338,1023,0,211,323,305,491,320,305,496,731,692,305,272
432,1023,0,330,1023,0,259,336,305,498,329,305,496,732,722,305,272
401,1023,0,435,1023,0,286,341,305,517,329,305,496,737,713,305,272
451,1023,0,315,1023,0,244,332,305,482,317,305,496,683,668,305,272
666,1023,0,524,1023,0,294,345,305,537,338,305,496,796,778,305,272
541,1023,0,497,1023,0,275,338,305,552,335,305,496,762,738,305,272
425,1023,0,392,1023,0,198,325,305,662,445,305,496,769,748,305,272
379,1023,0,385,1023,0,182,318,305,489,324,305,496,716,698,305,272
494,1023,0,415,1023,0,252,326,305,483,322,305,496,737,714,305,272
447,1023,0,435,1023,0,574,621,305,568,345,305,496,740,710,305,272
404,1023,0,298,1023,0,192,319,305,500,323,305,496,720,699,305,272
306,1023,0,194,1023,0,220,324,305,520,330,305,496,711,678,305,272
409,1023,0,309,1023,0,359,383,305,452,319,305,496,728,694,305,272
451,1023,0,377,1023,0,251,336,305,502,326,305,496,714,697,305,272
323,1023,0,269,1023,0,220,322,305,487,324,305,496,725,704,305,272
374,1023,0,356,1023,0,204,333,305,512,330,305,496,736,718,305,272
433,1023,0,273,1023,0,269,337,305,459,316,305,496,731,718,305,272
613,1023,0,475,1023,0,225,323,305,535,326,305,496,762,742,305,272
296,1023,0,110,1023,0,195,318,305,454,319,305,496,686,679,305,272
433,1023,0,587,1023,0,570,616,305,608,379,305,496,788,750,305,272
396,1023,0,279,1023,0,296,343,305,492,327,305,496,761,744,305,272
380,1023,0,203,1023,0,191,319,305,423,313,305,496,741,724,305,272
368,1023,0,335,1023,0,138,323,305,539,336,305,496,652,617,305,272
259,1023,0,415,1023,0,274,340,305,532,342,305,496,767,749,305,272
428,1023,0,464,1023,0,282,337,305,527,333,305,496,748,729,305,272
442,1023,0,316,1023,0,266,331,305,452,325,305,496,751,730,305,272
590,1023,0,451,1023,0,224,323,305,475,322,305,496,776,762,305,272
447,1023,0,280,1023,0,284,346,305,500,321,305,496,712,688,305,272
365,1023,0,238,1023,0,620,676,305,589,361,305,496,706,677,305,272
427,1023,0,356,1023,0,271,337,305,469,319,305,496,722,695,305,272
320,1023,0,174,1023,0,161,316,305,367,311,305,496,657,644,305,272
516,1023,0,376,1023,0,265,333,305,519,331,305,496,736,716,305,272
411,1023,0,503,1023,0,294,352,305,524,332,305,497,759,731,305,272
578,1023,0,358,1023,0,259,336,305,511,331,305,497,735,712,305,272
471,1023,0,262,1023,0,197,318,305,457,314,305,497,715,693,305,272
434,1023,0,252,1023,0,230,322,305,485,319,305,497,730,706,305,272
361,1023,0,231,1023,0,273,337,305,457,319,305,497,724,713,305,272
481,1023,0,425,1023,0,237,327,305,524,330,305,497,782,745,305,272
506,1023,0,372,1023,0,317,350,305,519,330,305,497,720,703,305,272
651,1023,0,458,1023,0,288,340,305,546,334,305,497,743,716,305,272
452,1023,0,354,1023,0,286,337,305,529,331,305,497,770,742,305,272
584,1023,0,402,1023,0,284,346,305,530,331,305,497,740,729,305,272
451,1023,0,348,1023,0,233,334,305,522,336,305,497,689,656,305,272
403,1023,0,249,1023,0,274,338,305,480,322,305,497,721,693,305,272
347,1023,0,242,1023,0,212,327,305,511,323,305,497,708,680,305,272
378,1023,0,289,1023,0,240,332,305,495,325,305,497,728,708,305,272
293,1023,0,162,1023,0,194,321,305,386,315,305,497,730,722,305,272
471,1023,0,351,1023,0,633,690,305,607,369,305,497,754,726,305,272
457,1023,0,620,1023,0,201,323,305,561,348,305,497,728,700,305,272
434,1023,0,345,1023,0,362,369,305,487,322,305,497,729,710,305,272
390,1023,0,233,1023,0,252,339,305,504,329,305,497,716,699,305,272
400,1023,0,298,1023,0,244,328,305,455,318,305,497,714,674,305,272
312,1023,0,155,1023,0,189,324,305,487,321,305,497,735,708,305,272
345,1023,0,171,1023,0,223,331,305,491,321,305,497,712,695,305,272
365,1023,0,240,1023,0,247,332,305,517,330,305,497,667,634,305,272
519,1023,0,394,1023,0,259,333,305,524,329,305,497,715,687,305,272
330,1023,0,206,1023,0,192,325,305,385,316,305,497,701,687,305,272
455,1023,0,478,1023,0,273,333,305,549,336,305,497,730,679,305,272
578,1023,0,564,1023,0,421,416,305,557,340,305,497,766,724,305,272
359,1023,0,224,1023,0,273,341,305,481,323,305,497,669,632,305,272
448,1023,0,298,1023,0,280,336,305,515,328,305,497,780,758,305,272
422,1023,0,267,1023,0,252,331,305,516,325,305,497,721,708,305,272
473,1023,0,258,1023,0,238,327,305,497,328,305,497,742,731,305,272
375,1023,0,337,1023,0,307,350,305,509,322,305,497,762,748,305,272
381,1023,0,198,1023,0,127,322,305,378,314,305,497,628,602,305,272
496,1023,0,288,1023,0,213,327,305,492,321,305,497,713,684,305,272
776,1023,0,785,1023,0,375,383,305,592,360,305,497,820,788,305,272
354,1023,0,278,1023,0,270,343,305,526,332,305,497,747,733,305,280
314,1023,0,406,1023,0,385,421,305,483,334,305,498,746,729,305,280
396,1023,0,264,1023,0,259,337,305,511,327,305,498,713,698,305,280
527,1023,0,348,1023,0,404,408,305,526,329,305,498,739,698,305,280
510,1023,0,407,1023,0,260,329,305,509,330,305,498,760,748,305,280
291,1023,0,211,1023,0,186,321,305,422,316,305,498,706,693,305,280
402,1023,0,305,1023,0,240,337,305,535,329,305,498,733,713,305,280
359,1023,0,324,1023,0,445,464,305,552,349,305,498,752,730,305,280
422,1023,0,313,1023,0,266,346,305,536,337,305,498,735,711,305,280
453,1023,0,269,1023,0,606,667,305,572,350,305,498,707,689,305,280
446,1023,0,535,1023,0,377,383,305,544,334,305,498,774,751,305,280
463,1023,0,286,1023,0,484,503,305,528,332,305,498,725,707,305,280
499,1023,0,324,1023,0,327,353,305,544,342,305,498,741,719,305,280
457,1023,0,371,1023,0,240,327,305,500,323,305,498,724,701,305,280
471,1023,0,482,1023,0,282,340,305,543,335,305,498,771,746,305,280
301,1023,0,508,1023,0,259,329,305,564,340,305,498,763,737,305,280
401,1023,0,337,1023,0,302,343,305,548,342,305,498,728,702,305,280
311,1023,0,164,1023,0,66,317,305,429,315,305,498,734,726,305,280
407,1023,0,337,1023,0,235,322,305,478,326,305,498,730,720,305,280
436,1023,0,320,1023,0,486,506,305,553,340,305,498,730,702,305,280
500,1023,0,420,1023,0,269,338,305,524,330,305,498,751,722,305,280
416,1023,0,296,1023,0,111,311,305,390,314,305,498,730,715,305,280
466,1023,0,293,1023,0,191,321,305,454,319,305,498,735,720,305,280
520,1023,0,327,1023,0,587,623,305,587,352,305,498,605,530,305,280
460,1023,0,217,1023,0,285,339,305,476,316,305,498,741,714,305,280
342,1023,0,275,1023,0,568,640,305,534,341,305,498,729,708,305,280
413,1023,0,278,1023,0,291,342,305,529,332,305,498,736,715,305,280
421,1023,0,294,1023,0,187,322,305,487,316,305,498,710,691,305,280
391,1023,0,320,1023,0,157,317,305,461,318,305,498,700,682,305,280
420,1023,0,263,1023,0,171,325,305,490,331,305,498,747,723,305,280
393,1023,0,519,1023,0,244,338,305,523,333,305,498,756,723,305,280
425,1023,0,255,1023,0,257,335,305,401,314,305,498,714,692,305,280
343,1023,0,210,1023,0,124,318,305,483,322,305,498,716,702,305,280
372,1023,0,192,1023,0,201,324,305,476,322,305,498,706,691,305,280
529,1023,0,488,1023,0,273,328,305,517,327,305,498,719,670,305,280
380,1023,0,198,1023,0,201,317,305,507,325,305,498,736,724,305,280
337,1023,0,220,1023,0,219,329,305,473,330,305,498,710,695,305,280
348,1023,0,255,1023,0,256,332,305,451,315,305,498,747,725,305,280
419,1023,0,216,1023,0,159,321,305,440,315,305,499,712,697,305,280
570,1023,0,353,1023,0,281,340,305,525,327,305,499,726,704,305,280
425,1023,0,279,1023,0,205,329,305,500,330,305,499,740,719,305,280
425,1023,0,299,1023,0,251,326,305,509,327,305,499,713,692,305,280
401,1023,0,200,1023,0,213,323,305,454,316,305,499,715,691,305,280
531,1023,0,460,1023,0,385,368,305,530,324,305,499,769,742,305,280
509,1023,0,292,1023,0,194,320,305,477,317,305,499,724,702,305,280
449,1023,0,363,1023,0,209,323,305,511,326,305,499,729,703,305,280
396,1023,0,433,1023,0,246,335,305,497,327,305,499,744,725,305,280
453,1023,0,392,1023,0,263,332,305,515,324,305,499,728,704,305,280
369,1023,0,246,1023,0,204,322,305,469,324,305,499,740,723,305,280
352,1023,0,176,1023,0,349,382,305,437,317,305,499,684,667,305,280
409,1023,0,264,1023,0,214,328,305,501,329,305,499,726,700,305,280
292,1023,0,186,1023,0,464,507,305,511,334,305,499,709,692,305,280
417,1023,0,350,1023,0,223,328,305,502,323,305,499,738,700,305,280
359,1023,0,282,1023,0,215,327,305,490,324,305,499,715,678,305,280
515,1023,0,294,1023,0,237,324,305,513,323,305,499,722,676,305,280
445,1023,0,432,1023,0,355,372,305,504,324,305,499,745,715,305,280
519,1023,0,294,1023,0,591,632,305,572,343,305,499,708,689,305,280
423,1023,0,227,1023,0,204,327,305,516,330,305,499,722,687,305,280
459,1023,0,421,1023,0,243,330,305,505,327,305,499,719,683,305,280
421,1023,0,316,1023,0,205,327,305,497,328,305,499,700,681,305,280
336,1023,0,298,1023,0,197,320,305,501,325,305,499,705,684,305,280
393,1023,0,408,1023,0,322,350,305,549,339,305,499,732,691,305,280
404,1023,0,214,1023,0,230,325,305,475,323,305,499,716,704,305,280
521,1023,0,533,1023,0,236,323,305,544,335,305,499,741,687,305,280
380,1023,0,284,1023,0,194,318,305,479,320,305,499,739,702,305,280
371,1023,0,308,1023,0,313,345,305,506,330,305,499,729,707,305,280
490,1023,0,392,1023,0,274,327,305,527,325,305,499,734,687,305,280
378,1023,0,357,1023,0,200,318,305,504,325,305,499,729,698,305,280
435,1023,0,163,1023,0,213,325,305,388,316,305,499,720,709,305,280
461,1023,0,396,1023,0,362,388,305,530,335,305,499,799,775,305,280
654,1023,0,647,1023,0,882,913,305,760,592,305,499,771,736,305,280
444,1023,0,447,1023,0,282,347,305,524,327,305,499,769,745,305,280
361,1023,0,293,1023,0,244,329,305,486,329,305,500,717,702,305,280
474,1023,0,508,1023,0,556,595,305,562,341,305,500,753,731,305,280
484,1023,0,306,1023,0,268,331,305,512,328,305,500,734,719,305,280
568,1023,0,636,1023,0,412,437,305,540,339,305,500,764,721,305,280
532,1023,0,321,1023,0,195,317,305,431,316,305,500,752,730,305,280
464,1023,0,384,1023,0,279,344,305,522,332,305,500,748,714,305,280
450,1023,0,257,1023,0,205,324,305,510,325,305,500,761,746,305,280
264,1023,0,176,1023,0,135,317,305,382,315,305,500,699,689,305,280
363,1023,0,292,1023,0,219,329,305,506,330,305,500,716,683,305,280
531,1023,0,480,1023,0,249,332,305,520,329,305,500,722,695,305,280
356,1023,0,179,1023,0,525,582,305,531,343,305,500,707,698,305,280
350,1023,0,264,1023,0,270,332,305,514,331,305,500,716,695,305,280
422,1023,0,322,1023,0,302,359,305,543,340,305,500,762,749,305,280
374,1023,0,379,1023,0,256,334,305,519,335,305,500,740,729,305,280
388,1023,0,187,1023,0,194,324,305,486,327,305,500,713,702,305,280
771,1023,0,697,1023,0,436,408,305,569,337,305,500,758,723,305,280
392,1023,0,219,1023,0,198,322,305,447,320,305,500,740,729,305,280
281,1023,0,136,1023,0,105,312,305,402,311,305,500,722,711,305,280
473,1023,0,444,1023,0,710,764,305,641,411,305,500,716,680,305,280
423,1023,0,370,1023,0,326,352,305,513,322,305,500,765,719,305,280
415,1023,0,384,1023,0,257,329,305,501,325,305,500,763,751,305,280
469,1023,0,441,1023,0,305,346,305,527,331,305,500,749,731,305,280
354,1023,0,255,1023,0,227,323,305,470,316,305,500,665,638,305,280
396,1023,0,331,1023,0,252,326,305,517,329,305,500,741,718,305,280
368,1023,0,352,1023,0,174,322,305,501,323,305,500,704,663,305,280
431,1023,0,380,1023,0,291,344,305,513,331,305,500,756,742,305,280
442,1023,0,343,1023,0,275,338,305,537,332,305,500,742,715,305,280
305,1023,0,182,1023,0,224,328,305,496,327,305,500,706,692,305,280
377,1023,0,296,1023,0,334,373,305,509,329,305,500,736,701,305,280
317,1023,0,173,1023,0,174,317,305,384,313,305,500,710,686,305,280
360,1023,0,222,1023,0,224,325,305,437,319,305,500,725,709,305,280
357,1023,0,215,1023,0,210,326,305,450,316,305,500,725,709,305,280
387,1023,0,411,1023,0,275,345,305,522,332,305,500,792,775,305,280
459,1023,0,276,1023,0,232,325,305,487,318,305,500,738,725,305,280
513,1023,0,342,1023,0,553,585,305,562,343,305,500,768,754,305,280
264,1023,0,141,1023,0,145,319,305,302,312,305,500,686,673,305,280
534,1023,0,442,1023,0,262,331,305,507,321,305,500,746,723,305,280
463,1023,0,507,1023,0,231,325,305,518,327,305,501,730,692,305,280
237,1023,0,292,1023,0,232,326,305,619,424,305,501,683,678,305,280
556,1023,0,512,1023,0,249,337,305,541,334,305,501,735,683,305,280
322,1023,0,232,1023,0,200,322,305,481,318,305,501,696,670,305,280
425,1023,0,360,1023,0,221,334,305,530,333,305,501,751,737,305,280
508,1023,0,347,1023,0,226,328,305,477,318,305,501,748,733,305,280
346,1023,0,216,1023,0,208,327,305,521,334,305,501,667,648,305,280
274,1023,0,239,1023,0,128,316,305,478,323,305,501,668,657,305,280
334,1023,0,185,1023,0,182,323,305,491,321,305,501,706,693,305,280
451,1023,0,515,1023,0,226,322,305,453,316,305,501,709,653,305,280
349,1023,0,175,1023,0,455,475,305,454,320,305,501,702,691,305,280
417,1023,0,292,1023,0,207,318,305,512,323,305,501,744,723,305,280
382,1023,0,221,1023,0,194,319,305,102,308,305,501,722,712,305,280
283,1023,0,195,1023,0,174,321,305,482,323,305,501,712,705,305,280
468,1023,0,355,1023,0,279,339,305,498,328,305,501,728,710,305,280
386,1023,0,335,1023,0,282,344,305,548,336,305,501,731,697,305,280
723,1023,0,632,1023,0,733,761,305,662,420,305,501,786,758,305,280
363,1023,0,437,1023,0,196,323,305,448,321,305,501,735,720,305,280
403,1023,0,287,1023,0,259,335,305,519,330,305,501,754,725,305,280
501,1023,0,302,1023,0,209,320,305,464,314,305,501,697,672,305,280
549,1023,0,521,1023,0,262,332,305,516,320,305,501,751,721,305,280
585,1023,0,565,1023,0,484,486,305,564,344,305,501,780,741,305,280
423,1023,0,421,1023,0,221,319,305,515,325,305,501,675,647,305,280
492,1023,0,430,1023,0,229,327,305,532,335,305,501,760,696,305,288
519,1023,0,285,1023,0,274,338,305,488,318,305,501,697,664,305,288
361,1023,0,280,1023,0,196,322,305,459,322,305,501,723,700,305,288
468,1023,0,452,1023,0,469,460,305,566,341,305,501,755,732,305,288
436,1023,0,314,1023,0,415,410,305,498,317,305,501,718,695,305,288
508,1023,0,396,1023,0,290,350,305,519,335,305,501,690,663,305,288
323,1023,0,193,1023,0,206,334,305,491,326,305,501,710,693,305,288
409,1023,0,474,1023,0,279,332,305,561,342,305,501,704,643,305,288
318,1023,0,300,1023,0,212,328,305,476,324,305,501,730,721,305,288
391,1023,0,249,1023,0,271,335,305,519,330,305,501,727,710,305,288
481,1023,0,327,1023,0,244,331,305,516,327,305,502,703,690,305,288
404,1023,0,304,1023,0,214,324,305,511,322,305,502,741,729,305,288
572,1023,0,335,1023,0,308,352,305,516,327,305,502,724,698,305,288
315,1023,0,300,1023,0,244,336,305,531,337,305,502,702,691,305,288
331,1023,0,302,1023,0,159,314,305,492,318,305,502,723,707,305,288
385,1023,0,232,1023,0,199,322,305,489,320,305,502,657,637,305,288
323,1023,0,341,1023,0,747,819,305,661,460,305,502,721,706,305,288
421,1023,0,513,1023,0,251,333,305,517,335,305,502,787,762,305,288
389,1023,0,411,1023,0,258,338,305,502,324,305,502,700,678,305,288
598,1023,0,401,1023,0,285,354,305,536,340,305,502,793,779,305,288
652,1023,0,512,1023,0,294,341,305,556,336,305,502,730,671,305,288
342,1023,0,218,1023,0,157,320,305,459,318,305,502,741,734,305,288
461,1023,0,315,1023,0,280,340,305,522,326,305,502,728,692,305,288
540,1023,0,361,1023,0,285,347,305,513,334,305,502,750,718,305,288
375,1023,0,367,1023,0,237,325,305,505,326,305,502,735,709,305,288
414,1023,0,303,1023,0,392,396,305,493,326,305,502,730,700,305,288
285,1023,0,90,866,0,17,312,305,409,313,305,502,685,662,305,288
583,1023,0,469,1023,0,273,344,305,527,332,305,502,776,746,305,288
431,1023,0,409,1023,0,245,341,305,503,331,305,502,740,718,305,288
382,1023,0,360,1023,0,264,337,305,515,328,305,502,740,719,305,288
506,1023,0,269,1023,0,260,332,305,503,323,305,502,773,757,305,288
336,1023,0,193,1023,0,415,435,305,464,318,305,502,691,673,305,288
451,1023,0,281,1023,0,196,325,305,501,326,305,502,723,707,305,288
397,1023,0,269,1023,0,245,328,305,493,322,305,502,771,757,305,288
457,1023,0,277,1023,0,322,352,305,504,326,305,502,736,716,305,288
326,1023,0,249,1023,0,260,338,305,486,324,305,502,722,701,305,288
386,1023,0,331,1023,0,199,326,305,612,394,305,502,767,755,305,288
371,1023,0,328,1023,0,235,332,305,455,325,305,502,742,724,305,288
359,1023,0,214,1023,0,185,319,305,510,330,305,502,714,693,305,288
397,1023,0,213,1023,0,469,497,305,467,326,305,502,759,748,305,288
488,1023,0,370,1023,0,235,331,305,520,329,305,502,746,723,305,288
371,1023,0,221,1023,0,176,322,305,425,316,305,502,727,695,305,288
313,1023,0,291,1023,0,336,376,305,478,321,305,502,736,710,305,288
697,1023,0,763,1023,0,523,585,305,605,365,305,502,792,730,305,288
415,1023,0,302,1023,0,267,340,305,500,323,305,502,731,702,305,288
452,1023,0,492,1023,0,295,351,305,547,348,305,502,750,713,305,288
446,1023,0,372,1023,0,247,333,305,481,322,305,502,740,700,305,288
439,1023,0,355,1023,0,351,376,305,513,327,305,502,712,693,305,288
363,1023,0,368,1023,0,249,333,305,513,331,305,503,752,732,305,288
423,1023,0,305,1023,0,288,343,305,505,327,305,503,747,725,305,288
327,1023,0,174,1023,0,515,575,305,508,330,305,503,693,681,305,288
523,1023,0,354,1023,0,273,335,305,518,327,305,503,757,739,305,288
303,1023,0,335,1023,0,236,328,305,491,328,305,503,732,707,305,288
597,1023,0,443,1023,0,267,332,305,517,322,305,503,785,747,305,288
327,1023,0,182,1023,0,272,344,305,454,319,305,503,714,703,305,288
421,1023,0,319,1023,0,249,338,305,505,331,305,503,724,698,305,288
279,1023,0,133,1023,0,141,317,305,0,309,305,503,680,663,305,288
449,1023,0,401,1023,0,229,331,305,495,325,305,503,742,724,305,288
439,1023,0,232,1023,0,180,325,305,470,320,305,503,724,691,305,288
373,1023,0,238,1023,0,184,317,305,394,316,305,503,699,672,305,288
378,1023,0,282,1023,0,223,328,305,463,322,305,503,715,682,305,288
385,1023,0,289,1023,0,256,333,305,514,329,305,503,733,696,305,288
439,1023,0,186,1023,0,186,320,305,490,319,305,503,692,658,305,288
258,1023,0,153,1023,0,179,318,305,447,315,305,503,686,677,305,288
457,1023,0,388,1023,0,345,370,305,534,331,305,503,744,713,305,288
366,1023,0,136,1023,0,235,327,305,474,323,305,503,696,687,305,288
594,1023,0,429,1023,0,304,350,305,525,332,305,503,742,723,305,288
423,1023,0,380,1023,0,258,333,305,482,318,305,503,712,672,305,288
563,1023,0,708,1023,0,288,346,305,722,493,305,503,819,767,305,288
331,1023,0,289,1023,0,214,323,305,510,320,305,503,721,694,305,288
293,1023,0,237,1023,0,384,407,305,504,324,305,503,741,728,305,288
424,1023,0,423,1023,0,229,323,305,589,365,305,503,736,695,305,288
342,1023,0,150,1023,0,136,314,305,286,311,305,503,693,668,305,288
380,1023,0,358,1023,0,247,339,305,519,331,305,503,752,742,305,288
277,1023,0,174,1023,0,143,312,305,0,310,305,503,693,681,305,288
462,1023,0,433,1023,0,283,340,305,520,331,305,503,746,722,305,288
475,1023,0,297,1023,0,257,329,305,514,321,305,503,752,732,305,288
436,1023,0,400,1023,0,185,325,305,496,325,305,503,725,695,305,288
373,1023,0,294,1023,0,294,349,305,521,330,305,503,731,711,305,288
393,1023,0,265,1023,0,255,339,305,510,326,305,503,735,712,305,288
455,1023,0,315,1023,0,259,330,305,512,325,305,503,731,694,305,288
456,1023,0,256,1023,0,245,334,305,497,325,305,503,762,710,305,288
252,1023,0,186,1023,0,276,349,305,506,330,305,504,725,709,305,288
411,1023,0,332,1023,0,674,742,305,627,403,305,504,672,642,305,288
406,1023,0,287,1023,0,236,337,305,480,326,305,504,747,724,305,288
385,1023,0,450,1023,0,279,349,305,526,336,305,504,740,712,305,288
421,1023,0,287,1023,0,667,738,305,607,382,305,504,690,651,305,288
447,1023,0,378,1023,0,267,332,305,499,325,305,504,713,673,305,288
342,1023,0,254,1023,0,796,868,305,693,518,305,504,720,698,305,288
366,1023,0,500,1023,0,259,335,305,455,324,305,504,763,746,305,288
352,1023,0,270,1023,0,264,340,305,484,328,305,504,737,720,305,288
382,1023,0,306,1023,0,231,329,305,511,325,305,504,735,705,305,288
351,1023,0,279,1023,0,212,321,305,466,316,305,504,703,680,305,288
447,1023,0,452,1023,0,254,332,305,566,345,305,504,720,673,305,288
463,1023,0,281,1023,0,263,332,305,488,322,305,504,729,711,305,288
372,1023,0,249,1023,0,194,318,305,485,321,305,504,712,698,305,288
458,1023,0,336,1023,0,309,338,305,512,318,305,504,730,717,305,288
252,1023,0,120,1023,0,117,313,305,413,316,305,504,698,674,305,288
485,1023,0,506,1023,0,627,671,305,610,375,305,504,772,741,305,288
229,1023,0,140,1023,0,178,318,305,477,317,305,504,683,673,305,288
316,1023,0,301,1023,0,277,340,305,510,332,305,504,739,721,305,288
308,1023,0,189,1023,0,191,319,305,437,317,305,504,671,660,305,288
350,1023,0,175,1023,0,164,317,305,452,320,305,504,717,703,305,288
330,1023,0,201,1023,0,232,333,305,495,326,305,504,721,700,305,288
440,1023,0,351,1023,0,214,327,305,471,319,305,504,733,716,305,288
432,1023,0,344,1023,0,217,327,305,510,325,305,504,806,767,305,288
377,1023,0,319,1023,0,193,326,305,475,323,305,504,725,715,305,288
317,1023,0,219,1023,0,154,320,305,498,326,305,504,706,690,305,296
421,1023,0,276,1023,0,259,328,305,483,320,305,504,761,749,305,296
360,1023,0,301,1023,0,372,390,305,477,320,305,504,715,691,305,296
296,1023,0,172,1023,0,194,319,305,468,319,305,504,715,698,305,296
336,1023,0,138,1023,0,221,324,305,479,317,305,504,725,709,305,296
401,1023,0,385,1023,0,219,332,305,493,327,305,504,726,705,305,296
399,1023,0,250,1023,0,189,321,305,481,319,305,504,729,714,305,296
526,1023,0,383,1023,0,261,331,305,488,326,305,504,788,770,305,296
401,1023,0,468,1023,0,324,351,305,520,324,305,504,726,713,305,296
411,1023,0,520,1023,0,251,332,305,522,331,305,504,720,685,305,296
786,1023,0,613,1023,0,349,363,305,578,347,305,504,777,729,305,296
419,1023,0,270,1023,0,248,330,305,476,326,305,505,731,706,305,296
343,1023,0,154,1023,0,236,329,305,463,321,305,505,711,697,305,296
370,1023,0,232,1023,0,211,320,305,478,318,305,505,758,750,305,296
605,1023,0,486,1023,0,311,358,305,573,348,305,505,761,728,305,296
311,1023,0,301,1023,0,266,345,305,519,333,305,505,705,685,305,296
377,1023,0,324,1023,0,190,325,305,511,326,305,505,715,692,305,296
434,1023,0,340,1023,0,348,368,305,502,324,305,505,782,765,305,296
459,1023,0,455,1023,0,307,347,305,512,325,305,505,752,733,305,296
388,1023,0,433,1023,0,240,334,305,577,362,305,505,730,709,305,296
321,1023,0,143,1023,0,181,323,305,444,317,305,505,695,677,305,296
462,1023,0,444,1023,0,239,340,305,510,334,305,505,713,682,305,296
306,1023,0,106,1023,0,174,323,305,402,312,305,505,699,691,305,296
480,1023,0,453,1023,0,297,350,305,551,345,305,505,786,768,305,296
557,1023,0,373,1023,0,374,378,305,536,331,305,505,731,714,305,296
399,1023,0,222,1023,0,215,332,305,478,323,305,505,743,732,305,296
430,1023,0,305,1023,0,371,382,305,509,324,305,505,727,693,305,296
372,1023,0,248,1023,0,152,319,305,501,323,305,505,732,718,305,296
424,1023,0,302,1023,0,405,414,305,488,322,305,505,722,693,305,296
292,1023,0,169,1023,0,137,315,305,447,317,305,505,684,670,305,296
335,1023,0,303,1023,0,347,370,305,474,323,305,505,695,685,305,296
591,1023,0,668,1023,0,674,701,305,636,383,305,505,775,739,305,296
386,1023,0,318,1023,0,469,490,305,563,351,305,505,729,715,305,296
653,1023,0,648,1023,0,309,345,305,553,338,305,505,787,753,305,296
439,1023,0,429,1023,0,231,330,305,509,332,305,505,735,718,305,296
277,1023,0,166,1023,0,100,316,305,449,312,305,505,683,676,305,296
416,1023,0,281,1023,0,236,328,305,511,325,305,505,740,728,305,296
392,1023,0,627,1023,0,419,425,305,548,339,305,505,748,731,305,296
320,1023,0,229,1023,0,497,556,305,525,331,305,505,644,632,305,296
394,1023,0,424,1023,0,342,361,305,543,334,305,505,709,691,305,296
539,1023,0,440,1023,0,253,338,305,503,323,305,505,690,661,305,296
565,1023,0,644,1023,0,319,353,305,551,345,305,505,755,738,305,296
452,1023,0,292,1023,0,207,321,305,511,328,305,505,718,683,305,296
312,1023,0,217,1023,0,208,329,305,458,321,305,505,679,645,305,296
388,1023,0,466,1023,0,424,433,305,502,328,305,505,738,720,305,296
377,1023,0,243,1023,0,236,329,305,500,323,305,506,719,684,305,296
457,1023,0,393,1023,0,296,342,305,478,320,305,506,751,729,305,296
379,1023,0,272,1023,0,363,377,305,491,319,305,506,759,733,305,296
413,1023,0,309,1023,0,279,331,305,510,324,305,506,743,727,305,296
377,1023,0,227,1023,0,147,314,305,487,318,305,506,718,706,305,296
428,1023,0,319,1023,0,280,338,305,508,326,305,506,734,719,305,296
325,1023,0,299,1023,0,281,349,305,517,335,305,506,718,680,305,296
449,1023,0,314,1023,0,289,341,305,540,330,305,506,741,716,305,296
466,1023,0,316,1023,0,252,338,305,496,320,305,506,745,715,305,296
461,1023,0,317,1023,0,230,321,305,491,321,305,506,719,688,305,296
422,1023,0,356,1023,0,247,326,305,515,322,305,506,731,706,305,296
408,1023,0,262,1023,0,248,333,305,512,328,305,506,754,734,305,296
359,1023,0,290,1023,0,271,338,305,465,320,305,506,732,720,305,296
353,1023,0,345,1023,0,310,348,305,516,328,305,506,766,742,305,296
333,1023,0,185,1023,0,213,328,305,492,321,305,506,731,717,305,296
473,1023,0,460,1023,0,620,655,305,588,353,305,506,801,775,305,296
330,1023,0,261,1023,0,739,814,305,651,447,305,506,669,647,305,296
375,1023,0,230,1023,0,193,322,305,443,318,305,506,694,677,305,296
435,1023,0,411,1023,0,211,323,305,509,332,305,506,722,676,305,296
616,1023,0,589,1023,0,366,385,305,568,356,305,506,774,741,305,296
475,1023,0,382,1023,0,269,334,305,510,326,305,506,777,755,305,296
433,1023,0,347,1023,0,438,456,305,499,329,305,506,703,677,305,296
415,1023,0,283,1023,0,215,330,305,489,322,305,506,727,704,305,296
623,1023,0,659,1023,0,578,604,305,598,366,305,506,765,739,305,296
460,1023,0,556,1023,0,241,332,305,532,335,305,506,724,668,305,296
404,1023,0,265,1023,0,253,335,305,490,327,305,506,688,660,305,296
274,1023,0,215,1023,0,203,325,305,495,323,305,506,736,720,305,296
427,1023,0,548,1023,0,303,353,305,552,345,305,506,751,736,305,296
408,1023,0,389,1023,0,267,338,305,502,338,305,506,773,757,305,296
678,1023,0,653,1023,0,329,349,305,603,357,305,506,788,748,305,296
320,1023,0,261,1023,0,208,322,305,492,321,305,506,726,713,305,296
389,1023,0,284,1023,0,209,327,305,485,324,305,506,718,702,305,296
316,1023,0,211,1023,0,204,329,305,502,325,305,506,734,724,305,296
260,1023,0,299,1023,0,434,460,305,531,337,305,506,713,694,305,296
451,1023,0,307,1023,0,257,332,305,511,327,305,506,750,728,305,296
342,1023,0,440,1023,0,258,333,305,533,335,305,506,703,685,305,296
379,1023,0,323,1023,0,245,331,305,518,333,305,507,741,708,305,296
407,1023,0,369,1023,0,480,509,305,534,325,305,507,728,716,305,296
770,1023,0,540,1023,0,296,344,305,537,335,305,507,815,793,305,296
658,1023,0,782,1023,0,316,342,305,563,335,305,507,816,787,305,296
324,1023,0,243,1023,0,238,332,305,530,332,305,507,727,699,305,296
488,1023,0,489,1023,0,334,353,305,551,336,305,507,757,721,305,296
673,1023,0,376,1023,0,366,363,305,544,332,305,507,713,679,305,296
412,1023,0,485,1023,0,243,330,305,519,333,305,507,733,718,305,296
568,1023,0,483,1023,0,236,326,305,529,332,305,507,738,717,305,296
423,1023,0,240,1023,0,240,337,305,482,328,305,507,722,707,305,296
405,1023,0,239,1023,0,149,319,305,467,315,305,507,742,717,305,296
316,1023,0,170,1023,0,222,328,305,507,327,305,507,688,665,305,296
418,1023,0,278,1023,0,286,337,305,503,323,305,507,752,739,305,296
399,1023,0,346,1023,0,208,325,305,474,323,305,507,742,720,305,296
456,1023,0,413,1023,0,259,340,305,507,333,305,507,743,724,305,296
477,1023,0,353,1023,0,234,335,305,513,325,305,507,770,744,305,296
677,1023,0,496,1023,0,271,328,305,546,329,305,507,772,757,305,296
453,1023,0,366,1023,0,434,436,305,517,325,305,507,703,681,305,296
399,1023,0,424,1023,0,260,327,305,693,483,305,507,760,729,305,296
239,1023,0,111,1023,0,217,331,305,479,325,305,507,589,567,305,296
255,1023,0,175,1023,0,86,309,305,383,310,305,507,711,707,305,296
248,1023,0,316,1023,0,252,332,305,584,363,305,507,736,717,305,296
284,1023,0,197,1023,0,247,336,305,500,324,305,507,733,721,305,296
325,1023,0,250,1023,0,268,340,305,489,322,305,507,738,728,305,296
292,1023,0,173,1023,0,205,330,305,488,324,305,507,698,678,305,296
403,1023,0,262,1023,0,238,337,305,500,323,305,507,752,737,305,304
398,1023,0,422,1023,0,223,329,305,534,332,305,507,774,749,305,304
345,1023,0,250,1023,0,321,357,305,435,315,305,507,726,692,305,304
425,1023,0,224,1023,0,282,341,305,486,323,305,507,705,672,305,304
386,1023,0,199,1023,0,499,517,305,524,325,305,507,722,706,305,304
433,1023,0,262,1023,0,184,322,305,485,322,305,507,716,697,305,304
606,1023,0,605,1023,0,313,337,305,536,326,305,507,745,709,305,304
423,1023,0,401,1023,0,282,336,305,528,325,305,507,714,696,305,304
514,1023,0,332,1023,0,206,324,305,513,320,305,507,729,716,305,304
263,1023,0,169,1023,0,224,328,305,496,326,305,507,725,716,305,304
365,1023,0,267,1023,0,233,328,305,504,324,305,507,743,702,305,304
265,1023,0,148,1023,0,230,327,305,470,318,305,507,646,631,305,304
565,1023,0,467,1023,0,581,599,305,589,355,305,507,801,781,305,304
422,1023,0,283,1023,0,228,331,305,510,327,305,507,728,702,305,304
489,1023,0,459,1023,0,548,559,305,560,335,305,507,734,698,305,304
447,1023,0,318,1023,0,269,335,305,510,327,305,507,750,731,305,304
525,1023,0,304,1023,0,281,334,305,493,319,305,508,735,720,305,304
508,1023,0,337,1023,0,274,346,305,509,328,305,508,739,694,305,304
338,1023,0,161,1023,0,523,580,305,521,331,305,508,672,666,305,304
308,1023,0,175,1023,0,291,349,305,447,315,305,508,698,684,305,304
335,1023,0,192,1023,0,162,318,305,463,318,305,508,705,694,305,304
441,1023,0,331,1023,0,269,339,305,533,336,305,508,749,728,305,304
543,1023,0,502,1023,0,284,339,305,547,335,305,508,683,634,305,304
311,1023,0,168,1023,0,122,316,305,385,313,305,508,659,627,305,304
488,1023,0,318,1023,0,200,322,305,506,325,305,508,746,700,305,304
646,1023,0,650,1023,0,324,340,305,571,335,305,508,767,725,305,304
405,1023,0,259,1023,0,234,327,305,501,327,305,508,733,714,305,304
574,1023,0,528,1023,0,249,330,305,492,326,305,508,741,711,305,304
337,1023,0,357,1023,0,362,401,305,515,335,305,508,724,704,305,304
378,1023,0,225,1023,0,173,327,305,476,319,305,508,728,717,305,304
470,1023,0,479,1023,0,319,352,305,519,326,305,508,732,712,305,304
380,1023,0,280,1023,0,245,331,305,498,325,305,508,739,713,305,304
245,1023,0,140,1023,0,203,329,305,399,318,305,508,693,686,305,304
430,1023,0,446,1023,0,212,326,305,486,321,305,508,737,717,305,304
686,1023,0,549,1023,0,312,337,305,552,332,305,508,812,761,305,304
351,1023,0,244,1023,0,144,319,305,484,315,305,508,723,679,305,304
344,1023,0,234,1023,0,244,329,305,499,325,305,508,716,707,305,304
381,1023,0,231,1023,0,238,331,305,486,327,305,508,721,707,305,304
408,1023,0,386,1023,0,299,348,305,535,333,305,508,748,727,305,304
464,1023,0,212,1023,0,218,324,305,408,309,305,508,767,750,305,304
543,1023,0,437,1023,0,570,610,305,561,345,305,508,760,717,305,304
328,1023,0,218,1023,0,206,322,305,433,313,305,508,725,710,305,304
491,1023,0,482,1023,0,241,324,305,475,317,305,508,743,698,305,304
242,1023,0,454,1023,0,197,322,305,547,336,305,508,791,735,305,304
488,1023,0,390,1023,0,281,338,305,547,341,305,508,764,743,305,304
336,1023,0,225,1023,0,228,331,305,491,326,305,508,737,721,305,304
469,1023,0,302,1023,0,531,558,305,558,343,305,508,726,704,305,304
382,1023,0,261,1023,0,229,321,305,473,319,305,508,726,712,305,304
542,1023,0,350,1023,0,231,327,305,510,330,305,509,742,717,305,304
444,1023,0,265,1023,0,295,339,305,463,313,305,509,717,696,305,304
470,1023,0,481,1023,0,262,331,305,502,322,305,509,711,688,305,304
451,1023,0,275,1023,0,223,324,305,461,323,305,509,717,662,305,304
524,1023,0,503,1023,0,263,326,305,537,328,305,509,772,749,305,304
545,1023,0,299,1023,0,256,332,305,517,332,305,509,758,741,305,304
522,1023,0,332,1023,0,153,316,305,462,322,305,509,724,703,305,304
542,1023,0,600,1023,0,302,343,305,545,338,305,509,743,697,305,304
369,1023,0,263,1023,0,298,345,305,493,324,305,509,708,688,305,304
406,1023,0,410,1023,0,281,347,305,504,333,305,509,699,670,305,304
601,1023,0,500,1023,0,312,336,305,524,327,305,509,744,717,305,304
408,1023,0,319,1023,0,330,361,305,554,344,305,509,737,715,305,304
305,1023,0,140,1023,0,154,319,305,447,314,305,509,685,660,305,304
450,1023,0,254,1023,0,213,324,305,448,314,305,509,721,699,305,304
491,1023,0,302,1023,0,443,448,305,516,327,305,509,748,726,305,304
463,1023,0,305,1023,0,288,336,305,512,325,305,509,738,718,305,304
346,1023,0,209,1023,0,337,367,305,500,327,305,509,708,688,305,304
479,1023,0,457,1023,0,289,339,305,565,342,305,509,784,766,305,304
265,1023,0,158,1023,0,285,351,305,459,317,305,509,676,667,305,304
378,1023,0,302,1023,0,300,345,305,525,329,305,509,709,695,305,304
357,1023,0,284,1023,0,205,328,305,505,329,305,509,752,714,305,304
366,1023,0,294,1023,0,313,355,305,501,326,305,509,734,722,305,304
339,1023,0,143,1023,0,202,325,305,481,324,305,509,694,676,305,304
483,1023,0,411,1023,0,418,425,305,497,326,305,509,765,751,305,304
474,1023,0,257,1023,0,232,329,305,498,322,305,509,729,704,305,304
421,1023,0,280,1023,0,206,321,305,444,316,305,509,735,720,305,304
457,1023,0,585,1023,0,347,358,305,541,337,305,509,763,731,305,304
352,1023,0,145,1023,0,199,324,305,442,320,305,509,696,685,305,304
443,1023,0,256,1023,0,225,331,305,452,320,305,509,693,648,305,304
397,1023,0,329,1023,0,278,339,305,485,321,305,510,734,720,305,304
352,1023,0,539,1023,0,261,335,305,535,335,305,510,760,737,305,304
401,1023,0,393,1023,0,283,340,305,487,326,305,510,712,686,305,304
401,1023,0,283,1023,0,226,321,305,495,323,305,510,720,677,305,304
319,1023,0,222,1023,0,198,321,305,414,317,305,510,686,678,305,304
520,1023,0,416,1023,0,303,350,305,527,329,305,510,734,715,305,304
394,1023,0,363,1023,0,248,330,305,504,320,305,510,745,730,305,304
431,1023,0,238,1023,0,38,314,305,453,317,305,510,740,712,305,304
355,1023,0,297,1023,0,302,358,305,497,327,305,510,735,724,305,304
421,1023,0,398,1023,0,259,348,305,528,337,305,510,740,702,305,304
407,1023,0,300,1023,0,255,326,305,524,327,305,510,734,691,305,304
441,1023,0,290,1023,0,223,324,305,513,326,305,510,730,687,305,304
517,1023,0,391,1023,0,342,366,305,533,337,305,510,741,710,305,304
622,1023,0,384,1023,0,278,333,305,512,325,305,510,745,723,305,304
399,1023,0,268,1023,0,200,321,305,527,334,305,510,700,682,305,304
416,1023,0,289,1023,0,317,364,305,523,336,305,510,729,713,305,304
321,1023,0,309,1023,0,254,334,305,514,325,305,510,745,725,305,304
405,1023,0,319,1023,0,284,341,305,465,321,305,510,753,726,305,304
285,1023,0,213,1023,0,210,323,305,498,321,305,510,739,715,305,304
412,1023,0,237,1023,0,220,331,305,461,323,305,510,746,732,305,304
403,1023,0,361,1023,0,199,322,305,504,328,305,510,709,688,305,304
378,1023,0,422,1023,0,242,325,305,505,326,305,510,735,706,305,304
617,1023,0,552,1023,0,272,336,305,516,327,305,510,780,762,305,304
347,1023,0,213,1023,0,215,325,305,500,324,305,510,723,693,305,304
453,1023,0,362,1023,0,328,354,305,529,325,305,510,753,741,305,304
369,1023,0,363,1023,0,313,353,305,508,323,305,510,731,713,305,304
408,1023,0,267,1023,0,526,572,305,523,333,305,510,739,720,305,312
389,1023,0,250,1023,0,245,334,305,510,324,305,510,747,729,305,312
542,1023,0,361,1023,0,260,326,305,503,323,305,510,754,731,305,312
381,1023,0,236,1023,0,228,326,305,447,316,305,510,708,698,305,312
313,1023,0,154,1023,0,265,334,305,481,319,305,510,718,701,305,312
360,1023,0,296,1023,0,237,327,305,495,322,305,510,729,681,305,312
357,1023,0,186,1023,0,156,318,305,446,315,305,510,741,713,305,312
361,1023,0,184,1023,0,183,316,305,475,321,305,510,713,688,305,312
410,1023,0,254,1023,0,176,318,305,449,316,305,510,739,727,305,312
433,1023,0,350,1023,0,265,335,305,451,322,305,511,733,707,305,312
392,1023,0,198,1023,0,181,316,305,467,316,305,511,715,693,305,312
312,1023,0,160,1023,0,421,452,305,511,324,305,511,662,653,305,312
414,1023,0,239,1023,0,468,491,305,539,330,305,511,709,686,305,312
368,1023,0,338,1023,0,288,342,305,507,328,305,511,731,716,305,312
543,1023,0,514,1023,0,340,362,305,573,342,305,511,749,722,305,312
490,1023,0,310,1023,0,259,331,305,517,324,305,511,734,703,305,312
373,1023,0,378,1023,0,361,386,305,523,325,305,511,728,706,305,312
388,1023,0,259,1023,0,264,338,305,486,317,305,511,692,651,305,312
633,1023,0,563,1023,0,284,334,305,530,324,305,511,780,759,305,312
447,1023,0,276,1023,0,182,322,305,472,321,305,511,718,699,305,312
384,1023,0,329,1023,0,203,327,305,497,318,305,511,736,717,305,312
320,1023,0,188,1023,0,248,337,305,477,317,305,511,690,681,305,312
431,1023,0,249,1023,0,230,334,305,410,316,305,511,732,697,305,312
411,1023,0,368,1023,0,464,486,305,564,345,305,511,746,723,305,312
386,1023,0,224,1023,0,532,581,305,538,332,305,511,737,718,305,312
494,1023,0,371,1023,0,231,333,305,500,322,305,511,743,708,305,312
340,1023,0,217,1023,0,206,326,305,446,319,305,511,703,680,305,312
371,1023,0,215,1023,0,294,346,305,445,322,305,511,705,670,305,312
470,1023,0,394,1023,0,230,337,305,507,334,305,511,739,723,305,312
502,1023,0,288,1023,0,302,338,305,484,320,305,511,738,700,305,312
558,1023,0,765,1023,0,433,440,305,575,348,305,511,754,725,305,312
300,1023,0,259,1023,0,151,323,305,450,325,305,511,714,693,305,312
498,1023,0,370,1023,0,210,322,305,512,330,305,511,759,736,305,312
370,1023,0,247,1023,0,224,320,305,489,326,305,511,705,661,305,312
296,1023,0,126,1023,0,233,325,305,473,317,305,511,687,664,305,312
439,1023,0,377,1023,0,599,639,305,555,336,305,511,720,702,305,312
357,1023,0,241,1023,0,187,320,305,467,317,305,511,710,694,305,312
338,1023,0,235,1023,0,237,328,305,496,326,305,511,727,708,305,312
371,1023,0,216,1023,0,234,329,305,491,326,305,511,716,699,305,312
397,1023,0,415,1023,0,250,330,305,540,332,305,511,725,713,305,312
502,1023,0,320,1023,0,254,330,305,476,322,305,511,728,705,305,312
510,1023,0,498,1023,0,203,319,305,517,327,305,511,718,686,305,312
425,1023,0,276,1023,0,262,333,305,504,331,305,511,737,702,305,312
665,1023,0,511,1023,0,276,335,305,547,333,305,511,737,711,305,312
371,1023,0,292,1023,0,278,339,305,508,330,305,512,716,683,305,312
640,1023,0,557,1023,0,471,445,305,570,339,305,512,750,723,305,312
488,1023,0,411,1023,0,286,333,305,549,334,305,512,729,678,305,312
471,1023,0,402,1023,0,239,328,305,450,320,305,512,744,707,305,312
408,1023,0,191,1023,0,195,323,305,500,326,305,512,743,734,305,312
314,1023,0,165,1023,0,392,420,305,447,314,305,512,699,684,305,312
370,1023,0,283,1023,0,237,323,305,491,323,305,512,690,683,305,312
412,1023,0,347,1023,0,172,319,305,493,319,305,512,748,734,305,312
508,1023,0,292,1023,0,267,333,305,518,332,305,512,748,728,305,312
552,1023,0,441,1023,0,339,352,305,538,336,305,512,761,727,305,312
411,1023,0,319,1023,0,248,339,305,498,325,305,512,728,719,305,312
434,1023,0,371,1023,0,259,335,305,509,331,305,512,702,670,305,312
285,1023,0,277,1023,0,188,329,305,489,321,305,512,699,676,305,312
358,1023,0,149,1023,0,166,313,305,447,317,305,512,705,687,305,312
540,1023,0,405,1023,0,442,457,305,556,348,305,512,739,726,305,312
321,1023,0,207,1023,0,263,339,305,482,328,305,512,709,696,305,312
349,1023,0,376,1023,0,569,617,305,589,359,305,512,751,727,305,312
256,1023,0,134,1023,0,144,317,305,426,314,305,512,685,678,305,312
625,1023,0,645,1023,0,301,344,305,506,324,305,512,732,697,305,312
381,1023,0,625,1023,0,235,327,305,551,330,305,512,737,673,305,312
462,1023,0,386,1023,0,198,321,305,490,319,305,512,754,732,305,312
269,1023,0,220,1023,0,115,316,305,342,314,305,512,710,700,305,312
501,1023,0,391,1023,0,288,347,305,525,338,305,512,751,715,305,312
469,1023,0,571,1023,0,242,328,305,525,330,305,512,746,711,305,312
347,1023,0,179,1023,0,199,317,305,453,316,305,512,732,705,305,312
368,1023,0,212,1023,0,217,321,305,501,322,305,512,692,677,305,312
386,1023,0,255,1023,0,310,344,305,493,319,305,512,710,693,305,312
440,1023,0,278,1023,0,238,333,305,513,334,305,512,736,698,305,312
356,1023,0,269,1023,0,214,320,305,485,321,305,512,752,734,305,312
273,1023,0,219,1023,0,204,324,305,490,321,305,512,751,737,305,312
206,1023,0,329,1023,0,204,320,305,546,335,305,512,749,703,305,312
327,1023,0,192,1023,0,480,527,305,528,332,305,512,648,629,305,312
410,1023,0,384,1023,0,346,369,305,493,326,305,512,742,722,305,312
654,1023,0,712,1023,0,322,353,305,562,348,305,513,821,801,305,312
335,1023,0,281,1023,0,152,316,305,470,317,305,513,720,705,305,312
359,1023,0,306,1023,0,686,745,305,620,387,305,513,736,714,305,312
290,1023,0,152,1023,0,231,328,305,456,321,305,513,674,659,305,312
383,1023,0,281,1023,0,228,324,305,458,321,305,513,740,735,305,312
741,1023,0,543,1023,0,301,340,305,506,318,305,513,781,708,305,312
468,1023,0,421,1023,0,306,340,305,555,342,305,513,749,718,305,312
391,1023,0,415,1023,0,181,320,305,526,326,305,513,721,691,305,312
295,1023,0,122,1023,0,369,401,305,0,308,305,513,684,677,305,312
512,1023,0,308,1023,0,256,329,305,518,326,305,513,743,718,305,312
413,1023,0,282,1023,0,241,329,305,462,320,305,513,761,745,305,312
677,1023,0,613,1023,0,327,353,305,539,337,305,513,829,788,305,312
440,1023,0,326,1023,0,262,337,305,511,328,305,513,724,710,305,312
404,1023,0,290,1023,0,221,325,305,471,320,305,513,768,756,305,312
298,1023,0,276,1023,0,369,405,305,507,327,305,513,725,705,305,312
408,1023,0,293,1023,0,226,333,305,531,334,305,513,699,690,305,312
320,1023,0,293,1023,0,238,324,305,427,316,305,513,752,734,305,312
275,1023,0,253,1023,0,264,334,305,462,324,305,513,739,731,305,312
566,1023,0,425,1023,0,280,343,305,523,333,305,513,744,729,305,312
310,1023,0,246,1023,0,232,332,305,474,326,305,513,746,724,305,312
418,1023,0,293,1023,0,840,899,305,725,564,305,513,703,672,305,312
499,1023,0,338,1023,0,262,336,305,514,329,305,513,705,655,305,312
381,1023,0,168,1023,0,129,314,305,437,315,305,513,716,698,305,312
291,1023,0,174,1023,0,219,327,305,487,324,305,513,713,706,305,312
542,1023,0,493,1023,0,424,422,305,576,353,305,513,760,736,305,312
334,1023,0,265,1023,0,654,719,305,611,385,305,513,731,716,305,312
713,1023,0,727,1023,0,343,366,305,585,359,305,513,777,740,305,312
426,1023,0,203,1023,0,227,326,305,437,313,305,513,723,711,305,312
392,1023,0,223,1023,0,189,328,305,490,323,305,513,625,590,305,312
464,1023,0,312,1023,0,241,337,305,500,327,305,513,712,691,305,312
498,1023,0,387,1023,0,295,341,305,530,332,305,513,756,731,305,312
338,1023,0,281,1023,0,205,331,305,480,323,305,513,741,728,305,312
482,1023,0,321,1023,0,264,337,305,523,322,305,513,729,717,305,312
321,1023,0,233,1023,0,254,335,305,501,322,305,513,745,729,305,312
586,1023,0,687,1023,0,267,338,305,541,336,305,513,783,753,305,312
445,1023,0,407,1023,0,216,327,305,505,322,305,513,742,720,305,312
342,1023,0,210,1023,0,176,318,305,482,315,305,513,711,695,305,312
323,1023,0,237,1023,0,513,540,305,510,327,305,514,757,735,305,312
427,1023,0,256,1023,0,213,321,305,438,316,305,514,732,715,305,312
310,1023,0,167,1023,0,137,315,305,280,309,305,514,689,673,305,312
376,1023,0,318,1023,0,199,320,305,485,327,305,514,761,747,305,312
408,1023,0,472,1023,0,595,642,305,574,358,305,514,754,723,305,312
269,1023,0,149,1023,0,136,319,305,441,316,305,514,699,689,305,320
386,1023,0,277,1023,0,224,327,305,502,329,305,514,752,744,305,320
363,1023,0,179,1023,0,111,316,305,443,314,305,514,729,717,305,320
441,1023,0,367,1023,0,296,339,305,521,324,305,514,793,758,305,320
311,1023,0,192,1023,0,217,327,305,443,322,305,514,760,752,305,320
337,1023,0,156,1023,0,94,311,305,448,317,305,514,670,652,305,320
405,1023,0,373,1023,0,271,333,305,471,320,305,514,726,706,305,320
355,1023,0,283,1023,0,203,321,305,467,317,305,514,749,738,305,320
379,1023,0,368,1023,0,314,354,305,447,321,305,514,738,705,305,320
363,1023,0,372,1023,0,158,321,305,505,329,305,514,744,729,305,320
492,1023,0,284,1023,0,263,331,305,494,324,305,514,712,673,305,320
386,1023,0,247,1023,0,466,479,305,487,320,305,514,728,717,305,320
368,1023,0,357,1023,0,272,340,305,466,319,305,514,751,732,305,320
389,1023,0,327,1023,0,231,330,305,496,327,305,514,697,684,305,320
444,1023,0,291,1023,0,198,321,305,518,331,305,514,699,671,305,320
401,1023,0,463,1023,0,334,355,305,559,350,305,514,742,718,305,320
350,1023,0,307,1023,0,195,322,305,465,314,305,514,732,717,305,320
513,1023,0,336,1023,0,207,325,305,501,324,305,514,708,691,305,320
526,1023,0,334,1023,0,205,320,305,472,315,305,514,747,731,305,320
492,1023,0,301,1023,0,229,326,305,480,326,305,514,734,706,305,320
419,1023,0,412,1023,0,283,348,305,535,336,305,514,721,680,305,320
723,1023,0,630,1023,0,364,367,305,568,336,305,514,821,802,305,320
281,1023,0,290,1023,0,255,337,305,530,331,305,514,725,689,305,320
392,1023,0,167,1023,0,407,435,305,492,323,305,514,699,681,305,320
624,1023,0,433,1023,0,300,337,305,542,329,305,514,815,782,305,320
519,1023,0,554,1023,0,297,343,305,542,337,305,514,771,719,305,320
590,1023,0,504,1023,0,278,336,305,530,335,305,514,751,737,305,320
477,1023,0,394,1023,0,260,330,305,493,324,305,515,750,734,305,320
446,1023,0,231,1023,0,231,326,305,494,325,305,515,685,651,305,320
584,1023,0,603,1023,0,475,476,305,569,344,305,515,786,758,305,320
426,1023,0,241,1023,0,211,327,305,419,316,305,515,800,786,305,320
423,1023,0,265,1023,0,241,329,305,505,327,305,515,729,718,305,320
437,1023,0,286,1023,0,230,322,305,519,328,305,515,794,773,305,320
392,1023,0,408,1023,0,254,329,305,506,329,305,515,757,732,305,320
380,1023,0,434,1023,0,265,338,305,529,334,305,515,739,723,305,320
452,1023,0,299,1023,0,465,475,305,533,339,305,515,764,753,305,320
476,1023,0,404,1023,0,334,378,305,558,356,305,515,745,722,305,320
460,1023,0,299,1023,0,175,323,305,483,323,305,515,733,712,305,320
521,1023,0,482,1023,0,287,345,305,542,334,305,515,728,703,305,320
377,1023,0,333,1023,0,201,326,305,462,321,305,515,723,711,305,320
372,1023,0,223,1023,0,215,325,305,523,332,305,515,726,717,305,320
387,1023,0,275,1023,0,227,325,305,495,321,305,515,730,699,305,320
413,1023,0,222,1023,0,245,327,305,502,331,305,515,738,710,305,320
356,1023,0,269,1023,0,267,333,305,496,325,305,515,722,687,305,320
414,1023,0,373,1023,0,654,694,305,712,510,305,515,794,752,305,320
487,1023,0,450,1023,0,262,330,305,509,323,305,515,749,733,305,320
431,1023,0,261,1023,0,207,327,305,479,321,305,515,736,706,305,320
445,1023,0,271,1023,0,252,331,305,492,332,305,515,755,735,305,320
635,1023,0,420,1023,0,245,324,305,537,333,305,515,750,731,305,320
439,1023,0,274,1023,0,478,480,305,535,334,305,515,738,708,305,320
405,1023,0,230,1023,0,192,322,305,435,314,305,515,730,721,305,320
449,1023,0,408,1023,0,272,335,305,504,324,305,515,744,719,305,320
260,1023,0,120,1023,0,154,316,305,447,320,305,515,681,672,305,320
470,1023,0,391,1023,0,226,326,305,504,324,305,515,730,715,305,320
451,1023,0,337,1023,0,295,342,305,539,340,305,515,730,717,305,320
418,1023,0,280,1023,0,238,337,305,504,327,305,515,736,717,305,320
449,1023,0,359,1023,0,169,319,305,520,331,305,515,682,647,305,320
499,1023,0,435,1023,0,385,393,305,492,320,305,515,765,737,305,320
399,1023,0,285,1023,0,246,328,305,506,323,305,515,717,692,305,320
401,1023,0,288,1023,0,192,321,305,503,322,305,515,707,668,305,320
399,1023,0,428,1023,0,220,333,305,489,329,305,515,703,682,305,320
355,1023,0,267,1023,0,199,323,305,486,323,305,515,689,660,305,320
507,1023,0,428,1023,0,241,325,305,538,341,305,515,746,721,305,320
264,1023,0,135,1023,0,120,317,305,405,311,305,515,663,649,305,320
456,1023,0,284,1023,0,195,318,305,513,319,305,515,670,623,305,320
459,1023,0,368,1023,0,282,341,305,510,330,305,515,748,722,305,320
315,1023,0,178,1023,0,142,316,305,440,316,305,516,700,693,305,320
340,1023,0,268,1023,0,204,328,305,460,322,305,516,723,706,305,320
482,1023,0,271,1023,0,262,333,305,513,330,305,516,727,714,305,320
457,1023,0,492,1023,0,254,330,305,509,327,305,516,768,746,305,320
414,1023,0,314,1023,0,243,339,305,493,327,305,516,711,699,305,320
439,1023,0,469,1023,0,247,331,305,501,323,305,516,776,736,305,320
300,1023,0,304,1023,0,220,335,305,544,343,305,516,653,624,305,320
625,1023,0,509,1023,0,271,332,305,559,339,305,516,762,711,305,320
355,1023,0,228,1023,0,223,333,305,532,339,305,516,688,657,305,320
449,1023,0,384,1023,0,336,353,305,521,326,305,516,733,701,305,320
391,1023,0,241,1023,0,276,344,305,473,328,305,516,735,713,305,320
400,1023,0,325,1023,0,462,485,305,535,331,305,516,728,716,305,320
457,1023,0,331,1023,0,664,722,305,604,376,305,516,768,756,305,320
385,1023,0,229,1023,0,247,331,305,468,320,305,516,738,727,305,320
346,1023,0,344,1023,0,253,334,305,493,321,305,516,764,746,305,320
319,1023,0,171,1023,0,204,324,305,451,314,305,516,722,703,305,320
278,1023,0,148,1023,0,200,325,305,450,316,305,516,714,692,305,320
324,1023,0,182,1023,0,197,322,305,452,317,305,516,702,687,305,320
338,1023,0,205,1023,0,230,335,305,512,327,305,516,695,667,305,320
471,1023,0,602,1023,0,314,351,305,551,339,305,516,785,762,305,320
369,1023,0,149,1023,0,523,555,305,500,334,305,516,723,711,305,320
376,1023,0,243,1023,0,213,327,305,469,320,305,516,699,689,305,320
400,1023,0,279,1023,0,195,324,305,485,324,305,516,732,722,305,320
481,1023,0,571,1023,0,269,334,305,520,329,305,516,758,732,305,320
349,1023,0,186,1023,0,268,333,305,457,315,305,516,737,724,305,320
337,1023,0,166,1023,0,171,323,305,458,317,305,516,701,678,305,320
336,1023,0,129,1023,0,185,321,305,412,319,305,516,657,647,305,320
391,1023,0,309,1023,0,253,338,305,494,324,305,516,725,686,305,320
311,1023,0,229,1023,0,188,324,305,505,323,305,516,771,751,305,320
451,1023,0,320,1023,0,204,320,305,478,321,305,516,766,717,305,320
416,1023,0,307,1023,0,233,333,305,467,319,305,516,787,769,305,320
409,1023,0,214,1023,0,212,330,305,492,324,305,516,721,706,305,320
379,1023,0,186,1023,0,219,327,305,477,320,305,516,711,699,305,320
498,1023,0,507,1023,0,367,387,305,586,362,305,516,792,766,305,320
467,1023,0,414,1023,0,241,331,305,489,323,305,516,792,773,305,320
321,1023,0,178,1023,0,190,320,305,360,317,305,516,700,689,305,320
702,1023,0,522,1023,0,335,343,305,556,328,305,516,785,755,305,320
369,1023,0,358,1023,0,240,331,305,509,325,305,516,714,694,305,320
282,1023,0,296,1023,0,326,363,305,539,341,305,517,740,726,305,320
379,1023,0,295,1023,0,235,329,305,489,331,305,517,720,707,305,320
352,1023,0,251,1023,0,198,321,305,438,314,305,517,739,719,305,320
407,1023,0,240,1023,0,222,324,305,479,320,305,517,748,733,305,320
354,1023,0,367,1023,0,241,334,305,518,332,305,517,732,712,305,320
346,1023,0,359,1023,0,210,321,305,484,321,305,517,690,676,305,320
387,1023,0,292,1023,0,214,324,305,480,321,305,517,737,710,305,320
286,1023,0,221,1023,0,443,477,305,539,339,305,517,723,700,305,320
302,1023,0,138,1023,0,156,318,305,395,316,305,517,699,690,305,320
400,1023,0,399,1023,0,241,326,305,509,323,305,517,717,672,305,320
396,1023,0,397,1023,0,352,376,305,504,327,305,517,704,684,305,320
487,1023,0,366,1023,0,289,343,305,553,340,305,517,745,733,305,320
468,1023,0,305,1023,0,197,322,305,518,321,305,517,735,701,305,320
462,1023,0,470,1023,0,258,338,305,522,330,305,517,744,720,305,320
587,1023,0,553,1023,0,302,333,305,717,482,305,517,756,692,305,320
587,1023,0,389,1023,0,357,374,305,582,355,305,517,768,735,305,320
529,1023,0,481,1023,0,225,323,305,509,330,305,517,763,724,305,320
518,1023,0,385,1023,0,317,356,305,548,339,305,517,749,720,305,320
375,1023,0,229,1023,0,172,317,305,482,321,305,517,720,689,305,320
292,1023,0,157,1023,0,122,312,305,418,313,305,517,718,699,305,320
598,1023,0,480,1023,0,259,332,305,527,337,305,517,746,727,305,320
327,1023,0,253,1023,0,359,386,305,464,318,305,517,697,683,305,320
553,1023,0,625,1023,0,460,469,305,564,344,305,517,790,754,305,320
388,1023,0,233,1023,0,488,526,305,498,327,305,517,685,676,305,320
399,1023,0,273,1023,0,275,343,305,461,319,305,517,791,771,305,320
403,1023,0,376,1023,0,607,657,305,571,350,305,517,740,697,305,320
291,1023,0,201,1023,0,232,324,305,489,323,305,517,717,708,305,320
517,1023,0,530,1023,0,823,855,305,715,501,305,517,750,721,305,320
314,1023,0,346,1023,0,238,328,305,510,324,305,517,784,762,305,328
451,1023,0,485,1023,0,289,341,305,550,338,305,517,735,724,305,328
298,1023,0,477,1023,0,298,342,305,533,331,305,517,756,743,305,328
427,1023,0,348,1023,0,275,334,305,496,322,305,517,714,694,305,328
425,1023,0,315,1023,0,295,348,305,555,343,305,517,761,743,305,328
321,1023,0,226,1023,0,180,320,305,457,318,305,517,658,640,305,328
355,1023,0,181,1023,0,144,314,305,443,310,305,517,692,681,305,328
241,1023,0,122,1023,0,168,320,305,458,322,305,517,625,615,305,328
429,1023,0,372,1023,0,287,350,305,443,316,305,517,741,730,305,328
469,1023,0,457,1023,0,774,821,305,680,456,305,517,767,742,305,328
397,1023,0,316,1023,0,204,323,305,480,319,305,517,767,749,305,328
610,1023,0,399,1023,0,350,364,305,508,333,305,517,765,738,305,328
419,1023,0,237,1023,0,263,338,305,532,326,305,518,706,694,305,328
426,1023,0,396,1023,0,273,334,305,536,338,305,518,740,711,305,328
581,1023,0,363,1023,0,429,430,305,545,338,305,518,737,712,305,328
547,1023,0,541,1023,0,426,406,305,523,323,305,518,765,744,305,328
364,1023,0,278,1023,0,257,332,305,493,325,305,518,693,679,305,328
487,1023,0,551,1023,0,284,344,305,526,329,305,518,768,748,305,328
486,1023,0,630,1023,0,411,410,305,573,348,305,518,747,723,305,328
443,1023,0,244,1023,0,192,319,305,385,316,305,518,753,728,305,328
416,1023,0,348,1023,0,260,332,305,539,333,305,518,709,657,305,328
434,1023,0,357,1023,0,239,327,305,513,331,305,518,720,686,305,328
435,1023,0,353,1023,0,296,346,305,544,337,305,518,734,708,305,328
533,1023,0,621,1023,0,729,803,305,655,441,305,518,786,755,305,328
421,1023,0,581,1023,0,392,399,305,518,326,305,518,722,677,305,328
527,1023,0,376,1023,0,287,338,305,518,328,305,518,751,722,305,328
351,1023,0,196,1023,0,132,320,305,451,317,305,518,710,675,305,328
399,1023,0,258,1023,0,214,323,305,504,325,305,518,744,702,305,328
365,1023,0,160,1023,0,196,315,305,505,323,305,518,696,689,305,328
540,1023,0,238,1023,0,249,331,305,497,325,305,518,729,713,305,328
355,1023,0,261,1023,0,202,322,305,448,317,305,518,744,734,305,328
301,1023,0,190,1023,0,317,367,305,536,347,305,518,738,721,305,328
358,1023,0,387,1023,0,865,923,306,742,595,305,518,735,712,305,328
338,1023,0,211,1023,0,150,321,305,457,312,305,518,742,724,305,328
420,1023,0,314,1023,0,282,338,305,531,336,305,518,750,716,305,328
703,1023,0,572,1023,0,327,342,305,544,336,305,518,812,740,305,328
300,1023,0,173,1023,0,161,314,305,397,315,305,518,722,706,305,328
278,1023,0,283,1023,0,221,325,305,495,320,305,518,722,689,305,328
506,1023,0,513,1023,0,286,335,305,558,338,305,518,763,739,305,328
290,1023,0,164,1023,0,577,658,305,543,346,305,518,694,681,305,328
561,1023,0,366,1023,0,275,343,305,544,333,305,518,748,736,305,328
335,1023,0,209,1023,0,246,336,305,462,319,305,518,743,734,305,328
389,1023,0,230,1023,0,208,320,305,492,325,305,518,710,682,305,328
323,1023,0,208,1023,0,244,333,305,491,323,305,518,742,714,305,328
291,1023,0,451,1023,0,241,330,305,532,332,305,518,761,697,305,328
472,1023,0,337,1023,0,285,342,305,512,328,305,518,760,746,305,328
336,1023,0,231,1023,0,238,336,305,463,318,305,518,712,697,305,328
349,1023,0,289,1023,0,274,343,305,531,333,305,518,729,689,305,328
437,1023,0,479,1023,0,262,342,305,535,342,305,518,741,687,305,328
426,1023,0,422,1023,0,284,349,305,508,330,305,518,754,717,305,328
436,1023,0,405,1023,0,203,323,305,527,326,305,518,707,686,305,328
334,1023,0,227,1023,0,184,320,305,391,314,305,518,724,696,305,328
299,1023,0,108,1023,0,0,317,305,0,308,305,518,692,682,305,328
575,1023,0,391,1023,0,336,350,305,524,330,305,518,791,775,305,328
254,1023,0,131,1023,0,266,340,305,506,330,305,518,698,686,305,328
374,1023,0,225,1023,0,211,326,305,459,315,305,518,706,688,305,328
408,1023,0,186,1023,0,179,321,305,420,312,305,518,709,697,305,328
493,1023,0,485,1023,0,232,329,305,506,330,305,518,743,699,305,328
444,1023,0,433,1023,0,222,326,305,495,328,305,519,697,669,305,328
384,1023,0,267,1023,0,295,345,305,550,343,305,519,691,656,305,328
404,1023,0,262,1023,0,215,326,305,420,315,305,519,746,725,305,328
329,1023,0,534,1023,0,222,330,305,537,332,305,519,771,723,305,328
288,1023,0,198,1023,0,177,327,305,450,318,305,519,735,727,305,328
473,1023,0,279,1023,0,266,336,305,503,324,305,519,699,665,305,328
410,1023,0,287,1023,0,191,327,305,504,321,305,519,734,697,305,328
435,1023,0,260,1023,0,269,340,305,488,325,305,519,788,764,305,328
460,1023,0,340,1023,0,489,521,305,535,337,305,519,758,745,305,328
311,1023,0,95,984,0,131,316,305,444,314,305,519,673,639,305,328
389,1023,0,431,1023,0,292,334,305,617,377,305,519,742,712,305,328
408,1023,0,337,1023,0,578,627,305,576,349,305,519,798,764,305,328
376,1023,0,194,1023,0,244,332,305,495,323,305,519,722,707,305,328
455,1023,0,529,1023,0,350,368,305,532,332,305,519,731,703,305,328
414,1023,0,263,1023,0,268,337,305,503,327,305,519,664,635,305,328
290,1023,0,169,1023,0,186,325,305,450,319,305,519,685,672,305,328
344,1023,0,185,1023,0,133,315,305,425,315,305,519,750,737,305,328
324,1023,0,211,1023,0,183,326,305,454,314,305,519,678,666,305,328
412,1023,0,256,1023,0,208,322,305,473,320,305,519,723,699,305,328
419,1023,0,307,1023,0,142,316,305,461,317,305,519,736,712,305,328
456,1023,0,483,1023,0,397,391,305,543,339,305,519,739,717,305,328
371,1023,0,200,1023,0,247,325,305,479,317,305,519,718,680,305,328
398,1023,0,249,1023,0,229,327,305,493,324,305,519,741,714,305,328
472,1023,0,372,1023,0,222,322,305,487,326,305,519,781,764,305,328
653,1023,0,433,1023,0,322,354,305,553,336,305,519,749,723,305,328
371,1023,0,270,1023,0,206,325,305,434,319,305,519,712,702,305,328
453,1023,0,373,1023,0,205,318,305,503,326,305,519,748,730,305,328
365,1023,0,204,1023,0,181,317,305,571,360,305,519,726,718,305,328
462,1023,0,472,1023,0,249,330,305,539,323,305,519,744,723,305,328
488,1023,0,393,1023,0,236,327,305,498,327,305,519,746,723,305,328
318,1023,0,193,1023,0,419,448,305,509,318,305,519,718,706,305,328
317,1023,0,229,1023,0,216,328,305,489,327,305,519,749,722,305,328
391,1023,0,259,1023,0,262,335,305,514,330,305,519,699,681,305,328
440,1023,0,436,1023,0,581,620,305,570,352,305,520,752,734,305,328
413,1023,0,256,1023,0,241,333,305,525,331,305,520,746,726,305,328
387,1023,0,357,1023,0,310,353,305,483,319,305,520,734,718,305,328
378,1023,0,209,1023,0,165,319,305,515,330,305,520,695,666,305,328
409,1023,0,322,1023,0,553,588,305,560,336,305,520,736,716,305,328
335,1023,0,271,1023,0,263,333,305,490,322,305,520,727,710,305,328
496,1023,0,564,1023,0,290,334,305,542,338,305,520,762,748,305,328
333,1023,0,292,1023,0,175,317,305,497,324,305,520,720,709,305,328
512,1023,0,488,1023,0,305,342,305,512,324,305,520,744,725,305,328
329,1023,0,201,1023,0,197,319,305,496,328,305,520,703,692,305,328
324,1023,0,152,1023,0,101,311,305,420,313,305,520,676,657,305,328
600,1023,0,483,1023,0,312,340,305,540,333,305,520,792,771,305,328
457,1023,0,269,1023,0,243,328,305,478,321,305,520,732,701,305,328
479,1023,0,230,1023,0,232,329,305,509,326,305,520,725,698,305,328
398,1023,0,222,1023,0,244,329,305,479,322,305,520,736,719,305,328
355,1023,0,218,1023,0,224,334,305,480,326,305,520,660,646,305,328
327,1023,0,231,1023,0,211,327,305,437,318,305,520,726,701,305,336
370,1023,0,208,1023,0,179,326,305,486,325,305,520,712,685,305,336
430,1023,0,418,1023,0,244,328,305,516,323,305,520,731,710,305,336
446,1023,0,286,1023,0,242,334,305,502,321,305,520,777,764,305,336
282,1023,0,211,1023,0,124,318,305,460,316,305,520,698,686,305,336
379,1023,0,194,1023,0,390,408,305,491,321,305,520,715,699,305,336
345,1023,0,182,1023,0,201,314,305,338,310,305,520,679,660,305,336
257,1023,0,176,1023,0,213,329,305,507,330,305,520,728,715,305,336
454,1023,0,442,1023,0,277,345,305,542,335,305,520,764,742,305,336
464,1023,0,352,1023,0,559,609,305,586,355,305,520,749,728,305,336
211,1023,0,331,1023,0,263,337,305,554,347,305,520,760,731,305,336
368,1023,0,189,1023,0,190,322,305,472,322,305,520,691,674,305,336
286,1023,0,162,1023,0,244,327,305,472,320,305,520,701,692,305,336
444,1023,0,404,1023,0,272,332,305,512,325,305,520,771,745,305,336
455,1023,0,341,1023,0,354,368,305,523,324,305,520,724,710,305,336
285,1023,0,237,1023,0,160,322,305,464,318,305,520,682,668,305,336
518,1023,0,530,1023,0,283,335,305,547,328,305,520,746,718,305,336
408,1023,0,273,1023,0,196,318,305,487,321,305,520,709,688,305,336
335,1023,0,155,1023,0,172,318,305,459,317,305,520,711,689,305,336
319,1023,0,223,1023,0,261,338,305,492,328,305,520,722,711,305,336
417,1023,0,197,1023,0,211,325,305,433,319,305,520,722,710,305,336
347,1023,0,283,1023,0,220,322,305,496,322,305,520,726,696,305,336
400,1023,0,239,1023,0,271,335,305,493,322,305,520,718,700,305,336
381,1023,0,298,1023,0,262,332,305,493,323,305,521,719,703,305,336
455,1023,0,251,1023,0,234,335,305,485,326,305,521,668,659,305,336
648,1023,0,530,1023,0,543,575,305,555,344,305,521,803,766,305,336
442,1023,0,355,1023,0,553,586,305,562,340,305,521,738,687,305,336
555,1023,0,544,1023,0,270,330,305,583,353,305,521,759,724,305,336
308,1023,0,264,1023,0,245,330,305,512,322,305,521,659,627,305,336
358,1023,0,293,1023,0,192,326,305,495,326,305,521,716,690,305,336
362,1023,0,264,1023,0,226,326,305,459,316,305,521,733,724,305,336
545,1023,0,369,1023,0,256,337,305,513,325,305,521,747,728,305,336
649,1023,0,578,1023,0,312,342,305,553,333,305,521,765,725,305,336
329,1023,0,191,1023,0,230,328,305,504,325,305,521,727,707,305,336
299,1023,0,157,1023,0,175,319,305,445,316,305,521,713,706,305,336
433,1023,0,235,1023,0,253,330,305,514,329,305,521,688,667,305,336
404,1023,0,270,1023,0,225,328,305,503,328,305,521,717,699,305,336
690,1023,0,625,1023,0,267,330,305,530,322,305,521,755,729,305,336
386,1023,0,326,1023,0,306,349,305,462,320,305,521,715,677,305,336
453,1023,0,372,1023,0,266,343,305,531,329,305,521,730,711,305,336
321,1023,0,320,1023,0,320,359,305,490,326,305,521,733,701,305,336
507,1023,0,506,1023,0,236,328,305,531,333,305,521,731,705,305,336
320,1023,0,264,1023,0,327,362,305,514,331,305,521,698,686,305,336
384,1023,0,232,1023,0,280,346,305,469,318,305,521,743,718,305,336
606,1023,0,492,1023,0,491,496,305,532,333,305,521,782,738,305,336
514,1023,0,361,1023,0,460,467,305,532,330,305,521,726,713,305,336
615,1023,0,587,1023,0,464,503,305,579,374,305,521,805,777,305,336
431,1023,0,253,1023,0,235,326,305,468,324,305,521,729,719,305,336
370,1023,0,228,1023,0,207,325,305,482,324,305,521,719,706,305,336
312,1023,0,226,1023,0,443,463,305,491,319,305,521,740,727,305,336
349,1023,0,355,1023,0,305,353,305,513,330,305,521,757,732,305,336
437,1023,0,318,1023,0,236,335,305,512,334,305,521,678,669,305,336
386,1023,0,373,1023,0,544,588,305,553,344,305,521,755,738,305,336
364,1023,0,279,1023,0,489,528,305,531,330,305,521,752,739,305,336
314,1023,0,143,1023,0,119,314,305,428,317,305,521,658,643,305,336
424,1023,0,299,1023,0,207,318,305,498,324,305,521,727,709,305,336
747,1023,0,502,1023,0,337,351,305,546,330,305,521,765,737,305,336
370,1023,0,288,1023,0,200,319,305,487,322,305,521,703,683,305,336
391,1023,0,260,1023,0,174,323,305,475,320,305,521,712,677,305,336
343,1023,0,202,1023,0,282,343,305,488,328,305,521,722,704,305,336
395,1023,0,371,1023,0,224,315,305,524,326,305,521,711,689,305,336
550,1023,0,754,1023,0,306,337,305,557,340,305,521,749,728,305,336
318,1023,0,126,1023,0,144,317,305,408,314,305,521,683,665,305,336
392,1023,0,246,1023,0,90,320,305,489,322,305,521,706,689,305,336
435,1023,0,280,1023,0,272,341,305,521,330,305,521,744,729,305,336
366,1023,0,244,1023,0,178,323,305,419,313,305,521,744,729,305,336
403,1023,0,321,1023,0,327,354,305,488,321,305,521,733,715,305,336
364,1023,0,222,1023,0,257,330,305,503,326,305,521,749,718,305,336
401,1023,0,203,1023,0,326,366,305,391,319,305,522,664,653,305,336
254,1023,0,421,1023,0,237,326,305,546,334,305,522,757,719,305,336
492,1023,0,469,1023,0,207,323,305,494,321,305,522,741,725,305,336
489,1023,0,486,1023,0,259,338,305,539,337,305,522,772,750,305,336
398,1023,0,243,1023,0,223,328,305,511,328,305,522,670,640,305,336
399,1023,0,332,1023,0,263,329,305,510,319,305,522,720,688,305,336
385,1023,0,368,1023,0,220,323,305,478,321,305,522,704,687,305,336
420,1023,0,279,1023,0,289,341,305,492,323,305,522,758,734,305,336
384,1023,0,230,1023,0,256,332,305,486,323,305,522,720,707,305,336
478,1023,0,331,1023,0,228,329,305,482,323,305,522,776,764,305,336
494,1023,0,341,1023,0,217,332,305,490,326,305,522,752,723,305,336
354,1023,0,207,1023,0,133,325,305,406,315,305,522,706,690,305,336
319,1023,0,107,1023,0,122,317,305,363,313,305,522,673,657,305,336
429,1023,0,306,1023,0,712,763,305,650,417,305,522,753,737,305,336
783,1023,0,690,1023,0,698,711,305,645,375,305,522,822,785,305,336
367,1023,0,177,1023,0,164,313,305,457,322,305,522,708,701,305,336
391,1023,0,392,1023,0,229,323,305,513,327,305,522,742,716,305,336
478,1023,0,221,1023,0,213,328,305,478,323,305,522,667,635,305,336
333,1023,0,237,1023,0,177,325,305,472,314,305,522,667,662,305,336
489,1023,0,434,1023,0,344,365,305,550,332,305,522,735,710,305,336
463,1023,0,197,1023,0,260,335,305,518,335,305,522,730,713,305,336
431,1023,0,258,1023,0,177,323,305,442,316,305,522,726,717,305,336
464,1023,0,356,1023,0,240,328,305,519,328,305,522,747,711,305,336
271,1023,0,100,1023,0,117,313,305,425,314,305,522,683,665,305,336
337,1023,0,198,1023,0,188,322,305,430,315,305,522,700,657,305,336
362,1023,0,316,1023,0,294,351,305,526,335,305,522,752,728,305,336
251,1023,0,232,1023,0,235,328,305,492,320,305,522,762,749,305,336
544,1023,0,369,1023,0,219,326,305,516,328,305,522,735,719,305,336
321,1023,0,257,1023,0,240,336,305,485,327,305,522,755,744,305,336
494,1023,0,300,1023,0,205,314,305,479,316,305,522,710,675,305,336
574,1023,0,410,1023,0,333,369,305,565,356,305,522,767,741,305,336
369,1023,0,239,1023,0,151,317,305,423,318,305,522,740,734,305,336
352,1023,0,239,1023,0,681,749,305,617,390,305,522,712,700,305,336
572,1023,0,409,1023,0,297,345,305,512,329,305,522,752,732,305,336
470,1023,0,459,1023,0,250,329,305,525,327,305,522,767,743,305,336
648,1023,0,599,1023,0,505,494,305,548,328,305,522,721,696,305,336
489,1023,0,290,1023,0,202,318,305,470,317,305,522,706,682,305,336
440,1023,0,307,1023,0,348,376,305,495,324,305,522,715,700,305,336
376,1023,0,165,1023,0,79,315,305,406,314,305,522,717,705,305,336
329,1023,0,332,1023,0,222,327,305,509,325,305,522,703,672,305,336
418,1023,0,312,1023,0,566,604,305,549,340,305,523,739,724,305,336
511,1023,0,377,1023,0,233,327,305,503,318,305,523,735,696,305,336
387,1023,0,226,1023,0,209,323,305,446,316,305,523,709,697,305,336
410,1023,0,399,1023,0,242,332,305,492,326,305,523,763,738,305,336
355,1023,0,461,1023,0,268,333,305,477,318,305,523,715,687,305,336
350,1023,0,272,1023,0,227,332,305,454,316,305,523,717,705,305,336
344,1023,0,286,1023,0,258,334,305,474,319,305,523,710,697,305,336
350,1023,0,240,1023,0,232,327,305,472,317,305,523,732,687,305,336
463,1023,0,307,1023,0,290,348,305,447,319,305,523,701,676,305,336
323,1023,0,204,1023,0,210,324,305,467,318,305,523,699,682,305,336
401,1023,0,264,1023,0,232,328,305,442,315,305,523,694,682,305,336
369,1023,0,250,1023,0,197,330,305,452,318,305,523,689,675,305,336
366,1023,0,175,1023,0,256,332,305,499,320,305,523,737,727,305,336
344,1023,0,218,1023,0,353,379,305,497,323,305,523,700,680,305,336
356,1023,0,189,1023,0,159,321,305,274,310,305,523,681,675,305,336
596,1023,0,722,1023,0,348,359,305,572,347,305,523,778,749,305,336
434,1023,0,371,1023,0,218,330,305,490,320,305,523,744,730,305,336
651,1023,0,576,1023,0,311,350,305,531,330,305,523,737,693,305,336
485,1023,0,353,1023,0,266,325,305,530,323,305,523,735,709,305,336
340,1023,0,342,1023,0,267,341,305,531,338,305,523,689,657,305,336
468,1023,0,413,1023,0,224,327,305,519,330,305,523,777,740,305,344
400,1023,0,199,1023,0,240,332,305,457,321,305,523,741,728,305,344
456,1023,0,330,1023,0,274,333,305,490,323,305,523,742,720,305,344
493,1023,0,395,1023,0,329,354,305,500,327,305,523,729,701,305,344
516,1023,0,357,1023,0,612,642,305,585,353,305,523,752,721,305,344
596,1023,0,464,1023,0,369,380,305,603,372,305,523,778,756,305,344
444,1023,0,306,1023,0,247,332,305,484,322,305,523,738,698,305,344
459,1023,0,481,1023,0,277,334,305,508,325,305,523,740,720,305,344
379,1023,0,203,1023,0,173,319,305,464,323,305,523,727,694,305,344
342,1023,0,207,1023,0,175,324,305,437,317,305,523,730,699,305,344
480,1023,0,508,1023,0,289,337,305,553,335,305,523,728,705,305,344
521,1023,0,293,1023,0,248,329,305,488,320,305,523,741,726,305,344
433,1023,0,366,1023,0,356,377,305,493,325,305,523,702,688,305,344
388,1023,0,155,1023,0,227,325,305,483,320,305,523,703,684,305,344
703,1023,0,706,1023,0,377,371,305,596,358,305,523,762,726,305,344
421,1023,0,447,1023,0,110,316,305,485,319,305,523,720,680,305,344
413,1023,0,432,1023,0,270,331,305,515,330,305,523,738,713,305,344
460,1023,0,312,1023,0,248,337,305,513,327,305,523,715,696,305,344
319,1023,0,171,1023,0,202,321,305,453,318,305,523,703,693,305,344
472,1023,0,411,1023,0,284,346,305,521,332,305,523,762,741,305,344
397,1023,0,346,1023,0,262,334,305,496,320,305,523,744,712,305,344
445,1023,0,323,1023,0,239,326,305,478,322,305,524,741,690,305,344
356,1023,0,419,1023,0,215,325,305,533,330,305,524,742,723,305,344
341,1023,0,193,1023,0,213,333,305,504,329,305,524,695,686,305,344
395,1023,0,306,1023,0,364,377,305,531,330,305,524,729,698,305,344
327,1023,0,250,1023,0,134,315,305,712,576,305,524,819,805,305,344
436,1023,0,286,1023,0,243,326,305,513,327,305,524,702,690,305,344
564,1023,0,381,1023,0,271,331,305,524,325,305,524,719,693,305,344
584,1023,0,567,1023,0,366,372,305,583,351,305,524,778,744,305,344
379,1023,0,405,1023,0,216,325,305,516,331,305,524,703,683,305,344
405,1023,0,412,1023,0,308,350,305,525,335,305,524,749,717,305,344
365,1023,0,250,1023,0,235,330,305,454,315,305,524,698,669,305,344
403,1023,0,219,1023,0,185,325,305,447,318,305,524,709,687,305,344
414,1023,0,235,1023,0,232,324,305,507,317,305,524,725,696,305,344
570,1023,0,585,1023,0,290,342,305,532,332,305,524,788,771,305,344
391,1023,0,205,1023,0,353,383,305,473,315,305,524,715,690,305,344
301,1023,0,263,1023,0,358,388,305,464,318,305,524,707,695,305,344
436,1023,0,328,1023,0,257,329,305,509,324,305,524,741,701,305,344
618,1023,0,552,1023,0,280,327,305,554,331,305,524,794,730,305,344
456,1023,0,317,1023,0,253,326,305,511,320,305,524,724,708,305,344
489,1023,0,369,1023,0,562,595,305,568,348,305,524,770,746,305,344
404,1023,0,294,1023,0,245,335,305,468,320,305,524,703,673,305,344
437,1023,0,338,1023,0,238,328,305,506,322,305,524,740,728,305,344
318,1023,0,183,1023,0,130,319,305,449,315,305,524,716,701,305,344
434,1023,0,260,1023,0,245,330,305,505,325,305,524,715,676,305,344
459,1023,0,331,1023,0,266,334,305,491,327,305,524,746,732,305,344
325,1023,0,190,1023,0,262,336,305,508,327,305,524,719,705,305,344
410,1023,0,326,1023,0,281,345,305,506,325,305,524,737,725,305,344
372,1023,0,282,1023,0,199,330,305,481,324,305,524,705,688,305,344
240,1023,0,446,1023,0,258,333,305,562,350,305,524,749,723,305,344
474,1023,0,328,1023,0,320,352,305,526,329,305,524,716,688,305,344
389,1023,0,395,1023,0,244,331,305,493,331,305,524,747,727,305,344
452,1023,0,259,1023,0,270,333,305,535,337,305,524,728,685,305,344
457,1023,0,306,1023,0,318,352,305,489,320,305,524,729,717,305,344
418,1023,0,349,1023,0,247,336,305,514,328,305,524,742,716,305,344
318,1023,0,230,1023,0,135,313,305,454,313,305,524,691,672,305,344
388,1023,0,235,1023,0,208,323,305,502,321,305,524,701,687,305,344
511,1023,0,451,1023,0,298,352,305,535,337,305,524,737,708,305,344
419,1023,0,321,1023,0,258,338,305,495,331,305,524,715,700,305,344
467,1023,0,363,1023,0,297,338,305,547,333,305,524,752,733,305,344
385,1023,0,386,1023,0,240,334,305,520,329,305,524,734,702,305,344
537,1023,0,332,1023,0,250,333,305,511,333,305,524,766,735,305,344
571,1023,0,412,1023,0,275,335,305,530,336,305,524,771,755,305,344
577,1023,0,301,1023,0,488,509,305,497,325,305,525,744,726,305,344
458,1023,0,349,1023,0,256,329,305,522,326,305,525,727,705,305,344
425,1023,0,265,1023,0,243,326,305,494,328,305,525,743,728,305,344
529,1023,0,413,1023,0,319,342,305,498,323,305,525,747,708,305,344
415,1023,0,319,1023,0,755,822,305,673,470,305,525,716,704,305,344
489,1023,0,366,1023,0,484,485,305,562,341,305,525,745,718,305,344
296,1023,0,193,1023,0,230,332,305,468,321,305,525,750,741,305,344
274,1023,0,184,1023,0,210,319,305,461,314,305,525,715,709,305,344
368,1023,0,167,1023,0,187,321,305,515,321,305,525,713,692,305,344
473,1023,0,285,1023,0,246,339,305,492,328,305,525,724,699,305,344
334,1023,0,215,1023,0,202,327,305,476,320,305,525,753,738,305,344
354,1023,0,179,1023,0,168,319,305,483,317,305,525,684,674,305,344
668,1023,0,422,1023,0,290,334,305,518,327,305,525,732,701,305,344
461,1023,0,413,1023,0,251,329,305,504,326,305,525,753,743,305,344
405,1023,0,285,1023,0,128,321,305,481,320,305,525,720,705,305,344
402,1023,0,418,1023,0,388,397,305,543,344,305,525,733,716,305,344
379,1023,0,279,1023,0,258,331,305,495,328,305,525,735,725,305,344
464,1023,0,411,1023,0,212,323,305,490,319,305,525,739,694,305,344
343,1023,0,232,1023,0,231,332,305,480,320,305,525,729,710,305,344
381,1023,0,255,1023,0,225,327,305,504,325,305,525,706,691,305,344
423,1023,0,464,1023,0,524,541,305,528,333,305,525,759,723,305,344
314,1023,0,163,1023,0,172,314,305,412,317,305,525,665,653,305,344
460,1023,0,492,1023,0,242,325,305,544,335,305,525,726,702,305,344
427,1023,0,281,1023,0,236,327,305,454,316,305,525,690,659,305,344
460,1023,0,380,1023,0,274,334,305,507,326,305,525,743,716,305,344
418,1023,0,533,1023,0,316,353,305,578,356,305,525,740,718,305,344
459,1023,0,425,1023,0,266,336,305,518,329,305,525,778,741,305,344
580,1023,0,511,1023,0,575,606,305,555,343,305,525,773,740,305,344
401,1023,0,420,1023,0,298,346,305,528,333,305,525,732,716,305,344
468,1023,0,291,1023,0,198,322,305,504,327,305,525,735,688,305,344
457,1023,0,449,1023,0,248,325,305,542,333,305,525,719,671,305,344
381,1023,0,407,1023,0,371,383,305,537,331,305,525,741,728,305,344
477,1023,0,377,1023,0,296,348,305,540,338,305,525,740,716,305,344
341,1023,0,135,1023,0,161,322,305,482,323,305,525,682,673,305,344
385,1023,0,347,1023,0,297,360,305,525,339,305,525,740,709,305,344
388,1023,0,412,1023,0,242,327,305,491,323,305,525,746,727,305,344
499,1023,0,381,1023,0,290,345,305,507,336,305,526,768,749,305,344
380,1023,0,361,1023,0,300,354,305,518,338,305,526,742,727,305,344
388,1023,0,245,1023,0,232,331,305,480,327,305,526,727,699,305,344
364,1023,0,247,1023,0,251,329,305,487,327,305,526,703,688,305,344
467,1023,0,462,1023,0,299,348,305,518,331,305,526,741,722,305,344
518,1023,0,473,1023,0,299,354,305,520,336,305,526,723,707,305,344
474,1023,0,349,1023,0,257,333,305,522,331,305,526,738,717,305,344
295,1023,0,142,1023,0,163,320,305,475,317,305,526,687,678,305,344
428,1023,0,495,1023,0,281,335,305,511,326,305,526,747,728,305,344
366,1023,0,224,1023,0,339,367,305,475,320,305,526,729,721,305,344
326,1023,0,232,1023,0,315,368,305,504,333,305,526,741,731,305,344
274,1023,0,138,1023,0,199,323,305,432,314,305,526,649,629,305,344
314,1023,0,318,1023,0,254,333,305,474,329,305,526,718,691,305,352
453,1023,0,308,1023,0,297,341,305,509,323,305,526,726,706,305,352
360,1023,0,165,1023,0,175,326,305,490,322,305,526,688,674,305,352
423,1023,0,288,1023,0,227,324,305,479,319,305,526,745,731,305,352
395,1023,0,366,1023,0,341,366,305,529,339,305,526,756,743,305,352
474,1023,0,463,1023,0,408,417,305,532,338,305,526,766,729,305,352
524,1023,0,600,1023,0,354,356,305,523,325,305,526,779,763,305,352
327,1023,0,189,1023,0,203,323,305,462,322,305,526,658,641,305,352
413,1023,0,372,1023,0,311,350,305,517,326,305,526,751,737,305,352
482,1023,0,308,1023,0,235,333,305,511,327,305,526,764,742,305,352
424,1023,0,267,1023,0,602,660,305,578,354,305,526,741,712,305,352
394,1023,0,331,1023,0,284,345,305,526,331,305,526,775,759,305,352
318,1023,0,166,1023,0,238,340,305,488,326,305,526,691,675,305,352
362,1023,0,297,1023,0,205,319,305,473,320,305,526,695,672,305,352
605,1023,0,358,1023,0,290,337,305,504,324,305,526,758,712,305,352
348,1023,0,295,1023,0,213,322,305,467,323,305,526,683,657,305,352
443,1023,0,515,1023,0,279,342,305,529,339,305,526,749,732,305,352
372,1023,0,213,1023,0,213,321,305,414,313,305,526,700,677,305,352
363,1023,0,396,1023,0,229,332,305,472,329,305,526,753,725,305,352
461,1023,0,259,1023,0,225,328,305,473,322,305,526,737,724,305,352
261,1023,0,132,1023,0,11,308,305,427,315,305,526,721,712,305,352
515,1023,0,425,1023,0,259,327,305,527,326,305,526,736,711,305,352
325,1023,0,160,1023,0,136,317,305,475,324,305,526,688,672,305,352
488,1023,0,685,1023,0,310,359,305,572,368,305,526,751,717,305,352
423,1023,0,453,1023,0,257,336,305,502,321,305,526,755,741,305,352
446,1023,0,338,1023,0,216,324,305,496,327,305,526,764,731,305,352
486,1023,0,459,1023,0,313,346,305,517,329,305,526,776,751,305,352
430,1023,0,413,1023,0,332,359,305,494,327,305,527,733,705,305,352
577,1023,0,483,1023,0,677,720,305,624,379,305,527,750,694,305,352
296,1023,0,260,1023,0,229,328,305,438,318,305,527,721,705,305,352
431,1023,0,445,1023,0,227,325,305,518,328,305,527,727,698,305,352
525,1023,0,445,1023,0,533,549,305,566,348,305,527,735,715,305,352
409,1023,0,262,1023,0,179,319,305,498,327,305,527,771,755,305,352
430,1023,0,273,1023,0,223,327,305,472,325,305,527,700,688,305,352
470,1023,0,296,1023,0,277,337,305,518,331,305,527,749,725,305,352
584,1023,0,591,1023,0,267,338,305,515,327,305,527,747,728,305,352
470,1023,0,263,1023,0,311,358,305,503,326,305,527,731,708,305,352
450,1023,0,466,1023,0,256,326,305,491,324,305,527,728,695,305,352
414,1023,0,317,1023,0,244,334,305,507,329,305,527,736,727,305,352
358,1023,0,144,1023,0,0,310,305,408,312,305,527,736,722,305,352
277,1023,0,162,1023,0,106,323,305,442,318,305,527,712,686,305,352
360,1023,0,236,1023,0,252,328,305,519,327,305,527,728,719,305,352
406,1023,0,231,1023,0,204,327,305,533,333,305,527,767,736,305,352
473,1023,0,355,1023,0,245,326,305,485,323,305,527,743,704,305,352
448,1023,0,342,1023,0,250,332,305,506,330,305,527,744,703,305,352
515,1023,0,450,1023,0,278,330,305,529,323,305,527,737,711,305,352
498,1023,0,419,1023,0,218,325,305,528,330,305,527,746,696,305,352
502,1023,0,303,1023,0,409,404,305,507,326,305,527,730,683,305,352
437,1023,0,640,1023,0,322,357,305,562,343,305,527,764,736,305,352
367,1023,0,209,1023,0,236,327,305,497,325,305,527,736,709,305,352
319,1023,0,367,1023,0,281,340,305,501,332,305,527,728,716,305,352
719,1023,0,741,1023,0,331,356,305,556,339,305,527,806,747,305,352
431,1023,0,617,1023,0,393,403,305,552,350,305,527,795,768,305,352
320,1023,0,282,1023,0,125,315,305,461,317,305,527,716,699,305,352
520,1023,0,474,1023,0,279,342,305,537,333,305,527,749,724,305,352
578,1023,0,357,1023,0,282,327,305,538,327,305,527,796,740,305,352
321,1023,0,218,1023,0,185,322,305,439,319,305,527,727,715,305,352
445,1023,0,360,1023,0,312,346,305,505,325,305,527,747,713,305,352
439,1023,0,282,1023,0,181,317,305,474,326,305,527,737,713,305,352
478,1023,0,417,1023,0,244,325,305,504,326,305,527,724,701,305,352
470,1023,0,534,1023,0,242,328,305,495,325,305,527,776,751,305,352
513,1023,0,417,1023,0,237,331,305,515,329,305,527,746,710,305,352
561,1023,0,698,1023,0,288,337,305,747,582,305,527,797,768,305,352
520,1023,0,325,1023,0,261,332,305,487,328,305,527,800,788,305,352
455,1023,0,464,1023,0,285,341,305,541,335,305,527,728,702,305,352
398,1023,0,308,1023,0,251,337,305,462,324,305,527,704,689,305,352
431,1023,0,408,1023,0,286,354,305,493,330,305,527,714,686,305,352
350,1023,0,530,1023,0,348,384,305,581,369,305,527,644,603,305,352
484,1023,0,332,1023,0,414,423,305,474,326,305,527,720,701,305,352
386,1023,0,286,1023,0,213,327,305,502,328,305,527,749,731,305,352
349,1023,0,176,1023,0,227,326,305,424,314,305,527,721,691,305,352
502,1023,0,388,1023,0,246,334,305,531,326,305,527,760,733,305,352
378,1023,0,264,1023,0,250,338,305,476,321,305,527,736,713,305,352
425,1023,0,429,1023,0,273,339,305,541,340,305,527,738,721,305,352
307,1023,0,159,1023,0,186,319,305,422,318,305,528,707,699,305,352
354,1023,0,264,1023,0,178,318,305,413,315,305,528,693,681,305,352
466,1023,0,313,1023,0,476,497,305,538,330,305,528,736,712,305,352
349,1023,0,241,1023,0,156,322,305,467,316,305,528,707,697,305,352
429,1023,0,328,1023,0,727,785,305,652,428,305,528,728,708,305,352
404,1023,0,224,1023,0,170,319,305,470,321,305,528,722,705,305,352
456,1023,0,291,1023,0,279,339,305,505,326,305,528,756,743,305,352
393,1023,0,243,1023,0,239,324,305,489,322,305,528,722,694,305,352
392,1023,0,379,1023,0,209,326,305,604,378,305,528,686,647,305,352
555,1023,0,379,1023,0,267,330,305,538,326,305,528,732,716,305,352
355,1023,0,300,1023,0,205,323,305,493,324,305,528,721,672,305,352
494,1023,0,369,1023,0,248,325,305,504,325,305,528,783,761,305,352
490,1023,0,413,1023,0,242,332,305,514,325,305,528,737,721,305,352
394,1023,0,339,1023,0,229,319,305,485,321,305,528,711,697,305,352
613,1023,0,628,1023,0,616,639,305,596,354,305,528,811,778,305,352
318,1023,0,231,1023,0,258,334,305,448,318,305,528,684,671,305,352
525,1023,0,389,1023,0,289,339,305,502,327,305,528,778,755,305,352
455,1023,0,269,1023,0,239,324,305,482,320,305,528,710,673,305,352
448,1023,0,361,1023,0,385,392,305,505,326,305,528,732,703,305,352
604,1023,0,813,1023,0,324,348,305,584,357,305,528,731,711,305,352
358,1023,0,190,1023,0,192,324,305,464,321,305,528,709,700,305,352
490,1023,0,473,1023,0,271,332,305,529,327,305,528,748,728,305,352
366,1023,0,287,1023,0,266,337,305,490,327,305,528,704,684,305,352
392,1023,0,441,1023,0,283,350,305,546,347,305,528,758,737,305,352
531,1023,0,349,1023,0,285,338,305,528,328,305,528,739,709,305,352
345,1023,0,266,1023,0,140,321,305,494,325,305,528,723,688,305,352
404,1023,0,429,1023,0,201,321,305,619,392,305,528,763,756,305,352
368,1023,0,196,1023,0,226,328,305,473,322,305,528,703,670,305,352
418,1023,0,331,1023,0,270,336,305,526,337,305,528,771,733,305,352
404,1023,0,256,1023,0,246,333,305,485,324,305,528,737,726,305,352
394,1023,0,191,1023,0,206,320,305,467,316,305,528,740,711,305,352
431,1023,0,289,1023,0,347,374,305,517,328,305,528,728,696,305,352
394,1023,0,344,1023,0,250,335,305,488,327,305,528,737,721,305,352
391,1023,0,238,1023,0,165,316,305,433,319,305,528,706,669,305,352
516,1023,0,544,1023,0,245,334,305,537,333,305,528,719,671,305,352
340,1023,0,265,1023,0,182,326,305,483,323,305,528,682,672,305,352
402,1023,0,221,1023,0,256,338,305,502,322,305,528,743,727,305,352
334,1023,0,308,1023,0,246,327,305,506,327,305,528,751,740,305,352
241,1023,0,214,1023,0,209,326,305,474,327,305,528,694,674,305,352
562,1023,0,426,1023,0,290,332,305,525,329,305,528,763,716,305,352
652,1023,0,426,1023,0,780,829,305,695,486,305,528,748,719,305,352
477,1023,0,467,1023,0,213,319,305,489,322,305,528,731,681,305,352
441,1023,0,330,1023,0,274,337,305,521,332,305,528,754,742,305,360
290,1023,0,177,1023,0,432,473,305,436,318,305,529,708,694,305,360
428,1023,0,230,1023,0,186,323,305,508,321,305,529,711,674,305,360
323,1023,0,251,1023,0,223,327,305,482,328,305,529,724,705,305,360
338,1023,0,233,1023,0,186,326,305,481,326,305,529,742,721,305,360
330,1023,0,235,1023,0,186,323,305,490,321,305,529,701,681,305,360
418,1023,0,346,1023,0,211,325,305,471,321,305,529,750,723,305,360
466,1023,0,290,1023,0,275,335,305,500,322,305,529,714,691,305,360
411,1023,0,469,1023,0,339,366,305,512,329,305,529,751,729,305,360
512,1023,0,343,1023,0,267,334,305,489,325,305,529,773,746,305,360
467,1023,0,386,1023,0,478,495,305,534,337,305,529,723,705,305,360
381,1023,0,267,1023,0,211,323,305,509,328,305,529,715,701,305,360
380,1023,0,347,1023,0,793,862,305,692,510,305,529,754,742,305,360
541,1023,0,397,1023,0,238,324,305,511,325,305,529,754,735,305,360
307,1023,0,240,1023,0,288,348,305,445,314,305,529,683,672,305,360
590,1023,0,312,1023,0,310,342,305,502,322,305,529,739,704,305,360
392,1023,0,304,1023,0,260,338,305,511,331,305,529,709,693,305,360
377,1023,0,206,1023,0,230,327,305,460,316,305,529,735,726,305,360
477,1023,0,358,1023,0,245,329,305,502,325,305,529,726,708,305,360
436,1023,0,245,1023,0,211,326,305,501,321,305,529,716,689,305,360
438,1023,0,261,1023,0,209,332,305,511,328,305,529,729,716,305,360
464,1023,0,388,1023,0,262,336,305,502,328,305,529,749,719,305,360
381,1023,0,232,1023,0,700,769,305,629,410,305,529,743,705,305,360
469,1023,0,355,1023,0,220,327,305,531,323,305,529,735,722,305,360
402,1023,0,234,1023,0,210,328,305,463,319,305,529,704,689,305,360
396,1023,0,206,1023,0,226,331,305,505,331,305,529,729,692,305,360
422,1023,0,292,1023,0,222,330,305,479,323,305,529,738,728,305,360
340,1023,0,222,1023,0,237,337,305,485,328,305,529,708,694,305,360
474,1023,0,457,1023,0,436,443,305,507,329,305,529,711,698,305,360
332,1023,0,418,1023,0,258,335,305,505,329,305,529,676,659,305,360
454,1023,0,368,1023,0,227,333,305,503,326,305,529,739,721,305,360
496,1023,0,345,1023,0,220,321,305,510,323,305,529,729,713,305,360
419,1023,0,221,1023,0,253,337,305,495,324,305,529,737,727,305,360
357,1023,0,197,1023,0,197,320,305,428,315,305,529,681,656,305,360
638,1023,0,385,1023,0,337,354,305,572,343,305,529,770,742,305,360
431,1023,0,220,1023,0,230,323,305,495,324,305,529,746,736,305,360
380,1023,0,295,1023,0,223,330,305,508,331,305,529,737,722,305,360
558,1023,0,389,1023,0,318,343,305,509,321,305,530,756,739,305,360
418,1023,0,275,1023,0,231,328,305,490,327,305,530,754,741,305,360
344,1023,0,474,1023,0,239,326,305,723,532,305,530,842,819,305,360
456,1023,0,412,1023,0,403,407,305,516,326,305,530,752,725,305,360
339,1023,0,152,1023,0,132,316,305,342,312,305,530,698,681,305,360
460,1023,0,410,1023,0,243,323,305,521,326,305,530,761,746,305,360
340,1023,0,209,1023,0,313,359,305,443,315,305,530,737,726,305,360
374,1023,0,262,1023,0,134,317,305,405,314,305,530,716,686,305,360
407,1023,0,226,1023,0,178,317,305,420,317,305,530,718,685,305,360
402,1023,0,234,1023,0,510,544,305,517,329,305,530,746,732,305,360
622,1023,0,530,1023,0,615,674,305,600,364,305,530,801,722,305,360
471,1023,0,357,1023,0,711,772,305,641,421,305,530,750,733,305,360
697,1023,0,452,1023,0,282,334,305,504,321,305,530,757,737,305,360
341,1023,0,319,1023,0,238,328,305,485,325,305,530,746,718,305,360
547,1023,0,466,1023,0,409,409,305,573,351,305,530,742,710,305,360
549,1023,0,519,1023,0,275,339,305,535,332,305,530,728,710,305,360
698,1023,0,527,1023,0,472,447,305,541,331,305,530,764,733,305,360
378,1023,0,228,1023,0,171,322,305,454,320,305,530,717,696,305,360
396,1023,0,424,1023,0,269,335,305,527,329,305,530,739,708,305,360
664,1023,0,415,1023,0,292,333,305,538,328,305,530,799,762,305,360
574,1023,0,418,1023,0,325,347,305,539,334,305,530,735,713,305,360
488,1023,0,431,1023,0,287,336,305,523,330,305,530,716,685,305,360
368,1023,0,386,1023,0,388,406,305,519,334,305,530,727,710,305,360
394,1023,0,396,1023,0,243,332,305,499,332,305,530,747,729,305,360
468,1023,0,439,1023,0,287,341,305,535,329,305,530,747,714,305,360
295,1023,0,146,1023,0,234,334,305,485,319,305,530,685,670,305,360
339,1023,0,362,1023,0,257,338,305,458,326,305,530,756,736,305,360
386,1023,0,235,1023,0,230,330,305,457,316,305,530,753,740,305,360
601,1023,0,669,1023,0,290,343,305,548,346,305,530,739,707,305,360
358,1023,0,272,1023,0,208,327,305,534,332,305,530,720,710,305,360
319,1023,0,237,1023,0,271,335,305,513,331,305,530,731,717,305,360
422,1023,0,381,1023,0,490,513,305,538,336,305,530,743,723,305,360
751,1023,0,557,1023,0,442,452,305,564,331,305,530,819,754,305,360
371,1023,0,255,1023,0,254,335,305,498,321,305,530,718,694,305,360
470,1023,0,333,1023,0,579,623,305,611,373,305,531,774,743,305,360
413,1023,0,290,1023,0,711,768,305,633,405,305,531,747,732,305,360
388,1023,0,258,1023,0,476,501,305,515,322,305,531,788,765,305,360
424,1023,0,382,1023,0,454,464,305,556,348,305,531,743,729,305,360
287,1023,0,254,1023,0,97,318,305,537,333,305,531,728,700,305,360
445,1023,0,331,1023,0,270,340,305,507,327,305,531,750,731,305,360
347,1023,0,185,1023,0,246,326,305,453,313,305,531,717,706,305,360
408,1023,0,221,1023,0,246,330,305,476,317,305,531,697,678,305,360
472,1023,0,469,1023,0,665,726,305,617,387,305,531,713,675,305,360
359,1023,0,257,1023,0,223,324,305,476,320,305,531,695,678,305,360
401,1023,0,262,1023,0,623,676,305,582,358,305,531,723,690,305,360
461,1023,0,502,1023,0,311,342,305,545,334,305,531,726,694,305,360
545,1023,0,371,1023,0,304,346,305,520,333,305,531,735,708,305,360
375,1023,0,263,1023,0,280,337,305,513,331,305,531,726,708,305,360
273,1023,0,112,1023,0,0,310,305,238,309,305,531,688,682,305,360
459,1023,0,311,1023,0,304,351,305,543,336,305,531,754,734,305,360
348,1023,0,149,1023,0,216,325,305,441,318,305,531,711,700,305,360
419,1023,0,291,1023,0,167,320,305,473,317,305,531,719,696,305,360
401,1023,0,371,1023,0,255,330,305,523,327,305,531,767,752,305,360
411,1023,0,282,1023,0,233,322,305,515,324,305,531,709,694,305,368
423,1023,0,331,1023,0,678,734,305,615,386,305,531,752,738,305,368
348,1023,0,260,1023,0,202,327,305,475,325,305,531,710,670,305,368
290,1023,0,153,1023,0,74,317,305,392,312,305,531,701,688,305,368
372,1023,0,229,1023,0,697,759,305,624,398,305,531,749,737,305,368
547,1023,0,292,1023,0,247,324,305,488,320,305,531,769,743,305,368
304,1023,0,278,1023,0,251,327,305,485,323,305,531,733,699,305,368
382,1023,0,331,1023,0,256,325,305,500,321,305,531,711,668,305,368
303,1023,0,193,1023,0,206,329,305,464,322,305,531,689,680,305,368
403,1023,0,263,1023,0,254,334,305,463,316,305,531,757,747,305,368
603,1023,0,515,1023,0,282,340,305,533,331,305,531,759,739,305,368
384,1023,0,314,1023,0,402,413,305,510,324,305,531,748,718,305,368
334,1023,0,281,1023,0,152,318,305,505,322,305,531,725,703,305,368
350,1023,0,163,1023,0,144,324,305,451,315,305,531,700,676,305,368
582,1023,0,395,1023,0,288,332,305,537,326,305,531,757,738,305,368
514,1023,0,378,1023,0,241,331,305,514,327,305,531,737,711,305,368
649,1023,0,601,1023,0,367,372,305,556,342,305,531,764,742,305,368
397,1023,0,238,1023,0,209,327,305,481,319,305,531,720,682,305,368
529,1023,0,664,1023,0,263,333,305,552,334,305,531,728,697,305,368
379,1023,0,266,1023,0,176,320,305,472,318,305,531,730,716,305,368
566,1023,0,622,1023,0,242,331,305,541,338,305,532,790,769,305,368
331,1023,0,196,1023,0,273,340,305,508,328,305,532,708,680,305,368
494,1023,0,424,1023,0,281,331,305,483,317,305,532,742,724,305,368
389,1023,0,301,1023,0,240,337,305,498,332,305,532,703,683,305,368
334,1023,0,269,1023,0,247,327,305,478,320,305,532,702,695,305,368
671,1023,0,536,1023,0,317,339,305,559,331,305,532,812,745,305,368
360,1023,0,247,1023,0,268,338,305,493,320,305,532,740,716,305,368
274,1023,0,246,1023,0,163,316,305,475,318,305,532,707,682,305,368
380,1023,0,290,1023,0,242,331,305,515,324,305,532,709,698,305,368
491,1023,0,445,1023,0,437,448,305,530,329,305,532,735,701,305,368
551,1023,0,436,1023,0,285,335,305,526,323,305,532,757,737,305,368
462,1023,0,712,1023,0,812,849,305,707,495,305,532,716,685,305,368
519,1023,0,317,1023,0,344,360,305,508,331,305,532,761,742,305,368
465,1023,0,276,1023,0,179,315,305,482,324,305,532,700,678,305,368
370,1023,0,178,1023,0,638,705,305,583,362,305,532,736,722,305,368
345,1023,0,218,1023,0,170,315,305,460,323,305,532,689,682,305,368
430,1023,0,285,1023,0,510,541,305,537,337,305,532,733,713,305,368
487,1023,0,321,1023,0,322,360,305,549,341,305,532,757,727,305,368
243,1023,0,115,1023,0,102,316,305,351,315,305,532,661,655,305,368
450,1023,0,411,1023,0,184,318,305,512,324,305,532,715,690,305,368
386,1023,0,238,1023,0,253,332,305,502,320,305,532,734,719,305,368
432,1023,0,325,1023,0,252,339,305,513,332,305,532,690,675,305,368
393,1023,0,218,1023,0,244,331,305,477,325,305,532,720,708,305,368
431,1023,0,312,1023,0,380,381,305,459,315,305,532,766,724,305,368
421,1023,0,233,1023,0,289,338,305,537,336,305,532,738,719,305,368
291,1023,0,150,1023,0,208,318,305,466,312,305,532,698,684,305,368
399,1023,0,182,1023,0,196,323,305,450,318,305,532,725,704,305,368
520,1023,0,503,1023,0,302,341,305,565,352,305,532,752,727,305,368
320,1023,0,161,1023,0,232,327,305,503,331,305,532,703,692,305,368
373,1023,0,166,1023,0,138,321,305,455,324,305,532,701,671,305,368
290,1023,0,174,1023,0,213,329,305,470,322,305,532,684,670,305,368
402,1023,0,267,1023,0,186,321,305,482,322,305,532,716,703,305,368
478,1023,0,584,1023,0,288,332,305,533,328,305,532,771,749,305,368
628,1023,0,495,1023,0,266,334,305,524,332,305,532,749,733,305,368
529,1023,0,645,1023,0,669,719,305,624,390,305,532,745,722,305,368
547,1023,0,478,1023,0,192,321,305,494,326,305,532,742,706,305,368
326,1023,0,218,1023,0,247,329,305,459,320,305,533,747,737,305,368
509,1023,0,455,1023,0,252,326,305,519,322,305,533,764,748,305,368
462,1023,0,320,1023,0,262,333,305,495,323,305,533,738,721,305,368
595,1023,0,443,1023,0,273,336,305,517,333,305,533,763,743,305,368
411,1023,0,384,1023,0,290,349,305,515,327,305,533,733,711,305,368
469,1023,0,327,1023,0,257,328,305,487,322,305,533,748,728,305,368
440,1023,0,285,1023,0,221,330,305,474,321,305,533,725,693,305,368
396,1023,0,339,1023,0,162,319,305,490,322,305,533,690,653,305,368
350,1023,0,209,1023,0,264,330,305,487,320,305,533,725,712,305,368
508,1023,0,330,1023,0,255,329,305,517,322,305,533,747,731,305,368
356,1023,0,203,1023,0,216,327,305,439,317,305,533,720,701,305,368
411,1023,0,217,1023,0,251,331,305,392,317,305,533,698,687,305,368
433,1023,0,289,1023,0,227,326,305,614,405,305,533,804,737,305,368
453,1023,0,210,1023,0,214,318,305,451,314,305,533,731,705,305,368
488,1023,0,403,1023,0,715,768,305,647,417,305,533,716,677,305,368
347,1023,0,289,1023,0,236,327,305,492,329,305,533,723,710,305,368
358,1023,0,297,1023,0,565,605,305,576,345,305,533,757,748,305,368
338,1023,0,210,1023,0,791,862,305,688,513,305,533,699,688,305,368
423,1023,0,289,1023,0,265,324,305,490,322,305,533,748,735,305,368
452,1023,0,471,1023,0,243,331,305,517,322,305,533,743,700,305,368
622,1023,0,523,1023,0,337,370,305,550,342,305,533,753,731,305,368
364,1023,0,303,1023,0,256,330,305,501,327,305,533,721,704,305,368
469,1023,0,459,1023,0,265,336,305,477,326,305,533,750,716,305,368
371,1023,0,241,1023,0,263,346,305,516,336,305,533,715,704,305,368
488,1023,0,585,1023,0,296,347,305,552,345,305,533,758,740,305,368
460,1023,0,334,1023,0,451,441,305,519,334,305,533,727,711,305,368
358,1023,0,283,1023,0,198,323,305,476,321,305,533,702,678,305,368
428,1023,0,351,1023,0,272,330,305,523,334,305,533,714,678,305,368
437,1023,0,318,1023,0,232,329,305,525,332,305,533,710,688,305,368
483,1023,0,321,1023,0,271,348,305,513,335,305,533,731,708,305,368
496,1023,0,333,1023,0,257,332,305,506,328,305,533,741,714,305,368
474,1023,0,426,1023,0,296,334,305,519,328,305,533,754,719,305,368
468,1023,0,416,1023,0,264,335,305,536,326,305,533,729,704,305,368
429,1023,0,220,1023,0,320,357,305,461,318,305,533,687,664,305,368
522,1023,0,442,1023,0,277,339,305,527,338,305,533,808,791,305,368
343,1023,0,350,1023,0,335,367,305,485,321,305,533,711,696,305,368
575,1023,0,367,1023,0,309,339,305,491,322,305,533,600,508,305,368
466,1023,0,561,1023,0,321,355,305,562,349,305,533,794,773,305,368
467,1023,0,358,1023,0,272,328,305,521,321,305,533,730,682,305,368
311,1023,0,164,1023,0,298,358,305,447,314,305,534,732,721,305,368
311,1023,0,235,1023,0,575,640,305,561,347,305,534,678,668,305,376
434,1023,0,300,1023,0,247,350,305,494,327,305,534,731,702,305,376
395,1023,0,221,1023,0,219,330,305,470,320,305,534,698,677,305,376
425,1023,0,410,1023,0,263,342,305,534,334,305,534,699,675,305,376
584,1023,0,452,1023,0,249,325,305,507,326,305,534,745,723,305,376
391,1023,0,212,1023,0,253,333,305,483,316,305,534,710,677,305,376
388,1023,0,194,1023,0,141,318,305,481,322,305,534,728,719,305,376
208,1023,0,181,1023,0,448,489,305,489,330,305,534,728,719,305,376
302,1023,0,214,1023,0,151,316,305,449,320,305,534,706,698,305,376
272,1023,0,194,1023,0,173,316,305,488,330,305,534,676,668,305,376
406,1023,0,523,1023,0,240,331,305,514,328,305,534,745,706,305,376
541,1023,0,331,1023,0,243,328,305,514,332,305,534,743,702,305,376
431,1023,0,337,1023,0,244,326,305,499,321,305,534,761,739,305,376
398,1023,0,312,1023,0,318,351,305,524,328,305,534,754,741,305,376
517,1023,0,454,1023,0,284,343,305,532,333,305,534,750,712,305,376
440,1023,0,302,1023,0,259,337,305,527,331,305,534,743,716,305,376
352,1023,0,376,1023,0,243,323,305,503,327,305,534,729,718,305,376
381,1023,0,296,1023,0,228,329,305,502,324,305,534,717,698,305,376
321,1023,0,250,1023,0,258,337,305,482,324,305,534,705,687,305,376
517,1023,0,418,1023,0,235,327,305,517,329,305,534,763,740,305,376
405,1023,0,295,1023,0,187,321,305,496,321,305,534,738,725,305,376
372,1023,0,227,1023,0,171,325,305,487,319,305,534,700,685,305,376
391,1023,0,246,1023,0,206,320,305,487,323,305,534,701,662,305,376
416,1023,0,380,1023,0,294,342,305,488,321,305,534,738,721,305,376
386,1023,0,191,1023,0,262,334,305,489,322,305,534,725,689,305,376
465,1023,0,286,1023,0,210,326,305,507,323,305,534,737,715,305,376
454,1023,0,456,1023,0,373,377,305,507,325,305,534,735,693,305,376
470,1023,0,412,1023,0,323,361,305,551,343,305,534,778,771,305,376
359,1023,0,269,1023,0,372,392,305,472,321,305,534,685,669,305,376
565,1023,0,292,1023,0,277,347,305,528,339,305,534,737,710,305,376
478,1023,0,374,1023,0,219,319,305,480,321,305,534,734,704,305,376
376,1023,0,348,1023,0,281,345,305,487,330,305,534,738,725,305,376
410,1023,0,288,1023,0,236,333,305,489,321,305,534,743,725,305,376
735,1023,0,718,1023,0,284,332,305,552,331,305,534,792,721,305,376
538,1023,0,481,1023,0,312,357,305,557,344,305,534,758,732,305,376
398,1023,0,225,1023,0,250,339,305,481,321,305,534,696,685,305,376
483,1023,0,248,1023,0,263,341,305,394,314,305,534,719,702,305,376
401,1023,0,229,1023,0,225,325,305,477,320,305,534,716,687,305,376
361,1023,0,373,1023,0,243,328,305,475,319,305,534,746,711,305,376
343,1023,0,151,1023,0,246,338,305,521,334,305,535,687,657,305,376
377,1023,0,282,1023,0,205,327,305,477,319,305,535,734,721,305,376
385,1023,0,400,1023,0,199,322,305,696,509,305,535,784,765,305,376
301,1023,0,199,1023,0,227,327,305,456,320,305,535,707,697,305,376
373,1023,0,211,1023,0,207,332,305,477,322,305,535,734,714,305,376
505,1023,0,176,1023,0,215,316,305,474,320,305,535,728,710,305,376
332,1023,0,163,1023,0,430,443,305,518,335,305,535,709,693,305,376
536,1023,0,401,1023,0,796,848,305,699,500,305,535,772,724,305,376
327,1023,0,202,1023,0,221,327,305,452,317,305,535,702,681,305,376
527,1023,0,365,1023,0,283,340,305,525,328,305,535,749,730,305,376
493,1023,0,297,1023,0,219,325,305,492,322,305,535,721,693,305,376
425,1023,0,318,1023,0,201,325,305,496,324,305,535,750,735,305,376
415,1023,0,226,1023,0,163,318,305,483,317,305,535,724,704,305,376
463,1023,0,270,1023,0,259,331,305,508,329,305,535,737,726,305,376
497,1023,0,422,1023,0,332,355,305,525,327,305,535,743,711,305,376
333,1023,0,128,1023,0,279,344,305,521,329,305,535,691,677,305,376
435,1023,0,297,1023,0,271,332,305,491,324,305,535,782,768,305,376
361,1023,0,201,1023,0,241,330,305,516,329,305,535,746,735,305,376
564,1023,0,551,1023,0,340,356,305,526,330,305,535,784,766,305,376
568,1023,0,434,1023,0,293,348,305,539,333,305,535,751,731,305,376
348,1023,0,287,1023,0,235,335,305,460,315,305,535,731,716,305,376
334,1023,0,300,1023,0,258,332,305,466,323,305,535,701,676,305,376
299,1023,0,176,1023,0,189,317,305,455,316,305,535,715,699,305,376
519,1023,0,371,1023,0,277,329,305,491,324,305,535,724,691,305,376
618,1023,0,436,1023,0,583,600,305,587,352,305,535,761,734,305,376
485,1023,0,285,1023,0,220,324,305,443,318,305,535,725,715,305,376
434,1023,0,217,1023,0,232,328,305,485,324,305,535,739,723,305,376
382,1023,0,269,1023,0,239,334,305,482,328,305,535,749,727,305,376
327,1023,0,167,1023,0,469,511,305,519,329,305,535,712,695,305,376
403,1023,0,348,1023,0,314,343,305,541,338,305,535,761,736,305,376
410,1023,0,226,1023,0,413,428,305,526,332,305,535,704,683,305,376
655,1023,0,784,1023,0,510,496,305,593,360,305,535,766,729,305,376
484,1023,0,332,1023,0,275,335,305,522,323,305,535,709,682,305,376
416,1023,0,370,1023,0,240,331,305,462,324,305,535,713,687,305,376
517,1023,0,487,1023,0,283,343,305,532,340,305,535,776,750,305,376
484,1023,0,342,1023,0,282,342,305,500,325,305,535,741,716,305,376
373,1023,0,193,1023,0,181,321,305,400,317,305,535,733,725,305,376
745,1023,0,753,1023,0,385,372,305,566,340,305,535,837,808,305,376
397,1023,0,327,1023,0,271,337,305,485,323,305,535,700,660,305,376
379,1023,0,192,1023,0,232,329,305,493,320,305,535,718,690,305,376
257,1023,0,148,1023,0,130,320,305,398,309,305,536,631,623,305,376
368,1023,0,518,1023,0,265,329,305,535,332,305,536,754,715,305,376
416,1023,0,331,1023,0,775,830,305,684,476,305,536,729,711,305,376
496,1023,0,386,1023,0,266,329,305,521,328,305,536,788,771,305,376
414,1023,0,425,1023,0,238,337,305,508,332,305,536,726,713,305,376
349,1023,0,386,1023,0,269,339,305,503,329,305,536,713,672,305,376
446,1023,0,347,1023,0,249,332,305,508,328,305,536,705,672,305,376
501,1023,0,351,1023,0,287,349,305,495,328,305,536,708,692,305,376
389,1023,0,190,1023,0,142,314,305,427,313,305,536,697,671,305,376
366,1023,0,359,1023,0,299,345,305,534,331,305,536,700,686,305,376
317,1023,0,162,1023,0,185,324,305,459,321,305,536,702,694,305,376
382,1023,0,245,1023,0,230,327,305,448,318,305,536,725,693,305,376
400,1023,0,223,1023,0,245,331,305,493,325,305,536,741,726,305,376
535,1023,0,462,1023,0,200,325,305,528,328,305,536,727,711,305,376
445,1023,0,284,1023,0,179,321,305,473,321,305,536,708,673,305,384
539,1023,0,457,1023,0,520,542,305,563,341,305,536,725,699,305,384
443,1023,0,260,1023,0,237,333,305,495,318,305,536,706,682,305,384
332,1023,0,183,1023,0,259,337,305,491,323,305,536,724,715,305,384
267,1023,0,166,1023,0,134,316,305,391,313,305,536,670,654,305,384
378,1023,0,390,1023,0,256,340,305,528,335,305,536,741,712,305,384
340,1023,0,229,1023,0,404,421,305,491,315,305,536,719,699,305,384
349,1023,0,291,1023,0,210,322,305,470,321,305,536,731,714,305,384
474,1023,0,344,1023,0,204,324,305,513,325,305,536,721,682,305,384
332,1023,0,237,1023,0,257,328,305,437,318,305,536,722,709,305,384
447,1023,0,248,1023,0,688,748,305,628,392,305,536,735,720,305,384
454,1023,0,325,1023,0,249,347,305,533,336,305,536,711,690,305,384
408,1023,0,355,1023,0,246,331,305,499,323,305,536,727,711,305,384
336,1023,0,178,1023,0,149,316,305,468,315,305,536,694,676,305,384
551,1023,0,430,1023,0,233,328,305,523,329,305,536,726,694,305,384
423,1023,0,320,1023,0,558,609,305,555,341,305,536,750,731,305,384
428,1023,0,367,1023,0,426,441,305,516,332,305,536,741,723,305,384
401,1023,0,389,1023,0,248,333,305,523,331,305,536,741,727,305,384
381,1023,0,238,1023,0,364,385,305,475,315,305,536,697,679,305,384
692,1023,0,451,1023,0,258,327,305,525,324,305,536,769,715,305,384
514,1023,0,581,1023,0,291,347,305,546,340,305,536,748,732,305,384
314,1023,0,203,1023,0,138,317,305,398,310,305,536,710,694,305,384
334,1023,0,249,1023,0,213,326,305,492,325,305,536,705,664,305,384
381,1023,0,227,1023,0,146,315,305,473,314,305,536,728,710,305,384
555,1023,0,405,1023,0,247,331,305,514,324,305,536,750,733,305,384
389,1023,0,278,1023,0,215,327,305,487,320,305,536,735,724,305,384
302,1023,0,173,1023,0,518,584,305,492,326,305,537,730,712,305,384
362,1023,0,276,1023,0,201,326,305,522,331,305,537,657,638,305,384
382,1023,0,208,1023,0,211,320,305,495,318,305,537,732,713,305,384
411,1023,0,238,1023,0,175,320,305,469,323,305,537,723,710,305,384
285,1023,0,123,1023,0,199,326,305,381,314,305,537,683,664,305,384
276,1023,0,140,1023,0,172,317,305,592,370,305,537,687,682,305,384
544,1023,0,368,1023,0,288,333,305,523,325,305,537,756,719,305,384
437,1023,0,373,1023,0,209,325,305,444,317,305,537,730,705,305,384
331,1023,0,194,1023,0,224,330,305,506,324,305,537,726,713,305,384
359,1023,0,258,1023,0,199,330,305,488,323,305,537,730,709,305,384
356,1023,0,383,1023,0,314,358,305,561,348,305,537,766,745,305,384
384,1023,0,131,1023,0,97,310,305,416,311,305,537,722,704,305,384
425,1023,0,238,1023,0,269,336,305,416,314,305,537,743,733,305,384
634,1023,0,457,1023,0,334,354,305,549,330,305,537,813,758,305,384
459,1023,0,591,1023,0,293,346,305,553,342,305,537,735,713,305,384
691,1023,0,783,1023,0,287,342,305,558,337,305,537,807,786,305,384
320,1023,0,198,1023,0,214,328,305,494,322,305,537,731,713,305,384
449,1023,0,375,1023,0,245,332,305,491,327,305,537,737,723,305,384
266,1023,0,193,1023,0,198,320,305,492,325,305,537,715,687,305,384
400,1023,0,224,1023,0,667,727,305,611,381,305,537,733,701,305,384
523,1023,0,357,1023,0,737,790,305,656,430,305,537,748,720,305,384
476,1023,0,403,1023,0,219,324,305,500,326,305,537,736,720,305,384
426,1023,0,672,1023,0,303,339,305,567,341,305,537,769,747,305,384
303,1023,0,204,1023,0,214,324,305,460,315,305,537,680,668,305,384
524,1023,0,433,1023,0,501,524,305,543,340,305,537,728,714,305,384
368,1023,0,341,1023,0,274,332,305,514,328,305,537,757,720,305,384
528,1023,0,370,1023,0,247,324,305,538,328,305,537,708,653,305,384
362,1023,0,200,1023,0,277,339,305,459,318,305,537,676,651,305,384
402,1023,0,463,1023,0,306,354,305,522,334,305,537,715,700,305,384
401,1023,0,362,1023,0,264,335,305,475,323,305,537,722,695,305,384
335,1023,0,225,1023,0,114,328,305,475,316,305,537,727,717,305,384
559,1023,0,526,1023,0,240,334,305,505,329,305,537,771,749,305,384
425,1023,0,253,1023,0,495,531,305,548,331,305,537,772,754,305,384
376,1023,0,245,1023,0,244,337,305,491,324,305,537,733,718,305,384
299,1023,0,253,1023,0,276,345,305,495,327,305,537,698,688,305,384
376,1023,0,295,1023,0,252,339,305,519,338,305,537,745,730,305,384
572,1023,0,423,1023,0,304,345,305,500,327,305,537,782,763,305,384
460,1023,0,298,1023,0,247,333,305,494,318,305,537,748,713,305,384
373,1023,0,346,1023,0,260,328,305,494,325,305,537,697,664,305,384
429,1023,0,350,1023,0,286,338,305,506,331,305,537,740,720,305,384
395,1023,0,261,1023,0,204,321,305,466,317,305,537,708,696,305,384
409,1023,0,419,1023,0,252,329,305,512,328,305,537,746,712,305,384
342,1023,0,276,1023,0,266,332,305,504,323,305,537,726,704,305,384
244,1023,0,472,1023,0,257,333,305,537,328,305,538,739,690,305,384
286,1023,0,245,1023,0,220,325,305,486,331,305,538,703,688,305,384
297,1023,0,251,1023,0,555,621,305,541,349,305,538,700,684,305,384
369,1023,0,226,1023,0,223,332,305,493,327,305,538,722,696,305,384
544,1023,0,263,1023,0,146,314,305,483,317,305,538,750,673,305,384
312,1023,0,236,1023,0,602,672,305,556,356,305,538,727,705,305,384
448,1023,0,251,1023,0,306,345,305,508,320,305,538,749,734,305,384
463,1023,0,318,1023,0,378,385,305,534,324,305,538,710,689,305,384
642,1023,0,776,1023,0,626,664,305,669,423,305,538,853,794,305,384
382,1023,0,300,1023,0,166,320,305,479,317,305,538,726,686,305,384
386,1023,0,205,1023,0,271,334,305,508,332,305,538,731,711,305,384
473,1023,0,452,1023,0,257,335,305,493,323,305,538,744,728,305,384
335,1023,0,176,1023,0,191,322,305,443,320,305,538,671,649,305,384
463,1023,0,383,1023,0,334,362,305,524,336,305,538,752,719,305,384
320,1023,0,223,1023,0,217,327,305,468,324,305,538,664,647,305,384
352,1023,0,195,1023,0,277,341,305,466,319,305,538,692,671,305,384
379,1023,0,337,1023,0,395,410,305,512,324,305,538,753,729,305,384
441,1023,0,300,1023,0,506,538,305,536,336,305,538,732,705,305,384
413,1023,0,252,1023,0,200,321,305,510,327,305,538,713,700,305,384
432,1023,0,269,1023,0,271,329,305,492,323,305,538,706,696,305,384
397,1023,0,213,1023,0,274,336,305,483,328,305,538,732,699,305,392
432,1023,0,309,1023,0,188,324,305,505,324,305,538,699,659,305,392
470,1023,0,373,1023,0,236,331,305,500,331,305,538,757,742,305,392
385,1023,0,285,1023,0,229,329,305,504,327,305,538,716,686,305,392
430,1023,0,210,1023,0,257,329,305,467,325,305,538,715,699,305,392
496,1023,0,436,1023,0,287,345,305,525,336,305,538,754,718,305,392
319,1023,0,208,1023,0,181,314,305,462,315,305,538,683,655,305,392
382,1023,0,224,1023,0,599,659,305,563,345,305,538,738,726,305,392
317,1023,0,217,1023,0,235,331,305,466,324,305,538,700,664,305,392
395,1023,0,316,1023,0,206,329,305,476,323,305,538,734,720,305,392
386,1023,0,532,1023,0,321,359,305,561,347,305,538,782,750,305,392
660,1023,0,542,1023,0,561,563,305,584,353,305,538,790,764,305,392
588,1023,0,401,1023,0,231,327,305,513,327,305,538,743,689,305,392
474,1023,0,413,1023,0,275,338,305,507,328,305,538,723,703,305,392
334,1023,0,179,1023,0,215,321,305,416,319,305,538,716,688,305,392
554,1023,0,427,1023,0,292,341,305,518,330,305,538,752,723,305,392
433,1023,0,342,1023,0,280,346,305,514,325,305,538,740,726,305,392
335,1023,0,253,1023,0,253,330,305,507,324,305,538,737,712,305,392
361,1023,0,310,1023,0,255,327,305,507,324,305,538,735,699,305,392
393,1023,0,302,1023,0,648,713,305,595,375,305,538,737,718,305,392
537,1023,0,504,1023,0,328,346,305,528,330,305,538,775,740,305,392
371,1023,0,297,1023,0,226,333,305,497,327,305,538,723,711,305,392
686,1023,0,521,1023,0,322,348,305,536,332,305,538,759,733,305,392
462,1023,0,283,1023,0,184,326,305,475,321,305,538,732,718,305,392
459,1023,0,283,1023,0,268,333,305,525,333,305,538,745,731,305,392
397,1023,0,363,1023,0,362,384,305,565,351,305,538,739,722,305,392
400,1023,0,230,1023,0,174,320,305,476,318,305,538,688,678,305,392
406,1023,0,304,1023,0,168,320,305,456,321,305,538,695,673,305,392
492,1023,0,394,1023,0,638,680,305,606,372,305,538,777,758,305,392
405,1023,0,378,1023,0,191,327,305,459,319,305,539,734,693,305,392
340,1023,0,143,1023,0,189,317,305,441,315,305,539,737,730,305,392
430,1023,0,296,1023,0,250,331,305,496,326,305,539,686,660,305,392
412,1023,0,348,1023,0,203,323,305,490,322,305,539,743,707,305,392
541,1023,0,348,1023,0,451,444,305,532,330,305,539,623,569,305,392
354,1023,0,253,1023,0,217,325,305,459,314,305,539,718,699,305,392
461,1023,0,337,1023,0,251,327,305,507,327,305,539,706,690,305,392
372,1023,0,253,1023,0,256,337,305,491,321,305,539,703,673,305,392
450,1023,0,384,1023,0,422,438,305,506,333,305,539,743,698,305,392
411,1023,0,357,1023,0,277,344,305,467,317,305,539,721,691,305,392
426,1023,0,227,1023,0,341,369,305,439,318,305,539,708,699,305,392
510,1023,0,471,1023,0,444,450,305,533,330,305,539,736,694,305,392
376,1023,0,205,1023,0,190,323,305,479,321,305,539,707,684,305,392
445,1023,0,456,1023,0,360,368,305,563,338,305,539,759,723,305,392
448,1023,0,270,1023,0,284,339,305,502,334,305,539,753,734,305,392
428,1023,0,415,1023,0,239,333,305,519,336,305,539,757,740,305,392
643,1023,0,621,1023,0,350,359,305,553,342,305,539,740,710,305,392
279,1023,0,185,1023,0,214,324,305,447,317,305,539,718,695,305,392
413,1023,0,316,1023,0,202,322,305,493,327,305,539,717,704,305,392
420,1023,0,250,1023,0,183,319,305,477,315,305,539,720,704,305,392
496,1023,0,417,1023,0,284,340,305,544,339,305,539,753,741,305,392
483,1023,0,328,1023,0,279,344,305,494,329,305,539,777,759,305,392
460,1023,0,497,1023,0,291,344,305,532,331,305,539,768,747,305,392
391,1023,0,256,1023,0,190,321,305,469,319,305,539,699,685,305,392
339,1023,0,361,1023,0,307,349,305,468,319,305,539,690,666,305,392
413,1023,0,279,1023,0,209,331,305,486,322,305,539,752,729,305,392
336,1023,0,227,1023,0,251,329,305,467,320,305,539,717,687,305,392
408,1023,0,416,1023,0,277,336,305,515,328,305,539,758,744,305,392
342,1023,0,253,1023,0,215,326,305,487,322,305,539,765,748,305,392
276,1023,0,166,1023,0,114,316,305,428,313,305,539,714,704,305,392
462,1023,0,322,1023,0,171,322,305,491,326,305,539,731,702,305,392
313,1023,0,130,1023,0,217,323,305,470,317,305,539,689,675,305,392
361,1023,0,262,1023,0,194,323,305,501,325,305,539,728,718,305,392
419,1023,0,439,1023,0,292,349,305,495,331,305,539,723,705,305,392
271,1023,0,197,1023,0,168,323,305,464,320,305,539,703,697,305,392
385,1023,0,346,1023,0,209,323,305,494,327,305,539,719,704,305,392
580,1023,0,522,1023,0,393,392,305,536,332,305,539,732,716,305,392
342,1023,0,235,1023,0,192,328,305,510,328,305,539,755,742,305,392
515,1023,0,347,1023,0,214,325,305,458,323,305,539,745,726,305,392
409,1023,0,163,1023,0,138,314,305,414,311,305,540,718,703,305,392
401,1023,0,353,1023,0,210,328,305,471,321,305,540,707,688,305,392
434,1023,0,333,1023,0,220,326,305,495,323,305,540,696,671,305,392
402,1023,0,255,1023,0,236,328,305,495,327,305,540,721,711,305,392
511,1023,0,488,1023,0,279,332,305,525,327,305,540,745,703,305,392
368,1023,0,275,1023,0,254,334,305,531,327,305,540,752,738,305,392
473,1023,0,360,1023,0,604,647,305,585,356,305,540,748,728,305,392
421,1023,0,233,1023,0,652,722,305,596,368,305,540,717,704,305,392
296,1023,0,385,1023,0,235,334,305,506,323,305,540,767,737,305,392
413,1023,0,375,1023,0,202,324,305,502,326,305,540,722,694,305,392
479,1023,0,357,1023,0,285,344,305,503,323,305,540,737,718,305,392
465,1023,0,276,1023,0,233,326,305,517,321,305,540,738,720,305,392
416,1023,0,402,1023,0,283,346,305,516,325,305,540,727,692,305,392
376,1023,0,310,1023,0,223,329,305,477,320,305,540,701,669,305,392
389,1023,0,310,1023,0,249,326,305,481,326,305,540,757,737,305,392
386,1023,0,171,1023,0,262,334,305,476,319,305,540,716,705,305,392
370,1023,0,233,1023,0,249,329,305,487,332,305,540,700,691,305,392
442,1023,0,373,1023,0,260,336,305,502,325,305,540,719,699,305,392
320,1023,0,197,1023,0,347,381,305,454,317,305,540,618,606,305,400
415,1023,0,262,1023,0,181,321,305,481,323,305,540,695,675,305,400
575,1023,0,398,1023,0,272,337,305,528,334,305,540,743,704,305,400
440,1023,0,285,1023,0,250,329,305,466,320,305,540,709,678,305,400
451,1023,0,219,1023,0,212,321,305,447,313,305,540,680,652,305,400
290,1023,0,174,1023,0,688,764,305,621,407,305,540,725,717,305,400
401,1023,0,250,1023,0,231,328,305,496,320,305,540,725,705,305,400
478,1023,0,410,1023,0,335,356,305,490,325,305,540,765,732,305,400
406,1023,0,255,1023,0,386,404,305,474,325,305,540,704,686,305,400
257,1023,0,167,1023,0,260,340,305,464,322,305,540,693,678,305,400
549,1023,0,500,1023,0,475,465,305,543,333,305,540,765,744,305,400
540,1023,0,507,1023,0,346,365,305,555,345,305,540,778,737,305,400
455,1023,0,314,1023,0,226,323,305,491,323,305,540,739,712,305,400
297,1023,0,281,1023,0,582,647,305,584,371,305,540,762,747,305,400
402,1023,0,160,1023,0,215,326,305,488,322,305,540,679,645,305,400
540,1023,0,493,1023,0,271,329,305,528,331,305,540,751,718,305,400
626,1023,0,585,1023,0,361,375,305,575,346,305,540,748,715,305,400
370,1023,0,338,1023,0,187,320,305,481,321,305,540,754,714,305,400
376,1023,0,274,1023,0,210,327,305,503,325,305,540,768,746,305,400
507,1023,0,409,1023,0,295,338,305,520,325,305,540,764,743,305,400
492,1023,0,263,1023,0,259,336,305,481,324,305,540,736,708,305,400
479,1023,0,245,1023,0,217,324,305,498,322,305,540,715,701,305,400
459,1023,0,298,1023,0,129,320,305,442,314,305,540,781,760,305,400
415,1023,0,377,1023,0,218,336,305,471,318,305,540,699,667,305,400
427,1023,0,408,1023,0,336,365,305,490,323,305,540,742,707,305,400
417,1023,0,462,1023,0,264,327,305,483,320,305,540,754,729,305,400
385,1023,0,256,1023,0,213,332,305,439,321,305,541,740,724,305,400
379,1023,0,169,1023,0,208,324,305,473,321,305,541,693,669,305,400
447,1023,0,361,1023,0,257,330,305,509,324,305,541,736,714,305,400
416,1023,0,252,1023,0,237,328,305,497,326,305,541,724,706,305,400
255,1023,0,470,1023,0,248,329,305,548,334,305,541,773,716,305,400
615,1023,0,670,1023,0,403,399,305,595,355,305,541,780,753,305,400
369,1023,0,254,1023,0,231,330,305,458,319,305,541,707,693,305,400
278,1023,0,149,1023,0,174,323,305,463,315,305,541,576,561,305,400
522,1023,0,391,1023,0,257,329,305,505,323,305,541,731,713,305,400
459,1023,0,346,1023,0,315,355,305,502,321,305,541,722,706,305,400
298,1023,0,272,1023,0,185,325,305,475,323,305,541,698,682,305,400
361,1023,0,205,1023,0,181,321,305,464,321,305,541,707,691,305,400
512,1023,0,391,1023,0,266,330,305,531,332,305,541,794,756,305,400
497,1023,0,636,1023,0,295,344,305,519,333,305,541,734,721,305,400
322,1023,0,277,1023,0,181,325,305,483,321,305,541,734,717,305,400
433,1023,0,483,1023,0,261,334,305,499,326,305,541,744,721,305,400
474,1023,0,269,1023,0,322,359,305,527,328,305,541,723,697,305,400
395,1023,0,304,1023,0,256,326,305,490,321,305,541,731,713,305,400
379,1023,0,239,1023,0,207,323,305,495,320,305,541,753,731,305,400
405,1023,0,461,1023,0,314,351,305,532,332,305,541,763,746,305,400
359,1023,0,167,1023,0,239,329,305,452,322,305,541,709,691,305,400
492,1023,0,375,1023,0,477,470,305,522,333,305,541,722,682,305,400
416,1023,0,597,1023,0,252,329,305,501,323,305,541,737,693,305,400
315,1023,0,142,1023,0,0,314,305,355,309,305,541,712,690,305,400
457,1023,0,403,1023,0,540,574,305,552,343,305,541,749,716,305,400
339,1023,0,344,1023,0,164,326,305,498,322,305,541,694,678,305,400
391,1023,0,255,1023,0,554,604,305,549,338,305,541,742,723,305,400
436,1023,0,256,1023,0,213,329,305,488,325,305,541,734,708,305,400
541,1023,0,280,1023,0,242,328,305,493,320,305,541,734,710,305,400
228,1023,0,126,1023,0,112,317,305,384,313,305,541,684,678,305,400
393,1023,0,318,1023,0,219,335,305,494,325,305,541,769,748,305,400
360,1023,0,238,1023,0,221,329,305,513,330,305,541,707,685,305,400
512,1023,0,359,1023,0,260,333,305,497,324,305,541,728,712,305,400
447,1023,0,344,1023,0,247,331,305,502,325,305,541,725,699,305,400
350,1023,0,252,1023,0,192,322,305,420,312,305,541,727,710,305,400
496,1023,0,258,1023,0,218,321,305,503,318,305,541,746,726,305,400
382,1023,0,264,1023,0,254,337,305,520,329,305,541,744,728,305,400
469,1023,0,357,1023,0,266,337,305,518,330,305,541,718,704,305,400
306,1023,0,224,1023,0,186,328,305,650,437,305,541,709,695,305,400
486,1023,0,409,1023,0,512,495,305,541,326,305,541,749,714,305,400
317,1023,0,307,1023,0,332,372,305,495,324,305,541,680,665,305,400
346,1023,0,189,1023,0,171,316,305,441,317,305,541,725,708,305,400
371,1023,0,262,1023,0,247,329,305,480,320,305,541,712,697,305,400
334,1023,0,204,1023,0,182,317,305,451,316,305,541,647,636,305,400
395,1023,0,500,1023,0,204,327,305,530,327,305,541,751,729,305,400
576,1023,0,455,1023,0,308,346,305,545,330,305,541,757,738,305,400
326,1023,0,275,1023,0,232,331,305,501,325,305,541,751,722,305,400
373,1023,0,226,1023,0,204,324,305,449,313,305,541,704,696,305,400
441,1023,0,367,1023,0,269,327,305,507,327,305,541,779,762,305,400
404,1023,0,290,1023,0,272,337,305,538,336,305,541,691,671,305,400
420,1023,0,321,1023,0,247,333,305,518,331,305,542,736,699,305,400
412,1023,0,273,1023,0,534,575,305,545,337,305,542,752,726,305,400
385,1023,0,260,1023,0,446,477,305,490,318,305,542,733,709,305,400
328,1023,0,367,1023,0,220,329,305,474,324,305,542,689,657,305,400
289,1023,0,136,1023,0,110,316,305,467,316,305,542,736,723,305,400
587,1023,0,335,1023,0,279,336,305,516,331,305,542,762,731,305,400
314,1023,0,158,1023,0,596,674,305,566,359,305,542,713,696,305,400
398,1023,0,194,1023,0,212,329,305,482,319,305,542,691,678,305,400
545,1023,0,383,1023,0,251,325,305,514,324,305,542,724,708,305,400
509,1023,0,363,1023,0,644,726,305,608,390,305,542,767,755,305,400
503,1023,0,406,1023,0,260,330,305,524,327,305,542,733,719,305,400
461,1023,0,451,1023,0,242,333,305,508,324,305,542,793,768,305,400
463,1023,0,402,1023,0,156,316,305,484,317,305,542,735,686,305,400
416,1023,0,346,1023,0,222,324,305,502,325,305,542,735,713,305,400
317,1023,0,173,1023,0,207,327,305,494,321,305,542,682,668,305,400
575,1023,0,407,1023,0,521,531,305,561,342,305,542,749,730,305,400
798,1023,0,720,1023,0,437,433,305,557,337,305,542,811,762,305,400
390,1023,0,307,1023,0,309,354,305,489,330,305,542,703,671,305,400
443,1023,0,254,1023,0,199,322,305,516,323,305,542,732,710,305,400
406,1023,0,419,1023,0,291,344,305,532,331,305,542,714,702,305,400
436,1023,0,330,1023,0,212,324,305,447,316,305,542,774,754,305,400
451,1023,0,443,1023,0,246,329,305,548,335,305,542,729,684,305,400
616,1023,0,495,1023,0,780,821,305,687,471,305,542,767,724,305,400
403,1023,0,312,1023,0,435,442,305,505,329,305,542,725,697,305,400
432,1023,0,235,1023,0,200,318,305,493,318,305,542,736,707,305,400
610,1023,0,393,1023,0,341,364,305,501,332,305,542,783,756,305,400
457,1023,0,527,1023,0,262,343,305,508,332,305,542,752,731,305,400
332,1023,0,318,1023,0,746,817,305,660,451,305,542,726,710,305,400
441,1023,0,431,1023,0,232,326,305,486,322,305,542,719,701,305,400
388,1023,0,288,1023,0,200,320,305,472,315,305,542,731,696,305,400
305,1023,0,179,1023,0,161,323,305,360,316,305,542,705,686,305,400
401,1023,0,353,1023,0,252,330,305,465,321,305,542,734,722,305,400
502,1023,0,352,1023,0,332,357,305,516,329,305,542,720,704,305,400
388,1023,0,375,1023,0,591,637,305,578,355,305,542,748,725,305,400
355,1023,0,204,1023,0,154,318,305,448,319,305,542,719,710,305,400
380,1023,0,280,1023,0,405,428,305,437,324,305,542,685,670,305,400
423,1023,0,302,1023,0,613,669,305,594,365,305,542,751,730,305,400
385,1023,0,328,1023,0,189,320,305,508,328,305,542,738,718,305,400
490,1023,0,439,1023,0,238,332,305,511,327,305,542,766,747,305,408
428,1023,0,226,1023,0,193,321,305,447,315,305,542,712,698,305,408
452,1023,0,397,1023,0,195,321,305,514,328,305,542,713,695,305,408
339,1023,0,197,1023,0,217,332,305,470,320,305,542,734,723,305,408
409,1023,0,337,1023,0,243,331,305,464,323,305,543,733,719,305,408
435,1023,0,418,1023,0,324,355,305,513,321,305,543,763,741,305,408
472,1023,0,346,1023,0,252,326,305,561,335,305,543,740,706,305,408
440,1023,0,364,1023,0,260,340,305,515,332,305,543,745,723,305,408
435,1023,0,486,1023,0,249,330,305,482,320,305,543,723,703,305,408
546,1023,0,440,1023,0,270,331,305,519,324,305,543,754,727,305,408
475,1023,0,401,1023,0,545,578,305,587,359,305,543,752,727,305,408
542,1023,0,424,1023,0,250,326,305,506,322,305,543,743,709,305,408
419,1023,0,253,1023,0,263,335,305,514,329,305,543,722,693,305,408
308,1023,0,257,1023,0,182,324,305,477,313,305,543,698,689,305,408
360,1023,0,222,1023,0,228,328,305,440,319,305,543,725,702,305,408
378,1023,0,213,1023,0,264,342,305,493,318,305,543,702,678,305,408
579,1023,0,449,1023,0,285,338,305,541,335,305,543,760,728,305,408
367,1023,0,390,1023,0,262,331,305,644,428,305,543,749,732,305,408
386,1023,0,220,1023,0,147,324,305,449,315,305,543,696,684,305,408
386,1023,0,199,1023,0,224,332,305,500,326,305,543,669,646,305,408
252,1023,0,115,1023,0,168,320,305,464,321,305,543,707,693,305,408
619,1023,0,445,1023,0,552,584,305,560,344,305,543,782,770,305,408
452,1023,0,376,1023,0,607,667,305,589,376,305,543,601,565,305,408
445,1023,0,272,1023,0,426,433,305,513,327,305,543,727,713,305,408
345,1023,0,245,1023,0,237,327,305,489,321,305,543,680,664,305,408
279,1023,0,129,1023,0,239,334,305,497,327,305,543,624,596,305,408
324,1023,0,184,1023,0,176,320,305,399,319,305,543,694,668,305,408
350,1023,0,233,1023,0,165,317,305,438,315,305,543,758,747,305,408
377,1023,0,470,1023,0,255,330,305,540,333,305,543,719,703,305,408
504,1023,0,301,1023,0,261,332,305,509,324,305,543,754,741,305,408
582,1023,0,334,1023,0,310,346,305,550,336,305,543,734,693,305,408
285,1023,0,191,1023,0,263,334,305,477,323,305,543,761,737,305,408
453,1023,0,363,1023,0,197,317,305,497,321,305,543,722,708,305,408
346,1023,0,221,1023,0,241,333,305,492,324,305,543,716,681,305,408
509,1023,0,382,1023,0,309,342,305,513,328,305,543,761,740,305,408
459,1023,0,345,1023,0,428,429,305,526,330,305,543,718,674,305,408
430,1023,0,358,1023,0,264,329,305,496,325,305,543,745,719,305,408
363,1023,0,323,1023,0,225,324,305,475,321,305,543,728,710,305,408
347,1023,0,178,1023,0,202,328,305,488,328,305,543,674,664,305,408
454,1023,0,318,1023,0,217,327,305,447,322,305,543,742,725,305,408
313,1023,0,143,1023,0,221,323,305,461,318,305,543,714,707,305,408
378,1023,0,230,1023,0,229,327,305,491,320,305,543,710,696,305,408
421,1023,0,374,1023,0,353,373,305,513,330,305,543,672,655,305,408
393,1023,0,229,1023,0,299,352,305,440,317,305,543,713,683,305,408
614,1023,0,642,1023,0,317,343,305,545,333,305,544,756,720,305,408
328,1023,0,261,1023,0,147,324,305,389,316,305,544,696,683,305,408
491,1023,0,616,1023,0,391,399,305,538,333,305,544,764,746,305,408
377,1023,0,223,1023,0,654,723,305,605,379,305,544,759,742,305,408
499,1023,0,554,1023,0,239,329,305,512,326,305,544,734,706,305,408
353,1023,0,236,1023,0,267,344,305,459,324,305,544,716,699,305,408
608,1023,0,694,1023,0,402,399,305,590,359,305,544,742,709,305,408
480,1023,0,319,1023,0,248,333,305,501,323,305,544,727,706,305,408
330,1023,0,353,1023,0,187,323,305,462,320,305,544,752,734,305,408
561,1023,0,513,1023,0,383,386,305,560,344,305,544,773,741,305,408
335,1023,0,202,1023,0,222,330,305,521,331,305,544,746,735,305,408
259,1023,0,128,1023,0,137,313,305,445,320,305,544,686,670,305,408
413,1023,0,304,1023,0,398,415,305,466,324,305,544,739,720,305,408
453,1023,0,287,1023,0,643,704,305,602,364,305,544,712,698,305,408
429,1023,0,299,1023,0,206,318,305,522,326,305,544,704,684,305,408
329,1023,0,214,1023,0,186,316,305,472,321,305,544,702,672,305,408
388,1023,0,231,1023,0,250,328,305,507,327,305,544,755,744,305,408
316,1023,0,193,1023,0,144,320,305,397,316,305,544,725,709,305,408
376,1023,0,183,1023,0,136,316,305,427,312,305,544,701,676,305,408
347,1023,0,152,1023,0,169,323,305,424,316,305,544,690,674,305,408
369,1023,0,296,1023,0,259,338,305,507,331,305,544,735,716,305,408
469,1023,0,254,1023,0,268,327,305,511,326,305,544,756,745,305,408
574,1023,0,418,1023,0,288,331,305,540,325,305,544,759,740,305,408
431,1023,0,351,1023,0,231,329,305,536,332,305,544,748,732,305,408
599,1023,0,828,1023,0,304,340,305,552,342,305,544,762,711,305,408
303,1023,0,314,1023,0,247,326,305,473,318,305,544,713,689,305,408
325,1023,0,271,1023,0,212,322,305,473,318,305,544,715,695,305,408
471,1023,0,372,1023,0,247,334,305,508,327,305,544,744,730,305,408
462,1023,0,507,1023,0,283,337,305,546,331,305,544,749,729,305,408
319,1023,0,172,1023,0,159,324,305,404,316,305,544,692,682,305,408
403,1023,0,320,1023,0,303,347,305,506,324,305,544,732,698,305,408
505,1023,0,459,1023,0,333,368,305,578,351,305,544,827,807,305,408
327,1023,0,134,1023,0,690,772,305,620,406,305,544,651,637,305,408
389,1023,0,284,1023,0,242,328,305,507,328,305,544,745,723,305,408
610,1023,0,535,1023,0,289,336,305,499,325,305,544,742,715,305,408
656,1023,0,540,1023,0,506,514,305,560,338,305,544,749,702,305,408
365,1023,0,275,1023,0,264,333,305,492,325,305,544,736,728,305,408
419,1023,0,302,1023,0,257,333,305,486,326,305,544,722,708,305,408
403,1023,0,234,1023,0,213,324,305,516,330,305,544,702,684,305,408
264,1023,0,141,1023,0,100,312,305,414,313,305,544,718,714,305,408
593,1023,0,626,1023,0,316,350,305,559,337,305,544,749,694,305,408
379,1023,0,295,1023,0,231,326,305,472,317,305,544,724,704,305,416
294,1023,0,180,1023,0,209,325,305,400,318,305,544,727,715,305,416
324,1023,0,232,1023,0,225,324,305,474,322,305,544,723,708,305,416
423,1023,0,180,1023,0,138,321,305,452,320,305,545,718,711,305,416
355,1023,0,268,1023,0,647,703,305,603,377,305,545,750,718,305,416
708,1023,0,506,1023,0,460,430,305,576,332,305,545,795,734,305,416
190,1023,0,289,1023,0,111,316,305,525,334,305,545,746,706,305,416
425,1023,0,265,1023,0,476,497,305,504,329,305,545,737,714,305,416
256,1023,0,199,1023,0,235,331,305,487,321,305,545,664,651,305,416
615,1023,0,566,1023,0,314,345,305,557,339,305,545,744,712,305,416
487,1023,0,420,1023,0,265,334,305,510,326,305,545,737,696,305,416
334,1023,0,212,1023,0,182,326,305,492,323,305,545,693,668,305,416
335,1023,0,176,1023,0,183,331,305,489,325,305,545,706,694,305,416
401,1023,0,339,1023,0,280,341,305,515,331,305,545,732,693,305,416
566,1023,0,416,1023,0,276,344,305,517,327,305,545,730,693,305,416
401,1023,0,262,1023,0,258,331,305,477,321,305,545,723,689,305,416
541,1023,0,442,1023,0,253,336,305,514,329,305,545,750,732,305,416
551,1023,0,778,1023,0,347,360,305,574,346,305,545,781,748,305,416
486,1023,0,419,1023,0,380,394,305,518,331,305,545,732,720,305,416
505,1023,0,354,1023,0,266,331,305,524,330,305,545,735,697,305,416
451,1023,0,382,1023,0,299,349,305,491,334,305,545,671,652,305,416
414,1023,0,234,1023,0,197,323,305,486,326,305,545,738,731,305,416
351,1023,0,201,1023,0,154,323,305,478,321,305,545,714,700,305,416
395,1023,0,288,1023,0,274,335,305,476,323,305,545,709,694,305,416
363,1023,0,213,1023,0,190,323,305,482,319,305,545,694,689,305,416
358,1023,0,280,1023,0,286,344,305,511,328,305,545,742,733,305,416
502,1023,0,382,1023,0,152,317,305,488,319,305,545,772,721,305,416
506,1023,0,332,1023,0,229,329,305,524,322,305,545,709,696,305,416
317,1023,0,201,1023,0,501,554,305,526,334,305,545,721,704,305,416
341,1023,0,154,1023,0,323,363,305,481,320,305,545,688,666,305,416
438,1023,0,333,1023,0,247,331,305,497,319,305,545,727,702,305,416
397,1023,0,369,1023,0,240,336,305,502,327,305,545,736,700,305,416
701,1023,0,587,1023,0,364,371,305,558,340,305,545,757,722,305,416
547,1023,0,288,1023,0,213,327,305,490,320,305,545,747,725,305,416
472,1023,0,287,1023,0,221,331,305,470,323,305,545,727,702,305,416
401,1023,0,312,1023,0,308,346,305,542,333,305,545,740,705,305,416
399,1023,0,236,1023,0,416,431,305,509,325,305,545,734,711,305,416
421,1023,0,295,1023,0,235,336,305,501,328,305,545,727,711,305,416
664,1023,0,805,1023,0,684,760,305,634,411,305,545,834,796,305,416
520,1023,0,370,1023,0,293,338,305,533,337,305,545,736,716,305,416
417,1023,0,258,1023,0,469,507,305,492,328,305,545,755,739,305,416
398,1023,0,262,1023,0,218,323,305,415,314,305,545,726,708,305,416
613,1023,0,434,1023,0,270,340,305,542,333,305,545,739,714,305,416
414,1023,0,271,1023,0,214,324,305,510,333,305,545,707,691,305,416
365,1023,0,203,1023,0,153,318,305,438,318,305,545,703,678,305,416
413,1023,0,329,1023,0,236,326,305,502,320,305,545,707,692,305,416
347,1023,0,273,1023,0,146,316,305,475,315,305,546,741,728,305,416
419,1023,0,293,1023,0,210,326,305,500,323,305,546,737,715,305,416
320,1023,0,169,1023,0,168,320,305,435,321,305,546,677,652,305,416
289,1023,0,193,1023,0,182,322,305,460,317,305,546,671,661,305,416
380,1023,0,217,1023,0,289,341,305,482,323,305,546,723,692,305,416
314,1023,0,194,1023,0,492,546,305,488,325,305,546,690,671,305,416
430,1023,0,228,1023,0,261,332,305,480,322,305,546,734,718,305,416
463,1023,0,332,1023,0,205,323,305,476,323,305,546,761,718,305,416
381,1023,0,328,1023,0,352,373,305,514,329,305,546,733,716,305,416
485,1023,0,356,1023,0,236,323,305,528,334,305,546,733,716,305,416
411,1023,0,213,1023,0,150,320,305,437,316,305,546,729,699,305,416
426,1023,0,402,1023,0,213,329,305,530,332,305,546,742,714,305,416
474,1023,0,347,1023,0,294,342,305,529,331,305,546,739,721,305,416
429,1023,0,330,1023,0,262,337,305,509,328,305,546,757,746,305,416
712,1023,0,549,1023,0,569,583,305,583,346,305,546,794,763,305,416
344,1023,0,206,1023,0,242,326,305,491,329,305,546,682,674,305,416
417,1023,0,300,1023,0,451,463,305,533,337,305,546,754,731,305,416
518,1023,0,306,1023,0,209,320,305,479,318,305,546,762,727,305,416
495,1023,0,415,1023,0,233,323,305,479,319,305,546,724,695,305,416
362,1023,0,322,1023,0,218,321,305,492,322,305,546,716,698,305,416
284,1023,0,125,1023,0,162,320,305,427,313,305,546,692,679,305,416
322,1023,0,357,1023,0,211,325,305,501,328,305,546,729,716,305,416
436,1023,0,379,1023,0,282,339,305,491,322,305,546,755,741,305,416
348,1023,0,234,1023,0,142,314,305,447,317,305,546,721,711,305,416
415,1023,0,288,1023,0,203,320,305,482,321,305,546,697,680,305,416
490,1023,0,382,1023,0,212,326,305,488,332,305,546,724,679,305,416
447,1023,0,341,1023,0,239,325,305,497,322,305,546,766,745,305,416
361,1023,0,247,1023,0,235,332,305,508,324,305,546,684,665,305,416
629,1023,0,512,1023,0,274,335,305,522,326,305,546,805,764,305,416
374,1023,0,259,1023,0,186,324,305,454,314,305,546,715,699,305,416
363,1023,0,163,1023,0,209,323,305,437,320,305,546,670,664,305,416
509,1023,0,520,1023,0,362,370,305,549,335,305,546,753,728,305,416
309,1023,0,517,1023,0,218,331,305,550,343,305,546,795,732,305,416
442,1023,0,459,1023,0,267,337,305,497,326,305,546,718,670,305,416
331,1023,0,254,1023,0,173,326,305,507,328,305,546,712,697,305,416
526,1023,0,381,1023,0,260,328,305,521,324,305,546,721,699,305,416
465,1023,0,261,1023,0,242,326,305,473,320,305,546,761,746,305,416
395,1023,0,217,1023,0,127,320,305,463,317,305,547,717,683,305,416
494,1023,0,240,1023,0,281,333,305,482,321,305,547,728,713,305,416
451,1023,0,434,1023,0,293,341,305,495,327,305,547,770,747,305,416
364,1023,0,211,1023,0,111,316,305,424,319,305,547,747,728,305,416
557,1023,0,433,1023,0,547,570,305,585,354,305,547,745,717,305,416
482,1023,0,291,1023,0,263,334,305,532,339,305,547,735,698,305,416
425,1023,0,249,1023,0,234,329,305,490,327,305,547,739,706,305,416
559,1023,0,326,1023,0,266,330,305,522,330,305,547,713,700,305,416
460,1023,0,288,1023,0,307,341,305,510,321,305,547,749,731,305,416
389,1023,0,219,1023,0,203,322,305,451,318,305,547,701,688,305,424
493,1023,0,378,1023,0,267,340,305,515,327,305,547,754,734,305,424
266,1023,0,168,1023,0,495,548,305,535,337,305,547,693,684,305,424
472,1023,0,409,1023,0,213,322,305,512,322,305,547,708,668,305,424
569,1023,0,413,1023,0,255,329,305,517,325,305,547,751,734,305,424
426,1023,0,384,1023,0,230,331,305,495,329,305,547,706,671,305,424
467,1023,0,219,1023,0,288,341,305,432,316,305,547,703,681,305,424
395,1023,0,182,1023,0,192,323,305,495,320,305,547,717,709,305,424
385,1023,0,389,1023,0,206,331,305,521,333,305,547,666,645,305,424
387,1023,0,222,1023,0,280,341,305,423,316,305,547,732,720,305,424
417,1023,0,367,1023,0,225,318,305,492,319,305,547,718,706,305,424
360,1023,0,188,1023,0,202,323,305,508,326,305,547,708,700,305,424
503,1023,0,502,1023,0,344,370,305,567,349,305,547,758,738,305,424
427,1023,0,252,1023,0,226,329,305,507,329,305,547,729,708,305,424
359,1023,0,430,1023,0,265,338,305,514,333,305,547,745,730,305,424
522,1023,0,369,1023,0,267,342,305,496,330,305,547,725,686,305,424
346,1023,0,272,1023,0,268,347,305,523,340,305,547,751,721,305,424
435,1023,0,368,1023,0,246,330,305,484,326,305,547,739,709,305,424
539,1023,0,551,1023,0,326,355,305,558,335,305,547,774,757,305,424
477,1023,0,273,1023,0,332,366,305,538,340,305,547,775,753,305,424
312,1023,0,253,1023,0,621,701,305,575,361,305,547,718,695,305,424
382,1023,0,397,1023,0,390,411,305,579,366,305,547,745,722,305,424
427,1023,0,463,1023,0,742,814,305,661,455,305,547,737,716,305,424
375,1023,0,306,1023,0,204,321,305,475,323,305,547,744,730,305,424
369,1023,0,238,1023,0,512,545,305,555,346,305,547,719,706,305,424
330,1023,0,188,1023,0,203,320,305,475,320,305,547,702,692,305,424
377,1023,0,277,1023,0,182,321,305,439,316,305,547,722,698,305,424
417,1023,0,392,1023,0,614,656,305,577,348,305,547,754,720,305,424
611,1023,0,795,1023,0,292,342,305,572,342,305,547,811,761,305,424
287,1023,0,239,1023,0,564,640,305,554,346,305,547,734,723,305,424
366,1023,0,161,1023,0,176,321,305,441,317,305,547,739,726,305,424
507,1023,0,343,1023,0,295,339,305,538,334,305,547,743,705,305,424
418,1023,0,392,1023,0,208,323,305,475,320,305,548,721,694,305,424
473,1023,0,335,1023,0,248,330,305,504,321,305,548,720,692,305,424
443,1023,0,363,1023,0,239,329,305,517,331,305,548,743,724,305,424
396,1023,0,301,1023,0,227,323,305,491,325,305,548,721,675,305,424
328,1023,0,205,1023,0,210,329,305,474,320,305,548,710,673,305,424
251,1023,0,143,1023,0,124,322,305,405,320,305,548,682,664,305,424
313,1023,0,250,1023,0,339,376,305,505,332,305,548,715,698,305,424
328,1023,0,270,1023,0,211,332,305,482,317,305,548,701,680,305,424
266,1023,0,323,1023,0,363,386,305,583,363,305,548,779,763,305,424
335,1023,0,135,1023,0,205,319,305,451,315,305,548,676,648,305,424
483,1023,0,379,1023,0,273,331,305,399,316,305,548,719,706,305,424
555,1023,0,414,1023,0,254,330,305,475,320,305,548,725,709,305,424
493,1023,0,400,1023,0,267,343,305,536,335,305,548,739,722,305,424
477,1023,0,357,1023,0,401,407,305,531,332,305,548,753,716,305,424
386,1023,0,258,1023,0,176,322,305,445,318,305,548,714,691,305,424
633,1023,0,695,1023,0,303,337,305,523,326,305,548,809,755,305,424
387,1023,0,293,1023,0,287,337,305,461,317,305,548,719,699,305,424
345,1023,0,268,1023,0,228,328,305,458,318,305,548,763,731,305,424
444,1023,0,290,1023,0,194,321,305,492,320,305,548,742,716,305,424
296,1023,0,166,1023,0,485,542,305,518,330,305,548,724,716,305,424
268,1023,0,120,1023,0,242,335,305,404,314,305,548,646,632,305,424
407,1023,0,351,1023,0,252,334,305,494,322,305,548,768,756,305,424
394,1023,0,217,1023,0,203,326,305,496,320,305,548,720,705,305,424
506,1023,0,348,1023,0,262,332,305,509,328,305,548,754,735,305,424
357,1023,0,246,1023,0,253,332,305,503,332,305,548,722,713,305,424
627,1023,0,591,1023,0,323,354,305,528,333,305,548,791,763,305,424
297,1023,0,215,1023,0,198,327,305,437,323,305,548,716,683,305,424
321,1023,0,394,1023,0,271,347,305,525,334,305,548,737,715,305,424
422,1023,0,576,1023,0,287,346,305,541,338,305,548,759,736,305,424
562,1023,0,402,1023,0,728,769,305,652,407,305,548,778,758,305,424
398,1023,0,373,1023,0,180,329,305,458,317,305,548,702,677,305,424
368,1023,0,356,1023,0,199,323,305,525,334,305,548,753,741,305,424
527,1023,0,461,1023,0,245,333,305,530,330,305,548,751,696,305,424
417,1023,0,322,1023,0,253,330,305,510,327,305,548,742,730,305,424
363,1023,0,296,1023,0,435,462,305,477,320,305,548,715,699,305,424
408,1023,0,308,1023,0,252,335,305,503,327,305,548,716,700,305,424
369,1023,0,364,1023,0,259,334,305,492,320,305,548,764,735,305,424
515,1023,0,471,1023,0,279,334,305,538,331,305,548,723,704,305,424
337,1023,0,263,1023,0,244,332,305,514,327,305,548,760,733,305,424
625,1023,0,593,1023,0,387,392,305,602,364,305,548,767,736,305,424
445,1023,0,394,1023,0,274,339,305,510,329,305,548,746,732,305,424
434,1023,0,293,1023,0,585,637,305,579,359,305,548,734,721,305,424
412,1023,0,243,1023,0,236,337,305,488,318,305,548,752,735,305,424
400,1023,0,195,1023,0,150,316,305,445,318,305,548,726,705,305,424
329,1023,0,286,1023,0,216,328,305,510,330,305,549,715,682,305,424
413,1023,0,279,1023,0,268,333,305,516,324,305,549,751,737,305,424
433,1023,0,305,1023,0,248,325,305,508,320,305,549,709,674,305,424
476,1023,0,339,1023,0,254,336,305,522,322,305,549,749,722,305,424
465,1023,0,532,1023,0,663,726,305,616,388,305,549,719,691,305,424
358,1023,0,257,1023,0,192,319,305,430,316,305,549,743,732,305,424
510,1023,0,478,1023,0,222,325,305,524,328,305,549,759,744,305,424
354,1023,0,273,1023,0,325,358,305,476,324,305,549,707,696,305,424
501,1023,0,526,1023,0,459,483,305,545,341,305,549,748,725,305,432
465,1023,0,427,1023,0,266,328,305,522,329,305,549,760,728,305,432
395,1023,0,306,1023,0,174,326,305,511,332,305,549,717,674,305,432
360,1023,0,319,1023,0,323,353,305,506,333,305,549,706,692,305,432
434,1023,0,216,1023,0,477,497,305,550,340,305,549,771,758,305,432
540,1023,0,444,1023,0,330,367,305,561,355,305,549,770,745,305,432
749,1023,0,498,1023,0,346,355,305,585,353,305,549,764,732,305,432
364,1023,0,297,1023,0,279,338,305,477,319,305,549,746,729,305,432
403,1023,0,320,1023,0,209,320,305,464,315,305,549,749,721,305,432
752,1023,0,724,1023,0,369,389,305,594,366,305,549,821,796,305,432
502,1023,0,679,1023,0,312,346,305,538,339,305,549,774,737,305,432
306,1023,0,150,1023,0,139,314,305,347,310,305,549,656,645,305,432
429,1023,0,452,1023,0,279,337,305,536,329,305,549,760,719,305,432
328,1023,0,139,1023,0,410,443,305,486,315,305,549,698,684,305,432
410,1023,0,319,1023,0,138,325,305,509,327,305,549,746,729,305,432
464,1023,0,379,1023,0,302,339,305,521,328,305,549,720,679,305,432
714,1023,0,797,1023,0,378,391,305,598,371,305,549,771,734,305,432
443,1023,0,203,1023,0,243,327,305,494,324,305,549,750,735,305,432
362,1023,0,211,1023,0,51,314,305,443,313,305,549,713,685,305,432
315,1023,0,166,1023,0,195,329,305,500,328,305,549,654,642,305,432
286,1023,0,176,1023,0,231,327,305,458,324,305,549,721,699,305,432
321,1023,0,190,1023,0,61,314,305,426,311,305,549,696,680,305,432
403,1023,0,339,1023,0,234,332,305,500,323,305,549,699,683,305,432
283,1023,0,202,1023,0,126,318,305,464,317,305,549,708,699,305,432
299,1023,0,216,1023,0,227,333,305,484,326,305,549,722,712,305,432
223,1023,0,184,1023,0,189,321,305,448,322,305,549,730,720,305,432
265,1023,0,171,1023,0,395,430,305,472,326,305,549,701,691,305,432
405,1023,0,229,1023,0,299,347,305,494,326,305,549,688,666,305,432
520,1023,0,509,1023,0,290,345,305,520,331,305,549,790,738,305,432
305,1023,0,217,1023,0,190,320,305,475,319,305,549,712,696,305,432
318,1023,0,197,1023,0,211,323,305,493,325,305,549,740,725,305,432
496,1023,0,350,1023,0,346,364,305,485,318,305,549,726,706,305,432
402,1023,0,242,1023,0,431,426,305,557,342,305,549,730,690,305,432
338,1023,0,234,1023,0,260,339,305,457,317,305,549,755,750,305,432
471,1023,0,373,1023,0,334,368,305,487,326,305,549,738,720,305,432
330,1023,0,220,1023,0,249,331,305,497,329,305,549,761,752,305,432
320,1023,0,193,1023,0,411,437,305,475,321,305,549,719,710,305,432
499,1023,0,417,1023,0,257,331,305,495,319,305,549,741,699,305,432
452,1023,0,397,1023,0,316,355,305,528,330,305,550,740,716,305,432
591,1023,0,397,1023,0,257,323,305,532,326,305,550,723,694,305,432
250,1023,0,212,1023,0,230,338,305,539,342,305,550,719,712,305,432
346,1023,0,244,1023,0,180,317,305,473,316,305,550,697,686,305,432
492,1023,0,425,1023,0,410,416,305,510,332,305,550,737,714,305,432
416,1023,0,278,1023,0,322,357,305,457,317,305,550,754,737,305,432
323,1023,0,213,1023,0,468,509,305,483,322,305,550,690,675,305,432
413,1023,0,232,1023,0,263,339,305,484,322,305,550,715,694,305,432
324,1023,0,102,1023,0,154,318,305,407,312,305,550,657,649,305,432
491,1023,0,382,1023,0,202,324,305,497,319,305,550,724,671,305,432
414,1023,0,224,1023,0,219,326,305,519,330,305,550,719,708,305,432
387,1023,0,299,1023,0,245,334,305,485,324,305,550,788,767,305,432
352,1023,0,356,1023,0,311,359,305,566,357,305,550,814,802,305,432
486,1023,0,452,1023,0,293,343,305,535,335,305,550,745,717,305,432
368,1023,0,200,1023,0,232,330,305,511,329,305,550,664,654,305,432
673,1023,0,555,1023,0,308,339,305,542,329,305,550,748,703,305,432
311,1023,0,173,1023,0,138,317,305,438,316,305,550,700,691,305,432
521,1023,0,439,1023,0,452,461,305,526,334,305,550,732,703,305,432
310,1023,0,204,1023,0,151,320,305,479,319,305,550,758,750,305,432
444,1023,0,313,1023,0,225,327,305,493,322,305,550,732,707,305,432
445,1023,0,335,1023,0,234,326,305,517,329,305,550,739,709,305,432
448,1023,0,335,1023,0,546,582,305,550,347,305,550,741,703,305,432
236,1023,0,108,1023,0,46,316,305,305,312,305,550,691,681,305,432
246,1023,0,156,1023,0,242,329,305,439,320,305,550,717,712,305,432
465,1023,0,319,1023,0,289,340,305,516,328,305,550,736,721,305,432
422,1023,0,314,1023,0,253,334,305,473,319,305,550,734,697,305,432
421,1023,0,199,1023,0,234,324,305,494,321,305,550,687,651,305,432
462,1023,0,293,1023,0,265,327,305,464,316,305,550,730,708,305,432
523,1023,0,406,1023,0,352,368,305,504,326,305,550,749,726,305,432
253,1023,0,164,1023,0,208,326,305,449,319,305,550,717,700,305,432
578,1023,0,529,1023,0,302,338,305,530,326,305,550,721,691,305,432
540,1023,0,665,1023,0,521,551,305,571,348,305,550,778,761,305,432
450,1023,0,268,1023,0,194,317,305,483,322,305,550,699,647,305,432
327,1023,0,192,1023,0,208,321,305,477,324,305,550,716,707,305,432
314,1023,0,385,1023,0,243,328,305,503,323,305,550,756,737,305,432
351,1023,0,251,1023,0,235,330,305,442,317,305,550,702,686,305,432
347,1023,0,263,1023,0,240,326,305,479,321,305,550,694,683,305,432
522,1023,0,333,1023,0,299,341,305,525,326,305,550,713,693,305,432
327,1023,0,306,1023,0,185,322,305,467,314,305,550,727,692,305,432
362,1023,0,180,1023,0,235,332,305,524,329,305,550,718,694,305,432
331,1023,0,223,1023,0,196,316,305,395,316,305,550,723,711,305,432
454,1023,0,358,1023,0,246,329,305,512,329,305,550,740,724,305,432
300,1023,0,217,1023,0,196,322,305,444,315,305,550,707,696,305,432
371,1023,0,302,1023,0,231,330,305,499,330,305,550,738,703,305,432
479,1023,0,733,1023,0,303,349,305,533,339,305,550,737,707,305,432
432,1023,0,370,1023,0,291,341,305,505,327,305,550,722,685,305,432
726,1023,0,764,1023,0,387,379,305,620,372,305,550,770,728,305,432
420,1023,0,338,1023,0,492,524,305,544,344,305,551,762,732,305,432
293,1023,0,465,1023,0,226,322,305,532,330,305,551,734,672,305,432
431,1023,0,695,1023,0,314,334,305,557,326,305,551,773,709,305,432
533,1023,0,618,1023,0,293,341,305,510,331,305,551,778,737,305,440
349,1023,0,294,1023,0,252,338,305,466,319,305,551,708,680,305,440
303,1023,0,133,1023,0,113,315,305,456,321,305,551,690,675,305,440
288,1023,0,98,964,0,91,316,305,503,324,305,551,691,681,305,440
458,1023,0,531,1023,0,258,332,305,522,331,305,551,733,712,305,440
447,1023,0,189,1023,0,225,320,305,416,317,305,551,700,664,305,440
397,1023,0,298,1023,0,242,333,305,480,324,305,551,717,701,305,440
329,1023,0,227,1023,0,247,332,305,435,318,305,551,717,702,305,440
420,1023,0,258,1023,0,248,328,305,512,324,305,551,748,725,305,440
568,1023,0,294,1023,0,195,316,305,485,322,305,551,719,704,305,440
336,1023,0,205,1023,0,178,321,305,446,314,305,551,687,672,305,440
356,1023,0,311,1023,0,280,344,305,449,317,305,551,748,735,305,440
462,1023,0,344,1023,0,290,337,305,521,322,305,551,759,740,305,440
354,1023,0,226,1023,0,192,323,305,488,324,305,551,686,668,305,440
464,1023,0,307,1023,0,549,577,305,556,340,305,551,750,719,305,440
475,1023,0,229,1023,0,204,317,305,460,315,305,551,704,661,305,440
427,1023,0,370,1023,0,360,374,305,526,330,305,551,718,705,305,440
485,1023,0,547,1023,0,296,348,305,574,357,305,551,751,723,305,440
468,1023,0,407,1023,0,226,322,305,484,324,305,551,743,710,305,440
417,1023,0,363,1023,0,307,349,305,525,340,305,551,759,741,305,440
355,1023,0,313,1023,0,212,323,305,494,326,305,551,690,678,305,440
505,1023,0,578,1023,0,324,369,305,543,345,305,551,753,719,305,440
309,1023,0,250,1023,0,245,331,305,495,322,305,551,711,698,305,440
527,1023,0,392,1023,0,250,332,305,524,330,305,551,719,686,305,440
361,1023,0,361,1023,0,245,334,305,546,339,305,551,713,676,305,440
423,1023,0,357,1023,0,326,348,305,505,324,305,551,725,692,305,440
382,1023,0,304,1023,0,219,321,305,482,321,305,551,731,703,305,440
572,1023,0,448,1023,0,261,339,305,528,332,305,551,709,689,305,440
387,1023,0,301,1023,0,229,325,305,513,322,305,551,756,733,305,440
487,1023,0,512,1023,0,244,322,305,536,332,305,551,757,733,305,440
501,1023,0,391,1023,0,233,323,305,518,319,305,551,767,740,305,440
409,1023,0,280,1023,0,436,446,305,519,335,305,551,730,699,305,440
672,1023,0,749,1023,0,338,367,305,525,330,305,551,800,771,305,440
380,1023,0,235,1023,0,208,319,305,478,319,305,551,716,699,305,440
416,1023,0,256,1023,0,301,340,305,518,332,305,551,732,702,305,440
524,1023,0,431,1023,0,239,331,305,509,327,305,551,726,696,305,440
425,1023,0,358,1023,0,269,331,305,498,317,305,551,691,666,305,440
480,1023,0,452,1023,0,304,348,305,553,341,305,551,791,774,305,440
519,1023,0,477,1023,0,761,810,305,675,457,305,551,768,741,305,440
579,1023,0,481,1023,0,290,332,305,558,338,305,551,742,720,305,440
218,1023,0,141,1023,0,0,314,305,102,308,305,551,657,646,305,440
395,1023,0,253,1023,0,232,326,305,494,322,305,551,749,732,305,440
330,1023,0,306,1023,0,421,439,305,521,335,305,551,725,704,305,440
451,1023,0,322,1023,0,291,344,305,512,330,305,551,722,701,305,440
283,1023,0,153,1023,0,258,343,305,542,339,305,551,675,652,305,440
570,1023,0,488,1023,0,388,396,305,562,348,305,552,784,756,305,440
529,1023,0,346,1023,0,215,325,305,490,322,305,552,758,738,305,440
391,1023,0,271,1023,0,199,323,305,414,317,305,552,717,701,305,440
386,1023,0,246,1023,0,759,826,305,665,460,305,552,734,714,305,440
369,1023,0,225,1023,0,212,327,305,455,315,305,552,725,710,305,440
424,1023,0,528,1023,0,220,330,305,534,336,305,552,725,699,305,440
506,1023,0,398,1023,0,310,362,305,546,345,305,552,758,741,305,440
521,1023,0,369,1023,0,248,325,305,495,318,305,552,743,708,305,440
321,1023,0,162,1023,0,143,315,305,439,315,305,552,636,628,305,440
341,1023,0,184,1023,0,367,393,305,492,326,305,552,724,714,305,440
400,1023,0,237,1023,0,191,317,305,495,322,305,552,722,687,305,440
324,1023,0,288,1023,0,124,315,305,467,317,305,552,695,684,305,440
343,1023,0,234,1023,0,185,328,305,499,323,305,552,679,652,305,440
376,1023,0,178,1023,0,258,340,305,487,326,305,552,729,708,305,440
569,1023,0,491,1023,0,334,361,305,525,330,305,552,773,752,305,440
326,1023,0,362,1023,0,257,343,305,515,336,305,552,780,764,305,440
433,1023,0,473,1023,0,446,465,305,511,330,305,552,771,755,305,440
418,1023,0,265,1023,0,468,487,305,550,338,305,552,726,708,305,440
527,1023,0,463,1023,0,255,334,305,531,337,305,552,754,720,305,440
352,1023,0,543,1023,0,277,336,305,545,333,305,552,740,718,305,440
343,1023,0,221,1023,0,151,321,305,378,312,305,552,741,729,305,440
704,1023,0,850,1023,0,458,452,305,579,350,305,552,742,718,305,440
458,1023,0,310,1023,0,257,332,305,519,324,305,552,720,685,305,440
404,1023,0,492,1023,0,238,330,305,528,325,305,552,779,757,305,440
508,1023,0,465,1023,0,247,333,305,506,329,305,552,755,735,305,440
514,1023,0,447,1023,0,288,336,305,525,332,305,552,762,730,305,440
660,1023,0,587,1023,0,317,344,305,552,334,305,552,745,720,305,440
477,1023,0,396,1023,0,269,337,305,531,330,305,552,730,702,305,440
345,1023,0,157,1023,0,412,438,305,506,330,305,552,689,673,305,440
468,1023,0,401,1023,0,227,330,305,482,323,305,552,726,710,305,440
423,1023,0,232,1023,0,261,333,305,501,331,305,552,733,716,305,440
333,1023,0,215,1023,0,244,326,305,464,316,305,552,713,699,305,440
315,1023,0,181,1023,0,152,320,305,448,316,305,552,699,668,305,440
345,1023,0,241,1023,0,134,316,305,407,313,305,552,724,704,305,440
410,1023,0,347,1023,0,309,355,305,511,327,305,552,761,748,305,440
481,1023,0,350,1023,0,227,322,305,492,317,305,552,737,696,305,440
385,1023,0,596,1023,0,289,347,305,532,333,305,552,780,745,305,440
449,1023,0,332,1023,0,511,544,305,540,340,305,552,715,680,305,440
410,1023,0,235,1023,0,488,526,305,503,334,305,552,740,727,305,448
344,1023,0,213,1023,0,240,330,305,508,327,305,552,738,706,305,448
307,1023,0,486,1023,0,257,338,305,515,335,305,552,798,767,305,448
462,1023,0,292,1023,0,223,329,305,476,321,305,552,728,709,305,448
339,1023,0,351,1023,0,236,334,305,496,330,305,552,732,709,305,448
579,1023,0,501,1023,0,317,351,305,558,340,305,552,768,739,305,448
257,1023,0,155,1023,0,181,326,305,456,321,305,552,720,707,305,448
337,1023,0,274,1023,0,257,336,305,504,324,305,552,641,600,305,448
408,1023,0,458,1023,0,298,351,305,519,332,305,552,751,728,305,448
608,1023,0,524,1023,0,281,341,305,561,342,305,553,774,739,305,448
722,1023,0,779,1023,0,350,355,305,579,341,305,553,792,727,305,448
410,1023,0,295,1023,0,189,327,305,422,320,305,553,743,733,305,448
425,1023,0,264,1023,0,243,335,305,493,325,305,553,763,745,305,448
320,1023,0,219,1023,0,79,318,305,440,316,305,553,718,702,305,448
633,1023,0,750,1023,0,656,688,305,636,389,305,553,786,736,305,448
329,1023,0,244,1023,0,189,321,305,462,316,305,553,729,714,305,448
536,1023,0,421,1023,0,287,343,305,541,337,305,553,803,785,305,448
359,1023,0,254,1023,0,259,338,305,509,327,305,553,740,719,305,448
661,1023,0,354,1023,0,260,325,305,507,321,305,553,760,708,305,448
285,1023,0,256,1023,0,367,387,305,500,326,305,553,720,709,305,448
364,1023,0,459,1023,0,232,328,305,488,320,305,553,751,723,305,448
449,1023,0,343,1023,0,192,322,305,484,319,305,553,717,689,305,448
412,1023,0,299,1023,0,240,328,305,477,322,305,553,745,722,305,448
499,1023,0,498,1023,0,270,333,305,527,332,305,553,730,684,305,448
458,1023,0,452,1023,0,266,339,305,515,325,305,553,731,710,305,448
235,1023,0,149,1023,0,56,316,305,435,315,305,553,658,657,305,448
367,1023,0,318,1023,0,230,335,305,496,328,305,553,727,692,305,448
385,1023,0,356,1023,0,284,339,305,501,329,305,553,746,733,305,448
358,1023,0,197,1023,0,220,322,305,505,326,305,553,719,698,305,448
245,1023,0,117,1023,0,131,314,305,450,317,305,553,703,696,305,448
417,1023,0,329,1023,0,289,343,305,499,325,305,553,721,691,305,448
528,1023,0,559,1023,0,282,332,305,525,326,305,553,764,715,305,448
495,1023,0,564,1023,0,243,327,305,504,327,305,553,759,740,305,448
446,1023,0,481,1023,0,387,399,305,520,333,305,553,738,711,305,448
457,1023,0,334,1023,0,257,333,305,496,328,305,553,759,737,305,448
362,1023,0,256,1023,0,225,327,305,473,320,305,553,758,735,305,448
398,1023,0,261,1023,0,225,328,305,464,322,305,553,732,723,305,448
572,1023,0,558,1023,0,241,326,305,522,331,305,553,724,680,305,448
696,1023,0,569,1023,0,637,643,305,608,352,305,553,730,705,305,448
493,1023,0,511,1023,0,434,433,305,508,330,305,553,756,729,305,448
254,1023,0,185,1023,0,131,315,305,448,316,305,553,717,707,305,448
405,1023,0,305,1023,0,177,317,305,486,317,305,553,741,722,305,448
774,1023,0,700,1023,0,330,352,305,567,343,305,553,765,744,305,448
403,1023,0,307,1023,0,217,320,305,521,333,305,553,728,707,305,448
443,1023,0,413,1023,0,436,450,305,537,328,305,553,740,711,305,448
316,1023,0,207,1023,0,131,318,305,475,321,305,553,709,691,305,448
482,1023,0,274,1023,0,232,336,305,508,329,305,553,739,724,305,448
485,1023,0,299,1023,0,240,332,305,489,320,305,553,740,719,305,448
253,1023,0,115,1023,0,100,316,305,435,312,305,553,671,660,305,448
494,1023,0,299,1023,0,596,637,305,581,351,305,553,718,691,305,448
343,1023,0,226,1023,0,183,322,305,523,329,305,554,684,670,305,448
386,1023,0,362,1023,0,173,322,305,496,325,305,554,731,718,305,448
395,1023,0,407,1023,0,266,344,305,518,333,305,554,746,731,305,448
358,1023,0,211,1023,0,195,319,305,432,315,305,554,715,695,305,448
378,1023,0,249,1023,0,165,318,305,458,314,305,554,680,653,305,448
214,1023,0,144,1023,0,152,317,305,355,313,305,554,652,639,305,448
242,1023,0,297,1023,0,122,315,305,544,338,305,554,780,725,305,448
415,1023,0,250,1023,0,236,325,305,501,324,305,554,701,658,305,448
291,1023,0,171,1023,0,101,317,305,441,316,305,554,707,700,305,448
397,1023,0,165,1023,0,250,336,305,503,327,305,554,701,674,305,448
447,1023,0,383,1023,0,223,323,305,498,322,305,554,723,671,305,448
365,1023,0,467,1023,0,203,326,305,469,317,305,554,771,759,305,448
310,1023,0,196,1023,0,161,319,305,444,319,305,554,710,695,305,448
298,1023,0,135,1023,0,134,315,305,455,315,305,554,696,690,305,448
573,1023,0,484,1023,0,275,339,305,516,324,305,554,787,759,305,448
362,1023,0,237,1023,0,239,333,305,481,319,305,554,710,691,305,448
489,1023,0,226,1023,0,232,325,305,486,316,305,554,729,710,305,448
393,1023,0,278,1023,0,175,317,305,488,316,305,554,715,672,305,448
242,1023,0,138,1023,0,114,312,305,392,314,305,554,680,675,305,448
482,1023,0,426,1023,0,267,338,305,515,327,305,554,733,698,305,448
353,1023,0,174,1023,0,82,311,305,271,309,305,554,706,688,305,448
580,1023,0,530,1023,0,307,344,305,563,352,305,554,745,719,305,448
575,1023,0,322,1023,0,276,340,305,551,338,305,554,736,709,305,448
421,1023,0,407,1023,0,252,335,305,536,340,305,554,729,707,305,448
395,1023,0,230,1023,0,103,319,305,454,318,305,554,672,663,305,448
451,1023,0,378,1023,0,239,332,305,526,329,305,554,738,709,305,456
329,1023,0,173,1023,0,676,750,305,617,395,305,554,729,718,305,456
423,1023,0,199,1023,0,296,347,305,461,320,305,554,726,707,305,456
266,1023,0,130,1023,0,161,317,305,405,314,305,554,671,661,305,456
434,1023,0,298,1023,0,196,326,305,440,316,305,554,719,697,305,456
400,1023,0,280,1023,0,344,373,305,474,318,305,554,705,694,305,456
559,1023,0,468,1023,0,736,780,305,658,419,305,554,737,692,305,456
433,1023,0,438,1023,0,707,754,305,651,415,305,554,772,745,305,456
458,1023,0,368,1023,0,269,335,305,506,329,305,554,801,785,305,456
515,1023,0,336,1023,0,227,322,305,520,325,305,554,711,683,305,456
283,1023,0,166,1023,0,163,321,305,461,319,305,554,697,689,305,456
378,1023,0,179,1023,0,219,326,305,462,317,305,554,722,711,305,456
319,1023,0,163,1023,0,179,322,305,453,317,305,554,701,690,305,456
393,1023,0,265,1023,0,286,339,305,512,325,305,554,729,703,305,456
430,1023,0,236,1023,0,211,322,305,478,315,305,554,711,697,305,456
416,1023,0,451,1023,0,259,337,305,504,324,305,554,776,764,305,456
275,1023,0,133,1023,0,62,313,305,487,320,305,554,633,619,305,456
469,1023,0,363,1023,0,282,334,305,498,329,305,554,761,723,305,456
430,1023,0,245,1023,0,231,328,305,503,328,305,554,735,709,305,456
392,1023,0,620,1023,0,248,331,305,647,417,305,554,752,702,305,456
414,1023,0,226,1023,0,207,324,305,473,318,305,554,729,709,305,456
384,1023,0,273,1023,0,191,320,305,435,317,305,555,728,704,305,456
451,1023,0,418,1023,0,262,336,305,467,319,305,555,719,700,305,456
420,1023,0,345,1023,0,215,324,305,512,324,305,555,701,668,305,456
308,1023,0,190,1023,0,209,332,305,498,328,305,555,737,726,305,456
495,1023,0,455,1023,0,200,327,305,503,325,305,555,741,725,305,456
352,1023,0,194,1023,0,246,338,305,506,329,305,555,727,706,305,456
383,1023,0,228,1023,0,167,318,305,436,315,305,555,763,748,305,456
368,1023,0,369,1023,0,208,332,305,514,329,305,555,749,735,305,456
494,1023,0,446,1023,0,229,327,305,509,329,305,555,732,680,305,456
575,1023,0,341,1023,0,282,342,305,530,333,305,555,748,725,305,456
325,1023,0,257,1023,0,468,498,305,501,332,305,555,718,681,305,456
383,1023,0,182,1023,0,272,336,305,494,322,305,555,723,709,305,456
303,1023,0,146,1023,0,211,322,305,494,326,305,555,701,675,305,456
414,1023,0,335,1023,0,280,338,305,520,330,305,555,729,700,305,456
317,1023,0,123,1023,0,58,310,305,235,310,305,555,664,646,305,456
311,1023,0,216,1023,0,216,332,305,481,323,305,555,734,724,305,456
592,1023,0,555,1023,0,293,344,305,532,328,305,555,755,731,305,456
417,1023,0,227,1023,0,192,327,305,486,327,305,555,720,702,305,456
578,1023,0,421,1023,0,488,497,305,539,333,305,555,751,730,305,456
405,1023,0,287,1023,0,224,324,305,498,328,305,555,731,701,305,456
460,1023,0,229,1023,0,243,330,305,489,322,305,555,730,714,305,456
612,1023,0,562,1023,0,573,622,305,588,357,305,555,792,744,305,456
310,1023,0,247,1023,0,176,323,305,478,317,305,555,699,685,305,456
453,1023,0,256,1023,0,246,332,305,465,325,305,555,748,731,305,456
470,1023,0,377,1023,0,291,349,305,504,326,305,555,730,709,305,456
406,1023,0,564,1023,0,299,339,305,540,332,305,555,748,730,305,456
371,1023,0,430,1023,0,270,334,305,496,326,305,555,749,730,305,456
300,1023,0,138,1023,0,327,371,305,444,312,305,555,659,640,305,456
291,1023,0,142,1023,0,102,312,305,405,315,305,555,639,625,305,456
563,1023,0,444,1023,0,254,326,305,477,319,305,555,757,731,305,456
493,1023,0,294,1023,0,206,327,305,503,327,305,555,741,726,305,456
400,1023,0,242,1023,0,206,325,305,484,324,305,555,763,740,305,456
349,1023,0,281,1023,0,257,332,305,505,320,305,555,754,725,305,456
342,1023,0,397,1023,0,300,351,305,524,338,305,555,758,745,305,456
325,1023,0,203,1023,0,182,320,305,431,312,305,555,641,615,305,456
314,1023,0,164,1023,0,110,312,305,436,314,305,555,703,692,305,456
389,1023,0,196,1023,0,175,318,305,421,312,305,555,748,729,305,456
286,1023,0,160,1023,0,238,332,305,480,321,305,555,713,700,305,456
295,1023,0,317,1023,0,386,416,305,546,338,305,555,749,737,305,456
304,1023,0,146,1023,0,189,319,305,484,317,305,555,644,617,305,456
502,1023,0,360,1023,0,208,321,305,500,323,305,555,721,685,305,456
505,1023,0,491,1023,0,526,549,305,537,341,305,555,737,708,305,456
441,1023,0,285,1023,0,279,344,305,516,331,305,555,715,686,305,456
351,1023,0,263,1023,0,234,330,305,501,322,305,555,723,705,305,456
424,1023,0,329,1023,0,218,327,305,472,318,305,555,737,710,305,456
453,1023,0,223,1023,0,249,328,305,486,321,305,555,763,747,305,456
384,1023,0,329,1023,0,217,328,305,505,321,305,555,721,700,305,456
347,1023,0,349,1023,0,434,463,305,541,337,305,555,733,709,305,456
414,1023,0,363,1023,0,277,332,305,490,322,305,555,731,709,305,456
528,1023,0,343,1023,0,252,324,305,501,322,305,555,711,693,305,456
282,1023,0,175,1023,0,85,316,305,463,317,305,556,685,675,305,456
339,1023,0,139,1023,0,203,323,305,437,312,305,556,738,723,305,456
543,1023,0,385,1023,0,237,328,305,504,325,305,556,753,714,305,456
407,1023,0,456,1023,0,278,341,305,524,329,305,556,736,683,305,456
444,1023,0,362,1023,0,262,333,305,487,321,305,556,752,728,305,456
237,1023,0,174,1023,0,203,325,305,605,401,305,556,751,734,305,456
451,1023,0,364,1023,0,267,334,305,529,332,305,556,740,703,305,456
579,1023,0,506,1023,0,535,537,305,561,340,305,556,762,712,305,456
413,1023,0,323,1023,0,231,328,305,499,327,305,556,761,747,305,456
383,1023,0,386,1023,0,320,364,305,497,327,305,556,710,683,305,456
403,1023,0,352,1023,0,630,696,305,591,362,305,556,710,687,305,456
547,1023,0,499,1023,0,266,331,305,521,325,305,556,780,757,305,456
301,1023,0,181,1023,0,62,315,305,372,315,305,556,715,703,305,456
288,1023,0,181,1023,0,174,319,305,446,319,305,556,689,677,305,464
580,1023,0,425,1023,0,321,358,305,562,344,305,556,747,723,305,464
588,1023,0,625,1023,0,328,344,305,581,350,305,556,743,713,305,464
564,1023,0,462,1023,0,239,324,305,551,334,305,556,722,668,305,464
484,1023,0,447,1023,0,350,365,305,528,332,305,556,722,702,305,464
484,1023,0,323,1023,0,477,488,305,505,324,305,556,732,711,305,464
398,1023,0,293,1023,0,251,327,305,509,323,305,556,749,735,305,464
406,1023,0,512,1023,0,249,328,305,503,324,305,556,716,682,305,464
365,1023,0,176,1023,0,236,338,305,455,328,305,556,699,682,305,464
495,1023,0,321,1023,0,225,329,305,483,322,305,556,740,714,305,464
293,1023,0,124,1023,0,10,308,305,413,312,305,556,599,580,305,464
315,1023,0,140,1023,0,36,310,305,385,313,305,556,711,704,305,464
431,1023,0,356,1023,0,236,327,305,476,323,305,556,743,716,305,464
392,1023,0,281,1023,0,222,325,305,511,321,305,556,717,684,305,464
414,1023,0,315,1023,0,297,349,305,528,333,305,556,744,719,305,464
322,1023,0,131,1023,0,170,315,305,316,312,305,556,714,707,305,464
298,1023,0,170,1023,0,129,316,305,411,313,305,556,707,701,305,464
294,1023,0,159,1023,0,167,313,305,458,317,305,556,715,700,305,464
307,1023,0,182,1023,0,182,320,305,324,314,305,556,659,635,305,464
389,1023,0,248,1023,0,251,335,305,489,326,305,556,753,739,305,464
333,1023,0,162,1023,0,153,317,305,0,307,305,556,681,668,305,464
594,1023,0,364,1023,0,254,335,305,521,333,305,556,710,694,305,464
332,1023,0,215,1023,0,270,339,305,499,321,305,556,686,677,305,464
332,1023,0,197,1023,0,417,433,305,476,323,305,556,684,674,305,464
508,1023,0,395,1023,0,227,329,305,484,322,305,556,743,727,305,464
387,1023,0,325,1023,0,206,323,305,496,327,305,556,694,681,305,464
392,1023,0,285,1023,0,368,396,305,477,322,305,556,703,682,305,464
371,1023,0,325,1023,0,328,361,305,462,316,305,556,715,678,305,464
504,1023,0,367,1023,0,458,455,305,519,331,305,556,749,723,305,464
541,1023,0,405,1023,0,346,375,305,574,358,305,556,754,733,305,464
409,1023,0,286,1023,0,211,318,305,495,323,305,556,708,691,305,464
413,1023,0,293,1023,0,304,352,305,530,334,305,556,750,723,305,464
442,1023,0,336,1023,0,213,324,305,513,326,305,557,742,720,305,464
370,1023,0,223,1023,0,439,467,305,503,327,305,557,729,706,305,464
379,1023,0,275,1023,0,223,325,305,511,329,305,557,717,698,305,464
491,1023,0,259,1023,0,209,323,305,477,322,305,557,728,712,305,464
401,1023,0,210,1023,0,223,328,305,467,313,305,557,720,709,305,464
467,1023,0,519,1023,0,272,340,305,525,334,305,557,762,743,305,464
364,1023,0,491,1023,0,327,356,305,527,334,305,557,764,751,305,464
440,1023,0,338,1023,0,234,327,305,516,330,305,557,750,705,305,464
542,1023,0,462,1023,0,765,817,305,681,467,305,557,756,727,305,464
451,1023,0,331,1023,0,289,341,305,557,341,305,557,739,720,305,464
437,1023,0,301,1023,0,254,334,305,505,325,305,557,783,761,305,464
422,1023,0,420,1023,0,268,328,305,501,323,305,557,768,744,305,464
358,1023,0,210,1023,0,371,388,305,507,326,305,557,746,728,305,464
658,1023,0,500,1023,0,457,442,305,545,332,305,557,772,729,305,464
356,1023,0,207,1023,0,556,612,305,554,341,305,557,740,724,305,464
384,1023,0,261,1023,0,413,427,305,513,327,305,557,704,690,305,464
490,1023,0,267,1023,0,284,331,305,515,323,305,557,750,730,305,464
295,1023,0,168,1023,0,143,322,305,471,319,305,557,685,676,305,464
390,1023,0,282,1023,0,299,342,305,535,336,305,557,743,728,305,464
309,1023,0,142,1023,0,186,325,305,400,310,305,557,676,666,305,464
328,1023,0,181,1023,0,166,323,305,467,320,305,557,682,670,305,464
364,1023,0,307,1023,0,272,336,305,478,321,305,557,732,721,305,464
420,1023,0,273,1023,0,295,347,305,491,325,305,557,717,699,305,464
405,1023,0,305,1023,0,225,322,305,461,322,305,557,745,726,305,464
506,1023,0,485,1023,0,319,344,305,493,327,305,557,724,675,305,464
475,1023,0,482,1023,0,267,337,305,521,331,305,557,769,756,305,464
306,1023,0,227,1023,0,243,338,305,504,329,305,557,691,676,305,464
414,1023,0,409,1023,0,599,660,305,570,349,305,557,773,752,305,464
251,1023,0,155,1023,0,192,321,305,476,318,305,557,706,689,305,464
422,1023,0,429,1023,0,285,345,305,488,323,305,557,766,749,305,464
391,1023,0,236,1023,0,203,331,305,510,322,305,557,701,689,305,464
480,1023,0,349,1023,0,690,759,305,624,404,305,557,760,738,305,464
674,1023,0,686,1023,0,612,629,305,637,389,305,557,805,757,305,464
392,1023,0,345,1023,0,254,331,305,488,325,305,557,720,689,305,464
622,1023,0,687,1023,0,273,330,305,556,332,305,557,759,724,305,464
361,1023,0,285,1023,0,226,328,305,471,321,305,557,698,671,305,464
277,1023,0,184,1023,0,215,324,305,464,321,305,557,715,701,305,464
416,1023,0,325,1023,0,485,515,305,505,325,305,557,762,730,305,464
432,1023,0,419,1023,0,618,674,305,569,348,305,557,724,701,305,464
394,1023,0,292,1023,0,261,336,305,530,332,305,557,746,730,305,464
518,1023,0,414,1023,0,630,681,305,586,359,305,557,763,748,305,464
633,1023,0,645,1023,0,291,338,305,532,328,305,557,792,760,305,464
339,1023,0,194,1023,0,99,315,305,495,325,305,557,690,674,305,464
284,1023,0,269,1023,0,628,697,305,576,362,305,557,724,690,305,464
363,1023,0,301,1023,0,294,341,305,480,319,305,557,727,703,305,464
386,1023,0,220,1023,0,185,319,305,466,320,305,557,737,717,305,464
527,1023,0,397,1023,0,342,363,305,541,337,305,557,739,716,305,464
413,1023,0,432,1023,0,306,355,305,535,334,305,557,748,729,305,464
510,1023,0,521,1023,0,228,323,305,517,328,305,557,725,706,305,464
454,1023,0,262,1023,0,299,349,305,504,329,305,557,748,721,305,464
449,1023,0,441,1023,0,248,328,305,531,329,305,557,711,672,305,464
291,1023,0,131,1023,0,84,315,305,424,312,305,557,676,655,305,464
448,1023,0,307,1023,0,275,339,305,506,322,305,557,729,697,305,464
397,1023,0,228,1023,0,238,329,305,517,327,305,557,721,690,305,464
625,1023,0,554,1023,0,448,439,305,574,350,305,557,746,716,305,464
267,1023,0,197,1023,0,207,327,305,470,326,305,557,700,686,305,464
393,1023,0,243,1023,0,273,347,305,519,329,305,557,740,717,305,464
444,1023,0,450,1023,0,293,348,305,541,338,305,557,748,724,305,464
491,1023,0,330,1023,0,455,457,305,524,327,305,557,737,702,305,464
395,1023,0,259,1023,0,241,335,305,486,328,305,557,647,627,305,464
512,1023,0,472,1023,0,619,664,305,605,372,305,558,751,728,305,464
286,1023,0,163,1023,0,141,320,305,464,320,305,558,711,698,305,464
369,1023,0,305,1023,0,168,323,305,490,321,305,558,740,719,305,464
476,1023,0,334,1023,0,684,748,305,630,391,305,558,742,719,305,472
577,1023,0,481,1023,0,268,331,305,533,332,305,558,749,704,305,472
379,1023,0,240,1023,0,211,330,305,506,326,305,558,722,708,305,472
325,1023,0,191,1023,0,169,318,305,479,322,305,558,736,723,305,472
497,1023,0,425,1023,0,262,332,305,460,318,305,558,745,722,305,472
341,1023,0,270,1023,0,224,330,305,480,320,305,558,720,702,305,472
207,1023,0,253,1023,0,190,320,305,692,501,305,558,747,709,305,472
411,1023,0,326,1023,0,252,331,305,416,311,305,558,752,717,305,472
278,1023,0,128,1023,0,129,315,305,431,314,305,558,692,686,305,472
294,1023,0,199,1023,0,230,336,305,441,316,305,558,710,690,305,472
398,1023,0,341,1023,0,275,341,305,547,338,305,558,748,733,305,472
379,1023,0,368,1023,0,216,326,305,513,324,305,558,685,671,305,472
636,1023,0,499,1023,0,304,341,305,513,325,305,558,742,716,305,472
536,1023,0,455,1023,0,372,361,305,515,325,305,558,761,741,305,472
408,1023,0,403,1023,0,255,332,305,530,331,305,558,746,725,305,472
370,1023,0,297,1023,0,158,322,305,503,325,305,558,730,709,305,472
479,1023,0,498,1023,0,231,327,305,496,322,305,558,693,663,305,472
379,1023,0,238,1023,0,264,331,305,485,320,305,558,709,697,305,472
446,1023,0,282,1023,0,237,332,305,491,324,305,558,719,685,305,472
304,1023,0,143,1023,0,0,311,305,439,315,305,558,663,641,305,472
376,1023,0,303,1023,0,226,327,305,469,321,305,558,738,717,305,472
261,1023,0,324,1023,0,229,330,305,456,317,305,558,712,690,305,472
446,1023,0,470,1023,0,285,343,305,537,333,305,558,752,721,305,472
282,1023,0,262,1023,0,284,352,305,513,330,305,558,731,716,305,472
345,1023,0,240,1023,0,122,320,305,464,321,305,558,699,684,305,472
482,1023,0,520,1023,0,290,341,305,521,330,305,558,748,734,305,472
313,1023,0,268,1023,0,121,311,305,505,327,305,558,716,700,305,472
504,1023,0,294,1023,0,272,339,305,518,326,305,558,733,721,305,472
487,1023,0,588,1023,0,451,459,305,551,342,305,558,754,719,305,472
428,1023,0,303,1023,0,276,343,305,522,338,305,558,709,668,305,472
444,1023,0,340,1023,0,218,323,305,511,324,305,558,735,712,305,472
508,1023,0,331,1023,0,233,331,305,541,334,305,558,755,718,305,472
412,1023,0,241,1023,0,190,326,305,491,323,305,558,683,673,305,472
309,1023,0,183,1023,0,194,320,305,449,318,305,558,700,674,305,472
334,1023,0,458,1023,0,232,321,305,550,329,305,558,782,714,305,472
489,1023,0,471,1023,0,261,339,305,505,325,305,558,758,742,305,472
305,1023,0,127,1023,0,168,315,305,402,313,305,558,638,619,305,472
653,1023,0,638,1023,0,277,329,305,536,320,305,558,826,764,305,472
409,1023,0,233,1023,0,185,321,305,461,318,305,558,715,680,305,472
437,1023,0,424,1023,0,268,335,305,531,331,305,558,776,753,305,472
338,1023,0,214,1023,0,258,338,305,485,317,305,558,741,726,305,472
309,1023,0,163,1023,0,193,320,305,479,322,305,558,713,696,305,472
380,1023,0,213,1023,0,291,349,305,498,323,305,558,724,691,305,472
379,1023,0,308,1023,0,253,338,305,505,328,305,558,746,706,305,472
269,1023,0,262,1023,0,176,321,305,468,316,305,558,743,730,305,472
403,1023,0,283,1023,0,314,362,305,529,336,305,558,723,701,305,472
457,1023,0,284,1023,0,236,326,305,484,323,305,558,763,745,305,472
377,1023,0,355,1023,0,223,321,305,493,329,305,558,697,673,305,472
439,1023,0,334,1023,0,242,332,305,480,326,305,558,755,730,305,472
547,1023,0,543,1023,0,247,325,305,544,330,305,558,742,699,305,472
313,1023,0,240,1023,0,363,389,305,499,329,305,558,719,706,305,472
420,1023,0,283,1023,0,239,329,305,504,320,305,558,730,715,305,472
384,1023,0,259,1023,0,501,531,305,508,324,305,559,767,757,305,472
506,1023,0,369,1023,0,246,331,305,492,327,305,559,741,726,305,472
314,1023,0,177,1023,0,225,330,305,495,328,305,559,733,717,305,472
437,1023,0,317,1023,0,264,332,305,487,320,305,559,734,698,305,472
321,1023,0,243,1023,0,155,317,305,448,320,305,559,684,666,305,472
348,1023,0,454,1023,0,312,359,305,542,341,305,559,793,772,305,472
518,1023,0,466,1023,0,271,337,305,498,325,305,559,767,745,305,472
431,1023,0,386,1023,0,206,327,305,444,315,305,559,731,682,305,472
382,1023,0,187,1023,0,250,333,305,497,323,305,559,724,705,305,472
337,1023,0,212,1023,0,216,323,305,462,324,305,559,710,695,305,472
491,1023,0,511,1023,0,272,331,305,516,330,305,559,741,725,305,472
498,1023,0,364,1023,0,250,332,305,506,321,305,559,748,728,305,472
373,1023,0,220,1023,0,282,347,305,508,330,305,559,718,698,305,472
427,1023,0,262,1023,0,247,322,305,511,326,305,559,727,716,305,472
392,1023,0,213,1023,0,198,321,305,480,323,305,559,714,688,305,472
342,1023,0,233,1023,0,184,323,305,449,316,305,559,749,714,305,472
406,1023,0,241,1023,0,206,330,305,482,323,305,559,734,720,305,472
366,1023,0,202,1023,0,185,324,305,449,318,305,559,677,659,305,472
296,1023,0,189,1023,0,203,325,305,486,319,305,559,744,734,305,472
322,1023,0,165,1023,0,193,322,305,457,320,305,559,707,698,305,472
344,1023,0,228,1023,0,200,327,305,458,316,305,559,698,683,305,472
461,1023,0,339,1023,0,261,337,305,527,329,305,559,759,742,305,472
292,1023,0,170,1023,0,0,309,305,338,310,305,559,634,613,305,472
388,1023,0,288,1023,0,226,327,305,471,319,305,559,669,630,305,472
357,1023,0,183,1023,0,196,323,305,463,315,305,559,733,706,305,472
628,1023,0,436,1023,0,307,341,305,519,330,305,559,763,740,305,472
460,1023,0,363,1023,0,351,379,305,575,356,305,559,741,714,305,472
294,1023,0,214,1023,0,228,333,305,476,323,305,559,755,731,305,472
410,1023,0,259,1023,0,247,332,305,506,326,305,559,703,680,305,472
446,1023,0,650,1023,0,364,384,305,581,355,305,559,761,741,305,472
404,1023,0,293,1023,0,200,321,305,453,319,305,559,722,689,305,472
404,1023,0,446,1023,0,298,340,305,538,339,305,559,762,742,305,472
322,1023,0,248,1023,0,193,323,305,488,330,305,559,676,657,305,472
440,1023,0,289,1023,0,234,331,305,510,331,305,559,761,747,305,472
414,1023,0,375,1023,0,269,331,305,525,328,305,559,769,750,305,472
577,1023,0,744,1023,0,338,356,305,561,340,305,559,806,737,305,472
508,1023,0,469,1023,0,260,334,305,512,326,305,559,743,724,305,472
295,1023,0,148,1023,0,80,320,305,392,317,305,559,699,688,305,472
376,1023,0,327,1023,0,217,323,305,510,322,305,559,730,689,305,472
209,1023,0,211,1023,0,135,318,305,678,499,305,559,770,759,305,472
465,1023,0,332,1023,0,212,326,305,485,321,305,559,730,702,305,472
377,1023,0,356,1023,0,247,331,305,523,330,305,559,736,692,305,472
306,1023,0,220,1023,0,163,318,305,465,318,305,559,653,632,305,472
539,1023,0,404,1023,0,290,335,305,499,326,305,559,748,735,305,472
368,1023,0,297,1023,0,264,334,305,499,327,305,559,722,693,305,472
334,1023,0,285,1023,0,218,328,305,482,320,305,559,703,677,305,472
377,1023,0,291,1023,0,225,335,305,517,330,305,559,708,697,305,472
330,1023,0,163,1023,0,166,324,305,403,310,305,559,662,654,305,472
519,1023,0,399,1023,0,279,331,305,543,330,305,559,742,726,305,472
402,1023,0,261,1023,0,241,334,305,506,331,305,559,710,675,305,472
457,1023,0,279,1023,0,269,340,305,513,321,305,559,741,722,305,480
489,1023,0,505,1023,0,248,335,305,517,333,305,560,744,720,305,480
616,1023,0,362,1023,0,273,336,305,503,326,305,560,729,705,305,480
516,1023,0,303,1023,0,297,341,305,551,338,305,560,748,727,305,480
324,1023,0,284,1023,0,191,326,305,479,323,305,560,691,670,305,480
380,1023,0,487,1023,0,316,355,305,540,343,305,560,753,710,305,480
530,1023,0,274,1023,0,277,330,305,529,325,305,560,766,729,305,480
277,1023,0,180,1023,0,325,363,305,485,318,305,560,636,630,305,480
510,1023,0,336,1023,0,184,316,305,506,321,305,560,709,687,305,480
416,1023,0,453,1023,0,307,348,305,513,328,305,560,728,711,305,480
536,1023,0,456,1023,0,325,355,305,537,334,305,560,799,769,305,480
469,1023,0,501,1023,0,285,347,305,570,345,305,560,757,728,305,480
444,1023,0,346,1023,0,243,323,305,554,342,305,560,780,753,305,480
467,1023,0,399,1023,0,212,326,305,522,330,305,560,680,625,305,480
407,1023,0,348,1023,0,262,335,305,519,323,305,560,738,719,305,480
437,1023,0,315,1023,0,244,329,305,519,324,305,560,715,701,305,480
317,1023,0,219,1023,0,215,331,305,449,318,305,560,740,723,305,480
444,1023,0,414,1023,0,279,342,305,514,336,305,560,742,723,305,480
636,1023,0,651,1023,0,671,701,305,652,395,305,560,753,719,305,480
463,1023,0,492,1023,0,267,337,305,509,331,305,560,802,777,305,480
402,1023,0,233,1023,0,247,332,305,525,330,305,560,719,703,305,480
480,1023,0,483,1023,0,365,378,305,585,363,305,560,768,739,305,480
286,1023,0,152,1023,0,199,317,305,472,317,305,560,707,688,305,480
447,1023,0,412,1023,0,357,369,305,504,322,305,560,710,682,305,480
483,1023,0,597,1023,0,301,346,305,559,344,305,560,771,756,305,480
329,1023,0,257,1023,0,162,321,305,435,317,305,560,721,694,305,480
391,1023,0,278,1023,0,234,325,305,492,321,305,560,714,696,305,480
475,1023,0,553,1023,0,275,337,305,700,507,305,560,799,758,305,480
373,1023,0,216,1023,0,221,328,305,480,317,305,560,704,694,305,480
703,1023,0,425,1023,0,242,326,305,526,320,305,560,814,752,305,480
284,1023,0,261,1023,0,230,332,305,495,326,305,560,695,677,305,480
415,1023,0,205,1023,0,160,322,305,479,315,305,560,712,688,305,480
341,1023,0,352,1023,0,260,338,305,506,329,305,560,781,767,305,480
529,1023,0,363,1023,0,304,347,305,541,340,305,560,752,717,305,480
263,1023,0,130,1023,0,257,330,305,379,313,305,560,667,651,305,480
265,1023,0,248,1023,0,207,330,305,497,326,305,560,728,717,305,480
317,1023,0,147,1023,0,482,529,305,500,324,305,560,669,645,305,480
318,1023,0,151,1023,0,156,315,305,450,315,305,560,706,695,305,480
426,1023,0,362,1023,0,232,325,305,501,333,305,560,720,671,305,480
460,1023,0,256,1023,0,312,349,305,473,320,305,560,749,720,305,480
448,1023,0,471,1023,0,254,334,305,511,325,305,560,728,709,305,480
796,1023,0,674,1023,0,356,352,305,574,336,305,560,802,768,305,480
474,1023,0,512,1023,0,606,645,305,585,358,305,560,734,698,305,480
360,1023,0,166,1023,0,789,863,305,687,511,305,560,718,701,305,480
330,1023,0,217,1023,0,256,339,305,550,349,305,560,622,605,305,480
340,1023,0,302,1023,0,207,325,305,454,317,305,560,754,739,305,480
389,1023,0,314,1023,0,210,324,305,734,567,305,560,749,722,305,480
317,1023,0,206,1023,0,181,323,305,460,314,305,560,704,691,305,480
444,1023,0,321,1023,0,234,325,305,513,325,305,561,717,676,305,480
501,1023,0,394,1023,0,279,344,305,541,338,305,561,754,731,305,480
491,1023,0,527,1023,0,285,341,305,525,328,305,561,754,731,305,480
346,1023,0,230,1023,0,547,606,305,539,340,305,561,718,698,305,480
474,1023,0,331,1023,0,361,367,305,509,322,305,561,735,692,305,480
312,1023,0,154,1023,0,124,318,305,409,312,305,561,670,656,305,480
440,1023,0,223,1023,0,266,337,305,507,333,305,561,721,709,305,480
366,1023,0,248,1023,0,254,333,305,512,328,305,561,715,703,305,480
493,1023,0,448,1023,0,254,332,305,538,334,305,561,704,674,305,480
405,1023,0,352,1023,0,264,334,305,474,321,305,561,766,756,305,480
441,1023,0,314,1023,0,206,325,305,510,327,305,561,730,715,305,480
385,1023,0,294,1023,0,275,338,305,511,325,305,561,743,727,305,480
437,1023,0,362,1023,0,248,328,305,526,323,305,561,753,732,305,480
401,1023,0,233,1023,0,263,338,305,487,322,305,561,711,702,305,480
442,1023,0,403,1023,0,274,347,305,508,333,305,561,738,723,305,480
388,1023,0,264,1023,0,244,337,305,536,339,305,561,716,701,305,480
400,1023,0,250,1023,0,320,359,305,470,320,305,561,769,751,305,480
277,1023,0,444,1023,0,211,326,305,553,350,305,561,743,721,305,480
457,1023,0,505,1023,0,335,359,305,518,330,305,561,744,729,305,480
411,1023,0,307,1023,0,288,341,305,504,324,305,561,732,714,305,480
332,1023,0,117,1023,0,0,312,305,382,312,305,561,649,623,305,480
379,1023,0,224,1023,0,221,333,305,497,325,305,561,699,684,305,480
481,1023,0,283,1023,0,236,328,305,501,325,305,561,740,722,305,480
394,1023,0,293,1023,0,216,322,305,506,323,305,561,676,662,305,480
365,1023,0,309,1023,0,274,342,305,493,322,305,561,742,730,305,480
417,1023,0,258,1023,0,224,326,305,481,324,305,561,788,774,305,480
340,1023,0,289,1023,0,314,352,305,544,340,305,561,736,721,305,480
380,1023,0,249,1023,0,248,330,305,512,326,305,561,669,636,305,480
547,1023,0,407,1023,0,273,333,305,510,327,305,561,723,671,305,480
502,1023,0,435,1023,0,782,827,305,688,482,305,561,737,699,305,480
407,1023,0,350,1023,0,334,367,305,514,332,305,561,754,728,305,480
535,1023,0,239,1023,0,187,323,305,485,324,305,561,715,690,305,480
431,1023,0,335,1023,0,234,323,305,523,331,305,561,716,669,305,480
306,1023,0,180,1023,0,110,316,305,425,315,305,561,744,738,305,480
469,1023,0,384,1023,0,182,321,305,471,320,305,561,696,656,305,480
518,1023,0,358,1023,0,288,346,305,541,343,305,561,739,717,305,480
260,1023,0,454,1023,0,227,330,305,561,344,305,561,747,691,305,480
366,1023,0,460,1023,0,246,333,305,505,326,305,561,734,714,305,480
448,1023,0,399,1023,0,298,352,305,548,339,305,561,784,773,305,488
333,1023,0,227,1023,0,219,333,305,493,324,305,561,734,720,305,488
462,1023,0,331,1023,0,265,338,305,539,335,305,561,734,716,305,488
483,1023,0,440,1023,0,269,338,305,536,336,305,561,709,689,305,488
445,1023,0,275,1023,0,217,323,305,419,313,305,561,793,777,305,488
377,1023,0,190,1023,0,141,314,305,454,316,305,561,736,715,305,488
379,1023,0,333,1023,0,238,332,305,493,328,305,561,761,726,305,488
468,1023,0,398,1023,0,226,324,305,498,323,305,561,699,679,305,488
397,1023,0,344,1023,0,239,329,305,436,321,305,561,665,646,305,488
476,1023,0,234,1023,0,380,381,305,489,319,305,561,732,711,305,488
519,1023,0,371,1023,0,284,341,305,535,338,305,561,752,732,305,488
384,1023,0,204,1023,0,210,326,305,465,315,305,561,753,739,305,488
511,1023,0,304,1023,0,283,340,305,507,322,305,562,739,711,305,488
322,1023,0,156,1023,0,233,332,305,475,322,305,562,731,717,305,488
563,1023,0,401,1023,0,261,332,305,537,336,305,562,734,711,305,488
441,1023,0,428,1023,0,184,323,305,490,321,305,562,743,724,305,488
603,1023,0,485,1023,0,464,451,305,522,324,305,562,742,719,305,488
521,1023,0,415,1023,0,277,336,305,506,321,305,562,733,707,305,488
330,1023,0,260,1023,0,347,379,305,524,330,305,562,735,721,305,488
269,1023,0,107,1023,0,171,317,305,412,314,305,562,672,663,305,488
337,1023,0,315,1023,0,206,327,305,547,340,305,562,735,690,305,488
652,1023,0,498,1023,0,423,416,305,540,327,305,562,753,720,305,488
425,1023,0,292,1023,0,207,322,305,490,323,305,562,722,686,305,488
628,1023,0,611,1023,0,321,356,305,549,336,305,562,749,718,305,488
332,1023,0,319,1023,0,264,341,305,532,341,305,562,721,690,305,488
444,1023,0,487,1023,0,269,330,305,519,328,305,562,795,774,305,488
475,1023,0,315,1023,0,482,509,305,539,334,305,562,747,719,305,488
384,1023,0,265,1023,0,196,325,305,498,330,305,562,714,689,305,488
457,1023,0,259,1023,0,210,321,305,504,324,305,562,686,658,305,488
350,1023,0,290,1023,0,211,325,305,501,328,305,562,744,730,305,488
584,1023,0,622,1023,0,323,350,305,522,331,305,562,767,733,305,488
357,1023,0,280,1023,0,241,328,305,486,322,305,562,692,673,305,488
513,1023,0,285,1023,0,322,355,305,512,329,305,562,747,731,305,488
402,1023,0,257,1023,0,144,315,305,492,316,305,562,723,694,305,488
442,1023,0,283,1023,0,237,331,305,527,333,305,562,722,711,305,488
480,1023,0,595,1023,0,448,442,305,549,337,305,562,755,722,305,488
323,1023,0,234,1023,0,409,431,305,490,325,305,562,720,701,305,488
561,1023,0,593,1023,0,569,584,305,582,343,305,562,743,685,305,488
403,1023,0,247,1023,0,615,678,305,581,357,305,562,715,687,305,488
437,1023,0,326,1023,0,225,329,305,477,323,305,562,744,708,305,488
423,1023,0,278,1023,0,218,328,305,513,324,305,562,731,701,305,488
464,1023,0,289,1023,0,269,337,305,504,330,305,562,733,706,305,488
643,1023,0,695,1023,0,554,567,305,633,397,305,562,776,741,305,488
366,1023,0,263,1023,0,259,336,305,385,317,305,562,696,673,305,488
560,1023,0,346,1023,0,481,502,305,599,375,305,562,737,717,305,488
444,1023,0,230,1023,0,244,329,305,482,325,305,562,738,698,305,488
429,1023,0,406,1023,0,276,338,305,506,327,305,562,746,721,305,488
413,1023,0,241,1023,0,224,324,305,454,318,305,562,701,689,305,488
427,1023,0,268,1023,0,259,335,305,506,329,305,562,804,791,305,488
335,1023,0,182,1023,0,142,319,305,449,321,305,562,717,699,305,488
401,1023,0,305,1023,0,257,331,305,486,321,305,562,741,725,305,488
457,1023,0,360,1023,0,248,329,305,504,329,305,562,795,753,305,488
408,1023,0,303,1023,0,243,328,305,498,320,305,562,716,692,305,488
436,1023,0,286,1023,0,218,317,305,482,314,305,562,703,678,305,488
573,1023,0,382,1023,0,171,316,305,475,317,305,562,748,675,305,488
365,1023,0,219,1023,0,202,318,305,460,315,305,562,727,714,305,488
632,1023,0,725,1023,0,254,331,305,549,339,305,562,803,722,305,488
595,1023,0,653,1023,0,321,337,305,551,332,305,562,761,733,305,488
532,1023,0,485,1023,0,537,564,305,552,337,305,562,753,736,305,488
666,1023,0,723,1023,0,334,344,305,557,335,305,562,772,741,305,488
472,1023,0,262,1023,0,190,323,305,482,315,305,562,747,730,305,488
478,1023,0,298,1023,0,252,332,305,528,333,305,563,716,679,305,488
466,1023,0,311,1023,0,576,632,305,598,369,305,563,723,700,305,488
372,1023,0,408,1023,0,236,331,305,500,326,305,563,765,726,305,488
398,1023,0,290,1023,0,267,334,305,502,327,305,563,724,701,305,488
330,1023,0,149,1023,0,188,328,305,477,321,305,563,695,685,305,488
319,1023,0,241,1023,0,239,330,305,500,328,305,563,700,679,305,488
376,1023,0,261,1023,0,247,334,305,503,323,305,563,746,729,305,488
476,1023,0,363,1023,0,502,526,305,552,337,305,563,747,720,305,488
336,1023,0,317,1023,0,206,329,305,510,332,305,563,722,710,305,488
555,1023,0,348,1023,0,247,334,305,508,324,305,563,780,760,305,488
474,1023,0,390,1023,0,223,330,305,482,328,305,563,697,674,305,488
439,1023,0,274,1023,0,290,343,305,540,335,305,563,734,716,305,488
316,1023,0,223,1023,0,220,327,305,491,323,305,563,694,679,305,488
365,1023,0,156,1023,0,187,316,305,483,316,305,563,732,717,305,488
387,1023,0,307,1023,0,264,329,305,501,325,305,563,722,700,305,488
396,1023,0,174,1023,0,123,312,305,410,313,305,563,709,688,305,488
408,1023,0,264,1023,0,265,331,305,506,327,305,563,665,640,305,488
298,1023,0,261,1023,0,222,320,305,462,319,305,563,765,754,305,488
483,1023,0,421,1023,0,254,329,305,537,339,305,563,723,686,305,488
365,1023,0,336,1023,0,193,330,305,490,319,305,563,714,700,305,488
253,1023,0,185,1023,0,561,635,305,535,339,305,563,661,635,305,488
312,1023,0,216,1023,0,242,333,305,480,325,305,563,702,689,305,488
311,1023,0,111,1023,0,152,320,305,405,314,305,563,668,650,305,488
530,1023,0,461,1023,0,259,333,305,501,329,305,563,737,706,305,488
536,1023,0,650,1023,0,300,352,305,531,335,305,563,773,751,305,488
282,1023,0,145,1023,0,215,327,305,405,313,305,563,675,663,305,488
387,1023,0,239,1023,0,184,321,305,515,322,305,563,704,689,305,488
445,1023,0,381,1023,0,156,319,305,466,320,305,563,706,677,305,496
424,1023,0,297,1023,0,642,711,305,601,375,305,563,581,540,305,496
331,1023,0,192,1023,0,320,359,305,500,324,305,563,739,726,305,496
394,1023,0,273,1023,0,237,324,305,484,320,305,563,705,667,305,496
584,1023,0,450,1023,0,469,472,305,554,339,305,563,773,762,305,496
385,1023,0,321,1023,0,234,327,305,489,329,305,563,710,690,305,496
504,1023,0,286,1023,0,256,331,305,480,320,305,563,741,716,305,496
446,1023,0,420,1023,0,442,443,305,509,324,305,563,743,693,305,496
285,1023,0,109,1023,0,165,319,305,293,313,305,563,640,628,305,496
545,1023,0,600,1023,0,331,366,305,565,345,305,563,759,728,305,496
652,1023,0,562,1023,0,328,342,305,512,322,305,563,795,738,305,496
315,1023,0,255,1023,0,134,315,305,480,320,305,563,704,686,305,496
383,1023,0,283,1023,0,309,351,305,512,330,305,563,699,653,305,496
773,1023,0,539,1023,0,311,330,305,534,326,305,563,825,759,305,496
432,1023,0,435,1023,0,243,337,305,520,330,305,563,766,750,305,496
431,1023,0,435,1023,0,271,338,305,522,326,305,563,716,699,305,496
409,1023,0,353,1023,0,222,324,305,468,318,305,563,715,682,305,496
424,1023,0,487,1023,0,234,330,305,558,342,305,563,723,705,305,496
356,1023,0,151,1023,0,161,321,305,401,313,305,563,693,666,305,496
312,1023,0,145,1023,0,535,602,305,497,325,305,563,671,656,305,496
356,1023,0,191,1023,0,174,318,305,423,313,305,563,682,674,305,496
302,1023,0,272,1023,0,268,339,305,518,337,305,563,743,722,305,496
361,1023,0,194,1023,0,374,395,305,510,325,305,563,710,699,305,496
393,1023,0,251,1023,0,114,312,305,393,312,305,563,681,672,305,496
369,1023,0,198,1023,0,69,315,305,464,316,305,564,723,707,305,496
396,1023,0,250,1023,0,276,339,305,528,336,305,564,724,699,305,496
409,1023,0,223,1023,0,199,322,305,449,314,305,564,735,723,305,496
391,1023,0,263,1023,0,263,336,305,489,326,305,564,748,733,305,496
458,1023,0,403,1023,0,240,324,305,520,321,305,564,761,709,305,496
434,1023,0,366,1023,0,218,326,305,505,325,305,564,740,716,305,496
407,1023,0,298,1023,0,210,329,305,459,322,305,564,730,705,305,496
450,1023,0,397,1023,0,255,338,305,502,323,305,564,733,694,305,496
640,1023,0,588,1023,0,472,472,305,561,349,305,564,760,737,305,496
403,1023,0,249,1023,0,240,330,305,462,319,305,564,712,692,305,496
369,1023,0,225,1023,0,165,318,305,449,317,305,564,719,697,305,496
342,1023,0,265,1023,0,258,333,305,464,322,305,564,717,704,305,496
406,1023,0,301,1023,0,227,327,305,458,321,305,564,748,727,305,496
379,1023,0,297,1023,0,223,329,305,509,325,305,564,712,694,305,496
438,1023,0,320,1023,0,250,324,305,514,320,305,564,758,740,305,496
442,1023,0,275,1023,0,308,361,305,520,329,305,564,701,684,305,496
311,1023,0,237,1023,0,182,324,305,403,316,305,564,714,691,305,496
384,1023,0,248,1023,0,213,326,305,477,318,305,564,722,708,305,496
476,1023,0,550,1023,0,449,435,305,561,341,305,564,806,776,305,496
370,1023,0,363,1023,0,229,326,305,497,320,305,564,732,699,305,496
501,1023,0,371,1023,0,246,331,305,518,327,305,564,709,678,305,496
443,1023,0,449,1023,0,311,348,305,516,327,305,564,733,715,305,496
362,1023,0,260,1023,0,252,338,305,481,321,305,564,671,647,305,496
352,1023,0,307,1023,0,210,327,305,520,333,305,564,729,717,305,496
390,1023,0,314,1023,0,805,853,305,702,502,305,564,728,713,305,496
414,1023,0,182,1023,0,115,315,305,353,313,305,564,693,683,305,496
273,1023,0,103,1023,0,125,313,305,427,314,305,564,686,674,305,496
231,1023,0,108,1023,0,189,328,305,507,321,305,564,667,658,305,496
548,1023,0,346,1023,0,209,326,305,501,323,305,564,751,721,305,496
521,1023,0,360,1023,0,258,332,305,496,325,305,564,738,717,305,496
365,1023,0,424,1023,0,210,327,305,511,327,305,564,728,698,305,496
522,1023,0,584,1023,0,275,337,305,550,345,305,564,745,723,305,496
333,1023,0,133,1023,0,98,313,305,457,316,305,564,691,684,305,496
343,1023,0,278,1023,0,249,327,305,473,321,305,564,746,730,305,496
511,1023,0,432,1023,0,301,351,305,549,338,305,564,760,735,305,496
417,1023,0,339,1023,0,260,339,305,524,325,305,564,747,735,305,496
315,1023,0,156,1023,0,333,376,305,476,317,305,564,701,685,305,496
377,1023,0,347,1023,0,240,330,305,495,326,305,564,735,724,305,496
485,1023,0,435,1023,0,500,519,305,524,334,305,564,754,719,305,496
484,1023,0,358,1023,0,226,325,305,488,325,305,564,740,724,305,496
444,1023,0,335,1023,0,379,395,305,528,327,305,564,739,719,305,496
473,1023,0,269,1023,0,493,485,305,537,325,305,564,762,746,305,496
448,1023,0,456,1023,0,285,342,305,528,335,305,564,757,718,305,496
446,1023,0,372,1023,0,552,583,305,551,339,305,564,744,719,305,496
421,1023,0,420,1023,0,257,333,305,498,322,305,564,728,716,305,496
540,1023,0,644,1023,0,622,663,305,602,361,305,564,732,698,305,496
243,1023,0,198,1023,0,234,327,305,507,326,305,564,722,706,305,496
439,1023,0,241,1023,0,270,334,305,519,330,305,565,735,714,305,496
310,1023,0,429,1023,0,200,322,305,532,333,305,565,742,700,305,496
417,1023,0,302,1023,0,249,330,305,498,327,305,565,714,676,305,496
580,1023,0,617,1023,0,309,348,305,520,325,305,565,812,793,305,496
388,1023,0,433,1023,0,283,345,305,516,331,305,565,739,712,305,496
328,1023,0,561,1023,0,305,331,305,684,456,305,565,763,694,305,496
413,1023,0,323,1023,0,288,344,305,499,325,305,565,742,710,305,496
416,1023,0,465,1023,0,239,324,305,535,333,305,565,733,712,305,496
311,1023,0,178,1023,0,187,321,305,451,319,305,565,718,703,305,496
441,1023,0,264,1023,0,236,330,305,469,320,305,565,726,702,305,496
316,1023,0,456,1023,0,347,373,305,518,332,305,565,767,748,305,496
603,1023,0,586,1023,0,268,330,305,727,548,305,565,807,754,305,496
530,1023,0,384,1023,0,313,355,305,541,337,305,565,751,728,305,496
383,1023,0,259,1023,0,220,330,305,495,323,305,565,690,655,305,496
493,1023,0,415,1023,0,276,335,305,481,318,305,565,757,745,305,496
373,1023,0,352,1023,0,258,333,305,463,317,305,565,718,691,305,496
434,1023,0,273,1023,0,192,327,305,458,319,305,565,722,714,305,496
422,1023,0,271,1023,0,285,342,305,520,327,305,565,724,702,305,496
413,1023,0,301,1023,0,246,326,305,500,327,305,565,704,682,305,496
709,1023,0,684,1023,0,341,369,305,580,357,305,565,742,705,305,496
422,1023,0,495,1023,0,269,335,305,506,327,305,565,732,716,305,496
679,1023,0,545,1023,0,323,353,305,552,338,305,565,777,751,305,504
308,1023,0,268,1023,0,229,333,305,507,331,305,565,664,639,305,504
385,1023,0,223,1023,0,221,332,305,499,332,305,565,690,668,305,504
458,1023,0,428,1023,0,712,773,305,637,405,305,565,721,704,305,504
365,1023,0,365,1023,0,204,329,305,499,324,305,565,737,700,305,504
475,1023,0,213,1023,0,237,333,305,504,326,305,565,746,738,305,504
477,1023,0,468,1023,0,280,343,305,531,332,305,565,731,705,305,504
325,1023,0,169,1023,0,201,318,305,435,316,305,565,740,721,305,504
316,1023,0,279,1023,0,216,327,305,515,327,305,565,710,695,305,504
542,1023,0,373,1023,0,259,334,305,519,327,305,565,759,709,305,504
254,1023,0,188,1023,0,0,311,305,426,317,305,565,679,665,305,504
523,1023,0,567,1023,0,339,353,305,555,333,305,565,753,721,305,504
362,1023,0,277,1023,0,221,323,305,483,322,305,565,730,701,305,504
420,1023,0,218,1023,0,239,330,305,493,325,305,565,723,705,305,504
444,1023,0,199,1023,0,417,436,305,486,322,305,565,722,710,305,504
551,1023,0,509,1023,0,288,340,305,535,334,305,565,768,752,305,504
271,1023,0,192,1023,0,259,348,305,463,320,305,565,719,711,305,504
461,1023,0,337,1023,0,467,492,305,534,335,305,565,745,718,305,504
380,1023,0,198,1023,0,377,390,305,461,321,305,565,726,709,305,504
444,1023,0,320,1023,0,174,316,305,481,321,305,565,743,728,305,504
330,1023,0,197,1023,0,180,324,305,485,326,305,565,734,726,305,504
608,1023,0,507,1023,0,391,390,305,594,357,305,565,795,764,305,504
380,1023,0,399,1023,0,314,355,305,535,341,305,565,769,744,305,504
325,1023,0,186,1023,0,216,330,305,474,318,305,565,706,688,305,504
279,1023,0,250,1023,0,466,505,305,539,338,305,565,763,743,305,504
431,1023,0,370,1023,0,251,326,305,526,321,305,565,752,729,305,504
376,1023,0,315,1023,0,309,354,305,534,336,305,565,727,704,305,504
327,1023,0,196,1023,0,697,774,305,629,414,305,565,710,701,305,504
439,1023,0,488,1023,0,328,358,305,563,340,305,565,742,703,305,504
413,1023,0,213,1023,0,232,325,305,466,321,305,565,735,688,305,504
594,1023,0,537,1023,0,286,332,305,541,324,305,565,743,711,305,504
608,1023,0,370,1023,0,9,312,305,678,404,305,565,742,673,305,504
624,1023,0,504,1023,0,417,417,305,537,335,305,565,735,716,305,504
331,1023,0,217,1023,0,216,325,305,482,317,305,566,723,703,305,504
323,1023,0,154,1023,0,477,525,305,484,325,305,566,701,686,305,504
482,1023,0,318,1023,0,264,343,305,519,333,305,566,763,750,305,504
391,1023,0,305,1023,0,244,335,305,502,328,305,566,768,752,305,504
341,1023,0,320,1023,0,222,330,305,497,321,305,566,713,697,305,504
361,1023,0,452,1023,0,286,341,305,529,333,305,566,720,699,305,504
491,1023,0,464,1023,0,505,517,305,556,343,305,566,770,754,305,504
294,1023,0,264,1023,0,232,325,305,496,325,305,566,728,709,305,504
377,1023,0,266,1023,0,204,329,305,472,324,305,566,789,771,305,504
349,1023,0,362,1023,0,221,326,305,439,314,305,566,748,727,305,504
403,1023,0,309,1023,0,279,340,305,526,326,305,566,737,727,305,504
459,1023,0,288,1023,0,250,334,305,521,337,305,566,727,707,305,504
366,1023,0,247,1023,0,586,651,305,550,348,305,566,740,728,305,504
391,1023,0,221,1023,0,234,330,305,500,324,305,566,671,641,305,504
315,1023,0,202,1023,0,484,512,305,505,331,305,566,738,724,305,504
422,1023,0,296,1023,0,432,437,305,520,330,305,566,736,719,305,504
531,1023,0,780,1023,0,327,357,305,578,356,305,566,780,737,305,504
308,1023,0,185,1023,0,185,322,305,444,320,305,566,692,679,305,504
457,1023,0,331,1023,0,302,352,305,494,323,305,566,745,724,305,504
432,1023,0,314,1023,0,327,366,305,497,319,305,566,721,708,305,504
578,1023,0,442,1023,0,484,499,305,527,330,305,566,733,711,305,504
286,1023,0,184,1023,0,185,326,305,468,318,305,566,714,707,305,504
433,1023,0,305,1023,0,265,333,305,413,317,305,566,752,731,305,504
337,1023,0,255,1023,0,225,329,305,494,323,305,566,719,695,305,504
342,1023,0,145,1023,0,126,314,305,384,312,305,566,677,648,305,504
435,1023,0,290,1023,0,273,340,305,520,341,305,566,745,718,305,504
369,1023,0,241,1023,0,289,344,305,541,340,305,566,739,727,305,504
377,1023,0,357,1023,0,228,329,305,515,323,305,566,744,717,305,504
260,1023,0,174,1023,0,270,339,305,523,332,305,566,703,687,305,504
414,1023,0,357,1023,0,179,319,305,424,319,305,566,718,691,305,504
416,1023,0,315,1023,0,293,342,305,473,327,305,566,727,681,305,504
484,1023,0,332,1023,0,284,346,305,494,325,305,566,711,673,305,504
503,1023,0,384,1023,0,257,331,305,511,323,305,566,761,726,305,504
392,1023,0,254,1023,0,0,316,305,482,316,305,566,726,717,305,504
473,1023,0,292,1023,0,285,343,305,525,333,305,566,766,751,305,504
352,1023,0,255,1023,0,319,359,305,472,327,305,566,721,708,305,504
317,1023,0,180,1023,0,219,322,305,475,321,305,566,723,707,305,504
465,1023,0,296,1023,0,246,328,305,495,320,305,566,730,712,305,504
474,1023,0,344,1023,0,553,587,305,563,344,305,566,683,647,305,504
270,1023,0,212,1023,0,208,329,305,501,323,305,566,709,691,305,504
453,1023,0,437,1023,0,249,331,305,520,323,305,566,734,710,305,504
386,1023,0,235,1023,0,248,337,305,506,322,305,566,723,694,305,504
539,1023,0,560,1023,0,272,330,305,531,330,305,566,760,742,305,504
347,1023,0,265,1023,0,300,342,305,499,324,305,566,727,695,305,504
279,1023,0,143,1023,0,3,316,305,455,312,305,566,634,619,305,504
352,1023,0,208,1023,0,194,321,305,438,315,305,566,696,690,305,504
789,1023,0,756,1023,0,373,379,305,572,352,305,566,756,721,305,504
483,1023,0,466,1023,0,280,333,305,501,322,305,566,758,732,305,504
487,1023,0,387,1023,0,401,412,305,507,336,305,566,734,701,305,504
428,1023,0,225,1023,0,426,439,305,528,332,305,566,734,714,305,504
383,1023,0,355,1023,0,215,322,305,500,321,305,566,717,690,305,504
706,1023,0,452,1023,0,496,499,305,570,336,305,566,798,740,305,504
340,1023,0,237,1023,0,210,329,305,516,328,305,567,732,722,305,504
420,1023,0,283,1023,0,409,419,305,540,339,305,567,734,692,305,504
468,1023,0,453,1023,0,278,338,305,522,327,305,567,729,691,305,504
607,1023,0,503,1023,0,318,351,305,562,343,305,567,755,733,305,504
490,1023,0,303,1023,0,252,332,305,500,321,305,567,754,737,305,504
615,1023,0,545,1023,0,291,342,305,534,330,305,567,760,731,305,504
290,1023,0,201,1023,0,188,322,305,505,325,305,567,720,709,305,504
479,1023,0,256,1023,0,195,321,305,474,321,305,567,755,734,305,504
394,1023,0,229,1023,0,275,337,305,506,330,305,567,743,722,305,504
377,1023,0,189,1023,0,265,336,305,485,317,305,567,703,693,305,504
472,1023,0,238,1023,0,228,328,305,516,324,305,567,743,727,305,504
543,1023,0,387,1023,0,377,384,305,527,326,305,567,747,706,305,504
300,1023,0,172,1023,0,215,325,305,479,319,305,567,732,719,305,504
440,1023,0,318,1023,0,248,333,305,454,324,305,567,681,645,305,504
465,1023,0,250,1023,0,265,334,305,441,316,305,567,742,717,305,504
466,1023,0,383,1023,0,279,334,305,487,319,305,567,718,697,305,504
437,1023,0,280,1023,0,495,524,305,508,328,305,567,710,699,305,504
551,1023,0,442,1023,0,253,329,305,480,319,305,567,722,701,305,504
331,1023,0,284,1023,0,190,326,305,486,321,305,567,705,697,305,504
362,1023,0,273,1023,0,356,384,305,520,326,305,567,719,705,305,504
718,1023,0,654,1023,0,361,368,305,536,332,305,567,825,783,305,504
304,1023,0,145,1023,0,145,320,305,428,314,305,567,705,694,305,504
367,1023,0,205,1023,0,275,338,305,478,315,305,567,735,724,305,504
365,1023,0,201,1023,0,58,311,305,394,311,305,567,731,708,305,504
520,1023,0,422,1023,0,224,330,305,477,326,305,567,768,740,305,504
401,1023,0,369,1023,0,219,320,305,538,330,305,567,727,711,305,504
337,1023,0,435,1023,0,494,521,305,536,335,305,567,758,739,305,504
419,1023,0,348,1023,0,289,341,305,487,326,305,567,723,709,305,512
327,1023,0,245,1023,0,158,319,305,433,316,305,567,697,680,305,512
393,1023,0,354,1023,0,278,333,305,504,328,305,567,719,694,305,512
451,1023,0,199,1023,0,380,396,305,489,320,305,567,697,674,305,512
527,1023,0,416,1023,0,235,324,305,538,336,305,567,745,721,305,512
474,1023,0,370,1023,0,256,333,305,504,319,305,567,728,711,305,512
339,1023,0,257,1023,0,224,327,305,507,328,305,567,699,682,305,512
525,1023,0,402,1023,0,246,330,305,506,323,305,567,773,761,305,512
465,1023,0,551,1023,0,274,331,305,679,518,305,567,853,818,305,512
423,1023,0,316,1023,0,276,340,305,513,330,305,567,746,734,305,512
454,1023,0,307,1023,0,330,352,305,511,326,305,567,748,724,305,512
430,1023,0,279,1023,0,198,323,305,485,318,305,567,725,705,305,512
350,1023,0,328,1023,0,230,327,305,496,328,305,567,712,699,305,512
391,1023,0,282,1023,0,143,321,305,480,323,305,567,717,704,305,512
477,1023,0,490,1023,0,281,341,305,515,331,305,567,761,741,305,512
407,1023,0,286,1023,0,271,334,305,523,326,305,567,728,711,305,512
511,1023,0,268,1023,0,232,319,305,502,317,305,567,680,666,305,512
520,1023,0,262,1023,0,226,320,305,493,320,305,567,728,706,305,512
353,1023,0,200,1023,0,287,348,305,460,318,305,567,697,687,305,512
303,1023,0,199,1023,0,211,334,305,514,326,305,567,728,719,305,512
321,1023,0,209,1023,0,729,803,305,649,438,305,567,731,706,305,512
447,1023,0,332,1023,0,182,319,305,452,318,305,567,763,723,305,512
467,1023,0,351,1023,0,639,692,305,596,368,305,567,721,679,305,512
353,1023,0,241,1023,0,182,316,305,510,319,305,567,695,669,305,512
469,1023,0,398,1023,0,227,331,305,528,325,305,567,762,717,305,512
388,1023,0,381,1023,0,276,342,305,495,331,305,567,760,742,305,512
542,1023,0,326,1023,0,487,502,305,504,330,305,567,771,753,305,512
507,1023,0,309,1023,0,262,331,305,495,331,305,568,769,717,305,512
552,1023,0,514,1023,0,351,360,305,581,345,305,568,790,763,305,512
422,1023,0,259,1023,0,673,727,305,617,387,305,568,758,721,305,512
310,1023,0,168,1023,0,146,314,305,472,317,305,568,693,675,305,512
356,1023,0,371,1023,0,240,329,305,535,334,305,568,728,714,305,512
344,1023,0,205,1023,0,264,333,305,500,331,305,568,702,689,305,512
379,1023,0,171,1023,0,167,315,305,367,312,305,568,731,710,305,512
294,1023,0,272,1023,0,180,323,305,488,321,305,568,687,661,305,512
431,1023,0,307,1023,0,222,320,305,530,329,305,568,735,715,305,512
402,1023,0,230,1023,0,194,320,305,488,319,305,568,743,729,305,512
693,1023,0,568,1023,0,409,409,305,570,348,305,568,767,743,305,512
330,1023,0,167,1023,0,183,321,305,480,322,305,568,689,682,305,512
292,1023,0,201,1023,0,225,326,305,437,321,305,568,739,725,305,512
420,1023,0,307,1023,0,392,402,305,521,330,305,568,744,730,305,512
389,1023,0,291,1023,0,183,320,305,478,319,305,568,734,715,305,512
515,1023,0,413,1023,0,643,701,305,625,392,305,568,741,708,305,512
408,1023,0,220,1023,0,221,331,305,458,322,305,568,721,707,305,512
329,1023,0,381,1023,0,232,335,305,507,331,305,568,764,742,305,512
513,1023,0,551,1023,0,303,343,305,522,330,305,568,764,730,305,512
506,1023,0,311,1023,0,259,327,305,487,322,305,568,709,699,305,512
317,1023,0,159,1023,0,80,321,305,428,318,305,568,684,660,305,512
534,1023,0,525,1023,0,313,342,305,554,335,305,568,735,693,305,512
350,1023,0,231,1023,0,213,326,305,484,323,305,568,702,686,305,512
300,1023,0,157,1023,0,160,320,305,406,315,305,568,683,659,305,512
583,1023,0,430,1023,0,263,333,305,538,336,305,568,748,707,305,512
476,1023,0,456,1023,0,248,329,305,543,336,305,568,732,707,305,512
518,1023,0,415,1023,0,418,416,305,521,331,305,568,743,719,305,512
349,1023,0,211,1023,0,668,746,305,609,386,305,568,692,679,305,512
272,1023,0,452,1023,0,263,334,305,548,337,305,568,742,707,305,512
707,1023,0,639,1023,0,328,352,305,553,338,305,568,792,766,305,512
407,1023,0,280,1023,0,793,862,305,690,508,305,568,727,706,305,512
351,1023,0,254,1023,0,220,328,305,519,330,305,568,710,692,305,512
230,1023,0,188,1023,0,179,320,305,412,313,305,568,719,706,305,512
408,1023,0,274,1023,0,131,311,305,438,317,305,568,688,667,305,512
459,1023,0,312,1023,0,268,343,305,503,328,305,568,754,744,305,512
305,1023,0,141,1023,0,165,314,305,381,315,305,568,680,655,305,512
259,1023,0,299,1023,0,245,326,305,498,320,305,568,743,730,305,512
485,1023,0,303,1023,0,228,325,305,517,322,305,568,722,707,305,512
389,1023,0,579,1023,0,279,341,305,565,349,305,568,755,722,305,512
601,1023,0,538,1023,0,368,366,305,556,334,305,568,747,711,305,512
508,1023,0,357,1023,0,523,553,305,561,340,305,568,755,736,305,512
329,1023,0,177,1023,0,239,335,305,507,328,305,568,714,703,305,512
529,1023,0,402,1023,0,290,338,305,447,319,305,568,745,723,305,512
731,1023,0,652,1023,0,318,340,305,554,331,305,568,795,728,305,512
398,1023,0,277,1023,0,240,328,305,484,322,305,568,746,708,305,512
395,1023,0,254,1023,0,219,326,305,482,324,305,568,753,738,305,512
374,1023,0,245,1023,0,84,320,305,470,318,305,568,734,703,305,512
368,1023,0,246,1023,0,0,311,305,474,317,305,568,705,677,305,512
426,1023,0,466,1023,0,469,488,305,534,334,305,568,752,733,305,512
517,1023,0,295,1023,0,405,396,305,498,321,305,568,749,720,305,512
683,1023,0,598,1023,0,303,344,305,582,355,305,568,783,739,305,512
703,1023,0,510,1023,0,476,458,305,553,333,305,569,714,678,305,512
443,1023,0,283,1023,0,193,319,305,451,315,305,569,745,715,305,512
625,1023,0,453,1023,0,319,357,305,539,340,305,569,769,731,305,512
416,1023,0,228,1023,0,95,314,305,470,318,305,569,704,664,305,512
474,1023,0,368,1023,0,253,332,305,517,327,305,569,731,710,305,512
459,1023,0,473,1023,0,283,341,305,531,332,305,569,773,754,305,512
400,1023,0,354,1023,0,302,351,305,514,326,305,569,719,698,305,512
402,1023,0,378,1023,0,258,334,305,513,324,305,569,751,731,305,512
340,1023,0,160,1023,0,201,327,305,441,323,305,569,705,677,305,512
552,1023,0,438,1023,0,298,346,305,549,340,305,569,798,767,305,512
404,1023,0,230,1023,0,239,328,305,465,318,305,569,715,692,305,512
437,1023,0,418,1023,0,248,325,305,507,320,305,569,747,715,305,512
528,1023,0,533,1023,0,252,326,305,503,319,305,569,743,718,305,512
364,1023,0,214,1023,0,169,319,305,492,322,305,569,731,703,305,512
374,1023,0,307,1023,0,249,335,305,509,326,305,569,735,704,305,512
540,1023,0,212,1023,0,190,318,305,421,312,305,569,730,671,305,512
404,1023,0,231,1023,0,390,399,305,505,322,305,569,744,720,305,520
295,1023,0,141,1023,0,164,313,305,416,312,305,569,644,620,305,520
453,1023,0,424,1023,0,328,356,305,562,340,305,569,764,730,305,520
390,1023,0,242,1023,0,206,328,305,507,325,305,569,720,693,305,520
351,1023,0,379,1023,0,262,337,305,518,331,305,569,737,718,305,520
541,1023,0,386,1023,0,274,344,305,520,335,305,569,757,737,305,520
437,1023,0,222,1023,0,273,340,305,511,333,305,569,727,708,305,520
354,1023,0,211,1023,0,174,322,305,478,317,305,569,707,668,305,520
416,1023,0,374,1023,0,226,323,305,514,321,305,569,712,698,305,520
333,1023,0,227,1023,0,240,332,305,481,319,305,569,712,701,305,520
332,1023,0,155,1023,0,507,564,305,509,336,305,569,707,685,305,520
324,1023,0,174,1023,0,196,324,305,410,319,305,569,704,689,305,520
438,1023,0,444,1023,0,575,616,305,563,352,305,569,725,694,305,520
359,1023,0,326,1023,0,237,329,305,495,328,305,569,750,722,305,520
343,1023,0,323,1023,0,256,349,305,513,325,305,569,747,735,305,520
303,1023,0,166,1023,0,160,320,305,410,319,305,569,690,679,305,520
442,1023,0,412,1023,0,257,329,305,496,318,305,569,725,706,305,520
381,1023,0,212,1023,0,201,326,305,505,330,305,569,708,693,305,520
349,1023,0,220,1023,0,220,325,305,478,324,305,569,710,684,305,520
336,1023,0,216,1023,0,176,323,305,477,319,305,569,700,686,305,520
513,1023,0,277,1023,0,100,318,305,397,316,305,569,702,670,305,520
425,1023,0,405,1023,0,568,609,305,555,347,305,569,753,728,305,520
499,1023,0,410,1023,0,219,322,305,494,326,305,569,733,677,305,520
703,1023,0,489,1023,0,288,335,305,556,339,305,569,735,698,305,520
556,1023,0,528,1023,0,300,332,305,540,333,305,569,788,768,305,520
485,1023,0,397,1023,0,280,332,305,547,340,305,569,742,728,305,520
384,1023,0,201,1023,0,137,317,305,467,320,305,569,691,670,305,520
502,1023,0,257,1023,0,217,321,305,468,313,305,569,734,716,305,520
374,1023,0,252,1023,0,211,321,305,477,321,305,569,706,690,305,520
406,1023,0,259,1023,0,562,618,305,544,346,305,569,714,693,305,520
307,1023,0,193,1023,0,167,317,305,465,314,305,569,662,646,305,520
265,1023,0,223,1023,0,156,316,305,449,313,305,569,756,731,305,520
410,1023,0,390,1023,0,214,323,305,486,316,305,569,733,720,305,520
433,1023,0,397,1023,0,263,327,305,491,325,305,569,742,718,305,520
386,1023,0,293,1023,0,198,319,305,477,323,305,569,721,676,305,520
414,1023,0,358,1023,0,264,338,305,542,338,305,569,706,693,305,520
416,1023,0,343,1023,0,718,792,305,644,429,305,569,775,752,305,520
514,1023,0,269,1023,0,647,686,305,599,362,305,569,752,733,305,520
343,1023,0,208,1023,0,204,323,305,487,322,305,569,722,706,305,520
696,1023,0,777,1023,0,295,338,305,564,340,305,570,757,676,305,520
441,1023,0,372,1023,0,245,333,305,512,329,305,570,712,671,305,520
392,1023,0,366,1023,0,495,544,305,558,347,305,570,733,715,305,520
436,1023,0,274,1023,0,474,491,305,525,329,305,570,716,698,305,520
327,1023,0,336,1023,0,214,326,305,469,325,305,570,731,721,305,520
338,1023,0,249,1023,0,189,325,305,489,327,305,570,725,693,305,520
350,1023,0,174,1023,0,144,316,305,491,320,305,570,711,700,305,520
597,1023,0,362,1023,0,248,330,305,513,324,305,570,742,721,305,520
378,1023,0,192,1023,0,101,318,305,469,318,305,570,714,672,305,520
342,1023,0,290,1023,0,225,330,305,508,323,305,570,703,680,305,520
512,1023,0,671,1023,0,688,696,305,722,501,305,570,781,737,305,520
299,1023,0,197,1023,0,225,321,305,438,314,305,570,749,734,305,520
584,1023,0,323,1023,0,292,344,305,525,330,305,570,732,716,305,520
387,1023,0,238,1023,0,161,321,305,496,326,305,570,715,677,305,520
445,1023,0,431,1023,0,284,337,305,552,338,305,570,758,740,305,520
426,1023,0,344,1023,0,285,335,305,552,343,305,570,702,675,305,520
419,1023,0,292,1023,0,247,332,305,473,323,305,570,695,680,305,520
269,1023,0,139,1023,0,178,322,305,450,321,305,570,711,705,305,520
527,1023,0,743,1023,0,307,342,305,575,347,305,570,785,723,305,520
472,1023,0,378,1023,0,220,322,305,519,331,305,570,753,718,305,520
386,1023,0,248,1023,0,206,322,305,400,316,305,570,725,711,305,520
288,1023,0,186,1023,0,216,331,305,448,322,305,570,731,722,305,520
334,1023,0,243,1023,0,301,346,305,531,339,305,570,736,719,305,520
503,1023,0,351,1023,0,251,334,305,512,334,305,570,713,698,305,520
385,1023,0,254,1023,0,219,322,305,507,332,305,570,694,674,305,520
337,1023,0,173,1023,0,309,355,305,476,318,305,570,746,732,305,520
383,1023,0,337,1023,0,214,326,305,511,328,305,570,736,710,305,520
442,1023,0,270,1023,0,269,333,305,516,332,305,570,755,739,305,520
391,1023,0,518,1023,0,303,351,305,555,347,305,570,715,689,305,520
346,1023,0,179,1023,0,252,334,305,475,317,305,570,742,719,305,520
244,1023,0,157,1023,0,98,314,305,665,474,305,570,757,749,305,520
400,1023,0,232,1023,0,284,337,305,503,325,305,570,737,714,305,520
361,1023,0,199,1023,0,208,321,305,456,317,305,570,663,652,305,520
673,1023,0,455,1023,0,275,333,305,527,328,305,570,735,709,305,520
438,1023,0,414,1023,0,453,464,305,488,325,305,570,621,558,305,520
517,1023,0,368,1023,0,253,335,305,520,326,305,570,716,703,305,520
491,1023,0,328,1023,0,591,638,305,571,344,305,570,747,718,305,520
423,1023,0,395,1023,0,315,360,305,560,354,305,570,757,731,305,520
301,1023,0,91,988,0,128,315,305,0,311,305,570,677,653,305,520
433,1023,0,354,1023,0,268,336,305,526,332,305,570,761,734,305,520
326,1023,0,179,1023,0,96,319,305,436,318,305,570,696,684,305,520
504,1023,0,366,1023,0,274,335,305,485,320,305,570,747,710,305,520
424,1023,0,242,1023,0,218,325,305,525,327,305,570,731,708,305,520
381,1023,0,224,1023,0,206,331,305,491,324,305,570,703,692,305,520
312,1023,0,202,1023,0,142,321,305,464,318,305,570,683,669,305,520
468,1023,0,566,1023,0,286,351,305,540,348,305,570,740,695,305,520
343,1023,0,427,1023,0,323,363,305,558,349,305,570,758,742,305,520
470,1023,0,299,1023,0,234,330,305,524,333,305,570,736,719,305,520
618,1023,0,444,1023,0,261,331,305,509,325,305,570,751,699,305,520
464,1023,0,346,1023,0,163,323,305,472,324,305,570,718,689,305,520
355,1023,0,312,1023,0,231,330,305,502,329,305,571,711,688,305,520
509,1023,0,422,1023,0,322,351,305,548,340,305,571,786,761,305,520
402,1023,0,302,1023,0,377,384,305,503,326,305,571,741,722,305,520
316,1023,0,173,1023,0,0,316,305,385,311,305,571,685,675,305,520
372,1023,0,364,1023,0,275,337,305,512,327,305,571,726,710,305,520
463,1023,0,411,1023,0,231,325,305,542,334,305,571,707,678,305,520
502,1023,0,441,1023,0,290,348,305,543,343,305,571,771,738,305,520
305,1023,0,165,1023,0,234,338,305,452,325,305,571,749,739,305,520
379,1023,0,256,1023,0,211,323,305,444,322,305,571,717,702,305,520
338,1023,0,250,1023,0,161,318,305,503,325,305,571,733,713,305,528
512,1023,0,293,1023,0,254,334,305,516,330,305,571,723,707,305,528
357,1023,0,250,1023,0,231,323,305,467,320,305,571,746,717,305,528
602,1023,0,843,1023,0,290,338,305,553,344,305,571,761,738,305,528
403,1023,0,260,1023,0,272,348,305,506,336,305,571,734,723,305,528
537,1023,0,325,1023,0,322,351,305,496,324,305,571,735,717,305,528
520,1023,0,609,1023,0,315,354,305,543,344,305,571,765,722,305,528
404,1023,0,272,1023,0,200,321,305,495,322,305,571,707,681,305,528
415,1023,0,221,1023,0,186,316,305,443,320,305,571,704,689,305,528
417,1023,0,281,1023,0,161,318,305,470,320,305,571,738,704,305,528
365,1023,0,177,1023,0,476,509,305,509,327,305,571,713,694,305,528
332,1023,0,197,1023,0,236,332,305,524,328,305,571,691,662,305,528
326,1023,0,188,1023,0,253,331,305,479,327,305,571,703,689,305,528
677,1023,0,426,1023,0,279,331,305,531,324,305,571,783,745,305,528
320,1023,0,203,1023,0,172,315,305,362,312,305,571,750,739,305,528
750,1023,0,680,1023,0,331,344,305,565,333,305,571,764,724,305,528
401,1023,0,240,1023,0,213,324,305,485,318,305,571,717,707,305,528
367,1023,0,367,1023,0,275,336,305,467,321,305,571,718,702,305,528
306,1023,0,203,1023,0,207,318,305,440,317,305,571,731,722,305,528
497,1023,0,407,1023,0,288,334,305,518,327,305,571,772,744,305,528
383,1023,0,208,1023,0,180,322,305,499,319,305,571,717,688,305,528
296,1023,0,237,1023,0,182,326,305,432,318,305,571,701,678,305,528
479,1023,0,330,1023,0,389,408,305,492,322,305,571,763,749,305,528
487,1023,0,370,1023,0,221,319,305,493,319,305,571,761,739,305,528
463,1023,0,413,1023,0,249,334,305,517,329,305,571,711,694,305,528
530,1023,0,539,1023,0,344,361,305,534,330,305,571,760,739,305,528
453,1023,0,254,1023,0,247,331,305,437,321,305,571,801,789,305,528
417,1023,0,281,1023,0,274,337,305,508,328,305,571,774,754,305,528
333,1023,0,261,1023,0,138,318,305,454,324,305,571,702,684,305,528
492,1023,0,385,1023,0,273,338,305,498,322,305,571,728,713,305,528
554,1023,0,597,1023,0,298,336,305,542,335,305,571,762,733,305,528
401,1023,0,228,1023,0,230,330,305,477,320,305,571,709,691,305,528
328,1023,0,211,1023,0,452,480,305,536,334,305,571,723,705,305,528
418,1023,0,329,1023,0,263,335,305,514,328,305,571,762,733,305,528
740,1023,0,556,1023,0,396,379,305,586,346,305,571,760,724,305,528
404,1023,0,264,1023,0,141,316,305,444,313,305,571,743,725,305,528
311,1023,0,207,1023,0,159,316,305,603,384,305,571,707,699,305,528
386,1023,0,198,1023,0,608,684,305,559,354,305,571,708,690,305,528
436,1023,0,261,1023,0,255,329,305,511,324,305,571,715,680,305,528
384,1023,0,299,1023,0,228,324,305,483,324,305,571,708,693,305,528
439,1023,0,361,1023,0,191,320,305,480,319,305,571,743,710,305,528
640,1023,0,600,1023,0,502,508,305,531,335,305,571,771,750,305,528
274,1023,0,139,1023,0,166,330,305,506,331,305,571,705,673,305,528
465,1023,0,443,1023,0,252,329,305,511,324,305,571,760,733,305,528
401,1023,0,414,1023,0,317,353,305,525,325,305,571,744,724,305,528
422,1023,0,340,1023,0,222,330,305,507,322,305,571,762,717,305,528
561,1023,0,382,1023,0,326,365,305,515,339,305,571,748,719,305,528
297,1023,0,169,1023,0,142,320,305,470,321,305,571,636,623,305,528
372,1023,0,213,1023,0,86,318,305,459,316,305,571,701,688,305,528
541,1023,0,312,1023,0,212,323,305,513,323,305,571,683,665,305,528
443,1023,0,279,1023,0,161,322,305,503,326,305,571,730,702,305,528
366,1023,0,163,1023,0,167,320,305,486,316,305,571,662,652,305,528
402,1023,0,210,1023,0,197,319,305,473,320,305,571,712,695,305,528
368,1023,0,426,1023,0,220,328,305,520,324,305,571,784,766,305,528
289,1023,0,216,1023,0,184,324,305,445,314,305,571,721,706,305,528
389,1023,0,211,1023,0,458,466,305,504,327,305,572,703,690,305,528
324,1023,0,230,1023,0,204,326,305,445,321,305,572,718,700,305,528
554,1023,0,460,1023,0,327,358,305,534,334,305,572,773,754,305,528
425,1023,0,366,1023,0,303,350,305,503,322,305,572,734,691,305,528
532,1023,0,478,1023,0,404,406,305,536,333,305,572,770,751,305,528
312,1023,0,222,1023,0,224,328,305,462,319,305,572,704,697,305,528
451,1023,0,267,1023,0,360,375,305,509,326,305,572,710,698,305,528
627,1023,0,667,1023,0,341,356,305,575,344,305,572,766,735,305,528
323,1023,0,179,1023,0,559,628,305,528,345,305,572,729,709,305,528
457,1023,0,271,1023,0,275,333,305,510,327,305,572,730,718,305,528
382,1023,0,389,1023,0,396,413,305,502,328,305,572,718,701,305,528
462,1023,0,464,1023,0,271,336,305,530,332,305,572,755,725,305,528
492,1023,0,254,1023,0,253,327,305,502,322,305,572,747,735,305,528
330,1023,0,163,1023,0,233,328,305,452,316,305,572,715,694,305,528
323,1023,0,181,1023,0,255,333,305,477,327,305,572,707,692,305,528
317,1023,0,323,1023,0,181,327,305,487,322,305,572,693,667,305,528
441,1023,0,223,1023,0,190,326,305,531,333,305,572,674,646,305,528
701,1023,0,796,1023,0,462,465,305,556,338,305,572,757,709,305,528
617,1023,0,486,1023,0,371,380,305,555,342,305,572,741,712,305,528
340,1023,0,246,1023,0,192,327,305,498,323,305,572,662,650,305,528
393,1023,0,351,1023,0,217,327,305,513,328,305,572,688,657,305,528
311,1023,0,176,1023,0,194,320,305,507,322,305,572,718,706,305,528
637,1023,0,501,1023,0,552,570,305,606,365,305,572,767,737,305,528
605,1023,0,443,1023,0,344,359,305,535,336,305,572,767,748,305,528
370,1023,0,144,1023,0,174,321,305,467,318,305,572,678,657,305,528
347,1023,0,385,1023,0,247,333,305,510,329,305,572,742,724,305,528
435,1023,0,331,1023,0,329,360,305,509,327,305,572,737,705,305,528
420,1023,0,372,1023,0,244,329,305,505,321,305,572,709,673,305,528
432,1023,0,355,1023,0,226,324,305,500,327,305,572,764,745,305,528
447,1023,0,304,1023,0,540,588,305,568,349,305,572,714,700,305,528
446,1023,0,327,1023,0,345,372,305,466,326,305,572,762,750,305,528
580,1023,0,503,1023,0,308,340,305,650,408,305,572,771,724,305,528
416,1023,0,345,1023,0,151,318,305,479,321,305,572,707,657,305,528
438,1023,0,332,1023,0,293,334,305,502,321,305,572,745,708,305,528
370,1023,0,345,1023,0,282,342,305,511,330,305,572,762,749,305,528
491,1023,0,476,1023,0,311,343,305,562,340,305,572,746,713,305,528
220,1023,0,150,1023,0,147,320,305,626,426,305,572,633,622,305,528
515,1023,0,673,1023,0,290,344,305,574,343,305,572,764,717,305,528
347,1023,0,368,1023,0,240,334,305,509,330,305,572,697,675,305,528
397,1023,0,377,1023,0,246,331,305,502,330,305,572,740,707,305,528
630,1023,0,666,1023,0,290,332,305,522,332,305,572,741,720,305,528
620,1023,0,786,1023,0,740,765,305,671,427,305,572,799,780,305,528
461,1023,0,406,1023,0,215,323,305,503,322,305,572,745,694,305,528
369,1023,0,368,1023,0,295,354,305,537,342,305,572,727,691,305,528
420,1023,0,255,1023,0,202,322,305,492,318,305,572,726,708,305,528
506,1023,0,391,1023,0,271,335,305,529,330,305,572,759,741,305,528
751,1023,0,639,1023,0,333,356,305,555,343,305,572,770,730,305,528
402,1023,0,223,1023,0,324,352,305,527,332,305,572,697,686,305,528
509,1023,0,321,1023,0,250,334,305,481,323,305,572,738,707,305,528
248,1023,0,392,1023,0,265,340,305,529,332,305,572,751,740,305,528
441,1023,0,340,1023,0,253,329,305,524,334,305,572,753,728,305,528
396,1023,0,298,1023,0,194,324,305,508,327,305,572,708,682,305,528
576,1023,0,510,1023,0,324,347,305,547,337,305,572,754,734,305,528
391,1023,0,380,1023,0,352,371,305,519,326,305,572,746,730,305,536
665,1023,0,803,1023,0,274,331,305,554,338,305,572,753,722,305,536
361,1023,0,245,1023,0,192,318,305,481,315,305,572,717,701,305,536
298,1023,0,199,1023,0,668,746,305,614,398,305,572,713,704,305,536
312,1023,0,305,1023,0,278,342,305,489,319,305,572,735,717,305,536
377,1023,0,198,1023,0,165,321,305,471,323,305,572,704,682,305,536
300,1023,0,188,1023,0,236,328,305,449,320,305,573,735,719,305,536
272,1023,0,137,1023,0,171,322,305,435,317,305,573,663,654,305,536
615,1023,0,554,1023,0,740,779,305,680,438,305,573,753,703,305,536
554,1023,0,524,1023,0,275,340,305,555,336,305,573,745,712,305,536
433,1023,0,339,1023,0,467,486,305,526,331,305,573,778,757,305,536
409,1023,0,425,1023,0,290,343,305,519,326,305,573,770,735,305,536
390,1023,0,307,1023,0,254,327,305,511,325,305,573,727,703,305,536
348,1023,0,132,1023,0,167,315,305,386,310,305,573,694,679,305,536
410,1023,0,238,1023,0,734,805,305,652,446,305,573,721,693,305,536
622,1023,0,728,1023,0,312,343,305,537,337,305,573,774,731,305,536
424,1023,0,438,1023,0,262,342,305,521,331,305,573,730,716,305,536
401,1023,0,328,1023,0,274,333,305,525,328,305,573,752,739,305,536
481,1023,0,228,1023,0,225,323,305,517,324,305,573,759,731,305,536
576,1023,0,552,1023,0,265,339,305,501,327,305,573,764,748,305,536
517,1023,0,419,1023,0,391,384,305,528,329,305,573,724,704,305,536
216,1023,0,178,1023,0,203,325,305,451,317,305,573,698,689,305,536
326,1023,0,341,1023,0,216,324,305,480,321,305,573,740,725,305,536
476,1023,0,357,1023,0,309,355,305,514,328,305,573,756,738,305,536
476,1023,0,306,1023,0,339,365,305,500,325,305,573,763,746,305,536
537,1023,0,596,1023,0,372,381,305,540,341,305,573,729,708,305,536
414,1023,0,445,1023,0,263,340,305,515,328,305,573,601,568,305,536
411,1023,0,309,1023,0,236,324,305,469,320,305,573,745,733,305,536
420,1023,0,405,1023,0,237,330,305,492,325,305,573,730,701,305,536
561,1023,0,484,1023,0,318,352,305,538,333,305,573,770,746,305,536
344,1023,0,202,1023,0,258,329,305,520,328,305,573,705,694,305,536
607,1023,0,805,1023,0,295,342,305,542,342,305,573,772,752,305,536
423,1023,0,207,1023,0,410,402,305,475,317,305,573,719,703,305,536
426,1023,0,232,1023,0,243,326,305,433,314,305,573,732,716,305,536
409,1023,0,267,1023,0,131,318,305,500,321,305,573,726,703,305,536
531,1023,0,286,1023,0,237,326,305,501,323,305,573,731,700,305,536
273,1023,0,165,1023,0,162,319,305,442,322,305,573,694,679,305,536
397,1023,0,266,1023,0,230,329,305,477,317,305,573,722,709,305,536
409,1023,0,334,1023,0,217,326,305,491,328,305,573,743,723,305,536
459,1023,0,316,1023,0,261,337,305,533,335,305,573,748,737,305,536
400,1023,0,179,1023,0,654,727,305,590,368,305,573,734,710,305,536
493,1023,0,405,1023,0,270,332,305,480,324,305,573,801,768,305,536
471,1023,0,455,1023,0,256,341,305,469,324,305,573,733,708,305,536
646,1023,0,544,1023,0,359,371,305,551,335,305,573,766,734,305,536
438,1023,0,353,1023,0,546,560,305,513,332,305,573,741,715,305,536
386,1023,0,229,1023,0,206,326,305,485,322,305,573,728,709,305,536
344,1023,0,247,1023,0,209,326,305,504,325,305,573,706,685,305,536
474,1023,0,335,1023,0,233,324,305,477,316,305,573,725,709,305,536
506,1023,0,334,1023,0,277,338,305,530,333,305,573,726,693,305,536
396,1023,0,233,1023,0,220,324,305,466,326,305,573,727,712,305,536
452,1023,0,289,1023,0,195,323,305,487,323,305,573,736,718,305,536
465,1023,0,293,1023,0,184,319,305,424,318,305,573,737,720,305,536
309,1023,0,173,1023,0,221,332,305,504,327,305,573,710,700,305,536
370,1023,0,174,1023,0,192,321,305,464,316,305,573,700,684,305,536
260,1023,0,152,1023,0,175,324,305,461,326,305,573,711,685,305,536
384,1023,0,249,1023,0,155,317,305,489,321,305,573,706,683,305,536
338,1023,0,234,1023,0,197,323,305,470,314,305,573,757,745,305,536
506,1023,0,289,1023,0,230,331,305,498,324,305,573,781,747,305,536
377,1023,0,247,1023,0,223,329,305,496,326,305,573,733,716,305,536
412,1023,0,291,1023,0,183,318,305,458,317,305,573,723,674,305,536
361,1023,0,409,1023,0,269,342,305,525,329,305,573,769,734,305,536
421,1023,0,578,1023,0,265,335,305,560,343,305,573,767,742,305,536
295,1023,0,279,1023,0,258,338,305,482,327,305,574,764,752,305,536
401,1023,0,248,1023,0,254,337,305,506,328,305,574,743,719,305,536
385,1023,0,231,1023,0,345,367,305,479,318,305,574,721,690,305,536
466,1023,0,284,1023,0,220,328,305,499,322,305,574,738,715,305,536
347,1023,0,223,1023,0,158,323,305,455,318,305,574,732,722,305,536
444,1023,0,282,1023,0,277,338,305,502,317,305,574,729,714,305,536
421,1023,0,488,1023,0,297,341,305,532,333,305,574,740,709,305,536
304,1023,0,383,1023,0,262,329,305,490,320,305,574,739,716,305,536
506,1023,0,371,1023,0,601,637,305,578,347,305,574,788,762,305,536
279,1023,0,153,1023,0,64,316,305,482,319,305,574,663,655,305,536
533,1023,0,358,1023,0,549,570,305,560,338,305,574,744,723,305,536
515,1023,0,509,1023,0,213,327,305,497,328,305,574,755,727,305,536
397,1023,0,350,1023,0,222,321,305,421,315,305,574,731,711,305,536
479,1023,0,382,1023,0,258,338,305,530,335,305,574,750,733,305,536
427,1023,0,223,1023,0,199,317,305,433,319,305,574,729,714,305,536
390,1023,0,220,1023,0,168,320,305,508,325,305,574,722,710,305,536
379,1023,0,361,1023,0,317,352,305,512,338,305,574,771,753,305,536
322,1023,0,311,1023,0,293,348,305,508,334,305,574,746,721,305,536
371,1023,0,274,1023,0,297,354,305,511,332,305,574,720,707,305,536
489,1023,0,317,1023,0,264,338,305,538,339,305,574,752,736,305,536
438,1023,0,332,1023,0,248,332,305,489,325,305,574,731,712,305,536
409,1023,0,173,1023,0,75,311,305,367,312,305,574,706,695,305,536
563,1023,0,400,1023,0,315,347,305,565,342,305,574,758,725,305,536
338,1023,0,271,1023,0,257,334,305,490,323,305,574,724,706,305,536
361,1023,0,242,1023,0,218,331,305,500,325,305,574,731,715,305,536
387,1023,0,428,1023,0,212,329,305,501,323,305,574,702,679,305,536
525,1023,0,300,1023,0,229,329,305,513,326,305,574,699,691,305,536
516,1023,0,349,1023,0,248,331,305,528,329,305,574,724,695,305,536
491,1023,0,358,1023,0,343,378,305,511,334,305,574,735,716,305,536
370,1023,0,256,1023,0,207,322,305,506,320,305,574,709,688,305,536
383,1023,0,220,1023,0,664,734,305,606,385,305,574,756,746,305,536
368,1023,0,380,1023,0,206,327,305,517,327,305,574,719,708,305,536
287,1023,0,240,1023,0,198,320,305,461,322,305,574,713,699,305,536
400,1023,0,282,1023,0,274,338,305,504,329,305,574,763,747,305,536
442,1023,0,288,1023,0,147,319,305,408,315,305,574,709,698,305,536
533,1023,0,499,1023,0,274,338,305,522,327,305,574,773,759,305,536
371,1023,0,192,1023,0,505,523,305,529,329,305,574,719,704,305,536
413,1023,0,208,1023,0,280,342,305,456,320,305,574,718,707,305,536
349,1023,0,181,1023,0,200,326,305,504,322,305,574,701,693,305,536
366,1023,0,205,1023,0,258,336,305,494,322,305,574,711,701,305,536
404,1023,0,242,1023,0,237,332,305,479,324,305,574,728,695,305,536
448,1023,0,423,1023,0,289,345,305,518,332,305,574,740,711,305,536
375,1023,0,243,1023,0,244,335,305,490,326,305,574,752,733,305,536
397,1023,0,226,1023,0,293,339,305,514,329,305,574,713,699,305,536
515,1023,0,383,1023,0,488,492,305,550,331,305,574,756,722,305,536
760,1023,0,582,1023,0,293,326,305,556,331,305,574,778,706,305,536
594,1023,0,591,1023,0,328,357,305,561,349,305,574,738,712,305,536
467,1023,0,302,1023,0,249,326,305,516,326,305,574,735,718,305,544
523,1023,0,482,1023,0,300,333,305,547,330,305,574,766,731,305,544
380,1023,0,362,1023,0,223,331,305,485,321,305,574,711,702,305,544
358,1023,0,125,1023,0,177,323,305,388,312,305,574,690,677,305,544
440,1023,0,427,1023,0,242,331,305,503,329,305,574,761,749,305,544
319,1023,0,149,1023,0,172,316,305,486,319,305,574,634,628,305,544
438,1023,0,276,1023,0,132,314,305,479,318,305,574,731,719,305,544
319,1023,0,184,1023,0,159,321,305,400,317,305,574,696,688,305,544
400,1023,0,249,1023,0,330,374,305,503,325,305,574,741,726,305,544
382,1023,0,386,1023,0,312,357,305,542,340,305,574,738,717,305,544
341,1023,0,164,1023,0,180,323,305,433,316,305,574,686,672,305,544
409,1023,0,230,1023,0,250,334,305,482,321,305,574,734,706,305,544
413,1023,0,249,1023,0,199,321,305,469,320,305,574,763,737,305,544
396,1023,0,300,1023,0,377,387,305,487,324,305,574,764,730,305,544
364,1023,0,264,1023,0,170,324,305,481,328,305,575,691,679,305,544
329,1023,0,216,1023,0,211,328,305,502,329,305,575,716,705,305,544
499,1023,0,291,1023,0,226,325,305,501,321,305,575,762,745,305,544
417,1023,0,337,1023,0,255,329,305,509,328,305,575,743,725,305,544
446,1023,0,257,1023,0,286,335,305,529,328,305,575,758,747,305,544
422,1023,0,332,1023,0,180,323,305,467,320,305,575,723,704,305,544
287,1023,0,222,1023,0,258,342,305,491,324,305,575,710,702,305,544
331,1023,0,357,1023,0,266,333,305,509,333,305,575,738,715,305,544
361,1023,0,272,1023,0,164,315,305,466,315,305,575,742,724,305,544
228,1023,0,150,1023,0,0,313,305,493,331,305,575,636,628,305,544
487,1023,0,371,1023,0,244,334,305,500,326,305,575,656,618,305,544
404,1023,0,309,1023,0,382,393,305,519,327,305,575,747,733,305,544
354,1023,0,431,1023,0,194,317,305,492,319,305,575,777,736,305,544
395,1023,0,194,1023,0,213,321,305,495,325,305,575,718,711,305,544
468,1023,0,546,1023,0,323,363,305,542,345,305,575,776,754,305,544
315,1023,0,211,1023,0,155,318,305,437,317,305,575,675,648,305,544
362,1023,0,213,1023,0,153,320,305,424,317,305,575,718,700,305,544
367,1023,0,195,1023,0,216,325,305,414,312,305,575,721,705,305,544
361,1023,0,183,1023,0,190,319,305,0,309,305,575,681,669,305,544
521,1023,0,455,1023,0,271,334,305,526,327,305,575,760,729,305,544
433,1023,0,359,1023,0,245,327,305,524,334,305,575,744,711,305,544
328,1023,0,230,1023,0,232,325,305,482,323,305,575,707,680,305,544
614,1023,0,460,1023,0,333,369,305,546,349,305,575,758,738,305,544
377,1023,0,202,1023,0,675,749,305,620,400,305,575,552,515,305,544
516,1023,0,294,1023,0,209,321,305,452,316,305,575,736,716,305,544
415,1023,0,210,1023,0,222,323,305,441,319,305,575,725,708,305,544
470,1023,0,366,1023,0,238,325,305,492,328,305,575,773,731,305,544
462,1023,0,392,1023,0,234,330,305,506,325,305,575,739,726,305,544
473,1023,0,314,1023,0,271,335,305,526,330,305,575,748,729,305,544
644,1023,0,352,1023,0,475,429,305,527,322,305,575,755,686,305,544
397,1023,0,213,1023,0,158,317,305,468,318,305,575,731,722,305,544
429,1023,0,238,1023,0,207,322,305,419,322,305,575,752,713,305,544
388,1023,0,377,1023,0,385,399,305,488,327,305,575,717,688,305,544
470,1023,0,387,1023,0,271,339,305,544,336,305,575,719,677,305,544
304,1023,0,219,1023,0,209,326,305,495,320,305,575,694,678,305,544
486,1023,0,349,1023,0,211,326,305,508,323,305,575,740,725,305,544
454,1023,0,233,1023,0,250,333,305,481,323,305,575,726,710,305,544
519,1023,0,361,1023,0,318,344,305,518,324,305,575,766,720,305,544
403,1023,0,314,1023,0,309,348,305,497,322,305,575,722,665,305,544
319,1023,0,301,1023,0,273,343,305,504,327,305,575,756,731,305,544
625,1023,0,636,1023,0,324,359,305,550,348,305,575,784,745,305,544
377,1023,0,404,1023,0,223,325,305,475,315,305,575,750,724,305,544
308,1023,0,119,1023,0,177,320,305,481,318,305,575,702,685,305,544
561,1023,0,384,1023,0,263,335,305,519,339,305,575,750,721,305,544
398,1023,0,272,1023,0,311,353,305,513,327,305,575,762,736,305,544
269,1023,0,166,1023,0,181,322,305,483,323,305,575,717,696,305,544
355,1023,0,280,1023,0,178,323,305,455,321,305,575,715,699,305,544
561,1023,0,426,1023,0,302,340,305,534,333,305,575,744,719,305,544
658,1023,0,450,1023,0,253,332,305,528,336,305,575,772,754,305,544
540,1023,0,444,1023,0,332,360,305,526,332,305,575,754,729,305,544
424,1023,0,488,1023,0,309,355,305,523,341,305,575,762,742,305,544
615,1023,0,432,1023,0,313,347,305,558,332,305,575,760,733,305,544
365,1023,0,353,1023,0,214,325,305,483,325,305,575,722,703,305,544
425,1023,0,379,1023,0,307,355,305,515,334,305,575,750,729,305,544
440,1023,0,421,1023,0,321,355,305,530,333,305,575,749,717,305,544
410,1023,0,360,1023,0,294,334,305,523,330,305,575,772,740,305,544
468,1023,0,408,1023,0,262,337,305,513,330,305,575,723,695,305,544
395,1023,0,281,1023,0,250,328,305,478,322,305,575,742,702,305,544
573,1023,0,558,1023,0,345,355,305,554,337,305,575,736,708,305,544
467,1023,0,380,1023,0,252,333,305,533,337,305,575,740,720,305,544
399,1023,0,227,1023,0,259,333,305,480,322,305,575,709,691,305,544
377,1023,0,350,1023,0,244,329,305,494,328,305,575,735,715,305,544
347,1023,0,146,1023,0,96,314,305,407,314,305,575,643,618,305,544
279,1023,0,322,1023,0,415,438,305,504,327,305,575,722,681,305,544
509,1023,0,244,1023,0,261,331,305,454,321,305,575,731,704,305,544
358,1023,0,294,1023,0,223,325,305,511,325,305,575,717,694,305,544
468,1023,0,586,1023,0,278,339,305,571,348,305,575,722,661,305,544
584,1023,0,421,1023,0,486,492,305,523,329,305,576,767,736,305,544
269,1023,0,118,1023,0,356,395,305,460,315,305,576,674,656,305,544
439,1023,0,246,1023,0,304,353,305,517,330,305,576,739,724,305,544
434,1023,0,439,1023,0,275,340,305,516,325,305,576,744,722,305,544
365,1023,0,318,1023,0,214,321,305,504,325,305,576,727,716,305,544
388,1023,0,357,1023,0,292,340,305,455,317,305,576,721,687,305,544
531,1023,0,602,1023,0,293,342,305,522,332,305,576,751,733,305,544
417,1023,0,342,1023,0,294,338,305,531,329,305,576,773,750,305,544
452,1023,0,410,1023,0,272,340,305,522,335,305,576,724,698,305,544
316,1023,0,273,1023,0,216,329,305,486,320,305,576,751,742,305,544
439,1023,0,429,1023,0,242,330,305,526,326,305,576,719,700,305,544
461,1023,0,324,1023,0,397,395,305,513,329,305,576,765,739,305,544
377,1023,0,298,1023,0,237,335,305,525,330,305,576,733,718,305,544
324,1023,0,189,1023,0,156,315,305,487,324,305,576,717,702,305,544
357,1023,0,191,1023,0,360,384,305,479,323,305,576,720,684,305,544
403,1023,0,237,1023,0,236,330,305,493,324,305,576,731,713,305,544
303,1023,0,184,1023,0,302,348,305,496,321,305,576,673,644,305,544
361,1023,0,261,1023,0,231,330,305,497,328,305,576,739,730,305,544
382,1023,0,389,1023,0,240,333,305,495,324,305,576,728,699,305,544
344,1023,0,190,1023,0,300,366,305,542,347,305,576,733,717,305,544
312,1023,0,159,1023,0,0,313,305,368,312,305,576,709,703,305,544
400,1023,0,283,1023,0,275,336,305,473,317,305,576,769,732,305,544
420,1023,0,270,1023,0,276,338,305,502,329,305,576,727,710,305,544
475,1023,0,312,1023,0,436,432,305,521,327,305,576,738,724,305,544
408,1023,0,336,1023,0,164,315,305,473,318,305,576,702,655,305,544
524,1023,0,425,1023,0,286,348,305,553,339,305,576,784,762,305,544
494,1023,0,463,1023,0,262,334,305,532,333,305,576,759,718,305,552
303,1023,0,221,1023,0,196,324,305,482,326,305,576,703,679,305,552
490,1023,0,283,1023,0,350,367,305,532,332,305,576,731,701,305,552
306,1023,0,154,1023,0,174,319,305,493,331,305,576,674,649,305,552
490,1023,0,420,1023,0,304,347,305,473,321,305,576,745,732,305,552
378,1023,0,233,1023,0,218,325,305,495,322,305,576,730,704,305,552
318,1023,0,173,1023,0,231,320,305,489,321,305,576,662,636,305,552
362,1023,0,176,1023,0,548,597,305,531,337,305,576,711,695,305,552
294,1023,0,215,1023,0,471,520,305,510,334,305,576,724,707,305,552
524,1023,0,604,1023,0,329,344,305,531,328,305,576,753,722,305,552
490,1023,0,335,1023,0,281,338,305,525,330,305,576,762,750,305,552
392,1023,0,337,1023,0,257,329,305,465,322,305,576,783,770,305,552
416,1023,0,204,1023,0,259,339,305,530,341,305,576,719,699,305,552
378,1023,0,144,938,0,122,314,305,428,311,305,576,606,594,305,552
469,1023,0,360,1023,0,262,339,305,500,321,305,576,723,706,305,552
399,1023,0,362,1023,0,255,334,305,488,323,305,576,728,710,305,552
362,1023,0,216,1023,0,233,333,305,493,320,305,576,729,712,305,552
346,1023,0,203,1023,0,181,323,305,451,316,305,576,759,748,305,552
510,1023,0,473,1023,0,249,332,305,478,326,305,576,785,761,305,552
337,1023,0,283,1023,0,204,327,305,491,324,305,576,716,705,305,552
305,1023,0,350,1023,0,818,880,305,711,541,305,576,738,708,305,552
384,1023,0,278,1023,0,246,332,305,507,324,305,576,715,704,305,552
440,1023,0,240,1023,0,160,318,305,452,317,305,576,742,722,305,552
434,1023,0,254,1023,0,611,667,305,586,360,305,576,711,691,305,552
546,1023,0,511,1023,0,304,335,305,549,331,305,576,701,667,305,552
414,1023,0,340,1023,0,230,329,305,515,328,305,576,737,727,305,552
390,1023,0,290,1023,0,270,338,305,533,337,305,576,739,725,305,552
355,1023,0,253,1023,0,241,335,305,488,322,305,576,698,682,305,552
231,1023,0,212,1023,0,385,422,305,587,382,305,576,743,724,305,552
376,1023,0,238,1023,0,208,322,305,489,323,305,576,721,708,305,552
331,1023,0,178,1023,0,110,319,305,425,314,305,576,712,702,305,552
307,1023,0,196,1023,0,168,316,305,658,450,305,577,739,727,305,552
352,1023,0,205,1023,0,259,335,305,459,318,305,577,689,671,305,552
423,1023,0,327,1023,0,596,658,305,589,364,305,577,757,722,305,552
439,1023,0,255,1023,0,507,546,305,543,339,305,577,716,705,305,552
431,1023,0,335,1023,0,216,327,305,466,321,305,577,755,735,305,552
427,1023,0,301,1023,0,366,386,305,491,324,305,577,697,679,305,552
433,1023,0,437,1023,0,304,346,305,565,341,305,577,741,691,305,552
424,1023,0,297,1023,0,155,318,305,502,317,305,577,725,711,305,552
392,1023,0,453,1023,0,289,350,305,544,333,305,577,737,715,305,552
462,1023,0,324,1023,0,210,319,305,520,329,305,577,730,710,305,552
348,1023,0,206,1023,0,137,316,305,415,315,305,577,675,667,305,552
422,1023,0,476,1023,0,278,347,305,521,331,305,577,779,752,305,552
324,1023,0,187,1023,0,207,321,305,448,318,305,577,674,660,305,552
414,1023,0,273,1023,0,231,335,305,501,327,305,577,730,718,305,552
361,1023,0,228,1023,0,232,329,305,455,321,305,577,708,692,305,552
314,1023,0,184,1023,0,228,326,305,435,317,305,577,745,736,305,552
509,1023,0,444,1023,0,817,852,305,713,505,305,577,748,725,305,552
398,1023,0,241,1023,0,209,322,305,495,317,305,577,720,704,305,552
434,1023,0,263,1023,0,232,328,305,489,321,305,577,733,720,305,552
367,1023,0,256,1023,0,413,440,305,520,326,305,577,711,674,305,552
370,1023,0,207,1023,0,206,326,305,451,316,305,577,684,665,305,552
488,1023,0,326,1023,0,299,346,305,494,328,305,577,738,709,305,552
426,1023,0,290,1023,0,179,318,305,454,320,305,577,725,692,305,552
396,1023,0,210,1023,0,219,329,305,463,319,305,577,689,679,305,552
517,1023,0,550,1023,0,269,334,305,523,326,305,577,709,682,305,552
435,1023,0,497,1023,0,351,373,305,509,330,305,577,713,686,305,552
450,1023,0,254,1023,0,254,330,305,501,322,305,577,724,705,305,552
465,1023,0,353,1023,0,207,323,305,486,323,305,577,743,711,305,552
353,1023,0,211,1023,0,172,323,305,438,316,305,577,695,666,305,552
450,1023,0,342,1023,0,216,324,305,502,321,305,577,734,720,305,552
652,1023,0,515,1023,0,276,329,305,507,327,305,577,755,719,305,552
593,1023,0,508,1023,0,315,346,305,546,327,305,577,769,753,305,552
431,1023,0,293,1023,0,239,326,305,485,325,305,577,705,695,305,552
291,1023,0,232,1023,0,149,322,305,354,310,305,577,703,685,305,552
352,1023,0,211,1023,0,189,318,305,468,323,305,577,721,692,305,552
394,1023,0,234,1023,0,76,317,305,518,329,305,577,685,652,305,552
398,1023,0,253,1023,0,278,341,305,500,332,305,577,746,735,305,552
399,1023,0,274,1023,0,526,573,305,516,332,305,577,730,704,305,552
354,1023,0,204,1023,0,196,323,305,488,320,305,577,707,680,305,552
582,1023,0,532,1023,0,444,426,305,556,333,305,577,768,728,305,552
412,1023,0,326,1023,0,210,325,305,522,330,305,577,733,702,305,552
416,1023,0,658,1023,0,297,338,305,572,341,305,577,770,719,305,552
428,1023,0,251,1023,0,198,316,305,489,324,305,577,756,718,305,552
433,1023,0,269,1023,0,281,333,305,504,327,305,577,754,741,305,552
415,1023,0,223,1023,0,234,333,305,510,333,305,577,748,711,305,552
340,1023,0,229,1023,0,291,345,305,463,319,305,577,708,689,305,552
374,1023,0,571,1023,0,234,329,305,583,355,305,577,759,711,305,552
399,1023,0,333,1023,0,214,326,305,495,321,305,577,706,684,305,552
370,1023,0,452,1023,0,238,331,305,551,328,305,577,761,704,305,552
423,1023,0,229,1023,0,179,324,305,420,317,305,577,701,688,305,552
442,1023,0,384,1023,0,240,331,305,520,323,305,577,734,723,305,552
405,1023,0,336,1023,0,275,337,305,455,317,305,577,750,726,305,552
443,1023,0,318,1023,0,240,331,305,508,330,305,577,731,690,305,552
500,1023,0,296,1023,0,422,417,305,521,327,305,577,716,705,305,552
477,1023,0,319,1023,0,229,329,305,514,328,305,577,751,731,305,552
323,1023,0,216,1023,0,188,323,305,398,315,305,577,723,693,305,552
417,1023,0,366,1023,0,692,760,305,619,395,305,577,758,746,305,552
393,1023,0,236,1023,0,208,321,305,408,312,305,577,750,737,305,552
424,1023,0,183,1023,0,215,320,305,485,316,305,577,684,649,305,552
397,1023,0,210,1023,0,213,327,305,475,321,305,577,722,711,305,560
381,1023,0,210,1023,0,196,324,305,474,321,305,578,726,712,305,560
356,1023,0,252,1023,0,218,327,305,468,323,305,578,732,711,305,560
388,1023,0,247,1023,0,251,332,305,515,326,305,578,749,736,305,560
496,1023,0,321,1023,0,314,353,305,491,318,305,578,767,706,305,560
364,1023,0,248,1023,0,205,330,305,497,324,305,578,724,689,305,560
526,1023,0,349,1023,0,217,329,305,478,326,305,578,696,647,305,560
361,1023,0,311,1023,0,458,484,305,552,341,305,578,712,701,305,560
440,1023,0,290,1023,0,231,330,305,489,320,305,578,803,790,305,560
470,1023,0,371,1023,0,275,327,305,532,326,305,578,719,683,305,560
471,1023,0,489,1023,0,250,332,305,514,332,305,578,701,657,305,560
480,1023,0,386,1023,0,725,771,305,649,417,305,578,709,690,305,560
418,1023,0,272,1023,0,713,764,305,638,408,305,578,720,682,305,560
320,1023,0,187,1023,0,216,326,305,472,318,305,578,689,676,305,560
376,1023,0,170,1023,0,282,339,305,447,314,305,578,689,679,305,560
508,1023,0,361,1023,0,249,331,305,520,324,305,578,743,725,305,560
432,1023,0,239,1023,0,226,326,305,466,316,305,578,685,669,305,560
499,1023,0,365,1023,0,196,318,305,479,318,305,578,741,722,305,560
414,1023,0,234,1023,0,241,333,305,498,326,305,578,737,721,305,560
418,1023,0,266,1023,0,281,334,305,459,319,305,578,737,723,305,560
463,1023,0,404,1023,0,335,356,305,520,332,305,578,727,708,305,560
288,1023,0,108,1023,0,186,326,305,462,316,305,578,689,684,305,560
427,1023,0,396,1023,0,299,347,305,485,325,305,578,690,659,305,560
369,1023,0,388,1023,0,261,330,305,513,329,305,578,720,684,305,560
446,1023,0,265,1023,0,294,349,305,507,330,305,578,713,692,305,560
443,1023,0,312,1023,0,267,337,305,448,322,305,578,722,710,305,560
382,1023,0,209,1023,0,224,329,305,463,321,305,578,733,719,305,560
415,1023,0,455,1023,0,361,364,305,549,335,305,578,759,738,305,560
712,1023,0,784,1023,0,774,842,305,685,497,305,578,793,773,305,560
405,1023,0,409,1023,0,266,336,305,508,329,305,578,733,720,305,560
287,1023,0,312,1023,0,257,333,305,497,320,305,578,733,724,305,560
441,1023,0,179,1023,0,105,315,305,464,319,305,578,687,669,305,560
293,1023,0,389,1023,0,330,362,305,547,345,305,578,743,728,305,560
465,1023,0,305,1023,0,205,327,305,466,323,305,578,720,684,305,560
636,1023,0,710,1023,0,469,455,305,564,341,305,578,749,702,305,560
378,1023,0,288,1023,0,226,325,305,430,315,305,578,719,686,305,560
449,1023,0,274,1023,0,241,324,305,487,321,305,578,726,695,305,560
420,1023,0,349,1023,0,242,324,305,511,329,305,578,735,709,305,560
265,1023,0,167,1023,0,105,315,305,354,311,305,578,691,670,305,560
449,1023,0,320,1023,0,244,333,305,541,336,305,578,751,737,305,560
441,1023,0,354,1023,0,303,342,305,489,324,305,578,755,740,305,560
323,1023,0,425,1023,0,186,320,305,499,323,305,578,744,734,305,560
398,1023,0,262,1023,0,244,333,305,469,323,305,578,723,707,305,560
474,1023,0,285,1023,0,205,319,305,484,322,305,578,745,730,305,560
264,1023,0,179,1023,0,169,333,305,420,322,305,578,708,699,305,560
234,1023,0,142,1023,0,110,313,305,276,310,305,578,584,571,305,560
406,1023,0,312,1023,0,251,333,305,496,324,305,578,761,737,305,560
403,1023,0,418,1023,0,240,330,305,509,327,305,578,766,745,305,560
451,1023,0,526,1023,0,322,359,305,575,357,305,578,748,731,305,560
381,1023,0,329,1023,0,279,340,305,512,332,305,578,691,662,305,560
414,1023,0,283,1023,0,248,331,305,523,327,305,578,714,699,305,560
362,1023,0,438,1023,0,243,341,305,516,334,305,578,722,694,305,560
475,1023,0,334,1023,0,250,328,305,539,332,305,578,727,705,305,560
486,1023,0,452,1023,0,251,325,305,519,327,305,578,737,705,305,560
371,1023,0,222,1023,0,159,318,305,434,315,305,578,715,682,305,560
478,1023,0,349,1023,0,240,330,305,520,327,305,578,735,714,305,560
494,1023,0,404,1023,0,299,342,305,521,328,305,578,733,711,305,560
267,1023,0,222,1023,0,231,330,305,495,324,305,578,717,702,305,560
410,1023,0,489,1023,0,252,330,305,714,513,305,578,774,744,305,560
355,1023,0,185,1023,0,259,336,305,443,315,305,578,721,683,305,560
301,1023,0,549,1023,0,256,332,305,567,346,305,578,737,692,305,560
404,1023,0,265,1023,0,557,595,305,532,332,305,578,743,725,305,560
481,1023,0,427,1023,0,777,817,305,685,460,305,579,800,780,305,560
440,1023,0,297,1023,0,163,316,305,474,317,305,579,690,672,305,560
499,1023,0,308,1023,0,260,338,305,506,333,305,579,733,716,305,560
402,1023,0,257,1023,0,233,327,305,504,329,305,579,721,710,305,560
524,1023,0,407,1023,0,268,337,305,527,332,305,579,736,716,305,560
425,1023,0,325,1023,0,255,328,305,522,322,305,579,726,701,305,560
397,1023,0,457,1023,0,260,341,305,510,330,305,579,752,736,305,560
358,1023,0,295,1023,0,236,326,305,490,328,305,579,741,724,305,560
378,1023,0,393,1023,0,215,323,305,536,333,305,579,709,653,305,560
439,1023,0,286,1023,0,298,342,305,514,327,305,579,718,703,305,560
367,1023,0,353,1023,0,318,359,305,512,330,305,579,712,698,305,560
299,1023,0,221,1023,0,138,316,305,352,314,305,579,660,644,305,560
426,1023,0,390,1023,0,218,328,305,504,330,305,579,783,766,305,560
423,1023,0,191,1023,0,245,331,305,446,322,305,579,722,708,305,560
399,1023,0,438,1023,0,761,831,305,674,477,305,579,742,716,305,560
492,1023,0,234,1023,0,217,325,305,513,325,305,579,728,713,305,560
346,1023,0,269,1023,0,207,325,305,459,321,305,579,733,711,305,560
618,1023,0,597,1023,0,361,371,305,583,355,305,579,816,791,305,560
499,1023,0,322,1023,0,245,326,305,483,323,305,579,749,721,305,560
417,1023,0,405,1023,0,262,335,305,518,331,305,579,752,733,305,560
450,1023,0,343,1023,0,216,330,305,510,333,305,579,717,682,305,560
500,1023,0,368,1023,0,234,330,305,514,324,305,579,750,726,305,560
345,1023,0,443,1023,0,279,342,305,529,337,305,579,735,705,305,560
467,1023,0,279,1023,0,210,323,305,449,325,305,579,726,708,305,560
458,1023,0,304,1023,0,235,334,305,509,324,305,579,718,698,305,560
513,1023,0,451,1023,0,250,329,305,525,323,305,579,730,715,305,560
301,1023,0,354,1023,0,408,419,305,508,326,305,579,699,671,305,560
313,1023,0,329,1023,0,265,340,305,519,331,305,579,719,703,305,560
392,1023,0,198,1023,0,185,323,305,458,318,305,579,742,696,305,560
427,1023,0,420,1023,0,328,352,305,527,328,305,579,746,709,305,560
306,1023,0,254,1023,0,181,323,305,477,321,305,579,740,728,305,560
371,1023,0,285,1023,0,385,406,305,486,319,305,579,715,693,305,560
283,1023,0,420,1023,0,268,340,305,506,329,305,579,747,730,305,560
549,1023,0,340,1023,0,478,479,305,540,325,305,579,740,714,305,560
357,1023,0,257,1023,0,209,331,305,510,333,305,579,703,673,305,560
323,1023,0,262,1023,0,230,330,305,470,318,305,579,698,687,305,560
369,1023,0,231,1023,0,195,324,305,464,320,305,579,773,761,305,560
453,1023,0,437,1023,0,280,345,305,528,331,305,579,727,691,305,560
401,1023,0,372,1023,0,306,341,305,492,322,305,579,748,706,305,560
402,1023,0,266,1023,0,318,352,305,499,327,305,579,717,707,305,560
398,1023,0,209,1023,0,153,315,305,360,315,305,579,721,699,305,560
311,1023,0,189,1023,0,211,322,305,418,313,305,579,726,719,305,560
450,1023,0,334,1023,0,784,819,305,688,456,305,579,750,733,305,560
418,1023,0,238,1023,0,218,322,305,504,321,305,579,739,721,305,560
361,1023,0,301,1023,0,385,381,305,508,325,305,579,743,715,305,560
452,1023,0,372,1023,0,230,324,305,520,322,305,579,748,728,305,560
300,1023,0,187,1023,0,202,322,305,386,314,305,579,744,736,305,560
550,1023,0,471,1023,0,296,340,305,525,329,305,579,790,769,305,560
429,1023,0,353,1023,0,265,336,305,509,321,305,579,762,721,305,560
479,1023,0,231,1023,0,569,607,305,560,344,305,579,738,720,305,560
373,1023,0,337,1023,0,234,328,305,494,322,305,579,711,685,305,560
402,1023,0,229,1023,0,531,583,305,526,333,305,579,731,713,305,560
384,1023,0,231,1023,0,119,314,305,496,317,305,579,756,746,305,568
419,1023,0,250,1023,0,211,319,305,440,316,305,579,747,735,305,568
421,1023,0,281,1023,0,470,488,305,542,336,305,579,710,691,305,568
463,1023,0,408,1023,0,281,338,305,526,333,305,579,700,663,305,568
517,1023,0,390,1023,0,215,327,305,515,329,305,579,759,740,305,568
518,1023,0,481,1023,0,288,338,305,542,334,305,579,744,720,305,568
512,1023,0,516,1023,0,245,328,305,519,329,305,579,741,708,305,568
484,1023,0,357,1023,0,412,416,305,511,331,305,579,737,705,305,568
271,1023,0,187,1023,0,203,321,305,448,322,305,579,726,716,305,568
324,1023,0,245,1023,0,194,323,305,463,318,305,579,724,710,305,568
459,1023,0,354,1023,0,204,325,305,485,325,305,579,743,711,305,568
502,1023,0,379,1023,0,278,341,305,514,325,305,579,713,681,305,568
560,1023,0,458,1023,0,252,325,305,533,326,305,580,761,732,305,568
341,1023,0,172,1023,0,313,364,305,421,314,305,580,698,685,305,568
432,1023,0,472,1023,0,276,340,305,500,321,305,580,728,706,305,568
333,1023,0,188,1023,0,247,332,305,499,325,305,580,719,704,305,568
425,1023,0,290,1023,0,799,846,305,693,486,305,580,729,699,305,568
473,1023,0,275,1023,0,250,333,305,506,327,305,580,776,759,305,568
488,1023,0,403,1023,0,269,336,305,512,328,305,580,731,693,305,568
556,1023,0,527,1023,0,483,505,305,563,337,305,580,823,780,305,568
449,1023,0,210,1023,0,259,333,305,504,320,305,580,732,711,305,568
569,1023,0,571,1023,0,328,345,305,545,333,305,580,745,715,305,568
427,1023,0,276,1023,0,201,323,305,464,320,305,580,716,701,305,568
488,1023,0,603,1023,0,297,335,305,631,346,305,580,779,704,305,568
419,1023,0,227,1023,0,223,327,305,469,320,305,580,723,712,305,568
588,1023,0,382,1023,0,482,493,305,554,347,305,580,743,728,305,568
555,1023,0,656,1023,0,352,366,305,555,343,305,580,785,747,305,568
334,1023,0,289,1023,0,284,347,305,520,335,305,580,742,728,305,568
500,1023,0,301,1023,0,256,330,305,504,321,305,580,742,724,305,568
381,1023,0,297,1023,0,225,331,305,477,319,305,580,738,717,305,568
289,1023,0,164,1023,0,196,317,305,394,311,305,580,660,649,305,568
477,1023,0,396,1023,0,327,352,305,525,326,305,580,744,719,305,568
527,1023,0,581,1023,0,356,359,305,562,340,305,580,752,721,305,568
402,1023,0,281,1023,0,294,352,305,552,337,305,580,726,706,305,568
418,1023,0,290,1023,0,595,648,305,562,344,305,580,732,715,305,568
339,1023,0,334,1023,0,282,341,305,515,328,305,580,706,687,305,568
396,1023,0,279,1023,0,179,316,305,506,321,305,580,710,679,305,568
387,1023,0,372,1023,0,286,342,305,494,323,305,580,771,759,305,568
604,1023,0,450,1023,0,284,331,305,516,326,305,580,767,747,305,568
497,1023,0,411,1023,0,223,325,305,509,320,305,580,735,675,305,568
305,1023,0,158,1023,0,62,310,305,458,318,305,580,678,672,305,568
490,1023,0,357,1023,0,261,324,305,523,323,305,580,768,694,305,568
316,1023,0,186,1023,0,243,332,305,506,333,305,580,697,675,305,568
283,1023,0,136,1023,0,154,314,305,424,319,305,580,712,702,305,568
364,1023,0,194,1023,0,313,345,305,447,316,305,580,702,675,305,568
396,1023,0,475,1023,0,259,335,305,526,333,305,580,737,719,305,568
626,1023,0,601,1023,0,301,346,305,550,343,305,580,786,749,305,568
382,1023,0,238,1023,0,191,322,305,468,320,305,580,695,680,305,568
270,1023,0,136,1023,0,190,321,305,452,316,305,580,677,670,305,568
634,1023,0,707,1023,0,357,367,305,593,358,305,580,776,746,305,568
387,1023,0,289,1023,0,191,324,305,513,323,305,580,698,682,305,568
376,1023,0,131,1023,0,119,317,305,340,312,305,580,692,683,305,568
440,1023,0,350,1023,0,278,345,305,543,339,305,580,746,730,305,568
436,1023,0,472,1023,0,270,338,305,517,326,305,580,778,758,305,568
306,1023,0,152,1023,0,161,315,305,455,312,305,580,673,655,305,568
545,1023,0,371,1023,0,255,334,305,524,329,305,580,770,736,305,568
455,1023,0,257,1023,0,208,321,305,485,320,305,580,717,702,305,568
474,1023,0,373,1023,0,262,333,305,481,328,305,580,754,718,305,568
569,1023,0,553,1023,0,284,330,305,556,331,305,580,739,690,305,568
354,1023,0,243,1023,0,216,329,305,477,319,305,580,699,688,305,568
457,1023,0,271,1023,0,232,326,305,506,324,305,580,754,736,305,568
353,1023,0,202,1023,0,114,316,305,445,315,305,580,731,711,305,568
386,1023,0,326,1023,0,257,341,305,517,327,305,580,705,656,305,568
353,1023,0,207,1023,0,225,327,305,502,322,305,580,704,677,305,568
455,1023,0,309,1023,0,407,421,305,529,333,305,580,716,700,305,568
304,1023,0,141,1023,0,138,312,305,401,311,305,580,691,680,305,568
392,1023,0,294,1023,0,214,326,305,488,332,305,580,674,639,305,568
301,1023,0,166,1023,0,302,357,305,494,320,305,580,718,700,305,568
593,1023,0,644,1023,0,693,713,305,648,392,305,581,775,745,305,568
417,1023,0,215,1023,0,170,314,305,468,318,305,581,722,714,305,568
449,1023,0,431,1023,0,238,327,305,509,324,305,581,766,737,305,568
796,1023,0,708,1023,0,782,811,305,691,456,305,581,803,712,305,568
536,1023,0,437,1023,0,614,658,305,602,360,305,581,763,732,305,568
500,1023,0,506,1023,0,341,372,305,577,353,305,581,761,739,305,568
381,1023,0,319,1023,0,578,642,305,561,352,305,581,727,714,305,568
465,1023,0,396,1023,0,252,332,305,513,329,305,581,709,692,305,568
389,1023,0,255,1023,0,241,329,305,477,323,305,581,715,698,305,568
443,1023,0,381,1023,0,386,396,305,483,322,305,581,744,726,305,568
382,1023,0,222,1023,0,198,328,305,459,320,305,581,737,726,305,568
368,1023,0,194,1023,0,141,316,305,391,315,305,581,679,667,305,568
431,1023,0,442,1023,0,443,455,305,536,330,305,581,722,707,305,568
489,1023,0,470,1023,0,284,348,305,528,338,305,581,733,717,305,568
354,1023,0,179,1023,0,213,326,305,473,324,305,581,719,702,305,568
308,1023,0,174,1023,0,196,326,305,443,321,305,581,715,692,305,568
297,1023,0,114,1023,0,70,314,305,392,312,305,581,686,676,305,568
437,1023,0,422,1023,0,269,339,305,523,329,305,581,743,728,305,568
311,1023,0,173,1023,0,122,312,305,436,312,305,581,706,694,305,568
475,1023,0,230,1023,0,361,370,305,441,320,305,581,703,685,305,568
423,1023,0,290,1023,0,356,379,305,490,322,305,581,720,705,305,568
400,1023,0,363,1023,0,220,320,305,503,326,305,581,736,723,305,568
494,1023,0,397,1023,0,283,338,305,526,331,305,581,741,711,305,568
319,1023,0,253,1023,0,213,326,305,457,319,305,581,693,664,305,568
457,1023,0,346,1023,0,220,322,305,479,319,305,581,754,732,305,568
359,1023,0,307,1023,0,264,339,305,489,323,305,581,729,705,305,568
365,1023,0,243,1023,0,197,325,305,489,324,305,581,770,756,305,568
445,1023,0,275,1023,0,282,339,305,502,320,305,581,694,672,305,568
454,1023,0,341,1023,0,262,348,305,493,325,305,581,768,748,305,576
442,1023,0,408,1023,0,488,490,305,546,339,305,581,745,704,305,576
553,1023,0,429,1023,0,650,695,305,611,373,305,581,758,720,305,576
473,1023,0,213,1023,0,386,398,305,473,321,305,581,691,670,305,576
569,1023,0,436,1023,0,527,536,305,558,339,305,581,750,725,305,576
509,1023,0,328,1023,0,262,330,305,432,323,305,581,764,739,305,576
548,1023,0,368,1023,0,271,328,305,525,324,305,581,776,742,305,576
405,1023,0,266,1023,0,222,325,305,455,318,305,581,724,697,305,576
394,1023,0,252,1023,0,223,324,305,441,319,305,581,741,725,305,576
690,1023,0,708,1023,0,360,374,305,559,342,305,581,778,745,305,576
503,1023,0,481,1023,0,299,338,305,541,329,305,581,779,748,305,576
464,1023,0,492,1023,0,657,704,305,598,358,305,581,731,714,305,576
454,1023,0,328,1023,0,211,324,305,485,324,305,581,754,731,305,576
450,1023,0,272,1023,0,200,321,305,511,325,305,581,718,703,305,576
399,1023,0,236,1023,0,152,321,305,195,310,305,581,724,708,305,576
484,1023,0,250,1023,0,235,321,305,476,317,305,581,742,725,305,576
573,1023,0,620,1023,0,247,329,305,519,324,305,581,815,744,305,576
387,1023,0,323,1023,0,219,329,305,480,325,305,581,741,719,305,576
341,1023,0,281,1023,0,241,327,305,510,322,305,581,749,733,305,576
415,1023,0,311,1023,0,236,330,305,503,325,305,581,731,715,305,576
768,1023,0,583,1023,0,346,358,305,564,342,305,581,731,706,305,576
397,1023,0,516,1023,0,217,327,305,513,326,305,581,767,745,305,576
363,1023,0,320,1023,0,244,326,305,499,328,305,581,702,689,305,576
480,1023,0,437,1023,0,541,586,305,577,346,305,581,803,759,305,576
407,1023,0,386,1023,0,253,330,305,511,326,305,581,709,669,305,576
471,1023,0,452,1023,0,234,326,305,520,326,305,581,780,746,305,576
401,1023,0,258,1023,0,248,330,305,516,327,305,581,748,734,305,576
349,1023,0,306,1023,0,230,328,305,513,330,305,581,707,680,305,576
554,1023,0,523,1023,0,271,334,305,548,337,305,582,768,751,305,576
542,1023,0,507,1023,0,299,336,305,559,342,305,582,750,726,305,576
549,1023,0,489,1023,0,379,394,305,551,342,305,582,754,729,305,576
391,1023,0,316,1023,0,518,548,305,511,330,305,582,739,721,305,576
552,1023,0,267,1023,0,239,327,305,507,323,305,582,751,740,305,576
312,1023,0,251,1023,0,162,320,305,460,316,305,582,719,703,305,576
571,1023,0,476,1023,0,245,325,305,548,339,305,582,739,671,305,576
419,1023,0,254,1023,0,205,323,305,468,317,305,582,757,719,305,576
284,1023,0,236,1023,0,217,325,305,464,321,305,582,722,705,305,576
374,1023,0,221,1023,0,312,355,305,480,319,305,582,716,700,305,576
354,1023,0,370,1023,0,208,334,305,502,325,305,582,728,695,305,576
323,1023,0,279,1023,0,243,337,305,490,324,305,582,791,780,305,576
479,1023,0,281,1023,0,232,326,305,524,332,305,582,758,747,305,576
300,1023,0,143,1023,0,68,311,305,420,313,305,582,697,692,305,576
367,1023,0,180,1023,0,200,322,305,468,323,305,582,688,673,305,576
503,1023,0,614,1023,0,293,352,305,535,341,305,582,732,713,305,576
419,1023,0,256,1023,0,437,465,305,489,322,305,582,728,711,305,576
330,1023,0,208,1023,0,233,325,305,489,321,305,582,704,677,305,576
508,1023,0,490,1023,0,304,351,305,510,328,305,582,767,733,305,576
313,1023,0,186,1023,0,221,331,305,500,328,305,582,731,716,305,576
283,1023,0,194,1023,0,431,472,305,469,324,305,582,638,633,305,576
418,1023,0,340,1023,0,297,339,305,521,333,305,582,783,772,305,576
304,1023,0,177,1023,0,206,322,305,405,320,305,582,723,709,305,576
520,1023,0,493,1023,0,228,325,305,508,327,305,582,756,742,305,576
436,1023,0,426,1023,0,181,328,305,464,321,305,582,691,658,305,576
450,1023,0,401,1023,0,307,342,305,531,336,305,582,753,723,305,576
257,1023,0,164,1023,0,159,323,305,447,320,305,582,705,691,305,576
299,1023,0,199,1023,0,208,327,305,484,317,305,582,696,687,305,576
388,1023,0,249,1023,0,228,324,305,484,318,305,582,743,734,305,576
306,1023,0,268,1023,0,265,335,305,483,321,305,582,703,690,305,576
447,1023,0,459,1023,0,276,339,305,563,344,305,582,748,690,305,576
358,1023,0,113,1023,0,0,309,305,397,312,305,582,697,671,305,576
468,1023,0,290,1023,0,240,330,305,473,320,305,582,759,738,305,576
395,1023,0,311,1023,0,282,343,305,540,335,305,582,725,697,305,576
404,1023,0,237,1023,0,229,331,305,512,330,305,582,741,730,305,576
363,1023,0,185,1023,0,134,314,305,432,313,305,582,735,712,305,576
505,1023,0,366,1023,0,259,326,305,501,322,305,582,744,726,305,576
454,1023,0,418,1023,0,230,328,305,546,335,305,582,792,776,305,576
437,1023,0,232,1023,0,211,323,305,509,332,305,582,704,690,305,576
410,1023,0,286,1023,0,406,421,305,527,327,305,582,732,706,305,576
643,1023,0,846,1023,0,366,371,305,599,366,305,582,793,761,305,576
544,1023,0,602,1023,0,367,375,305,537,329,305,582,747,725,305,576
362,1023,0,319,1023,0,274,347,305,504,328,305,582,728,713,305,576
386,1023,0,195,1023,0,167,318,305,424,319,305,582,728,720,305,576
279,1023,0,149,1023,0,263,338,305,498,330,305,582,706,698,305,576
323,1023,0,265,1023,0,115,314,305,366,314,305,582,688,665,305,576
403,1023,0,270,1023,0,483,507,305,551,340,305,582,732,718,305,576
435,1023,0,435,1023,0,268,330,305,520,328,305,582,691,665,305,576
550,1023,0,523,1023,0,350,372,305,520,329,305,582,762,735,305,576
342,1023,0,187,1023,0,215,333,305,453,325,305,582,723,712,305,576
394,1023,0,262,1023,0,136,319,305,453,319,305,582,735,720,305,576
364,1023,0,250,1023,0,221,325,305,457,322,305,582,729,708,305,576
321,1023,0,200,1023,0,208,324,305,481,321,305,582,706,685,305,576
381,1023,0,357,1023,0,236,326,305,495,323,305,582,686,655,305,576
461,1023,0,287,1023,0,231,330,305,502,323,305,582,733,714,305,576
508,1023,0,320,1023,0,308,352,305,549,343,305,582,763,742,305,576
365,1023,0,365,1023,0,250,329,305,520,336,305,582,666,645,305,576
531,1023,0,472,1023,0,264,333,305,535,332,305,582,767,748,305,576
413,1023,0,243,1023,0,244,327,305,498,323,305,582,741,713,305,576
499,1023,0,453,1023,0,239,336,305,526,340,305,582,750,716,305,576
539,1023,0,349,1023,0,211,321,305,498,321,305,582,754,732,305,576
542,1023,0,313,1023,0,240,323,305,495,323,305,582,738,716,305,576
385,1023,0,305,1023,0,269,338,305,509,328,305,582,720,706,305,576
371,1023,0,273,1023,0,192,321,305,459,320,305,583,697,656,305,576
435,1023,0,472,1023,0,324,355,305,500,327,305,583,757,735,305,576
373,1023,0,233,1023,0,180,324,305,488,320,305,583,763,745,305,576
360,1023,0,277,1023,0,284,339,305,508,332,305,583,726,687,305,576
329,1023,0,302,1023,0,216,322,305,514,328,305,583,691,675,305,576
378,1023,0,261,1023,0,224,326,305,500,324,305,583,720,701,305,576
565,1023,0,381,1023,0,236,322,305,515,322,305,583,746,715,305,576
489,1023,0,471,1023,0,264,333,305,523,329,305,583,732,719,305,576
459,1023,0,365,1023,0,256,334,305,498,332,305,583,723,702,305,576
492,1023,0,422,1023,0,244,324,305,524,332,305,583,768,745,305,576
729,1023,0,579,1023,0,327,364,305,583,358,305,583,749,702,305,576
293,1023,0,254,1023,0,291,350,305,509,331,305,583,716,702,305,576
474,1023,0,374,1023,0,185,324,305,443,321,305,583,743,723,305,576
461,1023,0,450,1023,0,260,339,305,511,331,305,583,724,697,305,576
350,1023,0,184,1023,0,179,318,305,491,321,305,583,719,707,305,576
518,1023,0,493,1023,0,244,328,305,515,327,305,583,764,737,305,576
373,1023,0,255,1023,0,347,379,305,488,323,305,583,692,669,305,576
429,1023,0,380,1023,0,261,334,305,543,337,305,583,732,694,305,576
537,1023,0,653,1023,0,285,340,305,557,334,305,583,769,748,305,576
412,1023,0,288,1023,0,269,341,305,527,335,305,583,709,689,305,576
322,1023,0,304,1023,0,228,329,305,471,319,305,583,786,775,305,576
461,1023,0,248,1023,0,290,344,305,469,322,305,583,732,719,305,576
737,1023,0,663,1023,0,474,449,305,584,348,305,583,763,736,305,576
499,1023,0,411,1023,0,269,329,305,548,330,305,583,757,724,305,576
376,1023,0,243,1023,0,236,328,305,467,323,305,583,714,701,305,576
436,1023,0,286,1023,0,195,325,305,445,314,305,583,741,726,305,576
428,1023,0,391,1023,0,275,345,305,532,338,305,583,779,746,305,576
479,1023,0,353,1023,0,291,348,305,509,332,305,583,736,721,305,576
362,1023,0,250,1023,0,0,316,305,473,315,305,583,712,697,305,576
347,1023,0,238,1023,0,270,343,305,512,336,305,583,755,743,305,576
281,1023,0,90,1009,0,0,312,305,280,309,305,583,697,689,305,576
340,1023,0,294,1023,0,237,329,305,504,329,305,583,740,711,305,576
338,1023,0,253,1023,0,240,327,305,494,323,305,583,733,722,305,576
478,1023,0,551,1023,0,397,382,305,543,330,305,583,760,739,305,576
416,1023,0,270,1023,0,222,323,305,504,323,305,583,742,715,305,584
321,1023,0,140,1023,0,186,324,305,495,324,305,583,723,711,305,584
437,1023,0,296,1023,0,202,323,305,469,323,305,583,744,730,305,584
474,1023,0,340,1023,0,219,321,305,495,324,305,583,735,719,305,584
365,1023,0,229,1023,0,162,321,305,465,317,305,583,720,702,305,584
370,1023,0,355,1023,0,245,337,305,518,331,305,583,767,748,305,584
502,1023,0,347,1023,0,264,330,305,529,330,305,583,705,686,305,584
304,1023,0,169,1023,0,276,343,305,402,318,305,583,689,664,305,584
427,1023,0,339,1023,0,215,324,305,486,320,305,583,782,767,305,584
393,1023,0,184,1023,0,439,442,305,532,331,305,583,690,669,305,584
473,1023,0,418,1023,0,255,338,305,545,340,305,583,726,710,305,584
390,1023,0,298,1023,0,448,463,305,543,335,305,583,708,691,305,584
407,1023,0,180,1023,0,159,317,305,495,321,305,583,720,699,305,584
533,1023,0,425,1023,0,328,348,305,543,328,305,583,761,725,305,584
464,1023,0,274,1023,0,210,330,305,478,323,305,583,713,700,305,584
410,1023,0,241,1023,0,230,327,305,479,314,305,583,767,748,305,584
382,1023,0,338,1023,0,257,337,305,509,332,305,583,722,694,305,584
355,1023,0,247,1023,0,252,347,305,475,329,305,583,734,727,305,584
379,1023,0,203,1023,0,248,330,305,443,317,305,583,740,705,305,584
371,1023,0,329,1023,0,190,325,305,492,324,305,583,764,751,305,584
369,1023,0,355,1023,0,225,327,305,474,328,305,583,763,753,305,584
517,1023,0,432,1023,0,455,468,305,557,340,305,583,768,751,305,584
292,1023,0,163,1023,0,213,325,305,493,321,305,583,723,709,305,584
284,1023,0,200,1023,0,175,329,305,477,320,305,583,717,709,305,584
301,1023,0,133,1023,0,143,317,305,432,314,305,583,688,660,305,584
591,1023,0,527,1023,0,586,619,305,590,357,305,584,803,778,305,584
474,1023,0,459,1023,0,295,349,305,528,332,305,584,745,711,305,584
329,1023,0,203,1023,0,408,437,305,478,320,305,584,742,729,305,584
435,1023,0,278,1023,0,262,337,305,505,324,305,584,712,669,305,584
434,1023,0,342,1023,0,269,336,305,487,326,305,584,746,731,305,584
342,1023,0,207,1023,0,159,318,305,436,315,305,584,666,654,305,584
397,1023,0,650,1023,0,294,340,305,552,346,305,584,755,685,305,584
545,1023,0,288,1023,0,252,339,305,519,328,305,584,745,728,305,584
488,1023,0,296,1023,0,234,326,305,509,323,305,584,729,681,305,584
329,1023,0,280,1023,0,529,586,305,535,335,305,584,710,693,305,584
288,1023,0,289,1023,0,230,317,305,456,319,305,584,689,675,305,584
422,1023,0,303,1023,0,229,323,305,453,315,305,584,740,722,305,584
361,1023,0,253,1023,0,312,352,305,500,327,305,584,749,730,305,584
417,1023,0,237,1023,0,152,319,305,444,318,305,584,746,714,305,584
663,1023,0,751,1023,0,615,640,305,594,354,305,584,795,770,305,584
210,1023,0,290,1023,0,114,315,305,533,336,305,584,738,717,305,584
490,1023,0,486,1023,0,492,517,305,543,333,305,584,743,729,305,584
471,1023,0,224,1023,0,234,324,305,472,320,305,584,738,727,305,584
418,1023,0,352,1023,0,324,359,305,556,339,305,584,745,730,305,584
544,1023,0,374,1023,0,249,326,305,533,333,305,584,732,693,305,584
459,1023,0,208,1023,0,186,321,305,437,318,305,584,695,677,305,584
449,1023,0,320,1023,0,234,329,305,512,320,305,584,746,698,305,584
442,1023,0,262,1023,0,270,338,305,512,333,305,584,728,705,305,584
386,1023,0,324,1023,0,256,338,305,500,330,305,584,710,698,305,584
510,1023,0,339,1023,0,389,395,305,496,325,305,584,775,757,305,584
627,1023,0,557,1023,0,329,348,305,538,334,305,584,743,715,305,584
444,1023,0,285,1023,0,162,318,305,526,336,305,584,768,749,305,584
426,1023,0,247,1023,0,290,345,305,498,324,305,584,762,751,305,584
305,1023,0,129,1023,0,215,326,305,460,320,305,584,698,689,305,584
451,1023,0,419,1023,0,234,329,305,535,328,305,584,792,767,305,584
481,1023,0,387,1023,0,252,333,305,528,331,305,584,729,691,305,584
410,1023,0,327,1023,0,242,330,305,505,324,305,584,749,734,305,584
282,1023,0,147,1023,0,218,336,305,484,324,305,584,699,692,305,584
451,1023,0,332,1023,0,363,371,305,517,323,305,584,699,660,305,584
484,1023,0,429,1023,0,273,338,305,513,330,305,584,762,739,305,584
435,1023,0,412,1023,0,654,689,305,608,365,305,584,732,719,305,584
407,1023,0,279,1023,0,249,338,305,489,325,305,584,736,719,305,584
418,1023,0,338,1023,0,302,358,305,556,347,305,584,703,678,305,584
366,1023,0,242,1023,0,206,327,305,479,317,305,584,710,695,305,584
532,1023,0,588,1023,0,347,372,305,596,363,305,584,635,580,305,584
373,1023,0,270,1023,0,191,323,305,475,320,305,584,685,663,305,584
417,1023,0,319,1023,0,261,328,305,519,325,305,584,663,623,305,584
683,1023,0,812,1023,0,330,349,305,572,335,305,584,830,759,305,584
301,1023,0,167,1023,0,739,822,305,652,455,305,584,697,670,305,584
362,1023,0,369,1023,0,337,371,305,464,318,305,584,707,686,305,584
479,1023,0,361,1023,0,259,331,305,511,330,305,584,759,737,305,584
474,1023,0,429,1023,0,195,319,305,598,340,305,584,797,768,305,584
372,1023,0,317,1023,0,206,324,305,513,329,305,584,706,682,305,584
347,1023,0,332,1023,0,219,324,305,482,320,305,584,717,697,305,584
291,1023,0,185,1023,0,131,317,305,442,320,305,584,692,677,305,584
715,1023,0,674,1023,0,271,339,305,545,333,305,584,774,711,305,584
463,1023,0,251,1023,0,202,324,305,478,320,305,584,742,700,305,584
423,1023,0,475,1023,0,236,325,305,498,326,305,584,743,698,305,584
497,1023,0,396,1023,0,276,331,305,495,321,305,584,752,732,305,584
284,1023,0,156,1023,0,240,336,305,508,334,305,584,673,647,305,584
502,1023,0,381,1023,0,256,325,305,488,323,305,584,724,713,305,584
511,1023,0,357,1023,0,267,334,305,527,331,305,584,738,713,305,584
237,1023,0,241,1023,0,254,339,305,533,339,305,584,702,684,305,584
506,1023,0,392,1023,0,729,776,305,652,420,305,584,752,727,305,584
460,1023,0,446,1023,0,280,340,305,540,335,305,584,760,725,305,584
357,1023,0,357,1023,0,242,329,305,493,328,305,584,723,705,305,584
398,1023,0,214,1023,0,531,585,305,540,336,305,584,699,686,305,584
354,1023,0,258,1023,0,185,323,305,394,318,305,584,781,767,305,584
347,1023,0,268,1023,0,487,525,305,497,324,305,584,780,764,305,584
481,1023,0,372,1023,0,281,337,305,519,328,305,585,737,708,305,584
424,1023,0,441,1023,0,255,333,305,517,329,305,585,765,736,305,584
536,1023,0,383,1023,0,371,370,305,525,329,305,585,835,811,305,584
314,1023,0,277,1023,0,205,326,305,488,324,305,585,763,750,305,584
393,1023,0,185,1023,0,240,332,305,460,320,305,585,710,687,305,584
372,1023,0,188,1023,0,182,321,305,464,318,305,585,707,699,305,584
427,1023,0,259,1023,0,223,321,305,507,326,305,585,720,680,305,584
307,1023,0,206,1023,0,247,342,305,509,331,305,585,717,691,305,584
306,1023,0,198,1023,0,175,323,305,470,318,305,585,697,668,305,584
434,1023,0,231,1023,0,193,324,305,482,317,305,585,731,685,305,584
372,1023,0,243,1023,0,187,321,305,484,325,305,585,743,718,305,584
429,1023,0,207,1023,0,129,316,305,429,317,305,585,700,681,305,584
466,1023,0,453,1023,0,242,341,305,529,337,305,585,758,732,305,584
438,1023,0,279,1023,0,212,329,305,495,326,305,585,747,733,305,592
561,1023,0,429,1023,0,254,326,305,485,319,305,585,747,717,305,592
418,1023,0,321,1023,0,217,327,305,474,317,305,585,761,733,305,592
463,1023,0,347,1023,0,320,361,305,573,357,305,585,763,751,305,592
420,1023,0,307,1023,0,466,453,305,528,328,305,585,779,742,305,592
333,1023,0,184,1023,0,208,327,305,476,320,305,585,698,676,305,592
359,1023,0,286,1023,0,203,321,305,517,327,305,585,680,646,305,592
466,1023,0,412,1023,0,314,347,305,494,318,305,585,743,729,305,592
480,1023,0,347,1023,0,651,705,305,605,368,305,585,720,694,305,592
338,1023,0,205,1023,0,231,326,305,494,329,305,585,691,673,305,592
419,1023,0,307,1023,0,419,419,305,525,330,305,585,698,667,305,592
368,1023,0,242,1023,0,279,341,305,437,316,305,585,737,725,305,592
346,1023,0,286,1023,0,230,326,305,479,323,305,585,706,695,305,592
400,1023,0,198,1023,0,247,335,305,462,320,305,585,738,727,305,592
396,1023,0,272,1023,0,292,344,305,507,326,305,585,708,680,305,592
332,1023,0,146,1023,0,153,322,305,445,316,305,585,706,696,305,592
407,1023,0,263,1023,0,228,321,305,491,323,305,585,740,724,305,592
303,1023,0,192,1023,0,35,315,305,429,311,305,585,720,696,305,592
473,1023,0,322,1023,0,641,693,305,595,366,305,585,762,732,305,592
544,1023,0,508,1023,0,260,325,305,497,324,305,585,779,757,305,592
462,1023,0,314,1023,0,272,329,305,499,326,305,585,759,744,305,592
463,1023,0,292,1023,0,237,332,305,476,327,305,585,744,732,305,592
521,1023,0,353,1023,0,252,323,305,525,325,305,585,752,728,305,592
429,1023,0,310,1023,0,249,334,305,469,321,305,585,728,704,305,592
376,1023,0,247,1023,0,378,389,305,501,320,305,585,734,723,305,592
396,1023,0,173,1023,0,176,321,305,469,320,305,585,720,700,305,592
344,1023,0,167,1023,0,89,317,305,451,316,305,585,667,651,305,592
280,1023,0,171,1023,0,139,317,305,454,316,305,585,687,676,305,592
528,1023,0,389,1023,0,261,340,305,503,334,305,585,722,690,305,592
627,1023,0,552,1023,0,308,354,305,561,347,305,585,742,717,305,592
369,1023,0,170,1023,0,215,325,305,481,322,305,585,704,676,305,592
325,1023,0,292,1023,0,216,327,305,437,316,305,585,708,680,305,592
567,1023,0,298,1023,0,382,389,305,581,353,305,585,772,749,305,592
324,1023,0,270,1023,0,234,324,305,498,322,305,585,679,669,305,592
339,1023,0,174,1023,0,142,317,305,394,316,305,585,703,686,305,592
553,1023,0,455,1023,0,318,354,305,534,338,305,585,756,728,305,592
306,1023,0,187,1023,0,299,349,305,473,321,305,585,653,617,305,592
410,1023,0,348,1023,0,209,319,305,507,323,305,585,683,666,305,592
363,1023,0,260,1023,0,252,332,305,482,321,305,585,693,684,305,592
357,1023,0,213,1023,0,169,323,305,465,320,305,585,708,695,305,592
493,1023,0,449,1023,0,161,317,305,479,316,305,585,753,703,305,592
342,1023,0,192,1023,0,211,328,305,416,324,305,585,688,683,305,592
470,1023,0,378,1023,0,221,336,305,511,330,305,585,771,762,305,592
444,1023,0,291,1023,0,191,329,305,517,325,305,585,720,679,305,592
364,1023,0,234,1023,0,191,322,305,499,321,305,585,699,690,305,592
503,1023,0,371,1023,0,304,348,305,514,328,305,585,750,727,305,592
313,1023,0,182,1023,0,151,319,305,443,319,305,585,673,663,305,592
413,1023,0,281,1023,0,154,323,305,458,315,305,585,720,709,305,592
493,1023,0,298,1023,0,232,327,305,450,319,305,585,791,755,305,592
519,1023,0,320,1023,0,269,340,305,525,324,305,585,700,664,305,592
369,1023,0,150,1023,0,202,318,305,408,313,305,585,668,643,305,592
420,1023,0,300,1023,0,248,329,305,500,330,305,585,703,683,305,592
289,1023,0,276,1023,0,239,328,305,481,315,305,585,734,721,305,592
381,1023,0,258,1023,0,178,326,305,408,320,305,585,744,729,305,592
375,1023,0,210,1023,0,185,316,305,401,313,305,585,712,700,305,592
412,1023,0,209,1023,0,181,324,305,460,317,305,585,729,716,305,592
280,1023,0,119,1023,0,182,326,305,435,314,305,585,637,619,305,592
443,1023,0,370,1023,0,284,335,305,489,321,305,586,765,744,305,592
321,1023,0,194,1023,0,193,324,305,503,327,305,586,678,669,305,592
366,1023,0,200,1023,0,110,316,305,441,313,305,586,713,702,305,592
494,1023,0,437,1023,0,300,346,305,543,337,305,586,734,702,305,592
362,1023,0,225,1023,0,424,445,305,520,329,305,586,737,726,305,592
357,1023,0,350,1023,0,212,325,305,491,324,305,586,737,722,305,592
462,1023,0,244,1023,0,430,442,305,536,335,305,586,725,699,305,592
607,1023,0,444,1023,0,315,340,305,517,326,305,586,741,701,305,592
394,1023,0,324,1023,0,247,334,305,480,327,305,586,739,726,305,592
395,1023,0,311,1023,0,208,324,305,496,322,305,586,721,701,305,592
431,1023,0,269,1023,0,325,355,305,495,324,305,586,722,688,305,592
369,1023,0,343,1023,0,236,329,305,494,321,305,586,702,687,305,592
400,1023,0,211,1023,0,124,315,305,450,317,305,586,724,713,305,592
361,1023,0,197,1023,0,501,539,305,518,332,305,586,706,677,305,592
590,1023,0,473,1023,0,440,450,305,551,340,305,586,761,744,305,592
433,1023,0,453,1023,0,246,329,305,498,327,305,586,762,742,305,592
344,1023,0,194,1023,0,418,446,305,487,326,305,586,721,709,305,592
323,1023,0,219,1023,0,186,323,305,483,319,305,586,761,746,305,592
438,1023,0,239,1023,0,255,335,305,499,323,305,586,745,734,305,592
496,1023,0,487,1023,0,271,331,305,533,326,305,586,733,696,305,592
327,1023,0,247,1023,0,255,335,305,507,332,305,586,734,703,305,592
556,1023,0,470,1023,0,231,329,305,532,328,305,586,749,731,305,592
449,1023,0,362,1023,0,226,324,305,507,322,305,586,725,712,305,592
344,1023,0,247,1023,0,170,322,305,454,322,305,586,690,679,305,592
329,1023,0,197,1023,0,584,655,305,570,352,305,586,733,721,305,592
524,1023,0,379,1023,0,495,527,305,553,346,305,586,788,767,305,592
366,1023,0,304,1023,0,233,326,305,478,319,305,586,708,689,305,592
406,1023,0,272,1023,0,253,329,305,509,326,305,586,726,708,305,592
352,1023,0,287,1023,0,276,348,305,532,343,305,586,724,706,305,592
422,1023,0,374,1023,0,241,324,305,469,328,305,586,715,691,305,592
377,1023,0,479,1023,0,270,336,305,556,355,305,586,716,705,305,592
384,1023,0,253,1023,0,650,701,305,599,365,305,586,725,707,305,592
481,1023,0,263,1023,0,307,349,305,493,323,305,586,723,708,305,592
205,1023,0,148,1023,0,647,738,305,595,383,305,586,660,648,305,592
347,1023,0,244,1023,0,209,327,305,505,328,305,586,724,710,305,592
395,1023,0,278,1023,0,230,329,305,503,330,305,586,744,716,305,592
348,1023,0,170,1023,0,364,399,305,489,326,305,586,701,682,305,592
331,1023,0,247,1023,0,374,394,305,535,337,305,586,755,735,305,592
287,1023,0,495,1023,0,264,325,305,563,337,305,586,771,720,305,592
372,1023,0,229,1023,0,346,389,305,569,359,305,586,752,736,305,592
467,1023,0,344,1023,0,272,333,305,520,333,305,586,720,689,305,592
471,1023,0,432,1023,0,247,339,305,521,335,305,586,757,721,305,592
670,1023,0,503,1023,0,322,350,305,532,327,305,586,739,714,305,592
388,1023,0,309,1023,0,250,336,305,500,321,305,586,703,674,305,592
301,1023,0,340,1023,0,303,348,305,509,325,305,586,735,725,305,592
334,1023,0,229,1023,0,203,322,305,449,324,305,586,722,704,305,592
462,1023,0,460,1023,0,250,325,305,492,318,305,586,728,713,305,592
373,1023,0,161,1023,0,67,315,305,0,311,305,586,677,672,305,592
479,1023,0,395,1023,0,276,338,305,592,364,305,586,754,715,305,592
220,1023,0,211,1023,0,159,323,305,458,321,305,586,698,685,305,592
484,1023,0,474,1023,0,288,337,305,529,331,305,586,747,713,305,592
356,1023,0,182,1023,0,127,319,305,437,315,305,586,689,667,305,592
384,1023,0,348,1023,0,300,350,305,501,326,305,586,717,693,305,592
406,1023,0,328,1023,0,253,329,305,522,324,305,586,724,697,305,600
499,1023,0,387,1023,0,622,677,305,588,367,305,586,785,759,305,600
396,1023,0,237,1023,0,255,331,305,468,320,305,586,710,682,305,600
428,1023,0,411,1023,0,291,349,305,514,325,305,586,740,721,305,600
349,1023,0,198,1023,0,165,319,305,461,314,305,586,689,658,305,600
330,1023,0,245,1023,0,198,328,305,513,329,305,586,698,677,305,600
283,1023,0,111,1023,0,0,314,305,368,310,305,586,713,704,305,600
443,1023,0,266,1023,0,202,322,305,471,319,305,587,715,693,305,600
578,1023,0,365,1023,0,296,338,305,500,328,305,587,720,697,305,600
428,1023,0,292,1023,0,247,338,305,491,320,305,587,736,708,305,600
371,1023,0,251,1023,0,171,322,305,477,321,305,587,748,719,305,600
780,1023,0,577,1023,0,293,332,305,551,325,305,587,800,751,305,600
413,1023,0,225,1023,0,189,316,305,387,312,305,587,732,707,305,600
362,1023,0,312,1023,0,206,322,305,447,314,305,587,744,729,305,600
444,1023,0,365,1023,0,323,363,305,525,334,305,587,738,724,305,600
429,1023,0,290,1023,0,216,328,305,491,323,305,587,745,734,305,600
422,1023,0,218,1023,0,314,358,305,466,324,305,587,708,690,305,600
553,1023,0,400,1023,0,297,345,305,533,333,305,587,749,730,305,600
357,1023,0,233,1023,0,263,332,305,537,335,305,587,736,708,305,600
492,1023,0,309,1023,0,247,335,305,536,329,305,587,751,724,305,600
467,1023,0,378,1023,0,264,332,305,539,331,305,587,749,719,305,600
382,1023,0,271,1023,0,169,317,305,491,319,305,587,701,686,305,600
394,1023,0,310,1023,0,248,326,305,473,321,305,587,706,673,305,600
411,1023,0,312,1023,0,259,336,305,518,324,305,587,752,732,305,600
515,1023,0,344,1023,0,243,328,305,534,326,305,587,747,728,305,600
539,1023,0,691,1023,0,381,390,305,561,348,305,587,756,723,305,600
457,1023,0,462,1023,0,524,552,305,529,329,305,587,739,705,305,600
509,1023,0,273,1023,0,409,400,305,518,324,305,587,720,702,305,600
383,1023,0,175,1023,0,127,314,305,426,311,305,587,706,689,305,600
394,1023,0,276,1023,0,211,322,305,434,317,305,587,744,733,305,600
643,1023,0,775,1023,0,322,344,305,535,334,305,587,826,807,305,600
348,1023,0,247,1023,0,252,336,305,515,330,305,587,762,745,305,600
389,1023,0,232,1023,0,192,317,305,457,318,305,587,718,683,305,600
340,1023,0,314,1023,0,375,374,305,633,399,305,587,703,685,305,600
476,1023,0,429,1023,0,265,331,305,484,323,305,587,784,764,305,600
324,1023,0,207,1023,0,188,324,305,504,325,305,587,694,679,305,600
493,1023,0,241,1023,0,273,337,305,517,331,305,587,741,697,305,600
384,1023,0,253,1023,0,275,330,305,505,327,305,587,757,741,305,600
355,1023,0,161,1023,0,136,319,305,469,313,305,587,718,702,305,600
395,1023,0,119,1023,0,289,343,305,437,312,305,587,722,711,305,600
549,1023,0,462,1023,0,272,331,305,561,340,305,587,750,716,305,600
350,1023,0,193,1023,0,268,342,305,494,322,305,587,727,708,305,600
316,1023,0,214,1023,0,213,324,305,436,314,305,587,692,671,305,600
351,1023,0,181,1023,0,199,325,305,483,318,305,587,708,700,305,600
305,1023,0,141,1023,0,203,320,305,463,314,305,587,699,694,305,600
360,1023,0,267,1023,0,164,326,305,532,334,305,587,731,708,305,600
333,1023,0,156,1023,0,224,326,305,464,320,305,587,711,687,305,600
416,1023,0,407,1023,0,249,329,305,522,330,305,587,739,717,305,600
364,1023,0,204,1023,0,211,326,305,460,319,305,587,712,696,305,600
472,1023,0,376,1023,0,247,333,305,520,327,305,587,742,720,305,600
474,1023,0,418,1023,0,314,348,305,545,340,305,587,814,796,305,600
495,1023,0,300,1023,0,310,337,305,501,320,305,587,728,704,305,600
395,1023,0,306,1023,0,251,339,305,501,328,305,587,738,726,305,600
520,1023,0,499,1023,0,262,330,305,526,332,305,587,736,718,305,600
514,1023,0,331,1023,0,273,341,305,499,325,305,587,777,755,305,600
389,1023,0,173,1023,0,213,329,305,491,323,305,587,738,723,305,600
407,1023,0,311,1023,0,266,342,305,494,324,305,587,756,733,305,600
523,1023,0,433,1023,0,312,343,305,509,324,305,587,747,704,305,600
418,1023,0,249,1023,0,229,325,305,518,327,305,587,713,701,305,600
393,1023,0,321,1023,0,228,324,305,496,320,305,587,737,710,305,600
372,1023,0,210,1023,0,240,334,305,497,325,305,587,701,666,305,600
365,1023,0,225,1023,0,158,316,305,425,315,305,587,719,705,305,600
294,1023,0,199,1023,0,44,314,305,399,317,305,587,704,695,305,600
383,1023,0,236,1023,0,210,329,305,502,328,305,587,724,685,305,600
361,1023,0,333,1023,0,344,382,305,526,336,305,587,725,699,305,600
292,1023,0,230,1023,0,124,323,305,456,320,305,587,747,726,305,600
648,1023,0,544,1023,0,314,343,305,513,329,305,587,840,796,305,600
426,1023,0,273,1023,0,265,334,305,519,327,305,587,754,734,305,600
336,1023,0,173,1023,0,248,331,305,479,325,305,587,722,713,305,600
453,1023,0,343,1023,0,244,335,305,503,326,305,587,756,718,305,600
444,1023,0,275,1023,0,275,336,305,500,323,305,587,711,686,305,600
397,1023,0,222,1023,0,239,333,305,487,323,305,587,753,739,305,600
570,1023,0,500,1023,0,241,328,305,523,330,305,587,750,703,305,600
408,1023,0,247,1023,0,252,336,305,509,323,305,587,736,720,305,600
410,1023,0,302,1023,0,203,321,305,489,316,305,588,749,730,305,600
431,1023,0,318,1023,0,246,331,305,486,323,305,588,720,703,305,600
447,1023,0,312,1023,0,237,334,305,497,319,305,588,748,730,305,600
407,1023,0,350,1023,0,244,341,305,538,338,305,588,743,722,305,600
479,1023,0,387,1023,0,242,327,305,515,324,305,588,764,736,305,600
543,1023,0,383,1023,0,441,438,305,551,345,305,588,736,714,305,600
622,1023,0,498,1023,0,515,511,305,505,323,305,588,752,704,305,600
261,1023,0,152,1023,0,184,323,305,452,315,305,588,718,712,305,600
417,1023,0,271,1023,0,206,321,305,479,324,305,588,754,728,305,600
262,1023,0,118,1023,0,147,315,305,450,312,305,588,653,643,305,600
524,1023,0,325,1023,0,558,580,305,558,338,305,588,740,695,305,600
303,1023,0,201,1023,0,558,614,305,558,342,305,588,750,737,305,600
382,1023,0,226,1023,0,191,321,305,463,316,305,588,713,692,305,600
449,1023,0,328,1023,0,235,324,305,470,318,305,588,739,730,305,600
384,1023,0,318,1023,0,217,331,305,505,325,305,588,723,687,305,600
463,1023,0,306,1023,0,328,364,305,501,327,305,588,723,706,305,600
342,1023,0,172,1023,0,276,345,305,490,326,305,588,700,690,305,600
285,1023,0,239,1023,0,263,337,305,502,331,305,588,753,744,305,600
582,1023,0,659,1023,0,309,344,305,564,344,305,588,744,703,305,600
357,1023,0,266,1023,0,157,323,305,473,326,305,588,706,678,305,600
497,1023,0,478,1023,0,277,331,305,615,386,305,588,554,480,305,600
440,1023,0,369,1023,0,268,335,305,537,339,305,588,725,704,305,600
351,1023,0,190,1023,0,214,329,305,501,330,305,588,719,709,305,600
325,1023,0,311,1023,0,277,346,305,470,326,305,588,691,665,305,600
424,1023,0,340,1023,0,301,347,305,505,322,305,588,729,718,305,600
397,1023,0,249,1023,0,300,348,305,469,323,305,588,741,724,305,600
434,1023,0,325,1023,0,263,334,305,495,326,305,588,771,759,305,600
443,1023,0,352,1023,0,341,371,305,540,332,305,588,725,699,305,600
395,1023,0,212,1023,0,192,317,305,430,315,305,588,691,682,305,600
457,1023,0,486,1023,0,322,361,305,542,343,305,588,748,724,305,608
389,1023,0,170,1023,0,202,324,305,444,320,305,588,691,671,305,608
388,1023,0,166,1023,0,147,316,305,431,316,305,588,721,711,305,608
620,1023,0,488,1023,0,312,348,305,545,329,305,588,737,716,305,608
458,1023,0,365,1023,0,212,330,305,480,324,305,588,723,677,305,608
407,1023,0,198,1023,0,394,416,305,487,325,305,588,738,722,305,608
445,1023,0,290,1023,0,256,328,305,542,329,305,588,751,740,305,608
492,1023,0,372,1023,0,248,332,305,494,323,305,588,728,705,305,608
327,1023,0,242,1023,0,269,340,305,409,316,305,588,740,729,305,608
337,1023,0,209,1023,0,166,322,305,440,322,305,588,705,694,305,608
448,1023,0,378,1023,0,391,413,305,488,322,305,588,733,709,305,608
380,1023,0,327,1023,0,497,523,305,531,334,305,588,740,726,305,608
237,1023,0,209,1023,0,262,335,305,497,331,305,588,735,728,305,608
443,1023,0,396,1023,0,297,343,305,515,325,305,588,753,714,305,608
420,1023,0,280,1023,0,142,319,305,512,327,305,588,675,638,305,608
471,1023,0,371,1023,0,337,356,305,510,321,305,588,754,734,305,608
430,1023,0,383,1023,0,252,333,305,527,334,305,588,730,710,305,608
356,1023,0,265,1023,0,570,623,305,547,343,305,588,731,694,305,608
419,1023,0,325,1023,0,639,703,305,600,369,305,588,736,699,305,608
382,1023,0,556,1023,0,275,341,305,508,329,305,588,764,749,305,608
356,1023,0,405,1023,0,261,339,305,526,339,305,588,691,675,305,608
508,1023,0,603,1023,0,294,336,305,542,332,305,588,774,716,305,608
316,1023,0,173,1023,0,146,316,305,448,317,305,588,702,687,305,608
342,1023,0,286,1023,0,194,323,305,495,322,305,588,723,708,305,608
516,1023,0,479,1023,0,257,338,305,561,352,305,588,753,731,305,608
385,1023,0,227,1023,0,184,323,305,448,319,305,588,753,744,305,608
328,1023,0,145,1023,0,154,317,305,552,340,305,588,641,619,305,608
368,1023,0,178,1023,0,214,327,305,487,314,305,588,722,690,305,608
401,1023,0,287,1023,0,186,320,305,472,319,305,588,781,771,305,608
283,1023,0,148,1023,0,54,315,305,424,318,305,588,678,667,305,608
421,1023,0,279,1023,0,229,328,305,487,327,305,588,773,749,305,608
291,1023,0,142,1023,0,153,321,305,450,319,305,588,694,683,305,608
265,1023,0,144,1023,0,150,317,305,464,316,305,588,742,735,305,608
543,1023,0,347,1023,0,187,325,305,451,318,305,588,705,647,305,608
358,1023,0,251,1023,0,207,322,305,453,321,305,588,715,702,305,608
500,1023,0,359,1023,0,674,731,305,614,381,305,589,752,736,305,608
472,1023,0,404,1023,0,237,334,305,521,336,305,589,730,714,305,608
484,1023,0,517,1023,0,230,322,305,530,327,305,589,763,704,305,608
466,1023,0,357,1023,0,290,340,305,498,323,305,589,776,766,305,608
406,1023,0,233,1023,0,126,317,305,431,314,305,589,687,649,305,608
577,1023,0,450,1023,0,268,335,305,519,330,305,589,761,729,305,608
509,1023,0,378,1023,0,290,346,305,535,335,305,589,746,711,305,608
299,1023,0,178,1023,0,194,327,305,441,312,305,589,692,675,305,608
447,1023,0,389,1023,0,315,345,305,498,322,305,589,750,728,305,608
350,1023,0,306,1023,0,183,320,305,490,322,305,589,766,742,305,608
403,1023,0,306,1023,0,241,332,305,520,335,305,589,708,671,305,608
345,1023,0,194,1023,0,268,338,305,484,318,305,589,687,653,305,608
369,1023,0,266,1023,0,237,331,305,520,328,305,589,707,680,305,608
436,1023,0,381,1023,0,236,327,305,497,323,305,589,749,729,305,608
471,1023,0,382,1023,0,231,330,305,501,325,305,589,727,695,305,608
405,1023,0,238,1023,0,235,329,305,501,326,305,589,745,726,305,608
351,1023,0,228,1023,0,153,315,305,484,318,305,589,682,669,305,608
422,1023,0,225,1023,0,200,322,305,505,320,305,589,756,741,305,608
407,1023,0,345,1023,0,387,396,305,474,318,305,589,723,701,305,608
403,1023,0,325,1023,0,415,434,305,518,329,305,589,735,710,305,608
553,1023,0,233,1023,0,341,356,305,505,324,305,589,723,698,305,608
329,1023,0,243,1023,0,389,407,305,502,331,305,589,725,706,305,608
383,1023,0,380,1023,0,247,334,305,500,327,305,589,722,708,305,608
389,1023,0,272,1023,0,275,337,305,461,317,305,589,754,738,305,608
327,1023,0,279,1023,0,248,332,305,499,326,305,589,669,631,305,608
383,1023,0,242,1023,0,616,683,305,587,364,305,589,710,694,305,608
461,1023,0,417,1023,0,238,327,305,514,327,305,589,745,732,305,608
550,1023,0,613,1023,0,322,361,305,551,344,305,589,802,771,305,608
538,1023,0,371,1023,0,476,469,305,534,334,305,589,724,705,305,608
430,1023,0,289,1023,0,244,330,305,493,325,305,589,710,699,305,608
457,1023,0,274,1023,0,271,329,305,475,318,305,589,723,698,305,608
419,1023,0,387,1023,0,247,326,305,493,326,305,589,737,709,305,608
414,1023,0,298,1023,0,234,325,305,444,316,305,589,777,753,305,608
462,1023,0,345,1023,0,249,328,305,469,318,305,589,752,707,305,608
333,1023,0,277,1023,0,258,332,305,481,318,305,589,681,653,305,608
529,1023,0,431,1023,0,353,359,305,508,326,305,589,784,745,305,608
412,1023,0,471,1023,0,368,388,305,523,336,305,589,718,688,305,608
431,1023,0,258,1023,0,253,331,305,507,324,305,589,749,726,305,608
563,1023,0,452,1023,0,322,346,305,520,328,305,589,742,720,305,608
268,1023,0,139,1023,0,206,326,305,462,318,305,589,686,674,305,608
416,1023,0,496,1023,0,311,347,305,543,340,305,589,706,685,305,608
460,1023,0,219,1023,0,260,328,305,478,320,305,589,712,684,305,608
442,1023,0,244,1023,0,225,318,305,417,312,305,589,745,734,305,608
361,1023,0,178,1023,0,215,325,305,476,323,305,589,691,674,305,608
767,1023,0,771,1023,0,302,335,305,557,329,305,589,791,715,305,608
423,1023,0,405,1023,0,270,338,305,552,342,305,589,737,711,305,608
369,1023,0,295,1023,0,220,330,305,433,321,305,589,702,687,305,608
524,1023,0,545,1023,0,472,469,305,552,336,305,589,760,737,305,608
476,1023,0,494,1023,0,328,362,305,527,333,305,589,762,737,305,608
377,1023,0,214,1023,0,333,365,305,472,319,305,589,706,695,305,608
420,1023,0,339,1023,0,605,636,305,561,340,305,589,767,754,305,608
421,1023,0,324,1023,0,698,763,305,629,401,305,589,746,723,305,608
252,1023,0,95,1023,0,108,317,305,360,310,305,589,616,613,305,608
374,1023,0,343,1023,0,233,332,305,521,333,305,589,698,681,305,608
694,1023,0,447,1023,0,278,330,305,528,326,305,589,769,730,305,608
419,1023,0,320,1023,0,270,339,305,535,334,305,589,739,717,305,616
348,1023,0,635,1023,0,251,333,305,565,338,305,589,740,712,305,616
302,1023,0,284,1023,0,241,332,305,499,323,305,589,728,717,305,616
504,1023,0,372,1023,0,305,349,305,535,337,305,589,758,742,305,616
471,1023,0,320,1023,0,234,330,305,501,324,305,589,742,714,305,616
386,1023,0,314,1023,0,271,328,305,472,324,305,589,731,697,305,616
386,1023,0,276,1023,0,197,318,305,402,315,305,589,721,709,305,616
416,1023,0,321,1023,0,238,333,305,513,326,305,589,715,687,305,616
443,1023,0,464,1023,0,252,326,305,499,323,305,589,763,744,305,616
441,1023,0,358,1023,0,292,343,305,464,321,305,590,772,759,305,616
452,1023,0,341,1023,0,519,527,305,553,332,305,590,734,721,305,616
601,1023,0,488,1023,0,259,332,305,521,331,305,590,748,701,305,616
434,1023,0,333,1023,0,738,795,305,654,432,305,590,743,726,305,616
466,1023,0,463,1023,0,305,345,305,537,335,305,590,736,703,305,616
439,1023,0,339,1023,0,402,426,305,489,319,305,590,752,736,305,616
549,1023,0,331,1023,0,270,340,305,539,338,305,590,748,713,305,616
377,1023,0,344,1023,0,626,694,305,593,365,305,590,767,754,305,616
374,1023,0,343,1023,0,270,341,305,515,331,305,590,725,705,305,616
308,1023,0,509,1023,0,221,319,305,563,345,305,590,787,719,305,616
536,1023,0,502,1023,0,275,341,305,509,329,305,590,759,744,305,616
397,1023,0,386,1023,0,274,340,305,545,338,305,590,734,704,305,616
313,1023,0,325,1023,0,214,321,305,477,324,305,590,715,701,305,616
479,1023,0,186,1023,0,238,333,305,487,330,305,590,751,740,305,616
355,1023,0,143,1023,0,167,319,305,425,318,305,590,719,707,305,616
461,1023,0,278,1023,0,399,407,305,496,328,305,590,736,725,305,616
691,1023,0,558,1023,0,287,341,305,539,327,305,590,825,794,305,616
565,1023,0,475,1023,0,277,329,305,523,322,305,590,742,713,305,616
277,1023,0,147,1023,0,511,581,305,514,340,305,590,749,741,305,616
421,1023,0,550,1023,0,262,336,305,555,337,305,590,736,698,305,616
495,1023,0,435,1023,0,296,339,305,543,339,305,590,748,715,305,616
345,1023,0,273,1023,0,143,315,305,476,316,305,590,736,721,305,616
469,1023,0,274,1023,0,173,317,305,456,313,305,590,736,720,305,616
468,1023,0,323,1023,0,355,371,305,510,325,305,590,741,718,305,616
623,1023,0,769,1023,0,319,343,305,572,338,305,590,762,741,305,616
479,1023,0,261,1023,0,235,331,305,435,319,305,590,784,766,305,616
392,1023,0,358,1023,0,242,327,305,505,327,305,590,758,728,305,616
408,1023,0,352,1023,0,229,328,305,527,326,305,590,751,730,305,616
306,1023,0,167,1023,0,158,315,305,443,313,305,590,714,704,305,616
361,1023,0,265,1023,0,191,324,305,494,327,305,590,719,702,305,616
373,1023,0,199,1023,0,182,322,305,505,322,305,590,701,689,305,616
281,1023,0,144,1023,0,177,314,305,408,319,305,590,704,693,305,616
420,1023,0,343,1023,0,205,329,305,499,321,305,590,743,724,305,616
702,1023,0,458,1023,0,347,373,305,568,354,305,590,746,727,305,616
352,1023,0,194,1023,0,238,327,305,479,321,305,590,702,680,305,616
437,1023,0,482,1023,0,274,338,305,530,334,305,590,732,694,305,616
484,1023,0,441,1023,0,263,338,305,534,334,305,590,723,674,305,616
551,1023,0,366,1023,0,263,330,305,535,327,305,590,735,716,305,616
372,1023,0,233,1023,0,169,320,305,489,323,305,590,727,714,305,616
383,1023,0,313,1023,0,244,330,305,513,329,305,590,756,740,305,616
312,1023,0,151,1023,0,161,319,305,461,314,305,590,768,754,305,616
492,1023,0,465,1023,0,221,321,305,546,337,305,590,734,718,305,616
397,1023,0,239,1023,0,162,321,305,463,320,305,590,726,715,305,616
488,1023,0,382,1023,0,203,321,305,531,328,305,590,755,732,305,616
399,1023,0,207,1023,0,132,325,305,440,315,305,590,719,699,305,616
445,1023,0,220,1023,0,245,331,305,509,325,305,590,722,709,305,616
425,1023,0,392,1023,0,321,353,305,464,323,305,590,721,704,305,616
473,1023,0,286,1023,0,218,325,305,459,315,305,590,750,730,305,616
524,1023,0,415,1023,0,277,342,305,503,326,305,590,725,684,305,616
419,1023,0,350,1023,0,427,439,305,503,328,305,590,733,705,305,616
552,1023,0,330,1023,0,265,337,305,508,325,305,590,726,683,305,616
417,1023,0,375,1023,0,306,339,305,486,322,305,590,730,713,305,616
367,1023,0,270,1023,0,350,395,305,543,346,305,590,727,702,305,616
321,1023,0,243,1023,0,220,329,305,447,319,305,590,723,701,305,616
374,1023,0,334,1023,0,237,325,305,471,322,305,590,776,750,305,616
620,1023,0,413,1023,0,262,322,305,480,320,305,590,775,747,305,616
372,1023,0,182,1023,0,766,836,305,670,476,305,590,727,711,305,616
336,1023,0,218,1023,0,256,332,305,507,329,305,590,725,706,305,616
452,1023,0,432,1023,0,221,318,305,547,325,305,590,737,689,305,616
525,1023,0,340,1023,0,296,350,305,545,342,305,590,764,742,305,616
475,1023,0,448,1023,0,293,336,305,517,330,305,590,802,768,305,616
392,1023,0,372,1023,0,237,325,305,482,319,305,590,749,732,305,616
457,1023,0,315,1023,0,278,340,305,485,333,305,590,741,722,305,616
469,1023,0,440,1023,0,275,337,305,537,336,305,590,759,740,305,616
327,1023,0,207,1023,0,163,317,305,464,316,305,590,738,724,305,616
435,1023,0,400,1023,0,412,417,305,517,325,305,590,740,725,305,616
405,1023,0,248,1023,0,104,318,305,468,322,305,590,741,729,305,616
312,1023,0,228,1023,0,273,341,305,503,327,305,590,726,717,305,616
328,1023,0,111,1023,0,60,313,305,425,312,305,590,690,681,305,616
392,1023,0,358,1023,0,255,340,305,442,320,305,590,747,726,305,616
472,1023,0,402,1023,0,343,366,305,511,323,305,591,735,710,305,616
404,1023,0,270,1023,0,286,341,305,518,330,305,591,760,734,305,616
522,1023,0,475,1023,0,219,326,305,540,333,305,591,764,741,305,616
318,1023,0,325,1023,0,225,324,305,463,317,305,591,730,710,305,616
333,1023,0,276,1023,0,245,337,305,528,337,305,591,740,725,305,616
408,1023,0,254,1023,0,202,323,305,470,318,305,591,732,719,305,616
478,1023,0,540,1023,0,407,403,305,538,335,305,591,730,699,305,616
366,1023,0,295,1023,0,254,340,305,503,325,305,591,736,727,305,616
339,1023,0,223,1023,0,267,335,305,459,318,305,591,734,715,305,616
229,1023,0,122,1023,0,143,325,305,332,314,305,591,667,653,305,616
461,1023,0,276,1023,0,267,332,305,495,322,305,591,716,697,305,616
383,1023,0,407,1023,0,241,332,305,529,339,305,591,747,736,305,616
543,1023,0,425,1023,0,242,328,305,537,335,305,591,746,707,305,616
446,1023,0,297,1023,0,279,339,305,484,322,305,591,712,693,305,616
313,1023,0,446,1023,0,253,342,305,498,330,305,591,689,673,305,616
221,1023,0,221,1023,0,182,319,305,393,313,305,591,743,734,305,616
450,1023,0,616,1023,0,435,436,305,513,325,305,591,776,747,305,616
439,1023,0,305,1023,0,284,348,305,494,329,305,591,755,737,305,616
420,1023,0,238,1023,0,236,326,305,479,319,305,591,723,702,305,616
624,1023,0,626,1023,0,762,795,305,678,448,305,591,783,756,305,616
434,1023,0,340,1023,0,223,322,305,495,325,305,591,712,697,305,616
390,1023,0,280,1023,0,205,325,305,471,327,305,591,769,753,305,616
466,1023,0,392,1023,0,256,330,305,527,335,305,591,742,720,305,616
462,1023,0,274,1023,0,255,338,305,500,329,305,591,707,659,305,616
297,1023,0,232,1023,0,387,420,305,506,328,305,591,721,704,305,616
376,1023,0,306,1023,0,193,321,305,486,323,305,591,698,679,305,616
303,1023,0,168,1023,0,445,481,305,496,326,305,591,715,703,305,616
321,1023,0,236,1023,0,379,410,305,481,322,305,591,721,707,305,616
371,1023,0,243,1023,0,210,325,305,480,320,305,591,752,739,305,616
438,1023,0,362,1023,0,316,344,305,509,326,305,591,753,730,305,616
287,1023,0,165,1023,0,144,317,305,469,315,305,591,706,695,305,616
604,1023,0,310,1023,0,217,322,305,508,323,305,591,772,760,305,616
348,1023,0,211,1023,0,412,431,305,479,317,305,591,703,692,305,624
305,1023,0,209,1023,0,236,332,305,385,314,305,591,701,686,305,624
430,1023,0,330,1023,0,262,336,305,470,319,305,591,704,678,305,624
479,1023,0,307,1023,0,318,351,305,512,323,305,591,721,709,305,624
519,1023,0,342,1023,0,254,331,305,498,324,305,591,743,712,305,624
580,1023,0,400,1023,0,284,345,305,550,341,305,591,742,711,305,624
373,1023,0,219,1023,0,194,326,305,475,321,305,591,703,686,305,624
466,1023,0,378,1023,0,273,337,305,511,325,305,591,733,717,305,624
293,1023,0,184,1023,0,175,321,305,450,313,305,591,698,665,305,624
429,1023,0,284,1023,0,502,525,305,537,332,305,591,726,697,305,624
369,1023,0,227,1023,0,170,320,305,490,327,305,591,733,723,305,624
422,1023,0,334,1023,0,189,326,305,493,321,305,591,721,703,305,624
434,1023,0,329,1023,0,282,343,305,505,332,305,591,729,710,305,624
375,1023,0,203,1023,0,240,328,305,498,331,305,591,728,708,305,624
429,1023,0,194,1023,0,231,332,305,485,321,305,591,727,712,305,624
502,1023,0,587,1023,0,254,333,305,542,333,305,591,752,712,305,624
445,1023,0,303,1023,0,216,325,305,525,330,305,591,741,693,305,624
344,1023,0,114,1023,0,75,314,305,442,317,305,591,678,663,305,624
324,1023,0,254,1023,0,259,340,305,434,316,305,591,771,754,305,624
304,1023,0,173,1023,0,202,327,305,441,317,305,591,685,675,305,624
463,1023,0,423,1023,0,285,338,305,523,328,305,591,735,698,305,624
469,1023,0,353,1023,0,245,326,305,521,325,305,591,719,699,305,624
436,1023,0,242,1023,0,269,341,305,495,327,305,591,722,700,305,624
383,1023,0,331,1023,0,587,649,305,571,359,305,591,765,750,305,624
306,1023,0,137,1023,0,556,621,305,546,345,305,591,695,670,305,624
515,1023,0,348,1023,0,235,325,305,514,324,305,591,769,722,305,624
447,1023,0,359,1023,0,280,339,305,515,327,305,591,748,719,305,624
333,1023,0,269,1023,0,417,446,305,509,330,305,591,727,705,305,624
468,1023,0,406,1023,0,241,333,305,509,324,305,591,763,735,305,624
336,1023,0,166,1023,0,200,320,305,460,317,305,591,737,719,305,624
320,1023,0,344,1023,0,243,328,305,551,340,305,591,731,718,305,624
358,1023,0,562,1023,0,312,339,305,532,327,305,591,783,737,305,624
352,1023,0,234,1023,0,207,327,305,507,323,305,591,747,715,305,624
495,1023,0,689,1023,0,281,340,305,519,326,305,591,751,729,305,624
575,1023,0,605,1023,0,454,447,305,536,335,305,592,748,703,305,624
470,1023,0,308,1023,0,204,327,305,513,321,305,592,733,713,305,624
518,1023,0,456,1023,0,293,341,305,521,325,305,592,757,724,305,624
427,1023,0,407,1023,0,231,335,305,508,334,305,592,713,651,305,624
205,1023,0,342,1023,0,342,358,305,666,441,305,592,751,708,305,624
431,1023,0,263,1023,0,306,351,305,487,326,305,592,699,684,305,624
390,1023,0,224,1023,0,293,360,305,537,353,305,592,736,723,305,624
522,1023,0,366,1023,0,194,319,305,523,326,305,592,742,731,305,624
426,1023,0,272,1023,0,224,332,305,488,328,305,592,767,744,305,624
395,1023,0,269,1023,0,257,336,305,508,329,305,592,745,719,305,624
495,1023,0,387,1023,0,299,338,305,528,332,305,592,743,710,305,624
394,1023,0,378,1023,0,230,332,305,513,326,305,592,733,711,305,624
712,1023,0,753,1023,0,365,395,305,576,359,305,592,784,756,305,624
474,1023,0,223,1023,0,217,327,305,477,322,305,592,713,699,305,624
482,1023,0,537,1023,0,236,330,305,530,332,305,592,747,701,305,624
505,1023,0,304,1023,0,232,320,305,518,320,305,592,745,725,305,624
412,1023,0,155,1023,0,300,343,305,472,315,305,592,712,706,305,624
380,1023,0,213,1023,0,402,408,305,464,316,305,592,682,658,305,624
444,1023,0,214,1023,0,190,320,305,489,323,305,592,733,691,305,624
316,1023,0,255,1023,0,162,320,305,441,315,305,592,729,717,305,624
437,1023,0,352,1023,0,261,328,305,519,334,305,592,737,725,305,624
425,1023,0,356,1023,0,226,323,305,510,328,305,592,744,732,305,624
296,1023,0,258,1023,0,267,341,305,503,324,305,592,693,682,305,624
456,1023,0,264,1023,0,262,344,305,518,338,305,592,745,728,305,624
406,1023,0,230,1023,0,178,322,305,474,319,305,592,706,695,305,624
477,1023,0,504,1023,0,671,741,305,621,397,305,592,794,778,305,624
464,1023,0,253,1023,0,244,328,305,510,328,305,592,734,718,305,624
444,1023,0,328,1023,0,298,354,305,530,337,305,592,770,759,305,624
349,1023,0,187,1023,0,170,317,305,462,318,305,592,733,713,305,624
552,1023,0,379,1023,0,278,344,305,518,334,305,592,800,781,305,624
518,1023,0,393,1023,0,663,708,305,614,379,305,592,781,756,305,624
369,1023,0,286,1023,0,236,330,305,525,331,305,592,724,689,305,624
377,1023,0,302,1023,0,250,334,305,504,322,305,592,728,710,305,624
447,1023,0,342,1023,0,473,498,305,530,333,305,592,755,737,305,624
358,1023,0,339,1023,0,258,332,305,498,331,305,592,745,722,305,624
378,1023,0,297,1023,0,277,346,305,538,339,305,592,755,740,305,624
641,1023,0,578,1023,0,421,399,305,542,336,305,592,747,714,305,624
347,1023,0,426,1023,0,352,383,305,528,336,305,592,736,713,305,624
448,1023,0,434,1023,0,247,326,305,492,318,305,592,759,731,305,624
508,1023,0,415,1023,0,294,343,305,490,323,305,592,746,723,305,624
473,1023,0,403,1023,0,272,337,305,475,323,305,592,777,763,305,624
396,1023,0,230,1023,0,442,454,305,557,343,305,592,750,735,305,624
493,1023,0,356,1023,0,282,352,305,536,335,305,592,740,727,305,624
461,1023,0,317,1023,0,272,333,305,493,324,305,592,712,690,305,624
430,1023,0,257,1023,0,247,329,305,507,329,305,592,740,712,305,624
342,1023,0,295,1023,0,343,377,305,520,336,305,592,692,659,305,624
389,1023,0,343,1023,0,248,329,305,516,327,305,592,713,676,305,624
269,1023,0,244,1023,0,192,327,305,506,327,305,592,766,752,305,624
588,1023,0,403,1023,0,270,331,305,515,323,305,592,777,756,305,624
418,1023,0,354,1023,0,242,333,305,512,329,305,592,755,734,305,624
330,1023,0,269,1023,0,265,341,305,510,329,305,592,769,751,305,624
375,1023,0,344,1023,0,318,353,305,505,324,305,592,750,730,305,624
481,1023,0,295,1023,0,198,317,305,479,316,305,592,746,715,305,624
535,1023,0,771,1023,0,386,393,305,585,363,305,592,784,754,305,624
345,1023,0,339,1023,0,231,330,305,486,330,305,592,720,702,305,624
372,1023,0,323,1023,0,212,323,305,525,325,305,592,685,665,305,624
527,1023,0,350,1023,0,252,332,305,509,334,305,592,773,756,305,624
360,1023,0,225,1023,0,243,327,305,496,321,305,592,741,725,305,624
362,1023,0,179,1023,0,208,320,305,459,317,305,592,744,733,305,624
492,1023,0,274,1023,0,205,320,305,496,325,305,592,706,691,305,624
260,1023,0,208,1023,0,202,321,305,398,317,305,592,719,703,305,624
385,1023,0,257,1023,0,320,359,305,487,319,305,592,702,676,305,624
499,1023,0,373,1023,0,260,333,305,515,330,305,592,746,725,305,624
442,1023,0,306,1023,0,250,327,305,503,325,305,592,739,716,305,624
548,1023,0,380,1023,0,326,352,305,500,323,305,592,726,697,305,624
386,1023,0,348,1023,0,212,322,305,495,317,305,592,728,695,305,624
527,1023,0,386,1023,0,270,331,305,489,318,305,592,770,751,305,632
482,1023,0,270,1023,0,497,526,305,534,330,305,592,721,696,305,632
446,1023,0,375,1023,0,283,342,305,522,332,305,592,723,682,305,632
432,1023,0,381,1023,0,262,335,305,509,330,305,593,742,728,305,632
453,1023,0,327,1023,0,380,393,305,498,322,305,593,761,749,305,632
468,1023,0,472,1023,0,253,326,305,517,323,305,593,691,664,305,632
454,1023,0,484,1023,0,289,336,305,528,329,305,593,763,738,305,632
468,1023,0,354,1023,0,249,329,305,503,327,305,593,725,707,305,632
391,1023,0,264,1023,0,231,330,305,421,315,305,593,737,714,305,632
581,1023,0,563,1023,0,308,346,305,557,333,305,593,734,707,305,632
553,1023,0,373,1023,0,475,466,305,551,339,305,593,781,752,305,632
398,1023,0,212,1023,0,192,332,305,458,319,305,593,745,724,305,632
383,1023,0,261,1023,0,250,338,305,504,332,305,593,717,706,305,632
575,1023,0,476,1023,0,618,660,305,589,362,305,593,759,724,305,632
363,1023,0,261,1023,0,235,324,305,483,321,305,593,709,696,305,632
431,1023,0,404,1023,0,239,333,305,488,324,305,593,804,789,305,632
273,1023,0,168,1023,0,251,344,305,492,332,305,593,723,701,305,632
405,1023,0,278,1023,0,214,330,305,493,326,305,593,739,724,305,632
410,1023,0,321,1023,0,228,329,305,508,328,305,593,715,699,305,632
547,1023,0,719,1023,0,331,354,305,562,344,305,593,760,717,305,632
390,1023,0,245,1023,0,240,331,305,490,321,305,593,740,721,305,632
456,1023,0,244,1023,0,227,332,305,474,318,305,593,721,688,305,632
360,1023,0,181,1023,0,207,328,305,424,317,305,593,675,663,305,632
394,1023,0,214,1023,0,244,330,305,431,316,305,593,713,696,305,632
475,1023,0,565,1023,0,304,335,305,537,335,305,593,749,727,305,632
273,1023,0,154,1023,0,225,327,305,461,320,305,593,680,671,305,632
536,1023,0,509,1023,0,308,354,305,554,342,305,593,741,708,305,632
393,1023,0,464,1023,0,308,355,305,476,319,305,593,737,718,305,632
565,1023,0,469,1023,0,611,624,305,608,365,305,593,745,712,305,632
340,1023,0,269,1023,0,199,322,305,516,330,305,593,649,621,305,632
473,1023,0,392,1023,0,570,624,305,549,345,305,593,744,716,305,632
508,1023,0,428,1023,0,301,351,305,526,340,305,593,764,749,305,632
392,1023,0,303,1023,0,240,330,305,501,330,305,593,744,734,305,632
381,1023,0,321,1023,0,294,354,305,519,336,305,593,731,712,305,632
268,1023,0,241,1023,0,160,316,305,645,434,305,593,686,668,305,632
399,1023,0,555,1023,0,293,346,305,539,334,305,593,753,735,305,632
370,1023,0,221,1023,0,95,315,305,221,316,305,593,688,672,305,632
408,1023,0,232,1023,0,229,329,305,491,326,305,593,699,663,305,632
274,1023,0,161,1023,0,202,321,305,399,317,305,593,677,666,305,632
511,1023,0,437,1023,0,295,341,305,520,329,305,593,763,738,305,632
571,1023,0,516,1023,0,388,387,305,533,329,305,593,758,731,305,632
368,1023,0,337,1023,0,204,321,305,508,328,305,593,736,725,305,632
424,1023,0,297,1023,0,336,355,305,538,331,305,593,762,739,305,632
400,1023,0,279,1023,0,218,320,305,510,321,305,593,687,648,305,632
339,1023,0,311,1023,0,310,353,305,497,323,305,593,749,737,305,632
450,1023,0,350,1023,0,184,330,305,490,326,305,593,761,734,305,632
408,1023,0,200,1023,0,196,321,305,473,320,305,593,712,699,305,632
482,1023,0,441,1023,0,263,334,305,545,336,305,593,777,742,305,632
368,1023,0,316,1023,0,248,331,305,516,321,305,593,794,765,305,632
372,1023,0,228,1023,0,227,336,305,504,324,305,593,712,698,305,632
526,1023,0,385,1023,0,244,330,305,477,325,305,593,721,693,305,632
330,1023,0,341,1023,0,194,327,305,494,323,305,593,722,702,305,632
405,1023,0,273,1023,0,242,332,305,503,324,305,593,715,700,305,632
531,1023,0,377,1023,0,366,381,305,581,350,305,593,762,746,305,632
373,1023,0,264,1023,0,259,337,305,503,325,305,593,731,703,305,632
419,1023,0,319,1023,0,243,333,305,505,325,305,593,770,743,305,632
343,1023,0,365,1023,0,303,352,305,582,364,305,593,760,736,305,632
427,1023,0,296,1023,0,305,353,305,546,341,305,593,722,705,305,632
481,1023,0,414,1023,0,282,336,305,540,333,305,593,744,717,305,632
367,1023,0,216,1023,0,257,332,305,440,313,305,593,726,704,305,632
315,1023,0,253,1023,0,229,320,305,471,318,305,593,708,678,305,632
303,1023,0,204,1023,0,225,325,305,460,318,305,593,704,700,305,632
426,1023,0,357,1023,0,247,328,305,511,326,305,593,754,739,305,632
424,1023,0,272,1023,0,295,346,305,450,318,305,593,718,705,305,632
327,1023,0,191,1023,0,189,318,305,499,323,305,593,691,673,305,632
486,1023,0,384,1023,0,417,406,305,534,334,305,593,761,737,305,632
433,1023,0,321,1023,0,177,324,305,470,316,305,593,687,666,305,632
417,1023,0,317,1023,0,231,327,305,513,327,305,593,748,694,305,632
347,1023,0,158,1023,0,180,321,305,467,319,305,593,735,725,305,632
452,1023,0,597,1023,0,257,328,305,571,336,305,593,743,690,305,632
496,1023,0,301,1023,0,259,335,305,531,341,305,593,749,715,305,632
525,1023,0,547,1023,0,270,333,305,522,327,305,593,776,754,305,632
423,1023,0,299,1023,0,192,325,305,489,318,305,593,761,740,305,632
491,1023,0,388,1023,0,226,324,305,477,322,305,593,766,726,305,632
695,1023,0,599,1023,0,453,436,305,556,334,305,593,813,762,305,632
445,1023,0,334,1023,0,285,346,305,529,338,305,593,728,696,305,632
553,1023,0,447,1023,0,284,343,305,543,334,305,593,820,786,305,632
433,1023,0,404,1023,0,215,325,305,539,341,305,593,719,704,305,632
353,1023,0,325,1023,0,225,333,305,475,320,305,593,703,685,305,632
225,1023,0,276,1023,0,204,320,305,481,326,305,593,703,685,305,632
464,1023,0,460,1023,0,250,331,305,536,329,305,593,738,721,305,632
409,1023,0,234,1023,0,291,354,305,521,336,305,593,725,699,305,632
419,1023,0,439,1023,0,274,343,305,510,328,305,594,750,723,305,632
301,1023,0,155,1023,0,213,325,305,426,315,305,594,698,675,305,632
473,1023,0,395,1023,0,494,524,305,551,347,305,594,767,745,305,632
451,1023,0,441,1023,0,252,340,305,521,334,305,594,749,730,305,632
571,1023,0,340,1023,0,278,341,305,502,324,305,594,774,719,305,632
518,1023,0,417,1023,0,584,628,305,595,355,305,594,736,721,305,632
390,1023,0,255,1023,0,233,328,305,439,313,305,594,762,737,305,632
713,1023,0,647,1023,0,300,337,305,534,327,305,594,818,723,305,632
330,1023,0,239,1023,0,234,333,305,497,326,305,594,730,711,305,632
360,1023,0,304,1023,0,299,354,305,516,338,305,594,766,748,305,632
401,1023,0,556,1023,0,281,330,305,544,327,305,594,764,713,305,632
326,1023,0,226,1023,0,216,323,305,486,327,305,594,683,635,305,632
522,1023,0,297,1023,0,208,327,305,489,321,305,594,691,674,305,632
368,1023,0,347,1023,0,299,347,305,508,321,305,594,744,731,305,632
405,1023,0,412,1023,0,443,466,305,535,343,305,594,735,714,305,632
356,1023,0,180,1023,0,242,334,305,482,325,305,594,737,726,305,632
641,1023,0,484,1023,0,363,363,305,586,346,305,594,761,731,305,632
449,1023,0,312,1023,0,259,338,305,481,324,305,594,769,745,305,632
408,1023,0,198,1023,0,166,319,305,448,314,305,594,722,709,305,632
581,1023,0,488,1023,0,257,331,305,511,326,305,594,717,689,305,632
347,1023,0,313,1023,0,202,326,305,496,327,305,594,730,711,305,632
460,1023,0,303,1023,0,479,495,305,551,343,305,594,771,752,305,632
346,1023,0,211,1023,0,157,321,305,406,314,305,594,729,715,305,632
404,1023,0,340,1023,0,279,337,305,500,323,305,594,739,721,305,632
444,1023,0,299,1023,0,268,329,305,539,327,305,594,750,737,305,632
421,1023,0,266,1023,0,264,343,305,529,337,305,594,742,724,305,632
362,1023,0,342,1023,0,611,677,305,592,370,305,594,704,665,305,632
306,1023,0,171,1023,0,198,323,305,488,322,305,594,744,734,305,632
558,1023,0,621,1023,0,293,341,305,552,343,305,594,764,733,305,632
346,1023,0,272,1023,0,269,340,305,513,329,305,594,699,683,305,632
397,1023,0,261,1023,0,147,325,305,481,322,305,594,713,693,305,632
374,1023,0,268,1023,0,251,333,305,467,318,305,594,758,740,305,632
406,1023,0,268,1023,0,228,330,305,536,329,305,594,764,745,305,632
531,1023,0,334,1023,0,227,318,305,540,325,305,594,724,693,305,632
390,1023,0,218,1023,0,253,337,305,504,324,305,594,744,724,305,632
394,1023,0,279,1023,0,228,328,305,505,330,305,594,694,654,305,632
563,1023,0,602,1023,0,318,349,305,551,339,305,594,742,722,305,632
345,1023,0,277,1023,0,160,318,305,501,319,305,594,699,668,305,640
437,1023,0,290,1023,0,478,489,305,524,331,305,594,726,704,305,640
404,1023,0,439,1023,0,281,338,305,524,327,305,594,762,744,305,640
293,1023,0,234,1023,0,210,330,305,464,319,305,594,692,662,305,640
652,1023,0,480,1023,0,271,324,305,482,317,305,594,797,731,305,640
432,1023,0,269,1023,0,262,333,305,512,332,305,594,692,681,305,640
419,1023,0,474,1023,0,361,370,305,544,334,305,594,732,720,305,640
474,1023,0,315,1023,0,192,323,305,502,322,305,594,734,710,305,640
366,1023,0,254,1023,0,206,323,305,470,316,305,594,734,721,305,640
523,1023,0,519,1023,0,335,357,305,531,324,305,594,757,721,305,640
419,1023,0,243,1023,0,236,330,305,491,328,305,594,741,732,305,640
430,1023,0,240,1023,0,300,344,305,521,328,305,594,749,728,305,640
481,1023,0,578,1023,0,335,360,305,542,334,305,594,743,696,305,640
373,1023,0,217,1023,0,174,321,305,443,314,305,594,632,608,305,640
402,1023,0,245,1023,0,211,325,305,452,321,305,594,722,703,305,640
507,1023,0,458,1023,0,311,350,305,505,325,305,594,729,711,305,640
411,1023,0,225,1023,0,159,322,305,362,317,305,594,730,710,305,640
545,1023,0,359,1023,0,244,326,305,549,331,305,594,724,700,305,640
401,1023,0,175,1023,0,432,450,305,488,327,305,594,735,714,305,640
441,1023,0,339,1023,0,523,556,305,531,337,305,594,721,703,305,640
439,1023,0,292,1023,0,235,330,305,485,321,305,594,753,718,305,640
511,1023,0,348,1023,0,252,327,305,492,327,305,594,730,703,305,640
392,1023,0,222,1023,0,699,780,305,624,411,305,594,688,661,305,640
440,1023,0,410,1023,0,379,380,305,541,332,305,594,797,768,305,640
434,1023,0,463,1023,0,217,331,305,548,338,305,594,716,700,305,640
607,1023,0,664,1023,0,304,346,305,554,344,305,594,796,761,305,640
442,1023,0,436,1023,0,277,336,305,521,332,305,594,740,718,305,640
269,1023,0,113,1023,0,0,312,305,383,313,305,594,679,670,305,640
353,1023,0,248,1023,0,592,652,305,559,352,305,594,739,725,305,640
389,1023,0,332,1023,0,250,335,305,491,323,305,594,734,715,305,640
316,1023,0,161,1023,0,500,557,305,522,336,305,594,683,650,305,640
434,1023,0,412,1023,0,309,345,305,548,335,305,594,730,713,305,640
367,1023,0,285,1023,0,219,318,305,471,317,305,594,738,702,305,640
326,1023,0,183,1023,0,194,319,305,457,320,305,594,688,677,305,640
434,1023,0,426,1023,0,230,326,305,480,318,305,594,750,712,305,640
345,1023,0,234,1023,0,73,313,305,417,313,305,594,710,697,305,640
356,1023,0,271,1023,0,191,319,305,513,326,305,595,730,716,305,640
379,1023,0,591,1023,0,259,325,305,526,323,305,595,783,725,305,640
362,1023,0,192,1023,0,314,364,305,437,320,305,595,719,701,305,640
478,1023,0,571,1023,0,314,350,305,554,349,305,595,767,725,305,640
432,1023,0,235,1023,0,192,321,305,443,325,305,595,699,680,305,640
337,1023,0,165,1023,0,143,318,305,228,312,305,595,684,669,305,640
489,1023,0,227,1023,0,539,564,305,553,331,305,595,748,732,305,640
341,1023,0,306,1023,0,242,330,305,491,324,305,595,737,708,305,640
401,1023,0,350,1023,0,296,343,305,534,338,305,595,745,724,305,640
390,1023,0,342,1023,0,242,329,305,495,321,305,595,775,765,305,640
403,1023,0,318,1023,0,237,329,305,444,321,305,595,733,718,305,640
320,1023,0,198,1023,0,251,330,305,459,324,305,595,718,706,305,640
448,1023,0,404,1023,0,262,339,305,536,333,305,595,743,718,305,640
384,1023,0,285,1023,0,231,326,305,514,320,305,595,733,719,305,640
361,1023,0,287,1023,0,246,321,305,445,317,305,595,701,689,305,640
293,1023,0,202,1023,0,708,781,305,639,423,305,595,717,695,305,640
515,1023,0,408,1023,0,260,333,305,523,325,305,595,746,728,305,640
215,1023,0,272,1023,0,245,323,305,753,593,305,595,777,733,305,640
552,1023,0,558,1023,0,255,336,305,536,332,305,595,811,796,305,640
294,1023,0,117,1023,0,159,317,305,365,313,305,595,698,688,305,640
473,1023,0,394,1023,0,246,330,305,496,327,305,595,755,731,305,640
365,1023,0,321,1023,0,329,363,305,489,324,305,595,707,685,305,640
472,1023,0,359,1023,0,434,440,305,511,329,305,595,728,691,305,640
419,1023,0,176,1023,0,114,313,305,457,319,305,595,730,706,305,640
416,1023,0,236,1023,0,218,328,305,505,325,305,595,708,684,305,640
463,1023,0,302,1023,0,239,327,305,518,323,305,595,750,726,305,640
370,1023,0,347,1023,0,262,341,305,520,334,305,595,753,733,305,640
392,1023,0,221,1023,0,175,325,305,482,321,305,595,756,748,305,640
434,1023,0,627,1023,0,293,342,305,543,333,305,595,765,735,305,640
265,1023,0,120,1023,0,51,309,305,0,309,305,595,709,701,305,640
266,1023,0,114,1023,0,204,319,305,486,316,305,595,699,690,305,640
417,1023,0,241,1023,0,163,324,305,479,321,305,595,796,764,305,640
232,1023,0,242,1023,0,247,336,305,432,314,305,595,718,705,305,640
535,1023,0,468,1023,0,464,459,305,549,332,305,595,774,740,305,640
472,1023,0,307,1023,0,235,325,305,507,326,305,595,771,731,305,640
341,1023,0,249,1023,0,230,327,305,490,324,305,595,708,685,305,640
509,1023,0,397,1023,0,233,336,305,518,328,305,595,778,747,305,640
356,1023,0,292,1023,0,362,378,305,496,323,305,595,737,713,305,640
447,1023,0,404,1023,0,288,338,305,493,322,305,595,775,747,305,640
410,1023,0,359,1023,0,314,352,305,481,320,305,595,725,706,305,640
360,1023,0,308,1023,0,218,331,305,500,322,305,595,727,718,305,640
402,1023,0,181,1023,0,434,465,305,500,327,305,595,635,629,305,640
471,1023,0,366,1023,0,235,327,305,491,322,305,595,737,694,305,640
419,1023,0,292,1023,0,499,539,305,542,337,305,595,748,738,305,640
399,1023,0,238,1023,0,262,336,305,429,317,305,595,720,695,305,640
292,1023,0,169,1023,0,233,327,305,485,324,305,595,646,625,305,640
526,1023,0,418,1023,0,321,357,305,550,341,305,595,737,715,305,640
547,1023,0,544,1023,0,300,350,305,543,342,305,595,778,752,305,640
384,1023,0,377,1023,0,330,364,305,504,328,305,595,743,724,305,640
432,1023,0,323,1023,0,220,328,305,484,321,305,595,733,714,305,640
426,1023,0,380,1023,0,231,329,305,480,327,305,595,690,673,305,640
315,1023,0,442,1023,0,365,395,305,538,337,305,595,736,718,305,640
374,1023,0,381,1023,0,232,323,305,515,324,305,595,724,692,305,640
353,1023,0,282,1023,0,211,330,305,512,328,305,595,716,684,305,640
498,1023,0,521,1023,0,326,354,305,556,336,305,595,746,725,305,640
374,1023,0,329,1023,0,238,325,305,508,324,305,595,744,727,305,640
549,1023,0,449,1023,0,345,366,305,564,341,305,595,764,730,305,640
458,1023,0,329,1023,0,227,333,305,496,327,305,595,783,768,305,640
252,1023,0,207,1023,0,156,320,305,471,318,305,595,676,666,305,640
337,1023,0,322,1023,0,233,333,305,510,331,305,595,716,696,305,640
388,1023,0,236,1023,0,239,328,305,474,323,305,595,724,716,305,640
396,1023,0,175,1023,0,202,327,305,445,313,305,595,756,739,305,640
453,1023,0,402,1023,0,268,335,305,521,336,305,595,736,704,305,640
282,1023,0,210,1023,0,567,637,305,534,338,305,595,710,694,305,640
385,1023,0,225,1023,0,210,323,305,474,327,305,595,734,701,305,640
455,1023,0,242,1023,0,281,340,305,481,319,305,595,741,721,305,640
426,1023,0,265,1023,0,247,331,305,509,332,305,595,709,694,305,640
531,1023,0,318,1023,0,233,327,305,461,323,305,595,757,715,305,640
390,1023,0,231,1023,0,224,328,305,500,325,305,595,743,722,305,640
397,1023,0,252,1023,0,234,324,305,505,325,305,595,736,707,305,640
442,1023,0,359,1023,0,261,337,305,506,327,305,595,755,729,305,648
435,1023,0,411,1023,0,188,320,305,448,317,305,595,706,678,305,648
485,1023,0,316,1023,0,403,400,305,496,326,305,596,771,742,305,648
388,1023,0,331,1023,0,228,336,305,480,326,305,596,737,704,305,648
498,1023,0,378,1023,0,271,333,305,526,326,305,596,763,743,305,648
610,1023,0,423,1023,0,332,348,305,542,329,305,596,756,721,305,648
465,1023,0,448,1023,0,225,326,305,513,331,305,596,720,692,305,648
537,1023,0,330,1023,0,245,330,305,494,326,305,596,724,709,305,648
366,1023,0,256,1023,0,370,390,305,500,322,305,596,740,724,305,648
306,1023,0,232,1023,0,223,331,305,501,329,305,596,703,689,305,648
390,1023,0,259,1023,0,263,327,305,458,314,305,596,724,700,305,648
409,1023,0,358,1023,0,292,344,305,498,322,305,596,784,765,305,648
356,1023,0,322,1023,0,194,314,305,504,327,305,596,686,661,305,648
403,1023,0,251,1023,0,241,328,305,447,314,305,596,724,708,305,648
432,1023,0,356,1023,0,221,329,305,481,324,305,596,769,753,305,648
327,1023,0,209,1023,0,157,316,305,425,315,305,596,696,689,305,648
471,1023,0,271,1023,0,293,343,305,544,334,305,596,728,695,305,648
398,1023,0,250,1023,0,203,324,305,480,324,305,596,734,723,305,648
312,1023,0,145,1023,0,322,367,305,495,326,305,596,751,740,305,648
735,1023,0,740,1023,0,547,549,305,633,389,305,596,795,743,305,648
498,1023,0,528,1023,0,299,342,305,505,326,305,596,764,732,305,648
441,1023,0,283,1023,0,540,560,305,551,332,305,596,745,735,305,648
438,1023,0,362,1023,0,256,332,305,525,330,305,596,765,751,305,648
326,1023,0,176,1023,0,298,353,305,529,338,305,596,718,704,305,648
462,1023,0,537,1023,0,263,333,305,534,329,305,596,787,734,305,648
361,1023,0,169,1023,0,399,410,305,521,329,305,596,709,700,305,648
373,1023,0,205,1023,0,466,479,305,502,327,305,596,718,704,305,648
513,1023,0,373,1023,0,294,337,305,500,320,305,596,745,721,305,648
386,1023,0,189,1023,0,172,316,305,476,321,305,596,717,694,305,648
370,1023,0,302,1023,0,256,335,305,490,331,305,596,727,701,305,648
431,1023,0,179,1023,0,185,323,305,441,325,305,596,720,709,305,648
423,1023,0,346,1023,0,203,322,305,492,325,305,596,741,703,305,648
304,1023,0,158,1023,0,278,343,305,498,334,305,596,683,672,305,648
566,1023,0,347,1023,0,284,345,305,532,334,305,596,736,707,305,648
329,1023,0,128,1023,0,102,312,305,429,312,305,596,713,698,305,648
368,1023,0,273,1023,0,172,320,305,461,316,305,596,705,692,305,648
389,1023,0,290,1023,0,269,340,305,506,332,305,596,678,650,305,648
392,1023,0,211,1023,0,263,336,305,500,328,305,596,717,690,305,648
485,1023,0,445,1023,0,663,714,305,630,398,305,596,778,766,305,648
489,1023,0,565,1023,0,303,341,305,506,325,305,596,751,728,305,648
354,1023,0,288,1023,0,292,347,305,487,326,305,596,730,706,305,648
403,1023,0,270,1023,0,228,329,305,500,326,305,596,763,748,305,648
591,1023,0,413,1023,0,241,326,305,506,325,305,596,755,728,305,648
386,1023,0,233,1023,0,210,330,305,469,319,305,596,746,732,305,648
453,1023,0,277,1023,0,227,323,305,495,320,305,596,748,715,305,648
470,1023,0,354,1023,0,248,331,305,507,327,305,596,725,704,305,648
389,1023,0,262,1023,0,321,368,305,515,331,305,596,724,702,305,648
310,1023,0,222,1023,0,257,347,305,517,335,305,596,764,751,305,648
598,1023,0,515,1023,0,224,323,305,506,321,305,596,736,716,305,648
387,1023,0,383,1023,0,202,323,305,499,326,305,596,748,731,305,648
537,1023,0,277,1023,0,475,483,305,547,327,305,596,720,697,305,648
435,1023,0,391,1023,0,250,335,305,499,325,305,596,726,698,305,648
409,1023,0,360,1023,0,295,343,305,518,330,305,596,747,733,305,648
416,1023,0,235,1023,0,192,325,305,451,313,305,596,727,715,305,648
297,1023,0,272,1023,0,290,346,305,532,333,305,596,744,732,305,648
477,1023,0,452,1023,0,314,349,305,543,340,305,596,731,692,305,648
277,1023,0,151,1023,0,151,316,305,393,312,305,596,690,683,305,648
399,1023,0,357,1023,0,639,706,305,591,367,305,596,702,685,305,648
415,1023,0,287,1023,0,290,345,305,557,340,305,596,726,689,305,648
456,1023,0,265,1023,0,242,333,305,473,320,305,596,738,716,305,648
426,1023,0,389,1023,0,232,326,305,546,334,305,596,748,740,305,648
500,1023,0,220,1023,0,166,319,305,479,321,305,596,742,711,305,648
359,1023,0,277,1023,0,207,321,305,511,329,305,596,678,644,305,648
412,1023,0,399,1023,0,234,322,305,539,334,305,596,728,676,305,648
581,1023,0,532,1023,0,324,351,305,535,333,305,596,763,730,305,648
416,1023,0,230,1023,0,244,331,305,485,319,305,596,735,720,305,648
549,1023,0,353,1023,0,252,332,305,514,331,305,596,744,714,305,648
444,1023,0,329,1023,0,593,644,305,586,356,305,596,707,669,305,648
536,1023,0,328,1023,0,236,323,305,454,319,305,596,735,719,305,648
423,1023,0,476,1023,0,289,342,305,529,333,305,596,749,722,305,648
481,1023,0,481,1023,0,243,331,305,523,327,305,596,765,732,305,648
482,1023,0,453,1023,0,315,352,305,535,341,305,596,743,702,305,648
414,1023,0,329,1023,0,213,324,305,464,320,305,596,728,698,305,648
405,1023,0,305,1023,0,236,327,305,502,324,305,596,750,718,305,648
617,1023,0,552,1023,0,363,365,305,566,346,305,596,803,775,305,648
423,1023,0,253,1023,0,362,393,305,581,363,305,596,757,740,305,648
598,1023,0,616,1023,0,329,350,305,553,342,305,597,752,732,305,648
393,1023,0,218,1023,0,194,319,305,495,328,305,597,721,708,305,648
622,1023,0,543,1023,0,323,341,305,573,341,305,597,773,735,305,648
390,1023,0,314,1023,0,192,328,305,469,316,305,597,706,687,305,648
624,1023,0,493,1023,0,296,343,305,542,336,305,597,755,710,305,648
449,1023,0,470,1023,0,263,336,305,514,326,305,597,751,732,305,648
522,1023,0,340,1023,0,234,324,305,512,320,305,597,722,703,305,648
399,1023,0,312,1023,0,253,333,305,523,329,305,597,728,704,305,648
317,1023,0,174,1023,0,163,324,305,469,317,305,597,725,712,305,648
271,1023,0,106,1023,0,189,326,305,451,312,305,597,667,658,305,648
407,1023,0,327,1023,0,292,342,305,544,338,305,597,733,712,305,648
350,1023,0,231,1023,0,403,417,305,492,321,305,597,711,684,305,648
257,1023,0,128,1023,0,133,318,305,446,312,305,597,672,665,305,648
359,1023,0,382,1023,0,342,369,305,515,331,305,597,742,726,305,648
222,1023,0,182,1023,0,334,370,305,486,327,305,597,720,695,305,648
301,1023,0,207,1023,0,180,322,305,482,323,305,597,717,688,305,648
359,1023,0,328,1023,0,202,324,305,501,323,305,597,739,712,305,648
506,1023,0,474,1023,0,337,355,305,524,329,305,597,792,765,305,648
326,1023,0,206,1023,0,204,325,305,438,314,305,597,728,709,305,648
433,1023,0,315,1023,0,269,340,305,510,332,305,597,760,750,305,648
354,1023,0,262,1023,0,159,321,305,460,321,305,597,735,718,305,648
261,1023,0,197,1023,0,226,326,305,491,322,305,597,696,690,305,648
352,1023,0,128,1023,0,85,314,305,428,312,305,597,711,703,305,648
633,1023,0,475,1023,0,336,349,305,525,328,305,597,758,727,305,648
393,1023,0,207,1023,0,195,331,305,499,322,305,597,704,688,305,648
411,1023,0,264,1023,0,310,354,305,487,322,305,597,722,681,305,648
310,1023,0,236,1023,0,249,328,305,471,323,305,597,701,681,305,648
405,1023,0,275,1023,0,193,327,305,513,327,305,597,734,705,305,648
512,1023,0,427,1023,0,231,324,305,514,330,305,597,733,678,305,648
507,1023,0,330,1023,0,212,323,305,509,323,305,597,751,723,305,648
390,1023,0,337,1023,0,218,328,305,516,323,305,597,707,666,305,648
558,1023,0,377,1023,0,297,350,305,544,338,305,597,735,711,305,656
334,1023,0,171,1023,0,433,466,305,506,327,305,597,700,678,305,656
458,1023,0,453,1023,0,244,332,305,535,334,305,597,734,701,305,656
647,1023,0,605,1023,0,346,355,305,578,340,305,597,746,723,305,656
469,1023,0,329,1023,0,240,327,305,512,323,305,597,769,749,305,656
306,1023,0,129,1023,0,23,310,305,451,313,305,597,679,664,305,656
521,1023,0,631,1023,0,292,343,305,552,341,305,597,739,712,305,656
550,1023,0,459,1023,0,403,408,305,532,333,305,597,769,744,305,656
499,1023,0,459,1023,0,219,324,305,476,319,305,597,741,730,305,656
480,1023,0,306,1023,0,295,348,305,534,332,305,597,800,780,305,656
465,1023,0,310,1023,0,208,321,305,547,334,305,597,722,705,305,656
404,1023,0,267,1023,0,433,456,305,514,326,305,597,745,725,305,656
452,1023,0,240,1023,0,590,626,305,575,342,305,597,743,724,305,656
303,1023,0,128,1023,0,108,316,305,390,317,305,597,702,691,305,656
402,1023,0,403,1023,0,214,323,305,524,328,305,597,733,713,305,656
455,1023,0,421,1023,0,231,327,305,487,320,305,597,775,749,305,656
341,1023,0,266,1023,0,365,384,305,492,322,305,597,727,702,305,656
234,1023,0,266,1023,0,199,320,305,450,321,305,597,704,689,305,656
448,1023,0,390,1023,0,287,339,305,556,340,305,597,671,652,305,656
418,1023,0,247,1023,0,207,324,305,436,315,305,597,736,719,305,656
479,1023,0,285,1023,0,214,324,305,464,315,305,597,734,719,305,656
559,1023,0,642,1023,0,323,360,305,536,335,305,597,743,712,305,656
392,1023,0,200,1023,0,111,315,305,445,316,305,597,698,674,305,656
357,1023,0,285,1023,0,239,332,305,519,331,305,597,727,713,305,656
390,1023,0,291,1023,0,185,318,305,487,321,305,597,736,717,305,656
301,1023,0,169,1023,0,298,354,305,436,315,305,597,688,675,305,656
480,1023,0,274,1023,0,248,328,305,466,324,305,597,717,702,305,656
368,1023,0,262,1023,0,212,325,305,482,316,305,597,740,732,305,656
717,1023,0,518,1023,0,331,343,305,560,340,305,597,765,740,305,656
427,1023,0,566,1023,0,302,346,305,523,328,305,597,773,753,305,656
409,1023,0,219,1023,0,213,326,305,434,317,305,597,724,708,305,656
238,1023,0,131,1023,0,173,321,305,448,316,305,597,678,670,305,656
520,1023,0,426,1023,0,225,322,305,477,313,305,597,717,701,305,656
297,1023,0,176,1023,0,202,323,305,452,316,305,597,708,691,305,656
413,1023,0,262,1023,0,249,329,305,483,320,305,597,697,664,305,656
455,1023,0,398,1023,0,210,323,305,516,331,305,597,707,658,305,656
349,1023,0,182,1023,0,206,326,305,493,324,305,597,749,733,305,656
482,1023,0,296,1023,0,266,334,305,492,322,305,598,748,719,305,656
409,1023,0,371,1023,0,244,328,305,476,316,305,598,722,692,305,656
403,1023,0,273,1023,0,161,319,305,474,322,305,598,728,715,305,656
328,1023,0,249,1023,0,347,380,305,491,321,305,598,717,704,305,656
317,1023,0,333,1023,0,245,334,305,507,330,305,598,743,722,305,656
479,1023,0,295,1023,0,335,354,305,484,323,305,598,724,706,305,656
345,1023,0,270,1023,0,272,339,305,469,325,305,598,749,733,305,656
381,1023,0,520,1023,0,236,332,305,523,331,305,598,762,730,305,656
426,1023,0,513,1023,0,297,352,305,531,341,305,598,747,711,305,656
330,1023,0,215,1023,0,187,319,305,498,320,305,598,732,710,305,656
411,1023,0,314,1023,0,246,331,305,495,324,305,598,750,725,305,656
689,1023,0,673,1023,0,339,351,305,548,335,305,598,859,834,305,656
343,1023,0,293,1023,0,229,328,305,468,315,305,598,729,706,305,656
445,1023,0,358,1023,0,169,319,305,522,329,305,598,792,772,305,656
545,1023,0,609,1023,0,321,353,305,532,336,305,598,766,739,305,656
492,1023,0,394,1023,0,443,436,305,572,342,305,598,776,754,305,656
366,1023,0,137,1023,0,259,334,305,455,319,305,598,707,693,305,656
383,1023,0,303,1023,0,294,347,305,480,316,305,598,734,691,305,656
433,1023,0,324,1023,0,391,388,305,480,327,305,598,762,743,305,656
371,1023,0,226,1023,0,226,329,305,532,338,305,598,682,667,305,656
363,1023,0,222,1023,0,175,325,305,491,333,305,598,692,661,305,656
465,1023,0,426,1023,0,266,338,305,528,332,305,598,743,702,305,656
464,1023,0,435,1023,0,268,337,305,502,318,305,598,758,739,305,656
516,1023,0,285,1023,0,238,325,305,492,322,305,598,746,720,305,656
362,1023,0,361,1023,0,227,324,305,527,328,305,598,758,735,305,656
596,1023,0,507,1023,0,643,706,305,585,361,305,598,766,740,305,656
367,1023,0,402,1023,0,295,348,305,547,344,305,598,709,668,305,656
543,1023,0,399,1023,0,293,344,305,520,333,305,598,765,739,305,656
395,1023,0,376,1023,0,224,325,305,523,325,305,598,738,724,305,656
476,1023,0,397,1023,0,262,334,305,487,326,305,598,738,723,305,656
370,1023,0,210,1023,0,203,327,305,497,322,305,598,728,710,305,656
425,1023,0,367,1023,0,261,334,305,524,330,305,598,727,710,305,656
324,1023,0,221,1023,0,304,352,305,478,323,305,598,717,704,305,656
422,1023,0,312,1023,0,215,335,305,480,320,305,598,812,790,305,656
433,1023,0,337,1023,0,180,329,305,432,320,305,598,750,735,305,656
510,1023,0,526,1023,0,214,320,305,549,339,305,598,790,771,305,656
342,1023,0,173,1023,0,220,327,305,468,320,305,598,737,731,305,656
464,1023,0,589,1023,0,321,354,305,524,337,305,598,752,719,305,656
407,1023,0,266,1023,0,380,394,305,477,321,305,598,718,704,305,656
403,1023,0,279,1023,0,234,329,305,490,323,305,598,720,705,305,656
540,1023,0,513,1023,0,298,334,305,531,326,305,598,763,712,305,656
376,1023,0,221,1023,0,151,317,305,485,328,305,598,703,683,305,656
437,1023,0,368,1023,0,254,333,305,494,316,305,598,705,692,305,656
336,1023,0,272,1023,0,220,322,305,483,327,305,598,742,710,305,656
425,1023,0,319,1023,0,231,329,305,533,327,305,598,759,736,305,656
437,1023,0,228,1023,0,212,321,305,457,318,305,598,735,701,305,656
321,1023,0,153,1023,0,243,329,305,501,327,305,598,760,746,305,656
480,1023,0,355,1023,0,278,341,305,504,325,305,598,727,698,305,656
562,1023,0,398,1023,0,191,325,305,479,322,305,598,757,737,305,664
423,1023,0,330,1023,0,283,343,305,520,332,305,598,748,708,305,664
396,1023,0,202,1023,0,174,321,305,461,316,305,598,717,697,305,664
391,1023,0,248,1023,0,249,329,305,487,324,305,598,750,730,305,664
667,1023,0,343,1023,0,748,786,305,661,413,305,598,758,690,305,664
317,1023,0,245,1023,0,179,318,305,444,314,305,598,704,673,305,664
448,1023,0,294,1023,0,215,328,305,506,329,305,598,741,725,305,664
388,1023,0,286,1023,0,498,516,305,532,327,305,598,769,756,305,664
417,1023,0,275,1023,0,452,437,305,515,327,305,598,775,762,305,664
420,1023,0,335,1023,0,242,336,305,481,322,305,598,730,716,305,664
467,1023,0,246,1023,0,216,324,305,483,316,305,598,713,684,305,664
494,1023,0,282,1023,0,174,321,305,488,321,305,598,709,691,305,664
342,1023,0,294,1023,0,163,316,305,448,316,305,598,706,685,305,664
451,1023,0,331,1023,0,225,330,305,502,324,305,598,748,729,305,664
415,1023,0,278,1023,0,539,582,305,546,342,305,598,713,686,305,664
381,1023,0,316,1023,0,187,330,305,490,324,305,598,744,731,305,664
365,1023,0,251,1023,0,672,744,305,614,394,305,598,746,726,305,664
201,1023,0,218,1023,0,235,331,305,473,321,305,598,713,704,305,664
619,1023,0,526,1023,0,273,331,305,500,325,305,598,684,659,305,664
251,1023,0,196,1023,0,129,314,305,723,556,305,598,735,722,305,664
424,1023,0,361,1023,0,499,514,305,530,331,305,598,763,730,305,664
571,1023,0,514,1023,0,297,336,305,530,326,305,598,729,711,305,664
386,1023,0,263,1023,0,207,322,305,491,320,305,598,708,692,305,664
398,1023,0,292,1023,0,259,337,305,477,325,305,599,751,718,305,664
360,1023,0,226,1023,0,193,327,305,462,325,305,599,765,745,305,664
376,1023,0,208,1023,0,127,318,305,504,326,305,599,722,701,305,664
517,1023,0,357,1023,0,277,332,305,425,320,305,599,735,688,305,664
322,1023,0,212,1023,0,176,324,305,501,323,305,599,703,693,305,664
276,1023,0,173,1023,0,123,312,305,434,313,305,599,692,676,305,664
372,1023,0,220,1023,0,203,331,305,508,327,305,599,723,712,305,664
361,1023,0,257,1023,0,253,334,305,493,325,305,599,728,712,305,664
481,1023,0,236,1023,0,221,332,305,471,320,305,599,722,706,305,664
442,1023,0,408,1023,0,237,325,305,502,324,305,599,738,712,305,664
452,1023,0,332,1023,0,247,336,305,492,317,305,599,702,691,305,664
388,1023,0,300,1023,0,219,324,305,478,319,305,599,727,710,305,664
377,1023,0,243,1023,0,247,334,305,491,325,305,599,720,690,305,664
455,1023,0,495,1023,0,321,351,305,504,331,305,599,745,725,305,664
484,1023,0,349,1023,0,237,324,305,485,323,305,599,753,734,305,664
421,1023,0,384,1023,0,287,339,305,527,332,305,599,732,703,305,664
373,1023,0,188,1023,0,260,334,305,489,326,305,599,697,687,305,664
516,1023,0,543,1023,0,266,331,305,503,325,305,599,765,744,305,664
349,1023,0,203,1023,0,187,322,305,381,318,305,599,737,724,305,664
528,1023,0,302,1023,0,237,332,305,498,330,305,599,718,698,305,664
455,1023,0,310,1023,0,198,329,305,493,321,305,599,695,670,305,664
361,1023,0,276,1023,0,256,336,305,518,333,305,599,786,760,305,664
301,1023,0,219,1023,0,233,337,305,415,319,305,599,735,718,305,664
363,1023,0,196,1023,0,206,322,305,464,317,305,599,707,699,305,664
440,1023,0,334,1023,0,212,323,305,483,317,305,599,708,688,305,664
522,1023,0,421,1023,0,519,548,305,560,340,305,599,749,726,305,664
405,1023,0,327,1023,0,272,334,305,541,329,305,599,746,706,305,664
471,1023,0,403,1023,0,363,375,305,498,323,305,599,722,671,305,664
287,1023,0,171,1023,0,244,332,305,511,329,305,599,722,708,305,664
511,1023,0,268,1023,0,213,323,305,481,316,305,599,741,701,305,664
412,1023,0,528,1023,0,378,373,305,506,325,305,599,778,756,305,664
341,1023,0,215,1023,0,213,325,305,476,320,305,599,711,699,305,664
395,1023,0,231,1023,0,247,328,305,503,329,305,599,745,729,305,664
422,1023,0,266,1023,0,215,328,305,482,325,305,599,750,737,305,664
434,1023,0,502,1023,0,297,346,305,547,338,305,599,731,699,305,664
413,1023,0,340,1023,0,409,417,305,482,322,305,599,783,752,305,664
240,1023,0,205,1023,0,198,328,305,476,319,305,599,732,716,305,664
299,1023,0,198,1023,0,332,364,305,483,321,305,599,709,692,305,664
440,1023,0,269,1023,0,316,347,305,479,318,305,599,718,673,305,664
562,1023,0,457,1023,0,442,434,305,533,328,305,599,748,727,305,664
348,1023,0,216,1023,0,99,319,305,431,314,305,599,710,697,305,664
526,1023,0,282,1023,0,237,331,305,507,327,305,599,747,733,305,664
393,1023,0,309,1023,0,190,324,305,498,319,305,599,681,664,305,664
501,1023,0,434,1023,0,345,368,305,558,345,305,599,765,734,305,664
379,1023,0,268,1023,0,218,328,305,447,321,305,599,726,712,305,664
436,1023,0,204,1023,0,112,315,305,453,318,305,599,716,687,305,664
385,1023,0,176,1023,0,173,315,305,459,314,305,599,714,702,305,664
471,1023,0,255,1023,0,225,323,305,505,324,305,599,733,713,305,664
417,1023,0,333,1023,0,215,327,305,502,322,305,599,739,718,305,664
394,1023,0,285,1023,0,208,327,305,431,317,305,599,744,725,305,664
341,1023,0,191,1023,0,183,320,305,412,314,305,599,705,696,305,664
487,1023,0,564,1023,0,270,337,305,538,336,305,599,754,727,305,664
324,1023,0,422,1023,0,213,321,305,522,330,305,599,723,708,305,664
314,1023,0,238,1023,0,165,322,305,463,316,305,599,738,729,305,664
265,1023,0,199,1023,0,186,320,305,443,316,305,599,669,662,305,664
547,1023,0,721,1023,0,297,334,305,579,345,305,599,755,729,305,664
393,1023,0,250,1023,0,131,316,305,461,317,305,599,750,735,305,664
318,1023,0,220,1023,0,230,326,305,461,318,305,599,746,724,305,664
734,1023,0,802,1023,0,369,379,305,595,363,305,599,780,748,305,664
662,1023,0,656,1023,0,321,331,305,524,322,305,599,818,740,305,664
321,1023,0,281,1023,0,178,318,305,467,322,305,599,696,687,305,664
402,1023,0,396,1023,0,236,328,305,488,324,305,599,737,728,305,664
378,1023,0,301,1023,0,238,328,305,496,329,305,599,734,721,305,664
527,1023,0,446,1023,0,275,330,305,532,328,305,599,745,729,305,664
325,1023,0,369,1023,0,280,343,305,480,323,305,599,723,709,305,664
609,1023,0,489,1023,0,693,729,305,633,388,305,599,771,757,305,664
313,1023,0,184,1023,0,164,320,305,473,322,305,599,727,703,305,664
370,1023,0,235,1023,0,229,328,305,487,326,305,599,744,733,305,664
377,1023,0,240,1023,0,231,332,305,442,322,305,599,759,744,305,664
347,1023,0,248,1023,0,246,329,305,506,326,305,599,730,709,305,664
330,1023,0,269,1023,0,222,321,305,482,316,305,599,746,725,305,664
335,1023,0,298,1023,0,212,324,305,466,315,305,599,753,733,305,664
540,1023,0,565,1023,0,331,360,305,547,336,305,600,762,739,305,664
420,1023,0,338,1023,0,244,328,305,454,318,305,600,758,747,305,664
399,1023,0,206,1023,0,226,324,305,462,319,305,600,736,720,305,664
312,1023,0,277,1023,0,221,327,305,505,322,305,600,721,711,305,664
519,1023,0,455,1023,0,280,345,305,547,340,305,600,753,719,305,664
603,1023,0,382,1023,0,236,321,305,508,321,305,600,744,727,305,664
385,1023,0,273,1023,0,231,322,305,477,322,305,600,688,661,305,664
483,1023,0,299,1023,0,267,344,305,529,327,305,600,736,723,305,664
528,1023,0,386,1023,0,280,335,305,498,321,305,600,746,721,305,672
407,1023,0,255,1023,0,258,341,305,482,322,305,600,741,727,305,672
333,1023,0,141,1023,0,171,318,305,467,319,305,600,698,679,305,672
501,1023,0,453,1023,0,288,344,305,545,330,305,600,810,800,305,672
382,1023,0,321,1023,0,183,319,305,504,322,305,600,733,721,305,672
362,1023,0,247,1023,0,215,321,305,480,320,305,600,750,728,305,672
376,1023,0,256,1023,0,220,323,305,420,316,305,600,710,682,305,672
350,1023,0,291,1023,0,211,329,305,456,323,305,600,731,720,305,672
519,1023,0,388,1023,0,545,566,305,571,340,305,600,747,734,305,672
469,1023,0,247,1023,0,212,326,305,499,328,305,600,762,745,305,672
413,1023,0,250,1023,0,239,334,305,479,326,305,600,713,688,305,672
465,1023,0,316,1023,0,246,329,305,494,322,305,600,764,750,305,672
575,1023,0,404,1023,0,283,345,305,513,327,305,600,808,780,305,672
315,1023,0,200,1023,0,215,329,305,497,334,305,600,680,653,305,672
505,1023,0,419,1023,0,299,348,305,538,332,305,600,723,672,305,672
355,1023,0,288,1023,0,282,349,305,503,332,305,600,711,679,305,672
428,1023,0,318,1023,0,263,334,305,525,326,305,600,729,699,305,672
374,1023,0,257,1023,0,309,346,305,481,322,305,600,719,709,305,672
551,1023,0,717,1023,0,300,331,305,528,324,305,600,737,695,305,672
443,1023,0,405,1023,0,235,321,305,462,323,305,600,758,742,305,672
392,1023,0,237,1023,0,218,324,305,501,326,305,600,701,672,305,672
549,1023,0,605,1023,0,296,344,305,529,336,305,600,764,733,305,672
337,1023,0,142,1023,0,0,311,305,318,312,305,600,710,698,305,672
466,1023,0,440,1023,0,270,333,305,545,342,305,600,750,732,305,672
529,1023,0,294,1023,0,257,331,305,500,326,305,600,743,705,305,672
305,1023,0,197,1023,0,266,337,305,495,324,305,600,690,665,305,672
408,1023,0,290,1023,0,220,325,305,468,322,305,600,688,670,305,672
447,1023,0,271,1023,0,257,328,305,510,330,305,600,741,723,305,672
446,1023,0,252,1023,0,240,328,305,595,371,305,600,734,708,305,672
436,1023,0,349,1023,0,210,328,305,524,323,305,600,750,717,305,672
392,1023,0,375,1023,0,266,341,305,515,332,305,600,760,728,305,672
394,1023,0,256,1023,0,262,337,305,508,326,305,600,716,700,305,672
311,1023,0,255,1023,0,226,329,305,464,319,305,600,757,744,305,672
353,1023,0,191,1023,0,178,321,305,484,322,305,600,726,713,305,672
326,1023,0,188,1023,0,237,333,305,454,317,305,600,745,734,305,672
314,1023,0,297,1023,0,321,366,305,505,326,305,600,724,690,305,672
420,1023,0,421,1023,0,289,353,305,536,335,305,600,728,701,305,672
346,1023,0,224,1023,0,140,317,305,436,315,305,600,755,745,305,672
375,1023,0,351,1023,0,168,319,305,440,318,305,600,753,730,305,672
379,1023,0,271,1023,0,198,319,305,467,319,305,600,760,743,305,672
340,1023,0,296,1023,0,261,331,305,472,324,305,600,746,722,305,672
490,1023,0,317,1023,0,272,344,305,518,334,305,600,738,724,305,672
296,1023,0,194,1023,0,159,321,305,437,322,305,600,705,685,305,672
394,1023,0,290,1023,0,247,334,305,521,332,305,600,698,678,305,672
422,1023,0,358,1023,0,295,344,305,520,324,305,600,750,731,305,672
262,1023,0,113,1023,0,165,321,305,504,332,305,600,682,677,305,672
444,1023,0,336,1023,0,229,325,305,510,322,305,600,746,729,305,672
250,1023,0,115,1023,0,0,313,305,425,311,305,600,689,682,305,672
379,1023,0,287,1023,0,172,322,305,467,317,305,600,711,681,305,672
547,1023,0,381,1023,0,484,486,305,540,326,305,600,734,709,305,672
261,1023,0,445,1023,0,446,482,305,632,419,305,600,800,788,305,672
474,1023,0,256,1023,0,234,329,305,523,328,305,600,732,712,305,672
387,1023,0,331,1023,0,245,332,305,492,326,305,600,731,723,305,672
442,1023,0,397,1023,0,269,339,305,502,332,305,600,771,754,305,672
519,1023,0,577,1023,0,385,384,305,542,332,305,600,760,734,305,672
458,1023,0,369,1023,0,229,327,305,443,319,305,601,743,719,305,672
421,1023,0,378,1023,0,212,326,305,492,319,305,601,759,725,305,672
427,1023,0,358,1023,0,707,769,305,633,412,305,601,752,731,305,672
509,1023,0,496,1023,0,271,343,305,525,337,305,601,723,690,305,672
423,1023,0,257,1023,0,183,318,305,470,314,305,601,743,730,305,672
297,1023,0,261,1023,0,279,339,305,503,324,305,601,739,724,305,672
493,1023,0,445,1023,0,236,324,305,499,324,305,601,789,774,305,672
491,1023,0,432,1023,0,278,338,305,491,319,305,601,739,713,305,672
413,1023,0,332,1023,0,212,325,305,483,319,305,601,726,711,305,672
464,1023,0,238,1023,0,204,319,305,487,322,305,601,746,733,305,672
386,1023,0,263,1023,0,248,331,305,496,324,305,601,755,726,305,672
264,1023,0,207,1023,0,166,326,305,499,328,305,601,612,589,305,672
380,1023,0,245,1023,0,375,394,305,478,319,305,601,704,690,305,672
762,1023,0,568,1023,0,334,347,305,563,339,305,601,750,716,305,672
370,1023,0,240,1023,0,256,335,305,480,321,305,601,754,744,305,672
541,1023,0,284,1023,0,259,327,305,490,317,305,601,783,728,305,672
538,1023,0,432,1023,0,245,334,305,504,321,305,601,756,737,305,672
482,1023,0,293,1023,0,280,343,305,500,324,305,601,732,705,305,672
329,1023,0,215,1023,0,261,340,305,477,318,305,601,744,737,305,672
419,1023,0,213,1023,0,224,327,305,484,326,305,601,699,688,305,672
309,1023,0,217,1023,0,262,335,305,450,318,305,601,696,681,305,680
326,1023,0,180,1023,0,173,325,305,474,322,305,601,709,679,305,680
479,1023,0,303,1023,0,277,339,305,503,327,305,601,719,708,305,680
353,1023,0,200,1023,0,249,323,305,456,318,305,601,701,652,305,680
314,1023,0,268,1023,0,145,322,305,418,314,305,601,696,670,305,680
291,1023,0,169,1023,0,218,326,305,490,324,305,601,722,705,305,680
434,1023,0,275,1023,0,226,322,305,521,323,305,601,725,712,305,680
346,1023,0,294,1023,0,232,329,305,518,327,305,601,720,706,305,680
555,1023,0,333,1023,0,180,316,305,501,323,305,601,755,727,305,680
446,1023,0,299,1023,0,217,328,305,500,325,305,601,747,715,305,680
409,1023,0,319,1023,0,246,331,305,504,324,305,601,719,698,305,680
458,1023,0,500,1023,0,276,334,305,536,330,305,601,776,758,305,680
292,1023,0,221,1023,0,140,318,305,473,320,305,601,665,649,305,680
483,1023,0,363,1023,0,245,333,305,490,321,305,601,760,745,305,680
513,1023,0,598,1023,0,354,362,305,524,326,305,601,740,689,305,680
331,1023,0,203,1023,0,279,335,305,486,328,305,601,722,715,305,680
438,1023,0,244,1023,0,230,327,305,462,323,305,601,731,718,305,680
394,1023,0,263,1023,0,202,320,305,477,320,305,601,724,706,305,680
333,1023,0,234,1023,0,179,318,305,441,315,305,601,748,723,305,680
693,1023,0,793,1023,0,297,336,305,544,334,305,601,747,721,305,680
460,1023,0,348,1023,0,309,351,305,493,322,305,601,713,701,305,680
384,1023,0,279,1023,0,259,330,305,440,316,305,601,750,731,305,680
416,1023,0,360,1023,0,227,326,305,496,331,305,601,738,698,305,680
417,1023,0,278,1023,0,283,340,305,529,328,305,601,756,718,305,680
334,1023,0,131,1023,0,205,318,305,441,316,305,601,702,691,305,680
377,1023,0,401,1023,0,694,766,305,633,414,305,601,733,714,305,680
356,1023,0,245,1023,0,227,337,305,464,327,305,601,709,686,305,680
409,1023,0,454,1023,0,241,325,305,517,322,305,601,754,732,305,680
375,1023,0,119,1023,0,144,311,305,464,312,305,601,628,605,305,680
465,1023,0,227,1023,0,253,335,305,533,333,305,601,732,719,305,680
501,1023,0,323,1023,0,246,328,305,513,329,305,601,748,704,305,680
484,1023,0,469,1023,0,275,335,305,528,335,305,601,730,704,305,680
313,1023,0,210,1023,0,249,337,305,505,328,305,601,714,691,305,680
366,1023,0,361,1023,0,381,404,305,519,326,305,601,751,733,305,680
574,1023,0,432,1023,0,289,338,305,515,327,305,601,729,711,305,680
363,1023,0,399,1023,0,269,339,305,517,328,305,601,755,730,305,680
335,1023,0,164,1023,0,214,323,305,430,314,305,601,734,726,305,680
381,1023,0,294,1023,0,786,851,305,688,502,305,601,718,698,305,680
431,1023,0,365,1023,0,312,351,305,523,333,305,601,749,734,305,680
358,1023,0,207,1023,0,235,330,305,477,319,305,601,708,696,305,680
345,1023,0,215,1023,0,126,315,305,460,319,305,601,708,677,305,680
396,1023,0,366,1023,0,517,556,305,545,342,305,601,706,685,305,680
384,1023,0,332,1023,0,211,329,305,492,329,305,601,742,717,305,680
423,1023,0,405,1023,0,207,328,305,500,327,305,601,697,653,305,680
381,1023,0,266,1023,0,262,333,305,507,331,305,602,723,699,305,680
393,1023,0,415,1023,0,249,337,305,514,328,305,602,738,725,305,680
517,1023,0,493,1023,0,252,327,305,522,324,305,602,775,758,305,680
326,1023,0,279,1023,0,274,341,305,514,330,305,602,710,698,305,680
466,1023,0,333,1023,0,524,549,305,559,349,305,602,721,696,305,680
575,1023,0,519,1023,0,318,342,305,537,329,305,602,753,709,305,680
385,1023,0,245,1023,0,222,322,305,499,328,305,602,728,714,305,680
388,1023,0,288,1023,0,175,317,305,479,323,305,602,735,715,305,680
433,1023,0,313,1023,0,273,342,305,502,328,305,602,765,747,305,680
378,1023,0,266,1023,0,285,340,305,498,328,305,602,695,676,305,680
393,1023,0,285,1023,0,248,330,305,510,331,305,602,727,694,305,680
448,1023,0,274,1023,0,484,488,305,517,327,305,602,748,719,305,680
295,1023,0,352,1023,0,274,338,305,510,329,305,602,748,727,305,680
551,1023,0,466,1023,0,251,331,305,536,329,305,602,730,685,305,680
716,1023,0,825,1023,0,636,661,305,672,442,305,602,819,765,305,680
575,1023,0,511,1023,0,256,334,305,506,326,305,602,762,725,305,680
449,1023,0,341,1023,0,543,587,305,551,338,305,602,767,730,305,680
404,1023,0,379,1023,0,749,812,305,678,480,305,602,754,727,305,680
617,1023,0,365,1023,0,292,350,305,508,330,305,602,772,742,305,680
449,1023,0,387,1023,0,268,329,305,500,319,305,602,712,696,305,680
617,1023,0,522,1023,0,347,363,305,559,343,305,602,764,732,305,680
584,1023,0,478,1023,0,307,345,305,557,338,305,602,760,736,305,680
422,1023,0,319,1023,0,516,541,305,533,335,305,602,731,693,305,680
356,1023,0,231,1023,0,164,319,305,472,318,305,602,697,683,305,680
473,1023,0,261,1023,0,187,320,305,457,320,305,602,748,719,305,680
379,1023,0,283,1023,0,196,318,305,385,315,305,602,778,763,305,680
751,1023,0,678,1023,0,311,341,305,570,336,305,602,771,746,305,680
638,1023,0,513,1023,0,287,337,305,555,338,305,602,752,718,305,680
368,1023,0,178,1023,0,206,322,305,469,317,305,602,714,699,305,680
407,1023,0,253,1023,0,322,354,305,489,326,305,602,728,716,305,680
448,1023,0,328,1023,0,268,337,305,485,319,305,602,747,730,305,680
490,1023,0,434,1023,0,266,334,305,502,327,305,602,751,735,305,680
372,1023,0,211,1023,0,188,323,305,466,320,305,602,718,696,305,680
390,1023,0,198,1023,0,196,322,305,452,320,305,602,748,718,305,680
371,1023,0,269,1023,0,559,615,305,548,336,305,602,748,737,305,680
414,1023,0,282,1023,0,271,334,305,496,322,305,602,731,717,305,680
449,1023,0,476,1023,0,253,335,305,509,331,305,602,717,687,305,680
278,1023,0,343,1023,0,238,335,305,552,345,305,602,758,740,305,680
391,1023,0,388,1023,0,556,579,305,562,341,305,602,718,660,305,688
522,1023,0,362,1023,0,245,332,305,540,330,305,602,772,758,305,688
230,1023,0,135,1023,0,120,316,305,464,320,305,602,699,678,305,688
340,1023,0,214,1023,0,133,320,305,452,324,305,602,700,685,305,688
359,1023,0,314,1023,0,255,333,305,506,326,305,602,670,651,305,688
473,1023,0,260,1023,0,242,331,305,482,324,305,602,725,713,305,688
508,1023,0,455,1023,0,269,327,305,549,337,305,602,736,683,305,688
390,1023,0,138,1023,0,375,393,305,459,320,305,602,712,692,305,688
432,1023,0,241,1023,0,389,393,305,492,322,305,602,731,707,305,688
399,1023,0,318,1023,0,337,367,305,515,329,305,602,714,703,305,688
457,1023,0,321,1023,0,258,337,305,484,325,305,602,787,774,305,688
351,1023,0,185,1023,0,282,339,305,507,328,305,602,739,726,305,688
330,1023,0,161,1023,0,148,313,305,448,312,305,602,685,664,305,688
674,1023,0,608,1023,0,365,367,305,580,349,305,602,753,729,305,688
294,1023,0,149,1023,0,167,318,305,461,314,305,602,655,640,305,688
418,1023,0,235,1023,0,163,314,305,502,319,305,602,755,714,305,688
474,1023,0,264,1023,0,166,315,305,446,315,305,602,730,701,305,688
499,1023,0,296,1023,0,285,341,305,518,329,305,602,756,734,305,688
401,1023,0,380,1023,0,331,365,305,535,338,305,602,742,723,305,688
416,1023,0,280,1023,0,192,322,305,430,319,305,602,708,698,305,688
290,1023,0,185,1023,0,207,326,305,496,321,305,602,685,664,305,688
340,1023,0,231,1023,0,247,332,305,520,338,305,602,713,697,305,688
433,1023,0,464,1023,0,240,330,305,514,322,305,602,751,732,305,688
301,1023,0,125,1023,0,310,360,305,444,314,305,602,625,615,305,688
640,1023,0,705,1023,0,304,352,305,558,340,305,602,751,708,305,688
383,1023,0,513,1023,0,275,332,305,529,325,305,602,748,730,305,688
523,1023,0,274,1023,0,229,323,305,501,329,305,602,783,773,305,688
568,1023,0,540,1023,0,367,379,305,544,335,305,602,746,724,305,688
434,1023,0,337,1023,0,270,341,305,512,334,305,602,739,725,305,688
337,1023,0,336,1023,0,604,679,305,573,360,305,602,772,749,305,688
549,1023,0,726,1023,0,283,343,305,758,592,305,602,819,778,305,688
352,1023,0,250,1023,0,290,351,305,496,323,305,602,708,698,305,688
577,1023,0,685,1023,0,412,414,305,560,340,305,602,745,698,305,688
336,1023,0,254,1023,0,206,324,305,491,321,305,602,676,666,305,688
521,1023,0,620,1023,0,249,329,305,505,325,305,602,748,719,305,688
431,1023,0,474,1023,0,338,361,305,524,335,305,602,737,718,305,688
339,1023,0,317,1023,0,760,831,305,671,473,305,603,729,711,305,688
362,1023,0,252,1023,0,252,331,305,480,320,305,603,666,646,305,688
512,1023,0,419,1023,0,229,329,305,497,318,305,603,764,733,305,688
368,1023,0,367,1023,0,251,337,305,510,334,305,603,755,739,305,688
259,1023,0,398,1023,0,194,323,305,546,340,305,603,733,693,305,688
318,1023,0,275,1023,0,253,328,305,496,322,305,603,702,677,305,688
538,1023,0,386,1023,0,296,342,305,508,333,305,603,747,722,305,688
423,1023,0,269,1023,0,0,315,305,469,315,305,603,786,779,305,688
438,1023,0,364,1023,0,250,329,305,517,327,305,603,783,769,305,688
389,1023,0,198,1023,0,239,331,305,408,314,305,603,663,654,305,688
342,1023,0,199,1023,0,291,356,305,522,332,305,603,710,700,305,688
559,1023,0,509,1023,0,324,350,305,564,347,305,603,771,741,305,688
311,1023,0,203,1023,0,397,412,305,456,320,305,603,708,685,305,688
294,1023,0,150,1023,0,510,563,305,512,327,305,603,719,714,305,688
510,1023,0,423,1023,0,261,333,305,527,327,305,603,749,719,305,688
388,1023,0,196,1023,0,178,323,305,470,317,305,603,731,705,305,688
685,1023,0,532,1023,0,482,483,305,546,339,305,603,746,710,305,688
451,1023,0,372,1023,0,262,339,305,530,328,305,603,759,718,305,688
310,1023,0,137,1023,0,395,427,305,500,322,305,603,705,696,305,688
365,1023,0,353,1023,0,257,330,305,516,333,305,603,695,668,305,688
504,1023,0,343,1023,0,190,321,305,489,324,305,603,712,678,305,688
332,1023,0,250,1023,0,270,337,305,455,322,305,603,684,673,305,688
278,1023,0,235,1023,0,147,321,305,452,317,305,603,667,659,305,688
667,1023,0,728,1023,0,539,536,305,595,362,305,603,774,740,305,688
696,1023,0,466,1023,0,287,331,305,531,321,305,603,802,734,305,688
490,1023,0,278,1023,0,243,332,305,496,320,305,603,731,706,305,688
499,1023,0,376,1023,0,238,331,305,488,321,305,603,732,703,305,688
731,1023,0,703,1023,0,329,347,305,572,342,305,603,761,724,305,688
546,1023,0,307,1023,0,181,317,305,498,319,305,603,741,719,305,688
430,1023,0,307,1023,0,287,345,305,522,330,305,603,712,691,305,688
384,1023,0,321,1023,0,206,321,305,505,319,305,603,734,718,305,688
382,1023,0,277,1023,0,248,332,305,495,327,305,603,715,695,305,688
483,1023,0,461,1023,0,268,330,305,516,328,305,603,743,720,305,688
431,1023,0,412,1023,0,241,331,305,498,324,305,603,747,714,305,688
333,1023,0,279,1023,0,244,326,305,496,318,305,603,711,689,305,688
572,1023,0,412,1023,0,341,362,305,552,342,305,603,789,750,305,688
401,1023,0,286,1023,0,254,335,305,512,332,305,603,791,778,305,688
391,1023,0,231,1023,0,177,324,305,455,318,305,603,739,724,305,688
364,1023,0,298,1023,0,445,464,305,571,332,305,603,771,739,305,688
441,1023,0,350,1023,0,294,348,305,519,334,305,603,771,759,305,688
456,1023,0,348,1023,0,316,350,305,497,328,305,603,736,714,305,688
357,1023,0,415,1023,0,272,338,305,501,335,305,603,769,743,305,688
470,1023,0,375,1023,0,244,322,305,509,327,305,603,752,736,305,688
518,1023,0,412,1023,0,304,345,305,521,334,305,603,764,750,305,688
511,1023,0,528,1023,0,371,379,305,513,322,305,603,774,756,305,688
402,1023,0,219,1023,0,292,353,305,519,341,305,603,767,744,305,688
441,1023,0,228,1023,0,227,325,305,498,324,305,603,714,698,305,688
360,1023,0,174,1023,0,134,314,305,474,317,305,603,735,719,305,688
324,1023,0,154,1023,0,204,324,305,484,319,305,603,715,703,305,688
503,1023,0,389,1023,0,633,656,305,595,356,305,603,776,743,305,688
462,1023,0,308,1023,0,226,327,305,527,331,305,603,749,737,305,696
381,1023,0,183,1023,0,168,318,305,473,320,305,603,734,714,305,696
737,1023,0,761,1023,0,391,389,305,583,346,305,603,749,720,305,696
683,1023,0,735,1023,0,280,345,305,562,337,305,603,827,795,305,696
476,1023,0,455,1023,0,333,363,305,521,327,305,603,755,737,305,696
757,1023,0,581,1023,0,382,352,305,549,341,305,603,809,789,305,696
563,1023,0,816,1023,0,311,350,305,537,331,305,603,814,744,305,696
565,1023,0,444,1023,0,353,383,305,564,356,305,603,793,771,305,696
397,1023,0,213,1023,0,208,322,305,479,318,305,603,698,684,305,696
286,1023,0,164,1023,0,287,342,305,492,322,305,603,717,703,305,696
545,1023,0,287,1023,0,305,348,305,484,322,305,603,745,725,305,696
395,1023,0,402,1023,0,253,328,305,529,324,305,603,728,712,305,696
287,1023,0,257,1023,0,198,324,305,533,333,305,603,726,705,305,696
328,1023,0,332,1023,0,263,333,305,512,331,305,603,705,693,305,696
371,1023,0,202,1023,0,221,332,305,469,318,305,603,708,687,305,696
387,1023,0,342,1023,0,434,442,305,515,326,305,603,766,743,305,696
441,1023,0,360,1023,0,231,328,305,440,321,305,603,721,686,305,696
339,1023,0,247,1023,0,177,325,305,501,322,305,603,676,652,305,696
370,1023,0,249,1023,0,248,344,305,527,335,305,603,726,711,305,696
427,1023,0,290,1023,0,213,328,305,486,324,305,603,752,719,305,696
380,1023,0,192,1023,0,254,334,305,460,320,305,603,706,683,305,696
446,1023,0,335,1023,0,224,325,305,462,324,305,603,749,715,305,696
444,1023,0,243,1023,0,394,408,305,510,331,305,603,737,700,305,696
345,1023,0,242,1023,0,387,408,305,495,325,305,603,740,726,305,696
344,1023,0,300,1023,0,209,323,305,414,317,305,604,731,718,305,696
336,1023,0,222,1023,0,179,318,305,461,315,305,604,711,693,305,696
568,1023,0,507,1023,0,253,327,305,527,326,305,604,749,710,305,696
332,1023,0,224,1023,0,262,340,305,371,315,305,604,730,717,305,696
378,1023,0,228,1023,0,236,329,305,453,314,305,604,727,704,305,696
393,1023,0,329,1023,0,257,335,305,512,331,305,604,746,727,305,696
531,1023,0,387,1023,0,230,324,305,531,330,305,604,750,708,305,696
473,1023,0,291,1023,0,203,327,305,521,327,305,604,753,735,305,696
372,1023,0,239,1023,0,104,313,305,445,315,305,604,720,708,305,696
337,1023,0,236,1023,0,253,338,305,508,331,305,604,724,717,305,696
494,1023,0,316,1023,0,262,330,305,519,323,305,604,739,710,305,696
586,1023,0,474,1023,0,272,332,305,525,331,305,604,756,733,305,696
396,1023,0,339,1023,0,238,327,305,506,327,305,604,713,699,305,696
431,1023,0,335,1023,0,289,345,305,507,332,305,604,717,694,305,696
360,1023,0,190,1023,0,214,327,305,434,325,305,604,707,688,305,696
287,1023,0,138,1023,0,68,316,305,472,321,305,604,724,718,305,696
525,1023,0,338,1023,0,287,338,305,549,336,305,604,766,747,305,696
462,1023,0,276,1023,0,242,326,305,499,321,305,604,744,731,305,696
477,1023,0,262,1023,0,182,318,305,507,322,305,604,748,701,305,696
436,1023,0,537,1023,0,243,330,305,522,331,305,604,716,697,305,696
280,1023,0,164,1023,0,219,321,305,450,314,305,604,729,722,305,696
636,1023,0,493,1023,0,395,385,305,546,338,305,604,766,741,305,696
470,1023,0,189,1023,0,195,327,305,477,322,305,604,706,689,305,696
428,1023,0,261,1023,0,429,444,305,497,327,305,604,735,719,305,696
536,1023,0,419,1023,0,255,331,305,526,331,305,604,749,715,305,696
325,1023,0,310,1023,0,660,743,305,604,393,305,604,703,691,305,696
405,1023,0,204,1023,0,221,325,305,470,318,305,604,694,675,305,696
494,1023,0,572,1023,0,325,359,305,557,352,305,604,759,718,305,696
382,1023,0,285,1023,0,125,318,305,500,326,305,604,681,666,305,696
332,1023,0,202,1023,0,226,329,305,458,319,305,604,720,692,305,696
409,1023,0,233,1023,0,248,332,305,502,328,305,604,729,720,305,696
363,1023,0,355,1023,0,138,317,305,399,316,305,604,747,713,305,696
526,1023,0,359,1023,0,639,678,305,604,368,305,604,743,723,305,696
391,1023,0,442,1023,0,294,345,305,544,343,305,604,740,721,305,696
432,1023,0,459,1023,0,238,334,305,488,326,305,604,739,714,305,696
362,1023,0,230,1023,0,243,329,305,531,325,305,604,718,690,305,696
445,1023,0,316,1023,0,275,343,305,538,333,305,604,735,725,305,696
350,1023,0,178,1023,0,189,317,305,475,316,305,604,697,687,305,696
398,1023,0,502,1023,0,334,357,305,488,322,305,604,762,746,305,696
357,1023,0,293,1023,0,209,326,305,350,316,305,604,728,709,305,696
371,1023,0,279,1023,0,222,328,305,502,325,305,604,675,645,305,696
621,1023,0,518,1023,0,296,351,305,520,330,305,604,776,747,305,696
331,1023,0,195,1023,0,174,325,305,478,321,305,604,671,655,305,696
303,1023,0,298,1023,0,282,346,305,518,339,305,604,733,715,305,696
312,1023,0,210,1023,0,148,315,305,580,360,305,604,702,691,305,704
358,1023,0,284,1023,0,195,321,305,453,319,305,604,722,706,305,704
586,1023,0,814,1023,0,341,348,305,560,338,305,604,776,734,305,704
419,1023,0,539,1023,0,289,348,305,486,328,305,604,786,758,305,704
355,1023,0,226,1023,0,420,441,305,470,321,305,604,768,746,305,704
503,1023,0,262,1023,0,234,326,305,473,321,305,604,761,750,305,704
434,1023,0,214,1023,0,202,321,305,479,321,305,604,746,733,305,704
428,1023,0,394,1023,0,320,355,305,511,325,305,604,725,695,305,704
276,1023,0,167,1023,0,115,317,305,410,313,305,604,677,658,305,704
395,1023,0,397,1023,0,232,328,305,509,325,305,604,749,727,305,704
410,1023,0,285,1023,0,270,336,305,498,326,305,604,723,698,305,704
344,1023,0,404,1023,0,226,323,305,517,327,305,604,707,679,305,704
548,1023,0,494,1023,0,258,331,305,514,326,305,604,764,734,305,704
432,1023,0,307,1023,0,239,328,305,523,326,305,604,734,698,305,704
287,1023,0,249,1023,0,140,321,305,470,324,305,604,678,661,305,704
599,1023,0,764,1023,0,351,380,305,555,347,305,604,756,732,305,704
488,1023,0,363,1023,0,258,323,305,509,327,305,604,748,733,305,704
398,1023,0,444,1023,0,373,385,305,498,324,305,604,796,758,305,704
363,1023,0,181,1023,0,206,320,305,469,319,305,604,703,697,305,704
488,1023,0,453,1023,0,258,326,305,498,324,305,604,704,677,305,704
369,1023,0,187,1023,0,225,329,305,478,321,305,604,720,701,305,704
506,1023,0,447,1023,0,261,333,305,526,329,305,604,726,708,305,704
342,1023,0,159,1023,0,231,332,305,472,322,305,604,709,694,305,704
348,1023,0,334,1023,0,242,334,305,444,327,305,604,715,701,305,704
709,1023,0,535,1023,0,323,349,305,556,341,305,604,813,793,305,704
345,1023,0,181,1023,0,159,320,305,481,321,305,604,706,685,305,704
340,1023,0,171,1023,0,129,312,305,414,313,305,604,697,687,305,704
403,1023,0,314,1023,0,272,348,305,529,332,305,605,704,690,305,704
436,1023,0,384,1023,0,355,374,305,523,331,305,605,703,688,305,704
443,1023,0,352,1023,0,671,740,305,619,398,305,605,718,696,305,704
586,1023,0,524,1023,0,304,345,305,541,337,305,605,754,699,305,704
578,1023,0,772,1023,0,218,328,305,520,325,305,605,777,760,305,704
201,1023,0,343,1023,0,253,333,305,571,349,305,605,567,522,305,704
364,1023,0,397,1023,0,650,715,305,594,371,305,605,768,750,305,704
347,1023,0,253,1023,0,256,336,305,486,325,305,605,736,726,305,704
474,1023,0,287,1023,0,337,364,305,551,343,305,605,744,725,305,704
447,1023,0,382,1023,0,257,331,305,474,320,305,605,711,691,305,704
339,1023,0,225,1023,0,123,317,305,469,319,305,605,735,727,305,704
419,1023,0,373,1023,0,194,322,305,513,329,305,605,731,699,305,704
427,1023,0,199,1023,0,202,323,305,495,326,305,605,704,688,305,704
376,1023,0,158,1023,0,217,321,305,447,313,305,605,692,681,305,704
425,1023,0,193,1023,0,241,324,305,467,317,305,605,695,678,305,704
418,1023,0,315,1023,0,223,320,305,503,322,305,605,762,722,305,704
302,1023,0,173,1023,0,125,316,305,445,318,305,605,723,711,305,704
529,1023,0,309,1023,0,612,639,305,594,367,305,605,721,692,305,704
418,1023,0,172,1023,0,201,326,305,402,314,305,605,724,712,305,704
439,1023,0,316,1023,0,252,332,305,507,336,305,605,737,696,305,704
375,1023,0,249,1023,0,181,321,305,509,324,305,605,718,695,305,704
497,1023,0,386,1023,0,309,350,305,482,318,305,605,725,705,305,704
516,1023,0,476,1023,0,244,328,305,499,326,305,605,809,773,305,704
317,1023,0,192,1023,0,217,327,305,489,320,305,605,716,708,305,704
485,1023,0,375,1023,0,383,391,305,550,341,305,605,746,734,305,704
354,1023,0,267,1023,0,254,333,305,485,322,305,605,748,737,305,704
418,1023,0,310,1023,0,197,325,305,478,320,305,605,734,716,305,704
322,1023,0,250,1023,0,270,336,305,438,319,305,605,710,696,305,704
449,1023,0,331,1023,0,270,342,305,522,327,305,605,754,735,305,704
439,1023,0,371,1023,0,605,641,305,566,346,305,605,737,716,305,704
373,1023,0,209,1023,0,215,328,305,511,328,305,605,722,706,305,704
335,1023,0,140,1023,0,173,318,305,403,315,305,605,680,668,305,704
362,1023,0,335,1023,0,239,329,305,526,326,305,605,667,613,305,704
312,1023,0,317,1023,0,248,330,305,483,322,305,605,725,702,305,704
408,1023,0,248,1023,0,225,330,305,522,333,305,605,718,705,305,704
472,1023,0,383,1023,0,527,546,305,545,337,305,605,777,753,305,704
458,1023,0,440,1023,0,296,340,305,548,335,305,605,739,714,305,704
397,1023,0,273,1023,0,220,329,305,506,322,305,605,749,735,305,704
377,1023,0,246,1023,0,183,326,305,437,317,305,605,717,690,305,704
381,1023,0,193,1023,0,225,326,305,441,315,305,605,726,713,305,704
365,1023,0,232,1023,0,217,325,305,492,325,305,605,722,711,305,704
355,1023,0,244,1023,0,236,324,305,507,332,305,605,735,715,305,704
359,1023,0,188,1023,0,201,321,305,496,323,305,605,718,706,305,704
504,1023,0,269,1023,0,505,527,305,560,343,305,605,765,743,305,704
501,1023,0,336,1023,0,252,333,305,513,321,305,605,729,698,305,704
341,1023,0,244,1023,0,598,651,305,566,347,305,605,713,687,305,704
562,1023,0,648,1023,0,360,368,305,582,353,305,605,798,758,305,704
328,1023,0,190,1023,0,178,320,305,454,320,305,605,702,689,305,704
467,1023,0,395,1023,0,266,340,305,521,331,305,605,741,725,305,704
363,1023,0,374,1023,0,226,323,305,502,332,305,605,752,719,305,712
531,1023,0,359,1023,0,295,336,305,497,323,305,605,722,684,305,712
360,1023,0,301,1023,0,273,342,305,497,332,305,605,752,724,305,712
341,1023,0,179,1023,0,238,320,305,499,323,305,605,707,698,305,712
395,1023,0,506,1023,0,212,322,305,486,322,305,605,762,747,305,712
454,1023,0,411,1023,0,243,323,305,499,324,305,605,756,730,305,712
487,1023,0,338,1023,0,213,323,305,474,325,305,605,751,738,305,712
443,1023,0,606,1023,0,352,379,305,573,360,305,605,796,779,305,712
364,1023,0,276,1023,0,186,326,305,557,348,305,605,680,648,305,712
296,1023,0,219,1023,0,403,429,305,489,327,305,605,709,691,305,712
373,1023,0,283,1023,0,467,479,305,539,346,305,605,723,711,305,712
371,1023,0,213,1023,0,185,326,305,488,323,305,605,702,692,305,712
744,1023,0,576,1023,0,352,359,305,576,348,305,605,767,722,305,712
405,1023,0,545,1023,0,313,347,305,545,337,305,605,778,758,305,712
354,1023,0,196,1023,0,162,321,305,460,319,305,605,742,722,305,712
467,1023,0,256,1023,0,208,326,305,468,316,305,605,734,707,305,712
366,1023,0,211,1023,0,454,481,305,520,329,305,605,687,677,305,712
387,1023,0,314,1023,0,221,324,305,485,321,305,605,727,713,305,712
433,1023,0,321,1023,0,230,324,305,528,327,305,605,749,738,305,712
433,1023,0,262,1023,0,156,319,305,459,315,305,605,744,720,305,712
413,1023,0,349,1023,0,332,369,305,503,321,305,605,722,697,305,712
438,1023,0,341,1023,0,211,322,305,520,329,305,605,732,692,305,712
584,1023,0,503,1023,0,338,351,305,535,331,305,605,729,693,305,712
535,1023,0,457,1023,0,238,336,305,509,333,305,605,715,694,305,712
372,1023,0,261,1023,0,276,337,305,462,326,305,605,700,668,305,712
436,1023,0,344,1023,0,196,323,305,498,322,305,605,701,685,305,712
435,1023,0,504,1023,0,285,341,305,527,333,305,605,742,713,305,712
298,1023,0,141,1023,0,122,318,305,361,317,305,605,647,632,305,712
328,1023,0,176,1023,0,476,519,305,534,336,305,605,702,690,305,712
305,1023,0,233,1023,0,135,320,305,515,322,305,606,734,714,305,712
451,1023,0,355,1023,0,255,332,305,504,325,305,606,760,728,305,712
404,1023,0,302,1023,0,398,414,305,476,322,305,606,734,720,305,712
413,1023,0,344,1023,0,262,334,305,517,326,305,606,724,694,305,712
495,1023,0,310,1023,0,199,322,305,477,316,305,606,730,703,305,712
266,1023,0,146,1023,0,174,320,305,441,320,305,606,690,675,305,712
446,1023,0,252,1023,0,216,326,305,480,317,305,606,756,742,305,712
320,1023,0,130,1023,0,159,322,305,459,317,305,606,738,724,305,712
361,1023,0,187,1023,0,163,320,305,467,315,305,606,726,716,305,712
489,1023,0,421,1023,0,623,665,305,588,355,305,606,796,773,305,712
363,1023,0,164,1023,0,187,323,305,429,317,305,606,718,703,305,712
327,1023,0,157,1023,0,274,340,305,413,312,305,606,692,655,305,712
487,1023,0,504,1023,0,306,342,305,515,328,305,606,794,775,305,712
384,1023,0,182,1023,0,406,424,305,502,331,305,606,703,667,305,712
420,1023,0,250,1023,0,274,331,305,433,319,305,606,727,707,305,712
433,1023,0,444,1023,0,874,928,306,750,604,305,606,765,747,305,712
357,1023,0,246,1023,0,207,326,305,473,324,305,606,719,703,305,712
519,1023,0,455,1023,0,234,325,305,564,337,305,606,722,702,305,712
474,1023,0,412,1023,0,221,327,305,530,330,305,606,738,721,305,712
312,1023,0,253,1023,0,181,318,305,475,321,305,606,713,702,305,712
375,1023,0,307,1023,0,246,331,305,508,327,305,606,766,742,305,712
337,1023,0,330,1023,0,620,701,305,578,368,305,606,712,693,305,712
433,1023,0,327,1023,0,306,346,305,520,334,305,606,684,665,305,712
416,1023,0,214,1023,0,284,346,305,486,320,305,606,722,707,305,712
348,1023,0,260,1023,0,310,352,305,503,326,305,606,689,680,305,712
441,1023,0,484,1023,0,265,331,305,491,323,305,606,716,701,305,712
380,1023,0,195,1023,0,521,569,305,522,332,305,606,708,690,305,712
446,1023,0,372,1023,0,374,383,305,502,321,305,606,737,718,305,712
206,1023,0,171,1023,0,184,321,305,464,317,305,606,596,588,305,712
359,1023,0,213,1023,0,586,636,305,557,350,305,606,733,713,305,712
352,1023,0,377,1023,0,287,339,305,528,330,305,606,786,765,305,720
406,1023,0,221,1023,0,239,333,305,454,322,305,606,738,721,305,720
322,1023,0,259,1023,0,122,318,305,450,318,305,606,690,664,305,720
496,1023,0,275,1023,0,239,338,305,498,324,305,606,723,698,305,720
357,1023,0,196,1023,0,253,330,305,468,323,305,606,687,676,305,720
403,1023,0,317,1023,0,210,324,305,485,319,305,606,714,693,305,720
766,1023,0,707,1023,0,330,352,305,527,327,305,606,810,729,305,720
365,1023,0,252,1023,0,181,318,305,481,323,305,606,728,714,305,720
407,1023,0,278,1023,0,553,592,305,556,344,305,606,741,715,305,720
549,1023,0,392,1023,0,270,335,305,551,335,305,606,772,705,305,720
464,1023,0,408,1023,0,323,359,305,514,328,305,606,728,699,305,720
318,1023,0,193,1023,0,142,314,305,451,313,305,606,708,690,305,720
479,1023,0,305,1023,0,277,343,305,509,326,305,606,741,719,305,720
443,1023,0,512,1023,0,245,328,305,562,339,305,606,687,650,305,720
456,1023,0,531,1023,0,284,349,305,538,339,305,606,735,715,305,720
502,1023,0,324,1023,0,476,458,305,542,333,305,606,751,704,305,720
603,1023,0,478,1023,0,637,678,305,606,367,305,606,775,747,305,720
304,1023,0,151,1023,0,545,610,305,533,336,305,606,709,703,305,720
525,1023,0,359,1023,0,270,328,305,509,323,305,606,741,724,305,720
376,1023,0,399,1023,0,344,359,305,539,327,305,606,750,712,305,720
358,1023,0,220,1023,0,576,641,305,540,341,305,606,669,662,305,720
663,1023,0,851,1023,0,333,344,305,561,340,305,606,802,766,305,720
273,1023,0,131,1023,0,408,447,305,449,319,305,606,639,627,305,720
451,1023,0,398,1023,0,248,330,305,457,318,305,606,743,729,305,720
354,1023,0,187,1023,0,275,336,305,497,326,305,606,712,692,305,720
562,1023,0,290,1023,0,230,322,305,481,315,305,606,778,763,305,720
397,1023,0,304,1023,0,243,331,305,492,323,305,606,720,709,305,720
516,1023,0,537,1023,0,247,336,305,506,330,305,606,770,754,305,720
493,1023,0,333,1023,0,608,641,305,586,352,305,606,743,698,305,720
486,1023,0,304,1023,0,215,323,305,446,313,305,606,720,692,305,720
443,1023,0,369,1023,0,242,328,305,500,328,305,606,747,721,305,720
378,1023,0,225,1023,0,420,438,305,496,327,305,606,724,707,305,720
467,1023,0,290,1023,0,296,343,305,485,320,305,606,732,711,305,720
389,1023,0,368,1023,0,565,615,305,549,341,305,606,710,669,305,720
354,1023,0,302,1023,0,344,366,305,503,327,305,606,697,657,305,720
538,1023,0,376,1023,0,306,347,305,505,325,305,606,752,729,305,720
532,1023,0,514,1023,0,287,343,305,522,331,305,606,766,727,305,720
367,1023,0,304,1023,0,227,330,305,501,328,305,606,734,722,305,720
470,1023,0,318,1023,0,343,368,305,526,326,305,607,733,721,305,720
622,1023,0,466,1023,0,267,337,305,511,327,305,607,793,771,305,720
254,1023,0,226,1023,0,218,320,305,488,318,305,607,707,696,305,720
489,1023,0,227,1023,0,279,340,305,493,320,305,607,722,713,305,720
330,1023,0,156,1023,0,175,316,305,439,310,305,607,723,707,305,720
512,1023,0,356,1023,0,285,332,305,519,326,305,607,737,721,305,720
557,1023,0,559,1023,0,318,360,305,549,349,305,607,759,724,305,720
331,1023,0,248,1023,0,217,328,305,449,324,305,607,714,688,305,720
445,1023,0,214,1023,0,427,442,305,501,323,305,607,720,709,305,720
356,1023,0,241,1023,0,214,322,305,483,328,305,607,724,709,305,720
323,1023,0,206,1023,0,238,331,305,492,324,305,607,722,713,305,720
358,1023,0,299,1023,0,234,326,305,506,329,305,607,702,690,305,720
330,1023,0,227,1023,0,568,642,305,560,354,305,607,720,699,305,720
502,1023,0,598,1023,0,258,337,305,558,340,305,607,745,718,305,720
498,1023,0,459,1023,0,303,354,305,539,340,305,607,766,746,305,720
415,1023,0,270,1023,0,94,319,305,477,320,305,607,721,693,305,720
449,1023,0,450,1023,0,290,345,305,495,330,305,607,723,686,305,720
363,1023,0,357,1023,0,250,334,305,520,336,305,607,727,702,305,720
520,1023,0,421,1023,0,301,347,305,506,325,305,607,767,749,305,720
304,1023,0,144,1023,0,138,317,305,352,310,305,607,694,672,305,720
464,1023,0,418,1023,0,231,324,305,513,329,305,607,769,748,305,720
426,1023,0,391,1023,0,171,322,305,524,334,305,607,733,702,305,720
273,1023,0,186,1023,0,229,324,305,478,322,305,607,714,698,305,720
658,1023,0,466,1023,0,253,324,305,528,331,305,607,777,756,305,720
464,1023,0,308,1023,0,230,325,305,509,323,305,607,737,702,305,720
574,1023,0,368,1023,0,527,538,305,563,341,305,607,752,701,305,720
527,1023,0,441,1023,0,344,370,305,554,345,305,607,765,733,305,720
464,1023,0,336,1023,0,175,325,305,521,329,305,607,756,734,305,720
432,1023,0,207,1023,0,200,322,305,397,317,305,607,733,719,305,720
328,1023,0,261,1023,0,248,328,305,487,323,305,607,716,699,305,720
494,1023,0,447,1023,0,333,364,305,533,339,305,607,724,695,305,720
405,1023,0,352,1023,0,287,339,305,527,330,305,607,736,716,305,720
444,1023,0,339,1023,0,178,322,305,538,336,305,607,693,646,305,720
450,1023,0,337,1023,0,287,352,305,520,334,305,607,764,752,305,720
322,1023,0,176,1023,0,175,324,305,484,324,305,607,735,709,305,720
447,1023,0,278,1023,0,259,338,305,507,331,305,607,752,741,305,720
489,1023,0,327,1023,0,571,615,305,574,346,305,607,750,733,305,720
310,1023,0,210,1023,0,131,323,305,519,322,305,607,740,726,305,720
331,1023,0,237,1023,0,259,337,305,463,323,305,607,665,635,305,720
276,1023,0,114,1023,0,527,591,305,500,327,305,607,650,631,305,720
393,1023,0,228,1023,0,276,337,305,485,326,305,607,708,675,305,720
450,1023,0,339,1023,0,304,339,305,506,324,305,607,721,687,305,728
497,1023,0,535,1023,0,279,339,305,521,335,305,607,759,738,305,728
450,1023,0,365,1023,0,197,326,305,526,331,305,607,744,719,305,728
403,1023,0,292,1023,0,193,320,305,464,319,305,607,742,720,305,728
286,1023,0,148,1023,0,233,325,305,412,314,305,607,717,702,305,728
382,1023,0,443,1023,0,210,321,305,525,327,305,607,717,669,305,728
385,1023,0,307,1023,0,290,337,305,482,322,305,607,756,741,305,728
409,1023,0,684,1023,0,305,346,305,602,366,305,607,754,737,305,728
299,1023,0,164,1023,0,207,323,305,415,315,305,607,674,663,305,728
392,1023,0,286,1023,0,236,335,305,501,329,305,607,725,697,305,728
310,1023,0,123,1023,0,141,321,305,495,323,305,607,673,661,305,728
417,1023,0,229,1023,0,215,319,305,469,319,305,607,743,712,305,728
265,1023,0,130,1023,0,158,321,305,394,314,305,607,681,657,305,728
475,1023,0,237,1023,0,261,334,305,491,324,305,607,712,699,305,728
406,1023,0,406,1023,0,335,363,305,497,328,305,607,754,738,305,728
257,1023,0,266,1023,0,681,765,305,615,401,305,607,703,687,305,728
368,1023,0,215,1023,0,138,317,305,424,318,305,607,719,703,305,728
558,1023,0,438,1023,0,221,325,305,520,329,305,607,753,726,305,728
325,1023,0,174,1023,0,112,318,305,414,316,305,607,673,642,305,728
442,1023,0,230,1023,0,410,401,305,468,321,305,607,703,694,305,728
451,1023,0,313,1023,0,544,555,305,542,339,305,607,695,657,305,728
426,1023,0,377,1023,0,360,377,305,491,319,305,607,767,749,305,728
356,1023,0,250,1023,0,171,325,305,452,318,305,607,711,700,305,728
344,1023,0,317,1023,0,298,354,305,512,331,305,607,709,696,305,728
712,1023,0,787,1023,0,728,773,305,670,443,305,607,742,709,305,728
450,1023,0,333,1023,0,461,484,305,537,338,305,607,724,701,305,728
456,1023,0,433,1023,0,270,342,305,538,337,305,607,745,727,305,728
444,1023,0,362,1023,0,495,509,305,567,347,305,607,772,745,305,728
489,1023,0,324,1023,0,248,331,305,513,328,305,607,725,692,305,728
278,1023,0,226,1023,0,198,318,305,413,315,305,607,728,713,305,728
389,1023,0,333,1023,0,246,335,305,500,329,305,607,681,639,305,728
436,1023,0,287,1023,0,229,326,305,512,325,305,607,740,722,305,728
464,1023,0,392,1023,0,221,319,305,475,320,305,607,749,728,305,728
313,1023,0,213,1023,0,244,335,305,478,328,305,607,701,690,305,728
356,1023,0,192,1023,0,188,321,305,483,317,305,607,693,684,305,728
355,1023,0,485,1023,0,313,357,305,548,343,305,607,752,741,305,728
634,1023,0,644,1023,0,329,353,305,541,331,305,607,757,738,305,728
518,1023,0,375,1023,0,290,341,305,449,321,305,607,714,682,305,728
776,1023,0,606,1023,0,236,328,305,533,323,305,608,794,711,305,728
306,1023,0,172,1023,0,195,324,305,483,320,305,608,718,708,305,728
365,1023,0,165,1023,0,128,318,305,434,314,305,608,738,723,305,728
516,1023,0,490,1023,0,277,340,305,541,336,305,608,773,754,305,728
461,1023,0,376,1023,0,166,323,305,507,331,305,608,738,704,305,728
373,1023,0,265,1023,0,172,322,305,498,324,305,608,724,690,305,728
419,1023,0,481,1023,0,175,327,305,541,333,305,608,708,664,305,728
373,1023,0,221,1023,0,239,325,305,438,314,305,608,738,720,305,728
331,1023,0,196,1023,0,215,327,305,444,319,305,608,719,700,305,728
388,1023,0,347,1023,0,263,329,305,701,486,305,608,822,791,305,728
385,1023,0,382,1023,0,410,425,305,521,334,305,608,757,722,305,728
315,1023,0,188,1023,0,190,321,305,440,319,305,608,723,700,305,728
384,1023,0,294,1023,0,315,346,305,511,321,305,608,776,763,305,728
419,1023,0,400,1023,0,130,320,305,526,335,305,608,712,673,305,728
349,1023,0,241,1023,0,216,323,305,435,310,305,608,726,704,305,728
405,1023,0,253,1023,0,232,324,305,498,322,305,608,728,715,305,728
352,1023,0,296,1023,0,422,454,305,531,332,305,608,766,751,305,728
451,1023,0,353,1023,0,278,353,305,517,328,305,608,735,714,305,728
499,1023,0,372,1023,0,276,335,305,521,326,305,608,750,730,305,728
432,1023,0,319,1023,0,804,862,305,702,517,305,608,721,704,305,728
468,1023,0,361,1023,0,241,330,305,489,322,305,608,774,745,305,728
379,1023,0,381,1023,0,255,328,305,534,331,305,608,741,717,305,728
400,1023,0,285,1023,0,289,348,305,514,332,305,608,748,713,305,728
403,1023,0,191,1023,0,184,322,305,463,321,305,608,725,693,305,728
343,1023,0,387,1023,0,619,687,305,588,364,305,608,725,714,305,728
435,1023,0,314,1023,0,214,331,305,477,318,305,608,736,729,305,728
247,1023,0,136,1023,0,170,314,305,415,311,305,608,703,683,305,728
666,1023,0,712,1023,0,295,332,305,568,331,305,608,770,719,305,728
527,1023,0,323,1023,0,239,333,305,511,330,305,608,747,735,305,728
483,1023,0,523,1023,0,283,335,305,530,328,305,608,750,716,305,728
358,1023,0,125,1023,0,31,310,305,407,314,305,608,647,635,305,728
579,1023,0,423,1023,0,251,332,305,496,322,305,608,728,676,305,728
412,1023,0,337,1023,0,208,322,305,505,322,305,608,784,770,305,728
380,1023,0,312,1023,0,195,317,305,458,317,305,608,713,688,305,736
353,1023,0,213,1023,0,218,329,305,454,318,305,608,713,694,305,736
325,1023,0,189,1023,0,263,337,305,516,328,305,608,731,724,305,736
411,1023,0,255,1023,0,235,332,305,524,331,305,608,736,718,305,736
436,1023,0,320,1023,0,249,334,305,511,325,305,608,775,762,305,736
568,1023,0,428,1023,0,210,325,305,515,323,305,608,774,737,305,736
421,1023,0,264,1023,0,264,322,305,443,316,305,608,698,686,305,736
450,1023,0,435,1023,0,519,559,305,572,355,305,608,720,677,305,736
345,1023,0,223,1023,0,221,323,305,491,325,305,608,710,698,305,736
282,1023,0,267,1023,0,169,321,305,445,322,305,608,709,697,305,736
346,1023,0,238,1023,0,209,324,305,474,321,305,608,694,682,305,736
345,1023,0,229,1023,0,768,833,305,674,471,305,608,698,684,305,736
322,1023,0,260,1023,0,176,316,305,442,316,305,608,742,730,305,736
503,1023,0,390,1023,0,268,337,305,551,338,305,608,764,723,305,736
409,1023,0,303,1023,0,251,333,305,511,330,305,608,712,689,305,736
404,1023,0,280,1023,0,249,332,305,513,332,305,608,701,669,305,736
476,1023,0,403,1023,0,224,326,305,488,326,305,608,756,734,305,736
495,1023,0,389,1023,0,227,329,305,546,337,305,608,748,734,305,736
296,1023,0,263,1023,0,533,582,305,540,340,305,608,717,708,305,736
340,1023,0,136,1023,0,0,316,305,425,314,305,608,710,696,305,736
473,1023,0,250,1023,0,252,334,305,527,329,305,608,752,732,305,736
410,1023,0,222,1023,0,195,321,305,476,320,305,608,727,719,305,736
318,1023,0,181,1023,0,184,325,305,468,319,305,608,707,695,305,736
358,1023,0,168,1023,0,150,313,305,459,313,305,608,693,681,305,736
380,1023,0,330,1023,0,223,330,305,495,328,305,608,718,705,305,736
435,1023,0,333,1023,0,316,352,305,524,326,305,608,740,719,305,736
324,1023,0,208,1023,0,153,315,305,453,314,305,608,746,728,305,736
662,1023,0,612,1023,0,337,339,305,552,326,305,608,816,767,305,736
347,1023,0,316,1023,0,161,324,305,504,330,305,608,758,729,305,736
345,1023,0,229,1023,0,256,340,305,470,322,305,608,706,691,305,736
520,1023,0,357,1023,0,309,350,305,526,335,305,608,808,795,305,736
386,1023,0,465,1023,0,623,691,305,583,363,305,608,712,677,305,736
391,1023,0,385,1023,0,296,343,305,540,343,305,608,729,712,305,736
450,1023,0,249,1023,0,184,321,305,459,317,305,608,749,736,305,736
392,1023,0,433,1023,0,248,334,305,470,317,305,608,742,712,305,736
453,1023,0,334,1023,0,207,320,305,491,324,305,608,762,722,305,736
396,1023,0,422,1023,0,290,343,305,496,323,305,609,736,713,305,736
290,1023,0,231,1023,0,283,345,305,509,327,305,609,674,660,305,736
454,1023,0,485,1023,0,384,390,305,540,332,305,609,741,716,305,736
356,1023,0,323,1023,0,218,326,305,456,312,305,609,720,695,305,736
362,1023,0,191,1023,0,185,314,305,417,313,305,609,665,637,305,736
500,1023,0,588,1023,0,244,328,305,503,326,305,609,788,747,305,736
341,1023,0,217,1023,0,340,370,305,492,321,305,609,685,672,305,736
307,1023,0,197,1023,0,302,355,305,483,323,305,609,727,708,305,736
424,1023,0,248,1023,0,188,324,305,491,325,305,609,743,728,305,736
595,1023,0,337,1023,0,254,330,305,512,327,305,609,770,755,305,736
412,1023,0,355,1023,0,227,329,305,523,327,305,609,758,725,305,736
408,1023,0,274,1023,0,234,322,305,466,324,305,609,734,721,305,736
395,1023,0,341,1023,0,207,319,305,475,318,305,609,785,777,305,736
360,1023,0,182,1023,0,431,445,305,504,319,305,609,701,680,305,736
430,1023,0,411,1023,0,244,333,305,509,330,305,609,733,701,305,736
593,1023,0,389,1023,0,283,334,305,472,321,305,609,760,737,305,736
337,1023,0,292,1023,0,321,360,305,475,320,305,609,760,736,305,736
363,1023,0,375,1023,0,301,353,305,541,338,305,609,702,670,305,736
491,1023,0,510,1023,0,247,331,305,531,330,305,609,691,659,305,736
392,1023,0,440,1023,0,291,344,305,530,331,305,609,762,750,305,736
514,1023,0,361,1023,0,303,343,305,538,332,305,609,727,684,305,736
341,1023,0,226,1023,0,308,356,305,457,320,305,609,664,651,305,736
405,1023,0,275,1023,0,198,327,305,499,324,305,609,713,699,305,736
465,1023,0,338,1023,0,507,532,305,536,328,305,609,755,737,305,736
385,1023,0,244,1023,0,256,339,305,488,327,305,609,728,718,305,736
320,1023,0,301,1023,0,624,666,305,590,363,305,609,681,663,305,736
302,1023,0,188,1023,0,224,328,305,499,324,305,609,742,723,305,744
518,1023,0,281,1023,0,324,349,305,500,329,305,609,741,719,305,744
611,1023,0,413,1023,0,314,340,305,551,333,305,609,740,716,305,744
437,1023,0,475,1023,0,244,325,305,520,322,305,609,780,748,305,744
495,1023,0,484,1023,0,228,327,305,508,322,305,609,750,720,305,744
444,1023,0,359,1023,0,284,339,305,535,332,305,609,731,698,305,744
501,1023,0,384,1023,0,400,413,305,510,325,305,609,728,693,305,744
542,1023,0,507,1023,0,237,338,305,527,334,305,609,751,724,305,744
479,1023,0,340,1023,0,321,352,305,532,334,305,609,743,724,305,744
525,1023,0,365,1023,0,350,365,305,512,319,305,609,787,764,305,744
472,1023,0,255,1023,0,172,319,305,455,320,305,609,751,728,305,744
435,1023,0,330,1023,0,178,322,305,479,320,305,609,712,701,305,744
593,1023,0,423,1023,0,282,344,305,526,338,305,609,773,761,305,744
652,1023,0,495,1023,0,329,356,305,523,340,305,609,779,736,305,744
381,1023,0,285,1023,0,442,461,305,516,330,305,609,679,658,305,744
319,1023,0,148,1023,0,64,317,305,406,317,305,609,706,680,305,744
392,1023,0,268,1023,0,284,342,305,495,326,305,609,711,681,305,744
362,1023,0,275,1023,0,156,315,305,438,315,305,609,703,677,305,744
391,1023,0,232,1023,0,720,775,305,641,406,305,609,718,687,305,744
365,1023,0,151,1023,0,162,318,305,459,317,305,609,716,703,305,744
766,1023,0,664,1023,0,355,356,305,569,335,305,609,792,760,305,744
581,1023,0,414,1023,0,309,340,305,507,324,305,609,744,716,305,744
350,1023,0,270,1023,0,308,350,305,473,326,305,609,745,734,305,744
617,1023,0,686,1023,0,280,335,305,532,335,305,609,764,720,305,744
442,1023,0,305,1023,0,215,323,305,511,326,305,609,725,703,305,744
261,1023,0,117,1023,0,129,316,305,471,323,305,609,620,611,305,744
435,1023,0,356,1023,0,215,329,305,521,332,305,609,720,691,305,744
410,1023,0,288,1023,0,231,326,305,502,322,305,609,738,726,305,744
548,1023,0,333,1023,0,461,441,305,545,335,305,609,758,738,305,744
313,1023,0,162,1023,0,148,319,305,461,319,305,609,699,684,305,744
393,1023,0,201,1023,0,239,324,305,478,321,305,609,728,715,305,744
457,1023,0,379,1023,0,234,328,305,500,329,305,609,672,629,305,744
306,1023,0,141,1023,0,190,318,305,465,319,305,609,708,696,305,744
521,1023,0,426,1023,0,261,329,305,525,327,305,609,760,735,305,744
411,1023,0,373,1023,0,293,343,305,529,333,305,609,754,729,305,744
507,1023,0,448,1023,0,298,342,305,544,332,305,609,775,755,305,744
417,1023,0,453,1023,0,229,333,305,499,333,305,609,727,714,305,744
322,1023,0,344,1023,0,232,323,305,493,325,305,609,723,695,305,744
372,1023,0,318,1023,0,195,326,305,460,322,305,609,752,737,305,744
349,1023,0,228,1023,0,238,327,305,508,326,305,609,756,737,305,744
545,1023,0,431,1023,0,245,330,305,515,323,305,609,734,717,305,744
422,1023,0,182,1023,0,258,340,305,526,331,305,609,705,676,305,744
366,1023,0,249,1023,0,184,318,305,467,324,305,609,728,720,305,744
534,1023,0,367,1023,0,250,322,305,504,324,305,609,739,723,305,744
307,1023,0,128,1023,0,159,316,305,388,310,305,609,701,694,305,744
400,1023,0,236,1023,0,588,647,305,563,352,305,609,719,711,305,744
432,1023,0,428,1023,0,343,372,305,558,350,305,610,774,754,305,744
382,1023,0,169,1023,0,274,339,305,491,324,305,610,723,707,305,744
286,1023,0,227,1023,0,222,327,305,486,321,305,610,714,692,305,744
488,1023,0,308,1023,0,777,824,305,681,467,305,610,743,727,305,744
523,1023,0,515,1023,0,287,341,305,516,322,305,610,765,736,305,744
325,1023,0,320,1023,0,212,324,305,635,419,305,610,724,711,305,744
486,1023,0,477,1023,0,265,333,305,541,335,305,610,738,715,305,744
462,1023,0,260,1023,0,190,324,305,484,320,305,610,742,718,305,744
317,1023,0,127,1023,0,169,322,305,483,321,305,610,711,691,305,744
246,1023,0,176,1023,0,365,404,305,486,328,305,610,730,717,305,744
600,1023,0,621,1023,0,327,353,305,552,339,305,610,798,757,305,744
245,1023,0,175,1023,0,231,331,305,459,316,305,610,698,688,305,744
374,1023,0,315,1023,0,231,329,305,521,325,305,610,742,705,305,744
336,1023,0,180,1023,0,141,316,305,449,319,305,610,684,676,305,752
402,1023,0,330,1023,0,624,694,305,580,361,305,610,751,742,305,752
389,1023,0,198,1023,0,605,666,305,583,364,305,610,711,702,305,752
412,1023,0,231,1023,0,519,549,305,520,327,305,610,757,739,305,752
367,1023,0,225,1023,0,434,463,305,510,331,305,610,664,650,305,752
478,1023,0,491,1023,0,356,370,305,549,341,305,610,789,768,305,752
283,1023,0,132,1023,0,162,317,305,424,313,305,610,685,674,305,752
365,1023,0,186,1023,0,198,323,305,489,323,305,610,727,720,305,752
565,1023,0,378,1023,0,295,341,305,501,323,305,610,746,713,305,752
411,1023,0,353,1023,0,550,600,305,593,373,305,610,744,724,305,752
485,1023,0,561,1023,0,375,382,305,523,326,305,610,736,723,305,752
579,1023,0,644,1023,0,252,332,305,695,472,305,610,823,800,305,752
603,1023,0,461,1023,0,476,461,305,553,330,305,610,771,738,305,752
382,1023,0,284,1023,0,235,338,305,494,329,305,610,733,723,305,752
387,1023,0,219,1023,0,229,321,305,520,337,305,610,707,694,305,752
507,1023,0,404,1023,0,250,329,305,498,328,305,610,764,739,305,752
516,1023,0,535,1023,0,207,323,305,507,329,305,610,742,719,305,752
505,1023,0,296,1023,0,292,341,305,512,330,305,610,723,708,305,752
457,1023,0,467,1023,0,193,328,305,555,350,305,610,749,730,305,752
284,1023,0,169,1023,0,469,505,305,499,329,305,610,700,677,305,752
347,1023,0,198,1023,0,533,589,305,552,349,305,610,737,708,305,752
306,1023,0,192,1023,0,173,319,305,462,317,305,610,673,654,305,752
441,1023,0,418,1023,0,265,334,305,543,331,305,610,712,668,305,752
431,1023,0,412,1023,0,254,329,305,460,324,305,610,741,717,305,752
418,1023,0,242,1023,0,239,334,305,495,325,305,610,745,714,305,752
424,1023,0,241,1023,0,232,328,305,479,320,305,610,722,687,305,752
473,1023,0,458,1023,0,276,338,305,538,338,305,610,755,734,305,752
563,1023,0,406,1023,0,263,325,305,525,329,305,610,792,764,305,752
695,1023,0,700,1023,0,323,337,305,568,334,305,610,815,783,305,752
456,1023,0,450,1023,0,266,339,305,542,338,305,610,747,735,305,752
760,1023,0,607,1023,0,647,689,305,628,369,305,610,820,734,305,752
346,1023,0,231,1023,0,576,641,305,565,346,305,610,738,713,305,752
593,1023,0,560,1023,0,399,401,305,548,336,305,610,771,747,305,752
533,1023,0,354,1023,0,203,326,305,510,328,305,610,718,687,305,752
433,1023,0,256,1023,0,216,332,305,495,323,305,610,748,734,305,752
453,1023,0,412,1023,0,385,391,305,530,326,305,610,745,724,305,752
621,1023,0,430,1023,0,325,355,305,537,343,305,610,715,689,305,752
458,1023,0,397,1023,0,291,345,305,537,342,305,610,728,710,305,752
283,1023,0,143,1023,0,185,314,305,314,310,305,610,698,684,305,752
476,1023,0,577,1023,0,347,376,305,543,334,305,610,825,800,305,752
411,1023,0,417,1023,0,313,345,305,505,328,305,610,725,705,305,752
391,1023,0,293,1023,0,232,324,305,479,321,305,610,767,749,305,752
370,1023,0,196,1023,0,252,338,305,482,325,305,610,709,693,305,752
439,1023,0,381,1023,0,199,329,305,486,324,305,610,725,711,305,752
469,1023,0,415,1023,0,176,316,305,405,315,305,610,756,715,305,752
369,1023,0,185,1023,0,195,330,305,482,321,305,610,723,706,305,752
348,1023,0,239,1023,0,215,326,305,490,319,305,610,670,658,305,752
321,1023,0,146,1023,0,176,320,305,450,315,305,610,710,706,305,752
539,1023,0,322,1023,0,321,354,305,513,326,305,610,746,717,305,752
531,1023,0,333,1023,0,376,395,305,518,327,305,610,776,765,305,752
319,1023,0,171,1023,0,416,441,305,484,326,305,610,702,693,305,752
565,1023,0,390,1023,0,280,341,305,528,327,305,610,733,715,305,752
400,1023,0,257,1023,0,215,322,305,445,316,305,610,685,668,305,752
410,1023,0,284,1023,0,207,323,305,480,327,305,610,713,697,305,752
375,1023,0,199,1023,0,142,322,305,398,318,305,610,707,694,305,752
461,1023,0,371,1023,0,190,321,305,501,324,305,610,759,734,305,752
583,1023,0,417,1023,0,439,427,305,554,339,305,610,748,717,305,752
289,1023,0,236,1023,0,358,392,305,479,320,305,610,718,707,305,752
477,1023,0,276,1023,0,222,324,305,482,322,305,610,740,713,305,752
316,1023,0,266,1023,0,279,348,305,507,330,305,610,769,755,305,752
489,1023,0,244,1023,0,432,438,305,502,327,305,610,741,723,305,752
334,1023,0,231,1023,0,203,321,305,469,326,305,610,718,705,305,752
527,1023,0,579,1023,0,290,344,305,544,334,305,610,778,759,305,752
290,1023,0,284,1023,0,242,336,305,505,328,305,610,726,713,305,752
339,1023,0,205,1023,0,300,349,305,483,318,305,610,729,715,305,760
299,1023,0,410,1023,0,235,329,305,695,506,305,611,792,764,305,760
519,1023,0,457,1023,0,239,327,305,515,324,305,611,753,735,305,760
459,1023,0,673,1023,0,275,335,305,495,320,305,611,766,745,305,760
360,1023,0,216,1023,0,174,319,305,479,322,305,611,685,647,305,760
450,1023,0,246,1023,0,242,321,305,484,321,305,611,708,680,305,760
358,1023,0,248,1023,0,211,328,305,487,321,305,611,733,713,305,760
390,1023,0,230,1023,0,232,330,305,462,318,305,611,652,640,305,760
390,1023,0,369,1023,0,213,325,305,463,320,305,611,749,726,305,760
481,1023,0,701,1023,0,359,364,305,551,336,305,611,763,723,305,760
441,1023,0,409,1023,0,257,333,305,519,325,305,611,758,738,305,760
366,1023,0,255,1023,0,158,316,305,471,320,305,611,720,700,305,760
375,1023,0,261,1023,0,378,400,305,491,323,305,611,752,736,305,760
353,1023,0,202,1023,0,165,322,305,499,323,305,611,680,669,305,760
470,1023,0,353,1023,0,234,330,305,526,328,305,611,731,703,305,760
385,1023,0,256,1023,0,185,324,305,466,320,305,611,739,723,305,760
405,1023,0,286,1023,0,285,340,305,457,318,305,611,762,746,305,760
449,1023,0,278,1023,0,621,690,305,581,362,305,611,775,760,305,760
381,1023,0,342,1023,0,609,676,305,578,359,305,611,726,684,305,760
338,1023,0,158,1023,0,93,314,305,414,313,305,611,681,652,305,760
609,1023,0,627,1023,0,260,333,305,543,331,305,611,756,737,305,760
336,1023,0,177,1023,0,79,318,305,459,316,305,611,737,728,305,760
367,1023,0,235,1023,0,238,332,305,482,328,305,611,733,707,305,760
351,1023,0,307,1023,0,243,335,305,514,324,305,611,723,715,305,760
665,1023,0,555,1023,0,305,334,305,532,324,305,611,846,783,305,760
495,1023,0,342,1023,0,223,333,305,509,328,305,611,742,722,305,760
586,1023,0,561,1023,0,571,599,305,594,351,305,611,770,744,305,760
459,1023,0,377,1023,0,291,341,305,485,319,305,611,753,731,305,760
428,1023,0,231,1023,0,242,328,305,475,321,305,611,729,713,305,760
365,1023,0,248,1023,0,204,320,305,487,318,305,611,713,703,305,760
295,1023,0,156,1023,0,217,319,305,412,314,305,611,698,682,305,760
612,1023,0,836,1023,0,351,368,305,540,333,305,611,823,791,305,760
333,1023,0,198,1023,0,172,317,305,438,315,305,611,709,699,305,760
559,1023,0,358,1023,0,175,321,305,503,325,305,611,775,748,305,760
502,1023,0,322,1023,0,229,332,305,520,329,305,611,737,721,305,760
370,1023,0,302,1023,0,241,329,305,636,422,305,611,760,720,305,760
385,1023,0,193,1023,0,188,319,305,411,319,305,611,727,703,305,760
293,1023,0,157,1023,0,178,318,305,466,318,305,611,688,671,305,760
430,1023,0,271,1023,0,188,323,305,453,319,305,611,718,679,305,760
384,1023,0,264,1023,0,223,328,305,455,318,305,611,687,664,305,760
317,1023,0,137,1023,0,119,314,305,387,313,305,611,722,707,305,760
383,1023,0,210,1023,0,154,319,305,444,315,305,611,674,646,305,760
394,1023,0,311,1023,0,258,335,305,506,325,305,611,724,711,305,760
359,1023,0,260,1023,0,393,421,305,527,334,305,611,734,718,305,760
572,1023,0,721,1023,0,307,348,305,567,349,305,611,777,747,305,760
477,1023,0,449,1023,0,277,341,305,502,328,305,611,735,717,305,760
306,1023,0,181,1023,0,188,318,305,467,315,305,611,678,668,305,760
319,1023,0,149,1023,0,411,426,305,502,325,305,611,676,652,305,760
451,1023,0,300,1023,0,244,325,305,490,317,305,611,742,733,305,760
385,1023,0,202,1023,0,231,328,305,441,319,305,611,701,691,305,760
362,1023,0,174,1023,0,187,323,305,474,323,305,611,710,697,305,760
376,1023,0,226,1023,0,216,328,305,494,325,305,611,721,692,305,760
510,1023,0,304,1023,0,285,340,305,520,325,305,611,757,738,305,760
319,1023,0,260,1023,0,218,325,305,487,323,305,611,649,631,305,760
446,1023,0,311,1023,0,147,322,305,478,314,305,611,707,690,305,760
491,1023,0,337,1023,0,353,367,305,573,347,305,611,744,700,305,760
451,1023,0,385,1023,0,457,476,305,529,337,305,611,756,730,305,760
303,1023,0,179,1023,0,217,327,305,481,320,305,611,706,695,305,760
554,1023,0,363,1023,0,232,330,305,499,329,305,611,796,761,305,760
360,1023,0,272,1023,0,395,413,305,530,335,305,611,715,695,305,760
395,1023,0,218,1023,0,196,322,305,467,314,305,611,746,725,305,760
535,1023,0,365,1023,0,506,539,305,531,332,305,611,743,727,305,760
399,1023,0,421,1023,0,285,344,305,532,339,305,611,739,721,305,768
483,1023,0,400,1023,0,246,328,305,460,322,305,611,688,662,305,768
416,1023,0,327,1023,0,287,340,305,543,333,305,611,748,732,305,768
437,1023,0,258,1023,0,444,458,305,507,322,305,611,730,696,305,768
431,1023,0,284,1023,0,469,480,305,528,332,305,611,740,724,305,768
307,1023,0,292,1023,0,224,332,305,514,335,305,611,714,706,305,768
444,1023,0,300,1023,0,213,326,305,473,323,305,611,710,692,305,768
402,1023,0,272,1023,0,235,329,305,484,323,305,611,741,719,305,768
382,1023,0,289,1023,0,232,323,305,527,329,305,611,745,733,305,768
339,1023,0,349,1023,0,177,325,305,512,328,305,611,728,703,305,768
437,1023,0,256,1023,0,554,584,305,555,342,305,611,756,737,305,768
378,1023,0,356,1023,0,294,353,305,534,341,305,612,739,724,305,768
454,1023,0,252,1023,0,316,347,305,489,320,305,612,740,726,305,768
412,1023,0,277,1023,0,172,325,305,492,324,305,612,723,699,305,768
455,1023,0,386,1023,0,265,335,305,516,328,305,612,724,698,305,768
477,1023,0,482,1023,0,640,681,305,598,365,305,612,742,724,305,768
332,1023,0,268,1023,0,222,332,305,514,331,305,612,724,708,305,768
341,1023,0,147,1023,0,232,327,305,431,317,305,612,712,698,305,768
350,1023,0,176,1023,0,174,319,305,460,320,305,612,702,688,305,768
300,1023,0,295,1023,0,251,335,305,487,324,305,612,719,707,305,768
492,1023,0,377,1023,0,325,358,305,542,339,305,612,703,682,305,768
394,1023,0,254,1023,0,287,339,305,489,323,305,612,736,700,305,768
435,1023,0,245,1023,0,233,333,305,517,324,305,612,714,695,305,768
366,1023,0,217,1023,0,160,318,305,478,315,305,612,713,686,305,768
352,1023,0,212,1023,0,637,702,305,587,365,305,612,741,731,305,768
450,1023,0,247,1023,0,480,492,305,554,332,305,612,729,715,305,768
312,1023,0,131,1023,0,232,331,305,492,322,305,612,699,685,305,768
453,1023,0,319,1023,0,199,321,305,441,317,305,612,720,700,305,768
516,1023,0,553,1023,0,282,339,305,517,328,305,612,788,768,305,768
406,1023,0,364,1023,0,657,722,305,610,386,305,612,745,713,305,768
329,1023,0,288,1023,0,250,336,305,522,336,305,612,700,666,305,768
278,1023,0,227,1023,0,249,333,305,470,318,305,612,716,704,305,768
333,1023,0,261,1023,0,262,338,305,497,330,305,612,740,711,305,768
325,1023,0,168,1023,0,253,338,305,484,323,305,612,739,728,305,768
388,1023,0,294,1023,0,231,323,305,509,321,305,612,755,735,305,768
350,1023,0,208,1023,0,202,323,305,486,326,305,612,722,706,305,768
450,1023,0,454,1023,0,308,351,305,517,331,305,612,743,727,305,768
419,1023,0,329,1023,0,359,385,305,484,319,305,612,753,733,305,768
401,1023,0,331,1023,0,306,352,305,509,331,305,612,729,712,305,768
456,1023,0,334,1023,0,343,360,305,513,332,305,612,724,701,305,768
379,1023,0,278,1023,0,248,334,305,514,328,305,612,713,700,305,768
434,1023,0,435,1023,0,261,335,305,498,325,305,612,747,723,305,768
530,1023,0,603,1023,0,323,352,305,546,341,305,612,779,761,305,768
387,1023,0,183,1023,0,166,319,305,462,315,305,612,689,684,305,768
428,1023,0,319,1023,0,457,457,305,513,323,305,612,748,727,305,768
348,1023,0,254,1023,0,133,311,305,431,315,305,612,727,702,305,768
486,1023,0,250,1023,0,228,329,305,500,321,305,612,730,718,305,768
398,1023,0,213,1023,0,238,326,305,419,314,305,612,755,746,305,768
378,1023,0,379,1023,0,270,333,305,491,321,305,612,783,775,305,768
465,1023,0,405,1023,0,279,340,305,495,321,305,612,742,693,305,768
586,1023,0,503,1023,0,303,349,305,544,335,305,612,749,702,305,768
415,1023,0,284,1023,0,211,321,305,510,323,305,612,726,695,305,768
391,1023,0,288,1023,0,224,332,305,541,337,305,612,726,703,305,768
295,1023,0,211,1023,0,307,359,305,486,322,305,612,659,642,305,768
504,1023,0,399,1023,0,306,353,305,543,332,305,612,743,705,305,768
477,1023,0,269,1023,0,549,580,305,568,345,305,612,728,712,305,768
576,1023,0,610,1023,0,725,782,305,663,443,305,612,821,803,305,768
274,1023,0,207,1023,0,238,331,305,485,322,305,612,754,746,305,768
332,1023,0,194,1023,0,257,338,305,503,328,305,612,724,704,305,776
317,1023,0,154,1023,0,255,334,305,519,327,305,612,741,730,305,776
406,1023,0,188,1023,0,200,324,305,394,312,305,612,730,710,305,776
368,1023,0,267,1023,0,190,319,305,432,315,305,612,737,717,305,776
336,1023,0,182,1023,0,229,334,305,491,322,305,612,718,704,305,776
534,1023,0,488,1023,0,226,333,305,535,331,305,612,741,719,305,776
438,1023,0,417,1023,0,334,357,305,472,318,305,612,743,713,305,776
412,1023,0,281,1023,0,296,346,305,442,313,305,612,764,749,305,776
290,1023,0,122,1023,0,175,316,305,389,315,305,612,689,682,305,776
563,1023,0,376,1023,0,588,626,305,580,352,305,612,762,735,305,776
436,1023,0,270,1023,0,289,341,305,479,322,305,612,698,678,305,776
368,1023,0,355,1023,0,327,358,305,519,321,305,612,746,731,305,776
414,1023,0,336,1023,0,237,330,305,517,330,305,612,735,720,305,776
316,1023,0,164,1023,0,0,315,305,372,310,305,612,709,703,305,776
470,1023,0,302,1023,0,216,324,305,502,322,305,612,731,699,305,776
397,1023,0,377,1023,0,292,351,305,521,341,305,612,735,708,305,776
305,1023,0,207,1023,0,167,320,305,454,319,305,612,658,639,305,776
515,1023,0,355,1023,0,303,347,305,510,330,305,612,758,744,305,776
508,1023,0,343,1023,0,247,328,305,425,322,305,612,731,721,305,776
383,1023,0,268,1023,0,207,320,305,429,324,305,612,730,699,305,776
399,1023,0,245,1023,0,260,326,305,525,324,305,612,742,726,305,776
363,1023,0,319,1023,0,412,427,305,485,323,305,612,758,734,305,776
401,1023,0,198,1023,0,137,318,305,421,311,305,612,703,696,305,776
358,1023,0,209,1023,0,421,411,305,523,332,305,613,691,669,305,776
354,1023,0,235,1023,0,249,331,305,489,324,305,613,739,729,305,776
536,1023,0,490,1023,0,269,339,305,542,341,305,613,746,727,305,776
482,1023,0,374,1023,0,301,343,305,508,324,305,613,748,733,305,776
512,1023,0,311,1023,0,255,339,305,497,330,305,613,735,722,305,776
548,1023,0,682,1023,0,356,393,305,571,359,305,613,761,742,305,776
345,1023,0,303,1023,0,231,322,305,476,317,305,613,751,712,305,776
421,1023,0,258,1023,0,268,344,305,496,324,305,613,682,649,305,776
565,1023,0,430,1023,0,259,331,305,522,328,305,613,740,711,305,776
468,1023,0,284,1023,0,609,673,305,564,358,305,613,756,731,305,776
432,1023,0,253,1023,0,238,329,305,503,326,305,613,732,707,305,776
367,1023,0,188,1023,0,136,315,305,400,314,305,613,689,661,305,776
427,1023,0,261,1023,0,194,323,305,499,321,305,613,719,695,305,776
421,1023,0,292,1023,0,278,343,305,508,326,305,613,750,721,305,776
309,1023,0,351,1023,0,223,329,305,520,326,305,613,722,697,305,776
344,1023,0,247,1023,0,303,345,305,476,319,305,613,688,668,305,776
446,1023,0,394,1023,0,285,339,305,495,326,305,613,734,692,305,776
442,1023,0,498,1023,0,253,333,305,529,331,305,613,794,769,305,776
516,1023,0,437,1023,0,192,321,305,477,318,305,613,763,742,305,776
280,1023,0,131,1023,0,66,315,305,450,316,305,613,689,675,305,776
531,1023,0,559,1023,0,343,364,305,535,334,305,613,771,739,305,776
348,1023,0,284,1023,0,206,319,305,472,320,305,613,727,719,305,776
274,1023,0,152,1023,0,223,326,305,432,318,305,613,691,674,305,776
362,1023,0,183,1023,0,227,324,305,453,320,305,613,724,711,305,776
392,1023,0,285,1023,0,262,338,305,499,325,305,613,729,706,305,776
421,1023,0,372,1023,0,393,392,305,524,332,305,613,741,711,305,776
347,1023,0,179,1023,0,312,357,305,456,318,305,613,715,698,305,776
498,1023,0,394,1023,0,315,355,305,558,339,305,613,765,736,305,776
458,1023,0,373,1023,0,761,808,305,668,447,305,613,725,700,305,776
276,1023,0,197,1023,0,162,325,305,448,319,305,613,735,726,305,776
411,1023,0,221,1023,0,288,332,305,416,316,305,613,752,738,305,776
434,1023,0,385,1023,0,281,342,305,513,332,305,613,741,718,305,776
498,1023,0,333,1023,0,184,318,305,494,321,305,613,723,694,305,776
378,1023,0,212,1023,0,224,331,305,497,320,305,613,706,681,305,776
261,1023,0,467,1023,0,235,322,305,615,377,305,613,797,726,305,776
246,1023,0,122,1023,0,99,315,305,388,314,305,613,610,605,305,776
374,1023,0,339,1023,0,291,342,305,442,316,305,613,730,708,305,776
463,1023,0,407,1023,0,489,477,305,552,335,305,613,772,739,305,776
457,1023,0,245,1023,0,250,333,305,516,328,305,613,727,710,305,776
478,1023,0,535,1023,0,423,428,305,543,337,305,613,715,659,305,776
628,1023,0,569,1023,0,318,354,305,552,337,305,613,779,755,305,776
295,1023,0,188,1023,0,125,317,305,475,318,305,613,685,674,305,776
504,1023,0,421,1023,0,609,653,305,587,362,305,613,747,737,305,776
380,1023,0,274,1023,0,392,412,305,524,333,305,613,738,709,305,776
387,1023,0,194,1023,0,160,318,305,471,315,305,613,717,684,305,776
529,1023,0,378,1023,0,564,605,305,576,347,305,613,752,737,305,776
373,1023,0,316,1023,0,249,331,305,519,332,305,613,743,724,305,776
302,1023,0,175,1023,0,316,352,305,470,322,305,613,711,692,305,776
369,1023,0,225,1023,0,292,338,305,546,333,305,613,747,733,305,776
533,1023,0,269,1023,0,230,325,305,472,315,305,613,684,621,305,776
498,1023,0,296,1023,0,288,345,305,545,334,305,613,758,744,305,776
395,1023,0,193,1023,0,458,479,305,486,324,305,613,728,709,305,776
310,1023,0,153,1023,0,112,315,305,405,313,305,613,700,695,305,776
391,1023,0,304,1023,0,340,386,305,577,375,305,613,733,715,305,776
589,1023,0,454,1023,0,298,342,305,528,327,305,613,758,728,305,784
333,1023,0,416,1023,0,223,335,305,493,328,305,613,751,740,305,784
495,1023,0,548,1023,0,344,360,305,554,333,305,613,794,760,305,784
364,1023,0,280,1023,0,301,353,305,521,339,305,613,729,716,305,784
558,1023,0,630,1023,0,346,352,305,535,329,305,613,766,725,305,784
386,1023,0,256,1023,0,209,324,305,468,319,305,613,731,710,305,784
341,1023,0,169,1023,0,564,637,305,534,344,305,613,728,714,305,784
285,1023,0,184,1023,0,247,336,305,442,316,305,613,682,665,305,784
555,1023,0,365,1023,0,253,334,305,525,331,305,613,750,710,305,784
443,1023,0,266,1023,0,212,327,305,495,326,305,613,704,686,305,784
474,1023,0,753,1023,0,598,619,305,606,368,305,613,753,730,305,784
253,1023,0,288,1023,0,205,325,305,528,328,305,613,737,706,305,784
436,1023,0,265,1023,0,240,332,305,489,330,305,613,733,709,305,784
444,1023,0,325,1023,0,272,337,305,454,323,305,613,781,755,305,784
314,1023,0,160,1023,0,136,320,305,403,320,305,613,721,711,305,784
365,1023,0,268,1023,0,192,324,305,513,330,305,613,712,692,305,784
307,1023,0,121,1023,0,117,310,305,406,310,305,613,657,636,305,784
410,1023,0,169,1023,0,230,328,305,467,313,305,613,707,693,305,784
350,1023,0,381,1023,0,209,322,305,511,325,305,613,686,678,305,784
375,1023,0,441,1023,0,219,330,305,495,326,305,613,727,694,305,784
485,1023,0,326,1023,0,220,323,305,486,318,305,613,748,733,305,784
449,1023,0,290,1023,0,310,350,305,518,331,305,613,753,724,305,784
488,1023,0,352,1023,0,247,335,305,527,332,305,613,753,734,305,784
388,1023,0,367,1023,0,252,333,305,502,322,305,614,736,695,305,784
365,1023,0,246,1023,0,308,356,305,466,326,305,614,747,732,305,784
473,1023,0,322,1023,0,299,341,305,547,329,305,614,785,761,305,784
321,1023,0,189,1023,0,456,489,305,471,321,305,614,728,717,305,784
516,1023,0,260,1023,0,197,324,305,478,318,305,614,763,752,305,784
426,1023,0,237,1023,0,216,321,305,492,326,305,614,721,701,305,784
387,1023,0,307,1023,0,246,328,305,490,327,305,614,785,770,305,784
526,1023,0,442,1023,0,636,699,305,577,361,305,614,789,748,305,784
501,1023,0,454,1023,0,354,367,305,558,342,305,614,757,718,305,784
318,1023,0,370,1023,0,256,332,305,512,328,305,614,721,706,305,784
695,1023,0,452,1023,0,264,329,305,501,327,305,614,761,740,305,784
472,1023,0,306,1023,0,215,327,305,504,325,305,614,752,739,305,784
398,1023,0,238,1023,0,270,335,305,512,323,305,614,751,728,305,784
341,1023,0,263,1023,0,565,629,305,562,345,305,614,748,723,305,784
461,1023,0,368,1023,0,219,328,305,524,332,305,614,740,725,305,784
327,1023,0,319,1023,0,261,343,305,565,355,305,614,770,756,305,784
384,1023,0,297,1023,0,200,322,305,505,326,305,614,742,733,305,784
271,1023,0,125,1023,0,137,320,305,377,315,305,614,719,710,305,784
524,1023,0,335,1023,0,236,331,305,504,327,305,614,725,706,305,784
554,1023,0,318,1023,0,620,632,305,586,346,305,614,703,669,305,784
455,1023,0,258,1023,0,222,323,305,484,320,305,614,756,715,305,784
404,1023,0,236,1023,0,219,323,305,437,317,305,614,750,723,305,784
322,1023,0,163,1023,0,152,315,305,395,312,305,614,710,694,305,784
555,1023,0,357,1023,0,286,336,305,535,326,305,614,745,723,305,784
408,1023,0,195,1023,0,112,312,305,449,316,305,614,737,719,305,784
475,1023,0,436,1023,0,264,335,305,464,320,305,614,773,761,305,784
409,1023,0,206,1023,0,224,329,305,490,319,305,614,756,740,305,784
624,1023,0,664,1023,0,409,386,305,541,333,305,614,755,713,305,784
363,1023,0,283,1023,0,239,330,305,479,319,305,614,735,715,305,784
417,1023,0,308,1023,0,282,350,305,540,347,305,614,728,712,305,784
410,1023,0,260,1023,0,260,333,305,496,324,305,614,773,751,305,784
221,1023,0,136,1023,0,257,341,305,479,325,305,614,682,676,305,784
442,1023,0,416,1023,0,352,371,305,493,325,305,614,699,681,305,784
352,1023,0,352,1023,0,273,339,305,540,338,305,614,750,733,305,784
563,1023,0,634,1023,0,347,365,305,580,353,305,614,761,722,305,784
446,1023,0,319,1023,0,269,333,305,509,323,305,614,727,702,305,784
411,1023,0,276,1023,0,528,543,305,509,322,305,614,743,708,305,792
331,1023,0,229,1023,0,206,326,305,531,331,305,614,718,703,305,792
648,1023,0,429,1023,0,348,371,305,564,348,305,614,774,744,305,792
330,1023,0,232,1023,0,228,331,305,501,325,305,614,695,670,305,792
332,1023,0,300,1023,0,242,336,305,474,322,305,614,763,744,305,792
685,1023,0,565,1023,0,759,795,305,677,442,305,614,755,729,305,792
360,1023,0,245,1023,0,212,323,305,506,321,305,614,716,690,305,792
492,1023,0,463,1023,0,658,704,305,607,369,305,614,731,708,305,792
604,1023,0,421,1023,0,311,348,305,529,328,305,614,732,706,305,792
309,1023,0,479,1023,0,218,332,305,500,329,305,614,741,719,305,792
577,1023,0,630,1023,0,306,344,305,551,335,305,614,763,739,305,792
325,1023,0,338,1023,0,363,381,305,519,334,305,614,704,671,305,792
397,1023,0,217,1023,0,230,324,305,472,321,305,614,678,666,305,792
461,1023,0,270,1023,0,140,318,305,492,318,305,614,698,674,305,792
467,1023,0,486,1023,0,290,349,305,536,340,305,614,770,750,305,792
367,1023,0,213,1023,0,236,332,305,469,318,305,614,732,718,305,792
409,1023,0,272,1023,0,233,319,305,453,318,305,614,729,708,305,792
317,1023,0,140,1023,0,230,325,305,447,317,305,614,710,699,305,792
266,1023,0,149,1023,0,120,318,305,444,315,305,614,691,681,305,792
494,1023,0,294,1023,0,282,332,305,515,329,305,614,750,731,305,792
389,1023,0,257,1023,0,226,326,305,485,322,305,614,701,670,305,792
611,1023,0,528,1023,0,729,774,305,657,418,305,614,770,744,305,792
338,1023,0,264,1023,0,220,322,305,476,321,305,614,694,680,305,792
443,1023,0,353,1023,0,614,668,305,576,361,305,614,754,741,305,792
537,1023,0,312,1023,0,242,322,305,507,324,305,614,754,726,305,792
378,1023,0,280,1023,0,247,335,305,448,316,305,614,742,728,305,792
430,1023,0,255,1023,0,638,704,305,594,370,305,614,727,692,305,792
445,1023,0,359,1023,0,205,329,305,481,323,305,614,718,681,305,792
542,1023,0,514,1023,0,791,839,305,695,488,305,614,708,677,305,792
400,1023,0,210,1023,0,218,324,305,421,321,305,614,742,723,305,792
343,1023,0,327,1023,0,241,331,305,524,332,305,614,735,720,305,792
518,1023,0,578,1023,0,253,329,305,520,329,305,614,767,731,305,792
347,1023,0,246,1023,0,176,323,305,447,321,305,615,733,714,305,792
482,1023,0,361,1023,0,373,385,305,519,332,305,615,745,730,305,792
365,1023,0,297,1023,0,426,446,305,523,331,305,615,759,748,305,792
506,1023,0,418,1023,0,240,328,305,495,327,305,615,780,750,305,792
477,1023,0,396,1023,0,329,352,305,505,326,305,615,732,704,305,792
374,1023,0,257,1023,0,198,318,305,471,314,305,615,711,694,305,792
479,1023,0,420,1023,0,259,332,305,524,334,305,615,742,715,305,792
310,1023,0,146,1023,0,493,546,305,535,341,305,615,709,696,305,792
473,1023,0,296,1023,0,254,333,305,511,329,305,615,744,728,305,792
388,1023,0,294,1023,0,309,342,305,470,319,305,615,704,680,305,792
729,1023,0,597,1023,0,753,752,305,679,409,305,615,767,731,305,792
347,1023,0,374,1023,0,286,349,305,520,335,305,615,742,728,305,792
348,1023,0,330,1023,0,280,342,305,506,327,305,615,746,730,305,792
382,1023,0,300,1023,0,219,334,305,459,323,305,615,686,647,305,792
544,1023,0,377,1023,0,240,330,305,523,327,305,615,755,730,305,792
425,1023,0,399,1023,0,220,327,305,530,330,305,615,760,746,305,792
558,1023,0,359,1023,0,229,325,305,537,328,305,615,745,728,305,792
446,1023,0,335,1023,0,213,324,305,492,325,305,615,740,714,305,792
569,1023,0,395,1023,0,264,327,305,512,318,305,615,788,719,305,792
376,1023,0,222,1023,0,221,322,305,473,324,305,615,709,699,305,792
312,1023,0,136,1023,0,187,325,305,436,314,305,615,639,625,305,792
493,1023,0,461,1023,0,320,357,305,585,363,305,615,731,691,305,792
226,1023,0,178,1023,0,204,320,305,430,319,305,615,680,667,305,792
580,1023,0,326,1023,0,263,324,305,538,322,305,615,750,708,305,792
386,1023,0,279,1023,0,185,323,305,486,321,305,615,756,747,305,792
242,1023,0,149,1023,0,206,332,305,394,313,305,615,743,725,305,792
504,1023,0,282,1023,0,171,321,305,468,315,305,615,758,720,305,792
601,1023,0,436,1023,0,553,589,305,578,353,305,615,746,726,305,792
329,1023,0,275,1023,0,113,320,305,470,321,305,615,684,663,305,792
439,1023,0,518,1023,0,286,339,305,543,343,305,615,744,725,305,792
302,1023,0,246,1023,0,160,318,305,442,315,305,615,691,669,305,792
374,1023,0,203,1023,0,245,332,305,486,324,305,615,752,744,305,792
365,1023,0,200,1023,0,205,321,305,479,323,305,615,725,717,305,792
550,1023,0,504,1023,0,390,401,305,558,342,305,615,747,731,305,792
483,1023,0,462,1023,0,303,348,305,533,339,305,615,714,694,305,792
267,1023,0,184,1023,0,589,666,305,561,354,305,615,706,696,305,792
357,1023,0,230,1023,0,214,325,305,489,322,305,615,732,698,305,792
403,1023,0,271,1023,0,212,329,305,497,325,305,615,720,671,305,792
458,1023,0,387,1023,0,264,334,305,510,328,305,615,759,739,305,792
365,1023,0,243,1023,0,310,350,305,489,320,305,615,685,667,305,792
310,1023,0,216,1023,0,533,587,305,548,339,305,615,719,694,305,792
444,1023,0,447,1023,0,213,328,305,476,321,305,615,766,748,305,792
533,1023,0,520,1023,0,237,324,305,500,319,305,615,754,737,305,792
422,1023,0,230,1023,0,164,321,305,451,318,305,615,680,677,305,792
389,1023,0,218,1023,0,217,325,305,446,319,305,615,734,703,305,792
565,1023,0,430,1023,0,269,327,305,505,318,305,615,824,765,305,792
365,1023,0,319,1023,0,282,336,305,538,331,305,615,701,679,305,800
584,1023,0,340,1023,0,288,337,305,560,340,305,615,737,717,305,800
267,1023,0,177,1023,0,155,315,305,409,311,305,615,742,734,305,800
456,1023,0,424,1023,0,617,665,305,598,371,305,615,710,676,305,800
492,1023,0,339,1023,0,295,351,305,519,328,305,615,731,706,305,800
551,1023,0,440,1023,0,287,340,305,510,326,305,615,763,742,305,800
380,1023,0,268,1023,0,502,526,305,507,325,305,615,677,662,305,800
355,1023,0,325,1023,0,294,351,305,519,338,305,615,745,723,305,800
457,1023,0,313,1023,0,250,334,305,496,325,305,615,737,724,305,800
451,1023,0,435,1023,0,316,353,305,540,334,305,615,756,738,305,800
400,1023,0,369,1023,0,238,328,305,538,332,305,615,711,670,305,800
301,1023,0,192,1023,0,491,538,305,522,333,305,615,730,714,305,800
508,1023,0,396,1023,0,277,341,305,477,326,305,615,753,714,305,800
406,1023,0,404,1023,0,237,331,305,512,325,305,615,799,775,305,800
365,1023,0,273,1023,0,246,335,305,498,324,305,615,764,744,305,800
471,1023,0,247,1023,0,199,327,305,465,319,305,615,713,684,305,800
509,1023,0,502,1023,0,308,345,305,541,342,305,615,748,721,305,800
462,1023,0,322,1023,0,259,341,305,468,321,305,615,780,761,305,800
444,1023,0,296,1023,0,241,325,305,521,327,305,615,747,714,305,800
493,1023,0,294,1023,0,239,333,305,432,322,305,615,723,711,305,800
307,1023,0,272,1023,0,339,379,305,513,329,305,615,776,754,305,800
439,1023,0,313,1023,0,271,336,305,470,325,305,615,728,707,305,800
453,1023,0,372,1023,0,648,692,305,591,360,305,615,743,709,305,800
487,1023,0,340,1023,0,295,350,305,506,331,305,615,772,746,305,800
359,1023,0,248,1023,0,556,625,305,540,342,305,615,751,737,305,800
275,1023,0,152,1023,0,228,332,305,326,319,305,615,733,720,305,800
347,1023,0,240,1023,0,237,328,305,509,329,305,615,691,675,305,800
640,1023,0,567,1023,0,314,334,305,545,329,305,615,844,807,305,800
382,1023,0,468,1023,0,260,335,305,500,329,305,615,722,698,305,800
280,1023,0,157,1023,0,138,320,305,442,314,305,615,703,685,305,800
396,1023,0,261,1023,0,221,325,305,503,321,305,616,732,705,305,800
290,1023,0,260,1023,0,171,328,305,416,317,305,616,737,726,305,800
389,1023,0,233,1023,0,189,321,305,494,325,305,616,737,724,305,800
424,1023,0,245,1023,0,400,413,305,489,331,305,616,721,688,305,800
472,1023,0,433,1023,0,247,330,305,484,326,305,616,734,705,305,800
482,1023,0,338,1023,0,310,350,305,513,328,305,616,734,717,305,800
535,1023,0,353,1023,0,270,332,305,501,326,305,616,724,693,305,800
466,1023,0,300,1023,0,239,321,305,481,323,305,616,772,761,305,800
511,1023,0,364,1023,0,284,337,305,541,339,305,616,729,714,305,800
378,1023,0,309,1023,0,237,330,305,506,322,305,616,776,762,305,800
407,1023,0,359,1023,0,803,858,305,698,505,305,616,748,731,305,800
401,1023,0,214,1023,0,242,335,305,493,322,305,616,711,700,305,800
421,1023,0,330,1023,0,238,335,305,515,327,305,616,760,738,305,800
460,1023,0,285,1023,0,287,347,305,527,338,305,616,757,740,305,800
495,1023,0,593,1023,0,506,507,305,590,351,305,616,767,726,305,800
548,1023,0,629,1023,0,314,347,305,532,334,305,616,754,712,305,800
370,1023,0,273,1023,0,272,337,305,472,318,305,616,749,736,305,800
326,1023,0,153,1023,0,194,321,305,462,320,305,616,706,686,305,800
376,1023,0,301,1023,0,317,358,305,508,331,305,616,711,685,305,800
424,1023,0,288,1023,0,260,339,305,494,327,305,616,768,747,305,800
378,1023,0,273,1023,0,203,318,305,475,318,305,616,714,677,305,800
313,1023,0,193,1023,0,220,334,305,472,323,305,616,721,702,305,800
364,1023,0,284,1023,0,194,316,305,437,318,305,616,674,659,305,800
402,1023,0,226,1023,0,194,319,305,439,314,305,616,722,705,305,800
249,1023,0,326,1023,0,465,475,305,491,323,305,616,761,751,305,800
496,1023,0,428,1023,0,327,358,305,520,330,305,616,748,727,305,800
372,1023,0,378,1023,0,553,592,305,541,333,305,616,715,694,305,800
382,1023,0,299,1023,0,279,333,305,516,321,305,616,747,732,305,800
566,1023,0,372,1023,0,528,544,305,545,336,305,616,734,706,305,800
434,1023,0,434,1023,0,235,330,305,516,331,305,616,729,702,305,808
326,1023,0,209,1023,0,176,321,305,496,325,305,616,723,707,305,808
525,1023,0,487,1023,0,311,352,305,562,345,305,616,733,704,305,808
431,1023,0,343,1023,0,424,448,305,547,340,305,616,735,720,305,808
421,1023,0,301,1023,0,295,342,305,461,315,305,616,770,757,305,808
461,1023,0,322,1023,0,192,327,305,504,327,305,616,744,721,305,808
416,1023,0,264,1023,0,240,337,305,482,329,305,616,740,706,305,808
354,1023,0,243,1023,0,303,352,305,464,321,305,616,684,670,305,808
366,1023,0,319,1023,0,247,331,305,522,323,305,616,739,697,305,808
352,1023,0,186,1023,0,157,316,305,377,312,305,616,735,718,305,808
305,1023,0,226,1023,0,203,327,305,511,326,305,616,696,667,305,808
491,1023,0,252,1023,0,257,333,305,494,327,305,616,750,713,305,808
392,1023,0,287,1023,0,190,327,305,485,328,305,616,716,678,305,808
442,1023,0,330,1023,0,161,319,305,496,326,305,616,765,752,305,808
480,1023,0,339,1023,0,264,338,305,514,330,305,616,742,722,305,808
384,1023,0,244,1023,0,229,323,305,462,317,305,616,740,724,305,808
468,1023,0,445,1023,0,193,322,305,529,325,305,616,749,733,305,808
361,1023,0,206,1023,0,249,334,305,493,321,305,616,707,693,305,808
420,1023,0,287,1023,0,234,332,305,503,326,305,616,736,706,305,808
306,1023,0,223,1023,0,202,322,305,467,315,305,616,746,721,305,808
373,1023,0,292,1023,0,222,333,305,472,325,305,616,726,695,305,808
399,1023,0,234,1023,0,241,329,305,513,326,305,616,741,723,305,808
461,1023,0,385,1023,0,259,330,305,506,329,305,616,739,720,305,808
397,1023,0,340,1023,0,238,328,305,479,322,305,616,731,711,305,808
390,1023,0,273,1023,0,243,331,305,450,319,305,616,702,681,305,808
360,1023,0,270,1023,0,230,324,305,426,315,305,616,739,723,305,808
465,1023,0,372,1023,0,353,375,305,535,335,305,616,757,740,305,808
403,1023,0,294,1023,0,392,402,305,504,326,305,616,692,679,305,808
442,1023,0,283,1023,0,255,325,305,526,327,305,616,742,723,305,808
438,1023,0,286,1023,0,237,335,305,498,326,305,616,703,679,305,808
497,1023,0,436,1023,0,260,337,305,511,334,305,616,752,719,305,808
383,1023,0,250,1023,0,222,320,305,443,316,305,616,716,707,305,808
340,1023,0,188,1023,0,141,321,305,486,322,305,616,715,689,305,808
453,1023,0,505,1023,0,267,332,305,520,327,305,616,744,703,305,808
463,1023,0,342,1023,0,247,333,305,499,325,305,616,721,700,305,808
423,1023,0,216,1023,0,245,331,305,489,325,305,617,736,707,305,808
532,1023,0,475,1023,0,309,351,305,512,332,305,617,745,731,305,808
381,1023,0,312,1023,0,239,327,305,482,321,305,617,756,742,305,808
403,1023,0,284,1023,0,215,334,305,482,329,305,617,701,686,305,808
429,1023,0,286,1023,0,216,323,305,461,316,305,617,771,754,305,808
265,1023,0,204,1023,0,303,357,305,465,318,305,617,688,673,305,808
417,1023,0,511,1023,0,256,339,305,515,333,305,617,738,712,305,808
469,1023,0,311,1023,0,394,404,305,507,321,305,617,710,693,305,808
327,1023,0,329,1023,0,238,335,305,389,315,305,617,719,702,305,808
393,1023,0,362,1023,0,204,322,305,462,321,305,617,728,713,305,808
521,1023,0,278,1023,0,244,327,305,514,326,305,617,747,721,305,808
595,1023,0,375,1023,0,310,346,305,540,339,305,617,760,738,305,808
340,1023,0,187,1023,0,174,318,305,480,316,305,617,718,704,305,808
450,1023,0,274,1023,0,131,314,305,460,316,305,617,675,639,305,808
544,1023,0,345,1023,0,214,325,305,531,327,305,617,775,758,305,808
438,1023,0,408,1023,0,407,404,305,524,330,305,617,744,720,305,816
434,1023,0,164,1023,0,269,335,305,509,320,305,617,756,745,305,816
386,1023,0,228,1023,0,179,324,305,479,330,305,617,736,727,305,816
364,1023,0,232,1023,0,224,326,305,481,324,305,617,745,731,305,816
487,1023,0,561,1023,0,271,335,305,523,332,305,617,773,740,305,816
422,1023,0,257,1023,0,215,317,305,470,315,305,617,714,669,305,816
319,1023,0,193,1023,0,154,316,305,467,312,305,617,683,658,305,816
313,1023,0,223,1023,0,236,324,305,450,322,305,617,698,672,305,816
372,1023,0,263,1023,0,315,366,305,534,339,305,617,749,734,305,816
402,1023,0,250,1023,0,216,325,305,500,322,305,617,729,700,305,816
487,1023,0,394,1023,0,272,336,305,532,331,305,617,735,701,305,816
293,1023,0,210,1023,0,123,319,305,485,326,305,617,745,719,305,816
476,1023,0,372,1023,0,230,326,305,540,335,305,617,752,733,305,816
313,1023,0,163,1023,0,147,318,305,395,311,305,617,694,682,305,816
412,1023,0,255,1023,0,195,321,305,451,319,305,617,712,668,305,816
502,1023,0,397,1023,0,250,331,305,497,323,305,617,790,768,305,816
314,1023,0,162,1023,0,218,328,305,379,314,305,617,712,698,305,816
265,1023,0,157,1023,0,224,330,305,448,320,305,617,667,651,305,816
460,1023,0,291,1023,0,244,335,305,513,327,305,617,736,707,305,816
393,1023,0,286,1023,0,251,335,305,489,319,305,617,736,725,305,816
385,1023,0,301,1023,0,227,326,305,490,321,305,617,692,673,305,816
469,1023,0,380,1023,0,264,335,305,530,330,305,617,755,733,305,816
508,1023,0,366,1023,0,291,344,305,512,328,305,617,761,747,305,816
384,1023,0,145,1023,0,174,321,305,457,313,305,617,701,692,305,816
538,1023,0,424,1023,0,350,372,305,523,330,305,617,743,728,305,816
608,1023,0,559,1023,0,277,340,305,512,329,305,617,773,739,305,816
383,1023,0,301,1023,0,232,330,305,486,323,305,617,768,751,305,816
587,1023,0,413,1023,0,239,327,305,484,324,305,617,741,724,305,816
578,1023,0,412,1023,0,454,446,305,559,338,305,617,743,709,305,816
508,1023,0,319,1023,0,226,320,305,532,331,305,617,740,712,305,816
477,1023,0,290,1023,0,221,324,305,499,321,305,617,733,720,305,816
422,1023,0,301,1023,0,261,335,305,475,321,305,617,739,724,305,816
274,1023,0,353,1023,0,216,324,305,533,336,305,617,758,706,305,816
379,1023,0,338,1023,0,271,336,305,486,324,305,617,752,729,305,816
450,1023,0,347,1023,0,402,409,305,517,328,305,617,717,704,305,816
446,1023,0,363,1023,0,392,407,305,506,330,305,617,761,748,305,816
415,1023,0,313,1023,0,295,344,305,521,334,305,617,738,719,305,816
397,1023,0,281,1023,0,180,322,305,523,326,305,617,730,713,305,816
681,1023,0,693,1023,0,387,398,305,582,364,305,617,785,760,305,816
548,1023,0,373,1023,0,259,336,305,511,328,305,617,755,743,305,816
452,1023,0,377,1023,0,299,341,305,492,323,305,617,750,728,305,816
311,1023,0,216,1023,0,177,318,305,469,315,305,617,699,670,305,816
337,1023,0,197,1023,0,427,453,305,460,318,305,617,729,709,305,816
567,1023,0,564,1023,0,537,582,305,558,342,305,617,810,787,305,816
392,1023,0,294,1023,0,240,330,305,486,320,305,617,716,690,305,816
342,1023,0,177,1023,0,172,319,305,459,313,305,617,697,680,305,816
349,1023,0,152,1023,0,155,314,305,466,315,305,617,760,749,305,816
435,1023,0,274,1023,0,187,323,305,497,324,305,617,727,712,305,816
519,1023,0,337,1023,0,282,342,305,518,336,305,617,738,717,305,816
608,1023,0,363,1023,0,247,323,305,532,326,305,617,766,748,305,816
412,1023,0,221,1023,0,237,328,305,404,313,305,617,763,748,305,816
488,1023,0,473,1023,0,761,807,305,685,471,305,617,745,722,305,816
446,1023,0,269,1023,0,343,360,305,494,321,305,617,742,729,305,816
474,1023,0,557,1023,0,231,332,305,514,329,305,617,758,730,305,816
444,1023,0,374,1023,0,258,338,305,509,327,305,617,762,742,305,816
500,1023,0,437,1023,0,384,397,305,551,347,305,617,756,729,305,816
390,1023,0,297,1023,0,206,329,305,493,323,305,617,730,720,305,816
465,1023,0,332,1023,0,196,320,305,455,316,305,617,749,731,305,824
436,1023,0,260,1023,0,211,324,305,495,323,305,617,744,723,305,824
419,1023,0,227,1023,0,223,325,305,472,322,305,617,722,714,305,824
386,1023,0,256,1023,0,278,337,305,507,326,305,617,735,713,305,824
427,1023,0,171,1023,0,195,322,305,493,322,305,617,680,670,305,824
484,1023,0,308,1023,0,253,337,305,517,328,305,617,766,749,305,824
289,1023,0,158,1023,0,409,442,305,515,330,305,617,714,704,305,824
321,1023,0,152,1023,0,84,319,305,440,312,305,617,696,691,305,824
405,1023,0,274,1023,0,242,333,305,486,326,305,617,734,723,305,824
470,1023,0,423,1023,0,220,330,305,513,327,305,617,751,733,305,824
476,1023,0,396,1023,0,234,328,305,514,327,305,617,751,731,305,824
485,1023,0,306,1023,0,225,323,305,509,321,305,618,744,708,305,824
525,1023,0,590,1023,0,288,338,305,516,327,305,618,777,749,305,824
622,1023,0,479,1023,0,265,338,305,519,329,305,618,754,733,305,824
404,1023,0,324,1023,0,246,330,305,520,328,305,618,725,694,305,824
373,1023,0,274,1023,0,198,330,305,510,330,305,618,743,722,305,824
312,1023,0,261,1023,0,213,330,305,484,332,305,618,689,668,305,824
332,1023,0,179,1023,0,175,319,305,413,316,305,618,679,671,305,824
505,1023,0,406,1023,0,232,329,305,501,320,305,618,756,715,305,824
448,1023,0,295,1023,0,257,330,305,471,320,305,618,762,737,305,824
433,1023,0,351,1023,0,453,475,305,515,327,305,618,744,730,305,824
443,1023,0,324,1023,0,279,342,305,520,333,305,618,708,676,305,824
428,1023,0,206,1023,0,268,334,305,467,317,305,618,704,686,305,824
464,1023,0,331,1023,0,252,340,305,502,324,305,618,736,707,305,824
626,1023,0,279,1023,0,322,351,305,525,329,305,618,751,712,305,824
354,1023,0,287,1023,0,210,324,305,504,323,305,618,730,699,305,824
508,1023,0,414,1023,0,248,333,305,536,330,305,618,730,715,305,824
433,1023,0,506,1023,0,397,397,305,522,332,305,618,760,722,305,824
424,1023,0,244,1023,0,217,318,305,459,314,305,618,744,729,305,824
577,1023,0,524,1023,0,279,336,305,524,332,305,618,764,721,305,824
261,1023,0,174,1023,0,218,326,305,513,334,305,618,687,665,305,824
422,1023,0,241,1023,0,233,323,305,505,325,305,618,741,725,305,824
453,1023,0,424,1023,0,306,344,305,533,329,305,618,801,767,305,824
343,1023,0,293,1023,0,245,329,305,466,320,305,618,717,702,305,824
417,1023,0,268,1023,0,231,324,305,479,323,305,618,719,686,305,824
460,1023,0,354,1023,0,161,315,305,454,319,305,618,774,750,305,824
286,1023,0,199,1023,0,205,328,305,461,318,305,618,727,713,305,824
416,1023,0,299,1023,0,257,335,305,489,326,305,618,701,679,305,824
348,1023,0,231,1023,0,196,322,305,446,319,305,618,760,742,305,824
337,1023,0,148,1023,0,164,319,305,479,323,305,618,691,677,305,824
314,1023,0,152,1023,0,215,328,305,418,319,305,618,695,666,305,824
417,1023,0,272,1023,0,203,332,305,487,328,305,618,757,744,305,824
314,1023,0,154,1023,0,326,358,305,530,332,305,618,718,695,305,824
565,1023,0,659,1023,0,400,394,305,559,339,305,618,787,726,305,824
561,1023,0,552,1023,0,307,341,305,573,343,305,618,759,730,305,824
438,1023,0,241,1023,0,328,354,305,450,323,305,618,713,688,305,824
384,1023,0,219,1023,0,110,319,305,481,322,305,618,713,701,305,824
266,1023,0,160,1023,0,191,330,305,480,322,305,618,686,674,305,824
468,1023,0,330,1023,0,232,326,305,508,324,305,618,733,715,305,824
490,1023,0,326,1023,0,311,344,305,476,317,305,618,736,710,305,824
403,1023,0,240,1023,0,615,666,305,573,352,305,618,713,693,305,824
610,1023,0,636,1023,0,352,379,305,595,363,305,618,759,719,305,824
430,1023,0,281,1023,0,296,364,305,539,344,305,618,773,760,305,824
433,1023,0,306,1023,0,234,331,305,502,330,305,618,731,710,305,824
433,1023,0,322,1023,0,196,324,305,488,326,305,618,724,686,305,824
445,1023,0,353,1023,0,251,334,305,468,324,305,618,725,712,305,824
371,1023,0,245,1023,0,217,327,305,449,319,305,618,707,689,305,824
364,1023,0,423,1023,0,232,332,305,493,322,305,618,764,738,305,824
405,1023,0,305,1023,0,202,326,305,489,320,305,618,738,720,305,824
420,1023,0,309,1023,0,273,336,305,485,325,305,618,740,719,305,824
540,1023,0,520,1023,0,327,351,305,550,335,305,618,754,711,305,824
432,1023,0,403,1023,0,238,330,305,506,324,305,618,760,738,305,824
503,1023,0,446,1023,0,281,334,305,529,330,305,618,712,648,305,824
233,1023,0,351,1023,0,247,332,305,524,332,305,618,632,574,305,824
477,1023,0,363,1023,0,771,813,305,682,457,305,618,743,716,305,824
399,1023,0,351,1023,0,246,333,305,507,328,305,618,732,702,305,824
390,1023,0,366,1023,0,254,328,305,469,321,305,618,712,687,305,824
365,1023,0,217,1023,0,710,782,305,643,429,305,618,691,676,305,824
486,1023,0,252,1023,0,230,326,305,451,320,305,618,755,729,305,824
408,1023,0,221,1023,0,220,319,305,439,316,305,618,711,694,305,824
347,1023,0,191,1023,0,219,321,305,464,322,305,618,740,732,305,824
372,1023,0,308,1023,0,225,331,305,505,324,305,618,742,729,305,832
589,1023,0,489,1023,0,555,580,305,556,342,305,618,726,702,305,832
368,1023,0,232,1023,0,165,319,305,472,321,305,618,716,690,305,832
471,1023,0,292,1023,0,270,333,305,520,331,305,618,720,690,305,832
359,1023,0,274,1023,0,349,365,305,513,322,305,618,757,743,305,832
492,1023,0,441,1023,0,285,343,305,500,332,305,618,750,732,305,832
515,1023,0,438,1023,0,297,355,305,538,339,305,618,744,724,305,832
496,1023,0,237,1023,0,207,328,305,446,317,305,618,741,706,305,832
514,1023,0,475,1023,0,422,423,305,527,333,305,618,748,724,305,832
492,1023,0,355,1023,0,277,337,305,502,323,305,618,764,732,305,832
377,1023,0,347,1023,0,249,337,305,529,339,305,618,734,702,305,832
571,1023,0,297,1023,0,468,469,305,524,324,305,618,752,719,305,832
455,1023,0,398,1023,0,272,334,305,531,334,305,618,707,657,305,832
417,1023,0,259,1023,0,230,335,305,469,321,305,618,716,701,305,832
338,1023,0,156,1023,0,23,318,305,469,318,305,618,749,741,305,832
401,1023,0,267,1023,0,234,330,305,475,324,305,618,755,745,305,832
332,1023,0,187,1023,0,216,338,305,489,328,305,618,735,722,305,832
282,1023,0,130,1023,0,206,325,305,443,317,305,618,697,688,305,832
410,1023,0,328,1023,0,237,330,305,485,319,305,618,729,715,305,832
390,1023,0,209,1023,0,203,327,305,472,320,305,618,711,696,305,832
305,1023,0,191,1023,0,193,324,305,465,318,305,618,720,697,305,832
549,1023,0,460,1023,0,287,340,305,517,327,305,618,762,720,305,832
279,1023,0,167,1023,0,203,324,305,479,316,305,618,697,685,305,832
462,1023,0,293,1023,0,174,321,305,525,334,305,618,760,743,305,832
415,1023,0,249,1023,0,230,325,305,479,321,305,619,727,704,305,832
284,1023,0,385,1023,0,184,315,305,543,332,305,619,743,700,305,832
423,1023,0,433,1023,0,265,337,305,511,327,305,619,741,710,305,832
394,1023,0,403,1023,0,522,549,305,567,347,305,619,764,740,305,832
550,1023,0,419,1023,0,219,324,305,536,332,305,619,763,747,305,832
318,1023,0,202,1023,0,157,326,305,425,326,305,619,693,681,305,832
325,1023,0,315,1023,0,232,325,305,497,322,305,619,760,747,305,832
337,1023,0,251,1023,0,250,336,305,455,317,305,619,710,684,305,832
296,1023,0,220,1023,0,443,476,305,498,324,305,619,695,688,305,832
413,1023,0,186,1023,0,236,321,305,494,321,305,619,753,738,305,832
477,1023,0,269,1023,0,222,323,305,502,319,305,619,722,697,305,832
466,1023,0,278,1023,0,235,330,305,497,328,305,619,714,678,305,832
446,1023,0,392,1023,0,225,324,305,488,320,305,619,732,689,305,832
476,1023,0,319,1023,0,265,332,305,516,332,305,619,720,697,305,832
283,1023,0,383,1023,0,244,336,305,521,331,305,619,720,703,305,832
360,1023,0,207,1023,0,183,327,305,482,321,305,619,734,713,305,832
372,1023,0,230,1023,0,177,319,305,495,322,305,619,731,714,305,832
442,1023,0,438,1023,0,267,337,305,533,333,305,619,746,713,305,832
429,1023,0,225,1023,0,496,499,305,531,325,305,619,743,714,305,832
335,1023,0,394,1023,0,356,382,305,496,327,305,619,700,683,305,832
306,1023,0,184,1023,0,262,330,305,461,315,305,619,690,677,305,832
439,1023,0,368,1023,0,136,318,305,474,322,305,619,721,686,305,832
346,1023,0,315,1023,0,215,328,305,495,323,305,619,728,702,305,832
460,1023,0,268,1023,0,206,324,305,468,323,305,619,694,675,305,832
467,1023,0,263,1023,0,185,320,305,455,316,305,619,732,715,305,832
609,1023,0,454,1023,0,294,343,305,531,332,305,619,750,727,305,840
415,1023,0,280,1023,0,219,324,305,505,332,305,619,719,691,305,840
380,1023,0,427,1023,0,215,332,305,553,340,305,619,743,718,305,840
437,1023,0,345,1023,0,547,596,305,540,335,305,619,749,719,305,840
458,1023,0,247,1023,0,579,619,305,542,336,305,619,706,682,305,840
446,1023,0,325,1023,0,256,333,305,505,331,305,619,721,696,305,840
409,1023,0,255,1023,0,277,339,305,512,332,305,619,732,719,305,840
503,1023,0,290,1023,0,221,325,305,521,326,305,619,663,626,305,840
398,1023,0,382,1023,0,226,325,305,468,314,305,619,765,753,305,840
507,1023,0,417,1023,0,320,345,305,541,332,305,619,766,751,305,840
413,1023,0,252,1023,0,243,330,305,425,316,305,619,722,714,305,840
363,1023,0,262,1023,0,152,316,305,435,317,305,619,680,659,305,840
425,1023,0,306,1023,0,224,328,305,509,329,305,619,753,736,305,840
614,1023,0,441,1023,0,268,337,305,555,336,305,619,756,739,305,840
424,1023,0,374,1023,0,264,333,305,518,327,305,619,727,696,305,840
324,1023,0,296,1023,0,235,334,305,499,322,305,619,707,689,305,840
386,1023,0,171,1023,0,38,313,305,393,311,305,619,699,669,305,840
454,1023,0,318,1023,0,232,331,305,499,322,305,619,721,703,305,840
342,1023,0,173,1023,0,550,611,305,553,343,305,619,732,705,305,840
375,1023,0,355,1023,0,343,367,305,581,357,305,619,773,750,305,840
353,1023,0,289,1023,0,535,586,305,553,341,305,619,751,726,305,840
512,1023,0,311,1023,0,220,324,305,495,316,305,619,743,704,305,840
518,1023,0,499,1023,0,539,557,305,582,356,305,619,762,740,305,840
384,1023,0,274,1023,0,289,339,305,507,329,305,619,700,669,305,840
338,1023,0,210,1023,0,174,319,305,484,318,305,619,726,717,305,840
649,1023,0,723,1023,0,307,338,305,584,352,305,619,761,724,305,840
506,1023,0,340,1023,0,267,336,305,528,332,305,619,732,713,305,840
428,1023,0,488,1023,0,263,334,305,533,329,305,619,730,698,305,840
508,1023,0,392,1023,0,315,348,305,558,336,305,619,732,711,305,840
501,1023,0,351,1023,0,228,331,305,515,332,305,619,752,736,305,840
371,1023,0,377,1023,0,222,324,305,544,339,305,619,715,682,305,840
499,1023,0,415,1023,0,347,372,305,541,344,305,619,757,717,305,840
465,1023,0,347,1023,0,238,321,305,484,327,305,619,728,714,305,840
567,1023,0,675,1023,0,282,327,305,525,323,305,619,739,693,305,840
511,1023,0,545,1023,0,402,408,305,605,367,305,619,794,772,305,840
303,1023,0,349,1023,0,265,344,305,523,335,305,619,750,719,305,840
511,1023,0,345,1023,0,295,342,305,474,318,305,619,733,721,305,840
567,1023,0,445,1023,0,260,332,305,520,329,305,619,784,760,305,840
346,1023,0,229,1023,0,177,317,305,480,316,305,619,703,688,305,840
357,1023,0,156,1023,0,123,312,305,462,319,305,619,672,663,305,840
349,1023,0,247,1023,0,230,325,305,446,315,305,619,743,721,305,840
492,1023,0,391,1023,0,219,328,305,433,314,305,619,756,726,305,840
363,1023,0,243,1023,0,191,329,305,480,325,305,619,707,680,305,840
711,1023,0,772,1023,0,359,381,305,580,364,305,619,777,740,305,840
789,1023,0,773,1023,0,339,348,305,578,336,305,619,791,711,305,840
370,1023,0,220,1023,0,231,329,305,474,318,305,619,729,699,305,840
421,1023,0,395,1023,0,226,334,305,433,318,305,619,755,742,305,840
441,1023,0,398,1023,0,208,324,305,497,326,305,620,768,741,305,840
351,1023,0,218,1023,0,246,331,305,438,313,305,620,722,714,305,840
406,1023,0,398,1023,0,415,419,305,556,342,305,620,732,691,305,840
321,1023,0,239,1023,0,314,365,305,528,340,305,620,678,661,305,840
434,1023,0,372,1023,0,395,402,305,548,336,305,620,731,702,305,840
451,1023,0,254,1023,0,236,325,305,468,319,305,620,753,734,305,840
428,1023,0,297,1023,0,205,324,305,482,318,305,620,724,695,305,840
440,1023,0,320,1023,0,227,326,305,477,319,305,620,782,755,305,840
257,1023,0,125,1023,0,53,311,305,482,320,305,620,639,620,305,848
524,1023,0,373,1023,0,430,424,305,541,329,305,620,708,675,305,848
452,1023,0,287,1023,0,251,337,305,530,335,305,620,749,738,305,848
271,1023,0,267,1023,0,268,339,305,501,329,305,620,739,718,305,848
777,1023,0,601,1023,0,357,371,305,573,353,305,620,753,717,305,848
442,1023,0,503,1023,0,265,330,305,584,358,305,620,738,716,305,848
386,1023,0,277,1023,0,198,327,305,498,325,305,620,745,727,305,848
403,1023,0,383,1023,0,243,336,305,518,325,305,620,730,709,305,848
306,1023,0,160,1023,0,158,318,305,452,318,305,620,712,701,305,848
491,1023,0,361,1023,0,231,333,305,496,325,305,620,760,720,305,848
446,1023,0,260,1023,0,233,333,305,483,324,305,620,754,723,305,848
401,1023,0,431,1023,0,220,325,305,516,333,305,620,703,693,305,848
306,1023,0,162,1023,0,205,324,305,502,322,305,620,703,666,305,848
483,1023,0,394,1023,0,503,512,305,526,335,305,620,725,696,305,848
379,1023,0,341,1023,0,207,328,305,486,327,305,620,700,662,305,848
453,1023,0,296,1023,0,274,336,305,500,322,305,620,735,710,305,848
307,1023,0,212,1023,0,178,317,305,415,314,305,620,703,695,305,848
440,1023,0,420,1023,0,246,326,305,507,325,305,620,725,701,305,848
528,1023,0,584,1023,0,290,347,305,552,343,305,620,768,745,305,848
425,1023,0,414,1023,0,458,468,305,520,331,305,620,724,696,305,848
429,1023,0,250,1023,0,236,327,305,492,322,305,620,698,683,305,848
598,1023,0,413,1023,0,442,408,305,550,333,305,620,755,741,305,848
425,1023,0,295,1023,0,213,328,305,507,324,305,620,767,734,305,848
398,1023,0,183,1023,0,186,322,305,470,312,305,620,753,737,305,848
424,1023,0,369,1023,0,215,323,305,473,320,305,620,747,719,305,848
411,1023,0,334,1023,0,241,333,305,468,320,305,620,749,731,305,848
375,1023,0,219,1023,0,189,324,305,488,325,305,620,700,689,305,848
458,1023,0,292,1023,0,265,331,305,498,322,305,620,702,686,305,848
393,1023,0,335,1023,0,250,330,305,487,327,305,620,708,683,305,848
472,1023,0,413,1023,0,219,320,305,528,331,305,620,723,703,305,848
381,1023,0,257,1023,0,248,333,305,460,318,305,620,726,701,305,848
499,1023,0,416,1023,0,487,499,305,529,336,305,620,736,697,305,848
285,1023,0,129,1023,0,252,338,305,398,312,305,620,700,685,305,848
543,1023,0,409,1023,0,318,337,305,508,329,305,620,747,716,305,848
436,1023,0,354,1023,0,663,718,305,611,382,305,620,726,705,305,848
430,1023,0,258,1023,0,206,326,305,488,325,305,620,727,697,305,848
407,1023,0,230,1023,0,239,331,305,502,324,305,620,705,687,305,848
262,1023,0,177,1023,0,211,326,305,447,318,305,620,750,728,305,848
529,1023,0,410,1023,0,331,359,305,531,338,305,620,742,699,305,848
574,1023,0,487,1023,0,324,353,305,514,321,305,620,761,739,305,848
548,1023,0,467,1023,0,280,331,305,555,332,305,620,793,745,305,848
484,1023,0,410,1023,0,279,343,305,527,334,305,620,803,777,305,848
350,1023,0,231,1023,0,507,560,305,561,350,305,620,747,724,305,848
456,1023,0,409,1023,0,253,330,305,506,328,305,620,742,727,305,848
468,1023,0,376,1023,0,295,340,305,530,332,305,620,745,721,305,848
438,1023,0,319,1023,0,292,348,305,503,324,305,620,725,702,305,848
307,1023,0,221,1023,0,195,322,305,493,329,305,620,707,677,305,848
317,1023,0,172,1023,0,660,728,305,601,377,305,620,718,695,305,848
405,1023,0,290,1023,0,531,570,305,549,334,305,620,732,715,305,848
385,1023,0,395,1023,0,275,345,305,583,367,305,620,691,677,305,848
334,1023,0,286,1023,0,301,347,305,502,322,305,620,702,685,305,856
449,1023,0,213,1023,0,216,328,305,455,320,305,620,738,711,305,856
377,1023,0,310,1023,0,260,330,305,475,320,305,620,749,735,305,856
306,1023,0,231,1023,0,195,322,305,488,324,305,620,673,663,305,856
259,1023,0,312,1023,0,199,317,305,550,334,305,620,803,763,305,856
402,1023,0,269,1023,0,181,324,305,492,323,305,620,714,704,305,856
281,1023,0,117,1023,0,145,315,305,354,311,305,620,696,684,305,856
358,1023,0,184,1023,0,135,311,305,561,340,305,620,662,638,305,856
381,1023,0,368,1023,0,233,330,305,486,321,305,620,729,695,305,856
442,1023,0,214,1023,0,219,321,305,468,321,305,620,746,725,305,856
446,1023,0,241,1023,0,199,323,305,500,325,305,620,714,687,305,856
452,1023,0,235,1023,0,306,348,305,409,317,305,620,753,728,305,856
383,1023,0,304,1023,0,202,322,305,458,320,305,620,699,681,305,856
408,1023,0,409,1023,0,657,710,305,620,382,305,620,759,715,305,856
426,1023,0,342,1023,0,205,325,305,485,323,305,620,758,740,305,856
304,1023,0,169,1023,0,246,328,305,492,324,305,620,684,667,305,856
311,1023,0,310,1023,0,200,328,305,511,329,305,620,734,714,305,856
459,1023,0,369,1023,0,249,330,305,518,333,305,620,752,725,305,856
479,1023,0,311,1023,0,847,901,305,731,567,305,620,733,709,305,856
459,1023,0,243,1023,0,242,334,305,508,327,305,620,728,696,305,856
558,1023,0,390,1023,0,301,347,305,547,339,305,621,718,688,305,856
299,1023,0,213,1023,0,196,321,305,468,320,305,621,695,650,305,856
350,1023,0,136,1023,0,183,321,305,429,316,305,621,663,639,305,856
402,1023,0,343,1023,0,233,332,305,476,325,305,621,742,722,305,856
582,1023,0,394,1023,0,285,339,305,508,325,305,621,794,760,305,856
412,1023,0,196,1023,0,272,339,305,477,321,305,621,722,684,305,856
404,1023,0,296,1023,0,247,331,305,519,325,305,621,728,704,305,856
411,1023,0,287,1023,0,303,350,305,464,320,305,621,736,722,305,856
601,1023,0,576,1023,0,299,345,305,560,347,305,621,756,717,305,856
369,1023,0,186,1023,0,218,327,305,449,322,305,621,719,711,305,856
313,1023,0,132,1023,0,122,314,305,0,312,305,621,657,645,305,856
369,1023,0,191,1023,0,124,318,305,420,313,305,621,745,712,305,856
523,1023,0,367,1023,0,511,517,305,545,335,305,621,771,726,305,856
473,1023,0,354,1023,0,388,394,305,558,342,305,621,771,745,305,856
472,1023,0,403,1023,0,200,326,305,454,316,305,621,745,730,305,856
406,1023,0,297,1023,0,295,349,305,484,321,305,621,722,681,305,856
454,1023,0,456,1023,0,262,341,305,506,337,305,621,715,698,305,856
424,1023,0,304,1023,0,530,555,305,544,331,305,621,779,764,305,856
463,1023,0,398,1023,0,248,332,305,514,325,305,621,748,697,305,856
300,1023,0,185,1023,0,219,326,305,459,319,305,621,705,690,305,856
474,1023,0,461,1023,0,258,339,305,534,329,305,621,729,694,305,856
446,1023,0,401,1023,0,255,330,305,523,331,305,621,673,642,305,856
413,1023,0,256,1023,0,210,317,305,402,311,305,621,782,761,305,856
414,1023,0,405,1023,0,261,337,305,533,334,305,621,719,680,305,856
423,1023,0,226,1023,0,231,330,305,509,324,305,621,735,717,305,856
532,1023,0,544,1023,0,306,345,305,542,338,305,621,756,687,305,856
331,1023,0,352,1023,0,187,319,305,523,331,305,621,717,676,305,864
398,1023,0,339,1023,0,223,322,305,405,316,305,621,735,715,305,864
347,1023,0,355,1023,0,312,356,305,509,329,305,621,736,719,305,864
266,1023,0,129,1023,0,165,316,305,458,312,305,621,682,673,305,864
473,1023,0,446,1023,0,244,329,305,490,319,305,621,733,702,305,864
416,1023,0,248,1023,0,471,489,305,525,334,305,621,761,740,305,864
543,1023,0,459,1023,0,258,330,305,554,340,305,621,759,743,305,864
413,1023,0,269,1023,0,246,330,305,498,326,305,621,749,717,305,864
379,1023,0,453,1023,0,262,334,305,501,329,305,621,757,743,305,864
403,1023,0,205,1023,0,187,319,305,435,320,305,621,736,721,305,864
424,1023,0,293,1023,0,165,314,305,461,315,305,621,717,668,305,864
475,1023,0,358,1023,0,511,512,305,526,334,305,621,743,720,305,864
407,1023,0,482,1023,0,238,331,305,580,359,305,621,781,762,305,864
525,1023,0,224,1023,0,260,336,305,510,329,305,621,734,708,305,864
473,1023,0,340,1023,0,603,648,305,566,348,305,621,764,738,305,864
368,1023,0,335,1023,0,645,719,305,587,380,305,621,723,708,305,864
413,1023,0,328,1023,0,272,340,305,479,324,305,621,716,678,305,864
520,1023,0,328,1023,0,680,742,305,625,392,305,621,754,731,305,864
482,1023,0,464,1023,0,257,329,305,524,335,305,621,775,753,305,864
357,1023,0,326,1023,0,221,327,305,503,327,305,621,701,683,305,864
408,1023,0,269,1023,0,287,344,305,492,322,305,621,671,646,305,864
374,1023,0,277,1023,0,270,339,305,509,330,305,621,763,722,305,864
391,1023,0,182,1023,0,192,326,305,448,319,305,621,728,700,305,864
425,1023,0,245,1023,0,458,484,305,537,339,305,621,765,751,305,864
446,1023,0,285,1023,0,511,544,305,539,336,305,621,741,720,305,864
505,1023,0,304,1023,0,550,594,305,552,338,305,621,760,742,305,864
465,1023,0,252,1023,0,203,326,305,454,316,305,621,716,686,305,864
318,1023,0,221,1023,0,378,407,305,526,346,305,621,743,726,305,864
466,1023,0,255,1023,0,164,316,305,432,315,305,621,745,720,305,864
416,1023,0,285,1023,0,184,325,305,503,329,305,621,733,721,305,864
307,1023,0,131,1023,0,241,329,305,402,318,305,621,692,684,305,864
270,1023,0,111,1023,0,216,331,305,475,320,305,621,691,679,305,864
384,1023,0,286,1023,0,156,320,305,489,320,305,621,682,663,305,1008
270,1023,0,111,1023,0,87,317,305,418,313,305,621,675,661,305,1008
436,1023,0,428,1023,0,266,338,305,528,335,305,621,724,707,305,1008
515,1023,0,404,1023,0,303,350,305,532,337,305,621,715,700,305,1008
400,1023,0,236,1023,0,178,318,305,452,318,305,621,718,707,305,1016
494,1023,0,430,1023,0,280,338,305,533,332,305,621,816,792,305,1016
425,1023,0,341,1023,0,219,331,305,511,323,305,621,771,757,305,1016
478,1023,0,383,1023,0,216,328,305,492,326,305,621,726,700,305,1016
399,1023,0,209,1023,0,253,333,305,423,320,305,621,711,697,305,1016
368,1023,0,261,1023,0,206,326,305,457,320,305,621,750,730,305,1016
598,1023,0,467,1023,0,549,553,305,595,349,305,621,771,748,305,1016
393,1023,0,227,1023,0,241,327,305,472,320,305,621,664,648,305,1016
399,1023,0,292,1023,0,281,343,305,492,325,305,621,721,702,305,1016
432,1023,0,258,1023,0,438,438,305,508,325,305,621,717,704,305,1016
433,1023,0,405,1023,0,250,335,305,456,321,305,621,736,690,305,1016
462,1023,0,597,1023,0,297,348,305,562,351,305,621,771,743,305,1016
323,1023,0,190,1023,0,167,323,305,483,323,305,621,732,718,305,1016
403,1023,0,188,1023,0,225,328,305,470,320,305,621,721,699,305,1016
364,1023,0,185,1023,0,233,326,305,444,323,305,621,707,697,305,1016
426,1023,0,389,1023,0,353,374,305,526,338,305,621,763,738,305,1016
504,1023,0,357,1023,0,405,418,305,509,330,305,621,741,719,305,1016
351,1023,0,238,1023,0,206,319,305,445,319,305,621,711,694,305,1016
232,1023,0,163,1023,0,153,322,305,470,320,305,622,705,694,305,1016
198,1023,0,193,1023,0,215,325,305,473,320,305,622,729,725,305,1016
300,1023,0,129,1023,0,134,319,305,510,330,305,622,767,763,305,1016
297,1023,0,306,1023,0,235,334,305,568,356,305,622,704,690,305,1016
428,1023,0,293,1023,0,174,323,305,407,317,305,622,744,703,305,1016
548,1023,0,599,1023,0,332,364,305,547,346,305,622,777,755,305,1016
418,1023,0,249,1023,0,250,330,305,514,327,305,622,743,714,305,1016
356,1023,0,221,1023,0,165,320,305,503,324,305,622,712,681,305,1016
424,1023,0,368,1023,0,229,328,305,494,320,305,622,754,731,305,1016
358,1023,0,358,1023,0,250,333,305,519,326,305,622,687,655,305,1016
627,1023,0,742,1023,0,271,333,305,546,335,305,622,784,740,305,1016
353,1023,0,161,1023,0,234,336,305,417,316,305,622,733,720,305,1016
346,1023,0,267,1023,0,222,329,305,493,327,305,622,715,694,305,1016
580,1023,0,580,1023,0,349,364,305,560,345,305,622,757,722,305,1016
460,1023,0,375,1023,0,339,361,305,484,323,305,622,723,703,305,1016
286,1023,0,182,1023,0,107,318,305,433,319,305,622,692,676,305,1016
301,1023,0,199,1023,0,269,338,305,466,324,305,622,717,698,305,1016
464,1023,0,417,1023,0,297,350,305,518,334,305,622,699,683,305,1016
295,1023,0,117,1023,0,77,313,305,438,313,305,622,662,654,305,1016
402,1023,0,234,1023,0,238,329,305,478,318,305,622,732,716,305,1016
380,1023,0,254,1023,0,251,332,305,484,324,305,622,720,709,305,1016
331,1023,0,221,1023,0,175,318,305,476,316,305,622,688,665,305,1016
265,1023,0,98,1023,0,75,310,305,397,311,305,622,640,622,305,1016
287,1023,0,205,1023,0,170,322,305,484,319,305,622,689,676,305,1016
364,1023,0,212,1023,0,241,323,305,455,317,305,622,724,709,305,1016
380,1023,0,228,1023,0,203,324,305,514,330,305,622,719,690,305,1016
473,1023,0,289,1023,0,208,320,305,462,323,305,622,706,691,305,1016
457,1023,0,403,1023,0,298,343,305,522,331,305,622,755,724,305,1016
436,1023,0,317,1023,0,122,322,305,488,324,305,622,716,675,305,1016
376,1023,0,253,1023,0,159,319,305,460,314,305,622,699,687,305,1016
442,1023,0,319,1023,0,237,331,305,494,325,305,622,753,714,305,1016
363,1023,0,383,1023,0,210,321,305,516,327,305,622,735,702,305,1016
336,1023,0,166,1023,0,536,593,305,533,333,305,622,699,692,305,1016
466,1023,0,380,1023,0,225,330,305,514,329,305,622,754,718,305,1016
319,1023,0,188,1023,0,402,424,305,482,321,305,622,731,708,305,1016
364,1023,0,322,1023,0,183,322,305,458,320,305,622,738,723,305,1016
555,1023,0,455,1023,0,331,361,305,546,336,305,622,748,730,305,1016
485,1023,0,266,1023,0,340,365,305,502,323,305,622,717,694,305,1016
396,1023,0,309,1023,0,281,346,305,508,326,305,622,732,718,305,1016
561,1023,0,539,1023,0,805,848,305,704,501,305,622,765,732,305,1016
429,1023,0,336,1023,0,262,334,305,517,328,305,622,732,713,305,1016
486,1023,0,296,1023,0,237,327,305,533,331,305,622,729,691,305,1016
573,1023,0,479,1023,0,626,675,305,604,366,305,622,746,721,305,1016
364,1023,0,271,1023,0,265,334,305,420,313,305,622,710,699,305,1016
517,1023,0,401,1023,0,261,336,305,534,333,305,622,765,714,305,1016
380,1023,0,175,1023,0,99,313,305,402,314,305,622,704,694,305,1016
360,1023,0,194,1023,0,281,337,305,490,323,305,622,712,689,305,1016
374,1023,0,196,1023,0,230,333,305,501,327,305,622,734,722,305,1016
255,1023,0,116,1023,0,201,330,305,521,335,305,622,734,705,305,1016
350,1023,0,236,1023,0,169,323,305,470,321,305,622,708,692,305,1016
732,1023,0,528,1023,0,402,378,305,542,329,305,622,741,685,305,1016
325,1023,0,153,1023,0,163,319,305,395,311,305,622,712,683,305,1016
439,1023,0,243,1023,0,186,326,305,472,315,305,622,728,700,305,1016
400,1023,0,183,1023,0,156,314,305,418,314,305,622,698,688,305,1016
383,1023,0,431,1023,0,299,346,305,529,337,305,622,752,729,305,1023
425,1023,0,413,1023,0,308,334,305,526,327,305,622,748,726,305,1023
337,1023,0,290,1023,0,287,345,305,499,329,305,622,735,717,305,1023
358,1023,0,287,1023,0,213,324,305,512,328,305,622,704,667,305,1023
485,1023,0,491,1023,0,264,335,305,516,328,305,622,760,740,305,1023
508,1023,0,316,1023,0,230,326,305,499,327,305,622,740,721,305,1023
539,1023,0,372,1023,0,285,337,305,526,328,305,622,766,734,305,1023
503,1023,0,515,1023,0,238,335,305,513,324,305,622,743,716,305,1023
414,1023,0,251,1023,0,218,329,305,488,321,305,622,731,694,305,1023
367,1023,0,255,1023,0,126,316,305,284,311,305,622,745,715,305,1023
607,1023,0,535,1023,0,369,374,305,577,349,305,622,785,751,305,1023
378,1023,0,259,1023,0,553,617,305,532,339,305,622,711,685,305,1023
678,1023,0,531,1023,0,325,357,305,526,338,305,622,774,735,305,1023
439,1023,0,246,1023,0,247,337,305,500,331,305,623,735,706,305,1023
277,1023,0,151,1023,0,353,375,305,489,322,305,623,736,728,305,1023
574,1023,0,579,1023,0,471,475,305,558,342,305,623,763,729,305,1023
401,1023,0,266,1023,0,178,319,305,504,320,305,623,721,706,305,1023
502,1023,0,413,1023,0,251,330,305,460,318,305,623,739,720,305,1023
473,1023,0,277,1023,0,546,602,305,604,382,305,623,719,689,305,1023
367,1023,0,226,1023,0,258,332,305,476,320,305,623,665,652,305,1023
640,1023,0,636,1023,0,398,389,305,541,332,305,623,759,734,305,1023
602,1023,0,421,1023,0,603,652,305,588,358,305,623,778,751,305,1023
616,1023,0,324,1023,0,234,321,305,510,324,305,623,751,712,305,1023
326,1023,0,159,1023,0,71,313,305,397,315,305,623,675,652,305,1023
394,1023,0,190,1023,0,265,342,305,506,332,305,623,718,690,305,1023
444,1023,0,336,1023,0,289,341,305,522,330,305,623,762,740,305,1023
350,1023,0,249,1023,0,276,340,305,482,315,305,623,720,700,305,1023
258,1023,0,179,1023,0,203,327,305,496,324,305,623,730,722,305,1023
